proteinid,method,start,end,length,rna_class,position,signature,uniprot_accession,frac_A,frac_C,frac_D,frac_E,frac_F,frac_G,frac_H,frac_I,frac_K,frac_L,frac_M,frac_N,frac_P,frac_Q,frac_R,frac_S,frac_T,frac_V,frac_W,frac_Y,frac_polar,frac_hydrophobic,frac_strong_hydro,frac_aromatic,frac_disorder,frac_positive,frac_negative,fcr,ncpr,frac_GS,n_RG_motifs,RG_repeat_cluster,RG_repeat_region,n_SR_motifs,SR_repeat_cluster,SR_repeat_region,n_GS_motifs,GS_repeat_cluster,GS_repeat_region,polar_n_runs,polar_mean_run_length,polar_max_run_length,polar_mean_gap,polar_cv_gap,polar_label,hydrophobic_n_runs,hydrophobic_mean_run_length,hydrophobic_max_run_length,hydrophobic_mean_gap,hydrophobic_cv_gap,hydrophobic_label,aromatic_n_runs,aromatic_mean_run_length,aromatic_max_run_length,aromatic_mean_gap,aromatic_cv_gap,aromatic_label,disorder_n_runs,disorder_mean_run_length,disorder_max_run_length,disorder_mean_gap,disorder_cv_gap,disorder_label,charged_n_runs,charged_mean_run_length,charged_max_run_length,charged_mean_gap,charged_cv_gap,charged_label,cooc_positive_aromatic,uniprot_length,coverage_per_lcr
Q9Y2T7|ensembl_protein_id=ENSP00000007699|entry=YBOX2_HUMAN|source=pfam27|protein_name=Y-box-binding,SEG,39,55,17,mRNA,domain_adjacent,disorder_rich_spacer_region,Q9Y2T7,0.2941176470588235,0.0,0.0,0.0,0.0,0.5294117647058824,0.0,0.0,0.05882352941176471,0.0,0.0,0.0,0.05882352941176471,0.0,0.0,0.05882352941176471,0.0,0.0,0.0,0.0,0.1176470588235294,0.8823529411764706,0.0,0.0,1.0,0.05882352941176471,0.0,0.05882352941176471,0.05882352941176471,0.5882352941176471,0,0,False,0,0,False,1,0,False,2,1.0,1,11.0,0.0,dispersed,3,5.0,12,1.0,0.0,compact,0,,0,,,insufficient,1,17.0,17,,,compact,1,1.0,1,,,dispersed,0.0,364.0,0.046703296703296704
Q9H6S0|ensembl_protein_id=ENSP00000161863|entry=YTDC2_HUMAN|source=pfam27|protein_name=3'-5',SEG,13,30,18,mRNA,domain_adjacent,disorder_rich_spacer_region,Q9H6S0,0.05555555555555555,0.05555555555555555,0.0,0.0,0.0,0.6111111111111112,0.0,0.0,0.0,0.0,0.0,0.0,0.2222222222222222,0.0,0.0,0.05555555555555555,0.0,0.0,0.0,0.0,0.05555555555555555,0.7222222222222222,0.0,0.0,0.9444444444444444,0.0,0.0,0.0,0.0,0.6666666666666666,0,0,False,0,0,False,0,0,False,1,1.0,1,,,dispersed,4,3.25,7,1.666666666666667,0.565685424949238,dispersed,0,,0,,,insufficient,2,8.5,12,1.0,0.0,compact,0,,0,,,insufficient,0.0,1430.0,0.012587412587412588
Q8N1G1|ensembl_protein_id=ENSP00000170168|entry=REXO1_HUMAN|source=pfam27|protein_name=RNA,SEG,571,592,22,pre-rRNA,unclassified_no_pfam,polar_linker,Q8N1G1,0.09090909090909091,0.0,0.0,0.0,0.0,0.0,0.0,0.0,0.04545454545454546,0.0,0.0,0.0,0.2272727272727273,0.0,0.0,0.5909090909090909,0.04545454545454546,0.0,0.0,0.0,0.6818181818181818,0.1818181818181818,0.0,0.0,0.9545454545454546,0.04545454545454546,0.0,0.04545454545454546,0.04545454545454546,0.5909090909090909,0,0,False,0,0,False,0,0,False,4,3.75,12,2.333333333333333,0.4040610178208843,dispersed,3,1.333333333333333,2,8.0,0.25,dispersed,0,,0,,,insufficient,2,10.5,19,1.0,0.0,compact,1,1.0,1,,,dispersed,0.0,1221.0,0.018018018018018018
Q9BRR8|ensembl_protein_id=ENSP00000170564|entry=GPTC1_HUMAN|source=pfam27|protein_name=G,SEG,893,909,17,mRNA,distal_terminal,acidic_region,Q9BRR8,0.0,0.0,0.1764705882352941,0.1176470588235294,0.0,0.0,0.0,0.0,0.05882352941176471,0.0,0.0,0.0,0.0,0.05882352941176471,0.0,0.5882352941176471,0.0,0.0,0.0,0.0,1.0,0.05882352941176471,0.0,0.0,0.8235294117647058,0.05882352941176471,0.2941176470588235,0.3529411764705883,-0.2352941176470588,0.5882352941176471,0,0,False,0,0,False,0,0,False,1,17.0,17,,,compact,1,1.0,1,,,dispersed,0,,0,,,insufficient,4,3.5,8,1.0,0.0,dispersed,5,1.2,2,2.75,0.3015113445777636,dispersed,0.0,931.0,0.018259935553168637
Q9H501|ensembl_protein_id=ENSP00000202816|entry=ESF1_HUMAN|source=pfam27|protein_name=ESF1,SEG,267,297,31,pre-rRNA,distal_terminal,acidic_region,Q9H501,0.0,0.0,0.4516129032258064,0.3548387096774194,0.0,0.06451612903225806,0.0,0.0,0.03225806451612903,0.0,0.0,0.0,0.0,0.0,0.0,0.0967741935483871,0.0,0.0,0.0,0.0,0.9354838709677419,0.0967741935483871,0.0,0.0,0.5483870967741935,0.03225806451612903,0.8064516129032258,0.8387096774193549,-0.7741935483870968,0.1612903225806452,0,0,False,0,0,False,1,0,False,2,14.5,26,1.0,0.0,compact,3,1.0,1,13.0,0.7692307692307693,dispersed,0,,0,,,insufficient,9,1.888888888888889,3,1.625,0.5273580461846957,dispersed,4,6.5,17,1.333333333333333,0.3535533905932738,dispersed,0.0,851.0,0.036427732079905996
Q8N8D1|ensembl_protein_id=ENSP00000204549|entry=PDCD7_HUMAN|source=pfam27|protein_name=Programmed,SEG,235,251,17,snRNA,unclassified_no_pfam,arginine_rich_rna_contact_region,Q8N8D1,0.05882352941176471,0.0,0.0,0.1176470588235294,0.0,0.0,0.0,0.0,0.0,0.1764705882352941,0.0,0.0,0.0,0.0,0.5882352941176471,0.0,0.0,0.05882352941176471,0.0,0.0,0.7058823529411765,0.2941176470588235,0.2352941176470588,0.0,0.7647058823529411,0.5882352941176471,0.1176470588235294,0.7058823529411765,0.4705882352941176,0.0,0,0,False,0,0,False,0,0,False,5,2.4,4,1.0,0.0,dispersed,5,1.0,1,2.5,0.447213595499958,dispersed,0,,0,,,insufficient,5,2.6,4,1.0,0.0,dispersed,5,2.4,4,1.0,0.0,dispersed,0.0,485.0,0.03505154639175258
O15371|ensembl_protein_id=ENSP00000216190|entry=EIF3D_HUMAN|source=pfam27|protein_name=Eukaryotic,SEG,529,546,18,mRNA,domain_adjacent,acidic_region,O15371,0.0,0.0,0.1111111111111111,0.8333333333333334,0.0,0.0,0.0,0.0,0.0,0.0,0.0,0.0,0.0,0.0,0.0,0.05555555555555555,0.0,0.0,0.0,0.0,1.0,0.0,0.0,0.0,0.8888888888888888,0.0,0.9444444444444444,0.9444444444444444,-0.9444444444444444,0.05555555555555555,0,0,False,0,0,False,0,0,False,1,18.0,18,,,compact,0,,0,,,insufficient,0,,0,,,insufficient,3,5.333333333333333,14,1.0,0.0,compact,1,17.0,17,,,compact,0.0,548.0,0.032846715328467155
Q86U42|ensembl_protein_id=ENSP00000216727|entry=PABP2_HUMAN|source=pfam27|protein_name=Polyadenylate-binding,SEG,1,15,15,mRNA,distal_terminal,disorder_rich_spacer_region,Q86U42,0.8,0.0,0.0,0.0,0.0,0.1333333333333333,0.0,0.0,0.0,0.0,0.06666666666666667,0.0,0.0,0.0,0.0,0.0,0.0,0.0,0.0,0.0,0.0,1.0,0.06666666666666667,0.0,0.9333333333333333,0.0,0.0,0.0,0.0,0.1333333333333333,0,0,False,0,0,False,0,0,False,0,,0,,,insufficient,1,15.0,15,,,compact,0,,0,,,insufficient,1,14.0,14,,,compact,0,,0,,,insufficient,0.0,306.0,0.049019607843137254
Q86U42|ensembl_protein_id=ENSP00000216727|entry=PABP2_HUMAN|source=pfam27|protein_name=Polyadenylate-binding,SEG,49,80,32,mRNA,distal_terminal,acidic_region,Q86U42,0.03125,0.0,0.0,0.40625,0.0,0.03125,0.0,0.0,0.0,0.15625,0.0,0.0,0.28125,0.0,0.0625,0.03125,0.0,0.0,0.0,0.0,0.5,0.21875,0.15625,0.0,0.84375,0.0625,0.40625,0.46875,-0.34375,0.0625,1,0,False,0,0,False,0,0,False,10,1.6,4,1.333333333333333,0.5,dispersed,4,1.75,3,8.0,0.7071067811865476,dispersed,0,,0,,,insufficient,4,6.75,18,1.666666666666667,0.565685424949238,dispersed,11,1.363636363636364,3,1.3,0.4925480182640653,dispersed,0.0,306.0,0.10457516339869281
Q9H307|ensembl_protein_id=ENSP00000216832|entry=PININ_HUMAN|source=pfam27|protein_name=Pinin,SEG,569,637,69,mRNA,unclassified_no_pfam,sr_rs_repeat_region,Q9H307,0.0,0.0,0.01449275362318841,0.01449275362318841,0.0,0.05797101449275362,0.0,0.0,0.02898550724637681,0.0,0.0,0.0,0.0,0.0,0.1014492753623188,0.7246376811594203,0.05797101449275362,0.0,0.0,0.0,0.9420289855072463,0.1449275362318841,0.0,0.0,0.927536231884058,0.1304347826086956,0.02898550724637681,0.1594202898550725,0.1014492753623188,0.782608695652174,1,0,False,7,3,True,3,0,False,4,16.25,24,1.0,0.0,dispersed,9,1.111111111111111,2,7.375,0.6845023900443618,dispersed,0,,0,,,insufficient,6,10.66666666666667,24,1.0,0.0,dispersed,10,1.1,2,6.333333333333333,1.345969668688887,dispersed,0.0,717.0,0.09623430962343096
P14866|ensembl_protein_id=ENSP00000221419|entry=HNRPL_HUMAN|source=pfam27|protein_name=Heterogeneous,SEG,38,55,18,mRNA,domain_adjacent,aromatic_sticker_region,P14866,0.05555555555555555,0.0,0.0,0.05555555555555555,0.0,0.6666666666666666,0.0,0.0,0.0,0.0,0.0,0.0,0.0,0.0,0.05555555555555555,0.05555555555555555,0.0,0.0,0.0,0.1111111111111111,0.2777777777777778,0.8333333333333334,0.1111111111111111,0.1111111111111111,0.8888888888888888,0.05555555555555555,0.05555555555555555,0.1111111111111111,0.0,0.7222222222222222,0,0,False,0,0,False,1,0,False,2,2.5,3,3.0,0.0,dispersed,3,5.0,8,1.5,0.3333333333333333,compact,1,2.0,2,,,dispersed,2,8.0,9,2.0,0.0,compact,2,1.0,1,6.0,0.0,dispersed,0.2857142857142857,589.0,0.030560271646859084
P14866|ensembl_protein_id=ENSP00000221419|entry=HNRPL_HUMAN|source=pfam27|protein_name=Heterogeneous,SEG,70,88,19,mRNA,domain_adjacent,disorder_rich_spacer_region,P14866,0.1578947368421053,0.0,0.0,0.0,0.0,0.7894736842105263,0.05263157894736842,0.0,0.0,0.0,0.0,0.0,0.0,0.0,0.0,0.0,0.0,0.0,0.0,0.0,0.05263157894736842,1.0,0.0,0.05263157894736842,0.9473684210526315,0.0,0.0,0.0,0.0,0.7894736842105263,0,0,False,0,0,False,0,0,False,1,1.0,1,,,dispersed,1,19.0,19,,,compact,1,1.0,1,,,dispersed,1,18.0,18,,,compact,0,,0,,,insufficient,0.0,589.0,0.03225806451612903
Q15428|ensembl_protein_id=ENSP00000221494|entry=SF3A2_HUMAN|source=pfam27|protein_name=Splicing,SEG,250,265,16,snRNA,domain_adjacent,disorder_rich_spacer_region,Q15428,0.0,0.0,0.0,0.0,0.0,0.125,0.0,0.0,0.0,0.1875,0.0625,0.0,0.5625,0.0,0.0,0.0625,0.0,0.0,0.0,0.0,0.0625,0.375,0.25,0.0,0.75,0.0,0.0,0.0,0.0,0.1875,0,0,False,0,0,False,0,0,False,1,1.0,1,,,dispersed,4,1.5,3,2.666666666666667,0.6373774391990982,dispersed,0,,0,,,insufficient,5,2.4,7,1.0,0.0,dispersed,0,,0,,,insufficient,0.0,464.0,0.034482758620689655
Q9NW13|ensembl_protein_id=ENSP00000223073|entry=RBM28_HUMAN|source=pfam27|protein_name=RNA-binding,SEG,223,243,21,snRNA,interdomain_linker,acidic_region,Q9NW13,0.0,0.0,0.4285714285714285,0.4285714285714285,0.0,0.0,0.0,0.0,0.0,0.0,0.04761904761904762,0.04761904761904762,0.0,0.0,0.04761904761904762,0.0,0.0,0.0,0.0,0.0,0.9523809523809523,0.04761904761904762,0.04761904761904762,0.0,0.4761904761904762,0.04761904761904762,0.8571428571428571,0.9047619047619048,-0.8095238095238095,0.0,0,0,False,0,0,False,0,0,False,2,10.0,15,1.0,0.0,compact,1,1.0,1,,,dispersed,0,,0,,,insufficient,3,3.333333333333333,4,5.5,0.6363636363636364,dispersed,3,6.333333333333333,10,1.0,0.0,compact,0.0,759.0,0.02766798418972332
Q7Z417|ensembl_protein_id=ENSP00000225388|entry=NUFP2_HUMAN|source=pfam27|protein_name=FMR1-interacting,SEG,6,34,29,mRNA,distal_terminal,aromatic_sticker_region,Q7Z417,0.0,0.0,0.0,0.0,0.0,0.03448275862068965,0.4482758620689655,0.0,0.0,0.0,0.0,0.0,0.1724137931034483,0.3103448275862069,0.0,0.03448275862068965,0.0,0.0,0.0,0.0,0.7931034482758621,0.4827586206896552,0.0,0.4482758620689655,0.5517241379310345,0.0,0.0,0.0,0.0,0.06896551724137931,0,0,False,0,0,False,0,0,False,6,3.833333333333333,8,1.0,0.0,dispersed,5,2.8,4,3.75,0.7859884081701064,dispersed,4,3.25,4,3.333333333333333,0.9899494936611665,dispersed,4,4.0,8,3.0,0.0,dispersed,0,,0,,,insufficient,0.0,695.0,0.041726618705035974
Q7Z417|ensembl_protein_id=ENSP00000225388|entry=NUFP2_HUMAN|source=pfam27|protein_name=FMR1-interacting,SEG,372,385,14,mRNA,domain_intrinsic,disorder_rich_spacer_region,Q7Z417,0.0,0.0,0.0,0.0,0.0,0.0,0.0,0.0,0.0,0.0,0.0,0.07142857142857142,0.07142857142857142,0.0,0.0,0.7142857142857143,0.07142857142857142,0.07142857142857142,0.0,0.0,0.8571428571428571,0.1428571428571428,0.07142857142857142,0.0,0.7857142857142857,0.0,0.0,0.0,0.0,0.7142857142857143,0,0,False,0,0,False,0,0,False,3,4.0,8,1.0,0.0,compact,2,1.0,1,2.0,0.0,dispersed,0,,0,,,insufficient,3,3.666666666666667,7,1.0,0.0,compact,0,,0,,,insufficient,0.0,695.0,0.02014388489208633
Q9NY12|ensembl_protein_id=ENSP00000226796|entry=GAR1_HUMAN|source=pfam27|protein_name=H/ACA,SEG,2,23,22,snoRNA,domain_adjacent,rg_rgg_repeat_region,Q9NY12,0.0,0.0,0.0,0.0,0.1363636363636364,0.5454545454545454,0.0,0.0,0.0,0.0,0.0,0.09090909090909091,0.0,0.0,0.1818181818181818,0.04545454545454546,0.0,0.0,0.0,0.0,0.3181818181818182,0.6818181818181818,0.1363636363636364,0.1363636363636364,0.7727272727272727,0.1818181818181818,0.0,0.1818181818181818,0.1818181818181818,0.5909090909090909,4,4,True,0,0,False,0,0,False,5,1.4,2,3.5,0.6226998490772392,dispersed,5,3.0,7,1.5,0.3333333333333333,dispersed,3,1.0,1,7.5,0.06666666666666667,dispersed,4,4.25,7,1.666666666666667,0.282842712474619,dispersed,4,1.0,1,5.0,0.4320493798938574,dispersed,0.5,217.0,0.10138248847926268
Q9NY12|ensembl_protein_id=ENSP00000226796|entry=GAR1_HUMAN|source=pfam27|protein_name=H/ACA,SEG,28,58,31,snoRNA,domain_adjacent,rg_rgg_repeat_region,Q9NY12,0.0,0.0,0.0,0.0,0.1290322580645161,0.6451612903225806,0.03225806451612903,0.0,0.0,0.0,0.0,0.03225806451612903,0.0,0.0,0.1612903225806452,0.0,0.0,0.0,0.0,0.0,0.2258064516129032,0.8064516129032258,0.1290322580645161,0.1612903225806452,0.8064516129032258,0.1612903225806452,0.0,0.1612903225806452,0.1612903225806452,0.6451612903225806,5,4,True,0,0,False,0,0,False,7,1.0,1,3.5,0.769309258162072,dispersed,7,3.571428571428572,9,1.0,0.0,dispersed,4,1.25,2,8.666666666666666,0.196116135138184,dispersed,3,8.333333333333334,10,1.5,0.3333333333333333,dispersed,5,1.0,1,5.25,0.6370994362028406,dispersed,0.64,217.0,0.14285714285714285
Q9NY12|ensembl_protein_id=ENSP00000226796|entry=GAR1_HUMAN|source=pfam27|protein_name=H/ACA,SEG,168,215,48,snoRNA,domain_adjacent,rg_rgg_repeat_region,Q9NY12,0.0,0.0,0.0,0.0,0.0625,0.6666666666666666,0.0,0.0,0.0,0.0,0.0,0.0,0.02083333333333333,0.0,0.25,0.0,0.0,0.0,0.0,0.0,0.25,0.7291666666666666,0.0625,0.0625,0.9375,0.25,0.0,0.25,0.25,0.6666666666666666,11,11,True,0,0,False,0,0,False,12,1.0,1,3.181818181818182,0.4797958749641905,dispersed,11,3.181818181818182,7,1.0,0.0,dispersed,3,1.0,1,8.5,0.1764705882352941,dispersed,4,11.25,25,1.0,0.0,dispersed,12,1.0,1,3.181818181818182,0.4797958749641905,dispersed,0.6216216216216216,217.0,0.22119815668202766
Q5XG87|ensembl_protein_id=ENSP00000230859|entry=PAPD7_HUMAN|source=pfam27|protein_name=Terminal,SEG,104,116,13,diverse,distal_terminal,disorder_rich_spacer_region,Q5XG87,0.0,0.0,0.0,0.0,0.0,0.0,0.0,0.0,0.07692307692307693,0.07692307692307693,0.0,0.0,0.07692307692307693,0.0,0.0,0.7692307692307693,0.0,0.0,0.0,0.0,0.8461538461538461,0.1538461538461539,0.07692307692307693,0.0,0.9230769230769231,0.07692307692307693,0.0,0.07692307692307693,0.07692307692307693,0.7692307692307693,0,0,False,0,0,False,0,0,False,3,3.666666666666667,8,1.0,0.0,compact,2,1.0,1,3.0,0.0,dispersed,0,,0,,,insufficient,2,6.0,8,1.0,0.0,compact,1,1.0,1,,,dispersed,0.0,792.0,0.016414141414141416
Q4ZG55|ensembl_protein_id=ENSP00000234142|entry=GREB1_HUMAN|source=pfam38|protein_name=Protein,SEG,1216,1231,16,unknown,domain_intrinsic,disorder_rich_spacer_region,Q4ZG55,0.0,0.0625,0.0,0.0,0.0,0.0625,0.0,0.0,0.0,0.0625,0.0,0.0,0.0,0.0625,0.0,0.6875,0.0625,0.0,0.0,0.0,0.8125,0.25,0.0625,0.0,0.8125,0.0,0.0,0.0,0.0,0.75,0,0,False,0,0,False,1,0,False,4,3.25,4,1.0,0.0,dispersed,4,1.0,1,2.666666666666667,0.3535533905932738,dispersed,0,,0,,,insufficient,3,4.333333333333333,9,1.0,0.0,compact,0,,0,,,insufficient,0.0,1949.0,0.008209338122113904
Q13247|ensembl_protein_id=ENSP00000244020|entry=SRSF6_HUMAN|source=pfam27|protein_name=Serine/arginine-rich,SEG,187,229,43,mRNA,domain_adjacent,sr_rs_repeat_region,Q13247,0.0,0.0,0.0,0.0,0.0,0.02325581395348837,0.02325581395348837,0.02325581395348837,0.02325581395348837,0.0,0.0,0.0,0.0,0.0,0.4418604651162791,0.4418604651162791,0.0,0.0,0.0,0.02325581395348837,0.9534883720930233,0.1162790697674419,0.04651162790697674,0.04651162790697674,0.9302325581395349,0.4651162790697674,0.0,0.4651162790697674,0.4651162790697674,0.4651162790697674,0,0,False,16,16,True,1,0,False,3,13.66666666666667,25,1.0,0.0,compact,5,1.0,1,7.5,1.351542328847553,dispersed,2,1.0,1,3.0,0.0,dispersed,3,13.33333333333333,27,1.0,0.0,compact,16,1.25,3,1.466666666666667,0.7413412013772768,dispersed,0.1470588235294118,344.0,0.125
Q13247|ensembl_protein_id=ENSP00000244020|entry=SRSF6_HUMAN|source=pfam27|protein_name=Serine/arginine-rich,SEG,323,342,20,mRNA,distal_terminal,sr_rs_repeat_region,Q13247,0.0,0.0,0.0,0.0,0.0,0.0,0.0,0.0,0.05,0.0,0.0,0.0,0.0,0.0,0.35,0.55,0.05,0.0,0.0,0.0,1.0,0.1,0.0,0.0,0.95,0.4,0.0,0.4,0.4,0.55,0,0,False,7,7,True,0,0,False,1,20.0,20,,,compact,2,1.0,1,9.0,0.0,dispersed,0,,0,,,insufficient,1,19.0,19,,,compact,8,1.0,1,1.0,0.0,dispersed,0.0,344.0,0.05813953488372093
Q8WVK2|ensembl_protein_id=ENSP00000244227|entry=SNR27_HUMAN|source=pfam27|protein_name=U4/U6.U5,SEG,2,17,16,snRNA,distal_terminal,sr_rs_repeat_region,Q8WVK2,0.0,0.0,0.0,0.0625,0.0,0.0625,0.0,0.0,0.0,0.0,0.0,0.0,0.0625,0.0,0.5625,0.25,0.0,0.0,0.0,0.0,0.875,0.0625,0.0,0.0,1.0,0.5625,0.0625,0.625,0.5,0.3125,0,0,False,4,4,True,0,0,False,2,7.0,8,1.0,0.0,compact,1,1.0,1,,,dispersed,0,,0,,,insufficient,1,16.0,16,,,compact,5,2.0,6,1.25,0.3464101615137755,dispersed,0.0,155.0,0.1032258064516129
Q8WVK2|ensembl_protein_id=ENSP00000244227|entry=SNR27_HUMAN|source=pfam27|protein_name=U4/U6.U5,SEG,9,44,36,snRNA,distal_terminal,sr_rs_repeat_region,Q8WVK2,0.0,0.0,0.02777777777777778,0.1388888888888889,0.0,0.0,0.0,0.0,0.0,0.0,0.0,0.0,0.02777777777777778,0.0,0.5833333333333334,0.1944444444444444,0.02777777777777778,0.0,0.0,0.0,0.9722222222222222,0.02777777777777778,0.0,0.0,0.9444444444444444,0.5833333333333334,0.1666666666666667,0.75,0.4166666666666667,0.1944444444444444,0,0,False,7,7,True,0,0,False,1,35.0,35,,,compact,1,1.0,1,,,dispersed,0,,0,,,insufficient,3,11.33333333333333,17,1.0,0.0,compact,7,3.857142857142857,10,1.333333333333333,0.5590169943749476,dispersed,0.0,155.0,0.23225806451612904
Q8WVK2|ensembl_protein_id=ENSP00000244227|entry=SNR27_HUMAN|source=pfam27|protein_name=U4/U6.U5,SEG,37,58,22,snRNA,domain_adjacent,sr_rs_repeat_region,Q8WVK2,0.0,0.0,0.04545454545454546,0.0,0.0,0.0,0.09090909090909091,0.0,0.0,0.0,0.0,0.0,0.09090909090909091,0.0,0.5454545454545454,0.2272727272727273,0.0,0.0,0.0,0.0,0.9090909090909091,0.09090909090909091,0.0,0.09090909090909091,0.8636363636363636,0.5454545454545454,0.04545454545454546,0.5909090909090909,0.5,0.2272727272727273,0,0,False,5,5,True,0,0,False,3,6.666666666666667,9,1.0,0.0,compact,2,1.0,1,9.0,0.0,dispersed,2,1.0,1,9.0,0.0,dispersed,3,6.333333333333333,9,1.0,0.0,compact,7,1.857142857142857,4,1.5,0.5091750772173156,dispersed,0.3888888888888889,155.0,0.14193548387096774
P09234|ensembl_protein_id=ENSP00000244520|entry=RU1C_HUMAN|source=pfam27|protein_name=U1,SEG,96,117,22,snRNA,distal_terminal,proline_rich_disordered_region,P09234,0.0,0.0,0.0,0.0,0.0,0.2272727272727273,0.04545454545454546,0.0,0.0,0.0,0.3181818181818182,0.0,0.3636363636363636,0.0,0.0,0.0,0.0,0.04545454545454546,0.0,0.0,0.04545454545454546,0.6363636363636364,0.3636363636363636,0.04545454545454546,0.5909090909090909,0.0,0.0,0.0,0.0,0.2272727272727273,0,0,False,0,0,False,0,0,False,1,1.0,1,,,dispersed,5,2.8,4,2.0,0.6123724356957945,dispersed,1,1.0,1,,,dispersed,5,2.6,6,1.75,0.2474358296526968,dispersed,0,,0,,,insufficient,0.0,159.0,0.13836477987421383
Q9BQ67|ensembl_protein_id=ENSP00000253237|entry=GRWD1_HUMAN|source=pfam27|protein_name=Glutamate-rich,SEG,122,135,14,pre-rRNA,unclassified_no_pfam,acidic_region,Q9BQ67,0.0,0.0,0.2142857142857143,0.7142857142857143,0.0,0.0,0.0,0.0,0.0,0.0,0.0,0.0,0.0,0.0,0.0,0.07142857142857142,0.0,0.0,0.0,0.0,1.0,0.0,0.0,0.0,0.7857142857142857,0.0,0.9285714285714286,0.9285714285714286,-0.9285714285714286,0.07142857142857142,0,0,False,0,0,False,0,0,False,1,14.0,14,,,compact,0,,0,,,insufficient,0,,0,,,insufficient,4,2.75,6,1.0,0.0,dispersed,1,13.0,13,,,compact,0.0,446.0,0.03139013452914798
Q96EY7|ensembl_protein_id=ENSP00000254630|entry=PTCD3_HUMAN|source=pfam27|protein_name=Small,SEG,669,685,17,mRNA,unclassified_no_pfam,acidic_region,Q96EY7,0.0,0.0,0.3529411764705883,0.0,0.0,0.0,0.0,0.0,0.0,0.05882352941176471,0.0,0.0,0.0,0.0,0.0,0.4117647058823529,0.1764705882352941,0.0,0.0,0.0,0.9411764705882353,0.2352941176470588,0.05882352941176471,0.0,0.4117647058823529,0.0,0.3529411764705883,0.3529411764705883,-0.3529411764705883,0.4117647058823529,0,0,False,0,0,False,0,0,False,1,16.0,16,,,compact,3,1.333333333333333,2,6.5,0.3846153846153846,dispersed,0,,0,,,insufficient,5,1.4,3,1.5,0.5773502691896257,dispersed,6,1.0,1,1.4,0.5714285714285715,dispersed,0.0,689.0,0.02467343976777939
Q9NQZ2|ensembl_protein_id=ENSP00000254803|entry=SAS10_HUMAN|source=pfam27|protein_name=Something,SEG,150,168,19,snoRNA,distal_terminal,acidic_region,Q9NQZ2,0.1052631578947368,0.0,0.0,0.5263157894736842,0.0,0.0,0.0,0.1052631578947368,0.0,0.0,0.0,0.0,0.0,0.1578947368421053,0.05263157894736842,0.05263157894736842,0.0,0.0,0.0,0.0,0.7894736842105263,0.2105263157894737,0.1052631578947368,0.0,0.8947368421052632,0.05263157894736842,0.5263157894736842,0.5789473684210527,-0.4736842105263158,0.05263157894736842,0,0,False,0,0,False,0,0,False,3,5.0,10,1.0,0.0,compact,3,1.333333333333333,2,5.5,0.8181818181818182,dispersed,0,,0,,,insufficient,1,17.0,17,,,compact,2,5.5,10,1.0,0.0,compact,0.0,479.0,0.03966597077244259
O95218|ensembl_protein_id=ENSP00000254821|entry=ZRAB2_HUMAN|source=pfam27|protein_name=Zinc,SEG,199,253,55,mRNA,distal_terminal,sr_rs_repeat_region,O95218,0.0,0.0,0.0,0.01818181818181818,0.0,0.01818181818181818,0.01818181818181818,0.0,0.01818181818181818,0.0,0.0,0.01818181818181818,0.01818181818181818,0.01818181818181818,0.3090909090909091,0.5636363636363636,0.0,0.0,0.0,0.0,0.9636363636363636,0.05454545454545454,0.0,0.01818181818181818,0.9636363636363636,0.3272727272727273,0.01818181818181818,0.3454545454545455,0.3090909090909091,0.5818181818181818,1,0,False,15,15,True,0,0,False,2,26.5,32,1.0,0.0,compact,3,1.0,1,23.0,0.8260869565217391,dispersed,1,1.0,1,,,dispersed,2,26.5,43,1.0,0.0,compact,16,1.1875,3,2.266666666666667,0.9179109726074843,dispersed,0.2790697674418605,330.0,0.16666666666666666
O95218|ensembl_protein_id=ENSP00000254821|entry=ZRAB2_HUMAN|source=pfam27|protein_name=Zinc,SEG,309,326,18,mRNA,distal_terminal,gs_rich_neutral_region,O95218,0.0,0.0,0.0,0.05555555555555555,0.0,0.1111111111111111,0.1111111111111111,0.0,0.0,0.0,0.0,0.0,0.0,0.0,0.2222222222222222,0.5,0.0,0.0,0.0,0.0,0.8888888888888888,0.2222222222222222,0.0,0.1111111111111111,0.8888888888888888,0.2222222222222222,0.05555555555555555,0.2777777777777778,0.1666666666666667,0.6111111111111112,0,0,False,2,0,False,2,0,False,3,5.333333333333333,8,1.0,0.0,compact,4,1.0,1,2.333333333333333,0.5345224838248487,dispersed,2,1.0,1,7.0,0.0,dispersed,3,5.333333333333333,7,1.0,0.0,compact,3,1.666666666666667,3,5.5,0.8181818181818182,dispersed,0.3571428571428572,330.0,0.05454545454545454
Q8NAV1|ensembl_protein_id=ENSP00000257181|entry=PR38A_HUMAN|source=pfam27|protein_name=Pre-mRNA-splicing,SEG,229,251,23,snRNA,distal_terminal,sr_rs_repeat_region,Q8NAV1,0.0,0.0,0.0,0.0,0.0,0.0,0.0,0.0,0.04347826086956522,0.04347826086956522,0.0,0.0,0.1304347826086956,0.0,0.4782608695652174,0.2608695652173913,0.0,0.0,0.0,0.04347826086956522,0.8260869565217391,0.1304347826086956,0.08695652173913043,0.04347826086956522,0.9130434782608695,0.5217391304347826,0.0,0.5217391304347826,0.5217391304347826,0.2608695652173913,0,0,False,6,6,True,0,0,False,3,6.333333333333333,9,1.0,0.0,compact,3,1.0,1,8.0,0.875,dispersed,1,1.0,1,,,dispersed,2,10.5,20,1.0,0.0,compact,7,1.714285714285714,3,1.333333333333333,0.3535533905932738,dispersed,0.1578947368421053,312.0,0.07371794871794872
Q96K80|ensembl_protein_id=ENSP00000257940|entry=ZC3HA_HUMAN|source=pfam27|protein_name=Zinc,SEG,336,355,20,unknown,distal_terminal,disorder_rich_spacer_region,Q96K80,0.35,0.0,0.0,0.0,0.0,0.05,0.0,0.0,0.0,0.0,0.0,0.05,0.5,0.0,0.0,0.0,0.05,0.0,0.0,0.0,0.1,0.45,0.0,0.0,0.9,0.0,0.0,0.0,0.0,0.05,0,0,False,0,0,False,0,0,False,1,2.0,2,,,dispersed,5,1.8,2,1.5,0.3333333333333333,dispersed,0,,0,,,insufficient,2,9.0,11,2.0,0.0,compact,0,,0,,,insufficient,0.0,434.0,0.04608294930875576
Q07955|ensembl_protein_id=ENSP00000258962|entry=SRSF1_HUMAN|source=pfam27|protein_name=Serine/arginine-rich,SEG,89,112,24,mRNA,interdomain_linker,disorder_rich_spacer_region,Q07955,0.04166666666666666,0.0,0.0,0.0,0.0,0.5416666666666666,0.0,0.0,0.0,0.0,0.0,0.0,0.08333333333333333,0.0,0.2083333333333333,0.04166666666666666,0.04166666666666666,0.0,0.0,0.04166666666666666,0.3333333333333333,0.6666666666666666,0.04166666666666666,0.04166666666666666,0.9166666666666666,0.2083333333333333,0.0,0.2083333333333333,0.2083333333333333,0.5833333333333334,3,0,False,1,0,False,1,0,False,6,1.333333333333333,2,3.0,1.333333333333333,dispersed,5,3.2,10,1.25,0.3464101615137755,dispersed,1,1.0,1,,,dispersed,2,11.0,16,1.0,0.0,compact,5,1.0,1,4.25,0.9319399716326388,dispersed,0.05263157894736842,248.0,0.0967741935483871
Q07955|ensembl_protein_id=ENSP00000258962|entry=SRSF1_HUMAN|source=pfam27|protein_name=Serine/arginine-rich,SEG,203,226,24,mRNA,domain_adjacent,sr_rs_repeat_region,Q07955,0.0,0.0,0.0,0.0,0.0,0.04166666666666666,0.0,0.0,0.0,0.0,0.0,0.04166666666666666,0.0,0.0,0.4166666666666667,0.4583333333333333,0.0,0.0,0.0,0.04166666666666666,0.9583333333333334,0.08333333333333333,0.04166666666666666,0.04166666666666666,0.9166666666666666,0.4166666666666667,0.0,0.4166666666666667,0.4166666666666667,0.5,0,0,False,10,10,True,0,0,False,1,23.0,23,,,compact,2,1.0,1,22.0,0.0,dispersed,1,1.0,1,,,dispersed,2,11.0,17,1.0,0.0,compact,10,1.0,1,1.222222222222222,0.51425947722658,dispersed,0.05263157894736842,248.0,0.0967741935483871
O60563|ensembl_protein_id=ENSP00000261900|entry=CCNT1_HUMAN|source=pfam27|protein_name=Cyclin-T1,SEG,512,530,19,ncRNA,unclassified_no_pfam,aromatic_sticker_region,O60563,0.0,0.0,0.0,0.0,0.0,0.0,0.5789473684210527,0.0,0.05263157894736842,0.0,0.0,0.1052631578947368,0.05263157894736842,0.0,0.0,0.1578947368421053,0.05263157894736842,0.0,0.0,0.0,0.9473684210526315,0.6842105263157895,0.0,0.5789473684210527,0.2631578947368421,0.05263157894736842,0.0,0.05263157894736842,0.05263157894736842,0.1578947368421053,0,0,False,0,0,False,0,0,False,2,9.0,16,1.0,0.0,compact,5,2.6,5,1.5,0.5773502691896257,dispersed,6,1.833333333333333,5,1.4,0.5714285714285716,dispersed,4,1.25,2,3.666666666666667,1.02851895445316,dispersed,1,1.0,1,,,dispersed,0.2666666666666667,726.0,0.026170798898071626
O60563|ensembl_protein_id=ENSP00000261900|entry=CCNT1_HUMAN|source=pfam27|protein_name=Cyclin-T1,SEG,707,724,18,ncRNA,unclassified_no_pfam,disorder_rich_spacer_region,O60563,0.0,0.0,0.0,0.05555555555555555,0.0,0.0,0.0,0.0,0.05555555555555555,0.1666666666666667,0.0,0.0,0.6111111111111112,0.0,0.05555555555555555,0.05555555555555555,0.0,0.0,0.0,0.0,0.2222222222222222,0.2222222222222222,0.1666666666666667,0.0,0.8333333333333334,0.1111111111111111,0.05555555555555555,0.1666666666666667,0.05555555555555555,0.05555555555555555,0,0,False,0,0,False,0,0,False,3,1.333333333333333,2,3.0,0.6666666666666666,dispersed,4,1.0,1,4.666666666666667,0.4403152859263554,dispersed,0,,0,,,insufficient,3,5.0,7,1.0,0.0,compact,3,1.0,1,3.5,0.7142857142857143,dispersed,0.0,726.0,0.024793388429752067
O15105|ensembl_protein_id=ENSP00000262158|entry=SMAD7_HUMAN|source=pfam27|protein_name=SMAD,SEG,19,40,22,ncRNA,unclassified_no_pfam,acidic_region,O15105,0.04545454545454546,0.0,0.04545454545454546,0.2727272727272727,0.0,0.5,0.0,0.0,0.0,0.04545454545454546,0.0,0.0,0.04545454545454546,0.0,0.04545454545454546,0.0,0.0,0.0,0.0,0.0,0.3636363636363636,0.5909090909090909,0.04545454545454546,0.0,0.9090909090909091,0.04545454545454546,0.3181818181818182,0.3636363636363636,-0.2727272727272727,0.5,1,0,False,0,0,False,0,0,False,4,2.0,5,3.666666666666667,1.02851895445316,dispersed,4,3.25,9,2.333333333333333,0.8081220356417685,dispersed,0,,0,,,insufficient,3,6.666666666666667,13,1.0,0.0,compact,4,2.0,5,3.666666666666667,1.02851895445316,dispersed,0.0,426.0,0.051643192488262914
Q8TDI0|ensembl_protein_id=ENSP00000262450|entry=CHD5_HUMAN|source=pfam38|protein_name=ATP-dependent,SEG,96,115,20,unknown,distal_terminal,basic_enriched_region,Q8TDI0,0.05,0.0,0.05,0.05,0.0,0.0,0.0,0.0,0.7,0.05,0.0,0.05,0.0,0.0,0.05,0.0,0.0,0.0,0.0,0.0,0.9,0.8,0.05,0.0,0.85,0.75,0.1,0.85,0.65,0.0,0,0,False,0,0,False,0,0,False,3,6.0,7,1.0,0.0,dispersed,4,4.0,8,1.0,0.0,dispersed,0,,0,,,insufficient,3,5.666666666666667,10,1.0,0.0,compact,3,5.666666666666667,7,1.0,0.0,dispersed,0.0,1954.0,0.01023541453428864
Q8TDI0|ensembl_protein_id=ENSP00000262450|entry=CHD5_HUMAN|source=pfam38|protein_name=ATP-dependent,SEG,205,216,12,unknown,distal_terminal,disorder_rich_spacer_region,Q8TDI0,0.8333333333333334,0.0,0.0,0.0,0.0,0.0,0.0,0.0,0.0,0.0,0.0,0.0,0.0,0.0,0.0,0.08333333333333333,0.0,0.08333333333333333,0.0,0.0,0.08333333333333333,0.9166666666666666,0.08333333333333333,0.0,0.9166666666666666,0.0,0.0,0.0,0.0,0.08333333333333333,0,0,False,0,0,False,0,0,False,1,1.0,1,,,dispersed,1,11.0,11,,,compact,0,,0,,,insufficient,2,5.5,8,1.0,0.0,compact,0,,0,,,insufficient,0.0,1954.0,0.006141248720573183
Q6ZRS2|ensembl_protein_id=ENSP00000262518|entry=SRCAP_HUMAN|source=pfam38|protein_name=Chromatin,SEG,1141,1157,17,unknown,interdomain_linker,unmapped_physicochemical_properties,Q6ZRS2,0.2941176470588235,0.0,0.0,0.0,0.0,0.0,0.0,0.0,0.0,0.0,0.0,0.0,0.05882352941176471,0.0,0.0,0.05882352941176471,0.5882352941176471,0.0,0.0,0.0,0.6470588235294118,0.8823529411764706,0.0,0.0,0.4117647058823529,0.0,0.0,0.0,0.0,0.05882352941176471,0,0,False,0,0,False,0,0,False,3,3.666666666666667,7,1.0,0.0,compact,2,7.5,9,1.0,0.0,compact,0,,0,,,insufficient,4,1.75,4,2.333333333333333,0.4040610178208843,dispersed,0,,0,,,insufficient,0.0,3230.0,0.005263157894736842
O15047|ensembl_protein_id=ENSP00000262519|entry=SET1A_HUMAN|source=pfam27|protein_name=Histone-lysine,SEG,327,356,30,ncRNA,distal_terminal,disorder_rich_spacer_region,O15047,0.2,0.0,0.0,0.0,0.0,0.0,0.0,0.03333333333333333,0.0,0.03333333333333333,0.0,0.0,0.0,0.0,0.0,0.6333333333333333,0.1,0.0,0.0,0.0,0.7333333333333333,0.3666666666666666,0.06666666666666667,0.0,0.8333333333333334,0.0,0.0,0.0,0.0,0.6333333333333333,0,0,False,0,0,False,0,0,False,5,4.4,12,1.25,0.3464101615137755,dispersed,3,3.666666666666667,9,3.5,0.1428571428571428,dispersed,0,,0,,,insufficient,4,6.25,12,1.333333333333333,0.3535533905932738,dispersed,0,,0,,,insufficient,0.0,1707.0,0.01757469244288225
O15047|ensembl_protein_id=ENSP00000262519|entry=SET1A_HUMAN|source=pfam27|protein_name=Histone-lysine,SEG,432,451,20,ncRNA,distal_terminal,disorder_rich_spacer_region,O15047,0.05,0.0,0.0,0.1,0.0,0.4,0.0,0.0,0.0,0.0,0.0,0.0,0.4,0.0,0.0,0.05,0.0,0.0,0.0,0.0,0.15,0.45,0.0,0.0,1.0,0.0,0.1,0.1,-0.1,0.45,0,0,False,0,0,False,0,0,False,3,1.0,1,6.0,0.6666666666666666,dispersed,2,4.5,8,8.0,0.0,compact,0,,0,,,insufficient,1,20.0,20,,,compact,2,1.0,1,2.0,0.0,dispersed,0.0,1707.0,0.011716461628588167
O15047|ensembl_protein_id=ENSP00000262519|entry=SET1A_HUMAN|source=pfam27|protein_name=Histone-lysine,SEG,593,615,23,ncRNA,distal_terminal,disorder_rich_spacer_region,O15047,0.04347826086956522,0.0,0.0,0.0,0.0,0.0,0.0,0.0,0.0,0.0,0.0,0.0,0.782608695652174,0.08695652173913043,0.0,0.04347826086956522,0.04347826086956522,0.0,0.0,0.0,0.1739130434782609,0.08695652173913043,0.0,0.0,0.9565217391304348,0.0,0.0,0.0,0.0,0.04347826086956522,0,0,False,0,0,False,0,0,False,3,1.333333333333333,2,3.5,0.4285714285714285,dispersed,2,1.0,1,1.0,0.0,dispersed,0,,0,,,insufficient,2,11.0,16,1.0,0.0,compact,0,,0,,,insufficient,0.0,1707.0,0.013473930872876391
O15047|ensembl_protein_id=ENSP00000262519|entry=SET1A_HUMAN|source=pfam27|protein_name=Histone-lysine,SEG,634,653,20,ncRNA,distal_terminal,disorder_rich_spacer_region,O15047,0.0,0.0,0.05,0.05,0.0,0.05,0.0,0.0,0.0,0.05,0.0,0.0,0.7,0.0,0.05,0.0,0.0,0.0,0.0,0.05,0.2,0.15,0.1,0.05,0.85,0.05,0.1,0.15,-0.05,0.05,0,0,False,0,0,False,0,0,False,3,1.333333333333333,2,3.0,0.6666666666666666,dispersed,3,1.0,1,5.0,0.0,dispersed,1,1.0,1,,,dispersed,3,5.666666666666667,7,1.0,0.0,dispersed,3,1.0,1,3.0,0.6666666666666666,dispersed,0.0,1707.0,0.011716461628588167
O15047|ensembl_protein_id=ENSP00000262519|entry=SET1A_HUMAN|source=pfam27|protein_name=Histone-lysine,SEG,970,991,22,ncRNA,distal_terminal,acidic_region,O15047,0.0,0.0,0.2727272727272727,0.4545454545454545,0.0,0.0,0.0,0.0,0.04545454545454546,0.0,0.0,0.0,0.0,0.04545454545454546,0.04545454545454546,0.1363636363636364,0.0,0.0,0.0,0.0,1.0,0.04545454545454546,0.0,0.0,0.7272727272727273,0.09090909090909091,0.7272727272727273,0.8181818181818182,-0.6363636363636364,0.1363636363636364,0,0,False,0,0,False,0,0,False,1,22.0,22,,,compact,1,1.0,1,,,dispersed,0,,0,,,insufficient,6,2.666666666666667,7,1.2,0.3333333333333334,dispersed,2,9.0,17,3.0,0.0,compact,0.0,1707.0,0.012888107791446984
O15047|ensembl_protein_id=ENSP00000262519|entry=SET1A_HUMAN|source=pfam27|protein_name=Histone-lysine,SEG,1030,1068,39,ncRNA,distal_terminal,disorder_rich_spacer_region,O15047,0.0,0.0,0.05128205128205128,0.1794871794871795,0.0,0.0,0.0,0.0,0.0,0.0,0.0,0.0,0.0,0.0,0.0,0.7435897435897436,0.02564102564102564,0.0,0.0,0.0,1.0,0.02564102564102564,0.0,0.0,0.9230769230769231,0.0,0.2307692307692308,0.2307692307692308,-0.2307692307692308,0.7435897435897436,0,0,False,0,0,False,0,0,False,1,39.0,39,,,compact,1,1.0,1,,,dispersed,0,,0,,,insufficient,3,12.0,31,1.0,0.0,compact,4,2.25,6,9.333333333333334,1.114606181023374,dispersed,0.0,1707.0,0.022847100175746926
O15047|ensembl_protein_id=ENSP00000262519|entry=SET1A_HUMAN|source=pfam27|protein_name=Histone-lysine,SEG,1358,1386,29,ncRNA,distal_terminal,acidic_region,O15047,0.0,0.0,0.06896551724137931,0.5172413793103449,0.0,0.1379310344827586,0.0,0.0,0.0,0.0,0.0,0.0,0.0,0.0,0.03448275862068965,0.2413793103448276,0.0,0.0,0.0,0.0,0.8620689655172413,0.1379310344827586,0.0,0.0,0.9310344827586207,0.03448275862068965,0.5862068965517241,0.6206896551724138,-0.5517241379310345,0.3793103448275862,0,0,False,0,0,False,0,0,False,5,5.0,15,1.0,0.0,dispersed,4,1.0,1,7.0,0.8081220356417687,dispersed,0,,0,,,insufficient,3,9.0,20,1.0,0.0,compact,7,2.571428571428572,6,1.833333333333333,0.7977240352174658,dispersed,0.0,1707.0,0.01698886936145284
O15047|ensembl_protein_id=ENSP00000262519|entry=SET1A_HUMAN|source=pfam27|protein_name=Histone-lysine,SEG,1398,1412,15,ncRNA,distal_terminal,arginine_rich_rna_contact_region,O15047,0.06666666666666667,0.0,0.0,0.0,0.0,0.0,0.0,0.0,0.0,0.0,0.0,0.0,0.6666666666666666,0.0,0.2666666666666667,0.0,0.0,0.0,0.0,0.0,0.2666666666666667,0.06666666666666667,0.0,0.0,1.0,0.2666666666666667,0.0,0.2666666666666667,0.2666666666666667,0.0,0,0,False,0,0,False,0,0,False,1,4.0,4,,,dispersed,1,1.0,1,,,dispersed,0,,0,,,insufficient,1,15.0,15,,,compact,1,4.0,4,,,dispersed,0.0,1707.0,0.008787346221441126
Q8IXZ2|ensembl_protein_id=ENSP00000262577|entry=ZC3H3_HUMAN|source=pfam27|protein_name=Zinc,SEG,863,884,22,mRNA,distal_terminal,disorder_rich_spacer_region,Q8IXZ2,0.1363636363636364,0.0,0.0,0.0,0.0,0.04545454545454546,0.0,0.0,0.04545454545454546,0.0,0.0,0.0,0.1363636363636364,0.0,0.0,0.6363636363636364,0.0,0.0,0.0,0.0,0.6818181818181818,0.2272727272727273,0.0,0.0,1.0,0.04545454545454546,0.0,0.04545454545454546,0.04545454545454546,0.6818181818181818,0,0,False,0,0,False,1,0,False,4,3.75,9,1.0,0.0,dispersed,4,1.25,2,5.666666666666667,0.7252251768198796,dispersed,0,,0,,,insufficient,1,22.0,22,,,compact,1,1.0,1,,,dispersed,0.0,948.0,0.023206751054852322
Q9UKV3|ensembl_protein_id=ENSP00000262710|entry=ACINU_HUMAN|source=pfam27|protein_name=Apoptotic,SEG,269,291,23,mRNA,distal_terminal,acidic_region,Q9UKV3,0.0,0.0,0.1739130434782609,0.7391304347826086,0.0,0.04347826086956522,0.0,0.0,0.0,0.0,0.0,0.0,0.0,0.0,0.0,0.0,0.04347826086956522,0.0,0.0,0.0,0.9565217391304348,0.08695652173913043,0.0,0.0,0.782608695652174,0.0,0.9130434782608695,0.9130434782608695,-0.9130434782608695,0.04347826086956522,0,0,False,0,0,False,0,0,False,2,11.0,19,1.0,0.0,compact,2,1.0,1,18.0,0.0,dispersed,0,,0,,,insufficient,3,6.0,12,2.0,0.0,compact,2,10.5,18,1.0,0.0,compact,0.0,1341.0,0.01715137956748695
Q9UKV3|ensembl_protein_id=ENSP00000262710|entry=ACINU_HUMAN|source=pfam27|protein_name=Apoptotic,SEG,575,602,28,mRNA,distal_terminal,sr_rs_repeat_region,Q9UKV3,0.0,0.0,0.07142857142857142,0.0,0.0,0.03571428571428571,0.0,0.0,0.0,0.0,0.0,0.0,0.03571428571428571,0.0,0.1785714285714286,0.6785714285714286,0.0,0.0,0.0,0.0,0.9285714285714286,0.03571428571428571,0.0,0.0,0.9285714285714286,0.1785714285714286,0.07142857142857142,0.25,0.1071428571428571,0.7142857142857143,0,0,False,5,5,True,1,0,False,3,8.666666666666666,21,1.0,0.0,compact,1,1.0,1,,,dispersed,0,,0,,,insufficient,2,13.0,21,1.0,0.0,compact,7,1.0,1,3.5,0.7867957924694432,dispersed,0.0,1341.0,0.020879940343027592
Q9UKV3|ensembl_protein_id=ENSP00000262710|entry=ACINU_HUMAN|source=pfam27|protein_name=Apoptotic,SEG,1284,1319,36,mRNA,distal_terminal,disorder_rich_spacer_region,Q9UKV3,0.0,0.0,0.1944444444444444,0.2222222222222222,0.0,0.05555555555555555,0.0,0.0,0.0,0.0,0.0,0.0,0.0,0.0,0.5,0.02777777777777778,0.0,0.0,0.0,0.0,0.9444444444444444,0.05555555555555555,0.0,0.0,0.8055555555555556,0.5,0.4166666666666667,0.9166666666666666,0.08333333333333333,0.08333333333333333,2,0,False,1,0,False,0,0,False,3,11.33333333333333,16,1.0,0.0,compact,2,1.0,1,12.0,0.0,dispersed,0,,0,,,insufficient,8,3.625,9,1.0,0.0,dispersed,3,11.0,15,1.0,0.0,compact,0.0,1341.0,0.026845637583892617
Q92900|ensembl_protein_id=ENSP00000262803|entry=RENT1_HUMAN|source=pfam27|protein_name=Regulator,SEG,46,71,26,mRNA,domain_adjacent,disorder_rich_spacer_region,Q92900,0.2307692307692308,0.0,0.0,0.0,0.0,0.5384615384615384,0.0,0.0,0.0,0.0,0.0,0.0,0.1923076923076923,0.0,0.0,0.0,0.03846153846153846,0.0,0.0,0.0,0.03846153846153846,0.8076923076923077,0.0,0.0,0.9615384615384616,0.0,0.0,0.0,0.0,0.5384615384615384,0,0,False,0,0,False,0,0,False,1,1.0,1,,,dispersed,5,4.2,9,1.25,0.3464101615137755,dispersed,0,,0,,,insufficient,1,25.0,25,,,compact,0,,0,,,insufficient,0.0,1129.0,0.023029229406554472
Q9UPR6|ensembl_protein_id=ENSP00000262961|entry=ZFR2_HUMAN|source=pfam27|protein_name=Zinc,SEG,218,239,22,unknown,domain_adjacent,disorder_rich_spacer_region,Q9UPR6,0.09090909090909091,0.0,0.0,0.0,0.0,0.04545454545454546,0.0,0.0,0.0,0.04545454545454546,0.0,0.0,0.6363636363636364,0.1363636363636364,0.0,0.0,0.0,0.0,0.0,0.04545454545454546,0.1818181818181818,0.2272727272727273,0.09090909090909091,0.04545454545454546,0.9090909090909091,0.0,0.0,0.0,0.0,0.04545454545454546,0,0,False,0,0,False,0,0,False,3,1.333333333333333,2,5.5,0.4545454545454545,dispersed,5,1.0,1,4.0,0.3535533905932738,dispersed,1,1.0,1,,,dispersed,2,10.0,14,1.0,0.0,compact,0,,0,,,insufficient,0.0,939.0,0.023429179978700747
Q9UNW9|ensembl_protein_id=ENSP00000263257|entry=NOVA2_HUMAN|source=pfam27|protein_name=RNA-binding,SEG,309,323,15,mRNA,interdomain_linker,disorder_rich_spacer_region,Q9UNW9,0.6666666666666666,0.0,0.0,0.0,0.0,0.06666666666666667,0.0,0.0,0.0,0.06666666666666667,0.0,0.06666666666666667,0.06666666666666667,0.0,0.0,0.0,0.0,0.06666666666666667,0.0,0.0,0.06666666666666667,0.8666666666666667,0.1333333333333333,0.0,0.8,0.0,0.0,0.0,0.0,0.06666666666666667,0,0,False,0,0,False,0,0,False,1,1.0,1,,,dispersed,2,6.5,8,2.0,0.0,compact,0,,0,,,insufficient,3,4.0,6,1.0,0.0,compact,0,,0,,,insufficient,0.0,492.0,0.03048780487804878
Q9UNW9|ensembl_protein_id=ENSP00000263257|entry=NOVA2_HUMAN|source=pfam27|protein_name=RNA-binding,SEG,333,351,19,mRNA,interdomain_linker,disorder_rich_spacer_region,Q9UNW9,0.2631578947368421,0.0,0.0,0.05263157894736842,0.0,0.2631578947368421,0.0,0.0,0.0,0.0,0.0,0.0,0.4210526315789473,0.0,0.0,0.0,0.0,0.0,0.0,0.0,0.05263157894736842,0.5263157894736842,0.0,0.0,1.0,0.0,0.05263157894736842,0.05263157894736842,-0.05263157894736842,0.2631578947368421,0,0,False,0,0,False,0,0,False,1,1.0,1,,,dispersed,3,3.333333333333333,5,4.0,0.75,dispersed,0,,0,,,insufficient,1,19.0,19,,,compact,1,1.0,1,,,dispersed,0.0,492.0,0.03861788617886179
Q9UNW9|ensembl_protein_id=ENSP00000263257|entry=NOVA2_HUMAN|source=pfam27|protein_name=RNA-binding,SEG,366,378,13,mRNA,interdomain_linker,disorder_rich_spacer_region,Q9UNW9,0.2307692307692308,0.0,0.0,0.0,0.0,0.6923076923076923,0.0,0.0,0.0,0.07692307692307693,0.0,0.0,0.0,0.0,0.0,0.0,0.0,0.0,0.0,0.0,0.0,1.0,0.07692307692307693,0.0,0.9230769230769231,0.0,0.0,0.0,0.0,0.6923076923076923,0,0,False,0,0,False,0,0,False,0,,0,,,insufficient,1,13.0,13,,,compact,0,,0,,,insufficient,1,12.0,12,,,compact,0,,0,,,insufficient,0.0,492.0,0.026422764227642278
O60583|ensembl_protein_id=ENSP00000264157|entry=CCNT2_HUMAN|source=pfam27|protein_name=Cyclin-T2,SEG,631,649,19,ncRNA,unclassified_no_pfam,disorder_rich_spacer_region,O60583,0.0,0.0,0.0,0.0,0.0,0.05263157894736842,0.05263157894736842,0.0,0.1578947368421053,0.0,0.05263157894736842,0.0,0.0,0.0,0.0,0.6842105263157895,0.0,0.0,0.0,0.0,0.8947368421052632,0.3157894736842105,0.05263157894736842,0.05263157894736842,0.8947368421052632,0.1578947368421053,0.0,0.1578947368421053,0.1578947368421053,0.7368421052631579,0,0,False,0,0,False,1,0,False,3,5.666666666666667,7,1.0,0.0,compact,5,1.2,2,1.5,0.3333333333333333,dispersed,1,1.0,1,,,dispersed,2,8.5,15,1.0,0.0,compact,3,1.0,1,2.0,0.0,dispersed,0.06666666666666667,730.0,0.026027397260273973
Q15032|ensembl_protein_id=ENSP00000264160|entry=R3HD1_HUMAN|source=pfam27|protein_name=R3H,SEG,588,612,25,unknown,distal_terminal,disorder_rich_spacer_region,Q15032,0.04,0.0,0.0,0.0,0.0,0.04,0.04,0.0,0.0,0.04,0.0,0.0,0.76,0.04,0.0,0.0,0.0,0.04,0.0,0.0,0.08,0.2,0.08,0.04,0.88,0.0,0.0,0.0,0.0,0.04,0,0,False,0,0,False,0,0,False,2,1.0,1,17.0,0.0,dispersed,5,1.0,1,5.0,0.9273618495495703,dispersed,1,1.0,1,,,dispersed,3,7.333333333333333,13,1.0,0.0,compact,0,,0,,,insufficient,0.0,1099.0,0.022747952684258416
Q9Y2X3|ensembl_protein_id=ENSP00000264279|entry=NOP58_HUMAN|source=pfam27|protein_name=Nucleolar,SEG,464,480,17,snoRNA,distal_terminal,acidic_region,Q9Y2X3,0.05882352941176471,0.0,0.0,0.5294117647058824,0.0,0.0,0.0,0.05882352941176471,0.1764705882352941,0.0,0.0,0.0,0.0,0.0,0.0,0.0,0.0,0.1764705882352941,0.0,0.0,0.7058823529411765,0.4705882352941176,0.2352941176470588,0.0,0.7647058823529411,0.1764705882352941,0.5294117647058824,0.7058823529411765,-0.3529411764705883,0.0,0,0,False,0,0,False,0,0,False,4,3.0,7,1.333333333333333,0.3535533905932738,dispersed,2,4.0,5,6.0,0.0,dispersed,0,,0,,,insufficient,4,3.25,7,1.0,0.0,dispersed,4,3.0,7,1.333333333333333,0.3535533905932738,dispersed,0.0,529.0,0.03213610586011342
O15234|ensembl_protein_id=ENSP00000264645|entry=CASC3_HUMAN|source=pfam27|protein_name=Protein,SEG,31,46,16,mRNA,distal_terminal,gs_rich_neutral_region,O15234,0.0625,0.0625,0.0,0.0,0.0,0.5625,0.0,0.0,0.0,0.0,0.0,0.0,0.0,0.0,0.0625,0.25,0.0,0.0,0.0,0.0,0.3125,0.6875,0.0,0.0,0.9375,0.0625,0.0,0.0625,0.0625,0.8125,1,0,False,0,0,False,3,3,True,5,1.0,1,2.5,0.6633249580710799,dispersed,5,2.2,5,1.0,0.0,dispersed,0,,0,,,insufficient,2,7.5,10,1.0,0.0,compact,1,1.0,1,,,dispersed,0.0,703.0,0.02275960170697013
Q96KR1|ensembl_protein_id=ENSP00000265069|entry=ZFR_HUMAN|source=pfam27|protein_name=Zinc,SEG,280,301,22,unknown,domain_adjacent,disorder_rich_spacer_region,Q96KR1,0.5,0.0,0.0,0.0,0.0,0.0,0.0,0.0,0.04545454545454546,0.0,0.0,0.0,0.0,0.3636363636363636,0.0,0.0,0.04545454545454546,0.0,0.0,0.04545454545454546,0.5,0.6363636363636364,0.04545454545454546,0.04545454545454546,0.9090909090909091,0.04545454545454546,0.0,0.04545454545454546,0.04545454545454546,0.0,0,0,False,0,0,False,0,0,False,2,5.5,10,10.0,0.0,compact,3,4.666666666666667,12,4.0,0.75,compact,1,1.0,1,,,dispersed,2,10.0,19,1.0,0.0,compact,1,1.0,1,,,dispersed,0.0,1074.0,0.020484171322160148
Q9P2N5|ensembl_protein_id=ENSP00000265271|entry=RBM27_HUMAN|source=pfam27|protein_name=RNA-binding,SEG,316,357,42,mRNA,interdomain_linker,disorder_rich_spacer_region,Q9P2N5,0.0,0.0,0.0,0.0,0.02380952380952381,0.2857142857142857,0.0,0.0,0.0,0.04761904761904762,0.07142857142857142,0.0,0.5714285714285714,0.0,0.0,0.0,0.0,0.0,0.0,0.0,0.0,0.4285714285714285,0.1428571428571428,0.02380952380952381,0.8571428571428571,0.0,0.0,0.0,0.0,0.2857142857142857,0,0,False,0,0,False,0,0,False,0,,0,,,insufficient,14,1.285714285714286,4,1.769230769230769,0.9182048731279511,dispersed,1,1.0,1,,,dispersed,4,9.0,21,1.666666666666667,0.565685424949238,dispersed,0,,0,,,insufficient,0.0,1060.0,0.03962264150943396
Q9P2N5|ensembl_protein_id=ENSP00000265271|entry=RBM27_HUMAN|source=pfam27|protein_name=RNA-binding,SEG,950,963,14,mRNA,distal_terminal,rg_rgg_repeat_region,Q9P2N5,0.0,0.0,0.0,0.0,0.0,0.5,0.0,0.0,0.0,0.0,0.0,0.0,0.0,0.07142857142857142,0.4285714285714285,0.0,0.0,0.0,0.0,0.0,0.5,0.5,0.0,0.0,1.0,0.4285714285714285,0.0,0.4285714285714285,0.4285714285714285,0.5,5,5,True,0,0,False,0,0,False,7,1.0,1,1.166666666666667,0.3194382824999699,dispersed,6,1.166666666666667,2,1.0,0.0,dispersed,0,,0,,,insufficient,1,14.0,14,,,compact,6,1.0,1,1.2,0.3333333333333334,dispersed,0.0,1060.0,0.013207547169811321
Q9P2N5|ensembl_protein_id=ENSP00000265271|entry=RBM27_HUMAN|source=pfam27|protein_name=RNA-binding,SEG,1022,1036,15,mRNA,distal_terminal,acidic_region,Q9P2N5,0.0,0.0,0.0,0.6,0.0,0.0,0.0,0.0,0.06666666666666667,0.0,0.0,0.0,0.0,0.0,0.0,0.06666666666666667,0.2,0.06666666666666667,0.0,0.0,0.9333333333333333,0.3333333333333333,0.06666666666666667,0.0,0.7333333333333333,0.06666666666666667,0.6,0.6666666666666666,-0.5333333333333333,0.06666666666666667,0,0,False,0,0,False,0,0,False,2,7.0,8,1.0,0.0,compact,4,1.25,2,2.666666666666667,0.4677071733467427,dispersed,0,,0,,,insufficient,5,2.2,4,1.0,0.0,dispersed,4,2.5,4,1.0,0.0,dispersed,0.0,1060.0,0.014150943396226415
P51531|ensembl_protein_id=ENSP00000265773|entry=SMCA2_HUMAN|source=pfam38|protein_name=SWI/SNF-related,SEG,215,253,39,unknown,distal_terminal,polar_linker,P51531,0.0,0.0,0.0,0.0,0.0,0.0,0.0,0.0,0.0,0.02564102564102564,0.0,0.0,0.1025641025641026,0.8461538461538461,0.0,0.0,0.02564102564102564,0.0,0.0,0.0,0.8717948717948718,0.05128205128205128,0.02564102564102564,0.0,0.9487179487179487,0.0,0.0,0.0,0.0,0.0,0,0,False,0,0,False,0,0,False,4,8.5,23,1.333333333333333,0.3535533905932738,dispersed,2,1.0,1,32.0,0.0,dispersed,0,,0,,,insufficient,2,18.5,32,1.0,0.0,compact,0,,0,,,insufficient,0.0,1590.0,0.024528301886792454
P51531|ensembl_protein_id=ENSP00000265773|entry=SMCA2_HUMAN|source=pfam38|protein_name=SWI/SNF-related,SEG,1508,1530,23,unknown,distal_terminal,acidic_region,P51531,0.0,0.0,0.08695652173913043,0.6521739130434783,0.0,0.0,0.0,0.0,0.04347826086956522,0.0,0.0,0.04347826086956522,0.0,0.0,0.0,0.1739130434782609,0.0,0.0,0.0,0.0,1.0,0.04347826086956522,0.0,0.0,0.8695652173913043,0.04347826086956522,0.7391304347826086,0.782608695652174,-0.6956521739130435,0.1739130434782609,0,0,False,0,0,False,0,0,False,1,23.0,23,,,compact,1,1.0,1,,,dispersed,0,,0,,,insufficient,4,5.0,6,1.0,0.0,dispersed,4,4.5,10,1.333333333333333,0.3535533905932738,dispersed,0.0,1590.0,0.014465408805031447
P31942|ensembl_protein_id=ENSP00000265866|entry=HNRH3_HUMAN|source=pfam27;pfam38|protein_name=Heterogeneous,SEG,271,285,15,mRNA,domain_adjacent,gs_rich_neutral_region,P31942,0.0,0.0,0.0,0.0,0.0,0.6,0.0,0.0,0.0,0.0,0.1333333333333333,0.0,0.06666666666666667,0.0,0.0,0.1333333333333333,0.0,0.0,0.0,0.06666666666666667,0.2,0.8,0.2,0.06666666666666667,0.8,0.0,0.0,0.0,0.0,0.7333333333333333,0,0,False,0,0,False,2,0,False,3,1.0,1,4.0,0.0,dispersed,3,4.0,5,1.0,0.0,dispersed,1,1.0,1,,,dispersed,3,4.0,6,1.0,0.0,compact,0,,0,,,insufficient,0.0,346.0,0.04335260115606936
P31942|ensembl_protein_id=ENSP00000265866|entry=HNRH3_HUMAN|source=pfam27;pfam38|protein_name=Heterogeneous,SEG,316,335,20,mRNA,domain_adjacent,aromatic_sticker_region,P31942,0.0,0.0,0.05,0.0,0.0,0.6,0.0,0.0,0.0,0.05,0.0,0.0,0.0,0.05,0.05,0.05,0.0,0.0,0.0,0.15,0.35,0.8,0.2,0.15,0.75,0.05,0.05,0.1,0.0,0.65,1,0,False,0,0,False,1,0,False,6,1.166666666666667,2,2.4,0.5651941652604391,dispersed,4,4.0,6,1.0,0.0,dispersed,2,1.5,2,9.0,0.0,dispersed,4,3.75,9,1.333333333333333,0.3535533905932738,dispersed,2,1.0,1,6.0,0.0,dispersed,0.1875,346.0,0.057803468208092484
A7MD48|ensembl_protein_id=ENSP00000267260|entry=SRRM4_HUMAN|source=pfam27|protein_name=Serine/arginine,SEG,533,575,43,mRNA,domain_adjacent,sr_rs_repeat_region,A7MD48,0.02325581395348837,0.0,0.0,0.0,0.0,0.0,0.0,0.0,0.0,0.0,0.0,0.0,0.02325581395348837,0.0,0.2790697674418605,0.5348837209302325,0.06976744186046512,0.0,0.02325581395348837,0.04651162790697674,0.9534883720930233,0.1627906976744186,0.06976744186046512,0.06976744186046512,0.8604651162790697,0.2790697674418605,0.0,0.2790697674418605,0.2790697674418605,0.5348837209302325,0,0,False,9,8,True,0,0,False,2,20.5,29,1.0,0.0,compact,6,1.166666666666667,2,5.4,0.8811390558052087,dispersed,2,1.5,2,11.0,0.0,dispersed,5,7.4,14,1.25,0.3464101615137755,dispersed,10,1.2,3,2.111111111111111,0.9055079228465922,dispersed,0.4117647058823529,611.0,0.07037643207855974
A7MD48|ensembl_protein_id=ENSP00000267260|entry=SRRM4_HUMAN|source=pfam27|protein_name=Serine/arginine,SEG,566,601,36,mRNA,domain_adjacent,sr_rs_repeat_region,A7MD48,0.0,0.0,0.0,0.0,0.0,0.02777777777777778,0.0,0.0,0.0,0.0,0.0,0.0,0.05555555555555555,0.02777777777777778,0.2777777777777778,0.5555555555555556,0.02777777777777778,0.0,0.0,0.02777777777777778,0.9166666666666666,0.08333333333333333,0.02777777777777778,0.02777777777777778,0.9444444444444444,0.2777777777777778,0.0,0.2777777777777778,0.2777777777777778,0.5833333333333334,0,0,False,10,10,True,1,0,False,3,11.0,23,1.5,0.3333333333333333,compact,3,1.0,1,16.0,0.3125,dispersed,1,1.0,1,,,dispersed,2,17.0,33,1.0,0.0,compact,10,1.0,1,1.777777777777778,0.9100137361600648,dispersed,0.07142857142857142,611.0,0.058919803600654665
Q5VZF2|ensembl_protein_id=ENSP00000267287|entry=MBNL2_HUMAN|source=pfam27|protein_name=Muscleblind-like,SEG,245,264,20,mRNA,domain_adjacent,disorder_rich_spacer_region,Q5VZF2,0.6,0.0,0.0,0.0,0.0,0.0,0.05,0.0,0.05,0.0,0.0,0.05,0.0,0.2,0.0,0.0,0.0,0.05,0.0,0.0,0.35,0.75,0.05,0.05,0.85,0.05,0.0,0.05,0.05,0.0,0,0,False,0,0,False,0,0,False,4,1.75,3,2.666666666666667,0.6373774391990982,dispersed,5,3.0,5,1.25,0.3464101615137755,dispersed,1,1.0,1,,,dispersed,4,4.25,8,1.0,0.0,dispersed,1,1.0,1,,,dispersed,0.0625,373.0,0.05361930294906166
P37108|ensembl_protein_id=ENSP00000267884|entry=SRP14_HUMAN|source=pfam27|protein_name=Signal,SEG,101,134,34,ncRNA,domain_adjacent,disorder_rich_spacer_region,P37108,0.5588235294117647,0.0,0.0,0.0,0.0,0.0,0.0,0.0,0.1176470588235294,0.0,0.0,0.02941176470588235,0.05882352941176471,0.0,0.0,0.0,0.2352941176470588,0.0,0.0,0.0,0.3823529411764706,0.9117647058823529,0.0,0.0,0.7352941176470589,0.1176470588235294,0.0,0.1176470588235294,0.1176470588235294,0.0,0,0,False,0,0,False,0,0,False,5,2.6,7,5.0,1.039230484541326,dispersed,3,10.33333333333333,15,1.0,0.0,compact,0,,0,,,insufficient,7,3.571428571428572,15,1.333333333333333,0.3535533905932738,dispersed,3,1.333333333333333,2,1.0,0.0,dispersed,0.0,136.0,0.25
Q9H0W8|ensembl_protein_id=ENSP00000270066|entry=SMG9_HUMAN|source=pfam27|protein_name=Nonsense-mediated,SEG,78,92,15,mRNA,unclassified_no_pfam,disorder_rich_spacer_region,Q9H0W8,0.3333333333333333,0.0,0.0,0.0,0.0,0.0,0.0,0.0,0.0,0.0,0.0,0.0,0.5333333333333333,0.06666666666666667,0.0,0.0,0.06666666666666667,0.0,0.0,0.0,0.1333333333333333,0.4,0.0,0.0,0.9333333333333333,0.0,0.0,0.0,0.0,0.0,0,0,False,0,0,False,0,0,False,2,1.0,1,4.0,0.0,dispersed,4,1.5,2,1.333333333333333,0.3535533905932738,dispersed,0,,0,,,insufficient,2,7.0,9,1.0,0.0,compact,0,,0,,,insufficient,0.0,520.0,0.028846153846153848
Q9HC10|ensembl_protein_id=ENSP00000272371|entry=OTOF_HUMAN|source=pfam38|protein_name=Otoferlin,SEG,1964,1982,19,unknown,distal_terminal,hydrophobic_region,Q9HC10,0.05263157894736842,0.0,0.0,0.0,0.05263157894736842,0.0,0.0,0.0,0.05263157894736842,0.7894736842105263,0.0,0.0,0.0,0.0,0.0,0.0,0.0,0.0,0.05263157894736842,0.0,0.1052631578947368,1.0,0.8947368421052632,0.1052631578947368,0.1052631578947368,0.05263157894736842,0.0,0.05263157894736842,0.05263157894736842,0.0,0,0,False,0,0,False,0,0,False,2,1.0,1,3.0,0.0,dispersed,1,19.0,19,,,compact,2,1.0,1,17.0,0.0,dispersed,2,1.0,1,11.0,0.0,dispersed,1,1.0,1,,,dispersed,0.06666666666666667,1997.0,0.009514271407110666
Q96HR8|ensembl_protein_id=ENSP00000274054|entry=NAF1_HUMAN|source=pfam27|protein_name=H/ACA,SEG,113,144,32,snoRNA,distal_terminal,disorder_rich_spacer_region,Q96HR8,0.0,0.0,0.1875,0.03125,0.0,0.0,0.0,0.0,0.0,0.0,0.0,0.0,0.0,0.0,0.0,0.71875,0.0625,0.0,0.0,0.0,1.0,0.0625,0.0,0.0,0.75,0.0,0.21875,0.21875,-0.21875,0.71875,0,0,False,0,0,False,0,0,False,1,32.0,32,,,compact,2,1.0,1,10.0,0.0,dispersed,0,,0,,,insufficient,7,3.428571428571428,17,1.166666666666667,0.3194382824999699,dispersed,7,1.0,1,1.0,0.0,dispersed,0.0,494.0,0.06477732793522267
Q96HR8|ensembl_protein_id=ENSP00000274054|entry=NAF1_HUMAN|source=pfam27|protein_name=H/ACA,SEG,459,482,24,snoRNA,distal_terminal,aromatic_sticker_region,Q96HR8,0.0,0.0,0.0,0.0,0.0,0.0,0.04166666666666666,0.0,0.0,0.2083333333333333,0.0,0.04166666666666666,0.5833333333333334,0.0,0.0,0.08333333333333333,0.0,0.0,0.0,0.04166666666666666,0.2083333333333333,0.2916666666666667,0.25,0.08333333333333333,0.6666666666666666,0.0,0.0,0.0,0.0,0.08333333333333333,0,0,False,0,0,False,0,0,False,4,1.25,2,6.333333333333333,0.8583950752789522,dispersed,6,1.166666666666667,2,2.4,1.166666666666667,dispersed,2,1.0,1,6.0,0.0,dispersed,5,3.2,8,1.75,0.7423074889580903,dispersed,0,,0,,,insufficient,0.0,494.0,0.048582995951417005
Q8IZD4|ensembl_protein_id=ENSP00000280665|entry=DCP1B_HUMAN|source=pfam27|protein_name=mRNA-decapping,SEG,251,260,10,mRNA,interdomain_linker,aromatic_sticker_region,Q8IZD4,0.0,0.0,0.0,0.0,0.0,0.0,0.1,0.0,0.0,0.0,0.0,0.0,0.0,0.9,0.0,0.0,0.0,0.0,0.0,0.0,1.0,0.1,0.0,0.1,0.9,0.0,0.0,0.0,0.0,0.0,0,0,False,0,0,False,0,0,False,1,10.0,10,,,compact,1,1.0,1,,,dispersed,1,1.0,1,,,dispersed,1,9.0,9,,,compact,0,,0,,,insufficient,0.0,617.0,0.01620745542949757
Q5T200|ensembl_protein_id=ENSP00000282007|entry=ZC3HD_HUMAN|source=pfam27|protein_name=Zinc,SEG,668,705,38,unknown,distal_terminal,disorder_rich_spacer_region,Q5T200,0.02631578947368421,0.0,0.1578947368421053,0.3157894736842105,0.0,0.0,0.0,0.0,0.02631578947368421,0.0,0.0,0.0,0.0,0.0,0.4473684210526316,0.0,0.0,0.02631578947368421,0.0,0.0,0.9473684210526315,0.07894736842105263,0.02631578947368421,0.0,0.8157894736842105,0.4736842105263158,0.4736842105263158,0.9473684210526315,0.0,0.0,0,0,False,0,0,False,0,0,False,2,18.0,29,1.0,0.0,compact,3,1.0,1,16.5,0.5757575757575758,dispersed,0,,0,,,insufficient,5,6.2,11,1.0,0.0,dispersed,2,18.0,29,1.0,0.0,compact,0.0,1668.0,0.022781774580335732
Q5T200|ensembl_protein_id=ENSP00000282007|entry=ZC3HD_HUMAN|source=pfam27|protein_name=Zinc,SEG,734,779,46,unknown,distal_terminal,disorder_rich_spacer_region,Q5T200,0.02173913043478261,0.0,0.04347826086956522,0.4565217391304348,0.0,0.0,0.0,0.0,0.02173913043478261,0.0,0.0,0.0,0.0,0.0,0.4565217391304348,0.0,0.0,0.0,0.0,0.0,0.9782608695652174,0.04347826086956522,0.0,0.0,0.9565217391304348,0.4782608695652174,0.5,0.9782608695652174,-0.02173913043478261,0.0,0,0,False,0,0,False,0,0,False,2,22.5,43,1.0,0.0,compact,2,1.0,1,29.0,0.0,dispersed,0,,0,,,insufficient,2,22.0,35,1.0,0.0,compact,2,22.5,43,1.0,0.0,compact,0.0,1668.0,0.027577937649880094
Q2TBE0|ensembl_protein_id=ENSP00000282251|entry=C19L2_HUMAN|source=pfam27|protein_name=CWF19-like,SEG,76,100,25,mRNA,distal_terminal,basic_enriched_region,Q2TBE0,0.04,0.0,0.04,0.04,0.0,0.0,0.04,0.0,0.68,0.0,0.0,0.0,0.0,0.04,0.0,0.08,0.0,0.04,0.0,0.0,0.92,0.8,0.04,0.04,0.88,0.68,0.08,0.76,0.6,0.08,0,0,False,0,0,False,0,0,False,2,11.5,12,1.0,0.0,compact,5,4.0,7,1.0,0.0,dispersed,1,1.0,1,,,dispersed,3,7.333333333333333,15,1.0,0.0,compact,4,4.75,8,1.333333333333333,0.3535533905932738,dispersed,0.3,894.0,0.02796420581655481
P47974|ensembl_protein_id=ENSP00000282388|entry=TISD_HUMAN|source=pfam27|protein_name=mRNA,SEG,287,315,29,mRNA,distal_terminal,disorder_rich_spacer_region,P47974,0.1724137931034483,0.103448275862069,0.0,0.0,0.0,0.0,0.0,0.0,0.0,0.0,0.0,0.0,0.1724137931034483,0.0,0.0,0.4827586206896552,0.06896551724137931,0.0,0.0,0.0,0.5517241379310345,0.3448275862068966,0.0,0.0,0.8275862068965517,0.0,0.0,0.0,0.0,0.4827586206896552,0,0,False,0,0,False,0,0,False,9,1.777777777777778,3,1.5,0.6666666666666666,dispersed,9,1.111111111111111,2,2.25,0.5328701692569688,dispersed,0,,0,,,insufficient,5,4.8,7,1.0,0.0,dispersed,0,,0,,,insufficient,0.0,494.0,0.058704453441295545
O95104|ensembl_protein_id=ENSP00000286835|entry=SCAF4_HUMAN|source=pfam27|protein_name=SR-related,SEG,444,474,31,mRNA,domain_adjacent,sr_rs_repeat_region,O95104,0.0,0.0,0.03225806451612903,0.0,0.0,0.03225806451612903,0.06451612903225806,0.0,0.03225806451612903,0.0,0.0,0.0,0.03225806451612903,0.0,0.5161290322580645,0.2903225806451613,0.0,0.0,0.0,0.0,0.9354838709677419,0.1290322580645161,0.0,0.06451612903225806,0.9032258064516129,0.5483870967741935,0.03225806451612903,0.5806451612903226,0.5161290322580645,0.3225806451612903,0,0,False,8,8,True,1,0,False,2,14.5,22,1.0,0.0,compact,4,1.0,1,8.333333333333334,0.3149603149604724,dispersed,2,1.0,1,12.0,0.0,dispersed,4,7.0,15,1.0,0.0,dispersed,9,2.0,5,1.25,0.5291502622129182,dispersed,0.4,1147.0,0.02702702702702703
O95104|ensembl_protein_id=ENSP00000286835|entry=SCAF4_HUMAN|source=pfam27|protein_name=SR-related,SEG,706,723,18,mRNA,distal_terminal,disorder_rich_spacer_region,O95104,0.0,0.0,0.0,0.0,0.05555555555555555,0.1666666666666667,0.0,0.05555555555555555,0.0,0.0,0.0,0.0,0.6666666666666666,0.0,0.0,0.0,0.0,0.05555555555555555,0.0,0.0,0.0,0.3333333333333333,0.1666666666666667,0.05555555555555555,0.8333333333333334,0.0,0.0,0.0,0.0,0.1666666666666667,0,0,False,0,0,False,0,0,False,0,,0,,,insufficient,3,2.0,3,2.0,0.5,dispersed,1,1.0,1,,,dispersed,3,5.0,8,1.0,0.0,compact,0,,0,,,insufficient,0.0,1147.0,0.015693112467306015
O95104|ensembl_protein_id=ENSP00000286835|entry=SCAF4_HUMAN|source=pfam27|protein_name=SR-related,SEG,917,933,17,mRNA,distal_terminal,disorder_rich_spacer_region,O95104,0.0,0.0,0.0,0.0,0.0,0.5294117647058824,0.0,0.0,0.0,0.05882352941176471,0.05882352941176471,0.0,0.2941176470588235,0.0,0.05882352941176471,0.0,0.0,0.0,0.0,0.0,0.05882352941176471,0.6470588235294118,0.1176470588235294,0.0,0.8823529411764706,0.05882352941176471,0.0,0.05882352941176471,0.05882352941176471,0.5294117647058824,0,0,False,0,0,False,0,0,False,1,1.0,1,,,dispersed,5,2.2,4,1.0,0.0,dispersed,0,,0,,,insufficient,3,5.0,9,1.0,0.0,compact,1,1.0,1,,,dispersed,0.0,1147.0,0.014821272885789015
O95104|ensembl_protein_id=ENSP00000286835|entry=SCAF4_HUMAN|source=pfam27|protein_name=SR-related,SEG,940,981,42,mRNA,distal_terminal,polar_linker,O95104,0.02380952380952381,0.0,0.0,0.0,0.0,0.0,0.0,0.0,0.0,0.0,0.0,0.0,0.3333333333333333,0.5714285714285714,0.02380952380952381,0.02380952380952381,0.02380952380952381,0.0,0.0,0.0,0.6428571428571429,0.04761904761904762,0.0,0.0,0.9761904761904762,0.02380952380952381,0.0,0.02380952380952381,0.02380952380952381,0.02380952380952381,0,0,False,0,0,False,0,0,False,10,2.7,7,1.666666666666667,0.4898979485566356,dispersed,2,1.0,1,20.0,0.0,dispersed,0,,0,,,insufficient,2,20.5,36,1.0,0.0,compact,1,1.0,1,,,dispersed,0.0,1147.0,0.036617262423714034
O60841|ensembl_protein_id=ENSP00000289371|entry=IF2P_HUMAN|source=pfam27|protein_name=Eukaryotic,SEG,309,334,26,tRNA,distal_terminal,basic_enriched_region,O60841,0.0,0.0,0.07692307692307693,0.2307692307692308,0.0,0.07692307692307693,0.0,0.0,0.5769230769230769,0.0,0.0,0.03846153846153846,0.0,0.0,0.0,0.0,0.0,0.0,0.0,0.0,0.9230769230769231,0.6538461538461539,0.0,0.0,0.8846153846153846,0.5769230769230769,0.3076923076923077,0.8846153846153846,0.2692307692307692,0.07692307692307693,0,0,False,0,0,False,0,0,False,3,8.0,11,1.0,0.0,compact,7,2.428571428571428,6,1.166666666666667,0.3194382824999699,dispersed,0,,0,,,insufficient,3,7.666666666666667,17,1.0,0.0,compact,3,7.666666666666667,11,1.0,0.0,compact,0.0,1220.0,0.021311475409836064
O60841|ensembl_protein_id=ENSP00000289371|entry=IF2P_HUMAN|source=pfam27|protein_name=Eukaryotic,SEG,531,566,36,tRNA,distal_terminal,acidic_region,O60841,0.0,0.0,0.08333333333333333,0.7222222222222222,0.0,0.08333333333333333,0.0,0.0,0.0,0.0,0.0,0.0,0.02777777777777778,0.0,0.0,0.08333333333333333,0.0,0.0,0.0,0.0,0.8888888888888888,0.08333333333333333,0.0,0.0,0.9166666666666666,0.0,0.8055555555555556,0.8055555555555556,-0.8055555555555556,0.1666666666666667,0,0,False,0,0,False,1,0,False,4,8.0,23,1.0,0.0,dispersed,3,1.0,1,2.5,0.2,dispersed,0,,0,,,insufficient,3,11.0,18,1.0,0.0,compact,6,4.833333333333333,15,1.2,0.3333333333333334,dispersed,0.0,1220.0,0.029508196721311476
Q86SE8|ensembl_protein_id=ENSP00000289820|entry=NPM2_HUMAN|source=pfam27|protein_name=Nucleoplasmin-2,SEG,128,149,22,pre-rRNA,domain_adjacent,acidic_region,Q86SE8,0.0,0.0,0.1363636363636364,0.7727272727272727,0.0,0.04545454545454546,0.0,0.0,0.0,0.0,0.0,0.0,0.0,0.0,0.0,0.0,0.0,0.0,0.04545454545454546,0.0,0.9545454545454546,0.09090909090909091,0.04545454545454546,0.04545454545454546,0.8181818181818182,0.0,0.9090909090909091,0.9090909090909091,-0.9090909090909091,0.04545454545454546,0,0,False,0,0,False,0,0,False,2,10.5,13,1.0,0.0,compact,2,1.0,1,7.0,0.0,dispersed,1,1.0,1,,,dispersed,3,6.0,16,1.5,0.3333333333333333,compact,2,10.0,13,1.0,0.0,compact,0.0,214.0,0.102803738317757
Q5SZQ8|ensembl_protein_id=ENSP00000290585|entry=CELF3_HUMAN|source=pfam27|protein_name=CUGBP,SEG,351,372,22,mRNA,interdomain_linker,disorder_rich_spacer_region,Q5SZQ8,0.04545454545454546,0.0,0.0,0.0,0.0,0.0,0.0,0.0,0.0,0.0,0.0,0.0,0.2272727272727273,0.7272727272727273,0.0,0.0,0.0,0.0,0.0,0.0,0.7272727272727273,0.04545454545454546,0.0,0.0,1.0,0.0,0.0,0.0,0.0,0.0,0,0,False,0,0,False,0,0,False,2,8.0,14,5.0,0.0,compact,1,1.0,1,,,dispersed,0,,0,,,insufficient,1,22.0,22,,,compact,0,,0,,,insufficient,0.0,465.0,0.047311827956989246
Q9NQ29|ensembl_protein_id=ENSP00000293872|entry=LUC7L_HUMAN|source=pfam27|protein_name=Putative,SEG,261,287,27,mRNA,domain_adjacent,sr_rs_repeat_region,Q9NQ29,0.0,0.0,0.07407407407407407,0.03703703703703703,0.0,0.03703703703703703,0.0,0.0,0.0,0.0,0.0,0.0,0.0,0.0,0.5555555555555556,0.2222222222222222,0.07407407407407407,0.0,0.0,0.0,0.9629629629629629,0.1111111111111111,0.0,0.0,0.8518518518518519,0.5555555555555556,0.1111111111111111,0.6666666666666666,0.4444444444444444,0.2592592592592592,0,0,False,6,6,True,1,0,False,1,26.0,26,,,compact,3,1.0,1,10.0,0.8,dispersed,0,,0,,,insufficient,5,4.6,8,1.0,0.0,dispersed,6,3.0,7,1.4,0.5714285714285715,dispersed,0.0,371.0,0.07277628032345014
A0AV96|ensembl_protein_id=ENSP00000295971|entry=RBM47_HUMAN|source=pfam38|protein_name=RNA-binding,SEG,486,501,16,mRNA,distal_terminal,disorder_rich_spacer_region,A0AV96,0.875,0.0,0.0,0.0,0.0,0.0,0.0,0.0,0.0,0.0,0.0,0.0,0.0625,0.0,0.0,0.0625,0.0,0.0,0.0,0.0,0.0625,0.875,0.0,0.0,1.0,0.0,0.0,0.0,0.0,0.0625,0,0,False,0,0,False,0,0,False,1,1.0,1,,,dispersed,2,7.0,13,1.0,0.0,compact,0,,0,,,insufficient,1,16.0,16,,,compact,0,,0,,,insufficient,0.0,593.0,0.026981450252951095
O14776|ensembl_protein_id=ENSP00000296702|entry=TCRG1_HUMAN|source=pfam27|protein_name=Transcription,SEG,177,255,79,mRNA,unclassified_no_pfam,disorder_rich_spacer_region,O14776,0.4556962025316456,0.0,0.0,0.0,0.0,0.0,0.0,0.0,0.0,0.01265822784810127,0.0,0.0,0.0,0.4810126582278481,0.0,0.0,0.0,0.05063291139240506,0.0,0.0,0.4810126582278481,0.5189873417721519,0.06329113924050633,0.0,0.9367088607594937,0.0,0.0,0.0,0.0,0.0,0,0,False,0,0,False,0,0,False,38,1.0,1,1.0,0.0,dispersed,39,1.051282051282051,3,1.0,0.0,dispersed,0,,0,,,insufficient,5,14.8,59,1.0,0.0,dispersed,0,,0,,,insufficient,0.0,1098.0,0.07194899817850638
O14776|ensembl_protein_id=ENSP00000296702|entry=TCRG1_HUMAN|source=pfam27|protein_name=Transcription,SEG,270,290,21,mRNA,unclassified_no_pfam,serine_rich_region,O14776,0.04761904761904762,0.0,0.0,0.0,0.0,0.0,0.0,0.0,0.0,0.0,0.0,0.0,0.04761904761904762,0.0,0.0,0.3809523809523809,0.4761904761904762,0.04761904761904762,0.0,0.0,0.8571428571428571,0.5714285714285714,0.04761904761904762,0.0,0.4761904761904762,0.0,0.0,0.0,0.0,0.3809523809523809,0,0,False,0,0,False,0,0,False,3,6.0,9,1.0,0.0,compact,6,2.0,6,1.8,0.5443310539518174,dispersed,0,,0,,,insufficient,6,1.666666666666667,3,1.8,0.6478835438717001,dispersed,0,,0,,,insufficient,0.0,1098.0,0.01912568306010929
O95391|ensembl_protein_id=ENSP00000297151|entry=SLU7_HUMAN|source=pfam27|protein_name=Pre-mRNA-splicing,SEG,491,506,16,mRNA,distal_terminal,basic_enriched_region,O95391,0.0,0.0,0.0,0.1875,0.0,0.0,0.0,0.0,0.6875,0.0625,0.0,0.0,0.0,0.0625,0.0,0.0,0.0,0.0,0.0,0.0,0.9375,0.75,0.0625,0.0,0.9375,0.6875,0.1875,0.875,0.5,0.0,0,0,False,0,0,False,0,0,False,2,7.5,12,1.0,0.0,compact,2,6.0,9,2.0,0.0,compact,0,,0,,,insufficient,2,7.5,12,1.0,0.0,compact,2,7.0,12,1.0,0.0,compact,0.0,586.0,0.027303754266211604
Q8TA86|ensembl_protein_id=ENSP00000297157|entry=RP9_HUMAN|source=pfam27|protein_name=Retinitis,SEG,181,213,33,snRNA,unclassified_no_pfam,basic_enriched_region,Q8TA86,0.0,0.0,0.0,0.09090909090909091,0.0,0.0303030303030303,0.09090909090909091,0.0,0.6666666666666666,0.0,0.0,0.0,0.0,0.0,0.06060606060606061,0.06060606060606061,0.0,0.0,0.0,0.0,0.9696969696969697,0.7878787878787878,0.0,0.09090909090909091,0.9090909090909091,0.7272727272727273,0.09090909090909091,0.8181818181818182,0.6363636363636364,0.09090909090909091,0,0,False,0,0,False,0,0,False,1,32.0,32,,,compact,7,3.714285714285714,8,1.166666666666667,0.3194382824999699,dispersed,3,1.0,1,11.0,0.2727272727272727,dispersed,4,7.5,14,1.0,0.0,dispersed,5,5.4,14,1.25,0.3464101615137755,dispersed,0.6923076923076923,221.0,0.1493212669683258
P62314|ensembl_protein_id=ENSP00000300413|entry=SMD1_HUMAN|source=pfam27;pfam38|protein_name=Small,SEG,96,118,23,snRNA,domain_adjacent,rg_rgg_repeat_region,P62314,0.04347826086956522,0.0,0.0,0.0,0.0,0.4782608695652174,0.0,0.0,0.0,0.0,0.0,0.0,0.04347826086956522,0.0,0.4347826086956522,0.0,0.0,0.0,0.0,0.0,0.4347826086956522,0.5217391304347826,0.0,0.0,1.0,0.4347826086956522,0.0,0.4347826086956522,0.4347826086956522,0.4782608695652174,9,9,True,0,0,False,0,0,False,10,1.0,1,1.222222222222222,0.51425947722658,dispersed,10,1.2,2,1.0,0.0,dispersed,0,,0,,,insufficient,1,23.0,23,,,compact,10,1.0,1,1.222222222222222,0.51425947722658,dispersed,0.0,119.0,0.19327731092436976
Q15287|ensembl_protein_id=ENSP00000301730|entry=RNPS1_HUMAN|source=pfam38|protein_name=RNA-binding,SEG,64,129,66,mRNA,domain_adjacent,sr_rs_repeat_region,Q15287,0.0303030303030303,0.0,0.0,0.0,0.0,0.09090909090909091,0.0,0.0,0.01515151515151515,0.0,0.0,0.0,0.0303030303030303,0.0,0.1212121212121212,0.6363636363636364,0.07575757575757576,0.0,0.0,0.0,0.8484848484848485,0.2121212121212121,0.0,0.0,0.9242424242424242,0.1363636363636364,0.0,0.1363636363636364,0.1363636363636364,0.7272727272727273,0,0,False,6,3,True,6,3,True,11,5.090909090909091,14,1.0,0.0,dispersed,13,1.076923076923077,2,3.75,0.6073622386096199,dispersed,0,,0,,,insufficient,6,10.16666666666667,19,1.0,0.0,dispersed,6,1.5,3,11.4,0.737259697875463,dispersed,0.0,305.0,0.21639344262295082
Q1KMD3|ensembl_protein_id=ENSP00000301785|entry=HNRL2_HUMAN|source=pfam27|protein_name=Heterogeneous,SEG,73,95,23,mRNA,domain_adjacent,acidic_region,Q1KMD3,0.04347826086956522,0.0,0.2173913043478261,0.6086956521739131,0.0,0.04347826086956522,0.0,0.0,0.0,0.08695652173913043,0.0,0.0,0.0,0.0,0.0,0.0,0.0,0.0,0.0,0.0,0.8260869565217391,0.1739130434782609,0.08695652173913043,0.0,0.6956521739130435,0.0,0.8260869565217391,0.8260869565217391,-0.8260869565217391,0.04347826086956522,0,0,False,0,0,False,0,0,False,2,9.5,14,3.0,0.0,compact,2,2.0,3,14.0,0.0,dispersed,0,,0,,,insufficient,7,2.285714285714286,6,1.166666666666667,0.3194382824999699,dispersed,2,9.5,14,3.0,0.0,compact,0.0,747.0,0.030789825970548863
P51608|ensembl_protein_id=ENSP00000301948|entry=MECP2_HUMAN|source=pfam27|protein_name=Methyl-CpG-binding,SEG,380,396,17,mRNA,distal_terminal,disorder_rich_spacer_region,P51608,0.0,0.0,0.0,0.1176470588235294,0.0,0.0,0.0,0.0,0.0,0.1764705882352941,0.0,0.0,0.5294117647058824,0.0,0.0,0.1176470588235294,0.0,0.05882352941176471,0.0,0.0,0.2352941176470588,0.2352941176470588,0.2352941176470588,0.0,0.7647058823529411,0.0,0.1176470588235294,0.1176470588235294,-0.1176470588235294,0.1176470588235294,0,0,False,0,0,False,0,0,False,2,2.0,3,1.0,0.0,dispersed,3,1.333333333333333,2,1.5,0.3333333333333333,dispersed,0,,0,,,insufficient,3,4.333333333333333,10,1.5,0.3333333333333333,compact,2,1.0,1,1.0,0.0,dispersed,0.0,486.0,0.03497942386831276
P17480|ensembl_protein_id=ENSP00000302640|entry=UBF1_HUMAN|source=pfam27|protein_name=Nucleolar,SEG,677,697,21,pre-rRNA,unclassified_no_pfam,acidic_region,P17480,0.0,0.0,0.4285714285714285,0.5238095238095238,0.0,0.0,0.0,0.0,0.0,0.0,0.0,0.0,0.0,0.0,0.0,0.04761904761904762,0.0,0.0,0.0,0.0,1.0,0.0,0.0,0.0,0.5714285714285714,0.0,0.9523809523809523,0.9523809523809523,-0.9523809523809523,0.04761904761904762,0,0,False,0,0,False,0,0,False,1,21.0,21,,,compact,0,,0,,,insufficient,0,,0,,,insufficient,6,2.0,4,1.4,0.3499271061118826,dispersed,1,20.0,20,,,compact,0.0,764.0,0.0274869109947644
P17480|ensembl_protein_id=ENSP00000302640|entry=UBF1_HUMAN|source=pfam27|protein_name=Nucleolar,SEG,718,743,26,pre-rRNA,unclassified_no_pfam,acidic_region,P17480,0.0,0.0,0.5,0.3461538461538461,0.0,0.03846153846153846,0.0,0.0,0.0,0.0,0.0,0.07692307692307693,0.0,0.0,0.0,0.03846153846153846,0.0,0.0,0.0,0.0,0.9615384615384616,0.03846153846153846,0.0,0.0,0.4230769230769231,0.0,0.8461538461538461,0.8461538461538461,-0.8461538461538461,0.07692307692307693,0,0,False,0,0,False,0,0,False,2,12.5,22,1.0,0.0,compact,1,1.0,1,,,dispersed,0,,0,,,insufficient,9,1.222222222222222,2,1.625,0.5273580461846957,dispersed,3,7.333333333333333,18,1.0,0.0,compact,0.0,764.0,0.034031413612565446
P17480|ensembl_protein_id=ENSP00000302640|entry=UBF1_HUMAN|source=pfam27|protein_name=Nucleolar,SEG,741,763,23,pre-rRNA,unclassified_no_pfam,acidic_region,P17480,0.0,0.0,0.1739130434782609,0.1304347826086956,0.0,0.08695652173913043,0.0,0.0,0.0,0.0,0.0,0.04347826086956522,0.0,0.0,0.0,0.5652173913043478,0.0,0.0,0.0,0.0,0.9130434782608695,0.08695652173913043,0.0,0.0,0.782608695652174,0.0,0.3043478260869565,0.3043478260869565,-0.3043478260869565,0.6521739130434783,0,0,False,0,0,False,2,0,False,3,7.0,8,1.0,0.0,dispersed,2,1.0,1,8.0,0.0,dispersed,0,,0,,,insufficient,5,3.6,13,1.25,0.3464101615137755,dispersed,6,1.166666666666667,2,3.0,1.173787790777267,dispersed,0.0,764.0,0.030104712041884817
Q15696|ensembl_protein_id=ENSP00000303015|entry=U2AFM_HUMAN|source=pfam27|protein_name=U2,SEG,426,469,44,mRNA,distal_terminal,sr_rs_repeat_region,Q15696,0.0,0.0,0.04545454545454546,0.0,0.0,0.06818181818181818,0.0,0.0,0.0,0.0,0.0,0.02272727272727273,0.0,0.02272727272727273,0.4772727272727273,0.3636363636363636,0.0,0.0,0.0,0.0,0.9318181818181818,0.06818181818181818,0.0,0.0,0.9318181818181818,0.4772727272727273,0.04545454545454546,0.5227272727272727,0.4318181818181818,0.4318181818181818,3,0,False,14,14,True,1,0,False,4,10.25,26,1.0,0.0,dispersed,3,1.0,1,13.5,0.9259259259259259,dispersed,0,,0,,,insufficient,3,13.66666666666667,37,1.0,0.0,compact,15,1.533333333333333,3,1.357142857142857,0.7681326062803381,dispersed,0.0,482.0,0.0912863070539419
Q7Z570|ensembl_protein_id=ENSP00000303252|entry=Z804A_HUMAN|source=pfam38|protein_name=Zinc,SEG,1106,1118,13,unknown,distal_terminal,disorder_rich_spacer_region,Q7Z570,0.9230769230769231,0.0,0.0,0.0,0.0,0.0,0.07692307692307693,0.0,0.0,0.0,0.0,0.0,0.0,0.0,0.0,0.0,0.0,0.0,0.0,0.0,0.07692307692307693,1.0,0.0,0.07692307692307693,0.9230769230769231,0.0,0.0,0.0,0.0,0.0,0,0,False,0,0,False,0,0,False,1,1.0,1,,,dispersed,1,13.0,13,,,compact,1,1.0,1,,,dispersed,1,12.0,12,,,compact,0,,0,,,insufficient,0.0,1209.0,0.010752688172043012
Q9NZJ5|ensembl_protein_id=ENSP00000307235|entry=E2AK3_HUMAN|source=pfam27|protein_name=Eukaryotic,SEG,7,25,19,mRNA,unclassified_no_pfam,hydrophobic_region,Q9NZJ5,0.1578947368421053,0.0,0.0,0.0,0.0,0.1052631578947368,0.0,0.0,0.0,0.5789473684210527,0.0,0.0,0.05263157894736842,0.0,0.05263157894736842,0.0,0.0,0.05263157894736842,0.0,0.0,0.05263157894736842,0.8947368421052632,0.631578947368421,0.0,0.3684210526315789,0.05263157894736842,0.0,0.05263157894736842,0.05263157894736842,0.1052631578947368,0,0,False,0,0,False,0,0,False,1,1.0,1,,,dispersed,2,8.5,13,1.0,0.0,compact,0,,0,,,insufficient,4,1.75,2,4.0,0.7359800721939872,dispersed,1,1.0,1,,,dispersed,0.0,1116.0,0.017025089605734768
Q9BWF3|ensembl_protein_id=ENSP00000309166|entry=RBM4_HUMAN|source=pfam27|protein_name=RNA-binding,SEG,281,298,18,mRNA,distal_terminal,disorder_rich_spacer_region,Q9BWF3,0.7777777777777778,0.0,0.0,0.0,0.0,0.05555555555555555,0.0,0.0,0.0,0.0,0.0,0.0,0.0,0.0,0.0,0.0,0.1111111111111111,0.05555555555555555,0.0,0.0,0.1111111111111111,1.0,0.05555555555555555,0.0,0.8333333333333334,0.0,0.0,0.0,0.0,0.05555555555555555,0,0,False,0,0,False,0,0,False,2,1.0,1,11.0,0.0,dispersed,1,18.0,18,,,compact,0,,0,,,insufficient,3,5.0,10,1.5,0.3333333333333333,compact,0,,0,,,insufficient,0.0,364.0,0.04945054945054945
Q32MZ4|ensembl_protein_id=ENSP00000310109|entry=LRRF1_HUMAN|source=pfam27|protein_name=Leucine-rich,SEG,566,579,14,ncRNA,distal_terminal,basic_enriched_region,Q32MZ4,0.0,0.0,0.0,0.0,0.0,0.0,0.0,0.0,0.7142857142857143,0.0,0.0,0.1428571428571428,0.0,0.07142857142857142,0.0,0.0,0.07142857142857142,0.0,0.0,0.0,1.0,0.7857142857142857,0.0,0.0,0.7857142857142857,0.7142857142857143,0.0,0.7142857142857143,0.7142857142857143,0.0,0,0,False,0,0,False,0,0,False,1,14.0,14,,,compact,3,3.666666666666667,4,1.0,0.0,dispersed,0,,0,,,insufficient,4,2.75,4,1.0,0.0,dispersed,4,2.5,4,1.0,0.0,dispersed,0.0,808.0,0.017326732673267328
Q9BQ04|ensembl_protein_id=ENSP00000310471|entry=RBM4B_HUMAN|source=pfam27|protein_name=RNA-binding,SEG,280,296,17,mRNA,distal_terminal,disorder_rich_spacer_region,Q9BQ04,0.5882352941176471,0.0,0.0,0.0,0.0,0.05882352941176471,0.0,0.0,0.0,0.0,0.05882352941176471,0.0,0.0,0.0,0.0,0.1176470588235294,0.1764705882352941,0.0,0.0,0.0,0.2941176470588235,0.8823529411764706,0.05882352941176471,0.0,0.7647058823529411,0.0,0.0,0.0,0.0,0.1764705882352941,0,0,False,0,0,False,0,0,False,2,2.5,3,8.0,0.0,dispersed,2,7.5,10,1.0,0.0,compact,0,,0,,,insufficient,4,3.25,5,1.333333333333333,0.3535533905932738,dispersed,0,,0,,,insufficient,0.0,359.0,0.04735376044568245
Q8IY37|ensembl_protein_id=ENSP00000311135|entry=DHX37_HUMAN|source=pfam27|protein_name=Probable,SEG,159,181,23,snoRNA,distal_terminal,acidic_region,Q8IY37,0.04347826086956522,0.0,0.04347826086956522,0.6956521739130435,0.0,0.0,0.0,0.0,0.0,0.08695652173913043,0.0,0.0,0.0,0.0,0.0,0.1304347826086956,0.0,0.0,0.0,0.0,0.8695652173913043,0.1304347826086956,0.08695652173913043,0.0,0.8695652173913043,0.0,0.7391304347826086,0.7391304347826086,-0.7391304347826086,0.1304347826086956,0,0,False,0,0,False,0,0,False,3,6.666666666666667,13,1.0,0.0,compact,3,1.0,1,9.0,0.4444444444444444,dispersed,0,,0,,,insufficient,3,6.666666666666667,14,1.5,0.3333333333333333,compact,6,2.833333333333333,9,1.0,0.0,dispersed,0.0,1157.0,0.019878997407087293
Q9UHB9|ensembl_protein_id=ENSP00000312066|entry=SRP68_HUMAN|source=pfam27|protein_name=Signal,SEG,8,34,27,ncRNA,unclassified_no_pfam,gs_rich_neutral_region,Q9UHB9,0.03703703703703703,0.0,0.0,0.0,0.0,0.7777777777777778,0.0,0.0,0.0,0.0,0.0,0.0,0.03703703703703703,0.0,0.03703703703703703,0.1111111111111111,0.0,0.0,0.0,0.0,0.1481481481481481,0.8148148148148148,0.0,0.0,1.0,0.03703703703703703,0.0,0.03703703703703703,0.03703703703703703,0.8888888888888888,1,0,False,0,0,False,3,3,True,4,1.0,1,4.0,0.2041241452319315,dispersed,5,4.4,7,1.0,0.0,dispersed,0,,0,,,insufficient,1,27.0,27,,,compact,1,1.0,1,,,dispersed,0.0,627.0,0.0430622009569378
Q86YN6|ensembl_protein_id=ENSP00000312649|entry=PRGC2_HUMAN|source=pfam27|protein_name=Peroxisome,SEG,429,449,21,unknown,distal_terminal,acidic_region,Q86YN6,0.0,0.0,0.04761904761904762,0.8571428571428571,0.0,0.0,0.0,0.0,0.04761904761904762,0.0,0.0,0.0,0.0,0.04761904761904762,0.0,0.0,0.0,0.0,0.0,0.0,1.0,0.04761904761904762,0.0,0.0,0.9523809523809523,0.04761904761904762,0.9047619047619048,0.9523809523809523,-0.8571428571428571,0.0,0,0,False,0,0,False,0,0,False,1,21.0,21,,,compact,1,1.0,1,,,dispersed,0,,0,,,insufficient,2,10.0,16,1.0,0.0,compact,1,20.0,20,,,compact,0.0,1023.0,0.020527859237536656
Q86YN6|ensembl_protein_id=ENSP00000312649|entry=PRGC2_HUMAN|source=pfam27|protein_name=Peroxisome,SEG,806,823,18,unknown,distal_terminal,acidic_region,Q86YN6,0.0,0.0,0.1111111111111111,0.7777777777777778,0.0,0.05555555555555555,0.0,0.0,0.0,0.0,0.0,0.0,0.05555555555555555,0.0,0.0,0.0,0.0,0.0,0.0,0.0,0.8888888888888888,0.05555555555555555,0.0,0.0,0.8888888888888888,0.0,0.8888888888888888,0.8888888888888888,-0.8888888888888888,0.05555555555555555,0,0,False,0,0,False,0,0,False,2,8.0,10,1.0,0.0,compact,1,1.0,1,,,dispersed,0,,0,,,insufficient,2,8.0,13,2.0,0.0,compact,2,8.0,10,1.0,0.0,compact,0.0,1023.0,0.017595307917888565
Q13151|ensembl_protein_id=ENSP00000316042|entry=ROA0_HUMAN|source=pfam27|protein_name=Heterogeneous,SEG,180,203,24,mRNA,domain_adjacent,rg_rgg_repeat_region,Q13151,0.0,0.0,0.0,0.0,0.0,0.5833333333333334,0.0,0.0,0.0,0.0,0.0,0.0,0.0,0.0,0.2083333333333333,0.1666666666666667,0.0,0.0,0.0,0.04166666666666666,0.4166666666666667,0.625,0.04166666666666666,0.04166666666666666,0.9583333333333334,0.2083333333333333,0.0,0.2083333333333333,0.2083333333333333,0.75,4,4,True,2,0,False,2,0,False,5,2.0,5,2.75,0.6982859770789643,dispersed,6,2.5,6,1.8,0.8888888888888891,dispersed,1,1.0,1,,,dispersed,1,23.0,23,,,compact,5,1.0,1,1.75,0.2474358296526968,dispersed,0.0,305.0,0.07868852459016394
Q13151|ensembl_protein_id=ENSP00000316042|entry=ROA0_HUMAN|source=pfam27|protein_name=Heterogeneous,SEG,211,240,30,mRNA,distal_terminal,aromatic_sticker_region,Q13151,0.03333333333333333,0.0,0.0,0.0,0.0,0.6666666666666666,0.0,0.0,0.03333333333333333,0.0,0.0,0.06666666666666667,0.0,0.0,0.0,0.03333333333333333,0.0,0.0,0.0,0.1666666666666667,0.3,0.9,0.1666666666666667,0.1666666666666667,0.7666666666666667,0.03333333333333333,0.0,0.03333333333333333,0.03333333333333333,0.7,0,0,False,0,0,False,0,0,False,5,1.8,4,3.75,0.6359594676112971,dispersed,3,9.0,12,1.5,0.3333333333333333,compact,5,1.0,1,3.25,0.6661733875264914,dispersed,6,3.833333333333333,7,1.4,0.3499271061118826,dispersed,1,1.0,1,,,dispersed,0.04166666666666666,305.0,0.09836065573770492
Q13151|ensembl_protein_id=ENSP00000316042|entry=ROA0_HUMAN|source=pfam27|protein_name=Heterogeneous,SEG,269,287,19,mRNA,distal_terminal,gs_rich_neutral_region,Q13151,0.0,0.0,0.0,0.0,0.0,0.5263157894736842,0.0,0.0,0.05263157894736842,0.0,0.0,0.05263157894736842,0.0,0.0,0.05263157894736842,0.2631578947368421,0.0,0.0,0.05263157894736842,0.0,0.4736842105263158,0.631578947368421,0.05263157894736842,0.05263157894736842,0.8947368421052632,0.1052631578947368,0.0,0.1052631578947368,0.1052631578947368,0.7894736842105263,0,0,False,1,0,False,2,0,False,3,3.0,4,5.0,0.6,dispersed,3,4.0,8,1.5,0.3333333333333333,compact,1,1.0,1,,,dispersed,3,5.666666666666667,12,1.0,0.0,compact,2,1.0,1,14.0,0.0,dispersed,0.1333333333333333,305.0,0.06229508196721312
Q13151|ensembl_protein_id=ENSP00000316042|entry=ROA0_HUMAN|source=pfam27|protein_name=Heterogeneous,SEG,286,303,18,mRNA,distal_terminal,gs_rich_neutral_region,Q13151,0.0,0.0,0.0,0.0,0.0,0.5555555555555556,0.0,0.0,0.0,0.0,0.0,0.05555555555555555,0.05555555555555555,0.0,0.05555555555555555,0.1111111111111111,0.0,0.0,0.0,0.1666666666666667,0.3888888888888889,0.7222222222222222,0.1666666666666667,0.1666666666666667,0.7777777777777778,0.05555555555555555,0.0,0.05555555555555555,0.05555555555555555,0.6666666666666666,1,0,False,0,0,False,2,0,False,5,1.4,2,2.75,0.4723774929733302,dispersed,3,4.333333333333333,11,1.0,0.0,compact,3,1.0,1,4.0,0.25,dispersed,4,3.5,5,1.0,0.0,dispersed,1,1.0,1,,,dispersed,0.3571428571428572,305.0,0.05901639344262295
Q15022|ensembl_protein_id=ENSP00000316578|entry=SUZ12_HUMAN|source=pfam27|protein_name=Polycomb,SEG,6,27,22,ncRNA,unclassified_no_pfam,gs_rich_neutral_region,Q15022,0.04545454545454546,0.0,0.0,0.0,0.04545454545454546,0.6818181818181818,0.04545454545454546,0.0,0.0,0.0,0.0,0.0,0.04545454545454546,0.0,0.0,0.1363636363636364,0.0,0.0,0.0,0.0,0.1818181818181818,0.8181818181818182,0.04545454545454546,0.09090909090909091,0.9090909090909091,0.0,0.0,0.0,0.0,0.8181818181818182,0,0,False,0,0,False,2,0,False,4,1.0,1,3.666666666666667,0.6428243465332251,dispersed,4,4.5,8,1.333333333333333,0.3535533905932738,dispersed,2,1.0,1,18.0,0.0,dispersed,2,10.0,18,1.0,0.0,compact,0,,0,,,insufficient,0.0,739.0,0.029769959404600813
Q15022|ensembl_protein_id=ENSP00000316578|entry=SUZ12_HUMAN|source=pfam27|protein_name=Polycomb,SEG,36,52,17,ncRNA,unclassified_no_pfam,gs_rich_neutral_region,Q15022,0.05882352941176471,0.05882352941176471,0.0,0.0,0.0,0.5294117647058824,0.0,0.0,0.05882352941176471,0.0,0.0,0.0,0.0,0.0,0.0,0.2352941176470588,0.0,0.0,0.0,0.05882352941176471,0.3529411764705883,0.7647058823529411,0.05882352941176471,0.05882352941176471,0.8823529411764706,0.05882352941176471,0.0,0.05882352941176471,0.05882352941176471,0.7647058823529411,0,0,False,0,0,False,4,4,True,4,1.5,2,3.333333333333333,0.3741657386773941,dispersed,5,2.6,5,1.0,0.0,dispersed,1,1.0,1,,,dispersed,2,7.5,10,1.0,0.0,compact,1,1.0,1,,,dispersed,0.0,739.0,0.023004059539918808
Q15022|ensembl_protein_id=ENSP00000316578|entry=SUZ12_HUMAN|source=pfam27|protein_name=Polycomb,SEG,46,66,21,ncRNA,unclassified_no_pfam,gs_rich_neutral_region,Q15022,0.3333333333333333,0.04761904761904762,0.0,0.0,0.0,0.2380952380952381,0.0,0.0,0.0,0.0,0.0,0.0,0.0,0.0,0.0,0.3333333333333333,0.0,0.0,0.0,0.04761904761904762,0.3809523809523809,0.6666666666666666,0.04761904761904762,0.04761904761904762,0.9047619047619048,0.0,0.0,0.0,0.0,0.5714285714285714,0,0,False,0,0,False,1,0,False,2,4.0,5,1.0,0.0,dispersed,4,3.5,7,2.333333333333333,0.8081220356417685,dispersed,1,1.0,1,,,dispersed,2,9.5,14,1.0,0.0,compact,0,,0,,,insufficient,0.0,739.0,0.028416779431664412
Q7Z6E9|ensembl_protein_id=ENSP00000317872|entry=RBBP6_HUMAN|source=pfam27|protein_name=E3,SEG,334,351,18,mRNA,distal_terminal,disorder_rich_spacer_region,Q7Z6E9,0.0,0.0,0.0,0.0,0.0,0.0,0.0,0.1111111111111111,0.05555555555555555,0.1111111111111111,0.0,0.0,0.5555555555555556,0.1111111111111111,0.05555555555555555,0.0,0.0,0.0,0.0,0.0,0.2222222222222222,0.2777777777777778,0.2222222222222222,0.0,0.7777777777777778,0.1111111111111111,0.0,0.1111111111111111,0.1111111111111111,0.0,0,0,False,0,0,False,0,0,False,3,1.333333333333333,2,7.0,0.5714285714285714,dispersed,4,1.25,2,4.0,0.5400617248673217,dispersed,0,,0,,,insufficient,4,3.5,6,1.333333333333333,0.3535533905932738,dispersed,2,1.0,1,12.0,0.0,dispersed,0.0,1792.0,0.010044642857142858
Q7Z6E9|ensembl_protein_id=ENSP00000317872|entry=RBBP6_HUMAN|source=pfam27|protein_name=E3,SEG,1726,1749,24,mRNA,distal_terminal,basic_enriched_region,Q7Z6E9,0.0,0.0,0.0,0.04166666666666666,0.0,0.0,0.1666666666666667,0.0,0.75,0.0,0.0,0.0,0.0,0.0,0.0,0.04166666666666666,0.0,0.0,0.0,0.0,1.0,0.9166666666666666,0.0,0.1666666666666667,0.8333333333333334,0.75,0.04166666666666666,0.7916666666666666,0.7083333333333334,0.04166666666666666,0,0,False,0,0,False,0,0,False,1,24.0,24,,,compact,2,11.0,15,1.0,0.0,compact,4,1.0,1,2.0,0.0,dispersed,5,4.0,12,1.0,0.0,dispersed,5,3.8,11,1.0,0.0,dispersed,0.631578947368421,1792.0,0.013392857142857142
P19338|ensembl_protein_id=ENSP00000318195|entry=NUCL_HUMAN|source=pfam27|protein_name=Nucleolin,SEG,142,168,27,snoRNA,distal_terminal,acidic_region,P19338,0.0,0.0,0.4444444444444444,0.4444444444444444,0.0,0.0,0.0,0.0,0.03703703703703703,0.0,0.0,0.0,0.0,0.0,0.0,0.07407407407407407,0.0,0.0,0.0,0.0,1.0,0.03703703703703703,0.0,0.0,0.5555555555555556,0.03703703703703703,0.8888888888888888,0.9259259259259259,-0.8518518518518519,0.07407407407407407,0,0,False,0,0,False,0,0,False,1,27.0,27,,,compact,1,1.0,1,,,dispersed,0,,0,,,insufficient,9,1.666666666666667,3,1.375,0.5061603966209111,dispersed,3,8.333333333333334,15,1.0,0.0,compact,0.0,710.0,0.038028169014084505
P19338|ensembl_protein_id=ENSP00000318195|entry=NUCL_HUMAN|source=pfam27|protein_name=Nucleolin,SEG,183,208,26,snoRNA,distal_terminal,acidic_region,P19338,0.03846153846153846,0.0,0.5384615384615384,0.3461538461538461,0.0,0.0,0.0,0.0,0.0,0.0,0.0,0.0,0.0,0.0,0.0,0.07692307692307693,0.0,0.0,0.0,0.0,0.9615384615384616,0.03846153846153846,0.0,0.0,0.4615384615384616,0.0,0.8846153846153846,0.8846153846153846,-0.8846153846153846,0.07692307692307693,0,0,False,0,0,False,0,0,False,1,25.0,25,,,compact,1,1.0,1,,,dispersed,0,,0,,,insufficient,7,1.714285714285714,3,2.333333333333333,0.5345224838248487,dispersed,2,11.5,21,1.0,0.0,compact,0.0,710.0,0.036619718309859155
P19338|ensembl_protein_id=ENSP00000318195|entry=NUCL_HUMAN|source=pfam27|protein_name=Nucleolin,SEG,233,270,38,snoRNA,domain_adjacent,acidic_region,P19338,0.02631578947368421,0.0,0.4736842105263158,0.5,0.0,0.0,0.0,0.0,0.0,0.0,0.0,0.0,0.0,0.0,0.0,0.0,0.0,0.0,0.0,0.0,0.9736842105263158,0.02631578947368421,0.0,0.0,0.5263157894736842,0.0,0.9736842105263158,0.9736842105263158,-0.9736842105263158,0.0,0,0,False,0,0,False,0,0,False,1,37.0,37,,,compact,1,1.0,1,,,dispersed,0,,0,,,insufficient,9,2.222222222222222,9,2.25,0.6186404847588913,dispersed,1,37.0,37,,,compact,0.0,710.0,0.05352112676056338
P19338|ensembl_protein_id=ENSP00000318195|entry=NUCL_HUMAN|source=pfam27|protein_name=Nucleolin,SEG,650,697,48,snoRNA,domain_adjacent,rg_rgg_repeat_region,P19338,0.0,0.0,0.0,0.02083333333333333,0.1041666666666667,0.6666666666666666,0.0,0.0,0.0,0.0,0.0,0.0,0.0,0.0,0.2083333333333333,0.0,0.0,0.0,0.0,0.0,0.2291666666666667,0.7708333333333334,0.1041666666666667,0.1041666666666667,0.8958333333333334,0.2083333333333333,0.02083333333333333,0.2291666666666667,0.1875,0.6666666666666666,10,10,True,0,0,False,0,0,False,11,1.0,1,3.4,0.4200840252084029,dispersed,11,3.363636363636364,5,1.0,0.0,dispersed,5,1.0,1,8.25,0.3134569828117758,dispersed,6,7.166666666666667,12,1.0,0.0,dispersed,11,1.0,1,3.4,0.4200840252084029,dispersed,0.972972972972973,710.0,0.0676056338028169
Q13435|ensembl_protein_id=ENSP00000318861|entry=SF3B2_HUMAN|source=pfam27|protein_name=Splicing,SEG,90,119,30,mRNA,interdomain_linker,disorder_rich_spacer_region,Q13435,0.0,0.0,0.0,0.0,0.03333333333333333,0.1333333333333333,0.0,0.03333333333333333,0.0,0.1666666666666667,0.03333333333333333,0.0,0.5666666666666667,0.03333333333333333,0.0,0.0,0.0,0.0,0.0,0.0,0.03333333333333333,0.4,0.2666666666666667,0.03333333333333333,0.7333333333333333,0.0,0.0,0.0,0.0,0.1333333333333333,0,0,False,0,0,False,0,0,False,1,1.0,1,,,dispersed,5,2.4,6,4.5,0.8678055195451838,dispersed,1,1.0,1,,,dispersed,7,3.142857142857143,12,1.0,0.0,dispersed,0,,0,,,insufficient,0.0,895.0,0.0335195530726257
Q13435|ensembl_protein_id=ENSP00000318861|entry=SF3B2_HUMAN|source=pfam27|protein_name=Splicing,SEG,709,729,21,mRNA,distal_terminal,acidic_region,Q13435,0.0,0.0,0.09523809523809523,0.5714285714285714,0.0,0.04761904761904762,0.0,0.0,0.0,0.04761904761904762,0.0,0.0,0.04761904761904762,0.0,0.0,0.1904761904761905,0.0,0.0,0.0,0.0,0.8571428571428571,0.09523809523809523,0.04761904761904762,0.0,0.8571428571428571,0.0,0.6666666666666666,0.6666666666666666,-0.6666666666666666,0.2380952380952381,0,0,False,0,0,False,0,0,False,3,6.0,16,1.0,0.0,compact,2,1.0,1,1.0,0.0,dispersed,0,,0,,,insufficient,4,4.5,12,1.0,0.0,dispersed,5,2.8,7,1.5,0.3333333333333333,dispersed,0.0,895.0,0.02346368715083799
Q7KZ85|ensembl_protein_id=ENSP00000319104|entry=SPT6H_HUMAN|source=pfam27|protein_name=Transcription,SEG,31,42,12,mRNA,distal_terminal,acidic_region,Q7KZ85,0.0,0.0,0.25,0.6666666666666666,0.0,0.0,0.0,0.0,0.0,0.0,0.0,0.0,0.0,0.0,0.0,0.0,0.0,0.08333333333333333,0.0,0.0,0.9166666666666666,0.08333333333333333,0.08333333333333333,0.0,0.6666666666666666,0.0,0.9166666666666666,0.9166666666666666,-0.9166666666666666,0.0,0,0,False,0,0,False,0,0,False,1,11.0,11,,,compact,1,1.0,1,,,dispersed,0,,0,,,insufficient,2,4.0,5,3.0,0.0,compact,1,11.0,11,,,compact,0.0,1726.0,0.006952491309385863
Q8NAF0|ensembl_protein_id=ENSP00000320188|entry=ZN579_HUMAN|source=pfam27|protein_name=Zinc,SEG,15,35,21,unknown,domain_adjacent,rg_rgg_repeat_region,Q8NAF0,0.0,0.0,0.0,0.0,0.0,0.4761904761904762,0.04761904761904762,0.0,0.0,0.0,0.0,0.0,0.0,0.0,0.4761904761904762,0.0,0.0,0.0,0.0,0.0,0.5238095238095238,0.5238095238095238,0.0,0.04761904761904762,0.9523809523809523,0.4761904761904762,0.0,0.4761904761904762,0.4761904761904762,0.4761904761904762,10,10,True,0,0,False,0,0,False,10,1.1,2,1.0,0.0,dispersed,11,1.0,1,1.0,0.0,dispersed,1,1.0,1,,,dispersed,1,20.0,20,,,compact,10,1.0,1,1.0,0.0,dispersed,0.05882352941176471,562.0,0.037366548042704624
Q9BWU0|ensembl_protein_id=ENSP00000323837|entry=NADAP_HUMAN|source=pfam27|protein_name=Kanadaptin,SEG,587,615,29,unknown,distal_terminal,acidic_region,Q9BWU0,0.0,0.0,0.03448275862068965,0.5862068965517241,0.0,0.0,0.03448275862068965,0.0,0.2068965517241379,0.03448275862068965,0.03448275862068965,0.0,0.03448275862068965,0.0,0.0,0.0,0.0,0.03448275862068965,0.0,0.0,0.8620689655172413,0.3448275862068966,0.103448275862069,0.03448275862068965,0.8275862068965517,0.2068965517241379,0.6206896551724138,0.8275862068965517,-0.4137931034482759,0.0,0,0,False,0,0,False,0,0,False,3,8.333333333333334,21,1.0,0.0,compact,6,1.666666666666667,4,3.8,0.9902572485382516,dispersed,1,1.0,1,,,dispersed,4,6.0,16,1.0,0.0,dispersed,4,6.0,16,1.0,0.0,dispersed,0.2608695652173913,742.0,0.03908355795148248
Q8NDV7|ensembl_protein_id=ENSP00000326900|entry=TNR6A_HUMAN|source=pfam27|protein_name=Trinucleotide,SEG,92,126,35,mRNA,distal_terminal,polar_linker,Q8NDV7,0.0,0.0,0.0,0.0,0.0,0.0,0.0,0.0,0.0,0.0,0.0,0.02857142857142857,0.2285714285714286,0.7428571428571429,0.0,0.0,0.0,0.0,0.0,0.0,0.7714285714285715,0.0,0.0,0.0,0.9714285714285714,0.0,0.0,0.0,0.0,0.0,0,0,False,0,0,False,0,0,False,8,3.375,8,1.0,0.0,dispersed,0,,0,,,insufficient,0,,0,,,insufficient,1,34.0,34,,,compact,0,,0,,,insufficient,0.0,1962.0,0.01783893985728848
Q6P9B9|ensembl_protein_id=ENSP00000327889|entry=INT5_HUMAN|source=pfam27|protein_name=Integrator,SEG,253,267,15,snRNA,interdomain_linker,gs_rich_neutral_region,Q6P9B9,0.1333333333333333,0.0,0.0,0.0,0.0,0.5333333333333333,0.06666666666666667,0.0,0.0,0.0,0.0,0.0,0.0,0.0,0.0,0.2666666666666667,0.0,0.0,0.0,0.0,0.3333333333333333,0.7333333333333333,0.0,0.06666666666666667,0.9333333333333333,0.0,0.0,0.0,0.0,0.8,0,0,False,0,0,False,3,3,True,3,1.666666666666667,2,5.0,0.6,dispersed,2,5.5,9,2.0,0.0,compact,1,1.0,1,,,dispersed,1,14.0,14,,,compact,0,,0,,,insufficient,0.0,1019.0,0.014720314033366046
P98175|ensembl_protein_id=ENSP00000328848|entry=RBM10_HUMAN|source=pfam27|protein_name=RNA-binding,SEG,112,124,13,mRNA,domain_adjacent,acidic_region,P98175,0.0,0.0,0.07692307692307693,0.8461538461538461,0.0,0.07692307692307693,0.0,0.0,0.0,0.0,0.0,0.0,0.0,0.0,0.0,0.0,0.0,0.0,0.0,0.0,0.9230769230769231,0.07692307692307693,0.0,0.0,0.9230769230769231,0.0,0.9230769230769231,0.9230769230769231,-0.9230769230769231,0.07692307692307693,0,0,False,0,0,False,0,0,False,1,12.0,12,,,compact,1,1.0,1,,,dispersed,0,,0,,,insufficient,2,6.0,8,1.0,0.0,compact,1,12.0,12,,,compact,0.0,930.0,0.013978494623655914
Q6ZN04|ensembl_protein_id=ENSP00000329918|entry=MEX3B_HUMAN|source=pfam27|protein_name=RNA-binding,SEG,12,24,13,mRNA,domain_adjacent,gs_rich_neutral_region,Q6ZN04,0.0,0.0,0.0,0.0,0.0,0.6923076923076923,0.0,0.0,0.0,0.0,0.0,0.07692307692307693,0.0,0.0,0.0,0.2307692307692308,0.0,0.0,0.0,0.0,0.3076923076923077,0.6923076923076923,0.0,0.0,0.9230769230769231,0.0,0.0,0.0,0.0,0.9230769230769231,0,0,False,0,0,False,3,3,True,3,1.333333333333333,2,3.5,0.7142857142857143,dispersed,3,3.0,6,1.5,0.3333333333333333,compact,0,,0,,,insufficient,1,12.0,12,,,compact,0,,0,,,insufficient,0.0,569.0,0.022847100175746926
Q6ZN04|ensembl_protein_id=ENSP00000329918|entry=MEX3B_HUMAN|source=pfam27|protein_name=RNA-binding,SEG,392,407,16,mRNA,distal_terminal,disorder_rich_spacer_region,Q6ZN04,0.125,0.0625,0.0,0.0,0.0,0.0,0.0,0.0,0.0,0.0,0.0,0.0,0.0,0.0,0.0,0.75,0.0,0.0625,0.0,0.0,0.75,0.25,0.0625,0.0,0.875,0.0,0.0,0.0,0.0,0.75,0,0,False,0,0,False,0,0,False,4,3.0,3,1.0,0.0,dispersed,4,1.0,1,3.0,0.0,dispersed,0,,0,,,insufficient,2,7.0,11,1.0,0.0,compact,0,,0,,,insufficient,0.0,569.0,0.028119507908611598
Q6ZN04|ensembl_protein_id=ENSP00000329918|entry=MEX3B_HUMAN|source=pfam27|protein_name=RNA-binding,SEG,490,508,19,mRNA,distal_terminal,disorder_rich_spacer_region,Q6ZN04,0.0,0.0,0.0,0.0,0.0,0.05263157894736842,0.0,0.0,0.0,0.0,0.0,0.0,0.0,0.0,0.0,0.8947368421052632,0.05263157894736842,0.0,0.0,0.0,0.9473684210526315,0.1052631578947368,0.0,0.0,0.9473684210526315,0.0,0.0,0.0,0.0,0.9473684210526315,0,0,False,0,0,False,1,0,False,2,9.0,16,1.0,0.0,compact,2,1.0,1,1.0,0.0,dispersed,0,,0,,,insufficient,1,18.0,18,,,compact,0,,0,,,insufficient,0.0,569.0,0.033391915641476276
B0QYK0|ensembl_protein_id=ENSP00000330516|entry=B0QYK0_HUMAN|source=pfam27|protein_name=RNA-binding,SEG,428,453,26,mRNA,interdomain_linker,disorder_rich_spacer_region,B0QYK0,0.0,0.0,0.0,0.0,0.0,0.4615384615384616,0.0,0.0,0.0,0.03846153846153846,0.1153846153846154,0.0,0.2692307692307692,0.0,0.1153846153846154,0.0,0.0,0.0,0.0,0.0,0.1153846153846154,0.6153846153846154,0.1538461538461539,0.0,0.8461538461538461,0.1153846153846154,0.0,0.1153846153846154,0.1153846153846154,0.4615384615384616,2,0,False,0,0,False,0,0,False,3,1.0,1,8.5,0.6470588235294118,dispersed,9,1.777777777777778,3,1.25,0.5291502622129182,dispersed,0,,0,,,insufficient,4,5.5,13,1.0,0.0,dispersed,3,1.0,1,8.5,0.6470588235294118,dispersed,0.0,618.0,0.042071197411003236
B0QYK0|ensembl_protein_id=ENSP00000330516|entry=B0QYK0_HUMAN|source=pfam27|protein_name=RNA-binding,SEG,521,538,18,mRNA,domain_adjacent,rg_rgg_repeat_region,B0QYK0,0.0,0.0,0.05555555555555555,0.0,0.0,0.5555555555555556,0.0,0.0,0.0,0.0,0.05555555555555555,0.0,0.1111111111111111,0.0,0.2222222222222222,0.0,0.0,0.0,0.0,0.0,0.2777777777777778,0.6111111111111112,0.05555555555555555,0.0,0.8888888888888888,0.2222222222222222,0.05555555555555555,0.2777777777777778,0.1666666666666667,0.5555555555555556,4,4,True,0,0,False,0,0,False,4,1.25,2,3.0,0.7200822998230957,dispersed,6,1.833333333333333,3,1.2,0.3333333333333334,dispersed,0,,0,,,insufficient,3,5.333333333333333,8,1.0,0.0,compact,4,1.25,2,3.0,0.7200822998230957,dispersed,0.0,618.0,0.02912621359223301
B0QYK0|ensembl_protein_id=ENSP00000330516|entry=B0QYK0_HUMAN|source=pfam27|protein_name=RNA-binding,SEG,549,565,17,mRNA,domain_adjacent,rg_rgg_repeat_region,B0QYK0,0.0,0.0,0.05882352941176471,0.0,0.1176470588235294,0.4705882352941176,0.0,0.0,0.0,0.0,0.05882352941176471,0.0,0.0,0.0,0.2941176470588235,0.0,0.0,0.0,0.0,0.0,0.3529411764705883,0.6470588235294118,0.1764705882352941,0.1176470588235294,0.7647058823529411,0.2941176470588235,0.05882352941176471,0.3529411764705883,0.2352941176470588,0.4705882352941176,4,4,True,0,0,False,0,0,False,5,1.2,2,2.25,0.1924500897298752,dispersed,5,2.2,3,1.25,0.3464101615137755,dispersed,2,1.0,1,10.0,0.0,dispersed,3,4.333333333333333,6,1.0,0.0,compact,5,1.2,2,2.25,0.1924500897298752,dispersed,0.5384615384615384,618.0,0.02750809061488673
Q00577|ensembl_protein_id=ENSP00000332706|entry=PURA_HUMAN|source=pfam27|protein_name=Transcriptional,SEG,17,52,36,mRNA,domain_adjacent,gs_rich_neutral_region,Q00577,0.02777777777777778,0.0,0.0,0.0,0.0,0.6944444444444444,0.02777777777777778,0.0,0.0,0.02777777777777778,0.0,0.0,0.05555555555555555,0.0,0.0,0.1666666666666667,0.0,0.0,0.0,0.0,0.1944444444444444,0.7777777777777778,0.02777777777777778,0.02777777777777778,0.9444444444444444,0.0,0.0,0.0,0.0,0.8611111111111112,0,0,False,0,0,False,6,5,True,7,1.0,1,3.333333333333333,1.170469991071962,dispersed,8,3.5,12,1.0,0.0,dispersed,1,1.0,1,,,dispersed,3,11.33333333333333,29,1.0,0.0,compact,0,,0,,,insufficient,0.0,322.0,0.11180124223602485
F8W6I7|ensembl_protein_id=ENSP00000333504|entry=F8W6I7_HUMAN|source=pfam27|protein_name=Heterogeneous,SEG,289,303,15,mRNA,domain_adjacent,gs_rich_neutral_region,F8W6I7,0.0,0.0,0.0,0.0,0.0,0.3333333333333333,0.0,0.0,0.0,0.0,0.0,0.0,0.0,0.06666666666666667,0.0,0.4666666666666667,0.0,0.0,0.0,0.1333333333333333,0.6666666666666666,0.4666666666666667,0.1333333333333333,0.1333333333333333,0.8666666666666667,0.0,0.0,0.0,0.0,0.8,0,0,False,0,0,False,2,0,False,4,2.5,7,1.666666666666667,0.282842712474619,dispersed,2,3.5,5,6.0,0.0,dispersed,2,1.0,1,8.0,0.0,dispersed,3,4.333333333333333,8,1.0,0.0,compact,0,,0,,,insufficient,0.0,307.0,0.048859934853420196
Q8WXA9|ensembl_protein_id=ENSP00000334538|entry=SREK1_HUMAN|source=pfam27|protein_name=Splicing,SEG,278,294,17,mRNA,distal_terminal,disorder_rich_spacer_region,Q8WXA9,0.0,0.0,0.05882352941176471,0.4705882352941176,0.0,0.0,0.0,0.0,0.2352941176470588,0.0,0.0,0.0,0.0,0.0,0.2352941176470588,0.0,0.0,0.0,0.0,0.0,1.0,0.2352941176470588,0.0,0.0,0.9411764705882353,0.4705882352941176,0.5294117647058824,1.0,-0.05882352941176471,0.0,0,0,False,0,0,False,0,0,False,1,17.0,17,,,compact,4,1.0,1,3.0,0.5443310539518174,dispersed,0,,0,,,insufficient,1,16.0,16,,,compact,1,17.0,17,,,compact,0.0,508.0,0.03346456692913386
Q8WXA9|ensembl_protein_id=ENSP00000334538|entry=SREK1_HUMAN|source=pfam27|protein_name=Splicing,SEG,370,395,26,mRNA,distal_terminal,sr_rs_repeat_region,Q8WXA9,0.03846153846153846,0.0,0.0,0.03846153846153846,0.0,0.0,0.0,0.0,0.0,0.0,0.0,0.0,0.03846153846153846,0.0,0.4615384615384616,0.3846153846153846,0.03846153846153846,0.0,0.0,0.0,0.9230769230769231,0.07692307692307693,0.0,0.0,0.9615384615384616,0.4615384615384616,0.03846153846153846,0.5,0.4230769230769231,0.3846153846153846,0,0,False,7,7,True,0,0,False,2,12.0,22,1.0,0.0,compact,2,1.0,1,24.0,0.0,dispersed,0,,0,,,insufficient,1,25.0,25,,,compact,6,2.166666666666667,7,2.0,0.4472135954999579,dispersed,0.0,508.0,0.051181102362204724
Q92973|ensembl_protein_id=ENSP00000336712|entry=TNPO1_HUMAN|source=pfam27|protein_name=Transportin-1,SEG,357,375,19,mRNA,distal_terminal,acidic_region,Q92973,0.0,0.0,0.5263157894736842,0.2631578947368421,0.0,0.05263157894736842,0.05263157894736842,0.1052631578947368,0.0,0.0,0.0,0.0,0.0,0.0,0.0,0.0,0.0,0.0,0.0,0.0,0.8421052631578947,0.2105263157894737,0.1052631578947368,0.05263157894736842,0.3157894736842105,0.0,0.7894736842105263,0.7894736842105263,-0.7894736842105263,0.05263157894736842,0,0,False,0,0,False,0,0,False,3,5.333333333333333,9,1.5,0.3333333333333333,compact,3,1.333333333333333,2,6.0,0.5,dispersed,1,1.0,1,,,dispersed,4,1.5,3,2.333333333333333,0.8081220356417685,dispersed,3,5.0,9,1.5,0.3333333333333333,compact,0.0,898.0,0.021158129175946547
Q6PKG0|ensembl_protein_id=ENSP00000336721|entry=LARP1_HUMAN|source=pfam27|protein_name=La-related,SEG,91,111,21,mRNA,distal_terminal,disorder_rich_spacer_region,Q6PKG0,0.2857142857142857,0.0,0.04761904761904762,0.1428571428571428,0.0,0.4761904761904762,0.0,0.0,0.0,0.0,0.0,0.0,0.04761904761904762,0.0,0.0,0.0,0.0,0.0,0.0,0.0,0.1904761904761905,0.7619047619047619,0.0,0.0,0.9523809523809523,0.0,0.1904761904761905,0.1904761904761905,-0.1904761904761905,0.4761904761904762,0,0,False,0,0,False,0,0,False,3,1.333333333333333,2,2.0,0.5,dispersed,3,5.333333333333333,12,2.0,0.0,compact,0,,0,,,insufficient,1,20.0,20,,,compact,3,1.333333333333333,2,2.0,0.5,dispersed,0.0,1096.0,0.01916058394160584
Q6PKG0|ensembl_protein_id=ENSP00000336721|entry=LARP1_HUMAN|source=pfam27|protein_name=La-related,SEG,337,356,20,mRNA,domain_adjacent,rg_rgg_repeat_region,Q6PKG0,0.0,0.0,0.0,0.0,0.05,0.45,0.0,0.0,0.0,0.0,0.0,0.0,0.0,0.0,0.45,0.0,0.05,0.0,0.0,0.0,0.5,0.55,0.05,0.05,0.9,0.45,0.0,0.45,0.45,0.45,8,8,True,0,0,False,0,0,False,9,1.111111111111111,2,1.125,0.2939723678960656,dispersed,9,1.222222222222222,3,1.0,0.0,dispersed,1,1.0,1,,,dispersed,2,9.0,17,1.0,0.0,compact,9,1.0,1,1.25,0.5291502622129182,dispersed,0.0625,1096.0,0.01824817518248175
Q13523|ensembl_protein_id=ENSP00000337194|entry=PRP4K_HUMAN|source=pfam27|protein_name=Serine/threonine-protein,SEG,40,60,21,snRNA,unclassified_no_pfam,basic_enriched_region,Q13523,0.0,0.0,0.0,0.0,0.0,0.0,0.3333333333333333,0.0,0.4285714285714285,0.0,0.0,0.0,0.0,0.0,0.09523809523809523,0.1428571428571428,0.0,0.0,0.0,0.0,1.0,0.7619047619047619,0.0,0.3333333333333333,0.6666666666666666,0.5238095238095238,0.0,0.5238095238095238,0.5238095238095238,0.1428571428571428,0,0,False,2,0,False,0,0,False,1,21.0,21,,,compact,3,5.333333333333333,8,2.0,0.0,compact,7,1.0,1,2.166666666666667,0.4925480182640654,dispersed,7,2.0,4,1.0,0.0,dispersed,7,1.571428571428571,4,1.0,0.0,dispersed,1.0,1007.0,0.020854021847070508
Q13523|ensembl_protein_id=ENSP00000337194|entry=PRP4K_HUMAN|source=pfam27|protein_name=Serine/threonine-protein,SEG,63,78,16,snRNA,unclassified_no_pfam,basic_enriched_region,Q13523,0.0,0.0,0.125,0.0625,0.0,0.0,0.3125,0.0,0.5,0.0,0.0,0.0,0.0,0.0,0.0,0.0,0.0,0.0,0.0,0.0,1.0,0.8125,0.0,0.3125,0.5625,0.5,0.1875,0.6875,0.3125,0.0,0,0,False,0,0,False,0,0,False,1,16.0,16,,,compact,2,6.5,12,1.0,0.0,compact,5,1.0,1,1.25,0.3464101615137755,dispersed,7,1.285714285714286,2,1.0,0.0,dispersed,5,2.2,6,1.0,0.0,dispersed,0.8333333333333334,1007.0,0.015888778550148957
Q13523|ensembl_protein_id=ENSP00000337194|entry=PRP4K_HUMAN|source=pfam27|protein_name=Serine/threonine-protein,SEG,447,472,26,snRNA,unclassified_no_pfam,sr_rs_repeat_region,Q13523,0.0,0.0,0.03846153846153846,0.0,0.0,0.0,0.0,0.03846153846153846,0.0,0.03846153846153846,0.0,0.0,0.1153846153846154,0.0,0.5384615384615384,0.2307692307692308,0.0,0.0,0.0,0.0,0.8076923076923077,0.07692307692307693,0.07692307692307693,0.0,0.8846153846153846,0.5384615384615384,0.03846153846153846,0.5769230769230769,0.5,0.2307692307692308,0,0,False,6,6,True,0,0,False,4,5.25,6,1.333333333333333,0.3535533905932738,dispersed,2,1.0,1,7.0,0.0,dispersed,0,,0,,,insufficient,2,11.5,16,1.0,0.0,compact,7,2.142857142857143,4,1.666666666666667,0.447213595499958,dispersed,0.0,1007.0,0.025819265143992055
Q13523|ensembl_protein_id=ENSP00000337194|entry=PRP4K_HUMAN|source=pfam27|protein_name=Serine/threonine-protein,SEG,468,496,29,snRNA,unclassified_no_pfam,sr_rs_repeat_region,Q13523,0.0,0.0,0.03448275862068965,0.0,0.0,0.103448275862069,0.0,0.0,0.0,0.03448275862068965,0.0,0.0,0.03448275862068965,0.0,0.6206896551724138,0.1724137931034483,0.0,0.0,0.0,0.0,0.8275862068965517,0.1379310344827586,0.03448275862068965,0.0,0.9310344827586207,0.6206896551724138,0.03448275862068965,0.6551724137931034,0.5862068965517241,0.2758620689655172,2,0,False,5,5,True,0,0,False,4,6.0,7,1.333333333333333,0.3535533905932738,dispersed,3,1.333333333333333,2,6.5,0.07692307692307693,dispersed,0,,0,,,insufficient,3,9.0,15,1.0,0.0,compact,9,2.111111111111111,5,1.125,0.2939723678960656,dispersed,0.0,1007.0,0.028798411122144985
Q9Y388|ensembl_protein_id=ENSP00000339090|entry=RBMX2_HUMAN|source=pfam27;pfam38|protein_name=RNA-binding,SEG,155,173,19,mRNA,domain_adjacent,basic_enriched_region,Q9Y388,0.0,0.0,0.05263157894736842,0.1578947368421053,0.0,0.0,0.05263157894736842,0.0,0.6842105263157895,0.0,0.0,0.0,0.0,0.0,0.0,0.0,0.05263157894736842,0.0,0.0,0.0,1.0,0.7894736842105263,0.0,0.05263157894736842,0.8421052631578947,0.6842105263157895,0.2105263157894737,0.8947368421052632,0.4736842105263158,0.0,0,0,False,0,0,False,0,0,False,1,19.0,19,,,compact,4,3.75,6,1.0,0.0,dispersed,1,1.0,1,,,dispersed,3,5.333333333333333,12,1.0,0.0,compact,2,8.5,15,1.0,0.0,compact,0.2666666666666667,322.0,0.059006211180124224
Q86U06|ensembl_protein_id=ENSP00000339220|entry=RBM23_HUMAN|source=pfam27|protein_name=Probable,SEG,384,399,16,mRNA,domain_adjacent,disorder_rich_spacer_region,Q86U06,0.75,0.0,0.0,0.0,0.0,0.0,0.0,0.0,0.0,0.0625,0.0,0.0,0.0,0.125,0.0,0.0,0.0625,0.0,0.0,0.0,0.1875,0.875,0.0625,0.0,0.875,0.0,0.0,0.0,0.0,0.0,0,0,False,0,0,False,0,0,False,3,1.0,1,6.5,0.3846153846153846,dispersed,2,7.0,10,1.0,0.0,compact,0,,0,,,insufficient,2,7.0,13,1.0,0.0,compact,0,,0,,,insufficient,0.0,439.0,0.03644646924829157
P06748|ensembl_protein_id=ENSP00000341168|entry=NPM_HUMAN|source=pfam27|protein_name=Nucleophosmin,SEG,158,187,30,pre-rRNA,domain_adjacent,acidic_region,P06748,0.1,0.0,0.6,0.2333333333333333,0.03333333333333333,0.0,0.0,0.0,0.0,0.03333333333333333,0.0,0.0,0.0,0.0,0.0,0.0,0.0,0.0,0.0,0.0,0.8333333333333334,0.1666666666666667,0.06666666666666667,0.03333333333333333,0.3333333333333333,0.0,0.8333333333333334,0.8333333333333334,-0.8333333333333334,0.0,0,0,False,0,0,False,0,0,False,3,8.333333333333334,20,1.0,0.0,compact,3,1.666666666666667,3,12.0,0.6666666666666666,dispersed,1,1.0,1,,,dispersed,5,2.0,4,4.75,0.6381239817359021,dispersed,3,8.333333333333334,20,1.0,0.0,compact,0.0,294.0,0.10204081632653061
Q13485|ensembl_protein_id=ENSP00000341551|entry=SMAD4_HUMAN|source=pfam27|protein_name=SMAD,SEG,445,465,21,ncRNA,unclassified_no_pfam,disorder_rich_spacer_region,Q13485,0.5238095238095238,0.0,0.0,0.0,0.0,0.0,0.0,0.0,0.0,0.0,0.04761904761904762,0.0,0.0,0.2857142857142857,0.04761904761904762,0.0,0.04761904761904762,0.04761904761904762,0.0,0.0,0.3809523809523809,0.6666666666666666,0.09523809523809523,0.0,0.8571428571428571,0.04761904761904762,0.0,0.04761904761904762,0.04761904761904762,0.0,0,0,False,0,0,False,0,0,False,5,1.6,3,2.25,0.7286042804780001,dispersed,4,3.5,5,1.666666666666667,0.565685424949238,dispersed,0,,0,,,insufficient,3,6.0,11,1.0,0.0,compact,1,1.0,1,,,dispersed,0.0,552.0,0.03804347826086957
Q04637|ensembl_protein_id=ENSP00000343450|entry=IF4G1_HUMAN|source=pfam27|protein_name=Eukaryotic,SEG,453,476,24,mRNA,distal_terminal,acidic_region,Q04637,0.125,0.0,0.0,0.625,0.0,0.125,0.0,0.0,0.0,0.0,0.04166666666666666,0.0,0.0,0.04166666666666666,0.0,0.04166666666666666,0.0,0.0,0.0,0.0,0.7083333333333334,0.2916666666666667,0.04166666666666666,0.0,0.9583333333333334,0.0,0.625,0.625,-0.625,0.1666666666666667,0,0,False,0,0,False,0,0,False,6,2.833333333333333,8,1.4,0.3499271061118826,dispersed,5,1.4,2,2.75,1.102214150271104,dispersed,0,,0,,,insufficient,2,11.5,19,1.0,0.0,compact,6,2.5,8,1.4,0.3499271061118826,dispersed,0.0,1599.0,0.0150093808630394
Q96MT3|ensembl_protein_id=ENSP00000345064|entry=PRIC1_HUMAN|source=pfam38|protein_name=Prickle-like,SEG,756,774,19,unknown,unclassified_no_pfam,acidic_region,Q96MT3,0.0,0.05263157894736842,0.2105263157894737,0.1578947368421053,0.0,0.05263157894736842,0.0,0.0,0.0,0.0,0.0,0.0,0.0,0.0,0.0,0.4736842105263158,0.0,0.0,0.05263157894736842,0.0,0.8947368421052632,0.1578947368421053,0.05263157894736842,0.05263157894736842,0.6842105263157895,0.0,0.3684210526315789,0.3684210526315789,-0.3684210526315789,0.5263157894736842,0,0,False,0,0,False,0,0,False,2,8.5,11,1.0,0.0,compact,2,1.5,2,5.0,0.0,dispersed,1,1.0,1,,,dispersed,4,3.25,7,2.0,0.408248290463863,dispersed,3,2.333333333333333,4,5.5,0.8181818181818182,dispersed,0.0,831.0,0.02286401925391095
Q9UJV8|ensembl_protein_id=ENSP00000345168|entry=PURG_HUMAN|source=pfam27|protein_name=Purine-rich,SEG,4,16,13,mRNA,domain_adjacent,rg_rgg_repeat_region,Q9UJV8,0.07692307692307693,0.0,0.0,0.0,0.0,0.5384615384615384,0.0,0.0,0.0,0.0,0.0,0.0,0.0,0.0,0.3846153846153846,0.0,0.0,0.0,0.0,0.0,0.3846153846153846,0.6153846153846154,0.0,0.0,1.0,0.3846153846153846,0.0,0.3846153846153846,0.3846153846153846,0.5384615384615384,3,3,True,0,0,False,0,0,False,3,1.666666666666667,3,3.0,0.6666666666666666,dispersed,4,2.0,5,1.666666666666667,0.565685424949238,dispersed,0,,0,,,insufficient,1,13.0,13,,,compact,3,1.666666666666667,3,3.0,0.6666666666666666,dispersed,0.0,347.0,0.037463976945244955
Q14157|ensembl_protein_id=ENSP00000345308|entry=UBP2L_HUMAN|source=pfam27|protein_name=Ubiquitin-associated,SEG,171,189,19,mRNA,unclassified_no_pfam,rg_rgg_repeat_region,Q14157,0.0,0.0,0.0,0.05263157894736842,0.0,0.4736842105263158,0.0,0.0,0.0,0.0,0.0,0.0,0.0,0.0,0.4210526315789473,0.05263157894736842,0.0,0.0,0.0,0.0,0.5263157894736842,0.4736842105263158,0.0,0.0,1.0,0.4210526315789473,0.05263157894736842,0.4736842105263158,0.3684210526315789,0.5263157894736842,6,6,True,0,0,False,1,0,False,7,1.428571428571429,2,1.166666666666667,0.3194382824999699,dispersed,7,1.285714285714286,2,1.333333333333333,0.3535533905932738,dispersed,0,,0,,,insufficient,1,19.0,19,,,compact,6,1.5,2,1.6,0.7499999999999999,dispersed,0.0,1087.0,0.017479300827966882
Q8WW36|ensembl_protein_id=ENSP00000345633|entry=ZCH13_HUMAN|source=pfam27|protein_name=Zinc,SEG,20,34,15,mRNA,domain_adjacent,arginine_rich_rna_contact_region,Q8WW36,0.06666666666666667,0.0,0.0,0.0,0.0,0.5333333333333333,0.06666666666666667,0.0,0.0,0.0,0.0,0.0,0.06666666666666667,0.0,0.2666666666666667,0.0,0.0,0.0,0.0,0.0,0.3333333333333333,0.6666666666666666,0.0,0.06666666666666667,0.9333333333333333,0.2666666666666667,0.0,0.2666666666666667,0.2666666666666667,0.5333333333333333,2,0,False,0,0,False,0,0,False,4,1.25,2,3.0,0.5443310539518174,dispersed,2,5.0,5,2.0,0.0,dispersed,1,1.0,1,,,dispersed,2,7.0,12,1.0,0.0,compact,3,1.333333333333333,2,5.0,0.0,dispersed,0.1818181818181818,166.0,0.09036144578313253
P22626|ensembl_protein_id=ENSP00000346694|entry=ROA2_HUMAN|source=pfam27|protein_name=Heterogeneous,SEG,256,276,21,mRNA,interdomain_linker,aromatic_sticker_region,P22626,0.0,0.0,0.0,0.0,0.04761904761904762,0.6190476190476191,0.0,0.0,0.0,0.0,0.0,0.0,0.09523809523809523,0.0,0.04761904761904762,0.04761904761904762,0.0,0.0,0.0,0.1428571428571428,0.2380952380952381,0.8095238095238095,0.1904761904761905,0.1904761904761905,0.8095238095238095,0.04761904761904762,0.0,0.04761904761904762,0.04761904761904762,0.6666666666666666,1,0,False,0,0,False,1,0,False,5,1.0,1,3.25,0.5044183480232308,dispersed,4,4.25,7,1.333333333333333,0.3535533905932738,dispersed,4,1.0,1,5.666666666666667,0.08318903308077029,dispersed,3,5.666666666666667,6,1.0,0.0,dispersed,1,1.0,1,,,dispersed,0.1764705882352941,353.0,0.059490084985835696
P18583|ensembl_protein_id=ENSP00000348984|entry=SON_HUMAN|source=pfam27|protein_name=Protein,SEG,105,129,25,mRNA,distal_terminal,basic_enriched_region,P18583,0.0,0.0,0.0,0.08,0.0,0.0,0.08,0.0,0.68,0.0,0.0,0.04,0.0,0.0,0.0,0.04,0.04,0.0,0.0,0.04,1.0,0.84,0.04,0.12,0.8,0.68,0.08,0.76,0.6,0.04,0,0,False,0,0,False,0,0,False,1,25.0,25,,,compact,5,4.2,7,1.0,0.0,dispersed,3,1.0,1,8.0,0.75,dispersed,4,5.0,12,1.0,0.0,dispersed,5,3.8,12,1.0,0.0,dispersed,0.5,2426.0,0.010305028854080791
P18583|ensembl_protein_id=ENSP00000348984|entry=SON_HUMAN|source=pfam27|protein_name=Protein,SEG,1857,1884,28,mRNA,distal_terminal,sr_rs_repeat_region,P18583,0.0,0.0,0.0,0.0,0.0,0.03571428571428571,0.03571428571428571,0.0,0.03571428571428571,0.0,0.0,0.0,0.0,0.03571428571428571,0.5,0.3214285714285715,0.03571428571428571,0.0,0.0,0.0,0.9642857142857143,0.1428571428571428,0.0,0.03571428571428571,0.9285714285714286,0.5357142857142857,0.0,0.5357142857142857,0.5357142857142857,0.3571428571428572,1,0,False,8,8,True,0,0,False,2,13.5,25,1.0,0.0,compact,4,1.0,1,7.333333333333333,0.9337562992806426,dispersed,1,1.0,1,,,dispersed,2,13.0,23,1.0,0.0,compact,10,1.5,5,1.333333333333333,0.5,dispersed,0.04545454545454546,2426.0,0.011541632316570486
P23246|ensembl_protein_id=ENSP00000349748|entry=SFPQ_HUMAN|source=pfam27|protein_name=Splicing,SEG,8,26,19,mRNA,distal_terminal,rg_rgg_repeat_region,P23246,0.0,0.0,0.0,0.0,0.05263157894736842,0.631578947368421,0.05263157894736842,0.0,0.0,0.0,0.0,0.0,0.0,0.0,0.2105263157894737,0.05263157894736842,0.0,0.0,0.0,0.0,0.3157894736842105,0.7368421052631579,0.05263157894736842,0.1052631578947368,0.8947368421052632,0.2105263157894737,0.0,0.2105263157894737,0.2105263157894737,0.6842105263157895,3,3,True,1,0,False,0,0,False,3,2.0,3,6.0,0.1666666666666667,dispersed,3,4.666666666666667,8,1.5,0.3333333333333333,compact,1,2.0,2,,,dispersed,2,8.5,9,2.0,0.0,compact,3,1.333333333333333,2,6.5,0.2307692307692308,dispersed,0.2666666666666667,707.0,0.026874115983026876
P23246|ensembl_protein_id=ENSP00000349748|entry=SFPQ_HUMAN|source=pfam27|protein_name=Splicing,SEG,57,103,47,mRNA,distal_terminal,aromatic_sticker_region,P23246,0.0,0.0,0.0,0.0,0.0,0.0,0.0851063829787234,0.02127659574468085,0.02127659574468085,0.0,0.0,0.0,0.5531914893617021,0.3191489361702128,0.0,0.0,0.0,0.0,0.0,0.0,0.425531914893617,0.1276595744680851,0.02127659574468085,0.0851063829787234,0.8936170212765957,0.02127659574468085,0.0,0.02127659574468085,0.02127659574468085,0.0,0,0,False,0,0,False,0,0,False,8,2.5,6,3.142857142857143,0.6893523130955955,dispersed,6,1.0,1,6.4,0.9196211855976351,dispersed,4,1.0,1,8.333333333333334,0.8217055433669654,dispersed,6,7.0,18,1.0,0.0,dispersed,1,1.0,1,,,dispersed,0.02702702702702703,707.0,0.06647807637906648
P78362|ensembl_protein_id=ENSP00000349863|entry=SRPK2_HUMAN|source=pfam27|protein_name=SRSF,SEG,20,47,28,mRNA,unclassified_no_pfam,disorder_rich_spacer_region,P78362,0.03571428571428571,0.0,0.03571428571428571,0.1071428571428571,0.0,0.0,0.0,0.0,0.0,0.07142857142857142,0.0,0.0,0.6785714285714286,0.0,0.0,0.0,0.03571428571428571,0.03571428571428571,0.0,0.0,0.1785714285714286,0.1785714285714286,0.1071428571428571,0.0,0.8214285714285714,0.0,0.1428571428571428,0.1428571428571428,-0.1428571428571428,0.0,0,0,False,0,0,False,0,0,False,4,1.25,2,1.333333333333333,0.3535533905932738,dispersed,4,1.25,2,5.666666666666667,0.9263538675308012,dispersed,0,,0,,,insufficient,5,4.6,13,1.25,0.3464101615137755,dispersed,3,1.333333333333333,2,2.5,0.6,dispersed,0.0,688.0,0.040697674418604654
O75179|ensembl_protein_id=ENSP00000351416|entry=ANR17_HUMAN|source=pfam27|protein_name=Ankyrin,SEG,87,115,29,unknown,distal_terminal,gs_rich_neutral_region,O75179,0.0,0.0,0.06896551724137931,0.03448275862068965,0.0,0.5172413793103449,0.0,0.0,0.0,0.0,0.0,0.103448275862069,0.0,0.0,0.0,0.2413793103448276,0.03448275862068965,0.0,0.0,0.0,0.4827586206896552,0.5517241379310345,0.0,0.0,0.7931034482758621,0.0,0.103448275862069,0.103448275862069,-0.103448275862069,0.7586206896551724,0,0,False,0,0,False,1,0,False,2,7.0,9,15.0,0.0,dispersed,1,16.0,16,,,compact,0,,0,,,insufficient,4,5.75,16,1.333333333333333,0.3535533905932738,dispersed,3,1.0,1,2.0,0.5,dispersed,0.0,2603.0,0.01114099116404149
O75179|ensembl_protein_id=ENSP00000351416|entry=ANR17_HUMAN|source=pfam27|protein_name=Ankyrin,SEG,112,133,22,unknown,distal_terminal,acidic_region,O75179,0.0,0.0,0.1818181818181818,0.4545454545454545,0.0,0.0,0.0,0.0,0.0,0.0,0.0,0.09090909090909091,0.0,0.0,0.0,0.1818181818181818,0.0,0.09090909090909091,0.0,0.0,0.9090909090909091,0.09090909090909091,0.09090909090909091,0.0,0.6363636363636364,0.0,0.6363636363636364,0.6363636363636364,-0.6363636363636364,0.1818181818181818,0,0,False,0,0,False,0,0,False,3,6.666666666666667,17,1.0,0.0,compact,2,1.0,1,2.0,0.0,dispersed,0,,0,,,insufficient,5,2.8,5,2.0,0.6123724356957945,dispersed,3,4.666666666666667,12,1.5,0.3333333333333333,compact,0.0,2603.0,0.008451786400307337
Q6P2E9|ensembl_protein_id=ENSP00000351811|entry=EDC4_HUMAN|source=pfam27|protein_name=Enhancer,SEG,610,628,19,mRNA,unclassified_no_pfam,disorder_rich_spacer_region,Q6P2E9,0.05263157894736842,0.0,0.0,0.0,0.0,0.05263157894736842,0.0,0.0,0.0,0.0,0.0,0.0,0.05263157894736842,0.0,0.0,0.8421052631578947,0.0,0.0,0.0,0.0,0.8421052631578947,0.1052631578947368,0.0,0.0,1.0,0.0,0.0,0.0,0.0,0.8947368421052632,0,0,False,0,0,False,1,0,False,3,5.333333333333333,10,1.0,0.0,compact,2,1.0,1,7.0,0.0,dispersed,0,,0,,,insufficient,1,19.0,19,,,compact,0,,0,,,insufficient,0.0,1401.0,0.013561741613133477
Q9NTZ6|ensembl_protein_id=ENSP00000352668|entry=RBM12_HUMAN|source=pfam27;pfam38|protein_name=RNA-binding,SEG,204,233,30,mRNA,interdomain_linker,disorder_rich_spacer_region,Q9NTZ6,0.0,0.0,0.0,0.0,0.0,0.0,0.0,0.1,0.0,0.03333333333333333,0.0,0.0,0.5666666666666667,0.0,0.0,0.06666666666666667,0.03333333333333333,0.2,0.0,0.0,0.1,0.3666666666666666,0.3333333333333333,0.0,0.6333333333333333,0.0,0.0,0.0,0.0,0.06666666666666667,0,0,False,0,0,False,0,0,False,3,1.0,1,12.5,0.12,dispersed,10,1.1,2,1.888888888888889,0.2999423243289874,dispersed,0,,0,,,insufficient,11,1.727272727272727,3,1.1,0.2727272727272727,dispersed,0,,0,,,insufficient,0.0,932.0,0.032188841201716736
Q9H7N4|ensembl_protein_id=ENSP00000353769|entry=SFR19_HUMAN|source=pfam27|protein_name=Splicing,SEG,183,222,40,mRNA,unclassified_no_pfam,disorder_rich_spacer_region,Q9H7N4,0.15,0.0,0.0,0.0,0.0,0.025,0.0,0.0,0.0,0.0,0.0,0.0,0.525,0.0,0.0,0.3,0.0,0.0,0.0,0.0,0.3,0.175,0.0,0.0,1.0,0.0,0.0,0.0,0.0,0.325,0,0,False,0,0,False,0,0,False,6,2.0,4,1.0,0.0,dispersed,7,1.0,1,5.5,1.347377822752467,dispersed,0,,0,,,insufficient,1,40.0,40,,,compact,0,,0,,,insufficient,0.0,1312.0,0.03048780487804878
Q9H7N4|ensembl_protein_id=ENSP00000353769|entry=SFR19_HUMAN|source=pfam27|protein_name=Splicing,SEG,267,287,21,mRNA,unclassified_no_pfam,acidic_region,Q9H7N4,0.0,0.0,0.04761904761904762,0.9047619047619048,0.0,0.0,0.0,0.0,0.0,0.0,0.0,0.0,0.04761904761904762,0.0,0.0,0.0,0.0,0.0,0.0,0.0,0.9523809523809523,0.0,0.0,0.0,0.9523809523809523,0.0,0.9523809523809523,0.9523809523809523,-0.9523809523809523,0.0,0,0,False,0,0,False,0,0,False,1,20.0,20,,,compact,0,,0,,,insufficient,0,,0,,,insufficient,2,10.0,16,1.0,0.0,compact,1,20.0,20,,,compact,0.0,1312.0,0.01600609756097561
Q9H7N4|ensembl_protein_id=ENSP00000353769|entry=SFR19_HUMAN|source=pfam27|protein_name=Splicing,SEG,565,593,29,mRNA,unclassified_no_pfam,sr_rs_repeat_region,Q9H7N4,0.06896551724137931,0.0,0.03448275862068965,0.0,0.0,0.0,0.03448275862068965,0.0,0.0,0.0,0.0,0.0,0.0,0.0,0.4482758620689655,0.3448275862068966,0.06896551724137931,0.0,0.0,0.0,0.9310344827586207,0.1724137931034483,0.0,0.03448275862068965,0.8620689655172413,0.4482758620689655,0.03448275862068965,0.4827586206896552,0.4137931034482759,0.3448275862068966,0,0,False,7,7,True,0,0,False,3,9.0,23,1.0,0.0,compact,4,1.25,2,7.0,0.5345224838248488,dispersed,1,1.0,1,,,dispersed,3,8.333333333333334,17,1.5,0.3333333333333333,compact,8,1.75,3,1.285714285714286,0.3513641844631533,dispersed,0.04347826086956522,1312.0,0.022103658536585365
Q9H7N4|ensembl_protein_id=ENSP00000353769|entry=SFR19_HUMAN|source=pfam27|protein_name=Splicing,SEG,596,613,18,mRNA,unclassified_no_pfam,sr_rs_repeat_region,Q9H7N4,0.05555555555555555,0.0,0.0,0.05555555555555555,0.0,0.05555555555555555,0.0,0.0,0.05555555555555555,0.0,0.0,0.0,0.0,0.0,0.5555555555555556,0.2222222222222222,0.0,0.0,0.0,0.0,0.8888888888888888,0.1666666666666667,0.0,0.0,1.0,0.6111111111111112,0.05555555555555555,0.6666666666666666,0.5555555555555556,0.2777777777777778,0,0,False,4,4,True,1,0,False,1,16.0,16,,,compact,3,1.0,1,7.5,0.06666666666666667,dispersed,0,,0,,,insufficient,1,18.0,18,,,compact,3,4.0,9,1.0,0.0,compact,0.0,1312.0,0.013719512195121951
Q9H7N4|ensembl_protein_id=ENSP00000353769|entry=SFR19_HUMAN|source=pfam27|protein_name=Splicing,SEG,776,789,14,mRNA,unclassified_no_pfam,unmapped_physicochemical_properties,Q9H7N4,0.0,0.0,0.5,0.0,0.0,0.07142857142857142,0.0,0.0,0.0,0.0,0.0,0.0,0.0,0.0,0.4285714285714285,0.0,0.0,0.0,0.0,0.0,0.9285714285714286,0.07142857142857142,0.0,0.0,0.5,0.4285714285714285,0.5,0.9285714285714286,-0.07142857142857142,0.07142857142857142,0,0,False,0,0,False,0,0,False,1,13.0,13,,,compact,1,1.0,1,,,dispersed,0,,0,,,insufficient,7,1.0,1,1.0,0.0,dispersed,1,13.0,13,,,compact,0.0,1312.0,0.010670731707317074
Q9H7N4|ensembl_protein_id=ENSP00000353769|entry=SFR19_HUMAN|source=pfam27|protein_name=Splicing,SEG,813,827,15,mRNA,unclassified_no_pfam,gs_rich_neutral_region,Q9H7N4,0.0,0.06666666666666667,0.0,0.0,0.0,0.1333333333333333,0.0,0.0,0.0,0.0,0.0,0.0,0.0,0.0,0.0,0.7333333333333333,0.0,0.06666666666666667,0.0,0.0,0.7333333333333333,0.2666666666666667,0.06666666666666667,0.0,0.8666666666666667,0.0,0.0,0.0,0.0,0.8666666666666667,0,0,False,0,0,False,2,0,False,4,2.75,7,1.0,0.0,dispersed,4,1.0,1,3.333333333333333,0.787400787401181,dispersed,0,,0,,,insufficient,2,6.5,12,1.0,0.0,compact,0,,0,,,insufficient,0.0,1312.0,0.011432926829268292
Q9H7N4|ensembl_protein_id=ENSP00000353769|entry=SFR19_HUMAN|source=pfam27|protein_name=Splicing,SEG,1021,1038,18,mRNA,unclassified_no_pfam,acidic_region,Q9H7N4,0.05555555555555555,0.0,0.0,0.9444444444444444,0.0,0.0,0.0,0.0,0.0,0.0,0.0,0.0,0.0,0.0,0.0,0.0,0.0,0.0,0.0,0.0,0.9444444444444444,0.05555555555555555,0.0,0.0,1.0,0.0,0.9444444444444444,0.9444444444444444,-0.9444444444444444,0.0,0,0,False,0,0,False,0,0,False,1,17.0,17,,,compact,1,1.0,1,,,dispersed,0,,0,,,insufficient,1,18.0,18,,,compact,1,17.0,17,,,compact,0.0,1312.0,0.013719512195121951
Q8IWZ3|ensembl_protein_id=ENSP00000354085|entry=ANKH1_HUMAN|source=pfam27|protein_name=Ankyrin,SEG,53,70,18,unknown,distal_terminal,gs_rich_neutral_region,Q8IWZ3,0.05555555555555555,0.0,0.0,0.0,0.0,0.5555555555555556,0.0,0.0,0.0,0.0,0.0,0.0,0.0,0.0,0.0,0.2777777777777778,0.05555555555555555,0.05555555555555555,0.0,0.0,0.3333333333333333,0.7222222222222222,0.05555555555555555,0.0,0.8888888888888888,0.0,0.0,0.0,0.0,0.8333333333333334,0,0,False,0,0,False,5,5,True,5,1.2,2,2.25,0.5773502691896257,dispersed,5,2.6,4,1.25,0.3464101615137755,dispersed,0,,0,,,insufficient,3,5.333333333333333,11,1.0,0.0,compact,0,,0,,,insufficient,0.0,2542.0,0.007081038552321007
Q8IWZ3|ensembl_protein_id=ENSP00000354085|entry=ANKH1_HUMAN|source=pfam27|protein_name=Ankyrin,SEG,1451,1472,22,unknown,distal_terminal,arginine_rich_rna_contact_region,Q8IWZ3,0.04545454545454546,0.0,0.0,0.2272727272727273,0.0,0.0,0.0,0.0,0.4545454545454545,0.0,0.0,0.0,0.0,0.09090909090909091,0.1818181818181818,0.0,0.0,0.0,0.0,0.0,0.9545454545454546,0.5,0.0,0.0,1.0,0.6363636363636364,0.2272727272727273,0.8636363636363636,0.4090909090909091,0.0,0,0,False,0,0,False,0,0,False,1,21.0,21,,,compact,7,1.571428571428571,4,1.5,0.5091750772173156,dispersed,0,,0,,,insufficient,1,22.0,22,,,compact,3,6.333333333333333,15,1.0,0.0,compact,0.0,2542.0,0.00865460267505901
P49760|ensembl_protein_id=ENSP00000354856|entry=CLK2_HUMAN|source=pfam27|protein_name=Dual,SEG,108,125,18,mRNA,unclassified_no_pfam,sr_rs_repeat_region,P49760,0.0,0.0,0.0,0.0,0.0,0.0,0.05555555555555555,0.0,0.05555555555555555,0.0,0.0,0.0,0.0,0.05555555555555555,0.5555555555555556,0.2222222222222222,0.0,0.0,0.0,0.05555555555555555,1.0,0.1666666666666667,0.05555555555555555,0.1111111111111111,0.8888888888888888,0.6111111111111112,0.0,0.6111111111111112,0.6111111111111112,0.2222222222222222,0,0,False,4,4,True,0,0,False,1,18.0,18,,,compact,2,1.5,2,8.0,0.0,dispersed,2,1.0,1,9.0,0.0,dispersed,2,8.0,9,1.0,0.0,compact,4,2.75,6,1.666666666666667,0.282842712474619,dispersed,0.4285714285714285,499.0,0.036072144288577156
Q9NVH2|ensembl_protein_id=ENSP00000355961|entry=INT7_HUMAN|source=pfam27|protein_name=Integrator,SEG,941,954,14,snRNA,unclassified_no_pfam,disorder_rich_spacer_region,Q9NVH2,0.07142857142857142,0.0,0.0,0.0,0.0,0.0,0.0,0.0,0.0,0.1428571428571428,0.0,0.0,0.07142857142857142,0.7142857142857143,0.0,0.0,0.0,0.0,0.0,0.0,0.7142857142857143,0.2142857142857143,0.1428571428571428,0.0,0.8571428571428571,0.0,0.0,0.0,0.0,0.0,0,0,False,0,0,False,0,0,False,3,3.333333333333333,4,1.5,0.3333333333333333,dispersed,3,1.0,1,3.5,0.1428571428571428,dispersed,0,,0,,,insufficient,2,6.0,8,1.0,0.0,compact,0,,0,,,insufficient,0.0,962.0,0.014553014553014554
Q9UPN6|ensembl_protein_id=ENSP00000356154|entry=SCAF8_HUMAN|source=pfam27|protein_name=SR-related,SEG,687,711,25,mRNA,distal_terminal,disorder_rich_spacer_region,Q9UPN6,0.0,0.0,0.0,0.0,0.04,0.04,0.0,0.04,0.0,0.0,0.04,0.0,0.56,0.04,0.0,0.0,0.04,0.2,0.0,0.0,0.08,0.4,0.32,0.04,0.64,0.0,0.0,0.0,0.0,0.04,0,0,False,0,0,False,0,0,False,2,1.0,1,18.0,0.0,dispersed,5,2.0,3,2.75,0.1574591643244434,dispersed,1,1.0,1,,,dispersed,5,3.2,5,1.75,0.2474358296526968,dispersed,0,,0,,,insufficient,0.0,1271.0,0.01966955153422502
P12270|ensembl_protein_id=ENSP00000356448|entry=TPR_HUMAN|source=pfam27|protein_name=Nucleoprotein,SEG,1960,1977,18,mRNA,distal_terminal,acidic_region,P12270,0.0,0.0,0.4444444444444444,0.3888888888888889,0.0,0.05555555555555555,0.05555555555555555,0.0,0.0,0.0,0.0,0.0,0.0,0.0,0.0,0.0,0.0,0.0,0.0,0.05555555555555555,0.9444444444444444,0.1666666666666667,0.05555555555555555,0.1111111111111111,0.4444444444444444,0.0,0.8333333333333334,0.8333333333333334,-0.8333333333333334,0.05555555555555555,0,0,False,0,0,False,0,0,False,1,17.0,17,,,compact,3,1.0,1,1.5,0.3333333333333333,dispersed,2,1.0,1,2.0,0.0,dispersed,5,1.6,2,2.25,0.7286042804780001,dispersed,3,5.0,12,1.0,0.0,compact,0.0,2363.0,0.00761743546339399
Q08211|ensembl_protein_id=ENSP00000356520|entry=DHX9_HUMAN|source=pfam27;pfam38|protein_name=ATP-dependent,SEG,1175,1201,27,ncRNA,distal_terminal,gs_rich_neutral_region,Q08211,0.0,0.0,0.0,0.0,0.0,0.5555555555555556,0.0,0.0,0.0,0.0,0.0,0.0,0.0,0.0,0.03703703703703703,0.2222222222222222,0.0,0.0,0.0,0.1851851851851852,0.4444444444444444,0.7407407407407407,0.1851851851851852,0.1851851851851852,0.8148148148148148,0.03703703703703703,0.0,0.03703703703703703,0.03703703703703703,0.7777777777777778,1,0,False,0,0,False,4,4,True,7,1.714285714285714,4,2.166666666666667,0.3171619712013585,dispersed,5,4.0,8,1.5,0.3333333333333333,dispersed,5,1.0,1,3.75,0.1154700538379251,dispersed,6,3.666666666666667,5,1.0,0.0,dispersed,1,1.0,1,,,dispersed,0.04545454545454546,1270.0,0.02125984251968504
Q9Y3Y2|ensembl_protein_id=ENSP00000357683|entry=CHTOP_HUMAN|source=pfam27|protein_name=Chromatin,SEG,171,203,33,mRNA,unclassified_no_pfam,rg_rgg_repeat_region,Q9Y3Y2,0.0303030303030303,0.0,0.0,0.0,0.0303030303030303,0.5151515151515151,0.0,0.06060606060606061,0.0,0.0,0.06060606060606061,0.0,0.0,0.0,0.303030303030303,0.0,0.0,0.0,0.0,0.0,0.303030303030303,0.696969696969697,0.1515151515151515,0.0303030303030303,0.8484848484848485,0.303030303030303,0.0,0.303030303030303,0.303030303030303,0.5151515151515151,9,9,True,0,0,False,0,0,False,10,1.0,1,2.222222222222222,0.787400787401181,dispersed,10,2.3,5,1.0,0.0,dispersed,1,1.0,1,,,dispersed,5,5.6,11,1.25,0.3464101615137755,dispersed,10,1.0,1,2.222222222222222,0.787400787401181,dispersed,0.3076923076923077,248.0,0.13306451612903225
Q14152|ensembl_protein_id=ENSP00000358140|entry=EIF3A_HUMAN|source=pfam27|protein_name=Eukaryotic,SEG,1259,1295,37,mRNA,unclassified_no_pfam,unmapped_physicochemical_properties,Q14152,0.0,0.0,0.3513513513513514,0.05405405405405406,0.0,0.0,0.0,0.0,0.0,0.05405405405405406,0.0,0.0,0.0,0.0,0.4594594594594595,0.05405405405405406,0.0,0.0,0.02702702702702703,0.0,0.9459459459459459,0.08108108108108109,0.08108108108108109,0.02702702702702703,0.5675675675675675,0.4594594594594595,0.4054054054054054,0.8648648648648649,0.05405405405405406,0.05405405405405406,0,0,False,1,0,False,0,0,False,3,11.66666666666667,24,1.0,0.0,compact,3,1.0,1,14.0,0.6428571428571429,dispersed,1,1.0,1,,,dispersed,10,2.1,5,1.666666666666667,0.282842712474619,dispersed,4,8.0,19,1.333333333333333,0.3535533905932738,dispersed,0.03448275862068965,1382.0,0.026772793053545588
Q5T481|ensembl_protein_id=ENSP00000358532|entry=RBM20_HUMAN|source=pfam27|protein_name=RNA-binding,SEG,41,54,14,mRNA,unclassified_no_pfam,disorder_rich_spacer_region,Q5T481,0.0,0.0,0.0,0.0,0.0,0.0,0.0,0.0,0.0,0.0,0.07142857142857142,0.0,0.7142857142857143,0.2142857142857143,0.0,0.0,0.0,0.0,0.0,0.0,0.2142857142857143,0.07142857142857142,0.07142857142857142,0.0,0.9285714285714286,0.0,0.0,0.0,0.0,0.0,0,0,False,0,0,False,0,0,False,2,1.5,2,5.0,0.0,dispersed,1,1.0,1,,,dispersed,0,,0,,,insufficient,1,13.0,13,,,compact,0,,0,,,insufficient,0.0,1227.0,0.011409942950285249
Q96IP4|ensembl_protein_id=ENSP00000358769|entry=TET5A_HUMAN|source=pfam27|protein_name=Terminal,SEG,23,49,27,unknown,domain_adjacent,aromatic_sticker_region,Q96IP4,0.0,0.0,0.1481481481481481,0.0,0.1851851851851852,0.5925925925925926,0.0,0.0,0.0,0.03703703703703703,0.0,0.0,0.0,0.0,0.0,0.03703703703703703,0.0,0.0,0.0,0.0,0.1851851851851852,0.8148148148148148,0.2222222222222222,0.1851851851851852,0.6296296296296297,0.0,0.1481481481481481,0.1481481481481481,-0.1481481481481481,0.6296296296296297,0,0,False,0,0,False,1,0,False,5,1.0,1,4.25,0.1018853416216987,dispersed,6,3.666666666666667,5,1.0,0.0,dispersed,5,1.0,1,4.25,0.1018853416216987,dispersed,6,2.833333333333333,5,1.8,0.2222222222222222,dispersed,4,1.0,1,4.0,0.0,dispersed,0.0,442.0,0.06108597285067873
A0A0A0MRM9|ensembl_protein_id=ENSP00000359024|entry=A0A0A0MRM9_HUMAN|source=pfam27|protein_name=Nucleolar,SEG,214,228,15,snoRNA,distal_terminal,disorder_rich_spacer_region,A0A0A0MRM9,0.06666666666666667,0.0,0.1333333333333333,0.0,0.0,0.0,0.0,0.0,0.0,0.0,0.0,0.0,0.0,0.0,0.0,0.8,0.0,0.0,0.0,0.0,0.9333333333333333,0.06666666666666667,0.0,0.0,0.8666666666666667,0.0,0.1333333333333333,0.1333333333333333,-0.1333333333333333,0.8,0,0,False,0,0,False,0,0,False,1,14.0,14,,,compact,1,1.0,1,,,dispersed,0,,0,,,insufficient,1,13.0,13,,,compact,1,2.0,2,,,dispersed,0.0,708.0,0.0211864406779661
A0A0A0MRM9|ensembl_protein_id=ENSP00000359024|entry=A0A0A0MRM9_HUMAN|source=pfam27|protein_name=Nucleolar,SEG,328,344,17,snoRNA,distal_terminal,acidic_region,A0A0A0MRM9,0.0,0.0,0.1764705882352941,0.2941176470588235,0.0,0.0,0.0,0.0,0.0,0.0,0.0,0.0,0.0,0.0,0.0,0.4705882352941176,0.0,0.05882352941176471,0.0,0.0,0.9411764705882353,0.05882352941176471,0.05882352941176471,0.0,0.7647058823529411,0.0,0.4705882352941176,0.4705882352941176,-0.4705882352941176,0.4705882352941176,0,0,False,0,0,False,0,0,False,1,16.0,16,,,compact,1,1.0,1,,,dispersed,0,,0,,,insufficient,4,3.25,5,1.0,0.0,dispersed,5,1.6,2,2.0,0.3535533905932738,dispersed,0.0,708.0,0.02401129943502825
A0A0A0MRM9|ensembl_protein_id=ENSP00000359024|entry=A0A0A0MRM9_HUMAN|source=pfam27|protein_name=Nucleolar,SEG,368,383,16,snoRNA,distal_terminal,acidic_region,A0A0A0MRM9,0.0625,0.0,0.3125,0.125,0.0,0.0,0.0,0.0,0.0,0.0,0.0,0.0,0.0,0.0,0.0,0.5,0.0,0.0,0.0,0.0,0.9375,0.0625,0.0,0.0,0.6875,0.0,0.4375,0.4375,-0.4375,0.5,0,0,False,0,0,False,0,0,False,1,15.0,15,,,compact,1,1.0,1,,,dispersed,0,,0,,,insufficient,4,2.75,5,1.0,0.0,dispersed,5,1.4,3,2.0,0.3535533905932738,dispersed,0.0,708.0,0.022598870056497175
A0A0A0MRM9|ensembl_protein_id=ENSP00000359024|entry=A0A0A0MRM9_HUMAN|source=pfam27|protein_name=Nucleolar,SEG,431,444,14,snoRNA,distal_terminal,acidic_region,A0A0A0MRM9,0.0,0.0,0.07142857142857142,0.3571428571428572,0.0,0.0,0.0,0.0,0.0,0.0,0.0,0.0,0.0,0.0,0.0,0.5714285714285714,0.0,0.0,0.0,0.0,1.0,0.0,0.0,0.0,0.9285714285714286,0.0,0.4285714285714285,0.4285714285714285,-0.4285714285714285,0.5714285714285714,0,0,False,0,0,False,0,0,False,1,14.0,14,,,compact,0,,0,,,insufficient,0,,0,,,insufficient,1,13.0,13,,,compact,3,2.0,3,4.0,0.0,dispersed,0.0,708.0,0.01977401129943503
A0A0A0MRM9|ensembl_protein_id=ENSP00000359024|entry=A0A0A0MRM9_HUMAN|source=pfam27|protein_name=Nucleolar,SEG,476,491,16,snoRNA,distal_terminal,acidic_region,A0A0A0MRM9,0.0,0.0,0.1875,0.25,0.0,0.0,0.0,0.0,0.0,0.0,0.0,0.0,0.0,0.0,0.0625,0.5,0.0,0.0,0.0,0.0,1.0,0.0,0.0,0.0,0.8125,0.0625,0.4375,0.5,-0.375,0.5,0,0,False,0,0,False,0,0,False,1,16.0,16,,,compact,0,,0,,,insufficient,0,,0,,,insufficient,4,3.25,8,1.0,0.0,dispersed,4,2.0,4,2.666666666666667,0.4677071733467427,dispersed,0.0,708.0,0.022598870056497175
X6R7H2|ensembl_protein_id=ENSP00000359029|entry=X6R7H2_HUMAN|source=pfam27|protein_name=Peroxisome,SEG,407,423,17,mRNA,distal_terminal,sr_rs_repeat_region,X6R7H2,0.05882352941176471,0.0,0.0,0.0,0.0,0.0,0.0,0.0,0.0,0.0,0.0,0.0,0.0,0.0,0.1764705882352941,0.7647058823529411,0.0,0.0,0.0,0.0,0.9411764705882353,0.05882352941176471,0.0,0.0,1.0,0.1764705882352941,0.0,0.1764705882352941,0.1764705882352941,0.7647058823529411,0,0,False,3,3,True,0,0,False,1,16.0,16,,,compact,1,1.0,1,,,dispersed,0,,0,,,insufficient,1,17.0,17,,,compact,3,1.0,1,1.0,0.0,dispersed,0.0,631.0,0.02694136291600634
X6R7H2|ensembl_protein_id=ENSP00000359029|entry=X6R7H2_HUMAN|source=pfam27|protein_name=Peroxisome,SEG,432,483,52,mRNA,domain_adjacent,sr_rs_repeat_region,X6R7H2,0.0,0.03846153846153846,0.01923076923076923,0.0,0.0,0.01923076923076923,0.0,0.0,0.0,0.0,0.0,0.0,0.03846153846153846,0.0,0.2692307692307692,0.5961538461538461,0.0,0.0,0.01923076923076923,0.0,0.9038461538461539,0.07692307692307693,0.01923076923076923,0.01923076923076923,0.9230769230769231,0.2692307692307692,0.01923076923076923,0.2884615384615384,0.25,0.6153846153846154,0,0,False,6,4,True,1,0,False,6,7.833333333333333,26,1.0,0.0,dispersed,4,1.0,1,3.666666666666667,0.128564869306645,dispersed,1,1.0,1,,,dispersed,4,12.0,33,1.0,0.0,dispersed,8,1.875,4,5.142857142857143,1.324624335285152,dispersed,0.025,631.0,0.08240887480190175
Q5VTL8|ensembl_protein_id=ENSP00000359042|entry=PR38B_HUMAN|source=pfam27|protein_name=Pre-mRNA-splicing,SEG,325,342,18,snRNA,distal_terminal,sr_rs_repeat_region,Q5VTL8,0.0,0.0,0.0,0.1111111111111111,0.0,0.0,0.05555555555555555,0.0,0.0,0.05555555555555555,0.0,0.0,0.0,0.0,0.5,0.2777777777777778,0.0,0.0,0.0,0.0,0.9444444444444444,0.1111111111111111,0.05555555555555555,0.05555555555555555,0.8888888888888888,0.5,0.1111111111111111,0.6111111111111112,0.3888888888888889,0.2777777777777778,0,0,False,5,5,True,0,0,False,1,17.0,17,,,compact,2,1.0,1,10.0,0.0,dispersed,1,1.0,1,,,dispersed,2,8.0,10,1.0,0.0,compact,6,1.833333333333333,4,1.0,0.0,dispersed,0.3571428571428572,546.0,0.03296703296703297
O75607|ensembl_protein_id=ENSP00000359128|entry=NPM3_HUMAN|source=pfam27|protein_name=Nucleoplasmin-3,SEG,144,163,20,pre-rRNA,domain_adjacent,acidic_region,O75607,0.0,0.0,0.15,0.55,0.0,0.0,0.0,0.0,0.0,0.0,0.0,0.05,0.0,0.0,0.0,0.15,0.0,0.1,0.0,0.0,0.9,0.1,0.1,0.0,0.7,0.0,0.7,0.7,-0.7,0.15,0,0,False,0,0,False,0,0,False,2,9.0,16,1.0,0.0,compact,2,1.0,1,16.0,0.0,dispersed,0,,0,,,insufficient,3,4.666666666666667,10,1.0,0.0,compact,4,3.5,6,1.333333333333333,0.3535533905932738,dispersed,0.0,178.0,0.11235955056179775
Q9UKA9|ensembl_protein_id=ENSP00000359217|entry=PTBP2_HUMAN|source=pfam27|protein_name=Polypyrimidine,SEG,314,323,10,mRNA,domain_edge,disorder_rich_spacer_region,Q9UKA9,0.9,0.0,0.0,0.0,0.0,0.0,0.0,0.0,0.0,0.0,0.0,0.1,0.0,0.0,0.0,0.0,0.0,0.0,0.0,0.0,0.1,0.9,0.0,0.0,0.9,0.0,0.0,0.0,0.0,0.0,0,0,False,0,0,False,0,0,False,1,1.0,1,,,dispersed,1,9.0,9,,,compact,0,,0,,,insufficient,1,9.0,9,,,compact,0,,0,,,insufficient,0.0,531.0,0.018832391713747645
Q06787|ensembl_protein_id=ENSP00000359506|entry=FMR1_HUMAN|source=pfam27|protein_name=Fragile,SEG,526,548,23,mRNA,domain_edge,rg_rgg_repeat_region,Q06787,0.0,0.0,0.04347826086956522,0.0,0.0,0.5217391304347826,0.0,0.0,0.0,0.04347826086956522,0.0,0.0,0.0,0.04347826086956522,0.3478260869565217,0.0,0.0,0.0,0.0,0.0,0.4347826086956522,0.5652173913043478,0.04347826086956522,0.0,0.9130434782608695,0.3478260869565217,0.04347826086956522,0.391304347826087,0.3043478260869565,0.5217391304347826,5,5,True,0,0,False,0,0,False,7,1.428571428571429,3,1.666666666666667,0.6633249580710799,dispersed,8,1.625,4,1.428571428571429,0.5099019513592784,dispersed,0,,0,,,insufficient,2,10.5,18,1.0,0.0,compact,6,1.5,3,2.2,0.668042657122685,dispersed,0.0,632.0,0.03639240506329114
Q8NC51|ensembl_protein_id=ENSP00000360029|entry=SERB1_HUMAN|source=pfam27|protein_name=SERPINE1,SEG,162,183,22,mRNA,domain_adjacent,rg_rgg_repeat_region,Q8NC51,0.0,0.0,0.04545454545454546,0.0,0.0,0.5,0.0,0.04545454545454546,0.0,0.04545454545454546,0.04545454545454546,0.0,0.0,0.0,0.3181818181818182,0.0,0.0,0.0,0.0,0.0,0.3636363636363636,0.6363636363636364,0.1363636363636364,0.0,0.8181818181818182,0.3181818181818182,0.04545454545454546,0.3636363636363636,0.2727272727272727,0.5,7,7,True,0,0,False,0,0,False,8,1.0,1,1.857142857142857,0.6056929133855238,dispersed,8,1.75,4,1.0,0.0,dispersed,0,,0,,,insufficient,3,6.0,10,1.0,0.0,compact,8,1.0,1,1.857142857142857,0.6056929133855238,dispersed,0.0,408.0,0.05392156862745098
Q8NC51|ensembl_protein_id=ENSP00000360029|entry=SERB1_HUMAN|source=pfam27|protein_name=SERPINE1,SEG,362,384,23,mRNA,domain_adjacent,rg_rgg_repeat_region,Q8NC51,0.0,0.0,0.0,0.0,0.0,0.4782608695652174,0.0,0.0,0.0,0.04347826086956522,0.0,0.04347826086956522,0.08695652173913043,0.0,0.3478260869565217,0.0,0.0,0.0,0.0,0.0,0.391304347826087,0.5217391304347826,0.04347826086956522,0.0,0.9130434782608695,0.3478260869565217,0.0,0.3478260869565217,0.3478260869565217,0.4782608695652174,5,5,True,0,0,False,0,0,False,8,1.125,2,1.714285714285714,0.263523138347365,dispersed,7,1.714285714285714,2,1.166666666666667,0.3194382824999699,dispersed,0,,0,,,insufficient,2,10.5,20,1.0,0.0,compact,8,1.0,1,1.857142857142857,0.1884222879063983,dispersed,0.0,408.0,0.056372549019607844
P46100|ensembl_protein_id=ENSP00000362441|entry=ATRX_HUMAN|source=pfam38|protein_name=Chromatin,SEG,1433,1470,38,unknown,distal_terminal,acidic_region,P46100,0.0,0.0,0.1052631578947368,0.6052631578947368,0.0,0.0,0.0,0.0,0.05263157894736842,0.0,0.0,0.07894736842105263,0.0,0.0,0.0,0.1578947368421053,0.0,0.0,0.0,0.0,1.0,0.05263157894736842,0.0,0.0,0.8157894736842105,0.05263157894736842,0.7105263157894737,0.7631578947368421,-0.6578947368421053,0.1578947368421053,0,0,False,0,0,False,0,0,False,1,38.0,38,,,compact,2,1.0,1,9.0,0.0,dispersed,0,,0,,,insufficient,5,6.2,23,1.5,0.5773502691896257,dispersed,5,5.8,24,2.0,0.5,dispersed,0.0,2492.0,0.015248796147672551
Q08170|ensembl_protein_id=ENSP00000362900|entry=SRSF4_HUMAN|source=pfam27|protein_name=Serine/arginine-rich,SEG,178,207,30,mRNA,domain_adjacent,sr_rs_repeat_region,Q08170,0.0,0.0,0.0,0.0,0.0,0.03333333333333333,0.06666666666666667,0.0,0.03333333333333333,0.0,0.0,0.0,0.0,0.0,0.4333333333333333,0.4,0.0,0.0,0.0,0.03333333333333333,0.9666666666666667,0.1666666666666667,0.03333333333333333,0.1,0.9,0.4666666666666667,0.0,0.4666666666666667,0.4666666666666667,0.4333333333333333,0,0,False,11,11,True,1,0,False,1,29.0,29,,,compact,5,1.0,1,5.25,0.4123930494211613,dispersed,3,1.0,1,6.5,0.2307692307692308,dispersed,4,6.75,8,1.0,0.0,dispersed,10,1.4,4,1.555555555555556,0.5345224838248488,dispersed,0.8333333333333334,494.0,0.06072874493927125
Q6BEB4|ensembl_protein_id=ENSP00000364430|entry=SP5_HUMAN|source=pfam38|protein_name=Transcription,SEG,223,234,12,unknown,distal_terminal,disorder_rich_spacer_region,Q6BEB4,0.8333333333333334,0.0,0.0,0.0,0.0,0.0,0.0,0.0,0.0,0.0,0.0,0.0,0.08333333333333333,0.0,0.0,0.08333333333333333,0.0,0.0,0.0,0.0,0.08333333333333333,0.8333333333333334,0.0,0.0,1.0,0.0,0.0,0.0,0.0,0.08333333333333333,0,0,False,0,0,False,0,0,False,1,1.0,1,,,dispersed,2,5.0,9,1.0,0.0,compact,0,,0,,,insufficient,1,12.0,12,,,compact,0,,0,,,insufficient,0.0,398.0,0.03015075376884422
Q96T58|ensembl_protein_id=ENSP00000364912|entry=MINT_HUMAN|source=pfam27|protein_name=Msx2-interacting,SEG,266,308,43,mRNA,interdomain_linker,sr_rs_repeat_region,Q96T58,0.02325581395348837,0.0,0.1162790697674419,0.0,0.0,0.04651162790697674,0.0,0.02325581395348837,0.0,0.0,0.0,0.0,0.04651162790697674,0.0,0.09302325581395349,0.6046511627906976,0.04651162790697674,0.0,0.0,0.0,0.8604651162790697,0.1395348837209302,0.02325581395348837,0.0,0.813953488372093,0.09302325581395349,0.1162790697674419,0.2093023255813954,-0.02325581395348837,0.6511627906976745,0,0,False,3,3,True,2,0,False,6,6.166666666666667,21,1.2,0.3333333333333334,dispersed,6,1.0,1,7.2,0.7317744373510828,dispersed,0,,0,,,insufficient,7,5.0,15,1.166666666666667,0.3194382824999699,dispersed,8,1.125,2,4.714285714285714,0.61806297134458,dispersed,0.0,3664.0,0.011735807860262008
Q5VYS8|ensembl_protein_id=ENSP00000365130|entry=TUT7_HUMAN|source=pfam27|protein_name=Terminal,SEG,844,858,15,ncRNA,interdomain_linker,acidic_region,Q5VYS8,0.0,0.0,0.2,0.7333333333333333,0.0,0.0,0.0,0.0,0.0,0.0,0.0,0.0,0.0,0.0,0.0,0.06666666666666667,0.0,0.0,0.0,0.0,1.0,0.0,0.0,0.0,0.8,0.0,0.9333333333333333,0.9333333333333333,-0.9333333333333333,0.06666666666666667,0,0,False,0,0,False,0,0,False,1,15.0,15,,,compact,0,,0,,,insufficient,0,,0,,,insufficient,3,4.0,7,1.5,0.3333333333333333,compact,1,14.0,14,,,compact,0.0,1495.0,0.010033444816053512
P05388|ensembl_protein_id=ENSP00000366471|entry=RLA0_HUMAN|source=pfam27|protein_name=Large,SEG,275,295,21,ribosomal protein,domain_intrinsic,disorder_rich_spacer_region,P05388,0.6190476190476191,0.0,0.0,0.0,0.04761904761904762,0.0,0.0,0.0,0.0,0.0,0.0,0.0,0.1428571428571428,0.0,0.0,0.0,0.09523809523809523,0.09523809523809523,0.0,0.0,0.09523809523809523,0.8571428571428571,0.1428571428571428,0.04761904761904762,0.7619047619047619,0.0,0.0,0.0,0.0,0.0,0,0,False,0,0,False,0,0,False,1,2.0,2,,,dispersed,3,6.0,8,1.0,0.0,compact,1,1.0,1,,,dispersed,3,5.333333333333333,9,1.5,0.3333333333333333,compact,0,,0,,,insufficient,0.0,317.0,0.06624605678233439
O60293|ensembl_protein_id=ENSP00000368017|entry=ZC3H1_HUMAN|source=pfam27|protein_name=Zinc,SEG,62,78,17,unknown,distal_terminal,gs_rich_neutral_region,O60293,0.0,0.0,0.0,0.0,0.0,0.4705882352941176,0.0,0.0,0.0,0.0,0.0,0.0,0.0,0.0,0.05882352941176471,0.4705882352941176,0.0,0.0,0.0,0.0,0.5294117647058824,0.4705882352941176,0.0,0.0,1.0,0.05882352941176471,0.0,0.05882352941176471,0.05882352941176471,0.9411764705882353,1,0,False,0,0,False,2,0,False,3,3.0,7,4.0,0.25,compact,2,4.0,5,1.0,0.0,dispersed,0,,0,,,insufficient,1,17.0,17,,,compact,1,1.0,1,,,dispersed,0.0,1989.0,0.008547008547008548
O60293|ensembl_protein_id=ENSP00000368017|entry=ZC3H1_HUMAN|source=pfam27|protein_name=Zinc,SEG,591,609,19,unknown,distal_terminal,disorder_rich_spacer_region,O60293,0.0,0.0,0.05263157894736842,0.1052631578947368,0.0,0.0,0.0,0.0,0.0,0.2631578947368421,0.0,0.0,0.5263157894736842,0.0,0.0,0.05263157894736842,0.0,0.0,0.0,0.0,0.2105263157894737,0.2631578947368421,0.2631578947368421,0.0,0.6842105263157895,0.0,0.1578947368421053,0.1578947368421053,-0.1578947368421053,0.05263157894736842,0,0,False,0,0,False,0,0,False,3,1.333333333333333,2,7.0,0.8571428571428571,dispersed,5,1.0,1,2.0,0.0,dispersed,0,,0,,,insufficient,7,1.857142857142857,3,1.0,0.0,dispersed,2,1.5,2,13.0,0.0,dispersed,0.0,1989.0,0.009552538964303671
Q9BX46|ensembl_protein_id=ENSP00000368341|entry=RBM24_HUMAN|source=pfam38|protein_name=RNA-binding,SEG,154,179,26,mRNA,distal_terminal,aromatic_sticker_region,Q9BX46,0.5769230769230769,0.0,0.03846153846153846,0.0,0.0,0.03846153846153846,0.0,0.0,0.0,0.0,0.0,0.0,0.03846153846153846,0.07692307692307693,0.0,0.03846153846153846,0.0,0.0,0.0,0.1923076923076923,0.3461538461538461,0.8076923076923077,0.1923076923076923,0.1923076923076923,0.7692307692307693,0.0,0.03846153846153846,0.03846153846153846,-0.03846153846153846,0.07692307692307693,0,0,False,0,0,False,0,0,False,4,2.25,4,4.333333333333333,1.087856586440842,dispersed,5,4.2,12,1.25,0.3464101615137755,dispersed,5,1.0,1,4.25,1.057188279741849,dispersed,6,3.333333333333333,12,1.2,0.3333333333333334,dispersed,1,1.0,1,,,dispersed,0.0,236.0,0.11016949152542373
Q9BX46|ensembl_protein_id=ENSP00000368341|entry=RBM24_HUMAN|source=pfam38|protein_name=RNA-binding,SEG,202,220,19,mRNA,distal_terminal,disorder_rich_spacer_region,Q9BX46,0.7894736842105263,0.0,0.0,0.0,0.0,0.05263157894736842,0.0,0.0,0.0,0.0,0.0,0.0,0.05263157894736842,0.0,0.0,0.0,0.1052631578947368,0.0,0.0,0.0,0.1052631578947368,0.9473684210526315,0.0,0.0,0.8947368421052632,0.0,0.0,0.0,0.0,0.05263157894736842,0,0,False,0,0,False,0,0,False,2,1.0,1,5.0,0.0,dispersed,2,9.0,14,1.0,0.0,compact,0,,0,,,insufficient,2,8.5,12,1.0,0.0,compact,0,,0,,,insufficient,0.0,236.0,0.08050847457627118
Q01081|ensembl_protein_id=ENSP00000369629|entry=U2AF1_HUMAN|source=pfam27|protein_name=Splicing,SEG,201,229,29,mRNA,domain_adjacent,arginine_rich_rna_contact_region,Q01081,0.0,0.0,0.06896551724137931,0.06896551724137931,0.0,0.4482758620689655,0.0,0.0,0.0,0.0,0.0,0.0,0.0,0.0,0.3448275862068966,0.06896551724137931,0.0,0.0,0.0,0.0,0.5517241379310345,0.4482758620689655,0.0,0.0,0.9310344827586207,0.3448275862068966,0.1379310344827586,0.4827586206896552,0.2068965517241379,0.5172413793103449,2,0,False,2,0,False,0,0,False,3,5.333333333333333,9,6.5,0.8461538461538461,dispersed,2,6.5,12,1.0,0.0,compact,0,,0,,,insufficient,3,9.0,18,1.0,0.0,compact,5,2.8,6,3.75,1.270170592217177,dispersed,0.0,240.0,0.12083333333333333
Q9NWH9|ensembl_protein_id=ENSP00000369887|entry=SLTM_HUMAN|source=pfam27|protein_name=SAFB-like,SEG,638,658,21,mRNA,distal_terminal,disorder_rich_spacer_region,Q9NWH9,0.04761904761904762,0.0,0.0,0.3809523809523809,0.0,0.0,0.0,0.1428571428571428,0.0,0.0,0.0,0.0,0.0,0.0,0.4285714285714285,0.0,0.0,0.0,0.0,0.0,0.8095238095238095,0.1904761904761905,0.1428571428571428,0.0,0.8571428571428571,0.4285714285714285,0.3809523809523809,0.8095238095238095,0.04761904761904762,0.0,0,0,False,0,0,False,0,0,False,3,5.666666666666667,9,1.5,0.3333333333333333,compact,3,1.333333333333333,2,5.0,0.8,dispersed,0,,0,,,insufficient,3,6.0,10,1.5,0.3333333333333333,compact,3,5.666666666666667,9,1.5,0.3333333333333333,compact,0.0,1034.0,0.020309477756286266
Q16594|ensembl_protein_id=ENSP00000370193|entry=TAF9_HUMAN|source=pfam27|protein_name=Transcription,SEG,249,261,13,snoRNA,unclassified_no_pfam,acidic_region,Q16594,0.0,0.0,0.8461538461538461,0.07692307692307693,0.0,0.0,0.0,0.0,0.0,0.0,0.0,0.0,0.0,0.0,0.0,0.0,0.0,0.0,0.0,0.07692307692307693,1.0,0.07692307692307693,0.07692307692307693,0.07692307692307693,0.07692307692307693,0.0,0.9230769230769231,0.9230769230769231,-0.9230769230769231,0.0,0,0,False,0,0,False,0,0,False,1,13.0,13,,,compact,1,1.0,1,,,dispersed,1,1.0,1,,,dispersed,1,1.0,1,,,dispersed,1,12.0,12,,,compact,0.0,264.0,0.04924242424242424
P62995|ensembl_protein_id=ENSP00000371626|entry=TRA2B_HUMAN|source=pfam27|protein_name=Transformer-2,SEG,42,65,24,mRNA,distal_terminal,sr_rs_repeat_region,P62995,0.0,0.0,0.04166666666666666,0.04166666666666666,0.0,0.0,0.0,0.0,0.04166666666666666,0.0,0.0,0.0,0.0,0.0,0.4166666666666667,0.4583333333333333,0.0,0.0,0.0,0.0,1.0,0.04166666666666666,0.0,0.0,0.9583333333333334,0.4583333333333333,0.08333333333333333,0.5416666666666666,0.375,0.4583333333333333,0,0,False,10,10,True,0,0,False,1,24.0,24,,,compact,1,1.0,1,,,dispersed,0,,0,,,insufficient,1,23.0,23,,,compact,11,1.181818181818182,2,1.1,0.2727272727272727,dispersed,0.0,288.0,0.08333333333333333
P62995|ensembl_protein_id=ENSP00000371626|entry=TRA2B_HUMAN|source=pfam27|protein_name=Transformer-2,SEG,69,87,19,mRNA,domain_adjacent,sr_rs_repeat_region,P62995,0.0,0.0,0.0,0.0,0.0,0.0,0.05263157894736842,0.0,0.0,0.0,0.0,0.0,0.0,0.0,0.4210526315789473,0.4210526315789473,0.05263157894736842,0.0,0.0,0.05263157894736842,1.0,0.1578947368421053,0.05263157894736842,0.1052631578947368,0.8421052631578947,0.4210526315789473,0.0,0.4210526315789473,0.4210526315789473,0.4210526315789473,0,0,False,7,7,True,0,0,False,1,19.0,19,,,compact,3,1.0,1,7.5,0.06666666666666667,dispersed,2,1.0,1,7.0,0.0,dispersed,3,5.333333333333333,8,1.0,0.0,compact,7,1.142857142857143,2,1.166666666666667,0.3194382824999699,dispersed,0.4666666666666667,288.0,0.06597222222222222
A0A5K1VW79|ensembl_protein_id=ENSP00000371838|entry=A0A5K1VW79_HUMAN|source=pfam27|protein_name=Cytoplasmic,SEG,349,368,20,mRNA,distal_terminal,disorder_rich_spacer_region,A0A5K1VW79,0.0,0.0,0.0,0.0,0.0,0.8,0.05,0.0,0.0,0.0,0.0,0.0,0.15,0.0,0.0,0.0,0.0,0.0,0.0,0.0,0.05,0.85,0.0,0.05,0.95,0.0,0.0,0.0,0.0,0.8,0,0,False,0,0,False,0,0,False,1,1.0,1,,,dispersed,3,5.666666666666667,10,1.5,0.3333333333333333,compact,1,1.0,1,,,dispersed,1,19.0,19,,,compact,0,,0,,,insufficient,0.0,999.0,0.02002002002002002
A0A5K1VW79|ensembl_protein_id=ENSP00000371838|entry=A0A5K1VW79_HUMAN|source=pfam27|protein_name=Cytoplasmic,SEG,389,419,31,mRNA,distal_terminal,disorder_rich_spacer_region,A0A5K1VW79,0.0,0.0,0.0,0.0,0.0,0.0,0.0,0.0,0.0,0.0,0.0,0.0,0.5483870967741935,0.3870967741935484,0.0,0.03225806451612903,0.03225806451612903,0.0,0.0,0.0,0.4516129032258064,0.03225806451612903,0.0,0.0,0.967741935483871,0.0,0.0,0.0,0.0,0.03225806451612903,0,0,False,0,0,False,0,0,False,9,1.555555555555556,3,2.0,0.5590169943749475,dispersed,1,1.0,1,,,dispersed,0,,0,,,insufficient,2,15.0,19,1.0,0.0,compact,0,,0,,,insufficient,0.0,999.0,0.031031031031031032
A0A5K1VW79|ensembl_protein_id=ENSP00000371838|entry=A0A5K1VW79_HUMAN|source=pfam27|protein_name=Cytoplasmic,SEG,507,521,15,mRNA,distal_terminal,disorder_rich_spacer_region,A0A5K1VW79,0.1333333333333333,0.0,0.0,0.0,0.0,0.0,0.0,0.06666666666666667,0.0,0.0,0.0,0.0,0.4666666666666667,0.3333333333333333,0.0,0.0,0.0,0.0,0.0,0.0,0.3333333333333333,0.2,0.06666666666666667,0.0,0.9333333333333333,0.0,0.0,0.0,0.0,0.0,0,0,False,0,0,False,0,0,False,2,2.5,3,7.0,0.0,dispersed,2,1.5,2,8.0,0.0,dispersed,0,,0,,,insufficient,1,14.0,14,,,compact,0,,0,,,insufficient,0.0,999.0,0.015015015015015015
A0A140T8Y2|ensembl_protein_id=ENSP00000372942|entry=A0A140T8Y2_HUMAN|source=pfam27|protein_name=Guanine,SEG,351,369,19,pre-rRNA,distal_terminal,acidic_region,A0A140T8Y2,0.0,0.05263157894736842,0.05263157894736842,0.631578947368421,0.0,0.05263157894736842,0.0,0.0,0.0,0.05263157894736842,0.0,0.0,0.0,0.0,0.0,0.1578947368421053,0.0,0.0,0.0,0.0,0.8421052631578947,0.1578947368421053,0.05263157894736842,0.0,0.8421052631578947,0.0,0.6842105263157895,0.6842105263157895,-0.6842105263157895,0.2105263157894737,0,0,False,0,0,False,0,0,False,4,4.0,9,1.0,0.0,dispersed,3,1.0,1,3.0,0.0,dispersed,0,,0,,,insufficient,3,5.333333333333333,8,1.0,0.0,compact,3,4.333333333333333,9,3.0,0.6666666666666666,compact,0.0,407.0,0.04668304668304668
Q53F19|ensembl_protein_id=ENSP00000373657|entry=NCBP3_HUMAN|source=pfam27|protein_name=Nuclear,SEG,339,358,20,unknown,unclassified_no_pfam,acidic_region,Q53F19,0.0,0.0,0.0,0.85,0.0,0.0,0.0,0.05,0.0,0.0,0.0,0.0,0.1,0.0,0.0,0.0,0.0,0.0,0.0,0.0,0.85,0.05,0.05,0.0,0.95,0.0,0.85,0.85,-0.85,0.0,0,0,False,0,0,False,0,0,False,2,8.5,15,2.0,0.0,compact,1,1.0,1,,,dispersed,0,,0,,,insufficient,2,9.5,15,1.0,0.0,compact,2,8.5,15,2.0,0.0,compact,0.0,620.0,0.03225806451612903
Q96L91|ensembl_protein_id=ENSP00000374212|entry=EP400_HUMAN|source=pfam38|protein_name=E1A-binding,SEG,425,436,12,unknown,distal_terminal,acidic_region,Q96L91,0.0,0.0,0.0,0.9166666666666666,0.0,0.0,0.0,0.08333333333333333,0.0,0.0,0.0,0.0,0.0,0.0,0.0,0.0,0.0,0.0,0.0,0.0,0.9166666666666666,0.08333333333333333,0.08333333333333333,0.0,0.9166666666666666,0.0,0.9166666666666666,0.9166666666666666,-0.9166666666666666,0.0,0,0,False,0,0,False,0,0,False,1,11.0,11,,,compact,1,1.0,1,,,dispersed,0,,0,,,insufficient,1,11.0,11,,,compact,1,11.0,11,,,compact,0.0,3159.0,0.003798670465337132
Q96L91|ensembl_protein_id=ENSP00000374212|entry=EP400_HUMAN|source=pfam38|protein_name=E1A-binding,SEG,2534,2566,33,unknown,distal_terminal,disorder_rich_spacer_region,Q96L91,0.1212121212121212,0.0,0.0,0.0,0.0,0.0,0.0,0.0,0.0303030303030303,0.0303030303030303,0.0,0.0,0.5151515151515151,0.2727272727272727,0.0,0.0,0.0,0.0303030303030303,0.0,0.0,0.303030303030303,0.2121212121212121,0.06060606060606061,0.0,0.9393939393939394,0.0303030303030303,0.0,0.0303030303030303,0.0303030303030303,0.0,0,0,False,0,0,False,0,0,False,8,1.25,2,3.142857142857143,0.6232413273091858,dispersed,4,1.75,3,8.666666666666666,0.8444037846192365,dispersed,0,,0,,,insufficient,3,10.33333333333333,20,1.0,0.0,compact,1,1.0,1,,,dispersed,0.0,3159.0,0.010446343779677113
Q96L91|ensembl_protein_id=ENSP00000374212|entry=EP400_HUMAN|source=pfam38|protein_name=E1A-binding,SEG,2755,2783,29,unknown,distal_terminal,disorder_rich_spacer_region,Q96L91,0.0,0.0,0.0,0.0,0.0,0.0,0.0,0.0,0.0,0.0,0.0,0.0,0.0,0.9655172413793104,0.03448275862068965,0.0,0.0,0.0,0.0,0.0,1.0,0.0,0.0,0.0,1.0,0.03448275862068965,0.0,0.03448275862068965,0.03448275862068965,0.0,0,0,False,0,0,False,0,0,False,1,29.0,29,,,compact,0,,0,,,insufficient,0,,0,,,insufficient,1,29.0,29,,,compact,1,1.0,1,,,dispersed,0.0,3159.0,0.009180120291231402
Q7Z6M4|ensembl_protein_id=ENSP00000375840|entry=MTEF4_HUMAN|source=pfam27|protein_name=Transcription,SEG,339,380,42,pre-rRNA,domain_adjacent,acidic_region,Q7Z6M4,0.02380952380952381,0.0,0.5714285714285714,0.3095238095238095,0.0,0.0,0.0,0.0,0.0,0.02380952380952381,0.0,0.07142857142857142,0.0,0.0,0.0,0.0,0.0,0.0,0.0,0.0,0.9523809523809523,0.04761904761904762,0.02380952380952381,0.0,0.3333333333333333,0.0,0.8809523809523809,0.8809523809523809,-0.8809523809523809,0.0,0,0,False,0,0,False,0,0,False,2,20.0,28,1.0,0.0,compact,2,1.0,1,28.0,0.0,dispersed,0,,0,,,insufficient,10,1.4,3,2.888888888888889,0.3807498052542948,dispersed,5,7.4,11,1.0,0.0,dispersed,0.0,381.0,0.11023622047244094
Q9BUJ2|ensembl_protein_id=ENSP00000375863|entry=HNRL1_HUMAN|source=pfam27|protein_name=Heterogeneous,SEG,611,625,15,mRNA,distal_terminal,rg_rgg_repeat_region,Q9BUJ2,0.0,0.0,0.0,0.0,0.06666666666666667,0.6666666666666666,0.0,0.0,0.0,0.0,0.0,0.06666666666666667,0.0,0.0,0.2,0.0,0.0,0.0,0.0,0.0,0.2666666666666667,0.7333333333333333,0.06666666666666667,0.06666666666666667,0.8666666666666667,0.2,0.0,0.2,0.2,0.6666666666666666,3,3,True,0,0,False,0,0,False,3,1.333333333333333,2,3.0,0.6666666666666666,dispersed,3,3.666666666666667,5,1.0,0.0,dispersed,1,1.0,1,,,dispersed,2,6.5,8,1.0,0.0,compact,3,1.0,1,3.0,0.6666666666666666,dispersed,0.3636363636363636,856.0,0.017523364485981307
Q9BUJ2|ensembl_protein_id=ENSP00000375863|entry=HNRL1_HUMAN|source=pfam27|protein_name=Heterogeneous,SEG,691,714,24,mRNA,distal_terminal,disorder_rich_spacer_region,Q9BUJ2,0.04166666666666666,0.0,0.0,0.0,0.0,0.0,0.0,0.0,0.0,0.0,0.0,0.0,0.625,0.3333333333333333,0.0,0.0,0.0,0.0,0.0,0.0,0.3333333333333333,0.04166666666666666,0.0,0.0,1.0,0.0,0.0,0.0,0.0,0.0,0,0,False,0,0,False,0,0,False,4,2.0,3,3.333333333333333,0.1414213562373095,dispersed,1,1.0,1,,,dispersed,0,,0,,,insufficient,1,24.0,24,,,compact,0,,0,,,insufficient,0.0,856.0,0.028037383177570093
Q9NYF8|ensembl_protein_id=ENSP00000376159|entry=BCLF1_HUMAN|source=pfam27|protein_name=Bcl-2-associated,SEG,5,30,26,mRNA,distal_terminal,sr_rs_repeat_region,Q9NYF8,0.0,0.0,0.0,0.0,0.0,0.0,0.07692307692307693,0.0,0.03846153846153846,0.0,0.0,0.03846153846153846,0.0,0.03846153846153846,0.2692307692307692,0.5384615384615384,0.0,0.0,0.0,0.0,1.0,0.1153846153846154,0.0,0.07692307692307693,0.8846153846153846,0.3076923076923077,0.0,0.3076923076923077,0.3076923076923077,0.5384615384615384,0,0,False,7,7,True,0,0,False,1,26.0,26,,,compact,3,1.0,1,8.5,0.5294117647058824,dispersed,2,1.0,1,18.0,0.0,dispersed,3,7.666666666666667,18,1.0,0.0,compact,8,1.0,1,2.285714285714286,0.6903350635742038,dispersed,0.3809523809523809,920.0,0.02826086956521739
Q9NYF8|ensembl_protein_id=ENSP00000376159|entry=BCLF1_HUMAN|source=pfam27|protein_name=Bcl-2-associated,SEG,120,150,31,mRNA,domain_intrinsic,sr_rs_repeat_region,Q9NYF8,0.0,0.0,0.0,0.0,0.0,0.0,0.0,0.0,0.0,0.0,0.0,0.0,0.06451612903225806,0.03225806451612903,0.2903225806451613,0.5161290322580645,0.0,0.03225806451612903,0.0,0.06451612903225806,0.9032258064516129,0.0967741935483871,0.0967741935483871,0.06451612903225806,0.9032258064516129,0.2903225806451613,0.0,0.2903225806451613,0.2903225806451613,0.5161290322580645,0,0,False,8,8,True,0,0,False,3,9.333333333333334,18,1.0,0.0,compact,3,1.0,1,14.0,0.1428571428571428,dispersed,2,1.0,1,16.0,0.0,dispersed,2,14.0,16,1.0,0.0,compact,8,1.125,2,1.857142857142857,0.532938710021193,dispersed,0.32,920.0,0.03369565217391304
Q9NYF8|ensembl_protein_id=ENSP00000376159|entry=BCLF1_HUMAN|source=pfam27|protein_name=Bcl-2-associated,SEG,748,763,16,mRNA,domain_edge,polar_linker,Q9NYF8,0.0625,0.0,0.0,0.0,0.0,0.0,0.0625,0.0,0.0,0.0,0.0,0.0,0.125,0.0,0.0625,0.6875,0.0,0.0,0.0,0.0,0.8125,0.125,0.0,0.0625,0.9375,0.0625,0.0,0.0625,0.0625,0.6875,0,0,False,1,0,False,0,0,False,4,3.25,8,1.0,0.0,dispersed,2,1.0,1,7.0,0.0,dispersed,1,1.0,1,,,dispersed,1,15.0,15,,,compact,1,1.0,1,,,dispersed,0.08333333333333333,920.0,0.017391304347826087
Q66PJ3|ensembl_protein_id=ENSP00000376230|entry=AR6P4_HUMAN|source=pfam27|protein_name=ADP-ribosylation,SEG,73,97,25,mRNA,domain_intrinsic,disorder_rich_spacer_region,Q66PJ3,0.0,0.0,0.0,0.0,0.0,0.0,0.0,0.0,0.0,0.0,0.0,0.0,0.0,0.0,0.04,0.96,0.0,0.0,0.0,0.0,1.0,0.0,0.0,0.0,1.0,0.04,0.0,0.04,0.04,0.96,0,0,False,1,0,False,0,0,False,1,25.0,25,,,compact,0,,0,,,insufficient,0,,0,,,insufficient,1,25.0,25,,,compact,1,1.0,1,,,dispersed,0.0,237.0,0.10548523206751055
Q66PJ3|ensembl_protein_id=ENSP00000376230|entry=AR6P4_HUMAN|source=pfam27|protein_name=ADP-ribosylation,SEG,100,127,28,mRNA,domain_intrinsic,arginine_rich_rna_contact_region,Q66PJ3,0.0,0.0,0.03571428571428571,0.03571428571428571,0.0,0.1071428571428571,0.0,0.0,0.5714285714285714,0.03571428571428571,0.0,0.0,0.0,0.0,0.1785714285714286,0.0,0.0,0.0,0.0,0.03571428571428571,0.8571428571428571,0.75,0.07142857142857142,0.03571428571428571,0.8928571428571429,0.75,0.07142857142857142,0.8214285714285714,0.6785714285714286,0.1071428571428571,1,0,False,0,0,False,0,0,False,4,6.0,15,1.0,0.0,dispersed,6,3.5,8,1.2,0.3333333333333334,dispersed,1,1.0,1,,,dispersed,4,6.25,11,1.0,0.0,dispersed,5,4.6,13,1.0,0.0,dispersed,0.3181818181818182,237.0,0.11814345991561181
Q13595|ensembl_protein_id=ENSP00000376290|entry=TRA2A_HUMAN|source=pfam27|protein_name=Transformer-2,SEG,215,230,16,mRNA,domain_adjacent,disorder_rich_spacer_region,Q13595,0.0,0.0,0.0,0.0,0.0,0.9375,0.0,0.0,0.0,0.0,0.0,0.0,0.0,0.0,0.0,0.0625,0.0,0.0,0.0,0.0,0.0625,0.9375,0.0,0.0,1.0,0.0,0.0,0.0,0.0,1.0,0,0,False,0,0,False,1,0,False,1,1.0,1,,,dispersed,1,15.0,15,,,compact,0,,0,,,insufficient,1,16.0,16,,,compact,0,,0,,,insufficient,0.0,282.0,0.05673758865248227
Q9UIF8|ensembl_protein_id=ENSP00000376533|entry=BAZ2B_HUMAN|source=pfam27|protein_name=Bromodomain,SEG,602,633,32,ncRNA,distal_terminal,acidic_region,Q9UIF8,0.0,0.0,0.375,0.375,0.0,0.0,0.0,0.0,0.03125,0.0,0.0,0.03125,0.0,0.03125,0.0,0.15625,0.0,0.0,0.0,0.0,1.0,0.03125,0.0,0.0,0.59375,0.03125,0.75,0.78125,-0.71875,0.15625,0,0,False,0,0,False,0,0,False,1,32.0,32,,,compact,1,1.0,1,,,dispersed,0,,0,,,insufficient,10,1.9,3,1.444444444444444,0.3440104580768907,dispersed,4,6.25,19,1.333333333333333,0.3535533905932738,dispersed,0.0,2168.0,0.014760147601476014
Q9UIF8|ensembl_protein_id=ENSP00000376533|entry=BAZ2B_HUMAN|source=pfam27|protein_name=Bromodomain,SEG,1293,1319,27,ncRNA,distal_terminal,acidic_region,Q9UIF8,0.0,0.0,0.5555555555555556,0.1481481481481481,0.0,0.1111111111111111,0.0,0.0,0.03703703703703703,0.0,0.0,0.0,0.0,0.03703703703703703,0.0,0.07407407407407407,0.0,0.0,0.0,0.03703703703703703,0.8888888888888888,0.1851851851851852,0.03703703703703703,0.03703703703703703,0.4074074074074074,0.03703703703703703,0.7037037037037037,0.7407407407407407,-0.6666666666666666,0.1851851851851852,0,0,False,0,0,False,0,0,False,3,8.0,15,1.5,0.3333333333333333,compact,3,1.666666666666667,3,7.0,0.5714285714285714,dispersed,1,1.0,1,,,dispersed,7,1.571428571428571,3,2.666666666666667,1.075290658380328,dispersed,6,3.333333333333333,8,1.4,0.3499271061118826,dispersed,0.0,2168.0,0.012453874538745387
J3KPP4|ensembl_protein_id=ENSP00000376919|entry=J3KPP4_HUMAN|source=pfam27|protein_name=Luc7-like,SEG,247,282,36,mRNA,domain_adjacent,disorder_rich_spacer_region,J3KPP4,0.0,0.0,0.0,0.4722222222222222,0.0,0.0,0.0,0.0,0.1666666666666667,0.02777777777777778,0.0,0.0,0.0,0.02777777777777778,0.3055555555555556,0.0,0.0,0.0,0.0,0.0,0.9722222222222222,0.1944444444444444,0.02777777777777778,0.0,0.9722222222222222,0.4722222222222222,0.4722222222222222,0.9444444444444444,0.0,0.0,0,0,False,0,0,False,0,0,False,1,35.0,35,,,compact,5,1.4,3,7.0,0.5345224838248488,dispersed,0,,0,,,insufficient,1,35.0,35,,,compact,2,17.0,30,1.0,0.0,compact,0.0,489.0,0.0736196319018405
J3KPP4|ensembl_protein_id=ENSP00000376919|entry=J3KPP4_HUMAN|source=pfam27|protein_name=Luc7-like,SEG,315,338,24,mRNA,distal_terminal,sr_rs_repeat_region,J3KPP4,0.0,0.0,0.08333333333333333,0.04166666666666666,0.0,0.0,0.04166666666666666,0.0,0.04166666666666666,0.0,0.0,0.0,0.0,0.0,0.5416666666666666,0.25,0.0,0.0,0.0,0.0,1.0,0.08333333333333333,0.0,0.04166666666666666,0.875,0.5833333333333334,0.125,0.7083333333333334,0.4583333333333333,0.25,0,0,False,6,6,True,0,0,False,1,24.0,24,,,compact,2,1.0,1,20.0,0.0,dispersed,1,1.0,1,,,dispersed,3,7.0,14,1.5,0.3333333333333333,compact,7,2.428571428571428,5,1.166666666666667,0.3194382824999699,dispersed,0.1578947368421053,489.0,0.049079754601226995
O14647|ensembl_protein_id=ENSP00000377747|entry=CHD2_HUMAN|source=pfam38|protein_name=ATP-dependent,SEG,50,69,20,unknown,distal_terminal,acidic_region,O14647,0.0,0.0,0.0,0.3,0.0,0.05,0.0,0.0,0.0,0.0,0.0,0.05,0.0,0.05,0.0,0.55,0.0,0.0,0.0,0.0,0.95,0.05,0.0,0.0,0.95,0.0,0.3,0.3,-0.3,0.6,0,0,False,0,0,False,1,0,False,1,19.0,19,,,compact,1,1.0,1,,,dispersed,0,,0,,,insufficient,2,9.5,15,1.0,0.0,compact,6,1.0,1,2.4,0.6236095644623235,dispersed,0.0,1828.0,0.010940919037199124
P35269|ensembl_protein_id=ENSP00000377969|entry=T2FA_HUMAN|source=pfam27|protein_name=General,SEG,308,327,20,mRNA,unclassified_no_pfam,acidic_region,P35269,0.0,0.0,0.05,0.6,0.0,0.0,0.0,0.0,0.15,0.0,0.0,0.0,0.1,0.0,0.0,0.1,0.0,0.0,0.0,0.0,0.9,0.15,0.0,0.0,0.95,0.15,0.65,0.8,-0.5,0.1,0,0,False,0,0,False,0,0,False,2,9.0,10,2.0,0.0,compact,3,1.0,1,5.0,0.0,dispersed,0,,0,,,insufficient,2,9.5,12,1.0,0.0,compact,3,5.333333333333333,10,1.5,0.3333333333333333,compact,0.0,517.0,0.03868471953578337
Q5T760|ensembl_protein_id=ENSP00000378568|entry=Q5T760_HUMAN|source=pfam27|protein_name=Serine,SEG,11,30,20,mRNA,domain_adjacent,disorder_rich_spacer_region,Q5T760,0.05,0.0,0.0,0.0,0.0,0.75,0.0,0.0,0.0,0.0,0.0,0.0,0.15,0.0,0.0,0.05,0.0,0.0,0.0,0.0,0.05,0.8,0.0,0.0,1.0,0.0,0.0,0.0,0.0,0.8,0,0,False,0,0,False,1,0,False,1,1.0,1,,,dispersed,4,4.0,11,1.333333333333333,0.3535533905932738,dispersed,0,,0,,,insufficient,1,20.0,20,,,compact,0,,0,,,insufficient,0.0,491.0,0.04073319755600815
Q5T760|ensembl_protein_id=ENSP00000378568|entry=Q5T760_HUMAN|source=pfam27|protein_name=Serine,SEG,245,258,14,mRNA,distal_terminal,sr_rs_repeat_region,Q5T760,0.0,0.0,0.0,0.0,0.0,0.0,0.07142857142857142,0.0,0.07142857142857142,0.0,0.0,0.0,0.0,0.0,0.5714285714285714,0.2857142857142857,0.0,0.0,0.0,0.0,1.0,0.1428571428571428,0.0,0.07142857142857142,0.9285714285714286,0.6428571428571429,0.0,0.6428571428571429,0.6428571428571429,0.2857142857142857,0,0,False,4,4,True,0,0,False,1,14.0,14,,,compact,2,1.0,1,2.0,0.0,dispersed,1,1.0,1,,,dispersed,2,6.5,10,1.0,0.0,compact,5,1.8,3,1.25,0.3464101615137755,dispersed,0.4,491.0,0.028513238289205704
Q5T760|ensembl_protein_id=ENSP00000378568|entry=Q5T760_HUMAN|source=pfam27|protein_name=Serine,SEG,261,288,28,mRNA,distal_terminal,sr_rs_repeat_region,Q5T760,0.0,0.0,0.0,0.0,0.0,0.0,0.07142857142857142,0.0,0.07142857142857142,0.0,0.0,0.0,0.03571428571428571,0.0,0.4285714285714285,0.3928571428571428,0.0,0.0,0.0,0.0,0.9642857142857143,0.1428571428571428,0.0,0.07142857142857142,0.9285714285714286,0.5,0.0,0.5,0.5,0.3928571428571428,0,0,False,8,8,True,0,0,False,1,27.0,27,,,compact,4,1.0,1,6.333333333333333,0.6488856845230502,dispersed,2,1.0,1,11.0,0.0,dispersed,3,8.666666666666666,11,1.0,0.0,compact,9,1.555555555555556,3,1.25,0.5291502622129182,dispersed,0.5909090909090909,491.0,0.05702647657841141
P51825|ensembl_protein_id=ENSP00000378578|entry=AFF1_HUMAN|source=pfam27|protein_name=AF4/FMR2,SEG,469,493,25,mRNA,domain_intrinsic,acidic_region,P51825,0.04,0.0,0.16,0.2,0.0,0.0,0.0,0.0,0.0,0.0,0.0,0.0,0.0,0.0,0.0,0.56,0.04,0.0,0.0,0.0,0.96,0.08,0.0,0.0,0.8,0.0,0.36,0.36,-0.36,0.56,0,0,False,0,0,False,0,0,False,1,24.0,24,,,compact,2,1.0,1,4.0,0.0,dispersed,0,,0,,,insufficient,6,3.333333333333333,8,1.0,0.0,dispersed,9,1.0,1,1.875,0.621825270205921,dispersed,0.0,1210.0,0.02066115702479339
Q99613|ensembl_protein_id=ENSP00000378953|entry=EIF3C_HUMAN|source=pfam27|protein_name=Eukaryotic,SEG,215,229,15,mRNA,domain_intrinsic,acidic_region,Q99613,0.0,0.0,0.4666666666666667,0.3333333333333333,0.0,0.0,0.0,0.0,0.0,0.0,0.06666666666666667,0.0,0.0,0.0,0.0,0.1333333333333333,0.0,0.0,0.0,0.0,0.9333333333333333,0.06666666666666667,0.06666666666666667,0.0,0.4666666666666667,0.0,0.8,0.8,-0.8,0.1333333333333333,0,0,False,0,0,False,0,0,False,1,14.0,14,,,compact,1,1.0,1,,,dispersed,0,,0,,,insufficient,5,1.4,2,1.25,0.3464101615137755,dispersed,3,4.0,6,1.0,0.0,compact,0.0,913.0,0.01642935377875137
Q96QR8|ensembl_protein_id=ENSP00000379051|entry=PURB_HUMAN|source=pfam27|protein_name=Transcriptional,SEG,200,213,14,mRNA,domain_intrinsic,disorder_rich_spacer_region,Q96QR8,0.1428571428571428,0.0,0.0,0.0,0.0,0.6428571428571429,0.0,0.0,0.0,0.07142857142857142,0.0,0.0,0.1428571428571428,0.0,0.0,0.0,0.0,0.0,0.0,0.0,0.0,0.8571428571428571,0.07142857142857142,0.0,0.9285714285714286,0.0,0.0,0.0,0.0,0.6428571428571429,0,0,False,0,0,False,0,0,False,0,,0,,,insufficient,3,4.0,6,1.0,0.0,compact,0,,0,,,insufficient,1,13.0,13,,,compact,0,,0,,,insufficient,0.0,312.0,0.04487179487179487
P50914|ensembl_protein_id=ENSP00000379506|entry=RL14_HUMAN|source=pfam27|protein_name=Large,SEG,142,164,23,ribosomal protein,domain_adjacent,disorder_rich_spacer_region,P50914,0.5217391304347826,0.0,0.0,0.0,0.0,0.08695652173913043,0.0,0.0,0.1739130434782609,0.0,0.0,0.0,0.08695652173913043,0.0,0.0,0.0,0.08695652173913043,0.04347826086956522,0.0,0.0,0.2608695652173913,0.9130434782608695,0.04347826086956522,0.0,0.8695652173913043,0.1739130434782609,0.0,0.1739130434782609,0.1739130434782609,0.08695652173913043,0,0,False,0,0,False,0,0,False,5,1.2,2,4.25,0.8043996665398437,dispersed,3,7.0,17,1.0,0.0,compact,0,,0,,,insufficient,4,5.0,11,1.0,0.0,dispersed,4,1.0,1,6.333333333333333,0.6359497880839249,dispersed,0.0,215.0,0.10697674418604651
Q52LJ0|ensembl_protein_id=ENSP00000380734|entry=FA98B_HUMAN|source=pfam27|protein_name=tRNA-splicing,SEG,330,385,56,tRNA,domain_edge,cation_pi_rich_neighborhood,Q52LJ0,0.0,0.0,0.0,0.01785714285714286,0.0,0.8392857142857143,0.0,0.0,0.0,0.0,0.0,0.0,0.0,0.0,0.07142857142857142,0.0,0.0,0.0,0.07142857142857142,0.0,0.1607142857142857,0.9107142857142857,0.07142857142857142,0.07142857142857142,0.9285714285714286,0.07142857142857142,0.01785714285714286,0.08928571428571429,0.05357142857142857,0.8392857142857143,4,0,False,0,0,False,0,0,False,9,1.0,1,5.75,0.4497426275125479,dispersed,5,10.2,27,1.0,0.0,dispersed,4,1.0,1,11.66666666666667,0.5158705738647941,dispersed,5,10.4,20,1.0,0.0,dispersed,5,1.0,1,12.5,0.6985699678629191,dispersed,0.5116279069767442,433.0,0.12933025404157045
Q52LJ0|ensembl_protein_id=ENSP00000380734|entry=FA98B_HUMAN|source=pfam27|protein_name=tRNA-splicing,SEG,388,411,24,tRNA,distal_terminal,rg_rgg_repeat_region,Q52LJ0,0.0,0.0,0.04166666666666666,0.0,0.0,0.5833333333333334,0.0,0.0,0.0,0.0,0.0,0.0,0.0,0.04166666666666666,0.1666666666666667,0.0,0.0,0.0,0.0,0.1666666666666667,0.4166666666666667,0.75,0.1666666666666667,0.1666666666666667,0.7916666666666666,0.1666666666666667,0.04166666666666666,0.2083333333333333,0.125,0.5833333333333334,4,4,True,0,0,False,0,0,False,9,1.111111111111111,2,1.625,0.297921795862109,dispersed,6,3.0,5,1.0,0.0,dispersed,4,1.0,1,4.666666666666667,0.1010152544552211,dispersed,5,3.8,5,1.25,0.3464101615137755,dispersed,5,1.0,1,3.5,0.4738035414793428,dispersed,1.0,433.0,0.05542725173210162
Q52LJ0|ensembl_protein_id=ENSP00000380734|entry=FA98B_HUMAN|source=pfam27|protein_name=tRNA-splicing,SEG,402,432,31,tRNA,distal_terminal,aromatic_sticker_region,Q52LJ0,0.0,0.0,0.03225806451612903,0.0,0.0,0.6774193548387096,0.0,0.0,0.0,0.0,0.0,0.0,0.03225806451612903,0.0,0.1290322580645161,0.0,0.0,0.0,0.0,0.1290322580645161,0.2903225806451613,0.8064516129032258,0.1290322580645161,0.1290322580645161,0.8387096774193549,0.1290322580645161,0.03225806451612903,0.1612903225806452,0.0967741935483871,0.6774193548387096,2,0,False,0,0,False,0,0,False,7,1.285714285714286,3,3.666666666666667,1.387667047497614,dispersed,3,8.333333333333334,17,1.5,0.3333333333333333,compact,4,1.0,1,7.333333333333333,0.7413412013772769,dispersed,6,4.333333333333333,15,1.0,0.0,dispersed,4,1.25,2,8.666666666666666,0.7673052824330772,dispersed,0.36,433.0,0.07159353348729793
Q92945|ensembl_protein_id=ENSP00000381216|entry=FUBP2_HUMAN|source=pfam27|protein_name=Far,SEG,6,37,32,mRNA,distal_terminal,disorder_rich_spacer_region,Q92945,0.125,0.0,0.0,0.0,0.0,0.46875,0.0,0.0,0.0,0.0,0.0,0.0,0.375,0.0,0.0,0.0,0.03125,0.0,0.0,0.0,0.03125,0.625,0.0,0.0,0.96875,0.0,0.0,0.0,0.0,0.46875,0,0,False,0,0,False,0,0,False,1,1.0,1,,,dispersed,5,4.0,13,3.0,0.2357022603955159,dispersed,0,,0,,,insufficient,1,31.0,31,,,compact,0,,0,,,insufficient,0.0,711.0,0.0450070323488045
Q92945|ensembl_protein_id=ENSP00000381216|entry=FUBP2_HUMAN|source=pfam27|protein_name=Far,SEG,31,57,27,mRNA,distal_terminal,disorder_rich_spacer_region,Q92945,0.07407407407407407,0.0,0.03703703703703703,0.0,0.0,0.5925925925925926,0.0,0.0,0.0,0.0,0.0,0.0,0.2222222222222222,0.0,0.03703703703703703,0.03703703703703703,0.0,0.0,0.0,0.0,0.1111111111111111,0.6666666666666666,0.0,0.0,0.9629629629629629,0.03703703703703703,0.03703703703703703,0.07407407407407407,0.0,0.6296296296296297,1,0,False,0,0,False,1,0,False,2,1.5,2,13.0,0.0,dispersed,6,3.0,4,1.4,0.3499271061118826,dispersed,0,,0,,,insufficient,2,13.0,18,1.0,0.0,compact,1,2.0,2,,,dispersed,0.0,711.0,0.0379746835443038
Q92945|ensembl_protein_id=ENSP00000381216|entry=FUBP2_HUMAN|source=pfam27|protein_name=Far,SEG,395,415,21,mRNA,interdomain_linker,disorder_rich_spacer_region,Q92945,0.0,0.0,0.0,0.0,0.0,0.4285714285714285,0.0,0.0,0.0,0.0,0.04761904761904762,0.0,0.3333333333333333,0.0,0.1428571428571428,0.04761904761904762,0.0,0.0,0.0,0.0,0.1904761904761905,0.4761904761904762,0.04761904761904762,0.0,0.9523809523809523,0.1428571428571428,0.0,0.1428571428571428,0.1428571428571428,0.4761904761904762,2,0,False,0,0,False,1,0,False,4,1.0,1,5.666666666666667,1.164646463130784,dispersed,7,1.428571428571429,2,1.5,0.3333333333333333,dispersed,0,,0,,,insufficient,2,10.0,11,1.0,0.0,compact,3,1.0,1,1.0,0.0,dispersed,0.0,711.0,0.029535864978902954
Q3L8U1|ensembl_protein_id=ENSP00000381522|entry=CHD9_HUMAN|source=pfam38|protein_name=ATP-dependent,SEG,2133,2197,65,unknown,interdomain_linker,polar_linker,Q3L8U1,0.01538461538461539,0.04615384615384616,0.06153846153846154,0.04615384615384616,0.0,0.01538461538461539,0.01538461538461539,0.0,0.0,0.0,0.0,0.0,0.0,0.0,0.04615384615384616,0.7384615384615385,0.01538461538461539,0.0,0.0,0.0,0.9230769230769231,0.1076923076923077,0.0,0.01538461538461539,0.8615384615384616,0.04615384615384616,0.1076923076923077,0.1538461538461539,-0.06153846153846154,0.7538461538461538,0,0,False,3,0,False,1,0,False,6,10.0,23,1.0,0.0,dispersed,7,1.0,1,5.5,0.7022200137125132,dispersed,1,1.0,1,,,dispersed,8,7.0,14,1.0,0.0,dispersed,8,1.25,2,7.857142857142857,1.406478516786452,dispersed,0.32,2897.0,0.02243700379703141
Q6P6C2|ensembl_protein_id=ENSP00000382091|entry=ALKB5_HUMAN|source=pfam27|protein_name=RNA,SEG,29,47,19,mRNA,distal_terminal,disorder_rich_spacer_region,Q6P6C2,0.8947368421052632,0.0,0.0,0.05263157894736842,0.0,0.0,0.0,0.0,0.0,0.0,0.0,0.0,0.0,0.0,0.0,0.0,0.0,0.05263157894736842,0.0,0.0,0.05263157894736842,0.9473684210526315,0.05263157894736842,0.0,0.9473684210526315,0.0,0.05263157894736842,0.05263157894736842,-0.05263157894736842,0.0,0,0,False,0,0,False,0,0,False,1,1.0,1,,,dispersed,1,18.0,18,,,compact,0,,0,,,insufficient,2,9.0,9,1.0,0.0,compact,1,1.0,1,,,dispersed,0.0,394.0,0.048223350253807105
Q86XN8|ensembl_protein_id=ENSP00000384398|entry=MEX3D_HUMAN|source=pfam27|protein_name=RNA-binding,SEG,9,24,16,mRNA,distal_terminal,disorder_rich_spacer_region,Q86XN8,0.125,0.0,0.0625,0.0,0.0,0.75,0.0,0.0,0.0,0.0,0.0,0.0,0.0,0.0,0.0,0.0,0.0,0.0625,0.0,0.0,0.0625,0.9375,0.0625,0.0,0.875,0.0,0.0625,0.0625,-0.0625,0.75,0,0,False,0,0,False,0,0,False,1,1.0,1,,,dispersed,1,15.0,15,,,compact,0,,0,,,insufficient,2,7.0,11,1.0,0.0,compact,1,1.0,1,,,dispersed,0.0,651.0,0.02457757296466974
Q86XN8|ensembl_protein_id=ENSP00000384398|entry=MEX3D_HUMAN|source=pfam27|protein_name=RNA-binding,SEG,80,97,18,mRNA,distal_terminal,disorder_rich_spacer_region,Q86XN8,0.4444444444444444,0.0,0.1111111111111111,0.05555555555555555,0.0,0.3888888888888889,0.0,0.0,0.0,0.0,0.0,0.0,0.0,0.0,0.0,0.0,0.0,0.0,0.0,0.0,0.1666666666666667,0.8333333333333334,0.0,0.0,0.8888888888888888,0.0,0.1666666666666667,0.1666666666666667,-0.1666666666666667,0.3888888888888889,0,0,False,0,0,False,0,0,False,3,1.0,1,6.0,0.3333333333333333,dispersed,3,5.0,8,1.0,0.0,compact,0,,0,,,insufficient,3,5.333333333333333,8,1.0,0.0,compact,3,1.0,1,6.0,0.3333333333333333,dispersed,0.0,651.0,0.027649769585253458
Q12906|ensembl_protein_id=ENSP00000384660|entry=ILF3_HUMAN|source=pfam27|protein_name=Interleukin,SEG,692,718,27,mRNA,distal_terminal,gs_rich_neutral_region,Q12906,0.03703703703703703,0.0,0.0,0.0,0.0,0.5185185185185185,0.03703703703703703,0.0,0.0,0.0,0.0,0.07407407407407407,0.0,0.03703703703703703,0.0,0.1851851851851852,0.0,0.0,0.0,0.1111111111111111,0.4444444444444444,0.7037037037037037,0.1111111111111111,0.1481481481481481,0.7777777777777778,0.0,0.0,0.0,0.0,0.7037037037037037,0,0,False,0,0,False,5,5,True,7,1.714285714285714,4,2.5,1.171893055416463,dispersed,6,3.166666666666667,9,1.2,0.3333333333333334,dispersed,3,1.333333333333333,2,9.5,0.7894736842105263,dispersed,5,4.2,14,1.25,0.3464101615137755,dispersed,0,,0,,,insufficient,0.0,894.0,0.030201342281879196
Q12906|ensembl_protein_id=ENSP00000384660|entry=ILF3_HUMAN|source=pfam27|protein_name=Interleukin,SEG,830,845,16,mRNA,distal_terminal,gs_rich_neutral_region,Q12906,0.0,0.0,0.0,0.0,0.0,0.5625,0.0625,0.0,0.0,0.0,0.0,0.0,0.0625,0.0,0.0,0.25,0.0,0.0,0.0,0.0625,0.375,0.6875,0.0625,0.125,0.875,0.0,0.0,0.0,0.0,0.8125,0,0,False,0,0,False,3,3,True,4,1.5,2,2.666666666666667,0.1767766952966369,dispersed,3,3.666666666666667,7,1.0,0.0,compact,2,1.0,1,2.0,0.0,dispersed,3,4.666666666666667,9,1.0,0.0,compact,0,,0,,,insufficient,0.0,894.0,0.017897091722595078
Q9UPQ9|ensembl_protein_id=ENSP00000384795|entry=TNR6B_HUMAN|source=pfam27|protein_name=Trinucleotide,SEG,820,833,14,mRNA,distal_terminal,disorder_rich_spacer_region,Q9UPQ9,0.0,0.0,0.0,0.0,0.0,0.0,0.07142857142857142,0.0,0.0,0.0,0.0,0.0,0.4285714285714285,0.5,0.0,0.0,0.0,0.0,0.0,0.0,0.5714285714285714,0.07142857142857142,0.0,0.07142857142857142,0.9285714285714286,0.0,0.0,0.0,0.0,0.0,0,0,False,0,0,False,0,0,False,3,2.666666666666667,5,3.0,0.3333333333333333,compact,1,1.0,1,,,dispersed,1,1.0,1,,,dispersed,1,13.0,13,,,compact,0,,0,,,insufficient,0.0,1833.0,0.007637752318603383
Q9UPQ9|ensembl_protein_id=ENSP00000384795|entry=TNR6B_HUMAN|source=pfam27|protein_name=Trinucleotide,SEG,1276,1297,22,mRNA,distal_terminal,glutamine_rich_region,Q9UPQ9,0.04545454545454546,0.04545454545454546,0.0,0.0,0.04545454545454546,0.0,0.0,0.0,0.0,0.2727272727272727,0.0,0.04545454545454546,0.04545454545454546,0.5,0.0,0.0,0.0,0.0,0.0,0.0,0.5454545454545454,0.4090909090909091,0.3181818181818182,0.04545454545454546,0.5909090909090909,0.0,0.0,0.0,0.0,0.0,0,0,False,0,0,False,0,0,False,5,2.4,7,2.25,0.3685138655950444,dispersed,4,2.25,3,3.0,0.9428090415820635,dispersed,1,1.0,1,,,dispersed,6,2.166666666666667,7,1.6,0.5,dispersed,0,,0,,,insufficient,0.0,1833.0,0.012002182214948172
Q5U5Q3|ensembl_protein_id=ENSP00000385610|entry=MEX3C_HUMAN|source=pfam27|protein_name=RNA-binding,SEG,6,34,29,mRNA,distal_terminal,disorder_rich_spacer_region,Q5U5Q3,0.2413793103448276,0.0,0.0,0.0,0.0,0.0,0.0,0.0,0.0,0.1379310344827586,0.0,0.0,0.5517241379310345,0.03448275862068965,0.0,0.03448275862068965,0.0,0.0,0.0,0.0,0.06896551724137931,0.3793103448275862,0.1379310344827586,0.0,0.8620689655172413,0.0,0.0,0.0,0.0,0.03448275862068965,0,0,False,0,0,False,0,0,False,2,1.0,1,13.0,0.0,dispersed,4,2.75,8,5.0,1.131370849898476,dispersed,0,,0,,,insufficient,5,5.0,13,1.0,0.0,dispersed,0,,0,,,insufficient,0.0,659.0,0.04400606980273141
B5MCU0|ensembl_protein_id=ENSP00000385839|entry=B5MCU0_HUMAN|source=pfam27|protein_name=R3H,SEG,417,426,10,unknown,distal_terminal,disorder_rich_spacer_region,B5MCU0,0.1,0.0,0.0,0.0,0.0,0.0,0.0,0.0,0.0,0.0,0.0,0.0,0.0,0.9,0.0,0.0,0.0,0.0,0.0,0.0,0.9,0.1,0.0,0.0,1.0,0.0,0.0,0.0,0.0,0.0,0,0,False,0,0,False,0,0,False,1,9.0,9,,,compact,1,1.0,1,,,dispersed,0,,0,,,insufficient,1,10.0,10,,,compact,0,,0,,,insufficient,0.0,990.0,0.010101010101010102
A0A7N4I394|ensembl_protein_id=ENSP00000386458|entry=A0A7N4I394_HUMAN|source=pfam27|protein_name=Pre-mRNA-processing,SEG,308,334,27,snRNA,unclassified_no_pfam,disorder_rich_spacer_region,A0A7N4I394,0.7777777777777778,0.0,0.0,0.03703703703703703,0.0,0.0,0.0,0.0,0.0,0.0,0.03703703703703703,0.07407407407407407,0.0,0.0,0.0,0.0,0.0,0.07407407407407407,0.0,0.0,0.1111111111111111,0.8888888888888888,0.1111111111111111,0.0,0.8148148148148148,0.0,0.03703703703703703,0.03703703703703703,-0.03703703703703703,0.0,0,0,False,0,0,False,0,0,False,3,1.0,1,10.0,0.9,dispersed,3,8.0,19,1.0,0.0,compact,0,,0,,,insufficient,3,7.333333333333333,13,1.5,0.3333333333333333,compact,1,1.0,1,,,dispersed,0.0,994.0,0.02716297786720322
Q9Y4B4|ensembl_protein_id=ENSP00000386520|entry=ARIP4_HUMAN|source=pfam38|protein_name=Helicase,SEG,15,34,20,unknown,distal_terminal,acidic_region,Q9Y4B4,0.1,0.0,0.1,0.55,0.0,0.0,0.0,0.0,0.0,0.05,0.0,0.0,0.05,0.0,0.0,0.0,0.0,0.15,0.0,0.0,0.65,0.3,0.2,0.0,0.7,0.0,0.65,0.65,-0.65,0.0,0,0,False,0,0,False,0,0,False,5,2.6,8,1.5,0.5773502691896257,dispersed,4,1.5,3,3.666666666666667,0.8430562268632459,dispersed,0,,0,,,insufficient,6,2.333333333333333,9,1.2,0.3333333333333334,dispersed,5,2.6,8,1.5,0.5773502691896257,dispersed,0.0,1467.0,0.013633265167007498
B8ZZ98|ensembl_protein_id=ENSP00000386608|entry=B8ZZ98_HUMAN|source=pfam38|protein_name=U4/U6.U5,SEG,2,17,16,mRNA,distal_terminal,sr_rs_repeat_region,B8ZZ98,0.0,0.0,0.0,0.0625,0.0,0.0625,0.0,0.0,0.0,0.0,0.0,0.0,0.0625,0.0,0.5625,0.25,0.0,0.0,0.0,0.0,0.875,0.0625,0.0,0.0,1.0,0.5625,0.0625,0.625,0.5,0.3125,0,0,False,4,4,True,0,0,False,2,7.0,8,1.0,0.0,compact,1,1.0,1,,,dispersed,0,,0,,,insufficient,1,16.0,16,,,compact,5,2.0,6,1.25,0.3464101615137755,dispersed,0.0,158.0,0.10126582278481013
B8ZZ98|ensembl_protein_id=ENSP00000386608|entry=B8ZZ98_HUMAN|source=pfam38|protein_name=U4/U6.U5,SEG,9,44,36,mRNA,distal_terminal,sr_rs_repeat_region,B8ZZ98,0.0,0.0,0.02777777777777778,0.1388888888888889,0.0,0.0,0.0,0.0,0.0,0.0,0.0,0.0,0.02777777777777778,0.0,0.5833333333333334,0.1944444444444444,0.02777777777777778,0.0,0.0,0.0,0.9722222222222222,0.02777777777777778,0.0,0.0,0.9444444444444444,0.5833333333333334,0.1666666666666667,0.75,0.4166666666666667,0.1944444444444444,0,0,False,7,7,True,0,0,False,1,35.0,35,,,compact,1,1.0,1,,,dispersed,0,,0,,,insufficient,3,11.33333333333333,17,1.0,0.0,compact,7,3.857142857142857,10,1.333333333333333,0.5590169943749476,dispersed,0.0,158.0,0.22784810126582278
B8ZZ98|ensembl_protein_id=ENSP00000386608|entry=B8ZZ98_HUMAN|source=pfam38|protein_name=U4/U6.U5,SEG,37,58,22,mRNA,domain_adjacent,sr_rs_repeat_region,B8ZZ98,0.0,0.0,0.04545454545454546,0.0,0.0,0.0,0.09090909090909091,0.0,0.0,0.0,0.0,0.0,0.09090909090909091,0.0,0.5454545454545454,0.2272727272727273,0.0,0.0,0.0,0.0,0.9090909090909091,0.09090909090909091,0.0,0.09090909090909091,0.8636363636363636,0.5454545454545454,0.04545454545454546,0.5909090909090909,0.5,0.2272727272727273,0,0,False,5,5,True,0,0,False,3,6.666666666666667,9,1.0,0.0,compact,2,1.0,1,9.0,0.0,dispersed,2,1.0,1,9.0,0.0,dispersed,3,6.333333333333333,9,1.0,0.0,compact,7,1.857142857142857,4,1.5,0.5091750772173156,dispersed,0.3888888888888889,158.0,0.13924050632911392
C9JAB2|ensembl_protein_id=ENSP00000386806|entry=C9JAB2_HUMAN|source=pfam27|protein_name=Serine/arginine-rich,SEG,120,141,22,mRNA,domain_adjacent,sr_rs_repeat_region,C9JAB2,0.0,0.0,0.0,0.0,0.0,0.04545454545454546,0.09090909090909091,0.0,0.0,0.0,0.0,0.0,0.0,0.0,0.5,0.3181818181818182,0.0,0.0,0.0,0.04545454545454546,0.9545454545454546,0.1818181818181818,0.04545454545454546,0.1363636363636364,0.8636363636363636,0.5,0.0,0.5,0.5,0.3636363636363636,1,0,False,7,7,True,0,0,False,2,10.5,20,1.0,0.0,compact,4,1.0,1,5.666666666666667,0.8193169574814186,dispersed,3,1.0,1,6.5,0.8461538461538461,dispersed,3,6.333333333333333,12,1.0,0.0,compact,8,1.375,4,1.428571428571429,0.5099019513592785,dispersed,0.4444444444444444,235.0,0.09361702127659574
E7ETU5|ensembl_protein_id=ENSP00000387280|entry=E7ETU5_HUMAN|source=pfam27|protein_name=RNA,SEG,3,20,18,mRNA,domain_adjacent,disorder_rich_spacer_region,E7ETU5,0.0,0.0,0.0,0.0,0.0,0.0,0.0,0.0,0.0,0.0,0.0,0.2222222222222222,0.1666666666666667,0.0,0.0,0.5,0.1111111111111111,0.0,0.0,0.0,0.8333333333333334,0.1111111111111111,0.0,0.0,0.6666666666666666,0.0,0.0,0.0,0.0,0.5,0,0,False,0,0,False,0,0,False,2,7.5,14,1.0,0.0,compact,1,2.0,2,,,dispersed,0,,0,,,insufficient,3,4.0,5,2.5,0.2,dispersed,0,,0,,,insufficient,0.0,370.0,0.04864864864864865
Q16630|ensembl_protein_id=ENSP00000391774|entry=CPSF6_HUMAN|source=pfam27|protein_name=Cleavage,SEG,235,262,28,mRNA,distal_terminal,disorder_rich_spacer_region,Q16630,0.0,0.0,0.0,0.0,0.0,0.1785714285714286,0.0,0.0,0.0,0.07142857142857142,0.0,0.0,0.6071428571428571,0.03571428571428571,0.03571428571428571,0.0,0.03571428571428571,0.03571428571428571,0.0,0.0,0.1071428571428571,0.3214285714285715,0.1071428571428571,0.0,0.8571428571428571,0.03571428571428571,0.0,0.03571428571428571,0.03571428571428571,0.1785714285714286,0,0,False,0,0,False,0,0,False,3,1.0,1,10.0,0.8,dispersed,7,1.285714285714286,2,2.666666666666667,0.5153882032022076,dispersed,0,,0,,,insufficient,3,8.0,16,1.5,0.3333333333333333,compact,1,1.0,1,,,dispersed,0.0,551.0,0.050816696914700546
Q16630|ensembl_protein_id=ENSP00000391774|entry=CPSF6_HUMAN|source=pfam27|protein_name=Cleavage,SEG,286,311,26,mRNA,distal_terminal,disorder_rich_spacer_region,Q16630,0.0,0.0,0.0,0.0,0.0,0.1923076923076923,0.0,0.0,0.0,0.07692307692307693,0.0,0.0,0.6153846153846154,0.03846153846153846,0.0,0.0,0.0,0.03846153846153846,0.0,0.03846153846153846,0.07692307692307693,0.3461538461538461,0.1538461538461539,0.03846153846153846,0.8461538461538461,0.0,0.0,0.0,0.0,0.1923076923076923,0,0,False,0,0,False,0,0,False,2,1.0,1,16.0,0.0,dispersed,6,1.5,3,2.2,0.5300865358950272,dispersed,1,1.0,1,,,dispersed,5,4.4,8,1.0,0.0,dispersed,0,,0,,,insufficient,0.0,551.0,0.047186932849364795
Q16630|ensembl_protein_id=ENSP00000391774|entry=CPSF6_HUMAN|source=pfam27|protein_name=Cleavage,SEG,300,333,34,mRNA,distal_terminal,disorder_rich_spacer_region,Q16630,0.0,0.0,0.0,0.0,0.02941176470588235,0.2058823529411765,0.0,0.0,0.0,0.02941176470588235,0.0,0.0,0.5882352941176471,0.05882352941176471,0.02941176470588235,0.0,0.0,0.02941176470588235,0.0,0.02941176470588235,0.1176470588235294,0.3235294117647059,0.1176470588235294,0.05882352941176471,0.8823529411764706,0.02941176470588235,0.0,0.02941176470588235,0.02941176470588235,0.2058823529411765,0,0,False,0,0,False,0,0,False,3,1.333333333333333,2,10.0,0.1,dispersed,8,1.375,3,3.142857142857143,0.6460304728887225,dispersed,2,1.0,1,19.0,0.0,dispersed,4,7.5,19,1.0,0.0,dispersed,1,1.0,1,,,dispersed,0.1851851851851852,551.0,0.06170598911070781
Q16630|ensembl_protein_id=ENSP00000391774|entry=CPSF6_HUMAN|source=pfam27|protein_name=Cleavage,SEG,525,548,24,mRNA,distal_terminal,aromatic_sticker_region,Q16630,0.0,0.0,0.2083333333333333,0.2083333333333333,0.0,0.0,0.04166666666666666,0.0,0.0,0.0,0.0,0.0,0.0,0.0,0.4583333333333333,0.04166666666666666,0.0,0.0,0.0,0.04166666666666666,1.0,0.08333333333333333,0.04166666666666666,0.08333333333333333,0.7083333333333334,0.4583333333333333,0.4166666666666667,0.875,0.04166666666666666,0.04166666666666666,0,0,False,1,0,False,0,0,False,1,24.0,24,,,compact,2,1.0,1,16.0,0.0,dispersed,2,1.0,1,16.0,0.0,dispersed,7,2.428571428571428,6,1.0,0.0,dispersed,2,10.5,16,1.0,0.0,compact,0.3684210526315789,551.0,0.043557168784029036
O00571|ensembl_protein_id=ENSP00000392494|entry=DDX3X_HUMAN|source=pfam27|protein_name=ATP-dependent,SEG,604,623,20,mRNA,distal_terminal,polar_linker,O00571,0.1,0.0,0.0,0.0,0.05,0.05,0.0,0.0,0.0,0.0,0.0,0.0,0.0,0.05,0.1,0.65,0.0,0.0,0.0,0.0,0.8,0.2,0.05,0.05,0.95,0.1,0.0,0.1,0.1,0.7,0,0,False,2,0,False,1,0,False,4,4.0,5,1.333333333333333,0.3535533905932738,dispersed,3,1.333333333333333,2,4.0,0.0,dispersed,1,1.0,1,,,dispersed,2,9.5,10,1.0,0.0,compact,2,1.0,1,4.0,0.0,dispersed,0.0625,662.0,0.030211480362537766
Q5GAN6|ensembl_protein_id=ENSP00000392996|entry=RNS10_HUMAN|source=pfam27|protein_name=Inactive,SEG,10,26,17,unknown,distal_terminal,hydrophobic_region,Q5GAN6,0.0,0.0,0.0,0.0,0.05882352941176471,0.2941176470588235,0.0,0.0,0.0,0.4705882352941176,0.1764705882352941,0.0,0.0,0.0,0.0,0.0,0.0,0.0,0.0,0.0,0.0,1.0,0.7058823529411765,0.05882352941176471,0.2941176470588235,0.0,0.0,0.0,0.0,0.2941176470588235,0,0,False,0,0,False,0,0,False,0,,0,,,insufficient,1,17.0,17,,,compact,1,1.0,1,,,dispersed,5,1.0,1,1.0,0.0,dispersed,0,,0,,,insufficient,0.0,216.0,0.0787037037037037
Q00839|ensembl_protein_id=ENSP00000393151|entry=HNRPU_HUMAN|source=pfam27|protein_name=Heterogeneous,SEG,76,94,19,mRNA,domain_adjacent,acidic_region,Q00839,0.1578947368421053,0.0,0.05263157894736842,0.631578947368421,0.0,0.1052631578947368,0.0,0.0,0.0,0.0,0.0,0.0,0.0,0.05263157894736842,0.0,0.0,0.0,0.0,0.0,0.0,0.7368421052631579,0.2631578947368421,0.0,0.0,0.9473684210526315,0.0,0.6842105263157895,0.6842105263157895,-0.6842105263157895,0.1052631578947368,0,0,False,0,0,False,0,0,False,2,7.0,12,5.0,0.0,compact,1,5.0,5,,,dispersed,0,,0,,,insufficient,2,9.0,11,1.0,0.0,compact,2,6.5,12,5.0,0.0,compact,0.0,825.0,0.02303030303030303
Q00839|ensembl_protein_id=ENSP00000393151|entry=HNRPU_HUMAN|source=pfam27|protein_name=Heterogeneous,SEG,160,175,16,mRNA,distal_terminal,polar_linker,Q00839,0.0625,0.0,0.0,0.0625,0.0,0.0,0.0,0.0,0.0,0.0,0.0,0.0,0.25,0.5625,0.0,0.0,0.0625,0.0,0.0,0.0,0.6875,0.125,0.0,0.0,0.9375,0.0,0.0625,0.0625,-0.0625,0.0,0,0,False,0,0,False,0,0,False,4,2.75,5,1.666666666666667,0.565685424949238,dispersed,1,2.0,2,,,dispersed,0,,0,,,insufficient,2,7.5,8,1.0,0.0,compact,1,1.0,1,,,dispersed,0.0,825.0,0.019393939393939394
Q15637|ensembl_protein_id=ENSP00000396793|entry=SF01_HUMAN|source=pfam27|protein_name=Splicing,SEG,467,484,18,mRNA,distal_terminal,disorder_rich_spacer_region,Q15637,0.0,0.0,0.0,0.0,0.0,0.1111111111111111,0.0,0.0,0.05555555555555555,0.0,0.2777777777777778,0.0,0.5555555555555556,0.0,0.0,0.0,0.0,0.0,0.0,0.0,0.05555555555555555,0.4444444444444444,0.2777777777777778,0.0,0.7222222222222222,0.05555555555555555,0.0,0.05555555555555555,0.05555555555555555,0.1111111111111111,0,0,False,0,0,False,0,0,False,1,1.0,1,,,dispersed,2,4.0,4,4.0,0.0,dispersed,0,,0,,,insufficient,4,3.25,6,1.666666666666667,0.282842712474619,dispersed,1,1.0,1,,,dispersed,0.0,639.0,0.028169014084507043
Q15637|ensembl_protein_id=ENSP00000396793|entry=SF01_HUMAN|source=pfam27|protein_name=Splicing,SEG,478,498,21,mRNA,distal_terminal,disorder_rich_spacer_region,Q15637,0.0,0.0,0.0,0.0,0.0,0.09523809523809523,0.0,0.0,0.0,0.04761904761904762,0.04761904761904762,0.0,0.6666666666666666,0.04761904761904762,0.0,0.09523809523809523,0.0,0.0,0.0,0.0,0.1428571428571428,0.1904761904761905,0.09523809523809523,0.0,0.9047619047619048,0.0,0.0,0.0,0.0,0.1904761904761905,0,0,False,0,0,False,2,0,False,3,1.0,1,3.0,0.6666666666666666,dispersed,4,1.0,1,5.333333333333333,0.5796011559684815,dispersed,0,,0,,,insufficient,2,9.5,18,1.0,0.0,compact,0,,0,,,insufficient,0.0,639.0,0.03286384976525822
Q15637|ensembl_protein_id=ENSP00000396793|entry=SF01_HUMAN|source=pfam27|protein_name=Splicing,SEG,495,512,18,mRNA,distal_terminal,disorder_rich_spacer_region,Q15637,0.0,0.0,0.0,0.0,0.0,0.05555555555555555,0.0,0.0,0.0,0.05555555555555555,0.0,0.0,0.5,0.3333333333333333,0.0,0.0,0.0,0.0,0.05555555555555555,0.0,0.3888888888888889,0.1666666666666667,0.1111111111111111,0.05555555555555555,0.8888888888888888,0.0,0.0,0.0,0.0,0.05555555555555555,0,0,False,0,0,False,0,0,False,1,7.0,7,,,dispersed,3,1.0,1,1.5,0.3333333333333333,dispersed,1,1.0,1,,,dispersed,3,5.333333333333333,12,1.0,0.0,compact,0,,0,,,insufficient,0.0,639.0,0.028169014084507043
Q15637|ensembl_protein_id=ENSP00000396793|entry=SF01_HUMAN|source=pfam27|protein_name=Splicing,SEG,574,589,16,mRNA,distal_terminal,disorder_rich_spacer_region,Q15637,0.0625,0.0,0.0,0.0,0.0,0.0625,0.0,0.0,0.0,0.0625,0.0,0.0,0.75,0.0625,0.0,0.0,0.0,0.0,0.0,0.0,0.0625,0.1875,0.0625,0.0,0.9375,0.0,0.0,0.0,0.0,0.0625,0,0,False,0,0,False,0,0,False,1,1.0,1,,,dispersed,2,1.5,2,2.0,0.0,dispersed,0,,0,,,insufficient,2,7.5,12,1.0,0.0,compact,0,,0,,,insufficient,0.0,639.0,0.025039123630672927
Q8NE35|ensembl_protein_id=ENSP00000398310|entry=CPEB3_HUMAN|source=pfam27|protein_name=Cytoplasmic,SEG,12,27,16,mRNA,distal_terminal,polar_linker,Q8NE35,0.0,0.0,0.0,0.0,0.0,0.0,0.0,0.0,0.0,0.0,0.0,0.0,0.1875,0.6875,0.0625,0.0,0.0625,0.0,0.0,0.0,0.8125,0.0625,0.0,0.0,0.9375,0.0625,0.0,0.0625,0.0625,0.0,0,0,False,0,0,False,0,0,False,4,3.25,9,1.0,0.0,dispersed,1,1.0,1,,,dispersed,0,,0,,,insufficient,1,15.0,15,,,compact,1,1.0,1,,,dispersed,0.0,698.0,0.022922636103151862
Q8NE35|ensembl_protein_id=ENSP00000398310|entry=CPEB3_HUMAN|source=pfam27|protein_name=Cytoplasmic,SEG,163,188,26,mRNA,distal_terminal,disorder_rich_spacer_region,Q8NE35,0.1923076923076923,0.0,0.0,0.0,0.0,0.0,0.03846153846153846,0.0,0.0,0.0,0.0,0.0,0.4615384615384616,0.3076923076923077,0.0,0.0,0.0,0.0,0.0,0.0,0.3461538461538461,0.2307692307692308,0.0,0.03846153846153846,0.9615384615384616,0.0,0.0,0.0,0.0,0.0,0,0,False,0,0,False,0,0,False,7,1.285714285714286,3,2.833333333333333,0.8256275792716586,dispersed,6,1.0,1,3.2,0.5376453291901642,dispersed,1,1.0,1,,,dispersed,1,25.0,25,,,compact,0,,0,,,insufficient,0.0,698.0,0.03724928366762178
Q8NE35|ensembl_protein_id=ENSP00000398310|entry=CPEB3_HUMAN|source=pfam27|protein_name=Cytoplasmic,SEG,220,240,21,mRNA,distal_terminal,disorder_rich_spacer_region,Q8NE35,0.5238095238095238,0.0,0.0,0.0,0.0,0.0,0.0,0.0,0.0,0.0,0.0,0.0,0.04761904761904762,0.0,0.0,0.3809523809523809,0.0,0.04761904761904762,0.0,0.0,0.3809523809523809,0.5714285714285714,0.04761904761904762,0.0,0.9523809523809523,0.0,0.0,0.0,0.0,0.3809523809523809,0,0,False,0,0,False,0,0,False,3,2.666666666666667,4,6.0,0.8333333333333334,dispersed,2,6.0,11,2.0,0.0,compact,0,,0,,,insufficient,2,10.0,14,1.0,0.0,compact,0,,0,,,insufficient,0.0,698.0,0.03008595988538682
Q5RKV6|ensembl_protein_id=ENSP00000398597|entry=EXOS6_HUMAN|source=pfam27|protein_name=Exosome,SEG,156,171,16,diverse,domain_edge,disorder_rich_spacer_region,Q5RKV6,0.5625,0.0,0.0625,0.0,0.0,0.0,0.0,0.0,0.0,0.25,0.0,0.0,0.0,0.0,0.0,0.0625,0.0625,0.0,0.0,0.0,0.1875,0.875,0.25,0.0,0.625,0.0,0.0625,0.0625,-0.0625,0.0625,0,0,False,0,0,False,0,0,False,3,1.0,1,6.5,0.07692307692307693,dispersed,1,14.0,14,,,compact,0,,0,,,insufficient,5,2.0,3,1.25,0.3464101615137755,dispersed,1,1.0,1,,,dispersed,0.0,272.0,0.058823529411764705
Q6P158|ensembl_protein_id=ENSP00000405111|entry=DHX57_HUMAN|source=pfam38|protein_name=Putative,SEG,34,48,15,mRNA,distal_terminal,disorder_rich_spacer_region,Q6P158,0.0,0.0,0.0,0.0,0.0,0.8666666666666667,0.06666666666666667,0.0,0.0,0.0,0.0,0.0,0.0,0.0,0.0,0.06666666666666667,0.0,0.0,0.0,0.0,0.1333333333333333,0.9333333333333333,0.0,0.06666666666666667,0.9333333333333333,0.0,0.0,0.0,0.0,0.9333333333333333,0,0,False,0,0,False,1,0,False,2,1.0,1,1.0,0.0,dispersed,2,7.0,12,1.0,0.0,compact,1,1.0,1,,,dispersed,1,14.0,14,,,compact,0,,0,,,insufficient,0.0,1386.0,0.010822510822510822
A0A0A0MSN9|ensembl_protein_id=ENSP00000407528|entry=A0A0A0MSN9_HUMAN|source=pfam27|protein_name=Negative,SEG,190,237,48,mRNA,domain_adjacent,unmapped_physicochemical_properties,A0A0A0MSN9,0.0,0.0,0.3958333333333333,0.08333333333333333,0.0,0.0,0.0,0.0,0.0,0.0,0.0,0.02083333333333333,0.0,0.0,0.5,0.0,0.0,0.0,0.0,0.0,1.0,0.0,0.0,0.0,0.5833333333333334,0.5,0.4791666666666667,0.9791666666666666,0.02083333333333333,0.0,0,0,False,0,0,False,0,0,False,1,48.0,48,,,compact,0,,0,,,insufficient,0,,0,,,insufficient,20,1.4,3,1.0,0.0,dispersed,1,47.0,47,,,compact,0.0,333.0,0.14414414414414414
P51991|ensembl_protein_id=ENSP00000408487|entry=ROA3_HUMAN|source=pfam27|protein_name=Heterogeneous,SEG,224,247,24,mRNA,domain_adjacent,aromatic_sticker_region,P51991,0.0,0.0,0.0,0.0,0.125,0.5833333333333334,0.0,0.0,0.0,0.0,0.04166666666666666,0.125,0.0,0.0,0.125,0.0,0.0,0.0,0.0,0.0,0.25,0.75,0.1666666666666667,0.125,0.7083333333333334,0.125,0.0,0.125,0.125,0.5833333333333334,3,0,False,0,0,False,0,0,False,6,1.0,1,3.0,0.5163977794943223,dispersed,7,2.571428571428572,6,1.0,0.0,dispersed,3,1.0,1,5.5,0.09090909090909091,dispersed,4,4.25,5,2.0,0.0,dispersed,3,1.0,1,9.0,0.3333333333333333,dispersed,0.5263157894736842,378.0,0.06349206349206349
P51991|ensembl_protein_id=ENSP00000408487|entry=ROA3_HUMAN|source=pfam27|protein_name=Heterogeneous,SEG,237,266,30,mRNA,domain_adjacent,aromatic_sticker_region,P51991,0.0,0.0,0.03333333333333333,0.0,0.06666666666666667,0.6333333333333333,0.0,0.0,0.0,0.0,0.0,0.03333333333333333,0.0,0.0,0.1,0.06666666666666667,0.0,0.0,0.0,0.06666666666666667,0.3,0.7666666666666667,0.1333333333333333,0.1333333333333333,0.8,0.1,0.03333333333333333,0.1333333333333333,0.06666666666666667,0.7,3,0,False,1,0,False,2,0,False,7,1.285714285714286,2,2.833333333333333,0.5549400665915649,dispersed,7,3.285714285714286,9,1.166666666666667,0.3194382824999699,dispersed,4,1.0,1,6.666666666666667,0.3535533905932737,dispersed,5,4.8,10,1.25,0.3464101615137755,dispersed,4,1.0,1,7.333333333333333,0.25712973861329,dispersed,0.5833333333333334,378.0,0.07936507936507936
P51991|ensembl_protein_id=ENSP00000408487|entry=ROA3_HUMAN|source=pfam27|protein_name=Heterogeneous,SEG,286,315,30,mRNA,distal_terminal,aromatic_sticker_region,P51991,0.0,0.0,0.03333333333333333,0.03333333333333333,0.0,0.6,0.0,0.0,0.0,0.0,0.0,0.06666666666666667,0.03333333333333333,0.03333333333333333,0.03333333333333333,0.0,0.0,0.0,0.0,0.1666666666666667,0.3666666666666666,0.7666666666666667,0.1666666666666667,0.1666666666666667,0.7333333333333333,0.03333333333333333,0.06666666666666667,0.1,-0.03333333333333333,0.6,1,0,False,0,0,False,0,0,False,7,1.571428571428571,3,3.0,0.6382847385042254,dispersed,5,4.6,10,1.5,0.3333333333333333,dispersed,5,1.0,1,4.75,0.3451283433843158,dispersed,7,3.142857142857143,6,1.333333333333333,0.3535533905932738,dispersed,3,1.0,1,13.0,0.7692307692307693,dispersed,0.04166666666666666,378.0,0.07936507936507936
P51991|ensembl_protein_id=ENSP00000408487|entry=ROA3_HUMAN|source=pfam27|protein_name=Heterogeneous,SEG,354,374,21,mRNA,distal_terminal,gs_rich_neutral_region,P51991,0.0,0.0,0.0,0.0,0.0,0.5238095238095238,0.0,0.0,0.0,0.0,0.0,0.0,0.04761904761904762,0.0,0.04761904761904762,0.2380952380952381,0.0,0.0,0.0,0.1428571428571428,0.4285714285714285,0.6666666666666666,0.1428571428571428,0.1428571428571428,0.8571428571428571,0.04761904761904762,0.0,0.04761904761904762,0.04761904761904762,0.7619047619047619,0,0,False,1,0,False,3,3,True,7,1.285714285714286,3,1.833333333333333,0.4895604370122277,dispersed,4,3.5,6,1.333333333333333,0.3535533905932738,dispersed,3,1.0,1,5.5,0.4545454545454545,dispersed,4,4.5,8,1.0,0.0,dispersed,1,1.0,1,,,dispersed,0.0,378.0,0.05555555555555555
Q13428|ensembl_protein_id=ENSP00000409944|entry=TCOF_HUMAN|source=pfam27|protein_name=Treacle,SEG,266,281,16,pre-rRNA,unclassified_no_pfam,acidic_region,Q13428,0.0,0.0,0.0,0.5625,0.0,0.0625,0.0,0.0,0.0,0.0,0.0,0.0,0.0625,0.0,0.0,0.3125,0.0,0.0,0.0,0.0,0.875,0.0625,0.0,0.0,1.0,0.0,0.5625,0.5625,-0.5625,0.375,0,0,False,0,0,False,1,0,False,2,7.0,9,1.0,0.0,compact,1,1.0,1,,,dispersed,0,,0,,,insufficient,1,16.0,16,,,compact,5,1.8,3,1.5,0.3333333333333333,dispersed,0.0,1488.0,0.010752688172043012
Q13428|ensembl_protein_id=ENSP00000409944|entry=TCOF_HUMAN|source=pfam27|protein_name=Treacle,SEG,335,351,17,pre-rRNA,unclassified_no_pfam,acidic_region,Q13428,0.0,0.0,0.1176470588235294,0.4117647058823529,0.0,0.0,0.0,0.0,0.0,0.0,0.0,0.0,0.05882352941176471,0.0,0.0,0.4117647058823529,0.0,0.0,0.0,0.0,0.9411764705882353,0.0,0.0,0.0,0.8823529411764706,0.0,0.5294117647058824,0.5294117647058824,-0.5294117647058824,0.4117647058823529,0,0,False,0,0,False,0,0,False,1,16.0,16,,,compact,0,,0,,,insufficient,0,,0,,,insufficient,3,5.0,9,1.0,0.0,compact,5,1.8,3,1.75,0.4738035414793428,dispersed,0.0,1488.0,0.0114247311827957
Q13428|ensembl_protein_id=ENSP00000409944|entry=TCOF_HUMAN|source=pfam27|protein_name=Treacle,SEG,541,556,16,pre-rRNA,unclassified_no_pfam,acidic_region,Q13428,0.0,0.0,0.125,0.3125,0.0,0.0,0.0,0.0,0.0,0.0,0.0,0.0,0.0,0.0,0.0,0.5,0.0,0.0,0.0625,0.0,1.0,0.0625,0.0625,0.0625,0.8125,0.0,0.4375,0.4375,-0.4375,0.5,0,0,False,0,0,False,0,0,False,1,16.0,16,,,compact,1,1.0,1,,,dispersed,1,1.0,1,,,dispersed,3,4.333333333333333,9,1.0,0.0,compact,4,1.75,3,2.0,0.408248290463863,dispersed,0.0,1488.0,0.010752688172043012
Q13428|ensembl_protein_id=ENSP00000409944|entry=TCOF_HUMAN|source=pfam27|protein_name=Treacle,SEG,1140,1158,19,pre-rRNA,unclassified_no_pfam,acidic_region,Q13428,0.0,0.0,0.2105263157894737,0.2105263157894737,0.0,0.05263157894736842,0.0,0.0,0.0,0.0,0.0,0.0,0.05263157894736842,0.0,0.0,0.4736842105263158,0.0,0.0,0.0,0.0,0.8947368421052632,0.05263157894736842,0.0,0.0,0.7894736842105263,0.0,0.4210526315789473,0.4210526315789473,-0.4210526315789473,0.5263157894736842,0,0,False,0,0,False,1,0,False,2,8.5,14,1.0,0.0,compact,1,1.0,1,,,dispersed,0,,0,,,insufficient,4,3.75,7,1.333333333333333,0.3535533905932738,dispersed,5,1.6,2,2.5,0.6,dispersed,0.0,1488.0,0.012768817204301076
Q13428|ensembl_protein_id=ENSP00000409944|entry=TCOF_HUMAN|source=pfam27|protein_name=Treacle,SEG,1436,1466,31,pre-rRNA,unclassified_no_pfam,basic_enriched_region,Q13428,0.06451612903225806,0.0,0.06451612903225806,0.0967741935483871,0.0,0.0,0.0,0.0,0.5806451612903226,0.0,0.0,0.0,0.03225806451612903,0.0,0.03225806451612903,0.0967741935483871,0.03225806451612903,0.0,0.0,0.0,0.9032258064516129,0.6774193548387096,0.0,0.0,0.9032258064516129,0.6129032258064516,0.1612903225806452,0.7741935483870968,0.4516129032258064,0.0967741935483871,0,0,False,0,0,False,0,0,False,3,9.333333333333334,24,1.0,0.0,compact,9,2.333333333333333,8,1.125,0.2939723678960656,dispersed,0,,0,,,insufficient,3,9.333333333333334,14,1.0,0.0,compact,4,6.0,15,1.0,0.0,dispersed,0.0,1488.0,0.020833333333333332
Q5QJE6|ensembl_protein_id=ENSP00000411010|entry=TDIF2_HUMAN|source=pfam27|protein_name=Deoxynucleotidyltransferase,SEG,516,532,17,pre-rRNA,distal_terminal,acidic_region,Q5QJE6,0.0,0.0,0.1176470588235294,0.5882352941176471,0.0,0.0,0.0,0.05882352941176471,0.1176470588235294,0.0,0.0,0.0,0.0,0.0,0.0,0.1176470588235294,0.0,0.0,0.0,0.0,0.9411764705882353,0.1764705882352941,0.05882352941176471,0.0,0.8235294117647058,0.1176470588235294,0.7058823529411765,0.8235294117647058,-0.5882352941176471,0.1176470588235294,0,0,False,0,0,False,0,0,False,1,16.0,16,,,compact,3,1.0,1,4.5,0.3333333333333333,dispersed,0,,0,,,insufficient,3,4.666666666666667,8,1.0,0.0,compact,2,7.0,11,1.0,0.0,compact,0.0,756.0,0.022486772486772486
Q8NE71|ensembl_protein_id=ENSP00000412553|entry=ABCF1_HUMAN|source=pfam27|protein_name=ATP-binding,SEG,59,75,17,mRNA,unclassified_no_pfam,disorder_rich_spacer_region,Q8NE71,0.0,0.0,0.0,0.1176470588235294,0.0,0.0,0.0,0.0,0.2352941176470588,0.05882352941176471,0.0,0.0,0.0,0.5882352941176471,0.0,0.0,0.0,0.0,0.0,0.0,0.9411764705882353,0.2941176470588235,0.05882352941176471,0.0,0.9411764705882353,0.2352941176470588,0.1176470588235294,0.3529411764705883,0.1176470588235294,0.0,0,0,False,0,0,False,0,0,False,1,16.0,16,,,compact,3,1.666666666666667,2,6.0,0.8333333333333334,dispersed,0,,0,,,insufficient,1,16.0,16,,,compact,2,3.0,4,10.0,0.0,dispersed,0.0,845.0,0.020118343195266272
Q8NE71|ensembl_protein_id=ENSP00000412553|entry=ABCF1_HUMAN|source=pfam27|protein_name=ATP-binding,SEG,228,242,15,mRNA,unclassified_no_pfam,acidic_region,Q8NE71,0.0,0.0,0.0,0.6666666666666666,0.0,0.2666666666666667,0.0,0.0,0.0,0.0,0.0,0.0,0.0,0.0,0.0,0.06666666666666667,0.0,0.0,0.0,0.0,0.7333333333333333,0.2666666666666667,0.0,0.0,1.0,0.0,0.6666666666666666,0.6666666666666666,-0.6666666666666666,0.3333333333333333,0,0,False,0,0,False,0,0,False,3,3.666666666666667,6,1.0,0.0,compact,3,1.333333333333333,2,3.5,0.7142857142857143,dispersed,0,,0,,,insufficient,1,15.0,15,,,compact,3,3.333333333333333,6,1.0,0.0,compact,0.0,845.0,0.01775147928994083
Q8WUQ7|ensembl_protein_id=ENSP00000415078|entry=CATIN_HUMAN|source=pfam27|protein_name=Splicing,SEG,32,62,31,mRNA,unclassified_no_pfam,arginine_rich_rna_contact_region,Q8WUQ7,0.0,0.0,0.06451612903225806,0.1935483870967742,0.0,0.06451612903225806,0.03225806451612903,0.0,0.0,0.0,0.0,0.03225806451612903,0.0,0.0,0.5161290322580645,0.0967741935483871,0.0,0.0,0.0,0.0,0.9354838709677419,0.0967741935483871,0.0,0.03225806451612903,0.8709677419354839,0.5161290322580645,0.2580645161290323,0.7741935483870968,0.2580645161290323,0.1612903225806452,0,0,False,2,0,False,0,0,False,3,9.666666666666666,18,1.0,0.0,compact,2,1.5,2,10.0,0.0,dispersed,1,1.0,1,,,dispersed,4,6.75,15,1.0,0.0,dispersed,6,4.0,7,1.0,0.0,dispersed,0.04,758.0,0.040897097625329816
Q5QPL9|ensembl_protein_id=ENSP00000415973|entry=Q5QPL9_HUMAN|source=pfam27|protein_name=RALY,SEG,204,236,33,mRNA,distal_terminal,gs_rich_neutral_region,Q5QPL9,0.0303030303030303,0.0,0.06060606060606061,0.0,0.0,0.7272727272727273,0.0,0.0,0.09090909090909091,0.0,0.0,0.0,0.0,0.0,0.0,0.09090909090909091,0.0,0.0,0.0,0.0,0.2424242424242424,0.8484848484848485,0.0,0.0,0.9393939393939394,0.09090909090909091,0.06060606060606061,0.1515151515151515,0.0303030303030303,0.8181818181818182,0,0,False,0,0,False,3,3,True,6,1.333333333333333,3,5.0,0.8294576541331088,dispersed,4,7.0,12,1.0,0.0,dispersed,0,,0,,,insufficient,2,15.5,26,1.0,0.0,compact,3,1.666666666666667,3,1.0,0.0,dispersed,0.0,237.0,0.13924050632911392
P54253|ensembl_protein_id=ENSP00000416360|entry=ATX1_HUMAN|source=pfam27|protein_name=Ataxin-1,SEG,196,225,30,mRNA,distal_terminal,disorder_rich_spacer_region,P54253,0.0,0.0,0.0,0.03333333333333333,0.0,0.0,0.06666666666666667,0.0,0.0,0.0,0.0,0.0,0.0,0.9,0.0,0.0,0.0,0.0,0.0,0.0,1.0,0.06666666666666667,0.0,0.06666666666666667,0.9333333333333333,0.0,0.03333333333333333,0.03333333333333333,-0.03333333333333333,0.0,0,0,False,0,0,False,0,0,False,1,30.0,30,,,compact,2,1.0,1,1.0,0.0,dispersed,2,1.0,1,1.0,0.0,dispersed,3,9.333333333333334,14,1.0,0.0,compact,1,1.0,1,,,dispersed,0.0,815.0,0.03680981595092025
Q9UHC7|ensembl_protein_id=ENSP00000416369|entry=MKRN1_HUMAN|source=pfam27|protein_name=E3,SEG,39,53,15,mRNA,domain_adjacent,gs_rich_neutral_region,Q9UHC7,0.06666666666666667,0.0,0.06666666666666667,0.0,0.0,0.6666666666666666,0.0,0.0,0.0,0.06666666666666667,0.0,0.0,0.0,0.0,0.0,0.1333333333333333,0.0,0.0,0.0,0.0,0.2,0.8,0.06666666666666667,0.0,0.8666666666666667,0.0,0.06666666666666667,0.06666666666666667,-0.06666666666666667,0.8,0,0,False,0,0,False,2,0,False,2,1.5,2,1.0,0.0,dispersed,3,4.0,9,1.5,0.3333333333333333,compact,0,,0,,,insufficient,2,6.5,9,1.0,0.0,compact,1,1.0,1,,,dispersed,0.0,482.0,0.03112033195020747
A0A0C4DG89|ensembl_protein_id=ENSP00000416534|entry=A0A0C4DG89_HUMAN|source=pfam27;pfam38|protein_name=Probable,SEG,68,105,38,snRNA,distal_terminal,sr_rs_repeat_region,A0A0C4DG89,0.0,0.0,0.05263157894736842,0.05263157894736842,0.0,0.02631578947368421,0.0,0.0,0.0,0.02631578947368421,0.0,0.0,0.0,0.0,0.5526315789473685,0.2894736842105263,0.0,0.0,0.0,0.0,0.9473684210526315,0.05263157894736842,0.02631578947368421,0.0,0.9210526315789473,0.5526315789473685,0.1052631578947368,0.6578947368421053,0.4473684210526316,0.3157894736842105,1,0,False,10,10,True,0,0,False,2,18.0,30,1.0,0.0,compact,2,1.0,1,30.0,0.0,dispersed,0,,0,,,insufficient,3,11.66666666666667,16,1.0,0.0,compact,11,2.272727272727273,5,1.0,0.0,dispersed,0.0,1032.0,0.03682170542635659
C9JE40|ensembl_protein_id=ENSP00000416673|entry=PATL2_HUMAN|source=pfam27|protein_name=Protein,SEG,25,50,26,mRNA,unclassified_no_pfam,acidic_region,C9JE40,0.0,0.0,0.1538461538461539,0.5384615384615384,0.0,0.03846153846153846,0.0,0.0,0.03846153846153846,0.1153846153846154,0.0,0.03846153846153846,0.03846153846153846,0.03846153846153846,0.0,0.0,0.0,0.0,0.0,0.0,0.8076923076923077,0.1923076923076923,0.1153846153846154,0.0,0.6923076923076923,0.03846153846153846,0.6923076923076923,0.7307692307692307,-0.6538461538461539,0.03846153846153846,0,0,False,0,0,False,0,0,False,5,4.2,11,1.0,0.0,dispersed,5,1.0,1,5.0,0.7483314773547882,dispersed,0,,0,,,insufficient,5,3.6,9,1.5,0.5773502691896257,dispersed,5,3.8,11,1.0,0.0,dispersed,0.0,543.0,0.04788213627992634
Q9H2U1|ensembl_protein_id=ENSP00000417078|entry=DHX36_HUMAN|source=pfam27|protein_name=ATP-dependent,SEG,27,55,29,mRNA,distal_terminal,disorder_rich_spacer_region,Q9H2U1,0.03448275862068965,0.0,0.0,0.0,0.0,0.6551724137931034,0.06896551724137931,0.0,0.0,0.0,0.0,0.03448275862068965,0.03448275862068965,0.0,0.1379310344827586,0.03448275862068965,0.0,0.0,0.0,0.0,0.2758620689655172,0.7586206896551724,0.0,0.06896551724137931,0.896551724137931,0.1379310344827586,0.0,0.1379310344827586,0.1379310344827586,0.6896551724137931,3,0,False,0,0,False,1,0,False,6,1.333333333333333,2,3.2,1.07165176246764,dispersed,7,3.142857142857143,10,1.166666666666667,0.3194382824999699,dispersed,2,1.0,1,22.0,0.0,dispersed,4,6.5,19,1.0,0.0,dispersed,4,1.0,1,5.0,0.9933109617167559,dispersed,0.2608695652173913,1008.0,0.028769841269841268
Q86TG7|ensembl_protein_id=ENSP00000417587|entry=PEG10_HUMAN|source=pfam27|protein_name=Retrotransposon-derived,SEG,680,702,23,unknown,unclassified_no_pfam,disorder_rich_spacer_region,Q86TG7,0.0,0.0,0.0,0.0,0.0,0.0,0.0,0.0,0.0,0.0,0.0,0.0,0.7391304347826086,0.1304347826086956,0.04347826086956522,0.0,0.0,0.04347826086956522,0.0,0.04347826086956522,0.2173913043478261,0.08695652173913043,0.08695652173913043,0.04347826086956522,0.9130434782608695,0.04347826086956522,0.0,0.04347826086956522,0.04347826086956522,0.0,0,0,False,0,0,False,0,0,False,3,1.666666666666667,2,3.5,0.1428571428571428,dispersed,2,1.0,1,2.0,0.0,dispersed,1,1.0,1,,,dispersed,3,7.0,15,1.0,0.0,compact,1,1.0,1,,,dispersed,0.0,708.0,0.03248587570621469
Q5T7N2|ensembl_protein_id=ENSP00000419901|entry=LITD1_HUMAN|source=pfam27|protein_name=LINE-1,SEG,403,419,17,mRNA,distal_terminal,acidic_region,Q5T7N2,0.0,0.0,0.0,0.7058823529411765,0.0,0.05882352941176471,0.0,0.0,0.0,0.1176470588235294,0.0,0.0,0.05882352941176471,0.0,0.0,0.05882352941176471,0.0,0.0,0.0,0.0,0.7647058823529411,0.1764705882352941,0.1176470588235294,0.0,0.8823529411764706,0.0,0.7058823529411765,0.7058823529411765,-0.7058823529411765,0.1176470588235294,0,0,False,0,0,False,1,0,False,3,4.333333333333333,6,1.5,0.3333333333333333,compact,2,1.5,2,8.0,0.0,dispersed,0,,0,,,insufficient,2,7.5,9,1.0,0.0,compact,2,6.0,6,4.0,0.0,compact,0.0,865.0,0.019653179190751446
C9JP00|ensembl_protein_id=ENSP00000420327|entry=C9JP00_HUMAN|source=pfam27|protein_name=Muscleblind,SEG,255,272,18,mRNA,domain_adjacent,disorder_rich_spacer_region,C9JP00,0.5555555555555556,0.0,0.0,0.0,0.0,0.0,0.0,0.0,0.0,0.0,0.05555555555555555,0.05555555555555555,0.0,0.1666666666666667,0.0,0.05555555555555555,0.1111111111111111,0.0,0.0,0.0,0.3888888888888889,0.7222222222222222,0.05555555555555555,0.0,0.7777777777777778,0.0,0.0,0.0,0.0,0.05555555555555555,0,0,False,0,0,False,0,0,False,4,1.75,3,3.666666666666667,0.128564869306645,dispersed,2,6.5,9,1.0,0.0,compact,0,,0,,,insufficient,3,4.666666666666667,9,1.5,0.3333333333333333,compact,0,,0,,,insufficient,0.0,348.0,0.05172413793103448
D6R9W6|ensembl_protein_id=ENSP00000422850|entry=D6R9W6_HUMAN|source=pfam27|protein_name=La,SEG,148,163,16,mRNA,distal_terminal,rg_rgg_repeat_region,D6R9W6,0.0,0.0,0.0,0.0,0.0625,0.4375,0.0,0.0,0.0,0.0,0.0,0.0,0.0,0.0,0.5,0.0,0.0,0.0,0.0,0.0,0.5,0.5,0.0625,0.0625,0.9375,0.5,0.0,0.5,0.5,0.4375,7,7,True,0,0,False,0,0,False,8,1.0,1,1.0,0.0,dispersed,8,1.0,1,1.0,0.0,dispersed,1,1.0,1,,,dispersed,1,15.0,15,,,compact,8,1.0,1,1.0,0.0,dispersed,0.08333333333333333,518.0,0.03088803088803089
F6VAP0|ensembl_protein_id=ENSP00000423243|entry=F6VAP0_HUMAN|source=pfam27|protein_name=RNA,SEG,448,463,16,mRNA,distal_terminal,disorder_rich_spacer_region,F6VAP0,0.875,0.0,0.0,0.0,0.0,0.0,0.0,0.0,0.0,0.0,0.0,0.0,0.0625,0.0,0.0,0.0625,0.0,0.0,0.0,0.0,0.0625,0.875,0.0,0.0,1.0,0.0,0.0,0.0,0.0,0.0625,0,0,False,0,0,False,0,0,False,1,1.0,1,,,dispersed,2,7.0,13,1.0,0.0,compact,0,,0,,,insufficient,1,16.0,16,,,compact,0,,0,,,insufficient,0.0,555.0,0.02882882882882883
Q9NP92|ensembl_protein_id=ENSP00000424328|entry=RT30_HUMAN|source=pfam27|protein_name=Large,SEG,118,135,18,ribosomal protein,domain_intrinsic,acidic_region,Q9NP92,0.05555555555555555,0.0,0.0,0.3333333333333333,0.0,0.0,0.0,0.0,0.0,0.05555555555555555,0.0,0.0,0.5555555555555556,0.0,0.0,0.0,0.0,0.0,0.0,0.0,0.3333333333333333,0.1111111111111111,0.05555555555555555,0.0,0.9444444444444444,0.0,0.3333333333333333,0.3333333333333333,-0.3333333333333333,0.0,0,0,False,0,0,False,0,0,False,6,1.0,1,1.0,0.0,dispersed,2,1.0,1,4.0,0.0,dispersed,0,,0,,,insufficient,1,17.0,17,,,compact,6,1.0,1,1.0,0.0,dispersed,0.0,439.0,0.04100227790432802
Q99729|ensembl_protein_id=ENSP00000425031|entry=ROAA_HUMAN|source=pfam27|protein_name=Heterogeneous,SEG,242,262,21,mRNA,domain_adjacent,rg_rgg_repeat_region,Q99729,0.0,0.0,0.0,0.0,0.0,0.5714285714285714,0.0,0.0,0.0,0.0,0.0,0.1428571428571428,0.0,0.0,0.1904761904761905,0.09523809523809523,0.0,0.0,0.0,0.0,0.4285714285714285,0.5714285714285714,0.0,0.0,0.8571428571428571,0.1904761904761905,0.0,0.1904761904761905,0.1904761904761905,0.6666666666666666,3,3,True,0,0,False,2,0,False,5,1.8,4,1.25,0.3464101615137755,dispersed,5,2.4,7,2.0,0.6123724356957945,dispersed,0,,0,,,insufficient,4,4.5,10,1.0,0.0,dispersed,4,1.0,1,1.666666666666667,0.282842712474619,dispersed,0.0,332.0,0.06325301204819277
P49756|ensembl_protein_id=ENSP00000431150|entry=RBM25_HUMAN|source=pfam27|protein_name=RNA-binding,SEG,305,346,42,mRNA,interdomain_linker,disorder_rich_spacer_region,P49756,0.0,0.0,0.0,0.4761904761904762,0.0,0.0,0.0,0.02380952380952381,0.07142857142857142,0.0,0.0,0.0,0.0,0.0,0.4285714285714285,0.0,0.0,0.0,0.0,0.0,0.9761904761904762,0.09523809523809523,0.02380952380952381,0.0,0.9761904761904762,0.5,0.4761904761904762,0.9761904761904762,0.02380952380952381,0.0,0,0,False,0,0,False,0,0,False,1,41.0,41,,,compact,4,1.0,1,10.33333333333333,1.277354185369247,dispersed,0,,0,,,insufficient,1,41.0,41,,,compact,1,41.0,41,,,compact,0.0,843.0,0.0498220640569395
P49756|ensembl_protein_id=ENSP00000431150|entry=RBM25_HUMAN|source=pfam27|protein_name=RNA-binding,SEG,355,372,18,mRNA,interdomain_linker,disorder_rich_spacer_region,P49756,0.0,0.0,0.3333333333333333,0.1666666666666667,0.0,0.0,0.0,0.0,0.05555555555555555,0.0,0.0,0.0,0.0,0.0,0.4444444444444444,0.0,0.0,0.0,0.0,0.0,1.0,0.05555555555555555,0.0,0.0,0.6666666666666666,0.5,0.5,1.0,0.0,0.0,0,0,False,0,0,False,0,0,False,1,18.0,18,,,compact,1,1.0,1,,,dispersed,0,,0,,,insufficient,7,1.714285714285714,3,1.0,0.0,dispersed,1,18.0,18,,,compact,0.0,843.0,0.021352313167259787
P49756|ensembl_protein_id=ENSP00000431150|entry=RBM25_HUMAN|source=pfam27|protein_name=RNA-binding,SEG,390,425,36,mRNA,interdomain_linker,disorder_rich_spacer_region,P49756,0.0,0.0,0.02777777777777778,0.4722222222222222,0.0,0.0,0.0,0.0,0.0,0.0,0.0,0.0,0.0,0.0,0.5,0.0,0.0,0.0,0.0,0.0,1.0,0.0,0.0,0.0,0.9722222222222222,0.5,0.5,1.0,0.0,0.0,0,0,False,0,0,False,0,0,False,1,36.0,36,,,compact,0,,0,,,insufficient,0,,0,,,insufficient,1,35.0,35,,,compact,1,36.0,36,,,compact,0.0,843.0,0.042704626334519574
P49756|ensembl_protein_id=ENSP00000431150|entry=RBM25_HUMAN|source=pfam27|protein_name=RNA-binding,SEG,577,599,23,mRNA,interdomain_linker,acidic_region,P49756,0.0,0.0,0.0,0.5652173913043478,0.0,0.0,0.0,0.04347826086956522,0.1739130434782609,0.0,0.0,0.0,0.04347826086956522,0.08695652173913043,0.04347826086956522,0.04347826086956522,0.0,0.0,0.0,0.0,0.9130434782608695,0.2173913043478261,0.04347826086956522,0.0,0.9565217391304348,0.2173913043478261,0.5652173913043478,0.782608695652174,-0.3478260869565217,0.04347826086956522,0,0,False,0,0,False,0,0,False,2,10.5,18,1.0,0.0,compact,4,1.25,2,5.0,0.8485281374238569,dispersed,0,,0,,,insufficient,1,22.0,22,,,compact,5,3.6,8,1.0,0.0,dispersed,0.0,843.0,0.027283511269276393
E9PIF2|ensembl_protein_id=ENSP00000432032|entry=E9PIF2_HUMAN|source=pfam27|protein_name=ATP-dependent,SEG,579,593,15,pre-rRNA,distal_terminal,acidic_region,E9PIF2,0.0,0.0,0.1333333333333333,0.6666666666666666,0.0,0.0,0.0,0.0,0.0,0.0,0.06666666666666667,0.06666666666666667,0.0,0.06666666666666667,0.0,0.0,0.0,0.0,0.0,0.0,0.9333333333333333,0.06666666666666667,0.06666666666666667,0.0,0.7333333333333333,0.0,0.8,0.8,-0.8,0.0,0,0,False,0,0,False,0,0,False,2,7.0,13,1.0,0.0,compact,1,1.0,1,,,dispersed,0,,0,,,insufficient,3,3.666666666666667,7,1.5,0.3333333333333333,compact,3,4.0,9,1.0,0.0,compact,0.0,835.0,0.017964071856287425
A1L020|ensembl_protein_id=ENSP00000432845|entry=MEX3A_HUMAN|source=pfam27|protein_name=RNA-binding,SEG,68,100,33,mRNA,domain_adjacent,disorder_rich_spacer_region,A1L020,0.3939393939393939,0.0,0.0,0.0,0.0,0.0303030303030303,0.0,0.0,0.0,0.0,0.0,0.0,0.4242424242424243,0.09090909090909091,0.0,0.0,0.06060606060606061,0.0,0.0,0.0,0.1515151515151515,0.4848484848484849,0.0,0.0,0.9393939393939394,0.0,0.0,0.0,0.0,0.0303030303030303,0,0,False,0,0,False,0,0,False,4,1.25,2,8.0,0.5303300858899106,dispersed,9,1.777777777777778,3,2.125,0.6834676493307206,dispersed,0,,0,,,insufficient,2,15.5,25,1.0,0.0,compact,0,,0,,,insufficient,0.0,520.0,0.06346153846153846
A1L020|ensembl_protein_id=ENSP00000432845|entry=MEX3A_HUMAN|source=pfam27|protein_name=RNA-binding,SEG,405,415,11,mRNA,distal_terminal,aromatic_sticker_region,A1L020,0.09090909090909091,0.0,0.0,0.0,0.09090909090909091,0.0,0.0,0.0,0.0,0.0,0.0,0.0,0.0,0.0,0.0,0.8181818181818182,0.0,0.0,0.0,0.0,0.8181818181818182,0.1818181818181818,0.09090909090909091,0.09090909090909091,0.9090909090909091,0.0,0.0,0.0,0.0,0.8181818181818182,0,0,False,0,0,False,0,0,False,2,4.5,7,1.0,0.0,compact,2,1.0,1,2.0,0.0,dispersed,1,1.0,1,,,dispersed,1,10.0,10,,,compact,0,,0,,,insufficient,0.0,520.0,0.021153846153846155
E9PMM9|ensembl_protein_id=ENSP00000433034|entry=E9PMM9_HUMAN|source=pfam27|protein_name=Small,SEG,29,52,24,ribosomal protein,domain_adjacent,rg_rgg_repeat_region,E9PMM9,0.04166666666666666,0.0,0.0,0.0,0.04166666666666666,0.4583333333333333,0.0,0.04166666666666666,0.0,0.0,0.0,0.0,0.0,0.0,0.375,0.04166666666666666,0.0,0.0,0.0,0.0,0.4166666666666667,0.5833333333333334,0.08333333333333333,0.04166666666666666,0.9166666666666666,0.375,0.0,0.375,0.375,0.5,9,9,True,0,0,False,1,0,False,10,1.0,1,1.222222222222222,0.3401506715249037,dispersed,11,1.272727272727273,2,1.0,0.0,dispersed,1,1.0,1,,,dispersed,2,11.0,19,1.0,0.0,compact,9,1.0,1,1.125,0.2939723678960656,dispersed,0.05263157894736842,218.0,0.11009174311926606
Q9Y2W1|ensembl_protein_id=ENSP00000433825|entry=TR150_HUMAN|source=pfam27|protein_name=Thyroid,SEG,6,27,22,mRNA,distal_terminal,sr_rs_repeat_region,Q9Y2W1,0.04545454545454546,0.0,0.0,0.0,0.04545454545454546,0.04545454545454546,0.0,0.0,0.09090909090909091,0.0,0.0,0.0,0.0,0.0,0.2727272727272727,0.5,0.0,0.0,0.0,0.0,0.8636363636363636,0.2272727272727273,0.04545454545454546,0.04545454545454546,0.9545454545454546,0.3636363636363636,0.0,0.3636363636363636,0.3636363636363636,0.5454545454545454,0,0,False,6,6,True,1,0,False,3,6.333333333333333,8,1.0,0.0,compact,5,1.0,1,4.25,0.7692174606248248,dispersed,1,1.0,1,,,dispersed,1,21.0,21,,,compact,8,1.0,1,1.714285714285714,0.5137011669140814,dispersed,0.05555555555555555,955.0,0.023036649214659685
Q9Y2W1|ensembl_protein_id=ENSP00000433825|entry=TR150_HUMAN|source=pfam27|protein_name=Thyroid,SEG,145,167,23,mRNA,domain_intrinsic,sr_rs_repeat_region,Q9Y2W1,0.0,0.0,0.08695652173913043,0.0,0.0,0.0,0.04347826086956522,0.0,0.04347826086956522,0.0,0.0,0.08695652173913043,0.0,0.0,0.1739130434782609,0.5652173913043478,0.0,0.0,0.0,0.0,1.0,0.08695652173913043,0.0,0.04347826086956522,0.782608695652174,0.2173913043478261,0.08695652173913043,0.3043478260869565,0.1304347826086956,0.5652173913043478,0,0,False,3,3,True,0,0,False,1,23.0,23,,,compact,2,1.0,1,17.0,0.0,dispersed,1,1.0,1,,,dispersed,4,4.5,12,1.333333333333333,0.3535533905932738,dispersed,4,1.75,2,2.666666666666667,0.4677071733467427,dispersed,0.0,955.0,0.024083769633507852
H0YDK8|ensembl_protein_id=ENSP00000433850|entry=H0YDK8_HUMAN|source=pfam27|protein_name=Pumilio,SEG,301,322,22,mRNA,distal_terminal,disorder_rich_spacer_region,H0YDK8,0.5454545454545454,0.0,0.0,0.0,0.0,0.09090909090909091,0.0,0.04545454545454546,0.0,0.0,0.0,0.04545454545454546,0.0,0.04545454545454546,0.0,0.1818181818181818,0.0,0.04545454545454546,0.0,0.0,0.2727272727272727,0.7272727272727273,0.09090909090909091,0.0,0.8636363636363636,0.0,0.0,0.0,0.0,0.2727272727272727,0,0,False,0,0,False,0,0,False,4,1.5,3,3.666666666666667,0.8430562268632459,dispersed,5,3.2,8,1.5,0.5773502691896257,dispersed,0,,0,,,insufficient,3,6.333333333333333,8,1.0,0.0,compact,0,,0,,,insufficient,0.0,900.0,0.024444444444444446
P51513|ensembl_protein_id=ENSP00000438875|entry=NOVA1_HUMAN|source=pfam27|protein_name=RNA-binding,SEG,343,362,20,mRNA,interdomain_linker,disorder_rich_spacer_region,P51513,0.6,0.0,0.0,0.0,0.0,0.05,0.0,0.0,0.0,0.15,0.0,0.1,0.05,0.0,0.0,0.05,0.0,0.0,0.0,0.0,0.15,0.8,0.15,0.0,0.75,0.0,0.0,0.0,0.0,0.1,0,0,False,0,0,False,0,0,False,3,1.0,1,3.5,0.7142857142857143,dispersed,4,4.0,8,1.333333333333333,0.3535533905932738,dispersed,0,,0,,,insufficient,3,5.0,7,1.0,0.0,dispersed,0,,0,,,insufficient,0.0,507.0,0.03944773175542406
A0A0C4DGG8|ensembl_protein_id=ENSP00000439252|entry=A0A0C4DGG8_HUMAN|source=pfam27|protein_name=Cell,SEG,62,87,26,mRNA,domain_adjacent,disorder_rich_spacer_region,A0A0C4DGG8,0.3461538461538461,0.0,0.0,0.0,0.0,0.0,0.0,0.0,0.0,0.1538461538461539,0.0,0.0,0.03846153846153846,0.3846153846153846,0.0,0.0,0.07692307692307693,0.0,0.0,0.0,0.4615384615384616,0.5769230769230769,0.1538461538461539,0.0,0.7692307692307693,0.0,0.0,0.0,0.0,0.0,0,0,False,0,0,False,0,0,False,6,2.0,3,2.8,0.96890428330361,dispersed,4,3.75,8,2.0,0.408248290463863,dispersed,0,,0,,,insufficient,6,3.333333333333333,10,1.2,0.3333333333333334,dispersed,0,,0,,,insufficient,0.0,1043.0,0.024928092042186004
A0A0C4DGG8|ensembl_protein_id=ENSP00000439252|entry=A0A0C4DGG8_HUMAN|source=pfam27|protein_name=Cell,SEG,302,317,16,mRNA,interdomain_linker,arginine_rich_rna_contact_region,A0A0C4DGG8,0.0,0.0,0.0625,0.25,0.0,0.0,0.0,0.0,0.0,0.0,0.0,0.0,0.0,0.0,0.5625,0.125,0.0,0.0,0.0,0.0,1.0,0.0,0.0,0.0,0.9375,0.5625,0.3125,0.875,0.25,0.125,0,0,False,2,0,False,0,0,False,1,16.0,16,,,compact,0,,0,,,insufficient,0,,0,,,insufficient,1,15.0,15,,,compact,3,4.666666666666667,9,1.0,0.0,compact,0.0,1043.0,0.015340364333652923
Q8IWX8|ensembl_protein_id=ENSP00000439856|entry=CHERP_HUMAN|source=pfam27|protein_name=Calcium,SEG,329,342,14,mRNA,domain_intrinsic,disorder_rich_spacer_region,Q8IWX8,0.07142857142857142,0.0,0.0,0.0,0.0,0.0,0.0,0.0,0.0,0.07142857142857142,0.0,0.0,0.0,0.8571428571428571,0.0,0.0,0.0,0.0,0.0,0.0,0.8571428571428571,0.1428571428571428,0.07142857142857142,0.0,0.9285714285714286,0.0,0.0,0.0,0.0,0.0,0,0,False,0,0,False,0,0,False,1,12.0,12,,,compact,2,1.0,1,12.0,0.0,dispersed,0,,0,,,insufficient,1,13.0,13,,,compact,0,,0,,,insufficient,0.0,916.0,0.015283842794759825
Q8IWX8|ensembl_protein_id=ENSP00000439856|entry=CHERP_HUMAN|source=pfam27|protein_name=Calcium,SEG,352,373,22,mRNA,domain_edge,disorder_rich_spacer_region,Q8IWX8,0.2727272727272727,0.0,0.0,0.0,0.0,0.0,0.0,0.04545454545454546,0.04545454545454546,0.0,0.0,0.0,0.5454545454545454,0.0,0.0,0.0,0.09090909090909091,0.0,0.0,0.0,0.1363636363636364,0.4545454545454545,0.04545454545454546,0.0,0.8636363636363636,0.04545454545454546,0.0,0.04545454545454546,0.04545454545454546,0.0,0,0,False,0,0,False,0,0,False,3,1.0,1,9.5,0.8947368421052632,dispersed,7,1.428571428571429,3,2.0,0.5773502691896257,dispersed,0,,0,,,insufficient,3,6.333333333333333,15,1.0,0.0,compact,1,1.0,1,,,dispersed,0.0,916.0,0.024017467248908297
Q8IWX8|ensembl_protein_id=ENSP00000439856|entry=CHERP_HUMAN|source=pfam27|protein_name=Calcium,SEG,762,803,42,mRNA,interdomain_linker,sr_rs_repeat_region,Q8IWX8,0.0,0.02380952380952381,0.0,0.0,0.0,0.02380952380952381,0.0,0.0,0.02380952380952381,0.0,0.0,0.0,0.0,0.02380952380952381,0.3571428571428572,0.5,0.0,0.0,0.0,0.04761904761904762,0.9523809523809523,0.119047619047619,0.04761904761904762,0.04761904761904762,0.9285714285714286,0.3809523809523809,0.0,0.3809523809523809,0.3809523809523809,0.5238095238095238,0,0,False,15,15,True,1,0,False,2,20.0,31,1.0,0.0,compact,5,1.0,1,9.25,1.07123898284359,dispersed,2,1.0,1,11.0,0.0,dispersed,4,9.75,27,1.0,0.0,dispersed,16,1.0,1,1.466666666666667,0.549229362436117,dispersed,0.3939393939393939,916.0,0.04585152838427948
Q15233|ensembl_protein_id=ENSP00000441364|entry=NONO_HUMAN|source=pfam27|protein_name=Non-POU,SEG,18,39,22,ncRNA,domain_adjacent,aromatic_sticker_region,Q15233,0.0,0.0,0.0,0.0,0.0,0.0,0.3181818181818182,0.0,0.04545454545454546,0.0,0.0,0.0,0.1818181818181818,0.4545454545454545,0.0,0.0,0.0,0.0,0.0,0.0,0.8181818181818182,0.3636363636363636,0.0,0.3181818181818182,0.6818181818181818,0.04545454545454546,0.0,0.04545454545454546,0.04545454545454546,0.0,0,0,False,0,0,False,0,0,False,1,18.0,18,,,compact,3,2.666666666666667,3,2.0,0.5,dispersed,3,2.333333333333333,3,2.0,0.5,dispersed,4,3.75,10,2.333333333333333,0.2020305089104421,dispersed,1,1.0,1,,,dispersed,0.05555555555555555,471.0,0.04670912951167728
Q9Y4C8|ensembl_protein_id=ENSP00000442053|entry=RBM19_HUMAN|source=pfam27|protein_name=Probable,SEG,713,724,12,pre-rRNA,interdomain_linker,acidic_region,Q9Y4C8,0.0,0.0,0.0,0.9166666666666666,0.0,0.0,0.0,0.0,0.0,0.0,0.08333333333333333,0.0,0.0,0.0,0.0,0.0,0.0,0.0,0.0,0.0,0.9166666666666666,0.08333333333333333,0.08333333333333333,0.0,0.9166666666666666,0.0,0.9166666666666666,0.9166666666666666,-0.9166666666666666,0.0,0,0,False,0,0,False,0,0,False,1,11.0,11,,,compact,1,1.0,1,,,dispersed,0,,0,,,insufficient,1,11.0,11,,,compact,1,11.0,11,,,compact,0.0,960.0,0.0125
Q9UPS6|ensembl_protein_id=ENSP00000442924|entry=SET1B_HUMAN|source=pfam27|protein_name=Histone-lysine,SEG,676,728,53,ncRNA,distal_terminal,disorder_rich_spacer_region,Q9UPS6,0.05660377358490566,0.0,0.0,0.0,0.03773584905660377,0.03773584905660377,0.01886792452830189,0.0,0.0,0.07547169811320754,0.01886792452830189,0.0,0.660377358490566,0.01886792452830189,0.0,0.0,0.03773584905660377,0.03773584905660377,0.0,0.0,0.07547169811320754,0.3207547169811321,0.169811320754717,0.05660377358490566,0.7735849056603774,0.0,0.0,0.0,0.0,0.03773584905660377,0,0,False,0,0,False,0,0,False,4,1.0,1,14.33333333333333,0.5620021383067242,dispersed,10,1.7,4,3.666666666666667,0.9706434774573921,dispersed,3,1.0,1,15.5,0.03225806451612903,dispersed,10,4.1,12,1.333333333333333,0.5,dispersed,0,,0,,,insufficient,0.0,1966.0,0.02695829094608342
Q9UPS6|ensembl_protein_id=ENSP00000442924|entry=SET1B_HUMAN|source=pfam27|protein_name=Histone-lysine,SEG,725,739,15,ncRNA,distal_terminal,disorder_rich_spacer_region,Q9UPS6,0.06666666666666667,0.0,0.0,0.0,0.0,0.06666666666666667,0.0,0.0,0.0,0.06666666666666667,0.0,0.0,0.6666666666666666,0.0,0.0,0.0,0.0,0.1333333333333333,0.0,0.0,0.0,0.3333333333333333,0.2,0.0,0.8,0.0,0.0,0.0,0.0,0.06666666666666667,0,0,False,0,0,False,0,0,False,0,,0,,,insufficient,4,1.25,2,2.333333333333333,0.5345224838248487,dispersed,0,,0,,,insufficient,3,4.0,5,1.0,0.0,dispersed,0,,0,,,insufficient,0.0,1966.0,0.0076297049847405905
Q9UPS6|ensembl_protein_id=ENSP00000442924|entry=SET1B_HUMAN|source=pfam27|protein_name=Histone-lysine,SEG,1039,1064,26,ncRNA,distal_terminal,disorder_rich_spacer_region,Q9UPS6,0.1153846153846154,0.0,0.0,0.03846153846153846,0.0,0.03846153846153846,0.0,0.0,0.0,0.03846153846153846,0.0,0.0,0.03846153846153846,0.0,0.0,0.6538461538461539,0.07692307692307693,0.0,0.0,0.0,0.7692307692307693,0.2692307692307692,0.03846153846153846,0.0,0.8846153846153846,0.0,0.03846153846153846,0.03846153846153846,-0.03846153846153846,0.6923076923076923,0,0,False,0,0,False,1,0,False,6,3.333333333333333,5,1.0,0.0,dispersed,6,1.166666666666667,2,3.4,0.4778846120374095,dispersed,0,,0,,,insufficient,3,7.666666666666667,15,1.5,0.3333333333333333,compact,1,1.0,1,,,dispersed,0.0,1966.0,0.013224821973550356
Q9UPS6|ensembl_protein_id=ENSP00000442924|entry=SET1B_HUMAN|source=pfam27|protein_name=Histone-lysine,SEG,1067,1086,20,ncRNA,distal_terminal,acidic_region,Q9UPS6,0.05,0.0,0.0,0.75,0.0,0.0,0.0,0.0,0.05,0.0,0.0,0.0,0.0,0.05,0.0,0.05,0.05,0.0,0.0,0.0,0.95,0.15,0.0,0.0,0.95,0.05,0.75,0.8,-0.7,0.05,0,0,False,0,0,False,0,0,False,2,9.5,13,1.0,0.0,compact,3,1.0,1,5.5,0.09090909090909091,dispersed,0,,0,,,insufficient,2,9.5,12,1.0,0.0,compact,4,4.0,6,1.333333333333333,0.3535533905932738,dispersed,0.0,1966.0,0.01017293997965412
Q9UPS6|ensembl_protein_id=ENSP00000442924|entry=SET1B_HUMAN|source=pfam27|protein_name=Histone-lysine,SEG,1093,1120,28,ncRNA,distal_terminal,acidic_region,Q9UPS6,0.0,0.0,0.3928571428571428,0.07142857142857142,0.0,0.0,0.0,0.0,0.03571428571428571,0.03571428571428571,0.0,0.03571428571428571,0.0,0.0,0.03571428571428571,0.3214285714285715,0.07142857142857142,0.0,0.0,0.0,0.9642857142857143,0.1428571428571428,0.03571428571428571,0.0,0.4642857142857143,0.07142857142857142,0.4642857142857143,0.5357142857142857,-0.3928571428571428,0.3214285714285715,0,0,False,0,0,False,0,0,False,1,27.0,27,,,compact,4,1.0,1,2.666666666666667,0.3535533905932738,dispersed,0,,0,,,insufficient,7,1.857142857142857,4,2.0,0.9128709291752769,dispersed,4,3.75,8,1.0,0.0,dispersed,0.0,1966.0,0.014242115971515769
Q9UPS6|ensembl_protein_id=ENSP00000442924|entry=SET1B_HUMAN|source=pfam27|protein_name=Histone-lysine,SEG,1153,1179,27,ncRNA,distal_terminal,acidic_region,Q9UPS6,0.0,0.0,0.03703703703703703,0.2962962962962963,0.03703703703703703,0.0,0.0,0.0,0.0,0.0,0.0,0.0,0.03703703703703703,0.0,0.0,0.5555555555555556,0.03703703703703703,0.0,0.0,0.0,0.9259259259259259,0.07407407407407407,0.03703703703703703,0.03703703703703703,0.8888888888888888,0.0,0.3333333333333333,0.3333333333333333,-0.3333333333333333,0.5555555555555556,0,0,False,0,0,False,0,0,False,3,8.333333333333334,11,1.0,0.0,compact,2,1.0,1,10.0,0.0,dispersed,1,1.0,1,,,dispersed,3,8.0,12,1.0,0.0,compact,6,1.5,4,2.8,0.614451804788759,dispersed,0.0,1966.0,0.013733468972533061
Q9UPS6|ensembl_protein_id=ENSP00000442924|entry=SET1B_HUMAN|source=pfam27|protein_name=Histone-lysine,SEG,1175,1198,24,ncRNA,distal_terminal,acidic_region,Q9UPS6,0.08333333333333333,0.0,0.04166666666666666,0.625,0.0,0.0,0.0,0.0,0.0,0.0,0.04166666666666666,0.0,0.0,0.0,0.04166666666666666,0.04166666666666666,0.0,0.125,0.0,0.0,0.75,0.25,0.1666666666666667,0.0,0.7916666666666666,0.04166666666666666,0.6666666666666666,0.7083333333333334,-0.625,0.04166666666666666,0,0,False,0,0,False,0,0,False,3,6.0,11,3.0,0.0,compact,2,3.0,3,11.0,0.0,dispersed,0,,0,,,insufficient,4,4.75,12,1.666666666666667,0.282842712474619,dispersed,3,5.666666666666667,11,3.0,0.0,compact,0.0,1966.0,0.012207527975584944
Q9UPS6|ensembl_protein_id=ENSP00000442924|entry=SET1B_HUMAN|source=pfam27|protein_name=Histone-lysine,SEG,1316,1340,25,ncRNA,distal_terminal,disorder_rich_spacer_region,Q9UPS6,0.0,0.0,0.0,0.04,0.0,0.0,0.0,0.0,0.0,0.16,0.04,0.0,0.6,0.04,0.08,0.04,0.0,0.0,0.0,0.0,0.2,0.2,0.2,0.0,0.8,0.08,0.04,0.12,0.04,0.04,0,0,False,0,0,False,0,0,False,5,1.0,1,3.25,0.5044183480232308,dispersed,4,1.25,2,1.666666666666667,0.565685424949238,dispersed,0,,0,,,insufficient,4,5.0,15,1.0,0.0,dispersed,3,1.0,1,4.0,0.5,dispersed,0.0,1966.0,0.01271617497456765
Q9UPS6|ensembl_protein_id=ENSP00000442924|entry=SET1B_HUMAN|source=pfam27|protein_name=Histone-lysine,SEG,1471,1487,17,ncRNA,distal_terminal,proline_rich_disordered_region,Q9UPS6,0.05882352941176471,0.0,0.0,0.0,0.0,0.05882352941176471,0.0,0.0,0.0,0.4705882352941176,0.0,0.0,0.4117647058823529,0.0,0.0,0.0,0.0,0.0,0.0,0.0,0.0,0.5882352941176471,0.4705882352941176,0.0,0.5294117647058824,0.0,0.0,0.0,0.0,0.05882352941176471,0,0,False,0,0,False,0,0,False,0,,0,,,insufficient,7,1.428571428571429,3,1.0,0.0,dispersed,0,,0,,,insufficient,9,1.0,1,1.0,0.0,dispersed,0,,0,,,insufficient,0.0,1966.0,0.008646998982706003
Q9UPS6|ensembl_protein_id=ENSP00000442924|entry=SET1B_HUMAN|source=pfam27|protein_name=Histone-lysine,SEG,1579,1600,22,ncRNA,distal_terminal,disorder_rich_spacer_region,Q9UPS6,0.04545454545454546,0.0,0.0,0.04545454545454546,0.0,0.0,0.0,0.04545454545454546,0.0,0.04545454545454546,0.0,0.0,0.7272727272727273,0.04545454545454546,0.0,0.0,0.0,0.04545454545454546,0.0,0.0,0.09090909090909091,0.1818181818181818,0.1363636363636364,0.0,0.8636363636363636,0.0,0.04545454545454546,0.04545454545454546,-0.04545454545454546,0.0,0,0,False,0,0,False,0,0,False,2,1.0,1,10.0,0.0,dispersed,4,1.0,1,5.666666666666667,0.8193169574814188,dispersed,0,,0,,,insufficient,3,6.333333333333333,12,1.0,0.0,compact,1,1.0,1,,,dispersed,0.0,1966.0,0.011190233977619531
P56270|ensembl_protein_id=ENSP00000443956|entry=MAZ_HUMAN|source=pfam27|protein_name=Myc-associated,SEG,89,118,30,unknown,distal_terminal,disorder_rich_spacer_region,P56270,0.7333333333333333,0.0,0.0,0.03333333333333333,0.0,0.0,0.0,0.0,0.0,0.03333333333333333,0.0,0.0,0.1,0.03333333333333333,0.0,0.03333333333333333,0.0,0.03333333333333333,0.0,0.0,0.1,0.8,0.06666666666666667,0.0,0.9333333333333333,0.0,0.03333333333333333,0.03333333333333333,-0.03333333333333333,0.03333333333333333,0,0,False,0,0,False,0,0,False,1,3.0,3,,,dispersed,4,6.0,17,2.0,0.408248290463863,dispersed,0,,0,,,insufficient,2,14.0,19,1.0,0.0,compact,1,1.0,1,,,dispersed,0.0,477.0,0.06289308176100629
P56270|ensembl_protein_id=ENSP00000443956|entry=MAZ_HUMAN|source=pfam27|protein_name=Myc-associated,SEG,129,146,18,unknown,distal_terminal,disorder_rich_spacer_region,P56270,0.2222222222222222,0.0,0.0,0.05555555555555555,0.0,0.0,0.0,0.0,0.0,0.0,0.0,0.0,0.5555555555555556,0.05555555555555555,0.0,0.05555555555555555,0.0,0.05555555555555555,0.0,0.0,0.1666666666666667,0.2777777777777778,0.05555555555555555,0.0,0.9444444444444444,0.0,0.05555555555555555,0.05555555555555555,-0.05555555555555555,0.05555555555555555,0,0,False,0,0,False,0,0,False,3,1.0,1,7.5,0.4666666666666667,dispersed,4,1.25,2,3.0,0.9428090415820635,dispersed,0,,0,,,insufficient,2,8.5,11,1.0,0.0,compact,1,1.0,1,,,dispersed,0.0,477.0,0.03773584905660377
P56270|ensembl_protein_id=ENSP00000443956|entry=MAZ_HUMAN|source=pfam27|protein_name=Myc-associated,SEG,242,265,24,unknown,distal_terminal,disorder_rich_spacer_region,P56270,0.3333333333333333,0.0,0.0,0.04166666666666666,0.0,0.5,0.0,0.0,0.0,0.0,0.0,0.0,0.0,0.0,0.0,0.04166666666666666,0.0,0.08333333333333333,0.0,0.0,0.08333333333333333,0.9166666666666666,0.08333333333333333,0.0,0.9166666666666666,0.0,0.04166666666666666,0.04166666666666666,-0.04166666666666666,0.5416666666666666,0,0,False,0,0,False,1,0,False,2,1.0,1,7.0,0.0,dispersed,2,11.0,15,1.0,0.0,compact,0,,0,,,insufficient,2,11.0,18,1.0,0.0,compact,1,1.0,1,,,dispersed,0.0,477.0,0.050314465408805034
P56270|ensembl_protein_id=ENSP00000443956|entry=MAZ_HUMAN|source=pfam27|protein_name=Myc-associated,SEG,434,450,17,unknown,distal_terminal,disorder_rich_spacer_region,P56270,0.8823529411764706,0.0,0.0,0.0,0.0,0.0,0.0,0.0,0.0,0.0,0.05882352941176471,0.0,0.0,0.0,0.0,0.0,0.0,0.05882352941176471,0.0,0.0,0.0,1.0,0.1176470588235294,0.0,0.8823529411764706,0.0,0.0,0.0,0.0,0.0,0,0,False,0,0,False,0,0,False,0,,0,,,insufficient,1,17.0,17,,,compact,0,,0,,,insufficient,2,7.5,14,1.0,0.0,compact,0,,0,,,insufficient,0.0,477.0,0.03563941299790356
Q7Z5Q1|ensembl_protein_id=ENSP00000443985|entry=CPEB2_HUMAN|source=pfam38|protein_name=Cytoplasmic,SEG,70,84,15,mRNA,distal_terminal,disorder_rich_spacer_region,Q7Z5Q1,0.1333333333333333,0.0,0.0,0.0,0.0,0.0,0.0,0.06666666666666667,0.0,0.0,0.0,0.0,0.4666666666666667,0.3333333333333333,0.0,0.0,0.0,0.0,0.0,0.0,0.3333333333333333,0.2,0.06666666666666667,0.0,0.9333333333333333,0.0,0.0,0.0,0.0,0.0,0,0,False,0,0,False,0,0,False,2,2.5,3,7.0,0.0,dispersed,2,1.5,2,8.0,0.0,dispersed,0,,0,,,insufficient,1,14.0,14,,,compact,0,,0,,,insufficient,0.0,589.0,0.025466893039049237
Q9NP64|ensembl_protein_id=ENSP00000444742|entry=ZCC17_HUMAN|source=pfam27|protein_name=Zinc,SEG,223,239,17,unknown,distal_terminal,basic_enriched_region,Q9NP64,0.1176470588235294,0.0,0.0,0.0,0.0,0.0,0.1176470588235294,0.0,0.7058823529411765,0.0,0.0,0.0,0.0,0.0,0.0,0.05882352941176471,0.0,0.0,0.0,0.0,0.8823529411764706,0.9411764705882353,0.0,0.1176470588235294,0.8823529411764706,0.7058823529411765,0.0,0.7058823529411765,0.7058823529411765,0.05882352941176471,0,0,False,0,0,False,0,0,False,2,7.5,13,2.0,0.0,compact,1,16.0,16,,,compact,2,1.0,1,3.0,0.0,dispersed,2,7.5,12,1.0,0.0,compact,3,4.0,8,1.5,0.3333333333333333,compact,0.3846153846153846,241.0,0.07053941908713693
Q5JTH9|ensembl_protein_id=ENSP00000446184|entry=RRP12_HUMAN|source=pfam27|protein_name=RRP12-like,SEG,1053,1063,11,pre-rRNA,distal_terminal,acidic_region,Q5JTH9,0.0,0.0,0.0,0.9090909090909091,0.0,0.0,0.0,0.0,0.0,0.0,0.0,0.0,0.0,0.0,0.0,0.0,0.0,0.09090909090909091,0.0,0.0,0.9090909090909091,0.09090909090909091,0.09090909090909091,0.0,0.9090909090909091,0.0,0.9090909090909091,0.9090909090909091,-0.9090909090909091,0.0,0,0,False,0,0,False,0,0,False,1,10.0,10,,,compact,1,1.0,1,,,dispersed,0,,0,,,insufficient,1,10.0,10,,,compact,1,10.0,10,,,compact,0.0,1297.0,0.008481110254433308
F8VU11|ensembl_protein_id=ENSP00000448073|entry=F8VU11_HUMAN|source=pfam27|protein_name=Pre-mRNA-processing,SEG,15,32,18,snRNA,unclassified_no_pfam,aromatic_sticker_region,F8VU11,0.05555555555555555,0.0,0.0,0.0,0.1111111111111111,0.05555555555555555,0.0,0.0,0.0,0.0,0.1666666666666667,0.0,0.6111111111111112,0.0,0.0,0.0,0.0,0.0,0.0,0.0,0.0,0.3888888888888889,0.2777777777777778,0.1111111111111111,0.7222222222222222,0.0,0.0,0.0,0.0,0.05555555555555555,0,0,False,0,0,False,0,0,False,0,,0,,,insufficient,5,1.4,2,2.0,0.3535533905932738,dispersed,2,1.0,1,10.0,0.0,dispersed,4,3.25,5,1.666666666666667,0.282842712474619,dispersed,0,,0,,,insufficient,0.0,892.0,0.020179372197309416
F8VU11|ensembl_protein_id=ENSP00000448073|entry=F8VU11_HUMAN|source=pfam27|protein_name=Pre-mRNA-processing,SEG,212,229,18,snRNA,unclassified_no_pfam,disorder_rich_spacer_region,F8VU11,0.0,0.0,0.05555555555555555,0.0,0.0,0.05555555555555555,0.0,0.0,0.0,0.05555555555555555,0.0,0.0,0.5555555555555556,0.2222222222222222,0.0,0.0,0.0,0.05555555555555555,0.0,0.0,0.2777777777777778,0.1666666666666667,0.1111111111111111,0.0,0.8333333333333334,0.0,0.05555555555555555,0.05555555555555555,-0.05555555555555555,0.05555555555555555,0,0,False,0,0,False,0,0,False,5,1.0,1,1.25,0.3464101615137755,dispersed,3,1.0,1,7.5,0.7333333333333333,dispersed,0,,0,,,insufficient,3,5.0,9,1.0,0.0,compact,1,1.0,1,,,dispersed,0.0,892.0,0.020179372197309416
Q13243|ensembl_protein_id=ENSP00000451391|entry=SRSF5_HUMAN|source=pfam27|protein_name=Serine/arginine-rich,SEG,183,232,50,mRNA,domain_adjacent,sr_rs_repeat_region,Q13243,0.0,0.0,0.0,0.0,0.0,0.0,0.02,0.0,0.04,0.0,0.0,0.0,0.0,0.0,0.4,0.48,0.02,0.02,0.0,0.02,0.98,0.12,0.04,0.04,0.92,0.44,0.0,0.44,0.44,0.48,0,0,False,20,20,True,0,0,False,2,24.5,47,1.0,0.0,compact,6,1.0,1,8.4,0.6546536707079771,dispersed,2,1.0,1,28.0,0.0,dispersed,4,11.5,17,1.0,0.0,dispersed,21,1.047619047619048,2,1.3,0.54934064834945,dispersed,0.3333333333333333,272.0,0.18382352941176472
Q9HCK8|ensembl_protein_id=ENSP00000451601|entry=CHD8_HUMAN|source=pfam38|protein_name=ATP-dependent,SEG,2078,2093,16,mRNA,interdomain_linker,disorder_rich_spacer_region,Q9HCK8,0.0,0.0,0.0,0.0,0.0,0.0,0.0,0.0,0.0,0.0625,0.0,0.0,0.0625,0.0,0.0,0.875,0.0,0.0,0.0,0.0,0.875,0.0625,0.0625,0.0,0.9375,0.0,0.0,0.0,0.0,0.875,0,0,False,0,0,False,0,0,False,2,7.0,13,1.0,0.0,compact,1,1.0,1,,,dispersed,0,,0,,,insufficient,1,15.0,15,,,compact,0,,0,,,insufficient,0.0,2581.0,0.006199147617202635
Q9HCK8|ensembl_protein_id=ENSP00000451601|entry=CHD8_HUMAN|source=pfam38|protein_name=ATP-dependent,SEG,2492,2508,17,mRNA,distal_terminal,aromatic_aggregation_prone_region,Q9HCK8,0.0,0.0,0.0,0.0,0.0,0.0,0.8235294117647058,0.0,0.0,0.05882352941176471,0.0,0.0,0.1176470588235294,0.0,0.0,0.0,0.0,0.0,0.0,0.0,0.8235294117647058,0.8823529411764706,0.05882352941176471,0.8235294117647058,0.1176470588235294,0.0,0.0,0.0,0.0,0.0,0,0,False,0,0,False,0,0,False,3,4.666666666666667,7,1.0,0.0,compact,3,5.0,7,1.0,0.0,compact,3,4.666666666666667,7,1.0,0.0,compact,2,1.0,1,1.0,0.0,dispersed,0,,0,,,insufficient,0.0,2581.0,0.0065865943432778
Q9H6T0|ensembl_protein_id=ENSP00000454554|entry=ESRP2_HUMAN|source=pfam27|protein_name=Epithelial,SEG,2,22,21,mRNA,distal_terminal,disorder_rich_spacer_region,Q9H6T0,0.1904761904761905,0.0,0.1428571428571428,0.0,0.0,0.04761904761904762,0.0,0.0,0.0,0.0,0.0,0.0,0.5714285714285714,0.0,0.0,0.0,0.04761904761904762,0.0,0.0,0.0,0.1904761904761905,0.2857142857142857,0.0,0.0,0.8095238095238095,0.0,0.1428571428571428,0.1428571428571428,-0.1428571428571428,0.04761904761904762,0,0,False,0,0,False,0,0,False,4,1.0,1,5.666666666666667,0.6655122646461623,dispersed,4,1.5,2,4.666666666666667,0.6624013211068359,dispersed,0,,0,,,insufficient,3,5.666666666666667,11,1.0,0.0,compact,3,1.0,1,3.0,0.0,dispersed,0.0,727.0,0.02888583218707015
H3BPE7|ensembl_protein_id=ENSP00000455282|entry=H3BPE7_HUMAN|source=pfam27|protein_name=RNA-binding,SEG,162,174,13,mRNA,distal_terminal,gs_rich_neutral_region,H3BPE7,0.0,0.0,0.0,0.0,0.0,0.6923076923076923,0.0,0.0,0.0,0.0,0.0,0.07692307692307693,0.0,0.0,0.0,0.2307692307692308,0.0,0.0,0.0,0.0,0.3076923076923077,0.6923076923076923,0.0,0.0,0.9230769230769231,0.0,0.0,0.0,0.0,0.9230769230769231,0,0,False,0,0,False,1,0,False,1,4.0,4,,,dispersed,1,9.0,9,,,compact,0,,0,,,insufficient,1,12.0,12,,,compact,0,,0,,,insufficient,0.0,527.0,0.024667931688804556
H3BPE7|ensembl_protein_id=ENSP00000455282|entry=H3BPE7_HUMAN|source=pfam27|protein_name=RNA-binding,SEG,212,237,26,mRNA,domain_adjacent,rg_rgg_repeat_region,H3BPE7,0.0,0.0,0.03846153846153846,0.0,0.0,0.6153846153846154,0.0,0.0,0.0,0.0,0.0,0.03846153846153846,0.0,0.0,0.1538461538461539,0.1153846153846154,0.0,0.0,0.0,0.03846153846153846,0.3846153846153846,0.6538461538461539,0.03846153846153846,0.03846153846153846,0.8846153846153846,0.1538461538461539,0.03846153846153846,0.1923076923076923,0.1153846153846154,0.7307692307692307,3,3,True,1,0,False,2,0,False,5,2.0,5,3.75,0.9683892697555966,dispersed,5,3.4,11,1.75,0.7423074889580903,dispersed,1,1.0,1,,,dispersed,2,11.5,19,2.0,0.0,compact,4,1.25,2,6.0,1.062840359428277,dispersed,0.1904761904761905,527.0,0.04933586337760911
H3BPE7|ensembl_protein_id=ENSP00000455282|entry=H3BPE7_HUMAN|source=pfam27|protein_name=RNA-binding,SEG,236,260,25,mRNA,domain_adjacent,rg_rgg_repeat_region,H3BPE7,0.0,0.0,0.04,0.04,0.0,0.52,0.0,0.0,0.0,0.0,0.04,0.0,0.04,0.0,0.2,0.08,0.0,0.0,0.0,0.04,0.4,0.6,0.08,0.04,0.88,0.2,0.08,0.28,0.12,0.6,5,5,True,0,0,False,2,0,False,7,1.428571428571429,3,2.333333333333333,0.5890150893739515,dispersed,6,2.5,5,1.8,0.5443310539518174,dispersed,1,1.0,1,,,dispersed,4,5.5,14,1.0,0.0,dispersed,6,1.166666666666667,2,2.6,0.7133552688842849,dispersed,0.15,527.0,0.04743833017077799
H3BPE7|ensembl_protein_id=ENSP00000455282|entry=H3BPE7_HUMAN|source=pfam27|protein_name=RNA-binding,SEG,377,401,25,mRNA,interdomain_linker,rg_rgg_repeat_region,H3BPE7,0.0,0.0,0.0,0.0,0.0,0.6,0.0,0.0,0.0,0.0,0.04,0.08,0.04,0.0,0.2,0.0,0.0,0.0,0.0,0.04,0.32,0.68,0.08,0.04,0.84,0.2,0.0,0.2,0.2,0.6,5,5,True,0,0,False,0,0,False,7,1.142857142857143,2,2.333333333333333,0.5890150893739515,dispersed,7,2.428571428571428,6,1.0,0.0,dispersed,1,1.0,1,,,dispersed,4,5.25,10,1.0,0.0,dispersed,5,1.0,1,3.25,0.5493406483494501,dispersed,0.15,527.0,0.04743833017077799
H3BPE7|ensembl_protein_id=ENSP00000455282|entry=H3BPE7_HUMAN|source=pfam27|protein_name=RNA-binding,SEG,389,419,31,mRNA,interdomain_linker,cation_pi_rich_neighborhood,H3BPE7,0.0,0.0,0.0,0.0,0.03225806451612903,0.6774193548387096,0.0,0.0,0.0,0.0,0.03225806451612903,0.0,0.06451612903225806,0.0,0.0967741935483871,0.06451612903225806,0.0,0.0,0.0,0.03225806451612903,0.1935483870967742,0.7741935483870968,0.0967741935483871,0.06451612903225806,0.9032258064516129,0.0967741935483871,0.0,0.0967741935483871,0.0967741935483871,0.7419354838709677,3,0,False,0,0,False,2,0,False,6,1.0,1,3.8,0.257841025556124,dispersed,6,4.0,7,1.2,0.3333333333333334,dispersed,2,1.0,1,12.0,0.0,dispersed,4,7.0,12,1.0,0.0,dispersed,3,1.0,1,8.5,0.4117647058823529,dispersed,0.32,527.0,0.058823529411764705
H3BPE7|ensembl_protein_id=ENSP00000455282|entry=H3BPE7_HUMAN|source=pfam27|protein_name=RNA-binding,SEG,485,507,23,mRNA,domain_adjacent,rg_rgg_repeat_region,H3BPE7,0.0,0.0,0.08695652173913043,0.0,0.08695652173913043,0.5217391304347826,0.0,0.0,0.0,0.0,0.0,0.0,0.0,0.0,0.2608695652173913,0.0,0.0,0.0,0.0,0.04347826086956522,0.391304347826087,0.6521739130434783,0.1304347826086956,0.1304347826086956,0.782608695652174,0.2608695652173913,0.08695652173913043,0.3478260869565217,0.1739130434782609,0.5217391304347826,6,6,True,0,0,False,0,0,False,6,1.5,2,2.2,0.3401506715249037,dispersed,7,2.142857142857143,3,1.333333333333333,0.3535533905932738,dispersed,3,1.0,1,10.0,0.1,dispersed,4,4.5,7,1.0,0.0,dispersed,6,1.333333333333333,2,2.2,0.3401506715249037,dispersed,0.3684210526315789,527.0,0.04364326375711575
J3QL05|ensembl_protein_id=ENSP00000463317|entry=J3QL05_HUMAN|source=pfam27|protein_name=Serine/arginine-rich,SEG,100,129,30,mRNA,domain_adjacent,sr_rs_repeat_region,J3QL05,0.0,0.0,0.0,0.0,0.0,0.03333333333333333,0.03333333333333333,0.0,0.03333333333333333,0.0,0.0,0.0,0.1,0.0,0.4,0.3666666666666666,0.0,0.0,0.0,0.03333333333333333,0.8666666666666667,0.1333333333333333,0.03333333333333333,0.06666666666666667,0.9333333333333333,0.4333333333333333,0.0,0.4333333333333333,0.4333333333333333,0.4,1,0,False,10,10,True,0,0,False,2,13.0,22,4.0,0.0,compact,4,1.0,1,8.666666666666666,0.924678098474716,dispersed,2,1.0,1,24.0,0.0,dispersed,2,14.0,24,1.0,0.0,compact,12,1.083333333333333,2,1.363636363636364,0.6463573143221772,dispersed,0.25,130.0,0.23076923076923078
Q9C0B9|ensembl_protein_id=ENSP00000464791|entry=ZCHC2_HUMAN|source=pfam27|protein_name=Zinc,SEG,71,87,17,unknown,domain_adjacent,disorder_rich_spacer_region,Q9C0B9,0.2941176470588235,0.0,0.0,0.0,0.0,0.5294117647058824,0.0,0.0,0.0,0.0,0.05882352941176471,0.0,0.05882352941176471,0.0,0.0,0.0,0.0,0.05882352941176471,0.0,0.0,0.0,0.9411764705882353,0.1176470588235294,0.0,0.8823529411764706,0.0,0.0,0.0,0.0,0.5294117647058824,0,0,False,0,0,False,0,0,False,0,,0,,,insufficient,2,8.0,11,1.0,0.0,compact,0,,0,,,insufficient,2,7.5,9,1.0,0.0,compact,0,,0,,,insufficient,0.0,1178.0,0.014431239388794566
Q15029|ensembl_protein_id=ENSP00000465058|entry=U5S1_HUMAN|source=pfam27|protein_name=116,SEG,31,50,20,tRNA,distal_terminal,acidic_region,Q15029,0.0,0.0,0.65,0.05,0.0,0.05,0.05,0.0,0.05,0.05,0.05,0.0,0.0,0.0,0.0,0.0,0.0,0.05,0.0,0.0,0.8,0.3,0.15,0.05,0.15,0.05,0.7,0.75,-0.65,0.05,0,0,False,0,0,False,0,0,False,4,4.0,8,1.333333333333333,0.3535533905932738,dispersed,5,1.2,2,3.0,0.9718253158075502,dispersed,1,1.0,1,,,dispersed,3,1.0,1,6.5,0.5384615384615384,dispersed,5,3.0,8,1.25,0.3464101615137755,dispersed,0.0,972.0,0.0205761316872428
K7EJB9|ensembl_protein_id=ENSP00000465105|entry=K7EJB9_HUMAN|source=pfam27|protein_name=Calreticulin,SEG,308,339,32,mRNA,distal_terminal,acidic_region,K7EJB9,0.03125,0.0,0.28125,0.53125,0.0,0.0,0.0,0.0,0.125,0.0,0.0,0.0,0.0,0.0,0.03125,0.0,0.0,0.0,0.0,0.0,0.96875,0.15625,0.0,0.0,0.71875,0.15625,0.8125,0.96875,-0.65625,0.0,0,0,False,0,0,False,0,0,False,2,15.5,25,1.0,0.0,compact,5,1.0,1,5.0,0.5099019513592784,dispersed,0,,0,,,insufficient,9,2.555555555555555,8,1.125,0.2939723678960656,dispersed,2,15.5,25,1.0,0.0,compact,0.0,349.0,0.09169054441260745
D6W5Y5|ensembl_protein_id=ENSP00000465558|entry=D6W5Y5_HUMAN|source=pfam27;pfam38|protein_name=Cold-inducible,SEG,98,118,21,mRNA,domain_adjacent,rg_rgg_repeat_region,D6W5Y5,0.04761904761904762,0.0,0.0,0.0,0.1428571428571428,0.4761904761904762,0.0,0.0,0.0,0.0,0.0,0.0,0.0,0.0,0.2857142857142857,0.04761904761904762,0.0,0.0,0.0,0.0,0.3333333333333333,0.6666666666666666,0.1428571428571428,0.1428571428571428,0.8571428571428571,0.2857142857142857,0.0,0.2857142857142857,0.2857142857142857,0.5238095238095238,6,6,True,1,0,False,0,0,False,6,1.166666666666667,2,1.8,0.415739709641549,dispersed,7,2.0,3,1.166666666666667,0.3194382824999699,dispersed,2,1.5,2,9.0,0.0,dispersed,3,6.0,9,1.5,0.3333333333333333,compact,6,1.0,1,2.0,0.4472135954999579,dispersed,0.6470588235294118,297.0,0.0707070707070707
Q9UKJ3|ensembl_protein_id=ENSP00000467556|entry=GPTC8_HUMAN|source=pfam27;pfam38|protein_name=G,SEG,670,691,22,unknown,distal_terminal,basic_enriched_region,Q9UKJ3,0.0,0.0,0.0,0.0,0.0,0.04545454545454546,0.2272727272727273,0.0,0.5,0.0,0.0,0.0,0.0,0.0,0.09090909090909091,0.1363636363636364,0.0,0.0,0.0,0.0,0.9545454545454546,0.7727272727272727,0.0,0.2272727272727273,0.7727272727272727,0.5909090909090909,0.0,0.5909090909090909,0.5909090909090909,0.1818181818181818,0,0,False,0,0,False,0,0,False,1,21.0,21,,,compact,5,3.4,9,1.25,0.3464101615137755,dispersed,5,1.0,1,3.5,0.4738035414793428,dispersed,5,3.4,5,1.0,0.0,dispersed,6,2.166666666666667,5,1.4,0.3499271061118826,dispersed,0.8888888888888888,1502.0,0.014647137150466045
O00267|ensembl_protein_id=ENSP00000469090|entry=SPT5H_HUMAN|source=pfam27|protein_name=Transcription,SEG,36,63,28,mRNA,distal_terminal,acidic_region,O00267,0.0,0.0,0.1428571428571428,0.7142857142857143,0.0,0.0,0.0,0.0,0.03571428571428571,0.0,0.0,0.0,0.03571428571428571,0.0,0.0,0.03571428571428571,0.0,0.0,0.0,0.03571428571428571,0.9642857142857143,0.07142857142857142,0.03571428571428571,0.03571428571428571,0.8214285714285714,0.03571428571428571,0.8571428571428571,0.8928571428571429,-0.8214285714285714,0.03571428571428571,0,0,False,0,0,False,0,0,False,2,13.5,21,1.0,0.0,compact,2,1.0,1,15.0,0.0,dispersed,1,1.0,1,,,dispersed,3,7.666666666666667,9,1.5,0.3333333333333333,dispersed,3,8.333333333333334,11,1.0,0.0,compact,0.0,1087.0,0.025758969641214352
M0QY97|ensembl_protein_id=ENSP00000469684|entry=M0QY97_HUMAN|source=pfam27|protein_name=Zinc,SEG,226,250,25,unknown,distal_terminal,disorder_rich_spacer_region,M0QY97,0.0,0.0,0.0,0.0,0.0,0.12,0.0,0.0,0.0,0.0,0.12,0.0,0.64,0.08,0.04,0.0,0.0,0.0,0.0,0.0,0.12,0.24,0.12,0.0,0.88,0.04,0.0,0.04,0.04,0.12,0,0,False,0,0,False,0,0,False,3,1.0,1,9.5,0.7894736842105263,dispersed,5,1.2,2,4.25,1.07020031756825,dispersed,0,,0,,,insufficient,3,7.333333333333333,19,1.0,0.0,compact,1,1.0,1,,,dispersed,0.0,910.0,0.027472527472527472
M0R1H0|ensembl_protein_id=ENSP00000471867|entry=M0R1H0_HUMAN|source=pfam27|protein_name=Fibrillarin,SEG,7,50,44,snoRNA,domain_adjacent,rg_rgg_repeat_region,M0R1H0,0.0,0.0,0.02272727272727273,0.0,0.06818181818181818,0.7045454545454546,0.0,0.0,0.0,0.0,0.0,0.0,0.02272727272727273,0.0,0.1818181818181818,0.0,0.0,0.0,0.0,0.0,0.2045454545454546,0.7727272727272727,0.06818181818181818,0.06818181818181818,0.9090909090909091,0.1818181818181818,0.02272727272727273,0.2045454545454546,0.1590909090909091,0.7045454545454546,8,7,True,0,0,False,0,0,False,8,1.125,2,4.285714285714286,0.9140872800534727,dispersed,8,4.25,13,1.142857142857143,0.3061862178478973,dispersed,3,1.0,1,6.5,0.2307692307692308,dispersed,5,8.0,23,1.0,0.0,dispersed,8,1.125,2,4.285714285714286,0.9140872800534727,dispersed,0.6176470588235294,178.0,0.24719101123595505
Q9NW07|ensembl_protein_id=ENSP00000472305|entry=ZN358_HUMAN|source=pfam38|protein_name=Zinc,SEG,399,415,17,unknown,domain_adjacent,disorder_rich_spacer_region,Q9NW07,0.9411764705882353,0.0,0.0,0.0,0.0,0.05882352941176471,0.0,0.0,0.0,0.0,0.0,0.0,0.0,0.0,0.0,0.0,0.0,0.0,0.0,0.0,0.0,1.0,0.0,0.0,1.0,0.0,0.0,0.0,0.0,0.05882352941176471,0,0,False,0,0,False,0,0,False,0,,0,,,insufficient,1,17.0,17,,,compact,0,,0,,,insufficient,1,17.0,17,,,compact,0,,0,,,insufficient,0.0,568.0,0.02992957746478873
P08621|ensembl_protein_id=ENSP00000472998|entry=RU17_HUMAN|source=pfam27|protein_name=U1,SEG,250,269,20,snRNA,distal_terminal,sr_rs_repeat_region,P08621,0.0,0.0,0.05,0.1,0.0,0.0,0.0,0.0,0.05,0.0,0.0,0.0,0.0,0.0,0.6,0.2,0.0,0.0,0.0,0.0,1.0,0.05,0.0,0.0,0.95,0.65,0.15,0.8,0.5,0.2,0,0,False,4,4,True,0,0,False,1,20.0,20,,,compact,1,1.0,1,,,dispersed,0,,0,,,insufficient,2,9.5,11,1.0,0.0,compact,5,3.2,7,1.0,0.0,dispersed,0.0,437.0,0.04576659038901602
P08621|ensembl_protein_id=ENSP00000472998|entry=RU17_HUMAN|source=pfam27|protein_name=U1,SEG,360,376,17,snRNA,distal_terminal,arginine_rich_rna_contact_region,P08621,0.0,0.0,0.2941176470588235,0.1176470588235294,0.0,0.0,0.0,0.0,0.0,0.0,0.0,0.0,0.0,0.0,0.5294117647058824,0.05882352941176471,0.0,0.0,0.0,0.0,1.0,0.0,0.0,0.0,0.7058823529411765,0.5294117647058824,0.4117647058823529,0.9411764705882353,0.1176470588235294,0.05882352941176471,0,0,False,0,0,False,0,0,False,1,17.0,17,,,compact,0,,0,,,insufficient,0,,0,,,insufficient,6,2.0,7,1.0,0.0,dispersed,1,16.0,16,,,compact,0.0,437.0,0.038901601830663615
A6NHQ2|ensembl_protein_id=ENSP00000473383|entry=FBLL1_HUMAN|source=pfam27|protein_name=RNA,SEG,8,50,43,snoRNA,domain_adjacent,cation_pi_rich_neighborhood,A6NHQ2,0.02325581395348837,0.0,0.02325581395348837,0.0,0.02325581395348837,0.7209302325581395,0.0,0.0,0.04651162790697674,0.0,0.0,0.0,0.0,0.02325581395348837,0.06976744186046512,0.02325581395348837,0.0,0.0,0.04651162790697674,0.0,0.2325581395348837,0.8604651162790697,0.06976744186046512,0.06976744186046512,0.9069767441860465,0.1162790697674419,0.02325581395348837,0.1395348837209302,0.09302325581395349,0.7441860465116279,3,0,False,0,0,False,1,0,False,9,1.111111111111111,2,3.75,0.4944132324730442,dispersed,6,6.166666666666667,12,1.0,0.0,dispersed,3,1.0,1,14.0,0.8571428571428571,dispersed,4,9.75,16,1.0,0.0,dispersed,6,1.0,1,6.8,0.3404657912585361,dispersed,0.3529411764705883,334.0,0.12874251497005987
A6NHQ2|ensembl_protein_id=ENSP00000473383|entry=FBLL1_HUMAN|source=pfam27|protein_name=RNA,SEG,47,77,31,snoRNA,domain_adjacent,rg_rgg_repeat_region,A6NHQ2,0.06451612903225806,0.0,0.06451612903225806,0.0,0.06451612903225806,0.5483870967741935,0.0,0.0,0.06451612903225806,0.0,0.0,0.0,0.0,0.0,0.1935483870967742,0.0,0.0,0.0,0.0,0.0,0.3225806451612903,0.7419354838709677,0.06451612903225806,0.06451612903225806,0.8709677419354839,0.2580645161290323,0.06451612903225806,0.3225806451612903,0.1935483870967742,0.5483870967741935,5,5,True,0,0,False,0,0,False,8,1.25,3,2.571428571428572,0.773799348732451,dispersed,8,2.875,6,1.142857142857143,0.3061862178478973,dispersed,2,1.0,1,6.0,0.0,dispersed,5,5.4,12,1.0,0.0,dispersed,8,1.25,3,2.571428571428572,0.773799348732451,dispersed,0.44,334.0,0.09281437125748503
A6NFI3|ensembl_protein_id=ENSP00000477706|entry=ZN316_HUMAN|source=pfam38|protein_name=Zinc,SEG,27,49,23,unknown,distal_terminal,acidic_region,A6NFI3,0.0,0.0,0.04347826086956522,0.6956521739130435,0.0,0.04347826086956522,0.0,0.0,0.04347826086956522,0.0,0.0,0.0,0.0,0.08695652173913043,0.0,0.0,0.0,0.08695652173913043,0.0,0.0,0.8695652173913043,0.1739130434782609,0.08695652173913043,0.0,0.8695652173913043,0.04347826086956522,0.7391304347826086,0.782608695652174,-0.6956521739130435,0.04347826086956522,0,0,False,0,0,False,0,0,False,4,5.0,11,1.0,0.0,dispersed,3,1.333333333333333,2,2.0,0.0,dispersed,0,,0,,,insufficient,3,6.666666666666667,13,1.0,0.0,compact,5,3.6,9,1.25,0.3464101615137755,dispersed,0.0,1004.0,0.022908366533864542
A6NFI3|ensembl_protein_id=ENSP00000477706|entry=ZN316_HUMAN|source=pfam38|protein_name=Zinc,SEG,38,62,25,unknown,distal_terminal,acidic_region,A6NFI3,0.04,0.0,0.0,0.6,0.0,0.08,0.0,0.04,0.0,0.0,0.0,0.0,0.0,0.04,0.0,0.0,0.0,0.2,0.0,0.0,0.64,0.36,0.24,0.0,0.76,0.0,0.6,0.6,-0.6,0.08,0,0,False,0,0,False,0,0,False,5,3.2,6,2.0,0.5,dispersed,5,1.8,3,3.75,0.4760952285695234,dispersed,0,,0,,,insufficient,5,3.8,6,1.5,0.5773502691896257,dispersed,5,3.0,6,2.25,0.3685138655950444,dispersed,0.0,1004.0,0.0249003984063745
A6NFI3|ensembl_protein_id=ENSP00000477706|entry=ZN316_HUMAN|source=pfam38|protein_name=Zinc,SEG,130,149,20,unknown,distal_terminal,acidic_region,A6NFI3,0.0,0.0,0.3,0.55,0.0,0.0,0.0,0.0,0.0,0.1,0.0,0.0,0.0,0.0,0.05,0.0,0.0,0.0,0.0,0.0,0.9,0.1,0.1,0.0,0.6,0.05,0.85,0.9,-0.8,0.0,0,0,False,0,0,False,0,0,False,2,9.0,14,1.0,0.0,compact,2,1.0,1,14.0,0.0,dispersed,0,,0,,,insufficient,5,2.4,8,1.25,0.3464101615137755,dispersed,2,9.0,14,1.0,0.0,compact,0.0,1004.0,0.0199203187250996
A0A087WVF4|ensembl_protein_id=ENSP00000479403|entry=A0A087WVF4_HUMAN|source=pfam38|protein_name=Chromodomain,SEG,19,57,39,unknown,distal_terminal,gs_rich_neutral_region,A0A087WVF4,0.02564102564102564,0.0,0.1538461538461539,0.02564102564102564,0.0,0.2051282051282051,0.0,0.0,0.0,0.0,0.0,0.0,0.0,0.05128205128205128,0.0,0.5384615384615384,0.0,0.0,0.0,0.0,0.7692307692307693,0.2307692307692308,0.0,0.0,0.8461538461538461,0.0,0.1794871794871795,0.1794871794871795,-0.1794871794871795,0.7435897435897436,0,0,False,0,0,False,8,8,True,10,3.0,6,1.0,0.0,dispersed,9,1.0,1,2.75,0.6982859770789643,dispersed,0,,0,,,insufficient,5,6.6,17,1.5,0.5773502691896257,dispersed,5,1.4,3,7.5,0.8299933065325822,dispersed,0.0,1798.0,0.021690767519466074
A0A087WVF4|ensembl_protein_id=ENSP00000479403|entry=A0A087WVF4_HUMAN|source=pfam38|protein_name=Chromodomain,SEG,121,137,17,unknown,distal_terminal,acidic_region,A0A087WVF4,0.0,0.0,0.2352941176470588,0.1764705882352941,0.0,0.05882352941176471,0.0,0.0,0.0,0.0,0.0,0.0,0.0,0.0,0.0,0.5294117647058824,0.0,0.0,0.0,0.0,0.9411764705882353,0.05882352941176471,0.0,0.0,0.7647058823529411,0.0,0.4117647058823529,0.4117647058823529,-0.4117647058823529,0.5882352941176471,0,0,False,0,0,False,1,0,False,1,16.0,16,,,compact,1,1.0,1,,,dispersed,0,,0,,,insufficient,4,3.25,5,1.333333333333333,0.3535533905932738,dispersed,3,2.333333333333333,3,2.5,0.6,dispersed,0.0,1798.0,0.009454949944382647
A0A0D9SF53|ensembl_protein_id=ENSP00000486306|entry=A0A0D9SF53_HUMAN|source=pfam38|protein_name=RNA,SEG,604,623,20,unknown,distal_terminal,polar_linker,A0A0D9SF53,0.1,0.0,0.0,0.0,0.05,0.05,0.0,0.0,0.0,0.0,0.0,0.0,0.0,0.05,0.1,0.65,0.0,0.0,0.0,0.0,0.8,0.2,0.05,0.05,0.95,0.1,0.0,0.1,0.1,0.7,0,0,False,2,0,False,1,0,False,4,4.0,5,1.333333333333333,0.3535533905932738,dispersed,3,1.333333333333333,2,4.0,0.0,dispersed,1,1.0,1,,,dispersed,2,9.5,10,1.0,0.0,compact,2,1.0,1,4.0,0.0,dispersed,0.0625,733.0,0.027285129604365622
A0A2R8Y4L2|ensembl_protein_id=ENSP00000493805|entry=RA1L3_HUMAN|source=pfam38|protein_name=Heterogeneous,SEG,302,316,15,mRNA,domain_adjacent,gs_rich_neutral_region,A0A2R8Y4L2,0.0,0.0,0.0,0.0,0.0,0.3333333333333333,0.0,0.0,0.0,0.0,0.0,0.0,0.0,0.06666666666666667,0.0,0.4666666666666667,0.0,0.0,0.0,0.1333333333333333,0.6666666666666666,0.4666666666666667,0.1333333333333333,0.1333333333333333,0.8666666666666667,0.0,0.0,0.0,0.0,0.8,0,0,False,0,0,False,2,0,False,4,2.5,7,1.666666666666667,0.282842712474619,dispersed,2,3.5,5,6.0,0.0,dispersed,2,1.0,1,8.0,0.0,dispersed,3,4.333333333333333,8,1.0,0.0,compact,0,,0,,,insufficient,0.0,320.0,0.046875
Q9HBD4|ensembl_protein_id=ENSP00000495368|entry=Q9HBD4_HUMAN|source=pfam38|protein_name=SWI/SNF,SEG,228,246,19,unknown,distal_terminal,disorder_rich_spacer_region,Q9HBD4,0.05263157894736842,0.0,0.0,0.0,0.0,0.4210526315789473,0.0,0.0,0.0,0.0,0.0,0.0,0.4736842105263158,0.0,0.0,0.0,0.05263157894736842,0.0,0.0,0.0,0.05263157894736842,0.5263157894736842,0.0,0.0,0.9473684210526315,0.0,0.0,0.0,0.0,0.4210526315789473,0,0,False,0,0,False,0,0,False,1,1.0,1,,,dispersed,9,1.111111111111111,2,1.0,0.0,dispersed,0,,0,,,insufficient,1,18.0,18,,,compact,0,,0,,,insufficient,0.0,1679.0,0.011316259678379988
Q9HBD4|ensembl_protein_id=ENSP00000495368|entry=Q9HBD4_HUMAN|source=pfam38|protein_name=SWI/SNF,SEG,571,592,22,unknown,domain_adjacent,basic_enriched_region,Q9HBD4,0.2272727272727273,0.0,0.0,0.09090909090909091,0.0,0.0,0.04545454545454546,0.0,0.5,0.0,0.0,0.04545454545454546,0.0,0.04545454545454546,0.0,0.0,0.0,0.04545454545454546,0.0,0.0,0.7272727272727273,0.8181818181818182,0.04545454545454546,0.04545454545454546,0.8636363636363636,0.5,0.09090909090909091,0.5909090909090909,0.4090909090909091,0.0,0,0,False,0,0,False,0,0,False,4,4.0,11,1.666666666666667,0.282842712474619,dispersed,4,4.5,10,1.333333333333333,0.3535533905932738,dispersed,1,1.0,1,,,dispersed,3,6.333333333333333,14,1.0,0.0,compact,3,4.333333333333333,11,3.0,0.6666666666666666,compact,0.05555555555555555,1679.0,0.013103037522334724
Q9HBD4|ensembl_protein_id=ENSP00000495368|entry=Q9HBD4_HUMAN|source=pfam38|protein_name=SWI/SNF,SEG,656,671,16,unknown,interdomain_linker,acidic_region,Q9HBD4,0.0,0.0,0.0625,0.6875,0.0,0.0625,0.0,0.0,0.0,0.0,0.0,0.0,0.0,0.0,0.0,0.1875,0.0,0.0,0.0,0.0,0.9375,0.0625,0.0,0.0,0.9375,0.0,0.75,0.75,-0.75,0.25,0,0,False,0,0,False,1,0,False,2,7.5,10,1.0,0.0,compact,1,1.0,1,,,dispersed,0,,0,,,insufficient,1,15.0,15,,,compact,3,4.0,9,2.0,0.5,compact,0.0,1679.0,0.009529481834425254
Q9HBD4|ensembl_protein_id=ENSP00000495368|entry=Q9HBD4_HUMAN|source=pfam38|protein_name=SWI/SNF,SEG,1598,1621,24,unknown,distal_terminal,acidic_region,Q9HBD4,0.0,0.0,0.08333333333333333,0.5833333333333334,0.0,0.125,0.0,0.0,0.04166666666666666,0.0,0.0,0.0,0.0,0.0,0.0,0.1666666666666667,0.0,0.0,0.0,0.0,0.875,0.1666666666666667,0.0,0.0,0.9166666666666666,0.04166666666666666,0.6666666666666666,0.7083333333333334,-0.625,0.2916666666666667,0,0,False,0,0,False,1,0,False,4,5.25,8,1.0,0.0,dispersed,4,1.0,1,5.333333333333333,0.3852758751855611,dispersed,0,,0,,,insufficient,2,11.0,20,2.0,0.0,compact,7,2.428571428571428,5,1.166666666666667,0.3194382824999699,dispersed,0.0,1679.0,0.01429422275163788
Q14839|ensembl_protein_id=ENSP00000496634|entry=CHD4_HUMAN|source=pfam38|protein_name=ATP-dependent,SEG,219,236,18,unknown,distal_terminal,disorder_rich_spacer_region,Q14839,0.5,0.0,0.0,0.0,0.0,0.1111111111111111,0.0,0.0,0.05555555555555555,0.0,0.0,0.0,0.0,0.0,0.0,0.1666666666666667,0.0,0.1666666666666667,0.0,0.0,0.2222222222222222,0.8333333333333334,0.1666666666666667,0.0,0.8333333333333334,0.05555555555555555,0.0,0.05555555555555555,0.05555555555555555,0.2777777777777778,0,0,False,0,0,False,2,0,False,3,1.333333333333333,2,1.5,0.3333333333333333,dispersed,3,5.0,11,1.5,0.3333333333333333,compact,0,,0,,,insufficient,3,5.0,7,1.0,0.0,compact,1,1.0,1,,,dispersed,0.0,1912.0,0.009414225941422594
Q9ULG1|ensembl_protein_id=ENSP00000497609|entry=INO80_HUMAN|source=pfam38|protein_name=Chromatin-remodeling,SEG,1453,1479,27,unknown,distal_terminal,disorder_rich_spacer_region,Q9ULG1,0.5925925925925926,0.0,0.0,0.0,0.0,0.1481481481481481,0.0,0.0,0.03703703703703703,0.0,0.03703703703703703,0.0,0.0,0.0,0.0,0.07407407407407407,0.03703703703703703,0.0,0.0,0.07407407407407407,0.2222222222222222,0.9259259259259259,0.1111111111111111,0.07407407407407407,0.8518518518518519,0.03703703703703703,0.0,0.03703703703703703,0.03703703703703703,0.2222222222222222,0,0,False,0,0,False,1,0,False,6,1.0,1,4.0,0.5244044240850758,dispersed,3,8.333333333333334,14,1.0,0.0,compact,2,1.0,1,2.0,0.0,dispersed,4,5.75,14,1.0,0.0,dispersed,1,1.0,1,,,dispersed,0.0,1556.0,0.017352185089974295
A0A8I5KSH6|ensembl_protein_id=ENSP00000509891|entry=A0A8I5KSH6_HUMAN|source=pfam38|protein_name=ATP-dependent,SEG,629,643,15,unknown,distal_terminal,acidic_region,A0A8I5KSH6,0.0,0.0,0.1333333333333333,0.6666666666666666,0.0,0.0,0.0,0.0,0.0,0.0,0.06666666666666667,0.06666666666666667,0.0,0.06666666666666667,0.0,0.0,0.0,0.0,0.0,0.0,0.9333333333333333,0.06666666666666667,0.06666666666666667,0.0,0.7333333333333333,0.0,0.8,0.8,-0.8,0.0,0,0,False,0,0,False,0,0,False,2,7.0,13,1.0,0.0,compact,1,1.0,1,,,dispersed,0,,0,,,insufficient,3,3.666666666666667,7,1.5,0.3333333333333333,compact,3,4.0,9,1.0,0.0,compact,0.0,925.0,0.016216216216216217
A0A8V8TR54|ensembl_protein_id=ENSP00000515165|entry=A0A8V8TR54_HUMAN|source=pfam38|protein_name=Chromodomain,SEG,7,26,20,unknown,distal_terminal,acidic_region,A0A8V8TR54,0.0,0.0,0.05,0.75,0.0,0.0,0.0,0.0,0.0,0.0,0.05,0.0,0.0,0.0,0.0,0.05,0.0,0.1,0.0,0.0,0.85,0.15,0.15,0.0,0.8,0.0,0.8,0.8,-0.8,0.05,0,0,False,0,0,False,0,0,False,2,8.5,9,3.0,0.0,compact,1,3.0,3,,,dispersed,0,,0,,,insufficient,2,8.0,9,3.0,0.0,compact,2,8.0,8,4.0,0.0,compact,0.0,2114.0,0.00946073793755913
A0A8V8TR54|ensembl_protein_id=ENSP00000515165|entry=A0A8V8TR54_HUMAN|source=pfam38|protein_name=Chromodomain,SEG,18,40,23,unknown,distal_terminal,acidic_region,A0A8V8TR54,0.08695652173913043,0.0,0.08695652173913043,0.6956521739130435,0.0,0.04347826086956522,0.0,0.0,0.0,0.0,0.0,0.0,0.0,0.0,0.0,0.04347826086956522,0.0,0.04347826086956522,0.0,0.0,0.8260869565217391,0.1739130434782609,0.04347826086956522,0.0,0.8695652173913043,0.0,0.782608695652174,0.782608695652174,-0.782608695652174,0.08695652173913043,0,0,False,0,0,False,0,0,False,4,4.75,10,1.333333333333333,0.3535533905932738,dispersed,3,1.333333333333333,2,4.0,0.75,dispersed,0,,0,,,insufficient,3,6.666666666666667,11,1.0,0.0,compact,4,4.5,9,1.333333333333333,0.3535533905932738,dispersed,0.0,2114.0,0.010879848628192999
A0A8V8TR54|ensembl_protein_id=ENSP00000515165|entry=A0A8V8TR54_HUMAN|source=pfam38|protein_name=Chromodomain,SEG,73,91,19,unknown,distal_terminal,disorder_rich_spacer_region,A0A8V8TR54,0.0,0.0,0.0,0.0,0.05263157894736842,0.0,0.0,0.0,0.0,0.05263157894736842,0.0,0.0,0.8947368421052632,0.0,0.0,0.0,0.0,0.0,0.0,0.0,0.0,0.1052631578947368,0.1052631578947368,0.05263157894736842,0.8947368421052632,0.0,0.0,0.0,0.0,0.0,0,0,False,0,0,False,0,0,False,0,,0,,,insufficient,2,1.0,1,9.0,0.0,dispersed,1,1.0,1,,,dispersed,2,8.5,9,1.0,0.0,compact,0,,0,,,insufficient,0.0,2114.0,0.008987701040681173
A0A8V8TR54|ensembl_protein_id=ENSP00000515165|entry=A0A8V8TR54_HUMAN|source=pfam38|protein_name=Chromodomain,SEG,264,286,23,unknown,distal_terminal,disorder_rich_spacer_region,A0A8V8TR54,0.6956521739130435,0.0,0.0,0.04347826086956522,0.0,0.0,0.0,0.0,0.0,0.0,0.0,0.0,0.0,0.04347826086956522,0.0,0.08695652173913043,0.0,0.1304347826086956,0.0,0.0,0.1739130434782609,0.8260869565217391,0.1304347826086956,0.0,0.8695652173913043,0.0,0.04347826086956522,0.04347826086956522,-0.04347826086956522,0.08695652173913043,0,0,False,0,0,False,0,0,False,3,1.333333333333333,2,8.5,0.8823529411764706,dispersed,3,6.333333333333333,16,1.5,0.3333333333333333,compact,0,,0,,,insufficient,4,5.0,10,1.0,0.0,dispersed,1,1.0,1,,,dispersed,0.0,2114.0,0.010879848628192999
A0A8V8TR54|ensembl_protein_id=ENSP00000515165|entry=A0A8V8TR54_HUMAN|source=pfam38|protein_name=Chromodomain,SEG,489,510,22,unknown,distal_terminal,acidic_region,A0A8V8TR54,0.04545454545454546,0.0,0.0,0.6818181818181818,0.0,0.09090909090909091,0.0,0.0,0.09090909090909091,0.0,0.0,0.0,0.0,0.0,0.0,0.0,0.0,0.0,0.04545454545454546,0.04545454545454546,0.8636363636363636,0.3181818181818182,0.09090909090909091,0.09090909090909091,0.9090909090909091,0.09090909090909091,0.6818181818181818,0.7727272727272727,-0.5909090909090909,0.09090909090909091,0,0,False,0,0,False,0,0,False,4,4.75,10,1.0,0.0,dispersed,6,1.166666666666667,2,2.6,0.5756395979652218,dispersed,2,1.0,1,8.0,0.0,dispersed,2,10.0,12,1.0,0.0,compact,5,3.4,6,1.0,0.0,dispersed,0.05555555555555555,2114.0,0.010406811731315043
A0ABB0MN55|ensembl_protein_id=ENSP00000516066|entry=A0ABB0MN55_HUMAN|source=pfam38|protein_name=Heterogeneous,SEG,197,220,24,mRNA,domain_adjacent,rg_rgg_repeat_region,A0ABB0MN55,0.0,0.0,0.0,0.0,0.0,0.5833333333333334,0.0,0.0,0.0,0.0,0.0,0.0,0.0,0.0,0.2083333333333333,0.1666666666666667,0.0,0.0,0.0,0.04166666666666666,0.4166666666666667,0.625,0.04166666666666666,0.04166666666666666,0.9583333333333334,0.2083333333333333,0.0,0.2083333333333333,0.2083333333333333,0.75,4,4,True,2,0,False,2,0,False,5,2.0,5,2.75,0.6982859770789643,dispersed,6,2.5,6,1.8,0.8888888888888891,dispersed,1,1.0,1,,,dispersed,1,23.0,23,,,compact,5,1.0,1,1.75,0.2474358296526968,dispersed,0.0,322.0,0.07453416149068323
A0ABB0MN55|ensembl_protein_id=ENSP00000516066|entry=A0ABB0MN55_HUMAN|source=pfam38|protein_name=Heterogeneous,SEG,228,257,30,mRNA,distal_terminal,aromatic_sticker_region,A0ABB0MN55,0.03333333333333333,0.0,0.0,0.0,0.0,0.6666666666666666,0.0,0.0,0.03333333333333333,0.0,0.0,0.06666666666666667,0.0,0.0,0.0,0.03333333333333333,0.0,0.0,0.0,0.1666666666666667,0.3,0.9,0.1666666666666667,0.1666666666666667,0.7666666666666667,0.03333333333333333,0.0,0.03333333333333333,0.03333333333333333,0.7,0,0,False,0,0,False,0,0,False,5,1.8,4,3.75,0.6359594676112971,dispersed,3,9.0,12,1.5,0.3333333333333333,compact,5,1.0,1,3.25,0.6661733875264914,dispersed,6,3.833333333333333,7,1.4,0.3499271061118826,dispersed,1,1.0,1,,,dispersed,0.04166666666666666,322.0,0.09316770186335403
A0ABB0MN55|ensembl_protein_id=ENSP00000516066|entry=A0ABB0MN55_HUMAN|source=pfam38|protein_name=Heterogeneous,SEG,286,304,19,mRNA,distal_terminal,gs_rich_neutral_region,A0ABB0MN55,0.0,0.0,0.0,0.0,0.0,0.5263157894736842,0.0,0.0,0.05263157894736842,0.0,0.0,0.05263157894736842,0.0,0.0,0.05263157894736842,0.2631578947368421,0.0,0.0,0.05263157894736842,0.0,0.4736842105263158,0.631578947368421,0.05263157894736842,0.05263157894736842,0.8947368421052632,0.1052631578947368,0.0,0.1052631578947368,0.1052631578947368,0.7894736842105263,0,0,False,1,0,False,2,0,False,3,3.0,4,5.0,0.6,dispersed,3,4.0,8,1.5,0.3333333333333333,compact,1,1.0,1,,,dispersed,3,5.666666666666667,12,1.0,0.0,compact,2,1.0,1,14.0,0.0,dispersed,0.1333333333333333,322.0,0.059006211180124224
A0ABB0MN55|ensembl_protein_id=ENSP00000516066|entry=A0ABB0MN55_HUMAN|source=pfam38|protein_name=Heterogeneous,SEG,303,320,18,mRNA,distal_terminal,gs_rich_neutral_region,A0ABB0MN55,0.0,0.0,0.0,0.0,0.0,0.5555555555555556,0.0,0.0,0.0,0.0,0.0,0.05555555555555555,0.05555555555555555,0.0,0.05555555555555555,0.1111111111111111,0.0,0.0,0.0,0.1666666666666667,0.3888888888888889,0.7222222222222222,0.1666666666666667,0.1666666666666667,0.7777777777777778,0.05555555555555555,0.0,0.05555555555555555,0.05555555555555555,0.6666666666666666,1,0,False,0,0,False,2,0,False,5,1.4,2,2.75,0.4723774929733302,dispersed,3,4.333333333333333,11,1.0,0.0,compact,3,1.0,1,4.0,0.25,dispersed,4,3.5,5,1.0,0.0,dispersed,1,1.0,1,,,dispersed,0.3571428571428572,322.0,0.055900621118012424
A0ABB0MV08|ensembl_protein_id=ENSP00000520548|entry=A0ABB0MV08_HUMAN|source=pfam38|protein_name=Heterogeneous,SEG,272,292,21,mRNA,interdomain_linker,aromatic_sticker_region,A0ABB0MV08,0.0,0.0,0.0,0.0,0.04761904761904762,0.6190476190476191,0.0,0.0,0.0,0.0,0.0,0.0,0.09523809523809523,0.0,0.04761904761904762,0.04761904761904762,0.0,0.0,0.0,0.1428571428571428,0.2380952380952381,0.8095238095238095,0.1904761904761905,0.1904761904761905,0.8095238095238095,0.04761904761904762,0.0,0.04761904761904762,0.04761904761904762,0.6666666666666666,1,0,False,0,0,False,1,0,False,5,1.0,1,3.25,0.5044183480232308,dispersed,4,4.25,7,1.333333333333333,0.3535533905932738,dispersed,4,1.0,1,5.666666666666667,0.08318903308077029,dispersed,3,5.666666666666667,6,1.0,0.0,dispersed,1,1.0,1,,,dispersed,0.1764705882352941,369.0,0.056910569105691054
A0ACI8Q806|ensembl_protein_id=ENSP00000536991|entry=A0ACI8Q806_HUMAN|source=pfam38|protein_name=Splicing,SEG,284,299,16,unknown,distal_terminal,disorder_rich_spacer_region,A0ACI8Q806,0.0,0.0,0.0,0.0,0.0,0.125,0.0,0.0,0.0,0.1875,0.0625,0.0,0.5625,0.0,0.0,0.0625,0.0,0.0,0.0,0.0,0.0625,0.375,0.25,0.0,0.75,0.0,0.0,0.0,0.0,0.1875,0,0,False,0,0,False,0,0,False,1,1.0,1,,,dispersed,4,1.5,3,2.666666666666667,0.6373774391990982,dispersed,0,,0,,,insufficient,5,2.4,7,1.0,0.0,dispersed,0,,0,,,insufficient,0.0,498.0,0.0321285140562249
A0ACI8PX57|ensembl_protein_id=ENSP00000539612|entry=A0ACI8PX57_HUMAN|source=pfam38|protein_name=Heterogeneous,SEG,290,310,21,unknown,domain_edge,aromatic_sticker_region,A0ACI8PX57,0.0,0.0,0.0,0.0,0.09523809523809523,0.6190476190476191,0.0,0.0,0.0,0.0,0.0,0.1428571428571428,0.0,0.0,0.0,0.09523809523809523,0.0,0.0,0.0,0.04761904761904762,0.2857142857142857,0.7619047619047619,0.1428571428571428,0.1428571428571428,0.7142857142857143,0.0,0.0,0.0,0.0,0.7142857142857143,0,0,False,0,0,False,2,0,False,3,2.0,3,5.0,0.8,dispersed,4,4.0,9,1.666666666666667,0.282842712474619,dispersed,3,1.0,1,7.0,0.0,dispersed,3,5.0,6,1.5,0.3333333333333333,dispersed,0,,0,,,insufficient,0.0,378.0,0.05555555555555555
A0ACI8PX57|ensembl_protein_id=ENSP00000539612|entry=A0ACI8PX57_HUMAN|source=pfam38|protein_name=Heterogeneous,SEG,359,374,16,unknown,domain_adjacent,gs_rich_neutral_region,A0ACI8PX57,0.0,0.0,0.0,0.0,0.0625,0.3125,0.0,0.0,0.0,0.0,0.0,0.0,0.0,0.0,0.0,0.5,0.0,0.0,0.0,0.125,0.625,0.5,0.1875,0.1875,0.8125,0.0,0.0,0.0,0.0,0.8125,0,0,False,0,0,False,3,3,True,4,2.5,7,1.666666666666667,0.282842712474619,dispersed,3,2.666666666666667,5,3.5,0.7142857142857143,dispersed,3,1.0,1,5.5,0.4545454545454545,dispersed,3,4.333333333333333,8,1.0,0.0,compact,0,,0,,,insufficient,0.0,378.0,0.042328042328042326
A0ACI8QLY8|ensembl_protein_id=ENSP00000555178|entry=A0ACI8QLY8_HUMAN|source=pfam38|protein_name=Heterogeneous,SEG,29,45,17,unknown,domain_intrinsic,disorder_rich_spacer_region,A0ACI8QLY8,0.4705882352941176,0.0,0.0,0.0,0.0,0.3529411764705883,0.0,0.0,0.0,0.0,0.0,0.0,0.05882352941176471,0.0,0.0,0.0,0.1176470588235294,0.0,0.0,0.0,0.1176470588235294,0.9411764705882353,0.0,0.0,0.8823529411764706,0.0,0.0,0.0,0.0,0.3529411764705883,0,0,False,0,0,False,0,0,False,2,1.0,1,9.0,0.0,dispersed,1,16.0,16,,,compact,0,,0,,,insufficient,3,5.0,9,1.0,0.0,compact,0,,0,,,insufficient,0.0,321.0,0.0529595015576324
A0ACI8QLY8|ensembl_protein_id=ENSP00000555178|entry=A0ACI8QLY8_HUMAN|source=pfam38|protein_name=Heterogeneous,SEG,231,251,21,unknown,domain_adjacent,rg_rgg_repeat_region,A0ACI8QLY8,0.0,0.0,0.0,0.0,0.0,0.5714285714285714,0.0,0.0,0.0,0.0,0.0,0.1428571428571428,0.0,0.0,0.1904761904761905,0.09523809523809523,0.0,0.0,0.0,0.0,0.4285714285714285,0.5714285714285714,0.0,0.0,0.8571428571428571,0.1904761904761905,0.0,0.1904761904761905,0.1904761904761905,0.6666666666666666,3,3,True,0,0,False,2,0,False,5,1.8,4,1.25,0.3464101615137755,dispersed,5,2.4,7,2.0,0.6123724356957945,dispersed,0,,0,,,insufficient,4,4.5,10,1.0,0.0,dispersed,4,1.0,1,1.666666666666667,0.282842712474619,dispersed,0.0,321.0,0.06542056074766354
A0ACI8QUJ1|ensembl_protein_id=ENSP00000559174|entry=A0ACI8QUJ1_HUMAN|source=pfam38|protein_name=Epithelial,SEG,2,22,21,unknown,distal_terminal,disorder_rich_spacer_region,A0ACI8QUJ1,0.1904761904761905,0.0,0.1428571428571428,0.0,0.0,0.04761904761904762,0.0,0.0,0.0,0.0,0.0,0.0,0.5714285714285714,0.0,0.0,0.0,0.04761904761904762,0.0,0.0,0.0,0.1904761904761905,0.2857142857142857,0.0,0.0,0.8095238095238095,0.0,0.1428571428571428,0.1428571428571428,-0.1428571428571428,0.04761904761904762,0,0,False,0,0,False,0,0,False,4,1.0,1,5.666666666666667,0.6655122646461623,dispersed,4,1.5,2,4.666666666666667,0.6624013211068359,dispersed,0,,0,,,insufficient,3,5.666666666666667,11,1.0,0.0,compact,3,1.0,1,3.0,0.0,dispersed,0.0,752.0,0.027925531914893616
A0ACI8RX58|ensembl_protein_id=ENSP00000566199|entry=A0ACI8RX58_HUMAN|source=pfam38|protein_name=Nucleolin,SEG,142,168,27,unknown,distal_terminal,acidic_region,A0ACI8RX58,0.0,0.0,0.4444444444444444,0.4444444444444444,0.0,0.0,0.0,0.0,0.03703703703703703,0.0,0.0,0.0,0.0,0.0,0.0,0.07407407407407407,0.0,0.0,0.0,0.0,1.0,0.03703703703703703,0.0,0.0,0.5555555555555556,0.03703703703703703,0.8888888888888888,0.9259259259259259,-0.8518518518518519,0.07407407407407407,0,0,False,0,0,False,0,0,False,1,27.0,27,,,compact,1,1.0,1,,,dispersed,0,,0,,,insufficient,9,1.666666666666667,3,1.375,0.5061603966209111,dispersed,3,8.333333333333334,15,1.0,0.0,compact,0.0,750.0,0.036
A0ACI8RX58|ensembl_protein_id=ENSP00000566199|entry=A0ACI8RX58_HUMAN|source=pfam38|protein_name=Nucleolin,SEG,184,204,21,unknown,domain_adjacent,acidic_region,A0ACI8RX58,0.0,0.0,0.6190476190476191,0.3333333333333333,0.0,0.0,0.0,0.0,0.0,0.0,0.0,0.0,0.0,0.0,0.0,0.04761904761904762,0.0,0.0,0.0,0.0,1.0,0.0,0.0,0.0,0.3809523809523809,0.0,0.9523809523809523,0.9523809523809523,-0.9523809523809523,0.04761904761904762,0,0,False,0,0,False,0,0,False,1,21.0,21,,,compact,0,,0,,,insufficient,0,,0,,,insufficient,6,1.333333333333333,2,2.4,0.5651941652604391,dispersed,1,20.0,20,,,compact,0.0,750.0,0.028
A0ACI8RX58|ensembl_protein_id=ENSP00000566199|entry=A0ACI8RX58_HUMAN|source=pfam38|protein_name=Nucleolin,SEG,273,310,38,unknown,domain_intrinsic,acidic_region,A0ACI8RX58,0.02631578947368421,0.0,0.4736842105263158,0.5,0.0,0.0,0.0,0.0,0.0,0.0,0.0,0.0,0.0,0.0,0.0,0.0,0.0,0.0,0.0,0.0,0.9736842105263158,0.02631578947368421,0.0,0.0,0.5263157894736842,0.0,0.9736842105263158,0.9736842105263158,-0.9736842105263158,0.0,0,0,False,0,0,False,0,0,False,1,37.0,37,,,compact,1,1.0,1,,,dispersed,0,,0,,,insufficient,9,2.222222222222222,9,2.25,0.6186404847588913,dispersed,1,37.0,37,,,compact,0.0,750.0,0.050666666666666665
A0ACI8RX58|ensembl_protein_id=ENSP00000566199|entry=A0ACI8RX58_HUMAN|source=pfam38|protein_name=Nucleolin,SEG,690,737,48,unknown,domain_adjacent,rg_rgg_repeat_region,A0ACI8RX58,0.0,0.0,0.0,0.02083333333333333,0.1041666666666667,0.6666666666666666,0.0,0.0,0.0,0.0,0.0,0.0,0.0,0.0,0.2083333333333333,0.0,0.0,0.0,0.0,0.0,0.2291666666666667,0.7708333333333334,0.1041666666666667,0.1041666666666667,0.8958333333333334,0.2083333333333333,0.02083333333333333,0.2291666666666667,0.1875,0.6666666666666666,10,10,True,0,0,False,0,0,False,11,1.0,1,3.4,0.4200840252084029,dispersed,11,3.363636363636364,5,1.0,0.0,dispersed,5,1.0,1,8.25,0.3134569828117758,dispersed,6,7.166666666666667,12,1.0,0.0,dispersed,11,1.0,1,3.4,0.4200840252084029,dispersed,0.972972972972973,750.0,0.064
A0ACI8RR28|ensembl_protein_id=ENSP00000569980|entry=A0ACI8RR28_HUMAN|source=pfam38|protein_name=La,SEG,148,163,16,unknown,distal_terminal,rg_rgg_repeat_region,A0ACI8RR28,0.0,0.0,0.0,0.0,0.0625,0.4375,0.0,0.0,0.0,0.0,0.0,0.0,0.0,0.0,0.5,0.0,0.0,0.0,0.0,0.0,0.5,0.5,0.0625,0.0625,0.9375,0.5,0.0,0.5,0.5,0.4375,7,7,True,0,0,False,0,0,False,8,1.0,1,1.0,0.0,dispersed,8,1.0,1,1.0,0.0,dispersed,1,1.0,1,,,dispersed,1,15.0,15,,,compact,8,1.0,1,1.0,0.0,dispersed,0.08333333333333333,918.0,0.017429193899782137
A0ACI8QY88|ensembl_protein_id=ENSP00000573927|entry=A0ACI8QY88_HUMAN|source=pfam38|protein_name=Cytoplasmic,SEG,12,27,16,mRNA,distal_terminal,polar_linker,A0ACI8QY88,0.0,0.0,0.0,0.0,0.0,0.0,0.0,0.0,0.0,0.0,0.0,0.0,0.1875,0.6875,0.0625,0.0,0.0625,0.0,0.0,0.0,0.8125,0.0625,0.0,0.0,0.9375,0.0625,0.0,0.0625,0.0625,0.0,0,0,False,0,0,False,0,0,False,4,3.25,9,1.0,0.0,dispersed,1,1.0,1,,,dispersed,0,,0,,,insufficient,1,15.0,15,,,compact,1,1.0,1,,,dispersed,0.0,715.0,0.022377622377622378
A0ACI8QY88|ensembl_protein_id=ENSP00000573927|entry=A0ACI8QY88_HUMAN|source=pfam38|protein_name=Cytoplasmic,SEG,163,188,26,mRNA,distal_terminal,disorder_rich_spacer_region,A0ACI8QY88,0.1923076923076923,0.0,0.0,0.0,0.0,0.0,0.03846153846153846,0.0,0.0,0.0,0.0,0.0,0.4615384615384616,0.3076923076923077,0.0,0.0,0.0,0.0,0.0,0.0,0.3461538461538461,0.2307692307692308,0.0,0.03846153846153846,0.9615384615384616,0.0,0.0,0.0,0.0,0.0,0,0,False,0,0,False,0,0,False,7,1.285714285714286,3,2.833333333333333,0.8256275792716586,dispersed,6,1.0,1,3.2,0.5376453291901642,dispersed,1,1.0,1,,,dispersed,1,25.0,25,,,compact,0,,0,,,insufficient,0.0,715.0,0.03636363636363636
A0ACI8QY88|ensembl_protein_id=ENSP00000573927|entry=A0ACI8QY88_HUMAN|source=pfam38|protein_name=Cytoplasmic,SEG,220,240,21,mRNA,distal_terminal,disorder_rich_spacer_region,A0ACI8QY88,0.5238095238095238,0.0,0.0,0.0,0.0,0.0,0.0,0.0,0.0,0.0,0.0,0.0,0.04761904761904762,0.0,0.0,0.3809523809523809,0.0,0.04761904761904762,0.0,0.0,0.3809523809523809,0.5714285714285714,0.04761904761904762,0.0,0.9523809523809523,0.0,0.0,0.0,0.0,0.3809523809523809,0,0,False,0,0,False,0,0,False,3,2.666666666666667,4,6.0,0.8333333333333334,dispersed,2,6.0,11,2.0,0.0,compact,0,,0,,,insufficient,2,10.0,14,1.0,0.0,compact,0,,0,,,insufficient,0.0,715.0,0.02937062937062937
A0ACI8T9E2|ensembl_protein_id=ENSP00000595223|entry=A0ACI8T9E2_HUMAN|source=pfam38|protein_name=Heterogeneous,SEG,202,218,17,unknown,domain_adjacent,aromatic_sticker_region,A0ACI8T9E2,0.0,0.0,0.0,0.0,0.1176470588235294,0.5882352941176471,0.0,0.0,0.0,0.0,0.05882352941176471,0.1176470588235294,0.0,0.0,0.1176470588235294,0.0,0.0,0.0,0.0,0.0,0.2352941176470588,0.7647058823529411,0.1764705882352941,0.1176470588235294,0.7058823529411765,0.1176470588235294,0.0,0.1176470588235294,0.1176470588235294,0.5882352941176471,2,0,False,0,0,False,0,0,False,4,1.0,1,3.333333333333333,0.565685424949238,dispersed,5,2.6,6,1.0,0.0,dispersed,2,1.0,1,6.0,0.0,dispersed,3,4.0,5,2.0,0.0,dispersed,2,1.0,1,12.0,0.0,dispersed,0.2307692307692308,234.0,0.07264957264957266
A0ACI8T9E2|ensembl_protein_id=ENSP00000595223|entry=A0ACI8T9E2_HUMAN|source=pfam38|protein_name=Heterogeneous,SEG,215,232,18,unknown,domain_adjacent,gs_rich_neutral_region,A0ACI8T9E2,0.0,0.0,0.0,0.0,0.05555555555555555,0.5555555555555556,0.0,0.0,0.0,0.0,0.0,0.0,0.0,0.0,0.1111111111111111,0.1666666666666667,0.0,0.0,0.0,0.1111111111111111,0.3888888888888889,0.7222222222222222,0.1666666666666667,0.1666666666666667,0.8333333333333334,0.1111111111111111,0.0,0.1111111111111111,0.1111111111111111,0.7222222222222222,1,0,False,1,0,False,3,3,True,6,1.166666666666667,2,1.8,0.415739709641549,dispersed,4,3.25,4,1.0,0.0,dispersed,3,1.0,1,6.0,0.3333333333333333,dispersed,3,5.0,8,1.0,0.0,compact,2,1.0,1,14.0,0.0,dispersed,0.2857142857142857,234.0,0.07692307692307693
A0ACI8TMU3|ensembl_protein_id=ENSP00000602450|entry=A0ACI8TMU3_HUMAN|source=pfam38|protein_name=DEAH-box,SEG,27,55,29,unknown,distal_terminal,disorder_rich_spacer_region,A0ACI8TMU3,0.03448275862068965,0.0,0.0,0.0,0.0,0.6551724137931034,0.06896551724137931,0.0,0.0,0.0,0.0,0.03448275862068965,0.03448275862068965,0.0,0.1379310344827586,0.03448275862068965,0.0,0.0,0.0,0.0,0.2758620689655172,0.7586206896551724,0.0,0.06896551724137931,0.896551724137931,0.1379310344827586,0.0,0.1379310344827586,0.1379310344827586,0.6896551724137931,3,0,False,0,0,False,1,0,False,6,1.333333333333333,2,3.2,1.07165176246764,dispersed,7,3.142857142857143,10,1.166666666666667,0.3194382824999699,dispersed,2,1.0,1,22.0,0.0,dispersed,4,6.5,19,1.0,0.0,dispersed,4,1.0,1,5.0,0.9933109617167559,dispersed,0.2608695652173913,1055.0,0.027488151658767772
A0ACI8TSY6|ensembl_protein_id=ENSP00000605202|entry=A0ACI8TSY6_HUMAN|source=pfam38|protein_name=YTH,SEG,13,30,18,unknown,domain_adjacent,disorder_rich_spacer_region,A0ACI8TSY6,0.05555555555555555,0.05555555555555555,0.0,0.0,0.0,0.6111111111111112,0.0,0.0,0.0,0.0,0.0,0.0,0.2222222222222222,0.0,0.0,0.05555555555555555,0.0,0.0,0.0,0.0,0.05555555555555555,0.7222222222222222,0.0,0.0,0.9444444444444444,0.0,0.0,0.0,0.0,0.6666666666666666,0,0,False,0,0,False,0,0,False,1,1.0,1,,,dispersed,4,3.25,7,1.666666666666667,0.565685424949238,dispersed,0,,0,,,insufficient,2,8.5,12,1.0,0.0,compact,0,,0,,,insufficient,0.0,1461.0,0.012320328542094456
A0ACI8TXE9|ensembl_protein_id=ENSP00000606511|entry=A0ACI8TXE9_HUMAN|source=pfam38|protein_name=BLM,SEG,551,565,15,unknown,interdomain_linker,acidic_region,A0ACI8TXE9,0.0,0.0,0.6,0.0,0.1333333333333333,0.0,0.0,0.1333333333333333,0.0,0.0,0.0,0.06666666666666667,0.0,0.0,0.0,0.0,0.0,0.0,0.0,0.06666666666666667,0.7333333333333333,0.3333333333333333,0.3333333333333333,0.2,0.0,0.0,0.6,0.6,-0.6,0.0,0,0,False,0,0,False,0,0,False,5,2.2,4,1.0,0.0,dispersed,5,1.0,1,1.5,0.3333333333333333,dispersed,3,1.0,1,4.0,0.0,dispersed,0,,0,,,insufficient,5,1.8,4,1.25,0.3464101615137755,dispersed,0.0,1448.0,0.010359116022099447
A0ACI8U1B9|ensembl_protein_id=ENSP00000608475|entry=A0ACI8U1B9_HUMAN|source=pfam38|protein_name=Interleukin,SEG,700,726,27,unknown,distal_terminal,gs_rich_neutral_region,A0ACI8U1B9,0.03703703703703703,0.0,0.0,0.0,0.0,0.5185185185185185,0.03703703703703703,0.0,0.0,0.0,0.0,0.07407407407407407,0.0,0.03703703703703703,0.0,0.1851851851851852,0.0,0.0,0.0,0.1111111111111111,0.4444444444444444,0.7037037037037037,0.1111111111111111,0.1481481481481481,0.7777777777777778,0.0,0.0,0.0,0.0,0.7037037037037037,0,0,False,0,0,False,5,5,True,7,1.714285714285714,4,2.5,1.171893055416463,dispersed,6,3.166666666666667,9,1.2,0.3333333333333334,dispersed,3,1.333333333333333,2,9.5,0.7894736842105263,dispersed,5,4.2,14,1.25,0.3464101615137755,dispersed,0,,0,,,insufficient,0.0,902.0,0.02993348115299335
A0ACI8U1B9|ensembl_protein_id=ENSP00000608475|entry=A0ACI8U1B9_HUMAN|source=pfam38|protein_name=Interleukin,SEG,838,853,16,unknown,distal_terminal,gs_rich_neutral_region,A0ACI8U1B9,0.0,0.0,0.0,0.0,0.0,0.5625,0.0625,0.0,0.0,0.0,0.0,0.0,0.0625,0.0,0.0,0.25,0.0,0.0,0.0,0.0625,0.375,0.6875,0.0625,0.125,0.875,0.0,0.0,0.0,0.0,0.8125,0,0,False,0,0,False,3,3,True,4,1.5,2,2.666666666666667,0.1767766952966369,dispersed,3,3.666666666666667,7,1.0,0.0,compact,2,1.0,1,2.0,0.0,dispersed,3,4.666666666666667,9,1.0,0.0,compact,0,,0,,,insufficient,0.0,902.0,0.017738359201773836
A0ACI8UMC2|ensembl_protein_id=ENSP00000621520|entry=A0ACI8UMC2_HUMAN|source=pfam38|protein_name=VPS41,SEG,10,26,17,unknown,unclassified_no_pfam,acidic_region,A0ACI8UMC2,0.0,0.0,0.05882352941176471,0.5294117647058824,0.0,0.05882352941176471,0.0,0.0,0.0,0.05882352941176471,0.0,0.0,0.0,0.0,0.0,0.2352941176470588,0.05882352941176471,0.0,0.0,0.0,0.8823529411764706,0.1764705882352941,0.05882352941176471,0.0,0.8235294117647058,0.0,0.5882352941176471,0.5882352941176471,-0.5882352941176471,0.2941176470588235,0,0,False,0,0,False,1,0,False,2,7.5,14,1.0,0.0,compact,3,1.0,1,2.0,0.5,dispersed,0,,0,,,insufficient,3,4.666666666666667,9,1.5,0.3333333333333333,compact,4,2.5,4,1.333333333333333,0.3535533905932738,dispersed,0.0,837.0,0.02031063321385902
A0ACI8VCM9|ensembl_protein_id=ENSP00000633500|entry=A0ACI8VCM9_HUMAN|source=pfam38|protein_name=Zinc,SEG,71,87,17,unknown,domain_adjacent,disorder_rich_spacer_region,A0ACI8VCM9,0.2941176470588235,0.0,0.0,0.0,0.0,0.5294117647058824,0.0,0.0,0.0,0.0,0.05882352941176471,0.0,0.05882352941176471,0.0,0.0,0.0,0.0,0.05882352941176471,0.0,0.0,0.0,0.9411764705882353,0.1176470588235294,0.0,0.8823529411764706,0.0,0.0,0.0,0.0,0.5294117647058824,0,0,False,0,0,False,0,0,False,0,,0,,,insufficient,2,8.0,11,1.0,0.0,compact,0,,0,,,insufficient,2,7.5,9,1.0,0.0,compact,0,,0,,,insufficient,0.0,1180.0,0.01440677966101695
A0ACI8VQD2|ensembl_protein_id=ENSP00000640467|entry=A0ACI8VQD2_HUMAN|source=pfam38|protein_name=RNA,SEG,713,724,12,unknown,interdomain_linker,acidic_region,A0ACI8VQD2,0.0,0.0,0.0,0.9166666666666666,0.0,0.0,0.0,0.0,0.0,0.0,0.08333333333333333,0.0,0.0,0.0,0.0,0.0,0.0,0.0,0.0,0.0,0.9166666666666666,0.08333333333333333,0.08333333333333333,0.0,0.9166666666666666,0.0,0.9166666666666666,0.9166666666666666,-0.9166666666666666,0.0,0,0,False,0,0,False,0,0,False,1,11.0,11,,,compact,1,1.0,1,,,dispersed,0,,0,,,insufficient,1,11.0,11,,,compact,1,11.0,11,,,compact,0.0,1043.0,0.011505273250239693
A0ACI8VSD4|ensembl_protein_id=ENSP00000641622|entry=A0ACI8VSD4_HUMAN|source=pfam38|protein_name=Decapping,SEG,251,260,10,mRNA,interdomain_linker,aromatic_sticker_region,A0ACI8VSD4,0.0,0.0,0.0,0.0,0.0,0.0,0.1,0.0,0.0,0.0,0.0,0.0,0.0,0.9,0.0,0.0,0.0,0.0,0.0,0.0,1.0,0.1,0.0,0.1,0.9,0.0,0.0,0.0,0.0,0.0,0,0,False,0,0,False,0,0,False,1,10.0,10,,,compact,1,1.0,1,,,dispersed,1,1.0,1,,,dispersed,1,9.0,9,,,compact,0,,0,,,insufficient,0.0,674.0,0.01483679525222552
O43251|ensembl_protein_id=ENSP00000262829|entry=RFOX2_HUMAN|source=rbpdb|protein_name=RNA,SEG,333,347,15,mRNA,domain_intrinsic,disorder_rich_spacer_region,O43251,0.7333333333333333,0.0,0.0,0.0,0.0,0.0,0.0,0.0,0.0,0.0,0.0,0.0,0.06666666666666667,0.0,0.0,0.0,0.2,0.0,0.0,0.0,0.2,0.9333333333333333,0.0,0.0,0.8,0.0,0.0,0.0,0.0,0.0,0,0,False,0,0,False,0,0,False,3,1.0,1,1.5,0.3333333333333333,dispersed,1,14.0,14,,,compact,0,,0,,,insufficient,4,3.0,7,1.0,0.0,dispersed,0,,0,,,insufficient,0.0,390.0,0.038461538461538464
P09651|ensembl_protein_id=ENSP00000341826|entry=ROA1_HUMAN|source=rbpdb|protein_name=Heterogeneous,SEG,290,310,21,mRNA,domain_edge,aromatic_sticker_region,P09651,0.0,0.0,0.0,0.0,0.09523809523809523,0.6190476190476191,0.0,0.0,0.0,0.0,0.0,0.1428571428571428,0.0,0.0,0.0,0.09523809523809523,0.0,0.0,0.0,0.04761904761904762,0.2857142857142857,0.7619047619047619,0.1428571428571428,0.1428571428571428,0.7142857142857143,0.0,0.0,0.0,0.0,0.7142857142857143,0,0,False,0,0,False,2,0,False,3,2.0,3,5.0,0.8,dispersed,4,4.0,9,1.666666666666667,0.282842712474619,dispersed,3,1.0,1,7.0,0.0,dispersed,3,5.0,6,1.5,0.3333333333333333,dispersed,0,,0,,,insufficient,0.0,372.0,0.056451612903225805
P09651|ensembl_protein_id=ENSP00000341826|entry=ROA1_HUMAN|source=rbpdb|protein_name=Heterogeneous,SEG,354,368,15,mRNA,domain_adjacent,gs_rich_neutral_region,P09651,0.0,0.0,0.0,0.0,0.0,0.3333333333333333,0.0,0.0,0.0,0.0,0.0,0.0,0.0,0.06666666666666667,0.0,0.4666666666666667,0.0,0.0,0.0,0.1333333333333333,0.6666666666666666,0.4666666666666667,0.1333333333333333,0.1333333333333333,0.8666666666666667,0.0,0.0,0.0,0.0,0.8,0,0,False,0,0,False,2,0,False,4,2.5,7,1.666666666666667,0.282842712474619,dispersed,2,3.5,5,6.0,0.0,dispersed,2,1.0,1,8.0,0.0,dispersed,3,4.333333333333333,8,1.0,0.0,compact,0,,0,,,insufficient,0.0,372.0,0.04032258064516129
P18615|ensembl_protein_id=ENSP00000364574|entry=NELFE_HUMAN|source=rbpdb|protein_name=Negative,SEG,195,242,48,mRNA,domain_adjacent,unmapped_physicochemical_properties,P18615,0.0,0.0,0.3958333333333333,0.08333333333333333,0.0,0.0,0.0,0.0,0.0,0.0,0.0,0.02083333333333333,0.0,0.0,0.5,0.0,0.0,0.0,0.0,0.0,1.0,0.0,0.0,0.0,0.5833333333333334,0.5,0.4791666666666667,0.9791666666666666,0.02083333333333333,0.0,0,0,False,0,0,False,0,0,False,1,48.0,48,,,compact,0,,0,,,insufficient,0,,0,,,insufficient,20,1.4,3,1.0,0.0,dispersed,1,47.0,47,,,compact,0.0,380.0,0.12631578947368421
P22087|ensembl_protein_id=ENSP00000221801|entry=FBRL_HUMAN|source=modomics|protein_name=rRNA,SEG,7,63,57,snRNA,domain_adjacent,rg_rgg_repeat_region,P22087,0.0,0.0,0.01754385964912281,0.0,0.07017543859649122,0.7017543859649122,0.0,0.0,0.0,0.0,0.0,0.0,0.01754385964912281,0.0,0.1929824561403509,0.0,0.0,0.0,0.0,0.0,0.2105263157894737,0.7719298245614035,0.07017543859649122,0.07017543859649122,0.9122807017543859,0.1929824561403509,0.01754385964912281,0.2105263157894737,0.1754385964912281,0.7017543859649122,11,10,True,0,0,False,0,0,False,11,1.090909090909091,2,4.0,0.8803408430829505,dispersed,11,4.0,13,1.1,0.2727272727272727,dispersed,4,1.0,1,8.333333333333334,0.2993325909419153,dispersed,6,8.666666666666666,23,1.0,0.0,dispersed,11,1.090909090909091,2,4.0,0.8803408430829505,dispersed,0.7727272727272727,321.0,0.17757009345794392
P26651|ensembl_protein_id=ENSP00000469647|entry=TTP_HUMAN|source=rbpdb|protein_name=mRNA,SEG,205,221,17,mRNA,domain_adjacent,polar_linker,P26651,0.0,0.0,0.0,0.0,0.05882352941176471,0.05882352941176471,0.0,0.0,0.0,0.05882352941176471,0.0,0.0,0.2941176470588235,0.0,0.0,0.5294117647058824,0.0,0.0,0.0,0.0,0.5294117647058824,0.1764705882352941,0.1176470588235294,0.05882352941176471,0.8823529411764706,0.0,0.0,0.0,0.0,0.5882352941176471,0,0,False,0,0,False,0,0,False,4,2.25,4,1.0,0.0,dispersed,3,1.0,1,3.0,0.3333333333333333,dispersed,1,1.0,1,,,dispersed,3,5.0,8,1.0,0.0,compact,0,,0,,,insufficient,0.0,326.0,0.05214723926380368
P29558|ensembl_protein_id=ENSP00000294904|entry=RBMS1_HUMAN|source=rbpdb|protein_name=RNA-binding,SEG,36,53,18,mRNA,domain_adjacent,disorder_rich_spacer_region,P29558,0.0,0.0,0.0,0.0,0.0,0.0,0.0,0.0,0.0,0.0,0.0,0.2222222222222222,0.1666666666666667,0.0,0.0,0.5,0.1111111111111111,0.0,0.0,0.0,0.8333333333333334,0.1111111111111111,0.0,0.0,0.6666666666666666,0.0,0.0,0.0,0.0,0.5,0,0,False,0,0,False,0,0,False,2,7.5,14,1.0,0.0,compact,1,2.0,2,,,dispersed,0,,0,,,insufficient,3,4.0,5,2.5,0.2,dispersed,0,,0,,,insufficient,0.0,406.0,0.04433497536945813
P35637|ensembl_protein_id=ENSP00000254108|entry=FUS_HUMAN|source=rbpdb|protein_name=RNA-binding,SEG,162,174,13,mRNA,distal_terminal,gs_rich_neutral_region,P35637,0.0,0.0,0.0,0.0,0.0,0.6923076923076923,0.0,0.0,0.0,0.0,0.0,0.07692307692307693,0.0,0.0,0.0,0.2307692307692308,0.0,0.0,0.0,0.0,0.3076923076923077,0.6923076923076923,0.0,0.0,0.9230769230769231,0.0,0.0,0.0,0.0,0.9230769230769231,0,0,False,0,0,False,1,0,False,1,4.0,4,,,dispersed,1,9.0,9,,,compact,0,,0,,,insufficient,1,12.0,12,,,compact,0,,0,,,insufficient,0.0,526.0,0.024714828897338403
P35637|ensembl_protein_id=ENSP00000254108|entry=FUS_HUMAN|source=rbpdb|protein_name=RNA-binding,SEG,212,237,26,mRNA,domain_adjacent,rg_rgg_repeat_region,P35637,0.0,0.0,0.03846153846153846,0.0,0.0,0.6153846153846154,0.0,0.0,0.0,0.0,0.0,0.03846153846153846,0.0,0.0,0.1538461538461539,0.1153846153846154,0.0,0.0,0.0,0.03846153846153846,0.3846153846153846,0.6538461538461539,0.03846153846153846,0.03846153846153846,0.8846153846153846,0.1538461538461539,0.03846153846153846,0.1923076923076923,0.1153846153846154,0.7307692307692307,3,3,True,1,0,False,2,0,False,5,2.0,5,3.75,0.9683892697555966,dispersed,5,3.4,11,1.75,0.7423074889580903,dispersed,1,1.0,1,,,dispersed,2,11.5,19,2.0,0.0,compact,4,1.25,2,6.0,1.062840359428277,dispersed,0.1904761904761905,526.0,0.049429657794676805
P35637|ensembl_protein_id=ENSP00000254108|entry=FUS_HUMAN|source=rbpdb|protein_name=RNA-binding,SEG,236,260,25,mRNA,domain_adjacent,rg_rgg_repeat_region,P35637,0.0,0.0,0.04,0.04,0.0,0.52,0.0,0.0,0.0,0.0,0.04,0.0,0.04,0.0,0.2,0.08,0.0,0.0,0.0,0.04,0.4,0.6,0.08,0.04,0.88,0.2,0.08,0.28,0.12,0.6,5,5,True,0,0,False,2,0,False,7,1.428571428571429,3,2.333333333333333,0.5890150893739515,dispersed,6,2.5,5,1.8,0.5443310539518174,dispersed,1,1.0,1,,,dispersed,4,5.5,14,1.0,0.0,dispersed,6,1.166666666666667,2,2.6,0.7133552688842849,dispersed,0.15,526.0,0.04752851711026616
P35637|ensembl_protein_id=ENSP00000254108|entry=FUS_HUMAN|source=rbpdb|protein_name=RNA-binding,SEG,376,400,25,mRNA,interdomain_linker,rg_rgg_repeat_region,P35637,0.0,0.0,0.0,0.0,0.0,0.6,0.0,0.0,0.0,0.0,0.04,0.08,0.04,0.0,0.2,0.0,0.0,0.0,0.0,0.04,0.32,0.68,0.08,0.04,0.84,0.2,0.0,0.2,0.2,0.6,5,5,True,0,0,False,0,0,False,7,1.142857142857143,2,2.333333333333333,0.5890150893739515,dispersed,7,2.428571428571428,6,1.0,0.0,dispersed,1,1.0,1,,,dispersed,4,5.25,10,1.0,0.0,dispersed,5,1.0,1,3.25,0.5493406483494501,dispersed,0.15,526.0,0.04752851711026616
P35637|ensembl_protein_id=ENSP00000254108|entry=FUS_HUMAN|source=rbpdb|protein_name=RNA-binding,SEG,388,418,31,mRNA,interdomain_linker,cation_pi_rich_neighborhood,P35637,0.0,0.0,0.0,0.0,0.03225806451612903,0.6774193548387096,0.0,0.0,0.0,0.0,0.03225806451612903,0.0,0.06451612903225806,0.0,0.0967741935483871,0.06451612903225806,0.0,0.0,0.0,0.03225806451612903,0.1935483870967742,0.7741935483870968,0.0967741935483871,0.06451612903225806,0.9032258064516129,0.0967741935483871,0.0,0.0967741935483871,0.0967741935483871,0.7419354838709677,3,0,False,0,0,False,2,0,False,6,1.0,1,3.8,0.257841025556124,dispersed,6,4.0,7,1.2,0.3333333333333334,dispersed,2,1.0,1,12.0,0.0,dispersed,4,7.0,12,1.0,0.0,dispersed,3,1.0,1,8.5,0.4117647058823529,dispersed,0.32,526.0,0.058935361216730035
P35637|ensembl_protein_id=ENSP00000254108|entry=FUS_HUMAN|source=rbpdb|protein_name=RNA-binding,SEG,484,506,23,mRNA,domain_adjacent,rg_rgg_repeat_region,P35637,0.0,0.0,0.08695652173913043,0.0,0.08695652173913043,0.5217391304347826,0.0,0.0,0.0,0.0,0.0,0.0,0.0,0.0,0.2608695652173913,0.0,0.0,0.0,0.0,0.04347826086956522,0.391304347826087,0.6521739130434783,0.1304347826086956,0.1304347826086956,0.782608695652174,0.2608695652173913,0.08695652173913043,0.3478260869565217,0.1739130434782609,0.5217391304347826,6,6,True,0,0,False,0,0,False,6,1.5,2,2.2,0.3401506715249037,dispersed,7,2.142857142857143,3,1.333333333333333,0.3535533905932738,dispersed,3,1.0,1,10.0,0.1,dispersed,4,4.5,7,1.0,0.0,dispersed,6,1.333333333333333,2,2.2,0.3401506715249037,dispersed,0.3684210526315789,526.0,0.043726235741444866
P84103|ensembl_protein_id=ENSP00000362820|entry=SRSF3_HUMAN|source=rbpdb|protein_name=Serine/arginine-rich,SEG,104,119,16,mRNA,domain_adjacent,arginine_rich_rna_contact_region,P84103,0.0,0.0,0.0,0.0,0.0,0.0,0.0,0.0,0.0,0.0,0.0,0.0,0.25,0.0,0.5625,0.125,0.0,0.0,0.0,0.0625,0.75,0.0625,0.0625,0.0625,0.9375,0.5625,0.0,0.5625,0.5625,0.125,0,0,False,2,0,False,0,0,False,3,4.0,5,2.0,0.5,dispersed,1,1.0,1,,,dispersed,1,1.0,1,,,dispersed,1,15.0,15,,,compact,3,3.0,3,3.0,0.3333333333333333,dispersed,0.08333333333333333,164.0,0.0975609756097561
Q01130|ensembl_protein_id=ENSP00000353089|entry=SRSF2_HUMAN|source=rbpdb|protein_name=Serine/arginine-rich,SEG,116,151,36,mRNA,domain_adjacent,sr_rs_repeat_region,Q01130,0.0,0.0,0.0,0.0,0.0,0.02777777777777778,0.0,0.0,0.02777777777777778,0.0,0.0,0.0,0.02777777777777778,0.0,0.5,0.3888888888888889,0.0,0.0,0.0,0.02777777777777778,0.9444444444444444,0.08333333333333333,0.02777777777777778,0.02777777777777778,0.9722222222222222,0.5277777777777778,0.0,0.5277777777777778,0.5277777777777778,0.4166666666666667,0,0,False,12,12,True,0,0,False,2,17.0,29,1.0,0.0,compact,3,1.0,1,15.0,0.8,dispersed,1,1.0,1,,,dispersed,2,17.5,28,1.0,0.0,compact,14,1.357142857142857,5,1.153846153846154,0.3126943839882287,dispersed,0.2857142857142857,221.0,0.16289592760180996
Q01130|ensembl_protein_id=ENSP00000353089|entry=SRSF2_HUMAN|source=rbpdb|protein_name=Serine/arginine-rich,SEG,166,195,30,mRNA,distal_terminal,sr_rs_repeat_region,Q01130,0.03333333333333333,0.0,0.0,0.0,0.0,0.0,0.0,0.0,0.06666666666666667,0.0,0.0,0.0,0.1,0.0,0.3,0.4333333333333333,0.0,0.06666666666666667,0.0,0.0,0.8,0.1666666666666667,0.06666666666666667,0.0,0.9333333333333333,0.3666666666666666,0.0,0.3666666666666666,0.3666666666666666,0.4333333333333333,0,0,False,8,8,True,0,0,False,2,12.0,15,1.0,0.0,compact,5,1.0,1,6.25,1.093252029497316,dispersed,0,,0,,,insufficient,2,14.0,18,1.0,0.0,compact,10,1.1,2,1.444444444444444,0.8702852691526738,dispersed,0.0,221.0,0.13574660633484162
Q01844|ensembl_protein_id=ENSP00000327456|entry=EWS_HUMAN|source=rbpdb|protein_name=RNA-binding,SEG,308,325,18,unknown,domain_adjacent,rg_rgg_repeat_region,Q01844,0.0,0.0,0.05555555555555555,0.0,0.0,0.5555555555555556,0.0,0.0,0.0,0.0,0.1111111111111111,0.0,0.0,0.0,0.2222222222222222,0.05555555555555555,0.0,0.0,0.0,0.0,0.3333333333333333,0.6666666666666666,0.1111111111111111,0.0,0.8333333333333334,0.2222222222222222,0.05555555555555555,0.2777777777777778,0.1666666666666667,0.6111111111111112,4,4,True,1,0,False,0,0,False,4,1.5,2,2.666666666666667,0.1767766952966369,dispersed,4,3.0,4,1.333333333333333,0.3535533905932738,dispersed,0,,0,,,insufficient,3,5.0,11,1.0,0.0,compact,4,1.25,2,3.0,0.2721655269759087,dispersed,0.0,656.0,0.027439024390243903
Q01844|ensembl_protein_id=ENSP00000327456|entry=EWS_HUMAN|source=rbpdb|protein_name=RNA-binding,SEG,466,491,26,unknown,interdomain_linker,disorder_rich_spacer_region,Q01844,0.0,0.0,0.0,0.0,0.0,0.4615384615384616,0.0,0.0,0.0,0.03846153846153846,0.1153846153846154,0.0,0.2692307692307692,0.0,0.1153846153846154,0.0,0.0,0.0,0.0,0.0,0.1153846153846154,0.6153846153846154,0.1538461538461539,0.0,0.8461538461538461,0.1153846153846154,0.0,0.1153846153846154,0.1153846153846154,0.4615384615384616,2,0,False,0,0,False,0,0,False,3,1.0,1,8.5,0.6470588235294118,dispersed,9,1.777777777777778,3,1.25,0.5291502622129182,dispersed,0,,0,,,insufficient,4,5.5,13,1.0,0.0,dispersed,3,1.0,1,8.5,0.6470588235294118,dispersed,0.0,656.0,0.039634146341463415
Q01844|ensembl_protein_id=ENSP00000327456|entry=EWS_HUMAN|source=rbpdb|protein_name=RNA-binding,SEG,559,576,18,unknown,domain_adjacent,rg_rgg_repeat_region,Q01844,0.0,0.0,0.05555555555555555,0.0,0.0,0.5555555555555556,0.0,0.0,0.0,0.0,0.05555555555555555,0.0,0.1111111111111111,0.0,0.2222222222222222,0.0,0.0,0.0,0.0,0.0,0.2777777777777778,0.6111111111111112,0.05555555555555555,0.0,0.8888888888888888,0.2222222222222222,0.05555555555555555,0.2777777777777778,0.1666666666666667,0.5555555555555556,4,4,True,0,0,False,0,0,False,4,1.25,2,3.0,0.7200822998230957,dispersed,6,1.833333333333333,3,1.2,0.3333333333333334,dispersed,0,,0,,,insufficient,3,5.333333333333333,8,1.0,0.0,compact,4,1.25,2,3.0,0.7200822998230957,dispersed,0.0,656.0,0.027439024390243903
Q01844|ensembl_protein_id=ENSP00000327456|entry=EWS_HUMAN|source=rbpdb|protein_name=RNA-binding,SEG,587,603,17,unknown,domain_adjacent,rg_rgg_repeat_region,Q01844,0.0,0.0,0.05882352941176471,0.0,0.1176470588235294,0.4705882352941176,0.0,0.0,0.0,0.0,0.05882352941176471,0.0,0.0,0.0,0.2941176470588235,0.0,0.0,0.0,0.0,0.0,0.3529411764705883,0.6470588235294118,0.1764705882352941,0.1176470588235294,0.7647058823529411,0.2941176470588235,0.05882352941176471,0.3529411764705883,0.2352941176470588,0.4705882352941176,4,4,True,0,0,False,0,0,False,5,1.2,2,2.25,0.1924500897298752,dispersed,5,2.2,3,1.25,0.3464101615137755,dispersed,2,1.0,1,10.0,0.0,dispersed,3,4.333333333333333,6,1.0,0.0,compact,5,1.2,2,2.25,0.1924500897298752,dispersed,0.5384615384615384,656.0,0.025914634146341462
Q05519|ensembl_protein_id=ENSP00000359987|entry=SRS11_HUMAN|source=rbpdb|protein_name=Serine/arginine-rich,SEG,11,30,20,mRNA,domain_adjacent,disorder_rich_spacer_region,Q05519,0.05,0.0,0.0,0.0,0.0,0.75,0.0,0.0,0.0,0.0,0.0,0.0,0.15,0.0,0.0,0.05,0.0,0.0,0.0,0.0,0.05,0.8,0.0,0.0,1.0,0.0,0.0,0.0,0.0,0.8,0,0,False,0,0,False,1,0,False,1,1.0,1,,,dispersed,4,4.0,11,1.333333333333333,0.3535533905932738,dispersed,0,,0,,,insufficient,1,20.0,20,,,compact,0,,0,,,insufficient,0.0,484.0,0.04132231404958678
Q05519|ensembl_protein_id=ENSP00000359987|entry=SRS11_HUMAN|source=rbpdb|protein_name=Serine/arginine-rich,SEG,245,258,14,mRNA,distal_terminal,sr_rs_repeat_region,Q05519,0.0,0.0,0.0,0.0,0.0,0.0,0.07142857142857142,0.0,0.07142857142857142,0.0,0.0,0.0,0.0,0.0,0.5714285714285714,0.2857142857142857,0.0,0.0,0.0,0.0,1.0,0.1428571428571428,0.0,0.07142857142857142,0.9285714285714286,0.6428571428571429,0.0,0.6428571428571429,0.6428571428571429,0.2857142857142857,0,0,False,4,4,True,0,0,False,1,14.0,14,,,compact,2,1.0,1,2.0,0.0,dispersed,1,1.0,1,,,dispersed,2,6.5,10,1.0,0.0,compact,5,1.8,3,1.25,0.3464101615137755,dispersed,0.4,484.0,0.028925619834710745
Q05519|ensembl_protein_id=ENSP00000359987|entry=SRS11_HUMAN|source=rbpdb|protein_name=Serine/arginine-rich,SEG,261,288,28,mRNA,distal_terminal,sr_rs_repeat_region,Q05519,0.0,0.0,0.0,0.0,0.0,0.0,0.07142857142857142,0.0,0.07142857142857142,0.0,0.0,0.0,0.03571428571428571,0.0,0.4285714285714285,0.3928571428571428,0.0,0.0,0.0,0.0,0.9642857142857143,0.1428571428571428,0.0,0.07142857142857142,0.9285714285714286,0.5,0.0,0.5,0.5,0.3928571428571428,0,0,False,8,8,True,0,0,False,1,27.0,27,,,compact,4,1.0,1,6.333333333333333,0.6488856845230502,dispersed,2,1.0,1,11.0,0.0,dispersed,3,8.666666666666666,11,1.0,0.0,compact,9,1.555555555555556,3,1.25,0.5291502622129182,dispersed,0.5909090909090909,484.0,0.05785123966942149
Q05519|ensembl_protein_id=ENSP00000359987|entry=SRS11_HUMAN|source=rbpdb|protein_name=Serine/arginine-rich,SEG,332,349,18,mRNA,distal_terminal,sr_rs_repeat_region,Q05519,0.1111111111111111,0.0,0.0,0.05555555555555555,0.0,0.0,0.0,0.0,0.0,0.0,0.0,0.0,0.0,0.0,0.5555555555555556,0.2222222222222222,0.05555555555555555,0.0,0.0,0.0,0.8888888888888888,0.1666666666666667,0.0,0.0,0.9444444444444444,0.5555555555555556,0.05555555555555555,0.6111111111111112,0.5,0.2222222222222222,0,0,False,4,4,True,0,0,False,3,5.333333333333333,10,1.0,0.0,compact,2,1.5,2,5.0,0.0,dispersed,0,,0,,,insufficient,1,17.0,17,,,compact,4,2.75,7,1.666666666666667,0.565685424949238,dispersed,0.0,484.0,0.0371900826446281
Q14011|ensembl_protein_id=ENSP00000322887|entry=CIRBP_HUMAN|source=rbpdb|protein_name=Cold-inducible,SEG,98,118,21,mRNA,domain_adjacent,rg_rgg_repeat_region,Q14011,0.04761904761904762,0.0,0.0,0.0,0.1428571428571428,0.4761904761904762,0.0,0.0,0.0,0.0,0.0,0.0,0.0,0.0,0.2857142857142857,0.04761904761904762,0.0,0.0,0.0,0.0,0.3333333333333333,0.6666666666666666,0.1428571428571428,0.1428571428571428,0.8571428571428571,0.2857142857142857,0.0,0.2857142857142857,0.2857142857142857,0.5238095238095238,6,6,True,1,0,False,0,0,False,6,1.166666666666667,2,1.8,0.415739709641549,dispersed,7,2.0,3,1.166666666666667,0.3194382824999699,dispersed,2,1.5,2,9.0,0.0,dispersed,3,6.0,9,1.5,0.3333333333333333,compact,6,1.0,1,2.0,0.4472135954999579,dispersed,0.6470588235294118,172.0,0.12209302325581395
Q14671|ensembl_protein_id=ENSP00000257075|entry=PUM1_HUMAN|source=rbpdb|protein_name=Pumilio,SEG,589,610,22,mRNA,distal_terminal,disorder_rich_spacer_region,Q14671,0.5454545454545454,0.0,0.0,0.0,0.0,0.09090909090909091,0.0,0.04545454545454546,0.0,0.0,0.0,0.04545454545454546,0.0,0.04545454545454546,0.0,0.1818181818181818,0.0,0.04545454545454546,0.0,0.0,0.2727272727272727,0.7272727272727273,0.09090909090909091,0.0,0.8636363636363636,0.0,0.0,0.0,0.0,0.2727272727272727,0,0,False,0,0,False,0,0,False,4,1.5,3,3.666666666666667,0.8430562268632459,dispersed,5,3.2,8,1.5,0.5773502691896257,dispersed,0,,0,,,insufficient,3,6.333333333333333,8,1.0,0.0,compact,0,,0,,,insufficient,0.0,1186.0,0.01854974704890388
Q15459|ensembl_protein_id=ENSP00000215793|entry=SF3A1_HUMAN|source=rbpdb|protein_name=Splicing,SEG,253,267,15,snRNA,domain_intrinsic,acidic_region,Q15459,0.0,0.0,0.0,0.5333333333333333,0.0,0.0,0.0,0.0,0.2666666666666667,0.0,0.0,0.0,0.0,0.06666666666666667,0.1333333333333333,0.0,0.0,0.0,0.0,0.0,1.0,0.2666666666666667,0.0,0.0,1.0,0.4,0.5333333333333333,0.9333333333333333,-0.1333333333333333,0.0,0,0,False,0,0,False,0,0,False,1,15.0,15,,,compact,3,1.333333333333333,2,2.5,0.6,dispersed,0,,0,,,insufficient,1,15.0,15,,,compact,1,14.0,14,,,compact,0.0,793.0,0.018915510718789406
Q16629|ensembl_protein_id=ENSP00000325905|entry=SRSF7_HUMAN|source=rbpdb|protein_name=Serine/arginine-rich,SEG,120,141,22,mRNA,domain_adjacent,sr_rs_repeat_region,Q16629,0.0,0.0,0.0,0.0,0.0,0.04545454545454546,0.09090909090909091,0.0,0.0,0.0,0.0,0.0,0.0,0.0,0.5,0.3181818181818182,0.0,0.0,0.0,0.04545454545454546,0.9545454545454546,0.1818181818181818,0.04545454545454546,0.1363636363636364,0.8636363636363636,0.5,0.0,0.5,0.5,0.3636363636363636,1,0,False,7,7,True,0,0,False,2,10.5,20,1.0,0.0,compact,4,1.0,1,5.666666666666667,0.8193169574814186,dispersed,3,1.0,1,6.5,0.8461538461538461,dispersed,3,6.333333333333333,12,1.0,0.0,compact,8,1.375,4,1.428571428571429,0.5099019513592785,dispersed,0.4444444444444444,238.0,0.09243697478991597
Q5VV67|ensembl_protein_id=ENSP00000278070|entry=PPRC1_HUMAN|source=rbpdb|protein_name=Peroxisome,SEG,1440,1456,17,mRNA,distal_terminal,sr_rs_repeat_region,Q5VV67,0.05882352941176471,0.0,0.0,0.0,0.0,0.0,0.0,0.0,0.0,0.0,0.0,0.0,0.0,0.0,0.1764705882352941,0.7647058823529411,0.0,0.0,0.0,0.0,0.9411764705882353,0.05882352941176471,0.0,0.0,1.0,0.1764705882352941,0.0,0.1764705882352941,0.1764705882352941,0.7647058823529411,0,0,False,3,3,True,0,0,False,1,16.0,16,,,compact,1,1.0,1,,,dispersed,0,,0,,,insufficient,1,17.0,17,,,compact,3,1.0,1,1.0,0.0,dispersed,0.0,1664.0,0.010216346153846154
Q5VV67|ensembl_protein_id=ENSP00000278070|entry=PPRC1_HUMAN|source=rbpdb|protein_name=Peroxisome,SEG,1465,1516,52,mRNA,domain_adjacent,sr_rs_repeat_region,Q5VV67,0.0,0.03846153846153846,0.01923076923076923,0.0,0.0,0.01923076923076923,0.0,0.0,0.0,0.0,0.0,0.0,0.03846153846153846,0.0,0.2692307692307692,0.5961538461538461,0.0,0.0,0.01923076923076923,0.0,0.9038461538461539,0.07692307692307693,0.01923076923076923,0.01923076923076923,0.9230769230769231,0.2692307692307692,0.01923076923076923,0.2884615384615384,0.25,0.6153846153846154,0,0,False,6,4,True,1,0,False,6,7.833333333333333,26,1.0,0.0,dispersed,4,1.0,1,3.666666666666667,0.128564869306645,dispersed,1,1.0,1,,,dispersed,4,12.0,33,1.0,0.0,dispersed,8,1.875,4,5.142857142857143,1.324624335285152,dispersed,0.025,1664.0,0.03125
Q659C4|ensembl_protein_id=ENSP00000321997|entry=LAR1B_HUMAN|source=rbpdb|protein_name=La-related,SEG,148,163,16,mRNA,distal_terminal,rg_rgg_repeat_region,Q659C4,0.0,0.0,0.0,0.0,0.0625,0.4375,0.0,0.0,0.0,0.0,0.0,0.0,0.0,0.0,0.5,0.0,0.0,0.0,0.0,0.0,0.5,0.5,0.0625,0.0625,0.9375,0.5,0.0,0.5,0.5,0.4375,7,7,True,0,0,False,0,0,False,8,1.0,1,1.0,0.0,dispersed,8,1.0,1,1.0,0.0,dispersed,1,1.0,1,,,dispersed,1,15.0,15,,,compact,8,1.0,1,1.0,0.0,dispersed,0.08333333333333333,914.0,0.0175054704595186
Q69YN4|ensembl_protein_id=ENSP00000297591|entry=VIR_HUMAN|source=modomics|protein_name=Protein,SEG,138,152,15,mRNA,unclassified_no_pfam,disorder_rich_spacer_region,Q69YN4,0.0,0.0,0.0,0.0,0.0,0.0,0.0,0.0,0.0,0.0,0.0,0.0,0.8,0.1333333333333333,0.0,0.06666666666666667,0.0,0.0,0.0,0.0,0.2,0.0,0.0,0.0,1.0,0.0,0.0,0.0,0.0,0.06666666666666667,0,0,False,0,0,False,0,0,False,3,1.0,1,6.0,0.8333333333333334,dispersed,0,,0,,,insufficient,0,,0,,,insufficient,1,15.0,15,,,compact,0,,0,,,insufficient,0.0,1812.0,0.008278145695364239
Q69YN4|ensembl_protein_id=ENSP00000297591|entry=VIR_HUMAN|source=modomics|protein_name=Protein,SEG,245,266,22,mRNA,unclassified_no_pfam,acidic_region,Q69YN4,0.0,0.0,0.3181818181818182,0.5,0.0,0.04545454545454546,0.0,0.0,0.0,0.0,0.0,0.0,0.0,0.04545454545454546,0.0,0.0,0.0,0.09090909090909091,0.0,0.0,0.8636363636363636,0.1363636363636364,0.09090909090909091,0.0,0.5909090909090909,0.0,0.8181818181818182,0.8181818181818182,-0.8181818181818182,0.04545454545454546,0,0,False,0,0,False,0,0,False,4,4.75,9,1.0,0.0,dispersed,3,1.0,1,3.5,0.7142857142857143,dispersed,0,,0,,,insufficient,5,2.6,6,2.0,0.8660254037844386,dispersed,4,4.5,9,1.0,0.0,dispersed,0.0,1812.0,0.012141280353200883
Q69YN4|ensembl_protein_id=ENSP00000297591|entry=VIR_HUMAN|source=modomics|protein_name=Protein,SEG,275,296,22,mRNA,unclassified_no_pfam,acidic_region,Q69YN4,0.0,0.0,0.1818181818181818,0.6363636363636364,0.0,0.1363636363636364,0.0,0.0,0.0,0.0,0.0,0.0,0.04545454545454546,0.0,0.0,0.0,0.0,0.0,0.0,0.0,0.8181818181818182,0.1363636363636364,0.0,0.0,0.8181818181818182,0.0,0.8181818181818182,0.8181818181818182,-0.8181818181818182,0.1363636363636364,0,0,False,0,0,False,0,0,False,4,4.5,10,1.0,0.0,dispersed,3,1.0,1,3.0,0.6666666666666666,dispersed,0,,0,,,insufficient,3,6.0,7,1.0,0.0,dispersed,4,4.5,10,1.0,0.0,dispersed,0.0,1812.0,0.012141280353200883
Q7Z739|ensembl_protein_id=ENSP00000473496|entry=YTHD3_HUMAN|source=rbpdb;modomics|protein_name=YTH,SEG,314,341,28,mRNA,distal_terminal,polar_linker,Q7Z739,0.03571428571428571,0.0,0.0,0.0,0.0,0.03571428571428571,0.03571428571428571,0.0,0.0,0.03571428571428571,0.0,0.0,0.2857142857142857,0.5,0.0,0.03571428571428571,0.0,0.03571428571428571,0.0,0.0,0.5714285714285714,0.1785714285714286,0.07142857142857142,0.03571428571428571,0.8928571428571429,0.0,0.0,0.0,0.0,0.07142857142857142,0,0,False,0,0,False,0,0,False,9,1.777777777777778,4,1.375,0.3520893951097652,dispersed,5,1.0,1,5.75,0.837450447141662,dispersed,1,1.0,1,,,dispersed,2,12.5,22,1.0,0.0,compact,0,,0,,,insufficient,0.0,585.0,0.04786324786324787
Q86VM9|ensembl_protein_id=ENSP00000301011|entry=ZCH18_HUMAN|source=rbpdb|protein_name=Zinc,SEG,412,442,31,mRNA,distal_terminal,arginine_rich_rna_contact_region,Q86VM9,0.0,0.0,0.03225806451612903,0.3548387096774194,0.0,0.0,0.0,0.0,0.0,0.0,0.0,0.03225806451612903,0.0,0.06451612903225806,0.5161290322580645,0.0,0.0,0.0,0.0,0.0,1.0,0.0,0.0,0.0,0.9354838709677419,0.5161290322580645,0.3870967741935484,0.9032258064516129,0.1290322580645161,0.0,0,0,False,0,0,False,0,0,False,1,31.0,31,,,compact,0,,0,,,insufficient,0,,0,,,insufficient,2,14.5,18,1.0,0.0,compact,3,9.333333333333334,16,1.0,0.0,compact,0.0,953.0,0.03252885624344176
Q86VM9|ensembl_protein_id=ENSP00000301011|entry=ZCH18_HUMAN|source=rbpdb|protein_name=Zinc,SEG,544,592,49,mRNA,distal_terminal,sr_rs_repeat_region,Q86VM9,0.06122448979591837,0.0,0.0,0.0,0.02040816326530612,0.04081632653061224,0.02040816326530612,0.0,0.0,0.0,0.0,0.02040816326530612,0.0,0.0,0.1428571428571428,0.6122448979591837,0.02040816326530612,0.0,0.0,0.06122448979591837,0.8775510204081632,0.2244897959183673,0.08163265306122448,0.1020408163265306,0.8571428571428571,0.1428571428571428,0.0,0.1428571428571428,0.1428571428571428,0.6530612244897959,0,0,False,7,5,True,2,0,False,6,7.166666666666667,23,1.0,0.0,dispersed,11,1.0,1,3.8,1.024627491259568,dispersed,5,1.0,1,6.0,0.8164965809277259,dispersed,6,7.0,14,1.0,0.0,dispersed,7,1.0,1,4.333333333333333,0.8600261451922269,dispersed,0.6842105263157895,953.0,0.05141657922350472
Q86VM9|ensembl_protein_id=ENSP00000301011|entry=ZCH18_HUMAN|source=rbpdb|protein_name=Zinc,SEG,683,705,23,mRNA,distal_terminal,gs_rich_neutral_region,Q86VM9,0.0,0.0,0.0,0.0,0.0,0.2173913043478261,0.0,0.0,0.0,0.08695652173913043,0.0,0.0,0.0,0.0,0.08695652173913043,0.5217391304347826,0.04347826086956522,0.0,0.0,0.04347826086956522,0.6956521739130435,0.391304347826087,0.1304347826086956,0.04347826086956522,0.8260869565217391,0.08695652173913043,0.0,0.08695652173913043,0.08695652173913043,0.7391304347826086,0,0,False,2,0,False,5,5,True,7,2.285714285714286,7,1.0,0.0,dispersed,8,1.125,2,2.0,1.035098339013531,dispersed,1,1.0,1,,,dispersed,2,9.5,10,1.0,0.0,compact,2,1.0,1,1.0,0.0,dispersed,0.0,953.0,0.024134312696747113
Q86VM9|ensembl_protein_id=ENSP00000301011|entry=ZCH18_HUMAN|source=rbpdb|protein_name=Zinc,SEG,695,714,20,mRNA,distal_terminal,disorder_rich_spacer_region,Q86VM9,0.0,0.0,0.0,0.0,0.0,0.05,0.0,0.0,0.0,0.05,0.0,0.0,0.0,0.0,0.1,0.6,0.0,0.15,0.0,0.05,0.75,0.3,0.25,0.05,0.75,0.1,0.0,0.1,0.1,0.65,0,0,False,2,0,False,1,0,False,6,2.5,7,1.0,0.0,dispersed,6,1.0,1,2.6,0.8634593969478326,dispersed,1,1.0,1,,,dispersed,5,3.0,9,1.0,0.0,dispersed,2,1.0,1,1.0,0.0,dispersed,0.0,953.0,0.02098635886673662
Q86VM9|ensembl_protein_id=ENSP00000301011|entry=ZCH18_HUMAN|source=rbpdb|protein_name=Zinc,SEG,703,725,23,mRNA,distal_terminal,disorder_rich_spacer_region,Q86VM9,0.08695652173913043,0.0,0.0,0.0,0.0,0.0,0.04347826086956522,0.0,0.0,0.04347826086956522,0.0,0.0,0.0,0.0,0.04347826086956522,0.6086956521739131,0.04347826086956522,0.1304347826086956,0.0,0.0,0.7391304347826086,0.3478260869565217,0.1739130434782609,0.04347826086956522,0.7391304347826086,0.04347826086956522,0.0,0.04347826086956522,0.04347826086956522,0.6086956521739131,0,0,False,1,0,False,0,0,False,7,2.428571428571428,6,1.0,0.0,dispersed,6,1.333333333333333,2,2.4,0.5651941652604391,dispersed,1,1.0,1,,,dispersed,7,2.428571428571428,6,1.0,0.0,dispersed,1,1.0,1,,,dispersed,0.0,953.0,0.024134312696747113
Q8IX12|ensembl_protein_id=ENSP00000265872|entry=CCAR1_HUMAN|source=rbpdb|protein_name=Cell,SEG,62,82,21,mRNA,distal_terminal,disorder_rich_spacer_region,Q8IX12,0.4285714285714285,0.0,0.0,0.0,0.0,0.0,0.0,0.0,0.0,0.1428571428571428,0.0,0.0,0.0,0.3333333333333333,0.0,0.0,0.09523809523809523,0.0,0.0,0.0,0.4285714285714285,0.6666666666666666,0.1428571428571428,0.0,0.7619047619047619,0.0,0.0,0.0,0.0,0.0,0,0,False,0,0,False,0,0,False,4,2.25,3,4.0,0.7359800721939872,dispersed,3,4.666666666666667,8,2.0,0.5,compact,0,,0,,,insufficient,5,3.2,10,1.25,0.3464101615137755,dispersed,0,,0,,,insufficient,0.0,1150.0,0.018260869565217393
Q8IX12|ensembl_protein_id=ENSP00000265872|entry=CCAR1_HUMAN|source=rbpdb|protein_name=Cell,SEG,317,332,16,mRNA,interdomain_linker,arginine_rich_rna_contact_region,Q8IX12,0.0,0.0,0.0625,0.25,0.0,0.0,0.0,0.0,0.0,0.0,0.0,0.0,0.0,0.0,0.5625,0.125,0.0,0.0,0.0,0.0,1.0,0.0,0.0,0.0,0.9375,0.5625,0.3125,0.875,0.25,0.125,0,0,False,2,0,False,0,0,False,1,16.0,16,,,compact,0,,0,,,insufficient,0,,0,,,insufficient,1,15.0,15,,,compact,3,4.666666666666667,9,1.0,0.0,compact,0.0,1150.0,0.01391304347826087
Q8IYB3|ensembl_protein_id=ENSP00000326261|entry=SRRM1_HUMAN|source=rbpdb|protein_name=Serine/arginine,SEG,309,330,22,mRNA,distal_terminal,arginine_rich_rna_contact_region,Q8IYB3,0.0,0.0,0.0,0.0,0.0,0.0,0.0,0.0,0.0,0.0,0.0,0.0,0.3181818181818182,0.0,0.4545454545454545,0.1363636363636364,0.04545454545454546,0.0,0.0,0.04545454545454546,0.6818181818181818,0.09090909090909091,0.04545454545454546,0.04545454545454546,0.9090909090909091,0.4545454545454545,0.0,0.4545454545454545,0.4545454545454545,0.1363636363636364,0,0,False,0,0,False,0,0,False,7,2.142857142857143,4,1.166666666666667,0.3194382824999699,dispersed,2,1.0,1,17.0,0.0,dispersed,1,1.0,1,,,dispersed,2,10.0,17,1.0,0.0,compact,4,2.5,3,3.0,0.0,dispersed,0.05555555555555555,904.0,0.024336283185840708
Q8IYB3|ensembl_protein_id=ENSP00000326261|entry=SRRM1_HUMAN|source=rbpdb|protein_name=Serine/arginine,SEG,346,368,23,mRNA,distal_terminal,arginine_rich_rna_contact_region,Q8IYB3,0.04347826086956522,0.0,0.0,0.0,0.0,0.04347826086956522,0.0,0.0,0.0,0.04347826086956522,0.0,0.0,0.0,0.0,0.3043478260869565,0.5652173913043478,0.0,0.0,0.0,0.0,0.8695652173913043,0.1304347826086956,0.04347826086956522,0.0,0.9565217391304348,0.3043478260869565,0.0,0.3043478260869565,0.3043478260869565,0.6086956521739131,0,0,False,3,0,False,1,0,False,4,5.0,11,1.0,0.0,dispersed,3,1.0,1,1.0,0.0,dispersed,0,,0,,,insufficient,2,11.0,13,1.0,0.0,compact,3,2.333333333333333,5,8.0,0.875,dispersed,0.0,904.0,0.025442477876106196
Q8IYB3|ensembl_protein_id=ENSP00000326261|entry=SRRM1_HUMAN|source=rbpdb|protein_name=Serine/arginine,SEG,564,594,31,mRNA,distal_terminal,arginine_rich_rna_contact_region,Q8IYB3,0.03225806451612903,0.0,0.0,0.0,0.0,0.0,0.0,0.0,0.0,0.0,0.0,0.0,0.4193548387096774,0.0,0.3548387096774194,0.0967741935483871,0.0967741935483871,0.0,0.0,0.0,0.5483870967741935,0.1290322580645161,0.0,0.0,0.9032258064516129,0.3548387096774194,0.0,0.3548387096774194,0.3548387096774194,0.0967741935483871,0,0,False,1,0,False,0,0,False,7,2.428571428571428,5,1.666666666666667,0.565685424949238,dispersed,4,1.0,1,4.666666666666667,0.5624291338579864,dispersed,0,,0,,,insufficient,4,7.0,13,1.0,0.0,dispersed,4,2.75,4,5.333333333333333,0.1767766952966369,dispersed,0.0,904.0,0.034292035398230086
Q8IYB3|ensembl_protein_id=ENSP00000326261|entry=SRRM1_HUMAN|source=rbpdb|protein_name=Serine/arginine,SEG,808,832,25,mRNA,distal_terminal,basic_enriched_region,Q8IYB3,0.0,0.0,0.08,0.0,0.0,0.04,0.16,0.0,0.72,0.0,0.0,0.0,0.0,0.0,0.0,0.0,0.0,0.0,0.0,0.0,0.96,0.92,0.0,0.16,0.76,0.72,0.08,0.8,0.64,0.04,0,0,False,0,0,False,0,0,False,1,24.0,24,,,compact,3,7.666666666666667,10,1.0,0.0,compact,4,1.0,1,3.0,0.4714045207910317,dispersed,7,2.714285714285714,8,1.0,0.0,dispersed,5,4.0,10,1.0,0.0,dispersed,0.7,904.0,0.02765486725663717
Q8IYB3|ensembl_protein_id=ENSP00000326261|entry=SRRM1_HUMAN|source=rbpdb|protein_name=Serine/arginine,SEG,835,855,21,mRNA,distal_terminal,disorder_rich_spacer_region,Q8IYB3,0.6190476190476191,0.0,0.0,0.0,0.0,0.0,0.0,0.04761904761904762,0.04761904761904762,0.0,0.0,0.0,0.04761904761904762,0.0,0.0,0.0,0.1428571428571428,0.09523809523809523,0.0,0.0,0.1904761904761905,0.9523809523809523,0.1428571428571428,0.0,0.7142857142857143,0.04761904761904762,0.0,0.04761904761904762,0.04761904761904762,0.0,0,0,False,0,0,False,0,0,False,3,1.333333333333333,2,8.5,0.1764705882352941,dispersed,2,10.0,12,1.0,0.0,compact,0,,0,,,insufficient,4,3.75,7,1.333333333333333,0.3535533905932738,dispersed,1,1.0,1,,,dispersed,0.0,904.0,0.023230088495575223
Q8N2M8|ensembl_protein_id=ENSP00000221455|entry=CLASR_HUMAN|source=rbpdb|protein_name=CLK4-associating,SEG,338,347,10,mRNA,distal_terminal,disorder_rich_spacer_region,Q8N2M8,0.9,0.0,0.0,0.1,0.0,0.0,0.0,0.0,0.0,0.0,0.0,0.0,0.0,0.0,0.0,0.0,0.0,0.0,0.0,0.0,0.1,0.9,0.0,0.0,1.0,0.0,0.1,0.1,-0.1,0.0,0,0,False,0,0,False,0,0,False,1,1.0,1,,,dispersed,1,9.0,9,,,compact,0,,0,,,insufficient,1,10.0,10,,,compact,1,1.0,1,,,dispersed,0.0,674.0,0.01483679525222552
Q8N2M8|ensembl_protein_id=ENSP00000221455|entry=CLASR_HUMAN|source=rbpdb|protein_name=CLK4-associating,SEG,370,403,34,mRNA,distal_terminal,sr_rs_repeat_region,Q8N2M8,0.08823529411764706,0.0,0.0,0.0,0.0,0.0,0.0,0.0,0.0,0.0,0.0,0.02941176470588235,0.0,0.0,0.2352941176470588,0.6176470588235294,0.02941176470588235,0.0,0.0,0.0,0.9117647058823529,0.1176470588235294,0.0,0.0,0.9411764705882353,0.2352941176470588,0.0,0.2352941176470588,0.2352941176470588,0.6176470588235294,0,0,False,6,5,True,0,0,False,4,7.75,17,1.0,0.0,dispersed,4,1.0,1,5.0,0.9933109617167559,dispersed,0,,0,,,insufficient,2,16.0,18,1.0,0.0,compact,6,1.333333333333333,3,4.4,0.7820295697311478,dispersed,0.0,674.0,0.050445103857566766
Q8N2M8|ensembl_protein_id=ENSP00000221455|entry=CLASR_HUMAN|source=rbpdb|protein_name=CLK4-associating,SEG,415,440,26,mRNA,distal_terminal,sr_rs_repeat_region,Q8N2M8,0.03846153846153846,0.0,0.0,0.0,0.0,0.03846153846153846,0.0,0.0,0.0,0.0,0.0,0.0,0.0,0.0,0.4615384615384616,0.3846153846153846,0.0,0.0,0.03846153846153846,0.03846153846153846,0.9230769230769231,0.1538461538461539,0.07692307692307693,0.07692307692307693,0.9230769230769231,0.4615384615384616,0.0,0.4615384615384616,0.4615384615384616,0.4230769230769231,1,0,False,10,10,True,0,0,False,2,12.0,23,1.0,0.0,compact,4,1.0,1,7.0,0.2020305089104422,dispersed,2,1.0,1,9.0,0.0,dispersed,3,8.0,9,1.0,0.0,dispersed,11,1.090909090909091,2,1.3,0.4925480182640653,dispersed,0.5714285714285714,674.0,0.03857566765578635
Q8TB72|ensembl_protein_id=ENSP00000338173|entry=PUM2_HUMAN|source=rbpdb|protein_name=Pumilio,SEG,471,489,19,mRNA,distal_terminal,disorder_rich_spacer_region,Q8TB72,0.5789473684210527,0.0,0.0,0.0,0.0,0.1052631578947368,0.0,0.05263157894736842,0.0,0.0,0.0,0.0,0.0,0.05263157894736842,0.0,0.1578947368421053,0.05263157894736842,0.0,0.0,0.0,0.2631578947368421,0.7894736842105263,0.05263157894736842,0.0,0.8947368421052632,0.0,0.0,0.0,0.0,0.2631578947368421,0,0,False,0,0,False,0,0,False,4,1.25,2,4.333333333333333,0.7844645405527362,dispersed,3,5.0,11,1.5,0.3333333333333333,compact,0,,0,,,insufficient,2,8.5,15,1.0,0.0,compact,0,,0,,,insufficient,0.0,1066.0,0.017823639774859287
Q96AE4|ensembl_protein_id=ENSP00000294623|entry=FUBP1_HUMAN|source=rbpdb|protein_name=Far,SEG,10,25,16,mRNA,distal_terminal,gs_rich_neutral_region,Q96AE4,0.0625,0.0,0.0,0.0,0.0,0.6875,0.0,0.0,0.0,0.0,0.0,0.0,0.0625,0.0,0.0,0.1875,0.0,0.0,0.0,0.0,0.1875,0.75,0.0,0.0,1.0,0.0,0.0,0.0,0.0,0.875,0,0,False,0,0,False,1,0,False,2,1.5,2,1.0,0.0,dispersed,2,6.0,11,1.0,0.0,compact,0,,0,,,insufficient,1,16.0,16,,,compact,0,,0,,,insufficient,0.0,644.0,0.024844720496894408
Q96EV2|ensembl_protein_id=ENSP00000287912|entry=RBM33_HUMAN|source=rbpdb|protein_name=RNA-binding,SEG,309,330,22,mRNA,unclassified_no_pfam,disorder_rich_spacer_region,Q96EV2,0.04545454545454546,0.0,0.0,0.0,0.0,0.0,0.0,0.0,0.0,0.04545454545454546,0.0,0.0,0.5454545454545454,0.2272727272727273,0.0,0.0,0.04545454545454546,0.09090909090909091,0.0,0.0,0.2727272727272727,0.2272727272727273,0.1363636363636364,0.0,0.8181818181818182,0.0,0.0,0.0,0.0,0.0,0,0,False,0,0,False,0,0,False,3,2.0,3,7.0,0.2857142857142857,dispersed,4,1.25,2,2.0,0.408248290463863,dispersed,0,,0,,,insufficient,3,6.0,14,1.5,0.3333333333333333,compact,0,,0,,,insufficient,0.0,1170.0,0.018803418803418803
Q96EV2|ensembl_protein_id=ENSP00000287912|entry=RBM33_HUMAN|source=rbpdb|protein_name=RNA-binding,SEG,580,640,61,mRNA,unclassified_no_pfam,aromatic_sticker_region,Q96EV2,0.0,0.0,0.0,0.0,0.0,0.01639344262295082,0.2459016393442623,0.0,0.0,0.03278688524590164,0.0,0.0,0.4262295081967213,0.2786885245901639,0.0,0.0,0.0,0.0,0.0,0.0,0.5245901639344263,0.2950819672131147,0.03278688524590164,0.2459016393442623,0.7213114754098361,0.0,0.0,0.0,0.0,0.01639344262295082,0,0,False,0,0,False,0,0,False,12,2.666666666666667,9,2.363636363636364,0.5782037068604964,dispersed,12,1.5,6,3.909090909090909,0.8757288550587315,dispersed,10,1.5,6,4.777777777777778,0.7434589471230595,dispersed,11,4.0,14,1.1,0.2727272727272727,dispersed,0,,0,,,insufficient,0.0,1170.0,0.05213675213675214
Q96MU7|ensembl_protein_id=ENSP00000339245|entry=YTDC1_HUMAN|source=rbpdb|protein_name=YTH,SEG,198,227,30,mRNA,distal_terminal,acidic_region,Q96MU7,0.03333333333333333,0.0,0.1666666666666667,0.5666666666666667,0.0,0.03333333333333333,0.0,0.0,0.0,0.0,0.0,0.03333333333333333,0.0,0.0,0.0,0.0,0.03333333333333333,0.1333333333333333,0.0,0.0,0.8,0.2333333333333333,0.1333333333333333,0.0,0.6333333333333333,0.0,0.7333333333333333,0.7333333333333333,-0.7333333333333333,0.03333333333333333,0,0,False,0,0,False,0,0,False,6,4.0,6,1.2,0.3333333333333334,dispersed,6,1.166666666666667,2,4.2,0.2332847374079217,dispersed,0,,0,,,insufficient,9,2.111111111111111,4,1.25,0.3464101615137755,dispersed,7,3.142857142857143,5,1.166666666666667,0.3194382824999699,dispersed,0.0,727.0,0.04126547455295736
Q96MU7|ensembl_protein_id=ENSP00000339245|entry=YTDC1_HUMAN|source=rbpdb|protein_name=YTH,SEG,215,253,39,mRNA,distal_terminal,acidic_region,Q96MU7,0.02564102564102564,0.0,0.1282051282051282,0.717948717948718,0.0,0.02564102564102564,0.0,0.0,0.0,0.0,0.0,0.0,0.0,0.02564102564102564,0.0,0.0,0.0,0.05128205128205128,0.0,0.02564102564102564,0.8974358974358975,0.1282051282051282,0.07692307692307693,0.02564102564102564,0.7948717948717948,0.0,0.8461538461538461,0.8461538461538461,-0.8461538461538461,0.02564102564102564,0,0,False,0,0,False,0,0,False,4,8.75,24,1.0,0.0,dispersed,5,1.0,1,7.75,0.9186471526385899,dispersed,1,1.0,1,,,dispersed,6,5.166666666666667,21,1.2,0.3333333333333334,dispersed,6,5.5,20,1.0,0.0,dispersed,0.0,727.0,0.05364511691884457
Q96N46|ensembl_protein_id=ENSP00000296015|entry=TTC14_HUMAN|source=rbpdb|protein_name=Tetratricopeptide,SEG,476,496,21,unknown,unclassified_no_pfam,polar_linker,Q96N46,0.04761904761904762,0.0,0.04761904761904762,0.04761904761904762,0.0,0.0,0.0,0.0,0.0,0.0,0.0,0.0,0.0,0.0,0.0,0.7142857142857143,0.04761904761904762,0.09523809523809523,0.0,0.0,0.8571428571428571,0.1904761904761905,0.09523809523809523,0.0,0.8095238095238095,0.0,0.09523809523809523,0.09523809523809523,-0.09523809523809523,0.7142857142857143,0,0,False,0,0,False,0,0,False,4,4.5,8,1.0,0.0,dispersed,4,1.0,1,3.0,0.2721655269759087,dispersed,0,,0,,,insufficient,4,4.25,8,1.0,0.0,dispersed,1,2.0,2,,,dispersed,0.0,770.0,0.02727272727272727
Q9H4Z3|ensembl_protein_id=ENSP00000361486|entry=CAPAM_HUMAN|source=modomics|protein_name=mRNA,SEG,669,683,15,mRNA,unclassified_no_pfam,gs_rich_neutral_region,Q9H4Z3,0.0,0.0,0.0,0.0,0.0,0.1333333333333333,0.06666666666666667,0.0,0.0,0.0,0.0,0.0,0.0,0.06666666666666667,0.06666666666666667,0.6666666666666666,0.0,0.0,0.0,0.0,0.8666666666666667,0.2,0.0,0.06666666666666667,0.9333333333333333,0.06666666666666667,0.0,0.06666666666666667,0.06666666666666667,0.8,0,0,False,1,0,False,2,0,False,3,4.333333333333333,6,1.0,0.0,compact,3,1.0,1,2.0,0.0,dispersed,1,1.0,1,,,dispersed,2,7.0,9,1.0,0.0,compact,1,1.0,1,,,dispersed,0.2727272727272727,704.0,0.02130681818181818
Q9HCJ0|ensembl_protein_id=ENSP00000512514|entry=TNR6C_HUMAN|source=rbpdb|protein_name=Trinucleotide,SEG,1,15,15,mRNA,distal_terminal,basic_enriched_region,Q9HCJ0,0.0,0.0,0.0,0.2666666666666667,0.0,0.0,0.0,0.0,0.6,0.0,0.06666666666666667,0.0,0.0,0.06666666666666667,0.0,0.0,0.0,0.0,0.0,0.0,0.9333333333333333,0.6666666666666666,0.06666666666666667,0.0,0.9333333333333333,0.6,0.2666666666666667,0.8666666666666667,0.3333333333333333,0.0,0,0,False,0,0,False,0,0,False,1,14.0,14,,,compact,3,3.333333333333333,5,2.5,0.2,dispersed,0,,0,,,insufficient,1,14.0,14,,,compact,2,6.5,7,1.0,0.0,compact,0.0,1936.0,0.007747933884297521
Q9HCJ0|ensembl_protein_id=ENSP00000512514|entry=TNR6C_HUMAN|source=rbpdb|protein_name=Trinucleotide,SEG,963,981,19,mRNA,distal_terminal,unmapped_physicochemical_properties,Q9HCJ0,0.0,0.0,0.0,0.0,0.0,0.0,0.0,0.0,0.0,0.0,0.0,0.1052631578947368,0.0,0.05263157894736842,0.0,0.1578947368421053,0.6842105263157895,0.0,0.0,0.0,1.0,0.6842105263157895,0.0,0.0,0.2105263157894737,0.0,0.0,0.0,0.0,0.1578947368421053,0,0,False,0,0,False,0,0,False,1,19.0,19,,,compact,3,4.333333333333333,9,1.5,0.3333333333333333,compact,0,,0,,,insufficient,2,2.0,3,13.0,0.0,dispersed,0,,0,,,insufficient,0.0,1936.0,0.00981404958677686
Q9NR56|ensembl_protein_id=ENSP00000282486|entry=MBNL1_HUMAN|source=rbpdb|protein_name=Muscleblind-like,SEG,255,272,18,mRNA,domain_adjacent,disorder_rich_spacer_region,Q9NR56,0.5555555555555556,0.0,0.0,0.0,0.0,0.0,0.0,0.0,0.0,0.0,0.05555555555555555,0.05555555555555555,0.0,0.1666666666666667,0.0,0.05555555555555555,0.1111111111111111,0.0,0.0,0.0,0.3888888888888889,0.7222222222222222,0.05555555555555555,0.0,0.7777777777777778,0.0,0.0,0.0,0.0,0.05555555555555555,0,0,False,0,0,False,0,0,False,4,1.75,3,3.666666666666667,0.128564869306645,dispersed,2,6.5,9,1.0,0.0,compact,0,,0,,,insufficient,3,4.666666666666667,9,1.5,0.3333333333333333,compact,0,,0,,,insufficient,0.0,388.0,0.04639175257731959
Q9UKM9|ensembl_protein_id=ENSP00000246194|entry=RALY_HUMAN|source=rbpdb|protein_name=RNA-binding,SEG,220,252,33,mRNA,distal_terminal,gs_rich_neutral_region,Q9UKM9,0.0303030303030303,0.0,0.06060606060606061,0.0,0.0,0.7272727272727273,0.0,0.0,0.09090909090909091,0.0,0.0,0.0,0.0,0.0,0.0,0.09090909090909091,0.0,0.0,0.0,0.0,0.2424242424242424,0.8484848484848485,0.0,0.0,0.9393939393939394,0.09090909090909091,0.06060606060606061,0.1515151515151515,0.0303030303030303,0.8181818181818182,0,0,False,0,0,False,3,3,True,6,1.333333333333333,3,5.0,0.8294576541331088,dispersed,4,7.0,12,1.0,0.0,dispersed,0,,0,,,insufficient,2,15.5,26,1.0,0.0,compact,3,1.666666666666667,3,1.0,0.0,dispersed,0.0,306.0,0.10784313725490197
Q9UPT8|ensembl_protein_id=ENSP00000253048|entry=ZC3H4_HUMAN|source=rbpdb|protein_name=Zinc,SEG,7,33,27,unknown,distal_terminal,disorder_rich_spacer_region,Q9UPT8,0.0,0.03703703703703703,0.0,0.03703703703703703,0.0,0.0,0.0,0.0,0.0,0.0,0.0,0.0,0.6296296296296297,0.0,0.0,0.2222222222222222,0.07407407407407407,0.0,0.0,0.0,0.3333333333333333,0.1111111111111111,0.0,0.0,0.8888888888888888,0.0,0.03703703703703703,0.03703703703703703,-0.03703703703703703,0.2222222222222222,0,0,False,0,0,False,0,0,False,6,1.5,3,3.6,0.376796110173626,dispersed,3,1.0,1,11.5,0.5652173913043478,dispersed,0,,0,,,insufficient,3,8.0,18,1.0,0.0,compact,1,1.0,1,,,dispersed,0.0,1303.0,0.02072141212586339
Q9UPT8|ensembl_protein_id=ENSP00000253048|entry=ZC3H4_HUMAN|source=rbpdb|protein_name=Zinc,SEG,535,559,25,unknown,distal_terminal,disorder_rich_spacer_region,Q9UPT8,0.0,0.0,0.0,0.0,0.0,0.12,0.0,0.0,0.0,0.0,0.12,0.0,0.64,0.08,0.04,0.0,0.0,0.0,0.0,0.0,0.12,0.24,0.12,0.0,0.88,0.04,0.0,0.04,0.04,0.12,0,0,False,0,0,False,0,0,False,3,1.0,1,9.5,0.7894736842105263,dispersed,5,1.2,2,4.25,1.07020031756825,dispersed,0,,0,,,insufficient,3,7.333333333333333,19,1.0,0.0,compact,1,1.0,1,,,dispersed,0.0,1303.0,0.01918649270913277
Q9UQ35|ensembl_protein_id=ENSP00000301740|entry=SRRM2_HUMAN|source=rbpdb|protein_name=Serine/arginine,SEG,2531,2566,36,mRNA,distal_terminal,disorder_rich_spacer_region,Q9UQ35,0.0,0.0,0.02777777777777778,0.02777777777777778,0.0,0.05555555555555555,0.0,0.0,0.0,0.0,0.0,0.0,0.0,0.0,0.02777777777777778,0.8611111111111112,0.0,0.0,0.0,0.0,0.9444444444444444,0.05555555555555555,0.0,0.0,0.9722222222222222,0.02777777777777778,0.05555555555555555,0.08333333333333333,-0.02777777777777778,0.9166666666666666,0,0,False,1,0,False,2,0,False,3,11.33333333333333,26,1.0,0.0,compact,2,1.0,1,7.0,0.0,dispersed,0,,0,,,insufficient,2,17.5,31,1.0,0.0,compact,3,1.0,1,15.5,0.9354838709677419,dispersed,0.0,2752.0,0.01308139534883721
Q9UQ35|ensembl_protein_id=ENSP00000301740|entry=SRRM2_HUMAN|source=rbpdb|protein_name=Serine/arginine,SEG,2606,2647,42,mRNA,distal_terminal,disorder_rich_spacer_region,Q9UQ35,0.0,0.0,0.0,0.0,0.0,0.0,0.0,0.0,0.0,0.0,0.0,0.0,0.0,0.0,0.02380952380952381,0.9761904761904762,0.0,0.0,0.0,0.0,1.0,0.0,0.0,0.0,1.0,0.02380952380952381,0.0,0.02380952380952381,0.02380952380952381,0.9761904761904762,0,0,False,1,0,False,0,0,False,1,42.0,42,,,compact,0,,0,,,insufficient,0,,0,,,insufficient,1,42.0,42,,,compact,1,1.0,1,,,dispersed,0.0,2752.0,0.015261627906976744
Q9Y2U8|ensembl_protein_id=ENSP00000308369|entry=MAN1_HUMAN|source=rbpdb|protein_name=Inner,SEG,71,86,16,snRNA,unclassified_no_pfam,disorder_rich_spacer_region,Q9Y2U8,0.6875,0.0,0.0,0.0,0.0,0.0625,0.0,0.0,0.0,0.0,0.0,0.0,0.0625,0.0,0.0,0.0,0.125,0.0625,0.0,0.0,0.125,0.9375,0.0625,0.0,0.8125,0.0,0.0,0.0,0.0,0.0625,0,0,False,0,0,False,0,0,False,2,1.0,1,3.0,0.0,dispersed,2,7.5,10,1.0,0.0,compact,0,,0,,,insufficient,2,6.5,10,2.0,0.0,compact,0,,0,,,insufficient,0.0,911.0,0.01756311745334797
