uniprot_accession,rna_class,uniprot_length,signature_for_fraction,signature_residues,property_fraction,method
A0A024RCN4|ensembl_protein_id=ENSP00000481707|entry=A0A024RCN4_HUMAN|source=pfam38|protein_name=Zinc,unknown,,acidic_region,7,,LCRFinder
A0A024RCN4|ensembl_protein_id=ENSP00000481707|entry=A0A024RCN4_HUMAN|source=pfam38|protein_name=Zinc,unknown,,hydrophobic_region,4,,LCRFinder
A0A087WVF4|ensembl_protein_id=ENSP00000479403|entry=A0A087WVF4_HUMAN|source=pfam38|protein_name=Chromodomain,unknown,,acidic_region,68,,LCRFinder
A0A087WVF4|ensembl_protein_id=ENSP00000479403|entry=A0A087WVF4_HUMAN|source=pfam38|protein_name=Chromodomain,unknown,,arginine_rich_rna_contact_region,7,,LCRFinder
A0A087WVF4|ensembl_protein_id=ENSP00000479403|entry=A0A087WVF4_HUMAN|source=pfam38|protein_name=Chromodomain,unknown,,aromatic_sticker_region,5,,LCRFinder
A0A087WVF4|ensembl_protein_id=ENSP00000479403|entry=A0A087WVF4_HUMAN|source=pfam38|protein_name=Chromodomain,unknown,,basic_enriched_region,18,,LCRFinder
A0A087WVF4|ensembl_protein_id=ENSP00000479403|entry=A0A087WVF4_HUMAN|source=pfam38|protein_name=Chromodomain,unknown,,disorder_rich_spacer_region,11,,LCRFinder
A0A087WVF4|ensembl_protein_id=ENSP00000479403|entry=A0A087WVF4_HUMAN|source=pfam38|protein_name=Chromodomain,unknown,,gs_rich_neutral_region,29,,LCRFinder
A0A087WVF4|ensembl_protein_id=ENSP00000479403|entry=A0A087WVF4_HUMAN|source=pfam38|protein_name=Chromodomain,unknown,,other,6,,LCRFinder
A0A087WZ13|ensembl_protein_id=ENSP00000482277|entry=A0A087WZ13_HUMAN|source=rbpdb|protein_name=Ribonucleoprotein,unknown,,disorder_rich_spacer_region,15,,LCRFinder
A0A087WZ13|ensembl_protein_id=ENSP00000482277|entry=A0A087WZ13_HUMAN|source=rbpdb|protein_name=Ribonucleoprotein,unknown,,gs_rich_neutral_region,23,,LCRFinder
A0A087WZ13|ensembl_protein_id=ENSP00000482277|entry=A0A087WZ13_HUMAN|source=rbpdb|protein_name=Ribonucleoprotein,unknown,,hydrophobic_region,31,,LCRFinder
A0A087X0J2|ensembl_protein_id=ENSP00000483433|entry=A0A087X0J2_HUMAN|source=pfam38|protein_name=UBX,diverse,,hydrophobic_region,7,,LCRFinder
A0A0A0MQW0|ensembl_protein_id=ENSP00000267836|entry=A0A0A0MQW0_HUMAN|source=pfam27|protein_name=Myelin,mRNA,,aromatic_sticker_region,5,,LCRFinder
A0A0A0MQW0|ensembl_protein_id=ENSP00000267836|entry=A0A0A0MQW0_HUMAN|source=pfam27|protein_name=Myelin,mRNA,,disorder_rich_spacer_region,4,,LCRFinder
A0A0A0MQW0|ensembl_protein_id=ENSP00000267836|entry=A0A0A0MQW0_HUMAN|source=pfam27|protein_name=Myelin,mRNA,,hydrophobic_region,11,,LCRFinder
A0A0A0MRM9|ensembl_protein_id=ENSP00000359024|entry=A0A0A0MRM9_HUMAN|source=pfam27|protein_name=Nucleolar,snoRNA,,acidic_region,112,,LCRFinder
A0A0A0MRM9|ensembl_protein_id=ENSP00000359024|entry=A0A0A0MRM9_HUMAN|source=pfam27|protein_name=Nucleolar,snoRNA,,basic_enriched_region,22,,LCRFinder
A0A0A0MRM9|ensembl_protein_id=ENSP00000359024|entry=A0A0A0MRM9_HUMAN|source=pfam27|protein_name=Nucleolar,snoRNA,,disorder_rich_spacer_region,87,,LCRFinder
A0A0A0MRZ1|ensembl_protein_id=ENSP00000373873|entry=A0A0A0MRZ1_HUMAN|source=pfam27|protein_name=Unk,unknown,,arginine_rich_rna_contact_region,16,,LCRFinder
A0A0A0MRZ1|ensembl_protein_id=ENSP00000373873|entry=A0A0A0MRZ1_HUMAN|source=pfam27|protein_name=Unk,unknown,,aromatic_sticker_region,6,,LCRFinder
A0A0A0MRZ1|ensembl_protein_id=ENSP00000373873|entry=A0A0A0MRZ1_HUMAN|source=pfam27|protein_name=Unk,unknown,,disorder_rich_spacer_region,22,,LCRFinder
A0A0A0MRZ1|ensembl_protein_id=ENSP00000373873|entry=A0A0A0MRZ1_HUMAN|source=pfam27|protein_name=Unk,unknown,,gs_rich_neutral_region,18,,LCRFinder
A0A0A0MRZ1|ensembl_protein_id=ENSP00000373873|entry=A0A0A0MRZ1_HUMAN|source=pfam27|protein_name=Unk,unknown,,other,6,,LCRFinder
A0A0A0MSN9|ensembl_protein_id=ENSP00000407528|entry=A0A0A0MSN9_HUMAN|source=pfam27|protein_name=Negative,mRNA,,acidic_region,4,,LCRFinder
A0A0A0MSN9|ensembl_protein_id=ENSP00000407528|entry=A0A0A0MSN9_HUMAN|source=pfam27|protein_name=Negative,mRNA,,arginine_rich_rna_contact_region,8,,LCRFinder
A0A0A0MSN9|ensembl_protein_id=ENSP00000407528|entry=A0A0A0MSN9_HUMAN|source=pfam27|protein_name=Negative,mRNA,,basic_enriched_region,12,,LCRFinder
A0A0A0MSN9|ensembl_protein_id=ENSP00000407528|entry=A0A0A0MSN9_HUMAN|source=pfam27|protein_name=Negative,mRNA,,other,47,,LCRFinder
A0A0A0MSS9|ensembl_protein_id=ENSP00000401363|entry=A0A0A0MSS9_HUMAN|source=pfam27|protein_name=Deleted,mRNA,,disorder_rich_spacer_region,5,,LCRFinder
A0A0B4J1V9|ensembl_protein_id=ENSP00000377601|entry=A0A0B4J1V9_HUMAN|source=pfam38|protein_name=Proliferation-associated,unknown,,acidic_region,4,,LCRFinder
A0A0B4J1V9|ensembl_protein_id=ENSP00000377601|entry=A0A0B4J1V9_HUMAN|source=pfam38|protein_name=Proliferation-associated,unknown,,basic_enriched_region,11,,LCRFinder
A0A0B4J1V9|ensembl_protein_id=ENSP00000377601|entry=A0A0B4J1V9_HUMAN|source=pfam38|protein_name=Proliferation-associated,unknown,,hydrophobic_region,6,,LCRFinder
A0A0B4J203|ensembl_protein_id=ENSP00000423325|entry=A0A0B4J203_HUMAN|source=pfam27|protein_name=receptor,mRNA,,acidic_region,17,,LCRFinder
A0A0B4J203|ensembl_protein_id=ENSP00000423325|entry=A0A0B4J203_HUMAN|source=pfam27|protein_name=receptor,mRNA,,disorder_rich_spacer_region,4,,LCRFinder
A0A0B4J203|ensembl_protein_id=ENSP00000423325|entry=A0A0B4J203_HUMAN|source=pfam27|protein_name=receptor,mRNA,,hydrophobic_region,5,,LCRFinder
A0A0C4DG89|ensembl_protein_id=ENSP00000416534|entry=A0A0C4DG89_HUMAN|source=pfam27;pfam38|protein_name=Probable,snRNA,,acidic_region,27,,LCRFinder
A0A0C4DG89|ensembl_protein_id=ENSP00000416534|entry=A0A0C4DG89_HUMAN|source=pfam27;pfam38|protein_name=Probable,snRNA,,arginine_rich_rna_contact_region,16,,LCRFinder
A0A0C4DG89|ensembl_protein_id=ENSP00000416534|entry=A0A0C4DG89_HUMAN|source=pfam27;pfam38|protein_name=Probable,snRNA,,basic_enriched_region,15,,LCRFinder
A0A0C4DG89|ensembl_protein_id=ENSP00000416534|entry=A0A0C4DG89_HUMAN|source=pfam27;pfam38|protein_name=Probable,snRNA,,disorder_rich_spacer_region,4,,LCRFinder
A0A0C4DG89|ensembl_protein_id=ENSP00000416534|entry=A0A0C4DG89_HUMAN|source=pfam27;pfam38|protein_name=Probable,snRNA,,hydrophobic_region,12,,LCRFinder
A0A0C4DG89|ensembl_protein_id=ENSP00000416534|entry=A0A0C4DG89_HUMAN|source=pfam27;pfam38|protein_name=Probable,snRNA,,sr_rs_repeat_region,57,,LCRFinder
A0A0C4DGG8|ensembl_protein_id=ENSP00000439252|entry=A0A0C4DGG8_HUMAN|source=pfam27|protein_name=Cell,mRNA,,acidic_region,53,,LCRFinder
A0A0C4DGG8|ensembl_protein_id=ENSP00000439252|entry=A0A0C4DGG8_HUMAN|source=pfam27|protein_name=Cell,mRNA,,arginine_rich_rna_contact_region,27,,LCRFinder
A0A0C4DGG8|ensembl_protein_id=ENSP00000439252|entry=A0A0C4DGG8_HUMAN|source=pfam27|protein_name=Cell,mRNA,,basic_enriched_region,9,,LCRFinder
A0A0C4DGG8|ensembl_protein_id=ENSP00000439252|entry=A0A0C4DGG8_HUMAN|source=pfam27|protein_name=Cell,mRNA,,disorder_rich_spacer_region,46,,LCRFinder
A0A0C4DGG8|ensembl_protein_id=ENSP00000439252|entry=A0A0C4DGG8_HUMAN|source=pfam27|protein_name=Cell,mRNA,,other,33,,LCRFinder
A0A0D9SF53|ensembl_protein_id=ENSP00000486306|entry=A0A0D9SF53_HUMAN|source=pfam38|protein_name=RNA,unknown,,gs_rich_neutral_region,43,,LCRFinder
A0A0D9SFM0|ensembl_protein_id=ENSP00000486723|entry=A0A0D9SFM0_HUMAN|source=pfam38|protein_name=E3,unknown,,acidic_region,11,,LCRFinder
A0A0D9SFM0|ensembl_protein_id=ENSP00000486723|entry=A0A0D9SFM0_HUMAN|source=pfam38|protein_name=E3,unknown,,arginine_rich_rna_contact_region,5,,LCRFinder
A0A0D9SFM0|ensembl_protein_id=ENSP00000486723|entry=A0A0D9SFM0_HUMAN|source=pfam38|protein_name=E3,unknown,,disorder_rich_spacer_region,5,,LCRFinder
A0A0G2JKY3|ensembl_protein_id=ENSP00000446608|entry=A0A0G2JKY3_HUMAN|source=pfam27|protein_name=Valyl-tRNA,tRNA,,hydrophobic_region,4,,LCRFinder
A0A0G2JKY3|ensembl_protein_id=ENSP00000446608|entry=A0A0G2JKY3_HUMAN|source=pfam27|protein_name=Valyl-tRNA,tRNA,,other,4,,LCRFinder
A0A140T8Y2|ensembl_protein_id=ENSP00000372942|entry=A0A140T8Y2_HUMAN|source=pfam27|protein_name=Guanine,pre-rRNA,,acidic_region,20,,LCRFinder
A0A140TA76|ensembl_protein_id=ENSP00000460896|entry=A0A140TA76_HUMAN|source=pfam27|protein_name=LSM14A,mRNA,,arginine_rich_rna_contact_region,4,,LCRFinder
A0A140TA76|ensembl_protein_id=ENSP00000460896|entry=A0A140TA76_HUMAN|source=pfam27|protein_name=LSM14A,mRNA,,basic_enriched_region,4,,LCRFinder
A0A140TA76|ensembl_protein_id=ENSP00000460896|entry=A0A140TA76_HUMAN|source=pfam27|protein_name=LSM14A,mRNA,,gs_rich_neutral_region,9,,LCRFinder
A0A140TA76|ensembl_protein_id=ENSP00000460896|entry=A0A140TA76_HUMAN|source=pfam27|protein_name=LSM14A,mRNA,,other,13,,LCRFinder
A0A286YFD1|ensembl_protein_id=ENSP00000493220|entry=A0A286YFD1_HUMAN|source=pfam38|protein_name=Fer-1,unknown,,arginine_rich_rna_contact_region,12,,LCRFinder
A0A286YFD1|ensembl_protein_id=ENSP00000493220|entry=A0A286YFD1_HUMAN|source=pfam38|protein_name=Fer-1,unknown,,hydrophobic_region,10,,LCRFinder
A0A286YFD1|ensembl_protein_id=ENSP00000493220|entry=A0A286YFD1_HUMAN|source=pfam38|protein_name=Fer-1,unknown,,other,4,,LCRFinder
A0A2R8Y4L2|ensembl_protein_id=ENSP00000493805|entry=RA1L3_HUMAN|source=pfam38|protein_name=Heterogeneous,mRNA,,aromatic_sticker_region,14,,LCRFinder
A0A2R8Y4L2|ensembl_protein_id=ENSP00000493805|entry=RA1L3_HUMAN|source=pfam38|protein_name=Heterogeneous,mRNA,,disorder_rich_spacer_region,8,,LCRFinder
A0A2R8Y4L2|ensembl_protein_id=ENSP00000493805|entry=RA1L3_HUMAN|source=pfam38|protein_name=Heterogeneous,mRNA,,gs_rich_neutral_region,27,,LCRFinder
A0A2R8Y6W8|ensembl_protein_id=ENSP00000495619|entry=A0A2R8Y6W8_HUMAN|source=pfam38|protein_name=General,unknown,,acidic_region,6,,LCRFinder
A0A494C0I1|ensembl_protein_id=ENSP00000498563|entry=A0A494C0I1_HUMAN|source=pfam38|protein_name=GTF2I,unknown,,basic_enriched_region,9,,LCRFinder
A0A494C1N8|ensembl_protein_id=ENSP00000499147|entry=A0A494C1N8_HUMAN|source=pfam38|protein_name=GTF2I,unknown,,basic_enriched_region,9,,LCRFinder
A0A499FI31|ensembl_protein_id=ENSP00000228284|entry=A0A499FI31_HUMAN|source=pfam27|protein_name=Spliceosome,snRNA,,acidic_region,9,,LCRFinder
A0A499FI31|ensembl_protein_id=ENSP00000228284|entry=A0A499FI31_HUMAN|source=pfam27|protein_name=Spliceosome,snRNA,,arginine_rich_rna_contact_region,14,,LCRFinder
A0A499FI31|ensembl_protein_id=ENSP00000228284|entry=A0A499FI31_HUMAN|source=pfam27|protein_name=Spliceosome,snRNA,,disorder_rich_spacer_region,5,,LCRFinder
A0A499FIA3|ensembl_protein_id=ENSP00000302111|entry=A0A499FIA3_HUMAN|source=pfam38|protein_name=O-6-methylguanine-DNA,unknown,,disorder_rich_spacer_region,4,,LCRFinder
A0A590UJW6|ensembl_protein_id=ENSP00000499622|entry=A0A590UJW6_HUMAN|source=pfam38|protein_name=Zinc,unknown,,acidic_region,4,,LCRFinder
A0A590UJW6|ensembl_protein_id=ENSP00000499622|entry=A0A590UJW6_HUMAN|source=pfam38|protein_name=Zinc,unknown,,aromatic_sticker_region,11,,LCRFinder
A0A590UJW6|ensembl_protein_id=ENSP00000499622|entry=A0A590UJW6_HUMAN|source=pfam38|protein_name=Zinc,unknown,,disorder_rich_spacer_region,9,,LCRFinder
A0A590UJW6|ensembl_protein_id=ENSP00000499622|entry=A0A590UJW6_HUMAN|source=pfam38|protein_name=Zinc,unknown,,gs_rich_neutral_region,35,,LCRFinder
A0A590UJW6|ensembl_protein_id=ENSP00000499622|entry=A0A590UJW6_HUMAN|source=pfam38|protein_name=Zinc,unknown,,other,18,,LCRFinder
A0A5H1ZRQ2|ensembl_protein_id=ENSP00000380033|entry=A0A5H1ZRQ2_HUMAN|source=pfam27;pfam38|protein_name=RNA,mRNA,,arginine_rich_rna_contact_region,4,,LCRFinder
A0A5H1ZRQ2|ensembl_protein_id=ENSP00000380033|entry=A0A5H1ZRQ2_HUMAN|source=pfam27;pfam38|protein_name=RNA,mRNA,,disorder_rich_spacer_region,55,,LCRFinder
A0A5K1VW79|ensembl_protein_id=ENSP00000371838|entry=A0A5K1VW79_HUMAN|source=pfam27|protein_name=Cytoplasmic,mRNA,,aromatic_sticker_region,23,,LCRFinder
A0A5K1VW79|ensembl_protein_id=ENSP00000371838|entry=A0A5K1VW79_HUMAN|source=pfam27|protein_name=Cytoplasmic,mRNA,,disorder_rich_spacer_region,120,,LCRFinder
A0A5K1VW79|ensembl_protein_id=ENSP00000371838|entry=A0A5K1VW79_HUMAN|source=pfam27|protein_name=Cytoplasmic,mRNA,,gs_rich_neutral_region,18,,LCRFinder
A0A7I2V5M7|ensembl_protein_id=ENSP00000504525|entry=A0A7I2V5M7_HUMAN|source=pfam38|protein_name=Ras,unknown,,acidic_region,29,,LCRFinder
A0A7I2V5M7|ensembl_protein_id=ENSP00000504525|entry=A0A7I2V5M7_HUMAN|source=pfam38|protein_name=Ras,unknown,,arginine_rich_rna_contact_region,7,,LCRFinder
A0A7I2V5M7|ensembl_protein_id=ENSP00000504525|entry=A0A7I2V5M7_HUMAN|source=pfam38|protein_name=Ras,unknown,,disorder_rich_spacer_region,10,,LCRFinder
A0A7N4I394|ensembl_protein_id=ENSP00000386458|entry=A0A7N4I394_HUMAN|source=pfam27|protein_name=Pre-mRNA-processing,snRNA,,acidic_region,31,,LCRFinder
A0A7N4I394|ensembl_protein_id=ENSP00000386458|entry=A0A7N4I394_HUMAN|source=pfam27|protein_name=Pre-mRNA-processing,snRNA,,arginine_rich_rna_contact_region,14,,LCRFinder
A0A7N4I394|ensembl_protein_id=ENSP00000386458|entry=A0A7N4I394_HUMAN|source=pfam27|protein_name=Pre-mRNA-processing,snRNA,,basic_enriched_region,5,,LCRFinder
A0A7N4I394|ensembl_protein_id=ENSP00000386458|entry=A0A7N4I394_HUMAN|source=pfam27|protein_name=Pre-mRNA-processing,snRNA,,disorder_rich_spacer_region,36,,LCRFinder
A0A7N4I394|ensembl_protein_id=ENSP00000386458|entry=A0A7N4I394_HUMAN|source=pfam27|protein_name=Pre-mRNA-processing,snRNA,,hydrophobic_region,5,,LCRFinder
A0A7N4I394|ensembl_protein_id=ENSP00000386458|entry=A0A7N4I394_HUMAN|source=pfam27|protein_name=Pre-mRNA-processing,snRNA,,sr_rs_repeat_region,19,,LCRFinder
A0A7P0N5L0|ensembl_protein_id=ENSP00000397555|entry=A0A7P0N5L0_HUMAN|source=pfam27|protein_name=R3H,unknown,,acidic_region,11,,LCRFinder
A0A7P0N5L0|ensembl_protein_id=ENSP00000397555|entry=A0A7P0N5L0_HUMAN|source=pfam27|protein_name=R3H,unknown,,disorder_rich_spacer_region,5,,LCRFinder
A0A804HKV4|ensembl_protein_id=ENSP00000508087|entry=A0A804HKV4_HUMAN|source=pfam38|protein_name=Deleted,mRNA,,disorder_rich_spacer_region,10,,LCRFinder
A0A8I5KNN2|ensembl_protein_id=ENSP00000508611|entry=A0A8I5KNN2_HUMAN|source=pfam38|protein_name=Nucleolar,pre-rRNA,,acidic_region,15,,LCRFinder
A0A8I5KNN2|ensembl_protein_id=ENSP00000508611|entry=A0A8I5KNN2_HUMAN|source=pfam38|protein_name=Nucleolar,pre-rRNA,,basic_enriched_region,19,,LCRFinder
A0A8I5KNN2|ensembl_protein_id=ENSP00000508611|entry=A0A8I5KNN2_HUMAN|source=pfam38|protein_name=Nucleolar,pre-rRNA,,disorder_rich_spacer_region,6,,LCRFinder
A0A8I5KSH6|ensembl_protein_id=ENSP00000509891|entry=A0A8I5KSH6_HUMAN|source=pfam38|protein_name=ATP-dependent,unknown,,acidic_region,46,,LCRFinder
A0A8I5KSH6|ensembl_protein_id=ENSP00000509891|entry=A0A8I5KSH6_HUMAN|source=pfam38|protein_name=ATP-dependent,unknown,,arginine_rich_rna_contact_region,6,,LCRFinder
A0A8I5KSH6|ensembl_protein_id=ENSP00000509891|entry=A0A8I5KSH6_HUMAN|source=pfam38|protein_name=ATP-dependent,unknown,,basic_enriched_region,5,,LCRFinder
A0A8I5KSH6|ensembl_protein_id=ENSP00000509891|entry=A0A8I5KSH6_HUMAN|source=pfam38|protein_name=ATP-dependent,unknown,,hydrophobic_region,9,,LCRFinder
A0A8I5KVU2|ensembl_protein_id=ENSP00000510165|entry=A0A8I5KVU2_HUMAN|source=pfam38|protein_name=La,mRNA,,acidic_region,8,,LCRFinder
A0A8I5KVU2|ensembl_protein_id=ENSP00000510165|entry=A0A8I5KVU2_HUMAN|source=pfam38|protein_name=La,mRNA,,arginine_rich_rna_contact_region,4,,LCRFinder
A0A8I5KVU2|ensembl_protein_id=ENSP00000510165|entry=A0A8I5KVU2_HUMAN|source=pfam38|protein_name=La,mRNA,,aromatic_sticker_region,5,,LCRFinder
A0A8I5KVU2|ensembl_protein_id=ENSP00000510165|entry=A0A8I5KVU2_HUMAN|source=pfam38|protein_name=La,mRNA,,basic_enriched_region,4,,LCRFinder
A0A8I5KVU2|ensembl_protein_id=ENSP00000510165|entry=A0A8I5KVU2_HUMAN|source=pfam38|protein_name=La,mRNA,,disorder_rich_spacer_region,18,,LCRFinder
A0A8I5KVU2|ensembl_protein_id=ENSP00000510165|entry=A0A8I5KVU2_HUMAN|source=pfam38|protein_name=La,mRNA,,hydrophobic_region,4,,LCRFinder
A0A8I5KVU2|ensembl_protein_id=ENSP00000510165|entry=A0A8I5KVU2_HUMAN|source=pfam38|protein_name=La,mRNA,,other,8,,LCRFinder
A0A8I5KX04|ensembl_protein_id=ENSP00000508500|entry=A0A8I5KX04_HUMAN|source=pfam38|protein_name=Pre-mRNA,mRNA,,acidic_region,23,,LCRFinder
A0A8I5KX04|ensembl_protein_id=ENSP00000508500|entry=A0A8I5KX04_HUMAN|source=pfam38|protein_name=Pre-mRNA,mRNA,,arginine_rich_rna_contact_region,10,,LCRFinder
A0A8I5KX04|ensembl_protein_id=ENSP00000508500|entry=A0A8I5KX04_HUMAN|source=pfam38|protein_name=Pre-mRNA,mRNA,,basic_enriched_region,20,,LCRFinder
A0A8I5KX04|ensembl_protein_id=ENSP00000508500|entry=A0A8I5KX04_HUMAN|source=pfam38|protein_name=Pre-mRNA,mRNA,,disorder_rich_spacer_region,24,,LCRFinder
A0A8I5KX04|ensembl_protein_id=ENSP00000508500|entry=A0A8I5KX04_HUMAN|source=pfam38|protein_name=Pre-mRNA,mRNA,,hydrophobic_region,4,,LCRFinder
A0A8I5KX04|ensembl_protein_id=ENSP00000508500|entry=A0A8I5KX04_HUMAN|source=pfam38|protein_name=Pre-mRNA,mRNA,,other,4,,LCRFinder
A0A8I5KX04|ensembl_protein_id=ENSP00000508500|entry=A0A8I5KX04_HUMAN|source=pfam38|protein_name=Pre-mRNA,mRNA,,sr_rs_repeat_region,6,,LCRFinder
A0A8V8TR54|ensembl_protein_id=ENSP00000515165|entry=A0A8V8TR54_HUMAN|source=pfam38|protein_name=Chromodomain,unknown,,acidic_region,59,,LCRFinder
A0A8V8TR54|ensembl_protein_id=ENSP00000515165|entry=A0A8V8TR54_HUMAN|source=pfam38|protein_name=Chromodomain,unknown,,arginine_rich_rna_contact_region,56,,LCRFinder
A0A8V8TR54|ensembl_protein_id=ENSP00000515165|entry=A0A8V8TR54_HUMAN|source=pfam38|protein_name=Chromodomain,unknown,,basic_enriched_region,9,,LCRFinder
A0A8V8TR54|ensembl_protein_id=ENSP00000515165|entry=A0A8V8TR54_HUMAN|source=pfam38|protein_name=Chromodomain,unknown,,disorder_rich_spacer_region,55,,LCRFinder
A0A8V8TR54|ensembl_protein_id=ENSP00000515165|entry=A0A8V8TR54_HUMAN|source=pfam38|protein_name=Chromodomain,unknown,,other,6,,LCRFinder
A0A994J6B2|ensembl_protein_id=ENSP00000515300|entry=A0A994J6B2_HUMAN|source=pfam38|protein_name=Zinc,unknown,,disorder_rich_spacer_region,4,,LCRFinder
A0A994J7T5|ensembl_protein_id=ENSP00000516122|entry=A0A994J7T5_HUMAN|source=pfam38|protein_name=Adenosine,mRNA,,arginine_rich_rna_contact_region,7,,LCRFinder
A0A994J7T5|ensembl_protein_id=ENSP00000516122|entry=A0A994J7T5_HUMAN|source=pfam38|protein_name=Adenosine,mRNA,,aromatic_sticker_region,6,,LCRFinder
A0A994J7T5|ensembl_protein_id=ENSP00000516122|entry=A0A994J7T5_HUMAN|source=pfam38|protein_name=Adenosine,mRNA,,disorder_rich_spacer_region,13,,LCRFinder
A0AA34QW03|ensembl_protein_id=ENSP00000518240|entry=A0AA34QW03_HUMAN|source=pfam38|protein_name=Synaptotagmin,mRNA,,acidic_region,10,,LCRFinder
A0AA34QW03|ensembl_protein_id=ENSP00000518240|entry=A0AA34QW03_HUMAN|source=pfam38|protein_name=Synaptotagmin,mRNA,,arginine_rich_rna_contact_region,4,,LCRFinder
A0AA34QW03|ensembl_protein_id=ENSP00000518240|entry=A0AA34QW03_HUMAN|source=pfam38|protein_name=Synaptotagmin,mRNA,,basic_enriched_region,8,,LCRFinder
A0AA34QW03|ensembl_protein_id=ENSP00000518240|entry=A0AA34QW03_HUMAN|source=pfam38|protein_name=Synaptotagmin,mRNA,,disorder_rich_spacer_region,20,,LCRFinder
A0AA34QW03|ensembl_protein_id=ENSP00000518240|entry=A0AA34QW03_HUMAN|source=pfam38|protein_name=Synaptotagmin,mRNA,,hydrophobic_region,4,,LCRFinder
A0AA34QW03|ensembl_protein_id=ENSP00000518240|entry=A0AA34QW03_HUMAN|source=pfam38|protein_name=Synaptotagmin,mRNA,,other,28,,LCRFinder
A0ABB0MN55|ensembl_protein_id=ENSP00000516066|entry=A0ABB0MN55_HUMAN|source=pfam38|protein_name=Heterogeneous,mRNA,,aromatic_sticker_region,11,,LCRFinder
A0ABB0MN55|ensembl_protein_id=ENSP00000516066|entry=A0ABB0MN55_HUMAN|source=pfam38|protein_name=Heterogeneous,mRNA,,disorder_rich_spacer_region,10,,LCRFinder
A0ABB0MN55|ensembl_protein_id=ENSP00000516066|entry=A0ABB0MN55_HUMAN|source=pfam38|protein_name=Heterogeneous,mRNA,,gs_rich_neutral_region,37,,LCRFinder
A0ABB0MN55|ensembl_protein_id=ENSP00000516066|entry=A0ABB0MN55_HUMAN|source=pfam38|protein_name=Heterogeneous,mRNA,,hydrophobic_region,4,,LCRFinder
A0ABB0MN55|ensembl_protein_id=ENSP00000516066|entry=A0ABB0MN55_HUMAN|source=pfam38|protein_name=Heterogeneous,mRNA,,other,28,,LCRFinder
A0ABB0MV08|ensembl_protein_id=ENSP00000520548|entry=A0ABB0MV08_HUMAN|source=pfam38|protein_name=Heterogeneous,mRNA,,aromatic_sticker_region,54,,LCRFinder
A0ABB0MV08|ensembl_protein_id=ENSP00000520548|entry=A0ABB0MV08_HUMAN|source=pfam38|protein_name=Heterogeneous,mRNA,,gs_rich_neutral_region,11,,LCRFinder
A0ABB0MVJ3|ensembl_protein_id=ENSP00000520837|entry=A0ABB0MVJ3_HUMAN|source=pfam38|protein_name=Zinc,unknown,,disorder_rich_spacer_region,6,,LCRFinder
A0ABB0MVJ3|ensembl_protein_id=ENSP00000520837|entry=A0ABB0MVJ3_HUMAN|source=pfam38|protein_name=Zinc,unknown,,hydrophobic_region,8,,LCRFinder
A0ACI8P9Y7|ensembl_protein_id=ENSP00000524653|entry=A0ACI8P9Y7_HUMAN|source=pfam38|protein_name=DExD/H-box,unknown,,basic_enriched_region,12,,LCRFinder
A0ACI8P9Y7|ensembl_protein_id=ENSP00000524653|entry=A0ACI8P9Y7_HUMAN|source=pfam38|protein_name=DExD/H-box,unknown,,hydrophobic_region,9,,LCRFinder
A0ACI8P9Y7|ensembl_protein_id=ENSP00000524653|entry=A0ACI8P9Y7_HUMAN|source=pfam38|protein_name=DExD/H-box,unknown,,other,9,,LCRFinder
A0ACI8PHD2|ensembl_protein_id=ENSP00000534814|entry=A0ACI8PHD2_HUMAN|source=rbpdb|protein_name=Aly/REF,unknown,,aromatic_sticker_region,11,,LCRFinder
A0ACI8PHD2|ensembl_protein_id=ENSP00000534814|entry=A0ACI8PHD2_HUMAN|source=rbpdb|protein_name=Aly/REF,unknown,,disorder_rich_spacer_region,17,,LCRFinder
A0ACI8PHD2|ensembl_protein_id=ENSP00000534814|entry=A0ACI8PHD2_HUMAN|source=rbpdb|protein_name=Aly/REF,unknown,,other,20,,LCRFinder
A0ACI8PT71|ensembl_protein_id=ENSP00000545671|entry=A0ACI8PT71_HUMAN|source=pfam38|protein_name=High,unknown,,acidic_region,8,,LCRFinder
A0ACI8PT71|ensembl_protein_id=ENSP00000545671|entry=A0ACI8PT71_HUMAN|source=pfam38|protein_name=High,unknown,,basic_enriched_region,4,,LCRFinder
A0ACI8PT71|ensembl_protein_id=ENSP00000545671|entry=A0ACI8PT71_HUMAN|source=pfam38|protein_name=High,unknown,,hydrophobic_region,4,,LCRFinder
A0ACI8PUZ8|ensembl_protein_id=ENSP00000537332|entry=A0ACI8PUZ8_HUMAN|source=pfam38|protein_name=DExH-box,unknown,,acidic_region,16,,LCRFinder
A0ACI8PUZ8|ensembl_protein_id=ENSP00000537332|entry=A0ACI8PUZ8_HUMAN|source=pfam38|protein_name=DExH-box,unknown,,disorder_rich_spacer_region,30,,LCRFinder
A0ACI8PUZ8|ensembl_protein_id=ENSP00000537332|entry=A0ACI8PUZ8_HUMAN|source=pfam38|protein_name=DExH-box,unknown,,hydrophobic_region,4,,LCRFinder
A0ACI8PVP6|ensembl_protein_id=ENSP00000548034|entry=A0ACI8PVP6_HUMAN|source=pfam38|protein_name=Zinc,unknown,,acidic_region,6,,LCRFinder
A0ACI8PVP6|ensembl_protein_id=ENSP00000548034|entry=A0ACI8PVP6_HUMAN|source=pfam38|protein_name=Zinc,unknown,,disorder_rich_spacer_region,5,,LCRFinder
A0ACI8PVP6|ensembl_protein_id=ENSP00000548034|entry=A0ACI8PVP6_HUMAN|source=pfam38|protein_name=Zinc,unknown,,hydrophobic_region,4,,LCRFinder
A0ACI8PX57|ensembl_protein_id=ENSP00000539612|entry=A0ACI8PX57_HUMAN|source=pfam38|protein_name=Heterogeneous,unknown,,aromatic_sticker_region,21,,LCRFinder
A0ACI8PX57|ensembl_protein_id=ENSP00000539612|entry=A0ACI8PX57_HUMAN|source=pfam38|protein_name=Heterogeneous,unknown,,disorder_rich_spacer_region,4,,LCRFinder
A0ACI8PX57|ensembl_protein_id=ENSP00000539612|entry=A0ACI8PX57_HUMAN|source=pfam38|protein_name=Heterogeneous,unknown,,gs_rich_neutral_region,59,,LCRFinder
A0ACI8Q0P4|ensembl_protein_id=ENSP00000522757|entry=A0ACI8Q0P4_HUMAN|source=pfam38|protein_name=RNA,unknown,,arginine_rich_rna_contact_region,12,,LCRFinder
A0ACI8Q0P4|ensembl_protein_id=ENSP00000522757|entry=A0ACI8Q0P4_HUMAN|source=pfam38|protein_name=RNA,unknown,,aromatic_sticker_region,14,,LCRFinder
A0ACI8Q0P4|ensembl_protein_id=ENSP00000522757|entry=A0ACI8Q0P4_HUMAN|source=pfam38|protein_name=RNA,unknown,,disorder_rich_spacer_region,6,,LCRFinder
A0ACI8Q0P4|ensembl_protein_id=ENSP00000522757|entry=A0ACI8Q0P4_HUMAN|source=pfam38|protein_name=RNA,unknown,,hydrophobic_region,14,,LCRFinder
A0ACI8Q0P4|ensembl_protein_id=ENSP00000522757|entry=A0ACI8Q0P4_HUMAN|source=pfam38|protein_name=RNA,unknown,,other,16,,LCRFinder
A0ACI8Q806|ensembl_protein_id=ENSP00000536991|entry=A0ACI8Q806_HUMAN|source=pfam38|protein_name=Splicing,unknown,,aromatic_sticker_region,9,,LCRFinder
A0ACI8Q806|ensembl_protein_id=ENSP00000536991|entry=A0ACI8Q806_HUMAN|source=pfam38|protein_name=Splicing,unknown,,disorder_rich_spacer_region,45,,LCRFinder
A0ACI8QHW6|ensembl_protein_id=ENSP00000564499|entry=A0ACI8QHW6_HUMAN|source=pfam38|protein_name=Myeloid,unknown,,acidic_region,5,,LCRFinder
A0ACI8QHW6|ensembl_protein_id=ENSP00000564499|entry=A0ACI8QHW6_HUMAN|source=pfam38|protein_name=Myeloid,unknown,,disorder_rich_spacer_region,12,,LCRFinder
A0ACI8QLY8|ensembl_protein_id=ENSP00000555178|entry=A0ACI8QLY8_HUMAN|source=pfam38|protein_name=Heterogeneous,unknown,,acidic_region,7,,LCRFinder
A0ACI8QLY8|ensembl_protein_id=ENSP00000555178|entry=A0ACI8QLY8_HUMAN|source=pfam38|protein_name=Heterogeneous,unknown,,arginine_rich_rna_contact_region,8,,LCRFinder
A0ACI8QLY8|ensembl_protein_id=ENSP00000555178|entry=A0ACI8QLY8_HUMAN|source=pfam38|protein_name=Heterogeneous,unknown,,disorder_rich_spacer_region,29,,LCRFinder
A0ACI8QLY8|ensembl_protein_id=ENSP00000555178|entry=A0ACI8QLY8_HUMAN|source=pfam38|protein_name=Heterogeneous,unknown,,hydrophobic_region,11,,LCRFinder
A0ACI8QNN6|ensembl_protein_id=ENSP00000568225|entry=A0ACI8QNN6_HUMAN|source=pfam38|protein_name=DEAD-box,unknown,,arginine_rich_rna_contact_region,8,,LCRFinder
A0ACI8QNN6|ensembl_protein_id=ENSP00000568225|entry=A0ACI8QNN6_HUMAN|source=pfam38|protein_name=DEAD-box,unknown,,basic_enriched_region,7,,LCRFinder
A0ACI8QNN6|ensembl_protein_id=ENSP00000568225|entry=A0ACI8QNN6_HUMAN|source=pfam38|protein_name=DEAD-box,unknown,,disorder_rich_spacer_region,5,,LCRFinder
A0ACI8QTQ5|ensembl_protein_id=ENSP00000537007|entry=A0ACI8QTQ5_HUMAN|source=pfam38|protein_name=Drosha,diverse,,acidic_region,6,,LCRFinder
A0ACI8QTQ5|ensembl_protein_id=ENSP00000537007|entry=A0ACI8QTQ5_HUMAN|source=pfam38|protein_name=Drosha,diverse,,arginine_rich_rna_contact_region,23,,LCRFinder
A0ACI8QTQ5|ensembl_protein_id=ENSP00000537007|entry=A0ACI8QTQ5_HUMAN|source=pfam38|protein_name=Drosha,diverse,,aromatic_sticker_region,10,,LCRFinder
A0ACI8QTQ5|ensembl_protein_id=ENSP00000537007|entry=A0ACI8QTQ5_HUMAN|source=pfam38|protein_name=Drosha,diverse,,disorder_rich_spacer_region,15,,LCRFinder
A0ACI8QTQ5|ensembl_protein_id=ENSP00000537007|entry=A0ACI8QTQ5_HUMAN|source=pfam38|protein_name=Drosha,diverse,,hydrophobic_region,9,,LCRFinder
A0ACI8QU73|ensembl_protein_id=ENSP00000570373|entry=A0ACI8QU73_HUMAN|source=pfam38|protein_name=DEAD-box,unknown,,acidic_region,11,,LCRFinder
A0ACI8QU73|ensembl_protein_id=ENSP00000570373|entry=A0ACI8QU73_HUMAN|source=pfam38|protein_name=DEAD-box,unknown,,basic_enriched_region,17,,LCRFinder
A0ACI8QU73|ensembl_protein_id=ENSP00000570373|entry=A0ACI8QU73_HUMAN|source=pfam38|protein_name=DEAD-box,unknown,,disorder_rich_spacer_region,9,,LCRFinder
A0ACI8QU73|ensembl_protein_id=ENSP00000570373|entry=A0ACI8QU73_HUMAN|source=pfam38|protein_name=DEAD-box,unknown,,hydrophobic_region,4,,LCRFinder
A0ACI8QU73|ensembl_protein_id=ENSP00000570373|entry=A0ACI8QU73_HUMAN|source=pfam38|protein_name=DEAD-box,unknown,,other,4,,LCRFinder
A0ACI8QUJ1|ensembl_protein_id=ENSP00000559174|entry=A0ACI8QUJ1_HUMAN|source=pfam38|protein_name=Epithelial,unknown,,aromatic_sticker_region,6,,LCRFinder
A0ACI8QUJ1|ensembl_protein_id=ENSP00000559174|entry=A0ACI8QUJ1_HUMAN|source=pfam38|protein_name=Epithelial,unknown,,disorder_rich_spacer_region,15,,LCRFinder
A0ACI8QUJ1|ensembl_protein_id=ENSP00000559174|entry=A0ACI8QUJ1_HUMAN|source=pfam38|protein_name=Epithelial,unknown,,other,10,,LCRFinder
A0ACI8QY88|ensembl_protein_id=ENSP00000573927|entry=A0ACI8QY88_HUMAN|source=pfam38|protein_name=Cytoplasmic,mRNA,,disorder_rich_spacer_region,64,,LCRFinder
A0ACI8QY88|ensembl_protein_id=ENSP00000573927|entry=A0ACI8QY88_HUMAN|source=pfam38|protein_name=Cytoplasmic,mRNA,,hydrophobic_region,11,,LCRFinder
A0ACI8QY88|ensembl_protein_id=ENSP00000573927|entry=A0ACI8QY88_HUMAN|source=pfam38|protein_name=Cytoplasmic,mRNA,,other,19,,LCRFinder
A0ACI8R3H8|ensembl_protein_id=ENSP00000544450|entry=A0ACI8R3H8_HUMAN|source=pfam38|protein_name=DEAD-box,unknown,,arginine_rich_rna_contact_region,5,,LCRFinder
A0ACI8R3H8|ensembl_protein_id=ENSP00000544450|entry=A0ACI8R3H8_HUMAN|source=pfam38|protein_name=DEAD-box,unknown,,other,4,,LCRFinder
A0ACI8R7A3|ensembl_protein_id=ENSP00000572770|entry=A0ACI8R7A3_HUMAN|source=pfam38|protein_name=Musashi,unknown,,disorder_rich_spacer_region,8,,LCRFinder
A0ACI8R7A3|ensembl_protein_id=ENSP00000572770|entry=A0ACI8R7A3_HUMAN|source=pfam38|protein_name=Musashi,unknown,,hydrophobic_region,8,,LCRFinder
A0ACI8RCQ9|ensembl_protein_id=ENSP00000566975|entry=A0ACI8RCQ9_HUMAN|source=pfam38|protein_name=Splicing,unknown,,acidic_region,24,,LCRFinder
A0ACI8RI26|ensembl_protein_id=ENSP00000537057|entry=A0ACI8RI26_HUMAN|source=pfam38|protein_name=HIV-1,unknown,,acidic_region,28,,LCRFinder
A0ACI8RI26|ensembl_protein_id=ENSP00000537057|entry=A0ACI8RI26_HUMAN|source=pfam38|protein_name=HIV-1,unknown,,basic_enriched_region,12,,LCRFinder
A0ACI8RL22|ensembl_protein_id=ENSP00000531075|entry=A0ACI8RL22_HUMAN|source=pfam38|protein_name=GREB1,unknown,,acidic_region,9,,LCRFinder
A0ACI8RL22|ensembl_protein_id=ENSP00000531075|entry=A0ACI8RL22_HUMAN|source=pfam38|protein_name=GREB1,unknown,,disorder_rich_spacer_region,21,,LCRFinder
A0ACI8RL22|ensembl_protein_id=ENSP00000531075|entry=A0ACI8RL22_HUMAN|source=pfam38|protein_name=GREB1,unknown,,gs_rich_neutral_region,8,,LCRFinder
A0ACI8RLL6|ensembl_protein_id=ENSP00000540321|entry=A0ACI8RLL6_HUMAN|source=pfam38|protein_name=Nucleolar,unknown,,arginine_rich_rna_contact_region,12,,LCRFinder
A0ACI8RLL6|ensembl_protein_id=ENSP00000540321|entry=A0ACI8RLL6_HUMAN|source=pfam38|protein_name=Nucleolar,unknown,,hydrophobic_region,8,,LCRFinder
A0ACI8RMB5|ensembl_protein_id=ENSP00000550092|entry=A0ACI8RMB5_HUMAN|source=pfam38|protein_name=DEAH-box,unknown,,acidic_region,14,,LCRFinder
A0ACI8RMB5|ensembl_protein_id=ENSP00000550092|entry=A0ACI8RMB5_HUMAN|source=pfam38|protein_name=DEAH-box,unknown,,arginine_rich_rna_contact_region,4,,LCRFinder
A0ACI8RMB5|ensembl_protein_id=ENSP00000550092|entry=A0ACI8RMB5_HUMAN|source=pfam38|protein_name=DEAH-box,unknown,,basic_enriched_region,15,,LCRFinder
A0ACI8RMB5|ensembl_protein_id=ENSP00000550092|entry=A0ACI8RMB5_HUMAN|source=pfam38|protein_name=DEAH-box,unknown,,disorder_rich_spacer_region,10,,LCRFinder
A0ACI8RMB5|ensembl_protein_id=ENSP00000550092|entry=A0ACI8RMB5_HUMAN|source=pfam38|protein_name=DEAH-box,unknown,,other,6,,LCRFinder
A0ACI8RQX4|ensembl_protein_id=ENSP00000529365|entry=A0ACI8RQX4_HUMAN|source=pfam38|protein_name=Zinc,unknown,,basic_enriched_region,5,,LCRFinder
A0ACI8RQX4|ensembl_protein_id=ENSP00000529365|entry=A0ACI8RQX4_HUMAN|source=pfam38|protein_name=Zinc,unknown,,disorder_rich_spacer_region,4,,LCRFinder
A0ACI8RR28|ensembl_protein_id=ENSP00000569980|entry=A0ACI8RR28_HUMAN|source=pfam38|protein_name=La,unknown,,acidic_region,4,,LCRFinder
A0ACI8RR28|ensembl_protein_id=ENSP00000569980|entry=A0ACI8RR28_HUMAN|source=pfam38|protein_name=La,unknown,,arginine_rich_rna_contact_region,6,,LCRFinder
A0ACI8RR28|ensembl_protein_id=ENSP00000569980|entry=A0ACI8RR28_HUMAN|source=pfam38|protein_name=La,unknown,,other,16,,LCRFinder
A0ACI8RX58|ensembl_protein_id=ENSP00000566199|entry=A0ACI8RX58_HUMAN|source=pfam38|protein_name=Nucleolin,unknown,,acidic_region,81,,LCRFinder
A0ACI8RX58|ensembl_protein_id=ENSP00000566199|entry=A0ACI8RX58_HUMAN|source=pfam38|protein_name=Nucleolin,unknown,,basic_enriched_region,26,,LCRFinder
A0ACI8RX58|ensembl_protein_id=ENSP00000566199|entry=A0ACI8RX58_HUMAN|source=pfam38|protein_name=Nucleolin,unknown,,disorder_rich_spacer_region,13,,LCRFinder
A0ACI8RX58|ensembl_protein_id=ENSP00000566199|entry=A0ACI8RX58_HUMAN|source=pfam38|protein_name=Nucleolin,unknown,,hydrophobic_region,4,,LCRFinder
A0ACI8RX58|ensembl_protein_id=ENSP00000566199|entry=A0ACI8RX58_HUMAN|source=pfam38|protein_name=Nucleolin,unknown,,other,48,,LCRFinder
A0ACI8S0C5|ensembl_protein_id=ENSP00000536292|entry=A0ACI8S0C5_HUMAN|source=pfam38|protein_name=Chromodomain,unknown,,arginine_rich_rna_contact_region,4,,LCRFinder
A0ACI8S0C5|ensembl_protein_id=ENSP00000536292|entry=A0ACI8S0C5_HUMAN|source=pfam38|protein_name=Chromodomain,unknown,,basic_enriched_region,4,,LCRFinder
A0ACI8S0C5|ensembl_protein_id=ENSP00000536292|entry=A0ACI8S0C5_HUMAN|source=pfam38|protein_name=Chromodomain,unknown,,disorder_rich_spacer_region,10,,LCRFinder
A0ACI8S0C5|ensembl_protein_id=ENSP00000536292|entry=A0ACI8S0C5_HUMAN|source=pfam38|protein_name=Chromodomain,unknown,,hydrophobic_region,4,,LCRFinder
A0ACI8S0C5|ensembl_protein_id=ENSP00000536292|entry=A0ACI8S0C5_HUMAN|source=pfam38|protein_name=Chromodomain,unknown,,other,6,,LCRFinder
A0ACI8S113|ensembl_protein_id=ENSP00000574846|entry=A0ACI8S113_HUMAN|source=pfam38|protein_name=DEAH-box,unknown,,acidic_region,17,,LCRFinder
A0ACI8S113|ensembl_protein_id=ENSP00000574846|entry=A0ACI8S113_HUMAN|source=pfam38|protein_name=DEAH-box,unknown,,arginine_rich_rna_contact_region,26,,LCRFinder
A0ACI8S113|ensembl_protein_id=ENSP00000574846|entry=A0ACI8S113_HUMAN|source=pfam38|protein_name=DEAH-box,unknown,,disorder_rich_spacer_region,6,,LCRFinder
A0ACI8S113|ensembl_protein_id=ENSP00000574846|entry=A0ACI8S113_HUMAN|source=pfam38|protein_name=DEAH-box,unknown,,other,8,,LCRFinder
A0ACI8S5H4|ensembl_protein_id=ENSP00000547908|entry=A0ACI8S5H4_HUMAN|source=pfam38|protein_name=Myosin,unknown,,disorder_rich_spacer_region,15,,LCRFinder
A0ACI8S5H4|ensembl_protein_id=ENSP00000547908|entry=A0ACI8S5H4_HUMAN|source=pfam38|protein_name=Myosin,unknown,,hydrophobic_region,4,,LCRFinder
A0ACI8S5T8|ensembl_protein_id=ENSP00000578589|entry=A0ACI8S5T8_HUMAN|source=pfam38|protein_name=G-rich,unknown,,disorder_rich_spacer_region,16,,LCRFinder
A0ACI8S5T8|ensembl_protein_id=ENSP00000578589|entry=A0ACI8S5T8_HUMAN|source=pfam38|protein_name=G-rich,unknown,,hydrophobic_region,12,,LCRFinder
A0ACI8SAU3|ensembl_protein_id=ENSP00000563294|entry=A0ACI8SAU3_HUMAN|source=pfam38|protein_name=FA,unknown,,acidic_region,10,,LCRFinder
A0ACI8SAU3|ensembl_protein_id=ENSP00000563294|entry=A0ACI8SAU3_HUMAN|source=pfam38|protein_name=FA,unknown,,basic_enriched_region,9,,LCRFinder
A0ACI8SAU3|ensembl_protein_id=ENSP00000563294|entry=A0ACI8SAU3_HUMAN|source=pfam38|protein_name=FA,unknown,,disorder_rich_spacer_region,4,,LCRFinder
A0ACI8SAU3|ensembl_protein_id=ENSP00000563294|entry=A0ACI8SAU3_HUMAN|source=pfam38|protein_name=FA,unknown,,other,4,,LCRFinder
A0ACI8SBH9|ensembl_protein_id=ENSP00000565181|entry=A0ACI8SBH9_HUMAN|source=pfam38|protein_name=Zinc,unknown,,hydrophobic_region,4,,LCRFinder
A0ACI8SEY7|ensembl_protein_id=ENSP00000574643|entry=A0ACI8SEY7_HUMAN|source=pfam38|protein_name=DEAD-box,unknown,,acidic_region,7,,LCRFinder
A0ACI8SPJ0|ensembl_protein_id=ENSP00000584299|entry=A0ACI8SPJ0_HUMAN|source=pfam38|protein_name=Small,snRNA,,acidic_region,12,,LCRFinder
A0ACI8SPJ0|ensembl_protein_id=ENSP00000584299|entry=A0ACI8SPJ0_HUMAN|source=pfam38|protein_name=Small,snRNA,,arginine_rich_rna_contact_region,12,,LCRFinder
A0ACI8SQV4|ensembl_protein_id=ENSP00000585151|entry=A0ACI8SQV4_HUMAN|source=pfam38|protein_name=RNA,unknown,,arginine_rich_rna_contact_region,4,,LCRFinder
A0ACI8SQV4|ensembl_protein_id=ENSP00000585151|entry=A0ACI8SQV4_HUMAN|source=pfam38|protein_name=RNA,unknown,,hydrophobic_region,12,,LCRFinder
A0ACI8SXP5|ensembl_protein_id=ENSP00000588446|entry=A0ACI8SXP5_HUMAN|source=pfam38|protein_name=DAZ,unknown,,aromatic_sticker_region,15,,LCRFinder
A0ACI8SXP5|ensembl_protein_id=ENSP00000588446|entry=A0ACI8SXP5_HUMAN|source=pfam38|protein_name=DAZ,unknown,,disorder_rich_spacer_region,31,,LCRFinder
A0ACI8SXP5|ensembl_protein_id=ENSP00000588446|entry=A0ACI8SXP5_HUMAN|source=pfam38|protein_name=DAZ,unknown,,gs_rich_neutral_region,6,,LCRFinder
A0ACI8SXP5|ensembl_protein_id=ENSP00000588446|entry=A0ACI8SXP5_HUMAN|source=pfam38|protein_name=DAZ,unknown,,hydrophobic_region,8,,LCRFinder
A0ACI8SYT5|ensembl_protein_id=ENSP00000589125|entry=A0ACI8SYT5_HUMAN|source=pfam38|protein_name=DEAD-box,unknown,,acidic_region,12,,LCRFinder
A0ACI8SYT5|ensembl_protein_id=ENSP00000589125|entry=A0ACI8SYT5_HUMAN|source=pfam38|protein_name=DEAD-box,unknown,,arginine_rich_rna_contact_region,11,,LCRFinder
A0ACI8SYT5|ensembl_protein_id=ENSP00000589125|entry=A0ACI8SYT5_HUMAN|source=pfam38|protein_name=DEAD-box,unknown,,disorder_rich_spacer_region,18,,LCRFinder
A0ACI8SYT5|ensembl_protein_id=ENSP00000589125|entry=A0ACI8SYT5_HUMAN|source=pfam38|protein_name=DEAD-box,unknown,,other,10,,LCRFinder
A0ACI8T6P5|ensembl_protein_id=ENSP00000593804|entry=A0ACI8T6P5_HUMAN|source=pfam38|protein_name=PIF1,unknown,,arginine_rich_rna_contact_region,6,,LCRFinder
A0ACI8T6P5|ensembl_protein_id=ENSP00000593804|entry=A0ACI8T6P5_HUMAN|source=pfam38|protein_name=PIF1,unknown,,disorder_rich_spacer_region,8,,LCRFinder
A0ACI8T7F0|ensembl_protein_id=ENSP00000594267|entry=A0ACI8T7F0_HUMAN|source=pfam38|protein_name=Valyl-tRNA,tRNA,,hydrophobic_region,4,,LCRFinder
A0ACI8T7F0|ensembl_protein_id=ENSP00000594267|entry=A0ACI8T7F0_HUMAN|source=pfam38|protein_name=Valyl-tRNA,tRNA,,other,4,,LCRFinder
A0ACI8T823|ensembl_protein_id=ENSP00000594055|entry=A0ACI8T823_HUMAN|source=pfam38|protein_name=Musashi,unknown,,disorder_rich_spacer_region,8,,LCRFinder
A0ACI8T823|ensembl_protein_id=ENSP00000594055|entry=A0ACI8T823_HUMAN|source=pfam38|protein_name=Musashi,unknown,,hydrophobic_region,8,,LCRFinder
A0ACI8T9E2|ensembl_protein_id=ENSP00000595223|entry=A0ACI8T9E2_HUMAN|source=pfam38|protein_name=Heterogeneous,unknown,,arginine_rich_rna_contact_region,6,,LCRFinder
A0ACI8T9E2|ensembl_protein_id=ENSP00000595223|entry=A0ACI8T9E2_HUMAN|source=pfam38|protein_name=Heterogeneous,unknown,,aromatic_sticker_region,9,,LCRFinder
A0ACI8T9E2|ensembl_protein_id=ENSP00000595223|entry=A0ACI8T9E2_HUMAN|source=pfam38|protein_name=Heterogeneous,unknown,,gs_rich_neutral_region,6,,LCRFinder
A0ACI8TFG6|ensembl_protein_id=ENSP00000597971|entry=A0ACI8TFG6_HUMAN|source=pfam38|protein_name=Glutamyl-prolyl-tRNA,tRNA,,basic_enriched_region,7,,LCRFinder
A0ACI8TFG6|ensembl_protein_id=ENSP00000597971|entry=A0ACI8TFG6_HUMAN|source=pfam38|protein_name=Glutamyl-prolyl-tRNA,tRNA,,disorder_rich_spacer_region,22,,LCRFinder
A0ACI8TJP2|ensembl_protein_id=ENSP00000600755|entry=A0ACI8TJP2_HUMAN|source=pfam38|protein_name=Activating,unknown,,acidic_region,10,,LCRFinder
A0ACI8TLG3|ensembl_protein_id=ENSP00000601012|entry=A0ACI8TLG3_HUMAN|source=pfam38|protein_name=Isoleucyl-tRNA,tRNA,,disorder_rich_spacer_region,6,,LCRFinder
A0ACI8TLM1|ensembl_protein_id=ENSP00000601044|entry=A0ACI8TLM1_HUMAN|source=pfam38|protein_name=Serine,unknown,,sr_rs_repeat_region,9,,LCRFinder
A0ACI8TLS0|ensembl_protein_id=ENSP00000600860|entry=A0ACI8TLS0_HUMAN|source=pfam38|protein_name=Zinc,unknown,,acidic_region,6,,LCRFinder
A0ACI8TML7|ensembl_protein_id=ENSP00000601183|entry=A0ACI8TML7_HUMAN|source=pfam38|protein_name=Transcription,unknown,,basic_enriched_region,8,,LCRFinder
A0ACI8TML7|ensembl_protein_id=ENSP00000601183|entry=A0ACI8TML7_HUMAN|source=pfam38|protein_name=Transcription,unknown,,disorder_rich_spacer_region,17,,LCRFinder
A0ACI8TML7|ensembl_protein_id=ENSP00000601183|entry=A0ACI8TML7_HUMAN|source=pfam38|protein_name=Transcription,unknown,,hydrophobic_region,8,,LCRFinder
A0ACI8TMU3|ensembl_protein_id=ENSP00000602450|entry=A0ACI8TMU3_HUMAN|source=pfam38|protein_name=DEAH-box,unknown,,aromatic_sticker_region,14,,LCRFinder
A0ACI8TMU3|ensembl_protein_id=ENSP00000602450|entry=A0ACI8TMU3_HUMAN|source=pfam38|protein_name=DEAH-box,unknown,,disorder_rich_spacer_region,16,,LCRFinder
A0ACI8TQP9|ensembl_protein_id=ENSP00000603010|entry=A0ACI8TQP9_HUMAN|source=pfam38|protein_name=DNA,unknown,,acidic_region,12,,LCRFinder
A0ACI8TQP9|ensembl_protein_id=ENSP00000603010|entry=A0ACI8TQP9_HUMAN|source=pfam38|protein_name=DNA,unknown,,basic_enriched_region,9,,LCRFinder
A0ACI8TQP9|ensembl_protein_id=ENSP00000603010|entry=A0ACI8TQP9_HUMAN|source=pfam38|protein_name=DNA,unknown,,disorder_rich_spacer_region,8,,LCRFinder
A0ACI8TQP9|ensembl_protein_id=ENSP00000603010|entry=A0ACI8TQP9_HUMAN|source=pfam38|protein_name=DNA,unknown,,gs_rich_neutral_region,8,,LCRFinder
A0ACI8TQP9|ensembl_protein_id=ENSP00000603010|entry=A0ACI8TQP9_HUMAN|source=pfam38|protein_name=DNA,unknown,,hydrophobic_region,6,,LCRFinder
A0ACI8TQS2|ensembl_protein_id=ENSP00000603358|entry=A0ACI8TQS2_HUMAN|source=pfam38|protein_name=Chromodomain,unknown,,acidic_region,42,,LCRFinder
A0ACI8TQS2|ensembl_protein_id=ENSP00000603358|entry=A0ACI8TQS2_HUMAN|source=pfam38|protein_name=Chromodomain,unknown,,arginine_rich_rna_contact_region,25,,LCRFinder
A0ACI8TQS2|ensembl_protein_id=ENSP00000603358|entry=A0ACI8TQS2_HUMAN|source=pfam38|protein_name=Chromodomain,unknown,,basic_enriched_region,57,,LCRFinder
A0ACI8TQS2|ensembl_protein_id=ENSP00000603358|entry=A0ACI8TQS2_HUMAN|source=pfam38|protein_name=Chromodomain,unknown,,disorder_rich_spacer_region,30,,LCRFinder
A0ACI8TQS2|ensembl_protein_id=ENSP00000603358|entry=A0ACI8TQS2_HUMAN|source=pfam38|protein_name=Chromodomain,unknown,,gs_rich_neutral_region,6,,LCRFinder
A0ACI8TQS2|ensembl_protein_id=ENSP00000603358|entry=A0ACI8TQS2_HUMAN|source=pfam38|protein_name=Chromodomain,unknown,,hydrophobic_region,4,,LCRFinder
A0ACI8TQS2|ensembl_protein_id=ENSP00000603358|entry=A0ACI8TQS2_HUMAN|source=pfam38|protein_name=Chromodomain,unknown,,other,16,,LCRFinder
A0ACI8TS18|ensembl_protein_id=ENSP00000604701|entry=A0ACI8TS18_HUMAN|source=pfam38|protein_name=DEAH-box,unknown,,acidic_region,34,,LCRFinder
A0ACI8TS18|ensembl_protein_id=ENSP00000604701|entry=A0ACI8TS18_HUMAN|source=pfam38|protein_name=DEAH-box,unknown,,arginine_rich_rna_contact_region,11,,LCRFinder
A0ACI8TS18|ensembl_protein_id=ENSP00000604701|entry=A0ACI8TS18_HUMAN|source=pfam38|protein_name=DEAH-box,unknown,,basic_enriched_region,6,,LCRFinder
A0ACI8TS18|ensembl_protein_id=ENSP00000604701|entry=A0ACI8TS18_HUMAN|source=pfam38|protein_name=DEAH-box,unknown,,disorder_rich_spacer_region,8,,LCRFinder
A0ACI8TS18|ensembl_protein_id=ENSP00000604701|entry=A0ACI8TS18_HUMAN|source=pfam38|protein_name=DEAH-box,unknown,,other,6,,LCRFinder
A0ACI8TSY6|ensembl_protein_id=ENSP00000605202|entry=A0ACI8TSY6_HUMAN|source=pfam38|protein_name=YTH,unknown,,disorder_rich_spacer_region,11,,LCRFinder
A0ACI8TSY6|ensembl_protein_id=ENSP00000605202|entry=A0ACI8TSY6_HUMAN|source=pfam38|protein_name=YTH,unknown,,other,15,,LCRFinder
A0ACI8TUA9|ensembl_protein_id=ENSP00000604834|entry=A0ACI8TUA9_HUMAN|source=pfam38|protein_name=Heterogeneous,unknown,,acidic_region,15,,LCRFinder
A0ACI8TUA9|ensembl_protein_id=ENSP00000604834|entry=A0ACI8TUA9_HUMAN|source=pfam38|protein_name=Heterogeneous,unknown,,basic_enriched_region,8,,LCRFinder
A0ACI8TUA9|ensembl_protein_id=ENSP00000604834|entry=A0ACI8TUA9_HUMAN|source=pfam38|protein_name=Heterogeneous,unknown,,disorder_rich_spacer_region,14,,LCRFinder
A0ACI8TUA9|ensembl_protein_id=ENSP00000604834|entry=A0ACI8TUA9_HUMAN|source=pfam38|protein_name=Heterogeneous,unknown,,other,76,,LCRFinder
A0ACI8TUB7|ensembl_protein_id=ENSP00000605829|entry=A0ACI8TUB7_HUMAN|source=pfam38|protein_name=General,unknown,,acidic_region,9,,LCRFinder
A0ACI8TUB7|ensembl_protein_id=ENSP00000605829|entry=A0ACI8TUB7_HUMAN|source=pfam38|protein_name=General,unknown,,disorder_rich_spacer_region,8,,LCRFinder
A0ACI8TWM6|ensembl_protein_id=ENSP00000607088|entry=A0ACI8TWM6_HUMAN|source=pfam38|protein_name=DEAD-box,unknown,,acidic_region,9,,LCRFinder
A0ACI8TWM6|ensembl_protein_id=ENSP00000607088|entry=A0ACI8TWM6_HUMAN|source=pfam38|protein_name=DEAD-box,unknown,,arginine_rich_rna_contact_region,9,,LCRFinder
A0ACI8TWM6|ensembl_protein_id=ENSP00000607088|entry=A0ACI8TWM6_HUMAN|source=pfam38|protein_name=DEAD-box,unknown,,basic_enriched_region,9,,LCRFinder
A0ACI8TWM6|ensembl_protein_id=ENSP00000607088|entry=A0ACI8TWM6_HUMAN|source=pfam38|protein_name=DEAD-box,unknown,,disorder_rich_spacer_region,5,,LCRFinder
A0ACI8TWM6|ensembl_protein_id=ENSP00000607088|entry=A0ACI8TWM6_HUMAN|source=pfam38|protein_name=DEAD-box,unknown,,hydrophobic_region,9,,LCRFinder
A0ACI8TXE9|ensembl_protein_id=ENSP00000606511|entry=A0ACI8TXE9_HUMAN|source=pfam38|protein_name=BLM,unknown,,acidic_region,23,,LCRFinder
A0ACI8TXE9|ensembl_protein_id=ENSP00000606511|entry=A0ACI8TXE9_HUMAN|source=pfam38|protein_name=BLM,unknown,,basic_enriched_region,7,,LCRFinder
A0ACI8TXE9|ensembl_protein_id=ENSP00000606511|entry=A0ACI8TXE9_HUMAN|source=pfam38|protein_name=BLM,unknown,,disorder_rich_spacer_region,5,,LCRFinder
A0ACI8TXE9|ensembl_protein_id=ENSP00000606511|entry=A0ACI8TXE9_HUMAN|source=pfam38|protein_name=BLM,unknown,,hydrophobic_region,7,,LCRFinder
A0ACI8U1B9|ensembl_protein_id=ENSP00000608475|entry=A0ACI8U1B9_HUMAN|source=pfam38|protein_name=Interleukin,unknown,,aromatic_sticker_region,4,,LCRFinder
A0ACI8U1B9|ensembl_protein_id=ENSP00000608475|entry=A0ACI8U1B9_HUMAN|source=pfam38|protein_name=Interleukin,unknown,,basic_enriched_region,9,,LCRFinder
A0ACI8U1B9|ensembl_protein_id=ENSP00000608475|entry=A0ACI8U1B9_HUMAN|source=pfam38|protein_name=Interleukin,unknown,,disorder_rich_spacer_region,14,,LCRFinder
A0ACI8U1B9|ensembl_protein_id=ENSP00000608475|entry=A0ACI8U1B9_HUMAN|source=pfam38|protein_name=Interleukin,unknown,,gs_rich_neutral_region,41,,LCRFinder
A0ACI8U1B9|ensembl_protein_id=ENSP00000608475|entry=A0ACI8U1B9_HUMAN|source=pfam38|protein_name=Interleukin,unknown,,hydrophobic_region,5,,LCRFinder
A0ACI8U1B9|ensembl_protein_id=ENSP00000608475|entry=A0ACI8U1B9_HUMAN|source=pfam38|protein_name=Interleukin,unknown,,other,26,,LCRFinder
A0ACI8U399|ensembl_protein_id=ENSP00000609319|entry=A0ACI8U399_HUMAN|source=pfam38|protein_name=DEAD-box,unknown,,acidic_region,18,,LCRFinder
A0ACI8U399|ensembl_protein_id=ENSP00000609319|entry=A0ACI8U399_HUMAN|source=pfam38|protein_name=DEAD-box,unknown,,arginine_rich_rna_contact_region,11,,LCRFinder
A0ACI8U399|ensembl_protein_id=ENSP00000609319|entry=A0ACI8U399_HUMAN|source=pfam38|protein_name=DEAD-box,unknown,,basic_enriched_region,6,,LCRFinder
A0ACI8U6C5|ensembl_protein_id=ENSP00000611011|entry=A0ACI8U6C5_HUMAN|source=pfam38|protein_name=SNF2,unknown,,acidic_region,13,,LCRFinder
A0ACI8U6C5|ensembl_protein_id=ENSP00000611011|entry=A0ACI8U6C5_HUMAN|source=pfam38|protein_name=SNF2,unknown,,basic_enriched_region,10,,LCRFinder
A0ACI8U6C5|ensembl_protein_id=ENSP00000611011|entry=A0ACI8U6C5_HUMAN|source=pfam38|protein_name=SNF2,unknown,,disorder_rich_spacer_region,12,,LCRFinder
A0ACI8U6C5|ensembl_protein_id=ENSP00000611011|entry=A0ACI8U6C5_HUMAN|source=pfam38|protein_name=SNF2,unknown,,hydrophobic_region,6,,LCRFinder
A0ACI8U7J9|ensembl_protein_id=ENSP00000613263|entry=A0ACI8U7J9_HUMAN|source=pfam38|protein_name=PPFIA,unknown,,disorder_rich_spacer_region,6,,LCRFinder
A0ACI8U7J9|ensembl_protein_id=ENSP00000613263|entry=A0ACI8U7J9_HUMAN|source=pfam38|protein_name=PPFIA,unknown,,other,4,,LCRFinder
A0ACI8U804|ensembl_protein_id=ENSP00000612016|entry=A0ACI8U804_HUMAN|source=pfam38|protein_name=Myoferlin,unknown,,arginine_rich_rna_contact_region,11,,LCRFinder
A0ACI8U804|ensembl_protein_id=ENSP00000612016|entry=A0ACI8U804_HUMAN|source=pfam38|protein_name=Myoferlin,unknown,,basic_enriched_region,6,,LCRFinder
A0ACI8U804|ensembl_protein_id=ENSP00000612016|entry=A0ACI8U804_HUMAN|source=pfam38|protein_name=Myoferlin,unknown,,disorder_rich_spacer_region,4,,LCRFinder
A0ACI8U804|ensembl_protein_id=ENSP00000612016|entry=A0ACI8U804_HUMAN|source=pfam38|protein_name=Myoferlin,unknown,,hydrophobic_region,13,,LCRFinder
A0ACI8UB86|ensembl_protein_id=ENSP00000613338|entry=A0ACI8UB86_HUMAN|source=pfam38|protein_name=PRKR,unknown,,acidic_region,5,,LCRFinder
A0ACI8UB86|ensembl_protein_id=ENSP00000613338|entry=A0ACI8UB86_HUMAN|source=pfam38|protein_name=PRKR,unknown,,arginine_rich_rna_contact_region,4,,LCRFinder
A0ACI8UB86|ensembl_protein_id=ENSP00000613338|entry=A0ACI8UB86_HUMAN|source=pfam38|protein_name=PRKR,unknown,,basic_enriched_region,4,,LCRFinder
A0ACI8UB86|ensembl_protein_id=ENSP00000613338|entry=A0ACI8UB86_HUMAN|source=pfam38|protein_name=PRKR,unknown,,disorder_rich_spacer_region,4,,LCRFinder
A0ACI8UES1|ensembl_protein_id=ENSP00000617206|entry=A0ACI8UES1_HUMAN|source=pfam38|protein_name=Heterogeneous,unknown,,aromatic_sticker_region,7,,LCRFinder
A0ACI8UES1|ensembl_protein_id=ENSP00000617206|entry=A0ACI8UES1_HUMAN|source=pfam38|protein_name=Heterogeneous,unknown,,gs_rich_neutral_region,17,,LCRFinder
A0ACI8UGJ8|ensembl_protein_id=ENSP00000536781|entry=A0ACI8UGJ8_HUMAN|source=pfam38|protein_name=Cleavage,unknown,,disorder_rich_spacer_region,5,,LCRFinder
A0ACI8UMC2|ensembl_protein_id=ENSP00000621520|entry=A0ACI8UMC2_HUMAN|source=pfam38|protein_name=VPS41,unknown,,acidic_region,8,,LCRFinder
A0ACI8UNX3|ensembl_protein_id=ENSP00000620363|entry=A0ACI8UNX3_HUMAN|source=pfam38|protein_name=SNF2,unknown,,acidic_region,21,,LCRFinder
A0ACI8UNX3|ensembl_protein_id=ENSP00000620363|entry=A0ACI8UNX3_HUMAN|source=pfam38|protein_name=SNF2,unknown,,arginine_rich_rna_contact_region,10,,LCRFinder
A0ACI8UNX3|ensembl_protein_id=ENSP00000620363|entry=A0ACI8UNX3_HUMAN|source=pfam38|protein_name=SNF2,unknown,,basic_enriched_region,6,,LCRFinder
A0ACI8UNX3|ensembl_protein_id=ENSP00000620363|entry=A0ACI8UNX3_HUMAN|source=pfam38|protein_name=SNF2,unknown,,disorder_rich_spacer_region,19,,LCRFinder
A0ACI8UNX3|ensembl_protein_id=ENSP00000620363|entry=A0ACI8UNX3_HUMAN|source=pfam38|protein_name=SNF2,unknown,,hydrophobic_region,6,,LCRFinder
A0ACI8UTL7|ensembl_protein_id=ENSP00000624934|entry=A0ACI8UTL7_HUMAN|source=pfam38|protein_name=RNA,unknown,,acidic_region,6,,LCRFinder
A0ACI8UTL7|ensembl_protein_id=ENSP00000624934|entry=A0ACI8UTL7_HUMAN|source=pfam38|protein_name=RNA,unknown,,arginine_rich_rna_contact_region,14,,LCRFinder
A0ACI8UTL7|ensembl_protein_id=ENSP00000624934|entry=A0ACI8UTL7_HUMAN|source=pfam38|protein_name=RNA,unknown,,disorder_rich_spacer_region,20,,LCRFinder
A0ACI8UTL7|ensembl_protein_id=ENSP00000624934|entry=A0ACI8UTL7_HUMAN|source=pfam38|protein_name=RNA,unknown,,gs_rich_neutral_region,39,,LCRFinder
A0ACI8UTL7|ensembl_protein_id=ENSP00000624934|entry=A0ACI8UTL7_HUMAN|source=pfam38|protein_name=RNA,unknown,,other,4,,LCRFinder
A0ACI8UZB3|ensembl_protein_id=ENSP00000628264|entry=A0ACI8UZB3_HUMAN|source=pfam38|protein_name=DEAH-box,unknown,,arginine_rich_rna_contact_region,16,,LCRFinder
A0ACI8UZB3|ensembl_protein_id=ENSP00000628264|entry=A0ACI8UZB3_HUMAN|source=pfam38|protein_name=DEAH-box,unknown,,sr_rs_repeat_region,24,,LCRFinder
A0ACI8V0W0|ensembl_protein_id=ENSP00000626138|entry=A0ACI8V0W0_HUMAN|source=pfam38|protein_name=Suv3,unknown,,arginine_rich_rna_contact_region,6,,LCRFinder
A0ACI8V583|ensembl_protein_id=ENSP00000631750|entry=A0ACI8V583_HUMAN|source=pfam38|protein_name=Eukaryotic,mRNA,,acidic_region,35,,LCRFinder
A0ACI8V583|ensembl_protein_id=ENSP00000631750|entry=A0ACI8V583_HUMAN|source=pfam38|protein_name=Eukaryotic,mRNA,,aromatic_sticker_region,10,,LCRFinder
A0ACI8V583|ensembl_protein_id=ENSP00000631750|entry=A0ACI8V583_HUMAN|source=pfam38|protein_name=Eukaryotic,mRNA,,basic_enriched_region,6,,LCRFinder
A0ACI8V583|ensembl_protein_id=ENSP00000631750|entry=A0ACI8V583_HUMAN|source=pfam38|protein_name=Eukaryotic,mRNA,,disorder_rich_spacer_region,10,,LCRFinder
A0ACI8V583|ensembl_protein_id=ENSP00000631750|entry=A0ACI8V583_HUMAN|source=pfam38|protein_name=Eukaryotic,mRNA,,other,4,,LCRFinder
A0ACI8V6J3|ensembl_protein_id=ENSP00000632561|entry=A0ACI8V6J3_HUMAN|source=pfam38|protein_name=Regulator,unknown,,disorder_rich_spacer_region,19,,LCRFinder
A0ACI8V6J3|ensembl_protein_id=ENSP00000632561|entry=A0ACI8V6J3_HUMAN|source=pfam38|protein_name=Regulator,unknown,,hydrophobic_region,8,,LCRFinder
A0ACI8VA32|ensembl_protein_id=ENSP00000632137|entry=A0ACI8VA32_HUMAN|source=pfam38|protein_name=SKI2,unknown,,acidic_region,6,,LCRFinder
A0ACI8VA32|ensembl_protein_id=ENSP00000632137|entry=A0ACI8VA32_HUMAN|source=pfam38|protein_name=SKI2,unknown,,arginine_rich_rna_contact_region,8,,LCRFinder
A0ACI8VA32|ensembl_protein_id=ENSP00000632137|entry=A0ACI8VA32_HUMAN|source=pfam38|protein_name=SKI2,unknown,,hydrophobic_region,14,,LCRFinder
A0ACI8VAV8|ensembl_protein_id=ENSP00000634858|entry=A0ACI8VAV8_HUMAN|source=pfam38|protein_name=Zinc,unknown,,disorder_rich_spacer_region,5,,LCRFinder
A0ACI8VAV8|ensembl_protein_id=ENSP00000634858|entry=A0ACI8VAV8_HUMAN|source=pfam38|protein_name=Zinc,unknown,,hydrophobic_region,5,,LCRFinder
A0ACI8VAV8|ensembl_protein_id=ENSP00000634858|entry=A0ACI8VAV8_HUMAN|source=pfam38|protein_name=Zinc,unknown,,other,8,,LCRFinder
A0ACI8VCM9|ensembl_protein_id=ENSP00000633500|entry=A0ACI8VCM9_HUMAN|source=pfam38|protein_name=Zinc,unknown,,acidic_region,10,,LCRFinder
A0ACI8VCM9|ensembl_protein_id=ENSP00000633500|entry=A0ACI8VCM9_HUMAN|source=pfam38|protein_name=Zinc,unknown,,arginine_rich_rna_contact_region,4,,LCRFinder
A0ACI8VCM9|ensembl_protein_id=ENSP00000633500|entry=A0ACI8VCM9_HUMAN|source=pfam38|protein_name=Zinc,unknown,,basic_enriched_region,7,,LCRFinder
A0ACI8VCM9|ensembl_protein_id=ENSP00000633500|entry=A0ACI8VCM9_HUMAN|source=pfam38|protein_name=Zinc,unknown,,disorder_rich_spacer_region,62,,LCRFinder
A0ACI8VCM9|ensembl_protein_id=ENSP00000633500|entry=A0ACI8VCM9_HUMAN|source=pfam38|protein_name=Zinc,unknown,,gs_rich_neutral_region,7,,LCRFinder
A0ACI8VD15|ensembl_protein_id=ENSP00000636235|entry=A0ACI8VD15_HUMAN|source=pfam38|protein_name=WRN,unknown,,acidic_region,18,,LCRFinder
A0ACI8VD15|ensembl_protein_id=ENSP00000636235|entry=A0ACI8VD15_HUMAN|source=pfam38|protein_name=WRN,unknown,,basic_enriched_region,8,,LCRFinder
A0ACI8VFS1|ensembl_protein_id=ENSP00000634496|entry=A0ACI8VFS1_HUMAN|source=pfam38|protein_name=A-kinase,unknown,,acidic_region,4,,LCRFinder
A0ACI8VFS1|ensembl_protein_id=ENSP00000634496|entry=A0ACI8VFS1_HUMAN|source=pfam38|protein_name=A-kinase,unknown,,disorder_rich_spacer_region,10,,LCRFinder
A0ACI8VFS1|ensembl_protein_id=ENSP00000634496|entry=A0ACI8VFS1_HUMAN|source=pfam38|protein_name=A-kinase,unknown,,other,4,,LCRFinder
A0ACI8VQD2|ensembl_protein_id=ENSP00000640467|entry=A0ACI8VQD2_HUMAN|source=pfam38|protein_name=RNA,unknown,,acidic_region,40,,LCRFinder
A0ACI8VQD2|ensembl_protein_id=ENSP00000640467|entry=A0ACI8VQD2_HUMAN|source=pfam38|protein_name=RNA,unknown,,basic_enriched_region,16,,LCRFinder
A0ACI8VSD4|ensembl_protein_id=ENSP00000641622|entry=A0ACI8VSD4_HUMAN|source=pfam38|protein_name=Decapping,mRNA,,disorder_rich_spacer_region,15,,LCRFinder
A0AV96|ensembl_protein_id=ENSP00000295971|entry=RBM47_HUMAN|source=pfam38|protein_name=RNA-binding,mRNA,,disorder_rich_spacer_region,38,,LCRFinder
A0AV96|ensembl_protein_id=ENSP00000295971|entry=RBM47_HUMAN|source=pfam38|protein_name=RNA-binding,mRNA,,other,8,,LCRFinder
A1L020|ensembl_protein_id=ENSP00000432845|entry=MEX3A_HUMAN|source=pfam27|protein_name=RNA-binding,mRNA,,arginine_rich_rna_contact_region,4,,LCRFinder
A1L020|ensembl_protein_id=ENSP00000432845|entry=MEX3A_HUMAN|source=pfam27|protein_name=RNA-binding,mRNA,,disorder_rich_spacer_region,43,,LCRFinder
A1L020|ensembl_protein_id=ENSP00000432845|entry=MEX3A_HUMAN|source=pfam27|protein_name=RNA-binding,mRNA,,hydrophobic_region,6,,LCRFinder
A2PYH4|ensembl_protein_id=ENSP00000359454|entry=HFM1_HUMAN|source=pfam38|protein_name=Probable,unknown,,basic_enriched_region,4,,LCRFinder
A4D1B5|ensembl_protein_id=ENSP00000257626|entry=GSAP_HUMAN|source=pfam38|protein_name=Gamma-secretase-activating,unknown,,aromatic_sticker_region,6,,LCRFinder
A4D1B5|ensembl_protein_id=ENSP00000257626|entry=GSAP_HUMAN|source=pfam38|protein_name=Gamma-secretase-activating,unknown,,other,15,,LCRFinder
A4D1E1|ensembl_protein_id=ENSP00000329638|entry=Z804B_HUMAN|source=pfam38|protein_name=Zinc,unknown,,aromatic_sticker_region,5,,LCRFinder
A4D1E1|ensembl_protein_id=ENSP00000329638|entry=Z804B_HUMAN|source=pfam38|protein_name=Zinc,unknown,,basic_enriched_region,5,,LCRFinder
A4D1E1|ensembl_protein_id=ENSP00000329638|entry=Z804B_HUMAN|source=pfam38|protein_name=Zinc,unknown,,disorder_rich_spacer_region,5,,LCRFinder
A5YKK6|ensembl_protein_id=ENSP00000455635|entry=CNOT1_HUMAN|source=pfam27|protein_name=CCR4-NOT,mRNA,,disorder_rich_spacer_region,8,,LCRFinder
A5YKK6|ensembl_protein_id=ENSP00000455635|entry=CNOT1_HUMAN|source=pfam27|protein_name=CCR4-NOT,mRNA,,gs_rich_neutral_region,5,,LCRFinder
A5YKK6|ensembl_protein_id=ENSP00000455635|entry=CNOT1_HUMAN|source=pfam27|protein_name=CCR4-NOT,mRNA,,hydrophobic_region,22,,LCRFinder
A5YKK6|ensembl_protein_id=ENSP00000455635|entry=CNOT1_HUMAN|source=pfam27|protein_name=CCR4-NOT,mRNA,,other,28,,LCRFinder
A6NDE4|ensembl_protein_id=ENSP00000372484|entry=RBY1B_HUMAN|source=pfam27|protein_name=RNA-binding,mRNA,,arginine_rich_rna_contact_region,9,,LCRFinder
A6NDE4|ensembl_protein_id=ENSP00000372484|entry=RBY1B_HUMAN|source=pfam27|protein_name=RNA-binding,mRNA,,gs_rich_neutral_region,9,,LCRFinder
A6NDY0|ensembl_protein_id=ENSP00000408598|entry=EPAB2_HUMAN|source=pfam27|protein_name=Embryonic,mRNA,,acidic_region,15,,LCRFinder
A6NDY0|ensembl_protein_id=ENSP00000408598|entry=EPAB2_HUMAN|source=pfam27|protein_name=Embryonic,mRNA,,gs_rich_neutral_region,6,,LCRFinder
A6NDY0|ensembl_protein_id=ENSP00000408598|entry=EPAB2_HUMAN|source=pfam27|protein_name=Embryonic,mRNA,,hydrophobic_region,5,,LCRFinder
A6NEQ0|ensembl_protein_id=ENSP00000372105|entry=RBY1E_HUMAN|source=rbpdb|protein_name=RNA-binding,mRNA,,arginine_rich_rna_contact_region,9,,LCRFinder
A6NEQ0|ensembl_protein_id=ENSP00000372105|entry=RBY1E_HUMAN|source=rbpdb|protein_name=RNA-binding,mRNA,,gs_rich_neutral_region,9,,LCRFinder
A6NFI3|ensembl_protein_id=ENSP00000477706|entry=ZN316_HUMAN|source=pfam38|protein_name=Zinc,unknown,,acidic_region,78,,LCRFinder
A6NFI3|ensembl_protein_id=ENSP00000477706|entry=ZN316_HUMAN|source=pfam38|protein_name=Zinc,unknown,,arginine_rich_rna_contact_region,9,,LCRFinder
A6NFI3|ensembl_protein_id=ENSP00000477706|entry=ZN316_HUMAN|source=pfam38|protein_name=Zinc,unknown,,disorder_rich_spacer_region,21,,LCRFinder
A6NFI3|ensembl_protein_id=ENSP00000477706|entry=ZN316_HUMAN|source=pfam38|protein_name=Zinc,unknown,,hydrophobic_region,4,,LCRFinder
A6NFN3|ensembl_protein_id=ENSP00000462007|entry=RFOX3_HUMAN|source=rbpdb|protein_name=RNA,mRNA,,arginine_rich_rna_contact_region,4,,LCRFinder
A6NFN3|ensembl_protein_id=ENSP00000462007|entry=RFOX3_HUMAN|source=rbpdb|protein_name=RNA,mRNA,,disorder_rich_spacer_region,21,,LCRFinder
A6NHQ2|ensembl_protein_id=ENSP00000473383|entry=FBLL1_HUMAN|source=pfam27|protein_name=RNA,snoRNA,,disorder_rich_spacer_region,43,,LCRFinder
A6NHQ2|ensembl_protein_id=ENSP00000473383|entry=FBLL1_HUMAN|source=pfam27|protein_name=RNA,snoRNA,,other,12,,LCRFinder
A6NKG5|ensembl_protein_id=ENSP00000497482|entry=RTL1_HUMAN|source=pfam38|protein_name=Retrotransposon-like,unknown,,acidic_region,15,,LCRFinder
A6NKG5|ensembl_protein_id=ENSP00000497482|entry=RTL1_HUMAN|source=pfam38|protein_name=Retrotransposon-like,unknown,,disorder_rich_spacer_region,4,,LCRFinder
A6NKG5|ensembl_protein_id=ENSP00000497482|entry=RTL1_HUMAN|source=pfam38|protein_name=Retrotransposon-like,unknown,,gs_rich_neutral_region,10,,LCRFinder
A6NKG5|ensembl_protein_id=ENSP00000497482|entry=RTL1_HUMAN|source=pfam38|protein_name=Retrotransposon-like,unknown,,hydrophobic_region,4,,LCRFinder
A6NM28|ensembl_protein_id=ENSP00000462054|entry=ZFP92_HUMAN|source=pfam38|protein_name=Zinc,unknown,,arginine_rich_rna_contact_region,10,,LCRFinder
A6NNF4|ensembl_protein_id=ENSP00000471516|entry=ZN726_HUMAN|source=pfam38|protein_name=Zinc,unknown,,disorder_rich_spacer_region,4,,LCRFinder
A7MD48|ensembl_protein_id=ENSP00000267260|entry=SRRM4_HUMAN|source=pfam27|protein_name=Serine/arginine,mRNA,,arginine_rich_rna_contact_region,73,,LCRFinder
A7MD48|ensembl_protein_id=ENSP00000267260|entry=SRRM4_HUMAN|source=pfam27|protein_name=Serine/arginine,mRNA,,aromatic_sticker_region,18,,LCRFinder
A7MD48|ensembl_protein_id=ENSP00000267260|entry=SRRM4_HUMAN|source=pfam27|protein_name=Serine/arginine,mRNA,,basic_enriched_region,10,,LCRFinder
A7MD48|ensembl_protein_id=ENSP00000267260|entry=SRRM4_HUMAN|source=pfam27|protein_name=Serine/arginine,mRNA,,disorder_rich_spacer_region,6,,LCRFinder
A7MD48|ensembl_protein_id=ENSP00000267260|entry=SRRM4_HUMAN|source=pfam27|protein_name=Serine/arginine,mRNA,,sr_rs_repeat_region,49,,LCRFinder
A8MQ14|ensembl_protein_id=ENSP00000464976|entry=ZN850_HUMAN|source=pfam38|protein_name=Zinc,unknown,,arginine_rich_rna_contact_region,6,,LCRFinder
A8MXP9|ensembl_protein_id=ENSP00000378279|entry=A8MXP9_HUMAN|source=pfam27|protein_name=Matrin-3,mRNA,,basic_enriched_region,6,,LCRFinder
A8MXP9|ensembl_protein_id=ENSP00000378279|entry=A8MXP9_HUMAN|source=pfam27|protein_name=Matrin-3,mRNA,,disorder_rich_spacer_region,8,,LCRFinder
A8MXP9|ensembl_protein_id=ENSP00000378279|entry=A8MXP9_HUMAN|source=pfam27|protein_name=Matrin-3,mRNA,,hydrophobic_region,5,,LCRFinder
A8MXP9|ensembl_protein_id=ENSP00000378279|entry=A8MXP9_HUMAN|source=pfam27|protein_name=Matrin-3,mRNA,,other,4,,LCRFinder
B0QYK0|ensembl_protein_id=ENSP00000330516|entry=B0QYK0_HUMAN|source=pfam27|protein_name=RNA-binding,mRNA,,arginine_rich_rna_contact_region,9,,LCRFinder
B0QYK0|ensembl_protein_id=ENSP00000330516|entry=B0QYK0_HUMAN|source=pfam27|protein_name=RNA-binding,mRNA,,aromatic_sticker_region,35,,LCRFinder
B0QYK0|ensembl_protein_id=ENSP00000330516|entry=B0QYK0_HUMAN|source=pfam27|protein_name=RNA-binding,mRNA,,disorder_rich_spacer_region,47,,LCRFinder
B0QYK0|ensembl_protein_id=ENSP00000330516|entry=B0QYK0_HUMAN|source=pfam27|protein_name=RNA-binding,mRNA,,gs_rich_neutral_region,20,,LCRFinder
B0QYK0|ensembl_protein_id=ENSP00000330516|entry=B0QYK0_HUMAN|source=pfam27|protein_name=RNA-binding,mRNA,,other,53,,LCRFinder
B0QYY4|ensembl_protein_id=ENSP00000352328|entry=B0QYY4_HUMAN|source=pfam27|protein_name=RNA,mRNA,,arginine_rich_rna_contact_region,4,,LCRFinder
B0QYY4|ensembl_protein_id=ENSP00000352328|entry=B0QYY4_HUMAN|source=pfam27|protein_name=RNA,mRNA,,disorder_rich_spacer_region,26,,LCRFinder
B0QYY4|ensembl_protein_id=ENSP00000352328|entry=B0QYY4_HUMAN|source=pfam27|protein_name=RNA,mRNA,,other,11,,LCRFinder
B5MCF9|ensembl_protein_id=ENSP00000384252|entry=B5MCF9_HUMAN|source=pfam27|protein_name=Pescadillo,pre-rRNA,,acidic_region,11,,LCRFinder
B5MCF9|ensembl_protein_id=ENSP00000384252|entry=B5MCF9_HUMAN|source=pfam27|protein_name=Pescadillo,pre-rRNA,,basic_enriched_region,9,,LCRFinder
B5MCU0|ensembl_protein_id=ENSP00000385839|entry=B5MCU0_HUMAN|source=pfam27|protein_name=R3H,unknown,,acidic_region,6,,LCRFinder
B5MCU0|ensembl_protein_id=ENSP00000385839|entry=B5MCU0_HUMAN|source=pfam27|protein_name=R3H,unknown,,aromatic_sticker_region,8,,LCRFinder
B5MCU0|ensembl_protein_id=ENSP00000385839|entry=B5MCU0_HUMAN|source=pfam27|protein_name=R3H,unknown,,disorder_rich_spacer_region,67,,LCRFinder
B5MCU0|ensembl_protein_id=ENSP00000385839|entry=B5MCU0_HUMAN|source=pfam27|protein_name=R3H,unknown,,hydrophobic_region,4,,LCRFinder
B5MCU0|ensembl_protein_id=ENSP00000385839|entry=B5MCU0_HUMAN|source=pfam27|protein_name=R3H,unknown,,other,6,,LCRFinder
B5MCY1|ensembl_protein_id=ENSP00000384376|entry=TDR15_HUMAN|source=pfam27|protein_name=Tudor,unknown,,gs_rich_neutral_region,7,,LCRFinder
B5MCY1|ensembl_protein_id=ENSP00000384376|entry=TDR15_HUMAN|source=pfam27|protein_name=Tudor,unknown,,hydrophobic_region,4,,LCRFinder
B5MCY1|ensembl_protein_id=ENSP00000384376|entry=TDR15_HUMAN|source=pfam27|protein_name=Tudor,unknown,,other,4,,LCRFinder
B8ZZ98|ensembl_protein_id=ENSP00000386608|entry=B8ZZ98_HUMAN|source=pfam38|protein_name=U4/U6.U5,mRNA,,acidic_region,5,,LCRFinder
B8ZZ98|ensembl_protein_id=ENSP00000386608|entry=B8ZZ98_HUMAN|source=pfam38|protein_name=U4/U6.U5,mRNA,,other,4,,LCRFinder
B8ZZ98|ensembl_protein_id=ENSP00000386608|entry=B8ZZ98_HUMAN|source=pfam38|protein_name=U4/U6.U5,mRNA,,sr_rs_repeat_region,51,,LCRFinder
C9J6P4|ensembl_protein_id=ENSP00000418385|entry=C9J6P4_HUMAN|source=pfam27|protein_name=Zinc,ncRNA,,arginine_rich_rna_contact_region,5,,LCRFinder
C9J6P4|ensembl_protein_id=ENSP00000418385|entry=C9J6P4_HUMAN|source=pfam27|protein_name=Zinc,ncRNA,,disorder_rich_spacer_region,7,,LCRFinder
C9J6P4|ensembl_protein_id=ENSP00000418385|entry=C9J6P4_HUMAN|source=pfam27|protein_name=Zinc,ncRNA,,other,4,,LCRFinder
C9J9B2|ensembl_protein_id=ENSP00000391934|entry=C9J9B2_HUMAN|source=pfam27|protein_name=RNA,mRNA,,disorder_rich_spacer_region,15,,LCRFinder
C9JAB2|ensembl_protein_id=ENSP00000386806|entry=C9JAB2_HUMAN|source=pfam27|protein_name=Serine/arginine-rich,mRNA,,arginine_rich_rna_contact_region,24,,LCRFinder
C9JAB2|ensembl_protein_id=ENSP00000386806|entry=C9JAB2_HUMAN|source=pfam27|protein_name=Serine/arginine-rich,mRNA,,sr_rs_repeat_region,43,,LCRFinder
C9JE40|ensembl_protein_id=ENSP00000416673|entry=PATL2_HUMAN|source=pfam27|protein_name=Protein,mRNA,,acidic_region,14,,LCRFinder
C9JE40|ensembl_protein_id=ENSP00000416673|entry=PATL2_HUMAN|source=pfam27|protein_name=Protein,mRNA,,disorder_rich_spacer_region,8,,LCRFinder
C9JE40|ensembl_protein_id=ENSP00000416673|entry=PATL2_HUMAN|source=pfam27|protein_name=Protein,mRNA,,hydrophobic_region,6,,LCRFinder
C9JP00|ensembl_protein_id=ENSP00000420327|entry=C9JP00_HUMAN|source=pfam27|protein_name=Muscleblind,mRNA,,disorder_rich_spacer_region,19,,LCRFinder
D4PHA4|ensembl_protein_id=ENSP00000401596|entry=D4PHA4_HUMAN|source=pfam38|protein_name=Vasculin,unknown,,acidic_region,4,,LCRFinder
D4PHA4|ensembl_protein_id=ENSP00000401596|entry=D4PHA4_HUMAN|source=pfam38|protein_name=Vasculin,unknown,,aromatic_sticker_region,6,,LCRFinder
D6R954|ensembl_protein_id=ENSP00000423628|entry=D6R954_HUMAN|source=pfam27|protein_name=tRNA,tRNA,,arginine_rich_rna_contact_region,6,,LCRFinder
D6R9W6|ensembl_protein_id=ENSP00000422850|entry=D6R9W6_HUMAN|source=pfam27|protein_name=La,mRNA,,acidic_region,4,,LCRFinder
D6R9W6|ensembl_protein_id=ENSP00000422850|entry=D6R9W6_HUMAN|source=pfam27|protein_name=La,mRNA,,other,16,,LCRFinder
D6RA96|ensembl_protein_id=ENSP00000457428|entry=D6RA96_HUMAN|source=pfam38|protein_name=Regulator,unknown,,disorder_rich_spacer_region,10,,LCRFinder
D6W5Y5|ensembl_protein_id=ENSP00000465558|entry=D6W5Y5_HUMAN|source=pfam27;pfam38|protein_name=Cold-inducible,mRNA,,aromatic_sticker_region,5,,LCRFinder
D6W5Y5|ensembl_protein_id=ENSP00000465558|entry=D6W5Y5_HUMAN|source=pfam27;pfam38|protein_name=Cold-inducible,mRNA,,gs_rich_neutral_region,10,,LCRFinder
D6W5Y5|ensembl_protein_id=ENSP00000465558|entry=D6W5Y5_HUMAN|source=pfam27;pfam38|protein_name=Cold-inducible,mRNA,,hydrophobic_region,4,,LCRFinder
D6W5Y5|ensembl_protein_id=ENSP00000465558|entry=D6W5Y5_HUMAN|source=pfam27;pfam38|protein_name=Cold-inducible,mRNA,,other,8,,LCRFinder
E5RJM0|ensembl_protein_id=ENSP00000429048|entry=E5RJM0_HUMAN|source=pfam27|protein_name=Cytoplasmic,mRNA,,aromatic_sticker_region,10,,LCRFinder
E5RJM0|ensembl_protein_id=ENSP00000429048|entry=E5RJM0_HUMAN|source=pfam27|protein_name=Cytoplasmic,mRNA,,disorder_rich_spacer_region,11,,LCRFinder
E5RJM0|ensembl_protein_id=ENSP00000429048|entry=E5RJM0_HUMAN|source=pfam27|protein_name=Cytoplasmic,mRNA,,gs_rich_neutral_region,6,,LCRFinder
E5RJM0|ensembl_protein_id=ENSP00000429048|entry=E5RJM0_HUMAN|source=pfam27|protein_name=Cytoplasmic,mRNA,,other,25,,LCRFinder
E5RJZ9|ensembl_protein_id=ENSP00000431022|entry=E5RJZ9_HUMAN|source=pfam27|protein_name=KH,mRNA,,acidic_region,4,,LCRFinder
E5RJZ9|ensembl_protein_id=ENSP00000431022|entry=E5RJZ9_HUMAN|source=pfam27|protein_name=KH,mRNA,,arginine_rich_rna_contact_region,9,,LCRFinder
E5RJZ9|ensembl_protein_id=ENSP00000431022|entry=E5RJZ9_HUMAN|source=pfam27|protein_name=KH,mRNA,,disorder_rich_spacer_region,6,,LCRFinder
E7ERJ7|ensembl_protein_id=ENSP00000429395|entry=E7ERJ7_HUMAN|source=pfam27|protein_name=Polyadenylate-binding,mRNA,,disorder_rich_spacer_region,13,,LCRFinder
E7ERJ7|ensembl_protein_id=ENSP00000429395|entry=E7ERJ7_HUMAN|source=pfam27|protein_name=Polyadenylate-binding,mRNA,,hydrophobic_region,6,,LCRFinder
E7ERQ6|ensembl_protein_id=ENSP00000401049|entry=E7ERQ6_HUMAN|source=pfam27|protein_name=Deleted,mRNA,,disorder_rich_spacer_region,5,,LCRFinder
E7ESL0|ensembl_protein_id=ENSP00000429039|entry=E7ESL0_HUMAN|source=pfam27|protein_name=Large,ribosomal protein,,disorder_rich_spacer_region,8,,LCRFinder
E7ET15|ensembl_protein_id=ENSP00000422011|entry=E7ET15_HUMAN|source=pfam27|protein_name=U2,snRNA,,acidic_region,21,,LCRFinder
E7ET15|ensembl_protein_id=ENSP00000422011|entry=E7ET15_HUMAN|source=pfam27|protein_name=U2,snRNA,,arginine_rich_rna_contact_region,7,,LCRFinder
E7ET15|ensembl_protein_id=ENSP00000422011|entry=E7ET15_HUMAN|source=pfam27|protein_name=U2,snRNA,,basic_enriched_region,15,,LCRFinder
E7ET15|ensembl_protein_id=ENSP00000422011|entry=E7ET15_HUMAN|source=pfam27|protein_name=U2,snRNA,,disorder_rich_spacer_region,19,,LCRFinder
E7ET15|ensembl_protein_id=ENSP00000422011|entry=E7ET15_HUMAN|source=pfam27|protein_name=U2,snRNA,,gs_rich_neutral_region,5,,LCRFinder
E7ET15|ensembl_protein_id=ENSP00000422011|entry=E7ET15_HUMAN|source=pfam27|protein_name=U2,snRNA,,sr_rs_repeat_region,45,,LCRFinder
E7ETU5|ensembl_protein_id=ENSP00000387280|entry=E7ETU5_HUMAN|source=pfam27|protein_name=RNA,mRNA,,disorder_rich_spacer_region,5,,LCRFinder
E7EWR4|ensembl_protein_id=ENSP00000387996|entry=E7EWR4_HUMAN|source=pfam27|protein_name=Cleavage,mRNA,,disorder_rich_spacer_region,5,,LCRFinder
E9PB61|ensembl_protein_id=ENSP00000421592|entry=E9PB61_HUMAN|source=pfam27|protein_name=Aly/REF,mRNA,,aromatic_sticker_region,11,,LCRFinder
E9PB61|ensembl_protein_id=ENSP00000421592|entry=E9PB61_HUMAN|source=pfam27|protein_name=Aly/REF,mRNA,,disorder_rich_spacer_region,17,,LCRFinder
E9PB61|ensembl_protein_id=ENSP00000421592|entry=E9PB61_HUMAN|source=pfam27|protein_name=Aly/REF,mRNA,,other,20,,LCRFinder
E9PBY2|ensembl_protein_id=ENSP00000371877|entry=E9PBY2_HUMAN|source=pfam38|protein_name=Deleted,mRNA,,disorder_rich_spacer_region,5,,LCRFinder
E9PFF5|ensembl_protein_id=ENSP00000420643|entry=E9PFF5_HUMAN|source=pfam27|protein_name=FMR1,mRNA,,arginine_rich_rna_contact_region,25,,LCRFinder
E9PFF5|ensembl_protein_id=ENSP00000420643|entry=E9PFF5_HUMAN|source=pfam27|protein_name=FMR1,mRNA,,other,17,,LCRFinder
E9PIF2|ensembl_protein_id=ENSP00000432032|entry=E9PIF2_HUMAN|source=pfam27|protein_name=ATP-dependent,pre-rRNA,,acidic_region,46,,LCRFinder
E9PIF2|ensembl_protein_id=ENSP00000432032|entry=E9PIF2_HUMAN|source=pfam27|protein_name=ATP-dependent,pre-rRNA,,arginine_rich_rna_contact_region,6,,LCRFinder
E9PIF2|ensembl_protein_id=ENSP00000432032|entry=E9PIF2_HUMAN|source=pfam27|protein_name=ATP-dependent,pre-rRNA,,basic_enriched_region,5,,LCRFinder
E9PIF2|ensembl_protein_id=ENSP00000432032|entry=E9PIF2_HUMAN|source=pfam27|protein_name=ATP-dependent,pre-rRNA,,hydrophobic_region,5,,LCRFinder
E9PL19|ensembl_protein_id=ENSP00000433403|entry=E9PL19_HUMAN|source=pfam38|protein_name=Poly(U)-binding-splicing,mRNA,,acidic_region,4,,LCRFinder
E9PL19|ensembl_protein_id=ENSP00000433403|entry=E9PL19_HUMAN|source=pfam38|protein_name=Poly(U)-binding-splicing,mRNA,,disorder_rich_spacer_region,24,,LCRFinder
E9PL19|ensembl_protein_id=ENSP00000433403|entry=E9PL19_HUMAN|source=pfam38|protein_name=Poly(U)-binding-splicing,mRNA,,hydrophobic_region,9,,LCRFinder
E9PMM9|ensembl_protein_id=ENSP00000433034|entry=E9PMM9_HUMAN|source=pfam27|protein_name=Small,ribosomal protein,,aromatic_sticker_region,6,,LCRFinder
E9PMM9|ensembl_protein_id=ENSP00000433034|entry=E9PMM9_HUMAN|source=pfam27|protein_name=Small,ribosomal protein,,disorder_rich_spacer_region,9,,LCRFinder
E9PMM9|ensembl_protein_id=ENSP00000433034|entry=E9PMM9_HUMAN|source=pfam27|protein_name=Small,ribosomal protein,,other,20,,LCRFinder
F5GYR3|ensembl_protein_id=ENSP00000440754|entry=F5GYR3_HUMAN|source=pfam38|protein_name=NOP2,pre-rRNA,,acidic_region,4,,LCRFinder
F5H0R1|ensembl_protein_id=ENSP00000308000|entry=F5H0R1_HUMAN|source=pfam27|protein_name=Speckle,snRNA,,acidic_region,10,,LCRFinder
F5H0R1|ensembl_protein_id=ENSP00000308000|entry=F5H0R1_HUMAN|source=pfam27|protein_name=Speckle,snRNA,,arginine_rich_rna_contact_region,7,,LCRFinder
F5H0R1|ensembl_protein_id=ENSP00000308000|entry=F5H0R1_HUMAN|source=pfam27|protein_name=Speckle,snRNA,,hydrophobic_region,4,,LCRFinder
F5H0R1|ensembl_protein_id=ENSP00000308000|entry=F5H0R1_HUMAN|source=pfam27|protein_name=Speckle,snRNA,,other,18,,LCRFinder
F6TAI2|ensembl_protein_id=ENSP00000414671|entry=F6TAI2_HUMAN|source=pfam27|protein_name=Musashi,mRNA,,disorder_rich_spacer_region,8,,LCRFinder
F6TAI2|ensembl_protein_id=ENSP00000414671|entry=F6TAI2_HUMAN|source=pfam27|protein_name=Musashi,mRNA,,hydrophobic_region,8,,LCRFinder
F6VAP0|ensembl_protein_id=ENSP00000423243|entry=F6VAP0_HUMAN|source=pfam27|protein_name=RNA,mRNA,,disorder_rich_spacer_region,38,,LCRFinder
F6VAP0|ensembl_protein_id=ENSP00000423243|entry=F6VAP0_HUMAN|source=pfam27|protein_name=RNA,mRNA,,other,8,,LCRFinder
F8VP89|ensembl_protein_id=ENSP00000450324|entry=F8VP89_HUMAN|source=pfam27|protein_name=Eukaryotic,mRNA,,acidic_region,4,,LCRFinder
F8VP89|ensembl_protein_id=ENSP00000450324|entry=F8VP89_HUMAN|source=pfam27|protein_name=Eukaryotic,mRNA,,aromatic_sticker_region,10,,LCRFinder
F8VP89|ensembl_protein_id=ENSP00000450324|entry=F8VP89_HUMAN|source=pfam27|protein_name=Eukaryotic,mRNA,,basic_enriched_region,6,,LCRFinder
F8VP89|ensembl_protein_id=ENSP00000450324|entry=F8VP89_HUMAN|source=pfam27|protein_name=Eukaryotic,mRNA,,disorder_rich_spacer_region,5,,LCRFinder
F8VP89|ensembl_protein_id=ENSP00000450324|entry=F8VP89_HUMAN|source=pfam27|protein_name=Eukaryotic,mRNA,,other,4,,LCRFinder
F8VQP2|ensembl_protein_id=ENSP00000445583|entry=F8VQP2_HUMAN|source=pfam27|protein_name=Ataxin,mRNA,,acidic_region,6,,LCRFinder
F8VQP2|ensembl_protein_id=ENSP00000445583|entry=F8VQP2_HUMAN|source=pfam27|protein_name=Ataxin,mRNA,,disorder_rich_spacer_region,28,,LCRFinder
F8VQP2|ensembl_protein_id=ENSP00000445583|entry=F8VQP2_HUMAN|source=pfam27|protein_name=Ataxin,mRNA,,gs_rich_neutral_region,10,,LCRFinder
F8VQP2|ensembl_protein_id=ENSP00000445583|entry=F8VQP2_HUMAN|source=pfam27|protein_name=Ataxin,mRNA,,other,8,,LCRFinder
F8VQP2|ensembl_protein_id=ENSP00000445583|entry=F8VQP2_HUMAN|source=pfam27|protein_name=Ataxin,mRNA,,sr_rs_repeat_region,13,,LCRFinder
F8VU11|ensembl_protein_id=ENSP00000448073|entry=F8VU11_HUMAN|source=pfam27|protein_name=Pre-mRNA-processing,snRNA,,acidic_region,41,,LCRFinder
F8VU11|ensembl_protein_id=ENSP00000448073|entry=F8VU11_HUMAN|source=pfam27|protein_name=Pre-mRNA-processing,snRNA,,arginine_rich_rna_contact_region,27,,LCRFinder
F8VU11|ensembl_protein_id=ENSP00000448073|entry=F8VU11_HUMAN|source=pfam27|protein_name=Pre-mRNA-processing,snRNA,,aromatic_sticker_region,23,,LCRFinder
F8VU11|ensembl_protein_id=ENSP00000448073|entry=F8VU11_HUMAN|source=pfam27|protein_name=Pre-mRNA-processing,snRNA,,basic_enriched_region,9,,LCRFinder
F8VU11|ensembl_protein_id=ENSP00000448073|entry=F8VU11_HUMAN|source=pfam27|protein_name=Pre-mRNA-processing,snRNA,,disorder_rich_spacer_region,39,,LCRFinder
F8VU11|ensembl_protein_id=ENSP00000448073|entry=F8VU11_HUMAN|source=pfam27|protein_name=Pre-mRNA-processing,snRNA,,hydrophobic_region,4,,LCRFinder
F8VVL1|ensembl_protein_id=ENSP00000413661|entry=F8VVL1_HUMAN|source=pfam27|protein_name=Density-regulated,mRNA,,acidic_region,7,,LCRFinder
F8VXY6|ensembl_protein_id=ENSP00000448780|entry=F8VXY6_HUMAN|source=pfam38|protein_name=Zinc,mRNA,,acidic_region,15,,LCRFinder
F8VXY6|ensembl_protein_id=ENSP00000448780|entry=F8VXY6_HUMAN|source=pfam38|protein_name=Zinc,mRNA,,basic_enriched_region,10,,LCRFinder
F8W6I7|ensembl_protein_id=ENSP00000333504|entry=F8W6I7_HUMAN|source=pfam27|protein_name=Heterogeneous,mRNA,,aromatic_sticker_region,10,,LCRFinder
F8W6I7|ensembl_protein_id=ENSP00000333504|entry=F8W6I7_HUMAN|source=pfam27|protein_name=Heterogeneous,mRNA,,disorder_rich_spacer_region,13,,LCRFinder
F8W6I7|ensembl_protein_id=ENSP00000333504|entry=F8W6I7_HUMAN|source=pfam27|protein_name=Heterogeneous,mRNA,,gs_rich_neutral_region,20,,LCRFinder
G3V529|ensembl_protein_id=ENSP00000452145|entry=G3V529_HUMAN|source=pfam27|protein_name=ATP-dependent,pre-rRNA,,acidic_region,11,,LCRFinder
G3V529|ensembl_protein_id=ENSP00000452145|entry=G3V529_HUMAN|source=pfam27|protein_name=ATP-dependent,pre-rRNA,,basic_enriched_region,17,,LCRFinder
G3V529|ensembl_protein_id=ENSP00000452145|entry=G3V529_HUMAN|source=pfam27|protein_name=ATP-dependent,pre-rRNA,,disorder_rich_spacer_region,9,,LCRFinder
G3V529|ensembl_protein_id=ENSP00000452145|entry=G3V529_HUMAN|source=pfam27|protein_name=ATP-dependent,pre-rRNA,,hydrophobic_region,4,,LCRFinder
G3V529|ensembl_protein_id=ENSP00000452145|entry=G3V529_HUMAN|source=pfam27|protein_name=ATP-dependent,pre-rRNA,,other,4,,LCRFinder
G3V5I6|ensembl_protein_id=ENSP00000452370|entry=G3V5I6_HUMAN|source=pfam27|protein_name=Zinc,mRNA,,acidic_region,5,,LCRFinder
G3V5I6|ensembl_protein_id=ENSP00000452370|entry=G3V5I6_HUMAN|source=pfam27|protein_name=Zinc,mRNA,,disorder_rich_spacer_region,10,,LCRFinder
G3V5X7|ensembl_protein_id=ENSP00000452574|entry=G3V5X7_HUMAN|source=pfam27|protein_name=Telomerase,ncRNA,,acidic_region,13,,LCRFinder
G3V5X7|ensembl_protein_id=ENSP00000452574|entry=G3V5X7_HUMAN|source=pfam27|protein_name=Telomerase,ncRNA,,arginine_rich_rna_contact_region,4,,LCRFinder
G3V5X7|ensembl_protein_id=ENSP00000452574|entry=G3V5X7_HUMAN|source=pfam27|protein_name=Telomerase,ncRNA,,aromatic_sticker_region,6,,LCRFinder
G3V5X7|ensembl_protein_id=ENSP00000452574|entry=G3V5X7_HUMAN|source=pfam27|protein_name=Telomerase,ncRNA,,disorder_rich_spacer_region,15,,LCRFinder
G3V5X7|ensembl_protein_id=ENSP00000452574|entry=G3V5X7_HUMAN|source=pfam27|protein_name=Telomerase,ncRNA,,hydrophobic_region,5,,LCRFinder
G3V5X7|ensembl_protein_id=ENSP00000452574|entry=G3V5X7_HUMAN|source=pfam27|protein_name=Telomerase,ncRNA,,other,8,,LCRFinder
H0Y6E7|ensembl_protein_id=ENSP00000405117|entry=H0Y6E7_HUMAN|source=pfam27|protein_name=RNA,mRNA,,acidic_region,6,,LCRFinder
H0Y6E7|ensembl_protein_id=ENSP00000405117|entry=H0Y6E7_HUMAN|source=pfam27|protein_name=RNA,mRNA,,arginine_rich_rna_contact_region,14,,LCRFinder
H0Y6E7|ensembl_protein_id=ENSP00000405117|entry=H0Y6E7_HUMAN|source=pfam27|protein_name=RNA,mRNA,,disorder_rich_spacer_region,10,,LCRFinder
H0Y6E7|ensembl_protein_id=ENSP00000405117|entry=H0Y6E7_HUMAN|source=pfam27|protein_name=RNA,mRNA,,gs_rich_neutral_region,22,,LCRFinder
H0Y6E7|ensembl_protein_id=ENSP00000405117|entry=H0Y6E7_HUMAN|source=pfam27|protein_name=RNA,mRNA,,other,4,,LCRFinder
H0YDK8|ensembl_protein_id=ENSP00000433850|entry=H0YDK8_HUMAN|source=pfam27|protein_name=Pumilio,mRNA,,disorder_rich_spacer_region,83,,LCRFinder
H0YDK8|ensembl_protein_id=ENSP00000433850|entry=H0YDK8_HUMAN|source=pfam27|protein_name=Pumilio,mRNA,,gs_rich_neutral_region,4,,LCRFinder
H0YDK8|ensembl_protein_id=ENSP00000433850|entry=H0YDK8_HUMAN|source=pfam27|protein_name=Pumilio,mRNA,,hydrophobic_region,4,,LCRFinder
H0YDK8|ensembl_protein_id=ENSP00000433850|entry=H0YDK8_HUMAN|source=pfam27|protein_name=Pumilio,mRNA,,other,31,,LCRFinder
H0YLQ7|ensembl_protein_id=ENSP00000453298|entry=H0YLQ7_HUMAN|source=pfam38|protein_name=DnaJ,unknown,,acidic_region,10,,LCRFinder
H0YLQ7|ensembl_protein_id=ENSP00000453298|entry=H0YLQ7_HUMAN|source=pfam38|protein_name=DnaJ,unknown,,basic_enriched_region,5,,LCRFinder
H0YLQ7|ensembl_protein_id=ENSP00000453298|entry=H0YLQ7_HUMAN|source=pfam38|protein_name=DnaJ,unknown,,disorder_rich_spacer_region,6,,LCRFinder
H3BM89|ensembl_protein_id=ENSP00000454281|entry=H3BM89_HUMAN|source=pfam27|protein_name=Large,ribosomal protein,,arginine_rich_rna_contact_region,17,,LCRFinder
H3BM89|ensembl_protein_id=ENSP00000454281|entry=H3BM89_HUMAN|source=pfam27|protein_name=Large,ribosomal protein,,basic_enriched_region,26,,LCRFinder
H3BM89|ensembl_protein_id=ENSP00000454281|entry=H3BM89_HUMAN|source=pfam27|protein_name=Large,ribosomal protein,,disorder_rich_spacer_region,7,,LCRFinder
H3BNJ4|ensembl_protein_id=ENSP00000454882|entry=H3BNJ4_HUMAN|source=pfam27|protein_name=Zinc,unknown,,acidic_region,5,,LCRFinder
H3BPD0|ensembl_protein_id=ENSP00000455260|entry=H3BPD0_HUMAN|source=pfam27|protein_name=Zinc,unknown,,acidic_region,6,,LCRFinder
H3BPD0|ensembl_protein_id=ENSP00000455260|entry=H3BPD0_HUMAN|source=pfam27|protein_name=Zinc,unknown,,disorder_rich_spacer_region,8,,LCRFinder
H3BPE7|ensembl_protein_id=ENSP00000455282|entry=H3BPE7_HUMAN|source=pfam27|protein_name=RNA-binding,mRNA,,arginine_rich_rna_contact_region,7,,LCRFinder
H3BPE7|ensembl_protein_id=ENSP00000455282|entry=H3BPE7_HUMAN|source=pfam27|protein_name=RNA-binding,mRNA,,aromatic_sticker_region,6,,LCRFinder
H3BPE7|ensembl_protein_id=ENSP00000455282|entry=H3BPE7_HUMAN|source=pfam27|protein_name=RNA-binding,mRNA,,disorder_rich_spacer_region,44,,LCRFinder
H3BPE7|ensembl_protein_id=ENSP00000455282|entry=H3BPE7_HUMAN|source=pfam27|protein_name=RNA-binding,mRNA,,gs_rich_neutral_region,47,,LCRFinder
H3BPE7|ensembl_protein_id=ENSP00000455282|entry=H3BPE7_HUMAN|source=pfam27|protein_name=RNA-binding,mRNA,,other,83,,LCRFinder
H3BPG5|ensembl_protein_id=ENSP00000455306|entry=H3BPG5_HUMAN|source=pfam27|protein_name=RNA-binding,mRNA,,sr_rs_repeat_region,57,,LCRFinder
H3BSG4|ensembl_protein_id=ENSP00000456692|entry=H3BSG4_HUMAN|source=pfam27|protein_name=RNA,tRNA,,acidic_region,5,,LCRFinder
H3BSG4|ensembl_protein_id=ENSP00000456692|entry=H3BSG4_HUMAN|source=pfam27|protein_name=RNA,tRNA,,disorder_rich_spacer_region,16,,LCRFinder
H7BXY3|ensembl_protein_id=ENSP00000343442|entry=H7BXY3_HUMAN|source=pfam27|protein_name=ATP-dependent,mRNA,,acidic_region,20,,LCRFinder
H7BXY3|ensembl_protein_id=ENSP00000343442|entry=H7BXY3_HUMAN|source=pfam27|protein_name=ATP-dependent,mRNA,,basic_enriched_region,4,,LCRFinder
H7BXY3|ensembl_protein_id=ENSP00000343442|entry=H7BXY3_HUMAN|source=pfam27|protein_name=ATP-dependent,mRNA,,disorder_rich_spacer_region,5,,LCRFinder
H7BXY3|ensembl_protein_id=ENSP00000343442|entry=H7BXY3_HUMAN|source=pfam27|protein_name=ATP-dependent,mRNA,,hydrophobic_region,14,,LCRFinder
H9KV63|ensembl_protein_id=ENSP00000358288|entry=H9KV63_HUMAN|source=pfam27|protein_name=Tudor,ncRNA,,hydrophobic_region,5,,LCRFinder
I3L1L6|ensembl_protein_id=ENSP00000458925|entry=I3L1L6_HUMAN|source=pfam27|protein_name=RNA,mRNA,,acidic_region,9,,LCRFinder
"J3KP02|ensembl_protein_id=ENSP00000348936|entry=J3KP02_HUMAN|source=pfam38|protein_name=Leucine,",unknown,,acidic_region,16,,LCRFinder
"J3KP02|ensembl_protein_id=ENSP00000348936|entry=J3KP02_HUMAN|source=pfam38|protein_name=Leucine,",unknown,,arginine_rich_rna_contact_region,4,,LCRFinder
"J3KP02|ensembl_protein_id=ENSP00000348936|entry=J3KP02_HUMAN|source=pfam38|protein_name=Leucine,",unknown,,disorder_rich_spacer_region,8,,LCRFinder
"J3KP02|ensembl_protein_id=ENSP00000348936|entry=J3KP02_HUMAN|source=pfam38|protein_name=Leucine,",unknown,,hydrophobic_region,6,,LCRFinder
J3KPD3|ensembl_protein_id=ENSP00000364639|entry=J3KPD3_HUMAN|source=pfam27|protein_name=RNA-binding,mRNA,,arginine_rich_rna_contact_region,5,,LCRFinder
J3KPD3|ensembl_protein_id=ENSP00000364639|entry=J3KPD3_HUMAN|source=pfam27|protein_name=RNA-binding,mRNA,,disorder_rich_spacer_region,8,,LCRFinder
J3KPK3|ensembl_protein_id=ENSP00000372104|entry=J3KPK3_HUMAN|source=pfam27|protein_name=RNA,mRNA,,arginine_rich_rna_contact_region,9,,LCRFinder
J3KPK3|ensembl_protein_id=ENSP00000372104|entry=J3KPK3_HUMAN|source=pfam27|protein_name=RNA,mRNA,,gs_rich_neutral_region,9,,LCRFinder
J3KPP4|ensembl_protein_id=ENSP00000376919|entry=J3KPP4_HUMAN|source=pfam27|protein_name=Luc7-like,mRNA,,arginine_rich_rna_contact_region,16,,LCRFinder
J3KPP4|ensembl_protein_id=ENSP00000376919|entry=J3KPP4_HUMAN|source=pfam27|protein_name=Luc7-like,mRNA,,basic_enriched_region,9,,LCRFinder
J3KPP4|ensembl_protein_id=ENSP00000376919|entry=J3KPP4_HUMAN|source=pfam27|protein_name=Luc7-like,mRNA,,disorder_rich_spacer_region,26,,LCRFinder
J3KPP4|ensembl_protein_id=ENSP00000376919|entry=J3KPP4_HUMAN|source=pfam27|protein_name=Luc7-like,mRNA,,sr_rs_repeat_region,33,,LCRFinder
J3KQ82|ensembl_protein_id=ENSP00000406005|entry=J3KQ82_HUMAN|source=pfam27|protein_name=RNA,mRNA,,arginine_rich_rna_contact_region,5,,LCRFinder
J3KQ82|ensembl_protein_id=ENSP00000406005|entry=J3KQ82_HUMAN|source=pfam27|protein_name=RNA,mRNA,,gs_rich_neutral_region,13,,LCRFinder
J3QL05|ensembl_protein_id=ENSP00000463317|entry=J3QL05_HUMAN|source=pfam27|protein_name=Serine/arginine-rich,mRNA,,sr_rs_repeat_region,17,,LCRFinder
J3QS41|ensembl_protein_id=ENSP00000464512|entry=J3QS41_HUMAN|source=pfam27|protein_name=ATP-dependent,mRNA,,disorder_rich_spacer_region,34,,LCRFinder
J3QS41|ensembl_protein_id=ENSP00000464512|entry=J3QS41_HUMAN|source=pfam27|protein_name=ATP-dependent,mRNA,,hydrophobic_region,4,,LCRFinder
J3QS41|ensembl_protein_id=ENSP00000464512|entry=J3QS41_HUMAN|source=pfam27|protein_name=ATP-dependent,mRNA,,other,20,,LCRFinder
K7EJB9|ensembl_protein_id=ENSP00000465105|entry=K7EJB9_HUMAN|source=pfam27|protein_name=Calreticulin,mRNA,,acidic_region,29,,LCRFinder
K7EJB9|ensembl_protein_id=ENSP00000465105|entry=K7EJB9_HUMAN|source=pfam27|protein_name=Calreticulin,mRNA,,basic_enriched_region,4,,LCRFinder
K7EJB9|ensembl_protein_id=ENSP00000465105|entry=K7EJB9_HUMAN|source=pfam27|protein_name=Calreticulin,mRNA,,hydrophobic_region,6,,LCRFinder
K7EJB9|ensembl_protein_id=ENSP00000465105|entry=K7EJB9_HUMAN|source=pfam27|protein_name=Calreticulin,mRNA,,other,7,,LCRFinder
K7EKH9|ensembl_protein_id=ENSP00000465629|entry=K7EKH9_HUMAN|source=pfam38|protein_name=Glial,unknown,,arginine_rich_rna_contact_region,9,,LCRFinder
K7ER00|ensembl_protein_id=ENSP00000468051|entry=K7ER00_HUMAN|source=pfam38|protein_name=Phenylalanine--tRNA,tRNA,,arginine_rich_rna_contact_region,5,,LCRFinder
M0QY97|ensembl_protein_id=ENSP00000469684|entry=M0QY97_HUMAN|source=pfam27|protein_name=Zinc,unknown,,acidic_region,14,,LCRFinder
M0QY97|ensembl_protein_id=ENSP00000469684|entry=M0QY97_HUMAN|source=pfam27|protein_name=Zinc,unknown,,disorder_rich_spacer_region,70,,LCRFinder
M0QY97|ensembl_protein_id=ENSP00000469684|entry=M0QY97_HUMAN|source=pfam27|protein_name=Zinc,unknown,,gs_rich_neutral_region,20,,LCRFinder
M0QY97|ensembl_protein_id=ENSP00000469684|entry=M0QY97_HUMAN|source=pfam27|protein_name=Zinc,unknown,,other,36,,LCRFinder
M0QYX4|ensembl_protein_id=ENSP00000470145|entry=M0QYX4_HUMAN|source=pfam38|protein_name=Ecotropic,unknown,,acidic_region,4,,LCRFinder
M0R1H0|ensembl_protein_id=ENSP00000471867|entry=M0R1H0_HUMAN|source=pfam27|protein_name=Fibrillarin,snoRNA,,aromatic_sticker_region,9,,LCRFinder
M0R1H0|ensembl_protein_id=ENSP00000471867|entry=M0R1H0_HUMAN|source=pfam27|protein_name=Fibrillarin,snoRNA,,other,40,,LCRFinder
M0R226|ensembl_protein_id=ENSP00000472266|entry=M0R226_HUMAN|source=pfam27|protein_name=Large,ribosomal protein,,arginine_rich_rna_contact_region,4,,LCRFinder
M0R226|ensembl_protein_id=ENSP00000472266|entry=M0R226_HUMAN|source=pfam27|protein_name=Large,ribosomal protein,,gs_rich_neutral_region,14,,LCRFinder
M0R226|ensembl_protein_id=ENSP00000472266|entry=M0R226_HUMAN|source=pfam27|protein_name=Large,ribosomal protein,,hydrophobic_region,6,,LCRFinder
O00178|ensembl_protein_id=ENSP00000216044|entry=GTPB1_HUMAN|source=pfam27|protein_name=GTP-binding,mRNA,,disorder_rich_spacer_region,9,,LCRFinder
O00178|ensembl_protein_id=ENSP00000216044|entry=GTPB1_HUMAN|source=pfam27|protein_name=GTP-binding,mRNA,,gs_rich_neutral_region,6,,LCRFinder
O00178|ensembl_protein_id=ENSP00000216044|entry=GTPB1_HUMAN|source=pfam27|protein_name=GTP-binding,mRNA,,other,10,,LCRFinder
O00267|ensembl_protein_id=ENSP00000469090|entry=SPT5H_HUMAN|source=pfam27|protein_name=Transcription,mRNA,,acidic_region,28,,LCRFinder
O00267|ensembl_protein_id=ENSP00000469090|entry=SPT5H_HUMAN|source=pfam27|protein_name=Transcription,mRNA,,disorder_rich_spacer_region,11,,LCRFinder
O00267|ensembl_protein_id=ENSP00000469090|entry=SPT5H_HUMAN|source=pfam27|protein_name=Transcription,mRNA,,gs_rich_neutral_region,16,,LCRFinder
O00267|ensembl_protein_id=ENSP00000469090|entry=SPT5H_HUMAN|source=pfam27|protein_name=Transcription,mRNA,,other,6,,LCRFinder
O00410|ensembl_protein_id=ENSP00000350219|entry=IPO5_HUMAN|source=pfam27|protein_name=Importin-5,mRNA,,disorder_rich_spacer_region,9,,LCRFinder
O00410|ensembl_protein_id=ENSP00000350219|entry=IPO5_HUMAN|source=pfam27|protein_name=Importin-5,mRNA,,hydrophobic_region,20,,LCRFinder
O00411|ensembl_protein_id=ENSP00000465759|entry=RPOM_HUMAN|source=pfam27|protein_name=DNA-directed,mRNA,,basic_enriched_region,6,,LCRFinder
O00411|ensembl_protein_id=ENSP00000465759|entry=RPOM_HUMAN|source=pfam27|protein_name=DNA-directed,mRNA,,disorder_rich_spacer_region,6,,LCRFinder
O00566|ensembl_protein_id=ENSP00000244230|entry=MPP10_HUMAN|source=pfam27|protein_name=U3,snoRNA,,acidic_region,27,,LCRFinder
O00566|ensembl_protein_id=ENSP00000244230|entry=MPP10_HUMAN|source=pfam27|protein_name=U3,snoRNA,,basic_enriched_region,18,,LCRFinder
O00567|ensembl_protein_id=ENSP00000370589|entry=NOP56_HUMAN|source=pfam27|protein_name=Nucleolar,snoRNA,,acidic_region,43,,LCRFinder
O00567|ensembl_protein_id=ENSP00000370589|entry=NOP56_HUMAN|source=pfam27|protein_name=Nucleolar,snoRNA,,basic_enriched_region,33,,LCRFinder
O00571|ensembl_protein_id=ENSP00000392494|entry=DDX3X_HUMAN|source=pfam27|protein_name=ATP-dependent,mRNA,,aromatic_sticker_region,7,,LCRFinder
O00571|ensembl_protein_id=ENSP00000392494|entry=DDX3X_HUMAN|source=pfam27|protein_name=ATP-dependent,mRNA,,gs_rich_neutral_region,38,,LCRFinder
O14647|ensembl_protein_id=ENSP00000377747|entry=CHD2_HUMAN|source=pfam38|protein_name=ATP-dependent,unknown,,acidic_region,58,,LCRFinder
O14647|ensembl_protein_id=ENSP00000377747|entry=CHD2_HUMAN|source=pfam38|protein_name=ATP-dependent,unknown,,basic_enriched_region,17,,LCRFinder
O14647|ensembl_protein_id=ENSP00000377747|entry=CHD2_HUMAN|source=pfam38|protein_name=ATP-dependent,unknown,,hydrophobic_region,5,,LCRFinder
O14647|ensembl_protein_id=ENSP00000377747|entry=CHD2_HUMAN|source=pfam38|protein_name=ATP-dependent,unknown,,other,12,,LCRFinder
O14746|ensembl_protein_id=ENSP00000309572|entry=TERT_HUMAN|source=pfam27|protein_name=Telomerase,ncRNA,,arginine_rich_rna_contact_region,16,,LCRFinder
O14746|ensembl_protein_id=ENSP00000309572|entry=TERT_HUMAN|source=pfam27|protein_name=Telomerase,ncRNA,,disorder_rich_spacer_region,5,,LCRFinder
O14776|ensembl_protein_id=ENSP00000296702|entry=TCRG1_HUMAN|source=pfam27|protein_name=Transcription,mRNA,,acidic_region,38,,LCRFinder
O14776|ensembl_protein_id=ENSP00000296702|entry=TCRG1_HUMAN|source=pfam27|protein_name=Transcription,mRNA,,aromatic_sticker_region,7,,LCRFinder
O14776|ensembl_protein_id=ENSP00000296702|entry=TCRG1_HUMAN|source=pfam27|protein_name=Transcription,mRNA,,basic_enriched_region,18,,LCRFinder
O14776|ensembl_protein_id=ENSP00000296702|entry=TCRG1_HUMAN|source=pfam27|protein_name=Transcription,mRNA,,disorder_rich_spacer_region,120,,LCRFinder
O14776|ensembl_protein_id=ENSP00000296702|entry=TCRG1_HUMAN|source=pfam27|protein_name=Transcription,mRNA,,other,32,,LCRFinder
O14787|ensembl_protein_id=ENSP00000397379|entry=TNPO2_HUMAN|source=pfam27|protein_name=Transportin-2,mRNA,,acidic_region,6,,LCRFinder
O14787|ensembl_protein_id=ENSP00000397379|entry=TNPO2_HUMAN|source=pfam27|protein_name=Transportin-2,mRNA,,hydrophobic_region,13,,LCRFinder
O14979|ensembl_protein_id=ENSP00000295470|entry=HNRDL_HUMAN|source=pfam27;pfam38|protein_name=Heterogeneous,mRNA,,arginine_rich_rna_contact_region,4,,LCRFinder
O14979|ensembl_protein_id=ENSP00000295470|entry=HNRDL_HUMAN|source=pfam27;pfam38|protein_name=Heterogeneous,mRNA,,disorder_rich_spacer_region,6,,LCRFinder
O14979|ensembl_protein_id=ENSP00000295470|entry=HNRDL_HUMAN|source=pfam27;pfam38|protein_name=Heterogeneous,mRNA,,hydrophobic_region,4,,LCRFinder
O14979|ensembl_protein_id=ENSP00000295470|entry=HNRDL_HUMAN|source=pfam27;pfam38|protein_name=Heterogeneous,mRNA,,other,26,,LCRFinder
O15037|ensembl_protein_id=ENSP00000450799|entry=KHNYN_HUMAN|source=pfam27|protein_name=Protein,mRNA,,arginine_rich_rna_contact_region,4,,LCRFinder
O15037|ensembl_protein_id=ENSP00000450799|entry=KHNYN_HUMAN|source=pfam27|protein_name=Protein,mRNA,,disorder_rich_spacer_region,10,,LCRFinder
O15037|ensembl_protein_id=ENSP00000450799|entry=KHNYN_HUMAN|source=pfam27|protein_name=Protein,mRNA,,hydrophobic_region,5,,LCRFinder
O15037|ensembl_protein_id=ENSP00000450799|entry=KHNYN_HUMAN|source=pfam27|protein_name=Protein,mRNA,,other,4,,LCRFinder
O15042|ensembl_protein_id=ENSP00000418563|entry=SR140_HUMAN|source=pfam38|protein_name=U2,snRNA,,acidic_region,21,,LCRFinder
O15042|ensembl_protein_id=ENSP00000418563|entry=SR140_HUMAN|source=pfam38|protein_name=U2,snRNA,,arginine_rich_rna_contact_region,7,,LCRFinder
O15042|ensembl_protein_id=ENSP00000418563|entry=SR140_HUMAN|source=pfam38|protein_name=U2,snRNA,,basic_enriched_region,15,,LCRFinder
O15042|ensembl_protein_id=ENSP00000418563|entry=SR140_HUMAN|source=pfam38|protein_name=U2,snRNA,,disorder_rich_spacer_region,19,,LCRFinder
O15042|ensembl_protein_id=ENSP00000418563|entry=SR140_HUMAN|source=pfam38|protein_name=U2,snRNA,,gs_rich_neutral_region,5,,LCRFinder
O15042|ensembl_protein_id=ENSP00000418563|entry=SR140_HUMAN|source=pfam38|protein_name=U2,snRNA,,sr_rs_repeat_region,45,,LCRFinder
O15047|ensembl_protein_id=ENSP00000262519|entry=SET1A_HUMAN|source=pfam27|protein_name=Histone-lysine,ncRNA,,acidic_region,89,,LCRFinder
O15047|ensembl_protein_id=ENSP00000262519|entry=SET1A_HUMAN|source=pfam27|protein_name=Histone-lysine,ncRNA,,arginine_rich_rna_contact_region,25,,LCRFinder
O15047|ensembl_protein_id=ENSP00000262519|entry=SET1A_HUMAN|source=pfam27|protein_name=Histone-lysine,ncRNA,,disorder_rich_spacer_region,191,,LCRFinder
O15047|ensembl_protein_id=ENSP00000262519|entry=SET1A_HUMAN|source=pfam27|protein_name=Histone-lysine,ncRNA,,other,4,,LCRFinder
O15056|ensembl_protein_id=ENSP00000347792|entry=SYNJ2_HUMAN|source=rbpdb|protein_name=Polyphosphatidylinositol,unknown,,acidic_region,9,,LCRFinder
O15056|ensembl_protein_id=ENSP00000347792|entry=SYNJ2_HUMAN|source=rbpdb|protein_name=Polyphosphatidylinositol,unknown,,disorder_rich_spacer_region,14,,LCRFinder
O15105|ensembl_protein_id=ENSP00000262158|entry=SMAD7_HUMAN|source=pfam27|protein_name=SMAD,ncRNA,,disorder_rich_spacer_region,24,,LCRFinder
O15213|ensembl_protein_id=ENSP00000363746|entry=WDR46_HUMAN|source=pfam27|protein_name=WD,snoRNA,,acidic_region,4,,LCRFinder
O15213|ensembl_protein_id=ENSP00000363746|entry=WDR46_HUMAN|source=pfam27|protein_name=WD,snoRNA,,arginine_rich_rna_contact_region,6,,LCRFinder
O15213|ensembl_protein_id=ENSP00000363746|entry=WDR46_HUMAN|source=pfam27|protein_name=WD,snoRNA,,basic_enriched_region,4,,LCRFinder
O15234|ensembl_protein_id=ENSP00000264645|entry=CASC3_HUMAN|source=pfam27|protein_name=Protein,mRNA,,acidic_region,10,,LCRFinder
O15234|ensembl_protein_id=ENSP00000264645|entry=CASC3_HUMAN|source=pfam27|protein_name=Protein,mRNA,,aromatic_sticker_region,6,,LCRFinder
O15234|ensembl_protein_id=ENSP00000264645|entry=CASC3_HUMAN|source=pfam27|protein_name=Protein,mRNA,,disorder_rich_spacer_region,42,,LCRFinder
O15234|ensembl_protein_id=ENSP00000264645|entry=CASC3_HUMAN|source=pfam27|protein_name=Protein,mRNA,,gs_rich_neutral_region,7,,LCRFinder
O15234|ensembl_protein_id=ENSP00000264645|entry=CASC3_HUMAN|source=pfam27|protein_name=Protein,mRNA,,other,6,,LCRFinder
O15371|ensembl_protein_id=ENSP00000216190|entry=EIF3D_HUMAN|source=pfam27|protein_name=Eukaryotic,mRNA,,acidic_region,15,,LCRFinder
O15372|ensembl_protein_id=ENSP00000429931|entry=EIF3H_HUMAN|source=pfam27|protein_name=Eukaryotic,mRNA,,arginine_rich_rna_contact_region,6,,LCRFinder
O15372|ensembl_protein_id=ENSP00000429931|entry=EIF3H_HUMAN|source=pfam27|protein_name=Eukaryotic,mRNA,,basic_enriched_region,8,,LCRFinder
O15372|ensembl_protein_id=ENSP00000429931|entry=EIF3H_HUMAN|source=pfam27|protein_name=Eukaryotic,mRNA,,disorder_rich_spacer_region,13,,LCRFinder
O15397|ensembl_protein_id=ENSP00000256079|entry=IPO8_HUMAN|source=pfam27|protein_name=Importin-8,ncRNA,,acidic_region,15,,LCRFinder
O15446|ensembl_protein_id=ENSP00000310966|entry=RPA34_HUMAN|source=pfam27|protein_name=DNA-directed,pre-rRNA,,arginine_rich_rna_contact_region,18,,LCRFinder
O15446|ensembl_protein_id=ENSP00000310966|entry=RPA34_HUMAN|source=pfam27|protein_name=DNA-directed,pre-rRNA,,basic_enriched_region,38,,LCRFinder
O15446|ensembl_protein_id=ENSP00000310966|entry=RPA34_HUMAN|source=pfam27|protein_name=DNA-directed,pre-rRNA,,disorder_rich_spacer_region,7,,LCRFinder
O15455|ensembl_protein_id=ENSP00000296795|entry=TLR3_HUMAN|source=pfam27|protein_name=Toll-like,ncRNA,,other,8,,LCRFinder
O15504|ensembl_protein_id=ENSP00000258742|entry=NUP42_HUMAN|source=rbpdb|protein_name=Nucleoporin,mRNA,,aromatic_sticker_region,19,,LCRFinder
O15504|ensembl_protein_id=ENSP00000258742|entry=NUP42_HUMAN|source=rbpdb|protein_name=Nucleoporin,mRNA,,disorder_rich_spacer_region,16,,LCRFinder
O15504|ensembl_protein_id=ENSP00000258742|entry=NUP42_HUMAN|source=rbpdb|protein_name=Nucleoporin,mRNA,,gs_rich_neutral_region,5,,LCRFinder
O15504|ensembl_protein_id=ENSP00000258742|entry=NUP42_HUMAN|source=rbpdb|protein_name=Nucleoporin,mRNA,,hydrophobic_region,4,,LCRFinder
O15523|ensembl_protein_id=ENSP00000336725|entry=DDX3Y_HUMAN|source=pfam38|protein_name=ATP-dependent,mRNA,,aromatic_sticker_region,7,,LCRFinder
O15523|ensembl_protein_id=ENSP00000336725|entry=DDX3Y_HUMAN|source=pfam38|protein_name=ATP-dependent,mRNA,,gs_rich_neutral_region,20,,LCRFinder
O15541|ensembl_protein_id=ENSP00000360497|entry=R113A_HUMAN|source=pfam27|protein_name=E3,snRNA,,acidic_region,5,,LCRFinder
O43143|ensembl_protein_id=ENSP00000336741|entry=DHX15_HUMAN|source=pfam27;pfam38|protein_name=ATP-dependent,mRNA,,acidic_region,4,,LCRFinder
O43143|ensembl_protein_id=ENSP00000336741|entry=DHX15_HUMAN|source=pfam27;pfam38|protein_name=ATP-dependent,mRNA,,aromatic_sticker_region,6,,LCRFinder
O43143|ensembl_protein_id=ENSP00000336741|entry=DHX15_HUMAN|source=pfam27;pfam38|protein_name=ATP-dependent,mRNA,,disorder_rich_spacer_region,22,,LCRFinder
O43143|ensembl_protein_id=ENSP00000336741|entry=DHX15_HUMAN|source=pfam27;pfam38|protein_name=ATP-dependent,mRNA,,other,12,,LCRFinder
O43148|ensembl_protein_id=ENSP00000372804|entry=MCES_HUMAN|source=pfam27|protein_name=mRNA,mRNA,,arginine_rich_rna_contact_region,9,,LCRFinder
O43159|ensembl_protein_id=ENSP00000254605|entry=RRP8_HUMAN|source=pfam27|protein_name=Ribosomal,pre-rRNA,,basic_enriched_region,6,,LCRFinder
O43159|ensembl_protein_id=ENSP00000254605|entry=RRP8_HUMAN|source=pfam27|protein_name=Ribosomal,pre-rRNA,,disorder_rich_spacer_region,29,,LCRFinder
O43251|ensembl_protein_id=ENSP00000262829|entry=RFOX2_HUMAN|source=rbpdb|protein_name=RNA,mRNA,,arginine_rich_rna_contact_region,4,,LCRFinder
O43251|ensembl_protein_id=ENSP00000262829|entry=RFOX2_HUMAN|source=rbpdb|protein_name=RNA,mRNA,,disorder_rich_spacer_region,26,,LCRFinder
O43290|ensembl_protein_id=ENSP00000310448|entry=SNUT1_HUMAN|source=pfam27|protein_name=U4/U6.U5,snRNA,,acidic_region,16,,LCRFinder
O43290|ensembl_protein_id=ENSP00000310448|entry=SNUT1_HUMAN|source=pfam27|protein_name=U4/U6.U5,snRNA,,arginine_rich_rna_contact_region,16,,LCRFinder
O43290|ensembl_protein_id=ENSP00000310448|entry=SNUT1_HUMAN|source=pfam27|protein_name=U4/U6.U5,snRNA,,disorder_rich_spacer_region,21,,LCRFinder
O43290|ensembl_protein_id=ENSP00000310448|entry=SNUT1_HUMAN|source=pfam27|protein_name=U4/U6.U5,snRNA,,gs_rich_neutral_region,12,,LCRFinder
O43310|ensembl_protein_id=ENSP00000372459|entry=CTIF_HUMAN|source=pfam27|protein_name=CBP80/20-dependent,mRNA,,arginine_rich_rna_contact_region,9,,LCRFinder
O43347|ensembl_protein_id=ENSP00000257552|entry=MSI1H_HUMAN|source=pfam27|protein_name=RNA-binding,mRNA,,disorder_rich_spacer_region,8,,LCRFinder
O43390|ensembl_protein_id=ENSP00000363741|entry=HNRPR_HUMAN|source=pfam27|protein_name=Heterogeneous,mRNA,,acidic_region,15,,LCRFinder
O43390|ensembl_protein_id=ENSP00000363741|entry=HNRPR_HUMAN|source=pfam27|protein_name=Heterogeneous,mRNA,,basic_enriched_region,8,,LCRFinder
O43390|ensembl_protein_id=ENSP00000363741|entry=HNRPR_HUMAN|source=pfam27|protein_name=Heterogeneous,mRNA,,disorder_rich_spacer_region,14,,LCRFinder
O43390|ensembl_protein_id=ENSP00000363741|entry=HNRPR_HUMAN|source=pfam27|protein_name=Heterogeneous,mRNA,,other,76,,LCRFinder
O43395|ensembl_protein_id=ENSP00000315379|entry=PRPF3_HUMAN|source=rbpdb|protein_name=U4/U6,snRNA,,acidic_region,6,,LCRFinder
O43395|ensembl_protein_id=ENSP00000315379|entry=PRPF3_HUMAN|source=rbpdb|protein_name=U4/U6,snRNA,,basic_enriched_region,11,,LCRFinder
O43395|ensembl_protein_id=ENSP00000315379|entry=PRPF3_HUMAN|source=rbpdb|protein_name=U4/U6,snRNA,,gs_rich_neutral_region,6,,LCRFinder
O43395|ensembl_protein_id=ENSP00000315379|entry=PRPF3_HUMAN|source=rbpdb|protein_name=U4/U6,snRNA,,hydrophobic_region,4,,LCRFinder
O43426|ensembl_protein_id=ENSP00000349903|entry=SYNJ1_HUMAN|source=rbpdb|protein_name=Polyphosphatidylinositol,unknown,,acidic_region,4,,LCRFinder
O43426|ensembl_protein_id=ENSP00000349903|entry=SYNJ1_HUMAN|source=rbpdb|protein_name=Polyphosphatidylinositol,unknown,,disorder_rich_spacer_region,36,,LCRFinder
O43426|ensembl_protein_id=ENSP00000349903|entry=SYNJ1_HUMAN|source=rbpdb|protein_name=Polyphosphatidylinositol,unknown,,other,8,,LCRFinder
O43432|ensembl_protein_id=ENSP00000264211|entry=IF4G3_HUMAN|source=pfam27|protein_name=Eukaryotic,mRNA,,acidic_region,23,,LCRFinder
O43432|ensembl_protein_id=ENSP00000264211|entry=IF4G3_HUMAN|source=pfam27|protein_name=Eukaryotic,mRNA,,aromatic_sticker_region,13,,LCRFinder
O43432|ensembl_protein_id=ENSP00000264211|entry=IF4G3_HUMAN|source=pfam27|protein_name=Eukaryotic,mRNA,,basic_enriched_region,4,,LCRFinder
O43432|ensembl_protein_id=ENSP00000264211|entry=IF4G3_HUMAN|source=pfam27|protein_name=Eukaryotic,mRNA,,disorder_rich_spacer_region,47,,LCRFinder
O43432|ensembl_protein_id=ENSP00000264211|entry=IF4G3_HUMAN|source=pfam27|protein_name=Eukaryotic,mRNA,,other,4,,LCRFinder
O43541|ensembl_protein_id=ENSP00000288840|entry=SMAD6_HUMAN|source=pfam27|protein_name=SMAD,ncRNA,,arginine_rich_rna_contact_region,7,,LCRFinder
O43541|ensembl_protein_id=ENSP00000288840|entry=SMAD6_HUMAN|source=pfam27|protein_name=SMAD,ncRNA,,disorder_rich_spacer_region,14,,LCRFinder
O43541|ensembl_protein_id=ENSP00000288840|entry=SMAD6_HUMAN|source=pfam27|protein_name=SMAD,ncRNA,,gs_rich_neutral_region,18,,LCRFinder
O43541|ensembl_protein_id=ENSP00000288840|entry=SMAD6_HUMAN|source=pfam27|protein_name=SMAD,ncRNA,,hydrophobic_region,10,,LCRFinder
O43719|ensembl_protein_id=ENSP00000218364|entry=HTSF1_HUMAN|source=pfam27|protein_name=17S,mRNA,,acidic_region,28,,LCRFinder
O43719|ensembl_protein_id=ENSP00000218364|entry=HTSF1_HUMAN|source=pfam27|protein_name=17S,mRNA,,basic_enriched_region,12,,LCRFinder
O43818|ensembl_protein_id=ENSP00000232888|entry=U3IP2_HUMAN|source=pfam27|protein_name=U3,snoRNA,,acidic_region,10,,LCRFinder
O43818|ensembl_protein_id=ENSP00000232888|entry=U3IP2_HUMAN|source=pfam27|protein_name=U3,snoRNA,,disorder_rich_spacer_region,9,,LCRFinder
O43823|ensembl_protein_id=ENSP00000269701|entry=AKAP8_HUMAN|source=pfam27|protein_name=A-kinase,mRNA,,acidic_region,25,,LCRFinder
O43823|ensembl_protein_id=ENSP00000269701|entry=AKAP8_HUMAN|source=pfam27|protein_name=A-kinase,mRNA,,arginine_rich_rna_contact_region,13,,LCRFinder
O43823|ensembl_protein_id=ENSP00000269701|entry=AKAP8_HUMAN|source=pfam27|protein_name=A-kinase,mRNA,,disorder_rich_spacer_region,11,,LCRFinder
O43823|ensembl_protein_id=ENSP00000269701|entry=AKAP8_HUMAN|source=pfam27|protein_name=A-kinase,mRNA,,gs_rich_neutral_region,20,,LCRFinder
O60231|ensembl_protein_id=ENSP00000373071|entry=DHX16_HUMAN|source=pfam27|protein_name=Pre-mRNA-splicing,snRNA,,acidic_region,34,,LCRFinder
O60231|ensembl_protein_id=ENSP00000373071|entry=DHX16_HUMAN|source=pfam27|protein_name=Pre-mRNA-splicing,snRNA,,arginine_rich_rna_contact_region,11,,LCRFinder
O60231|ensembl_protein_id=ENSP00000373071|entry=DHX16_HUMAN|source=pfam27|protein_name=Pre-mRNA-splicing,snRNA,,basic_enriched_region,6,,LCRFinder
O60231|ensembl_protein_id=ENSP00000373071|entry=DHX16_HUMAN|source=pfam27|protein_name=Pre-mRNA-splicing,snRNA,,disorder_rich_spacer_region,8,,LCRFinder
O60231|ensembl_protein_id=ENSP00000373071|entry=DHX16_HUMAN|source=pfam27|protein_name=Pre-mRNA-splicing,snRNA,,other,6,,LCRFinder
O60287|ensembl_protein_id=ENSP00000372199|entry=NPA1P_HUMAN|source=pfam27|protein_name=Nucleolar,pre-rRNA,,disorder_rich_spacer_region,5,,LCRFinder
O60287|ensembl_protein_id=ENSP00000372199|entry=NPA1P_HUMAN|source=pfam27|protein_name=Nucleolar,pre-rRNA,,hydrophobic_region,36,,LCRFinder
O60287|ensembl_protein_id=ENSP00000372199|entry=NPA1P_HUMAN|source=pfam27|protein_name=Nucleolar,pre-rRNA,,other,4,,LCRFinder
O60293|ensembl_protein_id=ENSP00000368017|entry=ZC3H1_HUMAN|source=pfam27|protein_name=Zinc,unknown,,acidic_region,35,,LCRFinder
O60293|ensembl_protein_id=ENSP00000368017|entry=ZC3H1_HUMAN|source=pfam27|protein_name=Zinc,unknown,,arginine_rich_rna_contact_region,4,,LCRFinder
O60293|ensembl_protein_id=ENSP00000368017|entry=ZC3H1_HUMAN|source=pfam27|protein_name=Zinc,unknown,,basic_enriched_region,23,,LCRFinder
O60293|ensembl_protein_id=ENSP00000368017|entry=ZC3H1_HUMAN|source=pfam27|protein_name=Zinc,unknown,,disorder_rich_spacer_region,46,,LCRFinder
O60293|ensembl_protein_id=ENSP00000368017|entry=ZC3H1_HUMAN|source=pfam27|protein_name=Zinc,unknown,,gs_rich_neutral_region,26,,LCRFinder
O60293|ensembl_protein_id=ENSP00000368017|entry=ZC3H1_HUMAN|source=pfam27|protein_name=Zinc,unknown,,hydrophobic_region,11,,LCRFinder
O60294|ensembl_protein_id=ENSP00000307214|entry=TYW4_HUMAN|source=pfam27|protein_name=tRNA,tRNA,,arginine_rich_rna_contact_region,13,,LCRFinder
O60294|ensembl_protein_id=ENSP00000307214|entry=TYW4_HUMAN|source=pfam27|protein_name=tRNA,tRNA,,hydrophobic_region,8,,LCRFinder
O60318|ensembl_protein_id=ENSP00000291688|entry=GANP_HUMAN|source=rbpdb|protein_name=Germinal-center,mRNA,,acidic_region,15,,LCRFinder
O60318|ensembl_protein_id=ENSP00000291688|entry=GANP_HUMAN|source=rbpdb|protein_name=Germinal-center,mRNA,,arginine_rich_rna_contact_region,11,,LCRFinder
O60318|ensembl_protein_id=ENSP00000291688|entry=GANP_HUMAN|source=rbpdb|protein_name=Germinal-center,mRNA,,aromatic_sticker_region,7,,LCRFinder
O60318|ensembl_protein_id=ENSP00000291688|entry=GANP_HUMAN|source=rbpdb|protein_name=Germinal-center,mRNA,,basic_enriched_region,6,,LCRFinder
O60318|ensembl_protein_id=ENSP00000291688|entry=GANP_HUMAN|source=rbpdb|protein_name=Germinal-center,mRNA,,disorder_rich_spacer_region,12,,LCRFinder
O60318|ensembl_protein_id=ENSP00000291688|entry=GANP_HUMAN|source=rbpdb|protein_name=Germinal-center,mRNA,,hydrophobic_region,4,,LCRFinder
O60318|ensembl_protein_id=ENSP00000291688|entry=GANP_HUMAN|source=rbpdb|protein_name=Germinal-center,mRNA,,other,4,,LCRFinder
O60506|ensembl_protein_id=ENSP00000358635|entry=HNRPQ_HUMAN|source=pfam27|protein_name=Heterogeneous,mRNA,,acidic_region,10,,LCRFinder
O60506|ensembl_protein_id=ENSP00000358635|entry=HNRPQ_HUMAN|source=pfam27|protein_name=Heterogeneous,mRNA,,arginine_rich_rna_contact_region,4,,LCRFinder
O60506|ensembl_protein_id=ENSP00000358635|entry=HNRPQ_HUMAN|source=pfam27|protein_name=Heterogeneous,mRNA,,basic_enriched_region,8,,LCRFinder
O60506|ensembl_protein_id=ENSP00000358635|entry=HNRPQ_HUMAN|source=pfam27|protein_name=Heterogeneous,mRNA,,disorder_rich_spacer_region,20,,LCRFinder
O60506|ensembl_protein_id=ENSP00000358635|entry=HNRPQ_HUMAN|source=pfam27|protein_name=Heterogeneous,mRNA,,hydrophobic_region,4,,LCRFinder
O60506|ensembl_protein_id=ENSP00000358635|entry=HNRPQ_HUMAN|source=pfam27|protein_name=Heterogeneous,mRNA,,other,28,,LCRFinder
O60518|ensembl_protein_id=ENSP00000259569|entry=RNBP6_HUMAN|source=pfam27|protein_name=Ran-binding,mRNA,,disorder_rich_spacer_region,4,,LCRFinder
O60518|ensembl_protein_id=ENSP00000259569|entry=RNBP6_HUMAN|source=pfam27|protein_name=Ran-binding,mRNA,,hydrophobic_region,9,,LCRFinder
O60522|ensembl_protein_id=ENSP00000443299|entry=TDRD6_HUMAN|source=pfam27|protein_name=Tudor,ncRNA,,acidic_region,24,,LCRFinder
O60522|ensembl_protein_id=ENSP00000443299|entry=TDRD6_HUMAN|source=pfam27|protein_name=Tudor,ncRNA,,basic_enriched_region,6,,LCRFinder
O60522|ensembl_protein_id=ENSP00000443299|entry=TDRD6_HUMAN|source=pfam27|protein_name=Tudor,ncRNA,,disorder_rich_spacer_region,8,,LCRFinder
O60563|ensembl_protein_id=ENSP00000261900|entry=CCNT1_HUMAN|source=pfam27|protein_name=Cyclin-T1,ncRNA,,aromatic_sticker_region,13,,LCRFinder
O60563|ensembl_protein_id=ENSP00000261900|entry=CCNT1_HUMAN|source=pfam27|protein_name=Cyclin-T1,ncRNA,,disorder_rich_spacer_region,13,,LCRFinder
O60563|ensembl_protein_id=ENSP00000261900|entry=CCNT1_HUMAN|source=pfam27|protein_name=Cyclin-T1,ncRNA,,other,8,,LCRFinder
O60583|ensembl_protein_id=ENSP00000264157|entry=CCNT2_HUMAN|source=pfam27|protein_name=Cyclin-T2,ncRNA,,aromatic_sticker_region,20,,LCRFinder
O60583|ensembl_protein_id=ENSP00000264157|entry=CCNT2_HUMAN|source=pfam27|protein_name=Cyclin-T2,ncRNA,,disorder_rich_spacer_region,30,,LCRFinder
O60603|ensembl_protein_id=ENSP00000260010|entry=TLR2_HUMAN|source=rbpdb|protein_name=Toll-like,unknown,,acidic_region,5,,LCRFinder
O60603|ensembl_protein_id=ENSP00000260010|entry=TLR2_HUMAN|source=rbpdb|protein_name=Toll-like,unknown,,hydrophobic_region,11,,LCRFinder
O60603|ensembl_protein_id=ENSP00000260010|entry=TLR2_HUMAN|source=rbpdb|protein_name=Toll-like,unknown,,other,4,,LCRFinder
O60812|ensembl_protein_id=ENSP00000365370|entry=HNRC1_HUMAN|source=pfam27|protein_name=Heterogeneous,mRNA,,acidic_region,6,,LCRFinder
O60812|ensembl_protein_id=ENSP00000365370|entry=HNRC1_HUMAN|source=pfam27|protein_name=Heterogeneous,mRNA,,disorder_rich_spacer_region,16,,LCRFinder
O60828|ensembl_protein_id=ENSP00000218224|entry=PQBP1_HUMAN|source=pfam27|protein_name=Polyglutamine-binding,mRNA,,arginine_rich_rna_contact_region,16,,LCRFinder
O60828|ensembl_protein_id=ENSP00000218224|entry=PQBP1_HUMAN|source=pfam27|protein_name=Polyglutamine-binding,mRNA,,other,4,,LCRFinder
O60832|ensembl_protein_id=ENSP00000358563|entry=DKC1_HUMAN|source=pfam27|protein_name=H/ACA,snoRNA,,acidic_region,6,,LCRFinder
O60832|ensembl_protein_id=ENSP00000358563|entry=DKC1_HUMAN|source=pfam27|protein_name=H/ACA,snoRNA,,basic_enriched_region,27,,LCRFinder
O60841|ensembl_protein_id=ENSP00000289371|entry=IF2P_HUMAN|source=pfam27|protein_name=Eukaryotic,tRNA,,acidic_region,54,,LCRFinder
O60841|ensembl_protein_id=ENSP00000289371|entry=IF2P_HUMAN|source=pfam27|protein_name=Eukaryotic,tRNA,,arginine_rich_rna_contact_region,35,,LCRFinder
O60841|ensembl_protein_id=ENSP00000289371|entry=IF2P_HUMAN|source=pfam27|protein_name=Eukaryotic,tRNA,,basic_enriched_region,44,,LCRFinder
O60870|ensembl_protein_id=ENSP00000368881|entry=KIN17_HUMAN|source=pfam27|protein_name=DNA/RNA-binding,snRNA,,acidic_region,5,,LCRFinder
O60870|ensembl_protein_id=ENSP00000368881|entry=KIN17_HUMAN|source=pfam27|protein_name=DNA/RNA-binding,snRNA,,basic_enriched_region,9,,LCRFinder
O60870|ensembl_protein_id=ENSP00000368881|entry=KIN17_HUMAN|source=pfam27|protein_name=DNA/RNA-binding,snRNA,,disorder_rich_spacer_region,10,,LCRFinder
O60942|ensembl_protein_id=ENSP00000442609|entry=MCE1_HUMAN|source=pfam27|protein_name=mRNA-capping,mRNA,,acidic_region,17,,LCRFinder
O60942|ensembl_protein_id=ENSP00000442609|entry=MCE1_HUMAN|source=pfam27|protein_name=mRNA-capping,mRNA,,disorder_rich_spacer_region,5,,LCRFinder
O75123|ensembl_protein_id=ENSP00000445979|entry=ZN623_HUMAN|source=pfam38|protein_name=Zinc,unknown,,hydrophobic_region,4,,LCRFinder
O75127|ensembl_protein_id=ENSP00000292478|entry=PTCD1_HUMAN|source=pfam27|protein_name=Pentatricopeptide,tRNA,,acidic_region,8,,LCRFinder
O75127|ensembl_protein_id=ENSP00000292478|entry=PTCD1_HUMAN|source=pfam27|protein_name=Pentatricopeptide,tRNA,,arginine_rich_rna_contact_region,4,,LCRFinder
O75127|ensembl_protein_id=ENSP00000292478|entry=PTCD1_HUMAN|source=pfam27|protein_name=Pentatricopeptide,tRNA,,disorder_rich_spacer_region,10,,LCRFinder
O75127|ensembl_protein_id=ENSP00000292478|entry=PTCD1_HUMAN|source=pfam27|protein_name=Pentatricopeptide,tRNA,,hydrophobic_region,12,,LCRFinder
O75132|ensembl_protein_id=ENSP00000216268|entry=ZBED4_HUMAN|source=pfam38|protein_name=Zinc,unknown,,disorder_rich_spacer_region,10,,LCRFinder
O75152|ensembl_protein_id=ENSP00000333253|entry=ZC11A_HUMAN|source=rbpdb|protein_name=Zinc,mRNA,,acidic_region,8,,LCRFinder
O75152|ensembl_protein_id=ENSP00000333253|entry=ZC11A_HUMAN|source=rbpdb|protein_name=Zinc,mRNA,,basic_enriched_region,8,,LCRFinder
O75152|ensembl_protein_id=ENSP00000333253|entry=ZC11A_HUMAN|source=rbpdb|protein_name=Zinc,mRNA,,disorder_rich_spacer_region,18,,LCRFinder
O75152|ensembl_protein_id=ENSP00000333253|entry=ZC11A_HUMAN|source=rbpdb|protein_name=Zinc,mRNA,,hydrophobic_region,13,,LCRFinder
O75179|ensembl_protein_id=ENSP00000351416|entry=ANR17_HUMAN|source=pfam27|protein_name=Ankyrin,unknown,,acidic_region,16,,LCRFinder
O75179|ensembl_protein_id=ENSP00000351416|entry=ANR17_HUMAN|source=pfam27|protein_name=Ankyrin,unknown,,arginine_rich_rna_contact_region,14,,LCRFinder
O75179|ensembl_protein_id=ENSP00000351416|entry=ANR17_HUMAN|source=pfam27|protein_name=Ankyrin,unknown,,basic_enriched_region,6,,LCRFinder
O75179|ensembl_protein_id=ENSP00000351416|entry=ANR17_HUMAN|source=pfam27|protein_name=Ankyrin,unknown,,disorder_rich_spacer_region,78,,LCRFinder
O75179|ensembl_protein_id=ENSP00000351416|entry=ANR17_HUMAN|source=pfam27|protein_name=Ankyrin,unknown,,gs_rich_neutral_region,31,,LCRFinder
O75179|ensembl_protein_id=ENSP00000351416|entry=ANR17_HUMAN|source=pfam27|protein_name=Ankyrin,unknown,,hydrophobic_region,20,,LCRFinder
O75179|ensembl_protein_id=ENSP00000351416|entry=ANR17_HUMAN|source=pfam27|protein_name=Ankyrin,unknown,,other,67,,LCRFinder
O75460|ensembl_protein_id=ENSP00000401445|entry=ERN1_HUMAN|source=pfam27|protein_name=Serine/threonine-protein,mRNA,,disorder_rich_spacer_region,10,,LCRFinder
O75460|ensembl_protein_id=ENSP00000401445|entry=ERN1_HUMAN|source=pfam27|protein_name=Serine/threonine-protein,mRNA,,gs_rich_neutral_region,6,,LCRFinder
O75460|ensembl_protein_id=ENSP00000401445|entry=ERN1_HUMAN|source=pfam27|protein_name=Serine/threonine-protein,mRNA,,hydrophobic_region,9,,LCRFinder
O75460|ensembl_protein_id=ENSP00000401445|entry=ERN1_HUMAN|source=pfam27|protein_name=Serine/threonine-protein,mRNA,,other,4,,LCRFinder
O75475|ensembl_protein_id=ENSP00000370109|entry=PSIP1_HUMAN|source=pfam27|protein_name=PC4,mRNA,,arginine_rich_rna_contact_region,11,,LCRFinder
O75475|ensembl_protein_id=ENSP00000370109|entry=PSIP1_HUMAN|source=pfam27|protein_name=PC4,mRNA,,basic_enriched_region,28,,LCRFinder
O75494|ensembl_protein_id=ENSP00000342913|entry=SRS10_HUMAN|source=rbpdb|protein_name=Serine/arginine-rich,mRNA,,arginine_rich_rna_contact_region,15,,LCRFinder
O75494|ensembl_protein_id=ENSP00000342913|entry=SRS10_HUMAN|source=rbpdb|protein_name=Serine/arginine-rich,mRNA,,sr_rs_repeat_region,28,,LCRFinder
O75525|ensembl_protein_id=ENSP00000348108|entry=KHDR3_HUMAN|source=rbpdb|protein_name=KH,mRNA,,acidic_region,4,,LCRFinder
O75525|ensembl_protein_id=ENSP00000348108|entry=KHDR3_HUMAN|source=rbpdb|protein_name=KH,mRNA,,arginine_rich_rna_contact_region,9,,LCRFinder
O75525|ensembl_protein_id=ENSP00000348108|entry=KHDR3_HUMAN|source=rbpdb|protein_name=KH,mRNA,,disorder_rich_spacer_region,6,,LCRFinder
O75526|ensembl_protein_id=ENSP00000304139|entry=RMXL2_HUMAN|source=pfam27;pfam38|protein_name=RNA-binding,mRNA,,arginine_rich_rna_contact_region,23,,LCRFinder
O75526|ensembl_protein_id=ENSP00000304139|entry=RMXL2_HUMAN|source=pfam27;pfam38|protein_name=RNA-binding,mRNA,,disorder_rich_spacer_region,27,,LCRFinder
O75533|ensembl_protein_id=ENSP00000335321|entry=SF3B1_HUMAN|source=pfam27|protein_name=Splicing,mRNA,,acidic_region,5,,LCRFinder
O75533|ensembl_protein_id=ENSP00000335321|entry=SF3B1_HUMAN|source=pfam27|protein_name=Splicing,mRNA,,disorder_rich_spacer_region,7,,LCRFinder
O75533|ensembl_protein_id=ENSP00000335321|entry=SF3B1_HUMAN|source=pfam27|protein_name=Splicing,mRNA,,hydrophobic_region,9,,LCRFinder
O75533|ensembl_protein_id=ENSP00000335321|entry=SF3B1_HUMAN|source=pfam27|protein_name=Splicing,mRNA,,other,12,,LCRFinder
O75534|ensembl_protein_id=ENSP00000407724|entry=CSDE1_HUMAN|source=pfam27|protein_name=Cold,mRNA,,basic_enriched_region,4,,LCRFinder
O75607|ensembl_protein_id=ENSP00000359128|entry=NPM3_HUMAN|source=pfam27|protein_name=Nucleoplasmin-3,pre-rRNA,,acidic_region,9,,LCRFinder
O75607|ensembl_protein_id=ENSP00000359128|entry=NPM3_HUMAN|source=pfam27|protein_name=Nucleoplasmin-3,pre-rRNA,,disorder_rich_spacer_region,7,,LCRFinder
O75643|ensembl_protein_id=ENSP00000317123|entry=U520_HUMAN|source=pfam27|protein_name=U5,snRNA,,acidic_region,12,,LCRFinder
O75643|ensembl_protein_id=ENSP00000317123|entry=U520_HUMAN|source=pfam27|protein_name=U5,snRNA,,arginine_rich_rna_contact_region,12,,LCRFinder
O75691|ensembl_protein_id=ENSP00000261637|entry=UTP20_HUMAN|source=pfam27|protein_name=Small,snoRNA,,acidic_region,38,,LCRFinder
O75691|ensembl_protein_id=ENSP00000261637|entry=UTP20_HUMAN|source=pfam27|protein_name=Small,snoRNA,,basic_enriched_region,19,,LCRFinder
O75691|ensembl_protein_id=ENSP00000261637|entry=UTP20_HUMAN|source=pfam27|protein_name=Small,snoRNA,,disorder_rich_spacer_region,4,,LCRFinder
O75691|ensembl_protein_id=ENSP00000261637|entry=UTP20_HUMAN|source=pfam27|protein_name=Small,snoRNA,,hydrophobic_region,5,,LCRFinder
O75923|ensembl_protein_id=ENSP00000386881|entry=DYSF_HUMAN|source=pfam38|protein_name=Dysferlin,unknown,,arginine_rich_rna_contact_region,12,,LCRFinder
O75923|ensembl_protein_id=ENSP00000386881|entry=DYSF_HUMAN|source=pfam38|protein_name=Dysferlin,unknown,,hydrophobic_region,10,,LCRFinder
O94761|ensembl_protein_id=ENSP00000482313|entry=RECQ4_HUMAN|source=pfam38|protein_name=ATP-dependent,unknown,,acidic_region,4,,LCRFinder
O94761|ensembl_protein_id=ENSP00000482313|entry=RECQ4_HUMAN|source=pfam38|protein_name=ATP-dependent,unknown,,disorder_rich_spacer_region,4,,LCRFinder
O94761|ensembl_protein_id=ENSP00000482313|entry=RECQ4_HUMAN|source=pfam38|protein_name=ATP-dependent,unknown,,hydrophobic_region,5,,LCRFinder
O94761|ensembl_protein_id=ENSP00000482313|entry=RECQ4_HUMAN|source=pfam38|protein_name=ATP-dependent,unknown,,other,10,,LCRFinder
O94762|ensembl_protein_id=ENSP00000317636|entry=RECQ5_HUMAN|source=pfam38|protein_name=ATP-dependent,unknown,,gs_rich_neutral_region,7,,LCRFinder
O94874|ensembl_protein_id=ENSP00000358283|entry=UFL1_HUMAN|source=pfam38|protein_name=E3,unknown,,basic_enriched_region,11,,LCRFinder
O94874|ensembl_protein_id=ENSP00000358283|entry=UFL1_HUMAN|source=pfam38|protein_name=E3,unknown,,disorder_rich_spacer_region,5,,LCRFinder
O94886|ensembl_protein_id=ENSP00000355800|entry=TM63A_HUMAN|source=rbpdb|protein_name=Mechanosensitive,unknown,,disorder_rich_spacer_region,12,,LCRFinder
O94886|ensembl_protein_id=ENSP00000355800|entry=TM63A_HUMAN|source=rbpdb|protein_name=Mechanosensitive,unknown,,hydrophobic_region,4,,LCRFinder
O94906|ensembl_protein_id=ENSP00000266079|entry=PRP6_HUMAN|source=pfam27|protein_name=Pre-mRNA-processing,snRNA,,acidic_region,20,,LCRFinder
O94906|ensembl_protein_id=ENSP00000266079|entry=PRP6_HUMAN|source=pfam27|protein_name=Pre-mRNA-processing,snRNA,,arginine_rich_rna_contact_region,10,,LCRFinder
O94906|ensembl_protein_id=ENSP00000266079|entry=PRP6_HUMAN|source=pfam27|protein_name=Pre-mRNA-processing,snRNA,,basic_enriched_region,4,,LCRFinder
O94906|ensembl_protein_id=ENSP00000266079|entry=PRP6_HUMAN|source=pfam27|protein_name=Pre-mRNA-processing,snRNA,,hydrophobic_region,8,,LCRFinder
O94913|ensembl_protein_id=ENSP00000298281|entry=PCF11_HUMAN|source=pfam27|protein_name=Pre-mRNA,mRNA,,acidic_region,23,,LCRFinder
O94913|ensembl_protein_id=ENSP00000298281|entry=PCF11_HUMAN|source=pfam27|protein_name=Pre-mRNA,mRNA,,arginine_rich_rna_contact_region,14,,LCRFinder
O94913|ensembl_protein_id=ENSP00000298281|entry=PCF11_HUMAN|source=pfam27|protein_name=Pre-mRNA,mRNA,,basic_enriched_region,16,,LCRFinder
O94913|ensembl_protein_id=ENSP00000298281|entry=PCF11_HUMAN|source=pfam27|protein_name=Pre-mRNA,mRNA,,disorder_rich_spacer_region,24,,LCRFinder
O94913|ensembl_protein_id=ENSP00000298281|entry=PCF11_HUMAN|source=pfam27|protein_name=Pre-mRNA,mRNA,,hydrophobic_region,4,,LCRFinder
O94913|ensembl_protein_id=ENSP00000298281|entry=PCF11_HUMAN|source=pfam27|protein_name=Pre-mRNA,mRNA,,other,4,,LCRFinder
O94913|ensembl_protein_id=ENSP00000298281|entry=PCF11_HUMAN|source=pfam27|protein_name=Pre-mRNA,mRNA,,sr_rs_repeat_region,6,,LCRFinder
O94992|ensembl_protein_id=ENSP00000328773|entry=HEXI1_HUMAN|source=pfam27|protein_name=Protein,ncRNA,,acidic_region,34,,LCRFinder
O94992|ensembl_protein_id=ENSP00000328773|entry=HEXI1_HUMAN|source=pfam27|protein_name=Protein,ncRNA,,arginine_rich_rna_contact_region,4,,LCRFinder
O94992|ensembl_protein_id=ENSP00000328773|entry=HEXI1_HUMAN|source=pfam27|protein_name=Protein,ncRNA,,basic_enriched_region,5,,LCRFinder
O95104|ensembl_protein_id=ENSP00000286835|entry=SCAF4_HUMAN|source=pfam27|protein_name=SR-related,mRNA,,arginine_rich_rna_contact_region,32,,LCRFinder
O95104|ensembl_protein_id=ENSP00000286835|entry=SCAF4_HUMAN|source=pfam27|protein_name=SR-related,mRNA,,aromatic_sticker_region,18,,LCRFinder
O95104|ensembl_protein_id=ENSP00000286835|entry=SCAF4_HUMAN|source=pfam27|protein_name=SR-related,mRNA,,disorder_rich_spacer_region,95,,LCRFinder
O95104|ensembl_protein_id=ENSP00000286835|entry=SCAF4_HUMAN|source=pfam27|protein_name=SR-related,mRNA,,other,57,,LCRFinder
O95104|ensembl_protein_id=ENSP00000286835|entry=SCAF4_HUMAN|source=pfam27|protein_name=SR-related,mRNA,,sr_rs_repeat_region,27,,LCRFinder
O95218|ensembl_protein_id=ENSP00000254821|entry=ZRAB2_HUMAN|source=pfam27|protein_name=Zinc,mRNA,,acidic_region,16,,LCRFinder
O95218|ensembl_protein_id=ENSP00000254821|entry=ZRAB2_HUMAN|source=pfam27|protein_name=Zinc,mRNA,,arginine_rich_rna_contact_region,10,,LCRFinder
O95218|ensembl_protein_id=ENSP00000254821|entry=ZRAB2_HUMAN|source=pfam27|protein_name=Zinc,mRNA,,basic_enriched_region,10,,LCRFinder
O95218|ensembl_protein_id=ENSP00000254821|entry=ZRAB2_HUMAN|source=pfam27|protein_name=Zinc,mRNA,,disorder_rich_spacer_region,6,,LCRFinder
O95218|ensembl_protein_id=ENSP00000254821|entry=ZRAB2_HUMAN|source=pfam27|protein_name=Zinc,mRNA,,sr_rs_repeat_region,68,,LCRFinder
O95319|ensembl_protein_id=ENSP00000382743|entry=CELF2_HUMAN|source=rbpdb|protein_name=CUGBP,mRNA,,disorder_rich_spacer_region,44,,LCRFinder
O95319|ensembl_protein_id=ENSP00000382743|entry=CELF2_HUMAN|source=rbpdb|protein_name=CUGBP,mRNA,,other,8,,LCRFinder
O95373|ensembl_protein_id=ENSP00000369042|entry=IPO7_HUMAN|source=pfam27|protein_name=Importin-7,mRNA,,acidic_region,24,,LCRFinder
O95391|ensembl_protein_id=ENSP00000297151|entry=SLU7_HUMAN|source=pfam27|protein_name=Pre-mRNA-splicing,mRNA,,acidic_region,6,,LCRFinder
O95391|ensembl_protein_id=ENSP00000297151|entry=SLU7_HUMAN|source=pfam27|protein_name=Pre-mRNA-splicing,mRNA,,basic_enriched_region,12,,LCRFinder
O95391|ensembl_protein_id=ENSP00000297151|entry=SLU7_HUMAN|source=pfam27|protein_name=Pre-mRNA-splicing,mRNA,,disorder_rich_spacer_region,16,,LCRFinder
O95391|ensembl_protein_id=ENSP00000297151|entry=SLU7_HUMAN|source=pfam27|protein_name=Pre-mRNA-splicing,mRNA,,other,6,,LCRFinder
O95793|ensembl_protein_id=ENSP00000360893|entry=STAU1_HUMAN|source=pfam27|protein_name=Double-stranded,mRNA,,acidic_region,4,,LCRFinder
O95793|ensembl_protein_id=ENSP00000360893|entry=STAU1_HUMAN|source=pfam27|protein_name=Double-stranded,mRNA,,basic_enriched_region,6,,LCRFinder
O95793|ensembl_protein_id=ENSP00000360893|entry=STAU1_HUMAN|source=pfam27|protein_name=Double-stranded,mRNA,,disorder_rich_spacer_region,5,,LCRFinder
O95793|ensembl_protein_id=ENSP00000360893|entry=STAU1_HUMAN|source=pfam27|protein_name=Double-stranded,mRNA,,other,7,,LCRFinder
P05386|ensembl_protein_id=ENSP00000346037|entry=RLA1_HUMAN|source=pfam27|protein_name=Large,ribosomal protein,,acidic_region,12,,LCRFinder
P05386|ensembl_protein_id=ENSP00000346037|entry=RLA1_HUMAN|source=pfam27|protein_name=Large,ribosomal protein,,disorder_rich_spacer_region,8,,LCRFinder
P05388|ensembl_protein_id=ENSP00000366471|entry=RLA0_HUMAN|source=pfam27|protein_name=Large,ribosomal protein,,acidic_region,5,,LCRFinder
P05388|ensembl_protein_id=ENSP00000366471|entry=RLA0_HUMAN|source=pfam27|protein_name=Large,ribosomal protein,,disorder_rich_spacer_region,18,,LCRFinder
P05455|ensembl_protein_id=ENSP00000260956|entry=LA_HUMAN|source=pfam27|protein_name=Lupus,tRNA,,basic_enriched_region,10,,LCRFinder
P05455|ensembl_protein_id=ENSP00000260956|entry=LA_HUMAN|source=pfam27|protein_name=Lupus,tRNA,,disorder_rich_spacer_region,5,,LCRFinder
P06748|ensembl_protein_id=ENSP00000341168|entry=NPM_HUMAN|source=pfam27|protein_name=Nucleophosmin,pre-rRNA,,acidic_region,30,,LCRFinder
P07814|ensembl_protein_id=ENSP00000355890|entry=SYEP_HUMAN|source=pfam27|protein_name=Bifunctional,tRNA,,basic_enriched_region,7,,LCRFinder
P07814|ensembl_protein_id=ENSP00000355890|entry=SYEP_HUMAN|source=pfam27|protein_name=Bifunctional,tRNA,,disorder_rich_spacer_region,22,,LCRFinder
P07910|ensembl_protein_id=ENSP00000404848|entry=HNRPC_HUMAN|source=rbpdb|protein_name=Heterogeneous,mRNA,,acidic_region,16,,LCRFinder
P07910|ensembl_protein_id=ENSP00000404848|entry=HNRPC_HUMAN|source=rbpdb|protein_name=Heterogeneous,mRNA,,disorder_rich_spacer_region,16,,LCRFinder
P08621|ensembl_protein_id=ENSP00000472998|entry=RU17_HUMAN|source=pfam27|protein_name=U1,snRNA,,acidic_region,7,,LCRFinder
P08621|ensembl_protein_id=ENSP00000472998|entry=RU17_HUMAN|source=pfam27|protein_name=U1,snRNA,,arginine_rich_rna_contact_region,59,,LCRFinder
P08621|ensembl_protein_id=ENSP00000472998|entry=RU17_HUMAN|source=pfam27|protein_name=U1,snRNA,,disorder_rich_spacer_region,5,,LCRFinder
P08621|ensembl_protein_id=ENSP00000472998|entry=RU17_HUMAN|source=pfam27|protein_name=U1,snRNA,,other,19,,LCRFinder
P08621|ensembl_protein_id=ENSP00000472998|entry=RU17_HUMAN|source=pfam27|protein_name=U1,snRNA,,sr_rs_repeat_region,38,,LCRFinder
P08865|ensembl_protein_id=ENSP00000410848|entry=RSSA_HUMAN|source=pfam27|protein_name=Small,ribosomal protein,,acidic_region,6,,LCRFinder
P09012|ensembl_protein_id=ENSP00000243563|entry=SNRPA_HUMAN|source=pfam27|protein_name=U1,snRNA,,aromatic_sticker_region,7,,LCRFinder
P09234|ensembl_protein_id=ENSP00000244520|entry=RU1C_HUMAN|source=pfam27|protein_name=U1,snRNA,,disorder_rich_spacer_region,37,,LCRFinder
P09651|ensembl_protein_id=ENSP00000341826|entry=ROA1_HUMAN|source=rbpdb|protein_name=Heterogeneous,mRNA,,aromatic_sticker_region,21,,LCRFinder
P09651|ensembl_protein_id=ENSP00000341826|entry=ROA1_HUMAN|source=rbpdb|protein_name=Heterogeneous,mRNA,,disorder_rich_spacer_region,4,,LCRFinder
P09651|ensembl_protein_id=ENSP00000341826|entry=ROA1_HUMAN|source=rbpdb|protein_name=Heterogeneous,mRNA,,gs_rich_neutral_region,59,,LCRFinder
P09874|ensembl_protein_id=ENSP00000355759|entry=PARP1_HUMAN|source=pfam27|protein_name=Poly,mRNA,,basic_enriched_region,17,,LCRFinder
P09874|ensembl_protein_id=ENSP00000355759|entry=PARP1_HUMAN|source=pfam27|protein_name=Poly,mRNA,,disorder_rich_spacer_region,4,,LCRFinder
P09913|ensembl_protein_id=ENSP00000360891|entry=IFIT2_HUMAN|source=pfam27|protein_name=Interferon-induced,ncRNA,,acidic_region,10,,LCRFinder
P09913|ensembl_protein_id=ENSP00000360891|entry=IFIT2_HUMAN|source=pfam27|protein_name=Interferon-induced,ncRNA,,disorder_rich_spacer_region,4,,LCRFinder
P0C7P1|ensembl_protein_id=ENSP00000399181|entry=RBY1D_HUMAN|source=pfam27|protein_name=RNA-binding,mRNA,,arginine_rich_rna_contact_region,9,,LCRFinder
P0C7P1|ensembl_protein_id=ENSP00000399181|entry=RBY1D_HUMAN|source=pfam27|protein_name=RNA-binding,mRNA,,gs_rich_neutral_region,9,,LCRFinder
P0C7T5|ensembl_protein_id=ENSP00000415822|entry=ATX1L_HUMAN|source=pfam27|protein_name=Ataxin-1-like,mRNA,,disorder_rich_spacer_region,11,,LCRFinder
P0C7T5|ensembl_protein_id=ENSP00000415822|entry=ATX1L_HUMAN|source=pfam27|protein_name=Ataxin-1-like,mRNA,,hydrophobic_region,6,,LCRFinder
P0DJD3|ensembl_protein_id=ENSP00000372154|entry=RBY1A_HUMAN|source=rbpdb|protein_name=RNA-binding,mRNA,,arginine_rich_rna_contact_region,9,,LCRFinder
P0DJD3|ensembl_protein_id=ENSP00000372154|entry=RBY1A_HUMAN|source=rbpdb|protein_name=RNA-binding,mRNA,,gs_rich_neutral_region,9,,LCRFinder
P10153|ensembl_protein_id=ENSP00000303276|entry=RNAS2_HUMAN|source=pfam27|protein_name=Non-secretory,diverse,,hydrophobic_region,8,,LCRFinder
P10155|ensembl_protein_id=ENSP00000356411|entry=RO60_HUMAN|source=rbpdb|protein_name=RNA-binding,unknown,,hydrophobic_region,5,,LCRFinder
P11387|ensembl_protein_id=ENSP00000354522|entry=TOP1_HUMAN|source=pfam27|protein_name=DNA,unknown,,acidic_region,4,,LCRFinder
P11387|ensembl_protein_id=ENSP00000354522|entry=TOP1_HUMAN|source=pfam27|protein_name=DNA,unknown,,basic_enriched_region,38,,LCRFinder
P11940|ensembl_protein_id=ENSP00000313007|entry=PABP1_HUMAN|source=rbpdb|protein_name=Polyadenylate-binding,mRNA,,disorder_rich_spacer_region,13,,LCRFinder
P11940|ensembl_protein_id=ENSP00000313007|entry=PABP1_HUMAN|source=rbpdb|protein_name=Polyadenylate-binding,mRNA,,hydrophobic_region,6,,LCRFinder
P12270|ensembl_protein_id=ENSP00000356448|entry=TPR_HUMAN|source=pfam27|protein_name=Nucleoprotein,mRNA,,acidic_region,70,,LCRFinder
P12270|ensembl_protein_id=ENSP00000356448|entry=TPR_HUMAN|source=pfam27|protein_name=Nucleoprotein,mRNA,,disorder_rich_spacer_region,20,,LCRFinder
P12270|ensembl_protein_id=ENSP00000356448|entry=TPR_HUMAN|source=pfam27|protein_name=Nucleoprotein,mRNA,,gs_rich_neutral_region,7,,LCRFinder
P12270|ensembl_protein_id=ENSP00000356448|entry=TPR_HUMAN|source=pfam27|protein_name=Nucleoprotein,mRNA,,other,15,,LCRFinder
P12724|ensembl_protein_id=ENSP00000302324|entry=ECP_HUMAN|source=pfam27|protein_name=Eosinophil,diverse,,hydrophobic_region,5,,LCRFinder
P13489|ensembl_protein_id=ENSP00000433999|entry=RINI_HUMAN|source=pfam27|protein_name=Ribonuclease,diverse,,disorder_rich_spacer_region,5,,LCRFinder
P13489|ensembl_protein_id=ENSP00000433999|entry=RINI_HUMAN|source=pfam27|protein_name=Ribonuclease,diverse,,hydrophobic_region,5,,LCRFinder
P14678|ensembl_protein_id=ENSP00000370746|entry=RSMB_HUMAN|source=pfam27|protein_name=Small,snRNA,,disorder_rich_spacer_region,35,,LCRFinder
P14866|ensembl_protein_id=ENSP00000221419|entry=HNRPL_HUMAN|source=pfam27|protein_name=Heterogeneous,mRNA,,arginine_rich_rna_contact_region,4,,LCRFinder
P14866|ensembl_protein_id=ENSP00000221419|entry=HNRPL_HUMAN|source=pfam27|protein_name=Heterogeneous,mRNA,,aromatic_sticker_region,6,,LCRFinder
P14866|ensembl_protein_id=ENSP00000221419|entry=HNRPL_HUMAN|source=pfam27|protein_name=Heterogeneous,mRNA,,disorder_rich_spacer_region,39,,LCRFinder
P14866|ensembl_protein_id=ENSP00000221419|entry=HNRPL_HUMAN|source=pfam27|protein_name=Heterogeneous,mRNA,,gs_rich_neutral_region,7,,LCRFinder
P15170|ensembl_protein_id=ENSP00000408399|entry=ERF3A_HUMAN|source=pfam27|protein_name=Eukaryotic,mRNA,,acidic_region,9,,LCRFinder
P15918|ensembl_protein_id=ENSP00000299440|entry=RAG1_HUMAN|source=pfam38|protein_name=V(D)J,unknown,,arginine_rich_rna_contact_region,6,,LCRFinder
P16989|ensembl_protein_id=ENSP00000228251|entry=YBOX3_HUMAN|source=pfam27|protein_name=Y-box-binding,mRNA,,acidic_region,5,,LCRFinder
P16989|ensembl_protein_id=ENSP00000228251|entry=YBOX3_HUMAN|source=pfam27|protein_name=Y-box-binding,mRNA,,arginine_rich_rna_contact_region,39,,LCRFinder
P16989|ensembl_protein_id=ENSP00000228251|entry=YBOX3_HUMAN|source=pfam27|protein_name=Y-box-binding,mRNA,,disorder_rich_spacer_region,22,,LCRFinder
P16989|ensembl_protein_id=ENSP00000228251|entry=YBOX3_HUMAN|source=pfam27|protein_name=Y-box-binding,mRNA,,other,7,,LCRFinder
P17039|ensembl_protein_id=ENSP00000303889|entry=ZNF30_HUMAN|source=pfam38|protein_name=Zinc,unknown,,hydrophobic_region,4,,LCRFinder
P17039|ensembl_protein_id=ENSP00000303889|entry=ZNF30_HUMAN|source=pfam38|protein_name=Zinc,unknown,,other,10,,LCRFinder
P17480|ensembl_protein_id=ENSP00000302640|entry=UBF1_HUMAN|source=pfam27|protein_name=Nucleolar,pre-rRNA,,acidic_region,45,,LCRFinder
P17480|ensembl_protein_id=ENSP00000302640|entry=UBF1_HUMAN|source=pfam27|protein_name=Nucleolar,pre-rRNA,,basic_enriched_region,5,,LCRFinder
P17480|ensembl_protein_id=ENSP00000302640|entry=UBF1_HUMAN|source=pfam27|protein_name=Nucleolar,pre-rRNA,,disorder_rich_spacer_region,22,,LCRFinder
P17480|ensembl_protein_id=ENSP00000302640|entry=UBF1_HUMAN|source=pfam27|protein_name=Nucleolar,pre-rRNA,,other,6,,LCRFinder
P18583|ensembl_protein_id=ENSP00000348984|entry=SON_HUMAN|source=pfam27|protein_name=Protein,mRNA,,acidic_region,47,,LCRFinder
P18583|ensembl_protein_id=ENSP00000348984|entry=SON_HUMAN|source=pfam27|protein_name=Protein,mRNA,,arginine_rich_rna_contact_region,59,,LCRFinder
P18583|ensembl_protein_id=ENSP00000348984|entry=SON_HUMAN|source=pfam27|protein_name=Protein,mRNA,,basic_enriched_region,21,,LCRFinder
P18583|ensembl_protein_id=ENSP00000348984|entry=SON_HUMAN|source=pfam27|protein_name=Protein,mRNA,,disorder_rich_spacer_region,57,,LCRFinder
P18583|ensembl_protein_id=ENSP00000348984|entry=SON_HUMAN|source=pfam27|protein_name=Protein,mRNA,,hydrophobic_region,51,,LCRFinder
P18583|ensembl_protein_id=ENSP00000348984|entry=SON_HUMAN|source=pfam27|protein_name=Protein,mRNA,,other,8,,LCRFinder
P18583|ensembl_protein_id=ENSP00000348984|entry=SON_HUMAN|source=pfam27|protein_name=Protein,mRNA,,sr_rs_repeat_region,37,,LCRFinder
P18615|ensembl_protein_id=ENSP00000364574|entry=NELFE_HUMAN|source=rbpdb|protein_name=Negative,mRNA,,acidic_region,4,,LCRFinder
P18615|ensembl_protein_id=ENSP00000364574|entry=NELFE_HUMAN|source=rbpdb|protein_name=Negative,mRNA,,arginine_rich_rna_contact_region,8,,LCRFinder
P18615|ensembl_protein_id=ENSP00000364574|entry=NELFE_HUMAN|source=rbpdb|protein_name=Negative,mRNA,,basic_enriched_region,12,,LCRFinder
P18615|ensembl_protein_id=ENSP00000364574|entry=NELFE_HUMAN|source=rbpdb|protein_name=Negative,mRNA,,other,47,,LCRFinder
P19338|ensembl_protein_id=ENSP00000318195|entry=NUCL_HUMAN|source=pfam27|protein_name=Nucleolin,snoRNA,,acidic_region,85,,LCRFinder
P19338|ensembl_protein_id=ENSP00000318195|entry=NUCL_HUMAN|source=pfam27|protein_name=Nucleolin,snoRNA,,basic_enriched_region,26,,LCRFinder
P19338|ensembl_protein_id=ENSP00000318195|entry=NUCL_HUMAN|source=pfam27|protein_name=Nucleolin,snoRNA,,disorder_rich_spacer_region,9,,LCRFinder
P19338|ensembl_protein_id=ENSP00000318195|entry=NUCL_HUMAN|source=pfam27|protein_name=Nucleolin,snoRNA,,hydrophobic_region,4,,LCRFinder
P19338|ensembl_protein_id=ENSP00000318195|entry=NUCL_HUMAN|source=pfam27|protein_name=Nucleolin,snoRNA,,other,48,,LCRFinder
P20042|ensembl_protein_id=ENSP00000364119|entry=IF2B_HUMAN|source=pfam27|protein_name=Eukaryotic,tRNA,,acidic_region,19,,LCRFinder
P20042|ensembl_protein_id=ENSP00000364119|entry=IF2B_HUMAN|source=pfam27|protein_name=Eukaryotic,tRNA,,basic_enriched_region,23,,LCRFinder
P20042|ensembl_protein_id=ENSP00000364119|entry=IF2B_HUMAN|source=pfam27|protein_name=Eukaryotic,tRNA,,hydrophobic_region,6,,LCRFinder
P21128|ensembl_protein_id=ENSP00000397679|entry=ENDOU_HUMAN|source=pfam27|protein_name=Uridylate-specific,snoRNA,,acidic_region,6,,LCRFinder
P22087|ensembl_protein_id=ENSP00000221801|entry=FBRL_HUMAN|source=modomics|protein_name=rRNA,snRNA,,aromatic_sticker_region,9,,LCRFinder
P22087|ensembl_protein_id=ENSP00000221801|entry=FBRL_HUMAN|source=modomics|protein_name=rRNA,snRNA,,other,53,,LCRFinder
P22626|ensembl_protein_id=ENSP00000346694|entry=ROA2_HUMAN|source=pfam27|protein_name=Heterogeneous,mRNA,,aromatic_sticker_region,54,,LCRFinder
P22626|ensembl_protein_id=ENSP00000346694|entry=ROA2_HUMAN|source=pfam27|protein_name=Heterogeneous,mRNA,,gs_rich_neutral_region,11,,LCRFinder
P23246|ensembl_protein_id=ENSP00000349748|entry=SFPQ_HUMAN|source=pfam27|protein_name=Splicing,mRNA,,acidic_region,22,,LCRFinder
P23246|ensembl_protein_id=ENSP00000349748|entry=SFPQ_HUMAN|source=pfam27|protein_name=Splicing,mRNA,,aromatic_sticker_region,7,,LCRFinder
P23246|ensembl_protein_id=ENSP00000349748|entry=SFPQ_HUMAN|source=pfam27|protein_name=Splicing,mRNA,,disorder_rich_spacer_region,141,,LCRFinder
P23246|ensembl_protein_id=ENSP00000349748|entry=SFPQ_HUMAN|source=pfam27|protein_name=Splicing,mRNA,,other,11,,LCRFinder
P23588|ensembl_protein_id=ENSP00000262056|entry=IF4B_HUMAN|source=rbpdb|protein_name=Eukaryotic,mRNA,,acidic_region,35,,LCRFinder
P23588|ensembl_protein_id=ENSP00000262056|entry=IF4B_HUMAN|source=rbpdb|protein_name=Eukaryotic,mRNA,,aromatic_sticker_region,10,,LCRFinder
P23588|ensembl_protein_id=ENSP00000262056|entry=IF4B_HUMAN|source=rbpdb|protein_name=Eukaryotic,mRNA,,basic_enriched_region,6,,LCRFinder
P23588|ensembl_protein_id=ENSP00000262056|entry=IF4B_HUMAN|source=rbpdb|protein_name=Eukaryotic,mRNA,,disorder_rich_spacer_region,10,,LCRFinder
P23588|ensembl_protein_id=ENSP00000262056|entry=IF4B_HUMAN|source=rbpdb|protein_name=Eukaryotic,mRNA,,other,4,,LCRFinder
P25311|ensembl_protein_id=ENSP00000292401|entry=ZA2G_HUMAN|source=pfam27|protein_name=Zinc-alpha-2-glycoprotein,unknown,,hydrophobic_region,8,,LCRFinder
P26358|ensembl_protein_id=ENSP00000352516|entry=DNMT1_HUMAN|source=pfam27|protein_name=DNA,ncRNA,,acidic_region,26,,LCRFinder
P26358|ensembl_protein_id=ENSP00000352516|entry=DNMT1_HUMAN|source=pfam27|protein_name=DNA,ncRNA,,basic_enriched_region,15,,LCRFinder
P26358|ensembl_protein_id=ENSP00000352516|entry=DNMT1_HUMAN|source=pfam27|protein_name=DNA,ncRNA,,disorder_rich_spacer_region,5,,LCRFinder
P26368|ensembl_protein_id=ENSP00000307863|entry=U2AF2_HUMAN|source=pfam27|protein_name=Splicing,mRNA,,acidic_region,11,,LCRFinder
P26368|ensembl_protein_id=ENSP00000307863|entry=U2AF2_HUMAN|source=pfam27|protein_name=Splicing,mRNA,,arginine_rich_rna_contact_region,13,,LCRFinder
P26368|ensembl_protein_id=ENSP00000307863|entry=U2AF2_HUMAN|source=pfam27|protein_name=Splicing,mRNA,,basic_enriched_region,4,,LCRFinder
P26368|ensembl_protein_id=ENSP00000307863|entry=U2AF2_HUMAN|source=pfam27|protein_name=Splicing,mRNA,,hydrophobic_region,6,,LCRFinder
P26368|ensembl_protein_id=ENSP00000307863|entry=U2AF2_HUMAN|source=pfam27|protein_name=Splicing,mRNA,,other,4,,LCRFinder
P26368|ensembl_protein_id=ENSP00000307863|entry=U2AF2_HUMAN|source=pfam27|protein_name=Splicing,mRNA,,sr_rs_repeat_region,6,,LCRFinder
P26599|ensembl_protein_id=ENSP00000349428|entry=PTBP1_HUMAN|source=pfam27|protein_name=Polypyrimidine,mRNA,,disorder_rich_spacer_region,22,,LCRFinder
P26639|ensembl_protein_id=ENSP00000387710|entry=SYTC_HUMAN|source=pfam27|protein_name=Threonine--tRNA,tRNA,,acidic_region,4,,LCRFinder
P26639|ensembl_protein_id=ENSP00000387710|entry=SYTC_HUMAN|source=pfam27|protein_name=Threonine--tRNA,tRNA,,basic_enriched_region,5,,LCRFinder
P26639|ensembl_protein_id=ENSP00000387710|entry=SYTC_HUMAN|source=pfam27|protein_name=Threonine--tRNA,tRNA,,disorder_rich_spacer_region,4,,LCRFinder
P26640|ensembl_protein_id=ENSP00000211402|entry=SYVC_HUMAN|source=pfam27;pfam38|protein_name=Valine--tRNA,tRNA,,acidic_region,9,,LCRFinder
P26640|ensembl_protein_id=ENSP00000211402|entry=SYVC_HUMAN|source=pfam27;pfam38|protein_name=Valine--tRNA,tRNA,,basic_enriched_region,16,,LCRFinder
P26640|ensembl_protein_id=ENSP00000211402|entry=SYVC_HUMAN|source=pfam27;pfam38|protein_name=Valine--tRNA,tRNA,,disorder_rich_spacer_region,11,,LCRFinder
P26640|ensembl_protein_id=ENSP00000211402|entry=SYVC_HUMAN|source=pfam27;pfam38|protein_name=Valine--tRNA,tRNA,,gs_rich_neutral_region,9,,LCRFinder
P26640|ensembl_protein_id=ENSP00000211402|entry=SYVC_HUMAN|source=pfam27;pfam38|protein_name=Valine--tRNA,tRNA,,hydrophobic_region,4,,LCRFinder
P26651|ensembl_protein_id=ENSP00000469647|entry=TTP_HUMAN|source=rbpdb|protein_name=mRNA,mRNA,,disorder_rich_spacer_region,19,,LCRFinder
P26651|ensembl_protein_id=ENSP00000469647|entry=TTP_HUMAN|source=rbpdb|protein_name=mRNA,mRNA,,gs_rich_neutral_region,5,,LCRFinder
P26651|ensembl_protein_id=ENSP00000469647|entry=TTP_HUMAN|source=rbpdb|protein_name=mRNA,mRNA,,other,4,,LCRFinder
P27824|ensembl_protein_id=ENSP00000391646|entry=CALX_HUMAN|source=pfam27|protein_name=Calnexin,unknown,,acidic_region,36,,LCRFinder
P29558|ensembl_protein_id=ENSP00000294904|entry=RBMS1_HUMAN|source=rbpdb|protein_name=RNA-binding,mRNA,,disorder_rich_spacer_region,5,,LCRFinder
P29692|ensembl_protein_id=ENSP00000433611|entry=EF1D_HUMAN|source=pfam27|protein_name=Elongation,tRNA,,acidic_region,6,,LCRFinder
P31942|ensembl_protein_id=ENSP00000265866|entry=HNRH3_HUMAN|source=pfam27;pfam38|protein_name=Heterogeneous,mRNA,,arginine_rich_rna_contact_region,4,,LCRFinder
P31942|ensembl_protein_id=ENSP00000265866|entry=HNRH3_HUMAN|source=pfam27;pfam38|protein_name=Heterogeneous,mRNA,,aromatic_sticker_region,5,,LCRFinder
P31942|ensembl_protein_id=ENSP00000265866|entry=HNRH3_HUMAN|source=pfam27;pfam38|protein_name=Heterogeneous,mRNA,,disorder_rich_spacer_region,5,,LCRFinder
P31942|ensembl_protein_id=ENSP00000265866|entry=HNRH3_HUMAN|source=pfam27;pfam38|protein_name=Heterogeneous,mRNA,,gs_rich_neutral_region,14,,LCRFinder
P31942|ensembl_protein_id=ENSP00000265866|entry=HNRH3_HUMAN|source=pfam27;pfam38|protein_name=Heterogeneous,mRNA,,hydrophobic_region,8,,LCRFinder
P31943|ensembl_protein_id=ENSP00000377082|entry=HNRH1_HUMAN|source=pfam27|protein_name=Heterogeneous,mRNA,,aromatic_sticker_region,7,,LCRFinder
P31943|ensembl_protein_id=ENSP00000377082|entry=HNRH1_HUMAN|source=pfam27|protein_name=Heterogeneous,mRNA,,gs_rich_neutral_region,17,,LCRFinder
P33240|ensembl_protein_id=ENSP00000362063|entry=CSTF2_HUMAN|source=rbpdb|protein_name=Cleavage,mRNA,,disorder_rich_spacer_region,5,,LCRFinder
P35269|ensembl_protein_id=ENSP00000377969|entry=T2FA_HUMAN|source=pfam27|protein_name=General,mRNA,,acidic_region,42,,LCRFinder
P35269|ensembl_protein_id=ENSP00000377969|entry=T2FA_HUMAN|source=pfam27|protein_name=General,mRNA,,basic_enriched_region,14,,LCRFinder
P35637|ensembl_protein_id=ENSP00000254108|entry=FUS_HUMAN|source=rbpdb|protein_name=RNA-binding,mRNA,,arginine_rich_rna_contact_region,7,,LCRFinder
P35637|ensembl_protein_id=ENSP00000254108|entry=FUS_HUMAN|source=rbpdb|protein_name=RNA-binding,mRNA,,aromatic_sticker_region,6,,LCRFinder
P35637|ensembl_protein_id=ENSP00000254108|entry=FUS_HUMAN|source=rbpdb|protein_name=RNA-binding,mRNA,,disorder_rich_spacer_region,44,,LCRFinder
P35637|ensembl_protein_id=ENSP00000254108|entry=FUS_HUMAN|source=rbpdb|protein_name=RNA-binding,mRNA,,gs_rich_neutral_region,47,,LCRFinder
P35637|ensembl_protein_id=ENSP00000254108|entry=FUS_HUMAN|source=rbpdb|protein_name=RNA-binding,mRNA,,other,83,,LCRFinder
P36776|ensembl_protein_id=ENSP00000353826|entry=LONM_HUMAN|source=pfam27|protein_name=Lon,diverse,,acidic_region,7,,LCRFinder
P36776|ensembl_protein_id=ENSP00000353826|entry=LONM_HUMAN|source=pfam27|protein_name=Lon,diverse,,basic_enriched_region,4,,LCRFinder
P36776|ensembl_protein_id=ENSP00000353826|entry=LONM_HUMAN|source=pfam27|protein_name=Lon,diverse,,disorder_rich_spacer_region,17,,LCRFinder
P36776|ensembl_protein_id=ENSP00000353826|entry=LONM_HUMAN|source=pfam27|protein_name=Lon,diverse,,hydrophobic_region,5,,LCRFinder
P37108|ensembl_protein_id=ENSP00000267884|entry=SRP14_HUMAN|source=pfam27|protein_name=Signal,ncRNA,,arginine_rich_rna_contact_region,6,,LCRFinder
P37108|ensembl_protein_id=ENSP00000267884|entry=SRP14_HUMAN|source=pfam27|protein_name=Signal,ncRNA,,disorder_rich_spacer_region,27,,LCRFinder
P38159|ensembl_protein_id=ENSP00000359645|entry=RBMX_HUMAN|source=rbpdb|protein_name=RNA-binding,mRNA,,acidic_region,6,,LCRFinder
P38159|ensembl_protein_id=ENSP00000359645|entry=RBMX_HUMAN|source=rbpdb|protein_name=RNA-binding,mRNA,,arginine_rich_rna_contact_region,14,,LCRFinder
P38159|ensembl_protein_id=ENSP00000359645|entry=RBMX_HUMAN|source=rbpdb|protein_name=RNA-binding,mRNA,,disorder_rich_spacer_region,20,,LCRFinder
P38159|ensembl_protein_id=ENSP00000359645|entry=RBMX_HUMAN|source=rbpdb|protein_name=RNA-binding,mRNA,,gs_rich_neutral_region,39,,LCRFinder
P38159|ensembl_protein_id=ENSP00000359645|entry=RBMX_HUMAN|source=rbpdb|protein_name=RNA-binding,mRNA,,other,4,,LCRFinder
P38398|ensembl_protein_id=ENSP00000418960|entry=BRCA1_HUMAN|source=pfam27|protein_name=Breast,ncRNA,,acidic_region,19,,LCRFinder
P38398|ensembl_protein_id=ENSP00000418960|entry=BRCA1_HUMAN|source=pfam27|protein_name=Breast,ncRNA,,basic_enriched_region,4,,LCRFinder
P38935|ensembl_protein_id=ENSP00000255078|entry=SMBP2_HUMAN|source=pfam27;pfam38|protein_name=DNA-binding,tRNA,,basic_enriched_region,5,,LCRFinder
P38935|ensembl_protein_id=ENSP00000255078|entry=SMBP2_HUMAN|source=pfam27;pfam38|protein_name=DNA-binding,tRNA,,other,4,,LCRFinder
P41214|ensembl_protein_id=ENSP00000271764|entry=EIF2D_HUMAN|source=pfam27|protein_name=Eukaryotic,tRNA,,disorder_rich_spacer_region,5,,LCRFinder
P41250|ensembl_protein_id=ENSP00000373918|entry=GARS_HUMAN|source=pfam27|protein_name=Glycine--tRNA,tRNA,,disorder_rich_spacer_region,7,,LCRFinder
P41250|ensembl_protein_id=ENSP00000373918|entry=GARS_HUMAN|source=pfam27|protein_name=Glycine--tRNA,tRNA,,hydrophobic_region,7,,LCRFinder
P42694|ensembl_protein_id=ENSP00000351524|entry=HELZ_HUMAN|source=rbpdb|protein_name=ATP-dependent,mRNA,,disorder_rich_spacer_region,34,,LCRFinder
P42694|ensembl_protein_id=ENSP00000351524|entry=HELZ_HUMAN|source=rbpdb|protein_name=ATP-dependent,mRNA,,hydrophobic_region,4,,LCRFinder
P42694|ensembl_protein_id=ENSP00000351524|entry=HELZ_HUMAN|source=rbpdb|protein_name=ATP-dependent,mRNA,,other,20,,LCRFinder
P42696|ensembl_protein_id=ENSP00000386226|entry=RBM34_HUMAN|source=pfam38|protein_name=RNA-binding,mRNA,,acidic_region,4,,LCRFinder
P42696|ensembl_protein_id=ENSP00000386226|entry=RBM34_HUMAN|source=pfam38|protein_name=RNA-binding,mRNA,,arginine_rich_rna_contact_region,6,,LCRFinder
P42696|ensembl_protein_id=ENSP00000386226|entry=RBM34_HUMAN|source=pfam38|protein_name=RNA-binding,mRNA,,basic_enriched_region,7,,LCRFinder
P42704|ensembl_protein_id=ENSP00000260665|entry=LPPRC_HUMAN|source=pfam27|protein_name=Leucine-rich,mRNA,,hydrophobic_region,19,,LCRFinder
P43243|ensembl_protein_id=ENSP00000354346|entry=MATR3_HUMAN|source=rbpdb|protein_name=Matrin-3,mRNA,,acidic_region,6,,LCRFinder
P43243|ensembl_protein_id=ENSP00000354346|entry=MATR3_HUMAN|source=rbpdb|protein_name=Matrin-3,mRNA,,basic_enriched_region,9,,LCRFinder
P43243|ensembl_protein_id=ENSP00000354346|entry=MATR3_HUMAN|source=rbpdb|protein_name=Matrin-3,mRNA,,disorder_rich_spacer_region,8,,LCRFinder
P43243|ensembl_protein_id=ENSP00000354346|entry=MATR3_HUMAN|source=rbpdb|protein_name=Matrin-3,mRNA,,hydrophobic_region,5,,LCRFinder
P43243|ensembl_protein_id=ENSP00000354346|entry=MATR3_HUMAN|source=rbpdb|protein_name=Matrin-3,mRNA,,other,4,,LCRFinder
P46087|ensembl_protein_id=ENSP00000371858|entry=NOP2_HUMAN|source=pfam27|protein_name=28S,pre-rRNA,,acidic_region,14,,LCRFinder
P46087|ensembl_protein_id=ENSP00000371858|entry=NOP2_HUMAN|source=pfam27|protein_name=28S,pre-rRNA,,basic_enriched_region,10,,LCRFinder
P46100|ensembl_protein_id=ENSP00000362441|entry=ATRX_HUMAN|source=pfam38|protein_name=Chromatin,unknown,,acidic_region,98,,LCRFinder
P46100|ensembl_protein_id=ENSP00000362441|entry=ATRX_HUMAN|source=pfam38|protein_name=Chromatin,unknown,,arginine_rich_rna_contact_region,7,,LCRFinder
P46100|ensembl_protein_id=ENSP00000362441|entry=ATRX_HUMAN|source=pfam38|protein_name=Chromatin,unknown,,aromatic_sticker_region,11,,LCRFinder
P46100|ensembl_protein_id=ENSP00000362441|entry=ATRX_HUMAN|source=pfam38|protein_name=Chromatin,unknown,,basic_enriched_region,62,,LCRFinder
P46100|ensembl_protein_id=ENSP00000362441|entry=ATRX_HUMAN|source=pfam38|protein_name=Chromatin,unknown,,disorder_rich_spacer_region,42,,LCRFinder
P46100|ensembl_protein_id=ENSP00000362441|entry=ATRX_HUMAN|source=pfam38|protein_name=Chromatin,unknown,,gs_rich_neutral_region,5,,LCRFinder
P46781|ensembl_protein_id=ENSP00000302896|entry=RS9_HUMAN|source=pfam27|protein_name=Small,ribosomal protein,,arginine_rich_rna_contact_region,4,,LCRFinder
P47914|ensembl_protein_id=ENSP00000420673|entry=RL29_HUMAN|source=pfam27|protein_name=Large,ribosomal protein,,basic_enriched_region,19,,LCRFinder
P47974|ensembl_protein_id=ENSP00000282388|entry=TISD_HUMAN|source=pfam27|protein_name=mRNA,mRNA,,disorder_rich_spacer_region,98,,LCRFinder
P47974|ensembl_protein_id=ENSP00000282388|entry=TISD_HUMAN|source=pfam27|protein_name=mRNA,mRNA,,gs_rich_neutral_region,6,,LCRFinder
P49756|ensembl_protein_id=ENSP00000431150|entry=RBM25_HUMAN|source=pfam27|protein_name=RNA-binding,mRNA,,acidic_region,35,,LCRFinder
P49756|ensembl_protein_id=ENSP00000431150|entry=RBM25_HUMAN|source=pfam27|protein_name=RNA-binding,mRNA,,arginine_rich_rna_contact_region,14,,LCRFinder
P49756|ensembl_protein_id=ENSP00000431150|entry=RBM25_HUMAN|source=pfam27|protein_name=RNA-binding,mRNA,,basic_enriched_region,12,,LCRFinder
P49756|ensembl_protein_id=ENSP00000431150|entry=RBM25_HUMAN|source=pfam27|protein_name=RNA-binding,mRNA,,disorder_rich_spacer_region,132,,LCRFinder
P49760|ensembl_protein_id=ENSP00000354856|entry=CLK2_HUMAN|source=pfam27|protein_name=Dual,mRNA,,arginine_rich_rna_contact_region,44,,LCRFinder
P49760|ensembl_protein_id=ENSP00000354856|entry=CLK2_HUMAN|source=pfam27|protein_name=Dual,mRNA,,aromatic_sticker_region,9,,LCRFinder
P49761|ensembl_protein_id=ENSP00000344112|entry=CLK3_HUMAN|source=pfam27|protein_name=Dual,mRNA,,arginine_rich_rna_contact_region,14,,LCRFinder
P49761|ensembl_protein_id=ENSP00000344112|entry=CLK3_HUMAN|source=pfam27|protein_name=Dual,mRNA,,disorder_rich_spacer_region,5,,LCRFinder
P49761|ensembl_protein_id=ENSP00000344112|entry=CLK3_HUMAN|source=pfam27|protein_name=Dual,mRNA,,sr_rs_repeat_region,7,,LCRFinder
P49790|ensembl_protein_id=ENSP00000262077|entry=NU153_HUMAN|source=pfam27|protein_name=Nuclear,diverse,,acidic_region,4,,LCRFinder
P49790|ensembl_protein_id=ENSP00000262077|entry=NU153_HUMAN|source=pfam27|protein_name=Nuclear,diverse,,aromatic_sticker_region,10,,LCRFinder
P49790|ensembl_protein_id=ENSP00000262077|entry=NU153_HUMAN|source=pfam27|protein_name=Nuclear,diverse,,disorder_rich_spacer_region,54,,LCRFinder
P49790|ensembl_protein_id=ENSP00000262077|entry=NU153_HUMAN|source=pfam27|protein_name=Nuclear,diverse,,gs_rich_neutral_region,37,,LCRFinder
P49790|ensembl_protein_id=ENSP00000262077|entry=NU153_HUMAN|source=pfam27|protein_name=Nuclear,diverse,,other,28,,LCRFinder
P49792|ensembl_protein_id=ENSP00000283195|entry=RBP2_HUMAN|source=pfam27|protein_name=E3,mRNA,,acidic_region,28,,LCRFinder
P49792|ensembl_protein_id=ENSP00000283195|entry=RBP2_HUMAN|source=pfam27|protein_name=E3,mRNA,,basic_enriched_region,4,,LCRFinder
P49792|ensembl_protein_id=ENSP00000283195|entry=RBP2_HUMAN|source=pfam27|protein_name=E3,mRNA,,disorder_rich_spacer_region,11,,LCRFinder
P49792|ensembl_protein_id=ENSP00000283195|entry=RBP2_HUMAN|source=pfam27|protein_name=E3,mRNA,,gs_rich_neutral_region,5,,LCRFinder
P49792|ensembl_protein_id=ENSP00000283195|entry=RBP2_HUMAN|source=pfam27|protein_name=E3,mRNA,,other,4,,LCRFinder
P50914|ensembl_protein_id=ENSP00000379506|entry=RL14_HUMAN|source=pfam27|protein_name=Large,ribosomal protein,,basic_enriched_region,9,,LCRFinder
P50914|ensembl_protein_id=ENSP00000379506|entry=RL14_HUMAN|source=pfam27|protein_name=Large,ribosomal protein,,disorder_rich_spacer_region,19,,LCRFinder
P51114|ensembl_protein_id=ENSP00000307633|entry=FXR1_HUMAN|source=rbpdb|protein_name=RNA-binding,mRNA,,arginine_rich_rna_contact_region,25,,LCRFinder
P51114|ensembl_protein_id=ENSP00000307633|entry=FXR1_HUMAN|source=rbpdb|protein_name=RNA-binding,mRNA,,disorder_rich_spacer_region,4,,LCRFinder
P51114|ensembl_protein_id=ENSP00000307633|entry=FXR1_HUMAN|source=rbpdb|protein_name=RNA-binding,mRNA,,other,17,,LCRFinder
P51116|ensembl_protein_id=ENSP00000250113|entry=FXR2_HUMAN|source=pfam27|protein_name=RNA-binding,mRNA,,acidic_region,5,,LCRFinder
P51116|ensembl_protein_id=ENSP00000250113|entry=FXR2_HUMAN|source=pfam27|protein_name=RNA-binding,mRNA,,arginine_rich_rna_contact_region,42,,LCRFinder
P51116|ensembl_protein_id=ENSP00000250113|entry=FXR2_HUMAN|source=pfam27|protein_name=RNA-binding,mRNA,,disorder_rich_spacer_region,11,,LCRFinder
P51513|ensembl_protein_id=ENSP00000438875|entry=NOVA1_HUMAN|source=pfam27|protein_name=RNA-binding,mRNA,,disorder_rich_spacer_region,38,,LCRFinder
P51531|ensembl_protein_id=ENSP00000265773|entry=SMCA2_HUMAN|source=pfam38|protein_name=SWI/SNF-related,unknown,,acidic_region,52,,LCRFinder
P51531|ensembl_protein_id=ENSP00000265773|entry=SMCA2_HUMAN|source=pfam38|protein_name=SWI/SNF-related,unknown,,arginine_rich_rna_contact_region,29,,LCRFinder
P51531|ensembl_protein_id=ENSP00000265773|entry=SMCA2_HUMAN|source=pfam38|protein_name=SWI/SNF-related,unknown,,basic_enriched_region,6,,LCRFinder
P51531|ensembl_protein_id=ENSP00000265773|entry=SMCA2_HUMAN|source=pfam38|protein_name=SWI/SNF-related,unknown,,disorder_rich_spacer_region,41,,LCRFinder
P51531|ensembl_protein_id=ENSP00000265773|entry=SMCA2_HUMAN|source=pfam38|protein_name=SWI/SNF-related,unknown,,hydrophobic_region,6,,LCRFinder
P51531|ensembl_protein_id=ENSP00000265773|entry=SMCA2_HUMAN|source=pfam38|protein_name=SWI/SNF-related,unknown,,other,38,,LCRFinder
P51608|ensembl_protein_id=ENSP00000301948|entry=MECP2_HUMAN|source=pfam27|protein_name=Methyl-CpG-binding,mRNA,,arginine_rich_rna_contact_region,6,,LCRFinder
P51608|ensembl_protein_id=ENSP00000301948|entry=MECP2_HUMAN|source=pfam27|protein_name=Methyl-CpG-binding,mRNA,,aromatic_sticker_region,18,,LCRFinder
P51608|ensembl_protein_id=ENSP00000301948|entry=MECP2_HUMAN|source=pfam27|protein_name=Methyl-CpG-binding,mRNA,,basic_enriched_region,18,,LCRFinder
P51608|ensembl_protein_id=ENSP00000301948|entry=MECP2_HUMAN|source=pfam27|protein_name=Methyl-CpG-binding,mRNA,,disorder_rich_spacer_region,13,,LCRFinder
P51825|ensembl_protein_id=ENSP00000378578|entry=AFF1_HUMAN|source=pfam27|protein_name=AF4/FMR2,mRNA,,acidic_region,46,,LCRFinder
P51825|ensembl_protein_id=ENSP00000378578|entry=AFF1_HUMAN|source=pfam27|protein_name=AF4/FMR2,mRNA,,aromatic_sticker_region,9,,LCRFinder
P51825|ensembl_protein_id=ENSP00000378578|entry=AFF1_HUMAN|source=pfam27|protein_name=AF4/FMR2,mRNA,,basic_enriched_region,19,,LCRFinder
P51825|ensembl_protein_id=ENSP00000378578|entry=AFF1_HUMAN|source=pfam27|protein_name=AF4/FMR2,mRNA,,disorder_rich_spacer_region,44,,LCRFinder
P51825|ensembl_protein_id=ENSP00000378578|entry=AFF1_HUMAN|source=pfam27|protein_name=AF4/FMR2,mRNA,,gs_rich_neutral_region,8,,LCRFinder
P51825|ensembl_protein_id=ENSP00000378578|entry=AFF1_HUMAN|source=pfam27|protein_name=AF4/FMR2,mRNA,,other,4,,LCRFinder
P51843|ensembl_protein_id=ENSP00000368253|entry=NR0B1_HUMAN|source=pfam27|protein_name=Nuclear,mRNA,,acidic_region,6,,LCRFinder
P51991|ensembl_protein_id=ENSP00000408487|entry=ROA3_HUMAN|source=pfam27|protein_name=Heterogeneous,mRNA,,arginine_rich_rna_contact_region,12,,LCRFinder
P51991|ensembl_protein_id=ENSP00000408487|entry=ROA3_HUMAN|source=pfam27|protein_name=Heterogeneous,mRNA,,aromatic_sticker_region,64,,LCRFinder
P51991|ensembl_protein_id=ENSP00000408487|entry=ROA3_HUMAN|source=pfam27|protein_name=Heterogeneous,mRNA,,disorder_rich_spacer_region,6,,LCRFinder
P51991|ensembl_protein_id=ENSP00000408487|entry=ROA3_HUMAN|source=pfam27|protein_name=Heterogeneous,mRNA,,gs_rich_neutral_region,12,,LCRFinder
P52272|ensembl_protein_id=ENSP00000325376|entry=HNRPM_HUMAN|source=pfam27|protein_name=Heterogeneous,mRNA,,disorder_rich_spacer_region,35,,LCRFinder
P52272|ensembl_protein_id=ENSP00000325376|entry=HNRPM_HUMAN|source=pfam27|protein_name=Heterogeneous,mRNA,,hydrophobic_region,4,,LCRFinder
P52272|ensembl_protein_id=ENSP00000325376|entry=HNRPM_HUMAN|source=pfam27|protein_name=Heterogeneous,mRNA,,other,6,,LCRFinder
P52594|ensembl_protein_id=ENSP00000312059|entry=AGFG1_HUMAN|source=pfam27|protein_name=Arf-GAP,mRNA,,aromatic_sticker_region,15,,LCRFinder
P52594|ensembl_protein_id=ENSP00000312059|entry=AGFG1_HUMAN|source=pfam27|protein_name=Arf-GAP,mRNA,,disorder_rich_spacer_region,28,,LCRFinder
P52594|ensembl_protein_id=ENSP00000312059|entry=AGFG1_HUMAN|source=pfam27|protein_name=Arf-GAP,mRNA,,gs_rich_neutral_region,5,,LCRFinder
P52756|ensembl_protein_id=ENSP00000343054|entry=RBM5_HUMAN|source=pfam27|protein_name=RNA-binding,mRNA,,arginine_rich_rna_contact_region,12,,LCRFinder
P52756|ensembl_protein_id=ENSP00000343054|entry=RBM5_HUMAN|source=pfam27|protein_name=RNA-binding,mRNA,,aromatic_sticker_region,14,,LCRFinder
P52756|ensembl_protein_id=ENSP00000343054|entry=RBM5_HUMAN|source=pfam27|protein_name=RNA-binding,mRNA,,hydrophobic_region,14,,LCRFinder
P52756|ensembl_protein_id=ENSP00000343054|entry=RBM5_HUMAN|source=pfam27|protein_name=RNA-binding,mRNA,,other,16,,LCRFinder
P52815|ensembl_protein_id=ENSP00000333837|entry=RM12_HUMAN|source=pfam27;pfam38|protein_name=Large,ribosomal protein,,disorder_rich_spacer_region,4,,LCRFinder
P52824|ensembl_protein_id=ENSP00000273814|entry=DGKQ_HUMAN|source=rbpdb|protein_name=Diacylglycerol,unknown,,disorder_rich_spacer_region,13,,LCRFinder
P52824|ensembl_protein_id=ENSP00000273814|entry=DGKQ_HUMAN|source=rbpdb|protein_name=Diacylglycerol,unknown,,hydrophobic_region,4,,LCRFinder
P52824|ensembl_protein_id=ENSP00000273814|entry=DGKQ_HUMAN|source=rbpdb|protein_name=Diacylglycerol,unknown,,other,4,,LCRFinder
P53999|ensembl_protein_id=ENSP00000426850|entry=TCP4_HUMAN|source=pfam27|protein_name=Activated,mRNA,,disorder_rich_spacer_region,14,,LCRFinder
P54253|ensembl_protein_id=ENSP00000416360|entry=ATX1_HUMAN|source=pfam27|protein_name=Ataxin-1,mRNA,,aromatic_sticker_region,8,,LCRFinder
P54253|ensembl_protein_id=ENSP00000416360|entry=ATX1_HUMAN|source=pfam27|protein_name=Ataxin-1,mRNA,,disorder_rich_spacer_region,47,,LCRFinder
P55010|ensembl_protein_id=ENSP00000376477|entry=IF5_HUMAN|source=pfam27|protein_name=Eukaryotic,mRNA,,acidic_region,4,,LCRFinder
P55010|ensembl_protein_id=ENSP00000376477|entry=IF5_HUMAN|source=pfam27|protein_name=Eukaryotic,mRNA,,basic_enriched_region,13,,LCRFinder
P55010|ensembl_protein_id=ENSP00000376477|entry=IF5_HUMAN|source=pfam27|protein_name=Eukaryotic,mRNA,,disorder_rich_spacer_region,7,,LCRFinder
P55199|ensembl_protein_id=ENSP00000262809|entry=ELL_HUMAN|source=pfam38|protein_name=RNA,snRNA,,basic_enriched_region,6,,LCRFinder
P55265|ensembl_protein_id=ENSP00000357459|entry=DSRAD_HUMAN|source=pfam27|protein_name=Double-stranded,mRNA,,disorder_rich_spacer_region,5,,LCRFinder
P55795|ensembl_protein_id=ENSP00000361927|entry=HNRH2_HUMAN|source=pfam27;pfam38|protein_name=Heterogeneous,mRNA,,aromatic_sticker_region,7,,LCRFinder
P55795|ensembl_protein_id=ENSP00000361927|entry=HNRH2_HUMAN|source=pfam27;pfam38|protein_name=Heterogeneous,mRNA,,gs_rich_neutral_region,17,,LCRFinder
P55884|ensembl_protein_id=ENSP00000354125|entry=EIF3B_HUMAN|source=pfam27|protein_name=Eukaryotic,mRNA,,acidic_region,29,,LCRFinder
P55884|ensembl_protein_id=ENSP00000354125|entry=EIF3B_HUMAN|source=pfam27|protein_name=Eukaryotic,mRNA,,basic_enriched_region,6,,LCRFinder
P55884|ensembl_protein_id=ENSP00000354125|entry=EIF3B_HUMAN|source=pfam27|protein_name=Eukaryotic,mRNA,,disorder_rich_spacer_region,6,,LCRFinder
P56182|ensembl_protein_id=ENSP00000417464|entry=RRP1_HUMAN|source=pfam27|protein_name=Ribosomal,pre-rRNA,,acidic_region,7,,LCRFinder
P56182|ensembl_protein_id=ENSP00000417464|entry=RRP1_HUMAN|source=pfam27|protein_name=Ribosomal,pre-rRNA,,arginine_rich_rna_contact_region,18,,LCRFinder
P56192|ensembl_protein_id=ENSP00000262027|entry=SYMC_HUMAN|source=pfam27|protein_name=Methionine--tRNA,tRNA,,acidic_region,4,,LCRFinder
P56192|ensembl_protein_id=ENSP00000262027|entry=SYMC_HUMAN|source=pfam27|protein_name=Methionine--tRNA,tRNA,,basic_enriched_region,4,,LCRFinder
P56270|ensembl_protein_id=ENSP00000443956|entry=MAZ_HUMAN|source=pfam27|protein_name=Myc-associated,unknown,,disorder_rich_spacer_region,96,,LCRFinder
P56270|ensembl_protein_id=ENSP00000443956|entry=MAZ_HUMAN|source=pfam27|protein_name=Myc-associated,unknown,,hydrophobic_region,4,,LCRFinder
P57052|ensembl_protein_id=ENSP00000383421|entry=RBM11_HUMAN|source=pfam27|protein_name=Splicing,mRNA,,acidic_region,14,,LCRFinder
P57052|ensembl_protein_id=ENSP00000383421|entry=RBM11_HUMAN|source=pfam27|protein_name=Splicing,mRNA,,basic_enriched_region,4,,LCRFinder
P57052|ensembl_protein_id=ENSP00000383421|entry=RBM11_HUMAN|source=pfam27|protein_name=Splicing,mRNA,,disorder_rich_spacer_region,5,,LCRFinder
P60323|ensembl_protein_id=ENSP00000341992|entry=NANO3_HUMAN|source=pfam27|protein_name=Nanos,mRNA,,acidic_region,4,,LCRFinder
P60323|ensembl_protein_id=ENSP00000341992|entry=NANO3_HUMAN|source=pfam27|protein_name=Nanos,mRNA,,disorder_rich_spacer_region,5,,LCRFinder
P60323|ensembl_protein_id=ENSP00000341992|entry=NANO3_HUMAN|source=pfam27|protein_name=Nanos,mRNA,,other,4,,LCRFinder
P61129|ensembl_protein_id=ENSP00000386764|entry=ZC3H6_HUMAN|source=pfam27|protein_name=Zinc,unknown,,acidic_region,17,,LCRFinder
P61129|ensembl_protein_id=ENSP00000386764|entry=ZC3H6_HUMAN|source=pfam27|protein_name=Zinc,unknown,,basic_enriched_region,10,,LCRFinder
P61129|ensembl_protein_id=ENSP00000386764|entry=ZC3H6_HUMAN|source=pfam27|protein_name=Zinc,unknown,,disorder_rich_spacer_region,13,,LCRFinder
P61129|ensembl_protein_id=ENSP00000386764|entry=ZC3H6_HUMAN|source=pfam27|protein_name=Zinc,unknown,,gs_rich_neutral_region,28,,LCRFinder
P61978|ensembl_protein_id=ENSP00000365458|entry=HNRPK_HUMAN|source=pfam27|protein_name=Heterogeneous,mRNA,,arginine_rich_rna_contact_region,10,,LCRFinder
P61978|ensembl_protein_id=ENSP00000365458|entry=HNRPK_HUMAN|source=pfam27|protein_name=Heterogeneous,mRNA,,disorder_rich_spacer_region,15,,LCRFinder
P61978|ensembl_protein_id=ENSP00000365458|entry=HNRPK_HUMAN|source=pfam27|protein_name=Heterogeneous,mRNA,,hydrophobic_region,11,,LCRFinder
P61978|ensembl_protein_id=ENSP00000365458|entry=HNRPK_HUMAN|source=pfam27|protein_name=Heterogeneous,mRNA,,other,16,,LCRFinder
P62306|ensembl_protein_id=ENSP00000266735|entry=RUXF_HUMAN|source=rbpdb|protein_name=Small,snRNA,,acidic_region,5,,LCRFinder
P62314|ensembl_protein_id=ENSP00000300413|entry=SMD1_HUMAN|source=pfam27;pfam38|protein_name=Small,snRNA,,other,23,,LCRFinder
P62318|ensembl_protein_id=ENSP00000215829|entry=SMD3_HUMAN|source=pfam27|protein_name=Small,snRNA,,other,6,,LCRFinder
P62633|ensembl_protein_id=ENSP00000410769|entry=CNBP_HUMAN|source=pfam27|protein_name=CCHC-type,mRNA,,arginine_rich_rna_contact_region,12,,LCRFinder
P62750|ensembl_protein_id=ENSP00000389103|entry=RL23A_HUMAN|source=pfam27|protein_name=Large,ribosomal protein,,basic_enriched_region,16,,LCRFinder
P62851|ensembl_protein_id=ENSP00000435096|entry=RS25_HUMAN|source=pfam27|protein_name=Small,ribosomal protein,,basic_enriched_region,13,,LCRFinder
P62861|ensembl_protein_id=ENSP00000435370|entry=RS30_HUMAN|source=pfam27|protein_name=Ubiquitin-like,ribosomal protein,,basic_enriched_region,5,,LCRFinder
P62906|ensembl_protein_id=ENSP00000363018|entry=RL10A_HUMAN|source=pfam27|protein_name=Large,ribosomal protein,,basic_enriched_region,14,,LCRFinder
P62995|ensembl_protein_id=ENSP00000371626|entry=TRA2B_HUMAN|source=pfam27|protein_name=Transformer-2,mRNA,,arginine_rich_rna_contact_region,19,,LCRFinder
P62995|ensembl_protein_id=ENSP00000371626|entry=TRA2B_HUMAN|source=pfam27|protein_name=Transformer-2,mRNA,,disorder_rich_spacer_region,8,,LCRFinder
P62995|ensembl_protein_id=ENSP00000371626|entry=TRA2B_HUMAN|source=pfam27|protein_name=Transformer-2,mRNA,,sr_rs_repeat_region,54,,LCRFinder
P63162|ensembl_protein_id=ENSP00000306223|entry=RSMN_HUMAN|source=rbpdb|protein_name=Small,snRNA,,disorder_rich_spacer_region,29,,LCRFinder
P67809|ensembl_protein_id=ENSP00000361626|entry=YBOX1_HUMAN|source=pfam27|protein_name=Y-box-binding,mRNA,,arginine_rich_rna_contact_region,39,,LCRFinder
P67809|ensembl_protein_id=ENSP00000361626|entry=YBOX1_HUMAN|source=pfam27|protein_name=Y-box-binding,mRNA,,disorder_rich_spacer_region,17,,LCRFinder
P78316|ensembl_protein_id=ENSP00000405068|entry=NOP14_HUMAN|source=pfam27|protein_name=Nucleolar,pre-rRNA,,acidic_region,5,,LCRFinder
P78316|ensembl_protein_id=ENSP00000405068|entry=NOP14_HUMAN|source=pfam27|protein_name=Nucleolar,pre-rRNA,,arginine_rich_rna_contact_region,4,,LCRFinder
P78316|ensembl_protein_id=ENSP00000405068|entry=NOP14_HUMAN|source=pfam27|protein_name=Nucleolar,pre-rRNA,,basic_enriched_region,5,,LCRFinder
P78316|ensembl_protein_id=ENSP00000405068|entry=NOP14_HUMAN|source=pfam27|protein_name=Nucleolar,pre-rRNA,,disorder_rich_spacer_region,5,,LCRFinder
P78316|ensembl_protein_id=ENSP00000405068|entry=NOP14_HUMAN|source=pfam27|protein_name=Nucleolar,pre-rRNA,,gs_rich_neutral_region,7,,LCRFinder
P78332|ensembl_protein_id=ENSP00000266022|entry=RBM6_HUMAN|source=pfam27|protein_name=RNA-binding,mRNA,,acidic_region,34,,LCRFinder
P78332|ensembl_protein_id=ENSP00000266022|entry=RBM6_HUMAN|source=pfam27|protein_name=RNA-binding,mRNA,,arginine_rich_rna_contact_region,25,,LCRFinder
P78332|ensembl_protein_id=ENSP00000266022|entry=RBM6_HUMAN|source=pfam27|protein_name=RNA-binding,mRNA,,basic_enriched_region,5,,LCRFinder
P78332|ensembl_protein_id=ENSP00000266022|entry=RBM6_HUMAN|source=pfam27|protein_name=RNA-binding,mRNA,,disorder_rich_spacer_region,25,,LCRFinder
P78332|ensembl_protein_id=ENSP00000266022|entry=RBM6_HUMAN|source=pfam27|protein_name=RNA-binding,mRNA,,gs_rich_neutral_region,7,,LCRFinder
P78332|ensembl_protein_id=ENSP00000266022|entry=RBM6_HUMAN|source=pfam27|protein_name=RNA-binding,mRNA,,other,8,,LCRFinder
P78344|ensembl_protein_id=ENSP00000433664|entry=IF4G2_HUMAN|source=pfam27|protein_name=Eukaryotic,mRNA,,acidic_region,15,,LCRFinder
P78344|ensembl_protein_id=ENSP00000433664|entry=IF4G2_HUMAN|source=pfam27|protein_name=Eukaryotic,mRNA,,disorder_rich_spacer_region,4,,LCRFinder
P78362|ensembl_protein_id=ENSP00000349863|entry=SRPK2_HUMAN|source=pfam27|protein_name=SRSF,mRNA,,acidic_region,26,,LCRFinder
P78362|ensembl_protein_id=ENSP00000349863|entry=SRPK2_HUMAN|source=pfam27|protein_name=SRSF,mRNA,,basic_enriched_region,8,,LCRFinder
P78362|ensembl_protein_id=ENSP00000349863|entry=SRPK2_HUMAN|source=pfam27|protein_name=SRSF,mRNA,,disorder_rich_spacer_region,17,,LCRFinder
P78563|ensembl_protein_id=ENSP00000015877|entry=RED1_HUMAN|source=modomics|protein_name=Double-stranded,mRNA,,aromatic_sticker_region,6,,LCRFinder
P78563|ensembl_protein_id=ENSP00000015877|entry=RED1_HUMAN|source=modomics|protein_name=Double-stranded,mRNA,,disorder_rich_spacer_region,13,,LCRFinder
P79522|ensembl_protein_id=ENSP00000404669|entry=PRR3_HUMAN|source=pfam27|protein_name=Proline-rich,unknown,,disorder_rich_spacer_region,4,,LCRFinder
P82663|ensembl_protein_id=ENSP00000253686|entry=RT25_HUMAN|source=pfam27|protein_name=Small,ribosomal protein,,acidic_region,5,,LCRFinder
P82675|ensembl_protein_id=ENSP00000272418|entry=RT05_HUMAN|source=pfam27;pfam38|protein_name=Small,ribosomal protein,,basic_enriched_region,10,,LCRFinder
P82914|ensembl_protein_id=ENSP00000362208|entry=RT15_HUMAN|source=pfam27|protein_name=Small,ribosomal protein,,arginine_rich_rna_contact_region,5,,LCRFinder
P82914|ensembl_protein_id=ENSP00000362208|entry=RT15_HUMAN|source=pfam27|protein_name=Small,ribosomal protein,,disorder_rich_spacer_region,5,,LCRFinder
P82979|ensembl_protein_id=ENSP00000337632|entry=SARNP_HUMAN|source=pfam27|protein_name=SAP,mRNA,,acidic_region,15,,LCRFinder
P84103|ensembl_protein_id=ENSP00000362820|entry=SRSF3_HUMAN|source=rbpdb|protein_name=Serine/arginine-rich,mRNA,,sr_rs_repeat_region,33,,LCRFinder
P98175|ensembl_protein_id=ENSP00000328848|entry=RBM10_HUMAN|source=pfam27|protein_name=RNA-binding,mRNA,,acidic_region,23,,LCRFinder
P98175|ensembl_protein_id=ENSP00000328848|entry=RBM10_HUMAN|source=pfam27|protein_name=RNA-binding,mRNA,,arginine_rich_rna_contact_region,10,,LCRFinder
P98175|ensembl_protein_id=ENSP00000328848|entry=RBM10_HUMAN|source=pfam27|protein_name=RNA-binding,mRNA,,hydrophobic_region,10,,LCRFinder
P98179|ensembl_protein_id=ENSP00000365950|entry=RBM3_HUMAN|source=pfam27|protein_name=RNA-binding,mRNA,,arginine_rich_rna_contact_region,4,,LCRFinder
P98179|ensembl_protein_id=ENSP00000365950|entry=RBM3_HUMAN|source=pfam27|protein_name=RNA-binding,mRNA,,hydrophobic_region,12,,LCRFinder
Q00341|ensembl_protein_id=ENSP00000312042|entry=VIGLN_HUMAN|source=pfam27|protein_name=Vigilin,mRNA,,basic_enriched_region,4,,LCRFinder
Q00341|ensembl_protein_id=ENSP00000312042|entry=VIGLN_HUMAN|source=pfam27|protein_name=Vigilin,mRNA,,hydrophobic_region,4,,LCRFinder
Q00577|ensembl_protein_id=ENSP00000332706|entry=PURA_HUMAN|source=pfam27|protein_name=Transcriptional,mRNA,,acidic_region,6,,LCRFinder
Q00577|ensembl_protein_id=ENSP00000332706|entry=PURA_HUMAN|source=pfam27|protein_name=Transcriptional,mRNA,,disorder_rich_spacer_region,9,,LCRFinder
Q00577|ensembl_protein_id=ENSP00000332706|entry=PURA_HUMAN|source=pfam27|protein_name=Transcriptional,mRNA,,gs_rich_neutral_region,29,,LCRFinder
Q00839|ensembl_protein_id=ENSP00000393151|entry=HNRPU_HUMAN|source=pfam27|protein_name=Heterogeneous,mRNA,,acidic_region,28,,LCRFinder
Q00839|ensembl_protein_id=ENSP00000393151|entry=HNRPU_HUMAN|source=pfam27|protein_name=Heterogeneous,mRNA,,arginine_rich_rna_contact_region,12,,LCRFinder
Q00839|ensembl_protein_id=ENSP00000393151|entry=HNRPU_HUMAN|source=pfam27|protein_name=Heterogeneous,mRNA,,aromatic_sticker_region,9,,LCRFinder
Q00839|ensembl_protein_id=ENSP00000393151|entry=HNRPU_HUMAN|source=pfam27|protein_name=Heterogeneous,mRNA,,disorder_rich_spacer_region,61,,LCRFinder
Q00839|ensembl_protein_id=ENSP00000393151|entry=HNRPU_HUMAN|source=pfam27|protein_name=Heterogeneous,mRNA,,gs_rich_neutral_region,9,,LCRFinder
Q01081|ensembl_protein_id=ENSP00000369629|entry=U2AF1_HUMAN|source=pfam27|protein_name=Splicing,mRNA,,disorder_rich_spacer_region,16,,LCRFinder
Q01081|ensembl_protein_id=ENSP00000369629|entry=U2AF1_HUMAN|source=pfam27|protein_name=Splicing,mRNA,,sr_rs_repeat_region,14,,LCRFinder
Q01130|ensembl_protein_id=ENSP00000353089|entry=SRSF2_HUMAN|source=rbpdb|protein_name=Serine/arginine-rich,mRNA,,arginine_rich_rna_contact_region,5,,LCRFinder
Q01130|ensembl_protein_id=ENSP00000353089|entry=SRSF2_HUMAN|source=rbpdb|protein_name=Serine/arginine-rich,mRNA,,sr_rs_repeat_region,80,,LCRFinder
Q01844|ensembl_protein_id=ENSP00000327456|entry=EWS_HUMAN|source=rbpdb|protein_name=RNA-binding,unknown,,arginine_rich_rna_contact_region,9,,LCRFinder
Q01844|ensembl_protein_id=ENSP00000327456|entry=EWS_HUMAN|source=rbpdb|protein_name=RNA-binding,unknown,,aromatic_sticker_region,35,,LCRFinder
Q01844|ensembl_protein_id=ENSP00000327456|entry=EWS_HUMAN|source=rbpdb|protein_name=RNA-binding,unknown,,disorder_rich_spacer_region,47,,LCRFinder
Q01844|ensembl_protein_id=ENSP00000327456|entry=EWS_HUMAN|source=rbpdb|protein_name=RNA-binding,unknown,,gs_rich_neutral_region,20,,LCRFinder
Q01844|ensembl_protein_id=ENSP00000327456|entry=EWS_HUMAN|source=rbpdb|protein_name=RNA-binding,unknown,,other,67,,LCRFinder
Q02040|ensembl_protein_id=ENSP00000324827|entry=AK17A_HUMAN|source=pfam27|protein_name=A-kinase,mRNA,,acidic_region,26,,LCRFinder
Q02040|ensembl_protein_id=ENSP00000324827|entry=AK17A_HUMAN|source=pfam27|protein_name=A-kinase,mRNA,,arginine_rich_rna_contact_region,28,,LCRFinder
Q02040|ensembl_protein_id=ENSP00000324827|entry=AK17A_HUMAN|source=pfam27|protein_name=A-kinase,mRNA,,hydrophobic_region,7,,LCRFinder
Q02040|ensembl_protein_id=ENSP00000324827|entry=AK17A_HUMAN|source=pfam27|protein_name=A-kinase,mRNA,,other,9,,LCRFinder
Q02040|ensembl_protein_id=ENSP00000324827|entry=AK17A_HUMAN|source=pfam27|protein_name=A-kinase,mRNA,,sr_rs_repeat_region,11,,LCRFinder
Q02878|ensembl_protein_id=ENSP00000403172|entry=RL6_HUMAN|source=pfam27|protein_name=Large,ribosomal protein,,basic_enriched_region,13,,LCRFinder
Q03468|ensembl_protein_id=ENSP00000348089|entry=ERCC6_HUMAN|source=pfam38|protein_name=DNA,unknown,,acidic_region,18,,LCRFinder
Q03468|ensembl_protein_id=ENSP00000348089|entry=ERCC6_HUMAN|source=pfam38|protein_name=DNA,unknown,,basic_enriched_region,20,,LCRFinder
Q03468|ensembl_protein_id=ENSP00000348089|entry=ERCC6_HUMAN|source=pfam38|protein_name=DNA,unknown,,disorder_rich_spacer_region,14,,LCRFinder
Q03701|ensembl_protein_id=ENSP00000234170|entry=CEBPZ_HUMAN|source=pfam27|protein_name=CCAAT/enhancer-binding,pre-rRNA,,acidic_region,27,,LCRFinder
Q03701|ensembl_protein_id=ENSP00000234170|entry=CEBPZ_HUMAN|source=pfam27|protein_name=CCAAT/enhancer-binding,pre-rRNA,,basic_enriched_region,9,,LCRFinder
Q03701|ensembl_protein_id=ENSP00000234170|entry=CEBPZ_HUMAN|source=pfam27|protein_name=CCAAT/enhancer-binding,pre-rRNA,,hydrophobic_region,6,,LCRFinder
Q04637|ensembl_protein_id=ENSP00000343450|entry=IF4G1_HUMAN|source=pfam27|protein_name=Eukaryotic,mRNA,,acidic_region,38,,LCRFinder
Q04637|ensembl_protein_id=ENSP00000343450|entry=IF4G1_HUMAN|source=pfam27|protein_name=Eukaryotic,mRNA,,disorder_rich_spacer_region,23,,LCRFinder
Q04637|ensembl_protein_id=ENSP00000343450|entry=IF4G1_HUMAN|source=pfam27|protein_name=Eukaryotic,mRNA,,gs_rich_neutral_region,4,,LCRFinder
Q04637|ensembl_protein_id=ENSP00000343450|entry=IF4G1_HUMAN|source=pfam27|protein_name=Eukaryotic,mRNA,,hydrophobic_region,6,,LCRFinder
Q04637|ensembl_protein_id=ENSP00000343450|entry=IF4G1_HUMAN|source=pfam27|protein_name=Eukaryotic,mRNA,,other,28,,LCRFinder
Q05481|ensembl_protein_id=ENSP00000300619|entry=ZNF91_HUMAN|source=pfam38|protein_name=Zinc,unknown,,basic_enriched_region,4,,LCRFinder
Q05519|ensembl_protein_id=ENSP00000359987|entry=SRS11_HUMAN|source=rbpdb|protein_name=Serine/arginine-rich,mRNA,,arginine_rich_rna_contact_region,28,,LCRFinder
Q05519|ensembl_protein_id=ENSP00000359987|entry=SRS11_HUMAN|source=rbpdb|protein_name=Serine/arginine-rich,mRNA,,basic_enriched_region,30,,LCRFinder
Q05519|ensembl_protein_id=ENSP00000359987|entry=SRS11_HUMAN|source=rbpdb|protein_name=Serine/arginine-rich,mRNA,,disorder_rich_spacer_region,24,,LCRFinder
Q05519|ensembl_protein_id=ENSP00000359987|entry=SRS11_HUMAN|source=rbpdb|protein_name=Serine/arginine-rich,mRNA,,hydrophobic_region,8,,LCRFinder
Q05519|ensembl_protein_id=ENSP00000359987|entry=SRS11_HUMAN|source=rbpdb|protein_name=Serine/arginine-rich,mRNA,,other,6,,LCRFinder
Q05519|ensembl_protein_id=ENSP00000359987|entry=SRS11_HUMAN|source=rbpdb|protein_name=Serine/arginine-rich,mRNA,,sr_rs_repeat_region,31,,LCRFinder
Q06265|ensembl_protein_id=ENSP00000243498|entry=EXOS9_HUMAN|source=pfam27|protein_name=Exosome,diverse,,acidic_region,16,,LCRFinder
Q06787|ensembl_protein_id=ENSP00000359506|entry=FMR1_HUMAN|source=pfam27|protein_name=Fragile,mRNA,,arginine_rich_rna_contact_region,15,,LCRFinder
Q07352|ensembl_protein_id=ENSP00000337386|entry=TISB_HUMAN|source=rbpdb|protein_name=mRNA,mRNA,,disorder_rich_spacer_region,13,,LCRFinder
Q07666|ensembl_protein_id=ENSP00000313829|entry=KHDR1_HUMAN|source=pfam27|protein_name=KH,mRNA,,arginine_rich_rna_contact_region,4,,LCRFinder
Q07666|ensembl_protein_id=ENSP00000313829|entry=KHDR1_HUMAN|source=pfam27|protein_name=KH,mRNA,,disorder_rich_spacer_region,36,,LCRFinder
Q07666|ensembl_protein_id=ENSP00000313829|entry=KHDR1_HUMAN|source=pfam27|protein_name=KH,mRNA,,gs_rich_neutral_region,9,,LCRFinder
Q07864|ensembl_protein_id=ENSP00000322570|entry=DPOE1_HUMAN|source=pfam38|protein_name=DNA,unknown,,acidic_region,12,,LCRFinder
Q07955|ensembl_protein_id=ENSP00000258962|entry=SRSF1_HUMAN|source=pfam27|protein_name=Serine/arginine-rich,mRNA,,arginine_rich_rna_contact_region,9,,LCRFinder
Q07955|ensembl_protein_id=ENSP00000258962|entry=SRSF1_HUMAN|source=pfam27|protein_name=Serine/arginine-rich,mRNA,,disorder_rich_spacer_region,9,,LCRFinder
Q07955|ensembl_protein_id=ENSP00000258962|entry=SRSF1_HUMAN|source=pfam27|protein_name=Serine/arginine-rich,mRNA,,sr_rs_repeat_region,22,,LCRFinder
Q08170|ensembl_protein_id=ENSP00000362900|entry=SRSF4_HUMAN|source=pfam27|protein_name=Serine/arginine-rich,mRNA,,arginine_rich_rna_contact_region,35,,LCRFinder
Q08170|ensembl_protein_id=ENSP00000362900|entry=SRSF4_HUMAN|source=pfam27|protein_name=Serine/arginine-rich,mRNA,,basic_enriched_region,11,,LCRFinder
Q08170|ensembl_protein_id=ENSP00000362900|entry=SRSF4_HUMAN|source=pfam27|protein_name=Serine/arginine-rich,mRNA,,sr_rs_repeat_region,102,,LCRFinder
Q08211|ensembl_protein_id=ENSP00000356520|entry=DHX9_HUMAN|source=pfam27;pfam38|protein_name=ATP-dependent,ncRNA,,acidic_region,6,,LCRFinder
Q08211|ensembl_protein_id=ENSP00000356520|entry=DHX9_HUMAN|source=pfam27;pfam38|protein_name=ATP-dependent,ncRNA,,aromatic_sticker_region,12,,LCRFinder
Q08211|ensembl_protein_id=ENSP00000356520|entry=DHX9_HUMAN|source=pfam27;pfam38|protein_name=ATP-dependent,ncRNA,,basic_enriched_region,9,,LCRFinder
Q08211|ensembl_protein_id=ENSP00000356520|entry=DHX9_HUMAN|source=pfam27;pfam38|protein_name=ATP-dependent,ncRNA,,disorder_rich_spacer_region,4,,LCRFinder
Q08AF3|ensembl_protein_id=ENSP00000299977|entry=SLFN5_HUMAN|source=pfam38|protein_name=Schlafen,unknown,,disorder_rich_spacer_region,7,,LCRFinder
Q09161|ensembl_protein_id=ENSP00000364289|entry=NCBP1_HUMAN|source=pfam27|protein_name=Nuclear,mRNA,,acidic_region,9,,LCRFinder
Q09161|ensembl_protein_id=ENSP00000364289|entry=NCBP1_HUMAN|source=pfam27|protein_name=Nuclear,mRNA,,aromatic_sticker_region,7,,LCRFinder
Q12788|ensembl_protein_id=ENSP00000454836|entry=TBL3_HUMAN|source=pfam27|protein_name=Transducin,snoRNA,,acidic_region,4,,LCRFinder
Q12788|ensembl_protein_id=ENSP00000454836|entry=TBL3_HUMAN|source=pfam27|protein_name=Transducin,snoRNA,,arginine_rich_rna_contact_region,4,,LCRFinder
Q12788|ensembl_protein_id=ENSP00000454836|entry=TBL3_HUMAN|source=pfam27|protein_name=Transducin,snoRNA,,other,4,,LCRFinder
Q12849|ensembl_protein_id=ENSP00000254799|entry=GRSF1_HUMAN|source=pfam27|protein_name=G-rich,mRNA,,disorder_rich_spacer_region,16,,LCRFinder
Q12849|ensembl_protein_id=ENSP00000254799|entry=GRSF1_HUMAN|source=pfam27|protein_name=G-rich,mRNA,,hydrophobic_region,12,,LCRFinder
Q12872|ensembl_protein_id=ENSP00000437738|entry=SFSWA_HUMAN|source=pfam27|protein_name=Splicing,mRNA,,acidic_region,32,,LCRFinder
Q12872|ensembl_protein_id=ENSP00000437738|entry=SFSWA_HUMAN|source=pfam27|protein_name=Splicing,mRNA,,arginine_rich_rna_contact_region,27,,LCRFinder
Q12872|ensembl_protein_id=ENSP00000437738|entry=SFSWA_HUMAN|source=pfam27|protein_name=Splicing,mRNA,,basic_enriched_region,29,,LCRFinder
Q12872|ensembl_protein_id=ENSP00000437738|entry=SFSWA_HUMAN|source=pfam27|protein_name=Splicing,mRNA,,disorder_rich_spacer_region,38,,LCRFinder
Q12872|ensembl_protein_id=ENSP00000437738|entry=SFSWA_HUMAN|source=pfam27|protein_name=Splicing,mRNA,,other,29,,LCRFinder
Q12872|ensembl_protein_id=ENSP00000437738|entry=SFSWA_HUMAN|source=pfam27|protein_name=Splicing,mRNA,,sr_rs_repeat_region,13,,LCRFinder
Q12874|ensembl_protein_id=ENSP00000362110|entry=SF3A3_HUMAN|source=pfam27|protein_name=Splicing,snRNA,,acidic_region,24,,LCRFinder
Q12904|ensembl_protein_id=ENSP00000350699|entry=AIMP1_HUMAN|source=pfam27|protein_name=Aminoacyl,tRNA,,acidic_region,6,,LCRFinder
Q12904|ensembl_protein_id=ENSP00000350699|entry=AIMP1_HUMAN|source=pfam27|protein_name=Aminoacyl,tRNA,,basic_enriched_region,13,,LCRFinder
Q12904|ensembl_protein_id=ENSP00000350699|entry=AIMP1_HUMAN|source=pfam27|protein_name=Aminoacyl,tRNA,,disorder_rich_spacer_region,4,,LCRFinder
Q12905|ensembl_protein_id=ENSP00000355011|entry=ILF2_HUMAN|source=pfam27|protein_name=Interleukin,mRNA,,acidic_region,13,,LCRFinder
Q12905|ensembl_protein_id=ENSP00000355011|entry=ILF2_HUMAN|source=pfam27|protein_name=Interleukin,mRNA,,disorder_rich_spacer_region,6,,LCRFinder
Q12905|ensembl_protein_id=ENSP00000355011|entry=ILF2_HUMAN|source=pfam27|protein_name=Interleukin,mRNA,,other,7,,LCRFinder
Q12906|ensembl_protein_id=ENSP00000384660|entry=ILF3_HUMAN|source=pfam27|protein_name=Interleukin,mRNA,,aromatic_sticker_region,4,,LCRFinder
Q12906|ensembl_protein_id=ENSP00000384660|entry=ILF3_HUMAN|source=pfam27|protein_name=Interleukin,mRNA,,basic_enriched_region,9,,LCRFinder
Q12906|ensembl_protein_id=ENSP00000384660|entry=ILF3_HUMAN|source=pfam27|protein_name=Interleukin,mRNA,,disorder_rich_spacer_region,14,,LCRFinder
Q12906|ensembl_protein_id=ENSP00000384660|entry=ILF3_HUMAN|source=pfam27|protein_name=Interleukin,mRNA,,gs_rich_neutral_region,41,,LCRFinder
Q12906|ensembl_protein_id=ENSP00000384660|entry=ILF3_HUMAN|source=pfam27|protein_name=Interleukin,mRNA,,hydrophobic_region,5,,LCRFinder
Q12906|ensembl_protein_id=ENSP00000384660|entry=ILF3_HUMAN|source=pfam27|protein_name=Interleukin,mRNA,,other,26,,LCRFinder
Q12972|ensembl_protein_id=ENSP00000311677|entry=PP1R8_HUMAN|source=pfam27|protein_name=Nuclear,diverse,,basic_enriched_region,4,,LCRFinder
Q12972|ensembl_protein_id=ENSP00000311677|entry=PP1R8_HUMAN|source=pfam27|protein_name=Nuclear,diverse,,disorder_rich_spacer_region,4,,LCRFinder
Q12972|ensembl_protein_id=ENSP00000311677|entry=PP1R8_HUMAN|source=pfam27|protein_name=Nuclear,diverse,,hydrophobic_region,9,,LCRFinder
Q12986|ensembl_protein_id=ENSP00000368856|entry=NFX1_HUMAN|source=pfam27|protein_name=Transcriptional,mRNA,,disorder_rich_spacer_region,10,,LCRFinder
Q13064|ensembl_protein_id=ENSP00000313881|entry=MKRN3_HUMAN|source=pfam27|protein_name=E3,mRNA,,acidic_region,5,,LCRFinder
Q13064|ensembl_protein_id=ENSP00000313881|entry=MKRN3_HUMAN|source=pfam27|protein_name=E3,mRNA,,disorder_rich_spacer_region,8,,LCRFinder
Q13064|ensembl_protein_id=ENSP00000313881|entry=MKRN3_HUMAN|source=pfam27|protein_name=E3,mRNA,,gs_rich_neutral_region,6,,LCRFinder
Q13117|ensembl_protein_id=ENSP00000371870|entry=DAZ2_HUMAN|source=rbpdb|protein_name=Deleted,mRNA,,disorder_rich_spacer_region,5,,LCRFinder
Q13148|ensembl_protein_id=ENSP00000240185|entry=TADBP_HUMAN|source=pfam38|protein_name=TAR,mRNA,,disorder_rich_spacer_region,16,,LCRFinder
Q13148|ensembl_protein_id=ENSP00000240185|entry=TADBP_HUMAN|source=pfam38|protein_name=TAR,mRNA,,gs_rich_neutral_region,13,,LCRFinder
Q13148|ensembl_protein_id=ENSP00000240185|entry=TADBP_HUMAN|source=pfam38|protein_name=TAR,mRNA,,other,5,,LCRFinder
Q13151|ensembl_protein_id=ENSP00000316042|entry=ROA0_HUMAN|source=pfam27|protein_name=Heterogeneous,mRNA,,aromatic_sticker_region,11,,LCRFinder
Q13151|ensembl_protein_id=ENSP00000316042|entry=ROA0_HUMAN|source=pfam27|protein_name=Heterogeneous,mRNA,,disorder_rich_spacer_region,10,,LCRFinder
Q13151|ensembl_protein_id=ENSP00000316042|entry=ROA0_HUMAN|source=pfam27|protein_name=Heterogeneous,mRNA,,gs_rich_neutral_region,37,,LCRFinder
Q13151|ensembl_protein_id=ENSP00000316042|entry=ROA0_HUMAN|source=pfam27|protein_name=Heterogeneous,mRNA,,hydrophobic_region,4,,LCRFinder
Q13151|ensembl_protein_id=ENSP00000316042|entry=ROA0_HUMAN|source=pfam27|protein_name=Heterogeneous,mRNA,,other,28,,LCRFinder
Q13243|ensembl_protein_id=ENSP00000451391|entry=SRSF5_HUMAN|source=pfam27|protein_name=Serine/arginine-rich,mRNA,,arginine_rich_rna_contact_region,10,,LCRFinder
Q13243|ensembl_protein_id=ENSP00000451391|entry=SRSF5_HUMAN|source=pfam27|protein_name=Serine/arginine-rich,mRNA,,sr_rs_repeat_region,49,,LCRFinder
Q13247|ensembl_protein_id=ENSP00000244020|entry=SRSF6_HUMAN|source=pfam27|protein_name=Serine/arginine-rich,mRNA,,arginine_rich_rna_contact_region,13,,LCRFinder
Q13247|ensembl_protein_id=ENSP00000244020|entry=SRSF6_HUMAN|source=pfam27|protein_name=Serine/arginine-rich,mRNA,,basic_enriched_region,5,,LCRFinder
Q13247|ensembl_protein_id=ENSP00000244020|entry=SRSF6_HUMAN|source=pfam27|protein_name=Serine/arginine-rich,mRNA,,gs_rich_neutral_region,9,,LCRFinder
Q13247|ensembl_protein_id=ENSP00000244020|entry=SRSF6_HUMAN|source=pfam27|protein_name=Serine/arginine-rich,mRNA,,sr_rs_repeat_region,70,,LCRFinder
Q13283|ensembl_protein_id=ENSP00000348578|entry=G3BP1_HUMAN|source=pfam27|protein_name=Ras,mRNA,,acidic_region,29,,LCRFinder
Q13283|ensembl_protein_id=ENSP00000348578|entry=G3BP1_HUMAN|source=pfam27|protein_name=Ras,mRNA,,arginine_rich_rna_contact_region,7,,LCRFinder
Q13283|ensembl_protein_id=ENSP00000348578|entry=G3BP1_HUMAN|source=pfam27|protein_name=Ras,mRNA,,disorder_rich_spacer_region,10,,LCRFinder
Q13310|ensembl_protein_id=ENSP00000361949|entry=PABP4_HUMAN|source=pfam27|protein_name=Polyadenylate-binding,mRNA,,disorder_rich_spacer_region,18,,LCRFinder
Q13310|ensembl_protein_id=ENSP00000361949|entry=PABP4_HUMAN|source=pfam27|protein_name=Polyadenylate-binding,mRNA,,hydrophobic_region,4,,LCRFinder
Q13325|ensembl_protein_id=ENSP00000360860|entry=IFIT5_HUMAN|source=pfam27|protein_name=Interferon-induced,tRNA,,acidic_region,5,,LCRFinder
Q13325|ensembl_protein_id=ENSP00000360860|entry=IFIT5_HUMAN|source=pfam27|protein_name=Interferon-induced,tRNA,,basic_enriched_region,4,,LCRFinder
Q13360|ensembl_protein_id=ENSP00000445323|entry=ZN177_HUMAN|source=pfam38|protein_name=Zinc,unknown,,basic_enriched_region,5,,LCRFinder
Q13395|ensembl_protein_id=ENSP00000040877|entry=TARB1_HUMAN|source=pfam27|protein_name=tRNA,mRNA,,disorder_rich_spacer_region,31,,LCRFinder
Q13395|ensembl_protein_id=ENSP00000040877|entry=TARB1_HUMAN|source=pfam27|protein_name=tRNA,mRNA,,hydrophobic_region,20,,LCRFinder
Q13428|ensembl_protein_id=ENSP00000409944|entry=TCOF_HUMAN|source=pfam27|protein_name=Treacle,pre-rRNA,,acidic_region,116,,LCRFinder
Q13428|ensembl_protein_id=ENSP00000409944|entry=TCOF_HUMAN|source=pfam27|protein_name=Treacle,pre-rRNA,,arginine_rich_rna_contact_region,4,,LCRFinder
Q13428|ensembl_protein_id=ENSP00000409944|entry=TCOF_HUMAN|source=pfam27|protein_name=Treacle,pre-rRNA,,basic_enriched_region,43,,LCRFinder
Q13428|ensembl_protein_id=ENSP00000409944|entry=TCOF_HUMAN|source=pfam27|protein_name=Treacle,pre-rRNA,,disorder_rich_spacer_region,66,,LCRFinder
Q13435|ensembl_protein_id=ENSP00000318861|entry=SF3B2_HUMAN|source=pfam27|protein_name=Splicing,mRNA,,acidic_region,31,,LCRFinder
Q13435|ensembl_protein_id=ENSP00000318861|entry=SF3B2_HUMAN|source=pfam27|protein_name=Splicing,mRNA,,aromatic_sticker_region,8,,LCRFinder
Q13435|ensembl_protein_id=ENSP00000318861|entry=SF3B2_HUMAN|source=pfam27|protein_name=Splicing,mRNA,,basic_enriched_region,17,,LCRFinder
Q13435|ensembl_protein_id=ENSP00000318861|entry=SF3B2_HUMAN|source=pfam27|protein_name=Splicing,mRNA,,disorder_rich_spacer_region,66,,LCRFinder
Q13485|ensembl_protein_id=ENSP00000341551|entry=SMAD4_HUMAN|source=pfam27|protein_name=SMAD,ncRNA,,aromatic_sticker_region,7,,LCRFinder
Q13485|ensembl_protein_id=ENSP00000341551|entry=SMAD4_HUMAN|source=pfam27|protein_name=SMAD,ncRNA,,disorder_rich_spacer_region,14,,LCRFinder
Q13523|ensembl_protein_id=ENSP00000337194|entry=PRP4K_HUMAN|source=pfam27|protein_name=Serine/threonine-protein,snRNA,,acidic_region,6,,LCRFinder
Q13523|ensembl_protein_id=ENSP00000337194|entry=PRP4K_HUMAN|source=pfam27|protein_name=Serine/threonine-protein,snRNA,,arginine_rich_rna_contact_region,20,,LCRFinder
Q13523|ensembl_protein_id=ENSP00000337194|entry=PRP4K_HUMAN|source=pfam27|protein_name=Serine/threonine-protein,snRNA,,basic_enriched_region,60,,LCRFinder
Q13523|ensembl_protein_id=ENSP00000337194|entry=PRP4K_HUMAN|source=pfam27|protein_name=Serine/threonine-protein,snRNA,,disorder_rich_spacer_region,13,,LCRFinder
Q13523|ensembl_protein_id=ENSP00000337194|entry=PRP4K_HUMAN|source=pfam27|protein_name=Serine/threonine-protein,snRNA,,other,4,,LCRFinder
Q13523|ensembl_protein_id=ENSP00000337194|entry=PRP4K_HUMAN|source=pfam27|protein_name=Serine/threonine-protein,snRNA,,sr_rs_repeat_region,55,,LCRFinder
Q13573|ensembl_protein_id=ENSP00000261531|entry=SNW1_HUMAN|source=pfam27|protein_name=SNW,mRNA,,acidic_region,8,,LCRFinder
Q13573|ensembl_protein_id=ENSP00000261531|entry=SNW1_HUMAN|source=pfam27|protein_name=SNW,mRNA,,disorder_rich_spacer_region,5,,LCRFinder
Q13595|ensembl_protein_id=ENSP00000376290|entry=TRA2A_HUMAN|source=pfam27|protein_name=Transformer-2,mRNA,,arginine_rich_rna_contact_region,7,,LCRFinder
Q13595|ensembl_protein_id=ENSP00000376290|entry=TRA2A_HUMAN|source=pfam27|protein_name=Transformer-2,mRNA,,aromatic_sticker_region,23,,LCRFinder
Q13595|ensembl_protein_id=ENSP00000376290|entry=TRA2A_HUMAN|source=pfam27|protein_name=Transformer-2,mRNA,,sr_rs_repeat_region,42,,LCRFinder
Q13601|ensembl_protein_id=ENSP00000411740|entry=KRR1_HUMAN|source=pfam27|protein_name=KRR1,snoRNA,,basic_enriched_region,14,,LCRFinder
Q13823|ensembl_protein_id=ENSP00000362153|entry=NOG2_HUMAN|source=pfam27|protein_name=Nucleolar,pre-rRNA,,acidic_region,10,,LCRFinder
Q13823|ensembl_protein_id=ENSP00000362153|entry=NOG2_HUMAN|source=pfam27|protein_name=Nucleolar,pre-rRNA,,basic_enriched_region,11,,LCRFinder
Q13825|ensembl_protein_id=ENSP00000364883|entry=AUHM_HUMAN|source=pfam27|protein_name=Methylglutaconyl-CoA,mRNA,,disorder_rich_spacer_region,15,,LCRFinder
Q13825|ensembl_protein_id=ENSP00000364883|entry=AUHM_HUMAN|source=pfam27|protein_name=Methylglutaconyl-CoA,mRNA,,hydrophobic_region,9,,LCRFinder
Q14011|ensembl_protein_id=ENSP00000322887|entry=CIRBP_HUMAN|source=rbpdb|protein_name=Cold-inducible,mRNA,,aromatic_sticker_region,5,,LCRFinder
Q14011|ensembl_protein_id=ENSP00000322887|entry=CIRBP_HUMAN|source=rbpdb|protein_name=Cold-inducible,mRNA,,gs_rich_neutral_region,10,,LCRFinder
Q14011|ensembl_protein_id=ENSP00000322887|entry=CIRBP_HUMAN|source=rbpdb|protein_name=Cold-inducible,mRNA,,hydrophobic_region,4,,LCRFinder
Q14011|ensembl_protein_id=ENSP00000322887|entry=CIRBP_HUMAN|source=rbpdb|protein_name=Cold-inducible,mRNA,,other,8,,LCRFinder
Q14103|ensembl_protein_id=ENSP00000313199|entry=HNRPD_HUMAN|source=pfam38|protein_name=Heterogeneous,mRNA,,arginine_rich_rna_contact_region,6,,LCRFinder
Q14103|ensembl_protein_id=ENSP00000313199|entry=HNRPD_HUMAN|source=pfam38|protein_name=Heterogeneous,mRNA,,aromatic_sticker_region,7,,LCRFinder
Q14103|ensembl_protein_id=ENSP00000313199|entry=HNRPD_HUMAN|source=pfam38|protein_name=Heterogeneous,mRNA,,disorder_rich_spacer_region,31,,LCRFinder
Q14103|ensembl_protein_id=ENSP00000313199|entry=HNRPD_HUMAN|source=pfam38|protein_name=Heterogeneous,mRNA,,hydrophobic_region,5,,LCRFinder
Q14137|ensembl_protein_id=ENSP00000455106|entry=BOP1_HUMAN|source=pfam27|protein_name=Ribosome,pre-rRNA,,acidic_region,35,,LCRFinder
Q14137|ensembl_protein_id=ENSP00000455106|entry=BOP1_HUMAN|source=pfam27|protein_name=Ribosome,pre-rRNA,,arginine_rich_rna_contact_region,4,,LCRFinder
Q14146|ensembl_protein_id=ENSP00000258243|entry=URB2_HUMAN|source=pfam27|protein_name=Unhealthy,pre-rRNA,,basic_enriched_region,8,,LCRFinder
Q14146|ensembl_protein_id=ENSP00000258243|entry=URB2_HUMAN|source=pfam27|protein_name=Unhealthy,pre-rRNA,,hydrophobic_region,19,,LCRFinder
Q14147|ensembl_protein_id=ENSP00000331907|entry=DHX34_HUMAN|source=pfam27;pfam38|protein_name=Probable,mRNA,,acidic_region,5,,LCRFinder
Q14147|ensembl_protein_id=ENSP00000331907|entry=DHX34_HUMAN|source=pfam27;pfam38|protein_name=Probable,mRNA,,arginine_rich_rna_contact_region,10,,LCRFinder
Q14147|ensembl_protein_id=ENSP00000331907|entry=DHX34_HUMAN|source=pfam27;pfam38|protein_name=Probable,mRNA,,disorder_rich_spacer_region,4,,LCRFinder
Q14147|ensembl_protein_id=ENSP00000331907|entry=DHX34_HUMAN|source=pfam27;pfam38|protein_name=Probable,mRNA,,hydrophobic_region,4,,LCRFinder
Q14151|ensembl_protein_id=ENSP00000252542|entry=SAFB2_HUMAN|source=pfam27|protein_name=Scaffold,mRNA,,acidic_region,18,,LCRFinder
Q14151|ensembl_protein_id=ENSP00000252542|entry=SAFB2_HUMAN|source=pfam27|protein_name=Scaffold,mRNA,,arginine_rich_rna_contact_region,61,,LCRFinder
Q14151|ensembl_protein_id=ENSP00000252542|entry=SAFB2_HUMAN|source=pfam27|protein_name=Scaffold,mRNA,,aromatic_sticker_region,9,,LCRFinder
Q14151|ensembl_protein_id=ENSP00000252542|entry=SAFB2_HUMAN|source=pfam27|protein_name=Scaffold,mRNA,,basic_enriched_region,6,,LCRFinder
Q14151|ensembl_protein_id=ENSP00000252542|entry=SAFB2_HUMAN|source=pfam27|protein_name=Scaffold,mRNA,,disorder_rich_spacer_region,27,,LCRFinder
Q14151|ensembl_protein_id=ENSP00000252542|entry=SAFB2_HUMAN|source=pfam27|protein_name=Scaffold,mRNA,,gs_rich_neutral_region,4,,LCRFinder
Q14151|ensembl_protein_id=ENSP00000252542|entry=SAFB2_HUMAN|source=pfam27|protein_name=Scaffold,mRNA,,other,4,,LCRFinder
Q14152|ensembl_protein_id=ENSP00000358140|entry=EIF3A_HUMAN|source=pfam27|protein_name=Eukaryotic,mRNA,,acidic_region,84,,LCRFinder
Q14152|ensembl_protein_id=ENSP00000358140|entry=EIF3A_HUMAN|source=pfam27|protein_name=Eukaryotic,mRNA,,arginine_rich_rna_contact_region,24,,LCRFinder
Q14152|ensembl_protein_id=ENSP00000358140|entry=EIF3A_HUMAN|source=pfam27|protein_name=Eukaryotic,mRNA,,aromatic_sticker_region,12,,LCRFinder
Q14152|ensembl_protein_id=ENSP00000358140|entry=EIF3A_HUMAN|source=pfam27|protein_name=Eukaryotic,mRNA,,basic_enriched_region,5,,LCRFinder
Q14152|ensembl_protein_id=ENSP00000358140|entry=EIF3A_HUMAN|source=pfam27|protein_name=Eukaryotic,mRNA,,disorder_rich_spacer_region,64,,LCRFinder
Q14152|ensembl_protein_id=ENSP00000358140|entry=EIF3A_HUMAN|source=pfam27|protein_name=Eukaryotic,mRNA,,hydrophobic_region,4,,LCRFinder
Q14152|ensembl_protein_id=ENSP00000358140|entry=EIF3A_HUMAN|source=pfam27|protein_name=Eukaryotic,mRNA,,other,23,,LCRFinder
Q14157|ensembl_protein_id=ENSP00000345308|entry=UBP2L_HUMAN|source=pfam27|protein_name=Ubiquitin-associated,mRNA,,aromatic_sticker_region,21,,LCRFinder
Q14157|ensembl_protein_id=ENSP00000345308|entry=UBP2L_HUMAN|source=pfam27|protein_name=Ubiquitin-associated,mRNA,,disorder_rich_spacer_region,71,,LCRFinder
Q14157|ensembl_protein_id=ENSP00000345308|entry=UBP2L_HUMAN|source=pfam27|protein_name=Ubiquitin-associated,mRNA,,other,53,,LCRFinder
Q14204|ensembl_protein_id=ENSP00000348965|entry=DYHC1_HUMAN|source=pfam27|protein_name=Cytoplasmic,mRNA,,arginine_rich_rna_contact_region,4,,LCRFinder
Q14204|ensembl_protein_id=ENSP00000348965|entry=DYHC1_HUMAN|source=pfam27|protein_name=Cytoplasmic,mRNA,,basic_enriched_region,4,,LCRFinder
Q14204|ensembl_protein_id=ENSP00000348965|entry=DYHC1_HUMAN|source=pfam27|protein_name=Cytoplasmic,mRNA,,disorder_rich_spacer_region,9,,LCRFinder
Q14249|ensembl_protein_id=ENSP00000361725|entry=NUCG_HUMAN|source=pfam27|protein_name=Endonuclease,diverse,,arginine_rich_rna_contact_region,4,,LCRFinder
Q14249|ensembl_protein_id=ENSP00000361725|entry=NUCG_HUMAN|source=pfam27|protein_name=Endonuclease,diverse,,disorder_rich_spacer_region,16,,LCRFinder
Q14249|ensembl_protein_id=ENSP00000361725|entry=NUCG_HUMAN|source=pfam27|protein_name=Endonuclease,diverse,,hydrophobic_region,6,,LCRFinder
Q14296|ensembl_protein_id=ENSP00000297532|entry=FASTK_HUMAN|source=pfam27|protein_name=Fas-activated,mRNA,,arginine_rich_rna_contact_region,11,,LCRFinder
Q14296|ensembl_protein_id=ENSP00000297532|entry=FASTK_HUMAN|source=pfam27|protein_name=Fas-activated,mRNA,,hydrophobic_region,11,,LCRFinder
Q14444|ensembl_protein_id=ENSP00000374296|entry=CAPR1_HUMAN|source=pfam27|protein_name=Caprin-1,mRNA,,acidic_region,11,,LCRFinder
Q14444|ensembl_protein_id=ENSP00000374296|entry=CAPR1_HUMAN|source=pfam27|protein_name=Caprin-1,mRNA,,arginine_rich_rna_contact_region,5,,LCRFinder
Q14444|ensembl_protein_id=ENSP00000374296|entry=CAPR1_HUMAN|source=pfam27|protein_name=Caprin-1,mRNA,,gs_rich_neutral_region,23,,LCRFinder
Q14444|ensembl_protein_id=ENSP00000374296|entry=CAPR1_HUMAN|source=pfam27|protein_name=Caprin-1,mRNA,,other,6,,LCRFinder
Q14498|ensembl_protein_id=ENSP00000436747|entry=RBM39_HUMAN|source=pfam27|protein_name=RNA-binding,mRNA,,arginine_rich_rna_contact_region,18,,LCRFinder
Q14498|ensembl_protein_id=ENSP00000436747|entry=RBM39_HUMAN|source=pfam27|protein_name=RNA-binding,mRNA,,basic_enriched_region,9,,LCRFinder
Q14498|ensembl_protein_id=ENSP00000436747|entry=RBM39_HUMAN|source=pfam27|protein_name=RNA-binding,mRNA,,disorder_rich_spacer_region,10,,LCRFinder
Q14498|ensembl_protein_id=ENSP00000436747|entry=RBM39_HUMAN|source=pfam27|protein_name=RNA-binding,mRNA,,sr_rs_repeat_region,18,,LCRFinder
Q14562|ensembl_protein_id=ENSP00000262415|entry=DHX8_HUMAN|source=pfam27|protein_name=ATP-dependent,mRNA,,arginine_rich_rna_contact_region,16,,LCRFinder
Q14562|ensembl_protein_id=ENSP00000262415|entry=DHX8_HUMAN|source=pfam27|protein_name=ATP-dependent,mRNA,,sr_rs_repeat_region,24,,LCRFinder
Q14671|ensembl_protein_id=ENSP00000257075|entry=PUM1_HUMAN|source=rbpdb|protein_name=Pumilio,mRNA,,disorder_rich_spacer_region,83,,LCRFinder
Q14671|ensembl_protein_id=ENSP00000257075|entry=PUM1_HUMAN|source=rbpdb|protein_name=Pumilio,mRNA,,gs_rich_neutral_region,13,,LCRFinder
Q14671|ensembl_protein_id=ENSP00000257075|entry=PUM1_HUMAN|source=rbpdb|protein_name=Pumilio,mRNA,,hydrophobic_region,4,,LCRFinder
Q14671|ensembl_protein_id=ENSP00000257075|entry=PUM1_HUMAN|source=rbpdb|protein_name=Pumilio,mRNA,,other,31,,LCRFinder
Q14684|ensembl_protein_id=ENSP00000339145|entry=RRP1B_HUMAN|source=pfam27|protein_name=Ribosomal,pre-rRNA,,arginine_rich_rna_contact_region,10,,LCRFinder
Q14684|ensembl_protein_id=ENSP00000339145|entry=RRP1B_HUMAN|source=pfam27|protein_name=Ribosomal,pre-rRNA,,basic_enriched_region,10,,LCRFinder
Q14684|ensembl_protein_id=ENSP00000339145|entry=RRP1B_HUMAN|source=pfam27|protein_name=Ribosomal,pre-rRNA,,disorder_rich_spacer_region,4,,LCRFinder
Q14690|ensembl_protein_id=ENSP00000358812|entry=RRP5_HUMAN|source=pfam27|protein_name=Protein,snoRNA,,acidic_region,5,,LCRFinder
Q14690|ensembl_protein_id=ENSP00000358812|entry=RRP5_HUMAN|source=pfam27|protein_name=Protein,snoRNA,,basic_enriched_region,15,,LCRFinder
Q14690|ensembl_protein_id=ENSP00000358812|entry=RRP5_HUMAN|source=pfam27|protein_name=Protein,snoRNA,,hydrophobic_region,4,,LCRFinder
Q14692|ensembl_protein_id=ENSP00000363642|entry=BMS1_HUMAN|source=pfam27|protein_name=Ribosome,pre-rRNA,,acidic_region,54,,LCRFinder
Q14692|ensembl_protein_id=ENSP00000363642|entry=BMS1_HUMAN|source=pfam27|protein_name=Ribosome,pre-rRNA,,arginine_rich_rna_contact_region,6,,LCRFinder
Q14692|ensembl_protein_id=ENSP00000363642|entry=BMS1_HUMAN|source=pfam27|protein_name=Ribosome,pre-rRNA,,basic_enriched_region,9,,LCRFinder
Q14692|ensembl_protein_id=ENSP00000363642|entry=BMS1_HUMAN|source=pfam27|protein_name=Ribosome,pre-rRNA,,disorder_rich_spacer_region,8,,LCRFinder
Q14692|ensembl_protein_id=ENSP00000363642|entry=BMS1_HUMAN|source=pfam27|protein_name=Ribosome,pre-rRNA,,hydrophobic_region,12,,LCRFinder
Q14694|ensembl_protein_id=ENSP00000219473|entry=UBP10_HUMAN|source=pfam27|protein_name=Ubiquitin,mRNA,,acidic_region,6,,LCRFinder
Q14694|ensembl_protein_id=ENSP00000219473|entry=UBP10_HUMAN|source=pfam27|protein_name=Ubiquitin,mRNA,,basic_enriched_region,5,,LCRFinder
Q14694|ensembl_protein_id=ENSP00000219473|entry=UBP10_HUMAN|source=pfam27|protein_name=Ubiquitin,mRNA,,disorder_rich_spacer_region,4,,LCRFinder
Q14764|ensembl_protein_id=ENSP00000378760|entry=MVP_HUMAN|source=pfam27|protein_name=Major,ncRNA,,acidic_region,26,,LCRFinder
Q14764|ensembl_protein_id=ENSP00000378760|entry=MVP_HUMAN|source=pfam27|protein_name=Major,ncRNA,,other,6,,LCRFinder
Q14839|ensembl_protein_id=ENSP00000496634|entry=CHD4_HUMAN|source=pfam38|protein_name=ATP-dependent,unknown,,acidic_region,71,,LCRFinder
Q14839|ensembl_protein_id=ENSP00000496634|entry=CHD4_HUMAN|source=pfam38|protein_name=ATP-dependent,unknown,,arginine_rich_rna_contact_region,7,,LCRFinder
Q14839|ensembl_protein_id=ENSP00000496634|entry=CHD4_HUMAN|source=pfam38|protein_name=ATP-dependent,unknown,,basic_enriched_region,35,,LCRFinder
Q14839|ensembl_protein_id=ENSP00000496634|entry=CHD4_HUMAN|source=pfam38|protein_name=ATP-dependent,unknown,,disorder_rich_spacer_region,12,,LCRFinder
Q14839|ensembl_protein_id=ENSP00000496634|entry=CHD4_HUMAN|source=pfam38|protein_name=ATP-dependent,unknown,,hydrophobic_region,4,,LCRFinder
Q14839|ensembl_protein_id=ENSP00000496634|entry=CHD4_HUMAN|source=pfam38|protein_name=ATP-dependent,unknown,,other,4,,LCRFinder
Q14966|ensembl_protein_id=ENSP00000386433|entry=ZN638_HUMAN|source=pfam27|protein_name=Zinc,mRNA,,acidic_region,17,,LCRFinder
Q14966|ensembl_protein_id=ENSP00000386433|entry=ZN638_HUMAN|source=pfam27|protein_name=Zinc,mRNA,,arginine_rich_rna_contact_region,15,,LCRFinder
Q14966|ensembl_protein_id=ENSP00000386433|entry=ZN638_HUMAN|source=pfam27|protein_name=Zinc,mRNA,,basic_enriched_region,11,,LCRFinder
Q14966|ensembl_protein_id=ENSP00000386433|entry=ZN638_HUMAN|source=pfam27|protein_name=Zinc,mRNA,,disorder_rich_spacer_region,11,,LCRFinder
Q14966|ensembl_protein_id=ENSP00000386433|entry=ZN638_HUMAN|source=pfam27|protein_name=Zinc,mRNA,,sr_rs_repeat_region,26,,LCRFinder
Q14974|ensembl_protein_id=ENSP00000290158|entry=IMB1_HUMAN|source=pfam27|protein_name=Importin,mRNA,,acidic_region,11,,LCRFinder
Q14974|ensembl_protein_id=ENSP00000290158|entry=IMB1_HUMAN|source=pfam27|protein_name=Importin,mRNA,,aromatic_sticker_region,6,,LCRFinder
Q15007|ensembl_protein_id=ENSP00000336911|entry=FL2D_HUMAN|source=modomics|protein_name=Pre-mRNA-splicing,mRNA,,disorder_rich_spacer_region,13,,LCRFinder
Q15020|ensembl_protein_id=ENSP00000414453|entry=SART3_HUMAN|source=rbpdb|protein_name=Spliceosome,snRNA,,acidic_region,9,,LCRFinder
Q15020|ensembl_protein_id=ENSP00000414453|entry=SART3_HUMAN|source=rbpdb|protein_name=Spliceosome,snRNA,,arginine_rich_rna_contact_region,14,,LCRFinder
Q15020|ensembl_protein_id=ENSP00000414453|entry=SART3_HUMAN|source=rbpdb|protein_name=Spliceosome,snRNA,,disorder_rich_spacer_region,5,,LCRFinder
Q15022|ensembl_protein_id=ENSP00000316578|entry=SUZ12_HUMAN|source=pfam27|protein_name=Polycomb,ncRNA,,acidic_region,6,,LCRFinder
Q15022|ensembl_protein_id=ENSP00000316578|entry=SUZ12_HUMAN|source=pfam27|protein_name=Polycomb,ncRNA,,disorder_rich_spacer_region,34,,LCRFinder
Q15022|ensembl_protein_id=ENSP00000316578|entry=SUZ12_HUMAN|source=pfam27|protein_name=Polycomb,ncRNA,,gs_rich_neutral_region,13,,LCRFinder
Q15029|ensembl_protein_id=ENSP00000465058|entry=U5S1_HUMAN|source=pfam27|protein_name=116,tRNA,,acidic_region,8,,LCRFinder
Q15032|ensembl_protein_id=ENSP00000264160|entry=R3HD1_HUMAN|source=pfam27|protein_name=R3H,unknown,,acidic_region,7,,LCRFinder
Q15032|ensembl_protein_id=ENSP00000264160|entry=R3HD1_HUMAN|source=pfam27|protein_name=R3H,unknown,,disorder_rich_spacer_region,64,,LCRFinder
Q15032|ensembl_protein_id=ENSP00000264160|entry=R3HD1_HUMAN|source=pfam27|protein_name=R3H,unknown,,gs_rich_neutral_region,5,,LCRFinder
Q15032|ensembl_protein_id=ENSP00000264160|entry=R3HD1_HUMAN|source=pfam27|protein_name=R3H,unknown,,other,4,,LCRFinder
Q15050|ensembl_protein_id=ENSP00000322396|entry=RRS1_HUMAN|source=pfam27|protein_name=Ribosome,pre-rRNA,,arginine_rich_rna_contact_region,4,,LCRFinder
Q15050|ensembl_protein_id=ENSP00000322396|entry=RRS1_HUMAN|source=pfam27|protein_name=Ribosome,pre-rRNA,,disorder_rich_spacer_region,5,,LCRFinder
Q15056|ensembl_protein_id=ENSP00000265753|entry=IF4H_HUMAN|source=rbpdb|protein_name=Eukaryotic,mRNA,,acidic_region,5,,LCRFinder
Q15056|ensembl_protein_id=ENSP00000265753|entry=IF4H_HUMAN|source=rbpdb|protein_name=Eukaryotic,mRNA,,aromatic_sticker_region,9,,LCRFinder
Q15061|ensembl_protein_id=ENSP00000384302|entry=WDR43_HUMAN|source=pfam27|protein_name=WD,pre-rRNA,,acidic_region,27,,LCRFinder
Q15061|ensembl_protein_id=ENSP00000384302|entry=WDR43_HUMAN|source=pfam27|protein_name=WD,pre-rRNA,,disorder_rich_spacer_region,6,,LCRFinder
Q15233|ensembl_protein_id=ENSP00000441364|entry=NONO_HUMAN|source=pfam27|protein_name=Non-POU,ncRNA,,acidic_region,5,,LCRFinder
Q15233|ensembl_protein_id=ENSP00000441364|entry=NONO_HUMAN|source=pfam27|protein_name=Non-POU,ncRNA,,aromatic_sticker_region,22,,LCRFinder
Q15233|ensembl_protein_id=ENSP00000441364|entry=NONO_HUMAN|source=pfam27|protein_name=Non-POU,ncRNA,,disorder_rich_spacer_region,5,,LCRFinder
Q15233|ensembl_protein_id=ENSP00000441364|entry=NONO_HUMAN|source=pfam27|protein_name=Non-POU,ncRNA,,other,34,,LCRFinder
Q15269|ensembl_protein_id=ENSP00000291576|entry=PWP2_HUMAN|source=pfam27|protein_name=Periodic,snoRNA,,acidic_region,8,,LCRFinder
Q15269|ensembl_protein_id=ENSP00000291576|entry=PWP2_HUMAN|source=pfam27|protein_name=Periodic,snoRNA,,hydrophobic_region,6,,LCRFinder
Q15287|ensembl_protein_id=ENSP00000301730|entry=RNPS1_HUMAN|source=pfam38|protein_name=RNA-binding,mRNA,,arginine_rich_rna_contact_region,12,,LCRFinder
Q15287|ensembl_protein_id=ENSP00000301730|entry=RNPS1_HUMAN|source=pfam38|protein_name=RNA-binding,mRNA,,basic_enriched_region,4,,LCRFinder
Q15287|ensembl_protein_id=ENSP00000301730|entry=RNPS1_HUMAN|source=pfam38|protein_name=RNA-binding,mRNA,,other,17,,LCRFinder
Q15287|ensembl_protein_id=ENSP00000301730|entry=RNPS1_HUMAN|source=pfam38|protein_name=RNA-binding,mRNA,,sr_rs_repeat_region,97,,LCRFinder
Q15397|ensembl_protein_id=ENSP00000380982|entry=PUM3_HUMAN|source=pfam27|protein_name=Pumilio,mRNA,,basic_enriched_region,5,,LCRFinder
Q15397|ensembl_protein_id=ENSP00000380982|entry=PUM3_HUMAN|source=pfam27|protein_name=Pumilio,mRNA,,hydrophobic_region,5,,LCRFinder
Q15415|ensembl_protein_id=ENSP00000250831|entry=RBY1F_HUMAN|source=pfam27|protein_name=RNA-binding,mRNA,,arginine_rich_rna_contact_region,5,,LCRFinder
Q15415|ensembl_protein_id=ENSP00000250831|entry=RBY1F_HUMAN|source=pfam27|protein_name=RNA-binding,mRNA,,gs_rich_neutral_region,13,,LCRFinder
Q15424|ensembl_protein_id=ENSP00000292123|entry=SAFB1_HUMAN|source=pfam27|protein_name=Scaffold,mRNA,,acidic_region,32,,LCRFinder
Q15424|ensembl_protein_id=ENSP00000292123|entry=SAFB1_HUMAN|source=pfam27|protein_name=Scaffold,mRNA,,arginine_rich_rna_contact_region,14,,LCRFinder
Q15424|ensembl_protein_id=ENSP00000292123|entry=SAFB1_HUMAN|source=pfam27|protein_name=Scaffold,mRNA,,aromatic_sticker_region,9,,LCRFinder
Q15424|ensembl_protein_id=ENSP00000292123|entry=SAFB1_HUMAN|source=pfam27|protein_name=Scaffold,mRNA,,basic_enriched_region,6,,LCRFinder
Q15424|ensembl_protein_id=ENSP00000292123|entry=SAFB1_HUMAN|source=pfam27|protein_name=Scaffold,mRNA,,disorder_rich_spacer_region,10,,LCRFinder
Q15424|ensembl_protein_id=ENSP00000292123|entry=SAFB1_HUMAN|source=pfam27|protein_name=Scaffold,mRNA,,other,18,,LCRFinder
Q15427|ensembl_protein_id=ENSP00000271628|entry=SF3B4_HUMAN|source=pfam38|protein_name=Splicing,mRNA,,aromatic_sticker_region,14,,LCRFinder
Q15427|ensembl_protein_id=ENSP00000271628|entry=SF3B4_HUMAN|source=pfam38|protein_name=Splicing,mRNA,,disorder_rich_spacer_region,75,,LCRFinder
Q15428|ensembl_protein_id=ENSP00000221494|entry=SF3A2_HUMAN|source=pfam27|protein_name=Splicing,snRNA,,aromatic_sticker_region,9,,LCRFinder
Q15428|ensembl_protein_id=ENSP00000221494|entry=SF3A2_HUMAN|source=pfam27|protein_name=Splicing,snRNA,,disorder_rich_spacer_region,45,,LCRFinder
Q15459|ensembl_protein_id=ENSP00000215793|entry=SF3A1_HUMAN|source=rbpdb|protein_name=Splicing,snRNA,,acidic_region,11,,LCRFinder
Q15459|ensembl_protein_id=ENSP00000215793|entry=SF3A1_HUMAN|source=rbpdb|protein_name=Splicing,snRNA,,disorder_rich_spacer_region,66,,LCRFinder
Q15459|ensembl_protein_id=ENSP00000215793|entry=SF3A1_HUMAN|source=rbpdb|protein_name=Splicing,snRNA,,other,6,,LCRFinder
Q15477|ensembl_protein_id=ENSP00000412310|entry=SKI2_HUMAN|source=pfam27|protein_name=Superkiller,mRNA,,acidic_region,6,,LCRFinder
Q15477|ensembl_protein_id=ENSP00000412310|entry=SKI2_HUMAN|source=pfam27|protein_name=Superkiller,mRNA,,arginine_rich_rna_contact_region,8,,LCRFinder
Q15477|ensembl_protein_id=ENSP00000412310|entry=SKI2_HUMAN|source=pfam27|protein_name=Superkiller,mRNA,,hydrophobic_region,14,,LCRFinder
Q15633|ensembl_protein_id=ENSP00000266987|entry=TRBP2_HUMAN|source=pfam27|protein_name=RISC-loading,mRNA,,disorder_rich_spacer_region,5,,LCRFinder
Q15633|ensembl_protein_id=ENSP00000266987|entry=TRBP2_HUMAN|source=pfam27|protein_name=RISC-loading,mRNA,,hydrophobic_region,7,,LCRFinder
Q15633|ensembl_protein_id=ENSP00000266987|entry=TRBP2_HUMAN|source=pfam27|protein_name=RISC-loading,mRNA,,other,4,,LCRFinder
Q15637|ensembl_protein_id=ENSP00000396793|entry=SF01_HUMAN|source=pfam27|protein_name=Splicing,mRNA,,aromatic_sticker_region,17,,LCRFinder
Q15637|ensembl_protein_id=ENSP00000396793|entry=SF01_HUMAN|source=pfam27|protein_name=Splicing,mRNA,,disorder_rich_spacer_region,91,,LCRFinder
Q15637|ensembl_protein_id=ENSP00000396793|entry=SF01_HUMAN|source=pfam27|protein_name=Splicing,mRNA,,other,9,,LCRFinder
Q15696|ensembl_protein_id=ENSP00000303015|entry=U2AFM_HUMAN|source=pfam27|protein_name=U2,mRNA,,acidic_region,8,,LCRFinder
Q15696|ensembl_protein_id=ENSP00000303015|entry=U2AFM_HUMAN|source=pfam27|protein_name=U2,mRNA,,arginine_rich_rna_contact_region,4,,LCRFinder
Q15696|ensembl_protein_id=ENSP00000303015|entry=U2AFM_HUMAN|source=pfam27|protein_name=U2,mRNA,,disorder_rich_spacer_region,20,,LCRFinder
Q15696|ensembl_protein_id=ENSP00000303015|entry=U2AFM_HUMAN|source=pfam27|protein_name=U2,mRNA,,sr_rs_repeat_region,34,,LCRFinder
Q15797|ensembl_protein_id=ENSP00000426568|entry=SMAD1_HUMAN|source=pfam27|protein_name=SMAD,ncRNA,,basic_enriched_region,7,,LCRFinder
Q15797|ensembl_protein_id=ENSP00000426568|entry=SMAD1_HUMAN|source=pfam27|protein_name=SMAD,ncRNA,,disorder_rich_spacer_region,4,,LCRFinder
Q15910|ensembl_protein_id=ENSP00000320147|entry=EZH2_HUMAN|source=pfam27|protein_name=Histone-lysine,ncRNA,,acidic_region,20,,LCRFinder
Q15910|ensembl_protein_id=ENSP00000320147|entry=EZH2_HUMAN|source=pfam27|protein_name=Histone-lysine,ncRNA,,disorder_rich_spacer_region,4,,LCRFinder
Q16560|ensembl_protein_id=ENSP00000432595|entry=U1SBP_HUMAN|source=pfam27|protein_name=U11/U12,snRNA,,arginine_rich_rna_contact_region,10,,LCRFinder
Q16560|ensembl_protein_id=ENSP00000432595|entry=U1SBP_HUMAN|source=pfam27|protein_name=U11/U12,snRNA,,disorder_rich_spacer_region,13,,LCRFinder
Q16560|ensembl_protein_id=ENSP00000432595|entry=U1SBP_HUMAN|source=pfam27|protein_name=U11/U12,snRNA,,other,4,,LCRFinder
Q16587|ensembl_protein_id=ENSP00000383301|entry=ZNF74_HUMAN|source=rbpdb|protein_name=Zinc,unknown,,acidic_region,4,,LCRFinder
Q16587|ensembl_protein_id=ENSP00000383301|entry=ZNF74_HUMAN|source=rbpdb|protein_name=Zinc,unknown,,aromatic_sticker_region,9,,LCRFinder
Q16594|ensembl_protein_id=ENSP00000370193|entry=TAF9_HUMAN|source=pfam27|protein_name=Transcription,snoRNA,,acidic_region,11,,LCRFinder
Q16594|ensembl_protein_id=ENSP00000370193|entry=TAF9_HUMAN|source=pfam27|protein_name=Transcription,snoRNA,,other,4,,LCRFinder
Q16600|ensembl_protein_id=ENSP00000307774|entry=ZN239_HUMAN|source=pfam27|protein_name=Zinc,unknown,,basic_enriched_region,6,,LCRFinder
Q16629|ensembl_protein_id=ENSP00000325905|entry=SRSF7_HUMAN|source=rbpdb|protein_name=Serine/arginine-rich,mRNA,,arginine_rich_rna_contact_region,24,,LCRFinder
Q16629|ensembl_protein_id=ENSP00000325905|entry=SRSF7_HUMAN|source=rbpdb|protein_name=Serine/arginine-rich,mRNA,,sr_rs_repeat_region,43,,LCRFinder
Q16630|ensembl_protein_id=ENSP00000391774|entry=CPSF6_HUMAN|source=pfam27|protein_name=Cleavage,mRNA,,arginine_rich_rna_contact_region,34,,LCRFinder
Q16630|ensembl_protein_id=ENSP00000391774|entry=CPSF6_HUMAN|source=pfam27|protein_name=Cleavage,mRNA,,disorder_rich_spacer_region,71,,LCRFinder
Q16637|ensembl_protein_id=ENSP00000305857|entry=SMN_HUMAN|source=pfam27|protein_name=Survival,snRNA,,disorder_rich_spacer_region,24,,LCRFinder
Q16637|ensembl_protein_id=ENSP00000305857|entry=SMN_HUMAN|source=pfam27|protein_name=Survival,snRNA,,gs_rich_neutral_region,6,,LCRFinder
Q17RN3|ensembl_protein_id=ENSP00000340348|entry=FA98C_HUMAN|source=pfam27|protein_name=Protein,unknown,,basic_enriched_region,6,,LCRFinder
Q17RN3|ensembl_protein_id=ENSP00000340348|entry=FA98C_HUMAN|source=pfam27|protein_name=Protein,unknown,,disorder_rich_spacer_region,7,,LCRFinder
Q17RY0|ensembl_protein_id=ENSP00000265085|entry=CPEB4_HUMAN|source=pfam38|protein_name=Cytoplasmic,mRNA,,aromatic_sticker_region,10,,LCRFinder
Q17RY0|ensembl_protein_id=ENSP00000265085|entry=CPEB4_HUMAN|source=pfam38|protein_name=Cytoplasmic,mRNA,,disorder_rich_spacer_region,11,,LCRFinder
Q17RY0|ensembl_protein_id=ENSP00000265085|entry=CPEB4_HUMAN|source=pfam38|protein_name=Cytoplasmic,mRNA,,gs_rich_neutral_region,6,,LCRFinder
Q17RY0|ensembl_protein_id=ENSP00000265085|entry=CPEB4_HUMAN|source=pfam38|protein_name=Cytoplasmic,mRNA,,other,25,,LCRFinder
Q1KMD3|ensembl_protein_id=ENSP00000301785|entry=HNRL2_HUMAN|source=pfam27|protein_name=Heterogeneous,mRNA,,acidic_region,49,,LCRFinder
Q1KMD3|ensembl_protein_id=ENSP00000301785|entry=HNRL2_HUMAN|source=pfam27|protein_name=Heterogeneous,mRNA,,arginine_rich_rna_contact_region,5,,LCRFinder
Q1KMD3|ensembl_protein_id=ENSP00000301785|entry=HNRL2_HUMAN|source=pfam27|protein_name=Heterogeneous,mRNA,,aromatic_sticker_region,6,,LCRFinder
Q1KMD3|ensembl_protein_id=ENSP00000301785|entry=HNRL2_HUMAN|source=pfam27|protein_name=Heterogeneous,mRNA,,disorder_rich_spacer_region,22,,LCRFinder
Q1KMD3|ensembl_protein_id=ENSP00000301785|entry=HNRL2_HUMAN|source=pfam27|protein_name=Heterogeneous,mRNA,,hydrophobic_region,9,,LCRFinder
Q2NKX8|ensembl_protein_id=ENSP00000334675|entry=ERC6L_HUMAN|source=pfam38|protein_name=DNA,unknown,,acidic_region,12,,LCRFinder
Q2NKX8|ensembl_protein_id=ENSP00000334675|entry=ERC6L_HUMAN|source=pfam38|protein_name=DNA,unknown,,other,4,,LCRFinder
Q2NL82|ensembl_protein_id=ENSP00000301364|entry=TSR1_HUMAN|source=pfam27|protein_name=Pre-rRNA-processing,pre-rRNA,,acidic_region,5,,LCRFinder
Q2NL82|ensembl_protein_id=ENSP00000301364|entry=TSR1_HUMAN|source=pfam27|protein_name=Pre-rRNA-processing,pre-rRNA,,hydrophobic_region,4,,LCRFinder
Q2Q1W2|ensembl_protein_id=ENSP00000373272|entry=LIN41_HUMAN|source=pfam27|protein_name=E3,ncRNA,,disorder_rich_spacer_region,34,,LCRFinder
Q2Q1W2|ensembl_protein_id=ENSP00000373272|entry=LIN41_HUMAN|source=pfam27|protein_name=E3,ncRNA,,gs_rich_neutral_region,13,,LCRFinder
Q2Q1W2|ensembl_protein_id=ENSP00000373272|entry=LIN41_HUMAN|source=pfam27|protein_name=E3,ncRNA,,hydrophobic_region,10,,LCRFinder
Q2Q1W2|ensembl_protein_id=ENSP00000373272|entry=LIN41_HUMAN|source=pfam27|protein_name=E3,ncRNA,,other,5,,LCRFinder
Q2TBE0|ensembl_protein_id=ENSP00000282251|entry=C19L2_HUMAN|source=pfam27|protein_name=CWF19-like,mRNA,,acidic_region,10,,LCRFinder
Q2TBE0|ensembl_protein_id=ENSP00000282251|entry=C19L2_HUMAN|source=pfam27|protein_name=CWF19-like,mRNA,,basic_enriched_region,19,,LCRFinder
Q2TBE0|ensembl_protein_id=ENSP00000282251|entry=C19L2_HUMAN|source=pfam27|protein_name=CWF19-like,mRNA,,disorder_rich_spacer_region,20,,LCRFinder
Q2WGJ9|ensembl_protein_id=ENSP00000428280|entry=FR1L6_HUMAN|source=pfam38|protein_name=Fer-1-like,unknown,,acidic_region,6,,LCRFinder
Q2WGJ9|ensembl_protein_id=ENSP00000428280|entry=FR1L6_HUMAN|source=pfam38|protein_name=Fer-1-like,unknown,,basic_enriched_region,10,,LCRFinder
Q2WGJ9|ensembl_protein_id=ENSP00000428280|entry=FR1L6_HUMAN|source=pfam38|protein_name=Fer-1-like,unknown,,disorder_rich_spacer_region,13,,LCRFinder
Q2WGJ9|ensembl_protein_id=ENSP00000428280|entry=FR1L6_HUMAN|source=pfam38|protein_name=Fer-1-like,unknown,,hydrophobic_region,11,,LCRFinder
Q2WGJ9|ensembl_protein_id=ENSP00000428280|entry=FR1L6_HUMAN|source=pfam38|protein_name=Fer-1-like,unknown,,other,10,,LCRFinder
Q32MZ4|ensembl_protein_id=ENSP00000310109|entry=LRRF1_HUMAN|source=pfam27|protein_name=Leucine-rich,ncRNA,,acidic_region,10,,LCRFinder
Q32MZ4|ensembl_protein_id=ENSP00000310109|entry=LRRF1_HUMAN|source=pfam27|protein_name=Leucine-rich,ncRNA,,arginine_rich_rna_contact_region,16,,LCRFinder
Q32MZ4|ensembl_protein_id=ENSP00000310109|entry=LRRF1_HUMAN|source=pfam27|protein_name=Leucine-rich,ncRNA,,basic_enriched_region,9,,LCRFinder
Q32MZ4|ensembl_protein_id=ENSP00000310109|entry=LRRF1_HUMAN|source=pfam27|protein_name=Leucine-rich,ncRNA,,other,4,,LCRFinder
Q32P51|ensembl_protein_id=ENSP00000350090|entry=RA1L2_HUMAN|source=pfam27;pfam38|protein_name=Heterogeneous,mRNA,,aromatic_sticker_region,14,,LCRFinder
Q32P51|ensembl_protein_id=ENSP00000350090|entry=RA1L2_HUMAN|source=pfam27;pfam38|protein_name=Heterogeneous,mRNA,,disorder_rich_spacer_region,14,,LCRFinder
Q32P51|ensembl_protein_id=ENSP00000350090|entry=RA1L2_HUMAN|source=pfam27;pfam38|protein_name=Heterogeneous,mRNA,,gs_rich_neutral_region,9,,LCRFinder
Q3L8U1|ensembl_protein_id=ENSP00000381522|entry=CHD9_HUMAN|source=pfam38|protein_name=ATP-dependent,unknown,,acidic_region,29,,LCRFinder
Q3L8U1|ensembl_protein_id=ENSP00000381522|entry=CHD9_HUMAN|source=pfam38|protein_name=ATP-dependent,unknown,,arginine_rich_rna_contact_region,6,,LCRFinder
Q3L8U1|ensembl_protein_id=ENSP00000381522|entry=CHD9_HUMAN|source=pfam38|protein_name=ATP-dependent,unknown,,aromatic_sticker_region,5,,LCRFinder
Q3L8U1|ensembl_protein_id=ENSP00000381522|entry=CHD9_HUMAN|source=pfam38|protein_name=ATP-dependent,unknown,,basic_enriched_region,9,,LCRFinder
Q3L8U1|ensembl_protein_id=ENSP00000381522|entry=CHD9_HUMAN|source=pfam38|protein_name=ATP-dependent,unknown,,disorder_rich_spacer_region,81,,LCRFinder
Q3L8U1|ensembl_protein_id=ENSP00000381522|entry=CHD9_HUMAN|source=pfam38|protein_name=ATP-dependent,unknown,,gs_rich_neutral_region,6,,LCRFinder
Q3L8U1|ensembl_protein_id=ENSP00000381522|entry=CHD9_HUMAN|source=pfam38|protein_name=ATP-dependent,unknown,,hydrophobic_region,8,,LCRFinder
Q3L8U1|ensembl_protein_id=ENSP00000381522|entry=CHD9_HUMAN|source=pfam38|protein_name=ATP-dependent,unknown,,other,6,,LCRFinder
Q460N5|ensembl_protein_id=ENSP00000418194|entry=PAR14_HUMAN|source=rbpdb|protein_name=Protein,unknown,,basic_enriched_region,4,,LCRFinder
Q460N5|ensembl_protein_id=ENSP00000418194|entry=PAR14_HUMAN|source=rbpdb|protein_name=Protein,unknown,,hydrophobic_region,6,,LCRFinder
Q460N5|ensembl_protein_id=ENSP00000418194|entry=PAR14_HUMAN|source=rbpdb|protein_name=Protein,unknown,,other,4,,LCRFinder
Q4G0J3|ensembl_protein_id=ENSP00000422626|entry=LARP7_HUMAN|source=pfam27|protein_name=La-related,ncRNA,,acidic_region,10,,LCRFinder
Q4G0J3|ensembl_protein_id=ENSP00000422626|entry=LARP7_HUMAN|source=pfam27|protein_name=La-related,ncRNA,,basic_enriched_region,15,,LCRFinder
Q4ZG55|ensembl_protein_id=ENSP00000234142|entry=GREB1_HUMAN|source=pfam38|protein_name=Protein,unknown,,acidic_region,18,,LCRFinder
Q4ZG55|ensembl_protein_id=ENSP00000234142|entry=GREB1_HUMAN|source=pfam38|protein_name=Protein,unknown,,arginine_rich_rna_contact_region,4,,LCRFinder
Q4ZG55|ensembl_protein_id=ENSP00000234142|entry=GREB1_HUMAN|source=pfam38|protein_name=Protein,unknown,,disorder_rich_spacer_region,6,,LCRFinder
Q4ZG55|ensembl_protein_id=ENSP00000234142|entry=GREB1_HUMAN|source=pfam38|protein_name=Protein,unknown,,gs_rich_neutral_region,10,,LCRFinder
Q504Q3|ensembl_protein_id=ENSP00000257931|entry=PAN2_HUMAN|source=pfam27|protein_name=PAN2-PAN3,mRNA,,aromatic_sticker_region,6,,LCRFinder
Q504Q3|ensembl_protein_id=ENSP00000257931|entry=PAN2_HUMAN|source=pfam27|protein_name=PAN2-PAN3,mRNA,,disorder_rich_spacer_region,4,,LCRFinder
Q504Q3|ensembl_protein_id=ENSP00000257931|entry=PAN2_HUMAN|source=pfam27|protein_name=PAN2-PAN3,mRNA,,hydrophobic_region,5,,LCRFinder
Q52LJ0|ensembl_protein_id=ENSP00000380734|entry=FA98B_HUMAN|source=pfam27|protein_name=tRNA-splicing,tRNA,,aromatic_sticker_region,14,,LCRFinder
Q52LJ0|ensembl_protein_id=ENSP00000380734|entry=FA98B_HUMAN|source=pfam27|protein_name=tRNA-splicing,tRNA,,disorder_rich_spacer_region,23,,LCRFinder
Q52LJ0|ensembl_protein_id=ENSP00000380734|entry=FA98B_HUMAN|source=pfam27|protein_name=tRNA-splicing,tRNA,,other,56,,LCRFinder
Q53F19|ensembl_protein_id=ENSP00000373657|entry=NCBP3_HUMAN|source=pfam27|protein_name=Nuclear,unknown,,acidic_region,27,,LCRFinder
Q53F19|ensembl_protein_id=ENSP00000373657|entry=NCBP3_HUMAN|source=pfam27|protein_name=Nuclear,unknown,,disorder_rich_spacer_region,6,,LCRFinder
Q53GL7|ensembl_protein_id=ENSP00000325618|entry=PAR10_HUMAN|source=rbpdb|protein_name=Protein,unknown,,acidic_region,18,,LCRFinder
Q53GL7|ensembl_protein_id=ENSP00000325618|entry=PAR10_HUMAN|source=rbpdb|protein_name=Protein,unknown,,hydrophobic_region,10,,LCRFinder
Q53GS9|ensembl_protein_id=ENSP00000312981|entry=UBP39_HUMAN|source=pfam27|protein_name=Ubiquitin,snRNA,,basic_enriched_region,5,,LCRFinder
Q53GS9|ensembl_protein_id=ENSP00000312981|entry=UBP39_HUMAN|source=pfam27|protein_name=Ubiquitin,snRNA,,disorder_rich_spacer_region,8,,LCRFinder
Q53H54|ensembl_protein_id=ENSP00000329858|entry=TYW2_HUMAN|source=pfam27|protein_name=tRNA,tRNA,,hydrophobic_region,9,,LCRFinder
Q53R41|ensembl_protein_id=ENSP00000400513|entry=FAKD1_HUMAN|source=pfam27|protein_name=FAST,mRNA,,acidic_region,4,,LCRFinder
Q58A45|ensembl_protein_id=ENSP00000370345|entry=PAN3_HUMAN|source=pfam27|protein_name=PAN2-PAN3,mRNA,,disorder_rich_spacer_region,55,,LCRFinder
Q58A45|ensembl_protein_id=ENSP00000370345|entry=PAN3_HUMAN|source=pfam27|protein_name=PAN2-PAN3,mRNA,,gs_rich_neutral_region,11,,LCRFinder
Q58A45|ensembl_protein_id=ENSP00000370345|entry=PAN3_HUMAN|source=pfam27|protein_name=PAN2-PAN3,mRNA,,hydrophobic_region,8,,LCRFinder
Q5C9Z4|ensembl_protein_id=ENSP00000275820|entry=NOM1_HUMAN|source=pfam27|protein_name=Nucleolar,pre-rRNA,,acidic_region,21,,LCRFinder
Q5C9Z4|ensembl_protein_id=ENSP00000275820|entry=NOM1_HUMAN|source=pfam27|protein_name=Nucleolar,pre-rRNA,,arginine_rich_rna_contact_region,4,,LCRFinder
Q5C9Z4|ensembl_protein_id=ENSP00000275820|entry=NOM1_HUMAN|source=pfam27|protein_name=Nucleolar,pre-rRNA,,basic_enriched_region,10,,LCRFinder
Q5C9Z4|ensembl_protein_id=ENSP00000275820|entry=NOM1_HUMAN|source=pfam27|protein_name=Nucleolar,pre-rRNA,,disorder_rich_spacer_region,13,,LCRFinder
Q5C9Z4|ensembl_protein_id=ENSP00000275820|entry=NOM1_HUMAN|source=pfam27|protein_name=Nucleolar,pre-rRNA,,gs_rich_neutral_region,7,,LCRFinder
Q5D1E8|ensembl_protein_id=ENSP00000362179|entry=ZC12A_HUMAN|source=pfam27|protein_name=Endoribonuclease,ncRNA,,aromatic_sticker_region,9,,LCRFinder
Q5D1E8|ensembl_protein_id=ENSP00000362179|entry=ZC12A_HUMAN|source=pfam27|protein_name=Endoribonuclease,ncRNA,,disorder_rich_spacer_region,9,,LCRFinder
Q5D1E8|ensembl_protein_id=ENSP00000362179|entry=ZC12A_HUMAN|source=pfam27|protein_name=Endoribonuclease,ncRNA,,gs_rich_neutral_region,6,,LCRFinder
Q5FWF4|ensembl_protein_id=ENSP00000264159|entry=ZRAB3_HUMAN|source=pfam38|protein_name=DNA,unknown,,disorder_rich_spacer_region,4,,LCRFinder
Q5GAN6|ensembl_protein_id=ENSP00000392996|entry=RNS10_HUMAN|source=pfam27|protein_name=Inactive,unknown,,hydrophobic_region,15,,LCRFinder
Q5H9U9|ensembl_protein_id=ENSP00000422423|entry=DDX6L_HUMAN|source=pfam27|protein_name=Probable,ncRNA,,basic_enriched_region,12,,LCRFinder
Q5H9U9|ensembl_protein_id=ENSP00000422423|entry=DDX6L_HUMAN|source=pfam27|protein_name=Probable,ncRNA,,hydrophobic_region,9,,LCRFinder
Q5H9U9|ensembl_protein_id=ENSP00000422423|entry=DDX6L_HUMAN|source=pfam27|protein_name=Probable,ncRNA,,other,9,,LCRFinder
Q5JSJ4|ensembl_protein_id=ENSP00000359788|entry=INT6L_HUMAN|source=pfam27|protein_name=Integrator,mRNA,,hydrophobic_region,5,,LCRFinder
Q5JTH9|ensembl_protein_id=ENSP00000446184|entry=RRP12_HUMAN|source=pfam27|protein_name=RRP12-like,pre-rRNA,,acidic_region,32,,LCRFinder
Q5JTH9|ensembl_protein_id=ENSP00000446184|entry=RRP12_HUMAN|source=pfam27|protein_name=RRP12-like,pre-rRNA,,other,6,,LCRFinder
Q5JTZ9|ensembl_protein_id=ENSP00000244571|entry=SYAM_HUMAN|source=pfam27|protein_name=Alanine--tRNA,tRNA,,arginine_rich_rna_contact_region,17,,LCRFinder
Q5JTZ9|ensembl_protein_id=ENSP00000244571|entry=SYAM_HUMAN|source=pfam27|protein_name=Alanine--tRNA,tRNA,,other,4,,LCRFinder
Q5JVS0|ensembl_protein_id=ENSP00000364398|entry=HABP4_HUMAN|source=pfam27|protein_name=Intracellular,mRNA,,acidic_region,6,,LCRFinder
Q5JVS0|ensembl_protein_id=ENSP00000364398|entry=HABP4_HUMAN|source=pfam27|protein_name=Intracellular,mRNA,,arginine_rich_rna_contact_region,19,,LCRFinder
Q5JVS0|ensembl_protein_id=ENSP00000364398|entry=HABP4_HUMAN|source=pfam27|protein_name=Intracellular,mRNA,,disorder_rich_spacer_region,22,,LCRFinder
Q5JVS0|ensembl_protein_id=ENSP00000364398|entry=HABP4_HUMAN|source=pfam27|protein_name=Intracellular,mRNA,,other,23,,LCRFinder
Q5PRF9|ensembl_protein_id=ENSP00000317224|entry=SMAG2_HUMAN|source=pfam27;pfam38|protein_name=Protein,mRNA,,disorder_rich_spacer_region,25,,LCRFinder
Q5PRF9|ensembl_protein_id=ENSP00000317224|entry=SMAG2_HUMAN|source=pfam27;pfam38|protein_name=Protein,mRNA,,hydrophobic_region,9,,LCRFinder
Q5QJE6|ensembl_protein_id=ENSP00000411010|entry=TDIF2_HUMAN|source=pfam27|protein_name=Deoxynucleotidyltransferase,pre-rRNA,,acidic_region,13,,LCRFinder
Q5QJE6|ensembl_protein_id=ENSP00000411010|entry=TDIF2_HUMAN|source=pfam27|protein_name=Deoxynucleotidyltransferase,pre-rRNA,,arginine_rich_rna_contact_region,8,,LCRFinder
Q5QPL9|ensembl_protein_id=ENSP00000415973|entry=Q5QPL9_HUMAN|source=pfam27|protein_name=RALY,mRNA,,disorder_rich_spacer_region,30,,LCRFinder
Q5RKV6|ensembl_protein_id=ENSP00000398597|entry=EXOS6_HUMAN|source=pfam27|protein_name=Exosome,diverse,,acidic_region,7,,LCRFinder
Q5RKV6|ensembl_protein_id=ENSP00000398597|entry=EXOS6_HUMAN|source=pfam27|protein_name=Exosome,diverse,,arginine_rich_rna_contact_region,4,,LCRFinder
Q5RKV6|ensembl_protein_id=ENSP00000398597|entry=EXOS6_HUMAN|source=pfam27|protein_name=Exosome,diverse,,disorder_rich_spacer_region,25,,LCRFinder
Q5RKV6|ensembl_protein_id=ENSP00000398597|entry=EXOS6_HUMAN|source=pfam27|protein_name=Exosome,diverse,,hydrophobic_region,5,,LCRFinder
Q5ST30|ensembl_protein_id=ENSP00000316092|entry=SYVM_HUMAN|source=pfam27|protein_name=Valine--tRNA,tRNA,,hydrophobic_region,4,,LCRFinder
Q5ST30|ensembl_protein_id=ENSP00000316092|entry=SYVM_HUMAN|source=pfam27|protein_name=Valine--tRNA,tRNA,,other,4,,LCRFinder
Q5SY16|ensembl_protein_id=ENSP00000366934|entry=NOL9_HUMAN|source=pfam27|protein_name=Polynucleotide,pre-rRNA,,arginine_rich_rna_contact_region,12,,LCRFinder
Q5SY16|ensembl_protein_id=ENSP00000366934|entry=NOL9_HUMAN|source=pfam27|protein_name=Polynucleotide,pre-rRNA,,hydrophobic_region,8,,LCRFinder
Q5SZQ8|ensembl_protein_id=ENSP00000290585|entry=CELF3_HUMAN|source=pfam27|protein_name=CUGBP,mRNA,,aromatic_sticker_region,6,,LCRFinder
Q5SZQ8|ensembl_protein_id=ENSP00000290585|entry=CELF3_HUMAN|source=pfam27|protein_name=CUGBP,mRNA,,disorder_rich_spacer_region,37,,LCRFinder
Q5T200|ensembl_protein_id=ENSP00000282007|entry=ZC3HD_HUMAN|source=pfam27|protein_name=Zinc,unknown,,acidic_region,18,,LCRFinder
Q5T200|ensembl_protein_id=ENSP00000282007|entry=ZC3HD_HUMAN|source=pfam27|protein_name=Zinc,unknown,,arginine_rich_rna_contact_region,81,,LCRFinder
Q5T200|ensembl_protein_id=ENSP00000282007|entry=ZC3HD_HUMAN|source=pfam27|protein_name=Zinc,unknown,,basic_enriched_region,26,,LCRFinder
Q5T200|ensembl_protein_id=ENSP00000282007|entry=ZC3HD_HUMAN|source=pfam27|protein_name=Zinc,unknown,,disorder_rich_spacer_region,83,,LCRFinder
Q5T200|ensembl_protein_id=ENSP00000282007|entry=ZC3HD_HUMAN|source=pfam27|protein_name=Zinc,unknown,,gs_rich_neutral_region,6,,LCRFinder
Q5T200|ensembl_protein_id=ENSP00000282007|entry=ZC3HD_HUMAN|source=pfam27|protein_name=Zinc,unknown,,other,64,,LCRFinder
Q5T481|ensembl_protein_id=ENSP00000358532|entry=RBM20_HUMAN|source=pfam27|protein_name=RNA-binding,mRNA,,acidic_region,9,,LCRFinder
Q5T481|ensembl_protein_id=ENSP00000358532|entry=RBM20_HUMAN|source=pfam27|protein_name=RNA-binding,mRNA,,arginine_rich_rna_contact_region,4,,LCRFinder
Q5T481|ensembl_protein_id=ENSP00000358532|entry=RBM20_HUMAN|source=pfam27|protein_name=RNA-binding,mRNA,,aromatic_sticker_region,7,,LCRFinder
Q5T481|ensembl_protein_id=ENSP00000358532|entry=RBM20_HUMAN|source=pfam27|protein_name=RNA-binding,mRNA,,disorder_rich_spacer_region,15,,LCRFinder
Q5T481|ensembl_protein_id=ENSP00000358532|entry=RBM20_HUMAN|source=pfam27|protein_name=RNA-binding,mRNA,,gs_rich_neutral_region,6,,LCRFinder
Q5T481|ensembl_protein_id=ENSP00000358532|entry=RBM20_HUMAN|source=pfam27|protein_name=RNA-binding,mRNA,,hydrophobic_region,5,,LCRFinder
Q5T481|ensembl_protein_id=ENSP00000358532|entry=RBM20_HUMAN|source=pfam27|protein_name=RNA-binding,mRNA,,other,6,,LCRFinder
Q5T5J6|ensembl_protein_id=ENSP00000356471|entry=SWT1_HUMAN|source=pfam27|protein_name=Transcriptional,mRNA,,disorder_rich_spacer_region,7,,LCRFinder
Q5T5J6|ensembl_protein_id=ENSP00000356471|entry=SWT1_HUMAN|source=pfam27|protein_name=Transcriptional,mRNA,,hydrophobic_region,5,,LCRFinder
Q5T619|ensembl_protein_id=ENSP00000344129|entry=ZN648_HUMAN|source=pfam38|protein_name=Zinc,unknown,,gs_rich_neutral_region,6,,LCRFinder
Q5T6F2|ensembl_protein_id=ENSP00000368540|entry=UBAP2_HUMAN|source=pfam27|protein_name=Ubiquitin-associated,mRNA,,arginine_rich_rna_contact_region,7,,LCRFinder
Q5T6F2|ensembl_protein_id=ENSP00000368540|entry=UBAP2_HUMAN|source=pfam27|protein_name=Ubiquitin-associated,mRNA,,aromatic_sticker_region,16,,LCRFinder
Q5T6F2|ensembl_protein_id=ENSP00000368540|entry=UBAP2_HUMAN|source=pfam27|protein_name=Ubiquitin-associated,mRNA,,disorder_rich_spacer_region,33,,LCRFinder
Q5T6F2|ensembl_protein_id=ENSP00000368540|entry=UBAP2_HUMAN|source=pfam27|protein_name=Ubiquitin-associated,mRNA,,other,24,,LCRFinder
Q5T760|ensembl_protein_id=ENSP00000378568|entry=Q5T760_HUMAN|source=pfam27|protein_name=Serine,mRNA,,arginine_rich_rna_contact_region,31,,LCRFinder
Q5T760|ensembl_protein_id=ENSP00000378568|entry=Q5T760_HUMAN|source=pfam27|protein_name=Serine,mRNA,,basic_enriched_region,30,,LCRFinder
Q5T760|ensembl_protein_id=ENSP00000378568|entry=Q5T760_HUMAN|source=pfam27|protein_name=Serine,mRNA,,disorder_rich_spacer_region,24,,LCRFinder
Q5T760|ensembl_protein_id=ENSP00000378568|entry=Q5T760_HUMAN|source=pfam27|protein_name=Serine,mRNA,,hydrophobic_region,8,,LCRFinder
Q5T760|ensembl_protein_id=ENSP00000378568|entry=Q5T760_HUMAN|source=pfam27|protein_name=Serine,mRNA,,other,6,,LCRFinder
Q5T760|ensembl_protein_id=ENSP00000378568|entry=Q5T760_HUMAN|source=pfam27|protein_name=Serine,mRNA,,sr_rs_repeat_region,31,,LCRFinder
Q5T7N2|ensembl_protein_id=ENSP00000419901|entry=LITD1_HUMAN|source=pfam27|protein_name=LINE-1,mRNA,,acidic_region,43,,LCRFinder
Q5T7N2|ensembl_protein_id=ENSP00000419901|entry=LITD1_HUMAN|source=pfam27|protein_name=LINE-1,mRNA,,basic_enriched_region,7,,LCRFinder
Q5T7N2|ensembl_protein_id=ENSP00000419901|entry=LITD1_HUMAN|source=pfam27|protein_name=LINE-1,mRNA,,other,6,,LCRFinder
Q5T890|ensembl_protein_id=ENSP00000520479|entry=ER6L2_HUMAN|source=pfam38|protein_name=DNA,unknown,,acidic_region,4,,LCRFinder
Q5T890|ensembl_protein_id=ENSP00000520479|entry=ER6L2_HUMAN|source=pfam38|protein_name=DNA,unknown,,basic_enriched_region,4,,LCRFinder
Q5T890|ensembl_protein_id=ENSP00000520479|entry=ER6L2_HUMAN|source=pfam38|protein_name=DNA,unknown,,disorder_rich_spacer_region,7,,LCRFinder
Q5T8P6|ensembl_protein_id=ENSP00000267229|entry=RBM26_HUMAN|source=pfam27|protein_name=RNA-binding,mRNA,,acidic_region,14,,LCRFinder
Q5T8P6|ensembl_protein_id=ENSP00000267229|entry=RBM26_HUMAN|source=pfam27|protein_name=RNA-binding,mRNA,,arginine_rich_rna_contact_region,19,,LCRFinder
Q5T8P6|ensembl_protein_id=ENSP00000267229|entry=RBM26_HUMAN|source=pfam27|protein_name=RNA-binding,mRNA,,aromatic_sticker_region,11,,LCRFinder
Q5T8P6|ensembl_protein_id=ENSP00000267229|entry=RBM26_HUMAN|source=pfam27|protein_name=RNA-binding,mRNA,,basic_enriched_region,4,,LCRFinder
Q5T8P6|ensembl_protein_id=ENSP00000267229|entry=RBM26_HUMAN|source=pfam27|protein_name=RNA-binding,mRNA,,disorder_rich_spacer_region,40,,LCRFinder
Q5T8P6|ensembl_protein_id=ENSP00000267229|entry=RBM26_HUMAN|source=pfam27|protein_name=RNA-binding,mRNA,,other,15,,LCRFinder
Q5T8P6|ensembl_protein_id=ENSP00000267229|entry=RBM26_HUMAN|source=pfam27|protein_name=RNA-binding,mRNA,,sr_rs_repeat_region,16,,LCRFinder
Q5T9H5|ensembl_protein_id=ENSP00000345924|entry=Q5T9H5_HUMAN|source=pfam27|protein_name=Nanos,mRNA,,disorder_rich_spacer_region,9,,LCRFinder
Q5TAP6|ensembl_protein_id=ENSP00000428619|entry=UT14C_HUMAN|source=pfam27|protein_name=U3,snoRNA,,acidic_region,14,,LCRFinder
Q5TAP6|ensembl_protein_id=ENSP00000428619|entry=UT14C_HUMAN|source=pfam27|protein_name=U3,snoRNA,,arginine_rich_rna_contact_region,4,,LCRFinder
Q5TAP6|ensembl_protein_id=ENSP00000428619|entry=UT14C_HUMAN|source=pfam27|protein_name=U3,snoRNA,,basic_enriched_region,7,,LCRFinder
Q5TAX3|ensembl_protein_id=ENSP00000257177|entry=TUT4_HUMAN|source=pfam27|protein_name=Terminal,ncRNA,,acidic_region,7,,LCRFinder
Q5TAX3|ensembl_protein_id=ENSP00000257177|entry=TUT4_HUMAN|source=pfam27|protein_name=Terminal,ncRNA,,basic_enriched_region,14,,LCRFinder
Q5TAX3|ensembl_protein_id=ENSP00000257177|entry=TUT4_HUMAN|source=pfam27|protein_name=Terminal,ncRNA,,disorder_rich_spacer_region,9,,LCRFinder
Q5TAX3|ensembl_protein_id=ENSP00000257177|entry=TUT4_HUMAN|source=pfam27|protein_name=Terminal,ncRNA,,hydrophobic_region,6,,LCRFinder
Q5TC82|ensembl_protein_id=ENSP00000356667|entry=RC3H1_HUMAN|source=pfam27|protein_name=Roquin-1,mRNA,,disorder_rich_spacer_region,11,,LCRFinder
Q5U5Q3|ensembl_protein_id=ENSP00000385610|entry=MEX3C_HUMAN|source=pfam27|protein_name=RNA-binding,mRNA,,acidic_region,34,,LCRFinder
Q5U5Q3|ensembl_protein_id=ENSP00000385610|entry=MEX3C_HUMAN|source=pfam27|protein_name=RNA-binding,mRNA,,disorder_rich_spacer_region,52,,LCRFinder
Q5U5Q3|ensembl_protein_id=ENSP00000385610|entry=MEX3C_HUMAN|source=pfam27|protein_name=RNA-binding,mRNA,,gs_rich_neutral_region,9,,LCRFinder
Q5U5Q3|ensembl_protein_id=ENSP00000385610|entry=MEX3C_HUMAN|source=pfam27|protein_name=RNA-binding,mRNA,,hydrophobic_region,24,,LCRFinder
Q5VTL8|ensembl_protein_id=ENSP00000359042|entry=PR38B_HUMAN|source=pfam27|protein_name=Pre-mRNA-splicing,snRNA,,arginine_rich_rna_contact_region,45,,LCRFinder
Q5VTL8|ensembl_protein_id=ENSP00000359042|entry=PR38B_HUMAN|source=pfam27|protein_name=Pre-mRNA-splicing,snRNA,,disorder_rich_spacer_region,24,,LCRFinder
Q5VTL8|ensembl_protein_id=ENSP00000359042|entry=PR38B_HUMAN|source=pfam27|protein_name=Pre-mRNA-splicing,snRNA,,sr_rs_repeat_region,43,,LCRFinder
Q5VUG0|ensembl_protein_id=ENSP00000355109|entry=SMBT2_HUMAN|source=rbpdb|protein_name=Scm-like,unknown,,acidic_region,18,,LCRFinder
Q5VUG0|ensembl_protein_id=ENSP00000355109|entry=SMBT2_HUMAN|source=rbpdb|protein_name=Scm-like,unknown,,arginine_rich_rna_contact_region,15,,LCRFinder
Q5VUG0|ensembl_protein_id=ENSP00000355109|entry=SMBT2_HUMAN|source=rbpdb|protein_name=Scm-like,unknown,,hydrophobic_region,12,,LCRFinder
Q5VV67|ensembl_protein_id=ENSP00000278070|entry=PPRC1_HUMAN|source=rbpdb|protein_name=Peroxisome,mRNA,,acidic_region,5,,LCRFinder
Q5VV67|ensembl_protein_id=ENSP00000278070|entry=PPRC1_HUMAN|source=rbpdb|protein_name=Peroxisome,mRNA,,arginine_rich_rna_contact_region,12,,LCRFinder
Q5VV67|ensembl_protein_id=ENSP00000278070|entry=PPRC1_HUMAN|source=rbpdb|protein_name=Peroxisome,mRNA,,disorder_rich_spacer_region,69,,LCRFinder
Q5VV67|ensembl_protein_id=ENSP00000278070|entry=PPRC1_HUMAN|source=rbpdb|protein_name=Peroxisome,mRNA,,other,4,,LCRFinder
Q5VV67|ensembl_protein_id=ENSP00000278070|entry=PPRC1_HUMAN|source=rbpdb|protein_name=Peroxisome,mRNA,,sr_rs_repeat_region,61,,LCRFinder
Q5VWX1|ensembl_protein_id=ENSP00000281156|entry=KHDR2_HUMAN|source=pfam27|protein_name=KH,mRNA,,disorder_rich_spacer_region,30,,LCRFinder
Q5VWX1|ensembl_protein_id=ENSP00000281156|entry=KHDR2_HUMAN|source=pfam27|protein_name=KH,mRNA,,other,10,,LCRFinder
Q5VYS8|ensembl_protein_id=ENSP00000365130|entry=TUT7_HUMAN|source=pfam27|protein_name=Terminal,ncRNA,,acidic_region,26,,LCRFinder
Q5VYS8|ensembl_protein_id=ENSP00000365130|entry=TUT7_HUMAN|source=pfam27|protein_name=Terminal,ncRNA,,arginine_rich_rna_contact_region,8,,LCRFinder
Q5VZF2|ensembl_protein_id=ENSP00000267287|entry=MBNL2_HUMAN|source=pfam27|protein_name=Muscleblind-like,mRNA,,disorder_rich_spacer_region,12,,LCRFinder
Q5W0B1|ensembl_protein_id=ENSP00000282003|entry=OBI1_HUMAN|source=pfam38|protein_name=ORC,unknown,,acidic_region,12,,LCRFinder
Q5W0B1|ensembl_protein_id=ENSP00000282003|entry=OBI1_HUMAN|source=pfam38|protein_name=ORC,unknown,,basic_enriched_region,5,,LCRFinder
Q5W0B1|ensembl_protein_id=ENSP00000282003|entry=OBI1_HUMAN|source=pfam38|protein_name=ORC,unknown,,disorder_rich_spacer_region,17,,LCRFinder
Q5W0B1|ensembl_protein_id=ENSP00000282003|entry=OBI1_HUMAN|source=pfam38|protein_name=ORC,unknown,,other,4,,LCRFinder
Q5XG87|ensembl_protein_id=ENSP00000230859|entry=PAPD7_HUMAN|source=pfam27|protein_name=Terminal,diverse,,basic_enriched_region,4,,LCRFinder
Q5XG87|ensembl_protein_id=ENSP00000230859|entry=PAPD7_HUMAN|source=pfam27|protein_name=Terminal,diverse,,disorder_rich_spacer_region,67,,LCRFinder
Q5XG87|ensembl_protein_id=ENSP00000230859|entry=PAPD7_HUMAN|source=pfam27|protein_name=Terminal,diverse,,gs_rich_neutral_region,15,,LCRFinder
Q5XG87|ensembl_protein_id=ENSP00000230859|entry=PAPD7_HUMAN|source=pfam27|protein_name=Terminal,diverse,,other,5,,LCRFinder
Q659C4|ensembl_protein_id=ENSP00000321997|entry=LAR1B_HUMAN|source=rbpdb|protein_name=La-related,mRNA,,acidic_region,4,,LCRFinder
Q659C4|ensembl_protein_id=ENSP00000321997|entry=LAR1B_HUMAN|source=rbpdb|protein_name=La-related,mRNA,,arginine_rich_rna_contact_region,6,,LCRFinder
Q659C4|ensembl_protein_id=ENSP00000321997|entry=LAR1B_HUMAN|source=rbpdb|protein_name=La-related,mRNA,,other,16,,LCRFinder
Q66PJ3|ensembl_protein_id=ENSP00000376230|entry=AR6P4_HUMAN|source=pfam27|protein_name=ADP-ribosylation,mRNA,,arginine_rich_rna_contact_region,14,,LCRFinder
Q66PJ3|ensembl_protein_id=ENSP00000376230|entry=AR6P4_HUMAN|source=pfam27|protein_name=ADP-ribosylation,mRNA,,disorder_rich_spacer_region,30,,LCRFinder
Q66PJ3|ensembl_protein_id=ENSP00000376230|entry=AR6P4_HUMAN|source=pfam27|protein_name=ADP-ribosylation,mRNA,,sr_rs_repeat_region,9,,LCRFinder
Q69YN4|ensembl_protein_id=ENSP00000297591|entry=VIR_HUMAN|source=modomics|protein_name=Protein,mRNA,,acidic_region,70,,LCRFinder
Q69YN4|ensembl_protein_id=ENSP00000297591|entry=VIR_HUMAN|source=modomics|protein_name=Protein,mRNA,,arginine_rich_rna_contact_region,5,,LCRFinder
Q69YN4|ensembl_protein_id=ENSP00000297591|entry=VIR_HUMAN|source=modomics|protein_name=Protein,mRNA,,basic_enriched_region,4,,LCRFinder
Q69YN4|ensembl_protein_id=ENSP00000297591|entry=VIR_HUMAN|source=modomics|protein_name=Protein,mRNA,,disorder_rich_spacer_region,19,,LCRFinder
Q69YN4|ensembl_protein_id=ENSP00000297591|entry=VIR_HUMAN|source=modomics|protein_name=Protein,mRNA,,gs_rich_neutral_region,17,,LCRFinder
Q69YN4|ensembl_protein_id=ENSP00000297591|entry=VIR_HUMAN|source=modomics|protein_name=Protein,mRNA,,hydrophobic_region,14,,LCRFinder
Q69YN4|ensembl_protein_id=ENSP00000297591|entry=VIR_HUMAN|source=modomics|protein_name=Protein,mRNA,,other,21,,LCRFinder
Q6BEB4|ensembl_protein_id=ENSP00000364430|entry=SP5_HUMAN|source=pfam38|protein_name=Transcription,unknown,,arginine_rich_rna_contact_region,4,,LCRFinder
Q6BEB4|ensembl_protein_id=ENSP00000364430|entry=SP5_HUMAN|source=pfam38|protein_name=Transcription,unknown,,disorder_rich_spacer_region,33,,LCRFinder
Q6IPR3|ensembl_protein_id=ENSP00000359904|entry=TYW3_HUMAN|source=pfam27|protein_name=tRNA,tRNA,,acidic_region,5,,LCRFinder
"Q6L8Q7|ensembl_protein_id=ENSP00000309142|entry=PDE12_HUMAN|source=pfam27|protein_name=2',5'-phosphodiesterase",mRNA,,disorder_rich_spacer_region,4,,LCRFinder
"Q6L8Q7|ensembl_protein_id=ENSP00000309142|entry=PDE12_HUMAN|source=pfam27|protein_name=2',5'-phosphodiesterase",mRNA,,other,11,,LCRFinder
Q6NZI2|ensembl_protein_id=ENSP00000349541|entry=CAVN1_HUMAN|source=pfam27|protein_name=Caveolae-associated,pre-rRNA,,acidic_region,21,,LCRFinder
Q6P087|ensembl_protein_id=ENSP00000373331|entry=RUSD3_HUMAN|source=modomics|protein_name=Mitochondrial,mRNA,,hydrophobic_region,10,,LCRFinder
Q6P158|ensembl_protein_id=ENSP00000405111|entry=DHX57_HUMAN|source=pfam38|protein_name=Putative,mRNA,,acidic_region,8,,LCRFinder
Q6P158|ensembl_protein_id=ENSP00000405111|entry=DHX57_HUMAN|source=pfam38|protein_name=Putative,mRNA,,disorder_rich_spacer_region,13,,LCRFinder
Q6P158|ensembl_protein_id=ENSP00000405111|entry=DHX57_HUMAN|source=pfam38|protein_name=Putative,mRNA,,gs_rich_neutral_region,13,,LCRFinder
Q6P2E9|ensembl_protein_id=ENSP00000351811|entry=EDC4_HUMAN|source=pfam27|protein_name=Enhancer,mRNA,,acidic_region,4,,LCRFinder
Q6P2E9|ensembl_protein_id=ENSP00000351811|entry=EDC4_HUMAN|source=pfam27|protein_name=Enhancer,mRNA,,disorder_rich_spacer_region,42,,LCRFinder
Q6P2E9|ensembl_protein_id=ENSP00000351811|entry=EDC4_HUMAN|source=pfam27|protein_name=Enhancer,mRNA,,hydrophobic_region,20,,LCRFinder
Q6P2Q9|ensembl_protein_id=ENSP00000460348|entry=PRP8_HUMAN|source=pfam27|protein_name=Pre-mRNA-processing-splicing,snRNA,,basic_enriched_region,4,,LCRFinder
Q6P2Q9|ensembl_protein_id=ENSP00000460348|entry=PRP8_HUMAN|source=pfam27|protein_name=Pre-mRNA-processing-splicing,snRNA,,disorder_rich_spacer_region,5,,LCRFinder
Q6P2Q9|ensembl_protein_id=ENSP00000460348|entry=PRP8_HUMAN|source=pfam27|protein_name=Pre-mRNA-processing-splicing,snRNA,,hydrophobic_region,5,,LCRFinder
Q6P2Q9|ensembl_protein_id=ENSP00000460348|entry=PRP8_HUMAN|source=pfam27|protein_name=Pre-mRNA-processing-splicing,snRNA,,other,6,,LCRFinder
Q6P6C2|ensembl_protein_id=ENSP00000382091|entry=ALKB5_HUMAN|source=pfam27|protein_name=RNA,mRNA,,disorder_rich_spacer_region,19,,LCRFinder
Q6P9B9|ensembl_protein_id=ENSP00000327889|entry=INT5_HUMAN|source=pfam27|protein_name=Integrator,snRNA,,disorder_rich_spacer_region,28,,LCRFinder
Q6P9B9|ensembl_protein_id=ENSP00000327889|entry=INT5_HUMAN|source=pfam27|protein_name=Integrator,snRNA,,gs_rich_neutral_region,20,,LCRFinder
Q6P9B9|ensembl_protein_id=ENSP00000327889|entry=INT5_HUMAN|source=pfam27|protein_name=Integrator,snRNA,,hydrophobic_region,39,,LCRFinder
Q6P9B9|ensembl_protein_id=ENSP00000327889|entry=INT5_HUMAN|source=pfam27|protein_name=Integrator,snRNA,,other,6,,LCRFinder
Q6PI26|ensembl_protein_id=ENSP00000417452|entry=SHQ1_HUMAN|source=pfam27|protein_name=Protein,snoRNA,,acidic_region,29,,LCRFinder
Q6PIY7|ensembl_protein_id=ENSP00000397563|entry=GLD2_HUMAN|source=pfam27|protein_name=Poly(A),mRNA,,hydrophobic_region,4,,LCRFinder
Q6PJT7|ensembl_protein_id=ENSP00000251038|entry=ZC3HE_HUMAN|source=rbpdb|protein_name=Zinc,mRNA,,acidic_region,5,,LCRFinder
Q6PJT7|ensembl_protein_id=ENSP00000251038|entry=ZC3HE_HUMAN|source=rbpdb|protein_name=Zinc,mRNA,,disorder_rich_spacer_region,15,,LCRFinder
Q6PKG0|ensembl_protein_id=ENSP00000336721|entry=LARP1_HUMAN|source=pfam27|protein_name=La-related,mRNA,,arginine_rich_rna_contact_region,13,,LCRFinder
Q6PKG0|ensembl_protein_id=ENSP00000336721|entry=LARP1_HUMAN|source=pfam27|protein_name=La-related,mRNA,,basic_enriched_region,10,,LCRFinder
Q6PKG0|ensembl_protein_id=ENSP00000336721|entry=LARP1_HUMAN|source=pfam27|protein_name=La-related,mRNA,,disorder_rich_spacer_region,26,,LCRFinder
Q6PKG0|ensembl_protein_id=ENSP00000336721|entry=LARP1_HUMAN|source=pfam27|protein_name=La-related,mRNA,,other,17,,LCRFinder
Q6R2W3|ensembl_protein_id=ENSP00000395259|entry=SCND3_HUMAN|source=pfam38|protein_name=SCAN,unknown,,acidic_region,6,,LCRFinder
Q6R2W3|ensembl_protein_id=ENSP00000395259|entry=SCND3_HUMAN|source=pfam38|protein_name=SCAN,unknown,,basic_enriched_region,7,,LCRFinder
Q6R2W3|ensembl_protein_id=ENSP00000395259|entry=SCND3_HUMAN|source=pfam38|protein_name=SCAN,unknown,,hydrophobic_region,4,,LCRFinder
Q6R2W3|ensembl_protein_id=ENSP00000395259|entry=SCND3_HUMAN|source=pfam38|protein_name=SCAN,unknown,,other,4,,LCRFinder
Q6UX04|ensembl_protein_id=ENSP00000370460|entry=CWC27_HUMAN|source=pfam27|protein_name=Spliceosome-associated,mRNA,,acidic_region,19,,LCRFinder
Q6UX04|ensembl_protein_id=ENSP00000370460|entry=CWC27_HUMAN|source=pfam27|protein_name=Spliceosome-associated,mRNA,,basic_enriched_region,5,,LCRFinder
Q6UX04|ensembl_protein_id=ENSP00000370460|entry=CWC27_HUMAN|source=pfam27|protein_name=Spliceosome-associated,mRNA,,disorder_rich_spacer_region,5,,LCRFinder
Q6XE24|ensembl_protein_id=ENSP00000273139|entry=RBMS3_HUMAN|source=rbpdb|protein_name=RNA-binding,mRNA,,disorder_rich_spacer_region,19,,LCRFinder
Q6ZN04|ensembl_protein_id=ENSP00000329918|entry=MEX3B_HUMAN|source=pfam27|protein_name=RNA-binding,mRNA,,disorder_rich_spacer_region,30,,LCRFinder
Q6ZN04|ensembl_protein_id=ENSP00000329918|entry=MEX3B_HUMAN|source=pfam27|protein_name=RNA-binding,mRNA,,gs_rich_neutral_region,45,,LCRFinder
Q6ZN04|ensembl_protein_id=ENSP00000329918|entry=MEX3B_HUMAN|source=pfam27|protein_name=RNA-binding,mRNA,,other,12,,LCRFinder
Q6ZN17|ensembl_protein_id=ENSP00000344401|entry=LN28B_HUMAN|source=pfam27|protein_name=Protein,mRNA,,disorder_rich_spacer_region,6,,LCRFinder
Q6ZP01|ensembl_protein_id=ENSP00000321179|entry=RBM44_HUMAN|source=pfam27|protein_name=RNA-binding,mRNA,,hydrophobic_region,5,,LCRFinder
Q6ZP01|ensembl_protein_id=ENSP00000321179|entry=RBM44_HUMAN|source=pfam27|protein_name=RNA-binding,mRNA,,other,4,,LCRFinder
Q6ZRS2|ensembl_protein_id=ENSP00000262518|entry=SRCAP_HUMAN|source=pfam38|protein_name=Chromatin,unknown,,acidic_region,98,,LCRFinder
Q6ZRS2|ensembl_protein_id=ENSP00000262518|entry=SRCAP_HUMAN|source=pfam38|protein_name=Chromatin,unknown,,arginine_rich_rna_contact_region,50,,LCRFinder
Q6ZRS2|ensembl_protein_id=ENSP00000262518|entry=SRCAP_HUMAN|source=pfam38|protein_name=Chromatin,unknown,,aromatic_sticker_region,9,,LCRFinder
Q6ZRS2|ensembl_protein_id=ENSP00000262518|entry=SRCAP_HUMAN|source=pfam38|protein_name=Chromatin,unknown,,disorder_rich_spacer_region,156,,LCRFinder
Q6ZRS2|ensembl_protein_id=ENSP00000262518|entry=SRCAP_HUMAN|source=pfam38|protein_name=Chromatin,unknown,,gs_rich_neutral_region,16,,LCRFinder
Q6ZRS2|ensembl_protein_id=ENSP00000262518|entry=SRCAP_HUMAN|source=pfam38|protein_name=Chromatin,unknown,,hydrophobic_region,39,,LCRFinder
Q6ZRS2|ensembl_protein_id=ENSP00000262518|entry=SRCAP_HUMAN|source=pfam38|protein_name=Chromatin,unknown,,other,47,,LCRFinder
Q6ZRY4|ensembl_protein_id=ENSP00000300069|entry=RBPS2_HUMAN|source=pfam27|protein_name=RNA-binding,mRNA,,disorder_rich_spacer_region,5,,LCRFinder
Q76FK4|ensembl_protein_id=ENSP00000401177|entry=NOL8_HUMAN|source=pfam27;pfam38|protein_name=Nucleolar,pre-rRNA,,acidic_region,17,,LCRFinder
Q76FK4|ensembl_protein_id=ENSP00000401177|entry=NOL8_HUMAN|source=pfam27;pfam38|protein_name=Nucleolar,pre-rRNA,,arginine_rich_rna_contact_region,6,,LCRFinder
Q76FK4|ensembl_protein_id=ENSP00000401177|entry=NOL8_HUMAN|source=pfam27;pfam38|protein_name=Nucleolar,pre-rRNA,,basic_enriched_region,7,,LCRFinder
Q76FK4|ensembl_protein_id=ENSP00000401177|entry=NOL8_HUMAN|source=pfam27;pfam38|protein_name=Nucleolar,pre-rRNA,,disorder_rich_spacer_region,19,,LCRFinder
Q76FK4|ensembl_protein_id=ENSP00000401177|entry=NOL8_HUMAN|source=pfam27;pfam38|protein_name=Nucleolar,pre-rRNA,,hydrophobic_region,4,,LCRFinder
Q76MJ5|ensembl_protein_id=ENSP00000256797|entry=ERN2_HUMAN|source=pfam27|protein_name=Serine/threonine-protein,mRNA,,hydrophobic_region,5,,LCRFinder
Q7KZ85|ensembl_protein_id=ENSP00000319104|entry=SPT6H_HUMAN|source=pfam27|protein_name=Transcription,mRNA,,acidic_region,78,,LCRFinder
Q7KZ85|ensembl_protein_id=ENSP00000319104|entry=SPT6H_HUMAN|source=pfam27|protein_name=Transcription,mRNA,,disorder_rich_spacer_region,12,,LCRFinder
Q7KZ85|ensembl_protein_id=ENSP00000319104|entry=SPT6H_HUMAN|source=pfam27|protein_name=Transcription,mRNA,,gs_rich_neutral_region,8,,LCRFinder
Q7KZF4|ensembl_protein_id=ENSP00000346762|entry=SND1_HUMAN|source=pfam27|protein_name=Staphylococcal,mRNA,,acidic_region,13,,LCRFinder
Q7KZF4|ensembl_protein_id=ENSP00000346762|entry=SND1_HUMAN|source=pfam27|protein_name=Staphylococcal,mRNA,,hydrophobic_region,4,,LCRFinder
Q7L2E3|ensembl_protein_id=ENSP00000394682|entry=DHX30_HUMAN|source=pfam38|protein_name=ATP-dependent,mRNA,,acidic_region,20,,LCRFinder
Q7L2E3|ensembl_protein_id=ENSP00000394682|entry=DHX30_HUMAN|source=pfam38|protein_name=ATP-dependent,mRNA,,basic_enriched_region,4,,LCRFinder
Q7L2E3|ensembl_protein_id=ENSP00000394682|entry=DHX30_HUMAN|source=pfam38|protein_name=ATP-dependent,mRNA,,disorder_rich_spacer_region,12,,LCRFinder
Q7L2E3|ensembl_protein_id=ENSP00000394682|entry=DHX30_HUMAN|source=pfam38|protein_name=ATP-dependent,mRNA,,hydrophobic_region,14,,LCRFinder
Q7L2H7|ensembl_protein_id=ENSP00000436049|entry=EIF3M_HUMAN|source=pfam27|protein_name=Eukaryotic,mRNA,,hydrophobic_region,5,,LCRFinder
Q7L2J0|ensembl_protein_id=ENSP00000308546|entry=MEPCE_HUMAN|source=pfam27|protein_name=7SK,ncRNA,,arginine_rich_rna_contact_region,9,,LCRFinder
Q7L2J0|ensembl_protein_id=ENSP00000308546|entry=MEPCE_HUMAN|source=pfam27|protein_name=7SK,ncRNA,,disorder_rich_spacer_region,49,,LCRFinder
Q7L2J0|ensembl_protein_id=ENSP00000308546|entry=MEPCE_HUMAN|source=pfam27|protein_name=7SK,ncRNA,,hydrophobic_region,4,,LCRFinder
Q7L2J0|ensembl_protein_id=ENSP00000308546|entry=MEPCE_HUMAN|source=pfam27|protein_name=7SK,ncRNA,,other,8,,LCRFinder
Q7L775|ensembl_protein_id=ENSP00000406027|entry=EPMIP_HUMAN|source=pfam38|protein_name=EPM2A-interacting,unknown,,disorder_rich_spacer_region,4,,LCRFinder
Q7Z2T5|ensembl_protein_id=ENSP00000356476|entry=TRM1L_HUMAN|source=pfam27|protein_name=tRNA,tRNA,,disorder_rich_spacer_region,12,,LCRFinder
Q7Z2T5|ensembl_protein_id=ENSP00000356476|entry=TRM1L_HUMAN|source=pfam27|protein_name=tRNA,tRNA,,hydrophobic_region,8,,LCRFinder
Q7Z2W4|ensembl_protein_id=ENSP00000242351|entry=ZCCHV_HUMAN|source=rbpdb|protein_name=Zinc,mRNA,,arginine_rich_rna_contact_region,5,,LCRFinder
Q7Z2W4|ensembl_protein_id=ENSP00000242351|entry=ZCCHV_HUMAN|source=rbpdb|protein_name=Zinc,mRNA,,disorder_rich_spacer_region,7,,LCRFinder
Q7Z333|ensembl_protein_id=ENSP00000224140|entry=SETX_HUMAN|source=pfam27|protein_name=Helicase,mRNA,,acidic_region,22,,LCRFinder
Q7Z333|ensembl_protein_id=ENSP00000224140|entry=SETX_HUMAN|source=pfam27|protein_name=Helicase,mRNA,,basic_enriched_region,8,,LCRFinder
Q7Z333|ensembl_protein_id=ENSP00000224140|entry=SETX_HUMAN|source=pfam27|protein_name=Helicase,mRNA,,disorder_rich_spacer_region,5,,LCRFinder
Q7Z333|ensembl_protein_id=ENSP00000224140|entry=SETX_HUMAN|source=pfam27|protein_name=Helicase,mRNA,,hydrophobic_region,6,,LCRFinder
Q7Z333|ensembl_protein_id=ENSP00000224140|entry=SETX_HUMAN|source=pfam27|protein_name=Helicase,mRNA,,other,6,,LCRFinder
Q7Z417|ensembl_protein_id=ENSP00000225388|entry=NUFP2_HUMAN|source=pfam27|protein_name=FMR1-interacting,mRNA,,aromatic_sticker_region,29,,LCRFinder
Q7Z417|ensembl_protein_id=ENSP00000225388|entry=NUFP2_HUMAN|source=pfam27|protein_name=FMR1-interacting,mRNA,,basic_enriched_region,4,,LCRFinder
Q7Z417|ensembl_protein_id=ENSP00000225388|entry=NUFP2_HUMAN|source=pfam27|protein_name=FMR1-interacting,mRNA,,disorder_rich_spacer_region,8,,LCRFinder
Q7Z417|ensembl_protein_id=ENSP00000225388|entry=NUFP2_HUMAN|source=pfam27|protein_name=FMR1-interacting,mRNA,,other,9,,LCRFinder
Q7Z478|ensembl_protein_id=ENSP00000251636|entry=DHX29_HUMAN|source=pfam27|protein_name=ATP-dependent,mRNA,,acidic_region,16,,LCRFinder
Q7Z478|ensembl_protein_id=ENSP00000251636|entry=DHX29_HUMAN|source=pfam27|protein_name=ATP-dependent,mRNA,,disorder_rich_spacer_region,30,,LCRFinder
Q7Z478|ensembl_protein_id=ENSP00000251636|entry=DHX29_HUMAN|source=pfam27|protein_name=ATP-dependent,mRNA,,hydrophobic_region,4,,LCRFinder
Q7Z4G4|ensembl_protein_id=ENSP00000333934|entry=TRM11_HUMAN|source=pfam27|protein_name=tRNA,tRNA,,hydrophobic_region,4,,LCRFinder
Q7Z570|ensembl_protein_id=ENSP00000303252|entry=Z804A_HUMAN|source=pfam38|protein_name=Zinc,unknown,,arginine_rich_rna_contact_region,6,,LCRFinder
Q7Z570|ensembl_protein_id=ENSP00000303252|entry=Z804A_HUMAN|source=pfam38|protein_name=Zinc,unknown,,disorder_rich_spacer_region,26,,LCRFinder
Q7Z570|ensembl_protein_id=ENSP00000303252|entry=Z804A_HUMAN|source=pfam38|protein_name=Zinc,unknown,,other,4,,LCRFinder
Q7Z5Q1|ensembl_protein_id=ENSP00000443985|entry=CPEB2_HUMAN|source=pfam38|protein_name=Cytoplasmic,mRNA,,aromatic_sticker_region,23,,LCRFinder
Q7Z5Q1|ensembl_protein_id=ENSP00000443985|entry=CPEB2_HUMAN|source=pfam38|protein_name=Cytoplasmic,mRNA,,disorder_rich_spacer_region,13,,LCRFinder
Q7Z6E9|ensembl_protein_id=ENSP00000317872|entry=RBBP6_HUMAN|source=pfam27|protein_name=E3,mRNA,,acidic_region,5,,LCRFinder
Q7Z6E9|ensembl_protein_id=ENSP00000317872|entry=RBBP6_HUMAN|source=pfam27|protein_name=E3,mRNA,,arginine_rich_rna_contact_region,37,,LCRFinder
Q7Z6E9|ensembl_protein_id=ENSP00000317872|entry=RBBP6_HUMAN|source=pfam27|protein_name=E3,mRNA,,aromatic_sticker_region,20,,LCRFinder
Q7Z6E9|ensembl_protein_id=ENSP00000317872|entry=RBBP6_HUMAN|source=pfam27|protein_name=E3,mRNA,,basic_enriched_region,70,,LCRFinder
Q7Z6E9|ensembl_protein_id=ENSP00000317872|entry=RBBP6_HUMAN|source=pfam27|protein_name=E3,mRNA,,disorder_rich_spacer_region,69,,LCRFinder
Q7Z6E9|ensembl_protein_id=ENSP00000317872|entry=RBBP6_HUMAN|source=pfam27|protein_name=E3,mRNA,,sr_rs_repeat_region,12,,LCRFinder
Q7Z6J9|ensembl_protein_id=ENSP00000327487|entry=SEN54_HUMAN|source=pfam27|protein_name=tRNA-splicing,tRNA,,acidic_region,6,,LCRFinder
Q7Z6J9|ensembl_protein_id=ENSP00000327487|entry=SEN54_HUMAN|source=pfam27|protein_name=tRNA-splicing,tRNA,,arginine_rich_rna_contact_region,4,,LCRFinder
Q7Z6J9|ensembl_protein_id=ENSP00000327487|entry=SEN54_HUMAN|source=pfam27|protein_name=tRNA-splicing,tRNA,,disorder_rich_spacer_region,9,,LCRFinder
Q7Z6M4|ensembl_protein_id=ENSP00000375840|entry=MTEF4_HUMAN|source=pfam27|protein_name=Transcription,pre-rRNA,,acidic_region,32,,LCRFinder
Q7Z739|ensembl_protein_id=ENSP00000473496|entry=YTHD3_HUMAN|source=rbpdb;modomics|protein_name=YTH,mRNA,,acidic_region,4,,LCRFinder
Q7Z739|ensembl_protein_id=ENSP00000473496|entry=YTHD3_HUMAN|source=rbpdb;modomics|protein_name=YTH,mRNA,,aromatic_sticker_region,7,,LCRFinder
Q7Z739|ensembl_protein_id=ENSP00000473496|entry=YTHD3_HUMAN|source=rbpdb;modomics|protein_name=YTH,mRNA,,disorder_rich_spacer_region,22,,LCRFinder
Q7Z739|ensembl_protein_id=ENSP00000473496|entry=YTHD3_HUMAN|source=rbpdb;modomics|protein_name=YTH,mRNA,,other,18,,LCRFinder
Q7Z7A3|ensembl_protein_id=ENSP00000390011|entry=CTU1_HUMAN|source=pfam27|protein_name=Cytoplasmic,tRNA,,arginine_rich_rna_contact_region,4,,LCRFinder
Q7Z7A3|ensembl_protein_id=ENSP00000390011|entry=CTU1_HUMAN|source=pfam27|protein_name=Cytoplasmic,tRNA,,disorder_rich_spacer_region,17,,LCRFinder
Q7Z7H8|ensembl_protein_id=ENSP00000324100|entry=RM10_HUMAN|source=pfam27|protein_name=Large,ribosomal protein,,acidic_region,4,,LCRFinder
Q7Z7H8|ensembl_protein_id=ENSP00000324100|entry=RM10_HUMAN|source=pfam27|protein_name=Large,ribosomal protein,,disorder_rich_spacer_region,5,,LCRFinder
Q86SE8|ensembl_protein_id=ENSP00000289820|entry=NPM2_HUMAN|source=pfam27|protein_name=Nucleoplasmin-2,pre-rRNA,,acidic_region,26,,LCRFinder
Q86SE8|ensembl_protein_id=ENSP00000289820|entry=NPM2_HUMAN|source=pfam27|protein_name=Nucleoplasmin-2,pre-rRNA,,basic_enriched_region,4,,LCRFinder
Q86SG3|ensembl_protein_id=ENSP00000389300|entry=DAZ4_HUMAN|source=rbpdb|protein_name=Deleted,mRNA,,disorder_rich_spacer_region,10,,LCRFinder
Q86TB9|ensembl_protein_id=ENSP00000300146|entry=PATL1_HUMAN|source=pfam27|protein_name=Protein,mRNA,,acidic_region,9,,LCRFinder
Q86TB9|ensembl_protein_id=ENSP00000300146|entry=PATL1_HUMAN|source=pfam27|protein_name=Protein,mRNA,,disorder_rich_spacer_region,16,,LCRFinder
Q86TB9|ensembl_protein_id=ENSP00000300146|entry=PATL1_HUMAN|source=pfam27|protein_name=Protein,mRNA,,hydrophobic_region,6,,LCRFinder
Q86TG7|ensembl_protein_id=ENSP00000417587|entry=PEG10_HUMAN|source=pfam27|protein_name=Retrotransposon-derived,unknown,,disorder_rich_spacer_region,41,,LCRFinder
Q86TG7|ensembl_protein_id=ENSP00000417587|entry=PEG10_HUMAN|source=pfam27|protein_name=Retrotransposon-derived,unknown,,hydrophobic_region,5,,LCRFinder
Q86U06|ensembl_protein_id=ENSP00000339220|entry=RBM23_HUMAN|source=pfam27|protein_name=Probable,mRNA,,arginine_rich_rna_contact_region,39,,LCRFinder
Q86U06|ensembl_protein_id=ENSP00000339220|entry=RBM23_HUMAN|source=pfam27|protein_name=Probable,mRNA,,disorder_rich_spacer_region,13,,LCRFinder
Q86U38|ensembl_protein_id=ENSP00000267425|entry=NOP9_HUMAN|source=pfam27;pfam38|protein_name=Nucleolar,pre-rRNA,,acidic_region,8,,LCRFinder
Q86U38|ensembl_protein_id=ENSP00000267425|entry=NOP9_HUMAN|source=pfam27;pfam38|protein_name=Nucleolar,pre-rRNA,,hydrophobic_region,11,,LCRFinder
Q86U42|ensembl_protein_id=ENSP00000216727|entry=PABP2_HUMAN|source=pfam27|protein_name=Polyadenylate-binding,mRNA,,acidic_region,18,,LCRFinder
Q86U42|ensembl_protein_id=ENSP00000216727|entry=PABP2_HUMAN|source=pfam27|protein_name=Polyadenylate-binding,mRNA,,arginine_rich_rna_contact_region,4,,LCRFinder
Q86U42|ensembl_protein_id=ENSP00000216727|entry=PABP2_HUMAN|source=pfam27|protein_name=Polyadenylate-binding,mRNA,,disorder_rich_spacer_region,25,,LCRFinder
Q86U90|ensembl_protein_id=ENSP00000362135|entry=YRDC_HUMAN|source=pfam27|protein_name=Threonylcarbamoyl-AMP,tRNA,,disorder_rich_spacer_region,5,,LCRFinder
Q86U90|ensembl_protein_id=ENSP00000362135|entry=YRDC_HUMAN|source=pfam27|protein_name=Threonylcarbamoyl-AMP,tRNA,,other,6,,LCRFinder
Q86US8|ensembl_protein_id=ENSP00000263073|entry=EST1A_HUMAN|source=pfam27|protein_name=Telomerase-binding,mRNA,,acidic_region,29,,LCRFinder
Q86US8|ensembl_protein_id=ENSP00000263073|entry=EST1A_HUMAN|source=pfam27|protein_name=Telomerase-binding,mRNA,,arginine_rich_rna_contact_region,4,,LCRFinder
Q86US8|ensembl_protein_id=ENSP00000263073|entry=EST1A_HUMAN|source=pfam27|protein_name=Telomerase-binding,mRNA,,aromatic_sticker_region,8,,LCRFinder
Q86US8|ensembl_protein_id=ENSP00000263073|entry=EST1A_HUMAN|source=pfam27|protein_name=Telomerase-binding,mRNA,,gs_rich_neutral_region,4,,LCRFinder
Q86US8|ensembl_protein_id=ENSP00000263073|entry=EST1A_HUMAN|source=pfam27|protein_name=Telomerase-binding,mRNA,,hydrophobic_region,9,,LCRFinder
Q86US8|ensembl_protein_id=ENSP00000263073|entry=EST1A_HUMAN|source=pfam27|protein_name=Telomerase-binding,mRNA,,other,6,,LCRFinder
Q86VM9|ensembl_protein_id=ENSP00000301011|entry=ZCH18_HUMAN|source=rbpdb|protein_name=Zinc,mRNA,,acidic_region,28,,LCRFinder
Q86VM9|ensembl_protein_id=ENSP00000301011|entry=ZCH18_HUMAN|source=rbpdb|protein_name=Zinc,mRNA,,arginine_rich_rna_contact_region,43,,LCRFinder
Q86VM9|ensembl_protein_id=ENSP00000301011|entry=ZCH18_HUMAN|source=rbpdb|protein_name=Zinc,mRNA,,basic_enriched_region,4,,LCRFinder
Q86VM9|ensembl_protein_id=ENSP00000301011|entry=ZCH18_HUMAN|source=rbpdb|protein_name=Zinc,mRNA,,disorder_rich_spacer_region,79,,LCRFinder
Q86VM9|ensembl_protein_id=ENSP00000301011|entry=ZCH18_HUMAN|source=rbpdb|protein_name=Zinc,mRNA,,gs_rich_neutral_region,17,,LCRFinder
Q86VM9|ensembl_protein_id=ENSP00000301011|entry=ZCH18_HUMAN|source=rbpdb|protein_name=Zinc,mRNA,,sr_rs_repeat_region,69,,LCRFinder
Q86XI8|ensembl_protein_id=ENSP00000480314|entry=ZSWM9_HUMAN|source=pfam38|protein_name=Uncharacterized,unknown,,arginine_rich_rna_contact_region,7,,LCRFinder
Q86XN8|ensembl_protein_id=ENSP00000384398|entry=MEX3D_HUMAN|source=pfam27|protein_name=RNA-binding,mRNA,,acidic_region,4,,LCRFinder
Q86XN8|ensembl_protein_id=ENSP00000384398|entry=MEX3D_HUMAN|source=pfam27|protein_name=RNA-binding,mRNA,,disorder_rich_spacer_region,83,,LCRFinder
Q86XN8|ensembl_protein_id=ENSP00000384398|entry=MEX3D_HUMAN|source=pfam27|protein_name=RNA-binding,mRNA,,other,6,,LCRFinder
Q86XP3|ensembl_protein_id=ENSP00000352308|entry=DDX42_HUMAN|source=pfam27|protein_name=ATP-dependent,mRNA,,acidic_region,18,,LCRFinder
Q86XP3|ensembl_protein_id=ENSP00000352308|entry=DDX42_HUMAN|source=pfam27|protein_name=ATP-dependent,mRNA,,disorder_rich_spacer_region,12,,LCRFinder
Q86XP3|ensembl_protein_id=ENSP00000352308|entry=DDX42_HUMAN|source=pfam27|protein_name=ATP-dependent,mRNA,,hydrophobic_region,6,,LCRFinder
Q86XZ4|ensembl_protein_id=ENSP00000326841|entry=SPAS2_HUMAN|source=pfam27|protein_name=Spermatogenesis-associated,mRNA,,aromatic_sticker_region,6,,LCRFinder
Q86XZ4|ensembl_protein_id=ENSP00000326841|entry=SPAS2_HUMAN|source=pfam27|protein_name=Spermatogenesis-associated,mRNA,,basic_enriched_region,8,,LCRFinder
Q86Y13|ensembl_protein_id=ENSP00000355028|entry=DZIP3_HUMAN|source=pfam27|protein_name=E3,mRNA,,acidic_region,11,,LCRFinder
Q86Y13|ensembl_protein_id=ENSP00000355028|entry=DZIP3_HUMAN|source=pfam27|protein_name=E3,mRNA,,basic_enriched_region,4,,LCRFinder
Q86Y13|ensembl_protein_id=ENSP00000355028|entry=DZIP3_HUMAN|source=pfam27|protein_name=E3,mRNA,,disorder_rich_spacer_region,14,,LCRFinder
Q86Y13|ensembl_protein_id=ENSP00000355028|entry=DZIP3_HUMAN|source=pfam27|protein_name=E3,mRNA,,hydrophobic_region,7,,LCRFinder
Q86YF9|ensembl_protein_id=ENSP00000257312|entry=DZIP1_HUMAN|source=pfam27|protein_name=Cilium,mRNA,,acidic_region,13,,LCRFinder
Q86YF9|ensembl_protein_id=ENSP00000257312|entry=DZIP1_HUMAN|source=pfam27|protein_name=Cilium,mRNA,,arginine_rich_rna_contact_region,6,,LCRFinder
Q86YF9|ensembl_protein_id=ENSP00000257312|entry=DZIP1_HUMAN|source=pfam27|protein_name=Cilium,mRNA,,basic_enriched_region,4,,LCRFinder
Q86YF9|ensembl_protein_id=ENSP00000257312|entry=DZIP1_HUMAN|source=pfam27|protein_name=Cilium,mRNA,,disorder_rich_spacer_region,12,,LCRFinder
Q86YN6|ensembl_protein_id=ENSP00000312649|entry=PRGC2_HUMAN|source=pfam27|protein_name=Peroxisome,unknown,,acidic_region,43,,LCRFinder
Q86YN6|ensembl_protein_id=ENSP00000312649|entry=PRGC2_HUMAN|source=pfam27|protein_name=Peroxisome,unknown,,arginine_rich_rna_contact_region,10,,LCRFinder
Q86YN6|ensembl_protein_id=ENSP00000312649|entry=PRGC2_HUMAN|source=pfam27|protein_name=Peroxisome,unknown,,disorder_rich_spacer_region,25,,LCRFinder
Q86YN6|ensembl_protein_id=ENSP00000312649|entry=PRGC2_HUMAN|source=pfam27|protein_name=Peroxisome,unknown,,gs_rich_neutral_region,15,,LCRFinder
Q86YN6|ensembl_protein_id=ENSP00000312649|entry=PRGC2_HUMAN|source=pfam27|protein_name=Peroxisome,unknown,,hydrophobic_region,7,,LCRFinder
Q8IWR0|ensembl_protein_id=ENSP00000347999|entry=Z3H7A_HUMAN|source=pfam27|protein_name=Zinc,unknown,,acidic_region,4,,LCRFinder
Q8IWR0|ensembl_protein_id=ENSP00000347999|entry=Z3H7A_HUMAN|source=pfam27|protein_name=Zinc,unknown,,disorder_rich_spacer_region,6,,LCRFinder
Q8IWR0|ensembl_protein_id=ENSP00000347999|entry=Z3H7A_HUMAN|source=pfam27|protein_name=Zinc,unknown,,hydrophobic_region,5,,LCRFinder
Q8IWX8|ensembl_protein_id=ENSP00000439856|entry=CHERP_HUMAN|source=pfam27|protein_name=Calcium,mRNA,,aromatic_sticker_region,26,,LCRFinder
Q8IWX8|ensembl_protein_id=ENSP00000439856|entry=CHERP_HUMAN|source=pfam27|protein_name=Calcium,mRNA,,disorder_rich_spacer_region,63,,LCRFinder
Q8IWX8|ensembl_protein_id=ENSP00000439856|entry=CHERP_HUMAN|source=pfam27|protein_name=Calcium,mRNA,,other,14,,LCRFinder
Q8IWX8|ensembl_protein_id=ENSP00000439856|entry=CHERP_HUMAN|source=pfam27|protein_name=Calcium,mRNA,,sr_rs_repeat_region,49,,LCRFinder
Q8IWZ3|ensembl_protein_id=ENSP00000354085|entry=ANKH1_HUMAN|source=pfam27|protein_name=Ankyrin,unknown,,acidic_region,21,,LCRFinder
Q8IWZ3|ensembl_protein_id=ENSP00000354085|entry=ANKH1_HUMAN|source=pfam27|protein_name=Ankyrin,unknown,,basic_enriched_region,16,,LCRFinder
Q8IWZ3|ensembl_protein_id=ENSP00000354085|entry=ANKH1_HUMAN|source=pfam27|protein_name=Ankyrin,unknown,,disorder_rich_spacer_region,50,,LCRFinder
Q8IWZ3|ensembl_protein_id=ENSP00000354085|entry=ANKH1_HUMAN|source=pfam27|protein_name=Ankyrin,unknown,,gs_rich_neutral_region,15,,LCRFinder
Q8IWZ3|ensembl_protein_id=ENSP00000354085|entry=ANKH1_HUMAN|source=pfam27|protein_name=Ankyrin,unknown,,hydrophobic_region,13,,LCRFinder
Q8IWZ3|ensembl_protein_id=ENSP00000354085|entry=ANKH1_HUMAN|source=pfam27|protein_name=Ankyrin,unknown,,other,9,,LCRFinder
Q8IWZ8|ensembl_protein_id=ENSP00000247001|entry=SUGP1_HUMAN|source=pfam27|protein_name=SURP,mRNA,,acidic_region,4,,LCRFinder
Q8IWZ8|ensembl_protein_id=ENSP00000247001|entry=SUGP1_HUMAN|source=pfam27|protein_name=SURP,mRNA,,arginine_rich_rna_contact_region,9,,LCRFinder
Q8IWZ8|ensembl_protein_id=ENSP00000247001|entry=SUGP1_HUMAN|source=pfam27|protein_name=SURP,mRNA,,disorder_rich_spacer_region,11,,LCRFinder
Q8IX01|ensembl_protein_id=ENSP00000332373|entry=SUGP2_HUMAN|source=rbpdb|protein_name=SURP,mRNA,,acidic_region,6,,LCRFinder
Q8IX01|ensembl_protein_id=ENSP00000332373|entry=SUGP2_HUMAN|source=rbpdb|protein_name=SURP,mRNA,,basic_enriched_region,4,,LCRFinder
Q8IX01|ensembl_protein_id=ENSP00000332373|entry=SUGP2_HUMAN|source=rbpdb|protein_name=SURP,mRNA,,hydrophobic_region,5,,LCRFinder
Q8IX12|ensembl_protein_id=ENSP00000265872|entry=CCAR1_HUMAN|source=rbpdb|protein_name=Cell,mRNA,,acidic_region,63,,LCRFinder
Q8IX12|ensembl_protein_id=ENSP00000265872|entry=CCAR1_HUMAN|source=rbpdb|protein_name=Cell,mRNA,,arginine_rich_rna_contact_region,27,,LCRFinder
Q8IX12|ensembl_protein_id=ENSP00000265872|entry=CCAR1_HUMAN|source=rbpdb|protein_name=Cell,mRNA,,basic_enriched_region,9,,LCRFinder
Q8IX12|ensembl_protein_id=ENSP00000265872|entry=CCAR1_HUMAN|source=rbpdb|protein_name=Cell,mRNA,,disorder_rich_spacer_region,32,,LCRFinder
Q8IX12|ensembl_protein_id=ENSP00000265872|entry=CCAR1_HUMAN|source=rbpdb|protein_name=Cell,mRNA,,other,42,,LCRFinder
Q8IXM6|ensembl_protein_id=ENSP00000259953|entry=NRM_HUMAN|source=modomics|protein_name=Nurim,unknown,,hydrophobic_region,22,,LCRFinder
Q8IXT5|ensembl_protein_id=ENSP00000382239|entry=RB12B_HUMAN|source=pfam38|protein_name=RNA-binding,mRNA,,acidic_region,52,,LCRFinder
Q8IXT5|ensembl_protein_id=ENSP00000382239|entry=RB12B_HUMAN|source=pfam38|protein_name=RNA-binding,mRNA,,arginine_rich_rna_contact_region,59,,LCRFinder
Q8IXT5|ensembl_protein_id=ENSP00000382239|entry=RB12B_HUMAN|source=pfam38|protein_name=RNA-binding,mRNA,,aromatic_sticker_region,31,,LCRFinder
Q8IXT5|ensembl_protein_id=ENSP00000382239|entry=RB12B_HUMAN|source=pfam38|protein_name=RNA-binding,mRNA,,other,6,,LCRFinder
Q8IXZ2|ensembl_protein_id=ENSP00000262577|entry=ZC3H3_HUMAN|source=pfam27|protein_name=Zinc,mRNA,,acidic_region,5,,LCRFinder
Q8IXZ2|ensembl_protein_id=ENSP00000262577|entry=ZC3H3_HUMAN|source=pfam27|protein_name=Zinc,mRNA,,arginine_rich_rna_contact_region,15,,LCRFinder
Q8IXZ2|ensembl_protein_id=ENSP00000262577|entry=ZC3H3_HUMAN|source=pfam27|protein_name=Zinc,mRNA,,disorder_rich_spacer_region,67,,LCRFinder
Q8IY21|ensembl_protein_id=ENSP00000377344|entry=DDX60_HUMAN|source=pfam27;pfam38|protein_name=Probable,ncRNA,,acidic_region,6,,LCRFinder
Q8IY21|ensembl_protein_id=ENSP00000377344|entry=DDX60_HUMAN|source=pfam27;pfam38|protein_name=Probable,ncRNA,,hydrophobic_region,4,,LCRFinder
Q8IY21|ensembl_protein_id=ENSP00000377344|entry=DDX60_HUMAN|source=pfam27;pfam38|protein_name=Probable,ncRNA,,other,4,,LCRFinder
Q8IY37|ensembl_protein_id=ENSP00000311135|entry=DHX37_HUMAN|source=pfam27|protein_name=Probable,snoRNA,,acidic_region,31,,LCRFinder
Q8IY37|ensembl_protein_id=ENSP00000311135|entry=DHX37_HUMAN|source=pfam27|protein_name=Probable,snoRNA,,arginine_rich_rna_contact_region,4,,LCRFinder
Q8IY37|ensembl_protein_id=ENSP00000311135|entry=DHX37_HUMAN|source=pfam27|protein_name=Probable,snoRNA,,basic_enriched_region,15,,LCRFinder
Q8IY37|ensembl_protein_id=ENSP00000311135|entry=DHX37_HUMAN|source=pfam27|protein_name=Probable,snoRNA,,disorder_rich_spacer_region,24,,LCRFinder
Q8IY81|ensembl_protein_id=ENSP00000396673|entry=SPB1_HUMAN|source=pfam27|protein_name=pre-rRNA,pre-rRNA,,acidic_region,32,,LCRFinder
Q8IY81|ensembl_protein_id=ENSP00000396673|entry=SPB1_HUMAN|source=pfam27|protein_name=pre-rRNA,pre-rRNA,,arginine_rich_rna_contact_region,4,,LCRFinder
Q8IY81|ensembl_protein_id=ENSP00000396673|entry=SPB1_HUMAN|source=pfam27|protein_name=pre-rRNA,pre-rRNA,,basic_enriched_region,9,,LCRFinder
Q8IY81|ensembl_protein_id=ENSP00000396673|entry=SPB1_HUMAN|source=pfam27|protein_name=pre-rRNA,pre-rRNA,,disorder_rich_spacer_region,7,,LCRFinder
Q8IYB3|ensembl_protein_id=ENSP00000326261|entry=SRRM1_HUMAN|source=rbpdb|protein_name=Serine/arginine,mRNA,,acidic_region,12,,LCRFinder
Q8IYB3|ensembl_protein_id=ENSP00000326261|entry=SRRM1_HUMAN|source=rbpdb|protein_name=Serine/arginine,mRNA,,arginine_rich_rna_contact_region,133,,LCRFinder
Q8IYB3|ensembl_protein_id=ENSP00000326261|entry=SRRM1_HUMAN|source=rbpdb|protein_name=Serine/arginine,mRNA,,basic_enriched_region,44,,LCRFinder
Q8IYB3|ensembl_protein_id=ENSP00000326261|entry=SRRM1_HUMAN|source=rbpdb|protein_name=Serine/arginine,mRNA,,disorder_rich_spacer_region,66,,LCRFinder
Q8IYB3|ensembl_protein_id=ENSP00000326261|entry=SRRM1_HUMAN|source=rbpdb|protein_name=Serine/arginine,mRNA,,other,40,,LCRFinder
Q8IYB3|ensembl_protein_id=ENSP00000326261|entry=SRRM1_HUMAN|source=rbpdb|protein_name=Serine/arginine,mRNA,,sr_rs_repeat_region,55,,LCRFinder
Q8IYL2|ensembl_protein_id=ENSP00000374387|entry=TRM44_HUMAN|source=pfam27|protein_name=Probable,tRNA,,disorder_rich_spacer_region,11,,LCRFinder
Q8IYL2|ensembl_protein_id=ENSP00000374387|entry=TRM44_HUMAN|source=pfam27|protein_name=Probable,tRNA,,other,4,,LCRFinder
Q8IYY4|ensembl_protein_id=ENSP00000332148|entry=DZI1L_HUMAN|source=pfam27|protein_name=Cilium,mRNA,,acidic_region,11,,LCRFinder
Q8IYY4|ensembl_protein_id=ENSP00000332148|entry=DZI1L_HUMAN|source=pfam27|protein_name=Cilium,mRNA,,arginine_rich_rna_contact_region,7,,LCRFinder
Q8IYY4|ensembl_protein_id=ENSP00000332148|entry=DZI1L_HUMAN|source=pfam27|protein_name=Cilium,mRNA,,aromatic_sticker_region,5,,LCRFinder
Q8IYY4|ensembl_protein_id=ENSP00000332148|entry=DZI1L_HUMAN|source=pfam27|protein_name=Cilium,mRNA,,disorder_rich_spacer_region,18,,LCRFinder
Q8IYY4|ensembl_protein_id=ENSP00000332148|entry=DZI1L_HUMAN|source=pfam27|protein_name=Cilium,mRNA,,hydrophobic_region,4,,LCRFinder
Q8IYY4|ensembl_protein_id=ENSP00000332148|entry=DZI1L_HUMAN|source=pfam27|protein_name=Cilium,mRNA,,other,4,,LCRFinder
Q8IZD0|ensembl_protein_id=ENSP00000329144|entry=SAM14_HUMAN|source=rbpdb|protein_name=Sterile,unknown,,aromatic_sticker_region,6,,LCRFinder
Q8IZD0|ensembl_protein_id=ENSP00000329144|entry=SAM14_HUMAN|source=rbpdb|protein_name=Sterile,unknown,,disorder_rich_spacer_region,9,,LCRFinder
Q8IZD4|ensembl_protein_id=ENSP00000280665|entry=DCP1B_HUMAN|source=pfam27|protein_name=mRNA-decapping,mRNA,,disorder_rich_spacer_region,15,,LCRFinder
Q8IZH2|ensembl_protein_id=ENSP00000418404|entry=XRN1_HUMAN|source=pfam27|protein_name=5'-3',diverse,,aromatic_sticker_region,7,,LCRFinder
Q8IZH2|ensembl_protein_id=ENSP00000418404|entry=XRN1_HUMAN|source=pfam27|protein_name=5'-3',diverse,,disorder_rich_spacer_region,8,,LCRFinder
Q8N163|ensembl_protein_id=ENSP00000373930|entry=CCAR2_HUMAN|source=pfam27|protein_name=Cell,mRNA,,acidic_region,16,,LCRFinder
Q8N163|ensembl_protein_id=ENSP00000373930|entry=CCAR2_HUMAN|source=pfam27|protein_name=Cell,mRNA,,disorder_rich_spacer_region,16,,LCRFinder
Q8N163|ensembl_protein_id=ENSP00000373930|entry=CCAR2_HUMAN|source=pfam27|protein_name=Cell,mRNA,,hydrophobic_region,17,,LCRFinder
Q8N163|ensembl_protein_id=ENSP00000373930|entry=CCAR2_HUMAN|source=pfam27|protein_name=Cell,mRNA,,other,9,,LCRFinder
Q8N1G1|ensembl_protein_id=ENSP00000170168|entry=REXO1_HUMAN|source=pfam27|protein_name=RNA,pre-rRNA,,acidic_region,16,,LCRFinder
Q8N1G1|ensembl_protein_id=ENSP00000170168|entry=REXO1_HUMAN|source=pfam27|protein_name=RNA,pre-rRNA,,arginine_rich_rna_contact_region,5,,LCRFinder
Q8N1G1|ensembl_protein_id=ENSP00000170168|entry=REXO1_HUMAN|source=pfam27|protein_name=RNA,pre-rRNA,,basic_enriched_region,10,,LCRFinder
Q8N1G1|ensembl_protein_id=ENSP00000170168|entry=REXO1_HUMAN|source=pfam27|protein_name=RNA,pre-rRNA,,disorder_rich_spacer_region,34,,LCRFinder
Q8N1G1|ensembl_protein_id=ENSP00000170168|entry=REXO1_HUMAN|source=pfam27|protein_name=RNA,pre-rRNA,,other,4,,LCRFinder
Q8N1G4|ensembl_protein_id=ENSP00000367498|entry=LRC47_HUMAN|source=pfam27|protein_name=Leucine-rich,unknown,,acidic_region,4,,LCRFinder
Q8N1G4|ensembl_protein_id=ENSP00000367498|entry=LRC47_HUMAN|source=pfam27|protein_name=Leucine-rich,unknown,,arginine_rich_rna_contact_region,10,,LCRFinder
Q8N1G4|ensembl_protein_id=ENSP00000367498|entry=LRC47_HUMAN|source=pfam27|protein_name=Leucine-rich,unknown,,disorder_rich_spacer_region,20,,LCRFinder
Q8N1W1|ensembl_protein_id=ENSP00000441913|entry=ARG28_HUMAN|source=pfam27|protein_name=Rho,mRNA,,acidic_region,31,,LCRFinder
Q8N1W1|ensembl_protein_id=ENSP00000441913|entry=ARG28_HUMAN|source=pfam27|protein_name=Rho,mRNA,,arginine_rich_rna_contact_region,19,,LCRFinder
Q8N1W1|ensembl_protein_id=ENSP00000441913|entry=ARG28_HUMAN|source=pfam27|protein_name=Rho,mRNA,,disorder_rich_spacer_region,5,,LCRFinder
Q8N1W1|ensembl_protein_id=ENSP00000441913|entry=ARG28_HUMAN|source=pfam27|protein_name=Rho,mRNA,,hydrophobic_region,9,,LCRFinder
Q8N1W1|ensembl_protein_id=ENSP00000441913|entry=ARG28_HUMAN|source=pfam27|protein_name=Rho,mRNA,,other,4,,LCRFinder
Q8N201|ensembl_protein_id=ENSP00000385722|entry=INT1_HUMAN|source=pfam27|protein_name=Integrator,snRNA,,acidic_region,11,,LCRFinder
Q8N201|ensembl_protein_id=ENSP00000385722|entry=INT1_HUMAN|source=pfam27|protein_name=Integrator,snRNA,,arginine_rich_rna_contact_region,12,,LCRFinder
Q8N201|ensembl_protein_id=ENSP00000385722|entry=INT1_HUMAN|source=pfam27|protein_name=Integrator,snRNA,,disorder_rich_spacer_region,7,,LCRFinder
Q8N201|ensembl_protein_id=ENSP00000385722|entry=INT1_HUMAN|source=pfam27|protein_name=Integrator,snRNA,,hydrophobic_region,28,,LCRFinder
Q8N201|ensembl_protein_id=ENSP00000385722|entry=INT1_HUMAN|source=pfam27|protein_name=Integrator,snRNA,,other,13,,LCRFinder
Q8N2A8|ensembl_protein_id=ENSP00000317177|entry=PLD6_HUMAN|source=pfam27|protein_name=Mitochondrial,ncRNA,,arginine_rich_rna_contact_region,7,,LCRFinder
Q8N2A8|ensembl_protein_id=ENSP00000317177|entry=PLD6_HUMAN|source=pfam27|protein_name=Mitochondrial,ncRNA,,disorder_rich_spacer_region,5,,LCRFinder
Q8N2A8|ensembl_protein_id=ENSP00000317177|entry=PLD6_HUMAN|source=pfam27|protein_name=Mitochondrial,ncRNA,,hydrophobic_region,8,,LCRFinder
Q8N2M8|ensembl_protein_id=ENSP00000221455|entry=CLASR_HUMAN|source=rbpdb|protein_name=CLK4-associating,mRNA,,acidic_region,8,,LCRFinder
Q8N2M8|ensembl_protein_id=ENSP00000221455|entry=CLASR_HUMAN|source=rbpdb|protein_name=CLK4-associating,mRNA,,arginine_rich_rna_contact_region,41,,LCRFinder
Q8N2M8|ensembl_protein_id=ENSP00000221455|entry=CLASR_HUMAN|source=rbpdb|protein_name=CLK4-associating,mRNA,,basic_enriched_region,8,,LCRFinder
Q8N2M8|ensembl_protein_id=ENSP00000221455|entry=CLASR_HUMAN|source=rbpdb|protein_name=CLK4-associating,mRNA,,disorder_rich_spacer_region,19,,LCRFinder
Q8N2M8|ensembl_protein_id=ENSP00000221455|entry=CLASR_HUMAN|source=rbpdb|protein_name=CLK4-associating,mRNA,,other,4,,LCRFinder
Q8N2M8|ensembl_protein_id=ENSP00000221455|entry=CLASR_HUMAN|source=rbpdb|protein_name=CLK4-associating,mRNA,,sr_rs_repeat_region,115,,LCRFinder
Q8N3Z6|ensembl_protein_id=ENSP00000337839|entry=ZCHC7_HUMAN|source=pfam27|protein_name=Zinc,diverse,,acidic_region,13,,LCRFinder
Q8N3Z6|ensembl_protein_id=ENSP00000337839|entry=ZCHC7_HUMAN|source=pfam27|protein_name=Zinc,diverse,,disorder_rich_spacer_region,4,,LCRFinder
Q8N5A5|ensembl_protein_id=ENSP00000332013|entry=ZGPAT_HUMAN|source=pfam27|protein_name=Zinc,unknown,,acidic_region,18,,LCRFinder
Q8N5P1|ensembl_protein_id=ENSP00000386488|entry=ZC3H8_HUMAN|source=pfam27|protein_name=Zinc,unknown,,acidic_region,6,,LCRFinder
Q8N5P1|ensembl_protein_id=ENSP00000386488|entry=ZC3H8_HUMAN|source=pfam27|protein_name=Zinc,unknown,,basic_enriched_region,4,,LCRFinder
Q8N5P1|ensembl_protein_id=ENSP00000386488|entry=ZC3H8_HUMAN|source=pfam27|protein_name=Zinc,unknown,,other,6,,LCRFinder
Q8N5X7|ensembl_protein_id=ENSP00000374476|entry=IF4E3_HUMAN|source=pfam27|protein_name=Eukaryotic,mRNA,,disorder_rich_spacer_region,18,,LCRFinder
Q8N5Y2|ensembl_protein_id=ENSP00000312244|entry=MS3L1_HUMAN|source=pfam27|protein_name=MSL,ncRNA,,acidic_region,21,,LCRFinder
Q8N5Y2|ensembl_protein_id=ENSP00000312244|entry=MS3L1_HUMAN|source=pfam27|protein_name=MSL,ncRNA,,disorder_rich_spacer_region,4,,LCRFinder
Q8N684|ensembl_protein_id=ENSP00000345412|entry=CPSF7_HUMAN|source=rbpdb|protein_name=Cleavage,mRNA,,acidic_region,12,,LCRFinder
Q8N684|ensembl_protein_id=ENSP00000345412|entry=CPSF7_HUMAN|source=rbpdb|protein_name=Cleavage,mRNA,,disorder_rich_spacer_region,27,,LCRFinder
Q8N684|ensembl_protein_id=ENSP00000345412|entry=CPSF7_HUMAN|source=rbpdb|protein_name=Cleavage,mRNA,,sr_rs_repeat_region,9,,LCRFinder
Q8N6W0|ensembl_protein_id=ENSP00000292672|entry=CELF5_HUMAN|source=pfam27|protein_name=CUGBP,mRNA,,disorder_rich_spacer_region,13,,LCRFinder
Q8N7X1|ensembl_protein_id=ENSP00000417451|entry=RMXL3_HUMAN|source=pfam27;pfam38|protein_name=RNA-binding,mRNA,,arginine_rich_rna_contact_region,4,,LCRFinder
Q8N7X1|ensembl_protein_id=ENSP00000417451|entry=RMXL3_HUMAN|source=pfam27;pfam38|protein_name=RNA-binding,mRNA,,disorder_rich_spacer_region,47,,LCRFinder
Q8N7X1|ensembl_protein_id=ENSP00000417451|entry=RMXL3_HUMAN|source=pfam27;pfam38|protein_name=RNA-binding,mRNA,,gs_rich_neutral_region,89,,LCRFinder
Q8N8A6|ensembl_protein_id=ENSP00000380495|entry=DDX51_HUMAN|source=pfam27|protein_name=ATP-dependent,pre-rRNA,,acidic_region,12,,LCRFinder
Q8N8A6|ensembl_protein_id=ENSP00000380495|entry=DDX51_HUMAN|source=pfam27|protein_name=ATP-dependent,pre-rRNA,,arginine_rich_rna_contact_region,11,,LCRFinder
Q8N8A6|ensembl_protein_id=ENSP00000380495|entry=DDX51_HUMAN|source=pfam27|protein_name=ATP-dependent,pre-rRNA,,disorder_rich_spacer_region,12,,LCRFinder
Q8N8D1|ensembl_protein_id=ENSP00000204549|entry=PDCD7_HUMAN|source=pfam27|protein_name=Programmed,snRNA,,acidic_region,17,,LCRFinder
Q8N8D1|ensembl_protein_id=ENSP00000204549|entry=PDCD7_HUMAN|source=pfam27|protein_name=Programmed,snRNA,,arginine_rich_rna_contact_region,18,,LCRFinder
Q8N8D1|ensembl_protein_id=ENSP00000204549|entry=PDCD7_HUMAN|source=pfam27|protein_name=Programmed,snRNA,,disorder_rich_spacer_region,48,,LCRFinder
Q8N8D1|ensembl_protein_id=ENSP00000204549|entry=PDCD7_HUMAN|source=pfam27|protein_name=Programmed,snRNA,,hydrophobic_region,7,,LCRFinder
Q8N8Q3|ensembl_protein_id=ENSP00000429190|entry=ENDOV_HUMAN|source=pfam27|protein_name=Endonuclease,tRNA,,other,4,,LCRFinder
Q8N8U3|ensembl_protein_id=ENSP00000316794|entry=RTL3_HUMAN|source=pfam27|protein_name=Retrotransposon,unknown,,acidic_region,5,,LCRFinder
Q8N8U3|ensembl_protein_id=ENSP00000316794|entry=RTL3_HUMAN|source=pfam27|protein_name=Retrotransposon,unknown,,disorder_rich_spacer_region,8,,LCRFinder
Q8N9N8|ensembl_protein_id=ENSP00000436644|entry=EIF1A_HUMAN|source=pfam27|protein_name=Probable,mRNA,,acidic_region,8,,LCRFinder
Q8NAF0|ensembl_protein_id=ENSP00000320188|entry=ZN579_HUMAN|source=pfam27|protein_name=Zinc,unknown,,acidic_region,19,,LCRFinder
Q8NAF0|ensembl_protein_id=ENSP00000320188|entry=ZN579_HUMAN|source=pfam27|protein_name=Zinc,unknown,,disorder_rich_spacer_region,36,,LCRFinder
Q8NAF0|ensembl_protein_id=ENSP00000320188|entry=ZN579_HUMAN|source=pfam27|protein_name=Zinc,unknown,,hydrophobic_region,5,,LCRFinder
Q8NAF0|ensembl_protein_id=ENSP00000320188|entry=ZN579_HUMAN|source=pfam27|protein_name=Zinc,unknown,,other,24,,LCRFinder
Q8NAT2|ensembl_protein_id=ENSP00000406052|entry=TDRD5_HUMAN|source=pfam27|protein_name=Tudor,ncRNA,,disorder_rich_spacer_region,12,,LCRFinder
Q8NAV1|ensembl_protein_id=ENSP00000257181|entry=PR38A_HUMAN|source=pfam27|protein_name=Pre-mRNA-splicing,snRNA,,acidic_region,8,,LCRFinder
Q8NAV1|ensembl_protein_id=ENSP00000257181|entry=PR38A_HUMAN|source=pfam27|protein_name=Pre-mRNA-splicing,snRNA,,arginine_rich_rna_contact_region,4,,LCRFinder
Q8NAV1|ensembl_protein_id=ENSP00000257181|entry=PR38A_HUMAN|source=pfam27|protein_name=Pre-mRNA-splicing,snRNA,,sr_rs_repeat_region,40,,LCRFinder
Q8NBJ9|ensembl_protein_id=ENSP00000314023|entry=SIDT2_HUMAN|source=pfam27|protein_name=SID1,ncRNA,,hydrophobic_region,23,,LCRFinder
Q8NC26|ensembl_protein_id=ENSP00000318898|entry=ZN114_HUMAN|source=pfam38|protein_name=Zinc,unknown,,basic_enriched_region,6,,LCRFinder
Q8NC51|ensembl_protein_id=ENSP00000360029|entry=SERB1_HUMAN|source=pfam27|protein_name=SERPINE1,mRNA,,acidic_region,6,,LCRFinder
Q8NC51|ensembl_protein_id=ENSP00000360029|entry=SERB1_HUMAN|source=pfam27|protein_name=SERPINE1,mRNA,,arginine_rich_rna_contact_region,12,,LCRFinder
Q8NC51|ensembl_protein_id=ENSP00000360029|entry=SERB1_HUMAN|source=pfam27|protein_name=SERPINE1,mRNA,,disorder_rich_spacer_region,13,,LCRFinder
Q8NC51|ensembl_protein_id=ENSP00000360029|entry=SERB1_HUMAN|source=pfam27|protein_name=SERPINE1,mRNA,,other,31,,LCRFinder
Q8ND04|ensembl_protein_id=ENSP00000438748|entry=SMG8_HUMAN|source=pfam27|protein_name=Nonsense-mediated,mRNA,,acidic_region,8,,LCRFinder
Q8ND04|ensembl_protein_id=ENSP00000438748|entry=SMG8_HUMAN|source=pfam27|protein_name=Nonsense-mediated,mRNA,,disorder_rich_spacer_region,16,,LCRFinder
Q8ND04|ensembl_protein_id=ENSP00000438748|entry=SMG8_HUMAN|source=pfam27|protein_name=Nonsense-mediated,mRNA,,other,4,,LCRFinder
Q8NDF8|ensembl_protein_id=ENSP00000396995|entry=PAPD5_HUMAN|source=pfam27|protein_name=Terminal,diverse,,disorder_rich_spacer_region,27,,LCRFinder
Q8NDF8|ensembl_protein_id=ENSP00000396995|entry=PAPD5_HUMAN|source=pfam27|protein_name=Terminal,diverse,,hydrophobic_region,4,,LCRFinder
Q8NDF8|ensembl_protein_id=ENSP00000396995|entry=PAPD5_HUMAN|source=pfam27|protein_name=Terminal,diverse,,other,5,,LCRFinder
Q8NDV7|ensembl_protein_id=ENSP00000326900|entry=TNR6A_HUMAN|source=pfam27|protein_name=Trinucleotide,mRNA,,acidic_region,10,,LCRFinder
Q8NDV7|ensembl_protein_id=ENSP00000326900|entry=TNR6A_HUMAN|source=pfam27|protein_name=Trinucleotide,mRNA,,basic_enriched_region,11,,LCRFinder
Q8NDV7|ensembl_protein_id=ENSP00000326900|entry=TNR6A_HUMAN|source=pfam27|protein_name=Trinucleotide,mRNA,,disorder_rich_spacer_region,56,,LCRFinder
Q8NDV7|ensembl_protein_id=ENSP00000326900|entry=TNR6A_HUMAN|source=pfam27|protein_name=Trinucleotide,mRNA,,gs_rich_neutral_region,32,,LCRFinder
Q8NDV7|ensembl_protein_id=ENSP00000326900|entry=TNR6A_HUMAN|source=pfam27|protein_name=Trinucleotide,mRNA,,hydrophobic_region,6,,LCRFinder
Q8NDV7|ensembl_protein_id=ENSP00000326900|entry=TNR6A_HUMAN|source=pfam27|protein_name=Trinucleotide,mRNA,,other,47,,LCRFinder
Q8NE18|ensembl_protein_id=ENSP00000371201|entry=NSUN7_HUMAN|source=pfam27|protein_name=Protein,pre-rRNA,,basic_enriched_region,5,,LCRFinder
Q8NE35|ensembl_protein_id=ENSP00000398310|entry=CPEB3_HUMAN|source=pfam27|protein_name=Cytoplasmic,mRNA,,disorder_rich_spacer_region,64,,LCRFinder
Q8NE35|ensembl_protein_id=ENSP00000398310|entry=CPEB3_HUMAN|source=pfam27|protein_name=Cytoplasmic,mRNA,,hydrophobic_region,11,,LCRFinder
Q8NE35|ensembl_protein_id=ENSP00000398310|entry=CPEB3_HUMAN|source=pfam27|protein_name=Cytoplasmic,mRNA,,other,19,,LCRFinder
Q8NE71|ensembl_protein_id=ENSP00000412553|entry=ABCF1_HUMAN|source=pfam27|protein_name=ATP-binding,mRNA,,acidic_region,38,,LCRFinder
Q8NE71|ensembl_protein_id=ENSP00000412553|entry=ABCF1_HUMAN|source=pfam27|protein_name=ATP-binding,mRNA,,basic_enriched_region,53,,LCRFinder
Q8NE71|ensembl_protein_id=ENSP00000412553|entry=ABCF1_HUMAN|source=pfam27|protein_name=ATP-binding,mRNA,,disorder_rich_spacer_region,11,,LCRFinder
Q8NE71|ensembl_protein_id=ENSP00000412553|entry=ABCF1_HUMAN|source=pfam27|protein_name=ATP-binding,mRNA,,hydrophobic_region,5,,LCRFinder
Q8NHU6|ensembl_protein_id=ENSP00000347444|entry=TDRD7_HUMAN|source=pfam27|protein_name=Tudor,mRNA,,acidic_region,4,,LCRFinder
Q8NI27|ensembl_protein_id=ENSP00000347959|entry=THOC2_HUMAN|source=pfam27|protein_name=THO,mRNA,,acidic_region,19,,LCRFinder
Q8NI27|ensembl_protein_id=ENSP00000347959|entry=THOC2_HUMAN|source=pfam27|protein_name=THO,mRNA,,arginine_rich_rna_contact_region,11,,LCRFinder
Q8NI27|ensembl_protein_id=ENSP00000347959|entry=THOC2_HUMAN|source=pfam27|protein_name=THO,mRNA,,basic_enriched_region,32,,LCRFinder
Q8NI27|ensembl_protein_id=ENSP00000347959|entry=THOC2_HUMAN|source=pfam27|protein_name=THO,mRNA,,disorder_rich_spacer_region,16,,LCRFinder
Q8NI27|ensembl_protein_id=ENSP00000347959|entry=THOC2_HUMAN|source=pfam27|protein_name=THO,mRNA,,gs_rich_neutral_region,6,,LCRFinder
Q8NI27|ensembl_protein_id=ENSP00000347959|entry=THOC2_HUMAN|source=pfam27|protein_name=THO,mRNA,,hydrophobic_region,6,,LCRFinder
Q8NI27|ensembl_protein_id=ENSP00000347959|entry=THOC2_HUMAN|source=pfam27|protein_name=THO,mRNA,,other,4,,LCRFinder
Q8TA86|ensembl_protein_id=ENSP00000297157|entry=RP9_HUMAN|source=pfam27|protein_name=Retinitis,snRNA,,basic_enriched_region,18,,LCRFinder
Q8TA86|ensembl_protein_id=ENSP00000297157|entry=RP9_HUMAN|source=pfam27|protein_name=Retinitis,snRNA,,disorder_rich_spacer_region,11,,LCRFinder
Q8TAD8|ensembl_protein_id=ENSP00000296215|entry=SNIP1_HUMAN|source=pfam27|protein_name=Smad,ncRNA,,acidic_region,6,,LCRFinder
Q8TAD8|ensembl_protein_id=ENSP00000296215|entry=SNIP1_HUMAN|source=pfam27|protein_name=Smad,ncRNA,,arginine_rich_rna_contact_region,6,,LCRFinder
Q8TAD8|ensembl_protein_id=ENSP00000296215|entry=SNIP1_HUMAN|source=pfam27|protein_name=Smad,ncRNA,,disorder_rich_spacer_region,13,,LCRFinder
Q8TB72|ensembl_protein_id=ENSP00000338173|entry=PUM2_HUMAN|source=rbpdb|protein_name=Pumilio,mRNA,,acidic_region,4,,LCRFinder
Q8TB72|ensembl_protein_id=ENSP00000338173|entry=PUM2_HUMAN|source=rbpdb|protein_name=Pumilio,mRNA,,aromatic_sticker_region,11,,LCRFinder
Q8TB72|ensembl_protein_id=ENSP00000338173|entry=PUM2_HUMAN|source=rbpdb|protein_name=Pumilio,mRNA,,disorder_rich_spacer_region,103,,LCRFinder
Q8TB72|ensembl_protein_id=ENSP00000338173|entry=PUM2_HUMAN|source=rbpdb|protein_name=Pumilio,mRNA,,gs_rich_neutral_region,10,,LCRFinder
Q8TB72|ensembl_protein_id=ENSP00000338173|entry=PUM2_HUMAN|source=rbpdb|protein_name=Pumilio,mRNA,,hydrophobic_region,4,,LCRFinder
Q8TBF4|ensembl_protein_id=ENSP00000266529|entry=ZCRB1_HUMAN|source=pfam27|protein_name=Zinc,snRNA,,acidic_region,15,,LCRFinder
Q8TBF4|ensembl_protein_id=ENSP00000266529|entry=ZCRB1_HUMAN|source=pfam27|protein_name=Zinc,snRNA,,basic_enriched_region,10,,LCRFinder
Q8TBY0|ensembl_protein_id=ENSP00000281722|entry=RBM46_HUMAN|source=pfam38|protein_name=Probable,mRNA,,disorder_rich_spacer_region,4,,LCRFinder
Q8TBZ6|ensembl_protein_id=ENSP00000273962|entry=TM10A_HUMAN|source=modomics|protein_name=tRNA,tRNA,,acidic_region,5,,LCRFinder
Q8TBZ6|ensembl_protein_id=ENSP00000273962|entry=TM10A_HUMAN|source=modomics|protein_name=tRNA,tRNA,,arginine_rich_rna_contact_region,6,,LCRFinder
Q8TBZ8|ensembl_protein_id=ENSP00000340004|entry=ZN564_HUMAN|source=pfam38|protein_name=Zinc,unknown,,disorder_rich_spacer_region,4,,LCRFinder
Q8TBZ8|ensembl_protein_id=ENSP00000340004|entry=ZN564_HUMAN|source=pfam38|protein_name=Zinc,unknown,,other,6,,LCRFinder
Q8TC59|ensembl_protein_id=ENSP00000428267|entry=PIWL2_HUMAN|source=pfam27|protein_name=Piwi-like,ncRNA,,disorder_rich_spacer_region,8,,LCRFinder
Q8TC59|ensembl_protein_id=ENSP00000428267|entry=PIWL2_HUMAN|source=pfam27|protein_name=Piwi-like,ncRNA,,hydrophobic_region,5,,LCRFinder
Q8TC92|ensembl_protein_id=ENSP00000261488|entry=ENOX1_HUMAN|source=rbpdb|protein_name=Ecto-NOX,mRNA,,disorder_rich_spacer_region,14,,LCRFinder
Q8TC92|ensembl_protein_id=ENSP00000261488|entry=ENOX1_HUMAN|source=rbpdb|protein_name=Ecto-NOX,mRNA,,other,10,,LCRFinder
Q8TD26|ensembl_protein_id=ENSP00000362330|entry=CHD6_HUMAN|source=pfam38|protein_name=ATP-dependent,mRNA,,acidic_region,23,,LCRFinder
Q8TD26|ensembl_protein_id=ENSP00000362330|entry=CHD6_HUMAN|source=pfam38|protein_name=ATP-dependent,mRNA,,arginine_rich_rna_contact_region,33,,LCRFinder
Q8TD26|ensembl_protein_id=ENSP00000362330|entry=CHD6_HUMAN|source=pfam38|protein_name=ATP-dependent,mRNA,,basic_enriched_region,8,,LCRFinder
Q8TD26|ensembl_protein_id=ENSP00000362330|entry=CHD6_HUMAN|source=pfam38|protein_name=ATP-dependent,mRNA,,disorder_rich_spacer_region,8,,LCRFinder
Q8TD26|ensembl_protein_id=ENSP00000362330|entry=CHD6_HUMAN|source=pfam38|protein_name=ATP-dependent,mRNA,,other,14,,LCRFinder
Q8TDD1|ensembl_protein_id=ENSP00000323858|entry=DDX54_HUMAN|source=pfam27|protein_name=ATP-dependent,pre-rRNA,,acidic_region,9,,LCRFinder
Q8TDD1|ensembl_protein_id=ENSP00000323858|entry=DDX54_HUMAN|source=pfam27|protein_name=ATP-dependent,pre-rRNA,,arginine_rich_rna_contact_region,9,,LCRFinder
Q8TDD1|ensembl_protein_id=ENSP00000323858|entry=DDX54_HUMAN|source=pfam27|protein_name=ATP-dependent,pre-rRNA,,basic_enriched_region,9,,LCRFinder
Q8TDD1|ensembl_protein_id=ENSP00000323858|entry=DDX54_HUMAN|source=pfam27|protein_name=ATP-dependent,pre-rRNA,,disorder_rich_spacer_region,5,,LCRFinder
Q8TDD1|ensembl_protein_id=ENSP00000323858|entry=DDX54_HUMAN|source=pfam27|protein_name=ATP-dependent,pre-rRNA,,hydrophobic_region,5,,LCRFinder
Q8TDE3|ensembl_protein_id=ENSP00000311398|entry=RNAS8_HUMAN|source=pfam27|protein_name=Ribonuclease,diverse,,hydrophobic_region,6,,LCRFinder
Q8TDG4|ensembl_protein_id=ENSP00000295488|entry=HELQ_HUMAN|source=pfam38|protein_name=Helicase,unknown,,acidic_region,4,,LCRFinder
Q8TDG4|ensembl_protein_id=ENSP00000295488|entry=HELQ_HUMAN|source=pfam38|protein_name=Helicase,unknown,,arginine_rich_rna_contact_region,6,,LCRFinder
Q8TDG4|ensembl_protein_id=ENSP00000295488|entry=HELQ_HUMAN|source=pfam38|protein_name=Helicase,unknown,,disorder_rich_spacer_region,4,,LCRFinder
Q8TDI0|ensembl_protein_id=ENSP00000262450|entry=CHD5_HUMAN|source=pfam38|protein_name=ATP-dependent,unknown,,acidic_region,45,,LCRFinder
Q8TDI0|ensembl_protein_id=ENSP00000262450|entry=CHD5_HUMAN|source=pfam38|protein_name=ATP-dependent,unknown,,basic_enriched_region,47,,LCRFinder
Q8TDI0|ensembl_protein_id=ENSP00000262450|entry=CHD5_HUMAN|source=pfam38|protein_name=ATP-dependent,unknown,,disorder_rich_spacer_region,15,,LCRFinder
Q8TDI0|ensembl_protein_id=ENSP00000262450|entry=CHD5_HUMAN|source=pfam38|protein_name=ATP-dependent,unknown,,gs_rich_neutral_region,8,,LCRFinder
Q8TE96|ensembl_protein_id=ENSP00000377523|entry=DQX1_HUMAN|source=pfam27|protein_name=ATP-dependent,mRNA,,acidic_region,10,,LCRFinder
Q8TE96|ensembl_protein_id=ENSP00000377523|entry=DQX1_HUMAN|source=pfam27|protein_name=ATP-dependent,mRNA,,hydrophobic_region,4,,LCRFinder
Q8TEQ6|ensembl_protein_id=ENSP00000285873|entry=GEMI5_HUMAN|source=pfam27|protein_name=Gem-associated,snRNA,,acidic_region,8,,LCRFinder
Q8TEQ6|ensembl_protein_id=ENSP00000285873|entry=GEMI5_HUMAN|source=pfam27|protein_name=Gem-associated,snRNA,,basic_enriched_region,9,,LCRFinder
Q8TEQ6|ensembl_protein_id=ENSP00000285873|entry=GEMI5_HUMAN|source=pfam27|protein_name=Gem-associated,snRNA,,disorder_rich_spacer_region,10,,LCRFinder
Q8TEQ6|ensembl_protein_id=ENSP00000285873|entry=GEMI5_HUMAN|source=pfam27|protein_name=Gem-associated,snRNA,,hydrophobic_region,11,,LCRFinder
Q8TEX9|ensembl_protein_id=ENSP00000346453|entry=IPO4_HUMAN|source=pfam27|protein_name=Importin-4,mRNA,,acidic_region,25,,LCRFinder
Q8TEX9|ensembl_protein_id=ENSP00000346453|entry=IPO4_HUMAN|source=pfam27|protein_name=Importin-4,mRNA,,arginine_rich_rna_contact_region,5,,LCRFinder
Q8TEX9|ensembl_protein_id=ENSP00000346453|entry=IPO4_HUMAN|source=pfam27|protein_name=Importin-4,mRNA,,disorder_rich_spacer_region,10,,LCRFinder
Q8TEX9|ensembl_protein_id=ENSP00000346453|entry=IPO4_HUMAN|source=pfam27|protein_name=Importin-4,mRNA,,hydrophobic_region,55,,LCRFinder
Q8TEX9|ensembl_protein_id=ENSP00000346453|entry=IPO4_HUMAN|source=pfam27|protein_name=Importin-4,mRNA,,other,16,,LCRFinder
Q8WU90|ensembl_protein_id=ENSP00000338788|entry=ZC3HF_HUMAN|source=pfam27|protein_name=Zinc,unknown,,acidic_region,8,,LCRFinder
Q8WU90|ensembl_protein_id=ENSP00000338788|entry=ZC3HF_HUMAN|source=pfam27|protein_name=Zinc,unknown,,basic_enriched_region,18,,LCRFinder
Q8WU90|ensembl_protein_id=ENSP00000338788|entry=ZC3HF_HUMAN|source=pfam27|protein_name=Zinc,unknown,,disorder_rich_spacer_region,5,,LCRFinder
Q8WUA2|ensembl_protein_id=ENSP00000253329|entry=PPIL4_HUMAN|source=pfam27|protein_name=Peptidyl-prolyl,mRNA,,acidic_region,20,,LCRFinder
Q8WUA2|ensembl_protein_id=ENSP00000253329|entry=PPIL4_HUMAN|source=pfam27|protein_name=Peptidyl-prolyl,mRNA,,arginine_rich_rna_contact_region,11,,LCRFinder
Q8WUA2|ensembl_protein_id=ENSP00000253329|entry=PPIL4_HUMAN|source=pfam27|protein_name=Peptidyl-prolyl,mRNA,,basic_enriched_region,6,,LCRFinder
Q8WUA2|ensembl_protein_id=ENSP00000253329|entry=PPIL4_HUMAN|source=pfam27|protein_name=Peptidyl-prolyl,mRNA,,disorder_rich_spacer_region,7,,LCRFinder
Q8WUA2|ensembl_protein_id=ENSP00000253329|entry=PPIL4_HUMAN|source=pfam27|protein_name=Peptidyl-prolyl,mRNA,,sr_rs_repeat_region,7,,LCRFinder
Q8WUQ7|ensembl_protein_id=ENSP00000415078|entry=CATIN_HUMAN|source=pfam27|protein_name=Splicing,mRNA,,acidic_region,19,,LCRFinder
Q8WUQ7|ensembl_protein_id=ENSP00000415078|entry=CATIN_HUMAN|source=pfam27|protein_name=Splicing,mRNA,,arginine_rich_rna_contact_region,22,,LCRFinder
Q8WUQ7|ensembl_protein_id=ENSP00000415078|entry=CATIN_HUMAN|source=pfam27|protein_name=Splicing,mRNA,,disorder_rich_spacer_region,18,,LCRFinder
Q8WUQ7|ensembl_protein_id=ENSP00000415078|entry=CATIN_HUMAN|source=pfam27|protein_name=Splicing,mRNA,,sr_rs_repeat_region,35,,LCRFinder
Q8WVK2|ensembl_protein_id=ENSP00000244227|entry=SNR27_HUMAN|source=pfam27|protein_name=U4/U6.U5,snRNA,,arginine_rich_rna_contact_region,7,,LCRFinder
Q8WVK2|ensembl_protein_id=ENSP00000244227|entry=SNR27_HUMAN|source=pfam27|protein_name=U4/U6.U5,snRNA,,other,4,,LCRFinder
Q8WVK2|ensembl_protein_id=ENSP00000244227|entry=SNR27_HUMAN|source=pfam27|protein_name=U4/U6.U5,snRNA,,sr_rs_repeat_region,51,,LCRFinder
Q8WVV9|ensembl_protein_id=ENSP00000386575|entry=HNRLL_HUMAN|source=pfam27|protein_name=Heterogeneous,mRNA,,disorder_rich_spacer_region,15,,LCRFinder
Q8WW27|ensembl_protein_id=ENSP00000310622|entry=ABEC4_HUMAN|source=pfam27|protein_name=Putative,mRNA,,basic_enriched_region,8,,LCRFinder
Q8WWH5|ensembl_protein_id=ENSP00000298746|entry=TRUB1_HUMAN|source=pfam27|protein_name=Pseudouridylate,tRNA,,disorder_rich_spacer_region,21,,LCRFinder
Q8WWM7|ensembl_protein_id=ENSP00000372133|entry=ATX2L_HUMAN|source=pfam27|protein_name=Ataxin-2-like,mRNA,,disorder_rich_spacer_region,86,,LCRFinder
Q8WWM7|ensembl_protein_id=ENSP00000372133|entry=ATX2L_HUMAN|source=pfam27|protein_name=Ataxin-2-like,mRNA,,gs_rich_neutral_region,12,,LCRFinder
Q8WWM7|ensembl_protein_id=ENSP00000372133|entry=ATX2L_HUMAN|source=pfam27|protein_name=Ataxin-2-like,mRNA,,other,4,,LCRFinder
Q8WWY3|ensembl_protein_id=ENSP00000324122|entry=PRP31_HUMAN|source=pfam27|protein_name=U4/U6,snRNA,,acidic_region,13,,LCRFinder
Q8WXA9|ensembl_protein_id=ENSP00000334538|entry=SREK1_HUMAN|source=pfam27|protein_name=Splicing,mRNA,,acidic_region,10,,LCRFinder
Q8WXA9|ensembl_protein_id=ENSP00000334538|entry=SREK1_HUMAN|source=pfam27|protein_name=Splicing,mRNA,,arginine_rich_rna_contact_region,18,,LCRFinder
Q8WXA9|ensembl_protein_id=ENSP00000334538|entry=SREK1_HUMAN|source=pfam27|protein_name=Splicing,mRNA,,basic_enriched_region,10,,LCRFinder
Q8WXA9|ensembl_protein_id=ENSP00000334538|entry=SREK1_HUMAN|source=pfam27|protein_name=Splicing,mRNA,,disorder_rich_spacer_region,26,,LCRFinder
Q8WXA9|ensembl_protein_id=ENSP00000334538|entry=SREK1_HUMAN|source=pfam27|protein_name=Splicing,mRNA,,sr_rs_repeat_region,30,,LCRFinder
Q8WXF0|ensembl_protein_id=ENSP00000414302|entry=SRS12_HUMAN|source=pfam27|protein_name=Serine/arginine-rich,mRNA,,arginine_rich_rna_contact_region,23,,LCRFinder
Q8WXF1|ensembl_protein_id=ENSP00000343966|entry=PSPC1_HUMAN|source=rbpdb|protein_name=Paraspeckle,ncRNA,,acidic_region,10,,LCRFinder
Q8WXF1|ensembl_protein_id=ENSP00000343966|entry=PSPC1_HUMAN|source=rbpdb|protein_name=Paraspeckle,ncRNA,,disorder_rich_spacer_region,40,,LCRFinder
Q8WXF1|ensembl_protein_id=ENSP00000343966|entry=PSPC1_HUMAN|source=rbpdb|protein_name=Paraspeckle,ncRNA,,hydrophobic_region,8,,LCRFinder
Q8WXF1|ensembl_protein_id=ENSP00000343966|entry=PSPC1_HUMAN|source=rbpdb|protein_name=Paraspeckle,ncRNA,,other,11,,LCRFinder
Q8WYQ5|ensembl_protein_id=ENSP00000263209|entry=DGCR8_HUMAN|source=pfam27|protein_name=Microprocessor,ncRNA,,disorder_rich_spacer_region,4,,LCRFinder
Q8WYQ9|ensembl_protein_id=ENSP00000268616|entry=ZCH14_HUMAN|source=pfam27|protein_name=Zinc,unknown,,acidic_region,4,,LCRFinder
Q8WYQ9|ensembl_protein_id=ENSP00000268616|entry=ZCH14_HUMAN|source=pfam27|protein_name=Zinc,unknown,,aromatic_sticker_region,11,,LCRFinder
Q8WYQ9|ensembl_protein_id=ENSP00000268616|entry=ZCH14_HUMAN|source=pfam27|protein_name=Zinc,unknown,,disorder_rich_spacer_region,9,,LCRFinder
Q8WYQ9|ensembl_protein_id=ENSP00000268616|entry=ZCH14_HUMAN|source=pfam27|protein_name=Zinc,unknown,,gs_rich_neutral_region,35,,LCRFinder
Q8WYQ9|ensembl_protein_id=ENSP00000268616|entry=ZCH14_HUMAN|source=pfam27|protein_name=Zinc,unknown,,other,18,,LCRFinder
Q92540|ensembl_protein_id=ENSP00000425133|entry=SMG7_HUMAN|source=pfam27|protein_name=Nonsense-mediated,mRNA,,aromatic_sticker_region,5,,LCRFinder
Q92540|ensembl_protein_id=ENSP00000425133|entry=SMG7_HUMAN|source=pfam27|protein_name=Nonsense-mediated,mRNA,,disorder_rich_spacer_region,30,,LCRFinder
Q92540|ensembl_protein_id=ENSP00000425133|entry=SMG7_HUMAN|source=pfam27|protein_name=Nonsense-mediated,mRNA,,other,12,,LCRFinder
Q92615|ensembl_protein_id=ENSP00000326128|entry=LAR4B_HUMAN|source=pfam27|protein_name=La-related,mRNA,,arginine_rich_rna_contact_region,4,,LCRFinder
Q92615|ensembl_protein_id=ENSP00000326128|entry=LAR4B_HUMAN|source=pfam27|protein_name=La-related,mRNA,,aromatic_sticker_region,5,,LCRFinder
Q92615|ensembl_protein_id=ENSP00000326128|entry=LAR4B_HUMAN|source=pfam27|protein_name=La-related,mRNA,,basic_enriched_region,4,,LCRFinder
Q92615|ensembl_protein_id=ENSP00000326128|entry=LAR4B_HUMAN|source=pfam27|protein_name=La-related,mRNA,,disorder_rich_spacer_region,12,,LCRFinder
Q92615|ensembl_protein_id=ENSP00000326128|entry=LAR4B_HUMAN|source=pfam27|protein_name=La-related,mRNA,,other,8,,LCRFinder
Q92620|ensembl_protein_id=ENSP00000268482|entry=PRP16_HUMAN|source=pfam27|protein_name=Pre-mRNA-splicing,mRNA,,acidic_region,17,,LCRFinder
Q92620|ensembl_protein_id=ENSP00000268482|entry=PRP16_HUMAN|source=pfam27|protein_name=Pre-mRNA-splicing,mRNA,,arginine_rich_rna_contact_region,26,,LCRFinder
Q92620|ensembl_protein_id=ENSP00000268482|entry=PRP16_HUMAN|source=pfam27|protein_name=Pre-mRNA-splicing,mRNA,,disorder_rich_spacer_region,6,,LCRFinder
Q92620|ensembl_protein_id=ENSP00000268482|entry=PRP16_HUMAN|source=pfam27|protein_name=Pre-mRNA-splicing,mRNA,,other,8,,LCRFinder
Q92664|ensembl_protein_id=ENSP00000370532|entry=TF3A_HUMAN|source=pfam27|protein_name=Transcription,pre-rRNA,,basic_enriched_region,6,,LCRFinder
Q92667|ensembl_protein_id=ENSP00000459895|entry=AKAP1_HUMAN|source=pfam27|protein_name=A-kinase,mRNA,,acidic_region,4,,LCRFinder
Q92667|ensembl_protein_id=ENSP00000459895|entry=AKAP1_HUMAN|source=pfam27|protein_name=A-kinase,mRNA,,disorder_rich_spacer_region,10,,LCRFinder
Q92667|ensembl_protein_id=ENSP00000459895|entry=AKAP1_HUMAN|source=pfam27|protein_name=A-kinase,mRNA,,other,4,,LCRFinder
Q92797|ensembl_protein_id=ENSP00000245934|entry=SYMPK_HUMAN|source=pfam27|protein_name=Symplekin,mRNA,,acidic_region,6,,LCRFinder
Q92797|ensembl_protein_id=ENSP00000245934|entry=SYMPK_HUMAN|source=pfam27|protein_name=Symplekin,mRNA,,disorder_rich_spacer_region,9,,LCRFinder
Q92797|ensembl_protein_id=ENSP00000245934|entry=SYMPK_HUMAN|source=pfam27|protein_name=Symplekin,mRNA,,hydrophobic_region,4,,LCRFinder
Q92797|ensembl_protein_id=ENSP00000245934|entry=SYMPK_HUMAN|source=pfam27|protein_name=Symplekin,mRNA,,other,10,,LCRFinder
Q92879|ensembl_protein_id=ENSP00000351409|entry=CELF1_HUMAN|source=pfam27|protein_name=CUGBP,mRNA,,disorder_rich_spacer_region,46,,LCRFinder
Q92879|ensembl_protein_id=ENSP00000351409|entry=CELF1_HUMAN|source=pfam27|protein_name=CUGBP,mRNA,,gs_rich_neutral_region,10,,LCRFinder
Q92900|ensembl_protein_id=ENSP00000262803|entry=RENT1_HUMAN|source=pfam27|protein_name=Regulator,mRNA,,disorder_rich_spacer_region,30,,LCRFinder
Q92945|ensembl_protein_id=ENSP00000381216|entry=FUBP2_HUMAN|source=pfam27|protein_name=Far,mRNA,,arginine_rich_rna_contact_region,5,,LCRFinder
Q92945|ensembl_protein_id=ENSP00000381216|entry=FUBP2_HUMAN|source=pfam27|protein_name=Far,mRNA,,aromatic_sticker_region,5,,LCRFinder
Q92945|ensembl_protein_id=ENSP00000381216|entry=FUBP2_HUMAN|source=pfam27|protein_name=Far,mRNA,,disorder_rich_spacer_region,129,,LCRFinder
Q92945|ensembl_protein_id=ENSP00000381216|entry=FUBP2_HUMAN|source=pfam27|protein_name=Far,mRNA,,other,32,,LCRFinder
Q92973|ensembl_protein_id=ENSP00000336712|entry=TNPO1_HUMAN|source=pfam27|protein_name=Transportin-1,mRNA,,acidic_region,11,,LCRFinder
Q92973|ensembl_protein_id=ENSP00000336712|entry=TNPO1_HUMAN|source=pfam27|protein_name=Transportin-1,mRNA,,other,6,,LCRFinder
Q93091|ensembl_protein_id=ENSP00000302046|entry=RNAS6_HUMAN|source=pfam27|protein_name=Ribonuclease,diverse,,hydrophobic_region,6,,LCRFinder
Q969E8|ensembl_protein_id=ENSP00000364293|entry=TSR2_HUMAN|source=pfam27|protein_name=Pre-rRNA-processing,pre-rRNA,,acidic_region,5,,LCRFinder
Q969E8|ensembl_protein_id=ENSP00000364293|entry=TSR2_HUMAN|source=pfam27|protein_name=Pre-rRNA-processing,pre-rRNA,,other,4,,LCRFinder
Q969H6|ensembl_protein_id=ENSP00000341791|entry=POP5_HUMAN|source=pfam27|protein_name=Ribonuclease,ncRNA,,acidic_region,11,,LCRFinder
Q969H6|ensembl_protein_id=ENSP00000341791|entry=POP5_HUMAN|source=pfam27|protein_name=Ribonuclease,ncRNA,,hydrophobic_region,5,,LCRFinder
Q969S3|ensembl_protein_id=ENSP00000310042|entry=ZN622_HUMAN|source=pfam27|protein_name=Cytoplasmic,unknown,,acidic_region,16,,LCRFinder
Q969S3|ensembl_protein_id=ENSP00000310042|entry=ZN622_HUMAN|source=pfam27|protein_name=Cytoplasmic,unknown,,hydrophobic_region,4,,LCRFinder
Q969Y2|ensembl_protein_id=ENSP00000313818|entry=GTPB3_HUMAN|source=pfam27|protein_name=5-taurinomethyluridine-[tRNA],tRNA,,disorder_rich_spacer_region,15,,LCRFinder
Q969Y2|ensembl_protein_id=ENSP00000313818|entry=GTPB3_HUMAN|source=pfam27|protein_name=5-taurinomethyluridine-[tRNA],tRNA,,hydrophobic_region,11,,LCRFinder
Q969Z0|ensembl_protein_id=ENSP00000420597|entry=FAKD4_HUMAN|source=pfam27|protein_name=FAST,mRNA,,acidic_region,6,,LCRFinder
Q969Z0|ensembl_protein_id=ENSP00000420597|entry=FAKD4_HUMAN|source=pfam27|protein_name=FAST,mRNA,,hydrophobic_region,11,,LCRFinder
Q969Z0|ensembl_protein_id=ENSP00000420597|entry=FAKD4_HUMAN|source=pfam27|protein_name=FAST,mRNA,,other,6,,LCRFinder
Q96AE4|ensembl_protein_id=ENSP00000294623|entry=FUBP1_HUMAN|source=rbpdb|protein_name=Far,mRNA,,aromatic_sticker_region,14,,LCRFinder
Q96AE4|ensembl_protein_id=ENSP00000294623|entry=FUBP1_HUMAN|source=rbpdb|protein_name=Far,mRNA,,disorder_rich_spacer_region,61,,LCRFinder
Q96AE4|ensembl_protein_id=ENSP00000294623|entry=FUBP1_HUMAN|source=rbpdb|protein_name=Far,mRNA,,other,13,,LCRFinder
Q96B70|ensembl_protein_id=ENSP00000477636|entry=LENG9_HUMAN|source=pfam38|protein_name=Leukocyte,unknown,,disorder_rich_spacer_region,5,,LCRFinder
Q96B70|ensembl_protein_id=ENSP00000477636|entry=LENG9_HUMAN|source=pfam38|protein_name=Leukocyte,unknown,,hydrophobic_region,4,,LCRFinder
Q96BK5|ensembl_protein_id=ENSP00000318966|entry=PINX1_HUMAN|source=pfam27|protein_name=PIN2/TERF1-interacting,ncRNA,,basic_enriched_region,11,,LCRFinder
Q96BK5|ensembl_protein_id=ENSP00000318966|entry=PINX1_HUMAN|source=pfam27|protein_name=PIN2/TERF1-interacting,ncRNA,,other,4,,LCRFinder
Q96BP3|ensembl_protein_id=ENSP00000261308|entry=PPWD1_HUMAN|source=pfam27|protein_name=Peptidylprolyl,mRNA,,acidic_region,5,,LCRFinder
Q96BP3|ensembl_protein_id=ENSP00000261308|entry=PPWD1_HUMAN|source=pfam27|protein_name=Peptidylprolyl,mRNA,,arginine_rich_rna_contact_region,10,,LCRFinder
Q96BP3|ensembl_protein_id=ENSP00000261308|entry=PPWD1_HUMAN|source=pfam27|protein_name=Peptidylprolyl,mRNA,,hydrophobic_region,6,,LCRFinder
Q96BP3|ensembl_protein_id=ENSP00000261308|entry=PPWD1_HUMAN|source=pfam27|protein_name=Peptidylprolyl,mRNA,,other,7,,LCRFinder
Q96CB8|ensembl_protein_id=ENSP00000415433|entry=INT12_HUMAN|source=pfam27|protein_name=Integrator,snRNA,,basic_enriched_region,5,,LCRFinder
Q96CB8|ensembl_protein_id=ENSP00000415433|entry=INT12_HUMAN|source=pfam27|protein_name=Integrator,snRNA,,disorder_rich_spacer_region,20,,LCRFinder
Q96CB8|ensembl_protein_id=ENSP00000415433|entry=INT12_HUMAN|source=pfam27|protein_name=Integrator,snRNA,,gs_rich_neutral_region,5,,LCRFinder
Q96CB8|ensembl_protein_id=ENSP00000415433|entry=INT12_HUMAN|source=pfam27|protein_name=Integrator,snRNA,,other,4,,LCRFinder
Q96CB9|ensembl_protein_id=ENSP00000437758|entry=NSUN4_HUMAN|source=pfam27|protein_name=5-cytosine,pre-rRNA,,hydrophobic_region,5,,LCRFinder
Q96CM3|ensembl_protein_id=ENSP00000298317|entry=RUSD4_HUMAN|source=pfam27|protein_name=Pseudouridylate,mRNA,,disorder_rich_spacer_region,5,,LCRFinder
Q96DF8|ensembl_protein_id=ENSP00000252137|entry=ESS2_HUMAN|source=pfam27|protein_name=Splicing,mRNA,,acidic_region,4,,LCRFinder
Q96DF8|ensembl_protein_id=ENSP00000252137|entry=ESS2_HUMAN|source=pfam27|protein_name=Splicing,mRNA,,disorder_rich_spacer_region,8,,LCRFinder
Q96DH6|ensembl_protein_id=ENSP00000284073|entry=MSI2H_HUMAN|source=rbpdb|protein_name=RNA-binding,mRNA,,disorder_rich_spacer_region,8,,LCRFinder
Q96DH6|ensembl_protein_id=ENSP00000284073|entry=MSI2H_HUMAN|source=rbpdb|protein_name=RNA-binding,mRNA,,hydrophobic_region,8,,LCRFinder
Q96DI7|ensembl_protein_id=ENSP00000263694|entry=SNR40_HUMAN|source=pfam27|protein_name=U5,snRNA,,other,4,,LCRFinder
Q96DP5|ensembl_protein_id=ENSP00000220058|entry=FMT_HUMAN|source=pfam27|protein_name=Methionyl-tRNA,tRNA,,disorder_rich_spacer_region,5,,LCRFinder
Q96E39|ensembl_protein_id=ENSP00000318415|entry=RMXL1_HUMAN|source=pfam27;pfam38|protein_name=RNA,mRNA,,acidic_region,6,,LCRFinder
Q96E39|ensembl_protein_id=ENSP00000318415|entry=RMXL1_HUMAN|source=pfam27;pfam38|protein_name=RNA,mRNA,,arginine_rich_rna_contact_region,6,,LCRFinder
Q96E39|ensembl_protein_id=ENSP00000318415|entry=RMXL1_HUMAN|source=pfam27;pfam38|protein_name=RNA,mRNA,,disorder_rich_spacer_region,9,,LCRFinder
Q96E39|ensembl_protein_id=ENSP00000318415|entry=RMXL1_HUMAN|source=pfam27;pfam38|protein_name=RNA,mRNA,,gs_rich_neutral_region,42,,LCRFinder
Q96E39|ensembl_protein_id=ENSP00000318415|entry=RMXL1_HUMAN|source=pfam27;pfam38|protein_name=RNA,mRNA,,other,4,,LCRFinder
Q96EG3|ensembl_protein_id=ENSP00000405699|entry=ZN837_HUMAN|source=pfam38|protein_name=Zinc,unknown,,arginine_rich_rna_contact_region,4,,LCRFinder
Q96EG3|ensembl_protein_id=ENSP00000405699|entry=ZN837_HUMAN|source=pfam38|protein_name=Zinc,unknown,,disorder_rich_spacer_region,9,,LCRFinder
Q96EK7|ensembl_protein_id=ENSP00000417970|entry=F120B_HUMAN|source=pfam27|protein_name=Constitutive,unknown,,hydrophobic_region,10,,LCRFinder
Q96EP5|ensembl_protein_id=ENSP00000233078|entry=DAZP1_HUMAN|source=pfam27|protein_name=DAZ-associated,mRNA,,aromatic_sticker_region,15,,LCRFinder
Q96EP5|ensembl_protein_id=ENSP00000233078|entry=DAZP1_HUMAN|source=pfam27|protein_name=DAZ-associated,mRNA,,disorder_rich_spacer_region,31,,LCRFinder
Q96EP5|ensembl_protein_id=ENSP00000233078|entry=DAZP1_HUMAN|source=pfam27|protein_name=DAZ-associated,mRNA,,gs_rich_neutral_region,6,,LCRFinder
Q96EP5|ensembl_protein_id=ENSP00000233078|entry=DAZP1_HUMAN|source=pfam27|protein_name=DAZ-associated,mRNA,,hydrophobic_region,8,,LCRFinder
Q96EU6|ensembl_protein_id=ENSP00000244496|entry=RRP36_HUMAN|source=pfam27|protein_name=Ribosomal,pre-rRNA,,basic_enriched_region,6,,LCRFinder
Q96EU6|ensembl_protein_id=ENSP00000244496|entry=RRP36_HUMAN|source=pfam27|protein_name=Ribosomal,pre-rRNA,,disorder_rich_spacer_region,9,,LCRFinder
Q96EU6|ensembl_protein_id=ENSP00000244496|entry=RRP36_HUMAN|source=pfam27|protein_name=Ribosomal,pre-rRNA,,hydrophobic_region,4,,LCRFinder
Q96EV2|ensembl_protein_id=ENSP00000287912|entry=RBM33_HUMAN|source=rbpdb|protein_name=RNA-binding,mRNA,,acidic_region,47,,LCRFinder
Q96EV2|ensembl_protein_id=ENSP00000287912|entry=RBM33_HUMAN|source=rbpdb|protein_name=RNA-binding,mRNA,,arginine_rich_rna_contact_region,17,,LCRFinder
Q96EV2|ensembl_protein_id=ENSP00000287912|entry=RBM33_HUMAN|source=rbpdb|protein_name=RNA-binding,mRNA,,aromatic_sticker_region,32,,LCRFinder
Q96EV2|ensembl_protein_id=ENSP00000287912|entry=RBM33_HUMAN|source=rbpdb|protein_name=RNA-binding,mRNA,,disorder_rich_spacer_region,69,,LCRFinder
Q96EV2|ensembl_protein_id=ENSP00000287912|entry=RBM33_HUMAN|source=rbpdb|protein_name=RNA-binding,mRNA,,other,4,,LCRFinder
Q96EY7|ensembl_protein_id=ENSP00000254630|entry=PTCD3_HUMAN|source=pfam27|protein_name=Small,mRNA,,acidic_region,14,,LCRFinder
Q96EY7|ensembl_protein_id=ENSP00000254630|entry=PTCD3_HUMAN|source=pfam27|protein_name=Small,mRNA,,hydrophobic_region,5,,LCRFinder
Q96F86|ensembl_protein_id=ENSP00000455580|entry=EDC3_HUMAN|source=pfam27|protein_name=Enhancer,mRNA,,disorder_rich_spacer_region,12,,LCRFinder
Q96FC9|ensembl_protein_id=ENSP00000440402|entry=DDX11_HUMAN|source=pfam38|protein_name=ATP-dependent,unknown,,acidic_region,11,,LCRFinder
Q96FC9|ensembl_protein_id=ENSP00000440402|entry=DDX11_HUMAN|source=pfam38|protein_name=ATP-dependent,unknown,,hydrophobic_region,10,,LCRFinder
Q96G46|ensembl_protein_id=ENSP00000311977|entry=DUS3L_HUMAN|source=pfam27|protein_name=tRNA-dihydrouridine(47),tRNA,,disorder_rich_spacer_region,4,,LCRFinder
Q96GM8|ensembl_protein_id=ENSP00000361162|entry=TOE1_HUMAN|source=pfam27|protein_name=Target,unknown,,arginine_rich_rna_contact_region,7,,LCRFinder
Q96HR8|ensembl_protein_id=ENSP00000274054|entry=NAF1_HUMAN|source=pfam27|protein_name=H/ACA,snoRNA,,disorder_rich_spacer_region,63,,LCRFinder
Q96HW7|ensembl_protein_id=ENSP00000434466|entry=INT4_HUMAN|source=pfam27|protein_name=Integrator,snRNA,,hydrophobic_region,11,,LCRFinder
Q96I24|ensembl_protein_id=ENSP00000318177|entry=FUBP3_HUMAN|source=pfam27|protein_name=Far,mRNA,,disorder_rich_spacer_region,25,,LCRFinder
Q96I24|ensembl_protein_id=ENSP00000318177|entry=FUBP3_HUMAN|source=pfam27|protein_name=Far,mRNA,,other,8,,LCRFinder
Q96I25|ensembl_protein_id=ENSP00000369218|entry=SPF45_HUMAN|source=pfam27|protein_name=Splicing,mRNA,,acidic_region,7,,LCRFinder
Q96I25|ensembl_protein_id=ENSP00000369218|entry=SPF45_HUMAN|source=pfam27|protein_name=Splicing,mRNA,,arginine_rich_rna_contact_region,12,,LCRFinder
Q96IC2|ensembl_protein_id=ENSP00000261377|entry=REXO5_HUMAN|source=pfam27|protein_name=RNA,pre-rRNA,,acidic_region,4,,LCRFinder
Q96IP4|ensembl_protein_id=ENSP00000358769|entry=TET5A_HUMAN|source=pfam27|protein_name=Terminal,unknown,,acidic_region,4,,LCRFinder
Q96IP4|ensembl_protein_id=ENSP00000358769|entry=TET5A_HUMAN|source=pfam27|protein_name=Terminal,unknown,,aromatic_sticker_region,27,,LCRFinder
Q96IZ7|ensembl_protein_id=ENSP00000295930|entry=RSRC1_HUMAN|source=pfam27|protein_name=Serine/Arginine-related,mRNA,,acidic_region,10,,LCRFinder
Q96IZ7|ensembl_protein_id=ENSP00000295930|entry=RSRC1_HUMAN|source=pfam27|protein_name=Serine/Arginine-related,mRNA,,arginine_rich_rna_contact_region,36,,LCRFinder
Q96IZ7|ensembl_protein_id=ENSP00000295930|entry=RSRC1_HUMAN|source=pfam27|protein_name=Serine/Arginine-related,mRNA,,disorder_rich_spacer_region,4,,LCRFinder
Q96IZ7|ensembl_protein_id=ENSP00000295930|entry=RSRC1_HUMAN|source=pfam27|protein_name=Serine/Arginine-related,mRNA,,sr_rs_repeat_region,25,,LCRFinder
Q96J87|ensembl_protein_id=ENSP00000457863|entry=CELF6_HUMAN|source=pfam27|protein_name=CUGBP,mRNA,,disorder_rich_spacer_region,21,,LCRFinder
Q96J87|ensembl_protein_id=ENSP00000457863|entry=CELF6_HUMAN|source=pfam27|protein_name=CUGBP,mRNA,,hydrophobic_region,6,,LCRFinder
Q96J94|ensembl_protein_id=ENSP00000245255|entry=PIWL1_HUMAN|source=pfam27|protein_name=Piwi-like,ncRNA,,arginine_rich_rna_contact_region,16,,LCRFinder
Q96K58|ensembl_protein_id=ENSP00000403975|entry=ZN668_HUMAN|source=pfam38|protein_name=Zinc,unknown,,acidic_region,4,,LCRFinder
Q96K58|ensembl_protein_id=ENSP00000403975|entry=ZN668_HUMAN|source=pfam38|protein_name=Zinc,unknown,,aromatic_sticker_region,6,,LCRFinder
Q96K58|ensembl_protein_id=ENSP00000403975|entry=ZN668_HUMAN|source=pfam38|protein_name=Zinc,unknown,,disorder_rich_spacer_region,8,,LCRFinder
Q96K80|ensembl_protein_id=ENSP00000257940|entry=ZC3HA_HUMAN|source=pfam27|protein_name=Zinc,unknown,,disorder_rich_spacer_region,40,,LCRFinder
Q96K80|ensembl_protein_id=ENSP00000257940|entry=ZC3HA_HUMAN|source=pfam27|protein_name=Zinc,unknown,,other,7,,LCRFinder
Q96KR1|ensembl_protein_id=ENSP00000265069|entry=ZFR_HUMAN|source=pfam27|protein_name=Zinc,unknown,,acidic_region,17,,LCRFinder
Q96KR1|ensembl_protein_id=ENSP00000265069|entry=ZFR_HUMAN|source=pfam27|protein_name=Zinc,unknown,,aromatic_sticker_region,5,,LCRFinder
Q96KR1|ensembl_protein_id=ENSP00000265069|entry=ZFR_HUMAN|source=pfam27|protein_name=Zinc,unknown,,basic_enriched_region,12,,LCRFinder
Q96KR1|ensembl_protein_id=ENSP00000265069|entry=ZFR_HUMAN|source=pfam27|protein_name=Zinc,unknown,,disorder_rich_spacer_region,92,,LCRFinder
Q96KR1|ensembl_protein_id=ENSP00000265069|entry=ZFR_HUMAN|source=pfam27|protein_name=Zinc,unknown,,gs_rich_neutral_region,7,,LCRFinder
Q96L12|ensembl_protein_id=ENSP00000269881|entry=CALR3_HUMAN|source=pfam27|protein_name=Calreticulin-3,unknown,,acidic_region,6,,LCRFinder
Q96L91|ensembl_protein_id=ENSP00000374212|entry=EP400_HUMAN|source=pfam38|protein_name=E1A-binding,unknown,,acidic_region,39,,LCRFinder
Q96L91|ensembl_protein_id=ENSP00000374212|entry=EP400_HUMAN|source=pfam38|protein_name=E1A-binding,unknown,,aromatic_sticker_region,7,,LCRFinder
Q96L91|ensembl_protein_id=ENSP00000374212|entry=EP400_HUMAN|source=pfam38|protein_name=E1A-binding,unknown,,basic_enriched_region,10,,LCRFinder
Q96L91|ensembl_protein_id=ENSP00000374212|entry=EP400_HUMAN|source=pfam38|protein_name=E1A-binding,unknown,,disorder_rich_spacer_region,227,,LCRFinder
Q96L91|ensembl_protein_id=ENSP00000374212|entry=EP400_HUMAN|source=pfam38|protein_name=E1A-binding,unknown,,gs_rich_neutral_region,11,,LCRFinder
Q96L91|ensembl_protein_id=ENSP00000374212|entry=EP400_HUMAN|source=pfam38|protein_name=E1A-binding,unknown,,hydrophobic_region,12,,LCRFinder
Q96L91|ensembl_protein_id=ENSP00000374212|entry=EP400_HUMAN|source=pfam38|protein_name=E1A-binding,unknown,,other,12,,LCRFinder
Q96MT3|ensembl_protein_id=ENSP00000345064|entry=PRIC1_HUMAN|source=pfam38|protein_name=Prickle-like,unknown,,arginine_rich_rna_contact_region,4,,LCRFinder
Q96MT3|ensembl_protein_id=ENSP00000345064|entry=PRIC1_HUMAN|source=pfam38|protein_name=Prickle-like,unknown,,basic_enriched_region,4,,LCRFinder
Q96MT3|ensembl_protein_id=ENSP00000345064|entry=PRIC1_HUMAN|source=pfam38|protein_name=Prickle-like,unknown,,disorder_rich_spacer_region,7,,LCRFinder
Q96MT3|ensembl_protein_id=ENSP00000345064|entry=PRIC1_HUMAN|source=pfam38|protein_name=Prickle-like,unknown,,other,4,,LCRFinder
Q96MU7|ensembl_protein_id=ENSP00000339245|entry=YTDC1_HUMAN|source=rbpdb|protein_name=YTH,mRNA,,acidic_region,52,,LCRFinder
Q96MU7|ensembl_protein_id=ENSP00000339245|entry=YTDC1_HUMAN|source=rbpdb|protein_name=YTH,mRNA,,arginine_rich_rna_contact_region,5,,LCRFinder
Q96MU7|ensembl_protein_id=ENSP00000339245|entry=YTDC1_HUMAN|source=rbpdb|protein_name=YTH,mRNA,,disorder_rich_spacer_region,19,,LCRFinder
Q96MU7|ensembl_protein_id=ENSP00000339245|entry=YTDC1_HUMAN|source=rbpdb|protein_name=YTH,mRNA,,gs_rich_neutral_region,5,,LCRFinder
Q96MU7|ensembl_protein_id=ENSP00000339245|entry=YTDC1_HUMAN|source=rbpdb|protein_name=YTH,mRNA,,other,6,,LCRFinder
Q96MX3|ensembl_protein_id=ENSP00000324056|entry=ZNF48_HUMAN|source=pfam38|protein_name=Zinc,unknown,,acidic_region,4,,LCRFinder
Q96MX3|ensembl_protein_id=ENSP00000324056|entry=ZNF48_HUMAN|source=pfam38|protein_name=Zinc,unknown,,arginine_rich_rna_contact_region,4,,LCRFinder
Q96MX3|ensembl_protein_id=ENSP00000324056|entry=ZNF48_HUMAN|source=pfam38|protein_name=Zinc,unknown,,disorder_rich_spacer_region,13,,LCRFinder
Q96N16|ensembl_protein_id=ENSP00000386711|entry=JKIP1_HUMAN|source=pfam27|protein_name=Janus,mRNA,,acidic_region,10,,LCRFinder
Q96N16|ensembl_protein_id=ENSP00000386711|entry=JKIP1_HUMAN|source=pfam27|protein_name=Janus,mRNA,,disorder_rich_spacer_region,6,,LCRFinder
Q96N46|ensembl_protein_id=ENSP00000296015|entry=TTC14_HUMAN|source=rbpdb|protein_name=Tetratricopeptide,unknown,,acidic_region,9,,LCRFinder
Q96N46|ensembl_protein_id=ENSP00000296015|entry=TTC14_HUMAN|source=rbpdb|protein_name=Tetratricopeptide,unknown,,basic_enriched_region,6,,LCRFinder
Q96N46|ensembl_protein_id=ENSP00000296015|entry=TTC14_HUMAN|source=rbpdb|protein_name=Tetratricopeptide,unknown,,disorder_rich_spacer_region,24,,LCRFinder
Q96N46|ensembl_protein_id=ENSP00000296015|entry=TTC14_HUMAN|source=rbpdb|protein_name=Tetratricopeptide,unknown,,other,6,,LCRFinder
Q96N46|ensembl_protein_id=ENSP00000296015|entry=TTC14_HUMAN|source=rbpdb|protein_name=Tetratricopeptide,unknown,,sr_rs_repeat_region,14,,LCRFinder
Q96P70|ensembl_protein_id=ENSP00000354742|entry=IPO9_HUMAN|source=pfam27|protein_name=Importin-9,mRNA,,acidic_region,14,,LCRFinder
Q96P70|ensembl_protein_id=ENSP00000354742|entry=IPO9_HUMAN|source=pfam27|protein_name=Importin-9,mRNA,,disorder_rich_spacer_region,17,,LCRFinder
Q96PK6|ensembl_protein_id=ENSP00000311747|entry=RBM14_HUMAN|source=pfam27|protein_name=RNA-binding,mRNA,,aromatic_sticker_region,11,,LCRFinder
Q96PK6|ensembl_protein_id=ENSP00000311747|entry=RBM14_HUMAN|source=pfam27|protein_name=RNA-binding,mRNA,,disorder_rich_spacer_region,61,,LCRFinder
Q96PZ0|ensembl_protein_id=ENSP00000348722|entry=PUS7_HUMAN|source=modomics|protein_name=Pseudouridylate,pre-rRNA,,acidic_region,13,,LCRFinder
Q96Q15|ensembl_protein_id=ENSP00000402515|entry=SMG1_HUMAN|source=pfam27|protein_name=Serine/threonine-protein,mRNA,,acidic_region,4,,LCRFinder
Q96Q15|ensembl_protein_id=ENSP00000402515|entry=SMG1_HUMAN|source=pfam27|protein_name=Serine/threonine-protein,mRNA,,arginine_rich_rna_contact_region,4,,LCRFinder
Q96Q15|ensembl_protein_id=ENSP00000402515|entry=SMG1_HUMAN|source=pfam27|protein_name=Serine/threonine-protein,mRNA,,disorder_rich_spacer_region,23,,LCRFinder
Q96Q15|ensembl_protein_id=ENSP00000402515|entry=SMG1_HUMAN|source=pfam27|protein_name=Serine/threonine-protein,mRNA,,gs_rich_neutral_region,13,,LCRFinder
Q96Q15|ensembl_protein_id=ENSP00000402515|entry=SMG1_HUMAN|source=pfam27|protein_name=Serine/threonine-protein,mRNA,,hydrophobic_region,24,,LCRFinder
Q96Q15|ensembl_protein_id=ENSP00000402515|entry=SMG1_HUMAN|source=pfam27|protein_name=Serine/threonine-protein,mRNA,,other,4,,LCRFinder
Q96QC0|ensembl_protein_id=ENSP00000389299|entry=PP1RA_HUMAN|source=pfam27|protein_name=Serine/threonine-protein,unknown,,arginine_rich_rna_contact_region,4,,LCRFinder
Q96QC0|ensembl_protein_id=ENSP00000389299|entry=PP1RA_HUMAN|source=pfam27|protein_name=Serine/threonine-protein,unknown,,basic_enriched_region,11,,LCRFinder
Q96QC0|ensembl_protein_id=ENSP00000389299|entry=PP1RA_HUMAN|source=pfam27|protein_name=Serine/threonine-protein,unknown,,disorder_rich_spacer_region,51,,LCRFinder
Q96QC0|ensembl_protein_id=ENSP00000389299|entry=PP1RA_HUMAN|source=pfam27|protein_name=Serine/threonine-protein,unknown,,gs_rich_neutral_region,40,,LCRFinder
Q96QC0|ensembl_protein_id=ENSP00000389299|entry=PP1RA_HUMAN|source=pfam27|protein_name=Serine/threonine-protein,unknown,,other,28,,LCRFinder
Q96QR8|ensembl_protein_id=ENSP00000379051|entry=PURB_HUMAN|source=pfam27|protein_name=Transcriptional,mRNA,,disorder_rich_spacer_region,28,,LCRFinder
Q96QR8|ensembl_protein_id=ENSP00000379051|entry=PURB_HUMAN|source=pfam27|protein_name=Transcriptional,mRNA,,gs_rich_neutral_region,9,,LCRFinder
Q96QU8|ensembl_protein_id=ENSP00000302790|entry=XPO6_HUMAN|source=pfam27|protein_name=Exportin-6,mRNA,,hydrophobic_region,6,,LCRFinder
Q96QU8|ensembl_protein_id=ENSP00000302790|entry=XPO6_HUMAN|source=pfam27|protein_name=Exportin-6,mRNA,,other,6,,LCRFinder
Q96RS0|ensembl_protein_id=ENSP00000260129|entry=TGS1_HUMAN|source=pfam27|protein_name=Trimethylguanosine,snRNA,,acidic_region,10,,LCRFinder
Q96RS0|ensembl_protein_id=ENSP00000260129|entry=TGS1_HUMAN|source=pfam27|protein_name=Trimethylguanosine,snRNA,,basic_enriched_region,19,,LCRFinder
Q96S44|ensembl_protein_id=ENSP00000361186|entry=PRPK_HUMAN|source=modomics|protein_name=EKC/KEOPS,tRNA,,acidic_region,8,,LCRFinder
Q96S44|ensembl_protein_id=ENSP00000361186|entry=PRPK_HUMAN|source=modomics|protein_name=EKC/KEOPS,tRNA,,arginine_rich_rna_contact_region,6,,LCRFinder
Q96SZ4|ensembl_protein_id=ENSP00000459520|entry=ZSC10_HUMAN|source=pfam38|protein_name=Zinc,unknown,,acidic_region,11,,LCRFinder
Q96SZ4|ensembl_protein_id=ENSP00000459520|entry=ZSC10_HUMAN|source=pfam38|protein_name=Zinc,unknown,,arginine_rich_rna_contact_region,8,,LCRFinder
Q96SZ4|ensembl_protein_id=ENSP00000459520|entry=ZSC10_HUMAN|source=pfam38|protein_name=Zinc,unknown,,hydrophobic_region,11,,LCRFinder
Q96T21|ensembl_protein_id=ENSP00000364959|entry=SEBP2_HUMAN|source=pfam27|protein_name=Selenocysteine,mRNA,,acidic_region,5,,LCRFinder
Q96T21|ensembl_protein_id=ENSP00000364959|entry=SEBP2_HUMAN|source=pfam27|protein_name=Selenocysteine,mRNA,,basic_enriched_region,9,,LCRFinder
Q96T37|ensembl_protein_id=ENSP00000473638|entry=RBM15_HUMAN|source=pfam27|protein_name=RNA-binding,mRNA,,arginine_rich_rna_contact_region,11,,LCRFinder
Q96T37|ensembl_protein_id=ENSP00000473638|entry=RBM15_HUMAN|source=pfam27|protein_name=RNA-binding,mRNA,,disorder_rich_spacer_region,34,,LCRFinder
Q96T37|ensembl_protein_id=ENSP00000473638|entry=RBM15_HUMAN|source=pfam27|protein_name=RNA-binding,mRNA,,gs_rich_neutral_region,55,,LCRFinder
Q96T37|ensembl_protein_id=ENSP00000473638|entry=RBM15_HUMAN|source=pfam27|protein_name=RNA-binding,mRNA,,hydrophobic_region,10,,LCRFinder
Q96T37|ensembl_protein_id=ENSP00000473638|entry=RBM15_HUMAN|source=pfam27|protein_name=RNA-binding,mRNA,,other,8,,LCRFinder
Q96T58|ensembl_protein_id=ENSP00000364912|entry=MINT_HUMAN|source=pfam27|protein_name=Msx2-interacting,mRNA,,acidic_region,18,,LCRFinder
Q96T58|ensembl_protein_id=ENSP00000364912|entry=MINT_HUMAN|source=pfam27|protein_name=Msx2-interacting,mRNA,,arginine_rich_rna_contact_region,37,,LCRFinder
Q96T58|ensembl_protein_id=ENSP00000364912|entry=MINT_HUMAN|source=pfam27|protein_name=Msx2-interacting,mRNA,,aromatic_sticker_region,9,,LCRFinder
Q96T58|ensembl_protein_id=ENSP00000364912|entry=MINT_HUMAN|source=pfam27|protein_name=Msx2-interacting,mRNA,,basic_enriched_region,18,,LCRFinder
Q96T58|ensembl_protein_id=ENSP00000364912|entry=MINT_HUMAN|source=pfam27|protein_name=Msx2-interacting,mRNA,,disorder_rich_spacer_region,109,,LCRFinder
Q96T58|ensembl_protein_id=ENSP00000364912|entry=MINT_HUMAN|source=pfam27|protein_name=Msx2-interacting,mRNA,,gs_rich_neutral_region,14,,LCRFinder
Q96T58|ensembl_protein_id=ENSP00000364912|entry=MINT_HUMAN|source=pfam27|protein_name=Msx2-interacting,mRNA,,hydrophobic_region,19,,LCRFinder
Q96T58|ensembl_protein_id=ENSP00000364912|entry=MINT_HUMAN|source=pfam27|protein_name=Msx2-interacting,mRNA,,other,11,,LCRFinder
Q99459|ensembl_protein_id=ENSP00000360532|entry=CDC5L_HUMAN|source=pfam27|protein_name=Cell,mRNA,,acidic_region,4,,LCRFinder
Q99459|ensembl_protein_id=ENSP00000360532|entry=CDC5L_HUMAN|source=pfam27|protein_name=Cell,mRNA,,arginine_rich_rna_contact_region,17,,LCRFinder
Q99459|ensembl_protein_id=ENSP00000360532|entry=CDC5L_HUMAN|source=pfam27|protein_name=Cell,mRNA,,other,8,,LCRFinder
Q99590|ensembl_protein_id=ENSP00000358374|entry=SCAFB_HUMAN|source=pfam27|protein_name=Protein,mRNA,,arginine_rich_rna_contact_region,37,,LCRFinder
Q99590|ensembl_protein_id=ENSP00000358374|entry=SCAFB_HUMAN|source=pfam27|protein_name=Protein,mRNA,,disorder_rich_spacer_region,33,,LCRFinder
Q99590|ensembl_protein_id=ENSP00000358374|entry=SCAFB_HUMAN|source=pfam27|protein_name=Protein,mRNA,,other,21,,LCRFinder
Q99613|ensembl_protein_id=ENSP00000378953|entry=EIF3C_HUMAN|source=pfam27|protein_name=Eukaryotic,mRNA,,acidic_region,49,,LCRFinder
Q99728|ensembl_protein_id=ENSP00000260947|entry=BARD1_HUMAN|source=pfam27|protein_name=BRCA1-associated,ncRNA,,basic_enriched_region,6,,LCRFinder
Q99728|ensembl_protein_id=ENSP00000260947|entry=BARD1_HUMAN|source=pfam27|protein_name=BRCA1-associated,ncRNA,,disorder_rich_spacer_region,4,,LCRFinder
Q99728|ensembl_protein_id=ENSP00000260947|entry=BARD1_HUMAN|source=pfam27|protein_name=BRCA1-associated,ncRNA,,hydrophobic_region,4,,LCRFinder
Q99728|ensembl_protein_id=ENSP00000260947|entry=BARD1_HUMAN|source=pfam27|protein_name=BRCA1-associated,ncRNA,,other,4,,LCRFinder
Q99729|ensembl_protein_id=ENSP00000425031|entry=ROAA_HUMAN|source=pfam27|protein_name=Heterogeneous,mRNA,,acidic_region,7,,LCRFinder
Q99729|ensembl_protein_id=ENSP00000425031|entry=ROAA_HUMAN|source=pfam27|protein_name=Heterogeneous,mRNA,,arginine_rich_rna_contact_region,12,,LCRFinder
Q99729|ensembl_protein_id=ENSP00000425031|entry=ROAA_HUMAN|source=pfam27|protein_name=Heterogeneous,mRNA,,disorder_rich_spacer_region,23,,LCRFinder
Q99729|ensembl_protein_id=ENSP00000425031|entry=ROAA_HUMAN|source=pfam27|protein_name=Heterogeneous,mRNA,,hydrophobic_region,11,,LCRFinder
Q99973|ensembl_protein_id=ENSP00000262715|entry=TEP1_HUMAN|source=rbpdb|protein_name=Telomerase,ncRNA,,acidic_region,13,,LCRFinder
Q99973|ensembl_protein_id=ENSP00000262715|entry=TEP1_HUMAN|source=rbpdb|protein_name=Telomerase,ncRNA,,arginine_rich_rna_contact_region,8,,LCRFinder
Q99973|ensembl_protein_id=ENSP00000262715|entry=TEP1_HUMAN|source=rbpdb|protein_name=Telomerase,ncRNA,,aromatic_sticker_region,6,,LCRFinder
Q99973|ensembl_protein_id=ENSP00000262715|entry=TEP1_HUMAN|source=rbpdb|protein_name=Telomerase,ncRNA,,disorder_rich_spacer_region,15,,LCRFinder
Q99973|ensembl_protein_id=ENSP00000262715|entry=TEP1_HUMAN|source=rbpdb|protein_name=Telomerase,ncRNA,,hydrophobic_region,5,,LCRFinder
Q99973|ensembl_protein_id=ENSP00000262715|entry=TEP1_HUMAN|source=rbpdb|protein_name=Telomerase,ncRNA,,other,8,,LCRFinder
Q9BPZ3|ensembl_protein_id=ENSP00000378275|entry=PAIP2_HUMAN|source=pfam27|protein_name=Polyadenylate-binding,mRNA,,acidic_region,13,,LCRFinder
Q9BQ04|ensembl_protein_id=ENSP00000310471|entry=RBM4B_HUMAN|source=pfam27|protein_name=RNA-binding,mRNA,,disorder_rich_spacer_region,19,,LCRFinder
Q9BQ04|ensembl_protein_id=ENSP00000310471|entry=RBM4B_HUMAN|source=pfam27|protein_name=RNA-binding,mRNA,,hydrophobic_region,4,,LCRFinder
Q9BQ39|ensembl_protein_id=ENSP00000362687|entry=DDX50_HUMAN|source=pfam27;pfam38|protein_name=ATP-dependent,pre-rRNA,,basic_enriched_region,4,,LCRFinder
Q9BQ39|ensembl_protein_id=ENSP00000362687|entry=DDX50_HUMAN|source=pfam27;pfam38|protein_name=ATP-dependent,pre-rRNA,,gs_rich_neutral_region,6,,LCRFinder
Q9BQ39|ensembl_protein_id=ENSP00000362687|entry=DDX50_HUMAN|source=pfam27;pfam38|protein_name=ATP-dependent,pre-rRNA,,sr_rs_repeat_region,17,,LCRFinder
Q9BQ67|ensembl_protein_id=ENSP00000253237|entry=GRWD1_HUMAN|source=pfam27|protein_name=Glutamate-rich,pre-rRNA,,acidic_region,13,,LCRFinder
Q9BQI3|ensembl_protein_id=ENSP00000199389|entry=E2AK1_HUMAN|source=pfam27|protein_name=Eukaryotic,mRNA,,acidic_region,6,,LCRFinder
Q9BQI3|ensembl_protein_id=ENSP00000199389|entry=E2AK1_HUMAN|source=pfam27|protein_name=Eukaryotic,mRNA,,disorder_rich_spacer_region,5,,LCRFinder
Q9BQI3|ensembl_protein_id=ENSP00000199389|entry=E2AK1_HUMAN|source=pfam27|protein_name=Eukaryotic,mRNA,,hydrophobic_region,7,,LCRFinder
Q9BRD0|ensembl_protein_id=ENSP00000260210|entry=BUD13_HUMAN|source=pfam27|protein_name=BUD13,mRNA,,acidic_region,21,,LCRFinder
Q9BRD0|ensembl_protein_id=ENSP00000260210|entry=BUD13_HUMAN|source=pfam27|protein_name=BUD13,mRNA,,arginine_rich_rna_contact_region,26,,LCRFinder
Q9BRD0|ensembl_protein_id=ENSP00000260210|entry=BUD13_HUMAN|source=pfam27|protein_name=BUD13,mRNA,,basic_enriched_region,5,,LCRFinder
Q9BRD0|ensembl_protein_id=ENSP00000260210|entry=BUD13_HUMAN|source=pfam27|protein_name=BUD13,mRNA,,disorder_rich_spacer_region,18,,LCRFinder
Q9BRJ7|ensembl_protein_id=ENSP00000306670|entry=TIRR_HUMAN|source=pfam27|protein_name=Tudor-interacting,snoRNA,,hydrophobic_region,6,,LCRFinder
Q9BRR8|ensembl_protein_id=ENSP00000170564|entry=GPTC1_HUMAN|source=pfam27|protein_name=G,mRNA,,basic_enriched_region,14,,LCRFinder
Q9BRR8|ensembl_protein_id=ENSP00000170564|entry=GPTC1_HUMAN|source=pfam27|protein_name=G,mRNA,,disorder_rich_spacer_region,18,,LCRFinder
Q9BRS2|ensembl_protein_id=ENSP00000369162|entry=RIOK1_HUMAN|source=pfam27|protein_name=Serine/threonine-protein,pre-rRNA,,acidic_region,12,,LCRFinder
Q9BRS2|ensembl_protein_id=ENSP00000369162|entry=RIOK1_HUMAN|source=pfam27|protein_name=Serine/threonine-protein,pre-rRNA,,arginine_rich_rna_contact_region,6,,LCRFinder
Q9BRS8|ensembl_protein_id=ENSP00000299213|entry=LARP6_HUMAN|source=pfam27|protein_name=La-related,mRNA,,arginine_rich_rna_contact_region,4,,LCRFinder
Q9BRS8|ensembl_protein_id=ENSP00000299213|entry=LARP6_HUMAN|source=pfam27|protein_name=La-related,mRNA,,disorder_rich_spacer_region,12,,LCRFinder
Q9BRZ2|ensembl_protein_id=ENSP00000305161|entry=TRI56_HUMAN|source=pfam27|protein_name=E3,unknown,,acidic_region,14,,LCRFinder
Q9BRZ2|ensembl_protein_id=ENSP00000305161|entry=TRI56_HUMAN|source=pfam27|protein_name=E3,unknown,,arginine_rich_rna_contact_region,12,,LCRFinder
Q9BRZ2|ensembl_protein_id=ENSP00000305161|entry=TRI56_HUMAN|source=pfam27|protein_name=E3,unknown,,basic_enriched_region,4,,LCRFinder
Q9BRZ2|ensembl_protein_id=ENSP00000305161|entry=TRI56_HUMAN|source=pfam27|protein_name=E3,unknown,,disorder_rich_spacer_region,4,,LCRFinder
Q9BSC4|ensembl_protein_id=ENSP00000263837|entry=NOL10_HUMAN|source=pfam27|protein_name=Nucleolar,pre-rRNA,,acidic_region,15,,LCRFinder
Q9BSV6|ensembl_protein_id=ENSP00000379667|entry=SEN34_HUMAN|source=pfam27|protein_name=tRNA-splicing,tRNA,,arginine_rich_rna_contact_region,4,,LCRFinder
Q9BSV6|ensembl_protein_id=ENSP00000379667|entry=SEN34_HUMAN|source=pfam27|protein_name=tRNA-splicing,tRNA,,disorder_rich_spacer_region,5,,LCRFinder
Q9BSV6|ensembl_protein_id=ENSP00000379667|entry=SEN34_HUMAN|source=pfam27|protein_name=tRNA-splicing,tRNA,,hydrophobic_region,11,,LCRFinder
Q9BTD8|ensembl_protein_id=ENSP00000466044|entry=RBM42_HUMAN|source=pfam27|protein_name=RNA-binding,mRNA,,disorder_rich_spacer_region,85,,LCRFinder
Q9BTD8|ensembl_protein_id=ENSP00000466044|entry=RBM42_HUMAN|source=pfam27|protein_name=RNA-binding,mRNA,,hydrophobic_region,13,,LCRFinder
Q9BTD8|ensembl_protein_id=ENSP00000466044|entry=RBM42_HUMAN|source=pfam27|protein_name=RNA-binding,mRNA,,other,10,,LCRFinder
Q9BUJ2|ensembl_protein_id=ENSP00000375863|entry=HNRL1_HUMAN|source=pfam27|protein_name=Heterogeneous,mRNA,,acidic_region,9,,LCRFinder
Q9BUJ2|ensembl_protein_id=ENSP00000375863|entry=HNRL1_HUMAN|source=pfam27|protein_name=Heterogeneous,mRNA,,aromatic_sticker_region,12,,LCRFinder
Q9BUJ2|ensembl_protein_id=ENSP00000375863|entry=HNRL1_HUMAN|source=pfam27|protein_name=Heterogeneous,mRNA,,disorder_rich_spacer_region,53,,LCRFinder
Q9BUJ2|ensembl_protein_id=ENSP00000375863|entry=HNRL1_HUMAN|source=pfam27|protein_name=Heterogeneous,mRNA,,gs_rich_neutral_region,8,,LCRFinder
Q9BUJ2|ensembl_protein_id=ENSP00000375863|entry=HNRL1_HUMAN|source=pfam27|protein_name=Heterogeneous,mRNA,,hydrophobic_region,4,,LCRFinder
Q9BUJ2|ensembl_protein_id=ENSP00000375863|entry=HNRL1_HUMAN|source=pfam27|protein_name=Heterogeneous,mRNA,,other,31,,LCRFinder
Q9BUQ8|ensembl_protein_id=ENSP00000310723|entry=DDX23_HUMAN|source=pfam27;pfam38|protein_name=Probable,snRNA,,acidic_region,15,,LCRFinder
Q9BUQ8|ensembl_protein_id=ENSP00000310723|entry=DDX23_HUMAN|source=pfam27;pfam38|protein_name=Probable,snRNA,,arginine_rich_rna_contact_region,51,,LCRFinder
Q9BUQ8|ensembl_protein_id=ENSP00000310723|entry=DDX23_HUMAN|source=pfam27;pfam38|protein_name=Probable,snRNA,,disorder_rich_spacer_region,6,,LCRFinder
Q9BUQ8|ensembl_protein_id=ENSP00000310723|entry=DDX23_HUMAN|source=pfam27;pfam38|protein_name=Probable,snRNA,,other,6,,LCRFinder
Q9BUQ8|ensembl_protein_id=ENSP00000310723|entry=DDX23_HUMAN|source=pfam27;pfam38|protein_name=Probable,snRNA,,sr_rs_repeat_region,14,,LCRFinder
Q9BV44|ensembl_protein_id=ENSP00000339532|entry=THUM3_HUMAN|source=pfam27|protein_name=tRNA,tRNA,,basic_enriched_region,4,,LCRFinder
Q9BWE0|ensembl_protein_id=ENSP00000417291|entry=REPI1_HUMAN|source=pfam27|protein_name=DNA-binding,unknown,,arginine_rich_rna_contact_region,6,,LCRFinder
Q9BWE0|ensembl_protein_id=ENSP00000417291|entry=REPI1_HUMAN|source=pfam27|protein_name=DNA-binding,unknown,,disorder_rich_spacer_region,7,,LCRFinder
Q9BWF3|ensembl_protein_id=ENSP00000309166|entry=RBM4_HUMAN|source=pfam27|protein_name=RNA-binding,mRNA,,disorder_rich_spacer_region,23,,LCRFinder
Q9BWF3|ensembl_protein_id=ENSP00000309166|entry=RBM4_HUMAN|source=pfam27|protein_name=RNA-binding,mRNA,,hydrophobic_region,4,,LCRFinder
Q9BWT3|ensembl_protein_id=ENSP00000238714|entry=PAPOG_HUMAN|source=pfam27|protein_name=Poly(A),mRNA,,basic_enriched_region,4,,LCRFinder
Q9BWT3|ensembl_protein_id=ENSP00000238714|entry=PAPOG_HUMAN|source=pfam27|protein_name=Poly(A),mRNA,,other,4,,LCRFinder
Q9BWU0|ensembl_protein_id=ENSP00000323837|entry=NADAP_HUMAN|source=pfam27|protein_name=Kanadaptin,unknown,,acidic_region,25,,LCRFinder
Q9BWU0|ensembl_protein_id=ENSP00000323837|entry=NADAP_HUMAN|source=pfam27|protein_name=Kanadaptin,unknown,,aromatic_sticker_region,5,,LCRFinder
Q9BWU0|ensembl_protein_id=ENSP00000323837|entry=NADAP_HUMAN|source=pfam27|protein_name=Kanadaptin,unknown,,basic_enriched_region,4,,LCRFinder
Q9BWU0|ensembl_protein_id=ENSP00000323837|entry=NADAP_HUMAN|source=pfam27|protein_name=Kanadaptin,unknown,,disorder_rich_spacer_region,4,,LCRFinder
Q9BWU0|ensembl_protein_id=ENSP00000323837|entry=NADAP_HUMAN|source=pfam27|protein_name=Kanadaptin,unknown,,gs_rich_neutral_region,5,,LCRFinder
Q9BX46|ensembl_protein_id=ENSP00000368341|entry=RBM24_HUMAN|source=pfam38|protein_name=RNA-binding,mRNA,,disorder_rich_spacer_region,35,,LCRFinder
Q9BX46|ensembl_protein_id=ENSP00000368341|entry=RBM24_HUMAN|source=pfam38|protein_name=RNA-binding,mRNA,,hydrophobic_region,4,,LCRFinder
Q9BXP5|ensembl_protein_id=ENSP00000478341|entry=SRRT_HUMAN|source=rbpdb|protein_name=Serrate,ncRNA,,acidic_region,35,,LCRFinder
Q9BXP5|ensembl_protein_id=ENSP00000478341|entry=SRRT_HUMAN|source=rbpdb|protein_name=Serrate,ncRNA,,arginine_rich_rna_contact_region,16,,LCRFinder
Q9BXP5|ensembl_protein_id=ENSP00000478341|entry=SRRT_HUMAN|source=rbpdb|protein_name=Serrate,ncRNA,,basic_enriched_region,15,,LCRFinder
Q9BXP5|ensembl_protein_id=ENSP00000478341|entry=SRRT_HUMAN|source=rbpdb|protein_name=Serrate,ncRNA,,disorder_rich_spacer_region,22,,LCRFinder
Q9BXY0|ensembl_protein_id=ENSP00000353246|entry=MAK16_HUMAN|source=pfam27|protein_name=Protein,pre-rRNA,,acidic_region,19,,LCRFinder
Q9BXY0|ensembl_protein_id=ENSP00000353246|entry=MAK16_HUMAN|source=pfam27|protein_name=Protein,pre-rRNA,,arginine_rich_rna_contact_region,8,,LCRFinder
Q9BYG3|ensembl_protein_id=ENSP00000285814|entry=MK67I_HUMAN|source=pfam27;pfam38|protein_name=MKI67,pre-rRNA,,basic_enriched_region,11,,LCRFinder
Q9BYJ9|ensembl_protein_id=ENSP00000359364|entry=YTHD1_HUMAN|source=rbpdb;modomics|protein_name=YTH,mRNA,,acidic_region,4,,LCRFinder
Q9BYJ9|ensembl_protein_id=ENSP00000359364|entry=YTHD1_HUMAN|source=rbpdb;modomics|protein_name=YTH,mRNA,,disorder_rich_spacer_region,17,,LCRFinder
Q9BYJ9|ensembl_protein_id=ENSP00000359364|entry=YTHD1_HUMAN|source=rbpdb;modomics|protein_name=YTH,mRNA,,gs_rich_neutral_region,7,,LCRFinder
Q9BYJ9|ensembl_protein_id=ENSP00000359364|entry=YTHD1_HUMAN|source=rbpdb;modomics|protein_name=YTH,mRNA,,hydrophobic_region,4,,LCRFinder
Q9BYX4|ensembl_protein_id=ENSP00000497271|entry=IFIH1_HUMAN|source=pfam38|protein_name=Interferon-induced,ncRNA,,acidic_region,22,,LCRFinder
Q9BYX4|ensembl_protein_id=ENSP00000497271|entry=IFIH1_HUMAN|source=pfam38|protein_name=Interferon-induced,ncRNA,,basic_enriched_region,10,,LCRFinder
Q9BYX4|ensembl_protein_id=ENSP00000497271|entry=IFIH1_HUMAN|source=pfam38|protein_name=Interferon-induced,ncRNA,,disorder_rich_spacer_region,5,,LCRFinder
Q9BYX4|ensembl_protein_id=ENSP00000497271|entry=IFIH1_HUMAN|source=pfam38|protein_name=Interferon-induced,ncRNA,,hydrophobic_region,5,,LCRFinder
Q9BZC1|ensembl_protein_id=ENSP00000335631|entry=CELF4_HUMAN|source=pfam27|protein_name=CUGBP,mRNA,,aromatic_sticker_region,12,,LCRFinder
Q9BZC1|ensembl_protein_id=ENSP00000335631|entry=CELF4_HUMAN|source=pfam27|protein_name=CUGBP,mRNA,,disorder_rich_spacer_region,5,,LCRFinder
Q9BZI7|ensembl_protein_id=ENSP00000245418|entry=REN3B_HUMAN|source=pfam27|protein_name=Regulator,mRNA,,acidic_region,11,,LCRFinder
Q9BZI7|ensembl_protein_id=ENSP00000245418|entry=REN3B_HUMAN|source=pfam27|protein_name=Regulator,mRNA,,arginine_rich_rna_contact_region,27,,LCRFinder
Q9BZI7|ensembl_protein_id=ENSP00000245418|entry=REN3B_HUMAN|source=pfam27|protein_name=Regulator,mRNA,,basic_enriched_region,6,,LCRFinder
Q9BZI7|ensembl_protein_id=ENSP00000245418|entry=REN3B_HUMAN|source=pfam27|protein_name=Regulator,mRNA,,disorder_rich_spacer_region,14,,LCRFinder
Q9BZJ0|ensembl_protein_id=ENSP00000440733|entry=CRNL1_HUMAN|source=pfam27|protein_name=Crooked,mRNA,,acidic_region,9,,LCRFinder
Q9BZJ0|ensembl_protein_id=ENSP00000440733|entry=CRNL1_HUMAN|source=pfam27|protein_name=Crooked,mRNA,,arginine_rich_rna_contact_region,8,,LCRFinder
Q9BZJ0|ensembl_protein_id=ENSP00000440733|entry=CRNL1_HUMAN|source=pfam27|protein_name=Crooked,mRNA,,disorder_rich_spacer_region,19,,LCRFinder
Q9C0B0|ensembl_protein_id=ENSP00000464893|entry=UNK_HUMAN|source=rbpdb|protein_name=RING,unknown,,arginine_rich_rna_contact_region,9,,LCRFinder
Q9C0B0|ensembl_protein_id=ENSP00000464893|entry=UNK_HUMAN|source=rbpdb|protein_name=RING,unknown,,disorder_rich_spacer_region,16,,LCRFinder
Q9C0B0|ensembl_protein_id=ENSP00000464893|entry=UNK_HUMAN|source=rbpdb|protein_name=RING,unknown,,gs_rich_neutral_region,8,,LCRFinder
Q9C0B0|ensembl_protein_id=ENSP00000464893|entry=UNK_HUMAN|source=rbpdb|protein_name=RING,unknown,,other,4,,LCRFinder
Q9C0B9|ensembl_protein_id=ENSP00000464791|entry=ZCHC2_HUMAN|source=pfam27|protein_name=Zinc,unknown,,acidic_region,10,,LCRFinder
Q9C0B9|ensembl_protein_id=ENSP00000464791|entry=ZCHC2_HUMAN|source=pfam27|protein_name=Zinc,unknown,,arginine_rich_rna_contact_region,4,,LCRFinder
Q9C0B9|ensembl_protein_id=ENSP00000464791|entry=ZCHC2_HUMAN|source=pfam27|protein_name=Zinc,unknown,,basic_enriched_region,7,,LCRFinder
Q9C0B9|ensembl_protein_id=ENSP00000464791|entry=ZCHC2_HUMAN|source=pfam27|protein_name=Zinc,unknown,,disorder_rich_spacer_region,62,,LCRFinder
Q9C0B9|ensembl_protein_id=ENSP00000464791|entry=ZCHC2_HUMAN|source=pfam27|protein_name=Zinc,unknown,,gs_rich_neutral_region,7,,LCRFinder
Q9C0D7|ensembl_protein_id=ENSP00000278590|entry=ZC12C_HUMAN|source=pfam27|protein_name=Probable,unknown,,acidic_region,6,,LCRFinder
Q9C0D7|ensembl_protein_id=ENSP00000278590|entry=ZC12C_HUMAN|source=pfam27|protein_name=Probable,unknown,,disorder_rich_spacer_region,4,,LCRFinder
Q9GZL7|ensembl_protein_id=ENSP00000261015|entry=WDR12_HUMAN|source=pfam27|protein_name=Ribosome,pre-rRNA,,other,4,,LCRFinder
Q9GZR2|ensembl_protein_id=ENSP00000361010|entry=REXO4_HUMAN|source=pfam27|protein_name=RNA,pre-rRNA,,basic_enriched_region,7,,LCRFinder
Q9GZY0|ensembl_protein_id=ENSP00000472530|entry=NXF2_HUMAN|source=pfam27|protein_name=Nuclear,mRNA,,disorder_rich_spacer_region,8,,LCRFinder
Q9H089|ensembl_protein_id=ENSP00000265245|entry=LSG1_HUMAN|source=pfam27|protein_name=Large,pre-rRNA,,acidic_region,18,,LCRFinder
Q9H0A0|ensembl_protein_id=ENSP00000433011|entry=NAT10_HUMAN|source=pfam27|protein_name=RNA,pre-rRNA,,disorder_rich_spacer_region,6,,LCRFinder
Q9H0A0|ensembl_protein_id=ENSP00000433011|entry=NAT10_HUMAN|source=pfam27|protein_name=RNA,pre-rRNA,,other,8,,LCRFinder
Q9H0A6|ensembl_protein_id=ENSP00000376503|entry=RNF32_HUMAN|source=pfam38|protein_name=RING,unknown,,disorder_rich_spacer_region,5,,LCRFinder
Q9H0H0|ensembl_protein_id=ENSP00000414237|entry=INT2_HUMAN|source=pfam27|protein_name=Integrator,snRNA,,hydrophobic_region,5,,LCRFinder
Q9H0L4|ensembl_protein_id=ENSP00000332444|entry=CSTFT_HUMAN|source=pfam27;pfam38|protein_name=Cleavage,mRNA,,disorder_rich_spacer_region,30,,LCRFinder
Q9H0R6|ensembl_protein_id=ENSP00000358042|entry=GATA_HUMAN|source=pfam27|protein_name=Glutamyl-tRNA(Gln),tRNA,,gs_rich_neutral_region,14,,LCRFinder
Q9H0W8|ensembl_protein_id=ENSP00000270066|entry=SMG9_HUMAN|source=pfam27|protein_name=Nonsense-mediated,mRNA,,arginine_rich_rna_contact_region,4,,LCRFinder
Q9H0W8|ensembl_protein_id=ENSP00000270066|entry=SMG9_HUMAN|source=pfam27|protein_name=Nonsense-mediated,mRNA,,aromatic_sticker_region,11,,LCRFinder
Q9H0W8|ensembl_protein_id=ENSP00000270066|entry=SMG9_HUMAN|source=pfam27|protein_name=Nonsense-mediated,mRNA,,disorder_rich_spacer_region,31,,LCRFinder
Q9H1E1|ensembl_protein_id=ENSP00000298690|entry=RNAS7_HUMAN|source=pfam27|protein_name=Ribonuclease,diverse,,hydrophobic_region,7,,LCRFinder
Q9H1J1|ensembl_protein_id=ENSP00000364448|entry=REN3A_HUMAN|source=pfam27|protein_name=Regulator,mRNA,,arginine_rich_rna_contact_region,38,,LCRFinder
Q9H2U1|ensembl_protein_id=ENSP00000417078|entry=DHX36_HUMAN|source=pfam27|protein_name=ATP-dependent,mRNA,,aromatic_sticker_region,14,,LCRFinder
Q9H2U1|ensembl_protein_id=ENSP00000417078|entry=DHX36_HUMAN|source=pfam27|protein_name=ATP-dependent,mRNA,,disorder_rich_spacer_region,16,,LCRFinder
Q9H307|ensembl_protein_id=ENSP00000216832|entry=PININ_HUMAN|source=pfam27|protein_name=Pinin,mRNA,,acidic_region,25,,LCRFinder
Q9H307|ensembl_protein_id=ENSP00000216832|entry=PININ_HUMAN|source=pfam27|protein_name=Pinin,mRNA,,arginine_rich_rna_contact_region,20,,LCRFinder
Q9H307|ensembl_protein_id=ENSP00000216832|entry=PININ_HUMAN|source=pfam27|protein_name=Pinin,mRNA,,disorder_rich_spacer_region,56,,LCRFinder
Q9H307|ensembl_protein_id=ENSP00000216832|entry=PININ_HUMAN|source=pfam27|protein_name=Pinin,mRNA,,other,5,,LCRFinder
Q9H307|ensembl_protein_id=ENSP00000216832|entry=PININ_HUMAN|source=pfam27|protein_name=Pinin,mRNA,,sr_rs_repeat_region,21,,LCRFinder
Q9H361|ensembl_protein_id=ENSP00000281589|entry=PABP3_HUMAN|source=pfam27|protein_name=Polyadenylate-binding,mRNA,,disorder_rich_spacer_region,8,,LCRFinder
Q9H361|ensembl_protein_id=ENSP00000281589|entry=PABP3_HUMAN|source=pfam27|protein_name=Polyadenylate-binding,mRNA,,hydrophobic_region,10,,LCRFinder
Q9H3H3|ensembl_protein_id=ENSP00000398350|entry=CK068_HUMAN|source=pfam27|protein_name=UPF0696,unknown,,acidic_region,6,,LCRFinder
Q9H3H3|ensembl_protein_id=ENSP00000398350|entry=CK068_HUMAN|source=pfam27|protein_name=UPF0696,unknown,,disorder_rich_spacer_region,11,,LCRFinder
Q9H4L7|ensembl_protein_id=ENSP00000351947|entry=SMRCD_HUMAN|source=pfam38|protein_name=SWI/SNF-related,unknown,,arginine_rich_rna_contact_region,5,,LCRFinder
Q9H4L7|ensembl_protein_id=ENSP00000351947|entry=SMRCD_HUMAN|source=pfam38|protein_name=SWI/SNF-related,unknown,,disorder_rich_spacer_region,4,,LCRFinder
Q9H4Z3|ensembl_protein_id=ENSP00000361486|entry=CAPAM_HUMAN|source=modomics|protein_name=mRNA,mRNA,,gs_rich_neutral_region,10,,LCRFinder
Q9H501|ensembl_protein_id=ENSP00000202816|entry=ESF1_HUMAN|source=pfam27|protein_name=ESF1,pre-rRNA,,acidic_region,64,,LCRFinder
Q9H501|ensembl_protein_id=ENSP00000202816|entry=ESF1_HUMAN|source=pfam27|protein_name=ESF1,pre-rRNA,,basic_enriched_region,35,,LCRFinder
Q9H501|ensembl_protein_id=ENSP00000202816|entry=ESF1_HUMAN|source=pfam27|protein_name=ESF1,pre-rRNA,,disorder_rich_spacer_region,4,,LCRFinder
Q9H583|ensembl_protein_id=ENSP00000355541|entry=HEAT1_HUMAN|source=pfam27|protein_name=HEAT,snoRNA,,acidic_region,5,,LCRFinder
Q9H583|ensembl_protein_id=ENSP00000355541|entry=HEAT1_HUMAN|source=pfam27|protein_name=HEAT,snoRNA,,hydrophobic_region,15,,LCRFinder
Q9H5H4|ensembl_protein_id=ENSP00000369777|entry=ZN768_HUMAN|source=pfam27;pfam38|protein_name=Zinc,unknown,,acidic_region,9,,LCRFinder
Q9H694|ensembl_protein_id=ENSP00000362993|entry=BICC1_HUMAN|source=pfam27|protein_name=Protein,mRNA,,disorder_rich_spacer_region,8,,LCRFinder
Q9H694|ensembl_protein_id=ENSP00000362993|entry=BICC1_HUMAN|source=pfam27|protein_name=Protein,mRNA,,hydrophobic_region,18,,LCRFinder
Q9H694|ensembl_protein_id=ENSP00000362993|entry=BICC1_HUMAN|source=pfam27|protein_name=Protein,mRNA,,other,4,,LCRFinder
Q9H6E5|ensembl_protein_id=ENSP00000419607|entry=STPAP_HUMAN|source=rbpdb|protein_name=Speckle,snRNA,,acidic_region,10,,LCRFinder
Q9H6E5|ensembl_protein_id=ENSP00000419607|entry=STPAP_HUMAN|source=rbpdb|protein_name=Speckle,snRNA,,arginine_rich_rna_contact_region,7,,LCRFinder
Q9H6E5|ensembl_protein_id=ENSP00000419607|entry=STPAP_HUMAN|source=rbpdb|protein_name=Speckle,snRNA,,hydrophobic_region,4,,LCRFinder
Q9H6E5|ensembl_protein_id=ENSP00000419607|entry=STPAP_HUMAN|source=rbpdb|protein_name=Speckle,snRNA,,other,18,,LCRFinder
Q9H6F5|ensembl_protein_id=ENSP00000227520|entry=CCD86_HUMAN|source=pfam27|protein_name=Coiled-coil,unknown,,arginine_rich_rna_contact_region,15,,LCRFinder
Q9H6R0|ensembl_protein_id=ENSP00000225296|entry=DHX33_HUMAN|source=pfam38|protein_name=ATP-dependent,mRNA,,disorder_rich_spacer_region,8,,LCRFinder
Q9H6S0|ensembl_protein_id=ENSP00000161863|entry=YTDC2_HUMAN|source=pfam27|protein_name=3'-5',mRNA,,disorder_rich_spacer_region,11,,LCRFinder
Q9H6S0|ensembl_protein_id=ENSP00000161863|entry=YTDC2_HUMAN|source=pfam27|protein_name=3'-5',mRNA,,hydrophobic_region,6,,LCRFinder
Q9H6S0|ensembl_protein_id=ENSP00000161863|entry=YTDC2_HUMAN|source=pfam27|protein_name=3'-5',mRNA,,other,15,,LCRFinder
Q9H6T0|ensembl_protein_id=ENSP00000454554|entry=ESRP2_HUMAN|source=pfam27|protein_name=Epithelial,mRNA,,aromatic_sticker_region,6,,LCRFinder
Q9H6T0|ensembl_protein_id=ENSP00000454554|entry=ESRP2_HUMAN|source=pfam27|protein_name=Epithelial,mRNA,,disorder_rich_spacer_region,15,,LCRFinder
Q9H6T0|ensembl_protein_id=ENSP00000454554|entry=ESRP2_HUMAN|source=pfam27|protein_name=Epithelial,mRNA,,other,6,,LCRFinder
Q9H7N4|ensembl_protein_id=ENSP00000353769|entry=SFR19_HUMAN|source=pfam27|protein_name=Splicing,mRNA,,acidic_region,50,,LCRFinder
Q9H7N4|ensembl_protein_id=ENSP00000353769|entry=SFR19_HUMAN|source=pfam27|protein_name=Splicing,mRNA,,arginine_rich_rna_contact_region,43,,LCRFinder
Q9H7N4|ensembl_protein_id=ENSP00000353769|entry=SFR19_HUMAN|source=pfam27|protein_name=Splicing,mRNA,,aromatic_sticker_region,9,,LCRFinder
Q9H7N4|ensembl_protein_id=ENSP00000353769|entry=SFR19_HUMAN|source=pfam27|protein_name=Splicing,mRNA,,basic_enriched_region,14,,LCRFinder
Q9H7N4|ensembl_protein_id=ENSP00000353769|entry=SFR19_HUMAN|source=pfam27|protein_name=Splicing,mRNA,,disorder_rich_spacer_region,154,,LCRFinder
Q9H7N4|ensembl_protein_id=ENSP00000353769|entry=SFR19_HUMAN|source=pfam27|protein_name=Splicing,mRNA,,gs_rich_neutral_region,48,,LCRFinder
Q9H7N4|ensembl_protein_id=ENSP00000353769|entry=SFR19_HUMAN|source=pfam27|protein_name=Splicing,mRNA,,sr_rs_repeat_region,28,,LCRFinder
Q9H7Z6|ensembl_protein_id=ENSP00000406037|entry=KAT8_HUMAN|source=pfam27|protein_name=Histone,ncRNA,,acidic_region,4,,LCRFinder
Q9H7Z6|ensembl_protein_id=ENSP00000406037|entry=KAT8_HUMAN|source=pfam27|protein_name=Histone,ncRNA,,disorder_rich_spacer_region,11,,LCRFinder
Q9H814|ensembl_protein_id=ENSP00000297540|entry=PHAX_HUMAN|source=pfam27|protein_name=Phosphorylated,snRNA,,acidic_region,10,,LCRFinder
Q9H814|ensembl_protein_id=ENSP00000297540|entry=PHAX_HUMAN|source=pfam27|protein_name=Phosphorylated,snRNA,,disorder_rich_spacer_region,6,,LCRFinder
Q9H9A5|ensembl_protein_id=ENSP00000399862|entry=CNO10_HUMAN|source=pfam27|protein_name=CCR4-NOT,mRNA,,disorder_rich_spacer_region,5,,LCRFinder
Q9H9A5|ensembl_protein_id=ENSP00000399862|entry=CNO10_HUMAN|source=pfam27|protein_name=CCR4-NOT,mRNA,,hydrophobic_region,8,,LCRFinder
Q9H9A5|ensembl_protein_id=ENSP00000399862|entry=CNO10_HUMAN|source=pfam27|protein_name=CCR4-NOT,mRNA,,other,4,,LCRFinder
Q9H9L3|ensembl_protein_id=ENSP00000323424|entry=I20L2_HUMAN|source=pfam27|protein_name=Interferon-stimulated,pre-rRNA,,basic_enriched_region,11,,LCRFinder
Q9H9Z2|ensembl_protein_id=ENSP00000254231|entry=LN28A_HUMAN|source=pfam27|protein_name=Protein,mRNA,,acidic_region,5,,LCRFinder
Q9H9Z2|ensembl_protein_id=ENSP00000254231|entry=LN28A_HUMAN|source=pfam27|protein_name=Protein,mRNA,,disorder_rich_spacer_region,5,,LCRFinder
Q9HA77|ensembl_protein_id=ENSP00000257347|entry=SYCM_HUMAN|source=pfam27|protein_name=Probable,tRNA,,arginine_rich_rna_contact_region,5,,LCRFinder
Q9HAU5|ensembl_protein_id=ENSP00000348708|entry=RENT2_HUMAN|source=pfam27|protein_name=Regulator,mRNA,,acidic_region,75,,LCRFinder
Q9HAU5|ensembl_protein_id=ENSP00000348708|entry=RENT2_HUMAN|source=pfam27|protein_name=Regulator,mRNA,,disorder_rich_spacer_region,6,,LCRFinder
Q9HAV4|ensembl_protein_id=ENSP00000265351|entry=XPO5_HUMAN|source=pfam27|protein_name=Exportin-5,ncRNA,,other,6,,LCRFinder
Q9HBD1|ensembl_protein_id=ENSP00000411767|entry=RC3H2_HUMAN|source=pfam27|protein_name=Roquin-2,mRNA,,acidic_region,4,,LCRFinder
Q9HBD1|ensembl_protein_id=ENSP00000411767|entry=RC3H2_HUMAN|source=pfam27|protein_name=Roquin-2,mRNA,,basic_enriched_region,6,,LCRFinder
Q9HBD1|ensembl_protein_id=ENSP00000411767|entry=RC3H2_HUMAN|source=pfam27|protein_name=Roquin-2,mRNA,,disorder_rich_spacer_region,13,,LCRFinder
Q9HBD4|ensembl_protein_id=ENSP00000495368|entry=Q9HBD4_HUMAN|source=pfam38|protein_name=SWI/SNF,unknown,,acidic_region,44,,LCRFinder
Q9HBD4|ensembl_protein_id=ENSP00000495368|entry=Q9HBD4_HUMAN|source=pfam38|protein_name=SWI/SNF,unknown,,arginine_rich_rna_contact_region,5,,LCRFinder
Q9HBD4|ensembl_protein_id=ENSP00000495368|entry=Q9HBD4_HUMAN|source=pfam38|protein_name=SWI/SNF,unknown,,basic_enriched_region,24,,LCRFinder
Q9HBD4|ensembl_protein_id=ENSP00000495368|entry=Q9HBD4_HUMAN|source=pfam38|protein_name=SWI/SNF,unknown,,disorder_rich_spacer_region,41,,LCRFinder
Q9HBD4|ensembl_protein_id=ENSP00000495368|entry=Q9HBD4_HUMAN|source=pfam38|protein_name=SWI/SNF,unknown,,gs_rich_neutral_region,24,,LCRFinder
Q9HBD4|ensembl_protein_id=ENSP00000495368|entry=Q9HBD4_HUMAN|source=pfam38|protein_name=SWI/SNF,unknown,,hydrophobic_region,6,,LCRFinder
Q9HC10|ensembl_protein_id=ENSP00000272371|entry=OTOF_HUMAN|source=pfam38|protein_name=Otoferlin,unknown,,acidic_region,22,,LCRFinder
Q9HC10|ensembl_protein_id=ENSP00000272371|entry=OTOF_HUMAN|source=pfam38|protein_name=Otoferlin,unknown,,arginine_rich_rna_contact_region,4,,LCRFinder
Q9HC10|ensembl_protein_id=ENSP00000272371|entry=OTOF_HUMAN|source=pfam38|protein_name=Otoferlin,unknown,,basic_enriched_region,17,,LCRFinder
Q9HC10|ensembl_protein_id=ENSP00000272371|entry=OTOF_HUMAN|source=pfam38|protein_name=Otoferlin,unknown,,hydrophobic_region,19,,LCRFinder
Q9HC44|ensembl_protein_id=ENSP00000290795|entry=GPBL1_HUMAN|source=pfam38|protein_name=Vasculin-like,unknown,,disorder_rich_spacer_region,6,,LCRFinder
Q9HCE5|ensembl_protein_id=ENSP00000373474|entry=MET14_HUMAN|source=pfam27|protein_name=N(6)-adenosine-methyltransferase,mRNA,,arginine_rich_rna_contact_region,4,,LCRFinder
Q9HCE5|ensembl_protein_id=ENSP00000373474|entry=MET14_HUMAN|source=pfam27|protein_name=N(6)-adenosine-methyltransferase,mRNA,,aromatic_sticker_region,9,,LCRFinder
Q9HCE5|ensembl_protein_id=ENSP00000373474|entry=MET14_HUMAN|source=pfam27|protein_name=N(6)-adenosine-methyltransferase,mRNA,,basic_enriched_region,4,,LCRFinder
Q9HCE5|ensembl_protein_id=ENSP00000373474|entry=MET14_HUMAN|source=pfam27|protein_name=N(6)-adenosine-methyltransferase,mRNA,,disorder_rich_spacer_region,6,,LCRFinder
Q9HCE5|ensembl_protein_id=ENSP00000373474|entry=MET14_HUMAN|source=pfam27|protein_name=N(6)-adenosine-methyltransferase,mRNA,,gs_rich_neutral_region,9,,LCRFinder
Q9HCJ0|ensembl_protein_id=ENSP00000512514|entry=TNR6C_HUMAN|source=rbpdb|protein_name=Trinucleotide,mRNA,,aromatic_sticker_region,29,,LCRFinder
Q9HCJ0|ensembl_protein_id=ENSP00000512514|entry=TNR6C_HUMAN|source=rbpdb|protein_name=Trinucleotide,mRNA,,basic_enriched_region,9,,LCRFinder
Q9HCJ0|ensembl_protein_id=ENSP00000512514|entry=TNR6C_HUMAN|source=rbpdb|protein_name=Trinucleotide,mRNA,,disorder_rich_spacer_region,64,,LCRFinder
Q9HCJ0|ensembl_protein_id=ENSP00000512514|entry=TNR6C_HUMAN|source=rbpdb|protein_name=Trinucleotide,mRNA,,gs_rich_neutral_region,17,,LCRFinder
Q9HCJ0|ensembl_protein_id=ENSP00000512514|entry=TNR6C_HUMAN|source=rbpdb|protein_name=Trinucleotide,mRNA,,other,41,,LCRFinder
Q9HCK8|ensembl_protein_id=ENSP00000451601|entry=CHD8_HUMAN|source=pfam38|protein_name=ATP-dependent,mRNA,,acidic_region,25,,LCRFinder
Q9HCK8|ensembl_protein_id=ENSP00000451601|entry=CHD8_HUMAN|source=pfam38|protein_name=ATP-dependent,mRNA,,arginine_rich_rna_contact_region,31,,LCRFinder
Q9HCK8|ensembl_protein_id=ENSP00000451601|entry=CHD8_HUMAN|source=pfam38|protein_name=ATP-dependent,mRNA,,basic_enriched_region,6,,LCRFinder
Q9HCK8|ensembl_protein_id=ENSP00000451601|entry=CHD8_HUMAN|source=pfam38|protein_name=ATP-dependent,mRNA,,disorder_rich_spacer_region,51,,LCRFinder
Q9HCK8|ensembl_protein_id=ENSP00000451601|entry=CHD8_HUMAN|source=pfam38|protein_name=ATP-dependent,mRNA,,hydrophobic_region,4,,LCRFinder
Q9HCK8|ensembl_protein_id=ENSP00000451601|entry=CHD8_HUMAN|source=pfam38|protein_name=ATP-dependent,mRNA,,other,32,,LCRFinder
Q9HCS7|ensembl_protein_id=ENSP00000351137|entry=SYF1_HUMAN|source=pfam27|protein_name=Pre-mRNA-splicing,mRNA,,acidic_region,11,,LCRFinder
Q9HCS7|ensembl_protein_id=ENSP00000351137|entry=SYF1_HUMAN|source=pfam27|protein_name=Pre-mRNA-splicing,mRNA,,arginine_rich_rna_contact_region,4,,LCRFinder
Q9NP64|ensembl_protein_id=ENSP00000444742|entry=ZCC17_HUMAN|source=pfam27|protein_name=Zinc,unknown,,acidic_region,16,,LCRFinder
Q9NP64|ensembl_protein_id=ENSP00000444742|entry=ZCC17_HUMAN|source=pfam27|protein_name=Zinc,unknown,,arginine_rich_rna_contact_region,4,,LCRFinder
Q9NP64|ensembl_protein_id=ENSP00000444742|entry=ZCC17_HUMAN|source=pfam27|protein_name=Zinc,unknown,,basic_enriched_region,20,,LCRFinder
Q9NP92|ensembl_protein_id=ENSP00000424328|entry=RT30_HUMAN|source=pfam27|protein_name=Large,ribosomal protein,,acidic_region,17,,LCRFinder
Q9NP92|ensembl_protein_id=ENSP00000424328|entry=RT30_HUMAN|source=pfam27|protein_name=Large,ribosomal protein,,arginine_rich_rna_contact_region,5,,LCRFinder
Q9NP92|ensembl_protein_id=ENSP00000424328|entry=RT30_HUMAN|source=pfam27|protein_name=Large,ribosomal protein,,disorder_rich_spacer_region,10,,LCRFinder
Q9NQ29|ensembl_protein_id=ENSP00000293872|entry=LUC7L_HUMAN|source=pfam27|protein_name=Putative,mRNA,,disorder_rich_spacer_region,10,,LCRFinder
Q9NQ29|ensembl_protein_id=ENSP00000293872|entry=LUC7L_HUMAN|source=pfam27|protein_name=Putative,mRNA,,sr_rs_repeat_region,35,,LCRFinder
Q9NQ94|ensembl_protein_id=ENSP00000363105|entry=A1CF_HUMAN|source=rbpdb|protein_name=APOBEC1,mRNA,,disorder_rich_spacer_region,5,,LCRFinder
Q9NQI0|ensembl_protein_id=ENSP00000424838|entry=DDX4_HUMAN|source=pfam38|protein_name=Probable,mRNA,,arginine_rich_rna_contact_region,4,,LCRFinder
Q9NQI0|ensembl_protein_id=ENSP00000424838|entry=DDX4_HUMAN|source=pfam38|protein_name=Probable,mRNA,,disorder_rich_spacer_region,9,,LCRFinder
Q9NQI0|ensembl_protein_id=ENSP00000424838|entry=DDX4_HUMAN|source=pfam38|protein_name=Probable,mRNA,,gs_rich_neutral_region,9,,LCRFinder
Q9NQZ2|ensembl_protein_id=ENSP00000254803|entry=SAS10_HUMAN|source=pfam27|protein_name=Something,snoRNA,,acidic_region,40,,LCRFinder
Q9NQZ2|ensembl_protein_id=ENSP00000254803|entry=SAS10_HUMAN|source=pfam27|protein_name=Something,snoRNA,,arginine_rich_rna_contact_region,4,,LCRFinder
Q9NQZ2|ensembl_protein_id=ENSP00000254803|entry=SAS10_HUMAN|source=pfam27|protein_name=Something,snoRNA,,aromatic_sticker_region,6,,LCRFinder
Q9NQZ2|ensembl_protein_id=ENSP00000254803|entry=SAS10_HUMAN|source=pfam27|protein_name=Something,snoRNA,,basic_enriched_region,4,,LCRFinder
Q9NQZ3|ensembl_protein_id=ENSP00000384573|entry=DAZ1_HUMAN|source=pfam38|protein_name=Deleted,mRNA,,basic_enriched_region,12,,LCRFinder
Q9NQZ3|ensembl_protein_id=ENSP00000384573|entry=DAZ1_HUMAN|source=pfam38|protein_name=Deleted,mRNA,,disorder_rich_spacer_region,33,,LCRFinder
Q9NR30|ensembl_protein_id=ENSP00000346120|entry=DDX21_HUMAN|source=pfam27|protein_name=Nucleolar,pre-rRNA,,acidic_region,15,,LCRFinder
Q9NR30|ensembl_protein_id=ENSP00000346120|entry=DDX21_HUMAN|source=pfam27|protein_name=Nucleolar,pre-rRNA,,basic_enriched_region,19,,LCRFinder
Q9NR30|ensembl_protein_id=ENSP00000346120|entry=DDX21_HUMAN|source=pfam27|protein_name=Nucleolar,pre-rRNA,,disorder_rich_spacer_region,6,,LCRFinder
Q9NR48|ensembl_protein_id=ENSP00000357330|entry=ASH1L_HUMAN|source=pfam27|protein_name=Histone-lysine,ncRNA,,acidic_region,19,,LCRFinder
Q9NR48|ensembl_protein_id=ENSP00000357330|entry=ASH1L_HUMAN|source=pfam27|protein_name=Histone-lysine,ncRNA,,arginine_rich_rna_contact_region,11,,LCRFinder
Q9NR48|ensembl_protein_id=ENSP00000357330|entry=ASH1L_HUMAN|source=pfam27|protein_name=Histone-lysine,ncRNA,,basic_enriched_region,35,,LCRFinder
Q9NR48|ensembl_protein_id=ENSP00000357330|entry=ASH1L_HUMAN|source=pfam27|protein_name=Histone-lysine,ncRNA,,disorder_rich_spacer_region,38,,LCRFinder
Q9NR48|ensembl_protein_id=ENSP00000357330|entry=ASH1L_HUMAN|source=pfam27|protein_name=Histone-lysine,ncRNA,,hydrophobic_region,4,,LCRFinder
Q9NR48|ensembl_protein_id=ENSP00000357330|entry=ASH1L_HUMAN|source=pfam27|protein_name=Histone-lysine,ncRNA,,other,8,,LCRFinder
Q9NR56|ensembl_protein_id=ENSP00000282486|entry=MBNL1_HUMAN|source=rbpdb|protein_name=Muscleblind-like,mRNA,,disorder_rich_spacer_region,25,,LCRFinder
Q9NR90|ensembl_protein_id=ENSP00000371802|entry=DAZ3_HUMAN|source=pfam38|protein_name=Deleted,mRNA,,disorder_rich_spacer_region,5,,LCRFinder
Q9NR97|ensembl_protein_id=ENSP00000218032|entry=TLR8_HUMAN|source=pfam27|protein_name=Toll-like,ncRNA,,arginine_rich_rna_contact_region,4,,LCRFinder
Q9NR97|ensembl_protein_id=ENSP00000218032|entry=TLR8_HUMAN|source=pfam27|protein_name=Toll-like,ncRNA,,hydrophobic_region,5,,LCRFinder
Q9NR97|ensembl_protein_id=ENSP00000218032|entry=TLR8_HUMAN|source=pfam27|protein_name=Toll-like,ncRNA,,other,5,,LCRFinder
Q9NRA8|ensembl_protein_id=ENSP00000328103|entry=4ET_HUMAN|source=pfam27|protein_name=Eukaryotic,mRNA,,arginine_rich_rna_contact_region,4,,LCRFinder
Q9NRA8|ensembl_protein_id=ENSP00000328103|entry=4ET_HUMAN|source=pfam27|protein_name=Eukaryotic,mRNA,,disorder_rich_spacer_region,4,,LCRFinder
Q9NRA8|ensembl_protein_id=ENSP00000328103|entry=4ET_HUMAN|source=pfam27|protein_name=Eukaryotic,mRNA,,hydrophobic_region,4,,LCRFinder
Q9NRA8|ensembl_protein_id=ENSP00000328103|entry=4ET_HUMAN|source=pfam27|protein_name=Eukaryotic,mRNA,,other,4,,LCRFinder
Q9NRJ5|ensembl_protein_id=ENSP00000384700|entry=PAPOB_HUMAN|source=pfam27|protein_name=Poly(A),mRNA,,acidic_region,5,,LCRFinder
Q9NS39|ensembl_protein_id=ENSP00000370713|entry=RED2_HUMAN|source=pfam27|protein_name=Inactive,mRNA,,arginine_rich_rna_contact_region,6,,LCRFinder
Q9NS39|ensembl_protein_id=ENSP00000370713|entry=RED2_HUMAN|source=pfam27|protein_name=Inactive,mRNA,,disorder_rich_spacer_region,9,,LCRFinder
Q9NS39|ensembl_protein_id=ENSP00000370713|entry=RED2_HUMAN|source=pfam27|protein_name=Inactive,mRNA,,other,14,,LCRFinder
Q9NTZ6|ensembl_protein_id=ENSP00000352668|entry=RBM12_HUMAN|source=pfam27;pfam38|protein_name=RNA-binding,mRNA,,disorder_rich_spacer_region,63,,LCRFinder
Q9NTZ6|ensembl_protein_id=ENSP00000352668|entry=RBM12_HUMAN|source=pfam27;pfam38|protein_name=RNA-binding,mRNA,,gs_rich_neutral_region,9,,LCRFinder
Q9NTZ6|ensembl_protein_id=ENSP00000352668|entry=RBM12_HUMAN|source=pfam27;pfam38|protein_name=RNA-binding,mRNA,,hydrophobic_region,4,,LCRFinder
Q9NTZ6|ensembl_protein_id=ENSP00000352668|entry=RBM12_HUMAN|source=pfam27;pfam38|protein_name=RNA-binding,mRNA,,other,4,,LCRFinder
Q9NTZ6|ensembl_protein_id=ENSP00000352668|entry=RBM12_HUMAN|source=pfam27;pfam38|protein_name=RNA-binding,mRNA,,sr_rs_repeat_region,6,,LCRFinder
Q9NUL7|ensembl_protein_id=ENSP00000332340|entry=DDX28_HUMAN|source=pfam27;pfam38|protein_name=Probable,pre-rRNA,,arginine_rich_rna_contact_region,22,,LCRFinder
Q9NUL7|ensembl_protein_id=ENSP00000332340|entry=DDX28_HUMAN|source=pfam27;pfam38|protein_name=Probable,pre-rRNA,,hydrophobic_region,8,,LCRFinder
Q9NUL7|ensembl_protein_id=ENSP00000332340|entry=DDX28_HUMAN|source=pfam27;pfam38|protein_name=Probable,pre-rRNA,,other,9,,LCRFinder
Q9NV66|ensembl_protein_id=ENSP00000352645|entry=TYW1_HUMAN|source=pfam27|protein_name=S-adenosyl-L-methionine-dependent,tRNA,,acidic_region,9,,LCRFinder
Q9NVH2|ensembl_protein_id=ENSP00000355961|entry=INT7_HUMAN|source=pfam27|protein_name=Integrator,snRNA,,aromatic_sticker_region,7,,LCRFinder
Q9NVH2|ensembl_protein_id=ENSP00000355961|entry=INT7_HUMAN|source=pfam27|protein_name=Integrator,snRNA,,basic_enriched_region,5,,LCRFinder
Q9NVH2|ensembl_protein_id=ENSP00000355961|entry=INT7_HUMAN|source=pfam27|protein_name=Integrator,snRNA,,disorder_rich_spacer_region,21,,LCRFinder
Q9NVH2|ensembl_protein_id=ENSP00000355961|entry=INT7_HUMAN|source=pfam27|protein_name=Integrator,snRNA,,other,7,,LCRFinder
Q9NVM6|ensembl_protein_id=ENSP00000220496|entry=DJC17_HUMAN|source=pfam27|protein_name=DnaJ,unknown,,acidic_region,10,,LCRFinder
Q9NVM6|ensembl_protein_id=ENSP00000220496|entry=DJC17_HUMAN|source=pfam27|protein_name=DnaJ,unknown,,basic_enriched_region,5,,LCRFinder
Q9NVM6|ensembl_protein_id=ENSP00000220496|entry=DJC17_HUMAN|source=pfam27|protein_name=DnaJ,unknown,,disorder_rich_spacer_region,6,,LCRFinder
Q9NVM6|ensembl_protein_id=ENSP00000220496|entry=DJC17_HUMAN|source=pfam27|protein_name=DnaJ,unknown,,hydrophobic_region,5,,LCRFinder
Q9NVP1|ensembl_protein_id=ENSP00000263239|entry=DDX18_HUMAN|source=pfam27|protein_name=ATP-dependent,pre-rRNA,,arginine_rich_rna_contact_region,8,,LCRFinder
Q9NVP1|ensembl_protein_id=ENSP00000263239|entry=DDX18_HUMAN|source=pfam27|protein_name=ATP-dependent,pre-rRNA,,basic_enriched_region,7,,LCRFinder
Q9NVR2|ensembl_protein_id=ENSP00000381064|entry=INT10_HUMAN|source=pfam27|protein_name=Integrator,snRNA,,hydrophobic_region,5,,LCRFinder
Q9NVR5|ensembl_protein_id=ENSP00000384862|entry=KTU_HUMAN|source=pfam27|protein_name=Protein,unknown,,disorder_rich_spacer_region,25,,LCRFinder
Q9NW07|ensembl_protein_id=ENSP00000472305|entry=ZN358_HUMAN|source=pfam38|protein_name=Zinc,unknown,,acidic_region,13,,LCRFinder
Q9NW07|ensembl_protein_id=ENSP00000472305|entry=ZN358_HUMAN|source=pfam38|protein_name=Zinc,unknown,,disorder_rich_spacer_region,29,,LCRFinder
Q9NW07|ensembl_protein_id=ENSP00000472305|entry=ZN358_HUMAN|source=pfam38|protein_name=Zinc,unknown,,hydrophobic_region,4,,LCRFinder
Q9NW13|ensembl_protein_id=ENSP00000223073|entry=RBM28_HUMAN|source=pfam27|protein_name=RNA-binding,snRNA,,acidic_region,42,,LCRFinder
Q9NW13|ensembl_protein_id=ENSP00000223073|entry=RBM28_HUMAN|source=pfam27|protein_name=RNA-binding,snRNA,,basic_enriched_region,5,,LCRFinder
Q9NW13|ensembl_protein_id=ENSP00000223073|entry=RBM28_HUMAN|source=pfam27|protein_name=RNA-binding,snRNA,,hydrophobic_region,4,,LCRFinder
Q9NW64|ensembl_protein_id=ENSP00000199814|entry=RBM22_HUMAN|source=pfam27|protein_name=Pre-mRNA-splicing,mRNA,,disorder_rich_spacer_region,23,,LCRFinder
Q9NWB1|ensembl_protein_id=ENSP00000309117|entry=RFOX1_HUMAN|source=rbpdb|protein_name=RNA,mRNA,,arginine_rich_rna_contact_region,4,,LCRFinder
Q9NWB1|ensembl_protein_id=ENSP00000309117|entry=RFOX1_HUMAN|source=rbpdb|protein_name=RNA,mRNA,,disorder_rich_spacer_region,22,,LCRFinder
Q9NWH9|ensembl_protein_id=ENSP00000369887|entry=SLTM_HUMAN|source=pfam27|protein_name=SAFB-like,mRNA,,acidic_region,9,,LCRFinder
Q9NWH9|ensembl_protein_id=ENSP00000369887|entry=SLTM_HUMAN|source=pfam27|protein_name=SAFB-like,mRNA,,arginine_rich_rna_contact_region,61,,LCRFinder
Q9NWH9|ensembl_protein_id=ENSP00000369887|entry=SLTM_HUMAN|source=pfam27|protein_name=SAFB-like,mRNA,,basic_enriched_region,21,,LCRFinder
Q9NWH9|ensembl_protein_id=ENSP00000369887|entry=SLTM_HUMAN|source=pfam27|protein_name=SAFB-like,mRNA,,disorder_rich_spacer_region,38,,LCRFinder
Q9NWH9|ensembl_protein_id=ENSP00000369887|entry=SLTM_HUMAN|source=pfam27|protein_name=SAFB-like,mRNA,,gs_rich_neutral_region,25,,LCRFinder
Q9NWK9|ensembl_protein_id=ENSP00000414344|entry=BCD1_HUMAN|source=pfam27|protein_name=Box,snoRNA,,acidic_region,8,,LCRFinder
Q9NX05|ensembl_protein_id=ENSP00000364324|entry=F120C_HUMAN|source=pfam27|protein_name=Constitutive,unknown,,aromatic_sticker_region,7,,LCRFinder
Q9NX05|ensembl_protein_id=ENSP00000364324|entry=F120C_HUMAN|source=pfam27|protein_name=Constitutive,unknown,,disorder_rich_spacer_region,36,,LCRFinder
Q9NX05|ensembl_protein_id=ENSP00000364324|entry=F120C_HUMAN|source=pfam27|protein_name=Constitutive,unknown,,other,11,,LCRFinder
Q9NX07|ensembl_protein_id=ENSP00000362936|entry=TSAP1_HUMAN|source=pfam27;pfam38|protein_name=tRNA,tRNA,,aromatic_sticker_region,15,,LCRFinder
Q9NXL6|ensembl_protein_id=ENSP00000264852|entry=SIDT1_HUMAN|source=pfam27|protein_name=SID1,ncRNA,,disorder_rich_spacer_region,4,,LCRFinder
Q9NXW9|ensembl_protein_id=ENSP00000292566|entry=ALKB4_HUMAN|source=modomics|protein_name=Alpha-ketoglutarate-dependent,unknown,,disorder_rich_spacer_region,5,,LCRFinder
Q9NY12|ensembl_protein_id=ENSP00000226796|entry=GAR1_HUMAN|source=pfam27|protein_name=H/ACA,snoRNA,,disorder_rich_spacer_region,33,,LCRFinder
Q9NY12|ensembl_protein_id=ENSP00000226796|entry=GAR1_HUMAN|source=pfam27|protein_name=H/ACA,snoRNA,,other,50,,LCRFinder
Q9NYF8|ensembl_protein_id=ENSP00000376159|entry=BCLF1_HUMAN|source=pfam27|protein_name=Bcl-2-associated,mRNA,,acidic_region,7,,LCRFinder
Q9NYF8|ensembl_protein_id=ENSP00000376159|entry=BCLF1_HUMAN|source=pfam27|protein_name=Bcl-2-associated,mRNA,,arginine_rich_rna_contact_region,21,,LCRFinder
Q9NYF8|ensembl_protein_id=ENSP00000376159|entry=BCLF1_HUMAN|source=pfam27|protein_name=Bcl-2-associated,mRNA,,aromatic_sticker_region,4,,LCRFinder
Q9NYF8|ensembl_protein_id=ENSP00000376159|entry=BCLF1_HUMAN|source=pfam27|protein_name=Bcl-2-associated,mRNA,,disorder_rich_spacer_region,19,,LCRFinder
Q9NYF8|ensembl_protein_id=ENSP00000376159|entry=BCLF1_HUMAN|source=pfam27|protein_name=Bcl-2-associated,mRNA,,gs_rich_neutral_region,4,,LCRFinder
Q9NYF8|ensembl_protein_id=ENSP00000376159|entry=BCLF1_HUMAN|source=pfam27|protein_name=Bcl-2-associated,mRNA,,other,39,,LCRFinder
Q9NYF8|ensembl_protein_id=ENSP00000376159|entry=BCLF1_HUMAN|source=pfam27|protein_name=Bcl-2-associated,mRNA,,sr_rs_repeat_region,35,,LCRFinder
Q9NYK1|ensembl_protein_id=ENSP00000370034|entry=TLR7_HUMAN|source=pfam27|protein_name=Toll-like,ncRNA,,hydrophobic_region,8,,LCRFinder
Q9NZB2|ensembl_protein_id=ENSP00000277165|entry=F120A_HUMAN|source=pfam27|protein_name=Constitutive,mRNA,,aromatic_sticker_region,6,,LCRFinder
Q9NZB2|ensembl_protein_id=ENSP00000277165|entry=F120A_HUMAN|source=pfam27|protein_name=Constitutive,mRNA,,basic_enriched_region,4,,LCRFinder
Q9NZB2|ensembl_protein_id=ENSP00000277165|entry=F120A_HUMAN|source=pfam27|protein_name=Constitutive,mRNA,,disorder_rich_spacer_region,29,,LCRFinder
Q9NZB2|ensembl_protein_id=ENSP00000277165|entry=F120A_HUMAN|source=pfam27|protein_name=Constitutive,mRNA,,gs_rich_neutral_region,9,,LCRFinder
Q9NZB2|ensembl_protein_id=ENSP00000277165|entry=F120A_HUMAN|source=pfam27|protein_name=Constitutive,mRNA,,other,8,,LCRFinder
Q9NZI8|ensembl_protein_id=ENSP00000290341|entry=IF2B1_HUMAN|source=pfam27|protein_name=Insulin-like,mRNA,,aromatic_sticker_region,6,,LCRFinder
Q9NZI8|ensembl_protein_id=ENSP00000290341|entry=IF2B1_HUMAN|source=pfam27|protein_name=Insulin-like,mRNA,,disorder_rich_spacer_region,11,,LCRFinder
Q9NZJ5|ensembl_protein_id=ENSP00000307235|entry=E2AK3_HUMAN|source=pfam27|protein_name=Eukaryotic,mRNA,,acidic_region,7,,LCRFinder
Q9NZJ5|ensembl_protein_id=ENSP00000307235|entry=E2AK3_HUMAN|source=pfam27|protein_name=Eukaryotic,mRNA,,disorder_rich_spacer_region,15,,LCRFinder
Q9NZJ5|ensembl_protein_id=ENSP00000307235|entry=E2AK3_HUMAN|source=pfam27|protein_name=Eukaryotic,mRNA,,hydrophobic_region,12,,LCRFinder
Q9NZJ5|ensembl_protein_id=ENSP00000307235|entry=E2AK3_HUMAN|source=pfam27|protein_name=Eukaryotic,mRNA,,other,4,,LCRFinder
Q9P031|ensembl_protein_id=ENSP00000256151|entry=TAP26_HUMAN|source=pfam27|protein_name=Thyroid,unknown,,basic_enriched_region,21,,LCRFinder
Q9P1Y6|ensembl_protein_id=ENSP00000410626|entry=PHRF1_HUMAN|source=pfam27|protein_name=PHD,mRNA,,acidic_region,33,,LCRFinder
Q9P1Y6|ensembl_protein_id=ENSP00000410626|entry=PHRF1_HUMAN|source=pfam27|protein_name=PHD,mRNA,,arginine_rich_rna_contact_region,62,,LCRFinder
Q9P1Y6|ensembl_protein_id=ENSP00000410626|entry=PHRF1_HUMAN|source=pfam27|protein_name=PHD,mRNA,,basic_enriched_region,8,,LCRFinder
Q9P1Y6|ensembl_protein_id=ENSP00000410626|entry=PHRF1_HUMAN|source=pfam27|protein_name=PHD,mRNA,,disorder_rich_spacer_region,11,,LCRFinder
Q9P1Y6|ensembl_protein_id=ENSP00000410626|entry=PHRF1_HUMAN|source=pfam27|protein_name=PHD,mRNA,,gs_rich_neutral_region,8,,LCRFinder
Q9P1Y6|ensembl_protein_id=ENSP00000410626|entry=PHRF1_HUMAN|source=pfam27|protein_name=PHD,mRNA,,other,13,,LCRFinder
Q9P1Y6|ensembl_protein_id=ENSP00000410626|entry=PHRF1_HUMAN|source=pfam27|protein_name=PHD,mRNA,,sr_rs_repeat_region,12,,LCRFinder
Q9P2E3|ensembl_protein_id=ENSP00000379412|entry=ZNFX1_HUMAN|source=pfam27|protein_name=NFX1-type,unknown,,acidic_region,12,,LCRFinder
Q9P2E3|ensembl_protein_id=ENSP00000379412|entry=ZNFX1_HUMAN|source=pfam27|protein_name=NFX1-type,unknown,,aromatic_sticker_region,6,,LCRFinder
Q9P2E3|ensembl_protein_id=ENSP00000379412|entry=ZNFX1_HUMAN|source=pfam27|protein_name=NFX1-type,unknown,,basic_enriched_region,6,,LCRFinder
Q9P2E3|ensembl_protein_id=ENSP00000379412|entry=ZNFX1_HUMAN|source=pfam27|protein_name=NFX1-type,unknown,,hydrophobic_region,6,,LCRFinder
Q9P2E9|ensembl_protein_id=ENSP00000367038|entry=RRBP1_HUMAN|source=pfam27|protein_name=Ribosome-binding,mRNA,,acidic_region,14,,LCRFinder
Q9P2E9|ensembl_protein_id=ENSP00000367038|entry=RRBP1_HUMAN|source=pfam27|protein_name=Ribosome-binding,mRNA,,basic_enriched_region,18,,LCRFinder
Q9P2E9|ensembl_protein_id=ENSP00000367038|entry=RRBP1_HUMAN|source=pfam27|protein_name=Ribosome-binding,mRNA,,disorder_rich_spacer_region,17,,LCRFinder
Q9P2E9|ensembl_protein_id=ENSP00000367038|entry=RRBP1_HUMAN|source=pfam27|protein_name=Ribosome-binding,mRNA,,hydrophobic_region,14,,LCRFinder
Q9P2E9|ensembl_protein_id=ENSP00000367038|entry=RRBP1_HUMAN|source=pfam27|protein_name=Ribosome-binding,mRNA,,other,4,,LCRFinder
Q9P2J5|ensembl_protein_id=ENSP00000426005|entry=SYLC_HUMAN|source=pfam27|protein_name=Leucine--tRNA,tRNA,,acidic_region,7,,LCRFinder
Q9P2J5|ensembl_protein_id=ENSP00000426005|entry=SYLC_HUMAN|source=pfam27|protein_name=Leucine--tRNA,tRNA,,basic_enriched_region,10,,LCRFinder
Q9P2K5|ensembl_protein_id=ENSP00000452913|entry=MYEF2_HUMAN|source=rbpdb|protein_name=Myelin,mRNA,,aromatic_sticker_region,5,,LCRFinder
Q9P2K5|ensembl_protein_id=ENSP00000452913|entry=MYEF2_HUMAN|source=rbpdb|protein_name=Myelin,mRNA,,disorder_rich_spacer_region,4,,LCRFinder
Q9P2K5|ensembl_protein_id=ENSP00000452913|entry=MYEF2_HUMAN|source=rbpdb|protein_name=Myelin,mRNA,,hydrophobic_region,11,,LCRFinder
Q9P2K8|ensembl_protein_id=ENSP00000263791|entry=E2AK4_HUMAN|source=pfam27|protein_name=eIF-2-alpha,tRNA,,acidic_region,17,,LCRFinder
Q9P2K8|ensembl_protein_id=ENSP00000263791|entry=E2AK4_HUMAN|source=pfam27|protein_name=eIF-2-alpha,tRNA,,arginine_rich_rna_contact_region,4,,LCRFinder
Q9P2K8|ensembl_protein_id=ENSP00000263791|entry=E2AK4_HUMAN|source=pfam27|protein_name=eIF-2-alpha,tRNA,,hydrophobic_region,7,,LCRFinder
Q9P2N5|ensembl_protein_id=ENSP00000265271|entry=RBM27_HUMAN|source=pfam27|protein_name=RNA-binding,mRNA,,acidic_region,34,,LCRFinder
Q9P2N5|ensembl_protein_id=ENSP00000265271|entry=RBM27_HUMAN|source=pfam27|protein_name=RNA-binding,mRNA,,arginine_rich_rna_contact_region,10,,LCRFinder
Q9P2N5|ensembl_protein_id=ENSP00000265271|entry=RBM27_HUMAN|source=pfam27|protein_name=RNA-binding,mRNA,,disorder_rich_spacer_region,48,,LCRFinder
Q9P2N5|ensembl_protein_id=ENSP00000265271|entry=RBM27_HUMAN|source=pfam27|protein_name=RNA-binding,mRNA,,other,14,,LCRFinder
Q9P2N5|ensembl_protein_id=ENSP00000265271|entry=RBM27_HUMAN|source=pfam27|protein_name=RNA-binding,mRNA,,sr_rs_repeat_region,8,,LCRFinder
Q9P2P1|ensembl_protein_id=ENSP00000371994|entry=NYNRI_HUMAN|source=pfam27;pfam38|protein_name=Protein,unknown,,acidic_region,9,,LCRFinder
Q9P2P1|ensembl_protein_id=ENSP00000371994|entry=NYNRI_HUMAN|source=pfam27;pfam38|protein_name=Protein,unknown,,arginine_rich_rna_contact_region,4,,LCRFinder
Q9P2P1|ensembl_protein_id=ENSP00000371994|entry=NYNRI_HUMAN|source=pfam27;pfam38|protein_name=Protein,unknown,,disorder_rich_spacer_region,5,,LCRFinder
Q9P2P1|ensembl_protein_id=ENSP00000371994|entry=NYNRI_HUMAN|source=pfam27;pfam38|protein_name=Protein,unknown,,hydrophobic_region,18,,LCRFinder
Q9P2P1|ensembl_protein_id=ENSP00000371994|entry=NYNRI_HUMAN|source=pfam27;pfam38|protein_name=Protein,unknown,,other,19,,LCRFinder
Q9UBB9|ensembl_protein_id=ENSP00000384297|entry=TFP11_HUMAN|source=pfam27|protein_name=Tuftelin-interacting,mRNA,,acidic_region,12,,LCRFinder
Q9UBC3|ensembl_protein_id=ENSP00000328547|entry=DNM3B_HUMAN|source=pfam27|protein_name=DNA,diverse,,acidic_region,10,,LCRFinder
Q9UBC3|ensembl_protein_id=ENSP00000328547|entry=DNM3B_HUMAN|source=pfam27|protein_name=DNA,diverse,,arginine_rich_rna_contact_region,9,,LCRFinder
Q9UBC3|ensembl_protein_id=ENSP00000328547|entry=DNM3B_HUMAN|source=pfam27|protein_name=DNA,diverse,,gs_rich_neutral_region,6,,LCRFinder
Q9UBK2|ensembl_protein_id=ENSP00000264867|entry=PRGC1_HUMAN|source=pfam27|protein_name=Peroxisome,unknown,,aromatic_sticker_region,9,,LCRFinder
Q9UBK2|ensembl_protein_id=ENSP00000264867|entry=PRGC1_HUMAN|source=pfam27|protein_name=Peroxisome,unknown,,basic_enriched_region,7,,LCRFinder
Q9UBK2|ensembl_protein_id=ENSP00000264867|entry=PRGC1_HUMAN|source=pfam27|protein_name=Peroxisome,unknown,,disorder_rich_spacer_region,10,,LCRFinder
Q9UBK2|ensembl_protein_id=ENSP00000264867|entry=PRGC1_HUMAN|source=pfam27|protein_name=Peroxisome,unknown,,sr_rs_repeat_region,19,,LCRFinder
Q9UEG4|ensembl_protein_id=ENSP00000262525|entry=ZN629_HUMAN|source=pfam38|protein_name=Zinc,unknown,,acidic_region,5,,LCRFinder
Q9UEG4|ensembl_protein_id=ENSP00000262525|entry=ZN629_HUMAN|source=pfam38|protein_name=Zinc,unknown,,gs_rich_neutral_region,5,,LCRFinder
Q9UEG4|ensembl_protein_id=ENSP00000262525|entry=ZN629_HUMAN|source=pfam38|protein_name=Zinc,unknown,,hydrophobic_region,16,,LCRFinder
Q9UGR2|ensembl_protein_id=ENSP00000345793|entry=Z3H7B_HUMAN|source=rbpdb|protein_name=Zinc,ncRNA,,disorder_rich_spacer_region,10,,LCRFinder
Q9UGR2|ensembl_protein_id=ENSP00000345793|entry=Z3H7B_HUMAN|source=rbpdb|protein_name=Zinc,ncRNA,,hydrophobic_region,4,,LCRFinder
Q9UGY1|ensembl_protein_id=ENSP00000352021|entry=NOL12_HUMAN|source=pfam27|protein_name=Nucleolar,pre-rRNA,,acidic_region,6,,LCRFinder
Q9UGY1|ensembl_protein_id=ENSP00000352021|entry=NOL12_HUMAN|source=pfam27|protein_name=Nucleolar,pre-rRNA,,arginine_rich_rna_contact_region,5,,LCRFinder
Q9UGY1|ensembl_protein_id=ENSP00000352021|entry=NOL12_HUMAN|source=pfam27|protein_name=Nucleolar,pre-rRNA,,basic_enriched_region,4,,LCRFinder
Q9UHB9|ensembl_protein_id=ENSP00000312066|entry=SRP68_HUMAN|source=pfam27|protein_name=Signal,ncRNA,,arginine_rich_rna_contact_region,5,,LCRFinder
Q9UHB9|ensembl_protein_id=ENSP00000312066|entry=SRP68_HUMAN|source=pfam27|protein_name=Signal,ncRNA,,gs_rich_neutral_region,22,,LCRFinder
Q9UHC7|ensembl_protein_id=ENSP00000416369|entry=MKRN1_HUMAN|source=pfam27|protein_name=E3,mRNA,,acidic_region,5,,LCRFinder
Q9UHC7|ensembl_protein_id=ENSP00000416369|entry=MKRN1_HUMAN|source=pfam27|protein_name=E3,mRNA,,disorder_rich_spacer_region,30,,LCRFinder
Q9UHC7|ensembl_protein_id=ENSP00000416369|entry=MKRN1_HUMAN|source=pfam27|protein_name=E3,mRNA,,hydrophobic_region,5,,LCRFinder
Q9UHC7|ensembl_protein_id=ENSP00000416369|entry=MKRN1_HUMAN|source=pfam27|protein_name=E3,mRNA,,other,5,,LCRFinder
Q9UHK0|ensembl_protein_id=ENSP00000368459|entry=NUFP1_HUMAN|source=pfam27|protein_name=FMR1-interacting,snoRNA,,acidic_region,4,,LCRFinder
Q9UHK0|ensembl_protein_id=ENSP00000368459|entry=NUFP1_HUMAN|source=pfam27|protein_name=FMR1-interacting,snoRNA,,basic_enriched_region,4,,LCRFinder
Q9UHK0|ensembl_protein_id=ENSP00000368459|entry=NUFP1_HUMAN|source=pfam27|protein_name=FMR1-interacting,snoRNA,,disorder_rich_spacer_region,10,,LCRFinder
Q9UHK0|ensembl_protein_id=ENSP00000368459|entry=NUFP1_HUMAN|source=pfam27|protein_name=FMR1-interacting,snoRNA,,other,4,,LCRFinder
Q9UHX1|ensembl_protein_id=ENSP00000431960|entry=PUF60_HUMAN|source=pfam27|protein_name=Poly(U)-binding-splicing,mRNA,,acidic_region,4,,LCRFinder
Q9UHX1|ensembl_protein_id=ENSP00000431960|entry=PUF60_HUMAN|source=pfam27|protein_name=Poly(U)-binding-splicing,mRNA,,disorder_rich_spacer_region,24,,LCRFinder
Q9UHX1|ensembl_protein_id=ENSP00000431960|entry=PUF60_HUMAN|source=pfam27|protein_name=Poly(U)-binding-splicing,mRNA,,hydrophobic_region,9,,LCRFinder
Q9UIF8|ensembl_protein_id=ENSP00000376533|entry=BAZ2B_HUMAN|source=pfam27|protein_name=Bromodomain,ncRNA,,acidic_region,92,,LCRFinder
Q9UIF8|ensembl_protein_id=ENSP00000376533|entry=BAZ2B_HUMAN|source=pfam27|protein_name=Bromodomain,ncRNA,,arginine_rich_rna_contact_region,19,,LCRFinder
Q9UIF8|ensembl_protein_id=ENSP00000376533|entry=BAZ2B_HUMAN|source=pfam27|protein_name=Bromodomain,ncRNA,,basic_enriched_region,30,,LCRFinder
Q9UIF8|ensembl_protein_id=ENSP00000376533|entry=BAZ2B_HUMAN|source=pfam27|protein_name=Bromodomain,ncRNA,,disorder_rich_spacer_region,28,,LCRFinder
Q9UIF8|ensembl_protein_id=ENSP00000376533|entry=BAZ2B_HUMAN|source=pfam27|protein_name=Bromodomain,ncRNA,,gs_rich_neutral_region,5,,LCRFinder
Q9UIF8|ensembl_protein_id=ENSP00000376533|entry=BAZ2B_HUMAN|source=pfam27|protein_name=Bromodomain,ncRNA,,hydrophobic_region,10,,LCRFinder
Q9UIF8|ensembl_protein_id=ENSP00000376533|entry=BAZ2B_HUMAN|source=pfam27|protein_name=Bromodomain,ncRNA,,other,6,,LCRFinder
Q9UIF9|ensembl_protein_id=ENSP00000446880|entry=BAZ2A_HUMAN|source=pfam27|protein_name=Bromodomain,ncRNA,,acidic_region,18,,LCRFinder
Q9UIF9|ensembl_protein_id=ENSP00000446880|entry=BAZ2A_HUMAN|source=pfam27|protein_name=Bromodomain,ncRNA,,arginine_rich_rna_contact_region,20,,LCRFinder
Q9UIF9|ensembl_protein_id=ENSP00000446880|entry=BAZ2A_HUMAN|source=pfam27|protein_name=Bromodomain,ncRNA,,aromatic_sticker_region,6,,LCRFinder
Q9UIF9|ensembl_protein_id=ENSP00000446880|entry=BAZ2A_HUMAN|source=pfam27|protein_name=Bromodomain,ncRNA,,disorder_rich_spacer_region,48,,LCRFinder
Q9UIF9|ensembl_protein_id=ENSP00000446880|entry=BAZ2A_HUMAN|source=pfam27|protein_name=Bromodomain,ncRNA,,hydrophobic_region,12,,LCRFinder
Q9UIF9|ensembl_protein_id=ENSP00000446880|entry=BAZ2A_HUMAN|source=pfam27|protein_name=Bromodomain,ncRNA,,other,4,,LCRFinder
Q9UJA5|ensembl_protein_id=ENSP00000203001|entry=TRM6_HUMAN|source=pfam27|protein_name=tRNA,tRNA,,basic_enriched_region,6,,LCRFinder
Q9UJA5|ensembl_protein_id=ENSP00000203001|entry=TRM6_HUMAN|source=pfam27|protein_name=tRNA,tRNA,,hydrophobic_region,17,,LCRFinder
Q9UJJ7|ensembl_protein_id=ENSP00000007264|entry=RUSD1_HUMAN|source=modomics|protein_name=Pseudouridylate,unknown,,acidic_region,5,,LCRFinder
Q9UJJ7|ensembl_protein_id=ENSP00000007264|entry=RUSD1_HUMAN|source=modomics|protein_name=Pseudouridylate,unknown,,disorder_rich_spacer_region,16,,LCRFinder
Q9UJV8|ensembl_protein_id=ENSP00000345168|entry=PURG_HUMAN|source=pfam27|protein_name=Purine-rich,mRNA,,disorder_rich_spacer_region,14,,LCRFinder
Q9UJV9|ensembl_protein_id=ENSP00000330349|entry=DDX41_HUMAN|source=pfam27|protein_name=Probable,mRNA,,acidic_region,7,,LCRFinder
Q9UK39|ensembl_protein_id=ENSP00000280614|entry=NOCT_HUMAN|source=pfam27|protein_name=Nocturnin,mRNA,,disorder_rich_spacer_region,20,,LCRFinder
Q9UK39|ensembl_protein_id=ENSP00000280614|entry=NOCT_HUMAN|source=pfam27|protein_name=Nocturnin,mRNA,,other,7,,LCRFinder
Q9UK59|ensembl_protein_id=ENSP00000260803|entry=DBR1_HUMAN|source=pfam27|protein_name=Lariat,mRNA,,acidic_region,15,,LCRFinder
Q9UKA9|ensembl_protein_id=ENSP00000359217|entry=PTBP2_HUMAN|source=pfam27|protein_name=Polypyrimidine,mRNA,,disorder_rich_spacer_region,10,,LCRFinder
Q9UKJ3|ensembl_protein_id=ENSP00000467556|entry=GPTC8_HUMAN|source=pfam27;pfam38|protein_name=G,unknown,,acidic_region,32,,LCRFinder
Q9UKJ3|ensembl_protein_id=ENSP00000467556|entry=GPTC8_HUMAN|source=pfam27;pfam38|protein_name=G,unknown,,arginine_rich_rna_contact_region,53,,LCRFinder
Q9UKJ3|ensembl_protein_id=ENSP00000467556|entry=GPTC8_HUMAN|source=pfam27;pfam38|protein_name=G,unknown,,aromatic_sticker_region,50,,LCRFinder
Q9UKJ3|ensembl_protein_id=ENSP00000467556|entry=GPTC8_HUMAN|source=pfam27;pfam38|protein_name=G,unknown,,basic_enriched_region,10,,LCRFinder
Q9UKJ3|ensembl_protein_id=ENSP00000467556|entry=GPTC8_HUMAN|source=pfam27;pfam38|protein_name=G,unknown,,disorder_rich_spacer_region,5,,LCRFinder
Q9UKJ3|ensembl_protein_id=ENSP00000467556|entry=GPTC8_HUMAN|source=pfam27;pfam38|protein_name=G,unknown,,gs_rich_neutral_region,26,,LCRFinder
Q9UKJ3|ensembl_protein_id=ENSP00000467556|entry=GPTC8_HUMAN|source=pfam27;pfam38|protein_name=G,unknown,,sr_rs_repeat_region,60,,LCRFinder
Q9UKK3|ensembl_protein_id=ENSP00000371419|entry=PARP4_HUMAN|source=pfam27|protein_name=Protein,ncRNA,,acidic_region,5,,LCRFinder
Q9UKK3|ensembl_protein_id=ENSP00000371419|entry=PARP4_HUMAN|source=pfam27|protein_name=Protein,ncRNA,,disorder_rich_spacer_region,11,,LCRFinder
Q9UKK3|ensembl_protein_id=ENSP00000371419|entry=PARP4_HUMAN|source=pfam27|protein_name=Protein,ncRNA,,other,8,,LCRFinder
Q9UKM9|ensembl_protein_id=ENSP00000246194|entry=RALY_HUMAN|source=rbpdb|protein_name=RNA-binding,mRNA,,disorder_rich_spacer_region,30,,LCRFinder
Q9UKV3|ensembl_protein_id=ENSP00000262710|entry=ACINU_HUMAN|source=pfam27|protein_name=Apoptotic,mRNA,,acidic_region,72,,LCRFinder
Q9UKV3|ensembl_protein_id=ENSP00000262710|entry=ACINU_HUMAN|source=pfam27|protein_name=Apoptotic,mRNA,,arginine_rich_rna_contact_region,9,,LCRFinder
Q9UKV3|ensembl_protein_id=ENSP00000262710|entry=ACINU_HUMAN|source=pfam27|protein_name=Apoptotic,mRNA,,basic_enriched_region,14,,LCRFinder
Q9UKV3|ensembl_protein_id=ENSP00000262710|entry=ACINU_HUMAN|source=pfam27|protein_name=Apoptotic,mRNA,,disorder_rich_spacer_region,40,,LCRFinder
Q9UKV3|ensembl_protein_id=ENSP00000262710|entry=ACINU_HUMAN|source=pfam27|protein_name=Apoptotic,mRNA,,other,12,,LCRFinder
Q9UKV3|ensembl_protein_id=ENSP00000262710|entry=ACINU_HUMAN|source=pfam27|protein_name=Apoptotic,mRNA,,sr_rs_repeat_region,56,,LCRFinder
Q9UKV8|ensembl_protein_id=ENSP00000220592|entry=AGO2_HUMAN|source=pfam27|protein_name=Protein,ncRNA,,disorder_rich_spacer_region,7,,LCRFinder
Q9UKZ1|ensembl_protein_id=ENSP00000289382|entry=CNO11_HUMAN|source=pfam27|protein_name=CCR4-NOT,mRNA,,disorder_rich_spacer_region,22,,LCRFinder
Q9UKZ1|ensembl_protein_id=ENSP00000289382|entry=CNO11_HUMAN|source=pfam27|protein_name=CCR4-NOT,mRNA,,gs_rich_neutral_region,25,,LCRFinder
Q9UKZ1|ensembl_protein_id=ENSP00000289382|entry=CNO11_HUMAN|source=pfam27|protein_name=CCR4-NOT,mRNA,,hydrophobic_region,9,,LCRFinder
Q9UL03|ensembl_protein_id=ENSP00000310260|entry=INT6_HUMAN|source=pfam27|protein_name=Integrator,snRNA,,hydrophobic_region,5,,LCRFinder
Q9UL03|ensembl_protein_id=ENSP00000310260|entry=INT6_HUMAN|source=pfam27|protein_name=Integrator,snRNA,,other,4,,LCRFinder
Q9ULG1|ensembl_protein_id=ENSP00000497609|entry=INO80_HUMAN|source=pfam38|protein_name=Chromatin-remodeling,unknown,,acidic_region,11,,LCRFinder
Q9ULG1|ensembl_protein_id=ENSP00000497609|entry=INO80_HUMAN|source=pfam38|protein_name=Chromatin-remodeling,unknown,,arginine_rich_rna_contact_region,9,,LCRFinder
Q9ULG1|ensembl_protein_id=ENSP00000497609|entry=INO80_HUMAN|source=pfam38|protein_name=Chromatin-remodeling,unknown,,aromatic_sticker_region,11,,LCRFinder
Q9ULG1|ensembl_protein_id=ENSP00000497609|entry=INO80_HUMAN|source=pfam38|protein_name=Chromatin-remodeling,unknown,,basic_enriched_region,12,,LCRFinder
Q9ULG1|ensembl_protein_id=ENSP00000497609|entry=INO80_HUMAN|source=pfam38|protein_name=Chromatin-remodeling,unknown,,disorder_rich_spacer_region,20,,LCRFinder
Q9ULR0|ensembl_protein_id=ENSP00000376973|entry=ISY1_HUMAN|source=pfam27|protein_name=Pre-mRNA-splicing,mRNA,,acidic_region,16,,LCRFinder
Q9ULW3|ensembl_protein_id=ENSP00000274849|entry=ABT1_HUMAN|source=pfam27|protein_name=Activator,mRNA,,acidic_region,9,,LCRFinder
Q9ULW3|ensembl_protein_id=ENSP00000274849|entry=ABT1_HUMAN|source=pfam27|protein_name=Activator,mRNA,,arginine_rich_rna_contact_region,10,,LCRFinder
Q9ULX3|ensembl_protein_id=ENSP00000268802|entry=NOB1_HUMAN|source=pfam27|protein_name=RNA-binding,pre-rRNA,,acidic_region,13,,LCRFinder
Q9ULX6|ensembl_protein_id=ENSP00000470952|entry=AKP8L_HUMAN|source=pfam27|protein_name=A-kinase,mRNA,,acidic_region,28,,LCRFinder
Q9ULX6|ensembl_protein_id=ENSP00000470952|entry=AKP8L_HUMAN|source=pfam27|protein_name=A-kinase,mRNA,,basic_enriched_region,4,,LCRFinder
Q9ULX6|ensembl_protein_id=ENSP00000470952|entry=AKP8L_HUMAN|source=pfam27|protein_name=A-kinase,mRNA,,disorder_rich_spacer_region,14,,LCRFinder
Q9ULX6|ensembl_protein_id=ENSP00000470952|entry=AKP8L_HUMAN|source=pfam27|protein_name=A-kinase,mRNA,,gs_rich_neutral_region,10,,LCRFinder
Q9ULX6|ensembl_protein_id=ENSP00000470952|entry=AKP8L_HUMAN|source=pfam27|protein_name=A-kinase,mRNA,,hydrophobic_region,17,,LCRFinder
Q9UMY1|ensembl_protein_id=ENSP00000405674|entry=UTP16_HUMAN|source=pfam27|protein_name=U3,unknown,,acidic_region,14,,LCRFinder
Q9UMY1|ensembl_protein_id=ENSP00000405674|entry=UTP16_HUMAN|source=pfam27|protein_name=U3,unknown,,arginine_rich_rna_contact_region,7,,LCRFinder
Q9UMY1|ensembl_protein_id=ENSP00000405674|entry=UTP16_HUMAN|source=pfam27|protein_name=U3,unknown,,basic_enriched_region,5,,LCRFinder
Q9UN86|ensembl_protein_id=ENSP00000352738|entry=G3BP2_HUMAN|source=pfam27;pfam38|protein_name=Ras,mRNA,,acidic_region,29,,LCRFinder
Q9UN86|ensembl_protein_id=ENSP00000352738|entry=G3BP2_HUMAN|source=pfam27;pfam38|protein_name=Ras,mRNA,,disorder_rich_spacer_region,17,,LCRFinder
Q9UN86|ensembl_protein_id=ENSP00000352738|entry=G3BP2_HUMAN|source=pfam27;pfam38|protein_name=Ras,mRNA,,gs_rich_neutral_region,7,,LCRFinder
Q9UNQ2|ensembl_protein_id=ENSP00000199320|entry=DIM1_HUMAN|source=pfam27|protein_name=Dimethyladenosine,pre-rRNA,,disorder_rich_spacer_region,4,,LCRFinder
Q9UNW9|ensembl_protein_id=ENSP00000263257|entry=NOVA2_HUMAN|source=pfam27|protein_name=RNA-binding,mRNA,,disorder_rich_spacer_region,79,,LCRFinder
Q9UNY4|ensembl_protein_id=ENSP00000358478|entry=TTF2_HUMAN|source=pfam27|protein_name=Transcription,mRNA,,basic_enriched_region,8,,LCRFinder
Q9UNY4|ensembl_protein_id=ENSP00000358478|entry=TTF2_HUMAN|source=pfam27|protein_name=Transcription,mRNA,,disorder_rich_spacer_region,17,,LCRFinder
Q9UNY4|ensembl_protein_id=ENSP00000358478|entry=TTF2_HUMAN|source=pfam27|protein_name=Transcription,mRNA,,hydrophobic_region,4,,LCRFinder
Q9UPN6|ensembl_protein_id=ENSP00000356154|entry=SCAF8_HUMAN|source=pfam27|protein_name=SR-related,mRNA,,acidic_region,5,,LCRFinder
Q9UPN6|ensembl_protein_id=ENSP00000356154|entry=SCAF8_HUMAN|source=pfam27|protein_name=SR-related,mRNA,,arginine_rich_rna_contact_region,20,,LCRFinder
Q9UPN6|ensembl_protein_id=ENSP00000356154|entry=SCAF8_HUMAN|source=pfam27|protein_name=SR-related,mRNA,,disorder_rich_spacer_region,56,,LCRFinder
Q9UPN6|ensembl_protein_id=ENSP00000356154|entry=SCAF8_HUMAN|source=pfam27|protein_name=SR-related,mRNA,,hydrophobic_region,4,,LCRFinder
Q9UPN6|ensembl_protein_id=ENSP00000356154|entry=SCAF8_HUMAN|source=pfam27|protein_name=SR-related,mRNA,,other,6,,LCRFinder
Q9UPN6|ensembl_protein_id=ENSP00000356154|entry=SCAF8_HUMAN|source=pfam27|protein_name=SR-related,mRNA,,sr_rs_repeat_region,27,,LCRFinder
Q9UPQ9|ensembl_protein_id=ENSP00000384795|entry=TNR6B_HUMAN|source=pfam27|protein_name=Trinucleotide,mRNA,,acidic_region,7,,LCRFinder
Q9UPQ9|ensembl_protein_id=ENSP00000384795|entry=TNR6B_HUMAN|source=pfam27|protein_name=Trinucleotide,mRNA,,aromatic_sticker_region,11,,LCRFinder
Q9UPQ9|ensembl_protein_id=ENSP00000384795|entry=TNR6B_HUMAN|source=pfam27|protein_name=Trinucleotide,mRNA,,basic_enriched_region,11,,LCRFinder
Q9UPQ9|ensembl_protein_id=ENSP00000384795|entry=TNR6B_HUMAN|source=pfam27|protein_name=Trinucleotide,mRNA,,disorder_rich_spacer_region,52,,LCRFinder
Q9UPQ9|ensembl_protein_id=ENSP00000384795|entry=TNR6B_HUMAN|source=pfam27|protein_name=Trinucleotide,mRNA,,gs_rich_neutral_region,18,,LCRFinder
Q9UPQ9|ensembl_protein_id=ENSP00000384795|entry=TNR6B_HUMAN|source=pfam27|protein_name=Trinucleotide,mRNA,,other,39,,LCRFinder
Q9UPR3|ensembl_protein_id=ENSP00000355261|entry=SMG5_HUMAN|source=pfam27|protein_name=Nonsense-mediated,mRNA,,acidic_region,8,,LCRFinder
Q9UPR3|ensembl_protein_id=ENSP00000355261|entry=SMG5_HUMAN|source=pfam27|protein_name=Nonsense-mediated,mRNA,,arginine_rich_rna_contact_region,7,,LCRFinder
Q9UPR3|ensembl_protein_id=ENSP00000355261|entry=SMG5_HUMAN|source=pfam27|protein_name=Nonsense-mediated,mRNA,,disorder_rich_spacer_region,15,,LCRFinder
Q9UPR3|ensembl_protein_id=ENSP00000355261|entry=SMG5_HUMAN|source=pfam27|protein_name=Nonsense-mediated,mRNA,,hydrophobic_region,5,,LCRFinder
Q9UPR6|ensembl_protein_id=ENSP00000262961|entry=ZFR2_HUMAN|source=pfam27|protein_name=Zinc,unknown,,acidic_region,9,,LCRFinder
Q9UPR6|ensembl_protein_id=ENSP00000262961|entry=ZFR2_HUMAN|source=pfam27|protein_name=Zinc,unknown,,arginine_rich_rna_contact_region,4,,LCRFinder
Q9UPR6|ensembl_protein_id=ENSP00000262961|entry=ZFR2_HUMAN|source=pfam27|protein_name=Zinc,unknown,,aromatic_sticker_region,10,,LCRFinder
Q9UPR6|ensembl_protein_id=ENSP00000262961|entry=ZFR2_HUMAN|source=pfam27|protein_name=Zinc,unknown,,disorder_rich_spacer_region,23,,LCRFinder
Q9UPR6|ensembl_protein_id=ENSP00000262961|entry=ZFR2_HUMAN|source=pfam27|protein_name=Zinc,unknown,,other,9,,LCRFinder
Q9UPS6|ensembl_protein_id=ENSP00000442924|entry=SET1B_HUMAN|source=pfam27|protein_name=Histone-lysine,ncRNA,,acidic_region,73,,LCRFinder
Q9UPS6|ensembl_protein_id=ENSP00000442924|entry=SET1B_HUMAN|source=pfam27|protein_name=Histone-lysine,ncRNA,,aromatic_sticker_region,27,,LCRFinder
Q9UPS6|ensembl_protein_id=ENSP00000442924|entry=SET1B_HUMAN|source=pfam27|protein_name=Histone-lysine,ncRNA,,basic_enriched_region,7,,LCRFinder
Q9UPS6|ensembl_protein_id=ENSP00000442924|entry=SET1B_HUMAN|source=pfam27|protein_name=Histone-lysine,ncRNA,,disorder_rich_spacer_region,162,,LCRFinder
Q9UPS6|ensembl_protein_id=ENSP00000442924|entry=SET1B_HUMAN|source=pfam27|protein_name=Histone-lysine,ncRNA,,gs_rich_neutral_region,18,,LCRFinder
Q9UPS6|ensembl_protein_id=ENSP00000442924|entry=SET1B_HUMAN|source=pfam27|protein_name=Histone-lysine,ncRNA,,hydrophobic_region,13,,LCRFinder
Q9UPS6|ensembl_protein_id=ENSP00000442924|entry=SET1B_HUMAN|source=pfam27|protein_name=Histone-lysine,ncRNA,,other,20,,LCRFinder
Q9UPT8|ensembl_protein_id=ENSP00000253048|entry=ZC3H4_HUMAN|source=rbpdb|protein_name=Zinc,unknown,,acidic_region,36,,LCRFinder
Q9UPT8|ensembl_protein_id=ENSP00000253048|entry=ZC3H4_HUMAN|source=rbpdb|protein_name=Zinc,unknown,,arginine_rich_rna_contact_region,22,,LCRFinder
Q9UPT8|ensembl_protein_id=ENSP00000253048|entry=ZC3H4_HUMAN|source=rbpdb|protein_name=Zinc,unknown,,disorder_rich_spacer_region,88,,LCRFinder
Q9UPT8|ensembl_protein_id=ENSP00000253048|entry=ZC3H4_HUMAN|source=rbpdb|protein_name=Zinc,unknown,,gs_rich_neutral_region,24,,LCRFinder
Q9UPT8|ensembl_protein_id=ENSP00000253048|entry=ZC3H4_HUMAN|source=rbpdb|protein_name=Zinc,unknown,,other,73,,LCRFinder
Q9UPY3|ensembl_protein_id=ENSP00000343745|entry=DICER_HUMAN|source=pfam38|protein_name=Endoribonuclease,ncRNA,,acidic_region,29,,LCRFinder
Q9UPY3|ensembl_protein_id=ENSP00000343745|entry=DICER_HUMAN|source=pfam38|protein_name=Endoribonuclease,ncRNA,,disorder_rich_spacer_region,5,,LCRFinder
Q9UQ35|ensembl_protein_id=ENSP00000301740|entry=SRRM2_HUMAN|source=rbpdb|protein_name=Serine/arginine,mRNA,,acidic_region,18,,LCRFinder
Q9UQ35|ensembl_protein_id=ENSP00000301740|entry=SRRM2_HUMAN|source=rbpdb|protein_name=Serine/arginine,mRNA,,arginine_rich_rna_contact_region,310,,LCRFinder
Q9UQ35|ensembl_protein_id=ENSP00000301740|entry=SRRM2_HUMAN|source=rbpdb|protein_name=Serine/arginine,mRNA,,aromatic_sticker_region,4,,LCRFinder
Q9UQ35|ensembl_protein_id=ENSP00000301740|entry=SRRM2_HUMAN|source=rbpdb|protein_name=Serine/arginine,mRNA,,basic_enriched_region,14,,LCRFinder
Q9UQ35|ensembl_protein_id=ENSP00000301740|entry=SRRM2_HUMAN|source=rbpdb|protein_name=Serine/arginine,mRNA,,disorder_rich_spacer_region,206,,LCRFinder
Q9UQ35|ensembl_protein_id=ENSP00000301740|entry=SRRM2_HUMAN|source=rbpdb|protein_name=Serine/arginine,mRNA,,gs_rich_neutral_region,56,,LCRFinder
Q9UQ35|ensembl_protein_id=ENSP00000301740|entry=SRRM2_HUMAN|source=rbpdb|protein_name=Serine/arginine,mRNA,,hydrophobic_region,10,,LCRFinder
Q9UQ35|ensembl_protein_id=ENSP00000301740|entry=SRRM2_HUMAN|source=rbpdb|protein_name=Serine/arginine,mRNA,,other,8,,LCRFinder
Q9UQ35|ensembl_protein_id=ENSP00000301740|entry=SRRM2_HUMAN|source=rbpdb|protein_name=Serine/arginine,mRNA,,sr_rs_repeat_region,154,,LCRFinder
Q9UQ80|ensembl_protein_id=ENSP00000302886|entry=PA2G4_HUMAN|source=pfam27|protein_name=Proliferation-associated,pre-rRNA,,basic_enriched_region,6,,LCRFinder
Q9UQ84|ensembl_protein_id=ENSP00000355506|entry=EXO1_HUMAN|source=pfam27|protein_name=Exonuclease,diverse,,disorder_rich_spacer_region,5,,LCRFinder
Q9UQ84|ensembl_protein_id=ENSP00000355506|entry=EXO1_HUMAN|source=pfam27|protein_name=Exonuclease,diverse,,other,6,,LCRFinder
Q9Y230|ensembl_protein_id=ENSP00000473172|entry=RUVB2_HUMAN|source=pfam27|protein_name=RuvB-like,mRNA,,arginine_rich_rna_contact_region,6,,LCRFinder
Q9Y295|ensembl_protein_id=ENSP00000329715|entry=DRG1_HUMAN|source=pfam27|protein_name=Developmentally-regulated,mRNA,,disorder_rich_spacer_region,6,,LCRFinder
Q9Y2L1|ensembl_protein_id=ENSP00000367011|entry=RRP44_HUMAN|source=pfam27|protein_name=Exosome,diverse,,arginine_rich_rna_contact_region,4,,LCRFinder
Q9Y2L1|ensembl_protein_id=ENSP00000367011|entry=RRP44_HUMAN|source=pfam27|protein_name=Exosome,diverse,,basic_enriched_region,4,,LCRFinder
Q9Y2L1|ensembl_protein_id=ENSP00000367011|entry=RRP44_HUMAN|source=pfam27|protein_name=Exosome,diverse,,other,6,,LCRFinder
Q9Y2P0|ensembl_protein_id=ENSP00000444747|entry=ZN835_HUMAN|source=pfam38|protein_name=Zinc,unknown,,aromatic_sticker_region,4,,LCRFinder
Q9Y2R4|ensembl_protein_id=ENSP00000480030|entry=DDX52_HUMAN|source=pfam38|protein_name=Probable,pre-rRNA,,basic_enriched_region,7,,LCRFinder
Q9Y2R4|ensembl_protein_id=ENSP00000480030|entry=DDX52_HUMAN|source=pfam38|protein_name=Probable,pre-rRNA,,disorder_rich_spacer_region,4,,LCRFinder
Q9Y2T7|ensembl_protein_id=ENSP00000007699|entry=YBOX2_HUMAN|source=pfam27|protein_name=Y-box-binding,mRNA,,arginine_rich_rna_contact_region,29,,LCRFinder
Q9Y2T7|ensembl_protein_id=ENSP00000007699|entry=YBOX2_HUMAN|source=pfam27|protein_name=Y-box-binding,mRNA,,disorder_rich_spacer_region,17,,LCRFinder
Q9Y2T7|ensembl_protein_id=ENSP00000007699|entry=YBOX2_HUMAN|source=pfam27|protein_name=Y-box-binding,mRNA,,hydrophobic_region,12,,LCRFinder
Q9Y2U8|ensembl_protein_id=ENSP00000308369|entry=MAN1_HUMAN|source=rbpdb|protein_name=Inner,snRNA,,acidic_region,26,,LCRFinder
Q9Y2U8|ensembl_protein_id=ENSP00000308369|entry=MAN1_HUMAN|source=rbpdb|protein_name=Inner,snRNA,,disorder_rich_spacer_region,59,,LCRFinder
Q9Y2U8|ensembl_protein_id=ENSP00000308369|entry=MAN1_HUMAN|source=rbpdb|protein_name=Inner,snRNA,,hydrophobic_region,4,,LCRFinder
Q9Y2V2|ensembl_protein_id=ENSP00000455855|entry=CHSP1_HUMAN|source=pfam27|protein_name=Calcium-regulated,mRNA,,disorder_rich_spacer_region,8,,LCRFinder
Q9Y2W1|ensembl_protein_id=ENSP00000433825|entry=TR150_HUMAN|source=pfam27|protein_name=Thyroid,mRNA,,acidic_region,29,,LCRFinder
Q9Y2W1|ensembl_protein_id=ENSP00000433825|entry=TR150_HUMAN|source=pfam27|protein_name=Thyroid,mRNA,,arginine_rich_rna_contact_region,31,,LCRFinder
Q9Y2W1|ensembl_protein_id=ENSP00000433825|entry=TR150_HUMAN|source=pfam27|protein_name=Thyroid,mRNA,,disorder_rich_spacer_region,17,,LCRFinder
Q9Y2W1|ensembl_protein_id=ENSP00000433825|entry=TR150_HUMAN|source=pfam27|protein_name=Thyroid,mRNA,,gs_rich_neutral_region,4,,LCRFinder
Q9Y2W1|ensembl_protein_id=ENSP00000433825|entry=TR150_HUMAN|source=pfam27|protein_name=Thyroid,mRNA,,other,14,,LCRFinder
Q9Y2W1|ensembl_protein_id=ENSP00000433825|entry=TR150_HUMAN|source=pfam27|protein_name=Thyroid,mRNA,,sr_rs_repeat_region,66,,LCRFinder
Q9Y2X3|ensembl_protein_id=ENSP00000264279|entry=NOP58_HUMAN|source=pfam27|protein_name=Nucleolar,snoRNA,,acidic_region,19,,LCRFinder
Q9Y2X3|ensembl_protein_id=ENSP00000264279|entry=NOP58_HUMAN|source=pfam27|protein_name=Nucleolar,snoRNA,,basic_enriched_region,29,,LCRFinder
Q9Y2Z4|ensembl_protein_id=ENSP00000320658|entry=SYYM_HUMAN|source=pfam27|protein_name=Tyrosine--tRNA,tRNA,,hydrophobic_region,9,,LCRFinder
Q9Y388|ensembl_protein_id=ENSP00000339090|entry=RBMX2_HUMAN|source=pfam27;pfam38|protein_name=RNA-binding,mRNA,,arginine_rich_rna_contact_region,21,,LCRFinder
Q9Y388|ensembl_protein_id=ENSP00000339090|entry=RBMX2_HUMAN|source=pfam27;pfam38|protein_name=RNA-binding,mRNA,,basic_enriched_region,24,,LCRFinder
Q9Y388|ensembl_protein_id=ENSP00000339090|entry=RBMX2_HUMAN|source=pfam27;pfam38|protein_name=RNA-binding,mRNA,,sr_rs_repeat_region,7,,LCRFinder
Q9Y3A2|ensembl_protein_id=ENSP00000362105|entry=UTP11_HUMAN|source=pfam27|protein_name=Probable,snoRNA,,basic_enriched_region,6,,LCRFinder
Q9Y3T9|ensembl_protein_id=ENSP00000317992|entry=NOC2L_HUMAN|source=pfam27|protein_name=Nucleolar,pre-rRNA,,acidic_region,36,,LCRFinder
Q9Y3Y2|ensembl_protein_id=ENSP00000357683|entry=CHTOP_HUMAN|source=pfam27|protein_name=Chromatin,mRNA,,arginine_rich_rna_contact_region,6,,LCRFinder
Q9Y3Y2|ensembl_protein_id=ENSP00000357683|entry=CHTOP_HUMAN|source=pfam27|protein_name=Chromatin,mRNA,,basic_enriched_region,4,,LCRFinder
Q9Y3Y2|ensembl_protein_id=ENSP00000357683|entry=CHTOP_HUMAN|source=pfam27|protein_name=Chromatin,mRNA,,disorder_rich_spacer_region,11,,LCRFinder
Q9Y3Y2|ensembl_protein_id=ENSP00000357683|entry=CHTOP_HUMAN|source=pfam27|protein_name=Chromatin,mRNA,,hydrophobic_region,10,,LCRFinder
Q9Y3Y2|ensembl_protein_id=ENSP00000357683|entry=CHTOP_HUMAN|source=pfam27|protein_name=Chromatin,mRNA,,other,40,,LCRFinder
Q9Y473|ensembl_protein_id=ENSP00000262259|entry=ZN175_HUMAN|source=pfam38|protein_name=Zinc,unknown,,basic_enriched_region,6,,LCRFinder
Q9Y4B4|ensembl_protein_id=ENSP00000386520|entry=ARIP4_HUMAN|source=pfam38|protein_name=Helicase,unknown,,acidic_region,21,,LCRFinder
Q9Y4B4|ensembl_protein_id=ENSP00000386520|entry=ARIP4_HUMAN|source=pfam38|protein_name=Helicase,unknown,,basic_enriched_region,6,,LCRFinder
Q9Y4B4|ensembl_protein_id=ENSP00000386520|entry=ARIP4_HUMAN|source=pfam38|protein_name=Helicase,unknown,,disorder_rich_spacer_region,9,,LCRFinder
Q9Y4B4|ensembl_protein_id=ENSP00000386520|entry=ARIP4_HUMAN|source=pfam38|protein_name=Helicase,unknown,,gs_rich_neutral_region,5,,LCRFinder
Q9Y4C8|ensembl_protein_id=ENSP00000442053|entry=RBM19_HUMAN|source=pfam27|protein_name=Probable,pre-rRNA,,acidic_region,40,,LCRFinder
Q9Y4C8|ensembl_protein_id=ENSP00000442053|entry=RBM19_HUMAN|source=pfam27|protein_name=Probable,pre-rRNA,,basic_enriched_region,16,,LCRFinder
Q9Y4F3|ensembl_protein_id=ENSP00000379654|entry=MARF1_HUMAN|source=pfam27|protein_name=Meiosis,ncRNA,,disorder_rich_spacer_region,24,,LCRFinder
Q9Y4F3|ensembl_protein_id=ENSP00000379654|entry=MARF1_HUMAN|source=pfam27|protein_name=Meiosis,ncRNA,,gs_rich_neutral_region,12,,LCRFinder
Q9Y4F3|ensembl_protein_id=ENSP00000379654|entry=MARF1_HUMAN|source=pfam27|protein_name=Meiosis,ncRNA,,hydrophobic_region,24,,LCRFinder
Q9Y4Z0|ensembl_protein_id=ENSP00000469468|entry=LSM4_HUMAN|source=pfam27|protein_name=U6,snRNA,,arginine_rich_rna_contact_region,7,,LCRFinder
Q9Y4Z0|ensembl_protein_id=ENSP00000469468|entry=LSM4_HUMAN|source=pfam27|protein_name=U6,snRNA,,disorder_rich_spacer_region,10,,LCRFinder
Q9Y580|ensembl_protein_id=ENSP00000439918|entry=RBM7_HUMAN|source=rbpdb|protein_name=RNA-binding,mRNA,,arginine_rich_rna_contact_region,5,,LCRFinder
Q9Y580|ensembl_protein_id=ENSP00000439918|entry=RBM7_HUMAN|source=rbpdb|protein_name=RNA-binding,mRNA,,disorder_rich_spacer_region,8,,LCRFinder
Q9Y5A9|ensembl_protein_id=ENSP00000444660|entry=YTHD2_HUMAN|source=pfam27|protein_name=YTH,mRNA,,acidic_region,4,,LCRFinder
Q9Y5A9|ensembl_protein_id=ENSP00000444660|entry=YTHD2_HUMAN|source=pfam27|protein_name=YTH,mRNA,,disorder_rich_spacer_region,12,,LCRFinder
Q9Y5A9|ensembl_protein_id=ENSP00000444660|entry=YTHD2_HUMAN|source=pfam27|protein_name=YTH,mRNA,,gs_rich_neutral_region,19,,LCRFinder
Q9Y5J1|ensembl_protein_id=ENSP00000225298|entry=UTP18_HUMAN|source=pfam27|protein_name=U3,snoRNA,,acidic_region,20,,LCRFinder
Q9Y5J1|ensembl_protein_id=ENSP00000225298|entry=UTP18_HUMAN|source=pfam27|protein_name=U3,snoRNA,,arginine_rich_rna_contact_region,7,,LCRFinder
Q9Y5J1|ensembl_protein_id=ENSP00000225298|entry=UTP18_HUMAN|source=pfam27|protein_name=U3,snoRNA,,disorder_rich_spacer_region,5,,LCRFinder
Q9Y5J1|ensembl_protein_id=ENSP00000225298|entry=UTP18_HUMAN|source=pfam27|protein_name=U3,snoRNA,,other,6,,LCRFinder
Q9Y6K5|ensembl_protein_id=ENSP00000228928|entry=OAS3_HUMAN|source=pfam27|protein_name=2'-5'-oligoadenylate,ncRNA,,disorder_rich_spacer_region,4,,LCRFinder
Q9Y6M1|ensembl_protein_id=ENSP00000320204|entry=IF2B2_HUMAN|source=pfam27|protein_name=Insulin-like,mRNA,,disorder_rich_spacer_region,6,,LCRFinder
X6R7H2|ensembl_protein_id=ENSP00000359029|entry=X6R7H2_HUMAN|source=pfam27|protein_name=Peroxisome,mRNA,,arginine_rich_rna_contact_region,8,,LCRFinder
X6R7H2|ensembl_protein_id=ENSP00000359029|entry=X6R7H2_HUMAN|source=pfam27|protein_name=Peroxisome,mRNA,,disorder_rich_spacer_region,16,,LCRFinder
X6R7H2|ensembl_protein_id=ENSP00000359029|entry=X6R7H2_HUMAN|source=pfam27|protein_name=Peroxisome,mRNA,,sr_rs_repeat_region,61,,LCRFinder
X6RDA4|ensembl_protein_id=ENSP00000393069|entry=X6RDA4_HUMAN|source=pfam27|protein_name=Paraspeckle,ncRNA,,disorder_rich_spacer_region,14,,LCRFinder
X6RDA4|ensembl_protein_id=ENSP00000393069|entry=X6RDA4_HUMAN|source=pfam27|protein_name=Paraspeckle,ncRNA,,hydrophobic_region,4,,LCRFinder
