protein_id,protein_length,cluster_id,mds_1,mds_2,is_medoid
Q9UJK0,312.0,1,-0.06741180088723524,0.024154492191689882,False
Q9Y2T7,364.0,0,-0.07697220164925121,-0.05021705944191344,False
Q13395,1621.0,0,-0.03429626527516253,-0.09716054914954773,False
P82664,201.0,4,0.04128662041904823,0.05944873014836887,False
P82673,323.0,0,-0.07534063304795145,-0.018710039597584625,False
O60306,1485.0,1,-0.06494035010606729,0.01989344379553599,False
Q9H6S0,1430.0,2,-0.08305487269337054,0.0035920164209806596,False
Q8N1G1,1221.0,2,-0.0645168651560066,0.005180743869233333,False
Q9H000,416.0,3,0.05738150721929746,-0.07289030012973617,False
Q9BRR8,931.0,2,-0.06401556357092558,0.011652590562258872,False
P46782,204.0,3,0.14516626428136478,-0.06805575411151604,False
Q9UNQ2,313.0,1,-0.010598685636093598,-0.019167433621410445,False
Q9BQI3,630.0,3,0.0047925148591673765,-0.039301082423573795,False
Q9NW64,420.0,0,0.007045745326541731,-0.07883473911274215,False
Q9H501,851.0,1,-0.0715328659939121,0.08716833958928241,False
Q9UJA5,497.0,1,-0.04105733264130559,0.01839975011163286,False
Q8N8D1,485.0,0,-0.01418586821120429,-0.026540661654922457,False
P26640,1264.0,0,-0.0895557852444406,-0.049217487809384654,False
P62318,126.0,2,0.0722027516420275,0.0025582457177251686,False
Q9Y3I0,505.0,0,0.03375720987417978,-0.10406763297152301,False
O00178,669.0,0,-0.010640995155341521,-0.08010211772011902,False
Q6NTF7,200.0,3,0.037851997597191316,-0.02994280226389826,False
O15371,548.0,2,-0.013895890283234355,0.12987790054253495,False
Q7RTV0,110.0,3,0.07573975772307755,-0.025594606811356505,False
O75132,1171.0,0,-0.07600512860280641,-0.05763605789382172,False
Q13686,389.0,3,0.08365666091384487,-0.0763366000200967,False
Q86U42,306.0,1,-0.06183229191623612,0.02131448650944698,False
P61011,504.0,0,0.010939671916341907,-0.07946892695250632,False
Q9H307,717.0,4,-0.020543691366535326,0.12545970505262066,False
Q4VXU2,619.0,3,-0.015361592907523315,-0.005725829834816652,False
Q05048,431.0,3,0.1129482232697084,-0.03872676023834014,False
Q96SZ6,601.0,2,0.0625201995898556,0.03669847602671244,False
Q9NR97,1041.0,3,0.06678735111762021,-0.11115764620833443,False
O60828,265.0,4,0.05119415047096782,0.10708364944330631,False
O43719,755.0,1,-0.11969873328150818,0.1442905939480149,False
Q14694,798.0,1,-0.0535098740869106,0.0117937591033468,False
Q96DP5,389.0,2,0.05635990045024335,0.06358134758197466,True
Q9NVM6,304.0,1,-0.04876800809791002,0.0615309788408948,False
Q9UKV8,859.0,3,0.05083074378549721,-0.052798324034143966,False
P60228,445.0,3,0.08773994037979778,-0.05903798246157279,False
P14866,589.0,0,-0.04796106931983435,-0.03627220838221113,False
Q15428,464.0,2,-0.0469623455025952,-0.06456083216751277,False
A4D1E9,387.0,0,0.025271762547005756,-0.05874871923322576,False
Q13155,320.0,3,0.10748732627039825,-0.08792820946818018,False
Q9NW13,759.0,4,-0.08587225460243178,0.14942503184876113,False
O60290,1169.0,3,-0.0062551818174434,-0.05760131734003204,False
Q9BYC8,188.0,3,0.012356105069825863,-0.03255653174588627,False
Q7Z333,2677.0,1,-0.10156295269120805,-0.009514264681723403,False
Q9H6R0,707.0,0,-0.013435296514660315,-0.09090859478333815,False
Q9Y5J1,556.0,2,-0.0174952205389451,0.08694110716413947,False
Q7Z417,695.0,0,-0.011669126797272817,-0.04418444554752345,False
P84098,196.0,2,0.03400297154353623,0.0655933271554883,False
Q07021,282.0,4,0.06810588006080082,0.04797484230047253,False
Q9NY12,217.0,3,0.0372870128137567,-0.06494148318447182,False
Q9H6F5,360.0,1,-0.10113705957818545,0.0450742392434915,False
P16989,372.0,1,-0.1078721674068759,0.012247449303884349,False
A0A499FI31,981.0,1,-0.0645292299710081,0.056674576809030645,False
Q9Y6K5,1087.0,0,-0.027174078937146073,-0.08861345963669971,False
Q13242,221.0,2,0.023062789667520945,0.0375757174854806,False
Q9NQE9,182.0,3,0.17907275008892654,-0.06623952568183021,False
Q13895,437.0,1,0.003050858340660685,0.039256533771338184,False
C9IY40,225.0,0,0.012576944739621107,-0.08738983116319143,False
P42285,1042.0,2,0.0807978506693197,0.10155240190479002,False
P49590,506.0,3,0.09304076176665485,-0.0500490986187666,False
Q5XG87,792.0,0,-0.06468078374089153,-0.11136750307606683,False
Q9NWX6,298.0,3,0.07980776362222454,-0.0523906072524117,False
P54136,660.0,2,0.15492773707807653,0.09799306229406228,False
O43818,475.0,4,0.02659216192677699,0.06767884081478108,False
O60739,113.0,2,0.1296868117522848,0.07343353141652839,False
P19525,551.0,1,-0.038315258925452726,0.066725485909704,False
Q96EP5,407.0,0,-0.010909644948119692,-0.0790515392320504,False
Q92499,740.0,3,0.10059687983308137,-0.08982615435670299,False
Q9Y3B4,125.0,2,0.07645015486788087,0.08018812015315681,False
Q4ZG55,1949.0,0,-0.09972657567155664,-0.06208589566538499,False
Q03701,1054.0,4,0.0003969636899166778,0.09158354541700188,False
Q99848,306.0,2,0.08989573860265923,0.05148214138530717,False
O95926,243.0,1,-0.001067176016056108,0.01707399897188353,False
P31939,592.0,4,0.08910864010927054,0.027278837128600065,False
Q9NYY8,710.0,3,0.08745968001586374,-0.10577770666093278,False
Q7Z6V5,191.0,4,0.07206590735820151,0.05073579685715242,False
Q9UKF6,684.0,4,0.06419283897725755,0.029492966442330668,False
Q8NHQ9,600.0,2,-0.0038546116665982024,0.14221214142337563,False
Q9BWT3,736.0,0,-0.07288365939854444,0.046955820179337755,False
Q13148,414.0,0,-0.01742059810420221,-0.09062636238435642,False
Q96QD9,318.0,2,0.06662332082015363,0.01952897077142051,False
O00148,427.0,4,0.09129539869232606,0.1304430783301671,False
Q06265,439.0,4,0.003490722443268319,0.07586080856483476,False
P09012,282.0,2,-0.008739955892527766,0.008363154857182776,False
Q13247,344.0,2,0.060051448948883174,0.0899408202541821,False
Q9ULR5,123.0,4,0.0019096209782733771,0.026392007333838587,False
Q8WVK2,155.0,4,0.02261062358004129,0.11750146099336886,False
O00566,681.0,0,-0.10997912751060779,0.04665616643684553,False
Q96EU6,259.0,2,-0.040331787679538385,0.060328495046026956,False
P09234,159.0,3,0.06654315344957902,-0.04501392361897105,False
Q5JTZ9,985.0,1,0.012536101689083803,-0.03099378002706846,False
Q9Y235,224.0,3,0.1723012934502408,-0.06317064550457242,False
Q96J94,861.0,1,-0.006723917467247219,-0.01732372743687751,False
Q9BZI7,483.0,2,-0.07255022921823531,0.12259428877388887,False
Q92797,1274.0,1,-0.03477404177753963,-0.026575104637854025,False
P08579,225.0,3,0.021300590736486855,-0.051348839232912384,False
Q9Y3A5,250.0,2,0.11887416813092312,0.06441555107801425,False
Q8IWZ8,645.0,1,-0.11564145546817826,-0.04784104032366556,False
P21506,573.0,0,0.03601705572946465,-0.07187616666855001,False
Q9UBS3,223.0,3,0.09818036861939738,-0.08894479904679001,False
P51116,673.0,0,-0.08832781235389586,-0.033251694512393,False
Q15415,496.0,0,-0.02533583590490448,0.0123519261436245,False
Q92904,295.0,0,-0.026354747963784297,-0.08766685621859938,False
Q8IX18,779.0,1,-0.022056254306458443,0.054305182533948636,False
Q7Z478,1369.0,1,-0.09861486479698989,0.05289842928550169,False
Q9H5Z1,703.0,3,0.18585206943088592,-0.07824032942682722,False
Q9BY77,421.0,1,-0.04538562603945495,0.043919082569657424,False
Q8IZ69,625.0,1,-0.01578940999703436,-0.0034202707056290695,False
Q96DF8,476.0,4,-0.008227055480717449,-0.015889854916038386,False
Q14151,953.0,1,-0.1796994898668033,0.04839681086408772,False
Q9UK45,103.0,2,0.12595267579006103,0.12898750367590864,False
Q96H86,408.0,1,-0.0891865849006207,-0.017030910390940686,False
P41091,472.0,3,0.05232814927651742,-0.07071643044479513,False
Q9BQ67,446.0,4,0.06798838801184083,0.1223138034381751,False
Q8WUA2,492.0,1,-0.034809244682049725,0.10864587313745998,False
P82663,173.0,4,0.023322222961669144,0.023746876816735325,False
P61353,136.0,2,0.10632056323770604,0.06461593420352266,False
P09661,255.0,4,0.10818639397373306,0.10999539221188816,False
Q9H9Z2,209.0,3,-0.0024931787406182503,-0.007500468162875776,False
P19474,475.0,4,0.060056580520615035,-0.004640029254931264,False
O43159,456.0,1,-0.06429839233841006,0.04322531208733412,False
Q96EY7,689.0,4,0.09475982369240528,0.07793001687493173,False
P57772,596.0,3,0.02781109147339782,-0.09987467419496564,False
Q12849,480.0,0,-0.09697701126577707,-0.09636631767890343,False
Q9NQZ2,479.0,1,-0.0485778075803661,0.12735389773967565,False
O95218,330.0,1,-0.0466325445399786,0.12206068560659873,False
O75616,437.0,3,0.18159643413724336,-0.06604667995048522,False
P38935,993.0,1,-0.11123498583484637,0.025641864734428806,False
Q96MP5,696.0,0,0.016324744640680764,-0.03732927181160724,False
Q9BXT8,1623.0,0,-0.09966782419648802,-0.057221162250028115,False
O15397,1037.0,4,0.035309700457339215,0.044098288733563126,False
Q9P031,241.0,2,0.05348801889180876,0.07867917823729291,False
P05198,315.0,4,-0.0003906517858280073,0.09804809685020781,False
P82909,103.0,3,0.05414512688439435,-0.07679664718172108,False
Q76MJ5,926.0,0,-0.0160771874320273,-0.121224190487394,False
O43776,548.0,2,0.05763819868238696,0.0827907130695198,False
Q5TAX3,1644.0,1,-0.1766958498799799,0.00486889840489443,False
Q8NAV1,312.0,4,0.015553254576182533,0.10958091638494985,False
Q86YF9,867.0,4,-0.021932994238411902,0.025808714542460115,False
Q9HA77,564.0,3,0.034003084660153685,-0.04235658303258657,False
O43347,362.0,0,0.07808546946665774,-0.0538820721819231,False
Q15646,514.0,0,0.016627228573147246,-0.025670310137692953,False
A4D1B5,854.0,3,0.09094333626222557,-0.0915190621958431,False
Q504Q3,1202.0,0,-0.020991418295160276,-0.06663333373206172,False
Q96K80,434.0,0,-0.08185375934858348,-0.08411666683522324,False
Q14146,1524.0,0,0.031998935064813105,-0.1089184279856556,False
Q9H9J2,332.0,2,0.052168620998081804,0.025641728129992856,False
O60573,245.0,4,0.05601109448796735,0.06889316108936466,False
P82933,396.0,4,0.061605177729768645,0.10164035855534977,False
O00425,579.0,3,0.0198036965453436,-0.05490426421574168,False
Q9NY93,547.0,0,-0.04899725311872552,-0.06915155115426641,False
P48200,963.0,3,0.160944662452285,-0.08603771982419797,False
Q07955,248.0,0,0.01593227794105012,0.02141630117984797,False
Q9BX63,1249.0,1,-0.012486062213862165,0.01010661773893978,False
P42766,123.0,2,0.04899709569719991,0.0864460441091273,False
O60518,1105.0,4,0.051920700561370825,0.007181919709019238,False
O43422,761.0,4,0.03931914081384983,0.06793548388827116,False
Q96RS0,853.0,2,-0.006442946679840925,0.04651889340856155,False
Q9BRD0,619.0,0,-0.13702225584069053,0.025743373306985617,False
P42704,1394.0,3,0.06489790503268392,-0.10435718862997147,False
Q9UK59,544.0,4,0.01841892926934775,0.023619384850026626,False
Q99728,777.0,2,-0.030480296036107458,0.02253071044837826,False
Q9NRN9,209.0,3,0.11654795625605707,-0.007988931287297258,False
P05455,408.0,2,0.04622815202769359,0.0800705584939411,False
Q9GZL7,423.0,4,0.08298551499192401,0.06279261680815144,False
Q32P41,509.0,3,0.05907658580952006,-0.04518354757354186,False
Q96BP3,646.0,1,0.0006294027555166403,0.054402172853218654,False
Q96IC2,774.0,0,-0.046629565229311554,-0.03952704261683558,False
P60900,246.0,2,0.15713733372971414,0.10657736022059339,False
Q13573,536.0,2,0.008922407118982095,0.03597096466173701,False
Q96FV9,657.0,4,0.05007742625296391,0.06222994296477478,False
O75691,2785.0,0,-0.08281539166919788,0.009700489682118774,False
Q9NYH9,597.0,4,0.009377261402640665,0.08163173248381685,False
P49588,968.0,2,0.057492919925513135,-0.02227487334270153,False
O60563,726.0,3,0.026226112476648095,-0.07654770344058245,False
Q9ULM6,557.0,3,0.058515765002077405,-0.06452322087504472,False
P56192,900.0,1,-0.05103744536731434,0.05239247696819522,False
Q15434,407.0,0,-0.01673823924275509,-0.057707721093553974,False
Q15185,160.0,4,0.07551550610760895,0.048834102942970484,False
P49790,1475.0,1,-0.20532022756925605,-0.10033154657226899,False
O15105,426.0,3,-0.007181986317847274,-0.07171113885995208,False
Q9Y473,711.0,3,-0.011594281672576427,-0.0015274616501572778,False
O75113,896.0,0,-0.01801833339793637,-0.03803010559872178,False
Q14562,1220.0,1,-0.09459949518215664,0.12950743906565917,False
Q6P1Q9,378.0,3,0.2058800330672087,-0.08656941868776379,False
Q8TDI0,1954.0,1,-0.13052847025798994,0.034426013622387064,False
Q6ZRS2,3230.0,1,-0.20155212894293062,-0.07440434218997885,False
O15047,1707.0,1,-0.13806114361248428,-0.001073554875363058,False
Q9UEG4,869.0,0,-0.06100911597959912,-0.035351295936165324,False
Q8IXZ2,948.0,1,-0.12019771808787753,-0.02337093634752278,False
Q9UKV3,1341.0,1,-0.20789504234394846,0.1011749644058411,False
Q06830,199.0,3,0.18677811413762568,-0.07433631979035604,False
Q92900,1129.0,0,-0.09170956909899294,-0.09763952263862996,False
P55199,621.0,2,0.02255653334393543,0.004887537862621702,False
Q9UPR6,939.0,0,-0.10658813598150459,-0.050057895167910864,False
O00418,725.0,3,0.04897480210664086,-0.04484653152717382,False
Q86US8,1419.0,2,-0.07562963530030298,0.04240196628347429,False
Q8WYQ5,773.0,1,-0.023314149811681412,0.012453341109988763,False
Q9NVP1,670.0,2,-0.0340469106285354,0.08422420146448437,False
Q9UNW9,492.0,3,0.0642349819694479,-0.06415730625353945,False
O75530,441.0,2,0.10025493118803429,0.025035623452554744,False
Q9H0J9,701.0,0,-0.019593382470432543,-0.1182516131073706,False
Q96C86,337.0,3,0.16640468400117434,-0.06035278011493042,False
Q96DI7,357.0,3,0.08969364816308951,-0.051323019556407085,False
Q8N5C6,995.0,2,-0.038620622843690056,0.04406139262816633,False
Q9P2K8,1649.0,1,-0.10025709251151578,0.07716453080066212,False
Q9BSC4,688.0,1,-0.05366707940787047,0.1392636551576716,False
O60583,730.0,0,0.0015322080217008132,-0.06020947237094913,False
Q5FWF4,1079.0,3,0.03307168238970263,-0.05765235341867978,False
Q15032,1099.0,0,-0.13498260346827062,-0.08827436143185721,False
P14868,501.0,4,0.027190944753704243,0.016260444802636737,False
O43432,1585.0,0,-0.1453776457394229,-0.06632456784804226,False
Q8NC60,698.0,1,-0.13262513178043153,0.04527947865869111,False
Q96RP9,751.0,0,0.08439246585627122,-0.05447964069058858,False
Q9Y2X3,529.0,4,-0.04272841144566079,0.11915397305786499,False
O15234,703.0,1,-0.13026840440674395,-0.03411151704739906,False
Q14CZ7,662.0,3,0.05823447211622548,-0.08489210550695941,False
Q9NXL6,827.0,0,-0.04511797900514351,-0.0825600608059689,False
Q9UBK2,798.0,0,-0.11260108936492237,-0.005861681244962091,False
Q96KR1,1074.0,1,-0.1988214703387829,-0.03334224654325059,False
Q17RY0,729.0,0,-0.0085117257433259,-0.0714613453799351,False
Q96J01,351.0,3,0.08791627676383673,-0.06415158874790883,False
Q9UNX3,145.0,2,0.08164496096153914,0.0802866394867073,False
Q9H089,658.0,4,-0.014863074269925865,0.07724242535221887,False
Q9P2N5,1060.0,0,-0.16388532676530362,-0.0073928920718451235,False
Q9HAV4,1204.0,1,-0.05480421474016204,0.0019368600997339764,False
O95620,317.0,3,0.17662451931037057,-0.08136924665244878,False
P51531,1590.0,1,-0.20709590328297442,0.014477784923237272,False
P31942,346.0,3,0.02997538261641745,-0.09004622854347857,False
O14981,1849.0,1,0.0005154161724631206,-0.033324322383854486,False
P78332,1123.0,0,-0.14227522504627665,-0.0065878199075202265,False
O94906,941.0,1,-0.05636741558849781,0.06353524442287906,False
P49770,351.0,2,0.11272935332223287,0.12046937418206939,False
Q8TBF4,217.0,4,0.03756487444628498,0.14017504309631146,False
Q15633,366.0,2,0.01733214451997263,-0.022748145637847123,False
Q5T8P6,1007.0,1,-0.09183771502014079,0.06847397243000804,False
A7MD48,611.0,4,0.018999334916375808,0.049560683231151495,False
Q5VZF2,373.0,0,-0.05731810268757931,-0.10949841674032772,False
Q8IZP6,322.0,3,0.046004607326959164,-0.030251433597909452,False
Q86U38,636.0,1,-0.05356729791013931,-0.020010964911883568,False
A0A0A0MQW0,576.0,3,0.008287246430239361,-0.1123686569908273,False
P37108,136.0,2,0.03439545107917359,0.006810710313836877,False
Q9GZS3,305.0,3,0.031590628674747864,-0.07382212220100223,False
Q92620,1227.0,2,-0.07576423639262618,0.11226100669937897,False
Q8WYQ9,949.0,0,-0.05634945660186864,-0.0876263652072354,False
Q8NCV1,583.0,0,-0.030495353906153082,-0.08563175868923686,False
Q92901,407.0,2,0.05260890963378921,0.03330248181587097,False
Q9ULX3,412.0,4,0.06019798836591798,0.11359574288167036,False
P83876,142.0,4,0.12194716974756938,0.0033640449090425522,False
O43823,692.0,1,-0.11879685998071231,-0.010170382558290034,False
Q96L12,384.0,4,0.07968116286698451,0.13216055774479085,False
Q9H0W8,520.0,1,0.018218381881342727,-0.04371955582148763,False
Q15427,424.0,0,0.04762512029433061,-0.07149193087194183,False
P41214,584.0,0,-0.030458321915858108,-0.016302463414127274,False
P62979,156.0,3,0.054860581708143785,-0.0003525818626975635,False
Q9HC10,1997.0,1,-0.08280717258743732,-0.01961099429701366,False
P82675,430.0,2,-0.03306329992514542,-0.006721585540996104,False
O75319,330.0,4,0.09391841018264468,-0.04045618448557858,False
Q9P0L1,754.0,0,-0.012648158413554433,-0.03477406426038595,False
Q8WTS6,366.0,3,0.20876141947430707,-0.06256229496600194,False
Q96HR8,494.0,1,-0.10936408711492569,0.0017641487898394875,False
Q96NC0,199.0,4,0.07233474320688493,0.06367990949082644,False
Q9ULW3,272.0,2,0.018886367728298076,0.12249341157830684,False
Q96PU8,341.0,0,0.040727420356876924,-0.0688871286317054,False
Q96H79,300.0,3,0.008095172016031717,-0.06687198374579414,False
Q5C9Z4,860.0,1,-0.1476937434659945,0.012429546339462824,False
Q9NZB2,1118.0,3,0.010451633540747938,-0.12862313492425176,False
P49589,748.0,1,-0.06134151592098425,0.08845893083287455,False
Q9C0D7,883.0,3,-0.018206352632689656,-0.03656387961173824,False
Q13405,166.0,3,0.053290743041247236,-0.03882811305528749,False
Q53EL6,469.0,1,-0.0741374956972347,0.047905339932192655,False
Q9UK39,431.0,0,0.02786599808899033,-0.02610236373521879,False
Q8IZD4,617.0,0,0.040114600513628605,-0.03576632154822887,False
Q96LB4,118.0,2,0.10004608158877555,0.08399810285205848,False
Q5VWX1,349.0,1,-0.018034437364253024,0.017320811668395525,False
Q9H974,415.0,3,0.10335680015662928,-0.08124205364153762,False
Q8N442,669.0,0,0.002153318767609927,-0.0028790555495163397,False
Q9H361,631.0,3,0.013610329270497332,-0.08766852433196919,False
Q8TBY0,533.0,3,0.0015170900737196148,-0.04506129059301233,False
Q9NSD9,589.0,4,0.023694176314404253,0.01565275910784071,False
Q5W0B1,726.0,3,-0.022994866261619597,-0.0011800561396577026,False
Q5T200,1668.0,1,-0.15465865376694599,0.11164943981283604,False
Q2TBE0,894.0,1,-0.0654982945280169,0.11217914122519951,False
Q96GW9,593.0,2,0.11380696232275953,0.08945566828261016,False
P47974,494.0,0,-0.07151932134833394,-0.1081000866642499,False
F8W8I6,385.0,0,0.0015456176094678403,-0.08898263454862856,False
Q9BVS4,552.0,1,-0.062061096203714174,0.03155018367911676,False
P49792,3224.0,0,-0.11506795169301921,-0.05440545517772665,False
Q8TF42,649.0,3,0.03478506168810248,-0.06659403546869598,False
Q8NCE0,465.0,0,-0.0414879597598897,-0.026095746520517885,False
Q68D06,897.0,0,0.01559822737691462,-0.0831515676675915,False
Q9BYG3,293.0,1,-0.01951616209909831,0.14405295375665988,False
Q8TEQ6,1508.0,4,-0.048121118044131245,-0.0024452564788943966,False
Q8IUH3,476.0,3,0.06594971550424687,-0.06641050635430781,False
P83369,360.0,0,-0.06828655751509294,-0.027282980378839514,False
O95104,1147.0,0,-0.10817482248425563,-0.05968659830641475,False
O43541,496.0,3,0.012929587795524085,-0.05488379522375503,False
Q9NRX2,175.0,3,0.0633816793621334,-0.021589375551290105,False
O60841,1220.0,1,-0.07060247373377024,0.10179505946246155,False
Q9UKZ1,510.0,0,-0.03607786388942329,-0.09978570475660149,False
Q86SE8,214.0,4,0.014705379123352973,0.11355508132546259,False
Q14974,876.0,4,0.05875479191735958,-0.00017102832998026755,False
Q9NZI8,577.0,3,0.02121196028112925,-0.04767892374918026,False
Q5SZQ8,465.0,0,0.022207676966104813,-0.09396001216908895,False
Q9HC44,474.0,0,-0.10069720034906597,-0.03841261384786391,False
Q9NP77,194.0,4,0.07313106721565034,0.04533638508864793,False
Q15269,919.0,1,-0.034801868080611885,-0.0033158487448894597,False
Q15424,915.0,1,-0.2169133085238353,0.11713211071466237,False
P25311,298.0,2,0.14365339516180053,-0.011532059837897735,False
O75127,700.0,1,-0.05370167653146798,0.048397350090150885,False
Q8N6W0,485.0,0,0.02834912795820747,-0.039227538640614554,False
Q96EF6,278.0,2,0.11210293168653734,0.0969658890873894,False
Q96SR6,550.0,3,0.16444387200724742,0.00013913051189984766,False
Q3MHD2,195.0,0,0.044275348862592726,-0.0030684235367023018,False
Q71RC2,724.0,0,-0.02681195913690577,-0.0221121471069919,False
Q9NQ29,371.0,4,0.04073100770554233,0.11892061267899452,False
Q9UBU9,619.0,1,-0.07137922223503265,-0.023203563929929484,False
Q9HCJ3,691.0,1,-0.030992601359218063,-0.020720046589302658,False
O14979,420.0,0,-0.09726262668504157,-0.036518403026482585,False
Q8TDG4,1101.0,2,-0.039333991538170736,0.06283842856084475,False
Q6I9Y2,204.0,4,0.023430914611412994,0.05368060757689636,False
Q96IZ7,334.0,2,0.0186393247478831,0.09912759944184824,False
A0AV96,593.0,0,-0.040410515595428936,-0.10858059609338494,False
Q8TBZ5,544.0,3,0.07685759358471868,-0.07203885586405348,False
Q8TAD8,396.0,4,-0.03645345827343629,0.04812209410978846,False
P61221,599.0,2,0.046588692130680266,0.00951252151623298,False
P62266,143.0,2,0.06074429859657276,0.06383017377751522,False
O14776,1098.0,4,-0.0160414340640006,-0.012153640605882927,False
O15455,904.0,3,0.10039202578896918,-0.09775677079330951,False
A0A0A0MQZ6,189.0,2,0.0675818609394876,0.09641841874926571,False
O95391,586.0,1,-0.10517787699081949,0.09925498037488704,False
Q8TA86,221.0,2,0.021878780552520575,0.09483848985724587,False
Q14296,549.0,0,-0.05827075681926564,-0.07789102050170976,False
Q9H814,394.0,1,-0.05678935166393479,0.060023008571336994,False
A0A087WT20,597.0,1,-3.5912226261715924e-05,-0.02277127411345375,False
Q8N5L8,163.0,1,-0.027724822271032654,-0.011495822360373832,False
Q9H898,229.0,2,0.1138996582051974,0.04295625506547204,False
O94913,1555.0,0,-0.1618729568937798,-0.01026737104935286,False
Q96CM3,377.0,0,0.015395721858666462,-0.08326840889578362,False
Q9H1E1,156.0,3,0.15831103313020026,-0.08152316979780865,False
Q86U44,580.0,1,-0.0018197083810709,-0.009393659654178184,False
Q8WWH5,349.0,0,0.051342242754900916,-0.04121708573736726,False
Q9P2I0,782.0,4,0.05008322732441877,0.08638273452287698,False
Q7Z3Z4,852.0,3,0.07361028538369295,-0.08875130874338549,False
Q9BRS8,491.0,1,-0.07997806465626506,0.09626791696957405,False
P15918,1043.0,3,0.06030590338806031,-0.08297826386151803,False
Q08AF3,891.0,0,0.07069643645144555,-0.08302337872154429,False
Q6ZRY4,209.0,0,0.01208716876375804,-0.08609234694914,False
Q86TB9,770.0,3,-0.023987939895862363,-0.060105914038332514,False
O43809,227.0,3,0.07245069157680954,-0.03602401113479956,False
P62314,119.0,2,0.08845585649664124,0.036666128992135796,False
Q05481,1191.0,2,0.06498243168576814,0.04053560885170985,False
Q96N77,438.0,3,0.0329514177220819,-0.1158111656454647,False
Q2NL82,804.0,1,-0.08127576104148435,0.06826372800200484,False
Q14197,206.0,2,0.03726530357802549,0.03170701276999925,False
Q15287,305.0,1,-0.024310566149682748,0.07912531081709452,False
Q1KMD3,747.0,1,-0.09895993849833608,-0.008541269391779495,False
P62487,172.0,3,0.12568065370893966,-0.04814031882034482,False
P51608,486.0,1,-0.07432078295158302,0.028731161962571916,False
Q93091,150.0,3,0.17210196890943869,-0.0827964297663198,False
A0A499FIA3,238.0,0,-0.015153144862283339,-0.085927623097038,False
P62310,102.0,4,0.08362759037026456,0.06481676233672402,False
Q96MH2,286.0,1,0.004847662953714461,0.053475003491780415,False
P12724,160.0,3,0.05553364051486629,-0.07053883757261258,False
P17480,764.0,4,-0.009274486672609019,0.08194614286737673,False
Q96QU8,1125.0,1,-0.0030197358848731604,-0.025686060291365255,False
Q9UQ80,394.0,2,0.13456280520520109,0.10008775864569955,False
P46781,194.0,2,0.07051092401262866,0.02400241987847989,False
Q15696,482.0,1,-0.03877075840049107,0.1324630896383946,False
Q7Z570,1209.0,0,-0.04616746421525198,-0.041967676429397666,False
P10153,161.0,3,0.052703770879020326,-0.08585258654851793,False
Q9BXU2,312.0,3,0.0877945959293827,-0.03377019904367341,False
P17039,623.0,3,0.11075710580464228,-0.046970770364668145,False
O75526,392.0,0,-0.07589166590060449,-0.05224714231030537,False
O75817,140.0,2,0.08808865994510036,0.07729705510759863,False
Q92989,425.0,1,-0.022512828442135854,0.09294489420419394,False
Q9BX10,602.0,0,0.01448964823745466,-0.06671061023745274,False
O95400,341.0,4,0.001373984828735122,0.027998071271482076,False
Q9BRZ2,755.0,3,-0.0029993733754987628,-0.05579216768412332,False
Q15365,356.0,3,0.09540996706556196,-0.04494340153282302,False
Q9NYK5,338.0,3,0.18773564687128738,-0.07234382011482482,False
Q15393,1217.0,0,-0.021582078981308886,-0.009209550087502776,False
Q16637,294.0,1,-0.07406507636777228,0.010178244182296655,False
Q9HC36,420.0,4,0.017027654418872527,0.11351478469490904,False
Q96AZ6,181.0,2,0.06841016920748168,0.05769610822180273,False
Q9BTL3,118.0,0,-0.016128627029272997,-0.058909602762105336,False
O60294,686.0,3,0.015093635899838169,-0.02802636825233869,False
Q9NZJ5,1116.0,3,0.015625349353437953,-0.10713275005009609,False
Q01780,885.0,2,-0.03832269372297763,0.033757311161503864,False
Q16600,458.0,3,0.16921614334116952,-0.04670021849817413,False
P26368,475.0,4,-0.055514540528423535,0.08591930359101783,False
P13639,858.0,3,0.0853946833288576,-0.039437043608644154,False
F5H0R1,912.0,1,-0.1506961313787878,0.000631318277102287,False
Q96DU9,382.0,2,0.003611553325222698,0.14965036209126195,False
Q9UNX4,943.0,1,-0.011681048405475195,0.16114795539940555,False
Q96DV4,380.0,3,0.051932475631325886,-0.009951939135229456,False
O14893,280.0,3,0.0586357034189005,-0.05856607572925862,False
Q7L2J0,689.0,1,-0.08446757164822523,-0.06199947655063085,False
O15235,138.0,2,0.07027663111971061,0.0446180475123041,False
Q6L8Q7,609.0,0,0.039882372587651,-0.04003618505557741,False
Q9BWF3,364.0,0,-0.016781238976268126,-0.10161418963795647,False
Q9UI30,125.0,4,0.05613621553411215,0.10175674569882495,False
O14746,1132.0,0,-0.039249710648259786,-0.03160172768652492,False
Q96IZ6,378.0,3,0.20588003306720865,-0.0865694186877638,False
Q8IUX4,373.0,2,0.10778297919009408,0.04730549284230904,False
O95149,360.0,4,-0.030136771129989262,0.053315137764249836,False
Q969S3,477.0,4,0.015906272689442585,0.09135357045174063,False
Q32MZ4,808.0,4,-0.028814972433370688,0.11225062858018782,False
Q9UL03,887.0,0,0.013381173433943164,-0.09291054915951008,False
O43290,800.0,1,-0.08438447256928754,0.08368890871949511,False
Q9BQ04,359.0,0,-0.008707504154656709,-0.07984862322631359,False
O15116,133.0,4,0.034202586450938675,0.0561682720622385,False
Q8WW27,367.0,3,0.053573711691482895,-0.029269764202638375,False
Q9BUQ8,820.0,4,-0.02157502482965675,0.15153867332741783,False
Q9BQC6,102.0,2,0.055316254437512216,0.028337220394344834,False
O15446,510.0,1,-0.10313106243550003,0.07289079344615682,False
Q8IY37,1157.0,1,-0.13246674887673113,0.021943004937530958,False
Q6ZNH5,498.0,0,-0.01075367182442777,-0.06182874920033893,False
Q9HA38,289.0,0,-0.053691350753834625,-0.04982782181538632,False
Q8TDE3,154.0,3,0.10270871695675649,-0.07262319957038822,False
Q12972,351.0,3,0.01836506308387584,-0.011568578733790283,False
Q96PK6,669.0,0,0.0022882752819795363,-0.04158778489374211,False
Q96G46,650.0,2,0.02516822654763701,0.03857058391588784,False
Q00341,1268.0,2,-0.05301424501197683,-0.022880328946555527,False
P52594,562.0,0,0.019908638185185422,-0.07002277434816413,False
Q9UHB9,627.0,3,0.052885668381897635,-0.04599027241056667,False
Q8N5Y2,521.0,1,-0.10114658127605684,0.016405497824311385,False
Q7L0Y3,403.0,3,0.09098785248138604,0.008906098702579614,False
Q7Z7L1,901.0,0,0.007872792970381019,-0.06660863964729265,False
Q86YN6,1023.0,1,-0.17017398151038265,-0.007599722252485748,False
Q53GS9,565.0,2,0.03256111526251396,0.031758931504273696,False
Q14103,355.0,0,-0.03088622386494653,-0.06580556823736614,False
O60930,286.0,2,0.044269128187174815,0.04350882582013248,False
Q8N8L2,437.0,3,0.010147716675420915,0.0021360487601855523,False
Q969Y2,492.0,1,-0.05209004986488403,-0.04633882654474317,False
Q07666,443.0,1,-0.04826310991321412,-0.021247225509152628,False
Q13064,507.0,1,-0.0406890042143902,-0.04185136663145802,False
A0A384DVK4,778.0,3,0.004301609340617172,-0.03937328913073871,False
Q8NBJ9,832.0,3,0.05981657400757075,-0.06770276189788364,False
Q9UBP6,276.0,3,0.15277670626698164,-0.05875862836721246,False
P78317,190.0,2,0.05086930960915546,-0.0010154474413471553,False
Q92665,395.0,3,0.0943274461037787,-0.056468509908822816,False
Q9NPD3,245.0,3,0.10130237976998216,-0.05099302610875239,False
Q12996,717.0,0,-0.013005104732355263,-0.05661742241457523,False
Q13151,305.0,0,0.02149938675715074,-0.09576818125496912,False
Q5ST30,1063.0,3,0.05785478082208508,-0.1296452294024381,False
O95363,451.0,3,0.08861959786029769,-0.02512794472390934,False
F8W8D3,277.0,0,-0.03527616217933388,-0.006345153245607784,False
Q15022,739.0,1,-0.03494849806847447,-0.024738012655389593,False
Q8N8U3,475.0,0,-0.03618634337141723,-0.023839282663066,False
Q9HAZ1,481.0,2,0.03809300377964523,0.032374757611057625,False
O75643,2136.0,1,-0.08489351821116467,0.042598967880165206,False
Q8N2A8,252.0,2,0.05671411709142995,0.0448874718461208,False
Q5PRF9,694.0,0,-0.06453102363862291,-0.11946847278832141,False
P82912,194.0,3,0.08963708786221505,-0.0466871167275892,False
O94762,991.0,4,-0.028525648085561264,0.02764042039343772,False
Q9BUL9,199.0,0,0.027225573657964994,-0.04259830504762482,False
Q7Z6E9,1792.0,1,-0.2132988270967822,0.04213145465857972,False
Q9Y3T9,749.0,4,0.030493171169029828,0.07871537481499571,False
O75818,363.0,3,0.0721509661063475,-0.04827006218665142,False
Q93062,196.0,3,0.05195604137347771,-0.06562102879171797,False
Q96I24,572.0,0,-0.015738146874010095,-0.07416119826806038,False
P19338,710.0,4,-0.05515834025137625,0.10209420230124701,False
Q96E39,390.0,0,-0.10509514800750934,-0.058192639395049074,False
P16383,781.0,1,-0.0438092460031488,0.0032372458540923287,False
Q13435,895.0,1,-0.20771751635531352,0.013384190969223582,False
Q8NC26,417.0,2,0.08549443625172905,0.054181844475178736,False
Q96BK5,328.0,0,-0.0013392108107214322,0.029087435683550395,False
Q7KZ85,1726.0,1,-0.10594600225992631,0.01649052953753731,False
Q9H0S4,455.0,4,0.048715975466041936,0.03603103583646987,False
Q15910,746.0,1,-0.029830343251071118,0.01248364509378797,False
Q8NAF0,562.0,1,-0.10070356276181215,0.014493825366516323,False
Q9Y6M1,599.0,3,0.018746287647309817,-0.08619819918321091,False
Q9Y2Z4,477.0,3,0.06690178565862709,-0.05205522683856094,False
Q6ZP01,1051.0,1,-0.002777401209914858,-0.02454769214717574,False
Q96SI9,672.0,0,-0.08798150003131634,-0.06635865665855621,False
Q9Y3A4,280.0,4,0.03903145875825787,0.10751317491277124,False
P57678,1058.0,3,0.06979093968902922,-0.04812364609475834,False
Q8TF46,1054.0,1,-0.01342895470048645,-0.03594711228835978,False
Q15050,365.0,2,0.01374197682333183,0.04948690778258057,False
P05387,115.0,4,0.008711754814588055,0.004587889234336513,False
P49411,455.0,4,0.05561871385165134,-0.022004746263815288,False
Q07864,2286.0,1,-0.0521374785652893,0.05719911811145599,False
Q9NQT5,275.0,1,-0.010795333340333944,-0.02442552922107521,False
Q9H9L3,353.0,2,0.07001235513623362,0.07567684932261287,False
Q9BWU0,742.0,0,-0.11631160128450381,0.01811561715970126,False
Q8TDD1,881.0,1,-0.15339494296726885,0.05341043115143117,False
Q14258,630.0,3,0.008210617802137714,-0.06401982268045645,False
Q96MX3,618.0,0,-0.022860982809066066,-0.0647684598851587,False
Q7Z7H8,261.0,0,0.013587047451526713,-0.05416672269676056,False
Q8WWY3,499.0,1,-0.048091930253590584,0.06948717815149827,False
Q9BUR4,548.0,4,0.011356052465110589,0.006850101160253199,False
Q6AZW8,331.0,2,0.10370516108261317,0.04547602221954514,False
Q02040,695.0,4,0.03858513013275796,0.0679859280631991,False
P52272,730.0,1,-0.05403451602961159,-0.08944561444032383,False
Q3MIT2,529.0,4,0.07344918980605139,0.0017175397724196854,False
Q92615,738.0,0,-0.0461340765691934,-0.04457917282829232,False
Q69YN2,538.0,4,0.016692350517702844,0.01300949004894028,False
Q86W42,341.0,4,0.07692027035449756,-0.03627369756725976,False
P49759,484.0,2,0.04905332570450891,0.08405126772227846,False
Q86XZ4,545.0,0,-0.057725858138421474,-0.04063521979929623,False
Q8NDV7,1962.0,1,-0.2172683857719596,-0.03351016360981382,False
Q9NV31,184.0,2,0.07401289933164112,0.05985535886325478,False
Q7Z6J9,526.0,1,-0.04035456740172113,-0.007594217311813294,False
Q6P9B9,1019.0,1,-0.09920772257234171,-0.10850524085322635,False
Q9NRA8,985.0,1,-0.11152631738439853,-0.01568174092257126,False
Q9UBC3,853.0,4,-0.006666236577179979,0.022630486255482418,False
O94992,359.0,1,-0.13165593442077692,0.06460890719190875,False
P98175,930.0,1,-0.1472777331879508,0.03239357598260776,False
A4D1E1,1349.0,0,-0.03944260648176308,-0.0486639183353829,False
Q9Y295,367.0,0,-0.018982245613261683,-0.03087581141172797,False
Q53H54,448.0,3,0.07700611683738667,-0.04976641795238292,False
Q6ZN04,569.0,0,-0.0896757765198057,-0.12784293099055408,False
Q9UJV9,622.0,1,-0.04471661302003252,0.0022931427414279405,False
Q6GMV3,140.0,3,0.09126499122007828,-0.07168806592656073,False
Q5T1V6,619.0,4,0.025517610393394872,0.05869424148383094,False
B0QYK0,618.0,0,-0.08724732716232303,-0.07547445919751287,False
Q53S33,107.0,3,0.10114069077517712,-0.06450350337849382,False
Q6P161,138.0,2,0.06799464884875833,0.061305763992680874,False
P26641,437.0,4,0.0817840570494658,0.06073329557593477,False
Q14147,1143.0,1,-0.044783592144032734,0.029281935757064854,False
Q8N5A5,531.0,1,-0.1151384695534958,0.012715369649372652,False
Q8IYY4,767.0,1,-0.03577087438558524,0.05735238115666072,False
Q9NUL7,540.0,0,-0.041891007824760226,-0.021552782482774174,False
Q9H0L4,616.0,0,-0.01794110796846736,-0.093314597990384,False
Q00577,322.0,1,0.0031889682346922256,-0.031083999432977415,False
P84022,425.0,3,0.01664648851476746,-0.037690692497202236,False
Q9NQ50,206.0,2,0.03736759006103177,0.022433105931305947,False
F8W6I7,307.0,3,0.07242682086503274,-0.043276448227712525,False
P52815,198.0,0,0.015293481768952807,-0.07544737385378954,False
Q7Z4G4,463.0,3,0.06090832480901066,-0.06034905366319695,False
Q86WX3,136.0,2,0.06317331976139974,0.07855104459496354,False
Q86XU0,584.0,2,0.028205961124590343,-0.004557429345227638,False
Q8WXA9,508.0,4,0.07967698177010507,0.10756319641524244,False
Q2NKX8,1250.0,0,-0.06681971794299742,-0.00901082260215598,False
Q9NPJ4,139.0,3,0.03832322524760933,-0.006900984368957675,False
Q7Z5W3,292.0,3,0.03781138176645243,-0.06883410988427091,False
O75533,1304.0,0,-0.07540046390511687,-0.08303931212150911,False
Q9BZC1,486.0,3,0.013491223962716088,-0.1173074112160311,False
Q92973,898.0,4,0.03114964692600358,0.028617268028777607,False
Q6PKG0,1096.0,1,-0.20383472485772094,0.014154332765937902,False
O15523,660.0,0,0.01730301449901771,-3.080354022908727e-05,False
O43143,795.0,4,-0.05714400294984255,0.043363056196089704,False
P03950,147.0,3,0.14286364302350676,-0.08528385846804734,False
P49450,140.0,3,0.030317359747283657,-0.014945497898872218,False
Q13523,1007.0,4,0.026172367719584495,0.1443757370691154,False
Q7Z7F7,128.0,2,0.053362553789878205,0.048927314122633875,False
Q9BQ52,826.0,1,-0.03109684825862985,0.03940576556565936,False
Q5TBB1,312.0,2,0.016482929944899347,0.0061105149113514605,False
P82979,210.0,4,0.057851829462955126,0.0779996556807651,False
Q9NQM4,214.0,4,0.06729891279585203,0.053917943426947,False
Q8N3Z6,543.0,4,-0.062195921849546434,0.03152638848619219,False
A2RTX5,802.0,0,-0.02936719226138529,-0.08057126916331227,False
Q9NZE8,188.0,2,0.03282241359809316,-5.993762564254303e-06,False
P52597,415.0,3,0.09351646658752631,-0.04721702474020103,False
Q9NVN8,582.0,2,0.0061576212560423196,0.0767831192953038,False
Q8TAQ5,688.0,3,0.1587822824556309,-0.005641374230536003,False
Q8WU90,426.0,4,-0.04372420597551068,0.08970219313897397,False
Q8TDN6,353.0,1,-0.006904237498077145,0.10208001678239391,False
P68104,462.0,3,0.10814282093750324,-0.04971261913757664,False
F8W727,153.0,2,0.03958625552429871,0.1013623697360519,False
Q9Y388,322.0,0,-0.05148383824501945,0.0953304244460661,False
Q14684,758.0,2,-0.058587875382455586,-0.0024683512301007507,False
Q86U06,439.0,0,0.021808769080758603,0.0303275923778629,False
Q9BV44,507.0,2,0.058879125888939385,0.058997024411582624,False
Q6IEG0,339.0,1,-0.029969682124957472,0.1115855336172613,False
Q8TBZ8,553.0,3,0.056074646179088965,-0.07004993714744227,False
Q17RN3,349.0,2,0.024771314035572457,0.00019261244134400547,False
P60321,138.0,1,0.013208914599015801,-0.013638413165604572,False
Q9BYC9,149.0,2,0.07940703345218034,0.03386489932186099,False
P51508,661.0,3,0.08884547109550443,-0.024892593443067372,False
P06748,294.0,4,0.026012291243939452,0.09569788532258992,False
Q8NEF9,429.0,2,0.0038886459875818904,0.09263787966573271,False
Q13485,552.0,3,0.02379082649063505,-0.04971516945765407,False
Q969H6,163.0,4,0.0530739508471485,0.085201451029689,False
P60323,173.0,0,-0.02004255661951892,-0.06705283823136769,False
P35789,620.0,2,0.07509365368909265,0.04505785630222854,False
P62316,118.0,4,-0.009014352793730642,0.08882564094697801,False
P53803,58.0,2,0.058168891142451086,0.04870331635279119,False
P52756,815.0,1,-0.1700091473957909,0.05516478982986666,False
H7BXY3,1166.0,1,-0.12381255050477065,-0.01937131403600929,False
Q04637,1599.0,0,-0.1878628572721429,-0.08009409689994237,False
Q9UPY3,1922.0,4,-0.06069473324272316,0.005352612336311415,False
P49761,490.0,2,0.038591249798644124,0.048009673237665675,False
Q5T619,568.0,0,0.011378642058886597,-0.07559287006768982,False
P07998,156.0,1,0.024482011669550163,-0.04877248814057342,False
Q9UDW3,170.0,1,-0.03650595991171485,0.004338695960315522,False
Q6ZN17,250.0,0,-0.07302985162043199,-0.035612973631176346,False
Q96MT3,831.0,3,-0.038366317225212686,-0.01241728766534609,False
Q9UJV8,347.0,3,0.02360133734212256,-0.03396861548236032,False
Q14157,1087.0,0,-0.006049871666510111,-0.09153751779520693,False
Q8WW36,166.0,3,0.08952069361228109,-0.022894733682330245,False
Q5T9H5,84.0,0,0.06454002240193946,-0.02750177751340218,False
Q969Q0,106.0,2,0.06551415850797733,0.10008385037787924,False
P46778,160.0,2,0.07480775779685082,0.08666046065769813,False
P05386,114.0,4,0.013210672834499386,0.0017339760184475544,False
Q9NR30,783.0,1,-0.04651532050350802,0.0457434588574692,False
Q8TEX9,1081.0,1,-0.13450012164947905,-0.06970959050372544,False
A2RUC4,315.0,3,0.08804112024599792,-0.050756158629017716,False
P22626,353.0,3,0.0857336167703801,-0.05791184941668069,False
Q7KZF4,910.0,1,-0.03553411389643579,0.06339039861775857,False
Q86TS9,123.0,4,0.06021309733169345,0.02239488663759324,False
Q8NHU6,1098.0,0,0.020343202950649817,-0.09675888018249307,False
Q8NI27,1593.0,1,-0.15189177436522378,0.1018028324065551,False
Q8IWR0,971.0,3,-0.005592295707389711,-0.03460330858945909,False
Q86UA1,669.0,3,-0.031552557796204174,-0.013953961217950991,False
Q03468,1493.0,1,-0.09428420694931089,0.08324101193919957,False
Q9H0Z9,239.0,0,0.016312167690798303,-0.08864892314399415,False
Q13283,466.0,1,-0.07087181837506687,0.028686592888346032,False
Q9HAU5,1272.0,1,-0.16900924935123818,0.08367411120533798,False
P62854,115.0,2,0.05425432129446696,0.04532022902265894,False
J3KP02,692.0,1,-0.02102947211102844,0.015095427426716256,False
Q14204,4646.0,4,0.005166517065002309,-0.016367020036240014,False
P18583,2426.0,0,-0.15795291016431534,-0.02679136670472506,False
P26599,557.0,3,0.04142926756899604,-0.08581739712915992,False
O75437,659.0,2,0.0833965978986008,0.07636682899875662,False
Q6NZI2,390.0,4,-0.003288216832633788,0.05409397874231964,False
O95985,862.0,3,0.06635932457418574,-0.04793970388566425,False
P23246,707.0,1,-0.026920059371055433,-0.004363936562665226,False
P78362,688.0,4,-0.02222834398459813,0.06832456162778051,False
Q32P51,320.0,0,0.009022829470933087,-0.06858438771817314,False
O00410,1097.0,0,-0.046152080520026846,-0.01394086903261609,False
P49642,420.0,3,0.02174242783422461,0.020306889865857426,False
Q8IY31,132.0,4,0.08521427583236454,-0.009553711461605531,False
Q12904,312.0,2,0.028614676242555145,0.10505034427730099,False
Q9UL40,294.0,3,0.03451415428015214,-0.028239780630428507,False
Q9HCS7,855.0,4,0.038743188829392025,0.012423268996447369,False
Q92879,486.0,3,0.039169995634857485,-0.06934942206839613,False
O75179,2603.0,0,-0.16705928826795124,-0.10328876937082174,False
Q6P2E9,1401.0,3,-0.022653030564762235,-0.008268553714072844,False
Q9H4L7,1026.0,1,-0.13279843143794126,0.026975640496390386,False
Q9UGY1,213.0,4,-0.017320325794876926,0.11408297159486662,False
Q86XP3,938.0,0,-0.08747209383934401,0.004684607872074891,False
B0QYY4,370.0,0,-0.0328843217317139,-0.09276695324765566,False
Q7Z2Z2,1120.0,1,-0.03161079136252988,0.08749574096557816,False
P26358,1616.0,2,-0.018847741503609874,0.10326662321269402,False
Q9NV66,732.0,1,-0.049493403163332145,0.06670972872293535,False
Q9NTZ6,932.0,0,0.010743165972970621,-0.08976885385178256,False
Q8IYB8,786.0,2,0.033613465530472564,0.04425079733750737,False
Q9UN86,482.0,1,-0.06481961179583123,0.0057088904389742505,False
Q9BXY0,300.0,1,-0.026404637385416756,0.10162487989768756,False
Q9NR50,452.0,4,0.08675916469781216,0.14966089184982745,False
P62495,437.0,3,0.03254249695731655,-0.02436254503805995,False
Q9H7N4,1312.0,1,-0.11139531182415029,0.043875938080997594,False
P36776,959.0,3,0.016054326354448308,-0.024345696551494978,False
Q9BZE4,634.0,1,-0.08188835450973486,0.09978231027743645,False
Q8IWZ3,2542.0,0,-0.13714978033075362,-0.032202290675452765,False
Q9BZE1,423.0,3,0.08179774014339183,-0.06267483496352308,True
P55884,814.0,1,-0.10478540444654796,0.02996822423105656,False
P11387,765.0,2,-0.00896106143278767,0.026850886971602216,False
O14602,144.0,4,0.0718224872215635,0.07979678362874422,False
Q96P70,1041.0,1,-0.022616101585568166,0.026269088520593877,False
Q5T280,376.0,4,0.03900729953413402,0.11601020945353652,False
P49760,499.0,3,0.059104778216714005,0.02105739960040872,False
Q12905,390.0,4,-0.025159951469110778,0.0016669863954362975,False
Q86Y13,1208.0,4,-0.028931058219251876,-0.008137752217869103,False
Q9UPR3,1016.0,1,-0.13982501892243868,0.014330367098991579,False
P62891,51.0,2,0.11136001711643519,0.09392027181123026,False
Q9UQ84,846.0,2,-0.031392935033793784,-0.002140924439773124,False
Q9H583,2144.0,4,0.013008058621358924,0.11536963692827638,False
P09874,1014.0,2,0.0046216094039907216,0.025441998881659,False
P07814,1512.0,2,-0.0176456172881566,0.04913451300920584,False
Q9Y3B9,282.0,4,-0.038187656898223336,0.09184198382049123,False
Q9NVH2,962.0,0,0.04195656937407094,-0.06334742315002452,False
Q9H0U6,180.0,2,0.07886474816706189,0.03515690160371801,False
Q8WVM0,346.0,4,0.06702716993717585,0.13406441779774209,False
Q9UPN6,1271.0,0,-0.16939148221361028,-0.06993667732276991,False
Q9UGC7,380.0,1,0.008648076536077643,0.06921756434302048,False
P12270,2363.0,1,-0.1564747625653546,0.029357050419785147,False
Q5T5J6,900.0,0,0.001007937791332754,-0.04380327539283399,False
Q7Z2T5,733.0,1,-0.029196962997592023,-0.028006562219513725,False
Q08211,1270.0,1,-0.14183903647975882,-0.07819978792319068,False
Q05823,741.0,2,0.1380206253784664,0.07792516181471588,False
Q5TC82,1133.0,0,-0.03331493655031615,-0.06926327586866683,True
Q96JY0,434.0,0,-0.039834465414711,-0.01458628506350445,False
Q96FB5,475.0,3,0.0922899028614321,-0.030250731427815983,False
Q9NR48,2969.0,2,-0.09804920059036673,-0.0019372710373900958,False
P55265,1226.0,1,-0.026058795252559303,0.01894071814879294,False
Q9Y3Y2,248.0,3,0.06161151871301106,-0.035501256999114765,False
Q9Y2W6,561.0,1,-0.04661942757616757,-0.016961464068447042,False
Q9BYD2,267.0,2,0.08254264874163289,0.0840560787018795,False
Q5JPI9,236.0,1,-0.008551832388689876,-0.0012180281618452598,False
O60508,579.0,4,-0.011450320597315392,0.05914111252365765,False
Q9BW92,718.0,3,-0.004670054487932636,-0.0811028174216275,False
Q14152,1382.0,4,0.009843578402607855,0.07636054087376161,False
O94874,794.0,4,0.018109083362502346,0.05438601530519078,False
H9KV63,1113.0,0,0.005247438477894331,-0.07133708606348634,False
Q99590,1463.0,1,-0.07982445735933466,0.006408344329801903,False
Q9UNY4,1162.0,0,-0.05995298309154024,-0.0978478864831772,False
Q5T481,1227.0,1,-0.09318383304947704,-0.010397280780043578,False
Q00013,466.0,2,0.06451896921692968,0.0073759206448526515,False
O60832,514.0,2,0.025947119847347804,0.07225997815888638,False
O75940,238.0,4,0.013838622282589565,0.10699189998465028,False
O60506,623.0,0,-0.06845762497466139,-0.03950494886882821,False
Q9UHI6,824.0,0,-0.0868263967668441,-0.09753972772145271,False
Q96IP4,442.0,3,0.0229882595418233,-0.042098728702029894,False
Q14690,1871.0,0,-0.09649770522463931,-0.010922450925469897,False
Q5T5C7,536.0,2,0.026038686384274496,0.0963847028784068,False
A0A0A0MRM9,708.0,1,-0.10335384448794417,0.07461536670855282,False
X6R7H2,631.0,0,-0.04121626949286711,0.014985187630583112,False
Q5VTL8,546.0,0,-0.03137083365723635,0.05860471614915626,False
O75607,178.0,1,-0.001982853284788214,0.008318997687840017,False
O00442,366.0,3,0.18161734843973826,-0.08676629463333256,False
Q9NUP7,481.0,4,0.047719544690957,0.02287802763531104,False
Q9UKA9,531.0,0,-0.005506541621204666,-0.104334510502104,False
Q8N983,215.0,3,0.06357213174529572,-0.03531988107962382,False
Q9Y2Z2,717.0,0,0.07211943401094964,-0.05102834576413747,False
P46777,297.0,2,0.034342736763628846,0.12758234924367715,False
Q9NXZ2,648.0,2,0.027127674725966146,0.015260196317586416,False
Q4VXA5,237.0,2,0.0963296099889192,0.09051238965386864,False
A2PYH4,1435.0,3,-0.0005367672179976858,-0.00364021219883436,False
Q06787,632.0,4,0.03476826960947707,0.06241631761743127,False
Q9H9Y2,349.0,1,-0.030577335607696824,0.01480373236980302,False
Q5JSJ4,861.0,0,0.020704659335367286,-0.062381025181842,False
Q9NUK0,354.0,0,-0.019482803659835138,-0.10613791593314512,False
Q6IPR3,259.0,4,0.1157554671302056,0.12190411371060882,False
Q16206,610.0,0,-0.09283196866069524,-0.02091652457614476,False
Q8NC51,408.0,1,-0.10814877280817355,-0.010866793016353246,False
Q7L3T8,475.0,2,0.04531083239874281,0.06529970128258837,False
O15541,343.0,0,-0.010474868036594018,-0.011965883914826267,False
Q8IXM3,137.0,2,0.08270000445324893,0.002702729244207074,False
Q99459,802.0,1,-0.04127333198751965,0.11799035430852328,False
Q13325,482.0,3,0.09560368217080095,-0.03550069336609387,False
P09914,478.0,4,0.04993792196668445,0.0633957280185471,False
Q5T764,474.0,4,0.08040268092501252,0.04757225945865765,False
O14879,490.0,4,0.07377600141029463,0.050915217985272015,False
P09913,472.0,4,0.04101355366239692,0.08126560887658832,False
O95793,577.0,0,-0.06789025825996357,-0.01874577728983448,False
Q9GZR2,422.0,1,-0.008135217932719974,0.09033557317983722,False
Q96GM8,510.0,2,0.08278459222752334,0.07154656178404925,False
Q9NVS2,196.0,0,0.04079965736288276,-0.024967757806061173,False
Q8N2G6,241.0,2,0.05919638909372258,0.02772791219613116,False
O94829,963.0,0,0.03622584461209915,-0.0989117591408489,False
A3KFL2,285.0,3,0.12804692466540016,-0.045332493633362704,False
Q96IZ5,413.0,4,0.043829636518563475,0.05312221328027173,False
P67809,324.0,1,-0.058752634930645725,0.008505184905446597,False
Q14249,297.0,1,-0.022381179507760068,-0.006884066942903676,False
Q9H3H1,467.0,3,0.10700958587429528,-0.07235615473076686,False
Q9UNP9,301.0,4,0.039603011932941246,0.07179131035499207,False
P55795,449.0,4,0.0024958940834194894,-0.01676685344600767,False
Q13310,644.0,3,0.01885270542680942,-0.09016982512163502,False
Q9Y3A2,253.0,2,0.05260380362699564,0.08697455958356641,False
Q12874,501.0,4,0.025388150443472732,0.057904690146980964,False
Q86U90,279.0,0,0.022751883284315072,-0.059351452279578755,False
Q13823,731.0,2,-0.01986368601351675,0.10996463057197765,False
Q5D1E8,599.0,0,-0.059177365457551444,-0.03965173035411761,False
P82914,257.0,2,0.04378633556577398,0.020440027262488527,False
Q9H9G7,860.0,3,0.14695840005584784,-0.05065237216122873,False
Q9UL18,857.0,3,0.1469578438587998,-0.05065215577152846,False
Q9HCK5,861.0,0,0.019642656004622967,-0.06301951459518967,False
Q8TD26,2715.0,1,-0.11088185022681218,0.057550932994832375,False
P50750,372.0,4,0.0752457531003176,0.022732664147723382,False
P46100,2492.0,1,-0.1695514954052345,0.05802521860632173,False
P54577,528.0,2,0.11976699672357834,0.11144572624738532,False
Q9BQ39,737.0,2,0.00016370235404446996,0.05241488255837173,False
A0A7P0MRT9,323.0,3,0.14373817730018076,-0.025141539357014714,False
Q9Y237,131.0,3,0.09226915159457066,-0.010725104888856734,False
Q08170,494.0,4,-0.04632084857636195,0.10848652110330498,False
Q9NX07,287.0,3,0.08648151775643002,-0.061491060024159425,False
Q9H694,974.0,0,-0.029949498894375946,-0.05770970808853265,False
P62906,217.0,2,0.1238299312915321,0.07210888653570734,False
O43172,522.0,2,-0.0017951408028367374,0.1399084430203373,False
Q14692,1282.0,4,-0.04621267288079827,0.11000253187622729,False
O43390,633.0,0,-0.10279865161360452,-0.05552532310929478,False
O15213,610.0,4,0.005764447015996348,0.04677093513164088,False
P20042,333.0,4,-0.012828286728249578,0.12091353579991618,False
Q09161,790.0,4,-0.04118230473418838,0.03080098323631444,False
Q969E8,191.0,4,0.021644718546268694,0.022670337465074367,False
Q9UKD2,239.0,2,0.0882823954960064,0.06726335324685426,False
Q9NX05,1096.0,0,-0.02363684346960828,-0.08735291560307246,False
Q5JVS0,413.0,1,-0.10276816747264333,0.05149411064804195,False
Q6BEB4,398.0,0,-0.09911765358266575,-0.06244034143120548,False
Q9H1J1,476.0,1,-0.11159772639782602,0.12618278899917487,False
J3KPD3,267.0,0,-0.09411334390995053,-0.021649053363828434,False
Q13825,339.0,3,0.0845695961049991,-0.05631260614219616,False
Q96T58,3664.0,1,-0.28841616217105903,-0.015444610633561668,False
Q96T21,854.0,0,-0.025155288577307994,0.0027123094933813657,False
Q5VYS8,1495.0,1,-0.1331030316102251,0.07964315342582146,False
O60812,293.0,4,-0.041273533005921424,0.046744322494031744,False
P61978,463.0,4,-0.025835467448332497,-0.012627869776844852,False
P98179,157.0,3,0.05995498326065318,-0.037230754048575836,False
P05388,317.0,4,-0.001413438393497468,-0.037696682589431374,False
Q8TEA1,469.0,2,0.11516954794270215,0.0706456509607355,False
Q9H4T2,348.0,2,0.07154892780098587,0.03542135302836801,False
P22314,1058.0,3,0.09137993148938679,-0.07554948241055431,False
Q5SY16,702.0,0,-0.05487574370635744,-0.058199351991538285,False
Q6PF06,316.0,2,0.09187861715144202,0.07705669922961669,False
Q9Y2L1,958.0,1,-0.13020883678522485,0.009478998380592473,False
O14717,391.0,3,0.13042579544579022,-0.04646419819544789,False
Q9P2E9,1410.0,4,-0.024556911367605468,0.05967278625831106,False
Q5VUC9,145.0,2,0.08189905492766972,0.07646155126070783,False
Q8N1G4,583.0,2,0.01845190244585073,0.007146910711524847,False
Q99633,342.0,4,-0.02861810022245871,0.0337575361438242,False
O60293,1989.0,1,-0.1952079836494568,0.008399791371119514,False
P51843,470.0,3,0.016093667682770634,-0.06229665543863572,False
Q8WU68,220.0,1,-0.025511053343393635,0.021156725757113706,False
Q8N0Z8,303.0,3,0.028796058304404487,-0.05772504299986402,False
Q9BX46,236.0,0,0.016480388981645295,-0.06476468935368632,False
Q9UHK0,495.0,2,-0.06329350934319335,0.02937950890768074,False
Q5T6F2,1119.0,0,-0.05514331954020289,-0.0970004632805728,False
Q86TM3,631.0,2,0.04165190179922629,0.0022120234795487757,False
Q12986,1120.0,0,-0.0208897544155163,-0.037837313885590515,False
O60870,393.0,0,-0.12250620488379102,0.025101552961611873,False
P47813,144.0,4,0.07182248722156351,0.07979678362874422,False
O95373,1038.0,4,-0.0006358336087838049,-0.0038685183517393217,False
A0A0A0MRW7,336.0,4,0.026136508425391464,0.05262012242708431,False
O15198,467.0,3,0.03602564914682622,-0.03256170717254631,False
Q9BRS2,568.0,4,-0.017916558663764837,0.0754854183183497,False
O95786,925.0,2,0.09160094768489621,0.04525548821126534,False
Q96I25,401.0,1,-0.05702227414404401,0.08603608995334636,False
Q12926,359.0,3,0.08666759636455254,-0.025334167398277794,False
Q8N567,271.0,2,0.060279080765273226,0.12374612165705318,False
Q7L8L6,764.0,3,0.035005835566745684,-0.03700422569877122,False
Q01081,240.0,4,-0.02190337302481077,0.048002520953678664,False
Q9BYN8,205.0,4,0.07514593820502878,0.05789973927869667,False
P62753,249.0,1,0.0016240734779926914,0.056501442216898526,False
Q9H5H4,540.0,0,0.0011465599681879885,-0.04133769439230458,False
Q9NWH9,1034.0,1,-0.2083457129863928,0.07577648954583353,False
Q9NWZ8,242.0,4,0.013891522419059877,0.00852144504628879,False
Q8WV60,388.0,3,0.06728228176299586,-0.08805312369774308,False
Q9NYK1,1049.0,3,0.05045326241343058,-0.13239724675945025,False
O75475,530.0,2,-0.02132354335746589,0.14311980617750317,False
Q16594,264.0,4,0.04525709930939264,0.01660940530741571,False
J3KPI1,630.0,1,-0.08494646375506128,0.020694169877876454,False
Q58A45,887.0,0,-0.05834709628406152,-0.11966897165465838,False
Q6UX04,472.0,4,-0.018442028619691707,0.11225313978403251,False
Q9H2K0,278.0,2,0.10946466052124385,0.059632864477875205,False
Q92664,365.0,2,0.012737070543000531,0.02605053505151875,False
O00567,594.0,0,-0.1090064559389004,0.029145453765779757,False
Q2M296,383.0,0,0.0014050279406509082,-0.08233501158051283,False
O96006,694.0,0,0.028736647729155834,-0.01837656560370776,False
Q9NS39,739.0,2,-0.08975557326774224,-0.004769197564368357,False
P14678,240.0,0,-0.0017438033812360466,-0.049657589007922165,False
Q8NE18,718.0,2,0.012365792324660384,0.0007802520505450109,False
Q9UKK3,1724.0,0,-0.031102975828127554,-0.05189333178568217,False
P62995,288.0,4,0.05932756356679196,0.051816135000407215,False
Q9NR90,486.0,0,-0.019819493703242683,-0.07605126203450387,False
A0A5K1VW79,999.0,0,-0.061454206093788266,-0.13824630764185683,False
P46087,812.0,1,-0.10995063931403648,0.07679131088184447,False
E9PBY2,654.0,0,-0.02184420280949495,-0.08111727192751592,False
Q9P2P1,1898.0,1,-0.10499066386958145,-0.04814490968385378,False
Q9P0J6,103.0,3,0.11452434048693048,-0.06151240903050787,False
J3KPK3,459.0,0,-0.029282946402324553,0.0181298272003686,False
Q8WWM7,1075.0,0,-0.09459853998053076,-0.11960736117406401,False
O60287,2271.0,1,-0.055953158528707976,-0.07070952235099087,False
O43310,598.0,0,-0.050693218473905496,-0.01415101288387816,False
A6NDE4,496.0,0,-0.03141543418341797,0.016232897331455932,False
O43148,476.0,3,0.05974481229875058,-0.016152719311598653,False
A0A140T8Y2,407.0,1,-0.014214774117323506,0.09505482773322138,False
O60231,1041.0,1,-0.09919859458517863,0.10067512203770528,False
Q2Q1W2,868.0,0,0.013675261718269284,-0.07977644329812564,False
Q96M93,576.0,0,-0.035596081534449264,-0.0672761370723628,False
Q9HCE5,456.0,1,-0.10683012647403826,0.0009837855582480947,False
Q53F19,620.0,4,0.0063254969360359925,0.13725228894057184,False
A0A0A0MRZ1,733.0,1,-0.10859564071045609,-0.036474486084074206,False
P41250,739.0,3,0.026472799428432683,-0.07755003441969223,False
Q8N163,923.0,1,-0.07877533614089113,0.006462432454088565,False
Q6ZN19,808.0,3,0.11852968852415888,-0.09242956216335813,False
Q96L91,3159.0,1,-0.12674104701028377,-0.04787875741572629,False
Q14444,709.0,0,-0.17805667168344216,-0.0455608623650783,False
Q8IYL2,757.0,0,-0.036050662671543963,-0.03641613624225158,False
Q8N5X7,224.0,4,0.0018951716523192307,-0.034004540227643994,False
A0A0C4DH24,114.0,3,0.09025182536668899,-0.02713684716615751,False
P40429,203.0,2,0.07341014190403684,0.049613520071937055,False
Q7Z6M4,381.0,4,0.05984524918328387,0.09505727977963856,False
Q9BUJ2,856.0,1,-0.09701073664197861,-0.012677101535937006,False
Q9UPU9,718.0,0,-0.01962104953708449,-0.09318359760715915,False
Q5MCW4,686.0,4,0.049855739467480335,0.07946717547889533,False
Q969W8,418.0,3,0.09676507702492537,-0.05708647596293752,False
P24534,225.0,4,0.024400658812399636,0.11678274430447698,False
Q9NYF8,920.0,1,-0.10892667332240379,0.11943566596349654,False
Q66PJ3,237.0,2,0.02087909143935262,0.08056313452475766,False
Q13595,282.0,0,0.018717464536108674,0.026188673704901407,False
P29728,719.0,4,0.08395053944034084,0.11320950470907688,False
Q9HD33,250.0,2,0.04613266644863274,0.03976103167745297,False
P55010,431.0,4,-0.0433253540352338,0.09704272389308011,False
Q9H0A6,362.0,4,0.03920016173166208,-0.019964248941035215,False
Q9UIF8,2168.0,1,-0.2207714865095438,0.04230870076450614,False
Q9Y291,106.0,2,0.08918917398399664,0.07822214260863579,False
J3KPP4,489.0,4,0.01803022869709738,0.16132949157881638,False
Q9ULR0,285.0,4,0.018923365356626785,0.0559660635115672,False
P31943,449.0,3,0.04795388858243753,-0.05169241938491692,False
X6RAY8,357.0,0,0.009601580077603249,-0.07037127682574519,False
Q8IY21,1712.0,3,0.00878922359200641,-0.01682941422662289,False
P09543,421.0,2,0.07393684141764291,0.10546786982852832,False
P49406,292.0,0,0.004734288362433539,-0.02686025406798285,False
Q8TE96,717.0,1,-0.08178896610603843,-0.030755828965411038,False
A0A0B4J1V9,884.0,2,0.0008428045849879109,0.016955741551585687,False
P83731,157.0,2,0.028632241927364938,0.08097399212381287,False
O14647,1828.0,1,-0.22892382080537735,0.0493465707085825,False
P35269,517.0,4,-0.002170428965833869,0.09407484025930221,False
P46199,727.0,2,0.0364494115908263,0.051266970857697526,False
Q9BPZ3,127.0,1,-0.036710971572876186,0.045686590651160666,False
Q9BVP2,549.0,2,-0.08937676554286549,0.0710428492857176,False
A8MXP9,895.0,4,-0.02537586933193235,0.06516209284217939,False
Q8N9N2,400.0,4,-0.0034493648401942665,0.0025444246558393164,False
Q5T760,491.0,1,-0.08615803301717365,0.10987275242979734,False
P51825,1210.0,0,-0.14841288448674983,-0.05655878246097959,False
Q14764,893.0,4,-0.017555142469865448,0.07132124338297423,False
Q99613,913.0,1,-0.06709545536268469,0.07543279729170625,False
Q96QR8,312.0,1,-0.011194353898938435,-0.03155129375728464,False
Q9P2E3,1918.0,1,-0.09324840738463608,0.033354838549476615,False
P50914,215.0,2,0.0795643138783991,0.041814373339465936,False
Q9Y4F3,1742.0,0,-0.06344971542188138,-0.09338573280760329,False
Q9BSV6,310.0,4,0.004584947517505779,0.04085539359477924,False
P62241,208.0,2,0.056828214771930154,0.10842937365449642,False
Q9NUM4,274.0,2,0.09592482018968317,0.010995028882943965,False
A0A5H1ZRQ2,731.0,0,-0.08860297997855925,-0.06389725675111385,False
Q8NEJ9,315.0,1,-0.00497296732114134,0.07227201548732096,False
A2A2Q9,398.0,2,0.09283003751135704,0.07260350671206617,False
Q8N8A6,666.0,1,-0.013734419464717443,0.0740750456644919,False
P82930,218.0,2,0.07001041587703898,0.027362226601939554,False
Q52LJ0,433.0,0,0.04341524593158307,-0.07291385571732041,False
Q15397,648.0,2,0.04783526717219743,0.04171239435536163,False
Q9NVR2,710.0,4,0.10049332342626843,0.012683747066796331,False
Q8TAA1,199.0,3,0.13075872483061493,-0.08164649814809222,False
Q92945,711.0,0,-0.08259829305070651,-0.12796235786824425,False
P57081,412.0,3,0.0156039059445393,-0.030646649332297157,False
Q9BRP8,204.0,1,-0.049492269061158646,0.049497657605803186,False
Q3L8U1,2897.0,1,-0.21547467614990487,-0.02341000279336445,False
Q6P6C2,394.0,1,-0.056394303882531464,0.03318455684436958,True
Q8IXT5,1001.0,4,-0.0592401636071142,0.04725807982181305,False
P57721,371.0,3,0.06521770572807124,-0.050448803182327064,False
Q5TBQ0,296.0,2,0.060341028765109335,0.08751583285592869,False
P57052,281.0,2,0.015950235122116158,0.03402153987399357,False
B1AHD1,132.0,4,0.06006179331915047,-0.017786968444879276,False
B5MCF9,571.0,1,-0.05091183606143141,0.12136213547308988,False
Q9UBB9,837.0,4,-0.010900506382502215,0.0936851230814178,False
Q15061,677.0,1,-0.030667878549028135,0.0631299307891121,False
B5MCY1,1934.0,3,-0.013220894867653713,-0.11952778665246246,False
Q86XN8,651.0,0,-0.13408574920083235,-0.10527894732625327,False
Q15796,467.0,3,0.04332864624625755,-0.04109581838803948,False
Q9NQZ3,744.0,0,-0.047349238960163915,-0.08059608522597182,False
Q12906,894.0,0,-0.1626229990545717,-0.13936968284731815,False
Q9NRJ5,637.0,0,-0.07551826723425904,-0.06459189192091193,False
Q9UPQ9,1833.0,0,-0.19460952695289893,-0.06476613783524197,False
Q9NVR5,837.0,0,-0.07213376627185564,-0.03153116269579865,False
P62081,194.0,2,0.08926169220506942,0.0831128613341044,False
Q9HC16,384.0,3,0.15469644946054698,-0.06012925447815016,False
Q9BY44,585.0,3,0.04490587873659583,-0.004972394643658259,False
O14980,1071.0,3,0.1237911762172512,-0.044080357014338246,False
B5MCH7,343.0,4,0.08983644081689562,0.11053966877525072,False
Q5U5Q3,659.0,1,-0.10311559018025007,-0.049118017145664584,False
Q8N201,2190.0,1,-0.021534267399956876,-0.045601349495934584,False
Q99575,1024.0,2,-0.025857515476602727,0.03589168996151717,False
B5MCU0,990.0,0,-0.15099673501934788,-0.07199250784882125,False
G5E9G0,351.0,2,0.06735485243764902,0.029506258736663602,False
P42696,430.0,4,0.034154935039873685,0.1267880444098741,False
Q14966,1978.0,1,-0.18554912276173186,0.04611662943761248,False
A0A7N4I394,994.0,2,-0.0991457505662598,0.07598168737463626,False
Q8N5P1,291.0,4,-0.010926006013351452,0.0944132125692663,False
Q9Y4B4,1467.0,1,-0.15372221025719376,0.0034714774419827513,False
Q8WVV9,542.0,1,-0.11231976450702376,0.007138434129899452,False
B8ZZ98,158.0,4,0.022534558935562304,0.11725109433816086,False
Q96N16,626.0,2,0.06860483054392692,0.05228957073829589,False
P61129,1189.0,1,-0.1578796495405528,0.009840515263430247,False
C9JAB2,235.0,3,0.04859887860417803,0.013828620120767104,False
O75923,2080.0,1,-0.07044602559962128,-0.027621504227954986,False
B8ZZK4,79.0,2,0.09587163099750198,0.09839024129694099,False
E7ETU5,370.0,0,0.025026935248549848,-0.023153569791940082,False
Q8NDG6,1382.0,0,-0.022172773569052298,-0.09164619000559511,False
F6XMP4,155.0,0,-0.0009616411107907717,-0.0588501660752503,False
P26639,723.0,4,0.0451403470459798,0.02268800332810143,False
E7EX53,133.0,2,0.07300169810642593,0.03031507322123979,False
E7EWR4,597.0,0,0.003922468428865346,-0.04994349454012834,False
Q2VPK5,515.0,0,-0.0404058561890825,-0.07411019019081139,False
O95628,575.0,0,-0.04621635040106092,-0.08590907224294157,False
F6XX82,94.0,3,0.043487775232758416,-0.05587931069184929,False
P62750,156.0,2,0.0508581294802161,0.07694982279199301,False
Q96QC0,940.0,0,-0.1577167557761294,-0.07309791688898047,False
C9JQX9,83.0,3,0.02706525340971527,-0.0158679427606033,False
Q96EH5,51.0,2,0.11136001711643519,0.09392027181123028,False
Q7Z2W9,205.0,3,0.010574391620732808,-0.02629963171071088,False
H0Y450,441.0,3,0.09408235234374292,-0.0376247879348418,False
J3QT46,619.0,4,-0.002170294683877662,0.036650344722668475,False
Q7Z7A3,348.0,3,0.018220875699263055,-0.06549860902513649,False
Q8NB42,609.0,3,0.15757194958332676,-0.011242451569789908,False
C9JGP4,144.0,2,0.11142540896963819,0.08426503235147681,False
Q9H3J6,166.0,2,0.085102974452064,0.09422427821623455,False
Q5T8Z2,184.0,3,0.05220194885723979,-0.06747019721271792,False
Q14576,367.0,3,0.11890619713429389,-0.059741618012973195,False
Q5SZ64,190.0,0,0.06252849509027243,-0.03592236170843867,False
O77932,396.0,0,-0.002507525862131665,-0.06963182111701399,False
C9J323,145.0,0,0.039398281181597786,-0.007550960145474881,False
Q96LT9,517.0,1,-0.045708823050500835,0.06101396700924254,False
C9J2Y9,1167.0,1,-0.03817312529999181,-0.0228192449193823,False
P27824,592.0,1,-0.03236157914287584,0.10520817260689345,False
Q16630,551.0,1,-0.03499857210854778,0.022990155236830713,False
H7BZW6,143.0,0,0.06159949008401844,-0.02404790918129941,False
C9J9B2,264.0,0,0.018418700692008398,-0.05467778399402553,False
Q15072,292.0,3,0.09500863114499525,-0.0399819688162611,False
Q9Y3F4,350.0,4,0.04518839080219357,0.03259712441536445,False
Q9UI43,246.0,2,0.11862519357684237,0.10469101736760486,False
O00571,662.0,0,0.01608327292324366,0.011378784916080761,False
Q5GAN6,216.0,3,0.12899193813898438,-0.08546442304799313,False
P0CF97,657.0,4,-0.021836421358278735,0.08966952637174763,False
X6RDA4,248.0,0,0.051566644843155596,-0.06332339386412729,False
Q96P11,429.0,3,0.0699898340007459,-0.05652657813901404,False
Q00839,825.0,1,-0.12119800818897074,0.05204308660223067,False
Q15366,365.0,3,0.0700585333966535,-0.07959843274501396,False
Q9UI10,523.0,1,-0.056459277753475506,0.024137637562815763,False
Q7L2E3,1194.0,1,-0.1698705546483783,-0.03412928711358199,False
Q01085,375.0,0,-0.02065878639678143,-0.08764869392007149,False
P57723,403.0,0,-0.023493402044309837,-0.05071668388689413,False
X6RDS5,153.0,2,0.10646330477958242,0.08661856930494852,False
Q6R2W3,1325.0,2,-0.007951044730919406,0.04234946844720625,False
C9JCE0,148.0,2,0.04406271949425977,0.031074549897607814,False
H0Y503,135.0,4,0.08729187995416687,0.11127936186044705,False
Q8IY81,847.0,1,-0.07951396524542577,0.1122632650683012,False
Q15637,639.0,0,-0.048345694316139255,-0.09511034834222944,False
Q8NDF8,572.0,0,1.3717928407941292e-05,-0.049378810235845415,False
O14787,897.0,4,0.035776640442518985,0.0019217827270019822,False
A0A7P0N5L0,480.0,1,-0.04859059147578164,0.049572979125825055,False
Q6PIY7,484.0,4,0.05405394783176557,0.016324748707547986,False
P21128,410.0,0,-0.02065607705902608,-0.010304001518977113,False
F2Z2G3,333.0,0,-0.004482833060056683,-0.08818403607919367,False
E7EV40,204.0,0,0.008426623630360409,-0.10785554343530762,False
Q8NE35,698.0,0,-0.027871428481444062,-0.10306440774625829,False
Q9H3H3,292.0,1,0.006321265588921333,-0.020705430487952772,False
Q5RKV6,272.0,1,-0.009415969429048675,-0.01234930890163885,False
P0C7P1,496.0,0,-0.03141543418341795,0.016232897331455946,False
F6QDS0,479.0,4,0.06710318296110092,0.13414671216342958,False
H7C1D4,185.0,2,0.05969779712098517,0.035598470832361326,False
Q9HCE1,1003.0,2,0.06817015606649315,0.023217624470310484,False
Q9H9A5,744.0,4,0.06082525942448248,-0.015246754552628148,False
P26378,385.0,3,0.04633416530561419,-0.041572157481362094,False
A0A087WXN2,151.0,3,0.04970300679966212,-0.025472958517556616,False
P32969,192.0,2,0.09790033396463267,0.11558904294888123,False
Q8TCS8,783.0,0,-0.029900724833645004,-0.097909197401378,False
E7ERQ6,390.0,0,-0.02020959269301533,-0.06850600143053404,False
Q76FK4,1167.0,1,-0.0969880850360867,0.08597571556175981,False
A0A0A0MSS9,486.0,0,-0.01981949370324268,-0.07605126203450387,False
O75460,977.0,0,-0.015718006596492157,-0.05925610808910585,False
D4PHA4,493.0,1,-0.1007565251945043,0.0038000590084101824,False
Q8WW01,171.0,0,0.05664042494913509,-0.05947165586017057,False
F6S9K0,191.0,3,-0.006556497591910886,-0.09860400675939625,False
Q9H7B2,306.0,2,0.04644131761998679,0.060671061411032796,False
Q96Q15,3661.0,1,-0.04488484977713972,-0.05568002842438446,False
Q9BRX9,315.0,4,0.10170634908101082,0.03388649456715744,False
Q9Y676,258.0,0,-0.043861188662840785,-0.0363560794796095,False
Q02878,288.0,2,0.06130605911755816,0.10411007479995052,False
P62269,152.0,2,0.06623438066173858,0.03975634429796743,False
B1AHC9,559.0,2,0.005122747466061031,0.13379989464801698,False
P61218,127.0,4,0.04091680944688676,0.047085530048242896,False
Q96K58,619.0,0,-0.09606085504012463,-0.05566483392254281,False
P79522,188.0,0,-0.01681477513634113,-0.06172196017248124,False
P78316,857.0,4,-0.04395609304948467,0.07357501006280008,False
Q6P158,1386.0,4,-0.024317137966046308,-0.011627165192966199,False
H0Y6E7,292.0,4,0.0451437041649394,-0.005563419690990399,False
Q9UMY1,257.0,1,-0.048081199143174595,0.11383895977107057,False
Q96EG3,531.0,0,-0.07960954343721927,-0.08795361424317474,False
Q6NXG1,681.0,0,-0.06209500145543338,-0.10373266039901462,False
H7C2G5,117.0,3,0.06330991046362862,-0.04233961331937805,False
J3KQ82,459.0,0,-0.024424839876779448,0.01236293286073386,False
Q7L775,607.0,2,0.04398904174154005,0.016551828467547762,False
Q9H7Z6,458.0,0,0.04283467805355939,-0.03848885352440823,False
Q8NAT2,981.0,1,-0.04240259737960612,0.019293240314540435,False
P41252,1262.0,4,0.04784227123994993,0.1357173293433992,False
C9J0L0,50.0,3,0.08267887481529324,-0.06633422399688874,False
A0A0A0MSN9,333.0,1,-0.06465412597897394,0.12881678146396908,False
P15170,499.0,4,0.024737719005495925,0.035172129658354534,False
P51991,378.0,1,0.009692704481317309,-0.04396942083750509,False
A6NDY0,278.0,4,-0.025709608136624443,0.03253990959439797,False
Q9H633,154.0,3,0.07302215332233747,-0.004936960890701874,False
Q13428,1488.0,4,-0.03767751163379657,0.06662452225121535,False
E7ESC6,1088.0,0,0.017877210729099993,-0.04284707722162917,False
Q9BQ75,279.0,2,0.08410966231065686,0.07588502191110152,False
Q9P1Y6,1649.0,1,-0.07441573693504108,0.02815502937256949,False
P62633,177.0,3,0.05448966696206424,-0.0054484311792993715,False
P08865,295.0,4,0.043408543113834054,0.0681955951505056,False
Q6ZMS7,546.0,0,-0.025779252836803237,-0.06877685265720873,False
Q5QJE6,756.0,1,-0.09255214936856737,0.11635627011559024,False
F6VEC6,435.0,3,0.09509057398488692,-0.037142428147148764,False
Q8IYT2,770.0,3,0.08034076346260292,-0.1144646495251281,False
X6RJ73,173.0,3,0.029601949887452916,-0.05627506660378718,False
Q8TCP9,573.0,4,0.02143935706141724,0.08334000788385999,False
C9J847,114.0,2,0.10564569098755927,0.10809278386751636,False
Q13601,381.0,2,0.057301979902437766,0.03264747071540045,False
Q9HBD1,1191.0,0,-0.029816771503057164,-0.08464843361734001,False
Q5VZU3,215.0,3,0.10739117509937181,-0.0704239628571618,False
C9J1C5,52.0,3,0.09924157370875741,-0.060060414928656464,False
Q15477,1246.0,0,-0.0647946092067341,-0.10237103219946932,False
Q8NE71,845.0,2,-0.016747811864983777,0.10153912846286485,False
C9JVJ0,101.0,3,0.09698381672380159,-0.09523891274088707,False
E9PHM2,860.0,3,0.08446530999706163,-0.09348977896251642,False
Q5CZA5,627.0,3,0.17981896836491984,-0.06639120645154098,False
X6RJY0,320.0,4,0.021320394047807147,0.10637288246882738,False
F8VVL1,160.0,2,0.03546312840085969,0.07653747725495745,False
Q5T7F5,372.0,2,-0.001124407401921852,0.0363139881716692,False
Q9H0H0,1196.0,4,0.05091186853716295,-0.019504953901649854,False
Q8WXF0,261.0,0,0.021323541047228306,0.04720479480406307,False
Q9NWK9,470.0,4,0.03445703979606284,0.07142501844153878,False
P25786,263.0,4,0.13709980473661357,0.09714340673198332,False
F6TAI2,324.0,0,-0.010853540398439027,-0.11267820492896496,False
Q8WUQ7,758.0,4,-0.035348152991511284,0.10053042608121729,False
Q9Y3B7,192.0,3,0.06456421957686309,-0.006959630993407009,False
Q96CB8,462.0,3,-0.014608935485100921,-0.05284680264774476,False
E7ETK0,131.0,2,0.06817742597086167,0.062317253335097696,False
P0C7T5,689.0,0,-0.05894962792059407,-0.09367482116756083,False
Q96BT7,664.0,2,0.08203341946904683,0.06683889653738187,False
Q5QPL9,237.0,1,-0.011959017386728645,-0.030933427163750332,False
Q587J7,1177.0,3,0.11575092996187024,-0.09570223352730241,False
P54253,815.0,0,-0.043698798972280184,-0.10004839104958489,False
Q9UHC7,482.0,1,-0.18264780490656998,-0.03324596044705181,False
A0A0C4DG89,1032.0,4,-0.049847036611970354,0.11339908753548568,False
C9JE40,543.0,0,-0.016119666469758896,-0.04983456217353774,False
Q5JW28,199.0,3,-0.00804252499265046,0.014488314521538734,False
B0QY89,607.0,0,-0.05810801668781426,-0.06557752102232652,False
Q9H2U1,1008.0,2,0.02786445105021362,0.00048162565328233856,False
H7C4E7,151.0,0,0.04325159060929659,-0.026741563889574577,False
Q9BWE0,567.0,1,-0.11416786563098281,-0.04294691931287096,False
F8WAS2,213.0,3,0.18085722890749864,-0.07764800198799977,False
Q8N7X1,1067.0,0,-0.121436136490552,-0.04972927856318633,False
Q6PI26,577.0,4,-0.015511509482981656,0.04350856417781397,False
P56182,461.0,1,-0.041909162152054015,0.11998868433874216,False
Q86TG7,708.0,1,-0.020840193275517158,-0.022842858389463913,False
Q96EK7,910.0,3,0.037892212524138436,-0.08369705041391082,False
C9J7E5,957.0,0,0.004246825191096754,-0.052528711920641534,False
C9J6P4,1024.0,2,-0.07259428793786633,-0.039008773030094174,False
Q8IZH2,1706.0,1,-0.10039937886651831,-0.019233704498128258,False
O15042,1029.0,0,-0.1678184039149812,0.052740741396534306,False
Q9C0B1,505.0,4,0.045064435625643856,0.09122787812910628,False
C9J0B9,218.0,0,0.07739009471366039,-0.0755028881287332,False
P38398,1863.0,4,-0.0774610852024387,-0.017922477843958583,False
C9JYQ9,121.0,2,0.10319899714993219,0.04825975568071192,False
Q5RL73,367.0,2,0.03984779707377107,0.033807229346625785,False
Q5T7N2,865.0,4,-0.1144185261662841,0.04525128825169325,False
H7C5K7,360.0,2,0.015043110800427466,0.023657598418539903,False
Q8TAS1,419.0,1,-0.008794398195550005,-0.0003450981411117015,False
C9JP00,348.0,0,-0.03374076676749504,-0.09994147205177557,False
Q00059,246.0,2,0.10103490723945996,0.055199490948107624,False
E9PFF5,490.0,2,0.025327236303462876,0.06726827503701766,False
P47914,159.0,2,0.022005687685637702,0.041817301967663485,False
O60783,128.0,2,0.06592683051136129,0.03543906991921777,False
P62945,25.0,2,0.0935632246094032,0.10171043943093454,False
Q08J23,767.0,0,-0.02113773178729997,-0.0386549325030539,False
E9PB61,264.0,0,-0.03454571796529374,-0.016712230734635826,False
H0Y8P4,545.0,1,0.024797164936236803,-0.0030138008278785644,False
Q499Z4,452.0,3,-0.012841187841889852,-0.04346962166221015,False
E7ET15,1028.0,0,-0.16771179771803693,0.05283655121147413,False
H0Y8X3,171.0,0,0.019810272442952827,-0.07764041962255283,False
Q5H9U9,1706.0,0,-0.07298543131515513,-0.023389423558905127,False
Q4G0J3,582.0,2,-0.0061315366229488305,0.08105906379250344,False
D6R9W6,518.0,1,-0.0680090704092009,0.0772025719169391,False
F6VAP0,555.0,0,-0.03637758110363963,-0.10748845644845322,False
A0A0B4J203,849.0,4,-0.012183365065029914,0.040480351765113956,False
D6R954,199.0,2,0.07223223029103872,0.07371957417615196,False
H0Y9C1,435.0,3,0.0677111686796363,-0.04380832962996069,False
D6RCB9,135.0,2,0.08227006926974373,0.04971796971533413,False
Q9BTF0,503.0,3,0.14574747073387392,-0.05592375324645734,False
Q9NP92,439.0,1,-0.0022692064081649348,0.011370354818068192,False
O43660,514.0,3,0.09513587205063284,-0.07115388771973043,False
Q8NI36,895.0,0,-0.05562797089870063,-0.08043993638725645,False
Q9NQI0,724.0,0,-0.024736095728787006,-0.0859762101922452,False
P09132,144.0,2,0.114970112286373,0.1031474440976662,False
Q99729,332.0,1,-0.0458027512653655,0.0053500529537608334,False
Q92540,1137.0,0,-0.10495974884782407,-0.04424974597375093,False
P06730,217.0,4,0.04606441698896045,0.06198809592642107,False
Q8IU60,420.0,3,0.06395211563283779,-0.07272963677920634,False
Q9P2J5,1176.0,1,-0.026553129906181597,0.025934047974586965,False
O00584,256.0,0,0.03655722646528116,-0.05444541646712729,False
D6RG13,223.0,2,0.12262554066830011,0.02374853345410262,False
Q15797,465.0,3,0.03990669879180091,-0.04415574246573521,False
P53999,127.0,2,0.012727704230019446,0.047655116816181994,False
D6REA0,516.0,2,0.04678048846690841,0.02373924174736338,False
Q969S9,779.0,3,0.11442697721642443,-0.06795139243641375,False
D6RIC3,150.0,2,0.061610681313205566,0.04050530342990744,False
Q9H2T7,1088.0,0,-0.00314303521053707,-0.07990967294372638,False
P62888,115.0,2,0.1294520928919941,0.11382373343034612,False
G5EA06,358.0,3,0.06065159220180918,-0.022962456104641992,False
Q8TC59,973.0,0,0.026515714006378508,-0.07966266530737784,False
Q2WGJ9,1857.0,1,-0.0926720827299715,0.04795675897221242,False
E5RHF4,198.0,2,0.0882206766488456,0.03852873642896773,False
Q5TAP6,766.0,4,-0.014619871426152878,0.07946442159366897,False
E7ESL0,212.0,0,0.04950213989147037,-0.0186808356148556,False
E5RJM0,639.0,0,-0.008391603989239842,-0.06656704506557709,False
Q9NV88,658.0,0,0.015780685247918168,-0.07063180992706744,False
Q8N8Q3,282.0,0,0.03934194787168614,-0.0499275790594569,False
Q96DE0,195.0,4,0.07303735382702968,0.04211513331328245,False
E7ERJ7,604.0,3,0.02437018652527376,-0.0833231319045226,False
O15372,352.0,3,0.014538924639798391,-0.07073174576918453,False
E7EPX0,491.0,0,-0.09879766160116041,-0.014295499482740557,False
H0YBR2,502.0,3,0.026867699003530674,-0.07934106769847335,False
Q86SE5,291.0,1,-0.04603263616182696,0.04534714204624304,False
Q8IV48,349.0,1,-0.02155695564177121,0.05857010554508829,False
Q75QN2,995.0,3,0.061084785107294405,-0.05588754268334921,False
E5RK86,108.0,4,0.1390170448825625,-0.002250037717704025,False
Q9UFF9,292.0,4,0.1114198414388792,0.1151269639794859,False
E5RJZ9,265.0,3,0.010735315181634637,-0.03704523299488319,False
P49756,843.0,1,-0.11400948556330762,0.17278613393860703,False
E9PJG9,54.0,2,0.09792138007470938,0.09007359342320724,False
Q9UHX1,559.0,1,-0.04362669249541595,-0.027155329036752995,False
E9PIF2,835.0,1,-0.07213113792065079,0.09762928815630555,False
Q16560,246.0,0,0.016340758145146562,0.039493442907564964,False
H0YD25,96.0,4,0.06136511900413569,0.055368848391180614,False
A1L020,520.0,0,-0.0725593677754822,-0.1235794169215383,False
E9PN81,247.0,4,0.009532644797686595,0.02677608504249316,False
Q9H0A0,1025.0,2,-0.01383684720248409,0.014277483596810553,False
E9PMM9,218.0,3,0.08502479232583036,-0.012728279134976182,False
E9PL19,596.0,1,-0.08747057769493623,-0.004803282965497237,False
E9PL09,231.0,3,0.050472321717576776,-0.015487985054240174,False
P29692,281.0,4,-0.038809265797418925,0.08407196505839674,False
P78344,907.0,0,-0.10815600682556503,-0.07324611089085492,False
Q9Y2W1,955.0,1,-0.22822887230830466,0.09824944919929618,False
H0YDK8,900.0,0,-0.05631071787961984,-0.09382887360754501,False
P13489,461.0,3,0.06284270863392932,-0.0683270651345191,False
Q96HW7,963.0,3,0.06654269790048452,-0.03187589415115955,False
P62851,125.0,2,0.07655648251022662,0.08515281000818789,False
E9PKU4,235.0,2,0.0678251779363324,0.002959110069757874,False
P62861,133.0,2,0.08361106772740545,0.11516842191454979,False
P08240,638.0,2,-0.027265965647508734,0.07607635007439263,False
Q7L2H7,374.0,3,0.10719891236790605,-0.08134367940900067,False
E9PI14,86.0,3,0.1073319038343365,-0.04538602592161838,False
Q8N9N8,165.0,4,0.074294205253456,0.1172298516195579,False
Q14498,530.0,0,-0.012284462411024091,0.0386056259874681,False
Q12872,951.0,1,-0.14657192552831416,0.04619946726706701,False
Q96CB9,384.0,3,0.13349494293728836,-0.04846608809428179,False
Q5VTE6,544.0,3,0.03849144432599779,-0.07103759052419471,False
P21399,889.0,3,0.15602399591180496,-0.08581803372685815,False
Q8ND04,991.0,3,-0.009717448957834872,-0.06919598539324338,False
P51513,507.0,3,0.061272346583123354,-0.06500645168198539,False
A0A0C4DGG8,1043.0,1,-0.09068112080840897,0.06955290926460453,False
Q86Y79,214.0,3,0.18094791170237473,-0.07883923264319256,False
F5H1K3,237.0,2,0.04572530351158669,0.08006715737689798,False
Q8IWX8,916.0,0,-0.04597368714800783,-0.09738079111279313,False
Q96FC9,970.0,1,-0.04979786303939184,0.019589541256690487,False
Q9BZJ0,848.0,0,-0.0566050677064859,-0.006658554025039045,False
F5GYR3,275.0,4,0.017222765316024242,0.06359177866560273,False
Q15233,471.0,0,-0.05227497866436944,-0.05829714432293147,False
Q8N1W1,1705.0,1,-0.09899289418966119,-0.004071611237371274,False
Q99717,465.0,3,0.05400368412566061,-0.03559514130894459,False
Q9Y4C8,960.0,4,-0.05017963621180397,0.04066578118789252,False
O15226,690.0,0,0.021140275030154296,-0.03438427931551507,False
O60942,597.0,1,-0.009503161077800073,0.07618231922357839,False
H0YGD3,207.0,3,0.13331820042998624,-0.048544865415544675,False
Q9UPS6,1966.0,1,-0.15568334527960276,-0.013905245944396814,False
O60522,2096.0,4,-0.028615476699873608,0.00688610950917572,False
P56270,477.0,0,-0.03668859995180784,-0.09180750653849422,False
Q7Z5Q1,589.0,0,-0.0022823589204889806,-0.07835549889043758,False
O95453,639.0,2,0.035961202041662796,0.08521486020989187,False
Q9Y5A9,579.0,0,-0.09921914520832162,-0.06599665964087752,False
Q9NP64,241.0,1,-0.03627287727268711,0.14288817311905735,False
Q9Y2P0,537.0,3,0.018170048315540078,-0.03405749202471511,False
H0YGT4,134.0,4,0.07400548559321077,0.07717869152016332,False
Q2VIR3,472.0,3,0.05344593053724266,-0.07227917478488914,False
H0YGW8,298.0,4,0.014518630892221317,0.08542079732523228,False
Q13360,481.0,2,0.0638412293910766,0.021585570358826377,False
Q8IYX4,353.0,3,0.036845979536015074,-0.09117255212431717,False
F8VQP2,1073.0,0,-0.08928306132250544,-0.05930377829406269,False
Q5JTH9,1297.0,4,-0.018410149359145606,0.12335647255963605,False
P62826,216.0,4,0.09517799131738026,0.11635167647749312,False
H0YH84,186.0,4,0.07562163003104423,0.01244190751467833,False
A0A0G2JKY3,1061.0,3,0.02141139125222657,-0.09244865878852718,False
F8VZA0,365.0,2,0.1130076084540539,0.01761610633662824,False
Q9UIF9,1905.0,1,-0.2066708153752554,0.003464417521140187,False
Q07020,188.0,2,0.0533823775216412,0.026221371146903982,False
F8VZY7,263.0,3,0.05290410736415364,-0.058696288497416704,False
H0YHU8,144.0,1,-0.007330937862891952,0.027931538991326,False
P86452,979.0,0,-0.0720492428270819,-0.06261287540070466,False
F8VU11,892.0,1,-0.09539000770568219,0.03249407305385768,False
H0YI55,253.0,4,-0.010730882757479507,0.0028954837517383984,False
F8VS19,96.0,3,0.06939736411094932,-0.05100850984139883,False
F8VXY6,228.0,4,0.037903258588165914,0.14019223052640148,False
H0YIP0,219.0,2,0.02306963590189577,0.02471203673255983,False
F8VP89,275.0,1,-0.10448545559074024,0.09787156173374285,False
Q5GAN4,147.0,3,0.1730774501900378,-0.08287869656937451,False
G3V2M5,61.0,3,0.12664975516365465,-0.055950206101265866,False
O15037,678.0,1,-0.03510053907975444,-0.004453745033584261,False
A0A0A0MTQ0,185.0,2,0.10145923030612236,0.005652372040884271,False
Q9GZT3,109.0,0,0.06422138780716467,-0.044231586116077415,False
G3V3F2,158.0,3,0.023196845828729502,-0.05348827412148475,False
Q13243,272.0,4,0.051593665217719895,0.07019795498150116,False
G3V414,235.0,2,0.09534380983999355,0.017900671129691136,False
P60153,205.0,4,0.053149922488451955,0.025998586126929284,False
Q9HCK8,2581.0,1,-0.19367080906373021,0.003261208486623509,False
A0A0C4DGK8,146.0,2,0.08664365121524942,0.08692125658238267,False
G3V529,816.0,1,-0.06481261777265414,0.08627081843437023,False
G3V5I6,420.0,0,-0.039435139025318006,-0.06470271677474254,False
G3V5X7,2519.0,1,-0.06560583187953026,-0.05135078607786611,False
H0YKX1,171.0,4,0.08684232272741257,0.023840456483246012,False
Q8IZ73,545.0,1,-0.007176442526635146,-0.017110783997128152,False
H0YLQ7,131.0,4,0.014957940599018787,0.08843410550481495,False
H0YMF4,112.0,3,0.07821517156827686,-0.09439166343114304,False
H0YMJ6,179.0,1,-0.017643949221992198,0.02822273959251266,False
H0YN88,136.0,2,0.06566986769077149,0.06326198405341245,False
H3BM89,333.0,2,-0.020438794032002827,0.040729865427687646,False
H3BMQ2,146.0,2,0.028654123187285083,0.0841125801044432,False
Q9H6T0,727.0,0,-0.06183868083432858,-0.10607403265711218,False
A8K979,691.0,0,0.0052996400553956685,-0.07314505502715064,False
H3BN59,261.0,4,0.0669141209187343,0.13397503922475695,False
Q12788,808.0,4,0.02829704527710128,0.005884218737224619,False
H3BNJ4,201.0,4,0.008718704346675035,0.024938114195883796,False
Q14137,746.0,1,-0.1026076697844538,0.018077128057458956,False
H3BPD0,197.0,1,-0.01364967040994235,0.030700393264263815,False
H3BPE7,527.0,0,-0.06564316367728938,-0.09131764596740102,False
H3BPG5,128.0,2,0.06412001764119565,0.054938966846627565,False
Q96F86,508.0,1,-0.029762052219402067,0.05388533872106446,False
A5YKK6,2376.0,0,-0.02166401372026346,-0.15036572782649063,False
H3BQK0,484.0,4,0.06710498531378746,0.13414896945381266,False
Q9Y2V2,147.0,0,0.008435135852013722,-0.07640439807012517,False
H3BSB3,131.0,4,0.06478098472172257,0.06733908954395637,False
H3BSG4,173.0,4,0.05319647711496335,-0.016506597533206217,False
H3BSW6,586.0,0,-0.039150154623941634,-0.07404916798228653,False
H3BTT8,252.0,3,0.05842668667917058,-0.08345717687472651,False
D6RA96,785.0,0,0.011491550616735112,-0.08868766242732733,False
H3BUK8,54.0,2,0.075533422519641,0.016760609974088493,False
Q96J87,481.0,0,0.013797800699182142,-0.08757064345092462,False
I3L0N7,115.0,4,0.014895469700377651,0.08897082085092009,False
I3L1L6,617.0,3,-0.0040948047070379825,-0.026909774365355695,False
Q96SZ4,780.0,1,-0.07590066686256487,-0.008065599163993095,False
Q92667,903.0,1,-0.016442386676976624,-0.014801360853803878,False
Q6P2Q9,2335.0,0,-0.053533416581560106,-0.09653832942409292,False
A0A140TA76,344.0,2,0.02289249405201288,0.021890684967003707,False
J3KRL2,102.0,3,0.11396803305471509,-0.03803904636252028,False
O14730,519.0,4,0.007761932274717188,0.027855325439923476,False
J3QKW2,183.0,4,0.06595776280126488,0.03958284807099818,False
J3QL05,130.0,4,0.0801989461346001,0.056879763634055,False
P60842,406.0,2,0.07385179365041675,0.026725943952775614,False
J3QLD1,290.0,2,0.012815925871816762,-0.019720306244044646,False
P61254,145.0,2,0.08164496096153916,0.08028663948670732,False
J3QQT2,171.0,2,0.09558029364092276,0.06964537366998923,False
J3QR28,271.0,2,0.09134837964312305,0.08964073332883835,False
Q9Y3U8,105.0,2,0.07958100853598064,0.0597718598300737,False
J3QS41,1943.0,0,-0.15174103835734265,-0.08753611784101804,False
K7EIJ1,223.0,3,0.17691109065137595,-0.10188707438674019,False
Q9C0B9,1178.0,0,-0.10422845378371895,-0.042955760901275286,False
K7EIU6,117.0,2,0.13280483956013722,0.08798615619181702,False
A8MQ14,1090.0,3,0.08708284198101622,-0.017040084808962228,False
K7EJ78,129.0,2,0.011340095860588182,0.006839213342681362,False
Q15029,972.0,4,0.046480935565065995,0.0811247950796089,False
K7EJB9,349.0,4,-0.012686269591500576,0.07092978074127035,False
O95707,220.0,2,0.10775365281434639,0.11592739515516723,False
K7EK40,64.0,2,0.07558003886102807,0.057264620766794255,False
D6W5Y5,297.0,0,-0.03711810485799994,-0.05637913562294989,False
K7EKC9,86.0,2,0.058225932097743745,0.06988137441454327,False
K7EKH9,261.0,2,0.05315592562515745,0.024242788627998776,False
O00411,1230.0,0,-0.01001048077446126,-0.12204947638693045,False
K7EL95,136.0,3,0.10196335998973864,-0.09132102482615179,False
Q9BTD8,480.0,0,-0.09315391014155225,-0.03990586701016345,False
Q9H840,131.0,3,0.05287240748812152,-0.01902006708899265,False
K7ENA8,289.0,1,0.014418056267811957,0.01828584496836165,False
Q9NXH9,659.0,1,-0.030903643137996557,0.045049959655908633,False
K7EPB9,110.0,4,0.04963396489861714,0.07422558087784716,False
K7EPH2,378.0,0,0.030887413085240796,-0.020727353126085677,False
Q9UKJ3,1502.0,1,-0.17201521725099364,0.02870782413876772,False
Q14587,947.0,3,0.014413741550251425,-0.03895805731795709,False
K7EQP2,53.0,2,0.11627890818942595,0.07347154283949511,False
K7ER00,548.0,1,-0.03518086177521318,0.012551126385262816,False
K7ERG4,78.0,4,0.013583365024919835,0.01904444263668761,False
M0QXD5,236.0,0,-0.004435156442969105,-0.07236341457334519,False
O00267,1087.0,4,-0.04638779779420214,-0.006230197220042973,False
Q9Y4Z0,139.0,3,0.07454372454182004,-0.011227708292944968,False
M0QY97,910.0,0,-0.11922933817574292,-0.06893857127015313,False
M0QZ34,200.0,2,0.08444992309826914,0.05808457957328209,False
Q9ULX6,646.0,1,-0.15101367004896993,0.018353388178814087,False
M0R050,197.0,3,0.07999935029475068,-0.08049895868256086,False
A6NNF4,616.0,2,0.03939005387389338,0.0598763648999909,False
M0R117,154.0,2,0.15081803789326162,0.10295328658853098,False
P0DKX0,622.0,2,0.026356010970690492,0.08328349375900253,False
M0R1H0,178.0,3,0.08594142045709921,-0.01632772617229912,False
M0R226,184.0,2,0.013470048399545725,0.0016158550619620278,False
Q9NW07,568.0,0,-0.12692904939123165,-0.06692896919761314,False
M0R2C6,588.0,0,0.014220046426592768,-0.05860483327272154,False
Q9GZY0,626.0,3,0.03560645558411356,-0.0426013066988724,False
M0R2S1,138.0,2,0.07180816991639842,0.02066038290669502,False
Q8WTR7,871.0,3,-0.0007431466462766657,-0.02604659293970298,False
P08621,437.0,4,-0.07262161188332258,0.09138589584693138,False
Q9Y230,463.0,4,0.08405534487206531,0.03532774708809745,False
R4GMQ7,143.0,3,0.13910662524777193,-0.07674093113112529,False
A6NHQ2,334.0,3,0.07642732125674523,-0.03219249369214312,False
R4GMX9,53.0,3,0.12165810827994604,-0.03979303028669507,False
Q96T37,977.0,0,-0.18209671238739028,-0.041887352508041306,False
R4GNH1,168.0,4,0.05688847892267767,0.07333080982534902,True
Q9UKT8,454.0,3,0.09575545877704597,-0.05933943260296833,False
Q96B70,501.0,1,-0.03612989898069042,-0.007325868022990961,False
A6NFI3,1004.0,1,-0.14562494612508042,-0.027155116315818698,False
Q96EH8,262.0,3,0.10188239577876901,-0.07146521807136202,False
A0A024R214,626.0,0,-0.013020098400700458,-0.11880905742527718,False
A0A087WUV0,522.0,0,-0.04878793401341218,-0.007668515824574478,False
A0A087WVF4,1798.0,1,-0.18403592544184244,0.08414886585561795,False
Q9Y2R4,599.0,2,0.011107195884036846,0.079228849427872,False
Q86XI8,627.0,0,-0.0880253063150582,-0.08122256379199574,False
Q3SXZ3,478.0,2,0.0846069447112018,0.021074189000833188,False
A0A024RCN4,479.0,4,0.00027525879793560465,0.0011761629270815547,False
O94761,1208.0,1,-0.12485873637347096,-0.029923756878687858,False
A0A087X0J2,248.0,3,0.142605696023926,-0.06961367979372234,False
A0A0D9SF53,733.0,0,0.0159997771520146,0.02094198015185664,False
S4R469,234.0,0,-0.022960242828815345,-0.040486615801535675,False
A0A0D9SFM0,1687.0,1,-0.017273491987001868,0.0015264692696584025,False
A0A286YFD1,2093.0,0,-0.01690706684674366,-0.07700143917318023,False
A0A2R8Y4L2,320.0,0,-0.018749048643106038,-0.07974422347558813,False
Q9HBD4,1679.0,1,-0.2191712227729289,0.023474766489458437,False
A0A2R8Y6W8,807.0,1,-0.07707164169328531,0.017143842156033134,False
Q14839,1912.0,0,-0.12820320006219113,-3.968784856109202e-05,False
Q9BYX4,1025.0,1,-0.06725997143375685,0.045141717903756845,False
A6NKG5,1358.0,1,-0.11093695610672834,-0.039071910985149824,False
Q9ULG1,1556.0,1,-0.21135597481615134,0.04303533956926341,False
P38919,411.0,2,0.10536209622246563,0.09653041653706784,False
Q99608,321.0,0,0.058877236260621954,-0.029275784081769892,False
A0A494C0I1,1111.0,2,-0.001967229438253409,0.09269318072050924,False
A0A494C1N8,1116.0,2,-0.00196204981195417,0.09269642792027767,False
A0A590UJW6,1086.0,0,-0.05635981061303334,-0.12383203940926042,False
A0A5F9ZHS7,289.0,2,0.03908546178333033,-0.019697648015854056,False
A0A7I2V5M7,476.0,1,-0.07066797256286558,0.028617895917252365,False
A0A804HKV4,723.0,0,-0.041346875631392145,-0.08351895611228674,False
A0A8I5KX04,1686.0,0,-0.18585262029153604,-0.016348640083989622,False
A0A8I5KNN2,808.0,1,-0.046119216050842425,0.04569781487878906,False
A0A8I5KY89,167.0,3,0.05174470797044498,-0.025546005139865224,False
A0A8I5KWK6,331.0,1,-0.032445016699618176,0.018964056335858594,False
A0A8I5KSH6,925.0,1,-0.033763153916876947,0.13745861171827586,False
A0A8I5KVU2,1735.0,1,-0.07943017460779528,-0.031199928573313624,False
A0A8Q3WL03,351.0,0,-0.012630909728537469,-0.0759505328037629,False
A0A8V8TR54,2114.0,1,-0.17553659403083302,0.023441710342463996,False
A0A994J6B2,331.0,3,0.09455509802823138,-0.07954160292829347,False
A0ABB0MN55,322.0,0,0.0218285005667477,-0.09553609473436045,False
A0A994J7T5,750.0,1,-0.09042598884737237,0.01164639290194194,False
A0AA34QW03,678.0,0,-0.08990648711840278,-0.044529074460194246,False
Q5T890,1561.0,0,-0.09471099268528468,-0.024161561218703907,False
A0ABB0MV08,369.0,2,0.02764655610120593,-0.03355467649107555,False
A0ABB0MVJ3,604.0,4,0.06728995906895333,0.06339735034699231,False
A0ACI8QGH0,324.0,3,0.12811404911344093,-0.04534732725965438,False
A0ACI8Q0P4,829.0,1,-0.17000749888488922,0.05290873192351268,False
A0ACI8UUW5,527.0,3,0.05420515653396995,-0.03837611772138573,False
A0ACI8P9Y7,1707.0,0,-0.07411163440713814,-0.023556246709065292,False
A0ACI8RQX4,1349.0,0,-0.020192593173407148,-0.08905680903117393,False
A0ACI8RL22,1967.0,0,-0.08063288460917051,-0.07817430626074676,False
A0ACI8PJP7,596.0,3,0.06115908918309462,-0.08473355802947591,False
A0ACI8PI13,378.0,2,0.07371782335503511,0.026702630213674916,False
A0ACI8S0C5,927.0,1,-0.04261378026618595,0.10965283294686998,False
A0ACI8UGJ8,626.0,0,0.003926892461817365,-0.04923108880900988,False
A0ACI8Q806,498.0,0,-0.12038585730452649,-0.08904435464056137,False
A0ACI8QTQ5,1388.0,0,-0.11291409309506903,-0.03745592535924835,False
A0ACI8RI26,764.0,1,-0.12201122543353324,0.12732474669318444,False
A0ACI8PUZ8,1375.0,1,-0.1024360002315131,-0.012811171908215976,False
A0ACI8PR05,399.0,0,0.016431664978144543,-0.05754103106089529,False
A0ACI8RSP0,320.0,3,0.02859060090890865,-0.021066158138817365,False
A0ACI8PX57,378.0,0,-0.015177263440215033,-0.08875258549435684,False
A0ACI8RLL6,729.0,1,-0.08663829613998586,-0.027802665532832282,False
A0ACI8R3H8,616.0,0,-0.0964623953871979,-0.0015145713410274382,False
A0ACI8QH16,558.0,4,0.023422574064803088,0.015654332234168317,False
A0ACI8PT71,1306.0,2,-0.06478431884948146,-0.05328556883016496,False
A0ACI8RWF6,608.0,2,0.04667568562751933,0.009513535871814024,False
A0ACI8S5H4,1122.0,2,-0.017778413120800043,-0.03345380305026272,False
A0ACI8PVP6,744.0,1,-0.11044512200831104,-0.03318327068908392,False
A0ACI8RTZ8,489.0,4,-0.00505749729704596,0.09698958894242525,False
A0ACI8RMB5,1003.0,1,-0.1011351970097937,0.007026985075756254,False
A0ACI8Q010,418.0,0,-0.0006934934431172367,-0.08792532339699627,False
A0ACI8R7Y8,131.0,2,0.07677983871161562,0.08019429502829868,False
A0ACI8QLY8,321.0,0,-0.0609268747262167,-0.07381326258511708,False
A0ACI8QBP4,358.0,3,0.16683191728678062,-0.006332111000792822,False
A0ACI8QA17,371.0,1,-0.04915295056042887,0.03448485266040786,False
A0ACI8QUJ1,752.0,0,-0.0640914870051522,-0.10634833721716383,False
A0ACI8SAU3,2066.0,1,-0.1037253703122555,0.055883172710507266,False
A0ACI8QHW6,749.0,1,-0.053961731136959505,-0.007091869856436551,False
A0ACI8SBH9,480.0,3,0.13768213834037155,-0.05035095081141617,False
A0ACI8RHW9,182.0,3,0.09605076898330528,-0.06641204252424057,False
A0ACI8RX58,750.0,1,-0.10217315708492496,0.07951998342377543,False
A0ACI8RCQ9,534.0,4,0.02589494689922256,0.05792091659178079,False
A0ACI8QNN6,701.0,1,-0.09726439871443948,0.0740551425667114,False
A0ACI8RR28,918.0,1,-0.1442530573396948,0.03951571776442294,False
A0ACI8QU73,864.0,1,-0.0679489640683946,0.07736795674685817,False
A0ACI8R7A3,356.0,0,0.03825185059128072,-0.08785208906503875,False
A0ACI8QY88,715.0,0,-0.0768238310620087,-0.08620639319891024,False
A0ACI8SEY7,629.0,1,-0.04463247569729581,0.0022948078340910695,False
A0ACI8S113,1253.0,2,-0.07553270655902852,0.11225781558297504,False
A0ACI8S5T8,488.0,0,-0.09676498096679,-0.09633805014263114,False
A0ACI8SSD0,670.0,2,0.05469330208039769,0.039347668488099306,False
A0ACI8SJI5,941.0,4,-0.013939339395452433,0.04212484510285638,False
A0ACI8SJX5,1048.0,0,-0.04209904450033477,-0.04386068333117686,False
A0ACI8SL57,162.0,2,0.020487114948988194,0.0968973037696167,False
A0ACI8SMB7,682.0,3,0.05319256697071703,-0.05019998403010734,False
A0ACI8SNF6,153.0,2,0.08212184757586788,0.08029528255072828,False
A0ACI8SPJ0,2147.0,1,-0.08488137174578615,0.04260079293054833,False
A0ACI8SQV4,211.0,3,0.049672677995256515,-0.039037382270277386,False
A0ACI8SRT4,223.0,3,0.03186647210365991,-0.05615719623681563,False
A0ACI8SRJ7,322.0,4,0.039899053257292795,0.07180997805691125,False
P51814,821.0,3,0.05338326375759271,-0.0623177741612051,False
A0ACI8SUQ9,100.0,3,0.19664904575554112,-0.08906741826511597,False
A0ACI8SXP5,451.0,0,0.016782132736873658,-0.07669334787688371,False
A0ACI8SYT5,674.0,1,-0.01363765713038438,0.07407783627482935,False
A0ACI8SZ27,721.0,2,0.0753785414733237,0.026705225789415553,False
A0ACI8T088,675.0,3,0.05275460690080212,-0.0693411455754023,False
A0ACI8T0E0,161.0,2,0.078420454940185,0.07996482781389766,False
A0ACI8T1C0,544.0,2,0.08902977488321259,0.03114956004557171,False
A0ACI8T6P5,600.0,1,-0.049271817988741334,-0.021149711614976828,False
A0ACI8T823,380.0,0,0.07811490589385417,-0.05388996573556853,False
A0ACI8T7F0,1068.0,3,0.021433321712141257,-0.09245171864083211,False
A0ACI8T9E2,234.0,3,0.06563841647523667,-0.07533459226424749,False
A0ACI8TCF1,435.0,4,0.09129999170159511,0.13044724151915932,False
A0ACI8TFG6,1552.0,2,-0.01800489419769207,0.05206822586904354,False
A0ACI8TEP7,818.0,3,0.07892261824145508,-0.05500876103277969,False
A0ACI8TH72,1111.0,2,0.012205815343239366,0.005966316512947107,False
A0ACI8TIT4,488.0,0,0.03985394180467841,-0.041254462675068895,False
A0ACI8TJ61,193.0,3,0.08176848257110832,-0.05686097004565664,False
A0ACI8TJP2,2207.0,3,-0.01477149184260515,-0.024243877952224442,False
A0ACI8TLS0,550.0,1,-0.02892942589258859,0.025501241697404753,False
A0ACI8TLG3,1044.0,1,-0.014735537513156248,-0.0173896048028455,False
A0ACI8TLM1,106.0,4,0.0799245517881216,0.07697700875404562,False
A0ACI8TML7,1201.0,0,-0.0596302482335768,-0.09782301559278096,False
A0ACI8TNP0,654.0,0,-0.06518194429895269,-0.03421748258834373,False
A0ACI8TN08,998.0,0,-0.029069724049428085,-0.011971056431768552,False
A0ACI8TMU3,1055.0,2,0.027964457927807943,0.0004848990557665327,False
A0ACI8TNW3,757.0,1,-0.020540755905254976,-0.04763708628345957,False
A0ACI8TQP9,2591.0,1,-0.11956602502085002,-0.056179835055142686,False
A0ACI8TQS2,3008.0,1,-0.24522787391047732,-0.010527223913966063,False
A0ACI8TSN5,252.0,2,0.033042128349557116,0.1274969969655252,False
A0ACI8TS68,376.0,2,0.07370733743953127,0.02670082210514616,False
A0ACI8TS18,1048.0,1,-0.09912639958508623,0.10066473315853154,False
A0ACI8TUA9,638.0,0,-0.08790268725257742,-0.04430706288215902,False
A0ACI8TSY6,1461.0,2,-0.08290966255124324,0.0035831273742128,False
A0ACI8TTG6,937.0,3,0.08532563412178382,-0.09389088090125657,False
A0ACI8TUB7,259.0,4,0.0244175312798077,0.04376664193682553,False
A0ACI8TXE9,1448.0,1,-0.11064323588812905,0.05390409080556073,False
A0ACI8TWM6,905.0,1,-0.13215346842165762,0.05754734901905177,False
A0ACI8TZ93,399.0,0,-0.020180785470494463,-0.08764794701512767,False
A0ACI8TZD7,856.0,0,-0.0864757452890474,-0.0975286318479588,False
A0ACI8TZE9,712.0,0,-0.026932087210027038,-0.02210576081639061,False
A0ACI8U1B9,902.0,0,-0.14354992397607313,-0.12505591246333794,False
A0ACI8U399,786.0,1,-0.0715631336680191,0.11150994935691441,False
A0ACI8U6C5,1066.0,1,-0.0873197992991975,0.012023368566350548,False
A0ACI8U804,2104.0,1,-0.06840350770183594,0.03853185458723769,False
A0ACI8U7J9,978.0,2,0.033625827763621566,0.029340883193309283,False
A0ACI8UB86,209.0,2,-0.06398908003235716,0.06048928833002551,False
A0ACI8UDX5,454.0,4,0.048711609569684663,0.036030271651504776,False
A0ACI8UEC4,719.0,3,0.08595113508056779,-0.07220986935111277,False
A0ACI8UES1,422.0,3,0.03841235211053152,-0.0698659311473009,False
A0ACI8UJW4,514.0,3,0.0848004886105773,-0.001621289161062413,False
A0ACI8UNX3,1077.0,1,-0.11543430368069031,0.00970215530813439,False
A0ACI8UQC4,506.0,4,0.0671124217557882,0.13415833415483816,False
A0ACI8UMC2,837.0,4,0.08531511900224488,0.09535378359091866,False
A0ACI8USR5,685.0,3,-0.0032442328410971174,-0.07601847082716497,False
A0ACI8USX5,720.0,3,0.18585741659929156,-0.07824281755918346,False
A0ACI8UTL7,402.0,0,-0.12823801140750393,-0.07506124400205061,False
A0ACI8V0W0,822.0,2,0.033658828325475114,0.0442644616103546,False
A0ACI8UZB3,1252.0,1,-0.09230219568388985,0.13120218379638582,False
A0ACI8V5N8,552.0,0,-0.0383361319448988,-0.055405573605477605,False
A0ACI8V583,621.0,1,-0.11190748093547087,0.10089328270043275,False
A0ACI8VA32,1280.0,0,-0.06476453577075272,-0.1023827006335309,False
A0ACI8V6J3,1329.0,0,-0.059507048271470665,-0.05808439540342734,False
A0ACI8VCM9,1180.0,0,-0.09264124169069772,-0.032335091309696126,False
A0ACI8VFS1,923.0,1,-0.01625549261772732,-0.014795637593288946,False
A0ACI8VAV8,1149.0,0,-0.02634246416049438,-0.10029311324894821,False
A0ACI8VGW3,659.0,2,0.05150757174498095,0.03724033897378576,False
A0ACI8VD15,1437.0,4,-0.011276570701738067,0.013359226075510681,False
A0ACI8VQD2,1043.0,4,-0.04950478039330319,0.040665445175562774,False
A0ACI8VSD4,674.0,0,0.04078807947312179,-0.03575651683701988,False
A0A087WZ13,739.0,0,-0.14638443697277403,-0.08253756007033347,False
A0ACI8PHD2,261.0,0,-0.03391211476201552,-0.01576444831680512,False
A2A288,527.0,0,-0.027637980351696623,-0.054377548954315666,False
A6NEQ0,496.0,0,-0.03141543418341798,0.016232897331455925,False
A6NFN3,312.0,0,-0.008589564703847724,-0.09532922088321413,False
A6PVI3,153.0,3,0.049792578310163066,0.00937418903676528,False
O15056,1496.0,1,-0.043062722893061046,-0.01056753798998983,False
O15504,423.0,0,0.005121241744786484,-0.08849798059426425,False
O43251,390.0,0,-0.03532072573149789,-0.09077576368207867,False
O43395,683.0,1,-0.13422045257123727,0.08671874010757673,False
O43426,1573.0,1,-0.036403983345883933,-0.008024823363610755,False
O43709,281.0,2,0.03918179761478211,0.055906874069776305,False
O60318,1980.0,2,-0.06431064001985544,-0.006023613132271202,False
O60603,784.0,3,0.05427488548030265,-0.10694956270237523,False
O75152,810.0,4,-0.026930864921388686,0.014817836374920639,False
O75494,262.0,0,0.02296705940175983,0.05948157252930028,False
O75525,346.0,4,0.0568990303147741,-0.007844873576801826,False
O75821,320.0,1,0.014675027529773055,0.018299287193776746,False
O94886,807.0,3,0.04487638072752306,-0.0898892646397166,False
O95163,1332.0,3,0.03812152489684239,-0.018083987809445787,False
O95319,508.0,3,0.029716750652892157,-0.08034756623026132,False
O95396,460.0,2,0.037675726400294984,-0.053114902018900824,False
O95639,269.0,0,-0.012465883037187934,-0.08871130677350308,False
O95758,552.0,3,0.07040887340238142,-0.08728004245672161,False
O95989,172.0,4,0.07080635192590565,0.07578284098695941,False
P07910,306.0,1,-0.0730143628933679,0.030270760472217315,False
P09651,372.0,0,-0.015626177941644722,-0.08872078714356071,False
P0DJD3,496.0,0,-0.03141543418341799,0.01623289733145594,False
P11940,636.0,3,0.014226418467954183,-0.09499308449678505,False
P18615,380.0,1,-0.06297085768950549,0.12840091622891175,False
P22087,321.0,3,0.08101019414678305,-0.040567028594876986,False
P23396,243.0,3,0.05087987387418178,-0.015490529144980522,False
P23588,611.0,1,-0.11101787840619759,0.10220797392247559,False
P26651,326.0,0,-0.058504356346477264,-0.07771264621426457,False
P29558,406.0,0,-0.0014522292213448452,-0.06510721319442697,False
P31483,386.0,0,-0.0013928750417975513,-0.08887345205466324,False
P33240,577.0,0,0.004197959403384997,-0.05012282785451101,False
P35637,526.0,0,-0.06565351394148543,-0.09133934986035015,False
P38159,391.0,0,-0.10792367365548002,-0.07377252380732947,False
P42694,1942.0,0,-0.1526704148072513,-0.08499595994434998,False
P43243,847.0,4,-0.025696851153151977,0.06562384414472021,False
P51114,621.0,1,-0.03887839654484458,0.039372788460460835,False
P52824,942.0,3,-0.0001663037159541552,-0.15690467690878368,False
P55769,128.0,4,0.05993567110506391,-0.017777147284404892,False
P62306,86.0,4,0.0936759450789695,0.13453347069790195,False
P63162,240.0,0,-0.0018938654801812997,-0.04914450690855766,False
P78563,741.0,0,-0.018600203162173413,-0.039326785166438415,False
P84103,164.0,4,0.07939128431422551,0.06997594755859723,False
Q01130,221.0,4,0.09123408487400354,0.06942449920778603,False
Q01844,656.0,1,-0.1271755095518506,-0.040141766536390414,False
Q05519,484.0,1,-0.06115468961482199,0.08149443944667482,False
Q07352,338.0,0,-0.029658709660521216,-0.05931238596898776,False
Q08117,197.0,3,0.029884469529763754,-0.09998752413429392,False
Q13117,558.0,0,-0.018797031198378254,-0.07605059922343262,False
Q14011,172.0,3,0.052971080801798034,-0.027917564148245116,False
Q14206,197.0,4,0.031748759009218336,-0.04646498934941208,False
Q14493,270.0,0,-0.03549858837671951,-0.006339856813212404,False
Q14657,143.0,3,0.06615853000374379,-0.04531309804745606,False
Q14671,1186.0,0,-0.05710288465297485,-0.09427715663591377,False
Q15007,396.0,4,0.04028687079874043,-0.008279758744855457,False
Q15020,963.0,1,-0.06466422762111618,0.05666929605445805,False
Q15056,248.0,2,0.035268385518987574,0.007923688217464973,False
Q15459,793.0,0,-0.10188660067906803,-0.05980158791457781,False
Q16587,644.0,3,0.0386639774105943,-0.053598859044081903,False
Q16629,238.0,3,0.048058242178316356,0.011707324537125993,False
Q460N5,1801.0,1,-0.019617166538458783,-0.0029611292810920262,False
Q53GL7,1025.0,1,-0.08107025543769542,-0.05242208984174176,False
Q5HYM0,836.0,0,-0.06904839669594996,-0.007795247123894712,False
Q5VUG0,894.0,2,0.011522128901395229,0.08435241421986708,False
Q5VV42,579.0,3,0.08141450248805997,-0.09709632818989467,False
Q5VV67,1664.0,1,-0.19897754005372856,-0.04068984339983909,False
Q659C4,914.0,1,-0.14430269389496952,0.03951831782645285,False
Q69YN4,1812.0,1,-0.11005863546357275,-0.04466820834835839,False
Q6IN84,353.0,3,0.1116914031781825,-0.049958037067012386,False
Q6P087,351.0,3,0.004048987011852282,-0.034083739187989126,False
Q6PJT7,736.0,0,-0.042448939341879946,-0.07367572389384537,False
Q6XE24,437.0,0,-0.01866467493559392,-0.07578775238487012,False
Q7Z2E3,356.0,4,0.049209159335775264,-0.001348472263868487,False
Q7Z2W4,902.0,2,-0.06250026268347603,-0.03283189529493594,False
Q7Z3E1,657.0,1,0.0060561348563283,0.003747059897005023,False
Q7Z739,585.0,1,-0.15269143205289085,-0.0592598233701667,False
Q86SG3,579.0,0,-0.043080990746979554,-0.08348549820621148,False
Q86VM9,953.0,1,-0.16340113626441818,0.12387254142895524,False
Q86W50,562.0,4,0.003437123288488948,0.10114669904975515,False
Q8IX01,1082.0,1,-0.0743782136035302,0.04755079798910542,False
Q8IX12,1150.0,1,-0.09027654553012564,0.06676043082127354,False
Q8IXM6,262.0,3,0.10948589208321663,-0.09799130151822434,False
Q8IYB3,904.0,1,-0.1327064092296387,0.13410978622876343,False
Q8IZD0,417.0,2,-0.014273843605983176,-0.004773455950860595,False
Q8N1G2,835.0,2,-0.034221262560641584,0.06090373225635873,False
Q8N2M8,674.0,1,-0.12375611029143001,0.11889093402224164,False
Q8N3J2,472.0,3,0.06032864340571611,-0.09000254113455163,False
Q8N5C7,304.0,3,0.13746767616844388,-0.05493351328894447,False
Q8N684,471.0,0,-0.06567777777073962,-0.06508532219447609,False
Q8N9W6,283.0,0,-0.011782669778216476,-0.08465449047102712,False
Q8TB72,1066.0,0,-0.10051530509890902,-0.060631225558248736,False
Q8TBZ6,339.0,4,0.03119155357213586,0.09874876413206672,False
Q8TC92,643.0,1,-0.06306408044346247,0.0130817041756345,False
Q8TCB7,284.0,4,0.062187423845946686,0.11534003660649605,False
Q8WXF1,523.0,0,-0.08270928846128585,-0.08628847158466939,False
Q96AE4,644.0,0,-0.043400852114760885,-0.11209534549844702,False
Q96AK3,386.0,2,0.10513705179147093,0.031960000132521045,False
Q96DH6,328.0,0,0.01620157865108014,-0.07882232781055104,False
Q96EV2,1170.0,0,-0.029064294599275026,-0.03892431058026954,False
Q96EY9,367.0,3,0.045598402516662875,-0.05042190542491674,False
Q96JM7,780.0,2,-0.01989248552465529,0.055822569570275773,False
Q96MU7,727.0,1,-0.12756976804529155,0.03925921296908031,False
Q96N46,770.0,2,-0.02702051023188686,0.09193291043964881,False
Q96PZ0,661.0,4,0.052179870526141495,0.10318965389228438,False
Q96Q83,286.0,0,0.03470455999831521,-0.023004823560787542,False
Q96S44,253.0,1,0.0012253665361272306,0.006891556899523146,False
Q99973,2627.0,1,-0.09780273359530658,-0.039443018188325366,False
Q9BQG2,462.0,4,0.06171383631326593,0.03515274964762274,False
Q9BRA0,125.0,4,0.044951072868846524,0.007148079629888028,False
Q9BXP5,876.0,1,-0.14703630325205502,0.016927622103637633,False
Q9BXR0,403.0,3,0.10987238739572204,-0.09161867703253546,False
Q9BXT6,1211.0,3,0.1031997688753149,-0.035601302556429584,False
Q9BXV9,100.0,4,0.10516769955390512,0.09527503290820027,False
Q9BYJ9,559.0,0,-0.08208294509804681,-0.0792880671780393,False
Q9BZB8,566.0,0,-0.019389019175056154,-0.08042191317849166,False
Q9C0B0,810.0,1,-0.09488773420986713,-0.004885985737817305,False
Q9H0K6,701.0,2,0.08987451569663422,0.015933481557272214,False
Q9H1K1,167.0,3,0.05988023887813901,-0.02143902957254343,False
Q9H4Z3,704.0,3,0.029570594774346804,-0.06523909917019857,False
Q9H5U6,513.0,3,0.013603577273890539,-0.04636881083550086,False
Q9H6E5,874.0,1,-0.14617450995965958,0.003951504321309602,False
Q9H825,291.0,4,0.08222698829418792,0.012386621977684066,False
Q9HCJ0,1936.0,0,-0.1928446767972598,-0.12671585013087538,False
Q9NPF4,335.0,3,0.18106126515502283,-0.06927913110931325,False
Q9NQ94,594.0,3,0.04500722072382827,-0.11931361923681266,False
Q9NR56,388.0,0,-0.04599413328911208,-0.12093381450412835,False
Q9NWB1,397.0,0,0.003227611044205181,-0.09961655441771125,False
Q9NXG2,353.0,2,0.13351459047716854,0.1170044905863331,False
Q9NXW9,302.0,1,0.011022096161909365,0.020839695747618476,False
Q9P2K5,600.0,3,0.004380859583177708,-0.11413697514359772,False
Q9UET6,329.0,0,0.045606191350512436,-0.036139598967811104,False
Q9UGR2,977.0,1,-0.022797919438860843,-0.022042723443764786,False
Q9UH17,382.0,2,0.10782671241303159,0.047315393016749974,False
Q9UJJ7,312.0,0,0.023869537179054583,-0.01809783008887854,False
Q9UKM9,306.0,1,-0.03466279096504409,-0.029240500409330055,False
Q9UPT8,1303.0,1,-0.16805815761121534,-0.046354700504557374,False
Q9UQ35,2752.0,1,-0.15479186192885985,0.10929443516942758,False
Q9Y2U8,911.0,1,-0.027371457332138662,0.03521733945532288,False
Q9Y534,153.0,0,0.018089558971973865,-0.0755664818243682,False
Q9Y580,266.0,0,-0.09337389303941972,-0.01891647757957449,False
Q9Y606,427.0,0,0.03294315277524819,-0.034223233989521554,False
Q9Y697,457.0,2,0.05707834459369859,0.005753396328285933,False
