uniprot_accession	is_rbp	label_source
A0A087X1C5	False	
A0A096LP01	False	
A0A0B4J2F0	False	
A0A0C5B5G6	False	
A0A0K2S4Q6	False	
A0A0U1RRE5	False	
A0A1B0GTW7	False	
A0A2R8Y7D0	False	
A0A8I5KQE6	False	
A0AV02	False	
A0AV96	True	master_direct
A0AVF1	False	
A0AVI4	False	
A0AVK6	False	
A0AVT1	False	
A0FGR8	False	
A0FGR9	False	
A0JLT2	False	
A0JNW5	False	
A0JP26	False	
A0MZ66	False	
A0PJK1	False	
A0PJY2	False	
A0PK00	False	
A0PK05	False	
A0PK11	False	
A1A4S6	False	
A1A4Y4	False	
A1A519	False	
A1A5B4	False	
A1A5C7	False	
A1E959	False	
A1KXE4	False	
A1KZ92	False	
A1L0T0	False	
A1L167	False	
A1L190	False	
A1L390	False	
A1L3X0	False	
A1L4H1	False	
A1L4K1	False	
A1X283	False	
A1XBS5	False	
A1Z1Q3	False	
A2A288	True	master_direct
A2A2Y4	False	
A2IDD5	False	
A2PYH4	True	master_direct
A2RRP1	False	
A2RTX5	True	master_direct
A2RU14	False	
A2RU30	False	
A2RU49	False	
A2RUB1	False	
A2RUB6	False	
A2RUC4	True	master_direct
A2RUH7	False	
A2VDJ0	False	
A2VEC9	False	
A3KMH1	False	
A3KN83	False	
A4D0S4	False	
A4D126	False	
A4D161	False	
A4D1B5	True	master_direct
A4D1E9	True	master_direct
A4D1P6	False	
A4D1S5	False	
A4D1T9	False	
A4D256	False	
A4D2B0	False	
A4D2B8	False	
A4D2P6	False	
A4GXA9	False	
A4UGR9	False	
A5A3E0	False	
A5D8T8	False	
A5D8V6	False	
A5D8V7	False	
A5D8W1	False	
A5LHX3	False	
A5PKW4	False	
A5PLL7	False	
A5PLN9	False	
A5X5Y0	False	
A5YKK6	True	master_direct
A5YM72	False	
A6BM72	False	
A6H8Y1	False	
A6H8Z2	False	
A6NC98	False	
A6NCS4	False	
A6ND01	False	
A6ND36	False	
A6NDB9	False	
A6NDG6	False	
A6NDV4	False	
A6NED2	False	
A6NEM1	False	
A6NER3	False	
A6NFA1	False	
A6NFQ2	False	
A6NFX1	False	
A6NFY7	False	
A6NGG8	False	
A6NGQ2	False	
A6NGU5	False	
A6NHL2	False	
A6NHQ2	True	master_direct
A6NHR9	False	
A6NHX0	False	
A6NI15	False	
A6NI61	False	
A6NI73	False	
A6NIH7	False	
A6NIM6	False	
A6NIX2	False	
A6NJ78	True	master_direct
A6NK06	False	
A6NK58	False	
A6NK89	False	
A6NKB5	False	
A6NKF2	False	
A6NMB9	False	
A6NMY6	False	
A6NMZ7	False	
A6NNB3	False	
A6NNM8	False	
A6NNN8	False	
A6NNY8	False	
A6NNZ2	False	
A6PVC2	False	
A6PVI3	True	master_direct
A6QL63	False	
A7E2V4	False	
A7E2Y1	False	
A7KAX9	False	
A7MCY6	False	
A7MD48	True	master_direct
A8CG34	False	
A8K0Z3	False	
A8K2U0	False	
A8K4G0	False	
A8K7I4	False	
A8K830	False	
A8K8P3	False	
A8K8V0	False	
A8MPY1	False	
A8MQ03	False	
A8MQ27	False	
A8MT69	False	
A8MTA8	False	
A8MTJ3	False	
A8MTJ6	False	
A8MTQ0	False	
A8MTZ0	False	
A8MUP2	False	
A8MV65	False	
A8MVW5	False	
A8MW92	False	
A8MW95	False	
A8MW99	False	
A8MXD5	False	
A8MXV4	False	
A8MYU2	False	
A8MZ59	False	
A8TX70	False	
A9QM74	False	
A9UHW6	True	gene_patch
A9YTQ3	False	
B0I1T2	False	
B0L3A2	False	
B0YJ81	False	
B1AK53	False	
B1AL88	False	
B2RPK0	False	
B2RTY4	False	
B2RUY7	False	
B2RUZ4	False	
B2RXF5	False	
B2RXH2	False	
B3KU38	False	
B6A8C7	False	
B7U540	False	
B7ZAQ6	False	
B7ZBB8	False	
C0HME6	False	
C4AMC7	False	
C9JE40	True	master_direct
C9JLW8	False	
C9JR72	False	
C9JRZ8	False	
D3W0D1	False	
D6RGH6	False	
E0CX11	False	
E9PQX1	False	
F5H094	False	
G2XKQ0	False	
H0YL14	False	
H3BS89	False	
H3BV60	False	
K7EJ46	False	
K9M1U5	False	
L0R8F8	False	
M0R2J8	False	
M5A8F1	False	
O00115	False	
O00116	False	
O00124	True	gene_patch
O00139	False	
O00141	False	
O00142	False	
O00144	False	
O00148	True	master_direct
O00151	False	
O00154	False	
O00155	False	
O00159	False	
O00160	False	
O00161	False	
O00165	False	
O00167	False	
O00168	False	
O00170	False	
O00175	False	
O00178	True	master_direct
O00180	False	
O00182	False	
O00186	False	
O00187	False	
O00189	False	
O00192	False	
O00194	False	
O00198	False	
O00203	False	
O00204	False	
O00206	False	
O00212	False	
O00213	False	
O00214	False	
O00217	False	
O00219	False	
O00220	False	
O00221	False	
O00222	False	
O00230	False	
O00231	False	
O00232	False	
O00233	False	
O00237	False	
O00238	False	
O00241	False	
O00244	False	
O00253	False	
O00254	False	
O00255	False	
O00257	False	
O00258	False	
O00264	False	
O00267	True	master_direct
O00268	False	
O00270	False	
O00273	False	
O00287	False	
O00291	False	
O00292	False	
O00294	False	
O00299	False	
O00300	False	
O00303	False	
O00305	False	
O00308	False	
O00311	False	
O00322	False	
O00327	False	
O00329	False	
O00330	False	
O00337	False	
O00338	False	
O00339	False	
O00341	False	
O00358	False	
O00370	False	
O00391	False	
O00399	False	
O00400	False	
O00401	False	
O00408	False	
O00409	False	
O00410	True	master_direct
O00411	True	master_direct
O00418	True	master_direct
O00421	False	
O00422	True	gene_patch
O00423	False	
O00425	True	master_direct
O00429	False	
O00442	True	master_direct
O00443	False	
O00444	False	
O00445	False	
O00451	False	
O00453	False	
O00459	False	
O00461	False	
O00462	False	
O00463	False	
O00468	False	
O00469	False	
O00470	False	
O00471	False	
O00472	False	
O00476	False	
O00478	False	
O00481	False	
O00482	False	
O00483	False	
O00487	False	
O00488	False	
O00499	False	
O00501	False	
O00505	False	
O00506	False	
O00507	False	
O00512	False	
O00519	False	
O00522	False	
O00526	False	
O00533	False	
O00541	True	gene_patch
O00548	False	
O00555	False	
O00559	False	
O00560	False	
O00562	False	
O00566	True	master_direct
O00567	True	master_direct
O00571	True	master_direct
O00574	False	
O00584	True	master_direct
O00585	False	
O00587	False	
O00590	False	
O00591	False	
O00592	False	
O00602	False	
O00622	False	
O00623	False	
O00624	False	
O00625	False	
O00626	False	
O00628	False	
O00629	False	
O00631	False	
O00635	False	
O00712	False	
O00716	False	
O00743	False	
O00744	False	
O00746	False	
O00748	False	
O00750	False	
O00754	False	
O00755	False	
O00757	False	
O00762	False	
O00763	False	
O00764	False	
O00767	False	
O14490	False	
O14492	False	
O14493	False	
O14494	False	
O14495	False	
O14497	False	
O14503	False	
O14508	False	
O14511	False	
O14512	False	
O14513	False	
O14514	False	
O14519	False	
O14520	False	
O14521	False	
O14522	False	
O14523	False	
O14524	False	
O14525	False	
O14526	False	
O14529	False	
O14530	False	
O14531	False	
O14543	False	
O14544	False	
O14548	False	
O14556	False	
O14558	False	
O14559	False	
O14561	False	
O14569	False	
O14576	False	
O14578	False	
O14579	False	
O14593	False	
O14594	False	
O14595	False	
O14607	False	
O14610	False	
O14613	False	
O14617	False	
O14618	False	
O14625	False	
O14626	False	
O14627	False	
O14628	False	
O14633	False	
O14638	False	
O14639	False	
O14640	False	
O14641	False	
O14645	False	
O14646	True	gene_patch
O14647	True	master_direct
O14649	False	
O14653	False	
O14654	False	
O14656	False	
O14657	False	
O14662	False	
O14669	False	
O14672	False	
O14678	False	
O14681	False	
O14682	False	
O14684	False	
O14686	False	
O14713	False	
O14717	True	master_direct
O14727	False	
O14730	True	master_direct
O14732	False	
O14733	False	
O14734	False	
O14735	False	
O14737	False	
O14744	False	
O14745	False	
O14746	True	master_direct
O14756	False	
O14757	False	
O14763	False	
O14764	False	
O14770	False	
O14771	False	
O14772	False	
O14773	False	
O14775	False	
O14776	True	master_direct
O14777	False	
O14782	False	
O14786	False	
O14787	True	master_direct
O14788	False	
O14791	False	
O14792	False	
O14793	False	
O14795	False	
O14796	False	
O14798	False	
O14802	False	
O14804	False	
O14807	False	
O14810	False	
O14813	False	
O14815	False	
O14817	False	
O14818	False	
O14827	False	
O14828	False	
O14829	False	
O14830	False	
O14832	False	
O14836	False	
O14842	False	
O14843	False	
O14862	False	
O14863	False	
O14867	False	
O14874	False	
O14879	True	master_direct
O14880	False	
O14893	True	master_direct
O14894	False	
O14896	False	
O14901	False	
O14904	False	
O14905	False	
O14907	False	
O14908	False	
O14910	False	
O14917	False	
O14920	False	
O14924	False	
O14925	False	
O14926	False	
O14929	False	
O14931	False	
O14933	False	
O14936	False	
O14939	False	
O14944	False	
O14948	False	
O14949	False	
O14950	False	
O14958	False	
O14960	False	
O14964	False	
O14965	False	
O14966	False	
O14967	False	
O14972	False	
O14974	False	
O14975	False	
O14976	False	
O14977	False	
O14978	True	gene_patch
O14979	True	master_direct
O14980	True	master_direct
O14981	True	master_direct
O14983	False	
O14986	False	
O14994	False	
O15013	False	
O15014	False	
O15015	False	
O15018	False	
O15020	False	
O15021	False	
O15027	False	
O15031	False	
O15033	False	
O15040	False	
O15041	False	
O15042	True	master_direct
O15047	True	master_direct
O15049	False	
O15054	False	
O15055	False	
O15056	True	master_direct
O15060	False	
O15061	False	
O15062	False	
O15066	False	
O15067	False	
O15068	False	
O15072	False	
O15075	False	
O15078	False	
O15079	False	
O15083	False	
O15084	False	
O15085	False	
O15091	True	gene_patch
O15105	True	master_direct
O15111	False	
O15116	True	master_direct
O15117	False	
O15118	False	
O15119	False	
O15120	False	
O15121	False	
O15123	False	
O15126	False	
O15127	False	
O15130	False	
O15131	False	
O15143	False	
O15144	False	
O15145	False	
O15146	False	
O15151	False	
O15155	False	
O15156	False	
O15160	False	
O15162	False	
O15164	False	
O15165	False	
O15169	False	
O15173	False	
O15178	False	
O15182	False	
O15194	False	
O15195	False	
O15197	False	
O15198	True	master_direct
O15204	False	
O15205	False	
O15209	False	
O15211	False	
O15212	False	
O15213	True	master_direct
O15217	False	
O15218	False	
O15226	True	master_direct
O15228	False	
O15229	False	
O15230	False	
O15231	False	
O15232	False	
O15234	True	master_direct
O15239	False	
O15240	False	
O15243	False	
O15244	False	
O15245	False	
O15247	False	
O15254	False	
O15258	False	
O15259	False	
O15260	False	
O15263	False	
O15264	False	
O15265	False	
O15266	False	
O15269	False	
O15270	False	
O15273	False	
O15287	False	
O15294	False	
O15296	False	
O15297	False	
O15303	False	
O15304	False	
O15305	False	
O15315	False	
O15318	False	
O15327	False	
O15342	False	
O15344	False	
O15347	False	
O15350	False	
O15353	False	
O15354	False	
O15355	False	
O15357	False	
O15360	False	
O15370	False	
O15371	True	master_direct
O15372	True	master_direct
O15374	False	
O15379	False	
O15381	False	
O15382	False	
O15389	False	
O15391	False	
O15392	False	
O15393	False	
O15394	False	
O15397	True	master_direct
O15399	False	
O15400	False	
O15405	False	
O15409	False	
O15417	False	
O15427	False	
O15431	False	
O15432	False	
O15438	False	
O15439	False	
O15440	False	
O15444	False	
O15446	True	master_direct
O15455	True	master_direct
O15457	False	
O15460	False	
O15466	False	
O15467	False	
O15479	False	
O15481	False	
O15484	False	
O15488	False	
O15492	False	
O15496	False	
O15498	False	
O15499	False	
O15503	False	
O15504	True	master_direct
O15511	False	
O15514	True	master_direct
O15516	False	
O15519	False	
O15520	False	
O15522	False	
O15523	True	master_direct
O15524	False	
O15525	False	
O15527	False	
O15528	False	
O15529	False	
O15530	False	
O15533	False	
O15534	False	
O15535	False	
O15537	False	
O15540	False	
O15541	True	master_direct
O15547	False	
O15550	False	
O15551	False	
O15552	False	
O15553	False	
O15554	False	
O42043	False	
O43143	True	master_direct
O43147	False	
O43148	True	master_direct
O43149	False	
O43150	False	
O43151	False	
O43155	False	
O43156	False	
O43157	False	
O43159	True	master_direct
O43164	False	
O43166	False	
O43167	False	
O43169	False	
O43172	True	master_direct
O43173	False	
O43174	False	
O43175	False	
O43181	False	
O43182	False	
O43184	False	
O43186	False	
O43187	False	
O43189	False	
O43193	False	
O43194	False	
O43196	False	
O43236	False	
O43237	False	
O43240	False	
O43242	False	
O43248	False	
O43251	True	master_direct
O43252	False	
O43255	False	
O43257	False	
O43264	False	
O43272	False	
O43278	False	
O43280	False	
O43281	False	
O43283	False	
O43286	False	
O43290	True	master_direct
O43291	False	
O43292	False	
O43293	False	
O43294	False	
O43295	False	
O43296	False	
O43298	False	
O43299	False	
O43300	False	
O43303	False	
O43306	False	
O43307	False	
O43309	False	
O43310	True	master_direct
O43312	False	
O43313	False	
O43314	False	
O43315	False	
O43316	False	
O43318	False	
O43320	False	
O43323	False	
O43324	True	master_direct
O43353	False	
O43364	False	
O43365	False	
O43374	False	
O43379	False	
O43390	True	master_direct
O43395	True	master_direct
O43396	False	
O43399	False	
O43402	False	
O43405	False	
O43422	True	master_direct
O43424	False	
O43426	True	master_direct
O43427	False	
O43432	True	master_direct
O43435	False	
O43439	False	
O43447	True	master_direct
O43448	False	
O43451	False	
O43462	False	
O43463	False	
O43464	False	
O43474	False	
O43482	False	
O43488	False	
O43490	False	
O43491	False	
O43493	False	
O43497	False	
O43502	False	
O43504	False	
O43505	False	
O43506	False	
O43508	False	
O43511	False	
O43513	False	
O43516	False	
O43520	False	
O43521	False	
O43524	False	
O43525	False	
O43526	False	
O43529	False	
O43541	True	master_direct
O43542	False	
O43543	False	
O43548	False	
O43556	False	
O43557	False	
O43559	False	
O43561	False	
O43566	False	
O43567	False	
O43570	False	
O43572	False	
O43581	False	
O43583	True	gene_patch
O43586	False	
O43592	True	gene_patch
O43593	False	
O43597	False	
O43598	False	
O43602	False	
O43603	False	
O43609	False	
O43610	False	
O43612	False	
O43613	False	
O43614	False	
O43615	False	
O43617	False	
O43623	False	
O43633	False	
O43639	False	
O43653	False	
O43660	True	master_direct
O43663	False	
O43665	False	
O43670	False	
O43674	False	
O43676	False	
O43678	False	
O43679	False	
O43680	False	
O43681	False	
O43683	False	
O43684	False	
O43687	False	
O43688	False	
O43699	False	
O43704	False	
O43707	False	
O43708	False	
O43709	True	master_direct
O43711	False	
O43715	False	
O43716	True	master_direct
O43719	True	master_direct
O43731	False	
O43734	False	
O43739	False	
O43741	False	
O43745	False	
O43747	False	
O43749	False	
O43752	False	
O43759	False	
O43760	False	
O43761	False	
O43765	False	
O43766	False	
O43768	False	
O43772	False	
O43776	True	master_direct
O43781	False	
O43790	False	
O43791	False	
O43795	False	
O43805	False	
O43808	False	
O43809	True	master_direct
O43813	False	
O43815	False	
O43818	True	master_direct
O43819	False	
O43820	False	
O43822	False	
O43823	True	master_direct
O43825	False	
O43826	False	
O43827	False	
O43829	False	
O43837	False	
O43847	False	
O43852	False	
O43854	False	
O43861	False	
O43865	False	
O43866	False	
O43868	False	
O43889	False	
O43895	False	
O43896	False	
O43897	False	
O43900	False	
O43903	False	
O43909	False	
O43913	False	
O43914	False	
O43915	False	
O43916	False	
O43918	False	
O43920	False	
O43921	False	
O43924	False	
O43927	False	
O43929	False	
O43933	False	
O60216	False	
O60218	False	
O60220	False	
O60229	False	
O60231	True	master_direct
O60232	False	
O60235	False	
O60237	False	
O60238	False	
O60239	False	
O60240	False	
O60241	False	
O60242	False	
O60243	False	
O60244	False	
O60245	False	
O60248	False	
O60256	False	
O60258	False	
O60259	False	
O60260	False	
O60264	False	
O60266	False	
O60269	False	
O60271	False	
O60281	False	
O60282	False	
O60284	False	
O60285	False	
O60291	False	
O60292	False	
O60293	True	master_direct
O60294	True	master_direct
O60296	False	
O60303	False	
O60304	False	
O60306	True	master_direct
O60307	False	
O60308	False	
O60312	False	
O60313	False	
O60315	False	
O60318	True	master_direct
O60331	False	
O60333	False	
O60336	False	
O60337	False	
O60341	False	
O60343	False	
O60346	False	
O60353	False	
O60356	False	
O60359	False	
O60381	False	
O60383	False	
O60391	False	
O60393	False	
O60423	False	
O60427	False	
O60437	False	
O60443	False	
O60447	False	
O60449	False	
O60462	False	
O60469	False	
O60476	False	
O60477	False	
O60478	False	
O60479	False	
O60481	False	
O60486	False	
O60487	False	
O60488	False	
O60493	False	
O60494	False	
O60496	False	
O60499	False	
O60500	False	
O60502	False	
O60503	False	
O60504	False	
O60506	True	master_direct
O60507	False	
O60508	True	master_direct
O60512	False	
O60513	False	
O60516	False	
O60519	False	
O60524	False	
O60543	False	
O60547	False	
O60548	False	
O60551	False	
O60563	True	master_direct
O60565	False	
O60566	False	
O60568	False	
O60573	True	master_direct
O60583	True	master_direct
O60602	False	
O60603	True	master_direct
O60609	False	
O60610	False	
O60613	False	
O60635	False	
O60636	False	
O60641	False	
O60645	False	
O60656	False	
O60658	False	
O60662	False	
O60663	False	
O60664	False	
O60667	False	
O60669	False	
O60671	False	
O60673	False	
O60674	False	
O60675	False	
O60678	False	
O60682	False	
O60683	False	
O60684	False	
O60687	False	
O60701	False	
O60704	False	
O60706	False	
O60711	False	
O60716	False	
O60721	False	
O60725	False	
O60729	False	
O60733	False	
O60741	False	
O60749	False	
O60755	False	
O60759	False	
O60760	False	
O60762	False	
O60763	False	
O60779	False	
O60783	True	master_direct
O60784	False	
O60806	False	
O60812	True	master_direct
O60814	False	
O60825	False	
O60826	False	
O60828	True	master_direct
O60829	False	
O60830	False	
O60831	False	
O60832	True	master_direct
O60840	False	
O60841	True	master_direct
O60844	False	
O60858	False	
O60861	False	
O60869	False	
O60870	True	master_direct
O60879	False	
O60880	False	
O60882	False	
O60883	False	
O60884	False	
O60885	False	
O60888	False	
O60890	False	
O60894	False	
O60895	False	
O60896	False	
O60902	False	
O60906	False	
O60907	False	
O60909	False	
O60911	False	
O60921	False	
O60925	False	
O60927	False	
O60928	False	
O60930	True	master_direct
O60931	False	
O60934	False	
O60936	False	
O60938	False	
O60939	False	
O60941	False	
O60942	True	master_direct
O75015	False	
O75019	False	
O75022	False	
O75023	False	
O75027	False	
O75030	False	
O75031	False	
O75037	False	
O75038	False	
O75044	False	
O75051	False	
O75052	False	
O75054	False	
O75056	False	
O75061	False	
O75063	False	
O75069	False	
O75072	False	
O75074	False	
O75077	False	
O75078	False	
O75081	False	
O75083	False	
O75084	False	
O75093	False	
O75094	False	
O75095	False	
O75096	False	
O75106	False	
O75110	False	
O75112	False	
O75113	True	master_direct
O75116	False	
O75121	False	
O75122	False	
O75127	True	master_direct
O75128	False	
O75129	False	
O75131	False	
O75132	True	master_direct
O75140	False	
O75143	False	
O75144	False	
O75145	False	
O75146	False	
O75147	False	
O75150	False	
O75151	False	
O75152	True	master_direct
O75154	False	
O75155	False	
O75159	False	
O75161	False	
O75164	False	
O75165	False	
O75167	False	
O75170	False	
O75173	False	
O75175	False	
O75177	False	
O75179	True	master_direct
O75182	False	
O75185	False	
O75190	False	
O75191	False	
O75192	False	
O75197	False	
O75204	False	
O75208	False	
O75223	False	
O75251	False	
O75293	False	
O75298	False	
O75306	False	
O75309	False	
O75311	False	
O75312	False	
O75317	False	
O75319	True	master_direct
O75323	False	
O75324	False	
O75326	False	
O75330	False	
O75334	False	
O75339	False	
O75340	False	
O75342	False	
O75343	False	
O75344	False	
O75347	False	
O75348	False	
O75351	False	
O75352	False	
O75354	False	
O75355	False	
O75356	False	
O75360	False	
O75362	False	
O75364	False	
O75365	False	
O75366	False	
O75367	False	
O75368	False	
O75369	False	
O75376	False	
O75379	False	
O75380	False	
O75381	False	
O75382	False	
O75385	False	
O75386	False	
O75387	False	
O75390	False	
O75396	False	
O75398	False	
O75400	True	gene_patch
O75409	False	
O75410	False	
O75414	False	
O75417	False	
O75419	False	
O75420	False	
O75425	False	
O75426	False	
O75427	False	
O75431	False	
O75436	False	
O75438	False	
O75439	False	
O75443	False	
O75444	False	
O75445	False	
O75446	False	
O75448	False	
O75449	False	
O75452	False	
O75460	True	master_direct
O75461	False	
O75462	False	
O75469	False	
O75473	False	
O75475	True	master_direct
O75477	False	
O75478	False	
O75486	False	
O75487	False	
O75489	False	
O75494	True	master_direct
O75496	False	
O75503	False	
O75506	False	
O75508	False	
O75509	False	
O75521	False	
O75525	True	master_direct
O75528	False	
O75529	False	
O75530	True	master_direct
O75531	False	
O75533	True	master_direct
O75534	True	master_direct
O75553	False	
O75554	False	
O75556	False	
O75558	False	
O75563	False	
O75564	False	
O75569	True	master_direct
O75570	True	gene_patch
O75575	False	
O75578	False	
O75581	False	
O75582	False	
O75586	False	
O75592	False	
O75593	False	
O75594	False	
O75600	False	
O75602	False	
O75603	False	
O75604	False	
O75607	True	master_direct
O75608	False	
O75610	False	
O75616	True	master_direct
O75618	False	
O75626	False	
O75628	False	
O75629	False	
O75631	False	
O75636	False	
O75638	False	
O75643	True	master_direct
O75648	True	master_direct
O75663	False	
O75665	False	
O75674	False	
O75676	False	
O75677	False	
O75679	False	
O75688	False	
O75689	False	
O75691	True	master_direct
O75694	False	
O75695	False	
O75712	False	
O75716	False	
O75717	False	
O75718	False	
O75746	False	
O75747	False	
O75751	False	
O75752	False	
O75762	False	
O75771	False	
O75781	False	
O75783	False	
O75787	False	
O75791	False	
O75792	True	master_direct
O75794	False	
O75795	False	
O75800	False	
O75807	False	
O75808	False	
O75815	False	
O75817	True	master_direct
O75818	True	master_direct
O75821	True	master_direct
O75822	True	gene_patch
O75828	False	
O75829	False	
O75832	False	
O75838	False	
O75840	False	
O75841	False	
O75843	False	
O75844	False	
O75845	False	
O75864	False	
O75865	False	
O75871	False	
O75874	False	
O75879	True	gene_patch
O75880	False	
O75881	False	
O75882	False	
O75884	False	
O75886	False	
O75888	False	
O75891	False	
O75896	False	
O75897	False	
O75899	False	
O75900	False	
O75907	False	
O75908	False	
O75909	False	
O75911	False	
O75912	False	
O75914	False	
O75915	False	
O75916	False	
O75920	False	
O75923	True	master_direct
O75925	False	
O75928	False	
O75934	False	
O75935	False	
O75936	False	
O75937	False	
O75940	True	master_direct
O75943	False	
O75947	False	
O75951	False	
O75952	False	
O75955	False	
O75956	False	
O75962	False	
O75964	False	
O75969	False	
O75970	False	
O75971	False	
O75976	False	
O76003	False	
O76011	False	
O76013	False	
O76014	False	
O76015	False	
O76021	True	gene_patch
O76024	False	
O76027	False	
O76031	False	
O76036	False	
O76039	False	
O76041	False	
O76050	False	
O76054	False	
O76061	False	
O76062	False	
O76064	False	
O76070	False	
O76071	False	
O76074	False	
O76075	False	
O76076	False	
O76081	False	
O76082	False	
O76083	False	
O76090	False	
O76093	False	
O76094	False	
O76095	False	
O76096	False	
O77932	True	master_direct
O94759	False	
O94760	False	
O94761	True	master_direct
O94762	True	master_direct
O94763	False	
O94766	False	
O94768	False	
O94769	False	
O94776	False	
O94777	False	
O94778	False	
O94779	False	
O94782	False	
O94788	False	
O94804	False	
O94805	False	
O94806	False	
O94808	False	
O94810	False	
O94811	False	
O94812	False	
O94813	False	
O94817	False	
O94818	False	
O94822	False	
O94823	False	
O94826	False	
O94827	False	
O94829	True	master_direct
O94830	False	
O94832	False	
O94842	False	
O94844	False	
O94850	False	
O94851	False	
O94855	False	
O94856	False	
O94864	False	
O94868	False	
O94874	True	master_direct
O94875	False	
O94876	False	
O94880	False	
O94885	False	
O94886	True	master_direct
O94887	False	
O94888	False	
O94889	False	
O94892	False	
O94898	False	
O94900	False	
O94901	False	
O94905	False	
O94906	True	master_direct
O94907	False	
O94910	False	
O94911	False	
O94913	True	master_direct
O94915	False	
O94916	False	
O94919	False	
O94921	False	
O94923	False	
O94925	False	
O94927	False	
O94929	False	
O94933	False	
O94941	False	
O94953	False	
O94955	False	
O94956	False	
O94964	False	
O94966	False	
O94972	False	
O94973	False	
O94979	False	
O94983	False	
O94985	False	
O94986	False	
O94989	False	
O94991	False	
O94992	True	master_direct
O94993	False	
O95045	False	
O95047	False	
O95049	False	
O95050	False	
O95057	False	
O95059	True	master_direct
O95067	False	
O95069	False	
O95070	False	
O95071	False	
O95072	False	
O95073	False	
O95104	True	master_direct
O95125	False	
O95136	False	
O95139	False	
O95140	False	
O95147	False	
O95149	True	master_direct
O95150	False	
O95153	False	
O95154	False	
O95155	False	
O95159	False	
O95163	True	master_direct
O95166	False	
O95167	False	
O95169	False	
O95171	False	
O95180	False	
O95182	False	
O95183	False	
O95185	False	
O95190	False	
O95196	False	
O95197	False	
O95198	False	
O95201	False	
O95202	False	
O95206	False	
O95208	False	
O95210	False	
O95214	False	
O95218	True	master_direct
O95219	False	
O95229	False	
O95231	False	
O95232	True	gene_patch
O95235	False	
O95236	False	
O95237	False	
O95238	False	
O95239	False	
O95243	False	
O95248	False	
O95249	False	
O95251	False	
O95255	False	
O95256	False	
O95257	False	
O95258	False	
O95259	False	
O95260	False	
O95263	False	
O95264	False	
O95267	False	
O95271	False	
O95273	False	
O95274	False	
O95278	False	
O95279	False	
O95292	False	
O95294	False	
O95295	False	
O95297	False	
O95298	False	
O95299	False	
O95302	False	
O95319	True	master_direct
O95340	False	
O95342	False	
O95343	False	
O95347	False	
O95352	False	
O95359	False	
O95361	False	
O95363	True	master_direct
O95365	False	
O95372	False	
O95373	True	master_direct
O95376	False	
O95377	False	
O95379	False	
O95382	False	
O95388	False	
O95389	False	
O95390	False	
O95391	True	master_direct
O95393	False	
O95394	False	
O95395	False	
O95396	True	master_direct
O95398	False	
O95399	False	
O95400	True	master_direct
O95402	False	
O95405	False	
O95406	False	
O95407	False	
O95409	False	
O95415	False	
O95416	False	
O95425	False	
O95427	False	
O95428	False	
O95429	False	
O95433	False	
O95436	False	
O95445	False	
O95447	False	
O95450	False	
O95452	False	
O95453	True	master_direct
O95455	False	
O95456	False	
O95460	False	
O95461	False	
O95466	False	
O95467	False	
O95470	False	
O95471	False	
O95475	False	
O95476	False	
O95477	False	
O95479	False	
O95484	False	
O95486	False	
O95487	False	
O95490	False	
O95497	False	
O95498	False	
O95500	False	
O95503	False	
O95528	False	
O95544	False	
O95551	False	
O95562	False	
O95563	False	
O95568	False	
O95571	False	
O95573	False	
O95600	False	
O95602	False	
O95613	False	
O95619	False	
O95622	False	
O95628	True	master_direct
O95630	False	
O95631	False	
O95633	False	
O95639	True	master_direct
O95644	False	
O95670	False	
O95671	False	
O95672	False	
O95674	False	
O95677	False	
O95678	False	
O95684	False	
O95696	False	
O95704	False	
O95707	True	master_direct
O95711	False	
O95714	False	
O95715	False	
O95716	False	
O95718	False	
O95721	False	
O95727	False	
O95741	False	
O95747	False	
O95749	False	
O95750	False	
O95751	False	
O95754	False	
O95755	False	
O95758	True	master_direct
O95760	False	
O95772	False	
O95777	True	master_direct
O95782	False	
O95785	False	
O95786	True	master_direct
O95789	False	
O95793	True	master_direct
O95801	False	
O95803	False	
O95807	False	
O95810	False	
O95813	False	
O95816	False	
O95817	False	
O95819	False	
O95822	False	
O95825	False	
O95831	False	
O95832	False	
O95833	False	
O95834	False	
O95835	False	
O95837	False	
O95843	False	
O95847	False	
O95848	False	
O95858	False	
O95859	False	
O95861	False	
O95863	False	
O95864	False	
O95865	False	
O95866	False	
O95867	False	
O95868	False	
O95870	False	
O95872	False	
O95876	False	
O95881	False	
O95886	False	
O95897	False	
O95900	True	master_direct
O95905	False	
O95907	False	
O95922	False	
O95925	False	
O95926	True	master_direct
O95931	False	
O95932	False	
O95935	False	
O95936	False	
O95944	False	
O95947	False	
O95948	False	
O95954	False	
O95965	False	
O95967	False	
O95968	False	
O95970	False	
O95971	False	
O95972	False	
O95977	False	
O95980	False	
O95983	False	
O95985	True	master_direct
O95988	False	
O95989	True	master_direct
O95990	False	
O95992	False	
O95994	False	
O95995	False	
O95996	False	
O95997	False	
O95998	False	
O95999	False	
O96000	False	
O96004	False	
O96005	False	
O96006	True	master_direct
O96007	False	
O96008	False	
O96009	False	
O96011	False	
O96013	False	
O96014	False	
O96015	False	
O96017	False	
O96018	False	
O96019	False	
O96020	False	
O96024	False	
O96028	False	
O96033	False	
O97980	False	
P00156	False	
P00167	False	
P00325	False	
P00326	False	
P00338	False	
P00352	False	
P00367	False	
P00374	False	
P00387	False	
P00390	False	
P00395	False	
P00403	False	
P00414	False	
P00439	False	
P00441	False	
P00450	False	
P00451	False	
P00480	False	
P00488	False	
P00491	False	
P00492	False	
P00505	False	
P00519	False	
P00533	False	
P00540	False	
P00558	False	
P00568	False	
P00709	False	
P00734	False	
P00736	False	
P00738	False	
P00739	False	
P00740	False	
P00742	False	
P00746	False	
P00747	False	
P00748	False	
P00749	False	
P00750	False	
P00751	False	
P00797	False	
P00813	False	
P00846	False	
P00915	False	
P00918	False	
P00966	False	
P00973	True	master_direct
P00995	False	
P01008	False	
P01009	False	
P01011	False	
P01019	False	
P01023	False	
P01024	False	
P01031	False	
P01033	False	
P01034	False	
P01036	False	
P01037	False	
P01040	False	
P01042	False	
P01100	False	
P01106	False	
P01111	False	
P01112	False	
P01116	False	
P01127	False	
P01130	False	
P01133	False	
P01135	False	
P01137	False	
P01138	False	
P01148	False	
P01160	False	
P01178	False	
P01185	False	
P01189	False	
P01210	False	
P01213	False	
P01215	False	
P01222	False	
P01225	False	
P01229	False	
P01236	False	
P01241	False	
P01242	False	
P01258	False	
P01266	False	
P01270	False	
P01275	False	
P01282	False	
P01286	False	
P01298	False	
P01303	False	
P01308	False	
P01344	False	
P01350	False	
P01374	False	
P01375	False	
P01563	False	
P01567	False	
P01568	False	
P01570	False	
P01571	False	
P01574	False	
P01579	False	
P01583	False	
P01584	False	
P01588	False	
P01589	False	
P01591	False	
P01593	False	
P01594	False	
P01597	False	
P01602	False	
P01615	False	
P01619	False	
P01699	False	
P01700	False	
P01701	False	
P01704	False	
P01705	False	
P01706	False	
P01709	False	
P01721	False	
P01730	False	
P01732	False	
P01742	False	
P01764	False	
P01768	False	
P01772	False	
P01780	False	
P01814	False	
P01817	False	
P01825	False	
P01833	False	
P01834	False	
P01848	False	
P01850	False	
P01854	False	
P01857	False	
P01859	False	
P01860	False	
P01861	False	
P01871	False	
P01876	False	
P01877	False	
P01880	False	
P01889	False	
P01893	False	
P01903	False	
P01906	False	
P01909	False	
P01911	False	
P01920	False	
P02008	False	
P02042	False	
P02100	False	
P02144	False	
P02452	False	
P02458	False	
P02461	False	
P02462	False	
P02489	False	
P02511	False	
P02533	False	
P02538	False	
P02545	False	
P02549	False	
P02585	False	
P02647	False	
P02649	False	
P02652	False	
P02654	False	
P02655	False	
P02656	False	
P02671	False	
P02675	False	
P02679	False	
P02686	False	
P02689	False	
P02708	False	
P02724	False	
P02730	False	
P02741	False	
P02743	False	
P02745	False	
P02746	False	
P02747	False	
P02748	False	
P02749	False	
P02750	False	
P02751	False	
P02753	False	
P02760	False	
P02763	False	
P02765	False	
P02766	False	
P02768	False	
P02771	False	
P02774	False	
P02775	False	
P02776	False	
P02778	False	
P02786	False	
P02787	False	
P02788	False	
P02790	False	
P02792	False	
P02794	False	
P02795	False	
P02808	False	
P02810	False	
P02812	False	
P02814	False	
P02818	False	
P03372	False	
P03886	False	
P03891	False	
P03897	False	
P03901	False	
P03905	False	
P03915	False	
P03923	False	
P03928	False	
P03950	True	master_direct
P03951	False	
P03952	False	
P03956	False	
P03971	False	
P03973	False	
P03999	False	
P04000	False	
P04001	False	
P04003	False	
P04004	False	
P04035	False	
P04040	False	
P04049	False	
P04053	False	
P04054	False	
P04062	False	
P04066	False	
P04070	False	
P04075	False	
P04080	False	
P04083	False	
P04085	False	
P04090	False	
P04114	False	
P04118	False	
P04141	False	
P04150	False	
P04155	False	
P04156	False	
P04179	False	
P04180	False	
P04181	False	
P04183	False	
P04196	False	
P04198	False	
P04201	False	
P04216	False	
P04217	False	
P04233	False	
P04234	False	
P04259	False	
P04264	False	
P04271	False	
P04275	False	
P04278	False	
P04279	False	
P04280	False	
P04350	False	
P04406	True	master_direct
P04424	False	
P04439	False	
P04440	False	
P04553	False	
P04554	False	
P04626	False	
P04628	False	
P04629	False	
P04632	False	
P04637	False	
P04731	False	
P04732	False	
P04733	False	
P04746	False	
P04792	False	
P04798	False	
P04818	False	
P04839	False	
P04843	False	
P04844	False	
P04899	False	
P04908	False	
P04920	False	
P04921	False	
P05000	False	
P05014	False	
P05019	False	
P05023	False	
P05026	False	
P05060	False	
P05062	False	
P05067	False	
P05089	False	
P05090	False	
P05091	False	
P05093	False	
P05106	False	
P05107	False	
P05108	False	
P05109	False	
P05111	False	
P05112	False	
P05113	False	
P05114	False	
P05120	False	
P05121	False	
P05129	False	
P05141	False	
P05154	False	
P05155	False	
P05156	False	
P05160	False	
P05161	False	
P05162	False	
P05164	False	
P05165	False	
P05166	False	
P05177	False	
P05181	False	
P05186	False	
P05187	False	
P05198	True	master_direct
P05204	False	
P05230	False	
P05231	False	
P05305	False	
P05362	False	
P05386	True	master_direct
P05387	True	master_direct
P05388	True	master_direct
P05408	False	
P05412	False	
P05413	False	
P05423	False	
P05451	False	
P05452	False	
P05455	True	master_direct
P05496	False	
P05538	False	
P05543	False	
P05546	False	
P05549	False	
P05556	False	
P05771	False	
P05783	False	
P05787	False	
P05813	False	
P05814	False	
P05937	False	
P05976	False	
P05981	False	
P05997	False	
P06028	False	
P06126	False	
P06127	False	
P06132	False	
P06133	False	
P06213	False	
P06239	False	
P06241	False	
P06276	False	
P06280	False	
P06307	False	
P06312	False	
P06340	False	
P06396	False	
P06400	False	
P06401	False	
P06454	False	
P06493	False	
P06576	False	
P06681	False	
P06702	False	
P06703	False	
P06727	False	
P06729	False	
P06730	True	master_direct
P06731	False	
P06732	False	
P06733	False	
P06734	False	
P06737	False	
P06744	False	
P06746	False	
P06748	True	master_direct
P06753	False	
P06756	False	
P06850	False	
P06858	False	
P06865	False	
P06870	False	
P06881	False	
P06899	False	
P07093	False	
P07098	False	
P07099	False	
P07101	False	
P07108	False	
P07148	False	
P07195	False	
P07196	False	
P07197	False	
P07199	False	
P07202	False	
P07203	False	
P07204	False	
P07205	False	
P07225	False	
P07237	False	
P07288	False	
P07305	False	
P07306	False	
P07307	False	
P07315	False	
P07320	False	
P07327	False	
P07332	False	
P07333	False	
P07339	False	
P07355	False	
P07357	False	
P07358	False	
P07359	False	
P07360	False	
P07384	False	
P07437	False	
P07438	False	
P07451	False	
P07476	False	
P07477	False	
P07478	False	
P07492	False	
P07498	False	
P07510	False	
P07550	False	
P07585	False	
P07602	False	
P07686	False	
P07711	False	
P07737	False	
P07738	False	
P07741	False	
P07766	False	
P07814	True	master_direct
P07858	False	
P07864	False	
P07900	False	
P07902	False	
P07910	True	master_direct
P07911	False	
P07919	False	
P07942	False	
P07947	False	
P07948	False	
P07949	False	
P07951	False	
P07954	False	
P07988	False	
P07992	False	
P07996	False	
P07998	True	master_direct
P08034	False	
P08047	False	
P08048	False	
P08069	False	
P08100	False	
P08118	False	
P08123	False	
P08133	False	
P08134	False	
P08138	False	
P08151	False	
P08172	False	
P08173	False	
P08174	False	
P08183	False	
P08185	False	
P08195	False	
P08217	False	
P08218	False	
P08235	False	
P08236	False	
P08237	False	
P08238	False	
P08240	True	master_direct
P08243	False	
P08246	False	
P08247	False	
P08253	False	
P08254	False	
P08263	False	
P08294	False	
P08311	False	
P08319	False	
P08397	False	
P08473	False	
P08476	False	
P08493	False	
P08514	False	
P08519	False	
P08559	False	
P08567	False	
P08571	False	
P08572	False	
P08574	False	
P08575	False	
P08579	True	master_direct
P08581	False	
P08582	False	
P08588	False	
P08590	False	
P08603	False	
P08620	False	
P08621	True	master_direct
P08631	False	
P08637	False	
P08648	False	
P08651	False	
P08670	False	
P08684	False	
P08686	False	
P08697	False	
P08700	False	
P08708	True	gene_patch
P08709	False	
P08727	False	
P08729	False	
P08754	False	
P08758	False	
P08779	False	
P08833	False	
P08842	False	
P08861	False	
P08865	True	master_direct
P08887	False	
P08908	False	
P08910	False	
P08912	False	
P08913	False	
P08922	False	
P08949	False	
P08962	False	
P08F94	False	
P09012	True	master_direct
P09016	False	
P09017	False	
P09038	False	
P09067	False	
P09086	False	
P09104	False	
P09110	False	
P09132	True	master_direct
P09172	False	
P09210	False	
P09211	False	
P09228	False	
P09234	True	master_direct
P09237	False	
P09238	False	
P09326	False	
P09327	False	
P09341	False	
P09382	False	
P09417	False	
P09429	False	
P09430	False	
P09455	False	
P09466	False	
P09467	False	
P09471	False	
P09486	False	
P09488	False	
P09493	False	
P09496	False	
P09497	False	
P09525	False	
P09529	False	
P09543	True	master_direct
P09544	False	
P09564	False	
P09601	False	
P09603	False	
P09619	False	
P09622	False	
P09629	False	
P09651	True	master_direct
P09661	True	master_direct
P09668	False	
P09669	False	
P09681	False	
P09683	False	
P09693	False	
P09758	False	
P09769	False	
P09848	False	
P09871	False	
P09874	True	master_direct
P09884	False	
P09912	False	
P09913	True	master_direct
P09914	True	master_direct
P09917	False	
P09919	False	
P09923	False	
P09936	False	
P09958	False	
P09960	False	
P09972	False	
P0C024	False	
P0C0E4	False	
P0C0L4	False	
P0C0L5	False	
P0C0P6	False	
P0C0S5	False	
P0C0S8	False	
P0C1S8	False	
P0C1Z6	False	
P0C264	False	
P0C2W1	False	
P0C5Y9	False	
P0C5Z0	False	
P0C6T2	False	
P0C7P0	False	
P0C7P3	False	
P0C7T5	True	master_direct
P0C7U0	False	
P0C7W6	False	
P0C7X2	False	
P0C869	False	
P0C870	False	
P0CAP1	False	
P0CAP2	False	
P0CB47	False	
P0CG04	False	
P0CG08	False	
P0CG20	False	
P0CG30	False	
P0CG37	False	
P0CG47	False	
P0CG48	False	
P0CW18	False	
P0DI81	False	
P0DI82	False	
P0DI83	False	
P0DJD3	True	master_direct
P0DJD7	False	
P0DJD8	False	
P0DJD9	False	
P0DJI8	False	
P0DJI9	False	
P0DJJ0	False	
P0DMC3	False	
P0DME0	False	
P0DML2	False	
P0DML3	False	
P0DMM9	False	
P0DMN0	False	
P0DMS8	False	
P0DMS9	False	
P0DMV8	False	
P0DMV9	False	
P0DMW2	False	
P0DN84	False	
P0DN86	False	
P0DOY2	False	
P0DOY3	False	
P0DP23	False	
P0DP24	False	
P0DP25	False	
P0DP42	False	
P0DP57	False	
P0DP58	False	
P0DP91	False	
P0DPB3	False	
P0DPB6	False	
P0DPD6	False	
P0DPD7	False	
P0DPD8	False	
P0DPH7	False	
P0DPH8	False	
P0DPK2	False	
P0DPK3	False	
P0DPK4	False	
P0DPK5	False	
P0DTE4	False	
P0DTE5	False	
P0DTE7	False	
P0DTE8	False	
P0DTU3	False	
P0DTU4	False	
P0DUB6	False	
P10070	False	
P10071	False	
P10073	False	
P10074	False	
P10082	False	
P10092	False	
P10109	False	
P10114	False	
P10124	False	
P10144	False	
P10145	False	
P10147	False	
P10153	True	master_direct
P10155	True	master_direct
P10163	False	
P10176	False	
P10242	False	
P10243	False	
P10244	False	
P10253	False	
P10265	False	
P10275	False	
P10276	False	
P10301	False	
P10321	False	
P10323	False	
P10398	False	
P10412	False	
P10415	False	
P10451	False	
P10515	False	
P10523	False	
P10586	False	
P10588	False	
P10589	False	
P10599	False	
P10600	False	
P10606	False	
P10619	False	
P10620	False	
P10632	False	
P10635	False	
P10636	False	
P10643	False	
P10644	False	
P10645	False	
P10646	False	
P10696	False	
P10720	False	
P10721	False	
P10745	False	
P10746	False	
P10747	False	
P10767	False	
P10768	False	
P10809	False	
P10826	False	
P10827	False	
P10828	False	
P10909	False	
P10911	False	
P10912	False	
P10914	False	
P10915	False	
P10916	False	
P10966	False	
P10997	False	
P11021	False	
P11047	False	
P11049	False	
P11055	False	
P11086	False	
P11117	False	
P11137	False	
P11142	False	
P11150	False	
P11161	False	
P11166	False	
P11168	False	
P11169	False	
P11171	False	
P11172	False	
P11177	False	
P11182	False	
P11215	False	
P11216	False	
P11217	False	
P11226	False	
P11229	False	
P11230	False	
P11233	False	
P11234	False	
P11245	False	
P11274	False	
P11277	False	
P11279	False	
P11308	False	
P11309	False	
P11310	False	
P11362	False	
P11387	True	master_direct
P11388	False	
P11413	False	
P11441	False	
P11464	False	
P11473	False	
P11474	False	
P11487	False	
P11488	False	
P11498	False	
P11509	False	
P11511	False	
P11532	False	
P11586	False	
P11597	False	
P11678	False	
P11684	False	
P11686	False	
P11712	False	
P11717	False	
P11766	False	
P11801	False	
P11802	False	
P11831	False	
P11836	False	
P11908	False	
P11912	False	
P11926	False	
P11940	True	master_direct
P12004	False	
P12018	False	
P12034	False	
P12035	False	
P12036	False	
P12074	False	
P12081	True	gene_patch
P12104	False	
P12107	False	
P12109	False	
P12110	False	
P12111	False	
P12235	False	
P12236	False	
P12259	False	
P12268	False	
P12270	True	master_direct
P12271	False	
P12272	False	
P12273	False	
P12277	False	
P12314	False	
P12318	False	
P12319	False	
P12429	False	
P12524	False	
P12532	False	
P12544	False	
P12643	False	
P12644	False	
P12645	False	
P12694	False	
P12724	True	master_direct
P12755	False	
P12757	False	
P12814	False	
P12821	False	
P12829	False	
P12830	False	
P12838	False	
P12882	False	
P12883	False	
P12931	False	
P12955	False	
P12956	True	gene_patch
P12980	False	
P13010	False	
P13051	False	
P13056	False	
P13073	False	
P13164	False	
P13196	False	
P13224	False	
P13232	False	
P13236	False	
P13284	False	
P13349	False	
P13378	False	
P13385	False	
P13473	False	
P13489	True	master_direct
P13497	False	
P13498	False	
P13500	False	
P13501	False	
P13521	False	
P13533	False	
P13535	False	
P13569	False	
P13584	False	
P13591	False	
P13598	False	
P13611	False	
P13612	False	
P13631	False	
P13637	False	
P13639	True	master_direct
P13640	False	
P13645	False	
P13646	False	
P13647	False	
P13667	False	
P13671	False	
P13674	False	
P13682	False	
P13686	False	
P13688	False	
P13693	False	
P13716	False	
P13725	False	
P13726	False	
P13727	False	
P13747	False	
P13762	False	
P13765	False	
P13796	False	
P13797	False	
P13798	False	
P13804	False	
P13805	False	
P13807	False	
P13861	False	
P13866	False	
P13928	False	
P13929	False	
P13942	False	
P13945	False	
P13984	False	
P13987	False	
P13994	False	
P13995	False	
P14060	False	
P14061	False	
P14091	False	
P14136	True	gene_patch
P14138	False	
P14151	False	
P14174	False	
P14207	False	
P14209	False	
P14210	False	
P14222	False	
P14314	False	
P14316	False	
P14317	False	
P14324	False	
P14373	False	
P14384	False	
P14406	False	
P14410	False	
P14415	False	
P14416	False	
P14543	False	
P14550	False	
P14555	False	
P14598	False	
P14616	False	
P14618	False	
P14621	False	
P14625	False	
P14635	False	
P14649	False	
P14651	False	
P14652	False	
P14653	False	
P14672	False	
P14678	True	master_direct
P14679	False	
P14735	False	
P14770	False	
P14778	False	
P14780	False	
P14784	False	
P14854	False	
P14859	False	
P14866	True	master_direct
P14867	False	
P14868	True	master_direct
P14902	False	
P14920	False	
P14921	False	
P14923	False	
P14927	False	
P15018	False	
P15036	False	
P15056	False	
P15085	False	
P15086	False	
P15090	False	
P15104	False	
P15121	False	
P15144	False	
P15151	False	
P15153	False	
P15169	False	
P15170	True	master_direct
P15172	False	
P15173	False	
P15248	False	
P15259	False	
P15260	False	
P15289	False	
P15291	False	
P15309	False	
P15311	False	
P15313	False	
P15328	False	
P15336	False	
P15374	False	
P15382	False	
P15391	False	
P15407	False	
P15408	False	
P15428	False	
P15498	False	
P15502	False	
P15509	False	
P15514	False	
P15515	False	
P15516	False	
P15529	False	
P15531	False	
P15538	False	
P15559	False	
P15586	False	
P15622	False	
P15692	False	
P15735	False	
P15812	False	
P15813	False	
P15814	False	
P15822	False	
P15848	False	
P15863	False	
P15880	True	gene_patch
P15882	False	
P15884	False	
P15907	False	
P15918	True	master_direct
P15923	False	
P15924	False	
P15927	False	
P15941	False	
P15954	False	
P15976	False	
P16035	False	
P16050	False	
P16066	False	
P16070	False	
P16083	False	
P16104	False	
P16109	False	
P16112	False	
P16118	False	
P16144	False	
P16150	False	
P16152	False	
P16157	False	
P16219	False	
P16220	False	
P16233	False	
P16234	False	
P16260	False	
P16278	False	
P16284	False	
P16298	False	
P16333	False	
P16383	True	master_direct
P16389	False	
P16401	False	
P16402	False	
P16403	False	
P16410	False	
P16422	False	
P16435	False	
P16442	False	
P16444	False	
P16452	False	
P16455	True	gene_patch
P16471	False	
P16473	False	
P16499	False	
P16519	False	
P16520	False	
P16581	False	
P16591	False	
P16615	False	
P16619	False	
P16662	False	
P16671	False	
P16860	False	
P16870	False	
P16871	False	
P16885	False	
P16930	False	
P16949	False	
P16989	True	master_direct
P17010	False	
P17014	False	
P17020	False	
P17021	False	
P17022	False	
P17023	False	
P17024	False	
P17027	False	
P17028	False	
P17036	False	
P17040	False	
P17041	False	
P17050	False	
P17066	False	
P17081	False	
P17096	False	
P17152	False	
P17174	False	
P17181	False	
P17213	False	
P17252	False	
P17275	False	
P17301	False	
P17302	False	
P17342	False	
P17405	False	
P17480	True	master_direct
P17481	False	
P17482	False	
P17483	False	
P17509	False	
P17516	False	
P17535	False	
P17540	False	
P17542	False	
P17544	False	
P17568	False	
P17600	False	
P17612	False	
P17643	False	
P17655	False	
P17658	False	
P17661	False	
P17676	False	
P17677	False	
P17693	False	
P17706	False	
P17707	False	
P17735	False	
P17752	False	
P17787	False	
P17812	False	
P17813	False	
P17844	False	
P17858	False	
P17861	False	
P17900	False	
P17927	False	
P17931	False	
P17936	False	
P17947	False	
P17948	False	
P17980	False	
P17987	False	
P18031	False	
P18054	False	
P18065	False	
P18074	False	
P18075	False	
P18077	False	
P18084	False	
P18085	False	
P18089	False	
P18124	True	gene_patch
P18146	False	
P18206	False	
P18283	False	
P18405	False	
P18428	False	
P18433	False	
P18440	False	
P18505	False	
P18507	False	
P18509	False	
P18510	False	
P18545	False	
P18564	False	
P18577	False	
P18583	True	master_direct
P18615	True	master_direct
P18621	True	gene_patch
P18627	False	
P18669	False	
P18754	False	
P18825	False	
P18827	False	
P18846	False	
P18847	False	
P18848	False	
P18850	False	
P18858	False	
P18859	False	
P18887	False	
P19012	False	
P19013	False	
P19021	False	
P19022	False	
P19075	False	
P19086	False	
P19087	False	
P19099	False	
P19105	False	
P19113	False	
P19174	False	
P19224	False	
P19235	False	
P19237	False	
P19256	False	
P19320	False	
P19338	True	master_direct
P19367	False	
P19387	False	
P19388	True	gene_patch
P19397	False	
P19404	False	
P19419	False	
P19429	False	
P19438	False	
P19440	False	
P19447	True	gene_patch
P19474	True	master_direct
P19484	False	
P19525	True	master_direct
P19526	False	
P19532	False	
P19544	False	
P19622	False	
P19623	False	
P19634	False	
P19652	False	
P19784	False	
P19793	False	
P19801	False	
P19823	False	
P19827	True	gene_patch
P19835	False	
P19838	False	
P19875	False	
P19876	False	
P19878	False	
P19883	False	
P19957	False	
P19971	False	
P20020	False	
P20023	False	
P20036	False	
P20042	True	master_direct
P20061	False	
P20062	False	
P20073	False	
P20132	False	
P20138	False	
P20142	False	
P20151	False	
P20155	False	
P20160	False	
P20226	False	
P20231	False	
P20248	False	
P20264	False	
P20265	False	
P20273	False	
P20290	False	
P20292	False	
P20309	False	
P20333	False	
P20336	False	
P20337	False	
P20338	False	
P20339	False	
P20340	False	
P20366	False	
P20382	False	
P20393	False	
P20396	False	
P20472	False	
P20585	False	
P20591	False	
P20592	False	
P20594	False	
P20618	False	
P20645	False	
P20648	False	
P20671	False	
P20674	False	
P20700	False	
P20701	False	
P20702	False	
P20711	False	
P20718	False	
P20719	False	
P20742	False	
P20749	False	
P20774	False	
P20783	False	
P20794	False	
P20800	False	
P20807	False	
P20809	False	
P20810	False	
P20813	False	
P20815	False	
P20823	False	
P20827	False	
P20839	False	
P20848	False	
P20849	False	
P20851	False	
P20853	False	
P20908	False	
P20916	False	
P20929	False	
P20930	False	
P20933	False	
P20936	False	
P20941	False	
P20963	False	
P21108	False	
P21127	False	
P21128	True	master_direct
P21145	False	
P21217	False	
P21246	False	
P21266	False	
P21281	False	
P21283	False	
P21291	False	
P21333	False	
P21359	False	
P21397	False	
P21399	True	master_direct
P21439	False	
P21452	False	
P21453	False	
P21462	False	
P21549	False	
P21554	False	
P21579	False	
P21580	False	
P21583	False	
P21589	False	
P21673	False	
P21675	False	
P21695	False	
P21709	False	
P21728	False	
P21730	False	
P21731	False	
P21741	False	
P21754	False	
P21757	False	
P21781	False	
P21796	False	
P21802	False	
P21810	False	
P21815	False	
P21817	False	
P21854	False	
P21860	False	
P21912	False	
P21917	False	
P21918	False	
P21926	False	
P21941	False	
P21953	False	
P21964	False	
P21980	False	
P22001	False	
P22003	False	
P22004	False	
P22033	False	
P22059	False	
P22061	False	
P22079	False	
P22083	False	
P22087	True	master_direct
P22102	False	
P22105	False	
P22223	False	
P22234	False	
P22301	False	
P22303	False	
P22304	False	
P22307	False	
P22309	False	
P22310	False	
P22314	True	master_direct
P22352	False	
P22362	False	
P22392	False	
P22413	False	
P22415	False	
P22455	False	
P22459	False	
P22460	False	
P22466	False	
P22492	False	
P22528	False	
P22557	False	
P22570	False	
P22607	False	
P22612	False	
P22626	True	master_direct
P22670	False	
P22674	False	
P22680	False	
P22681	False	
P22692	False	
P22694	False	
P22695	False	
P22732	False	
P22735	False	
P22736	False	
P22748	False	
P22749	False	
P22760	False	
P22792	False	
P22794	False	
P22830	False	
P22888	False	
P22891	False	
P22894	False	
P22897	False	
P22914	False	
P23025	False	
P23083	False	
P23109	False	
P23141	False	
P23142	False	
P23193	False	
P23219	False	
P23229	False	
P23246	True	master_direct
P23258	False	
P23276	False	
P23280	False	
P23284	False	
P23297	False	
P23327	False	
P23352	False	
P23368	False	
P23378	False	
P23381	True	gene_patch
P23396	True	master_direct
P23409	False	
P23415	False	
P23416	False	
P23434	False	
P23435	False	
P23443	False	
P23458	False	
P23467	False	
P23468	False	
P23469	False	
P23470	False	
P23471	False	
P23490	False	
P23497	False	
P23508	False	
P23510	False	
P23511	False	
P23515	False	
P23526	False	
P23527	False	
P23528	False	
P23560	False	
P23582	False	
P23588	True	master_direct
P23610	False	
P23634	False	
P23677	False	
P23743	False	
P23759	False	
P23760	False	
P23763	False	
P23769	False	
P23771	False	
P23786	False	
P23919	False	
P23921	False	
P23942	False	
P23945	False	
P23946	False	
P23975	False	
P24001	False	
P24043	False	
P24046	False	
P24071	False	
P24158	False	
P24278	False	
P24298	False	
P24310	False	
P24311	False	
P24347	False	
P24385	False	
P24386	False	
P24387	False	
P24390	False	
P24394	False	
P24462	False	
P24468	False	
P24522	False	
P24530	False	
P24534	True	master_direct
P24539	False	
P24557	False	
P24588	False	
P24592	False	
P24593	False	
P24666	False	
P24723	False	
P24752	False	
P24821	False	
P24844	False	
P24855	False	
P24863	False	
P24864	False	
P24903	False	
P24928	False	
P24941	False	
P25021	False	
P25024	False	
P25025	False	
P25054	False	
P25063	False	
P25067	False	
P25089	False	
P25090	False	
P25092	False	
P25098	False	
P25100	False	
P25101	False	
P25103	False	
P25105	False	
P25106	False	
P25116	False	
P25189	False	
P25205	False	
P25208	False	
P25311	True	master_direct
P25325	False	
P25391	False	
P25398	True	master_direct
P25440	False	
P25445	False	
P25490	False	
P25685	False	
P25686	False	
P25705	False	
P25713	False	
P25774	False	
P25786	True	master_direct
P25787	False	
P25788	False	
P25789	False	
P25791	False	
P25800	False	
P25815	False	
P25874	False	
P25929	False	
P25940	False	
P25942	False	
P25963	False	
P26006	False	
P26010	False	
P26012	False	
P26022	False	
P26038	False	
P26045	False	
P26196	False	
P26232	False	
P26358	True	master_direct
P26367	False	
P26368	True	master_direct
P26371	False	
P26373	True	gene_patch
P26374	False	
P26378	True	master_direct
P26436	False	
P26439	False	
P26440	False	
P26441	False	
P26447	False	
P26572	False	
P26583	False	
P26599	True	master_direct
P26639	True	master_direct
P26640	True	master_direct
P26641	True	master_direct
P26651	True	master_direct
P26678	False	
P26715	False	
P26717	False	
P26718	False	
P26842	False	
P26885	False	
P26927	False	
P26951	False	
P26992	False	
P26998	False	
P27037	False	
P27105	False	
P27144	False	
P27169	False	
P27216	False	
P27338	False	
P27348	False	
P27352	False	
P27361	False	
P27448	False	
P27449	False	
P27469	False	
P27482	False	
P27487	False	
P27539	False	
P27540	False	
P27544	False	
P27635	True	master_direct
P27658	False	
P27694	False	
P27695	True	gene_patch
P27701	False	
P27707	False	
P27708	False	
P27797	True	gene_patch
P27815	False	
P27816	False	
P27824	True	master_direct
P27918	False	
P27930	False	
P27986	False	
P27987	False	
P28039	False	
P28062	False	
P28065	False	
P28066	False	
P28067	False	
P28068	False	
P28069	False	
P28070	False	
P28072	False	
P28074	False	
P28161	False	
P28221	False	
P28222	False	
P28223	False	
P28288	False	
P28289	False	
P28290	False	
P28300	False	
P28324	False	
P28325	False	
P28328	False	
P28329	False	
P28330	False	
P28331	False	
P28332	False	
P28335	False	
P28336	False	
P28340	False	
P28347	False	
P28356	False	
P28358	False	
P28360	False	
P28370	False	
P28472	False	
P28476	False	
P28482	False	
P28562	False	
P28566	False	
P28676	False	
P28698	False	
P28702	False	
P28715	False	
P28749	False	
P28799	False	
P28827	False	
P28838	False	
P28845	False	
P28906	False	
P28907	False	
P28908	False	
P29016	False	
P29017	False	
P29033	False	
P29034	False	
P29074	False	
P29083	False	
P29084	False	
P29120	False	
P29122	False	
P29144	False	
P29218	False	
P29274	False	
P29275	False	
P29279	False	
P29317	False	
P29320	False	
P29322	False	
P29323	False	
P29350	False	
P29353	False	
P29371	False	
P29372	False	
P29373	False	
P29374	False	
P29375	False	
P29376	False	
P29400	False	
P29401	False	
P29459	False	
P29460	False	
P29466	False	
P29474	False	
P29475	False	
P29508	False	
P29536	False	
P29558	True	master_direct
P29590	False	
P29597	False	
P29622	False	
P29692	True	master_direct
P29728	True	master_direct
P29803	False	
P29965	False	
P29966	False	
P29972	False	
P29973	False	
P29992	False	
P30038	False	
P30039	False	
P30040	False	
P30041	False	
P30043	False	
P30044	False	
P30046	False	
P30047	False	
P30048	False	
P30049	False	
P30050	True	master_direct
P30084	False	
P30085	False	
P30086	False	
P30101	False	
P30153	False	
P30154	False	
P30203	False	
P30260	False	
P30273	False	
P30279	False	
P30281	False	
P30291	False	
P30301	False	
P30304	False	
P30305	False	
P30307	False	
P30405	False	
P30411	False	
P30414	False	
P30419	False	
P30511	False	
P30518	False	
P30519	False	
P30520	False	
P30530	False	
P30531	False	
P30532	False	
P30533	False	
P30536	False	
P30542	False	
P30550	False	
P30556	False	
P30559	False	
P30566	False	
P30613	False	
P30622	False	
P30626	False	
P30679	False	
P30711	False	
P30740	False	
P30793	False	
P30825	False	
P30837	False	
P30838	False	
P30872	False	
P30874	False	
P30876	True	gene_patch
P30926	False	
P30939	False	
P30968	False	
P30988	False	
P30989	False	
P30990	False	
P31025	False	
P31040	False	
P31146	False	
P31150	False	
P31151	False	
P31152	False	
P31153	False	
P31213	False	
P31249	False	
P31260	False	
P31268	False	
P31269	False	
P31270	False	
P31271	False	
P31273	False	
P31274	False	
P31276	False	
P31314	False	
P31321	False	
P31323	False	
P31327	False	
P31350	False	
P31358	False	
P31371	False	
P31391	False	
P31415	False	
P31431	False	
P31483	True	master_direct
P31512	False	
P31513	False	
P31629	False	
P31639	False	
P31641	False	
P31644	False	
P31645	False	
P31689	False	
P31749	False	
P31751	False	
P31785	False	
P31930	False	
P31937	False	
P31939	True	master_direct
P31941	True	master_direct
P31942	True	master_direct
P31943	True	master_direct
P31944	True	master_direct
P31946	False	
P31947	False	
P31948	False	
P31949	False	
P31994	False	
P31995	False	
P31997	False	
P32004	False	
P32019	False	
P32119	False	
P32121	False	
P32189	False	
P32238	False	
P32239	False	
P32241	False	
P32242	False	
P32243	False	
P32245	False	
P32246	False	
P32247	False	
P32248	False	
P32249	False	
P32297	False	
P32298	False	
P32302	False	
P32320	False	
P32321	False	
P32322	False	
P32418	False	
P32455	False	
P32456	False	
P32519	False	
P32745	False	
P32754	False	
P32780	False	
P32856	False	
P32881	False	
P32926	False	
P32927	False	
P32929	False	
P32942	False	
P32969	True	master_direct
P32970	False	
P32971	False	
P33032	False	
P33076	False	
P33121	False	
P33151	False	
P33176	False	
P33240	True	master_direct
P33241	False	
P33260	False	
P33261	False	
P33316	False	
P33402	False	
P33527	False	
P33681	False	
P33763	False	
P33764	False	
P33778	False	
P33897	False	
P33908	False	
P33947	False	
P33981	False	
P33991	False	
P33992	False	
P33993	False	
P34059	False	
P34096	False	
P34130	False	
P34741	False	
P34810	False	
P34896	False	
P34897	False	
P34903	False	
P34910	False	
P34913	False	
P34925	False	
P34931	False	
P34932	False	
P34947	False	
P34949	False	
P34969	False	
P34972	False	
P34981	False	
P34982	False	
P34995	False	
P34998	False	
P35030	False	
P35052	False	
P35070	False	
P35080	False	
P35125	False	
P35212	False	
P35218	False	
P35219	False	
P35221	False	
P35222	False	
P35225	False	
P35226	True	gene_patch
P35227	False	
P35228	False	
P35232	False	
P35236	False	
P35237	False	
P35240	False	
P35241	False	
P35243	False	
P35244	False	
P35247	False	
P35249	False	
P35250	False	
P35251	False	
P35268	True	gene_patch
P35269	True	master_direct
P35270	False	
P35318	False	
P35321	False	
P35326	False	
P35346	False	
P35348	False	
P35354	False	
P35367	False	
P35368	False	
P35372	False	
P35398	False	
P35408	False	
P35414	False	
P35442	False	
P35443	False	
P35452	False	
P35453	False	
P35462	False	
P35475	False	
P35498	False	
P35499	False	
P35503	False	
P35504	False	
P35520	False	
P35523	False	
P35527	False	
P35548	False	
P35555	False	
P35556	False	
P35557	False	
P35558	False	
P35568	False	
P35573	False	
P35575	False	
P35579	False	
P35580	False	
P35590	False	
P35606	False	
P35609	False	
P35610	False	
P35611	False	
P35612	False	
P35613	False	
P35625	False	
P35626	False	
P35637	True	master_direct
P35638	False	
P35658	False	
P35659	False	
P35663	False	
P35670	False	
P35680	False	
P35711	False	
P35712	False	
P35713	False	
P35716	False	
P35749	False	
P35754	False	
P35789	True	master_direct
P35790	False	
P35813	False	
P35858	False	
P35869	False	
P35900	False	
P35908	False	
P35913	False	
P35914	False	
P35916	False	
P35968	False	
P35998	False	
P36021	False	
P36222	False	
P36268	False	
P36269	False	
P36382	False	
P36383	False	
P36402	False	
P36404	False	
P36405	False	
P36406	False	
P36507	False	
P36508	False	
P36537	False	
P36542	False	
P36543	False	
P36544	False	
P36551	False	
P36575	False	
P36578	True	gene_patch
P36639	False	
P36776	True	master_direct
P36871	False	
P36873	False	
P36888	False	
P36894	False	
P36896	False	
P36897	False	
P36941	False	
P36952	False	
P36954	True	master_direct
P36955	False	
P36956	False	
P36957	False	
P36959	False	
P36969	False	
P36980	False	
P37023	False	
P37058	False	
P37059	False	
P37088	False	
P37108	True	master_direct
P37173	False	
P37198	False	
P37231	False	
P37235	False	
P37268	False	
P37275	False	
P37287	False	
P37288	False	
P37802	False	
P37837	False	
P37840	False	
P38117	False	
P38159	True	master_direct
P38398	True	master_direct
P38405	False	
P38432	False	
P38435	False	
P38484	False	
P38567	False	
P38570	False	
P38571	False	
P38606	False	
P38646	False	
P38919	True	master_direct
P38935	True	master_direct
P38936	False	
P39019	True	master_direct
P39023	True	gene_patch
P39059	False	
P39060	False	
P39086	False	
P39210	False	
P39656	False	
P39687	False	
P39748	False	
P39877	False	
P39880	False	
P39900	False	
P39905	False	
P40121	False	
P40123	False	
P40126	False	
P40145	False	
P40189	False	
P40197	False	
P40198	False	
P40199	False	
P40200	False	
P40205	False	
P40222	False	
P40225	False	
P40227	False	
P40238	False	
P40259	False	
P40261	False	
P40305	False	
P40306	False	
P40337	False	
P40394	False	
P40424	False	
P40425	False	
P40426	False	
P40429	True	master_direct
P40616	False	
P40617	False	
P40692	False	
P40763	False	
P40818	False	
P40855	False	
P40879	False	
P40925	False	
P40926	False	
P40933	False	
P40937	False	
P40938	False	
P40939	False	
P40967	False	
P41002	False	
P41091	True	master_direct
P41134	False	
P41143	False	
P41145	False	
P41146	False	
P41159	False	
P41161	False	
P41162	False	
P41180	False	
P41181	False	
P41182	False	
P41208	False	
P41212	False	
P41214	True	master_direct
P41217	False	
P41218	False	
P41219	False	
P41220	False	
P41221	False	
P41222	False	
P41223	False	
P41225	False	
P41226	False	
P41227	False	
P41229	False	
P41231	False	
P41235	False	
P41236	False	
P41238	True	master_direct
P41240	False	
P41247	False	
P41250	True	master_direct
P41252	True	master_direct
P41271	False	
P41273	False	
P41279	False	
P41439	False	
P41440	False	
P41567	True	gene_patch
P41586	False	
P41587	False	
P41594	False	
P41595	False	
P41597	False	
P41732	False	
P41743	False	
P41968	False	
P41970	False	
P42025	False	
P42081	False	
P42126	False	
P42127	False	
P42166	False	
P42167	False	
P42224	False	
P42226	False	
P42229	False	
P42261	False	
P42262	False	
P42263	False	
P42285	True	master_direct
P42330	False	
P42331	False	
P42336	False	
P42338	False	
P42345	False	
P42356	False	
P42357	False	
P42566	False	
P42568	False	
P42574	False	
P42575	False	
P42658	False	
P42677	False	
P42679	False	
P42680	False	
P42681	False	
P42684	False	
P42685	False	
P42694	True	master_direct
P42695	False	
P42701	False	
P42702	False	
P42704	True	master_direct
P42765	False	
P42766	True	master_direct
P42768	False	
P42771	False	
P42772	False	
P42773	False	
P42785	False	
P42830	False	
P42857	False	
P42858	False	
P42892	False	
P42898	False	
P43003	False	
P43004	False	
P43005	False	
P43007	False	
P43026	False	
P43034	False	
P43080	False	
P43088	False	
P43115	False	
P43119	False	
P43121	False	
P43146	False	
P43155	False	
P43166	False	
P43220	False	
P43234	False	
P43235	False	
P43243	True	master_direct
P43246	False	
P43250	False	
P43251	False	
P43268	False	
P43304	False	
P43307	False	
P43308	False	
P43320	False	
P43351	False	
P43353	False	
P43354	False	
P43355	False	
P43356	False	
P43357	False	
P43358	False	
P43360	False	
P43361	False	
P43364	False	
P43365	False	
P43378	False	
P43403	False	
P43405	False	
P43487	False	
P43489	False	
P43490	False	
P43626	False	
P43627	False	
P43628	False	
P43629	False	
P43630	False	
P43631	False	
P43632	False	
P43652	False	
P43657	False	
P43681	False	
P43686	False	
P43694	False	
P43699	False	
P43897	True	master_direct
P45378	False	
P45379	False	
P45381	False	
P45452	False	
P45844	False	
P45877	False	
P45880	False	
P45954	False	
P45973	False	
P45974	False	
P45983	False	
P45984	False	
P45985	False	
P46013	False	
P46019	False	
P46020	False	
P46059	False	
P46060	False	
P46063	False	
P46087	True	master_direct
P46089	False	
P46091	False	
P46092	False	
P46093	False	
P46094	False	
P46095	False	
P46098	False	
P46100	True	master_direct
P46108	False	
P46109	False	
P46199	True	master_direct
P46379	False	
P46439	False	
P46459	False	
P46527	False	
P46531	False	
P46597	False	
P46663	False	
P46695	False	
P46721	False	
P46734	False	
P46736	False	
P46776	True	gene_patch
P46777	True	master_direct
P46778	True	master_direct
P46779	True	gene_patch
P46781	True	master_direct
P46782	True	master_direct
P46783	False	
P46821	False	
P46926	False	
P46934	False	
P46937	False	
P46939	False	
P46940	False	
P46952	False	
P46976	False	
P46977	False	
P47211	False	
P47224	False	
P47710	False	
P47712	False	
P47736	False	
P47755	False	
P47756	False	
P47775	False	
P47804	False	
P47813	True	master_direct
P47869	False	
P47870	False	
P47871	False	
P47872	False	
P47895	False	
P47897	True	master_direct
P47898	False	
P47900	False	
P47901	False	
P47902	False	
P47914	True	master_direct
P47928	False	
P47929	False	
P47974	True	master_direct
P47985	False	
P47989	False	
P47992	False	
P48023	False	
P48029	False	
P48039	False	
P48047	False	
P48048	False	
P48050	False	
P48051	False	
P48052	False	
P48058	False	
P48059	False	
P48061	False	
P48065	False	
P48066	False	
P48067	False	
P48145	False	
P48146	False	
P48147	False	
P48163	False	
P48165	False	
P48167	False	
P48169	False	
P48200	True	master_direct
P48201	False	
P48230	False	
P48304	False	
P48307	False	
P48357	False	
P48378	False	
P48380	False	
P48382	False	
P48426	False	
P48431	False	
P48436	False	
P48443	False	
P48444	False	
P48448	False	
P48449	False	
P48454	False	
P48506	False	
P48507	False	
P48509	False	
P48539	False	
P48544	False	
P48546	False	
P48547	False	
P48549	False	
P48551	False	
P48552	False	
P48553	False	
P48556	False	
P48594	False	
P48595	False	
P48634	False	
P48637	False	
P48643	False	
P48645	False	
P48651	False	
P48664	False	
P48668	False	
P48681	False	
P48723	False	
P48728	False	
P48729	False	
P48730	False	
P48735	False	
P48736	False	
P48739	False	
P48740	False	
P48742	False	
P48745	False	
P48751	False	
P48764	False	
P48775	False	
P48788	False	
P48960	False	
P48995	False	
P49005	False	
P49006	False	
P49019	False	
P49023	False	
P49069	False	
P49116	False	
P49137	False	
P49146	False	
P49184	False	
P49189	False	
P49190	False	
P49207	True	master_direct
P49221	False	
P49238	False	
P49247	False	
P49257	False	
P49279	False	
P49281	False	
P49286	False	
P49321	False	
P49326	False	
P49327	False	
P49335	False	
P49336	False	
P49354	False	
P49356	False	
P49366	False	
P49368	False	
P49407	False	
P49411	True	master_direct
P49418	False	
P49419	False	
P49427	False	
P49447	False	
P49448	False	
P49450	True	master_direct
P49454	False	
P49458	True	gene_patch
P49459	False	
P49585	False	
P49588	True	master_direct
P49589	True	master_direct
P49590	True	master_direct
P49591	True	gene_patch
P49593	False	
P49619	False	
P49638	False	
P49639	False	
P49641	False	
P49642	True	master_direct
P49643	False	
P49662	False	
P49674	False	
P49675	False	
P49682	False	
P49683	False	
P49685	False	
P49703	False	
P49711	False	
P49715	False	
P49716	False	
P49720	False	
P49721	False	
P49736	False	
P49746	False	
P49747	False	
P49748	False	
P49753	False	
P49754	False	
P49755	False	
P49756	True	master_direct
P49757	False	
P49758	False	
P49759	True	master_direct
P49760	True	master_direct
P49761	True	master_direct
P49763	False	
P49765	False	
P49767	False	
P49768	False	
P49770	True	master_direct
P49771	False	
P49773	False	
P49788	False	
P49789	False	
P49790	True	master_direct
P49792	True	master_direct
P49795	False	
P49796	False	
P49798	False	
P49802	False	
P49810	False	
P49815	False	
P49821	False	
P49840	False	
P49841	False	
P49842	False	
P49848	False	
P49862	False	
P49863	False	
P49888	False	
P49895	False	
P49901	False	
P49902	False	
P49903	False	
P49908	False	
P49910	False	
P49913	False	
P49914	False	
P49915	False	
P49916	False	
P49917	False	
P49918	False	
P49959	False	
P49961	False	
P50052	False	
P50053	False	
P50120	False	
P50135	False	
P50148	False	
P50150	False	
P50151	False	
P50213	False	
P50219	False	
P50221	False	
P50222	False	
P50225	False	
P50226	False	
P50238	False	
P50281	False	
P50336	False	
P50391	False	
P50395	False	
P50402	False	
P50406	False	
P50416	False	
P50440	False	
P50443	False	
P50452	False	
P50453	False	
P50454	False	
P50458	False	
P50461	False	
P50479	False	
P50502	False	
P50539	False	
P50542	False	
P50548	False	
P50549	False	
P50552	False	
P50553	False	
P50570	False	
P50579	False	
P50583	False	
P50591	False	
P50607	False	
P50613	False	
P50616	False	
P50747	False	
P50748	False	
P50749	False	
P50750	True	master_direct
P50851	False	
P50876	False	
P50895	False	
P50897	False	
P50914	True	master_direct
P50990	False	
P50991	False	
P50993	False	
P50995	False	
P51003	False	
P51114	True	master_direct
P51116	True	master_direct
P51124	False	
P51148	False	
P51149	False	
P51151	False	
P51153	False	
P51157	False	
P51159	False	
P51160	False	
P51161	False	
P51164	False	
P51168	False	
P51170	False	
P51172	False	
P51178	False	
P51397	False	
P51398	True	master_direct
P51449	False	
P51451	False	
P51452	False	
P51460	False	
P51511	False	
P51512	False	
P51513	True	master_direct
P51530	False	
P51531	True	master_direct
P51532	True	gene_patch
P51553	False	
P51570	False	
P51571	False	
P51572	False	
P51575	False	
P51580	False	
P51582	False	
P51587	False	
P51589	False	
P51606	False	
P51608	True	master_direct
P51610	False	
P51617	False	
P51636	False	
P51648	False	
P51649	False	
P51654	False	
P51659	False	
P51665	False	
P51668	False	
P51671	False	
P51674	False	
P51677	False	
P51679	False	
P51681	False	
P51684	False	
P51685	False	
P51686	False	
P51687	False	
P51688	False	
P51690	False	
P51692	False	
P51693	False	
P51784	False	
P51787	False	
P51788	False	
P51790	False	
P51793	False	
P51795	False	
P51797	False	
P51798	False	
P51800	False	
P51801	False	
P51805	False	
P51808	False	
P51809	False	
P51810	False	
P51811	False	
P51812	False	
P51813	False	
P51814	True	master_direct
P51816	False	
P51817	False	
P51825	True	master_direct
P51826	True	gene_patch
P51828	False	
P51841	False	
P51843	True	master_direct
P51854	False	
P51857	False	
P51858	False	
P51864	False	
P51878	False	
P51884	False	
P51888	False	
P51911	False	
P51946	False	
P51948	False	
P51955	False	
P51956	False	
P51957	False	
P51959	False	
P51965	False	
P51970	False	
P51991	True	master_direct
P51993	False	
P52179	False	
P52198	False	
P52209	False	
P52272	True	master_direct
P52292	False	
P52294	False	
P52298	True	gene_patch
P52306	False	
P52333	False	
P52429	False	
P52434	True	master_direct
P52435	True	master_direct
P52564	False	
P52565	False	
P52566	False	
P52569	False	
P52594	True	master_direct
P52597	True	master_direct
P52630	False	
P52655	False	
P52657	False	
P52701	False	
P52732	False	
P52735	False	
P52736	False	
P52738	False	
P52739	False	
P52742	False	
P52744	False	
P52747	False	
P52756	True	master_direct
P52757	False	
P52758	True	gene_patch
P52788	False	
P52789	False	
P52790	False	
P52797	False	
P52798	False	
P52799	False	
P52803	False	
P52815	True	master_direct
P52823	False	
P52824	True	master_direct
P52848	False	
P52849	False	
P52888	False	
P52895	False	
P52907	False	
P52926	False	
P52945	False	
P52948	False	
P52952	False	
P52954	False	
P52961	False	
P53004	False	
P53007	False	
P53041	False	
P53350	False	
P53355	False	
P53365	False	
P53367	False	
P53370	False	
P53384	False	
P53396	False	
P53420	False	
P53539	False	
P53567	False	
P53582	False	
P53597	False	
P53602	False	
P53609	False	
P53611	False	
P53618	False	
P53621	False	
P53634	False	
P53667	False	
P53671	False	
P53672	False	
P53673	False	
P53674	False	
P53675	False	
P53677	False	
P53680	False	
P53701	False	
P53708	False	
P53778	False	
P53779	False	
P53794	False	
P53801	False	
P53803	True	master_direct
P53804	False	
P53805	False	
P53814	False	
P53816	False	
P53985	False	
P53990	False	
P53992	False	
P53999	True	master_direct
P54098	False	
P54105	False	
P54108	False	
P54132	False	
P54136	True	master_direct
P54198	False	
P54219	False	
P54252	False	
P54253	True	master_direct
P54257	False	
P54259	False	
P54274	False	
P54277	False	
P54278	False	
P54284	False	
P54289	False	
P54296	False	
P54315	False	
P54317	False	
P54368	False	
P54577	True	master_direct
P54578	False	
P54619	False	
P54646	False	
P54652	False	
P54687	False	
P54707	False	
P54709	False	
P54710	False	
P54725	False	
P54727	False	
P54750	False	
P54753	False	
P54756	False	
P54760	False	
P54762	False	
P54764	False	
P54802	False	
P54803	False	
P54819	False	
P54821	False	
P54826	False	
P54829	False	
P54840	False	
P54845	False	
P54849	False	
P54851	False	
P54852	False	
P54855	False	
P54868	False	
P54886	False	
P54920	False	
P54922	False	
P55000	False	
P55001	False	
P55008	False	
P55010	True	master_direct
P55011	False	
P55017	False	
P55036	False	
P55039	True	master_direct
P55040	False	
P55042	False	
P55055	False	
P55056	False	
P55058	False	
P55060	False	
P55061	False	
P55064	False	
P55072	False	
P55073	False	
P55075	False	
P55081	False	
P55083	False	
P55084	False	
P55085	False	
P55087	False	
P55089	False	
P55107	False	
P55145	False	
P55157	False	
P55160	False	
P55196	False	
P55197	False	
P55198	False	
P55199	True	master_direct
P55201	False	
P55209	False	
P55210	False	
P55211	False	
P55212	False	
P55259	False	
P55263	False	
P55265	True	master_direct
P55268	False	
P55273	False	
P55283	False	
P55285	False	
P55286	False	
P55287	False	
P55289	False	
P55290	False	
P55291	False	
P55316	False	
P55317	False	
P55318	False	
P55327	False	
P55344	False	
P55345	False	
P55347	False	
P55735	False	
P55769	True	master_direct
P55771	False	
P55773	False	
P55774	False	
P55786	False	
P55789	False	
P55795	True	master_direct
P55809	False	
P55851	False	
P55854	False	
P55884	True	master_direct
P55895	False	
P55899	False	
P55916	False	
P55957	False	
P56134	False	
P56159	False	
P56177	False	
P56178	False	
P56180	False	
P56181	False	
P56182	True	master_direct
P56192	True	master_direct
P56199	False	
P56202	False	
P56211	False	
P56270	True	master_direct
P56279	False	
P56282	False	
P56373	False	
P56377	False	
P56378	False	
P56381	False	
P56385	False	
P56470	False	
P56524	False	
P56537	True	master_direct
P56539	False	
P56545	False	
P56556	False	
P56557	False	
P56559	False	
P56589	False	
P56597	False	
P56645	False	
P56693	False	
P56696	False	
P56703	False	
P56704	False	
P56705	False	
P56706	False	
P56715	False	
P56730	False	
P56746	False	
P56747	False	
P56748	False	
P56750	False	
P56817	False	
P56851	False	
P56856	False	
P56880	False	
P56915	False	
P56937	False	
P56945	False	
P56962	False	
P56975	False	
P57052	True	master_direct
P57053	False	
P57054	False	
P57055	False	
P57057	False	
P57059	False	
P57071	False	
P57073	False	
P57075	False	
P57076	False	
P57078	False	
P57081	True	master_direct
P57082	False	
P57086	False	
P57087	False	
P57088	False	
P57103	False	
P57105	False	
P57678	True	master_direct
P57679	False	
P57682	False	
P57721	True	master_direct
P57727	False	
P57729	False	
P57735	False	
P57737	False	
P57738	False	
P57739	False	
P57740	False	
P57764	False	
P57768	False	
P57771	False	
P57772	True	master_direct
P57789	False	
P57796	False	
P58004	False	
P58005	False	
P58012	False	
P58107	False	
P58215	False	
P58304	False	
P58335	False	
P58340	False	
P58397	False	
P58400	False	
P58401	False	
P58418	False	
P58499	False	
P58546	False	
P58549	False	
P58743	False	
P58753	False	
P58876	False	
P59044	False	
P59046	False	
P59047	False	
P59103	False	
P59190	False	
P59510	False	
P59542	False	
P59665	False	
P59666	False	
P59768	False	
P59773	False	
P59780	False	
P59817	False	
P59901	False	
P59910	False	
P59923	False	
P59942	False	
P59990	False	
P59991	False	
P59998	False	
P60002	False	
P60006	False	
P60008	False	
P60014	False	
P60022	False	
P60033	False	
P60059	False	
P60174	False	
P60201	False	
P60228	True	master_direct
P60321	True	master_direct
P60323	True	master_direct
P60328	False	
P60329	False	
P60368	False	
P60370	False	
P60371	False	
P60372	False	
P60409	False	
P60410	False	
P60411	False	
P60412	False	
P60468	False	
P60484	False	
P60507	False	
P60508	False	
P60510	False	
P60520	False	
P60568	False	
P60602	False	
P60604	False	
P60660	False	
P60709	False	
P60763	False	
P60842	True	master_direct
P60852	False	
P60866	True	gene_patch
P60880	False	
P60891	False	
P60896	False	
P60900	True	master_direct
P60903	False	
P60953	False	
P60981	False	
P61006	False	
P61009	False	
P61011	True	master_direct
P61018	False	
P61019	False	
P61020	False	
P61024	False	
P61026	False	
P61073	False	
P61077	False	
P61081	False	
P61086	False	
P61088	False	
P61106	False	
P61158	False	
P61160	False	
P61163	False	
P61165	False	
P61201	False	
P61204	False	
P61218	True	master_direct
P61221	True	master_direct
P61224	False	
P61225	False	
P61244	False	
P61247	True	gene_patch
P61254	True	master_direct
P61266	False	
P61278	False	
P61289	False	
P61296	False	
P61313	True	gene_patch
P61326	True	master_direct
P61328	False	
P61353	True	master_direct
P61371	False	
P61421	False	
P61457	False	
P61513	True	gene_patch
P61586	False	
P61587	False	
P61599	False	
P61601	False	
P61604	False	
P61619	False	
P61626	False	
P61647	False	
P61758	False	
P61764	False	
P61769	False	
P61803	False	
P61812	False	
P61916	False	
P61923	False	
P61925	False	
P61927	True	gene_patch
P61952	False	
P61956	False	
P61960	False	
P61962	False	
P61964	True	master_direct
P61966	False	
P61968	False	
P61970	True	master_direct
P61978	True	master_direct
P61981	False	
P62068	False	
P62070	False	
P62072	False	
P62079	False	
P62081	True	master_direct
P62136	False	
P62140	False	
P62166	False	
P62191	False	
P62195	False	
P62241	True	master_direct
P62244	True	master_direct
P62249	True	master_direct
P62253	False	
P62256	False	
P62258	False	
P62263	False	
P62266	True	master_direct
P62269	True	master_direct
P62273	True	master_direct
P62277	True	master_direct
P62280	True	master_direct
P62304	True	master_direct
P62306	True	master_direct
P62308	True	master_direct
P62310	True	master_direct
P62312	True	master_direct
P62314	True	master_direct
P62316	True	master_direct
P62318	True	master_direct
P62324	False	
P62328	False	
P62330	False	
P62333	False	
P62341	False	
P62380	False	
P62424	False	
P62487	True	master_direct
P62491	False	
P62495	True	master_direct
P62508	False	
P62633	True	master_direct
P62699	False	
P62701	True	master_direct
P62714	False	
P62736	False	
P62745	False	
P62750	True	master_direct
P62753	True	master_direct
P62760	False	
P62805	False	
P62807	False	
P62820	False	
P62826	True	master_direct
P62829	True	gene_patch
P62834	False	
P62837	False	
P62841	True	gene_patch
P62847	True	gene_patch
P62851	True	master_direct
P62854	True	master_direct
P62857	True	master_direct
P62861	True	master_direct
P62873	False	
P62875	True	master_direct
P62877	False	
P62879	False	
P62888	True	master_direct
P62891	True	master_direct
P62899	True	gene_patch
P62906	True	master_direct
P62910	True	gene_patch
P62913	True	gene_patch
P62917	True	gene_patch
P62937	False	
P62942	False	
P62945	True	master_direct
P62952	False	
P62955	False	
P62979	True	master_direct
P62987	True	gene_patch
P62993	False	
P62995	True	master_direct
P63000	False	
P63010	False	
P63027	False	
P63092	False	
P63096	False	
P63098	False	
P63104	False	
P63128	False	
P63146	False	
P63151	False	
P63162	True	master_direct
P63165	False	
P63167	True	master_direct
P63172	False	
P63173	True	gene_patch
P63208	False	
P63211	False	
P63215	False	
P63218	False	
P63220	True	gene_patch
P63241	True	gene_patch
P63244	False	
P63252	False	
P63261	False	
P63267	False	
P63272	True	gene_patch
P63279	False	
P63316	False	
P67775	False	
P67809	True	master_direct
P67812	False	
P67870	False	
P67936	True	gene_patch
P68032	False	
P68036	False	
P68104	True	master_direct
P68106	False	
P68133	False	
P68363	False	
P68366	False	
P68371	False	
P68400	False	
P68402	False	
P68431	True	master_direct
P68543	False	
P68871	False	
P69849	False	
P69891	False	
P69892	False	
P69905	False	
P78310	False	
P78312	False	
P78314	False	
P78316	True	master_direct
P78317	True	master_direct
P78318	False	
P78324	False	
P78325	False	
P78329	False	
P78330	False	
P78332	True	master_direct
P78333	False	
P78334	False	
P78337	False	
P78344	True	master_direct
P78345	True	gene_patch
P78346	True	master_direct
P78347	False	
P78348	False	
P78352	False	
P78356	False	
P78357	False	
P78358	False	
P78362	True	master_direct
P78363	False	
P78364	False	
P78367	False	
P78368	False	
P78369	False	
P78371	False	
P78380	False	
P78381	False	
P78382	False	
P78383	False	
P78385	False	
P78386	False	
P78395	False	
P78396	False	
P78406	True	master_direct
P78410	False	
P78411	False	
P78412	False	
P78413	False	
P78415	False	
P78417	False	
P78423	False	
P78424	False	
P78426	False	
P78504	False	
P78508	False	
P78509	False	
P78524	False	
P78527	True	gene_patch
P78536	False	
P78537	False	
P78539	False	
P78540	False	
P78543	False	
P78545	False	
P78549	False	
P78552	False	
P78556	False	
P78559	False	
P78560	False	
P78562	False	
P78563	True	master_direct
P79483	False	
P79522	True	master_direct
P80075	False	
P80098	False	
P80108	False	
P80162	False	
P80188	False	
P80192	False	
P80217	False	
P80294	False	
P80297	False	
P80303	False	
P80365	False	
P80370	False	
P80404	False	
P80511	False	
P80723	False	
P80748	False	
P81133	False	
P81172	False	
P81274	False	
P81408	False	
P81534	False	
P81605	False	
P82094	False	
P82251	False	
P82279	False	
P82650	True	gene_patch
P82930	True	master_direct
P82932	True	master_direct
P82979	True	master_direct
P82987	False	
P83105	False	
P83110	False	
P83111	False	
P83369	True	master_direct
P83436	False	
P83731	True	master_direct
P83876	True	master_direct
P83881	False	
P83916	False	
P84022	True	master_direct
P84074	False	
P84077	False	
P84085	False	
P84090	False	
P84095	False	
P84098	True	master_direct
P84103	True	master_direct
P84243	False	
P84550	False	
P84996	False	
P85037	False	
P85298	False	
P85299	False	
P86397	False	
P86452	True	master_direct
P86479	False	
P86480	False	
P98066	False	
P98073	False	
P98077	False	
P98082	False	
P98088	False	
P98095	False	
P98153	False	
P98155	False	
P98160	False	
P98161	False	
P98164	False	
P98168	False	
P98170	False	
P98171	False	
P98172	False	
P98173	False	
P98174	False	
P98175	True	master_direct
P98177	False	
P98179	True	master_direct
P98182	False	
P98187	False	
P98194	False	
P98196	False	
P98198	False	
P99999	False	
Q00005	False	
Q00013	True	master_direct
Q00056	False	
Q00059	True	master_direct
Q00169	False	
Q00266	False	
Q00325	False	
Q00341	True	master_direct
Q00403	False	
Q00444	False	
Q00526	False	
Q00532	False	
Q00534	False	
Q00535	False	
Q00536	False	
Q00537	False	
Q00577	True	master_direct
Q00587	False	
Q00597	False	
Q00604	False	
Q00610	False	
Q00613	False	
Q00653	False	
Q00688	False	
Q00722	False	
Q00765	False	
Q00796	False	
Q00839	True	master_direct
Q00872	False	
Q00887	False	
Q00889	False	
Q00973	False	
Q00975	False	
Q00978	False	
Q00987	False	
Q00994	False	
Q00G26	False	
Q00LT1	False	
Q01064	False	
Q01081	True	master_direct
Q01082	False	
Q01085	True	master_direct
Q01094	False	
Q01101	False	
Q01105	False	
Q01113	False	
Q01118	False	
Q01130	True	master_direct
Q01151	False	
Q01167	False	
Q01196	False	
Q01201	False	
Q01344	False	
Q01362	False	
Q01415	False	
Q01432	False	
Q01433	False	
Q01449	False	
Q01453	False	
Q01459	False	
Q01469	False	
Q01484	False	
Q01518	False	
Q01523	False	
Q01524	False	
Q01534	False	
Q01538	False	
Q01543	False	
Q01546	False	
Q01581	False	
Q01628	False	
Q01629	False	
Q01638	False	
Q01650	False	
Q01658	False	
Q01664	False	
Q01668	False	
Q01718	False	
Q01726	False	
Q01740	False	
Q01780	True	master_direct
Q01804	False	
Q01813	False	
Q01814	False	
Q01826	False	
Q01831	False	
Q01844	True	master_direct
Q01850	False	
Q01851	False	
Q01860	False	
Q01892	False	
Q01954	False	
Q01955	False	
Q01959	False	
Q01968	False	
Q01970	False	
Q01973	False	
Q01974	False	
Q02040	True	master_direct
Q02078	False	
Q02080	False	
Q02083	False	
Q02086	False	
Q02094	False	
Q02108	False	
Q02127	False	
Q02153	False	
Q02156	False	
Q02161	False	
Q02218	False	
Q02221	False	
Q02223	False	
Q02224	False	
Q02241	False	
Q02246	False	
Q02252	False	
Q02297	False	
Q02318	False	
Q02363	False	
Q02383	False	
Q02388	False	
Q02410	False	
Q02413	False	
Q02446	False	
Q02447	False	
Q02487	False	
Q02505	False	
Q02535	False	
Q02539	False	
Q02543	True	gene_patch
Q02548	False	
Q02556	False	
Q02575	False	
Q02577	False	
Q02641	False	
Q02643	False	
Q02742	False	
Q02747	False	
Q02750	False	
Q02763	False	
Q02779	False	
Q02790	False	
Q02809	False	
Q02817	False	
Q02818	False	
Q02833	False	
Q02846	False	
Q02878	True	master_direct
Q02880	False	
Q02928	False	
Q02930	False	
Q02952	False	
Q02962	False	
Q02978	False	
Q02985	False	
Q03001	False	
Q03013	False	
Q03014	False	
Q03052	False	
Q03060	False	
Q03111	False	
Q03112	False	
Q03113	False	
Q03135	False	
Q03154	False	
Q03164	False	
Q03167	False	
Q03181	False	
Q03188	False	
Q03252	False	
Q03393	False	
Q03395	False	
Q03403	False	
Q03405	False	
Q03426	False	
Q03431	False	
Q03468	True	master_direct
Q03518	False	
Q03519	False	
Q03591	False	
Q03692	False	
Q03721	False	
Q03923	False	
Q03933	False	
Q03989	False	
Q04118	False	
Q04206	False	
Q04323	False	
Q04446	False	
Q04609	False	
Q04637	True	master_direct
Q04656	False	
Q04671	False	
Q04695	False	
Q04721	False	
Q04724	False	
Q04725	False	
Q04726	False	
Q04727	False	
Q04741	False	
Q04743	False	
Q04756	False	
Q04759	False	
Q04760	False	
Q04771	False	
Q04828	False	
Q04837	False	
Q04844	False	
Q04864	False	
Q04900	False	
Q04912	False	
Q04917	False	
Q04941	False	
Q05066	False	
Q05084	False	
Q05086	False	
Q05193	False	
Q05195	False	
Q05209	False	
Q05215	False	
Q05315	False	
Q05329	False	
Q05397	True	gene_patch
Q05469	False	
Q05481	True	master_direct
Q05513	False	
Q05516	False	
Q05519	True	master_direct
Q05586	False	
Q05639	True	master_direct
Q05655	False	
Q05682	False	
Q05707	False	
Q05823	True	master_direct
Q05901	False	
Q05923	False	
Q05925	False	
Q05932	False	
Q05940	False	
Q05996	False	
Q05BQ5	False	
Q05D32	False	
Q05D60	False	
Q06033	False	
Q06055	False	
Q06124	False	
Q06136	False	
Q06141	False	
Q06187	False	
Q06190	False	
Q06203	False	
Q06210	False	
Q06265	True	master_direct
Q06278	False	
Q06323	False	
Q06330	False	
Q06413	False	
Q06416	False	
Q06418	False	
Q06432	False	
Q06455	False	
Q06481	False	
Q06495	False	
Q06520	False	
Q06546	False	
Q06547	False	
Q06587	False	
Q06609	False	
Q06643	False	
Q06710	False	
Q06730	False	
Q06787	True	master_direct
Q06828	False	
Q06830	True	master_direct
Q06889	False	
Q06945	False	
Q07001	False	
Q07002	False	
Q07011	False	
Q07020	True	master_direct
Q07021	True	master_direct
Q07065	False	
Q07075	False	
Q07092	False	
Q07108	False	
Q07157	False	
Q07283	False	
Q07325	False	
Q07326	False	
Q07343	False	
Q07352	True	master_direct
Q07444	False	
Q07617	False	
Q07627	False	
Q07654	False	
Q07666	True	master_direct
Q07687	False	
Q07699	False	
Q07812	False	
Q07817	False	
Q07820	False	
Q07837	False	
Q07864	True	master_direct
Q07866	False	
Q07869	False	
Q07889	False	
Q07890	False	
Q07912	False	
Q07954	False	
Q07955	True	master_direct
Q07960	False	
Q07973	False	
Q08043	False	
Q08050	False	
Q08116	False	
Q08117	True	master_direct
Q08170	True	master_direct
Q08174	False	
Q08188	False	
Q08209	False	
Q08211	True	master_direct
Q08257	False	
Q08289	False	
Q08334	False	
Q08345	False	
Q08357	False	
Q08378	False	
Q08379	False	
Q08380	False	
Q08397	False	
Q08426	False	
Q08431	False	
Q08462	False	
Q08477	False	
Q08493	False	
Q08495	False	
Q08499	False	
Q08554	False	
Q08623	False	
Q08629	False	
Q08648	False	
Q08708	False	
Q08722	False	
Q08752	False	
Q08828	False	
Q08830	False	
Q08881	False	
Q08945	False	
Q08999	False	
Q08AD1	False	
Q08AE8	False	
Q08AG5	True	gene_patch
Q08AG7	False	
Q08AH1	False	
Q08AH3	False	
Q08AM6	False	
Q08ET2	False	
Q08J23	True	master_direct
Q09013	False	
Q09019	False	
Q09028	False	
Q09161	True	master_direct
Q09327	False	
Q09328	False	
Q09428	False	
Q09470	False	
Q09472	False	
Q09666	False	
Q09FC8	False	
Q0D2H9	False	
Q0D2I5	False	
Q0D2K0	False	
Q0D2K3	False	
Q0GE19	False	
Q0IIM8	False	
Q0JRZ9	False	
Q0P5N6	False	
Q0PNE2	False	
Q0VAK6	False	
Q0VAM2	False	
Q0VAQ4	False	
Q0VD83	False	
Q0VD86	False	
Q0VDD7	False	
Q0VDD8	False	
Q0VDF9	False	
Q0VF96	False	
Q0VG06	False	
Q0VG99	False	
Q0VGL1	False	
Q0WX57	False	
Q0ZGT2	False	
Q10469	False	
Q10471	False	
Q10472	False	
Q10567	False	
Q10570	False	
Q10571	False	
Q10586	False	
Q10587	False	
Q10588	False	
Q10589	False	
Q10713	False	
Q10981	False	
Q11128	False	
Q11130	False	
Q11201	False	
Q11203	False	
Q11206	False	
Q12756	False	
Q12765	False	
Q12767	False	
Q12768	False	
Q12769	False	
Q12770	False	
Q12772	False	
Q12774	False	
Q12778	False	
Q12788	True	master_direct
Q12789	False	
Q12791	False	
Q12792	False	
Q12794	False	
Q12797	False	
Q12798	False	
Q12800	False	
Q12802	False	
Q12805	False	
Q12809	False	
Q12815	False	
Q12816	False	
Q12824	False	
Q12829	False	
Q12830	False	
Q12834	False	
Q12836	False	
Q12837	False	
Q12840	False	
Q12841	False	
Q12846	False	
Q12849	True	master_direct
Q12851	False	
Q12852	False	
Q12857	False	
Q12860	False	
Q12864	False	
Q12866	False	
Q12870	False	
Q12872	True	master_direct
Q12873	True	gene_patch
Q12874	True	master_direct
Q12879	False	
Q12882	False	
Q12884	False	
Q12887	False	
Q12888	False	
Q12889	False	
Q12891	False	
Q12893	False	
Q12894	False	
Q12899	False	
Q12901	False	
Q12904	True	master_direct
Q12905	True	master_direct
Q12906	True	master_direct
Q12907	False	
Q12908	False	
Q12912	False	
Q12913	False	
Q12918	False	
Q12923	False	
Q12926	True	master_direct
Q12929	False	
Q12931	False	
Q12933	False	
Q12934	False	
Q12946	False	
Q12947	False	
Q12948	False	
Q12950	False	
Q12951	False	
Q12952	False	
Q12955	False	
Q12959	False	
Q12962	False	
Q12965	False	
Q12967	False	
Q12968	False	
Q12972	True	master_direct
Q12974	False	
Q12979	False	
Q12980	False	
Q12981	False	
Q12982	False	
Q12983	False	
Q12986	True	master_direct
Q12996	True	master_direct
Q13002	False	
Q13003	False	
Q13007	False	
Q13009	False	
Q13011	False	
Q13015	False	
Q13017	False	
Q13018	False	
Q13021	False	
Q13023	False	
Q13029	False	
Q13033	False	
Q13042	False	
Q13043	False	
Q13045	False	
Q13049	False	
Q13057	False	
Q13061	False	
Q13064	True	master_direct
Q13075	False	
Q13077	False	
Q13084	True	gene_patch
Q13085	False	
Q13087	False	
Q13093	False	
Q13094	False	
Q13098	False	
Q13099	False	
Q13105	False	
Q13107	False	
Q13111	False	
Q13112	False	
Q13113	False	
Q13114	False	
Q13115	False	
Q13117	True	master_direct
Q13118	False	
Q13123	False	
Q13126	False	
Q13127	False	
Q13129	False	
Q13131	False	
Q13133	False	
Q13136	False	
Q13137	False	
Q13144	False	
Q13145	False	
Q13148	True	master_direct
Q13151	True	master_direct
Q13153	False	
Q13155	True	master_direct
Q13156	False	
Q13158	False	
Q13162	False	
Q13163	False	
Q13164	False	
Q13177	False	
Q13183	False	
Q13185	False	
Q13188	False	
Q13190	False	
Q13191	False	
Q13200	False	
Q13201	False	
Q13202	False	
Q13206	True	gene_patch
Q13207	False	
Q13214	False	
Q13216	False	
Q13217	False	
Q13219	False	
Q13224	False	
Q13227	False	
Q13228	False	
Q13231	False	
Q13232	False	
Q13233	False	
Q13237	False	
Q13239	False	
Q13241	False	
Q13242	True	master_direct
Q13243	True	master_direct
Q13247	True	master_direct
Q13253	False	
Q13255	False	
Q13257	False	
Q13258	False	
Q13261	False	
Q13263	False	
Q13268	False	
Q13275	False	
Q13277	False	
Q13283	True	master_direct
Q13285	False	
Q13286	False	
Q13287	False	
Q13291	False	
Q13303	False	
Q13308	False	
Q13309	False	
Q13310	True	master_direct
Q13315	False	
Q13316	False	
Q13319	False	
Q13322	False	
Q13323	False	
Q13324	False	
Q13325	True	master_direct
Q13326	False	
Q13330	False	
Q13332	False	
Q13336	False	
Q13342	False	
Q13347	True	gene_patch
Q13349	False	
Q13351	False	
Q13352	False	
Q13356	False	
Q13360	True	master_direct
Q13361	False	
Q13362	False	
Q13363	False	
Q13367	False	
Q13368	False	
Q13370	False	
Q13371	False	
Q13387	False	
Q13393	False	
Q13394	False	
Q13395	True	master_direct
Q13398	False	
Q13402	False	
Q13404	False	
Q13405	True	master_direct
Q13409	False	
Q13410	False	
Q13415	False	
Q13416	False	
Q13418	False	
Q13421	False	
Q13422	False	
Q13423	False	
Q13424	False	
Q13425	False	
Q13426	False	
Q13427	False	
Q13428	True	master_direct
Q13432	False	
Q13433	False	
Q13435	True	master_direct
Q13438	False	
Q13439	False	
Q13443	False	
Q13444	False	
Q13445	False	
Q13449	False	
Q13451	False	
Q13454	False	
Q13459	False	
Q13461	False	
Q13464	False	
Q13467	False	
Q13469	False	
Q13470	False	
Q13472	False	
Q13477	False	
Q13478	False	
Q13480	False	
Q13485	True	master_direct
Q13487	False	
Q13488	False	
Q13489	False	
Q13490	False	
Q13491	False	
Q13492	False	
Q13495	False	
Q13496	False	
Q13501	False	
Q13503	False	
Q13505	False	
Q13507	False	
Q13508	False	
Q13509	False	
Q13510	False	
Q13515	False	
Q13516	False	
Q13519	False	
Q13520	False	
Q13522	False	
Q13523	True	master_direct
Q13526	False	
Q13530	False	
Q13535	False	
Q13541	False	
Q13542	False	
Q13546	False	
Q13547	False	
Q13554	False	
Q13555	False	
Q13557	False	
Q13561	False	
Q13562	False	
Q13563	False	
Q13564	False	
Q13568	False	
Q13569	False	
Q13571	False	
Q13572	False	
Q13573	True	master_direct
Q13574	False	
Q13576	False	
Q13585	False	
Q13586	False	
Q13588	False	
Q13591	False	
Q13595	True	master_direct
Q13596	False	
Q13601	True	master_direct
Q13608	False	
Q13609	False	
Q13610	False	
Q13613	False	
Q13614	False	
Q13615	False	
Q13616	False	
Q13617	False	
Q13618	False	
Q13619	False	
Q13620	False	
Q13621	False	
Q13625	False	
Q13627	False	
Q13630	False	
Q13634	False	
Q13635	False	
Q13636	False	
Q13637	False	
Q13639	False	
Q13641	False	
Q13642	False	
Q13643	False	
Q13651	False	
Q13671	False	
Q13683	False	
Q13685	False	
Q13686	True	master_direct
Q13698	False	
Q13702	False	
Q13705	False	
Q13724	False	
Q13733	False	
Q13740	False	
Q13751	False	
Q13753	False	
Q13761	False	
Q13765	False	
Q13769	True	master_direct
Q13772	False	
Q13790	False	
Q13794	False	
Q13795	False	
Q13796	False	
Q13797	False	
Q13813	False	
Q13822	False	
Q13823	True	master_direct
Q13825	True	master_direct
Q13829	False	
Q13835	False	
Q13838	False	
Q13867	False	
Q13868	True	gene_patch
Q13873	False	
Q13875	False	
Q13882	False	
Q13884	False	
Q13885	False	
Q13886	False	
Q13887	False	
Q13888	False	
Q13889	False	
Q13895	True	master_direct
Q13901	True	master_direct
Q13905	False	
Q13907	False	
Q13936	False	
Q13939	False	
Q13946	False	
Q13948	False	
Q13950	False	
Q13951	False	
Q13952	False	
Q13956	False	
Q13972	False	
Q13976	False	
Q14002	False	
Q14003	False	
Q14004	False	
Q14005	False	
Q14008	False	
Q14011	True	master_direct
Q14012	False	
Q14019	False	
Q14028	False	
Q14031	False	
Q14032	False	
Q14050	False	
Q14055	False	
Q14061	False	
Q14088	False	
Q14103	True	master_direct
Q14106	False	
Q14108	False	
Q14112	False	
Q14114	False	
Q14116	False	
Q14117	False	
Q14118	False	
Q14119	False	
Q14123	False	
Q14126	False	
Q14129	False	
Q14134	False	
Q14135	False	
Q14137	True	master_direct
Q14139	False	
Q14140	False	
Q14141	False	
Q14142	False	
Q14145	False	
Q14147	True	master_direct
Q14149	False	
Q14151	True	master_direct
Q14152	True	master_direct
Q14153	False	
Q14154	False	
Q14155	False	
Q14156	False	
Q14157	True	master_direct
Q14159	False	
Q14160	False	
Q14161	False	
Q14162	False	
Q14164	False	
Q14165	False	
Q14166	False	
Q14168	False	
Q14181	False	
Q14183	False	
Q14184	False	
Q14185	False	
Q14186	False	
Q14188	False	
Q14190	False	
Q14191	False	
Q14192	False	
Q14194	False	
Q14195	False	
Q14197	True	master_direct
Q14202	False	
Q14203	False	
Q14204	True	master_direct
Q14207	False	
Q14209	False	
Q14210	False	
Q14213	False	
Q14232	True	gene_patch
Q14240	True	master_direct
Q14241	False	
Q14242	False	
Q14244	False	
Q14246	False	
Q14247	False	
Q14249	True	master_direct
Q14254	False	
Q14257	False	
Q14258	True	master_direct
Q14264	False	
Q14289	False	
Q14296	True	master_direct
Q14314	False	
Q14315	False	
Q14318	False	
Q14320	False	
Q14324	False	
Q14331	False	
Q14332	False	
Q14344	False	
Q14353	False	
Q14376	False	
Q14392	False	
Q14393	False	
Q14397	False	
Q14406	False	
Q14410	False	
Q14416	False	
Q14432	False	
Q14435	False	
Q14442	False	
Q14444	True	master_direct
Q14449	False	
Q14451	False	
Q14457	False	
Q14469	False	
Q14493	True	master_direct
Q14494	False	
Q14498	True	master_direct
Q14500	False	
Q14508	False	
Q14511	False	
Q14512	False	
Q14515	False	
Q14517	False	
Q14520	False	
Q14524	False	
Q14525	False	
Q14526	False	
Q14527	False	
Q14532	False	
Q14533	False	
Q14534	False	
Q14541	False	
Q14542	False	
Q14554	False	
Q14558	False	
Q14562	True	master_direct
Q14563	False	
Q14565	False	
Q14566	False	
Q14568	False	
Q14571	False	
Q14573	False	
Q14574	False	
Q14584	False	
Q14585	False	
Q14587	True	master_direct
Q14592	False	
Q14596	False	
Q14623	False	
Q14624	False	
Q14626	False	
Q14627	False	
Q14642	False	
Q14643	False	
Q14644	False	
Q14651	False	
Q14653	False	
Q14654	False	
Q14656	False	
Q14657	True	master_direct
Q14667	False	
Q14669	False	
Q14671	True	master_direct
Q14674	False	
Q14676	False	
Q14677	False	
Q14678	False	
Q14679	False	
Q14680	False	
Q14683	False	
Q14684	True	master_direct
Q14686	False	
Q14687	False	
Q14689	False	
Q14690	True	master_direct
Q14691	False	
Q14692	True	master_direct
Q14693	False	
Q14694	True	master_direct
Q14696	False	
Q14697	False	
Q14699	False	
Q14703	False	
Q14714	False	
Q14721	False	
Q14722	False	
Q14728	False	
Q14738	False	
Q14739	False	
Q14746	False	
Q14749	False	
Q14764	True	master_direct
Q14765	False	
Q14766	False	
Q14767	False	
Q14773	False	
Q14774	False	
Q14781	False	
Q14789	False	
Q14790	False	
Q147X3	False	
Q14802	False	
Q14807	False	
Q14814	False	
Q14831	False	
Q14832	False	
Q14833	False	
Q14839	True	master_direct
Q14847	False	
Q14849	False	
Q14863	False	
Q14865	False	
Q14872	False	
Q14894	False	
Q14896	False	
Q14914	False	
Q14916	False	
Q14919	False	
Q14929	True	gene_patch
Q14934	False	
Q14938	False	
Q14940	False	
Q14943	False	
Q14953	False	
Q14954	False	
Q14956	False	
Q14957	False	
Q14964	False	
Q14966	True	master_direct
Q14973	False	
Q14974	True	master_direct
Q14978	True	gene_patch
Q14980	False	
Q14982	False	
Q14990	False	
Q14993	False	
Q14994	False	
Q14995	False	
Q14997	False	
Q14999	False	
Q149M9	False	
Q149N8	True	gene_patch
Q14BN4	False	
Q14C86	False	
Q14CB8	False	
Q14CM0	False	
Q14CN2	False	
Q14CN4	False	
Q14CS0	False	
Q14CW9	False	
Q14CX7	False	
Q14CZ0	False	
Q14CZ7	True	master_direct
Q14CZ8	False	
Q14D04	False	
Q14D33	False	
Q15003	False	
Q15004	False	
Q15005	False	
Q15006	False	
Q15007	True	master_direct
Q15008	False	
Q15011	False	
Q15012	False	
Q15013	False	
Q15014	False	
Q15018	False	
Q15019	False	
Q15020	True	master_direct
Q15021	False	
Q15022	True	master_direct
Q15024	True	master_direct
Q15025	False	
Q15027	False	
Q15029	True	master_direct
Q15031	True	gene_patch
Q15034	False	
Q15036	False	
Q15038	False	
Q15040	False	
Q15041	False	
Q15042	False	
Q15043	False	
Q15046	True	gene_patch
Q15047	False	
Q15049	False	
Q15050	True	master_direct
Q15051	False	
Q15052	False	
Q15054	False	
Q15056	True	master_direct
Q15057	False	
Q15058	False	
Q15059	False	
Q15061	True	master_direct
Q15063	False	
Q15067	False	
Q15070	False	
Q15072	True	master_direct
Q15075	False	
Q15077	False	
Q15078	False	
Q15080	False	
Q15084	False	
Q15102	False	
Q15109	False	
Q15111	False	
Q15113	False	
Q15116	False	
Q15118	False	
Q15119	False	
Q15120	False	
Q15121	False	
Q15124	False	
Q15125	False	
Q15126	False	
Q15131	False	
Q15139	False	
Q15147	False	
Q15149	False	
Q15154	False	
Q15155	False	
Q15165	False	
Q15166	False	
Q15170	False	
Q15172	False	
Q15173	False	
Q15181	False	
Q15185	True	master_direct
Q15208	False	
Q15223	False	
Q15233	True	master_direct
Q15256	False	
Q15257	False	
Q15262	False	
Q15269	True	master_direct
Q15274	False	
Q15276	False	
Q15283	False	
Q15286	False	
Q15287	True	master_direct
Q15291	False	
Q15293	False	
Q15303	False	
Q15306	False	
Q15311	False	
Q15319	False	
Q15323	False	
Q15326	False	
Q15327	False	
Q15329	False	
Q15334	False	
Q15345	False	
Q15349	False	
Q15361	False	
Q15363	False	
Q15365	True	master_direct
Q15366	True	master_direct
Q15369	False	
Q15370	False	
Q15375	False	
Q15382	False	
Q15386	False	
Q15388	False	
Q15389	False	
Q15392	False	
Q15393	True	master_direct
Q15397	True	master_direct
Q15398	False	
Q15399	False	
Q15406	False	
Q15413	False	
Q15415	True	master_direct
Q15417	False	
Q15418	False	
Q15424	True	master_direct
Q15427	True	master_direct
Q15428	True	master_direct
Q15431	False	
Q15435	False	
Q15436	False	
Q15437	False	
Q15438	False	
Q15459	True	master_direct
Q15464	False	
Q15465	False	
Q15466	False	
Q15468	False	
Q15475	False	
Q15477	True	master_direct
Q15485	False	
Q15493	False	
Q15506	False	
Q15517	False	
Q15526	False	
Q15528	False	
Q15532	False	
Q15542	False	
Q15543	False	
Q15544	False	
Q15545	False	
Q15546	False	
Q15554	False	
Q15555	False	
Q15560	False	
Q15561	False	
Q15562	False	
Q15569	False	
Q15572	False	
Q15573	False	
Q15582	False	
Q15583	False	
Q15596	False	
Q15599	False	
Q155Q3	False	
Q15617	False	
Q15628	False	
Q15629	False	
Q15631	True	gene_patch
Q15633	True	master_direct
Q15637	True	master_direct
Q15642	False	
Q15643	False	
Q15645	False	
Q15646	True	master_direct
Q15648	False	
Q15649	False	
Q15650	False	
Q15652	False	
Q15653	False	
Q15654	False	
Q15661	False	
Q15669	False	
Q15672	False	
Q15678	False	
Q15691	False	
Q15696	True	master_direct
Q15697	False	
Q15699	False	
Q15700	False	
Q15714	False	
Q15717	True	master_direct
Q15722	False	
Q15723	False	
Q15726	False	
Q15735	False	
Q15738	False	
Q15742	False	
Q15743	False	
Q15744	False	
Q15746	False	
Q15750	False	
Q15751	False	
Q15758	False	
Q15759	False	
Q15761	False	
Q15762	False	
Q15768	False	
Q15771	False	
Q15772	False	
Q15776	False	
Q15777	False	
Q15782	False	
Q15784	False	
Q15785	False	
Q15788	False	
Q15796	True	master_direct
Q15797	True	master_direct
Q15800	False	
Q15811	False	
Q15813	False	
Q15814	False	
Q15818	False	
Q15819	False	
Q15822	False	
Q15825	False	
Q15828	False	
Q15831	False	
Q15833	False	
Q15834	False	
Q15835	False	
Q15836	False	
Q15842	False	
Q15843	False	
Q15848	False	
Q15849	False	
Q15853	False	
Q15858	False	
Q15878	False	
Q15884	False	
Q15904	False	
Q15906	False	
Q15907	False	
Q15910	True	master_direct
Q15911	False	
Q15915	False	
Q15916	False	
Q15928	False	
Q15935	False	
Q15937	False	
Q15942	False	
Q15973	False	
Q16082	False	
Q16099	False	
Q16134	False	
Q16143	False	
Q16181	False	
Q16186	False	
Q16204	False	
Q16206	True	master_direct
Q16222	False	
Q16236	False	
Q16254	False	
Q16270	False	
Q16280	False	
Q16281	False	
Q16288	False	
Q16322	False	
Q16342	False	
Q16348	False	
Q16352	False	
Q16363	False	
Q16384	False	
Q16385	False	
Q16394	False	
Q16401	False	
Q16445	False	
Q16478	False	
Q16512	False	
Q16513	False	
Q16514	False	
Q16515	False	
Q16518	False	
Q16520	False	
Q16526	False	
Q16527	False	
Q16531	False	
Q16533	False	
Q16534	False	
Q16537	False	
Q16539	False	
Q16540	True	master_direct
Q16543	False	
Q16548	False	
Q16549	False	
Q16552	False	
Q16553	False	
Q16555	False	
Q16558	False	
Q16560	True	master_direct
Q16563	False	
Q16566	False	
Q16568	False	
Q16570	False	
Q16572	False	
Q16576	False	
Q16581	False	
Q16584	False	
Q16585	False	
Q16586	False	
Q16587	True	master_direct
Q16594	True	master_direct
Q16595	False	
Q16600	True	master_direct
Q16602	False	
Q16610	False	
Q16611	False	
Q16612	False	
Q16613	False	
Q16617	False	
Q16619	False	
Q16620	False	
Q16621	False	
Q16623	False	
Q16625	False	
Q16627	False	
Q16629	True	master_direct
Q16630	True	master_direct
Q16633	False	
Q16635	False	
Q16637	True	master_direct
Q16643	False	
Q16644	False	
Q16647	False	
Q16649	False	
Q16650	False	
Q16651	False	
Q16653	False	
Q16654	False	
Q16655	False	
Q16656	False	
Q16658	False	
Q16659	False	
Q16661	False	
Q16663	False	
Q16665	False	
Q16666	False	
Q16667	False	
Q16670	True	gene_patch
Q16671	False	
Q16674	False	
Q16676	False	
Q16678	False	
Q16690	False	
Q16695	True	master_direct
Q16696	False	
Q16698	False	
Q16706	False	
Q16718	False	
Q16719	False	
Q16720	False	
Q16739	False	
Q16740	False	
Q16760	False	
Q16762	True	master_direct
Q16763	False	
Q16769	False	
Q16772	False	
Q16773	False	
Q16774	False	
Q16775	False	
Q16777	False	
Q16778	False	
Q16787	False	
Q16790	False	
Q16795	False	
Q16798	False	
Q16799	False	
Q16816	False	
Q16819	False	
Q16820	False	
Q16821	False	
Q16822	False	
Q16825	False	
Q16827	False	
Q16828	False	
Q16829	False	
Q16831	False	
Q16832	False	
Q16836	False	
Q16842	False	
Q16849	False	
Q16850	False	
Q16851	False	
Q16853	False	
Q16854	False	
Q16864	False	
Q16873	False	
Q16875	False	
Q16877	False	
Q16878	False	
Q16880	False	
Q16881	False	
Q16890	False	
Q16891	False	
Q17R31	False	
Q17R60	False	
Q17R89	False	
Q17R98	False	
Q17RB8	False	
Q17RD7	False	
Q17RS7	False	
Q17RW2	False	
Q17RY0	True	master_direct
Q18PE1	False	
Q19AV6	False	
Q19T08	False	
Q1EHB4	False	
Q1HG43	False	
Q1HG44	False	
Q1L5Z9	False	
Q1MSJ5	False	
Q1MX18	False	
Q1RMZ1	False	
Q1W6H9	False	
Q24JP5	False	
Q24JQ0	False	
Q27J81	False	
Q29980	False	
Q29983	False	
Q29RF7	False	
Q2HXU8	False	
Q2I0M4	False	
Q2I0M5	False	
Q2KHM9	False	
Q2KHN1	False	
Q2KHR2	False	
Q2KHT3	False	
Q2KHT4	False	
Q2LD37	False	
Q2M1K9	False	
Q2M1P5	False	
Q2M1V0	False	
Q2M1Z3	False	
Q2M2E3	False	
Q2M2I5	False	
Q2M2I8	False	
Q2M2Z5	False	
Q2M385	False	
Q2M389	False	
Q2M3C6	False	
Q2M3C7	False	
Q2M3G0	False	
Q2M3M2	False	
Q2M3R5	False	
Q2M3T9	False	
Q2M3X9	False	
Q2MKA7	False	
Q2MV58	False	
Q2NKJ3	False	
Q2NKQ1	False	
Q2NKX8	True	master_direct
Q2NL67	False	
Q2PPJ7	False	
Q2Q1W2	True	master_direct
Q2QGD7	False	
Q2T9J0	False	
Q2TAA5	False	
Q2TAC2	False	
Q2TAC6	False	
Q2TAK8	False	
Q2TAL6	False	
Q2TAL8	False	
Q2TAY7	False	
Q2TAZ0	False	
Q2TB10	False	
Q2TB18	False	
Q2TB90	False	
Q2TBA0	False	
Q2TBE0	True	master_direct
Q2UY09	False	
Q2V2M9	False	
Q2VIQ3	False	
Q2VPA4	False	
Q2VPB7	False	
Q2VPK5	True	master_direct
Q2VWA4	False	
Q2WEN9	False	
Q2WGJ6	False	
Q2WGJ9	True	master_direct
Q2Y0W8	False	
Q2YD98	False	
Q30154	False	
Q30201	False	
Q30KQ6	False	
Q32M45	False	
Q32M88	False	
Q32MK0	False	
Q32MQ0	False	
Q32MZ4	True	master_direct
Q32NB8	False	
Q32NC0	False	
Q32P28	False	
Q32P41	True	master_direct
Q32P44	False	
Q330K2	False	
Q33E94	False	
Q38SD2	False	
Q3B726	False	
Q3B7T1	False	
Q3B820	False	
Q3I5F7	False	
Q3KNS1	False	
Q3KNS6	False	
Q3KNT9	False	
Q3KNV8	False	
Q3KNW5	False	
Q3KP22	False	
Q3KP44	False	
Q3KP66	False	
Q3KQV3	False	
Q3KR16	False	
Q3KR37	False	
Q3KRA9	False	
Q3KRB8	False	
Q3L8U1	True	master_direct
Q3LHN2	False	
Q3LI59	False	
Q3LI64	False	
Q3LI66	False	
Q3LI67	False	
Q3LI70	False	
Q3LI72	False	
Q3LI76	False	
Q3LIE5	False	
Q3LXA3	False	
Q3MHD2	True	master_direct
Q3MII6	False	
Q3MIR4	False	
Q3MIT2	True	master_direct
Q3MJ16	False	
Q3MJ62	False	
Q3MUY2	False	
Q3SX64	False	
Q3SXM5	False	
Q3SXP7	False	
Q3SXY7	False	
Q3SXY8	False	
Q3SY00	False	
Q3SY46	False	
Q3SY56	False	
Q3SY69	False	
Q3SY77	False	
Q3SY84	False	
Q3SYB3	False	
Q3SYC2	False	
Q3SYF9	False	
Q3SYG4	False	
Q3T8J9	False	
Q3T906	False	
Q3V5L5	False	
Q3V6T2	False	
Q3YBM2	False	
Q3YBR2	False	
Q3YEC7	False	
Q3ZAQ7	False	
Q3ZCM7	False	
Q3ZCQ8	False	
Q401N2	False	
Q460N3	False	
Q460N5	True	master_direct
Q494R4	False	
Q494U1	False	
Q494V2	False	
Q495A1	False	
Q495C1	False	
Q495M3	False	
Q495M9	False	
Q495T6	False	
Q495W5	False	
Q496A3	False	
Q496F6	False	
Q496J9	False	
Q496M5	False	
Q49A17	False	
Q49A26	False	
Q49A88	False	
Q49AJ0	False	
Q49AM1	False	
Q49AN0	False	
Q49B96	False	
Q49MG5	False	
Q49MI3	False	
Q4AC94	False	
Q4ADV7	False	
Q4AE62	False	
Q4FZB7	False	
Q4G0J3	True	master_direct
Q4G0M1	False	
Q4G0N4	False	
Q4G0N8	False	
Q4G0P3	False	
Q4G0S4	False	
Q4G0U5	False	
Q4G0W2	False	
Q4G0X4	False	
Q4G0X9	False	
Q4G163	False	
Q4G176	False	
Q4J6C6	False	
Q4JDL3	False	
Q4KMG0	False	
Q4KMG9	False	
Q4KMP7	False	
Q4KMQ1	False	
Q4KMQ2	False	
Q4KWH8	False	
Q4L180	False	
Q4LDE5	False	
Q4LDG9	False	
Q4LDR2	False	
Q4LE39	False	
Q4U2R8	False	
Q4V328	False	
Q4V9L6	False	
Q4VC05	False	
Q4VC12	False	
Q4VC44	False	
Q4VCS5	False	
Q4VNC1	False	
Q4VXU2	True	master_direct
Q4ZG55	True	master_direct
Q4ZHG4	False	
Q4ZJI4	False	
Q502W6	False	
Q504Q3	True	master_direct
Q504T8	False	
Q504Y0	False	
Q504Y2	False	
Q52LG2	False	
Q52LJ0	True	master_direct
Q52LW3	False	
Q53EL6	True	master_direct
Q53EL9	False	
Q53EP0	False	
Q53ET0	False	
Q53EU6	False	
Q53EV4	False	
Q53EZ4	False	
Q53F19	True	master_direct
Q53F39	False	
Q53FA7	False	
Q53FD0	False	
Q53FP2	False	
Q53FT3	False	
Q53FV1	False	
Q53FZ2	False	
Q53G59	False	
Q53GD3	False	
Q53GG5	False	
Q53GI3	False	
Q53GL0	False	
Q53GL7	True	master_direct
Q53GQ0	False	
Q53GS7	False	
Q53GS9	True	master_direct
Q53GT1	False	
Q53H12	False	
Q53H47	False	
Q53H54	True	master_direct
Q53H76	False	
Q53H80	False	
Q53H82	False	
Q53H96	False	
Q53HC0	False	
Q53HC5	False	
Q53HC9	False	
Q53HI1	False	
Q53HL2	False	
Q53HV7	False	
Q53QV2	False	
Q53QZ3	False	
Q53R12	False	
Q53R41	True	master_direct
Q53RT3	False	
Q53S33	True	master_direct
Q53T94	False	
Q53TN4	False	
Q53TQ3	False	
Q53TS8	False	
Q562E7	False	
Q562F6	False	
Q567U6	False	
Q569H4	False	
Q569K4	False	
Q56A73	False	
Q56NI9	False	
Q56P03	False	
Q56P42	False	
Q56UN5	False	
Q56VL3	False	
Q587J8	False	
Q58A45	True	master_direct
Q58DX5	False	
Q58EX2	False	
Q58EX7	False	
Q58F21	False	
Q58FF7	False	
Q58HT5	False	
Q58WW2	False	
Q59EK9	False	
Q59H18	False	
Q5BJD5	False	
Q5BJF2	False	
Q5BJF6	False	
Q5BJH2	False	
Q5BJH7	False	
Q5BKX5	False	
Q5BKX6	False	
Q5BKX8	False	
Q5BKZ1	False	
Q5BN46	False	
Q5BVD1	False	
Q5C9Z4	True	master_direct
Q5CZC0	False	
Q5D0E6	True	gene_patch
Q5D1E8	True	master_direct
Q5D862	False	
Q5DID0	False	
Q5DX21	False	
Q5EB52	False	
Q5EBL4	False	
Q5EBL8	False	
Q5EBM0	False	
Q5EE01	False	
Q5EG05	False	
Q5F1R6	False	
Q5FBB7	False	
Q5FVE4	False	
Q5FWF4	True	master_direct
Q5FWF5	False	
Q5FYB1	False	
Q5GFL6	False	
Q5GH72	False	
Q5GH76	False	
Q5GLZ8	False	
Q5H8A4	False	
Q5H8C1	False	
Q5H9F3	False	
Q5H9I0	False	
Q5H9J7	False	
Q5H9L4	False	
Q5H9R7	False	
Q5H9S7	False	
Q5HYA8	False	
Q5HYI8	False	
Q5HYJ3	False	
Q5HYK3	False	
Q5HYK7	False	
Q5HYN5	False	
Q5HYW2	False	
Q5I7T1	False	
Q5IJ48	False	
Q5J8M3	False	
Q5J8X5	False	
Q5JPB2	False	
Q5JPE7	False	
Q5JPH6	False	
Q5JPI9	True	master_direct
Q5JQC9	False	
Q5JR59	False	
Q5JR98	False	
Q5JRA6	False	
Q5JRX3	False	
Q5JS13	False	
Q5JSH3	False	
Q5JSL3	False	
Q5JSP0	False	
Q5JST6	False	
Q5JSZ5	False	
Q5JT25	False	
Q5JTC6	False	
Q5JTD0	False	
Q5JTH9	True	master_direct
Q5JTJ3	False	
Q5JTV8	False	
Q5JTW2	False	
Q5JTY5	False	
Q5JTZ9	True	master_direct
Q5JU85	False	
Q5JUK2	False	
Q5JUK3	False	
Q5JVF3	False	
Q5JVL4	False	
Q5JVS0	True	master_direct
Q5JW98	False	
Q5JWF2	False	
Q5JX71	False	
Q5JXC2	False	
Q5JY77	False	
Q5JZY3	False	
Q5K4E3	False	
Q5K4L6	False	
Q5K651	False	
Q5KSL6	False	
Q5KU26	False	
Q5M775	False	
Q5M7Z0	False	
Q5M8T2	False	
Q5M9N0	False	
Q5MIZ7	False	
Q5MJ10	False	
Q5MJ70	False	
Q5MNZ6	False	
Q5MNZ9	False	
Q5MY95	False	
Q5NDL2	False	
Q5NUL3	False	
Q5PRF9	True	master_direct
Q5PSV4	False	
Q5QGS0	False	
Q5QGT7	False	
Q5QGZ9	False	
Q5QJE6	True	master_direct
Q5QJU3	False	
Q5QNW6	False	
Q5QP82	False	
Q5R372	False	
Q5R3F8	False	
Q5R3K3	False	
Q5RHP9	False	
Q5RI15	False	
Q5RKV6	True	master_direct
Q5RL73	True	master_direct
Q5S007	False	
Q5SGD2	False	
Q5SNT2	False	
Q5SQ64	False	
Q5SQI0	False	
Q5SQN1	False	
Q5SQQ9	False	
Q5SR56	False	
Q5SRE5	False	
Q5SRE7	False	
Q5SRR4	False	
Q5SSG8	False	
Q5SSJ5	False	
Q5SSQ6	False	
Q5ST30	True	master_direct
Q5SVS4	False	
Q5SW24	False	
Q5SW79	False	
Q5SW96	False	
Q5SWA1	False	
Q5SXH7	False	
Q5SXM2	False	
Q5SXM8	False	
Q5SY16	True	master_direct
Q5SY80	False	
Q5SYB0	False	
Q5SYC1	False	
Q5SZK8	False	
Q5SZL2	False	
Q5SZQ8	True	master_direct
Q5T011	False	
Q5T0F9	False	
Q5T0J7	False	
Q5T0N1	False	
Q5T0N5	False	
Q5T0T0	False	
Q5T0W9	False	
Q5T124	False	
Q5T160	True	gene_patch
Q5T197	False	
Q5T1B0	False	
Q5T1C6	False	
Q5T1H1	False	
Q5T1M5	False	
Q5T1R4	False	
Q5T1V6	True	master_direct
Q5T200	True	master_direct
Q5T230	False	
Q5T280	True	master_direct
Q5T2D2	False	
Q5T2D3	False	
Q5T2R2	False	
Q5T2S8	False	
Q5T2T1	False	
Q5T2W1	False	
Q5T3F8	False	
Q5T3J3	False	
Q5T3U5	False	
Q5T440	False	
Q5T442	False	
Q5T447	False	
Q5T481	True	master_direct
Q5T4B2	False	
Q5T4D3	False	
Q5T4F4	False	
Q5T4F7	False	
Q5T4S7	False	
Q5T4T6	False	
Q5T4W7	False	
Q5T5A4	False	
Q5T5A8	False	
Q5T5B0	False	
Q5T5C0	False	
Q5T5P2	False	
Q5T5U3	False	
Q5T5X7	False	
Q5T5Y3	False	
Q5T601	False	
Q5T619	True	master_direct
Q5T655	False	
Q5T686	False	
Q5T6F0	False	
Q5T6F2	True	master_direct
Q5T6S3	False	
Q5T6V5	False	
Q5T6X5	False	
Q5T700	False	
Q5T749	False	
Q5T751	False	
Q5T752	False	
Q5T753	False	
Q5T754	False	
Q5T7B8	False	
Q5T7M4	False	
Q5T7N3	False	
Q5T7P2	False	
Q5T7P3	False	
Q5T7P8	False	
Q5T7V8	False	
Q5T7W0	False	
Q5T7W7	False	
Q5T848	False	
Q5T890	True	master_direct
Q5T8A7	False	
Q5T8D3	False	
Q5T8I9	True	master_direct
Q5T8P6	True	master_direct
Q5T9A4	False	
Q5T9C2	False	
Q5T9G4	False	
Q5T9L3	False	
Q5TA31	False	
Q5TA45	True	master_direct
Q5TA50	False	
Q5TA76	False	
Q5TA77	False	
Q5TA78	False	
Q5TA79	False	
Q5TA81	False	
Q5TA82	False	
Q5TA89	False	
Q5TAB7	False	
Q5TAP6	True	master_direct
Q5TAQ9	False	
Q5TAT6	False	
Q5TAX3	True	master_direct
Q5TB30	False	
Q5TB80	False	
Q5TBA9	False	
Q5TBB1	True	master_direct
Q5TC82	True	master_direct
Q5TCH4	False	
Q5TCM9	False	
Q5TCQ9	False	
Q5TCS8	False	
Q5TCX8	False	
Q5TCY1	False	
Q5TCZ1	False	
Q5TD94	False	
Q5TD97	False	
Q5TDH0	False	
Q5TEC6	True	master_direct
Q5TEJ8	False	
Q5TEU4	False	
Q5TGU0	False	
Q5TGY3	False	
Q5TGZ0	False	
Q5THJ4	False	
Q5THR3	False	
Q5TIA1	False	
Q5TID7	False	
Q5TKA1	False	
Q5TZA2	False	
Q5TZF3	False	
Q5U5Q3	True	master_direct
Q5U5X0	False	
Q5U5Z8	False	
Q5U651	False	
Q5UCC4	False	
Q5UE93	False	
Q5UIP0	False	
Q5VIR6	False	
Q5VSL9	False	
Q5VST6	False	
Q5VST9	False	
Q5VSY0	False	
Q5VT06	False	
Q5VT25	False	
Q5VT52	False	
Q5VT66	False	
Q5VT99	False	
Q5VTB9	False	
Q5VTD9	False	
Q5VTE6	True	master_direct
Q5VTJ3	False	
Q5VTR2	False	
Q5VTT2	False	
Q5VTT5	False	
Q5VTY9	False	
Q5VU43	False	
Q5VU57	False	
Q5VUA4	False	
Q5VUB5	False	
Q5VUG0	True	master_direct
Q5VUM1	False	
Q5VV41	False	
Q5VV42	True	master_direct
Q5VV43	False	
Q5VV63	False	
Q5VV67	True	master_direct
Q5VVJ2	False	
Q5VVQ6	False	
Q5VVX9	False	
Q5VVY1	False	
Q5VW32	False	
Q5VW36	False	
Q5VW38	False	
Q5VWC8	False	
Q5VWG9	False	
Q5VWJ9	False	
Q5VWK5	False	
Q5VWN6	False	
Q5VWP2	False	
Q5VWP3	False	
Q5VWQ0	False	
Q5VWQ8	False	
Q5VWT5	False	
Q5VWX1	True	master_direct
Q5VWZ2	False	
Q5VX71	False	
Q5VXI9	False	
Q5VXU9	False	
Q5VY09	False	
Q5VY43	False	
Q5VY80	False	
Q5VYJ5	False	
Q5VYK3	False	
Q5VYS8	True	master_direct
Q5VYX0	False	
Q5VYY2	False	
Q5VZ89	False	
Q5VZE5	False	
Q5VZF2	True	master_direct
Q5VZK9	False	
Q5VZL5	False	
Q5VZM2	False	
Q5VZV1	False	
Q5VZY2	False	
Q5W041	False	
Q5W0B1	True	master_direct
Q5W0Q7	False	
Q5W0Z9	False	
Q5W111	False	
Q5W5X9	False	
Q5XG87	True	master_direct
Q5XKE5	False	
Q5XKL5	False	
Q5XKP0	False	
Q5XKR4	False	
Q5XLA6	False	
Q5XPI4	False	
Q5XUX0	False	
Q5XXA6	False	
Q5ZPR3	False	
Q60I27	False	
Q63HK5	False	
Q63HN8	False	
Q63HQ0	False	
Q63HQ2	False	
Q63HR2	False	
Q63ZY3	False	
Q63ZY6	False	
Q641Q2	False	
Q643R3	False	
Q64LD2	False	
Q658P3	False	
Q659A1	False	
Q659C4	True	master_direct
Q66GS9	False	
Q66K64	False	
Q66K74	False	
Q66K79	False	
Q66K80	False	
Q66K89	False	
Q66PJ3	True	master_direct
Q674R7	False	
Q674X7	False	
Q676U5	False	
Q67FW5	False	
Q684P5	False	
Q685J3	False	
Q687X5	False	
Q68CJ6	False	
Q68CJ9	False	
Q68CK6	False	
Q68CP4	False	
Q68CP9	False	
Q68CQ1	False	
Q68CQ4	False	
Q68CQ7	False	
Q68CZ1	False	
Q68CZ2	False	
Q68CZ6	False	
Q68D06	True	master_direct
Q68D10	False	
Q68D42	False	
Q68D85	False	
Q68D86	False	
Q68D91	False	
Q68DA7	False	
Q68DC2	False	
Q68DD2	False	
Q68DE3	False	
Q68DK2	False	
Q68DK7	False	
Q68DQ2	False	
Q68DV7	False	
Q68DX3	False	
Q68E01	False	
Q68EA5	False	
Q68EM7	False	
Q68EN5	False	
Q68G74	False	
Q68G75	False	
Q68J44	False	
Q69383	False	
Q69384	False	
Q693B1	False	
Q695T7	False	
Q69YG0	False	
Q69YH5	False	
Q69YI7	False	
Q69YN4	True	master_direct
Q69YQ0	False	
Q6A162	False	
Q6A163	False	
Q6AI14	False	
Q6AI39	False	
Q6AWC2	False	
Q6AZY7	False	
Q6AZZ1	False	
Q6B0I6	False	
Q6B8I1	False	
Q6BAA4	False	
Q6BCY4	False	
Q6BDI9	False	
Q6BDS2	False	
Q6DD88	False	
Q6DHV7	False	
Q6DJT9	False	
Q6DKI2	False	
Q6DKI7	False	
Q6DKJ4	False	
Q6DKK2	False	
Q6DN03	False	
Q6DN12	False	
Q6DN14	False	
Q6DN72	False	
Q6DN90	False	
Q6DRA6	False	
Q6DT37	False	
Q6E0U4	False	
Q6E213	False	
Q6ECI4	False	
Q6EEV6	False	
Q6EIG7	False	
Q6EMB2	False	
Q6EMK4	False	
Q6F5E8	False	
Q6FHJ7	False	
Q6FI13	False	
Q6FI81	False	
Q6FIF0	False	
Q6GMR7	False	
Q6GMV2	False	
Q6GPH4	False	
Q6GPH6	False	
Q6GQQ9	False	
Q6GTS8	False	
Q6GTX8	False	
Q6GYQ0	False	
Q6H3X3	False	
Q6H8Q1	False	
Q6HA08	False	
Q6I9Y2	True	master_direct
Q6IA17	False	
Q6IA69	False	
Q6IA86	False	
Q6IAA8	False	
Q6IB77	False	
Q6IBS0	False	
Q6IBW4	False	
Q6IC98	False	
Q6ICB0	False	
Q6ICB4	False	
Q6ICG8	False	
Q6ICL3	False	
Q6ICL7	False	
Q6IE81	False	
Q6IEG0	True	master_direct
Q6IMI6	False	
Q6IMN6	False	
Q6IN84	True	master_direct
Q6IN85	False	
Q6IPM2	False	
Q6IPU0	False	
Q6IQ16	False	
Q6IQ19	False	
Q6IQ20	False	
Q6IQ22	False	
Q6IQ23	False	
Q6IQ26	False	
Q6IQ49	False	
Q6IQ55	False	
Q6IS24	False	
Q6ISB3	False	
Q6ISU1	False	
Q6IWH7	False	
Q6J4K2	False	
Q6J9G0	False	
Q6JBY9	False	
Q6JQN1	False	
Q6K0P9	False	
Q6KB66	False	
Q6KC79	False	
Q6KCM7	False	
Q6KF10	False	
Q6L8G4	False	
Q6L8G8	False	
Q6L8G9	False	
Q6L8H1	False	
Q6L8H2	False	
Q6L8H4	False	
Q6L8Q7	True	master_direct
Q6L9W6	False	
Q6MZM0	False	
Q6MZP7	False	
Q6MZQ0	False	
Q6N021	False	
Q6N022	False	
Q6N043	False	
Q6N069	False	
Q6N075	False	
Q6NS38	False	
Q6NSI4	False	
Q6NSJ0	False	
Q6NSJ5	False	
Q6NSW7	False	
Q6NT16	False	
Q6NT55	False	
Q6NT76	False	
Q6NTE8	False	
Q6NTF7	True	master_direct
Q6NTF9	False	
Q6NUI2	False	
Q6NUI6	False	
Q6NUJ2	False	
Q6NUJ5	False	
Q6NUK1	False	
Q6NUN0	False	
Q6NUN9	False	
Q6NUP7	False	
Q6NUQ1	False	
Q6NUS6	False	
Q6NUS8	False	
Q6NUT2	False	
Q6NUT3	False	
Q6NVH7	False	
Q6NVU6	False	
Q6NVY1	False	
Q6NW34	False	
Q6NW40	False	
Q6NWY9	True	gene_patch
Q6NX45	False	
Q6NXG1	True	master_direct
Q6NXR0	False	
Q6NXS1	False	
Q6NXT2	False	
Q6NXT4	False	
Q6NXT6	False	
Q6NYC1	False	
Q6NYC8	False	
Q6NZ36	False	
Q6NZ67	False	
Q6NZI2	True	master_direct
Q6NZY4	False	
Q6NZY7	False	
Q6P050	False	
Q6P087	True	master_direct
Q6P0N0	False	
Q6P0Q8	False	
Q6P158	True	master_direct
Q6P179	False	
Q6P1A2	False	
Q6P1J6	False	
Q6P1J9	False	
Q6P1K1	False	
Q6P1K2	False	
Q6P1L5	False	
Q6P1L6	False	
Q6P1M0	False	
Q6P1M3	False	
Q6P1N0	False	
Q6P1N9	False	
Q6P1Q0	False	
Q6P1Q9	True	master_direct
Q6P1R4	True	gene_patch
Q6P1S2	False	
Q6P1W5	False	
Q6P1X5	False	
Q6P2C8	False	
Q6P2D0	True	master_direct
Q6P2D8	False	
Q6P2E9	True	master_direct
Q6P2H3	False	
Q6P2H8	False	
Q6P2M8	False	
Q6P2P2	False	
Q6P2Q9	True	master_direct
Q6P3S1	False	
Q6P3W2	False	
Q6P3W7	False	
Q6P461	False	
Q6P4A8	False	
Q6P4F1	False	
Q6P4F2	False	
Q6P4F7	False	
Q6P4H8	False	
Q6P4I2	False	
Q6P4Q7	False	
Q6P4R8	False	
Q6P531	False	
Q6P587	False	
Q6P589	False	
Q6P597	False	
Q6P5Q4	False	
Q6P5S7	False	
Q6P5W5	False	
Q6P5X5	False	
Q6P5Z2	False	
Q6P6C2	True	master_direct
Q6P988	False	
Q6P9A2	False	
Q6P9B6	False	
Q6P9B9	True	master_direct
Q6P9F0	False	
Q6P9F5	False	
Q6P9F7	False	
Q6P9G9	False	
Q6P9H4	False	
Q6PCB0	False	
Q6PCB6	False	
Q6PCB7	False	
Q6PCB8	False	
Q6PCD5	False	
Q6PCE3	False	
Q6PCT2	False	
Q6PD62	False	
Q6PD74	False	
Q6PEW1	False	
Q6PEX3	False	
Q6PEY1	False	
Q6PEY2	False	
Q6PF05	False	
Q6PF06	True	master_direct
Q6PF18	False	
Q6PFW1	False	
Q6PGN9	False	
Q6PGP7	False	
Q6PGQ7	False	
Q6PH85	False	
Q6PHR2	False	
Q6PHW0	False	
Q6PI25	False	
Q6PI26	True	master_direct
Q6PI48	False	
Q6PI77	False	
Q6PI78	False	
Q6PI98	False	
Q6PID8	False	
Q6PIF2	False	
Q6PIF6	False	
Q6PIJ6	False	
Q6PIL6	False	
Q6PIU1	False	
Q6PIU2	False	
Q6PIV2	False	
Q6PIW4	False	
Q6PIY7	True	master_direct
Q6PIZ9	False	
Q6PJ21	False	
Q6PJ61	False	
Q6PJ69	False	
Q6PJF5	False	
Q6PJG2	False	
Q6PJG6	False	
Q6PJG9	False	
Q6PJI9	False	
Q6PJP8	False	
Q6PJT7	True	master_direct
Q6PJW8	False	
Q6PKC3	False	
Q6PKG0	True	master_direct
Q6PKX4	False	
Q6PL18	False	
Q6PL24	False	
Q6PL45	False	
Q6PML9	False	
Q6PRD1	False	
Q6PRD7	False	
Q6PUV4	False	
Q6PXP3	False	
Q6Q0C0	False	
Q6Q0C1	False	
Q6Q4G3	False	
Q6Q759	False	
Q6Q788	False	
Q6QHC5	False	
Q6QHF9	False	
Q6QHK4	False	
Q6QN14	False	
Q6QNK2	False	
Q6QNY0	False	
Q6QNY1	False	
Q6R327	False	
Q6R6M4	False	
Q6RFH5	False	
Q6RFH8	False	
Q6RI45	False	
Q6RVD6	False	
Q6RW13	False	
Q6S5L8	False	
Q6S8J3	False	
Q6S9Z5	False	
Q6SA08	False	
Q6SJ93	False	
Q6SPF0	False	
Q6STE5	False	
Q6SZW1	False	
Q6T4R5	False	
Q6TCH4	False	
Q6TCH7	False	
Q6TFL4	False	
Q6TGC4	False	
Q6U736	False	
Q6U7Q0	False	
Q6U841	False	
Q6UB28	False	
Q6UB35	False	
Q6UB98	False	
Q6UB99	False	
Q6ULP2	False	
Q6UN15	False	
Q6UUV7	False	
Q6UUV9	False	
Q6UVJ0	False	
Q6UVK1	False	
Q6UVM3	False	
Q6UVW9	False	
Q6UVY6	False	
Q6UW15	False	
Q6UW56	False	
Q6UW60	False	
Q6UW63	False	
Q6UW68	False	
Q6UW78	False	
Q6UW88	False	
Q6UWB1	False	
Q6UWB4	False	
Q6UWE0	False	
Q6UWF3	False	
Q6UWI2	False	
Q6UWJ1	False	
Q6UWK7	False	
Q6UWL6	False	
Q6UWN5	False	
Q6UWP2	False	
Q6UWP7	False	
Q6UWR7	False	
Q6UWU4	False	
Q6UWV6	False	
Q6UWW8	False	
Q6UWY0	False	
Q6UWY2	False	
Q6UWZ7	False	
Q6UX01	False	
Q6UX04	True	master_direct
Q6UX06	False	
Q6UX15	False	
Q6UX27	False	
Q6UX34	False	
Q6UX39	False	
Q6UX40	False	
Q6UX41	False	
Q6UX46	False	
Q6UX53	False	
Q6UX65	False	
Q6UX71	False	
Q6UX98	False	
Q6UXB2	False	
Q6UXB4	False	
Q6UXB8	False	
Q6UXD5	False	
Q6UXF1	False	
Q6UXG2	False	
Q6UXG3	False	
Q6UXG8	False	
Q6UXH0	False	
Q6UXH1	False	
Q6UXH8	False	
Q6UXI9	False	
Q6UXK2	False	
Q6UXL0	False	
Q6UXN8	False	
Q6UXN9	False	
Q6UXS9	False	
Q6UXT8	False	
Q6UXV0	False	
Q6UXV4	False	
Q6UXX9	False	
Q6UXY1	False	
Q6UXZ0	False	
Q6UXZ3	False	
Q6UXZ4	False	
Q6UY09	False	
Q6UY14	False	
Q6V0I7	False	
Q6V0L0	False	
Q6V1P9	False	
Q6V1X1	False	
Q6VAB6	False	
Q6VB84	False	
Q6VEQ5	False	
Q6VMQ6	False	
Q6VN20	False	
Q6VVB1	False	
Q6VVX0	False	
Q6VY07	False	
Q6W0C5	False	
Q6W2J9	False	
Q6W4X9	False	
Q6W5P4	False	
Q6WCQ1	False	
Q6WKZ4	False	
Q6WN34	False	
Q6WRI0	False	
Q6X4U4	False	
Q6X4W1	False	
Q6XD76	False	
Q6XE24	True	master_direct
Q6XPS3	False	
Q6XQN6	False	
Q6XR72	False	
Q6XUX3	False	
Q6XYQ8	False	
Q6XZB0	False	
Q6XZF7	False	
Q6Y1H2	False	
Q6Y288	False	
Q6Y7W6	False	
Q6YBV0	False	
Q6YHK3	False	
Q6YHU6	False	
Q6YN16	False	
Q6YP21	False	
Q6ZMB0	False	
Q6ZMC9	False	
Q6ZMG9	False	
Q6ZMH5	False	
Q6ZMI0	False	
Q6ZMI3	False	
Q6ZMJ2	False	
Q6ZMJ4	False	
Q6ZMM2	False	
Q6ZMN7	False	
Q6ZMP0	False	
Q6ZMQ8	False	
Q6ZMR5	False	
Q6ZMS7	True	master_direct
Q6ZMT1	False	
Q6ZMT4	False	
Q6ZMU5	False	
Q6ZMY3	False	
Q6ZMZ0	False	
Q6ZMZ3	False	
Q6ZN04	True	master_direct
Q6ZN16	False	
Q6ZN17	True	master_direct
Q6ZN18	False	
Q6ZN30	False	
Q6ZN44	False	
Q6ZN54	False	
Q6ZN55	False	
Q6ZN57	False	
Q6ZN66	False	
Q6ZNA4	False	
Q6ZNB7	False	
Q6ZNC8	False	
Q6ZNE5	False	
Q6ZNE9	False	
Q6ZNG0	False	
Q6ZNH5	True	master_direct
Q6ZNJ1	False	
Q6ZNK6	False	
Q6ZNL6	False	
Q6ZNX1	False	
Q6ZP29	False	
Q6ZP80	False	
Q6ZP82	False	
Q6ZPD8	False	
Q6ZPD9	False	
Q6ZQN7	False	
Q6ZQR2	False	
Q6ZQW0	False	
Q6ZQX7	False	
Q6ZQY3	False	
Q6ZR08	False	
Q6ZR37	False	
Q6ZRF8	False	
Q6ZRI0	False	
Q6ZRI6	False	
Q6ZRI8	False	
Q6ZRP7	False	
Q6ZRQ5	False	
Q6ZRS2	True	master_direct
Q6ZRV2	False	
Q6ZRY4	True	master_direct
Q6ZS10	False	
Q6ZS17	False	
Q6ZSA7	False	
Q6ZSB9	False	
Q6ZSG1	False	
Q6ZSJ9	False	
Q6ZSM3	False	
Q6ZSS7	False	
Q6ZSY5	False	
Q6ZSZ5	False	
Q6ZSZ6	False	
Q6ZT12	False	
Q6ZT21	False	
Q6ZT62	False	
Q6ZT89	False	
Q6ZT98	False	
Q6ZTN6	False	
Q6ZTQ3	False	
Q6ZTQ4	False	
Q6ZTR5	False	
Q6ZTU2	False	
Q6ZU15	False	
Q6ZU35	False	
Q6ZU52	False	
Q6ZU64	False	
Q6ZU80	False	
Q6ZUI0	False	
Q6ZUJ8	False	
Q6ZUM4	False	
Q6ZUT1	False	
Q6ZUT3	False	
Q6ZUX7	False	
Q6ZV29	False	
Q6ZV65	False	
Q6ZV73	False	
Q6ZVD7	False	
Q6ZVD8	False	
Q6ZVE7	False	
Q6ZVK8	False	
Q6ZVM7	False	
Q6ZVN8	False	
Q6ZVT0	False	
Q6ZW31	False	
Q6ZW49	False	
Q6ZW61	False	
Q6ZW76	False	
Q6ZWH5	False	
Q6ZWJ1	False	
Q6ZWK4	False	
Q6ZWL3	False	
Q6ZWT7	False	
Q6ZXV5	False	
Q6ZYL4	False	
Q701N4	False	
Q702N8	False	
Q709C8	False	
Q709F0	False	
Q70CQ1	False	
Q70CQ2	False	
Q70CQ3	False	
Q70CQ4	False	
Q70E73	False	
Q70EK8	False	
Q70EK9	False	
Q70EL1	False	
Q70EL2	False	
Q70EL3	False	
Q70EL4	False	
Q70HW3	False	
Q70IA6	False	
Q70IA8	False	
Q70J99	False	
Q70JA7	False	
Q70SY1	False	
Q70UQ0	False	
Q70YC4	False	
Q70YC5	False	
Q70Z35	False	
Q70Z44	False	
Q70Z53	False	
Q711Q0	False	
Q712K3	False	
Q719H9	False	
Q71DI3	True	master_direct
Q71F23	False	
Q71F56	False	
Q71H61	False	
Q71RC2	True	master_direct
Q71RG4	False	
Q71RS6	False	
Q71SY5	False	
Q71U36	False	
Q71UI9	False	
Q71UM5	True	gene_patch
Q75N03	False	
Q75N90	False	
Q75QN2	True	master_direct
Q75T13	False	
Q75V66	False	
Q75WM6	False	
Q765P7	False	
Q76EJ3	False	
Q76FK4	True	master_direct
Q76I76	False	
Q76L83	False	
Q76LX8	False	
Q76MJ5	True	master_direct
Q76N32	False	
Q76N89	False	
Q76NI1	False	
Q7KYR7	False	
Q7KZ85	True	master_direct
Q7KZF4	True	master_direct
Q7KZI7	False	
Q7KZN9	False	
Q7L014	True	gene_patch
Q7L099	False	
Q7L0J3	False	
Q7L0Q8	False	
Q7L0X0	False	
Q7L0Y3	True	master_direct
Q7L190	False	
Q7L1I2	False	
Q7L1Q6	True	gene_patch
Q7L1S5	False	
Q7L1T6	False	
Q7L1V2	False	
Q7L1W4	False	
Q7L266	False	
Q7L273	False	
Q7L2E3	True	master_direct
Q7L2H7	True	master_direct
Q7L2J0	True	master_direct
Q7L2K0	False	
Q7L2R6	False	
Q7L2Z9	False	
Q7L3B6	False	
Q7L3V2	False	
Q7L4E1	False	
Q7L4I2	False	
Q7L4P6	False	
Q7L513	False	
Q7L523	False	
Q7L576	False	
Q7L590	False	
Q7L591	False	
Q7L592	False	
Q7L5A3	False	
Q7L5A8	False	
Q7L5D6	False	
Q7L5L3	False	
Q7L5N1	False	
Q7L5N7	False	
Q7L5Y1	False	
Q7L5Y6	False	
Q7L5Y9	False	
Q7L622	False	
Q7L775	True	master_direct
Q7L7L0	False	
Q7L7V1	False	
Q7L7X3	False	
Q7L804	False	
Q7L8A9	False	
Q7L8J4	False	
Q7L8L6	True	master_direct
Q7L8S5	False	
Q7L9L4	False	
Q7LBC6	False	
Q7LBE3	False	
Q7LBR1	False	
Q7LC44	False	
Q7LDG7	False	
Q7LFL8	False	
Q7LFX5	False	
Q7LG56	False	
Q7LGA3	False	
Q7LGC8	False	
Q7RTM1	False	
Q7RTN6	False	
Q7RTP0	False	
Q7RTP6	False	
Q7RTR0	False	
Q7RTR2	False	
Q7RTS1	False	
Q7RTS3	False	
Q7RTS5	False	
Q7RTS7	False	
Q7RTS9	False	
Q7RTT9	False	
Q7RTU1	False	
Q7RTU3	False	
Q7RTU4	False	
Q7RTU7	False	
Q7RTV0	True	master_direct
Q7RTW8	False	
Q7RTX0	False	
Q7RTX1	False	
Q7RTX7	False	
Q7RTY0	False	
Q7RTY1	False	
Q7RTY8	False	
Q7RTZ1	False	
Q7Z2D5	False	
Q7Z2E3	True	master_direct
Q7Z2G1	False	
Q7Z2H8	False	
Q7Z2K6	False	
Q7Z2T5	True	master_direct
Q7Z2W4	True	master_direct
Q7Z2W7	False	
Q7Z2X4	False	
Q7Z2Y5	False	
Q7Z2Z1	False	
Q7Z2Z2	True	master_direct
Q7Z333	True	master_direct
Q7Z353	False	
Q7Z392	False	
Q7Z3B1	False	
Q7Z3B3	False	
Q7Z3B4	False	
Q7Z3C6	False	
Q7Z3D4	False	
Q7Z3D6	False	
Q7Z3E1	True	master_direct
Q7Z3E5	False	
Q7Z3F1	False	
Q7Z3G6	False	
Q7Z3H0	False	
Q7Z3H4	False	
Q7Z3I7	False	
Q7Z3J2	False	
Q7Z3K3	False	
Q7Z3K6	False	
Q7Z3Q1	False	
Q7Z3S7	False	
Q7Z3S9	False	
Q7Z3T8	False	
Q7Z3U7	False	
Q7Z3V4	False	
Q7Z3Y7	False	
Q7Z3Y8	False	
Q7Z3Y9	False	
Q7Z3Z0	False	
Q7Z3Z2	False	
Q7Z3Z4	True	master_direct
Q7Z401	False	
Q7Z403	False	
Q7Z406	False	
Q7Z407	False	
Q7Z408	False	
Q7Z410	False	
Q7Z412	False	
Q7Z417	True	master_direct
Q7Z418	False	
Q7Z419	False	
Q7Z429	False	
Q7Z434	False	
Q7Z442	False	
Q7Z443	False	
Q7Z449	False	
Q7Z460	False	
Q7Z465	False	
Q7Z478	True	master_direct
Q7Z494	False	
Q7Z4F1	False	
Q7Z4G1	False	
Q7Z4G4	True	master_direct
Q7Z4H3	False	
Q7Z4H4	False	
Q7Z4H7	False	
Q7Z4H8	False	
Q7Z4I7	False	
Q7Z4K8	False	
Q7Z4L5	False	
Q7Z4N2	False	
Q7Z4N8	False	
Q7Z4Q2	False	
Q7Z4S6	False	
Q7Z4T8	False	
Q7Z4T9	False	
Q7Z4V0	False	
Q7Z4V5	False	
Q7Z4W1	False	
Q7Z4W3	False	
Q7Z569	False	
Q7Z570	True	master_direct
Q7Z589	False	
Q7Z591	False	
Q7Z5A7	False	
Q7Z5B4	False	
Q7Z5G4	False	
Q7Z5H3	False	
Q7Z5J1	False	
Q7Z5J4	False	
Q7Z5K2	False	
Q7Z5L2	True	gene_patch
Q7Z5L7	False	
Q7Z5L9	False	
Q7Z5N4	False	
Q7Z5P4	False	
Q7Z5P9	False	
Q7Z5Q1	True	master_direct
Q7Z5Q5	False	
Q7Z5R6	False	
Q7Z5V6	False	
Q7Z5W3	True	master_direct
Q7Z5Y6	False	
Q7Z602	False	
Q7Z614	False	
Q7Z624	False	
Q7Z628	False	
Q7Z695	False	
Q7Z698	False	
Q7Z699	False	
Q7Z6A9	False	
Q7Z6B0	False	
Q7Z6B7	False	
Q7Z6E9	True	master_direct
Q7Z6G3	False	
Q7Z6G8	False	
Q7Z6I5	False	
Q7Z6I6	False	
Q7Z6J0	False	
Q7Z6J2	False	
Q7Z6J4	False	
Q7Z6J6	False	
Q7Z6J8	False	
Q7Z6J9	True	master_direct
Q7Z6K1	False	
Q7Z6K5	False	
Q7Z6L0	False	
Q7Z6L1	False	
Q7Z6M1	False	
Q7Z6M3	False	
Q7Z6M4	True	master_direct
Q7Z6P3	False	
Q7Z6R9	False	
Q7Z6V5	True	master_direct
Q7Z6Z7	False	
Q7Z739	True	master_direct
Q7Z745	False	
Q7Z769	False	
Q7Z794	False	
Q7Z7A1	False	
Q7Z7A3	True	master_direct
Q7Z7A4	False	
Q7Z7B0	False	
Q7Z7B1	False	
Q7Z7C7	False	
Q7Z7C8	False	
Q7Z7D3	False	
Q7Z7E8	False	
Q7Z7F0	False	
Q7Z7G0	False	
Q7Z7G1	False	
Q7Z7G2	False	
Q7Z7G8	False	
Q7Z7H3	False	
Q7Z7H5	False	
Q7Z7H8	True	master_direct
Q7Z7K6	False	
Q7Z7L1	True	master_direct
Q7Z7L7	False	
Q7Z7M0	False	
Q7Z7M8	False	
Q7Z7M9	False	
Q7Z7N9	False	
Q86SE5	True	master_direct
Q86SE8	True	master_direct
Q86SE9	False	
Q86SF2	False	
Q86SG2	False	
Q86SG3	True	master_direct
Q86SG6	False	
Q86SJ2	False	
Q86SJ6	False	
Q86SK9	False	
Q86SM8	False	
Q86SQ0	False	
Q86SQ3	False	
Q86SQ4	False	
Q86SQ6	False	
Q86SQ7	False	
Q86SQ9	False	
Q86SR1	False	
Q86SS6	False	
Q86SU0	False	
Q86SX3	False	
Q86SX6	False	
Q86SZ2	False	
Q86T03	False	
Q86T13	False	
Q86T24	False	
Q86T26	False	
Q86T65	False	
Q86T82	False	
Q86T90	False	
Q86T96	False	
Q86TB3	False	
Q86TB9	True	master_direct
Q86TC9	False	
Q86TG1	False	
Q86TG7	True	master_direct
Q86TH1	False	
Q86TI0	False	
Q86TI2	False	
Q86TJ2	False	
Q86TL0	False	
Q86TL2	False	
Q86TM6	False	
Q86TP1	False	
Q86TS9	True	master_direct
Q86TU7	False	
Q86TV6	False	
Q86TW2	False	
Q86TX2	False	
Q86TY3	False	
Q86U06	True	master_direct
Q86U10	False	
Q86U28	False	
Q86U42	True	master_direct
Q86U44	True	master_direct
Q86U70	False	
Q86U86	False	
Q86U90	True	master_direct
Q86UA6	False	
Q86UB2	False	
Q86UC2	False	
Q86UD0	False	
Q86UD3	False	
Q86UD4	False	
Q86UD5	False	
Q86UE4	False	
Q86UE6	False	
Q86UE8	False	
Q86UF1	False	
Q86UG4	False	
Q86UK0	False	
Q86UK5	False	
Q86UK7	False	
Q86UL3	False	
Q86UL8	False	
Q86UN2	False	
Q86UN3	False	
Q86UN6	False	
Q86UP0	False	
Q86UP2	False	
Q86UP3	False	
Q86UQ0	False	
Q86UQ4	False	
Q86UQ8	False	
Q86UR1	False	
Q86UR5	False	
Q86US8	True	master_direct
Q86UT5	False	
Q86UT6	False	
Q86UT8	False	
Q86UU0	False	
Q86UU5	False	
Q86UU9	False	
Q86UV5	False	
Q86UV6	False	
Q86UW1	False	
Q86UW2	False	
Q86UW6	False	
Q86UW7	False	
Q86UW9	False	
Q86UX2	False	
Q86UX6	False	
Q86UX7	False	
Q86UY5	False	
Q86UY6	False	
Q86V15	False	
Q86V20	False	
Q86V24	False	
Q86V25	False	
Q86V40	False	
Q86V42	False	
Q86V48	False	
Q86V81	False	
Q86V86	False	
Q86V97	False	
Q86VB7	False	
Q86VD7	False	
Q86VD9	False	
Q86VE0	False	
Q86VE9	False	
Q86VF2	False	
Q86VF5	False	
Q86VF7	False	
Q86VH2	False	
Q86VH5	False	
Q86VI3	False	
Q86VI4	False	
Q86VK4	False	
Q86VL8	False	
Q86VM9	True	master_direct
Q86VN1	False	
Q86VP1	False	
Q86VP3	False	
Q86VP6	False	
Q86VQ0	False	
Q86VQ3	False	
Q86VQ6	False	
Q86VR2	False	
Q86VS8	False	
Q86VV4	False	
Q86VV8	False	
Q86VW0	False	
Q86VW1	False	
Q86VW2	False	
Q86VX2	False	
Q86VX9	False	
Q86VY4	False	
Q86VZ1	False	
Q86VZ5	False	
Q86VZ6	False	
Q86W10	False	
Q86W11	False	
Q86W24	False	
Q86W26	False	
Q86W28	False	
Q86W42	True	master_direct
Q86W47	False	
Q86W50	True	master_direct
Q86W54	False	
Q86W56	False	
Q86W74	False	
Q86W92	False	
Q86WA6	False	
Q86WA8	False	
Q86WA9	False	
Q86WB0	False	
Q86WB7	False	
Q86WC4	False	
Q86WD7	False	
Q86WG3	False	
Q86WG5	False	
Q86WH2	False	
Q86WI1	False	
Q86WI3	False	
Q86WJ1	False	
Q86WK6	False	
Q86WN1	False	
Q86WP2	True	gene_patch
Q86WQ0	False	
Q86WR0	False	
Q86WS4	False	
Q86WS5	False	
Q86WT6	False	
Q86WU2	False	
Q86WV1	False	
Q86WV5	False	
Q86WV6	False	
Q86WX3	True	master_direct
Q86X02	False	
Q86X24	False	
Q86X29	False	
Q86X45	False	
Q86X51	False	
Q86X52	False	
Q86X55	False	
Q86X67	False	
Q86X76	False	
Q86X83	False	
Q86X95	False	
Q86XA0	False	
Q86XE0	False	
Q86XE3	False	
Q86XE5	False	
Q86XF0	False	
Q86XF7	False	
Q86XI2	False	
Q86XJ0	False	
Q86XJ1	False	
Q86XK2	False	
Q86XK3	False	
Q86XK7	False	
Q86XL3	False	
Q86XM0	False	
Q86XN8	True	master_direct
Q86XP0	False	
Q86XP1	False	
Q86XP3	True	master_direct
Q86XQ3	False	
Q86XR7	False	
Q86XR8	True	gene_patch
Q86XS8	False	
Q86XT2	False	
Q86XT4	False	
Q86XX4	False	
Q86Y01	False	
Q86Y07	False	
Q86Y13	True	master_direct
Q86Y25	False	
Q86Y26	False	
Q86Y33	False	
Q86Y34	False	
Q86Y37	False	
Q86Y38	False	
Q86Y39	False	
Q86Y46	False	
Q86Y56	False	
Q86Y78	False	
Q86Y82	False	
Q86Y91	False	
Q86Y97	False	
Q86YA3	False	
Q86YB8	False	
Q86YC2	False	
Q86YC3	False	
Q86YD1	False	
Q86YD3	False	
Q86YD5	False	
Q86YD7	False	
Q86YF9	True	master_direct
Q86YH6	False	
Q86YI8	False	
Q86YJ5	False	
Q86YJ7	False	
Q86YL7	False	
Q86YM7	False	
Q86YN6	True	master_direct
Q86YP4	False	
Q86YR5	False	
Q86YR7	False	
Q86YS3	False	
Q86YS6	False	
Q86YS7	False	
Q86YT5	False	
Q86YT6	False	
Q86YT9	False	
Q86YV0	False	
Q86YV5	False	
Q86YV9	False	
Q86YW0	False	
Q86YW5	False	
Q86YW7	False	
Q86YW9	False	
Q86YZ3	False	
Q86Z02	False	
Q86Z14	False	
Q86Z20	False	
Q86Z23	False	
Q8HWS3	False	
Q8IU54	False	
Q8IU57	False	
Q8IU60	True	master_direct
Q8IU68	False	
Q8IU80	False	
Q8IU81	False	
Q8IU85	False	
Q8IU89	False	
Q8IU99	False	
Q8IUA7	False	
Q8IUB9	False	
Q8IUC1	False	
Q8IUC2	False	
Q8IUC3	False	
Q8IUC4	False	
Q8IUC6	False	
Q8IUC8	False	
Q8IUD2	False	
Q8IUD6	False	
Q8IUE6	False	
Q8IUF8	False	
Q8IUG1	False	
Q8IUG5	False	
Q8IUH3	True	master_direct
Q8IUH4	False	
Q8IUH5	False	
Q8IUH8	False	
Q8IUI8	False	
Q8IUK5	False	
Q8IUM7	False	
Q8IUN9	False	
Q8IUQ0	False	
Q8IUQ4	False	
Q8IUR5	False	
Q8IUR6	False	
Q8IUR7	False	
Q8IUW3	False	
Q8IUW5	False	
Q8IUX1	False	
Q8IUX4	True	master_direct
Q8IUX7	False	
Q8IUX8	False	
Q8IUY3	False	
Q8IUZ5	False	
Q8IV04	False	
Q8IV08	False	
Q8IV16	False	
Q8IV20	False	
Q8IV31	False	
Q8IV36	False	
Q8IV45	False	
Q8IV48	True	master_direct
Q8IV53	False	
Q8IV61	False	
Q8IV63	False	
Q8IV76	False	
Q8IV77	False	
Q8IVB4	False	
Q8IVD9	False	
Q8IVE3	False	
Q8IVF2	False	
Q8IVF4	False	
Q8IVF5	False	
Q8IVF7	False	
Q8IVG5	False	
Q8IVG9	False	
Q8IVH2	False	
Q8IVH4	False	
Q8IVH8	False	
Q8IVI9	False	
Q8IVJ1	False	
Q8IVL0	False	
Q8IVL1	False	
Q8IVL5	False	
Q8IVL6	False	
Q8IVL8	False	
Q8IVM0	False	
Q8IVM8	False	
Q8IVP5	False	
Q8IVP9	False	
Q8IVQ6	False	
Q8IVS2	False	
Q8IVS8	False	
Q8IVT2	False	
Q8IVT5	False	
Q8IVU3	False	
Q8IVV7	False	
Q8IVW4	False	
Q8IVW6	False	
Q8IVW8	False	
Q8IW00	False	
Q8IW19	False	
Q8IW35	False	
Q8IW40	False	
Q8IW41	False	
Q8IW45	False	
Q8IW52	False	
Q8IW70	False	
Q8IW75	False	
Q8IWA0	False	
Q8IWA4	False	
Q8IWA5	False	
Q8IWB1	False	
Q8IWB6	False	
Q8IWB7	False	
Q8IWC1	False	
Q8IWD4	False	
Q8IWE2	False	
Q8IWE4	False	
Q8IWE5	False	
Q8IWF2	False	
Q8IWG1	False	
Q8IWI9	False	
Q8IWJ2	False	
Q8IWK6	False	
Q8IWL1	False	
Q8IWL2	False	
Q8IWL3	False	
Q8IWL8	False	
Q8IWN7	False	
Q8IWQ3	False	
Q8IWR1	False	
Q8IWS0	False	
Q8IWT0	False	
Q8IWT1	False	
Q8IWT3	False	
Q8IWT6	False	
Q8IWU2	False	
Q8IWU4	False	
Q8IWU5	False	
Q8IWU6	False	
Q8IWU9	False	
Q8IWV1	False	
Q8IWV2	False	
Q8IWV7	False	
Q8IWV8	False	
Q8IWW6	False	
Q8IWW8	False	
Q8IWX5	False	
Q8IWX7	False	
Q8IWX8	True	master_direct
Q8IWY4	False	
Q8IWY8	False	
Q8IWY9	False	
Q8IWZ3	True	master_direct
Q8IWZ4	False	
Q8IWZ5	False	
Q8IWZ6	False	
Q8IWZ8	True	master_direct
Q8IX01	True	master_direct
Q8IX03	False	
Q8IX04	False	
Q8IX05	False	
Q8IX07	False	
Q8IX12	True	master_direct
Q8IX15	False	
Q8IX19	False	
Q8IX21	False	
Q8IX30	False	
Q8IX90	False	
Q8IXA5	False	
Q8IXB1	False	
Q8IXB3	False	
Q8IXF0	False	
Q8IXH6	False	
Q8IXH7	False	
Q8IXH8	False	
Q8IXI1	False	
Q8IXI2	False	
Q8IXJ6	False	
Q8IXJ9	False	
Q8IXK0	False	
Q8IXK2	False	
Q8IXL6	False	
Q8IXL7	False	
Q8IXM2	False	
Q8IXM3	True	master_direct
Q8IXM6	True	master_direct
Q8IXN7	False	
Q8IXP5	False	
Q8IXQ5	False	
Q8IXQ6	False	
Q8IXQ9	False	
Q8IXS2	False	
Q8IXU6	False	
Q8IXV7	False	
Q8IXW0	False	
Q8IXW5	False	
Q8IXZ2	True	master_direct
Q8IY17	False	
Q8IY18	False	
Q8IY21	True	master_direct
Q8IY22	False	
Q8IY26	False	
Q8IY31	True	master_direct
Q8IY33	False	
Q8IY34	False	
Q8IY37	True	master_direct
Q8IY47	False	
Q8IY49	False	
Q8IY50	False	
Q8IY57	False	
Q8IY63	False	
Q8IY81	True	master_direct
Q8IY82	False	
Q8IY84	False	
Q8IY92	False	
Q8IY95	False	
Q8IYA6	False	
Q8IYA8	False	
Q8IYB1	False	
Q8IYB3	True	master_direct
Q8IYB4	False	
Q8IYB5	False	
Q8IYB7	True	gene_patch
Q8IYB8	True	master_direct
Q8IYD1	False	
Q8IYD8	False	
Q8IYE0	False	
Q8IYE1	False	
Q8IYF1	False	
Q8IYF3	False	
Q8IYG6	False	
Q8IYH5	False	
Q8IYI0	False	
Q8IYI6	False	
Q8IYI8	False	
Q8IYJ0	False	
Q8IYJ1	False	
Q8IYJ2	False	
Q8IYJ3	False	
Q8IYK4	False	
Q8IYL9	False	
Q8IYM1	False	
Q8IYM2	False	
Q8IYM9	False	
Q8IYP9	False	
Q8IYR0	False	
Q8IYR2	False	
Q8IYR6	False	
Q8IYS1	False	
Q8IYS5	False	
Q8IYT2	True	master_direct
Q8IYT3	False	
Q8IYT4	False	
Q8IYT8	False	
Q8IYU2	False	
Q8IYU8	False	
Q8IYV9	False	
Q8IYW5	False	
Q8IYX1	False	
Q8IYX3	False	
Q8IYX4	True	master_direct
Q8IYX7	False	
Q8IYX8	False	
Q8IYY4	True	master_direct
Q8IZ07	False	
Q8IZ08	False	
Q8IZ20	False	
Q8IZ21	False	
Q8IZ41	False	
Q8IZ52	False	
Q8IZ69	True	master_direct
Q8IZ73	True	master_direct
Q8IZ96	False	
Q8IZA0	False	
Q8IZA3	False	
Q8IZC4	False	
Q8IZC6	False	
Q8IZC7	False	
Q8IZD2	False	
Q8IZD4	True	master_direct
Q8IZD6	False	
Q8IZD9	False	
Q8IZE3	False	
Q8IZF0	False	
Q8IZF2	False	
Q8IZF3	False	
Q8IZF4	False	
Q8IZF5	False	
Q8IZF6	False	
Q8IZF7	False	
Q8IZH2	True	master_direct
Q8IZI9	False	
Q8IZJ0	False	
Q8IZJ1	False	
Q8IZJ3	False	
Q8IZK6	False	
Q8IZL2	False	
Q8IZL8	False	
Q8IZL9	False	
Q8IZN3	False	
Q8IZP0	False	
Q8IZP1	False	
Q8IZP9	False	
Q8IZQ1	False	
Q8IZQ8	False	
Q8IZR5	False	
Q8IZS8	False	
Q8IZT6	False	
Q8IZT8	False	
Q8IZU0	False	
Q8IZU1	False	
Q8IZU3	False	
Q8IZU9	False	
Q8IZV5	False	
Q8IZW8	False	
Q8IZX4	False	
Q8IZY2	False	
Q8J025	False	
Q8N0S2	False	
Q8N0U8	False	
Q8N0V3	False	
Q8N0V5	False	
Q8N0W3	False	
Q8N0W4	False	
Q8N0X2	False	
Q8N0X4	False	
Q8N0X7	False	
Q8N0Y2	False	
Q8N0Z3	False	
Q8N0Z6	False	
Q8N100	False	
Q8N103	False	
Q8N104	False	
Q8N108	False	
Q8N114	False	
Q8N119	False	
Q8N122	False	
Q8N126	False	
Q8N128	False	
Q8N130	False	
Q8N131	False	
Q8N136	False	
Q8N137	False	
Q8N138	False	
Q8N139	False	
Q8N140	False	
Q8N142	False	
Q8N143	False	
Q8N144	False	
Q8N145	False	
Q8N149	False	
Q8N157	False	
Q8N158	False	
Q8N159	False	
Q8N163	True	master_direct
Q8N165	False	
Q8N183	False	
Q8N187	False	
Q8N196	False	
Q8N1A0	False	
Q8N1B3	False	
Q8N1B4	False	
Q8N1C3	False	
Q8N1E6	False	
Q8N1F7	False	
Q8N1F8	False	
Q8N1G0	False	
Q8N1G1	True	master_direct
Q8N1G2	True	master_direct
Q8N1H7	False	
Q8N1I0	False	
Q8N1K5	False	
Q8N1L9	False	
Q8N1M1	False	
Q8N1N2	False	
Q8N1N4	False	
Q8N1Q1	False	
Q8N1Q8	False	
Q8N1T3	False	
Q8N1V2	False	
Q8N1W1	True	master_direct
Q8N201	True	master_direct
Q8N205	False	
Q8N257	False	
Q8N264	False	
Q8N271	False	
Q8N2A8	True	master_direct
Q8N2C7	False	
Q8N2E6	False	
Q8N2F6	False	
Q8N2G4	False	
Q8N2G8	False	
Q8N2H4	False	
Q8N2H9	False	
Q8N2I9	False	
Q8N2K0	False	
Q8N2K1	False	
Q8N2M4	False	
Q8N2M8	True	master_direct
Q8N2N9	False	
Q8N2Q7	False	
Q8N2R0	False	
Q8N2S1	False	
Q8N2U9	False	
Q8N2W9	False	
Q8N2Y8	False	
Q8N2Z9	False	
Q8N300	False	
Q8N302	False	
Q8N307	False	
Q8N335	False	
Q8N339	False	
Q8N344	False	
Q8N350	False	
Q8N357	False	
Q8N370	False	
Q8N371	False	
Q8N386	False	
Q8N387	False	
Q8N392	False	
Q8N393	False	
Q8N394	False	
Q8N3A8	False	
Q8N3C0	False	
Q8N3C7	False	
Q8N3D4	False	
Q8N3E9	False	
Q8N3F0	False	
Q8N3F8	False	
Q8N3G9	False	
Q8N3I7	False	
Q8N3J2	True	master_direct
Q8N3J3	False	
Q8N3J5	False	
Q8N3J6	False	
Q8N3K9	False	
Q8N3L3	False	
Q8N3P4	False	
Q8N3R9	False	
Q8N3T1	False	
Q8N3U4	False	
Q8N3V7	False	
Q8N3Y1	False	
Q8N3Y3	False	
Q8N3Y7	False	
Q8N3Z6	True	master_direct
Q8N413	False	
Q8N414	False	
Q8N423	False	
Q8N427	False	
Q8N428	False	
Q8N441	False	
Q8N443	False	
Q8N448	False	
Q8N465	False	
Q8N474	False	
Q8N488	False	
Q8N490	False	
Q8N4A0	False	
Q8N4B1	False	
Q8N4C6	False	
Q8N4C7	False	
Q8N4C8	False	
Q8N4E7	False	
Q8N4F0	False	
Q8N4F4	False	
Q8N4G2	False	
Q8N4H5	False	
Q8N4J0	False	
Q8N4L1	False	
Q8N4L2	False	
Q8N4L8	False	
Q8N4M1	False	
Q8N4N3	False	
Q8N4N8	False	
Q8N4P3	False	
Q8N4Q1	False	
Q8N4S7	False	
Q8N4S9	False	
Q8N4T0	False	
Q8N4T8	False	
Q8N4U5	False	
Q8N4V1	False	
Q8N4W9	False	
Q8N4X5	False	
Q8N4Y2	False	
Q8N511	False	
Q8N539	False	
Q8N543	False	
Q8N554	False	
Q8N556	False	
Q8N565	False	
Q8N568	False	
Q8N573	False	
Q8N594	False	
Q8N5A5	True	master_direct
Q8N5B7	False	
Q8N5C1	False	
Q8N5C6	True	master_direct
Q8N5C8	False	
Q8N5D0	False	
Q8N5D6	False	
Q8N5F7	False	
Q8N5G0	False	
Q8N5G2	False	
Q8N5H7	False	
Q8N5I2	False	
Q8N5I4	False	
Q8N5J2	False	
Q8N5K1	False	
Q8N5M1	False	
Q8N5M9	False	
Q8N5P1	True	master_direct
Q8N5S9	False	
Q8N5U6	False	
Q8N5V2	False	
Q8N5Y2	True	master_direct
Q8N5Y8	False	
Q8N5Z0	False	
Q8N5Z5	False	
Q8N608	False	
Q8N609	False	
Q8N612	False	
Q8N635	False	
Q8N653	False	
Q8N661	False	
Q8N668	False	
Q8N680	False	
Q8N682	False	
Q8N684	True	master_direct
Q8N693	False	
Q8N695	False	
Q8N697	False	
Q8N6C5	False	
Q8N6C8	False	
Q8N6D2	False	
Q8N6F1	False	
Q8N6F7	False	
Q8N6F8	False	
Q8N6G5	False	
Q8N6G6	False	
Q8N6H7	False	
Q8N6I1	False	
Q8N6I4	False	
Q8N6K0	False	
Q8N6K7	False	
Q8N6L0	False	
Q8N6L1	False	
Q8N6M0	False	
Q8N6M3	False	
Q8N6M6	False	
Q8N6P7	False	
Q8N6Q3	False	
Q8N6R0	False	
Q8N6R1	False	
Q8N6S4	False	
Q8N6T0	False	
Q8N6T3	False	
Q8N6T7	False	
Q8N6U8	False	
Q8N6W0	True	master_direct
Q8N6Y0	False	
Q8N715	False	
Q8N720	False	
Q8N726	False	
Q8N729	False	
Q8N743	False	
Q8N752	False	
Q8N766	False	
Q8N7B6	False	
Q8N7C0	False	
Q8N7C3	False	
Q8N7E2	False	
Q8N7H5	False	
Q8N7J2	False	
Q8N7U6	False	
Q8N7U7	False	
Q8N7W2	False	
Q8N7X0	False	
Q8N7X4	False	
Q8N807	False	
Q8N841	False	
Q8N865	False	
Q8N884	False	
Q8N895	False	
Q8N8B7	False	
Q8N8E2	False	
Q8N8E3	False	
Q8N8N0	False	
Q8N8N7	False	
Q8N8Q1	False	
Q8N8Q3	True	master_direct
Q8N8Q8	False	
Q8N8R3	False	
Q8N8S7	False	
Q8N8U9	False	
Q8N8V2	False	
Q8N8V4	False	
Q8N8W4	False	
Q8N8X9	False	
Q8N8Y2	False	
Q8N907	False	
Q8N912	False	
Q8N960	False	
Q8N966	False	
Q8N983	True	master_direct
Q8N987	False	
Q8N999	False	
Q8N9A8	False	
Q8N9B5	False	
Q8N9E0	False	
Q8N9F0	False	
Q8N9F7	False	
Q8N9H9	False	
Q8N9I0	False	
Q8N9I5	False	
Q8N9I9	False	
Q8N9L9	False	
Q8N9M5	False	
Q8N9N2	True	master_direct
Q8N9N5	False	
Q8N9N8	True	master_direct
Q8N9Q2	False	
Q8N9R8	False	
Q8N9V6	False	
Q8N9W5	False	
Q8N9W6	True	master_direct
Q8NA29	False	
Q8NA31	False	
Q8NA42	False	
Q8NA54	False	
Q8NA56	False	
Q8NA58	True	gene_patch
Q8NA61	False	
Q8NA72	False	
Q8NA77	False	
Q8NA82	False	
Q8NAC3	False	
Q8NAG6	False	
Q8NAM6	False	
Q8NAN2	False	
Q8NAP3	False	
Q8NAP8	False	
Q8NAT1	False	
Q8NAU1	False	
Q8NAV1	True	master_direct
Q8NAX2	False	
Q8NB12	False	
Q8NB14	False	
Q8NB15	False	
Q8NB16	False	
Q8NB25	False	
Q8NB37	False	
Q8NB49	False	
Q8NB59	False	
Q8NB66	False	
Q8NB78	False	
Q8NB90	False	
Q8NB91	False	
Q8NBA8	False	
Q8NBB4	False	
Q8NBD8	False	
Q8NBF1	False	
Q8NBF2	False	
Q8NBI2	False	
Q8NBI5	False	
Q8NBI6	False	
Q8NBJ4	False	
Q8NBJ5	False	
Q8NBJ7	False	
Q8NBJ9	True	master_direct
Q8NBK3	False	
Q8NBL1	False	
Q8NBL3	False	
Q8NBM4	False	
Q8NBM8	False	
Q8NBN3	False	
Q8NBN7	False	
Q8NBP7	False	
Q8NBQ5	False	
Q8NBQ7	False	
Q8NBR6	False	
Q8NBS3	False	
Q8NBS9	False	
Q8NBT0	False	
Q8NBT2	False	
Q8NBU5	False	
Q8NBV8	False	
Q8NBW4	False	
Q8NBZ0	False	
Q8NBZ7	False	
Q8NC01	False	
Q8NC06	False	
Q8NC24	False	
Q8NC26	True	master_direct
Q8NC42	False	
Q8NC51	True	master_direct
Q8NC56	False	
Q8NC60	True	master_direct
Q8NC67	False	
Q8NC69	False	
Q8NCA5	False	
Q8NCB2	False	
Q8NCC3	False	
Q8NCC5	False	
Q8NCD3	False	
Q8NCE0	True	master_direct
Q8NCE2	False	
Q8NCF5	False	
Q8NCG5	False	
Q8NCG7	False	
Q8NCH0	False	
Q8NCK7	False	
Q8NCL4	False	
Q8NCM2	False	
Q8NCM8	False	
Q8NCN2	False	
Q8NCN4	False	
Q8NCP5	False	
Q8NCR0	False	
Q8NCR6	False	
Q8NCS7	False	
Q8NCT1	False	
Q8NCU1	False	
Q8NCU7	False	
Q8NCU8	False	
Q8NCW0	False	
Q8NCW5	False	
Q8NCW6	False	
Q8ND04	True	master_direct
Q8ND23	False	
Q8ND25	False	
Q8ND30	False	
Q8ND56	True	gene_patch
Q8ND76	False	
Q8ND83	False	
Q8ND90	False	
Q8NDA8	False	
Q8NDB2	False	
Q8NDC0	False	
Q8NDC4	False	
Q8NDD1	False	
Q8NDF8	True	master_direct
Q8NDG6	True	master_direct
Q8NDH3	False	
Q8NDH6	False	
Q8NDI1	False	
Q8NDL9	False	
Q8NDM7	False	
Q8NDN9	False	
Q8NDP4	False	
Q8NDQ6	False	
Q8NDT2	False	
Q8NDV1	False	
Q8NDV3	False	
Q8NDV7	True	master_direct
Q8NDW8	False	
Q8NDX1	False	
Q8NDX2	False	
Q8NDX5	False	
Q8NDZ2	False	
Q8NDZ4	False	
Q8NE01	False	
Q8NE09	False	
Q8NE31	False	
Q8NE35	True	master_direct
Q8NE62	False	
Q8NE63	False	
Q8NE71	True	master_direct
Q8NE79	False	
Q8NE86	False	
Q8NEA6	False	
Q8NEA9	False	
Q8NEB5	False	
Q8NEB9	False	
Q8NEC5	False	
Q8NEE6	False	
Q8NEG0	False	
Q8NEH6	False	
Q8NEJ0	False	
Q8NEJ9	True	master_direct
Q8NEK8	False	
Q8NEL9	False	
Q8NEM0	False	
Q8NEM7	False	
Q8NEM8	False	
Q8NEN9	False	
Q8NEP3	False	
Q8NEQ6	False	
Q8NER1	False	
Q8NER5	False	
Q8NES3	False	
Q8NET5	False	
Q8NET6	False	
Q8NET8	False	
Q8NEU8	False	
Q8NEV1	False	
Q8NEV4	False	
Q8NEV8	False	
Q8NEV9	False	
Q8NEW0	False	
Q8NEX9	False	
Q8NEY1	False	
Q8NEY4	False	
Q8NEY8	False	
Q8NEZ2	False	
Q8NEZ3	False	
Q8NEZ4	False	
Q8NEZ5	False	
Q8NF37	False	
Q8NF50	False	
Q8NF64	False	
Q8NF91	True	gene_patch
Q8NF99	False	
Q8NFA0	False	
Q8NFA2	False	
Q8NFB2	False	
Q8NFC6	False	
Q8NFD2	False	
Q8NFD5	False	
Q8NFF2	False	
Q8NFF5	False	
Q8NFG4	False	
Q8NFH3	False	
Q8NFH4	False	
Q8NFH5	False	
Q8NFH8	False	
Q8NFJ5	False	
Q8NFJ6	False	
Q8NFJ9	False	
Q8NFL0	False	
Q8NFM4	False	
Q8NFM7	False	
Q8NFN8	False	
Q8NFP4	False	
Q8NFP7	False	
Q8NFP9	False	
Q8NFQ8	False	
Q8NFR3	False	
Q8NFR9	False	
Q8NFT2	False	
Q8NFT6	False	
Q8NFT8	False	
Q8NFU0	False	
Q8NFU1	False	
Q8NFU3	False	
Q8NFU5	False	
Q8NFU7	False	
Q8NFV4	False	
Q8NFW1	False	
Q8NFW5	False	
Q8NFW8	False	
Q8NFW9	False	
Q8NFX7	False	
Q8NFY4	False	
Q8NFY9	False	
Q8NFZ0	False	
Q8NFZ3	False	
Q8NFZ4	False	
Q8NFZ5	False	
Q8NFZ8	False	
Q8NG06	False	
Q8NG08	False	
Q8NG11	False	
Q8NG27	False	
Q8NG31	False	
Q8NG50	False	
Q8NG66	False	
Q8NG98	False	
Q8NGC4	False	
Q8NGI8	False	
Q8NHC4	False	
Q8NHE4	False	
Q8NHG7	False	
Q8NHG8	False	
Q8NHH1	False	
Q8NHH9	False	
Q8NHJ6	False	
Q8NHK3	False	
Q8NHL6	False	
Q8NHM5	False	
Q8NHP1	False	
Q8NHP6	False	
Q8NHP8	False	
Q8NHQ1	False	
Q8NHQ9	True	master_direct
Q8NHS0	False	
Q8NHS1	False	
Q8NHS2	False	
Q8NHS3	False	
Q8NHS9	False	
Q8NHU2	False	
Q8NHU3	False	
Q8NHU6	True	master_direct
Q8NHV1	False	
Q8NHV4	False	
Q8NHV9	False	
Q8NHW3	False	
Q8NHW4	False	
Q8NHX9	False	
Q8NHY0	False	
Q8NHY2	False	
Q8NHY3	False	
Q8NHZ7	False	
Q8NHZ8	False	
Q8NI08	False	
Q8NI17	False	
Q8NI22	False	
Q8NI27	True	master_direct
Q8NI35	False	
Q8NI36	True	master_direct
Q8NI37	False	
Q8NI38	False	
Q8NI51	False	
Q8NI60	False	
Q8NI77	False	
Q8TA86	True	master_direct
Q8TAA9	False	
Q8TAB3	False	
Q8TAB5	False	
Q8TAC2	False	
Q8TAC9	False	
Q8TAD2	False	
Q8TAD4	False	
Q8TAD8	True	master_direct
Q8TAE7	False	
Q8TAE8	False	
Q8TAF3	False	
Q8TAF8	False	
Q8TAG5	False	
Q8TAG9	False	
Q8TAI7	False	
Q8TAK5	False	
Q8TAK6	False	
Q8TAM1	False	
Q8TAM2	False	
Q8TAM6	False	
Q8TAP4	False	
Q8TAP6	False	
Q8TAP8	False	
Q8TAP9	False	
Q8TAQ2	False	
Q8TAS1	True	master_direct
Q8TAT2	False	
Q8TAT5	False	
Q8TAT6	False	
Q8TAU3	False	
Q8TAV3	False	
Q8TAX0	False	
Q8TAX7	False	
Q8TAX9	False	
Q8TAY7	False	
Q8TAZ6	False	
Q8TB24	False	
Q8TB36	False	
Q8TB37	False	
Q8TB40	False	
Q8TB45	False	
Q8TB61	False	
Q8TB68	False	
Q8TB72	True	master_direct
Q8TB73	False	
Q8TB92	False	
Q8TBA6	False	
Q8TBB0	False	
Q8TBB1	False	
Q8TBB6	False	
Q8TBC3	False	
Q8TBC4	False	
Q8TBC5	False	
Q8TBE0	False	
Q8TBE1	False	
Q8TBE3	False	
Q8TBE7	False	
Q8TBE9	False	
Q8TBF2	False	
Q8TBG4	False	
Q8TBG9	False	
Q8TBJ4	False	
Q8TBK2	False	
Q8TBK6	False	
Q8TBM7	False	
Q8TBM8	False	
Q8TBN0	False	
Q8TBP5	False	
Q8TBX8	False	
Q8TBY0	True	master_direct
Q8TBY8	False	
Q8TBY9	False	
Q8TBZ2	False	
Q8TBZ3	False	
Q8TBZ6	True	master_direct
Q8TBZ8	True	master_direct
Q8TC05	False	
Q8TC07	False	
Q8TC12	False	
Q8TC20	False	
Q8TC26	False	
Q8TC27	False	
Q8TC29	False	
Q8TC36	False	
Q8TC41	False	
Q8TC44	False	
Q8TC57	False	
Q8TC59	True	master_direct
Q8TC71	False	
Q8TC76	False	
Q8TC84	False	
Q8TC92	True	master_direct
Q8TC94	False	
Q8TCB7	True	master_direct
Q8TCC7	False	
Q8TCD1	False	
Q8TCD5	False	
Q8TCE6	False	
Q8TCE9	False	
Q8TCF1	False	
Q8TCG1	False	
Q8TCG2	False	
Q8TCG5	False	
Q8TCI5	False	
Q8TCJ0	False	
Q8TCJ2	False	
Q8TCQ1	False	
Q8TCS8	True	master_direct
Q8TCT0	False	
Q8TCT1	False	
Q8TCT6	False	
Q8TCT7	False	
Q8TCT8	False	
Q8TCT9	False	
Q8TCU3	False	
Q8TCU4	False	
Q8TCU5	False	
Q8TCU6	False	
Q8TCX1	False	
Q8TCX5	False	
Q8TCY5	False	
Q8TCY9	False	
Q8TCZ2	False	
Q8TD06	False	
Q8TD07	False	
Q8TD08	False	
Q8TD10	False	
Q8TD16	False	
Q8TD17	False	
Q8TD19	False	
Q8TD20	False	
Q8TD22	False	
Q8TD23	False	
Q8TD26	True	master_direct
Q8TD30	False	
Q8TD31	False	
Q8TD43	False	
Q8TD46	False	
Q8TD57	False	
Q8TD84	False	
Q8TD91	False	
Q8TDB4	False	
Q8TDB6	False	
Q8TDB8	False	
Q8TDC0	False	
Q8TDC3	False	
Q8TDD1	True	master_direct
Q8TDD2	False	
Q8TDD5	False	
Q8TDE3	True	master_direct
Q8TDF5	False	
Q8TDF6	False	
Q8TDG2	False	
Q8TDG4	True	master_direct
Q8TDH9	False	
Q8TDI0	True	master_direct
Q8TDI7	False	
Q8TDI8	False	
Q8TDJ6	False	
Q8TDL5	False	
Q8TDM5	False	
Q8TDM6	False	
Q8TDN1	False	
Q8TDN2	False	
Q8TDN4	False	
Q8TDN7	False	
Q8TDP1	True	gene_patch
Q8TDQ0	False	
Q8TDQ1	False	
Q8TDQ7	False	
Q8TDR0	False	
Q8TDR2	False	
Q8TDR4	False	
Q8TDS4	False	
Q8TDS5	False	
Q8TDS7	False	
Q8TDT2	False	
Q8TDU6	False	
Q8TDV0	False	
Q8TDW0	False	
Q8TDW5	False	
Q8TDW7	False	
Q8TDX5	False	
Q8TDX6	False	
Q8TDX7	False	
Q8TDX9	False	
Q8TDY2	False	
Q8TDY4	False	
Q8TDZ2	False	
Q8TE02	False	
Q8TE04	False	
Q8TE12	False	
Q8TE23	False	
Q8TE49	False	
Q8TE54	False	
Q8TE56	False	
Q8TE57	False	
Q8TE58	False	
Q8TE59	False	
Q8TE60	False	
Q8TE67	False	
Q8TE68	False	
Q8TE73	False	
Q8TE76	False	
Q8TE77	False	
Q8TE85	False	
Q8TE99	False	
Q8TEA1	True	master_direct
Q8TEA7	False	
Q8TEA8	False	
Q8TEB1	False	
Q8TEB7	False	
Q8TEB9	False	
Q8TEC5	False	
Q8TED0	True	gene_patch
Q8TED1	False	
Q8TED4	False	
Q8TED9	False	
Q8TEH3	False	
Q8TEJ3	False	
Q8TEK3	False	
Q8TEL6	False	
Q8TEM1	False	
Q8TEP8	False	
Q8TEQ6	True	master_direct
Q8TEQ8	False	
Q8TER0	False	
Q8TER5	False	
Q8TES7	False	
Q8TEU7	False	
Q8TEU8	False	
Q8TEV9	False	
Q8TEW0	False	
Q8TEW6	False	
Q8TEW8	False	
Q8TEX9	True	master_direct
Q8TEY5	False	
Q8TEY7	False	
Q8TEZ7	False	
Q8TF01	False	
Q8TF05	False	
Q8TF09	False	
Q8TF17	False	
Q8TF30	False	
Q8TF40	False	
Q8TF42	True	master_direct
Q8TF46	True	master_direct
Q8TF47	False	
Q8TF50	False	
Q8TF62	False	
Q8TF63	False	
Q8TF65	False	
Q8TF66	False	
Q8TF71	False	
Q8TF72	False	
Q8TF74	False	
Q8TF76	False	
Q8WTP8	True	gene_patch
Q8WTQ1	False	
Q8WTQ7	False	
Q8WTR2	False	
Q8WTR4	False	
Q8WTR7	True	master_direct
Q8WTS1	False	
Q8WTS6	True	master_direct
Q8WTT0	False	
Q8WTT2	False	
Q8WTU0	False	
Q8WTV0	False	
Q8WTV1	False	
Q8WTW3	False	
Q8WTW4	False	
Q8WTX7	False	
Q8WTX9	False	
Q8WU03	False	
Q8WU08	False	
Q8WU10	False	
Q8WU17	False	
Q8WU20	False	
Q8WU39	False	
Q8WU58	False	
Q8WU66	False	
Q8WU67	False	
Q8WU68	True	master_direct
Q8WU79	False	
Q8WU90	True	master_direct
Q8WUA4	False	
Q8WUA7	False	
Q8WUA8	False	
Q8WUB8	False	
Q8WUD1	False	
Q8WUD6	False	
Q8WUE5	False	
Q8WUF5	False	
Q8WUF8	False	
Q8WUG5	False	
Q8WUH2	False	
Q8WUI4	False	
Q8WUJ0	False	
Q8WUJ3	False	
Q8WUK0	False	
Q8WUM0	False	
Q8WUM4	False	
Q8WUM9	False	
Q8WUP2	False	
Q8WUQ7	True	master_direct
Q8WUU4	False	
Q8WUU5	False	
Q8WUU8	False	
Q8WUW1	False	
Q8WUX1	False	
Q8WUX9	False	
Q8WUY3	False	
Q8WV16	False	
Q8WV19	False	
Q8WV22	False	
Q8WV24	False	
Q8WV28	False	
Q8WV41	False	
Q8WV44	False	
Q8WV74	False	
Q8WV92	False	
Q8WV93	False	
Q8WV99	False	
Q8WVB3	False	
Q8WVB6	False	
Q8WVC0	False	
Q8WVD3	False	
Q8WVD5	False	
Q8WVE7	False	
Q8WVF1	False	
Q8WVJ2	False	
Q8WVJ9	False	
Q8WVK7	False	
Q8WVM0	True	master_direct
Q8WVM7	False	
Q8WVM8	False	
Q8WVN6	False	
Q8WVN8	False	
Q8WVP5	False	
Q8WVP7	False	
Q8WVQ1	False	
Q8WVR3	False	
Q8WVS4	False	
Q8WVT3	False	
Q8WVV4	False	
Q8WVV5	False	
Q8WVV9	True	master_direct
Q8WVX3	False	
Q8WVX9	False	
Q8WVY7	False	
Q8WVZ1	False	
Q8WVZ7	False	
Q8WVZ9	False	
Q8WW01	True	master_direct
Q8WW12	False	
Q8WW22	False	
Q8WW24	False	
Q8WW34	False	
Q8WW35	False	
Q8WW38	False	
Q8WW43	False	
Q8WWA0	False	
Q8WWB3	False	
Q8WWB5	False	
Q8WWB7	False	
Q8WWC4	False	
Q8WWF3	False	
Q8WWF5	False	
Q8WWG9	False	
Q8WWH4	False	
Q8WWH5	True	master_direct
Q8WWI1	False	
Q8WWI5	False	
Q8WWK9	False	
Q8WWL2	False	
Q8WWL7	False	
Q8WWM7	True	master_direct
Q8WWM9	False	
Q8WWN8	False	
Q8WWN9	False	
Q8WWP7	False	
Q8WWQ0	False	
Q8WWQ2	False	
Q8WWQ8	False	
Q8WWR8	False	
Q8WWT9	False	
Q8WWU5	False	
Q8WWV3	False	
Q8WWV6	False	
Q8WWW0	False	
Q8WWW8	False	
Q8WWX8	False	
Q8WWX9	False	
Q8WWY3	True	master_direct
Q8WWY6	False	
Q8WWY8	False	
Q8WWZ1	False	
Q8WWZ3	False	
Q8WWZ4	False	
Q8WWZ7	False	
Q8WWZ8	False	
Q8WX92	False	
Q8WX93	False	
Q8WX94	False	
Q8WXA3	False	
Q8WXA8	False	
Q8WXA9	True	master_direct
Q8WXB1	False	
Q8WXC3	False	
Q8WXC6	False	
Q8WXD0	False	
Q8WXD2	False	
Q8WXD5	True	gene_patch
Q8WXE1	False	
Q8WXE9	False	
Q8WXF0	True	master_direct
Q8WXF1	True	master_direct
Q8WXF3	False	
Q8WXF7	False	
Q8WXF8	False	
Q8WXG1	False	
Q8WXG6	False	
Q8WXG8	False	
Q8WXG9	False	
Q8WXH0	False	
Q8WXH2	False	
Q8WXH4	False	
Q8WXH5	False	
Q8WXH6	False	
Q8WXI2	False	
Q8WXI3	False	
Q8WXI4	False	
Q8WXI7	False	
Q8WXI8	False	
Q8WXI9	False	
Q8WXK1	False	
Q8WXK3	False	
Q8WXK4	False	
Q8WXR4	False	
Q8WXS3	False	
Q8WXS5	False	
Q8WXS8	False	
Q8WXU2	False	
Q8WXW3	False	
Q8WXX0	False	
Q8WXX5	False	
Q8WXX7	False	
Q8WY07	False	
Q8WY21	False	
Q8WY36	False	
Q8WY41	True	gene_patch
Q8WY54	False	
Q8WY64	False	
Q8WY91	False	
Q8WY98	False	
Q8WYA0	False	
Q8WYA1	False	
Q8WYA6	False	
Q8WYB5	False	
Q8WYH8	False	
Q8WYJ6	False	
Q8WYK0	False	
Q8WYK2	False	
Q8WYL5	False	
Q8WYN0	False	
Q8WYP3	False	
Q8WYP5	False	
Q8WYQ3	False	
Q8WYQ5	True	master_direct
Q8WYR1	False	
Q8WYR4	False	
Q8WZ04	False	
Q8WZ19	False	
Q8WZ42	False	
Q8WZ55	False	
Q8WZ59	False	
Q8WZ60	False	
Q8WZ73	False	
Q8WZ74	False	
Q8WZ75	False	
Q8WZ82	False	
Q8WZA1	False	
Q8WZA2	False	
Q8WZA9	False	
Q92185	False	
Q92186	False	
Q92187	False	
Q92466	False	
Q92478	False	
Q92481	False	
Q92482	False	
Q92484	False	
Q92485	False	
Q92496	False	
Q92499	True	master_direct
Q92502	False	
Q92503	False	
Q92504	False	
Q92506	False	
Q92508	False	
Q92519	False	
Q92520	False	
Q92521	False	
Q92522	False	
Q92523	False	
Q92526	False	
Q92529	False	
Q92530	False	
Q92535	False	
Q92536	False	
Q92537	False	
Q92538	False	
Q92539	False	
Q92540	True	master_direct
Q92541	True	gene_patch
Q92542	False	
Q92543	False	
Q92544	False	
Q92545	False	
Q92546	False	
Q92547	False	
Q92551	False	
Q92552	True	gene_patch
Q92556	False	
Q92558	False	
Q92560	False	
Q92561	False	
Q92562	False	
Q92563	False	
Q92564	False	
Q92565	False	
Q92567	False	
Q92569	False	
Q92570	False	
Q92572	False	
Q92574	False	
Q92575	False	
Q92581	False	
Q92583	False	
Q92585	False	
Q92597	False	
Q92598	False	
Q92599	False	
Q92600	True	master_direct
Q92604	False	
Q92608	False	
Q92609	False	
Q92611	False	
Q92613	False	
Q92614	False	
Q92615	True	master_direct
Q92616	False	
Q92618	False	
Q92619	False	
Q92620	True	master_direct
Q92621	False	
Q92622	False	
Q92624	False	
Q92625	False	
Q92626	False	
Q92629	False	
Q92630	False	
Q92633	False	
Q92636	False	
Q92637	False	
Q92643	False	
Q92667	True	master_direct
Q92673	False	
Q92674	False	
Q92681	False	
Q92685	False	
Q92686	False	
Q92688	False	
Q92692	False	
Q92696	False	
Q92698	False	
Q92729	False	
Q92730	False	
Q92731	False	
Q92733	False	
Q92734	False	
Q92736	False	
Q92737	False	
Q92738	False	
Q92743	False	
Q92747	False	
Q92748	False	
Q92750	False	
Q92752	False	
Q92753	False	
Q92754	False	
Q92759	True	master_direct
Q92764	False	
Q92765	False	
Q92766	False	
Q92769	False	
Q92772	False	
Q92777	False	
Q92781	False	
Q92782	False	
Q92783	False	
Q92784	False	
Q92785	False	
Q92786	False	
Q92791	False	
Q92793	False	
Q92794	False	
Q92796	False	
Q92797	True	master_direct
Q92800	False	
Q92802	False	
Q92804	False	
Q92805	True	gene_patch
Q92806	False	
Q92813	False	
Q92817	False	
Q92819	False	
Q92820	False	
Q92823	False	
Q92824	False	
Q92826	False	
Q92830	False	
Q92831	False	
Q92832	False	
Q92833	False	
Q92834	False	
Q92835	False	
Q92837	False	
Q92838	False	
Q92839	False	
Q92841	True	gene_patch
Q92843	False	
Q92844	False	
Q92845	False	
Q92847	False	
Q92851	False	
Q92854	False	
Q92858	False	
Q92859	False	
Q92870	False	
Q92871	False	
Q92874	False	
Q92876	False	
Q92878	False	
Q92879	True	master_direct
Q92882	False	
Q92886	False	
Q92887	False	
Q92888	False	
Q92889	False	
Q92890	False	
Q92896	False	
Q92900	True	master_direct
Q92901	True	master_direct
Q92902	False	
Q92903	False	
Q92904	True	master_direct
Q92905	False	
Q92908	False	
Q92911	False	
Q92913	False	
Q92915	False	
Q92917	False	
Q92918	False	
Q92922	False	
Q92925	False	
Q92928	False	
Q92930	False	
Q92932	False	
Q92934	False	
Q92935	False	
Q92945	True	master_direct
Q92947	False	
Q92949	False	
Q92952	False	
Q92953	False	
Q92954	False	
Q92956	False	
Q92959	False	
Q92963	False	
Q92966	False	
Q92968	False	
Q92973	True	master_direct
Q92974	False	
Q92979	True	master_direct
Q92982	False	
Q92985	False	
Q92988	False	
Q92989	True	master_direct
Q92990	False	
Q92993	False	
Q92994	False	
Q92995	False	
Q92997	False	
Q93008	False	
Q93009	False	
Q93015	False	
Q93033	False	
Q93034	False	
Q93038	False	
Q93045	False	
Q93050	False	
Q93052	False	
Q93062	True	master_direct
Q93063	False	
Q93070	False	
Q93074	False	
Q93077	False	
Q93079	False	
Q93084	False	
Q93086	False	
Q93088	False	
Q93091	True	master_direct
Q93096	False	
Q93097	False	
Q93098	False	
Q93099	False	
Q93100	True	gene_patch
Q95460	False	
Q969D9	False	
Q969E2	False	
Q969E3	False	
Q969E8	True	master_direct
Q969F0	False	
Q969F1	False	
Q969F2	False	
Q969F8	False	
Q969F9	False	
Q969G2	False	
Q969G3	False	
Q969G5	False	
Q969G6	False	
Q969G9	False	
Q969H0	False	
Q969H4	False	
Q969H6	True	master_direct
Q969H8	False	
Q969I6	False	
Q969J2	False	
Q969J3	False	
Q969J5	False	
Q969K3	False	
Q969K4	False	
Q969K7	False	
Q969L2	False	
Q969L4	True	master_direct
Q969M3	False	
Q969M7	False	
Q969N2	False	
Q969N4	False	
Q969P0	False	
Q969P5	False	
Q969P6	False	
Q969Q1	False	
Q969Q5	False	
Q969Q6	False	
Q969R2	False	
Q969R5	False	
Q969R8	False	
Q969S0	False	
Q969S2	False	
Q969S3	True	master_direct
Q969S6	False	
Q969S8	False	
Q969S9	True	master_direct
Q969T4	False	
Q969T7	False	
Q969T9	False	
Q969U6	False	
Q969U7	False	
Q969V1	False	
Q969V3	False	
Q969V4	False	
Q969V5	False	
Q969V6	False	
Q969W0	False	
Q969W1	False	
Q969W9	False	
Q969X0	False	
Q969X1	False	
Q969X2	False	
Q969X5	False	
Q969X6	False	
Q969Y2	True	master_direct
Q969Z0	True	master_direct
Q969Z3	False	
Q969Z4	False	
Q96A08	False	
Q96A09	False	
Q96A11	False	
Q96A25	False	
Q96A26	False	
Q96A29	False	
Q96A32	False	
Q96A33	False	
Q96A37	False	
Q96A44	False	
Q96A49	False	
Q96A54	False	
Q96A56	False	
Q96A57	False	
Q96A58	False	
Q96A59	False	
Q96A61	False	
Q96A65	False	
Q96A70	False	
Q96A72	False	
Q96A83	False	
Q96AA3	False	
Q96AA8	False	
Q96AB6	False	
Q96AC1	False	
Q96AD5	False	
Q96AE4	True	master_direct
Q96AE7	False	
Q96AG3	False	
Q96AG4	False	
Q96AH0	False	
Q96AH8	False	
Q96AJ1	False	
Q96AJ9	False	
Q96AK3	True	master_direct
Q96AN5	False	
Q96AP0	False	
Q96AP4	False	
Q96AP7	False	
Q96AQ6	False	
Q96AQ7	False	
Q96AQ8	False	
Q96AT9	False	
Q96AV8	False	
Q96AW1	False	
Q96AX1	False	
Q96AX2	False	
Q96AX9	False	
Q96AY2	False	
Q96AY3	False	
Q96AY4	False	
Q96AZ1	False	
Q96AZ6	True	master_direct
Q96B01	False	
Q96B02	False	
Q96B18	False	
Q96B21	False	
Q96B23	False	
Q96B26	True	master_direct
Q96B36	False	
Q96B42	False	
Q96B49	False	
Q96B67	False	
Q96B77	False	
Q96B86	False	
Q96B96	False	
Q96B97	False	
Q96BA8	False	
Q96BD0	False	
Q96BD5	False	
Q96BD6	False	
Q96BD8	False	
Q96BF3	False	
Q96BF6	False	
Q96BH1	False	
Q96BI1	False	
Q96BI3	False	
Q96BJ3	False	
Q96BK5	True	master_direct
Q96BM1	False	
Q96BM9	False	
Q96BN2	False	
Q96BN8	False	
Q96BP2	False	
Q96BP3	True	master_direct
Q96BR1	False	
Q96BR5	False	
Q96BR6	False	
Q96BR9	False	
Q96BS2	False	
Q96BT3	False	
Q96BT7	True	master_direct
Q96BV0	False	
Q96BW1	False	
Q96BW5	False	
Q96BW9	False	
Q96BY2	False	
Q96BY6	False	
Q96BY7	False	
Q96BY9	False	
Q96BZ4	False	
Q96BZ8	False	
Q96BZ9	False	
Q96C00	False	
Q96C01	False	
Q96C03	False	
Q96C10	False	
Q96C11	False	
Q96C12	False	
Q96C19	False	
Q96C23	False	
Q96C24	False	
Q96C28	False	
Q96C36	False	
Q96C45	False	
Q96C55	False	
Q96C74	False	
Q96C86	True	master_direct
Q96C92	False	
Q96CA5	False	
Q96CB8	True	master_direct
Q96CB9	True	master_direct
Q96CC6	False	
Q96CD2	False	
Q96CE8	False	
Q96CF2	False	
Q96CG3	False	
Q96CJ1	False	
Q96CK0	False	
Q96CM3	True	master_direct
Q96CM4	False	
Q96CM8	False	
Q96CN4	True	gene_patch
Q96CN5	False	
Q96CN9	False	
Q96CP6	False	
Q96CP7	False	
Q96CQ1	False	
Q96CS2	False	
Q96CS3	False	
Q96CS7	False	
Q96CT7	False	
Q96CU9	False	
Q96CV9	False	
Q96CW1	False	
Q96CW5	False	
Q96CW9	False	
Q96CX3	False	
Q96D03	False	
Q96D05	False	
Q96D09	False	
Q96D15	False	
Q96D21	False	
Q96D31	False	
Q96D42	False	
Q96D46	True	gene_patch
Q96D53	False	
Q96D59	False	
Q96D71	False	
Q96D96	False	
Q96D98	False	
Q96DA0	False	
Q96DA2	False	
Q96DA6	False	
Q96DB2	False	
Q96DB5	False	
Q96DB9	False	
Q96DC9	False	
Q96DE0	True	master_direct
Q96DE5	False	
Q96DF8	True	master_direct
Q96DG6	False	
Q96DH6	True	master_direct
Q96DI7	True	master_direct
Q96DM3	False	
Q96DN0	False	
Q96DN2	False	
Q96DN5	False	
Q96DN6	False	
Q96DP5	True	master_direct
Q96DR4	False	
Q96DR5	False	
Q96DR7	False	
Q96DR8	False	
Q96DT5	False	
Q96DT6	False	
Q96DT7	False	
Q96DU3	False	
Q96DU7	False	
Q96DV4	True	master_direct
Q96DW6	False	
Q96DX5	False	
Q96DX7	False	
Q96DX8	False	
Q96DZ1	False	
Q96DZ5	False	
Q96DZ7	False	
Q96DZ9	False	
Q96E09	False	
Q96E11	True	gene_patch
Q96E14	False	
Q96E17	False	
Q96E22	False	
Q96E29	False	
Q96E35	False	
Q96E40	False	
Q96E52	False	
Q96E93	False	
Q96EA4	False	
Q96EB1	False	
Q96EB6	False	
Q96EC8	False	
Q96ED9	False	
Q96EE3	False	
Q96EF0	False	
Q96EF6	True	master_direct
Q96EG1	False	
Q96EG3	True	master_direct
Q96EH3	False	
Q96EH8	True	master_direct
Q96EK4	False	
Q96EK5	False	
Q96EK6	False	
Q96EK7	True	master_direct
Q96EL1	False	
Q96EL3	True	master_direct
Q96EM0	False	
Q96EN8	False	
Q96EP0	False	
Q96EP1	False	
Q96EP5	True	master_direct
Q96EP9	False	
Q96EQ0	False	
Q96EQ8	False	
Q96ER9	False	
Q96ES7	False	
Q96EU6	True	master_direct
Q96EU7	False	
Q96EV2	True	master_direct
Q96EV8	False	
Q96EW2	False	
Q96EX2	False	
Q96EX3	False	
Q96EY1	False	
Q96EY4	False	
Q96EY5	False	
Q96EY7	True	master_direct
Q96EY8	False	
Q96EY9	True	master_direct
Q96EZ8	False	
Q96F07	False	
Q96F10	False	
Q96F15	False	
Q96F24	False	
Q96F25	False	
Q96F44	False	
Q96F45	False	
Q96F46	False	
Q96F81	False	
Q96F85	False	
Q96F86	True	master_direct
Q96FA3	False	
Q96FC9	True	master_direct
Q96FE5	False	
Q96FE7	False	
Q96FF9	False	
Q96FG2	False	
Q96FH0	False	
Q96FI4	False	
Q96FJ0	False	
Q96FJ2	False	
Q96FL8	False	
Q96FL9	False	
Q96FM1	False	
Q96FN4	False	
Q96FN5	False	
Q96FQ6	False	
Q96FS4	False	
Q96FT7	False	
Q96FT9	False	
Q96FV3	False	
Q96FV9	True	master_direct
Q96FW1	False	
Q96FX2	False	
Q96FX7	True	master_direct
Q96FX8	False	
Q96FZ2	False	
Q96FZ5	False	
Q96FZ7	False	
Q96G01	False	
Q96G03	False	
Q96G04	False	
Q96G21	True	gene_patch
Q96G23	False	
Q96G25	False	
Q96G28	False	
Q96G30	False	
Q96G42	False	
Q96G46	True	master_direct
Q96G61	False	
Q96G74	False	
Q96G75	False	
Q96G79	False	
Q96G91	False	
Q96G97	False	
Q96GA3	False	
Q96GA7	False	
Q96GC6	False	
Q96GC9	False	
Q96GD0	False	
Q96GD3	False	
Q96GD4	False	
Q96GE4	False	
Q96GE6	False	
Q96GF1	False	
Q96GG9	False	
Q96GJ1	True	master_direct
Q96GL9	False	
Q96GM1	False	
Q96GM5	False	
Q96GM8	True	master_direct
Q96GN5	False	
Q96GP6	False	
Q96GQ5	False	
Q96GQ7	False	
Q96GR2	False	
Q96GR4	False	
Q96GS4	False	
Q96GS6	False	
Q96GV9	False	
Q96GW7	False	
Q96GW9	True	master_direct
Q96GX1	False	
Q96GX5	False	
Q96GX9	False	
Q96GY3	False	
Q96GZ6	False	
Q96H15	False	
Q96H20	False	
Q96H22	False	
Q96H55	False	
Q96H72	False	
Q96H86	True	master_direct
Q96H96	False	
Q96HA1	False	
Q96HA7	False	
Q96HA8	False	
Q96HA9	False	
Q96HB5	False	
Q96HC4	False	
Q96HD1	False	
Q96HD9	False	
Q96HE7	False	
Q96HE8	False	
Q96HF1	False	
Q96HH6	False	
Q96HH9	False	
Q96HI0	False	
Q96HJ3	False	
Q96HJ5	False	
Q96HN2	False	
Q96HP0	False	
Q96HP8	False	
Q96HR3	False	
Q96HR8	True	master_direct
Q96HR9	False	
Q96HS1	False	
Q96HT8	False	
Q96HU1	False	
Q96HU8	False	
Q96HW7	True	master_direct
Q96HY6	False	
Q96HY7	False	
Q96HZ4	False	
Q96I13	False	
Q96I15	False	
Q96I23	False	
Q96I24	True	master_direct
Q96I25	True	master_direct
Q96I27	True	master_direct
Q96I34	False	
Q96I36	False	
Q96I51	False	
Q96I59	True	gene_patch
Q96I76	False	
Q96I99	False	
Q96IF1	False	
Q96II8	False	
Q96IJ6	False	
Q96IK1	False	
Q96IK5	False	
Q96IL0	False	
Q96IP4	True	master_direct
Q96IQ9	False	
Q96IR7	False	
Q96IS3	False	
Q96IT1	False	
Q96IU2	False	
Q96IU4	False	
Q96IV0	False	
Q96IV6	False	
Q96IW7	False	
Q96IX5	False	
Q96IY1	False	
Q96IY4	False	
Q96IZ0	False	
Q96IZ2	False	
Q96IZ5	True	master_direct
Q96IZ6	True	master_direct
Q96IZ7	True	master_direct
Q96J01	True	master_direct
Q96J02	False	
Q96J42	False	
Q96J65	False	
Q96J66	False	
Q96J84	False	
Q96J87	True	master_direct
Q96J92	False	
Q96J94	True	master_direct
Q96JA1	False	
Q96JA3	False	
Q96JB1	False	
Q96JB2	False	
Q96JB3	False	
Q96JB5	False	
Q96JB6	False	
Q96JB8	False	
Q96JC1	False	
Q96JC9	False	
Q96JD6	False	
Q96JE7	False	
Q96JE9	False	
Q96JF0	False	
Q96JG6	False	
Q96JG8	False	
Q96JG9	False	
Q96JH7	False	
Q96JH8	False	
Q96JI7	False	
Q96JJ3	False	
Q96JJ6	False	
Q96JJ7	False	
Q96JK2	False	
Q96JK9	False	
Q96JL9	False	
Q96JM2	False	
Q96JM3	False	
Q96JM7	True	master_direct
Q96JN0	False	
Q96JN2	False	
Q96JN8	False	
Q96JP0	False	
Q96JP2	False	
Q96JP5	False	
Q96JP9	False	
Q96JQ0	False	
Q96JQ5	False	
Q96JS3	False	
Q96JW4	False	
Q96JX3	False	
Q96JY0	True	master_direct
Q96JY6	False	
Q96JZ2	False	
Q96K12	False	
Q96K19	False	
Q96K21	False	
Q96K30	False	
Q96K58	True	master_direct
Q96K76	False	
Q96K78	False	
Q96K80	True	master_direct
Q96K83	False	
Q96KA5	False	
Q96KB5	False	
Q96KC8	False	
Q96KG7	False	
Q96KG9	False	
Q96KJ9	False	
Q96KK3	False	
Q96KK4	False	
Q96KK5	False	
Q96KM6	False	
Q96KN2	False	
Q96KN3	False	
Q96KN4	False	
Q96KN7	False	
Q96KN8	False	
Q96KN9	False	
Q96KP1	False	
Q96KP4	False	
Q96KP6	False	
Q96KQ4	False	
Q96KQ7	False	
Q96KR6	False	
Q96KR7	False	
Q96KS0	False	
Q96KV7	False	
Q96L08	False	
Q96L12	True	master_direct
Q96L21	True	master_direct
Q96L33	False	
Q96L34	False	
Q96L42	False	
Q96L46	False	
Q96L50	False	
Q96L58	False	
Q96L73	False	
Q96L91	True	master_direct
Q96L92	False	
Q96L93	False	
Q96L96	False	
Q96LA5	False	
Q96LA6	False	
Q96LA8	False	
Q96LA9	False	
Q96LB1	False	
Q96LB2	False	
Q96LB3	False	
Q96LB4	True	master_direct
Q96LB8	False	
Q96LB9	False	
Q96LC7	False	
Q96LC9	False	
Q96LD1	False	
Q96LD4	False	
Q96LD8	False	
Q96LI5	True	gene_patch
Q96LI6	False	
Q96LJ7	False	
Q96LJ8	False	
Q96LK0	False	
Q96LL4	False	
Q96LL9	False	
Q96LM5	False	
Q96LM6	False	
Q96LR2	False	
Q96LR5	False	
Q96LR9	False	
Q96LT4	False	
Q96LT7	False	
Q96LT9	True	master_direct
Q96LW4	False	
Q96LW7	False	
Q96LX7	False	
Q96LX8	False	
Q96LZ3	False	
Q96LZ7	False	
Q96M02	False	
Q96M11	False	
Q96M27	False	
Q96M29	False	
Q96M32	False	
Q96M61	False	
Q96M63	False	
Q96M86	False	
Q96M91	False	
Q96M94	False	
Q96M96	False	
Q96M98	False	
Q96MA6	False	
Q96MC2	False	
Q96MD2	False	
Q96MF2	False	
Q96MF7	False	
Q96MG2	False	
Q96MG7	False	
Q96MG8	False	
Q96MH2	True	master_direct
Q96MH6	False	
Q96MI9	False	
Q96MK3	False	
Q96MM3	False	
Q96MM7	False	
Q96MN2	False	
Q96MN9	False	
Q96MP8	False	
Q96MR6	False	
Q96MS0	False	
Q96MT3	True	master_direct
Q96MT7	False	
Q96MT8	False	
Q96MU7	True	master_direct
Q96MU8	False	
Q96MV1	False	
Q96MV8	False	
Q96MW5	False	
Q96MX0	False	
Q96MX3	True	master_direct
Q96MY7	False	
Q96N11	False	
Q96N16	True	master_direct
Q96N19	False	
Q96N21	False	
Q96N23	False	
Q96N58	False	
Q96N64	False	
Q96N66	False	
Q96N67	False	
Q96N76	False	
Q96N77	True	master_direct
Q96N87	False	
Q96N95	False	
Q96N96	False	
Q96NA2	False	
Q96NB1	False	
Q96NB2	False	
Q96NB3	False	
Q96NC0	True	master_direct
Q96NE9	False	
Q96NG3	False	
Q96NG5	False	
Q96NH3	False	
Q96NI6	False	
Q96NL3	False	
Q96NL6	False	
Q96NL8	False	
Q96NM4	False	
Q96NN9	False	
Q96NR3	False	
Q96NR8	False	
Q96NT0	False	
Q96NT3	False	
Q96NT5	False	
Q96NU1	False	
Q96NU7	False	
Q96NW4	False	
Q96NW7	False	
Q96NX5	False	
Q96NY7	False	
Q96NY8	False	
Q96NY9	False	
Q96NZ1	False	
Q96NZ8	False	
Q96NZ9	False	
Q96P09	False	
Q96P11	True	master_direct
Q96P15	False	
Q96P16	False	
Q96P20	False	
Q96P26	False	
Q96P31	False	
Q96P44	False	
Q96P47	False	
Q96P48	False	
Q96P53	False	
Q96P56	False	
Q96P63	False	
Q96P65	False	
Q96P66	False	
Q96P68	False	
Q96P70	True	master_direct
Q96P71	False	
Q96PB1	False	
Q96PB7	False	
Q96PC2	False	
Q96PC3	False	
Q96PC5	False	
Q96PD2	False	
Q96PD4	False	
Q96PD5	False	
Q96PD6	False	
Q96PD7	False	
Q96PE1	False	
Q96PE2	False	
Q96PE3	False	
Q96PE7	False	
Q96PF1	False	
Q96PF2	False	
Q96PG8	False	
Q96PH1	False	
Q96PH6	False	
Q96PJ5	False	
Q96PK6	True	master_direct
Q96PL5	False	
Q96PM5	False	
Q96PM9	True	gene_patch
Q96PN6	False	
Q96PN7	False	
Q96PN8	False	
Q96PP8	False	
Q96PP9	False	
Q96PQ0	False	
Q96PQ1	False	
Q96PQ6	False	
Q96PQ7	False	
Q96PR1	False	
Q96PS8	False	
Q96PU4	False	
Q96PU5	False	
Q96PU8	True	master_direct
Q96PV0	False	
Q96PV4	False	
Q96PV6	False	
Q96PV7	False	
Q96PX1	False	
Q96PX8	False	
Q96PX9	False	
Q96PY5	False	
Q96PY6	False	
Q96PZ0	True	master_direct
Q96PZ2	False	
Q96PZ7	False	
Q96Q04	False	
Q96Q05	False	
Q96Q06	False	
Q96Q11	True	master_direct
Q96Q15	True	master_direct
Q96Q27	False	
Q96Q35	False	
Q96Q40	False	
Q96Q42	False	
Q96Q45	False	
Q96Q77	False	
Q96Q80	False	
Q96Q83	True	master_direct
Q96Q89	False	
Q96Q91	False	
Q96QA5	False	
Q96QB1	False	
Q96QC0	True	master_direct
Q96QD8	False	
Q96QD9	True	master_direct
Q96QE2	False	
Q96QE3	False	
Q96QE5	True	master_direct
Q96QF0	False	
Q96QF7	False	
Q96QG7	False	
Q96QH2	False	
Q96QI5	False	
Q96QK1	False	
Q96QP1	False	
Q96QR8	True	master_direct
Q96QS3	False	
Q96QS6	False	
Q96QT4	False	
Q96QT6	False	
Q96QU1	False	
Q96QU8	True	master_direct
Q96QV1	False	
Q96QV6	False	
Q96QZ7	False	
Q96R06	False	
Q96RD6	False	
Q96RD7	False	
Q96RD9	False	
Q96RE7	False	
Q96RE9	False	
Q96RF0	False	
Q96RG2	False	
Q96RI0	False	
Q96RI1	False	
Q96RI8	False	
Q96RI9	False	
Q96RJ0	False	
Q96RJ3	False	
Q96RJ6	False	
Q96RK0	False	
Q96RK4	False	
Q96RL1	False	
Q96RL6	False	
Q96RL7	False	
Q96RN1	False	
Q96RN5	False	
Q96RP3	False	
Q96RP7	False	
Q96RP8	False	
Q96RP9	True	master_direct
Q96RQ1	False	
Q96RQ3	False	
Q96RQ9	False	
Q96RR1	False	
Q96RR4	False	
Q96RS0	True	master_direct
Q96RS6	False	
Q96RT1	False	
Q96RT7	False	
Q96RT8	False	
Q96RU2	False	
Q96RU3	False	
Q96RU7	False	
Q96RU8	False	
Q96RW7	False	
Q96RY5	False	
Q96RY7	False	
Q96S06	False	
Q96S15	False	
Q96S16	False	
Q96S21	False	
Q96S37	False	
Q96S38	False	
Q96S42	False	
Q96S44	True	master_direct
Q96S52	False	
Q96S53	False	
Q96S55	False	
Q96S59	False	
Q96S65	False	
Q96S66	False	
Q96S82	False	
Q96S94	False	
Q96S97	False	
Q96S99	False	
Q96SA4	False	
Q96SB3	False	
Q96SB4	False	
Q96SB8	False	
Q96SD1	False	
Q96SF7	False	
Q96SI1	False	
Q96SI9	True	master_direct
Q96SJ8	False	
Q96SL1	False	
Q96SL4	False	
Q96SN7	False	
Q96SN8	False	
Q96SQ5	False	
Q96SQ7	False	
Q96SQ9	False	
Q96ST2	False	
Q96ST3	False	
Q96ST8	False	
Q96SU4	False	
Q96SW2	False	
Q96SY0	False	
Q96SZ4	True	master_direct
Q96SZ5	False	
Q96SZ6	True	master_direct
Q96T17	False	
Q96T21	True	master_direct
Q96T23	False	
Q96T37	True	master_direct
Q96T49	False	
Q96T51	False	
Q96T52	False	
Q96T53	False	
Q96T54	False	
Q96T55	False	
Q96T58	True	master_direct
Q96T60	False	
Q96T66	False	
Q96T68	False	
Q96T76	False	
Q96T83	False	
Q96T88	False	
Q96T91	False	
Q96TA1	False	
Q96TA2	False	
Q96TC7	False	
Q99062	False	
Q99075	False	
Q99081	False	
Q99102	False	
Q99217	False	
Q99250	False	
Q99259	False	
Q99417	False	
Q99418	False	
Q99424	False	
Q99426	False	
Q99435	False	
Q99436	False	
Q99437	False	
Q99439	False	
Q99442	False	
Q99447	False	
Q99453	False	
Q99456	False	
Q99459	True	master_direct
Q99460	False	
Q99466	False	
Q99467	False	
Q99469	False	
Q99471	False	
Q99487	False	
Q99489	False	
Q99490	False	
Q99496	False	
Q99497	True	master_direct
Q99500	False	
Q99501	False	
Q99502	False	
Q99504	False	
Q99518	False	
Q99519	False	
Q99523	False	
Q99527	False	
Q99536	False	
Q99538	False	
Q99541	False	
Q99542	False	
Q99543	False	
Q99547	True	gene_patch
Q99549	False	
Q99550	False	
Q99551	False	
Q99558	False	
Q99567	False	
Q99569	False	
Q99570	False	
Q99571	False	
Q99572	False	
Q99574	False	
Q99575	True	master_direct
Q99576	False	
Q99578	False	
Q99581	False	
Q99583	False	
Q99584	False	
Q99590	True	master_direct
Q99592	False	
Q99593	False	
Q99594	False	
Q99595	False	
Q99598	True	gene_patch
Q99607	False	
Q99608	True	master_direct
Q99611	False	
Q99612	False	
Q99613	True	master_direct
Q99614	False	
Q99615	False	
Q99616	False	
Q99619	False	
Q99622	False	
Q99623	False	
Q99624	False	
Q99626	False	
Q99627	False	
Q99633	True	master_direct
Q99638	False	
Q99640	False	
Q99643	False	
Q99645	False	
Q99650	False	
Q99653	False	
Q99661	False	
Q99665	False	
Q99674	False	
Q99675	False	
Q99677	False	
Q99678	False	
Q99683	False	
Q99684	False	
Q99685	False	
Q99687	False	
Q99689	False	
Q99697	False	
Q99698	False	
Q99700	True	gene_patch
Q99704	False	
Q99705	False	
Q99706	False	
Q99707	False	
Q99708	False	
Q99712	False	
Q99714	True	master_direct
Q99715	False	
Q99717	True	master_direct
Q99719	False	
Q99720	False	
Q99726	False	
Q99728	True	master_direct
Q99729	True	master_direct
Q99731	False	
Q99732	False	
Q99733	False	
Q99735	False	
Q99741	False	
Q99743	False	
Q99747	False	
Q99748	False	
Q99750	False	
Q99755	False	
Q99757	False	
Q99758	False	
Q99759	False	
Q99766	False	
Q99767	False	
Q99784	False	
Q99788	False	
Q99795	False	
Q99797	False	
Q99798	False	
Q99801	False	
Q99807	False	
Q99808	False	
Q99814	False	
Q99816	False	
Q99828	False	
Q99829	False	
Q99832	False	
Q99835	False	
Q99836	False	
Q99848	True	master_direct
Q99853	False	
Q99856	False	
Q99871	False	
Q99873	False	
Q99877	False	
Q99878	False	
Q99879	False	
Q99880	False	
Q99884	False	
Q99895	False	
Q99909	False	
Q99928	False	
Q99929	False	
Q99932	False	
Q99933	False	
Q99935	False	
Q99941	False	
Q99942	False	
Q99943	False	
Q99944	False	
Q99946	False	
Q99952	False	
Q99956	False	
Q99958	False	
Q99959	False	
Q99961	False	
Q99962	False	
Q99963	False	
Q99965	False	
Q99966	False	
Q99967	False	
Q99969	True	master_direct
Q99972	False	
Q99973	True	master_direct
Q99983	False	
Q99985	False	
Q99986	False	
Q99988	False	
Q99990	False	
Q99996	False	
Q99999	False	
Q9BPU6	False	
Q9BPU9	False	
Q9BPV8	False	
Q9BPW5	False	
Q9BPW8	False	
Q9BPW9	False	
Q9BPX1	False	
Q9BPX3	False	
Q9BPX6	False	
Q9BPY8	False	
Q9BPZ3	True	master_direct
Q9BPZ7	False	
Q9BQ04	True	master_direct
Q9BQ15	False	
Q9BQ16	False	
Q9BQ24	False	
Q9BQ31	False	
Q9BQ39	True	master_direct
Q9BQ50	False	
Q9BQ51	False	
Q9BQ52	True	master_direct
Q9BQ61	False	
Q9BQ65	True	gene_patch
Q9BQ66	False	
Q9BQ67	True	master_direct
Q9BQ69	False	
Q9BQ70	False	
Q9BQ83	False	
Q9BQ87	False	
Q9BQ89	False	
Q9BQ90	False	
Q9BQ95	False	
Q9BQA1	False	
Q9BQA5	False	
Q9BQA9	False	
Q9BQB4	False	
Q9BQB6	False	
Q9BQC3	False	
Q9BQD3	False	
Q9BQD7	False	
Q9BQE3	False	
Q9BQE4	False	
Q9BQE5	False	
Q9BQE9	False	
Q9BQF6	False	
Q9BQG0	False	
Q9BQG1	False	
Q9BQG2	True	master_direct
Q9BQI0	False	
Q9BQI3	True	master_direct
Q9BQI5	False	
Q9BQI6	False	
Q9BQJ4	False	
Q9BQK8	False	
Q9BQL6	False	
Q9BQP7	False	
Q9BQQ3	False	
Q9BQS2	False	
Q9BQS7	False	
Q9BQS8	False	
Q9BQT8	False	
Q9BQT9	False	
Q9BQW3	False	
Q9BQY4	False	
Q9BR01	False	
Q9BR39	False	
Q9BR61	False	
Q9BR76	False	
Q9BR84	False	
Q9BRA0	True	master_direct
Q9BRA2	False	
Q9BRB3	False	
Q9BRC7	False	
Q9BRD0	True	master_direct
Q9BRF8	False	
Q9BRG1	False	
Q9BRG2	False	
Q9BRI3	False	
Q9BRJ2	False	
Q9BRJ7	True	master_direct
Q9BRJ9	False	
Q9BRK0	False	
Q9BRK3	False	
Q9BRK4	False	
Q9BRK5	False	
Q9BRL6	False	
Q9BRL7	False	
Q9BRN9	False	
Q9BRP0	False	
Q9BRP8	True	master_direct
Q9BRQ3	False	
Q9BRQ5	False	
Q9BRQ6	False	
Q9BRQ8	False	
Q9BRR0	False	
Q9BRR3	False	
Q9BRR6	False	
Q9BRR9	False	
Q9BRS2	True	master_direct
Q9BRS8	True	master_direct
Q9BRT2	False	
Q9BRT3	False	
Q9BRT8	False	
Q9BRT9	False	
Q9BRU9	False	
Q9BRV3	False	
Q9BRV8	False	
Q9BRX2	True	master_direct
Q9BRX5	False	
Q9BRX8	False	
Q9BRX9	True	master_direct
Q9BRZ2	True	master_direct
Q9BS16	False	
Q9BS18	False	
Q9BS26	False	
Q9BS31	False	
Q9BS34	False	
Q9BS40	False	
Q9BS86	False	
Q9BS91	False	
Q9BSA4	False	
Q9BSA9	False	
Q9BSB4	False	
Q9BSD3	False	
Q9BSD7	False	
Q9BSE2	False	
Q9BSE4	False	
Q9BSE5	False	
Q9BSF0	False	
Q9BSF4	False	
Q9BSG1	True	gene_patch
Q9BSH4	False	
Q9BSI4	False	
Q9BSJ2	False	
Q9BSJ5	False	
Q9BSJ6	False	
Q9BSJ8	False	
Q9BSK1	False	
Q9BSK2	False	
Q9BSK4	False	
Q9BSL1	False	
Q9BSM1	False	
Q9BSQ5	False	
Q9BSR8	False	
Q9BST9	False	
Q9BSU1	False	
Q9BSU3	False	
Q9BSV6	True	master_direct
Q9BSW2	False	
Q9BSW7	False	
Q9BSY9	False	
Q9BT04	False	
Q9BT09	False	
Q9BT17	False	
Q9BT22	False	
Q9BT23	False	
Q9BT25	False	
Q9BT30	False	
Q9BT40	False	
Q9BT43	False	
Q9BT49	False	
Q9BT56	False	
Q9BT67	False	
Q9BT78	False	
Q9BT81	False	
Q9BT88	False	
Q9BT92	False	
Q9BTA0	False	
Q9BTA9	False	
Q9BTC0	False	
Q9BTC8	False	
Q9BTD3	False	
Q9BTD8	True	master_direct
Q9BTE3	False	
Q9BTE6	True	master_direct
Q9BTE7	False	
Q9BTF0	True	master_direct
Q9BTK6	False	
Q9BTL3	True	master_direct
Q9BTL4	False	
Q9BTM9	True	master_direct
Q9BTN0	False	
Q9BTP6	False	
Q9BTP7	False	
Q9BTT0	False	
Q9BTT4	False	
Q9BTU6	False	
Q9BTV4	False	
Q9BTV5	False	
Q9BTW9	False	
Q9BTX1	False	
Q9BTX3	False	
Q9BTY2	False	
Q9BTZ2	False	
Q9BU02	False	
Q9BU19	False	
Q9BU20	False	
Q9BU40	False	
Q9BU61	False	
Q9BU64	False	
Q9BU76	False	
Q9BU79	False	
Q9BU89	False	
Q9BUA3	False	
Q9BUB4	True	master_direct
Q9BUB5	False	
Q9BUB7	False	
Q9BUD6	False	
Q9BUE0	False	
Q9BUE6	False	
Q9BUF5	False	
Q9BUF7	False	
Q9BUH6	False	
Q9BUH8	False	
Q9BUI4	False	
Q9BUJ2	True	master_direct
Q9BUK6	False	
Q9BUL5	False	
Q9BUL8	False	
Q9BUL9	True	master_direct
Q9BUM1	False	
Q9BUN5	False	
Q9BUN8	False	
Q9BUP0	False	
Q9BUP3	False	
Q9BUQ8	True	master_direct
Q9BUR4	True	master_direct
Q9BUR5	False	
Q9BUT1	False	
Q9BUU2	False	
Q9BUV0	False	
Q9BUV8	False	
Q9BUW7	False	
Q9BUX1	False	
Q9BUY5	False	
Q9BUZ4	False	
Q9BV10	False	
Q9BV20	False	
Q9BV23	False	
Q9BV29	False	
Q9BV35	False	
Q9BV36	False	
Q9BV38	False	
Q9BV40	False	
Q9BV44	True	master_direct
Q9BV47	False	
Q9BV57	False	
Q9BV68	False	
Q9BV73	False	
Q9BV79	False	
Q9BV81	False	
Q9BV86	False	
Q9BV90	False	
Q9BV94	False	
Q9BVA0	False	
Q9BVA1	False	
Q9BVA6	False	
Q9BVC3	False	
Q9BVC4	False	
Q9BVC5	False	
Q9BVC6	False	
Q9BVG3	False	
Q9BVG8	False	
Q9BVG9	False	
Q9BVH7	False	
Q9BVI0	False	
Q9BVI4	False	
Q9BVJ6	True	gene_patch
Q9BVJ7	False	
Q9BVK2	False	
Q9BVK6	False	
Q9BVK8	False	
Q9BVL2	False	
Q9BVL4	False	
Q9BVM4	False	
Q9BVN2	False	
Q9BVP2	True	master_direct
Q9BVQ7	False	
Q9BVS4	True	master_direct
Q9BVS5	True	master_direct
Q9BVT8	False	
Q9BVV2	False	
Q9BVV6	False	
Q9BVV7	False	
Q9BVW5	False	
Q9BVX2	False	
Q9BW04	False	
Q9BW11	False	
Q9BW19	False	
Q9BW27	False	
Q9BW60	False	
Q9BW61	False	
Q9BW62	False	
Q9BW66	False	
Q9BW71	False	
Q9BW83	False	
Q9BW85	False	
Q9BW91	False	
Q9BW92	True	master_direct
Q9BWC9	False	
Q9BWD1	False	
Q9BWE0	True	master_direct
Q9BWF2	False	
Q9BWF3	True	master_direct
Q9BWG6	False	
Q9BWH2	False	
Q9BWH6	False	
Q9BWJ5	True	master_direct
Q9BWK5	False	
Q9BWL3	False	
Q9BWM7	False	
Q9BWN1	False	
Q9BWP8	False	
Q9BWQ6	False	
Q9BWQ8	False	
Q9BWS9	False	
Q9BWT1	False	
Q9BWT3	True	master_direct
Q9BWT7	False	
Q9BWU1	False	
Q9BWV1	False	
Q9BWV3	False	
Q9BWV7	False	
Q9BWW4	False	
Q9BWW7	False	
Q9BWW8	False	
Q9BWX1	False	
Q9BWX5	False	
Q9BX10	True	master_direct
Q9BX40	True	gene_patch
Q9BX46	True	master_direct
Q9BX59	False	
Q9BX63	True	master_direct
Q9BX66	False	
Q9BX67	False	
Q9BX68	False	
Q9BX70	False	
Q9BX74	False	
Q9BX79	False	
Q9BX82	False	
Q9BX84	False	
Q9BX95	False	
Q9BX97	False	
Q9BXA5	False	
Q9BXA6	False	
Q9BXA7	False	
Q9BXA9	False	
Q9BXB1	False	
Q9BXB4	False	
Q9BXB5	False	
Q9BXB7	False	
Q9BXC0	False	
Q9BXC1	False	
Q9BXC9	False	
Q9BXD5	False	
Q9BXF3	False	
Q9BXF6	False	
Q9BXF9	False	
Q9BXH1	False	
Q9BXI2	False	
Q9BXI3	False	
Q9BXI6	False	
Q9BXI9	False	
Q9BXJ0	False	
Q9BXJ1	False	
Q9BXJ3	False	
Q9BXJ4	False	
Q9BXJ5	False	
Q9BXJ7	False	
Q9BXJ8	False	
Q9BXJ9	False	
Q9BXK5	False	
Q9BXL6	False	
Q9BXL7	False	
Q9BXL8	False	
Q9BXM0	False	
Q9BXM7	False	
Q9BXN1	False	
Q9BXN2	False	
Q9BXP2	False	
Q9BXP5	True	master_direct
Q9BXP8	False	
Q9BXR0	True	master_direct
Q9BXR3	False	
Q9BXR5	False	
Q9BXR6	False	
Q9BXS0	False	
Q9BXS1	False	
Q9BXS4	False	
Q9BXS5	False	
Q9BXS6	False	
Q9BXS9	False	
Q9BXT4	True	gene_patch
Q9BXT5	False	
Q9BXT6	True	master_direct
Q9BXT8	True	master_direct
Q9BXU0	False	
Q9BXU1	False	
Q9BXU7	False	
Q9BXU9	False	
Q9BXV9	True	master_direct
Q9BXW4	False	
Q9BXW6	False	
Q9BXW9	False	
Q9BXX0	False	
Q9BXY4	False	
Q9BXY8	False	
Q9BY07	False	
Q9BY08	False	
Q9BY10	False	
Q9BY11	False	
Q9BY12	False	
Q9BY14	False	
Q9BY15	False	
Q9BY27	False	
Q9BY32	False	
Q9BY41	False	
Q9BY42	False	
Q9BY43	False	
Q9BY44	True	master_direct
Q9BY49	False	
Q9BY50	False	
Q9BY64	False	
Q9BY66	False	
Q9BY67	False	
Q9BY76	False	
Q9BY77	True	master_direct
Q9BY78	False	
Q9BY79	False	
Q9BY84	False	
Q9BYB0	False	
Q9BYB4	False	
Q9BYC5	False	
Q9BYC8	True	master_direct
Q9BYD5	False	
Q9BYE0	False	
Q9BYE2	False	
Q9BYE3	False	
Q9BYE7	False	
Q9BYE9	False	
Q9BYF1	False	
Q9BYG0	False	
Q9BYG3	True	master_direct
Q9BYG4	False	
Q9BYG5	False	
Q9BYG8	False	
Q9BYH1	False	
Q9BYH8	False	
Q9BYI3	False	
Q9BYJ1	False	
Q9BYJ4	False	
Q9BYJ9	True	master_direct
Q9BYK8	False	
Q9BYM8	False	
Q9BYN0	False	
Q9BYN7	False	
Q9BYP7	False	
Q9BYP8	False	
Q9BYP9	False	
Q9BYQ0	False	
Q9BYQ2	False	
Q9BYQ3	False	
Q9BYQ4	False	
Q9BYQ5	False	
Q9BYQ6	False	
Q9BYQ7	False	
Q9BYR0	False	
Q9BYR2	False	
Q9BYR3	False	
Q9BYR4	False	
Q9BYR5	False	
Q9BYR6	False	
Q9BYR7	False	
Q9BYR8	False	
Q9BYR9	False	
Q9BYS1	False	
Q9BYT1	False	
Q9BYT3	False	
Q9BYT8	False	
Q9BYT9	False	
Q9BYU1	False	
Q9BYV1	False	
Q9BYV2	False	
Q9BYV6	False	
Q9BYV7	False	
Q9BYV8	False	
Q9BYV9	False	
Q9BYW1	False	
Q9BYW2	False	
Q9BYW3	False	
Q9BYX2	False	
Q9BYX4	True	master_direct
Q9BYX7	False	
Q9BYZ2	False	
Q9BYZ6	False	
Q9BYZ8	False	
Q9BZ11	False	
Q9BZ23	False	
Q9BZ29	False	
Q9BZ67	False	
Q9BZ71	False	
Q9BZ72	False	
Q9BZ95	False	
Q9BZA7	False	
Q9BZA8	False	
Q9BZB8	True	master_direct
Q9BZC1	True	master_direct
Q9BZC7	False	
Q9BZD2	False	
Q9BZD4	False	
Q9BZD6	False	
Q9BZE0	False	
Q9BZE2	True	master_direct
Q9BZE4	True	master_direct
Q9BZE9	False	
Q9BZF1	False	
Q9BZF2	False	
Q9BZF3	False	
Q9BZF9	False	
Q9BZG1	False	
Q9BZG2	False	
Q9BZG8	False	
Q9BZH6	False	
Q9BZI7	True	master_direct
Q9BZJ0	True	master_direct
Q9BZJ3	False	
Q9BZJ4	False	
Q9BZJ7	False	
Q9BZJ8	False	
Q9BZK7	False	
Q9BZL1	False	
Q9BZL3	False	
Q9BZL4	False	
Q9BZL6	False	
Q9BZM1	False	
Q9BZM2	False	
Q9BZM3	False	
Q9BZM4	False	
Q9BZM5	False	
Q9BZM6	False	
Q9BZP6	False	
Q9BZQ2	False	
Q9BZQ4	False	
Q9BZQ6	False	
Q9BZQ8	False	
Q9BZR6	False	
Q9BZR8	False	
Q9BZR9	False	
Q9BZS1	False	
Q9BZV1	False	
Q9BZV2	False	
Q9BZV3	False	
Q9BZW2	False	
Q9BZW4	False	
Q9BZW7	False	
Q9BZW8	False	
Q9BZX2	False	
Q9BZX4	False	
Q9BZY9	False	
Q9BZZ2	False	
Q9BZZ5	True	gene_patch
Q9C000	False	
Q9C004	False	
Q9C005	False	
Q9C019	False	
Q9C026	False	
Q9C029	False	
Q9C030	False	
Q9C035	False	
Q9C037	False	
Q9C040	False	
Q9C056	False	
Q9C086	False	
Q9C091	False	
Q9C093	False	
Q9C098	False	
Q9C0A0	False	
Q9C0A1	False	
Q9C0A6	False	
Q9C0B0	True	master_direct
Q9C0B1	True	master_direct
Q9C0B2	False	
Q9C0B5	False	
Q9C0C2	False	
Q9C0C4	False	
Q9C0C6	False	
Q9C0C7	False	
Q9C0C9	False	
Q9C0D0	False	
Q9C0D2	False	
Q9C0D3	False	
Q9C0D5	False	
Q9C0D6	False	
Q9C0D9	False	
Q9C0E2	False	
Q9C0E4	False	
Q9C0E8	False	
Q9C0F0	False	
Q9C0F1	False	
Q9C0F3	False	
Q9C0G0	False	
Q9C0G6	False	
Q9C0H2	False	
Q9C0H9	False	
Q9C0I1	False	
Q9C0I4	False	
Q9C0J1	False	
Q9C0J8	False	
Q9C0J9	False	
Q9C0K0	False	
Q9C0K1	False	
Q9C0K7	False	
Q9GZL7	True	master_direct
Q9GZM5	False	
Q9GZM7	False	
Q9GZM8	False	
Q9GZN0	False	
Q9GZN1	False	
Q9GZN2	False	
Q9GZN4	False	
Q9GZN7	False	
Q9GZP0	False	
Q9GZP9	False	
Q9GZQ3	False	
Q9GZQ4	False	
Q9GZQ6	False	
Q9GZQ8	False	
Q9GZR1	False	
Q9GZR2	True	master_direct
Q9GZR5	False	
Q9GZR7	True	gene_patch
Q9GZS0	False	
Q9GZS1	True	master_direct
Q9GZS3	True	master_direct
Q9GZS9	False	
Q9GZT3	True	master_direct
Q9GZT4	False	
Q9GZT5	False	
Q9GZT8	False	
Q9GZT9	False	
Q9GZU1	False	
Q9GZU2	False	
Q9GZU5	False	
Q9GZU7	False	
Q9GZU8	False	
Q9GZV1	False	
Q9GZV3	False	
Q9GZV4	True	gene_patch
Q9GZV5	False	
Q9GZV7	False	
Q9GZV8	False	
Q9GZV9	False	
Q9GZW8	False	
Q9GZX3	False	
Q9GZX5	False	
Q9GZX6	False	
Q9GZX7	True	master_direct
Q9GZX9	False	
Q9GZY0	True	master_direct
Q9GZY6	False	
Q9GZY8	False	
Q9GZZ1	False	
Q9GZZ6	False	
Q9GZZ7	False	
Q9GZZ8	False	
Q9GZZ9	False	
Q9H000	True	master_direct
Q9H008	False	
Q9H013	False	
Q9H015	False	
Q9H019	False	
Q9H040	False	
Q9H061	False	
Q9H063	False	
Q9H069	False	
Q9H074	True	gene_patch
Q9H078	False	
Q9H079	False	
Q9H081	False	
Q9H082	False	
Q9H089	True	master_direct
Q9H093	False	
Q9H095	False	
Q9H0A0	True	master_direct
Q9H0A6	True	master_direct
Q9H0A8	False	
Q9H0A9	False	
Q9H0B3	False	
Q9H0B6	False	
Q9H0B8	False	
Q9H0C1	False	
Q9H0C2	False	
Q9H0C5	False	
Q9H0C8	False	
Q9H0D2	False	
Q9H0D6	False	
Q9H0E2	False	
Q9H0E3	False	
Q9H0E7	False	
Q9H0E9	False	
Q9H0F5	False	
Q9H0F6	False	
Q9H0F7	False	
Q9H0G5	True	gene_patch
Q9H0H0	True	master_direct
Q9H0H3	False	
Q9H0H5	False	
Q9H0I2	False	
Q9H0I3	False	
Q9H0J4	False	
Q9H0J9	True	master_direct
Q9H0K1	False	
Q9H0K6	True	master_direct
Q9H0L4	True	master_direct
Q9H0M0	False	
Q9H0M4	False	
Q9H0N0	False	
Q9H0N5	False	
Q9H0P0	False	
Q9H0Q3	False	
Q9H0R1	False	
Q9H0R3	False	
Q9H0R5	False	
Q9H0R6	True	master_direct
Q9H0R8	False	
Q9H0S4	True	master_direct
Q9H0T7	False	
Q9H0U3	False	
Q9H0U4	False	
Q9H0U6	True	master_direct
Q9H0V9	False	
Q9H0W5	False	
Q9H0W8	True	master_direct
Q9H0W9	False	
Q9H0X6	False	
Q9H0X9	False	
Q9H0Y0	False	
Q9H0Z9	True	master_direct
Q9H112	False	
Q9H115	False	
Q9H116	False	
Q9H147	False	
Q9H156	False	
Q9H159	False	
Q9H160	False	
Q9H161	False	
Q9H165	False	
Q9H169	False	
Q9H171	False	
Q9H172	False	
Q9H173	False	
Q9H175	False	
Q9H190	False	
Q9H195	False	
Q9H1A3	False	
Q9H1A4	False	
Q9H1B4	False	
Q9H1B5	False	
Q9H1B7	False	
Q9H1C4	False	
Q9H1D0	False	
Q9H1D9	False	
Q9H1E1	True	master_direct
Q9H1E3	False	
Q9H1H9	False	
Q9H1I8	False	
Q9H1J1	True	master_direct
Q9H1J5	False	
Q9H1J7	False	
Q9H1K0	False	
Q9H1K1	True	master_direct
Q9H1K4	False	
Q9H1M4	False	
Q9H1N7	False	
Q9H1P3	False	
Q9H1P6	False	
Q9H1R2	False	
Q9H1R3	False	
Q9H1U9	False	
Q9H1V8	False	
Q9H1X1	False	
Q9H1Y0	False	
Q9H1Y3	False	
Q9H201	False	
Q9H204	False	
Q9H211	False	
Q9H221	False	
Q9H222	False	
Q9H223	False	
Q9H227	False	
Q9H228	False	
Q9H237	False	
Q9H239	False	
Q9H244	False	
Q9H251	False	
Q9H252	False	
Q9H254	False	
Q9H255	False	
Q9H257	False	
Q9H267	False	
Q9H269	False	
Q9H270	False	
Q9H293	False	
Q9H295	False	
Q9H299	False	
Q9H2A2	False	
Q9H2A7	False	
Q9H2A9	False	
Q9H2B2	False	
Q9H2B4	False	
Q9H2C0	False	
Q9H2C1	False	
Q9H2C2	False	
Q9H2D1	False	
Q9H2D6	False	
Q9H2E6	False	
Q9H2F3	False	
Q9H2F5	False	
Q9H2G2	False	
Q9H2G4	False	
Q9H2G9	False	
Q9H2H0	False	
Q9H2H8	True	master_direct
Q9H2H9	False	
Q9H2J4	False	
Q9H2J7	False	
Q9H2K0	True	master_direct
Q9H2K2	False	
Q9H2K8	False	
Q9H2L4	False	
Q9H2L5	False	
Q9H2M3	False	
Q9H2M9	False	
Q9H2P0	False	
Q9H2P9	False	
Q9H2R5	False	
Q9H2S1	False	
Q9H2S5	False	
Q9H2S6	False	
Q9H2S9	False	
Q9H2U1	True	master_direct
Q9H2U2	False	
Q9H2U9	False	
Q9H2V7	False	
Q9H2W1	False	
Q9H2W2	False	
Q9H2X0	False	
Q9H2X3	False	
Q9H2X6	False	
Q9H2X9	False	
Q9H2Y7	True	gene_patch
Q9H300	False	
Q9H305	False	
Q9H306	False	
Q9H307	True	master_direct
Q9H310	False	
Q9H313	False	
Q9H320	False	
Q9H324	False	
Q9H329	False	
Q9H334	False	
Q9H361	True	master_direct
Q9H3D4	False	
Q9H3F6	False	
Q9H3H1	True	master_direct
Q9H3H3	True	master_direct
Q9H3H5	False	
Q9H3J6	True	master_direct
Q9H3K2	False	
Q9H3K6	False	
Q9H3L0	False	
Q9H3M0	False	
Q9H3M7	False	
Q9H3M9	False	
Q9H3N1	False	
Q9H3N8	False	
Q9H3P2	False	
Q9H3P7	False	
Q9H3Q1	False	
Q9H3Q3	False	
Q9H3R0	False	
Q9H3R1	False	
Q9H3R2	False	
Q9H3R5	False	
Q9H3S1	False	
Q9H3S3	False	
Q9H3S4	False	
Q9H3S5	False	
Q9H3S7	False	
Q9H3T2	False	
Q9H3T3	False	
Q9H3U1	False	
Q9H3U5	False	
Q9H3U7	False	
Q9H3Y6	False	
Q9H3Z4	False	
Q9H400	False	
Q9H410	False	
Q9H422	False	
Q9H427	False	
Q9H444	False	
Q9H461	False	
Q9H467	False	
Q9H469	False	
Q9H477	False	
Q9H479	False	
Q9H488	False	
Q9H490	False	
Q9H492	False	
Q9H497	False	
Q9H4A3	False	
Q9H4A5	False	
Q9H4A6	False	
Q9H4A9	False	
Q9H4B0	False	
Q9H4B4	False	
Q9H4B6	False	
Q9H4B7	False	
Q9H4D0	False	
Q9H4D5	True	gene_patch
Q9H4E5	False	
Q9H4E7	False	
Q9H4F1	False	
Q9H4F8	False	
Q9H4G0	False	
Q9H4G4	False	
Q9H4H8	False	
Q9H4I2	False	
Q9H4I3	False	
Q9H4I9	False	
Q9H4K7	False	
Q9H4L4	False	
Q9H4L5	False	
Q9H4L7	True	master_direct
Q9H4M3	False	
Q9H4M7	False	
Q9H4M9	False	
Q9H4P4	False	
Q9H4Q3	False	
Q9H4Q4	False	
Q9H4T2	True	master_direct
Q9H4W6	False	
Q9H4X1	False	
Q9H4Y5	False	
Q9H4Z2	False	
Q9H4Z3	True	master_direct
Q9H503	False	
Q9H511	False	
Q9H553	False	
Q9H582	False	
Q9H583	True	master_direct
Q9H596	False	
Q9H598	False	
Q9H5F2	False	
Q9H5H4	True	master_direct
Q9H5I1	False	
Q9H5I5	False	
Q9H5J4	False	
Q9H5J8	False	
Q9H5K3	False	
Q9H5N1	False	
Q9H5P4	False	
Q9H5Q4	False	
Q9H5U6	True	master_direct
Q9H5V7	False	
Q9H5V8	False	
Q9H5V9	False	
Q9H5X1	False	
Q9H5Y7	False	
Q9H5Z1	True	master_direct
Q9H5Z6	False	
Q9H611	False	
Q9H633	True	master_direct
Q9H649	True	master_direct
Q9H668	True	master_direct
Q9H672	False	
Q9H694	True	master_direct
Q9H6B4	False	
Q9H6B9	False	
Q9H6D3	False	
Q9H6D7	False	
Q9H6E4	False	
Q9H6E5	True	master_direct
Q9H6F5	True	master_direct
Q9H6H4	False	
Q9H6I2	False	
Q9H6J7	False	
Q9H6K1	False	
Q9H6L2	False	
Q9H6L4	False	
Q9H6L5	False	
Q9H6P5	False	
Q9H6Q3	False	
Q9H6Q4	False	
Q9H6R0	True	master_direct
Q9H6R3	False	
Q9H6R4	True	gene_patch
Q9H6R6	False	
Q9H6R7	False	
Q9H6S0	True	master_direct
Q9H6S1	False	
Q9H6S3	False	
Q9H6T0	True	master_direct
Q9H6T3	False	
Q9H6U6	False	
Q9H6U8	False	
Q9H6V9	False	
Q9H6W3	False	
Q9H6X2	False	
Q9H6Y7	False	
Q9H6Z4	False	
Q9H6Z9	False	
Q9H706	False	
Q9H707	False	
Q9H714	False	
Q9H741	False	
Q9H765	False	
Q9H772	False	
Q9H773	False	
Q9H777	True	gene_patch
Q9H788	False	
Q9H790	False	
Q9H792	False	
Q9H799	False	
Q9H7B2	True	master_direct
Q9H7B4	False	
Q9H7C4	False	
Q9H7D0	False	
Q9H7D7	False	
Q9H7E2	False	
Q9H7E9	False	
Q9H7F0	False	
Q9H7H0	False	
Q9H7L9	False	
Q9H7M9	False	
Q9H7N4	True	master_direct
Q9H7P6	False	
Q9H7P9	False	
Q9H7S9	False	
Q9H7T9	False	
Q9H7V2	False	
Q9H7X0	False	
Q9H7X3	False	
Q9H7Z3	False	
Q9H7Z6	True	master_direct
Q9H7Z7	False	
Q9H808	False	
Q9H813	False	
Q9H814	True	master_direct
Q9H816	False	
Q9H825	True	master_direct
Q9H832	False	
Q9H840	True	master_direct
Q9H845	False	
Q9H867	False	
Q9H869	False	
Q9H871	False	
Q9H875	False	
Q9H892	False	
Q9H8E8	False	
Q9H8H0	True	gene_patch
Q9H8H2	False	
Q9H8H3	False	
Q9H8K7	False	
Q9H8L6	False	
Q9H8M2	False	
Q9H8M5	False	
Q9H8M7	False	
Q9H8M9	False	
Q9H8N7	False	
Q9H8P0	False	
Q9H8S9	False	
Q9H8T0	False	
Q9H8V3	False	
Q9H8W4	False	
Q9H8W5	False	
Q9H8X2	False	
Q9H8X9	False	
Q9H8Y5	False	
Q9H8Y8	False	
Q9H900	False	
Q9H902	False	
Q9H903	False	
Q9H910	False	
Q9H936	False	
Q9H944	False	
Q9H974	True	master_direct
Q9H977	False	
Q9H981	False	
Q9H987	False	
Q9H992	False	
Q9H993	False	
Q9H999	False	
Q9H9A5	True	master_direct
Q9H9A7	False	
Q9H9B1	False	
Q9H9B4	False	
Q9H9C1	False	
Q9H9D4	False	
Q9H9E1	False	
Q9H9E3	False	
Q9H9F9	False	
Q9H9G7	True	master_direct
Q9H9H4	False	
Q9H9J2	True	master_direct
Q9H9J4	False	
Q9H9K5	False	
Q9H9L4	False	
Q9H9L7	False	
Q9H9P2	False	
Q9H9P5	True	gene_patch
Q9H9P8	False	
Q9H9Q2	False	
Q9H9Q4	False	
Q9H9S0	False	
Q9H9S5	False	
Q9H9T3	True	master_direct
Q9H9V4	False	
Q9H9V9	False	
Q9H9Y6	False	
Q9H9Z2	True	master_direct
Q9HA38	True	master_direct
Q9HA47	False	
Q9HA65	False	
Q9HA72	False	
Q9HA77	True	master_direct
Q9HA82	False	
Q9HAB3	False	
Q9HAB8	False	
Q9HAC7	False	
Q9HAC8	False	
Q9HAD4	False	
Q9HAE3	False	
Q9HAF1	False	
Q9HAI6	False	
Q9HAJ7	False	
Q9HAK2	False	
Q9HAN9	False	
Q9HAP2	False	
Q9HAP6	False	
Q9HAQ2	False	
Q9HAR2	False	
Q9HAS0	False	
Q9HAS3	False	
Q9HAT0	False	
Q9HAT2	False	
Q9HAT8	False	
Q9HAU0	False	
Q9HAU4	False	
Q9HAU5	True	master_direct
Q9HAU8	False	
Q9HAV0	False	
Q9HAV4	True	master_direct
Q9HAV5	False	
Q9HAV7	False	
Q9HAW0	False	
Q9HAW4	False	
Q9HAW7	False	
Q9HAW8	False	
Q9HAW9	False	
Q9HAY6	False	
Q9HAZ1	True	master_direct
Q9HAZ2	False	
Q9HB03	False	
Q9HB07	False	
Q9HB14	False	
Q9HB15	False	
Q9HB19	False	
Q9HB20	False	
Q9HB21	False	
Q9HB29	False	
Q9HB55	False	
Q9HB58	False	
Q9HB63	False	
Q9HB65	False	
Q9HB71	False	
Q9HB75	False	
Q9HB89	False	
Q9HB90	False	
Q9HB96	False	
Q9HBA0	False	
Q9HBA9	False	
Q9HBB8	False	
Q9HBD1	True	master_direct
Q9HBE1	False	
Q9HBE4	False	
Q9HBE5	False	
Q9HBF4	False	
Q9HBG4	False	
Q9HBG6	False	
Q9HBG7	False	
Q9HBH0	False	
Q9HBH1	False	
Q9HBH5	False	
Q9HBH7	False	
Q9HBH9	False	
Q9HBI0	False	
Q9HBI1	False	
Q9HBI6	False	
Q9HBJ7	False	
Q9HBJ8	False	
Q9HBK9	False	
Q9HBL0	False	
Q9HBL8	False	
Q9HBM0	False	
Q9HBM1	False	
Q9HBM6	False	
Q9HBT6	False	
Q9HBT8	False	
Q9HBU6	False	
Q9HBU9	False	
Q9HBV2	False	
Q9HBW0	False	
Q9HBW1	False	
Q9HBW9	False	
Q9HBX8	False	
Q9HBX9	False	
Q9HBY0	False	
Q9HBY8	False	
Q9HBZ2	False	
Q9HC07	False	
Q9HC10	True	master_direct
Q9HC16	True	master_direct
Q9HC21	False	
Q9HC23	False	
Q9HC24	False	
Q9HC29	False	
Q9HC35	False	
Q9HC36	True	master_direct
Q9HC52	False	
Q9HC58	False	
Q9HC62	False	
Q9HC73	False	
Q9HC77	False	
Q9HC78	False	
Q9HC84	False	
Q9HC96	False	
Q9HC97	False	
Q9HC98	False	
Q9HCB6	False	
Q9HCC0	False	
Q9HCC8	False	
Q9HCC9	False	
Q9HCD5	False	
Q9HCD6	False	
Q9HCE0	False	
Q9HCE1	True	master_direct
Q9HCE5	True	master_direct
Q9HCE6	False	
Q9HCE7	False	
Q9HCE9	False	
Q9HCF6	False	
Q9HCG7	False	
Q9HCG8	False	
Q9HCH0	False	
Q9HCH3	False	
Q9HCH5	False	
Q9HCI5	False	
Q9HCI7	False	
Q9HCJ0	True	master_direct
Q9HCJ1	False	
Q9HCJ2	False	
Q9HCK0	False	
Q9HCK4	False	
Q9HCK5	True	master_direct
Q9HCK8	True	master_direct
Q9HCL2	False	
Q9HCM1	False	
Q9HCM2	False	
Q9HCM3	False	
Q9HCM4	False	
Q9HCM9	False	
Q9HCN3	False	
Q9HCN4	False	
Q9HCN6	False	
Q9HCP0	False	
Q9HCP6	False	
Q9HCQ5	False	
Q9HCQ7	False	
Q9HCR9	False	
Q9HCS2	False	
Q9HCS4	False	
Q9HCS7	True	master_direct
Q9HCU0	False	
Q9HCU4	False	
Q9HCU5	False	
Q9HCU8	False	
Q9HCU9	False	
Q9HCX3	False	
Q9HCX4	False	
Q9HCY8	False	
Q9HD15	True	gene_patch
Q9HD20	False	
Q9HD23	False	
Q9HD26	False	
Q9HD34	False	
Q9HD36	False	
Q9HD40	True	master_direct
Q9HD42	False	
Q9HD43	False	
Q9HD47	False	
Q9HD67	False	
Q9HD89	False	
Q9HD90	False	
Q9HDB5	False	
Q9HDC5	False	
Q9HDC9	False	
Q9HDD0	False	
Q9N2K0	False	
Q9NNW5	False	
Q9NNW7	False	
Q9NNX1	False	
Q9NNX6	False	
Q9NP08	False	
Q9NP31	False	
Q9NP50	False	
Q9NP55	False	
Q9NP56	False	
Q9NP58	False	
Q9NP59	False	
Q9NP60	False	
Q9NP61	False	
Q9NP62	False	
Q9NP64	True	master_direct
Q9NP66	False	
Q9NP70	False	
Q9NP71	False	
Q9NP72	False	
Q9NP73	False	
Q9NP74	False	
Q9NP77	True	master_direct
Q9NP78	False	
Q9NP79	False	
Q9NP80	False	
Q9NP81	False	
Q9NP84	False	
Q9NP85	False	
Q9NP86	False	
Q9NP87	False	
Q9NP90	False	
Q9NP91	False	
Q9NP94	False	
Q9NP95	False	
Q9NP97	False	
Q9NP98	False	
Q9NP99	False	
Q9NPA0	False	
Q9NPA1	False	
Q9NPA2	False	
Q9NPA8	False	
Q9NPB0	False	
Q9NPB1	False	
Q9NPB3	False	
Q9NPB6	False	
Q9NPB9	False	
Q9NPC1	False	
Q9NPC2	False	
Q9NPC3	False	
Q9NPC4	False	
Q9NPC6	False	
Q9NPC7	False	
Q9NPC8	False	
Q9NPD3	True	master_direct
Q9NPD5	False	
Q9NPD8	False	
Q9NPE2	False	
Q9NPE3	True	gene_patch
Q9NPE6	False	
Q9NPF0	False	
Q9NPF2	False	
Q9NPF4	True	master_direct
Q9NPF5	False	
Q9NPF7	False	
Q9NPF8	False	
Q9NPG1	False	
Q9NPG2	False	
Q9NPG3	False	
Q9NPG4	False	
Q9NPG8	False	
Q9NPH0	False	
Q9NPH2	False	
Q9NPH3	False	
Q9NPH5	False	
Q9NPH9	False	
Q9NPI0	False	
Q9NPI1	False	
Q9NPI5	False	
Q9NPI6	False	
Q9NPI8	False	
Q9NPI9	False	
Q9NPJ1	False	
Q9NPJ3	False	
Q9NPJ4	True	master_direct
Q9NPJ6	False	
Q9NPJ8	True	master_direct
Q9NPL8	False	
Q9NPP4	False	
Q9NPQ8	False	
Q9NPR2	False	
Q9NPR9	False	
Q9NPY3	False	
Q9NPZ5	False	
Q9NQ11	False	
Q9NQ25	False	
Q9NQ29	True	master_direct
Q9NQ30	False	
Q9NQ31	False	
Q9NQ33	False	
Q9NQ34	False	
Q9NQ36	False	
Q9NQ38	False	
Q9NQ40	False	
Q9NQ48	False	
Q9NQ50	True	master_direct
Q9NQ55	False	
Q9NQ66	False	
Q9NQ69	False	
Q9NQ75	False	
Q9NQ76	False	
Q9NQ79	False	
Q9NQ84	False	
Q9NQ86	False	
Q9NQ87	False	
Q9NQ88	False	
Q9NQ89	False	
Q9NQ90	False	
Q9NQ92	False	
Q9NQ94	True	master_direct
Q9NQA5	False	
Q9NQB0	False	
Q9NQC1	False	
Q9NQC3	False	
Q9NQC7	False	
Q9NQC8	False	
Q9NQE9	True	master_direct
Q9NQG1	False	
Q9NQG5	False	
Q9NQG6	False	
Q9NQG7	False	
Q9NQH7	False	
Q9NQI0	True	master_direct
Q9NQL2	False	
Q9NQL9	False	
Q9NQM4	True	master_direct
Q9NQP4	False	
Q9NQQ7	False	
Q9NQR1	False	
Q9NQR4	False	
Q9NQR9	False	
Q9NQS3	False	
Q9NQS5	False	
Q9NQS7	False	
Q9NQT4	True	gene_patch
Q9NQT5	True	master_direct
Q9NQT8	False	
Q9NQU5	False	
Q9NQV5	False	
Q9NQV6	False	
Q9NQV7	False	
Q9NQV8	False	
Q9NQW1	False	
Q9NQW5	False	
Q9NQW6	False	
Q9NQW7	False	
Q9NQW8	False	
Q9NQX0	False	
Q9NQX1	False	
Q9NQX3	False	
Q9NQX4	False	
Q9NQX5	False	
Q9NQX7	False	
Q9NQY0	False	
Q9NQZ2	True	master_direct
Q9NQZ3	True	master_direct
Q9NQZ5	False	
Q9NQZ6	False	
Q9NQZ7	False	
Q9NQZ8	False	
Q9NR00	False	
Q9NR09	False	
Q9NR11	False	
Q9NR12	False	
Q9NR16	False	
Q9NR19	False	
Q9NR20	False	
Q9NR21	False	
Q9NR22	False	
Q9NR23	False	
Q9NR28	False	
Q9NR30	True	master_direct
Q9NR31	False	
Q9NR33	False	
Q9NR34	False	
Q9NR45	False	
Q9NR46	False	
Q9NR48	True	master_direct
Q9NR50	True	master_direct
Q9NR55	False	
Q9NR56	True	master_direct
Q9NR61	False	
Q9NR63	False	
Q9NR71	False	
Q9NR80	False	
Q9NR81	False	
Q9NR82	False	
Q9NR83	False	
Q9NR90	True	master_direct
Q9NR96	False	
Q9NR97	True	master_direct
Q9NR99	False	
Q9NRA0	False	
Q9NRA1	False	
Q9NRA2	False	
Q9NRA8	True	master_direct
Q9NRB3	False	
Q9NRC1	False	
Q9NRC6	False	
Q9NRC8	False	
Q9NRD1	False	
Q9NRD5	False	
Q9NRD8	False	
Q9NRD9	False	
Q9NRE1	False	
Q9NRE2	False	
Q9NRF2	False	
Q9NRF8	False	
Q9NRF9	False	
Q9NRG0	False	
Q9NRG1	False	
Q9NRG4	False	
Q9NRG9	False	
Q9NRH2	False	
Q9NRH3	False	
Q9NRI5	False	
Q9NRJ3	False	
Q9NRJ4	False	
Q9NRJ7	False	
Q9NRK6	False	
Q9NRL2	False	
Q9NRL3	False	
Q9NRM0	False	
Q9NRM1	False	
Q9NRM6	False	
Q9NRM7	False	
Q9NRN7	False	
Q9NRN9	True	master_direct
Q9NRP0	False	
Q9NRP7	False	
Q9NRQ2	False	
Q9NRQ5	False	
Q9NRR2	False	
Q9NRR3	False	
Q9NRR4	False	
Q9NRR5	False	
Q9NRR6	False	
Q9NRR8	False	
Q9NRS4	False	
Q9NRS6	False	
Q9NRW1	False	
Q9NRW3	True	master_direct
Q9NRW4	False	
Q9NRW7	False	
Q9NRX1	True	master_direct
Q9NRX2	True	master_direct
Q9NRX4	False	
Q9NRX5	False	
Q9NRX6	False	
Q9NRY2	False	
Q9NRY4	False	
Q9NRY6	False	
Q9NRY7	False	
Q9NRZ5	False	
Q9NRZ7	False	
Q9NRZ9	True	gene_patch
Q9NS00	False	
Q9NS15	False	
Q9NS18	False	
Q9NS23	False	
Q9NS37	False	
Q9NS39	True	master_direct
Q9NS40	False	
Q9NS56	False	
Q9NS61	False	
Q9NS62	False	
Q9NS64	False	
Q9NS68	False	
Q9NS69	False	
Q9NS71	False	
Q9NS73	False	
Q9NS75	False	
Q9NS82	False	
Q9NS84	False	
Q9NS86	False	
Q9NS87	False	
Q9NS91	False	
Q9NSA0	False	
Q9NSA1	False	
Q9NSA2	False	
Q9NSA3	False	
Q9NSB2	False	
Q9NSB4	False	
Q9NSB8	False	
Q9NSC2	False	
Q9NSC5	False	
Q9NSC7	False	
Q9NSD4	False	
Q9NSD5	False	
Q9NSD9	True	master_direct
Q9NSE2	False	
Q9NSE4	False	
Q9NSG2	False	
Q9NSI5	False	
Q9NSI6	False	
Q9NSI8	False	
Q9NSK0	False	
Q9NSK7	False	
Q9NSN8	False	
Q9NSP4	False	
Q9NST1	False	
Q9NSU2	False	
Q9NSV4	False	
Q9NSY0	False	
Q9NSY1	False	
Q9NT22	False	
Q9NT62	False	
Q9NT68	False	
Q9NT99	False	
Q9NTG1	False	
Q9NTG7	False	
Q9NTI2	False	
Q9NTI5	False	
Q9NTJ3	False	
Q9NTJ4	False	
Q9NTJ5	False	
Q9NTK1	False	
Q9NTK5	False	
Q9NTM9	False	
Q9NTN3	False	
Q9NTN9	False	
Q9NTQ9	False	
Q9NTW7	False	
Q9NTX7	False	
Q9NTX9	False	
Q9NU19	False	
Q9NU22	False	
Q9NU39	False	
Q9NU63	False	
Q9NUA8	False	
Q9NUB1	False	
Q9NUD5	False	
Q9NUD9	False	
Q9NUE0	False	
Q9NUH8	False	
Q9NUI1	False	
Q9NUJ1	False	
Q9NUJ3	False	
Q9NUK0	True	master_direct
Q9NUL3	True	gene_patch
Q9NUL5	False	
Q9NUL7	True	master_direct
Q9NUM3	False	
Q9NUM4	True	master_direct
Q9NUN5	False	
Q9NUN7	False	
Q9NUP7	True	master_direct
Q9NUP9	False	
Q9NUQ2	False	
Q9NUQ3	False	
Q9NUQ7	False	
Q9NUQ9	False	
Q9NUS5	False	
Q9NUT2	False	
Q9NUU6	False	
Q9NUU7	False	
Q9NUV7	False	
Q9NUW8	False	
Q9NUX5	False	
Q9NUY8	False	
Q9NV06	True	gene_patch
Q9NV12	False	
Q9NV23	False	
Q9NV29	False	
Q9NV31	True	master_direct
Q9NV35	False	
Q9NV56	False	
Q9NV58	False	
Q9NV64	False	
Q9NV70	False	
Q9NV79	False	
Q9NV88	True	master_direct
Q9NV92	False	
Q9NV96	False	
Q9NVA1	False	
Q9NVA2	False	
Q9NVC3	False	
Q9NVC6	False	
Q9NVD3	False	
Q9NVD7	False	
Q9NVE5	False	
Q9NVE7	False	
Q9NVF7	False	
Q9NVF9	False	
Q9NVH0	False	
Q9NVH1	False	
Q9NVH2	True	master_direct
Q9NVH6	False	
Q9NVI1	False	
Q9NVI7	False	
Q9NVJ2	False	
Q9NVL1	False	
Q9NVL8	False	
Q9NVM4	False	
Q9NVM9	False	
Q9NVN3	False	
Q9NVN8	True	master_direct
Q9NVP1	True	master_direct
Q9NVP2	False	
Q9NVR2	True	master_direct
Q9NVR5	True	master_direct
Q9NVS9	False	
Q9NVT9	False	
Q9NVU0	False	
Q9NVU7	False	
Q9NVV0	False	
Q9NVV4	False	
Q9NVV5	False	
Q9NVV9	False	
Q9NVW2	False	
Q9NVX0	False	
Q9NVX2	False	
Q9NVX7	False	
Q9NW08	False	
Q9NW13	True	master_direct
Q9NW15	False	
Q9NW38	False	
Q9NW64	True	master_direct
Q9NW75	False	
Q9NW81	False	
Q9NW97	False	
Q9NWB1	True	master_direct
Q9NWB6	False	
Q9NWB7	False	
Q9NWD8	False	
Q9NWD9	False	
Q9NWF4	False	
Q9NWF9	False	
Q9NWH2	False	
Q9NWH7	False	
Q9NWH9	True	master_direct
Q9NWK9	True	master_direct
Q9NWL6	False	
Q9NWM0	False	
Q9NWM8	False	
Q9NWN3	False	
Q9NWQ4	False	
Q9NWQ8	False	
Q9NWQ9	False	
Q9NWR8	False	
Q9NWS0	True	gene_patch
Q9NWS1	False	
Q9NWS6	False	
Q9NWS8	False	
Q9NWS9	False	
Q9NWT1	False	
Q9NWT6	False	
Q9NWT8	False	
Q9NWU1	False	
Q9NWU2	False	
Q9NWU5	True	gene_patch
Q9NWV8	False	
Q9NWW5	False	
Q9NWW6	False	
Q9NWW9	False	
Q9NWX5	False	
Q9NWX6	True	master_direct
Q9NWY4	False	
Q9NWZ3	False	
Q9NWZ5	False	
Q9NWZ8	True	master_direct
Q9NX01	True	master_direct
Q9NX02	False	
Q9NX04	False	
Q9NX07	True	master_direct
Q9NX08	False	
Q9NX09	False	
Q9NX14	False	
Q9NX18	False	
Q9NX24	True	gene_patch
Q9NX40	False	
Q9NX46	False	
Q9NX47	False	
Q9NX52	False	
Q9NX55	False	
Q9NX57	False	
Q9NX58	False	
Q9NX61	False	
Q9NX62	False	
Q9NX63	False	
Q9NX65	False	
Q9NX70	False	
Q9NX74	True	master_direct
Q9NX76	False	
Q9NX78	False	
Q9NX94	False	
Q9NX95	False	
Q9NXA8	False	
Q9NXB0	False	
Q9NXB9	False	
Q9NXC2	False	
Q9NXC5	False	
Q9NXE4	False	
Q9NXE8	False	
Q9NXF1	False	
Q9NXF8	False	
Q9NXG0	False	
Q9NXG2	True	master_direct
Q9NXG6	False	
Q9NXH9	True	master_direct
Q9NXI6	False	
Q9NXJ5	False	
Q9NXK8	False	
Q9NXL9	False	
Q9NXR1	False	
Q9NXR5	False	
Q9NXR7	False	
Q9NXR8	False	
Q9NXS2	False	
Q9NXV2	False	
Q9NXV6	False	
Q9NXW2	False	
Q9NXW9	True	master_direct
Q9NXX6	False	
Q9NXZ2	True	master_direct
Q9NY12	True	master_direct
Q9NY15	False	
Q9NY25	False	
Q9NY26	False	
Q9NY27	False	
Q9NY28	False	
Q9NY30	False	
Q9NY33	False	
Q9NY35	False	
Q9NY37	False	
Q9NY46	False	
Q9NY47	False	
Q9NY56	False	
Q9NY59	False	
Q9NY61	False	
Q9NY64	False	
Q9NY65	False	
Q9NY72	False	
Q9NY74	False	
Q9NY91	False	
Q9NY93	True	master_direct
Q9NY97	False	
Q9NY99	False	
Q9NYA1	False	
Q9NYA3	False	
Q9NYA4	False	
Q9NYB0	False	
Q9NYB5	False	
Q9NYB9	False	
Q9NYC9	False	
Q9NYD6	False	
Q9NYF0	False	
Q9NYF8	True	master_direct
Q9NYG2	False	
Q9NYG5	False	
Q9NYG8	False	
Q9NYH9	True	master_direct
Q9NYI0	False	
Q9NYJ7	False	
Q9NYJ8	False	
Q9NYK1	True	master_direct
Q9NYK5	True	master_direct
Q9NYK6	False	
Q9NYL2	False	
Q9NYL5	False	
Q9NYM4	False	
Q9NYM9	False	
Q9NYP3	False	
Q9NYP7	False	
Q9NYP8	False	
Q9NYP9	False	
Q9NYQ3	False	
Q9NYQ6	False	
Q9NYQ7	False	
Q9NYQ8	False	
Q9NYR8	False	
Q9NYR9	False	
Q9NYU1	False	
Q9NYU2	False	
Q9NYV4	False	
Q9NYV6	False	
Q9NYV7	False	
Q9NYV8	False	
Q9NYW0	False	
Q9NYW4	False	
Q9NYW5	False	
Q9NYW8	False	
Q9NYX4	False	
Q9NYY1	False	
Q9NYY3	False	
Q9NYY8	True	master_direct
Q9NYZ1	False	
Q9NYZ2	False	
Q9NYZ3	False	
Q9NYZ4	False	
Q9NZ01	False	
Q9NZ08	False	
Q9NZ09	False	
Q9NZ20	False	
Q9NZ42	False	
Q9NZ43	False	
Q9NZ45	False	
Q9NZ52	False	
Q9NZ53	False	
Q9NZ56	False	
Q9NZ63	False	
Q9NZ71	False	
Q9NZ72	False	
Q9NZ81	False	
Q9NZ94	False	
Q9NZA1	False	
Q9NZB2	True	master_direct
Q9NZB8	False	
Q9NZC2	False	
Q9NZC3	False	
Q9NZC4	False	
Q9NZC7	False	
Q9NZC9	False	
Q9NZD1	False	
Q9NZD2	False	
Q9NZD4	False	
Q9NZD8	False	
Q9NZE8	True	master_direct
Q9NZG7	False	
Q9NZH0	False	
Q9NZH5	False	
Q9NZH6	False	
Q9NZH7	False	
Q9NZH8	False	
Q9NZI2	False	
Q9NZI5	False	
Q9NZI6	False	
Q9NZI7	False	
Q9NZI8	True	master_direct
Q9NZJ0	False	
Q9NZJ4	False	
Q9NZJ5	True	master_direct
Q9NZJ6	False	
Q9NZJ7	False	
Q9NZJ9	False	
Q9NZK5	False	
Q9NZK7	False	
Q9NZL3	False	
Q9NZL4	False	
Q9NZL9	False	
Q9NZM1	False	
Q9NZM3	False	
Q9NZM4	False	
Q9NZM5	True	gene_patch
Q9NZM6	False	
Q9NZN1	False	
Q9NZN3	False	
Q9NZN4	False	
Q9NZN5	False	
Q9NZN8	True	gene_patch
Q9NZN9	False	
Q9NZP6	False	
Q9NZP8	False	
Q9NZQ3	False	
Q9NZQ7	False	
Q9NZQ8	False	
Q9NZR2	False	
Q9NZR4	False	
Q9NZS2	False	
Q9NZS9	False	
Q9NZT1	False	
Q9NZU0	False	
Q9NZU1	False	
Q9NZU5	False	
Q9NZU7	False	
Q9NZV1	False	
Q9NZV5	False	
Q9NZV6	False	
Q9NZV7	False	
Q9NZV8	False	
Q9NZW4	False	
Q9NZZ3	False	
Q9P000	False	
Q9P003	False	
Q9P013	False	
Q9P021	False	
Q9P032	False	
Q9P035	False	
Q9P055	False	
Q9P086	False	
Q9P0B6	False	
Q9P0G3	False	
Q9P0I2	False	
Q9P0J0	False	
Q9P0J1	False	
Q9P0J7	False	
Q9P0K1	False	
Q9P0K7	False	
Q9P0K8	False	
Q9P0K9	False	
Q9P0L0	False	
Q9P0L1	True	master_direct
Q9P0L2	False	
Q9P0L9	False	
Q9P0M2	False	
Q9P0M4	False	
Q9P0M6	False	
Q9P0N5	False	
Q9P0N8	False	
Q9P0N9	False	
Q9P0P0	False	
Q9P0P8	False	
Q9P0R6	False	
Q9P0S2	False	
Q9P0S3	False	
Q9P0S9	False	
Q9P0T4	False	
Q9P0T7	False	
Q9P0U1	False	
Q9P0U3	False	
Q9P0U4	False	
Q9P0V3	False	
Q9P0V8	False	
Q9P0V9	False	
Q9P0W0	False	
Q9P0W2	False	
Q9P0W8	False	
Q9P0X4	False	
Q9P0Z9	False	
Q9P107	False	
Q9P109	False	
Q9P121	False	
Q9P126	False	
Q9P127	False	
Q9P1A6	False	
Q9P1Q0	False	
Q9P1T7	False	
Q9P1U0	False	
Q9P1W3	False	
Q9P1W8	False	
Q9P1W9	False	
Q9P1Y5	False	
Q9P1Z0	False	
Q9P1Z2	False	
Q9P1Z3	False	
Q9P202	False	
Q9P206	False	
Q9P209	False	
Q9P212	False	
Q9P218	False	
Q9P219	False	
Q9P225	False	
Q9P232	False	
Q9P241	False	
Q9P243	False	
Q9P244	False	
Q9P246	False	
Q9P253	False	
Q9P258	False	
Q9P266	False	
Q9P267	False	
Q9P270	False	
Q9P272	False	
Q9P273	False	
Q9P275	False	
Q9P278	False	
Q9P283	False	
Q9P286	False	
Q9P287	False	
Q9P289	False	
Q9P296	False	
Q9P2A4	False	
Q9P2B2	False	
Q9P2B4	False	
Q9P2D0	False	
Q9P2D1	False	
Q9P2D3	False	
Q9P2D7	False	
Q9P2D8	False	
Q9P2E2	False	
Q9P2E3	True	master_direct
Q9P2E5	False	
Q9P2E7	False	
Q9P2E8	False	
Q9P2E9	True	master_direct
Q9P2F6	False	
Q9P2F8	False	
Q9P2F9	False	
Q9P2G1	False	
Q9P2G4	False	
Q9P2G9	False	
Q9P2H0	False	
Q9P2H3	False	
Q9P2H5	False	
Q9P2I0	True	master_direct
Q9P2J2	False	
Q9P2J3	False	
Q9P2J5	True	master_direct
Q9P2K1	False	
Q9P2K2	False	
Q9P2K3	False	
Q9P2K5	True	master_direct
Q9P2K6	False	
Q9P2K8	True	master_direct
Q9P2K9	False	
Q9P2L0	False	
Q9P2M1	False	
Q9P2M4	False	
Q9P2M7	False	
Q9P2N4	False	
Q9P2N6	False	
Q9P2N7	False	
Q9P2P5	False	
Q9P2P6	False	
Q9P2Q2	False	
Q9P2R3	False	
Q9P2R6	False	
Q9P2R7	False	
Q9P2S2	False	
Q9P2S5	False	
Q9P2T0	False	
Q9P2T1	False	
Q9P2U7	False	
Q9P2U8	False	
Q9P2W1	False	
Q9P2W3	False	
Q9P2W7	False	
Q9P2W9	False	
Q9P2X0	False	
Q9P2X3	False	
Q9P2Y4	True	gene_patch
Q9P2Y5	False	
Q9UBB4	False	
Q9UBB5	False	
Q9UBB6	False	
Q9UBB9	True	master_direct
Q9UBC0	False	
Q9UBC1	False	
Q9UBC2	False	
Q9UBC3	True	master_direct
Q9UBC5	False	
Q9UBC7	False	
Q9UBC9	False	
Q9UBD0	False	
Q9UBD3	False	
Q9UBD5	False	
Q9UBD6	False	
Q9UBD9	False	
Q9UBE0	False	
Q9UBE8	False	
Q9UBF1	False	
Q9UBF2	False	
Q9UBF6	False	
Q9UBF8	False	
Q9UBF9	False	
Q9UBG0	False	
Q9UBG3	False	
Q9UBH0	False	
Q9UBH6	False	
Q9UBI1	False	
Q9UBI4	False	
Q9UBI6	False	
Q9UBJ2	False	
Q9UBK2	True	master_direct
Q9UBK5	False	
Q9UBK8	False	
Q9UBK9	False	
Q9UBL3	False	
Q9UBL6	False	
Q9UBL9	False	
Q9UBM1	False	
Q9UBM4	False	
Q9UBM7	False	
Q9UBM8	False	
Q9UBN1	False	
Q9UBN4	False	
Q9UBN6	False	
Q9UBN7	False	
Q9UBP0	False	
Q9UBP4	False	
Q9UBP5	False	
Q9UBP6	True	master_direct
Q9UBP9	False	
Q9UBQ0	False	
Q9UBQ5	True	master_direct
Q9UBQ6	False	
Q9UBQ7	False	
Q9UBR1	False	
Q9UBR2	False	
Q9UBR4	False	
Q9UBR5	False	
Q9UBS0	False	
Q9UBS3	True	master_direct
Q9UBS4	False	
Q9UBS5	False	
Q9UBS8	False	
Q9UBS9	False	
Q9UBT2	False	
Q9UBT3	False	
Q9UBT6	False	
Q9UBT7	False	
Q9UBU2	False	
Q9UBU3	False	
Q9UBU7	False	
Q9UBU8	False	
Q9UBU9	True	master_direct
Q9UBV2	False	
Q9UBV4	False	
Q9UBV7	False	
Q9UBV8	False	
Q9UBW5	False	
Q9UBW7	False	
Q9UBW8	False	
Q9UBX0	False	
Q9UBX1	False	
Q9UBX2	False	
Q9UBX3	False	
Q9UBX5	False	
Q9UBX7	False	
Q9UBX8	False	
Q9UBY0	False	
Q9UBY5	False	
Q9UBY8	False	
Q9UBY9	False	
Q9UBZ4	False	
Q9UBZ9	False	
Q9UC07	False	
Q9UD71	False	
Q9UDR5	False	
Q9UDT6	False	
Q9UDV6	False	
Q9UDV7	False	
Q9UDW1	False	
Q9UDW3	True	master_direct
Q9UDX3	False	
Q9UDY2	False	
Q9UDY4	False	
Q9UDY6	False	
Q9UDY8	False	
Q9UEE5	False	
Q9UEE9	False	
Q9UEF7	False	
Q9UEG4	True	master_direct
Q9UER7	False	
Q9UET6	True	master_direct
Q9UEU0	False	
Q9UEW3	False	
Q9UEW8	False	
Q9UEY8	False	
Q9UF11	False	
Q9UF12	False	
Q9UF33	False	
Q9UF56	False	
Q9UFB7	False	
Q9UFC0	False	
Q9UFD9	False	
Q9UFE4	False	
Q9UFF9	True	master_direct
Q9UFG5	False	
Q9UFH2	False	
Q9UFP1	False	
Q9UFW8	False	
Q9UG01	False	
Q9UG22	False	
Q9UG56	False	
Q9UGB7	False	
Q9UGC6	False	
Q9UGC7	True	master_direct
Q9UGH3	False	
Q9UGI0	False	
Q9UGI6	False	
Q9UGI8	False	
Q9UGI9	False	
Q9UGJ0	False	
Q9UGJ1	False	
Q9UGK3	False	
Q9UGK8	False	
Q9UGL1	False	
Q9UGL9	False	
Q9UGM1	False	
Q9UGM3	False	
Q9UGM5	False	
Q9UGM6	True	master_direct
Q9UGN4	False	
Q9UGN5	False	
Q9UGP4	False	
Q9UGP5	False	
Q9UGP8	False	
Q9UGQ2	False	
Q9UGQ3	False	
Q9UGR2	True	master_direct
Q9UGT4	False	
Q9UGU0	False	
Q9UGU5	False	
Q9UGY1	True	master_direct
Q9UH03	False	
Q9UH17	True	master_direct
Q9UH65	False	
Q9UH73	False	
Q9UH77	False	
Q9UH92	False	
Q9UH99	False	
Q9UHA4	False	
Q9UHA7	False	
Q9UHB4	False	
Q9UHB6	False	
Q9UHB7	True	gene_patch
Q9UHB9	True	master_direct
Q9UHC1	False	
Q9UHC3	False	
Q9UHC6	False	
Q9UHC7	True	master_direct
Q9UHC9	False	
Q9UHD0	False	
Q9UHD1	False	
Q9UHD2	False	
Q9UHD4	False	
Q9UHD8	False	
Q9UHD9	False	
Q9UHE5	False	
Q9UHE8	False	
Q9UHF0	False	
Q9UHF1	False	
Q9UHF3	False	
Q9UHF4	False	
Q9UHF5	False	
Q9UHF7	False	
Q9UHG0	False	
Q9UHG2	False	
Q9UHG3	False	
Q9UHH9	False	
Q9UHI5	False	
Q9UHI6	True	master_direct
Q9UHI7	False	
Q9UHI8	False	
Q9UHJ3	False	
Q9UHJ6	False	
Q9UHJ9	False	
Q9UHK0	True	master_direct
Q9UHK6	False	
Q9UHL0	True	master_direct
Q9UHL4	False	
Q9UHL9	False	
Q9UHM6	False	
Q9UHN1	False	
Q9UHN6	False	
Q9UHP3	False	
Q9UHP6	False	
Q9UHP7	False	
Q9UHQ1	False	
Q9UHQ4	False	
Q9UHQ9	False	
Q9UHR4	False	
Q9UHR5	False	
Q9UHV2	False	
Q9UHV7	False	
Q9UHV8	False	
Q9UHV9	False	
Q9UHW5	False	
Q9UHW9	False	
Q9UHX1	True	master_direct
Q9UHX3	False	
Q9UHY1	False	
Q9UHY7	False	
Q9UHY8	False	
Q9UI08	False	
Q9UI09	False	
Q9UI10	True	master_direct
Q9UI12	False	
Q9UI14	False	
Q9UI17	False	
Q9UI26	True	gene_patch
Q9UI30	True	master_direct
Q9UI32	False	
Q9UI33	False	
Q9UI36	False	
Q9UI38	False	
Q9UI40	False	
Q9UI42	False	
Q9UI43	True	master_direct
Q9UI46	False	
Q9UI47	False	
Q9UI95	False	
Q9UIA0	False	
Q9UIA9	True	gene_patch
Q9UIB8	False	
Q9UIC8	False	
Q9UID3	False	
Q9UID6	False	
Q9UIE0	False	
Q9UIF3	True	gene_patch
Q9UIF7	False	
Q9UIF8	True	master_direct
Q9UIF9	True	master_direct
Q9UIG0	False	
Q9UIG4	False	
Q9UIG8	False	
Q9UIH9	False	
Q9UII2	False	
Q9UII4	False	
Q9UII6	False	
Q9UIJ5	False	
Q9UIJ7	False	
Q9UIK4	False	
Q9UIK5	False	
Q9UIL1	False	
Q9UIL4	False	
Q9UIL8	False	
Q9UIQ6	False	
Q9UIR0	False	
Q9UIS9	False	
Q9UIU6	False	
Q9UIV1	True	gene_patch
Q9UIV8	False	
Q9UIW0	False	
Q9UIW2	False	
Q9UIX4	False	
Q9UJ14	False	
Q9UJ37	False	
Q9UJ41	False	
Q9UJ55	False	
Q9UJ68	False	
Q9UJ70	False	
Q9UJ71	False	
Q9UJ78	False	
Q9UJ83	False	
Q9UJ90	False	
Q9UJ96	False	
Q9UJ98	False	
Q9UJA2	False	
Q9UJA3	False	
Q9UJA5	True	master_direct
Q9UJA9	False	
Q9UJC3	False	
Q9UJD0	False	
Q9UJF2	False	
Q9UJJ9	False	
Q9UJL9	False	
Q9UJM3	False	
Q9UJM8	False	
Q9UJP4	False	
Q9UJQ1	False	
Q9UJQ4	False	
Q9UJS0	False	
Q9UJT1	False	
Q9UJT2	False	
Q9UJT9	False	
Q9UJU2	False	
Q9UJU3	False	
Q9UJU5	False	
Q9UJU6	False	
Q9UJV3	False	
Q9UJV9	True	master_direct
Q9UJW0	False	
Q9UJW2	False	
Q9UJW3	False	
Q9UJW8	False	
Q9UJW9	False	
Q9UJX0	False	
Q9UJX2	False	
Q9UJX3	False	
Q9UJX4	False	
Q9UJX5	False	
Q9UJX6	False	
Q9UJY1	False	
Q9UJY4	False	
Q9UJY5	False	
Q9UJZ1	False	
Q9UK05	False	
Q9UK17	False	
Q9UK22	False	
Q9UK23	False	
Q9UK32	False	
Q9UK33	False	
Q9UK39	True	master_direct
Q9UK41	False	
Q9UK45	True	master_direct
Q9UK53	False	
Q9UK55	False	
Q9UK58	False	
Q9UK59	True	master_direct
Q9UK61	False	
Q9UK73	False	
Q9UK76	False	
Q9UK80	False	
Q9UK96	False	
Q9UK97	False	
Q9UK99	False	
Q9UKA1	False	
Q9UKA2	False	
Q9UKA4	False	
Q9UKA8	False	
Q9UKA9	True	master_direct
Q9UKB1	False	
Q9UKB3	False	
Q9UKB5	False	
Q9UKC9	False	
Q9UKD1	False	
Q9UKD2	True	master_direct
Q9UKE5	False	
Q9UKF2	False	
Q9UKF5	False	
Q9UKF6	True	master_direct
Q9UKF7	False	
Q9UKG1	False	
Q9UKG4	False	
Q9UKG9	False	
Q9UKI2	False	
Q9UKI8	False	
Q9UKI9	False	
Q9UKJ1	False	
Q9UKJ5	False	
Q9UKJ8	False	
Q9UKK3	True	master_direct
Q9UKK6	True	master_direct
Q9UKK9	False	
Q9UKL0	False	
Q9UKL3	False	
Q9UKL4	False	
Q9UKL6	False	
Q9UKM7	False	
Q9UKM9	True	master_direct
Q9UKN1	False	
Q9UKN5	False	
Q9UKN7	False	
Q9UKN8	False	
Q9UKP3	False	
Q9UKP4	False	
Q9UKP5	False	
Q9UKP6	False	
Q9UKQ2	False	
Q9UKR0	False	
Q9UKR5	False	
Q9UKS6	False	
Q9UKS7	False	
Q9UKT4	False	
Q9UKT5	False	
Q9UKT6	False	
Q9UKT7	False	
Q9UKT8	True	master_direct
Q9UKT9	False	
Q9UKU0	False	
Q9UKU6	False	
Q9UKU7	False	
Q9UKU9	False	
Q9UKV0	False	
Q9UKV3	True	master_direct
Q9UKV5	False	
Q9UKV8	True	master_direct
Q9UKW4	False	
Q9UKW6	False	
Q9UKX2	False	
Q9UKX3	False	
Q9UKX5	False	
Q9UKX7	False	
Q9UKY0	False	
Q9UKY1	False	
Q9UKY4	False	
Q9UKZ1	True	master_direct
Q9UKZ4	False	
Q9UKZ9	False	
Q9UL01	False	
Q9UL03	True	master_direct
Q9UL12	False	
Q9UL15	False	
Q9UL16	False	
Q9UL17	False	
Q9UL18	True	master_direct
Q9UL19	False	
Q9UL25	False	
Q9UL26	False	
Q9UL33	False	
Q9UL40	True	master_direct
Q9UL41	False	
Q9UL42	False	
Q9UL45	False	
Q9UL46	False	
Q9UL49	False	
Q9UL51	False	
Q9UL52	False	
Q9UL54	False	
Q9UL62	False	
Q9UL63	False	
Q9UL68	False	
Q9ULA0	False	
Q9ULB1	False	
Q9ULB4	False	
Q9ULB5	False	
Q9ULC0	False	
Q9ULC3	False	
Q9ULC4	True	master_direct
Q9ULC5	False	
Q9ULC6	False	
Q9ULC8	False	
Q9ULD0	False	
Q9ULD2	False	
Q9ULD4	False	
Q9ULD5	False	
Q9ULD6	False	
Q9ULD8	False	
Q9ULE0	False	
Q9ULE6	False	
Q9ULF5	False	
Q9ULG1	True	master_direct
Q9ULG6	False	
Q9ULH0	False	
Q9ULH1	False	
Q9ULH4	False	
Q9ULH7	False	
Q9ULI0	False	
Q9ULI2	False	
Q9ULI3	False	
Q9ULI4	False	
Q9ULJ1	False	
Q9ULJ3	False	
Q9ULJ6	False	
Q9ULJ8	False	
Q9ULK0	False	
Q9ULK4	False	
Q9ULK5	False	
Q9ULL4	False	
Q9ULL5	False	
Q9ULL8	False	
Q9ULM2	False	
Q9ULM3	False	
Q9ULM6	True	master_direct
Q9ULP0	False	
Q9ULP9	False	
Q9ULQ0	False	
Q9ULQ1	False	
Q9ULR0	True	master_direct
Q9ULR3	False	
Q9ULT0	False	
Q9ULT6	False	
Q9ULT8	False	
Q9ULU4	False	
Q9ULU8	False	
Q9ULV0	False	
Q9ULV1	False	
Q9ULV3	False	
Q9ULV4	False	
Q9ULV5	False	
Q9ULV8	False	
Q9ULW0	False	
Q9ULW2	False	
Q9ULW3	True	master_direct
Q9ULW5	False	
Q9ULW6	False	
Q9ULW8	False	
Q9ULX3	True	master_direct
Q9ULX5	False	
Q9ULX6	True	master_direct
Q9ULX7	False	
Q9ULX9	False	
Q9ULY5	False	
Q9ULZ1	False	
Q9ULZ2	False	
Q9ULZ3	False	
Q9ULZ9	False	
Q9UM00	False	
Q9UM01	False	
Q9UM07	False	
Q9UM11	False	
Q9UM13	False	
Q9UM19	False	
Q9UM21	False	
Q9UM22	False	
Q9UM44	False	
Q9UM47	False	
Q9UM54	False	
Q9UM63	False	
Q9UM73	False	
Q9UM82	False	
Q9UMD9	False	
Q9UMF0	False	
Q9UMN6	True	gene_patch
Q9UMQ3	False	
Q9UMQ6	False	
Q9UMR2	True	gene_patch
Q9UMR3	False	
Q9UMR5	False	
Q9UMR7	False	
Q9UMS0	False	
Q9UMS4	True	master_direct
Q9UMS6	False	
Q9UMW8	False	
Q9UMX0	False	
Q9UMX1	False	
Q9UMX2	False	
Q9UMX3	False	
Q9UMX5	False	
Q9UMX6	False	
Q9UMX9	False	
Q9UMY1	True	master_direct
Q9UMY4	False	
Q9UMZ2	False	
Q9UMZ3	False	
Q9UN19	False	
Q9UN36	False	
Q9UN37	False	
Q9UN42	False	
Q9UN66	False	
Q9UN72	False	
Q9UN73	False	
Q9UN74	False	
Q9UN76	False	
Q9UN79	False	
Q9UN81	False	
Q9UN86	True	master_direct
Q9UN88	False	
Q9UNA0	False	
Q9UNA1	False	
Q9UNA3	False	
Q9UNA4	True	gene_patch
Q9UNE0	False	
Q9UNE2	False	
Q9UNE7	False	
Q9UNF0	False	
Q9UNF1	False	
Q9UNG2	False	
Q9UNH5	False	
Q9UNH6	False	
Q9UNH7	False	
Q9UNI1	False	
Q9UNI6	False	
Q9UNK0	False	
Q9UNK4	False	
Q9UNK9	True	gene_patch
Q9UNL4	False	
Q9UNM6	False	
Q9UNN4	False	
Q9UNN5	False	
Q9UNN8	False	
Q9UNP4	False	
Q9UNP9	True	master_direct
Q9UNQ0	False	
Q9UNQ2	True	master_direct
Q9UNS1	False	
Q9UNS2	False	
Q9UNT1	False	
Q9UNU6	False	
Q9UNW1	False	
Q9UNW8	False	
Q9UNW9	True	master_direct
Q9UNX9	False	
Q9UNY4	True	master_direct
Q9UNY5	False	
Q9UNZ2	False	
Q9UP38	False	
Q9UP52	False	
Q9UP65	False	
Q9UP79	False	
Q9UP83	False	
Q9UP95	False	
Q9UPA5	False	
Q9UPE1	False	
Q9UPG8	False	
Q9UPI3	False	
Q9UPM6	False	
Q9UPM8	False	
Q9UPM9	False	
Q9UPN3	False	
Q9UPN4	False	
Q9UPN6	True	master_direct
Q9UPN7	False	
Q9UPN9	False	
Q9UPP1	False	
Q9UPP2	False	
Q9UPQ0	False	
Q9UPQ3	False	
Q9UPQ4	False	
Q9UPQ7	False	
Q9UPQ8	False	
Q9UPQ9	True	master_direct
Q9UPR0	False	
Q9UPR3	True	master_direct
Q9UPR5	False	
Q9UPS6	True	master_direct
Q9UPS8	False	
Q9UPT5	False	
Q9UPT6	False	
Q9UPT8	True	master_direct
Q9UPT9	False	
Q9UPU3	False	
Q9UPU5	False	
Q9UPU7	False	
Q9UPU9	True	master_direct
Q9UPV0	False	
Q9UPV9	False	
Q9UPW0	False	
Q9UPW5	False	
Q9UPW6	False	
Q9UPW8	False	
Q9UPX0	False	
Q9UPX6	False	
Q9UPX8	False	
Q9UPY3	True	master_direct
Q9UPY5	False	
Q9UPY6	False	
Q9UPY8	False	
Q9UPZ3	False	
Q9UPZ6	False	
Q9UPZ9	False	
Q9UQ03	False	
Q9UQ05	False	
Q9UQ07	False	
Q9UQ10	False	
Q9UQ13	False	
Q9UQ16	False	
Q9UQ26	False	
Q9UQ35	True	master_direct
Q9UQ49	False	
Q9UQ52	False	
Q9UQ53	False	
Q9UQ80	True	master_direct
Q9UQ84	True	master_direct
Q9UQ88	False	
Q9UQ90	False	
Q9UQB3	False	
Q9UQB8	False	
Q9UQB9	False	
Q9UQC2	False	
Q9UQC9	False	
Q9UQD0	False	
Q9UQE7	False	
Q9UQF0	False	
Q9UQF2	False	
Q9UQK1	False	
Q9UQL6	False	
Q9UQM7	False	
Q9UQN3	False	
Q9UQP3	False	
Q9UQQ1	False	
Q9UQQ2	False	
Q9UQR0	False	
Q9UQR1	False	
Q9UQV4	False	
Q9WJR5	False	
Q9Y210	False	
Q9Y215	False	
Q9Y216	False	
Q9Y217	False	
Q9Y219	False	
Q9Y221	True	master_direct
Q9Y222	False	
Q9Y223	False	
Q9Y224	False	
Q9Y225	False	
Q9Y226	False	
Q9Y227	False	
Q9Y228	False	
Q9Y230	True	master_direct
Q9Y231	False	
Q9Y232	False	
Q9Y233	False	
Q9Y234	False	
Q9Y235	True	master_direct
Q9Y237	True	master_direct
Q9Y238	False	
Q9Y239	False	
Q9Y240	False	
Q9Y241	False	
Q9Y242	False	
Q9Y243	False	
Q9Y244	False	
Q9Y247	False	
Q9Y248	False	
Q9Y250	False	
Q9Y251	False	
Q9Y252	False	
Q9Y253	False	
Q9Y255	False	
Q9Y256	False	
Q9Y257	False	
Q9Y258	False	
Q9Y259	False	
Q9Y261	False	
Q9Y262	True	gene_patch
Q9Y263	False	
Q9Y264	False	
Q9Y265	True	master_direct
Q9Y266	False	
Q9Y267	False	
Q9Y271	False	
Q9Y272	False	
Q9Y274	False	
Q9Y275	False	
Q9Y276	False	
Q9Y277	False	
Q9Y278	False	
Q9Y279	False	
Q9Y281	False	
Q9Y282	False	
Q9Y283	False	
Q9Y284	False	
Q9Y285	True	gene_patch
Q9Y286	False	
Q9Y287	False	
Q9Y289	False	
Q9Y294	False	
Q9Y295	True	master_direct
Q9Y296	False	
Q9Y297	False	
Q9Y2A7	False	
Q9Y2A9	False	
Q9Y2B0	False	
Q9Y2B1	False	
Q9Y2B2	False	
Q9Y2B4	False	
Q9Y2B5	False	
Q9Y2C2	False	
Q9Y2C3	False	
Q9Y2C4	False	
Q9Y2C5	False	
Q9Y2C9	False	
Q9Y2D0	False	
Q9Y2D1	False	
Q9Y2D2	False	
Q9Y2D4	False	
Q9Y2D5	False	
Q9Y2D8	False	
Q9Y2D9	False	
Q9Y2E5	False	
Q9Y2E6	False	
Q9Y2E8	False	
Q9Y2F5	False	
Q9Y2G0	False	
Q9Y2G1	False	
Q9Y2G2	False	
Q9Y2G3	False	
Q9Y2G5	False	
Q9Y2G8	False	
Q9Y2G9	False	
Q9Y2H0	False	
Q9Y2H1	False	
Q9Y2H2	False	
Q9Y2H6	False	
Q9Y2H9	False	
Q9Y2I1	False	
Q9Y2I2	False	
Q9Y2I6	False	
Q9Y2I7	False	
Q9Y2I8	False	
Q9Y2I9	False	
Q9Y2J0	False	
Q9Y2J2	False	
Q9Y2J4	False	
Q9Y2J8	False	
Q9Y2K1	False	
Q9Y2K2	False	
Q9Y2K3	False	
Q9Y2K5	True	gene_patch
Q9Y2K6	False	
Q9Y2K7	False	
Q9Y2K9	False	
Q9Y2L1	True	master_direct
Q9Y2L5	False	
Q9Y2L9	False	
Q9Y2M0	False	
Q9Y2M2	False	
Q9Y2M5	False	
Q9Y2N7	False	
Q9Y2P0	True	master_direct
Q9Y2P4	False	
Q9Y2P5	False	
Q9Y2P7	False	
Q9Y2P8	True	gene_patch
Q9Y2Q0	False	
Q9Y2Q3	False	
Q9Y2Q5	False	
Q9Y2R0	False	
Q9Y2R2	False	
Q9Y2R4	True	master_direct
Q9Y2S2	False	
Q9Y2S7	False	
Q9Y2T1	False	
Q9Y2T2	False	
Q9Y2T3	False	
Q9Y2T6	False	
Q9Y2T7	True	master_direct
Q9Y2U5	False	
Q9Y2U8	True	master_direct
Q9Y2U9	False	
Q9Y2V0	False	
Q9Y2V2	True	master_direct
Q9Y2V3	False	
Q9Y2V7	False	
Q9Y2W1	True	master_direct
Q9Y2W2	False	
Q9Y2W3	False	
Q9Y2W6	True	master_direct
Q9Y2W7	False	
Q9Y2X0	False	
Q9Y2X3	True	master_direct
Q9Y2X7	False	
Q9Y2X8	False	
Q9Y2X9	False	
Q9Y2Y0	False	
Q9Y2Y1	False	
Q9Y2Y4	False	
Q9Y2Y6	False	
Q9Y2Y8	False	
Q9Y2Y9	False	
Q9Y2Z0	False	
Q9Y2Z2	True	master_direct
Q9Y2Z4	True	master_direct
Q9Y2Z9	False	
Q9Y303	False	
Q9Y305	False	
Q9Y314	False	
Q9Y315	False	
Q9Y316	False	
Q9Y320	False	
Q9Y324	True	gene_patch
Q9Y328	False	
Q9Y333	True	master_direct
Q9Y336	False	
Q9Y337	False	
Q9Y342	False	
Q9Y345	False	
Q9Y365	False	
Q9Y366	False	
Q9Y371	False	
Q9Y375	False	
Q9Y376	False	
Q9Y383	False	
Q9Y385	False	
Q9Y388	True	master_direct
Q9Y394	False	
Q9Y397	False	
Q9Y399	True	master_direct
Q9Y3A0	False	
Q9Y3A2	True	master_direct
Q9Y3A3	False	
Q9Y3A4	True	master_direct
Q9Y3A5	True	master_direct
Q9Y3A6	False	
Q9Y3B2	True	gene_patch
Q9Y3B3	False	
Q9Y3B4	True	master_direct
Q9Y3B7	True	master_direct
Q9Y3B8	False	
Q9Y3C0	False	
Q9Y3C4	True	master_direct
Q9Y3C5	False	
Q9Y3C6	False	
Q9Y3C7	False	
Q9Y3C8	False	
Q9Y3D0	False	
Q9Y3D2	False	
Q9Y3D6	False	
Q9Y3D7	False	
Q9Y3D8	False	
Q9Y3D9	True	master_direct
Q9Y3E0	False	
Q9Y3E2	False	
Q9Y3E5	True	master_direct
Q9Y3E7	False	
Q9Y3F4	True	master_direct
Q9Y3I0	True	master_direct
Q9Y3I1	False	
Q9Y3L3	False	
Q9Y3L5	False	
Q9Y3M2	False	
Q9Y3M8	False	
Q9Y3M9	False	
Q9Y3P8	False	
Q9Y3P9	False	
Q9Y3Q0	False	
Q9Y3Q3	False	
Q9Y3Q4	False	
Q9Y3Q7	False	
Q9Y3Q8	False	
Q9Y3R0	False	
Q9Y3R4	False	
Q9Y3R5	False	
Q9Y3S1	False	
Q9Y3S2	False	
Q9Y3T9	True	master_direct
Q9Y3U8	True	master_direct
Q9Y3V2	False	
Q9Y3Y2	True	master_direct
Q9Y3Y4	False	
Q9Y3Z3	True	master_direct
Q9Y446	False	
Q9Y448	False	
Q9Y450	True	gene_patch
Q9Y458	False	
Q9Y462	False	
Q9Y463	False	
Q9Y466	False	
Q9Y467	False	
Q9Y468	False	
Q9Y473	True	master_direct
Q9Y478	False	
Q9Y483	False	
Q9Y484	False	
Q9Y487	False	
Q9Y490	False	
Q9Y493	False	
Q9Y496	False	
Q9Y4A5	False	
Q9Y4A8	False	
Q9Y4B4	True	master_direct
Q9Y4B5	False	
Q9Y4B6	False	
Q9Y4C0	False	
Q9Y4C1	False	
Q9Y4C2	False	
Q9Y4C4	False	
Q9Y4C5	False	
Q9Y4C8	True	master_direct
Q9Y4D1	False	
Q9Y4D2	False	
Q9Y4D7	False	
Q9Y4D8	False	
Q9Y4E1	False	
Q9Y4E5	False	
Q9Y4E8	False	
Q9Y4F1	False	
Q9Y4F3	True	master_direct
Q9Y4F4	False	
Q9Y4F9	False	
Q9Y4G2	False	
Q9Y4G6	False	
Q9Y4G8	False	
Q9Y4H2	False	
Q9Y4H4	False	
Q9Y4I1	False	
Q9Y4J8	False	
Q9Y4K0	False	
Q9Y4K3	False	
Q9Y4K4	False	
Q9Y4L1	False	
Q9Y4L5	False	
Q9Y4P1	False	
Q9Y4P3	False	
Q9Y4P8	False	
Q9Y4P9	False	
Q9Y4R7	False	
Q9Y4R8	False	
Q9Y4U1	False	
Q9Y4W2	False	
Q9Y4W6	False	
Q9Y4X0	False	
Q9Y4X3	False	
Q9Y4X4	False	
Q9Y4X5	False	
Q9Y4Y9	True	master_direct
Q9Y4Z0	True	master_direct
Q9Y4Z2	False	
Q9Y508	False	
Q9Y512	False	
Q9Y520	False	
Q9Y530	False	
Q9Y535	False	
Q9Y547	False	
Q9Y548	False	
Q9Y561	False	
Q9Y566	False	
Q9Y570	False	
Q9Y572	False	
Q9Y574	False	
Q9Y575	False	
Q9Y576	False	
Q9Y577	False	
Q9Y580	True	master_direct
Q9Y584	False	
Q9Y586	False	
Q9Y587	False	
Q9Y592	False	
Q9Y597	False	
Q9Y5A6	False	
Q9Y5A7	False	
Q9Y5A9	True	master_direct
Q9Y5B0	False	
Q9Y5B8	False	
Q9Y5B9	False	
Q9Y5C1	False	
Q9Y5E1	False	
Q9Y5E3	False	
Q9Y5E9	False	
Q9Y5F1	False	
Q9Y5F2	False	
Q9Y5F7	False	
Q9Y5G9	False	
Q9Y5H5	False	
Q9Y5H8	False	
Q9Y5H9	False	
Q9Y5I2	False	
Q9Y5I3	False	
Q9Y5I7	False	
Q9Y5J1	True	master_direct
Q9Y5J3	False	
Q9Y5J5	False	
Q9Y5J6	False	
Q9Y5J7	False	
Q9Y5K1	False	
Q9Y5K2	False	
Q9Y5K3	False	
Q9Y5K5	False	
Q9Y5K6	False	
Q9Y5K8	False	
Q9Y5L0	True	gene_patch
Q9Y5L2	False	
Q9Y5L3	False	
Q9Y5L4	False	
Q9Y5N1	False	
Q9Y5N5	False	
Q9Y5N6	False	
Q9Y5P3	False	
Q9Y5P4	False	
Q9Y5P6	False	
Q9Y5P8	False	
Q9Y5Q0	False	
Q9Y5Q3	False	
Q9Y5Q5	False	
Q9Y5Q6	False	
Q9Y5Q8	False	
Q9Y5Q9	False	
Q9Y5R2	False	
Q9Y5R4	False	
Q9Y5R5	False	
Q9Y5R6	False	
Q9Y5S1	False	
Q9Y5S2	False	
Q9Y5S8	False	
Q9Y5S9	False	
Q9Y5T4	False	
Q9Y5T5	False	
Q9Y5U2	False	
Q9Y5U4	False	
Q9Y5U5	False	
Q9Y5U8	False	
Q9Y5U9	False	
Q9Y5V3	False	
Q9Y5W3	False	
Q9Y5W5	False	
Q9Y5W7	False	
Q9Y5W8	False	
Q9Y5W9	False	
Q9Y5X0	False	
Q9Y5X1	False	
Q9Y5X2	False	
Q9Y5X3	False	
Q9Y5X4	False	
Q9Y5X5	False	
Q9Y5X9	False	
Q9Y5Y0	False	
Q9Y5Y2	False	
Q9Y5Y4	False	
Q9Y5Y5	False	
Q9Y5Y6	False	
Q9Y5Y7	False	
Q9Y5Y9	False	
Q9Y5Z0	False	
Q9Y5Z4	False	
Q9Y5Z7	False	
Q9Y5Z9	False	
Q9Y600	False	
Q9Y603	False	
Q9Y605	False	
Q9Y606	True	master_direct
Q9Y608	False	
Q9Y613	False	
Q9Y615	False	
Q9Y616	False	
Q9Y617	False	
Q9Y618	False	
Q9Y619	False	
Q9Y620	False	
Q9Y623	False	
Q9Y624	False	
Q9Y625	False	
Q9Y639	False	
Q9Y646	False	
Q9Y653	False	
Q9Y657	False	
Q9Y662	False	
Q9Y663	False	
Q9Y664	False	
Q9Y666	False	
Q9Y672	False	
Q9Y673	False	
Q9Y676	True	master_direct
Q9Y678	False	
Q9Y679	False	
Q9Y680	False	
Q9Y691	False	
Q9Y692	False	
Q9Y694	False	
Q9Y696	False	
Q9Y697	True	master_direct
Q9Y698	False	
Q9Y6A1	False	
Q9Y6A2	False	
Q9Y6A4	False	
Q9Y6A5	False	
Q9Y6A9	False	
Q9Y6B2	False	
Q9Y6B6	False	
Q9Y6B7	False	
Q9Y6C2	False	
Q9Y6C5	False	
Q9Y6C9	False	
Q9Y6D0	False	
Q9Y6D5	False	
Q9Y6D6	False	
Q9Y6D9	False	
Q9Y6E0	False	
Q9Y6E2	True	gene_patch
Q9Y6E7	False	
Q9Y6F1	False	
Q9Y6F6	False	
Q9Y6F8	False	
Q9Y6F9	False	
Q9Y6G1	False	
Q9Y6G5	False	
Q9Y6G9	False	
Q9Y6H1	False	
Q9Y6H3	False	
Q9Y6H5	False	
Q9Y6H6	False	
Q9Y6H8	False	
Q9Y6I3	False	
Q9Y6I4	False	
Q9Y6I7	False	
Q9Y6I9	False	
Q9Y6J0	False	
Q9Y6J6	False	
Q9Y6J8	False	
Q9Y6J9	False	
Q9Y6K0	False	
Q9Y6K1	False	
Q9Y6K5	True	master_direct
Q9Y6K8	False	
Q9Y6K9	False	
Q9Y6L6	False	
Q9Y6L7	False	
Q9Y6M0	False	
Q9Y6M1	True	master_direct
Q9Y6M4	False	
Q9Y6M5	False	
Q9Y6M7	False	
Q9Y6M9	False	
Q9Y6N1	False	
Q9Y6N5	False	
Q9Y6N6	False	
Q9Y6N7	False	
Q9Y6N8	False	
Q9Y6N9	False	
Q9Y6P5	False	
Q9Y6Q1	False	
Q9Y6Q2	False	
Q9Y6Q5	False	
Q9Y6Q6	False	
Q9Y6Q9	False	
Q9Y6R0	False	
Q9Y6R1	False	
Q9Y6R4	False	
Q9Y6R7	False	
Q9Y6R9	False	
Q9Y6T7	False	
Q9Y6U3	False	
Q9Y6V0	False	
Q9Y6V7	False	
Q9Y6W3	False	
Q9Y6W5	False	
Q9Y6W6	False	
Q9Y6W8	False	
Q9Y6X0	False	
Q9Y6X1	False	
Q9Y6X2	False	
Q9Y6X3	False	
Q9Y6X5	False	
Q9Y6X6	False	
Q9Y6X8	False	
Q9Y6X9	False	
Q9Y6Y0	False	
Q9Y6Y1	False	
Q9Y6Y8	False	
Q9Y6Y9	False	
Q9Y6Z7	False	
W5XKT8	False	
A0A024RBG1	False	
A0A075B6J9	False	
A0A075B6N1	False	
A0A087WT01	False	
A0A087X0K7	False	
A0A0K0K1A5	False	
A0A1B0GTB2	False	
A0A1B0GTQ4	False	
A0A1B0GV85	False	
A0A1B0GVQ0	False	
A0A5B9	False	
A0A7P0TBJ1	False	
A0AVI2	True	gene_patch
A0M8Q6	False	
A0PJW6	False	
A0PJW8	False	
A0PJX0	False	
A0PJZ3	False	
A1A5D9	False	
A1L020	True	master_direct
A1L188	False	
A1YPR0	False	
A2A2V5	False	
A2A3K4	False	
A2AJT9	False	
A2NJV5	False	
A2RRD8	False	
A2RUS2	False	
A2VCK2	False	
A2VDF0	False	
A4D0T7	False	
A4D2G3	False	
A4FU01	False	
A4FU69	False	
A4IF30	False	
A4QMS7	False	
A5D6W6	False	
A6NC51	False	
A6NCE7	False	
A6NCW0	False	
A6ND48	False	
A6NDA9	False	
A6NDE4	True	master_direct
A6NDP7	False	
A6NDU8	False	
A6NEQ0	True	master_direct
A6NF83	False	
A6NFD8	False	
A6NFK2	False	
A6NFN3	True	master_direct
A6NFR6	False	
A6NGB9	False	
A6NGC4	False	
A6NGE7	False	
A6NGY5	False	
A6NH00	False	
A6NHC0	False	
A6NHQ4	False	
A6NI28	False	
A6NI79	False	
A6NJ46	False	
A6NJB7	False	
A6NJG6	False	
A6NJL1	False	
A6NJW9	False	
A6NK97	False	
A6NKF1	False	
A6NL88	False	
A6NLJ0	False	
A6NLW8	False	
A6NLX3	False	
A6NM10	False	
A6NMB1	False	
A6NMN3	False	
A6NND4	False	
A6NNE9	False	
A6NNS2	False	
A6NNW6	False	
A6XGL0	False	
A6ZKI3	False	
A7E2F4	False	
A7MBM2	False	
A7XYQ1	False	
A8K855	False	
A8K979	True	master_direct
A8MPP1	False	
A8MTL3	False	
A8MU46	False	
A8MUK1	False	
A8MV81	False	
A8MWX3	False	
A8MWY0	False	
A8MXK1	False	
A8MYP8	False	
B2RC85	False	
B2RU33	False	
B2RXH8	False	
B3EWF7	False	
B3EWG3	False	
B4DJY2	False	
B4DS77	False	
B7Z8K6	False	
B8ZZ34	False	
B9EJG8	False	
C0HLU2	False	
C0HLV8	False	
C0HM02	False	
C0HM98	False	
C0HMA1	False	
E9PAV3	False	
G9CGD6	False	
H3BRN8	False	
I0J062	False	
O00295	False	
O00515	False	
O00534	False	
O00570	False	
O14545	False	
O14599	False	
O14602	True	master_direct
O14668	False	
O14709	False	
O14841	False	
O14957	False	
O15016	False	
O15034	False	
O15037	True	master_direct
O15063	False	
O15069	False	
O15090	False	
O15235	True	master_direct
O15321	False	
O15335	False	
O15375	False	
O15403	False	
O15539	False	
O43247	False	
O43301	False	
O43345	False	
O43347	True	master_direct
O43414	False	
O43555	False	
O43638	False	
O43657	False	
O43677	False	
O43692	False	
O43736	False	
O43763	False	
O43812	False	
O43824	False	
O43908	False	
O43934	False	
O60224	False	
O60225	False	
O60234	False	
O60262	False	
O60279	False	
O60299	False	
O60330	False	
O60347	False	
O60412	False	
O60422	False	
O60522	True	master_direct
O60542	False	
O60676	False	
O60732	False	
O60765	False	
O60774	False	
O60811	False	
O71037	False	
O75064	False	
O75123	True	master_direct
O75153	False	
O75157	False	
O75310	False	
O75325	False	
O75335	False	
O75346	False	
O75363	False	
O75373	False	
O75388	False	
O75394	True	master_direct
O75437	True	master_direct
O75459	False	
O75493	False	
O75526	True	master_direct
O75541	False	
O75596	False	
O75635	False	
O75678	False	
O75683	False	
O75690	False	
O75711	False	
O75715	False	
O75764	False	
O75820	False	
O75830	False	
O75901	False	
O75953	False	
O75954	False	
O75973	False	
O75995	False	
O76001	False	
O76002	False	
O76009	False	
O76038	False	
O76080	False	
O76099	False	
O94772	False	
O94854	False	
O94903	False	
O94952	False	
O94967	False	
O94988	False	
O95007	False	
O95025	False	
O95076	False	
O95081	False	
O95084	False	
O95096	False	
O95164	False	
O95168	False	
O95178	False	
O95199	False	
O95222	False	
O95336	False	
O95371	False	
O95411	False	
O95478	True	gene_patch
O95620	True	master_direct
O95625	False	
O95661	False	
O95665	False	
O95685	False	
O95757	False	
O95759	False	
O95780	False	
O95800	False	
O95838	False	
O95841	False	
O95918	False	
O95976	False	
P01566	False	
P01569	False	
P01599	False	
P01601	False	
P01611	False	
P01614	False	
P01624	False	
P01703	False	
P01714	False	
P01715	False	
P01717	False	
P01718	False	
P01733	False	
P01743	False	
P01762	False	
P01763	False	
P01766	False	
P01767	False	
P01782	False	
P01824	False	
P04211	False	
P04430	False	
P04432	False	
P04433	False	
P04435	False	
P04437	False	
P04808	False	
P05013	False	
P05015	False	
P06310	False	
P06315	False	
P06331	False	
P07311	False	
P07316	False	
P09001	True	gene_patch
P09093	False	
P09105	False	
P09630	False	
P0C1H6	False	
P0C645	False	
P0C7H8	False	
P0C7M3	False	
P0C7M4	False	
P0C7M7	False	
P0C7P1	True	master_direct
P0C7Q5	False	
P0C7U3	False	
P0C862	False	
P0C8F1	False	
P0CE72	False	
P0CF74	False	
P0CG13	False	
P0CG21	False	
P0CG29	False	
P0CG38	False	
P0CG39	False	
P0CI25	False	
P0CW23	False	
P0DJ07	False	
P0DJD4	False	
P0DKB6	False	
P0DMP2	False	
P0DN77	False	
P0DN78	False	
P0DN87	False	
P0DPI2	False	
P0DTW3	False	
P0DUQ2	False	
P0DW28	False	
P0DW81	False	
P0DY56	False	
P10072	False	
P10266	False	
P12872	False	
P15088	False	
P15621	False	
P16415	False	
P17019	False	
P17025	False	
P17026	False	
P17029	False	
P17030	False	
P17031	False	
P17032	False	
P17035	False	
P17038	False	
P17039	True	master_direct
P17097	False	
P17098	False	
P17538	False	
P19961	False	
P21506	True	master_direct
P22090	True	master_direct
P22531	False	
P22532	False	
P22676	False	
P29762	False	
P30408	False	
P30953	False	
P30954	False	
P31267	False	
P31277	False	
P32314	False	
P33552	False	
P34820	False	
P35325	False	
P35542	False	
P36915	False	
P40313	False	
P43116	False	
P43363	False	
P47874	False	
P47883	False	
P47887	False	
P47888	False	
P47890	False	
P47893	False	
P47972	False	
P48060	False	
P49406	True	master_direct
P49441	False	
P49640	False	
P49750	False	
P51504	False	
P51508	True	master_direct
P51522	False	
P51523	False	
P51689	False	
P51815	False	
P52737	False	
P52740	False	
P52741	False	
P52746	False	
P52951	False	
P54107	False	
P54792	False	
P54793	False	
P55082	False	
P55103	False	
P55808	False	
P56179	False	
P56277	False	
P56278	False	
P57058	False	
P57077	False	
P57723	True	master_direct
P57730	False	
P57773	False	
P57775	False	
P58062	False	
P58166	False	
P58173	False	
P58182	False	
P58294	False	
P58317	False	
P58557	False	
P58658	False	
P58872	False	
P59025	False	
P59045	False	
P59074	False	
P59282	False	
P59533	False	
P59534	False	
P59535	False	
P59537	False	
P59538	False	
P59540	False	
P59543	False	
P59646	False	
P59796	False	
P59797	False	
P59826	False	
P59827	False	
P60153	True	master_direct
P60331	False	
P60369	False	
P60413	False	
P60509	False	
P60608	False	
P60827	False	
P60893	False	
P60983	False	
P61366	False	
P61550	False	
P61565	False	
P61566	False	
P61567	False	
P62684	False	
P63123	False	
P63126	False	
P63129	False	
P63130	False	
P63131	False	
P63132	False	
P63133	False	
P63135	False	
P63136	False	
P63145	False	
P63313	False	
P78414	False	
P81277	False	
P81877	False	
P82663	True	master_direct
P82673	True	master_direct
P82675	True	master_direct
P82912	True	master_direct
P82914	True	master_direct
P82921	False	
P82933	True	master_direct
P82970	False	
P82980	False	
P83859	False	
P84101	False	
P86791	False	
P87889	False	
P98169	False	
Q00888	False	
Q01995	False	
Q02045	False	
Q02338	False	
Q02386	False	
Q02509	False	
Q03169	False	
Q03701	True	master_direct
Q03828	False	
Q03924	False	
Q03936	False	
Q05048	True	master_direct
Q05952	False	
Q06732	False	
Q07507	False	
Q08ER8	False	
Q0D2J5	False	
Q0P6D6	False	
Q0VDG4	False	
Q0VFZ6	False	
Q0ZLH3	False	
Q12796	False	
Q12988	False	
Q12999	False	
Q13103	False	
Q13106	False	
Q13203	False	
Q13304	False	
Q13401	False	
Q13434	False	
Q13442	False	
Q13474	False	
Q13506	False	
Q13606	False	
Q13607	False	
Q13938	False	
Q14093	False	
Q14094	False	
Q14201	False	
Q14206	True	master_direct
Q14330	False	
Q14409	False	
Q14439	False	
Q14576	True	master_direct
Q14582	False	
Q14588	False	
Q14590	False	
Q14593	False	
Q14641	False	
Q14681	False	
Q14952	False	
Q14C87	False	
Q14CX5	False	
Q15035	False	
Q15048	False	
Q15198	False	
Q15238	False	
Q15390	False	
Q15391	False	
Q15404	False	
Q15612	False	
Q15620	False	
Q15651	False	
Q15695	False	
Q15760	False	
Q15773	False	
Q15847	False	
Q16378	False	
Q16538	False	
Q16589	False	
Q17RB0	False	
Q17RF5	False	
Q17RH7	False	
Q17RN3	True	master_direct
Q17RR3	False	
Q17RY6	False	
Q1L6U9	False	
Q1ZZU3	False	
Q2KJY2	False	
Q2L4Q9	False	
Q2M2H8	False	
Q2M2I3	False	
Q2M3D2	False	
Q2M3G4	False	
Q2MJR0	False	
Q2NKX9	False	
Q2NL68	False	
Q2NL82	True	master_direct
Q2NL98	False	
Q2PZI1	False	
Q2QL34	False	
Q2T9K0	False	
Q2T9L4	False	
Q2TAP0	False	
Q2TBC4	False	
Q2VIR3	True	master_direct
Q2VWP7	False	
Q2VYF4	False	
Q30KP8	False	
Q30KQ9	False	
Q32M78	False	
Q32MH5	False	
Q32ZL2	False	
Q3B8N2	False	
Q3B8N5	False	
Q3BBV0	False	
Q3KPI0	False	
Q3KQU3	False	
Q3LI77	False	
Q3MIN7	False	
Q3MIS6	False	
Q3MIW9	False	
Q3MJ13	False	
Q3SXZ7	False	
Q3SY17	False	
Q3SY52	False	
Q3ZCN5	False	
Q3ZCQ3	False	
Q3ZCT1	False	
Q3ZCX4	False	
Q495N2	False	
Q495X7	False	
Q496Y0	False	
Q49AA0	False	
Q49AH0	False	
Q49SQ1	False	
Q4G0A6	False	
Q4G0F5	False	
Q4G0T1	False	
Q4G112	False	
Q4G148	False	
Q4G1C9	False	
Q4L235	False	
Q4LEZ3	False	
Q4U2R6	True	master_direct
Q4V339	False	
Q4VNC0	False	
Q4VX76	False	
Q4ZIN3	False	
Q504Y3	False	
Q50KZ9	False	
Q52LR7	False	
Q52MB2	False	
Q52WX2	False	
Q53G44	False	
Q53GA4	False	
Q53QW1	False	
Q53RD9	False	
Q53S08	False	
Q53T59	False	
Q562R1	False	
Q567V2	False	
Q587J7	True	master_direct
Q58FF8	False	
Q58G82	False	
Q5BIV9	False	
Q5BKT4	False	
Q5DT21	False	
Q5EBL2	False	
Q5FWE3	False	
Q5FWF6	False	
Q5FYB0	False	
Q5GAN6	True	master_direct
Q5GJ75	False	
Q5H9T9	False	
Q5H9U9	True	master_direct
Q5HY92	False	
Q5HYI7	False	
Q5HYJ1	False	
Q5HYK9	False	
Q5HYL7	False	
Q5HYM0	True	master_direct
Q5I0X4	False	
Q5J5C9	False	
Q5JQC4	False	
Q5JR12	False	
Q5JRM2	False	
Q5JT82	False	
Q5JU00	False	
Q5JU69	False	
Q5JUW0	False	
Q5JUX0	False	
Q5JWR5	False	
Q5JXA9	False	
Q5M9Q1	False	
Q5MAI5	False	
Q5MJ09	False	
Q5MJ68	False	
Q5QJ74	False	
Q5RIA9	False	
Q5SRI9	False	
Q5SRN2	False	
Q5SZJ8	False	
Q5T013	False	
Q5T0D9	False	
Q5T0L3	False	
Q5T1Q4	False	
Q5T215	False	
Q5T2E6	False	
Q5T2L2	False	
Q5T4T1	False	
Q5T653	True	gene_patch
Q5T6J7	False	
Q5T6L9	False	
Q5T7N2	True	master_direct
Q5T871	False	
Q5T9C9	False	
Q5TAH2	False	
Q5TBC7	False	
Q5TC12	False	
Q5TC79	False	
Q5TDP6	False	
Q5TEA6	False	
Q5TEC3	False	
Q5TF39	False	
Q5TFQ8	False	
Q5TH69	False	
Q5TH74	False	
Q5TYM5	False	
Q5TYW1	False	
Q5U5R9	False	
Q5U623	False	
Q5VT97	False	
Q5VTE0	False	
Q5VTH2	False	
Q5VTH9	False	
Q5VTQ0	False	
Q5VU65	False	
Q5VU97	False	
Q5VUJ9	False	
Q5VV17	False	
Q5VV52	False	
Q5VVH5	False	
Q5VVW2	False	
Q5VWW1	False	
Q5VXH4	False	
Q5VXJ0	False	
Q5VXT5	False	
Q5VXU1	False	
Q5VYS4	False	
Q5VZ52	False	
Q5VZB9	False	
Q5VZP5	False	
Q5W0U4	False	
Q5XG92	False	
Q5XX13	False	
Q63HK3	False	
Q63HM1	False	
Q641Q3	False	
Q658Y4	False	
Q66K14	False	
Q66K41	False	
Q66K66	False	
Q66LE6	False	
Q68BL7	False	
Q68BL8	False	
Q68CL5	False	
Q68D51	False	
Q68DH5	False	
Q68DN1	False	
Q68DU8	False	
Q68DY1	False	
Q69YU5	False	
Q6A1A2	False	
Q6A555	False	
Q6AHZ1	False	
Q6AZW8	True	master_direct
Q6B0K9	False	
Q6DD87	False	
Q6DHY5	False	
Q6DWJ6	False	
Q6EKJ0	True	gene_patch
Q6GMV3	True	master_direct
Q6H9L7	False	
Q6IAN0	False	
Q6IEE7	False	
Q6IMI4	False	
Q6IPR1	False	
Q6IPR3	True	master_direct
Q6IPT4	False	
Q6IQ32	False	
Q6ISS4	False	
Q6IV72	False	
Q6J272	False	
Q6JEL2	False	
Q6MZT1	False	
Q6MZW2	False	
Q6N063	False	
Q6NSX1	False	
Q6NSZ9	False	
Q6NT32	False	
Q6NUJ1	False	
Q6NUK4	False	
Q6NUM6	False	
Q6NUM9	False	
Q6NUQ4	False	
Q6NVV7	False	
Q6NXE6	False	
Q6NXR4	False	
Q6NY19	False	
Q6P1K8	False	
Q6P1L8	True	master_direct
Q6P2I3	False	
Q6P3R8	False	
Q6P3S6	False	
Q6P444	False	
Q6P499	False	
Q6P4A7	False	
Q6P4D5	False	
Q6P4E1	False	
Q6P582	False	
Q6P5S2	False	
Q6P656	False	
Q6P7N7	False	
Q6P996	False	
Q6P9A1	False	
Q6P9G4	False	
Q6P9H5	False	
Q6PB30	False	
Q6PEY0	False	
Q6PEZ8	False	
Q6PF04	False	
Q6PI73	False	
Q6PII3	False	
Q6PIS1	False	
Q6PJQ5	False	
Q6PK18	False	
Q6PK81	False	
Q6PKH6	False	
Q6Q8B3	False	
Q6QEF8	False	
Q6R2W3	True	master_direct
Q6RSH7	False	
Q6SJ96	False	
Q6T310	False	
Q6T4P5	False	
Q6TDP4	False	
Q6TDU7	False	
Q6UW01	False	
Q6UW32	False	
Q6UWD8	False	
Q6UWH4	False	
Q6UWL2	False	
Q6UWM5	False	
Q6UWM7	False	
Q6UWM9	False	
Q6UWQ7	False	
Q6UWT2	False	
Q6UWT4	False	
Q6UWV2	False	
Q6UWW9	False	
Q6UX07	False	
Q6UX52	False	
Q6UX73	False	
Q6UXA7	False	
Q6UXC1	False	
Q6UXE8	False	
Q6UXH9	False	
Q6UXI7	False	
Q6UXK5	False	
Q6UXM1	False	
Q6UXN2	False	
Q6UXT9	False	
Q6UXU4	False	
Q6UXX5	False	
Q6UY11	False	
Q6VUC0	False	
Q6W3E5	False	
Q6WBX8	False	
Q6X784	False	
Q6X9E4	False	
Q6XPR3	False	
Q6XYB7	False	
Q6Y2X3	False	
Q6YFQ2	False	
Q6YI46	False	
Q6ZMD2	False	
Q6ZMR3	False	
Q6ZMV9	False	
Q6ZN06	False	
Q6ZN11	False	
Q6ZN28	False	
Q6ZNA5	False	
Q6ZNB6	False	
Q6ZNW5	False	
Q6ZP65	False	
Q6ZR52	False	
Q6ZRH7	False	
Q6ZS27	False	
Q6ZS72	False	
Q6ZS81	False	
Q6ZS82	False	
Q6ZS86	False	
Q6ZSG2	False	
Q6ZTI6	False	
Q6ZTR7	False	
Q6ZTW0	False	
Q6ZU65	False	
Q6ZUB1	False	
Q6ZUT9	False	
Q6ZUV0	False	
Q6ZVH7	False	
Q6ZVX7	False	
Q6ZVX9	False	
Q6ZW05	False	
Q6ZWE6	False	
Q6ZWJ8	False	
Q6ZWK6	False	
Q701N2	False	
Q717R9	False	
Q71RH2	False	
Q76B58	False	
Q76KP1	False	
Q76M96	False	
Q7L0R7	False	
Q7L3S4	False	
Q7L3T8	True	master_direct
Q7L8C5	False	
Q7L8W6	False	
Q7L9B9	False	
Q7LDI9	False	
Q7M4L6	False	
Q7RTR8	False	
Q7RTT5	False	
Q7RTU9	False	
Q7RTV2	False	
Q7RTV3	False	
Q7RTY5	False	
Q7RTY7	False	
Q7RTY9	False	
Q7RTZ2	False	
Q7Z2K8	False	
Q7Z2W9	True	master_direct
Q7Z340	False	
Q7Z398	False	
Q7Z3T1	False	
Q7Z3Z3	True	gene_patch
Q7Z402	False	
Q7Z404	False	
Q7Z444	False	
Q7Z4J2	False	
Q7Z4M0	False	
Q7Z4P5	False	
Q7Z553	False	
Q7Z5A4	False	
Q7Z5H4	False	
Q7Z5H5	False	
Q7Z5L3	False	
Q7Z5M5	False	
Q7Z5M8	False	
Q7Z601	False	
Q7Z692	False	
Q7Z6K3	False	
Q7Z6Z6	False	
Q7Z7B7	False	
Q7Z7F7	True	master_direct
Q7Z7J5	False	
Q7Z7J7	False	
Q7Z7K0	False	
Q7Z7L9	False	
Q7Z7M1	False	
Q86SG5	False	
Q86SG7	False	
Q86SH2	False	
Q86SP6	False	
Q86TA1	False	
Q86TD4	False	
Q86TJ5	False	
Q86TM3	True	master_direct
Q86TN4	True	gene_patch
Q86U38	True	master_direct
Q86UA1	True	master_direct
Q86UB9	False	
Q86UE3	False	
Q86UP6	False	
Q86UP8	True	gene_patch
Q86UU1	False	
Q86UW8	False	
Q86UY8	False	
Q86UZ6	False	
Q86V21	False	
Q86VD1	False	
Q86VH4	False	
Q86VI1	False	
Q86VR7	False	
Q86VU5	False	
Q86VZ4	False	
Q86W33	False	
Q86W34	False	
Q86W67	False	
Q86WC6	False	
Q86WI0	False	
Q86WK7	False	
Q86WK9	False	
Q86WN2	False	
Q86WS3	False	
Q86WW8	False	
Q86X10	False	
Q86X19	False	
Q86X27	False	
Q86XD5	False	
Q86XH1	False	
Q86XI6	False	
Q86XN7	False	
Q86XP6	False	
Q86XR2	False	
Q86XR5	False	
Q86XT9	False	
Q86XW9	False	
Q86Y22	False	
Q86Y79	True	master_direct
Q86YE8	False	
Q86YH2	False	
Q86YJ6	False	
Q86YL5	False	
Q86YQ8	False	
Q86YV6	False	
Q8IUC0	False	
Q8IUE0	False	
Q8IUE1	False	
Q8IUK8	False	
Q8IUR0	False	
Q8IUZ0	False	
Q8IV01	False	
Q8IV13	False	
Q8IVV2	False	
Q8IVW1	False	
Q8IW03	False	
Q8IW36	False	
Q8IW93	False	
Q8IWB9	False	
Q8IWF6	False	
Q8IWP9	False	
Q8IWR0	True	master_direct
Q8IX06	False	
Q8IX18	True	master_direct
Q8IX29	False	
Q8IXS8	False	
Q8IXT1	False	
Q8IXT2	False	
Q8IXY8	False	
Q8IXZ3	False	
Q8IY42	False	
Q8IY67	False	
Q8IYD9	False	
Q8IYK8	False	
Q8IYL2	True	master_direct
Q8IYN2	False	
Q8IYS0	False	
Q8IYS4	False	
Q8IYT1	False	
Q8IYU4	False	
Q8IYW2	False	
Q8IYX0	False	
Q8IZ26	False	
Q8IZ57	False	
Q8IZ83	False	
Q8IZJ4	False	
Q8IZM9	False	
Q8IZP7	False	
Q8IZS5	False	
Q8IZS6	False	
Q8IZS7	False	
Q8IZT9	False	
Q8IZU8	False	
Q8IZV2	False	
Q8N0S6	False	
Q8N0T1	False	
Q8N0U2	False	
Q8N0Y7	False	
Q8N0Z8	True	master_direct
Q8N109	False	
Q8N111	False	
Q8N112	False	
Q8N118	False	
Q8N135	False	
Q8N184	False	
Q8N1D0	False	
Q8N1G4	True	master_direct
Q8N1N0	False	
Q8N1S5	False	
Q8N228	False	
Q8N292	False	
Q8N2H3	False	
Q8N323	False	
Q8N365	False	
Q8N3J9	False	
Q8N3X1	False	
Q8N3X6	False	
Q8N436	False	
Q8N442	True	master_direct
Q8N461	False	
Q8N475	False	
Q8N4P2	False	
Q8N4Q0	False	
Q8N4T4	False	
Q8N4Z0	False	
Q8N531	False	
Q8N5C7	True	master_direct
Q8N5H3	False	
Q8N5I3	False	
Q8N5I9	False	
Q8N5L8	True	master_direct
Q8N5M4	False	
Q8N5R6	False	
Q8N5S1	False	
Q8N628	False	
Q8N690	False	
Q8N6D5	False	
Q8N6Q1	False	
Q8N6S5	False	
Q8N6V9	False	
Q8N6Y1	False	
Q8N7A1	False	
Q8N7B1	False	
Q8N7B9	False	
Q8N7K0	False	
Q8N7M2	False	
Q8N7P1	False	
Q8N7R0	False	
Q8N7R7	False	
Q8N806	False	
Q8N819	False	
Q8N823	False	
Q8N831	False	
Q8N859	False	
Q8N883	False	
Q8N8A2	False	
Q8N8A6	True	master_direct
Q8N8F6	False	
Q8N8G2	False	
Q8N8J6	False	
Q8N8K9	False	
Q8N8L2	True	master_direct
Q8N8Q9	False	
Q8N8R5	False	
Q8N8R7	False	
Q8N8U2	False	
Q8N8Y5	False	
Q8N8Z8	False	
Q8N954	False	
Q8N988	False	
Q8N9H8	False	
Q8N9L1	False	
Q8N9S9	False	
Q8N9V2	False	
Q8N9W4	False	
Q8N9Z0	False	
Q8N9Z9	False	
Q8NA19	False	
Q8NAA4	False	
Q8NAF0	True	master_direct
Q8NAT2	True	master_direct
Q8NBF6	False	
Q8NBH2	False	
Q8NBI3	False	
Q8NBR0	False	
Q8NBV4	False	
Q8NBX0	False	
Q8NC44	False	
Q8NC96	False	
Q8NCA9	False	
Q8NCF0	False	
Q8NCK3	False	
Q8NCQ7	False	
Q8NCR3	False	
Q8NCT3	False	
Q8NCV1	True	master_direct
Q8NCY6	False	
Q8ND07	False	
Q8ND71	False	
Q8ND82	False	
Q8NDA2	False	
Q8NDH2	False	
Q8NDV2	False	
Q8NDX6	False	
Q8NDX9	False	
Q8NE28	False	
Q8NEB7	False	
Q8NEC7	False	
Q8NEF3	False	
Q8NEF9	True	master_direct
Q8NEG4	False	
Q8NEM1	False	
Q8NEM2	False	
Q8NEN0	False	
Q8NEP9	False	
Q8NET1	False	
Q8NF86	False	
Q8NFI3	False	
Q8NFJ8	False	
Q8NFK1	False	
Q8NG04	False	
Q8NG48	False	
Q8NG68	False	
Q8NGA0	False	
Q8NGA4	False	
Q8NGC8	False	
Q8NGD0	False	
Q8NGE3	False	
Q8NGG2	False	
Q8NGH7	False	
Q8NGI2	False	
Q8NGK2	False	
Q8NGM9	False	
Q8NGN3	False	
Q8NGQ1	False	
Q8NGR2	False	
Q8NGR6	False	
Q8NGS2	False	
Q8NGS8	False	
Q8NGV6	False	
Q8NGW6	False	
Q8NGX3	False	
Q8NGY0	False	
Q8NGY3	False	
Q8NH19	False	
Q8NH43	False	
Q8NH48	False	
Q8NH59	False	
Q8NH69	False	
Q8NH85	False	
Q8NH87	False	
Q8NH92	False	
Q8NH94	False	
Q8NHC8	False	
Q8NHM4	False	
Q8NHP7	False	
Q8NHQ8	False	
Q8NHR7	False	
Q8NHY6	False	
Q8NI29	False	
Q8NI32	False	
Q8NI99	False	
Q8TAA3	False	
Q8TAA5	False	
Q8TAE6	False	
Q8TAF7	False	
Q8TAG6	False	
Q8TAL6	False	
Q8TAQ5	True	master_direct
Q8TAQ9	False	
Q8TAV4	False	
Q8TB03	False	
Q8TB52	False	
Q8TB96	False	
Q8TBB5	False	
Q8TBF4	True	master_direct
Q8TBF5	False	
Q8TBF8	False	
Q8TBH0	False	
Q8TBJ5	False	
Q8TBP0	False	
Q8TBP6	False	
Q8TBQ9	False	
Q8TBZ0	False	
Q8TBZ5	True	master_direct
Q8TC21	False	
Q8TC56	False	
Q8TC90	False	
Q8TCB6	False	
Q8TCC3	True	gene_patch
Q8TCD6	False	
Q8TCV5	False	
Q8TCW7	False	
Q8TCW9	False	
Q8TD86	False	
Q8TD94	False	
Q8TDM0	False	
Q8TDN6	True	master_direct
Q8TDU9	False	
Q8TDV2	False	
Q8TDV5	False	
Q8TDW4	False	
Q8TDY8	False	
Q8TE69	False	
Q8TET4	False	
Q8TF21	False	
Q8TF39	False	
Q8TF45	False	
Q8TF64	False	
Q8TF68	False	
Q8WUA2	True	master_direct
Q8WUH1	False	
Q8WUJ1	False	
Q8WUN7	False	
Q8WUT4	False	
Q8WUX2	False	
Q8WUY8	False	
Q8WUZ0	False	
Q8WV07	False	
Q8WV37	False	
Q8WV48	False	
Q8WV60	True	master_direct
Q8WV83	False	
Q8WVE0	False	
Q8WVH0	False	
Q8WVI0	False	
Q8WVK2	True	master_direct
Q8WVL7	False	
Q8WW14	False	
Q8WW27	True	master_direct
Q8WWG1	False	
Q8WWY7	False	
Q8WX77	False	
Q8WXA2	False	
Q8WXB4	False	
Q8WXD9	False	
Q8WXE0	False	
Q8WXQ8	False	
Q8WY22	False	
Q8WYK1	False	
Q8WYN3	False	
Q8WYQ4	False	
Q8WYQ9	True	master_direct
Q8WZ64	False	
Q8WZ79	False	
Q8WZ84	False	
Q8WZ94	False	
Q8WZA6	False	
Q902F8	False	
Q902F9	False	
Q92610	False	
Q92617	False	
Q92664	True	master_direct
Q92665	True	master_direct
Q92771	False	
Q92828	False	
Q92914	False	
Q93073	True	gene_patch
Q93075	False	
Q969I3	False	
Q969Q4	False	
Q969T3	False	
Q969W8	True	master_direct
Q96A00	False	
Q96A04	False	
Q96A05	False	
Q96A23	False	
Q96A28	False	
Q96A35	True	gene_patch
Q96A46	False	
Q96A47	False	
Q96A73	False	
Q96A84	False	
Q96A98	False	
Q96A99	False	
Q96AB3	False	
Q96AC6	False	
Q96BH3	False	
Q96BJ8	False	
Q96BN6	False	
Q96BQ1	False	
Q96BQ3	False	
Q96BU1	False	
Q96CG8	False	
Q96CH1	False	
Q96CW6	False	
Q96CX2	False	
Q96CX6	False	
Q96DC8	False	
Q96DD7	False	
Q96DT0	False	
Q96DU9	True	master_direct
Q96DX4	False	
Q96DY2	False	
Q96DY7	False	
Q96EF9	False	
Q96EN9	False	
Q96ER3	False	
Q96F05	False	
Q96FC7	False	
Q96FN9	False	
Q96FV2	False	
Q96GC5	True	gene_patch
Q96GE5	False	
Q96GE9	False	
Q96GK7	False	
Q96GX2	False	
Q96GX8	False	
Q96GY0	False	
Q96H78	False	
Q96HE9	False	
Q96HJ9	True	master_direct
Q96HL8	False	
Q96HQ0	False	
Q96HQ2	False	
Q96I82	False	
Q96ID5	False	
Q96IG2	False	
Q96IK0	False	
Q96IQ7	False	
Q96IX9	False	
Q96J77	False	
Q96J86	False	
Q96J88	False	
Q96JA4	False	
Q96JC4	False	
Q96JK4	False	
Q96JT2	False	
Q96K49	False	
Q96K62	False	
Q96KC2	False	
Q96KE9	False	
Q96KN1	False	
Q96KR1	True	master_direct
Q96KR4	False	
Q96KS9	False	
Q96KX0	False	
Q96KX2	False	
Q96L14	False	
Q96L15	False	
Q96L94	False	
Q96LB0	False	
Q96LL3	False	
Q96LU7	False	
Q96LW2	False	
Q96LW9	False	
Q96LY2	False	
Q96M69	False	
Q96M83	False	
Q96M89	False	
Q96M95	False	
Q96MA1	False	
Q96MB7	False	
Q96ME1	False	
Q96ME7	False	
Q96MI6	False	
Q96MM6	False	
Q96MT1	False	
Q96MU6	False	
Q96MX6	False	
Q96N03	False	
Q96N06	False	
Q96N28	False	
Q96N38	False	
Q96ND0	False	
Q96NJ3	False	
Q96NJ5	False	
Q96NK8	False	
Q96NL0	False	
Q96NL1	False	
Q96NU0	False	
Q96NX9	False	
Q96P50	False	
Q96P69	False	
Q96PB8	False	
Q96PE5	False	
Q96PE6	False	
Q96PL1	False	
Q96PL2	False	
Q96PU9	False	
Q96Q07	False	
Q96QR1	False	
Q96QS1	False	
Q96QU6	False	
Q96QZ0	False	
Q96R48	False	
Q96RA2	False	
Q96RK1	False	
Q96RV3	False	
Q96S79	False	
Q96S90	False	
Q96S96	False	
Q96SC8	False	
Q96SE0	False	
Q96SE7	False	
Q96SK2	False	
Q96SK3	False	
Q96SL8	False	
Q96SM3	False	
Q96SR6	True	master_direct
Q96T92	False	
Q99218	False	
Q99445	False	
Q99457	False	
Q99525	False	
Q99618	False	
Q99666	False	
Q99676	False	
Q99727	False	
Q99742	False	
Q99805	False	
Q99811	False	
Q99819	False	
Q99865	False	
Q99954	False	
Q9BPX5	False	
Q9BPY3	False	
Q9BPZ2	False	
Q9BQ08	False	
Q9BQC6	True	master_direct
Q9BQI4	False	
Q9BQI7	False	
Q9BQN1	False	
Q9BQQ7	False	
Q9BQR3	False	
Q9BQY9	False	
Q9BRJ6	False	
Q9BRP1	False	
Q9BRP4	False	
Q9BRQ0	False	
Q9BRQ4	False	
Q9BRR8	True	master_direct
Q9BRT6	False	
Q9BRY0	False	
Q9BSF8	False	
Q9BSG0	False	
Q9BSH3	False	
Q9BSH5	False	
Q9BSN7	False	
Q9BT73	False	
Q9BT76	False	
Q9BTE1	False	
Q9BTM1	False	
Q9BTT6	False	
Q9BTV6	False	
Q9BU23	False	
Q9BU70	True	master_direct
Q9BUG6	False	
Q9BUK0	False	
Q9BUN1	False	
Q9BUT9	False	
Q9BUY7	False	
Q9BV19	False	
Q9BV99	False	
Q9BW30	False	
Q9BW72	False	
Q9BWG4	False	
Q9BWM5	False	
Q9BWU0	True	master_direct
Q9BX26	False	
Q9BX93	False	
Q9BXE9	False	
Q9BXG8	False	
Q9BXK1	False	
Q9BXL5	False	
Q9BXT2	False	
Q9BXU3	False	
Q9BY21	False	
Q9BYC2	False	
Q9BYC9	True	master_direct
Q9BYD1	True	gene_patch
Q9BYD2	True	master_direct
Q9BYD3	True	gene_patch
Q9BYD6	False	
Q9BYQ8	False	
Q9BYQ9	False	
Q9BZ76	False	
Q9BZD7	False	
Q9BZE1	True	master_direct
Q9BZI1	False	
Q9BZJ6	False	
Q9C002	False	
Q9C009	False	
Q9C075	False	
Q9C099	False	
Q9C0B6	False	
Q9C0D7	True	master_direct
Q9C0H5	False	
Q9C0H6	False	
Q9GZK4	False	
Q9GZK6	False	
Q9GZM6	False	
Q9GZP1	False	
Q9GZP4	False	
Q9GZP7	False	
Q9GZT6	False	
Q9GZY4	False	
Q9GZZ0	False	
Q9H009	False	
Q9H091	False	
Q9H094	False	
Q9H0C3	False	
Q9H0I9	False	
Q9H0K4	False	
Q9H0U9	False	
Q9H0V1	False	
Q9H0X4	False	
Q9H158	False	
Q9H1A7	False	
Q9H1C0	False	
Q9H1E5	False	
Q9H1K6	False	
Q9H1U4	False	
Q9H1Z8	False	
Q9H1Z9	False	
Q9H205	False	
Q9H207	False	
Q9H208	False	
Q9H209	False	
Q9H210	False	
Q9H213	False	
Q9H2A3	False	
Q9H2C8	False	
Q9H2F9	False	
Q9H2T7	True	master_direct
Q9H2W6	True	master_direct
Q9H2X8	False	
Q9H2Y9	False	
Q9H330	False	
Q9H336	False	
Q9H339	False	
Q9H340	False	
Q9H341	False	
Q9H342	False	
Q9H347	False	
Q9H3C7	False	
Q9H3E2	False	
Q9H3G5	False	
Q9H3Z7	False	
Q9H426	False	
Q9H446	False	
Q9H4A4	False	
Q9H4B8	False	
Q9H4G1	False	
Q9H4I0	False	
Q9H4I8	False	
Q9H4K1	False	
Q9H4S2	False	
Q9H501	True	master_direct
Q9H568	False	
Q9H5J0	False	
Q9H5L6	True	master_direct
Q9H609	False	
Q9H665	False	
Q9H6A9	False	
Q9H6D8	False	
Q9H6F2	False	
Q9H6K4	False	
Q9H6X4	False	
Q9H6X5	False	
Q9H6Y2	False	
Q9H756	False	
Q9H7C9	False	
Q9H7R0	False	
Q9H7R5	False	
Q9H7T0	False	
Q9H7U1	False	
Q9H7X7	False	
Q9H857	False	
Q9H898	True	master_direct
Q9H8J5	False	
Q9H8Y1	False	
Q9H920	False	
Q9H930	False	
Q9H967	False	
Q9H9H5	False	
Q9H9L3	True	master_direct
Q9H9Y2	True	master_direct
Q9H9Y4	False	
Q9HA64	False	
Q9HA92	False	
Q9HAT1	False	
Q9HAY2	False	
Q9HB09	False	
Q9HB40	False	
Q9HBQ8	False	
Q9HBR0	False	
Q9HBU1	False	
Q9HBV1	False	
Q9HC38	False	
Q9HC44	True	master_direct
Q9HC56	False	
Q9HCC6	False	
Q9HCG1	False	
Q9HCI6	False	
Q9HCJ6	False	
Q9HCL0	False	
Q9HCN2	False	
Q9HCN8	False	
Q9HCT0	False	
Q9HD33	True	master_direct
Q9HD64	False	
Q9HDB9	False	
Q9N2J8	False	
Q9NP92	True	master_direct
Q9NPA3	False	
Q9NPB8	False	
Q9NPD7	False	
Q9NPH6	False	
Q9NPI7	False	
Q9NQ03	False	
Q9NQ60	False	
Q9NQA3	False	
Q9NQE7	False	
Q9NQN1	False	
Q9NQS1	False	
Q9NQT6	False	
Q9NQX6	False	
Q9NR64	False	
Q9NR77	False	
Q9NRG7	False	
Q9NRH1	False	
Q9NRJ1	False	
Q9NRJ5	True	master_direct
Q9NRM2	False	
Q9NRN5	False	
Q9NRU3	False	
Q9NRV9	False	
Q9NRX3	False	
Q9NRY5	False	
Q9NS25	False	
Q9NS26	False	
Q9NS28	False	
Q9NS66	False	
Q9NS93	False	
Q9NS98	False	
Q9NSD7	False	
Q9NSI2	False	
Q9NTI7	False	
Q9NTU4	False	
Q9NTU7	False	
Q9NTX5	False	
Q9NTZ6	True	master_direct
Q9NU02	False	
Q9NUP1	False	
Q9NUQ6	True	gene_patch
Q9NUQ8	False	
Q9NUV9	False	
Q9NUZ1	False	
Q9NV39	False	
Q9NV66	True	master_direct
Q9NV72	False	
Q9NVG8	False	
Q9NVK5	False	
Q9NVP4	False	
Q9NVQ4	False	
Q9NVR7	False	
Q9NVS2	True	master_direct
Q9NVZ3	False	
Q9NW68	False	
Q9NWA0	False	
Q9NWC5	False	
Q9NWM3	False	
Q9NWV4	False	
Q9NWW0	False	
Q9NX20	True	gene_patch
Q9NX38	False	
Q9NX45	False	
Q9NXF7	False	
Q9NXH3	False	
Q9NXK6	False	
Q9NXL2	False	
Q9NXL6	True	master_direct
Q9NXT0	False	
Q9NY57	False	
Q9NYF5	False	
Q9NYJ1	False	
Q9NYL4	False	
Q9NYL9	False	
Q9NYN1	False	
Q9NYS0	False	
Q9NYV9	False	
Q9NYW1	False	
Q9NYW2	False	
Q9NYW3	False	
Q9NYW6	False	
Q9NYW7	False	
Q9NZ32	False	
Q9NZL6	False	
Q9NZQ0	False	
Q9NZQ9	False	
Q9NZR1	False	
Q9NZT2	False	
Q9NZW5	False	
Q9P015	True	gene_patch
Q9P031	True	master_direct
Q9P0J6	True	master_direct
Q9P0M9	True	gene_patch
Q9P104	False	
Q9P1U1	False	
Q9P1Y6	True	master_direct
Q9P203	False	
Q9P227	False	
Q9P242	False	
Q9P260	False	
Q9P265	False	
Q9P291	False	
Q9P299	False	
Q9P2C4	False	
Q9P2G3	False	
Q9P2J8	False	
Q9P2J9	False	
Q9P2N2	False	
Q9P2N5	True	master_direct
Q9P2P1	True	master_direct
Q9P2V4	False	
Q9QC07	False	
Q9UBG7	False	
Q9UBI9	False	
Q9UBK7	False	
Q9UBL0	False	
Q9UBU6	False	
Q9UDX5	False	
Q9UH62	False	
Q9UH90	False	
Q9UHA3	True	gene_patch
Q9UHP9	False	
Q9UHR6	False	
Q9UHV5	False	
Q9UI15	False	
Q9UII5	False	
Q9UIM3	False	
Q9UJ04	False	
Q9UJ42	False	
Q9UJ99	False	
Q9UJG1	False	
Q9UJJ7	True	master_direct
Q9UJK0	True	master_direct
Q9UJT0	False	
Q9UJV8	True	master_direct
Q9UJW7	False	
Q9UK08	False	
Q9UK11	False	
Q9UK12	False	
Q9UK13	False	
Q9UK85	False	
Q9UKH3	False	
Q9UKJ0	False	
Q9UKJ3	True	master_direct
Q9UKL2	False	
Q9UKR3	False	
Q9UKR8	False	
Q9UKY3	False	
Q9UL36	False	
Q9UL58	False	
Q9ULE3	False	
Q9ULJ7	False	
Q9ULK2	False	
Q9ULK6	False	
Q9ULL1	False	
Q9ULR5	True	master_direct
Q9ULS5	False	
Q9ULS6	False	
Q9ULZ0	False	
Q9UN30	False	
Q9UN67	False	
Q9UN70	False	
Q9UN71	False	
Q9UN75	False	
Q9UNL2	False	
Q9UNX4	True	master_direct
Q9UPC5	False	
Q9UPV7	False	
Q9UQ72	False	
Q9UQG0	False	
Q9Y2A4	False	
Q9Y2F9	False	
Q9Y2G4	False	
Q9Y2H8	False	
Q9Y2L6	False	
Q9Y2L8	False	
Q9Y2Q1	False	
Q9Y2Q9	True	gene_patch
Q9Y2R5	True	gene_patch
Q9Y2R9	True	gene_patch
Q9Y2T4	False	
Q9Y2T5	False	
Q9Y2U2	False	
Q9Y330	False	
Q9Y334	False	
Q9Y3B6	False	
Q9Y3D3	True	gene_patch
Q9Y3D5	True	master_direct
Q9Y3E1	False	
Q9Y3X0	False	
Q9Y421	False	
Q9Y426	False	
Q9Y471	False	
Q9Y4F5	False	
Q9Y4I5	False	
Q9Y4K1	False	
Q9Y543	False	
Q9Y573	False	
Q9Y585	False	
Q9Y5B6	False	
Q9Y5E2	False	
Q9Y5E4	False	
Q9Y5E5	False	
Q9Y5E6	False	
Q9Y5E7	False	
Q9Y5E8	False	
Q9Y5F0	False	
Q9Y5F3	False	
Q9Y5F6	False	
Q9Y5F8	False	
Q9Y5F9	False	
Q9Y5G0	False	
Q9Y5G1	False	
Q9Y5G2	False	
Q9Y5G3	False	
Q9Y5G4	False	
Q9Y5G5	False	
Q9Y5G6	False	
Q9Y5G7	False	
Q9Y5G8	False	
Q9Y5H0	False	
Q9Y5H1	False	
Q9Y5H2	False	
Q9Y5H3	False	
Q9Y5H4	False	
Q9Y5H6	False	
Q9Y5H7	False	
Q9Y5I0	False	
Q9Y5I1	False	
Q9Y5I4	False	
Q9Y5J9	False	
Q9Y5M8	False	
Q9Y5P1	False	
Q9Y5R8	False	
Q9Y5Y3	False	
Q9Y5Z6	False	
Q9Y644	False	
Q9Y651	False	
Q9Y661	False	
Q9Y689	False	
Q9Y6G3	True	master_direct
Q9Y6I0	False	
Q9Y6I8	False	
Q9Y6Q3	False	
Q9Y6S9	False	
Q9YNA8	False	
U3KPV4	False	
W6CW81	False	
A0A075B6H7	False	
A0A075B6H8	False	
A0A075B6H9	False	
A0A075B6I0	False	
A0A075B6I1	False	
A0A075B6I3	False	
A0A075B6I4	False	
A0A075B6I6	False	
A0A075B6I7	False	
A0A075B6I9	False	
A0A075B6J1	False	
A0A075B6J2	False	
A0A075B6J6	False	
A0A075B6K0	False	
A0A075B6K2	False	
A0A075B6K4	False	
A0A075B6K5	False	
A0A075B6K6	False	
A0A075B6L2	False	
A0A075B6L6	False	
A0A075B6N2	False	
A0A075B6N3	False	
A0A075B6N4	False	
A0A075B6P5	False	
A0A075B6Q5	False	
A0A075B6R0	False	
A0A075B6R2	False	
A0A075B6R9	False	
A0A075B6S2	False	
A0A075B6S4	False	
A0A075B6S5	False	
A0A075B6S6	False	
A0A075B6S9	False	
A0A075B6T6	False	
A0A075B6T7	False	
A0A075B6T8	False	
A0A075B6U4	False	
A0A075B6V5	False	
A0A075B6W5	False	
A0A075B6X5	False	
A0A075B734	False	
A0A075B767	False	
A0A087WSX0	False	
A0A087WSY4	False	
A0A087WSY6	False	
A0A087WSZ0	False	
A0A087WSZ9	False	
A0A087WT02	False	
A0A087WT03	False	
A0A087WUV0	True	master_direct
A0A087WV62	False	
A0A087WVF3	False	
A0A087WW87	False	
A0A087WXM9	False	
A0A087X0M5	False	
A0A087X179	False	
A0A096LNW5	False	
A0A096LP55	False	
A0A0A0MRZ7	False	
A0A0A0MRZ8	False	
A0A0A0MRZ9	False	
A0A0A0MS00	False	
A0A0A0MS01	False	
A0A0A0MS02	False	
A0A0A0MS03	False	
A0A0A0MS04	False	
A0A0A0MS05	False	
A0A0A0MS06	False	
A0A0A0MS14	False	
A0A0A0MS15	False	
A0A0A0MT36	False	
A0A0A6YYC5	False	
A0A0A6YYD4	False	
A0A0A6YYG2	False	
A0A0A6YYG3	False	
A0A0A6YYJ7	False	
A0A0A6YYK1	False	
A0A0A6YYK4	False	
A0A0A6YYK6	False	
A0A0A6YYK7	False	
A0A0A6YYL3	False	
A0A0B4J1U3	False	
A0A0B4J1U4	False	
A0A0B4J1U6	False	
A0A0B4J1U7	False	
A0A0B4J1V0	False	
A0A0B4J1V1	False	
A0A0B4J1V2	False	
A0A0B4J1V6	False	
A0A0B4J1V7	False	
A0A0B4J1X5	False	
A0A0B4J1X8	False	
A0A0B4J1Y8	False	
A0A0B4J1Y9	False	
A0A0B4J1Z2	False	
A0A0B4J234	False	
A0A0B4J235	False	
A0A0B4J237	False	
A0A0B4J238	False	
A0A0B4J240	False	
A0A0B4J241	False	
A0A0B4J244	False	
A0A0B4J245	False	
A0A0B4J248	False	
A0A0B4J249	False	
A0A0B4J262	False	
A0A0B4J263	False	
A0A0B4J264	False	
A0A0B4J265	False	
A0A0B4J266	False	
A0A0B4J268	False	
A0A0B4J271	False	
A0A0B4J272	False	
A0A0B4J273	False	
A0A0B4J274	False	
A0A0B4J275	False	
A0A0B4J276	False	
A0A0B4J277	False	
A0A0B4J279	False	
A0A0B4J280	False	
A0A0B4J2D9	False	
A0A0B4J2E0	False	
A0A0B4J2H0	False	
A0A0C4DH24	True	master_direct
A0A0C4DH25	False	
A0A0C4DH26	False	
A0A0C4DH27	False	
A0A0C4DH28	False	
A0A0C4DH29	False	
A0A0C4DH30	False	
A0A0C4DH31	False	
A0A0C4DH32	False	
A0A0C4DH33	False	
A0A0C4DH34	False	
A0A0C4DH35	False	
A0A0C4DH36	False	
A0A0C4DH38	False	
A0A0C4DH39	False	
A0A0C4DH41	False	
A0A0C4DH42	False	
A0A0C4DH43	False	
A0A0C4DH55	False	
A0A0C4DH59	False	
A0A0C4DH67	False	
A0A0C4DH68	False	
A0A0C4DH69	False	
A0A0C4DH72	False	
A0A0C4DH73	False	
A0A0G2JMI3	False	
A0A0G2JS06	False	
A0A0J9YVY3	False	
A0A0J9YX35	False	
A0A0J9YX75	False	
A0A0J9YXX1	False	
A0A0J9YXY3	False	
A0A0K0K1A3	False	
A0A0K0K1B3	False	
A0A0K0K1C0	False	
A0A0K0K1C4	False	
A0A0K0K1D8	False	
A0A0K0K1E9	False	
A0A0K0K1G6	False	
A0A0K0K1G8	False	
A0A0U1RQF7	False	
A0A0U1RRN3	False	
A0A1B0GTK4	False	
A0A1B0GUS4	False	
A0A1B0GUW7	False	
A0A1B0GVD1	False	
A0A1B0GVH4	False	
A0A1B0GWG4	False	
A0A1B0GX31	False	
A0A1B0GX49	False	
A0A1B0GX51	False	
A0A1B0GX56	False	
A0A1B0GX68	False	
A0A1B0GX78	False	
A0A1B0GX95	False	
A0A1B0GXF2	False	
A0A1W2PPD8	False	
A0A1W2PPM1	False	
A0A1W2PQD8	False	
A0A1W2PR19	False	
A0A1W2PR82	False	
A0A286YEU6	False	
A0A2R8Y4L6	False	
A0A2R8Y619	False	
A0A2R8YED5	False	
A0A2Z4LIS9	False	
A0A3B3IS91	False	
A0A3B3IT45	False	
A0A3B3IU63	False	
A0A3G1DIU6	False	
A0A455ZAR2	False	
A0A494C1R9	False	
A0A539	False	
A0A576	False	
A0A577	False	
A0A578	False	
A0A584	False	
A0A589	False	
A0A590UK83	False	
A0A597	False	
A0A599	False	
A0A5A2	False	
A0A5A6	False	
A0A5B0	False	
A0A5B6	False	
A0A5B7	False	
A0A6I8PU40	False	
A0A7L8Y648	False	
A0A804HLA8	False	
A0AUZ9	False	
A0JD32	False	
A0JD36	False	
A0JD37	False	
A0PJE2	False	
A0PJX2	False	
A0PJX4	False	
A1A4F0	False	
A1A4V9	False	
A1A580	False	
A1IGU5	False	
A1L168	False	
A1L1A6	False	
A1L3X4	False	
A1L453	False	
A2A3L6	False	
A2A3N6	False	
A2CJ06	False	
A2RRH5	False	
A2RRL7	False	
A2RTY3	False	
A2RU48	False	
A2RU54	False	
A2RUR9	False	
A2RUU4	False	
A3KFT3	False	
A4D0V7	False	
A4D1S0	False	
A4D1U4	False	
A4D2H0	False	
A4FU49	False	
A4QPH2	False	
A5PL33	False	
A5PLK6	False	
A5PLL1	False	
A5PLN7	False	
A6H8M9	False	
A6NC42	True	master_direct
A6NC78	False	
A6NC86	False	
A6NCC3	False	
A6NCI4	False	
A6NCL1	False	
A6NCM1	False	
A6NCN2	False	
A6NCV1	False	
A6NCW7	False	
A6NDD5	False	
A6NDH6	False	
A6NDI0	False	
A6NDL8	False	
A6NDN3	False	
A6NDR6	False	
A6NDS4	False	
A6NDX5	False	
A6NDY0	True	master_direct
A6NE52	False	
A6NEC2	False	
A6NEL2	False	
A6NER0	False	
A6NES4	False	
A6NET4	False	
A6NF34	False	
A6NF89	False	
A6NFC5	False	
A6NFC9	False	
A6NFH5	False	
A6NFI3	True	master_direct
A6NFQ7	False	
A6NG13	False	
A6NGD5	False	
A6NGJ6	False	
A6NGN9	False	
A6NH21	False	
A6NH52	False	
A6NH57	False	
A6NHA9	False	
A6NHG4	False	
A6NHG9	False	
A6NHJ4	False	
A6NHM9	False	
A6NHN0	False	
A6NHS7	False	
A6NHT5	False	
A6NI72	False	
A6NI87	False	
A6NIE9	False	
A6NIJ9	False	
A6NIR3	False	
A6NIZ1	False	
A6NJT0	False	
A6NJV1	False	
A6NJW4	False	
A6NJY4	False	
A6NJZ3	False	
A6NJZ7	False	
A6NK02	False	
A6NK53	False	
A6NK59	False	
A6NK75	False	
A6NKD2	False	
A6NKD9	False	
A6NKG5	True	master_direct
A6NKK0	False	
A6NKQ9	False	
A6NKT7	False	
A6NKX4	False	
A6NL08	False	
A6NL26	False	
A6NL82	False	
A6NLP5	False	
A6NLU0	False	
A6NM03	False	
A6NM11	False	
A6NM28	True	master_direct
A6NM43	False	
A6NM76	False	
A6NMS3	False	
A6NMS7	False	
A6NMT0	False	
A6NMU1	False	
A6NMX2	True	gene_patch
A6NMZ2	False	
A6NMZ5	False	
A6NN14	False	
A6NN92	False	
A6NNA2	False	
A6NNA5	False	
A6NNF4	True	master_direct
A6NNM3	False	
A6NNP5	False	
A6NP11	False	
A6NP61	False	
A6PVL3	False	
A6PVS8	False	
A6QL64	False	
A7E2U8	False	
A8K0R7	False	
A8K0S8	False	
A8K5M9	False	
A8MPS7	False	
A8MPX8	False	
A8MQT2	False	
A8MT70	False	
A8MTB9	False	
A8MTI9	False	
A8MTL9	False	
A8MTY0	False	
A8MTY7	False	
A8MUH7	False	
A8MUM7	False	
A8MUV8	False	
A8MV23	False	
A8MVA2	False	
A8MVS5	False	
A8MVU1	False	
A8MVW0	False	
A8MVZ5	False	
A8MWA4	False	
A8MWD9	False	
A8MWK0	False	
A8MX76	False	
A8MXE2	False	
A8MXU0	False	
A8MXY4	False	
A8MXZ3	False	
A8MYV0	False	
A8MYZ6	False	
A8MZ26	False	
B1AJZ9	False	
B1AKI9	False	
B1ANS9	False	
B1APH4	False	
B2CW77	False	
B2RN74	False	
B2RNN3	False	
B2RXH4	False	
B3SHH9	False	
B4DH59	False	
B4DU55	False	
B4DX44	False	
B4DXR9	False	
B5ME19	False	
B7ZAP0	False	
B7ZC32	False	
B9A064	False	
B9A6J9	False	
C0HLZ6	False	
C0HM01	False	
C0HM83	False	
C0HMD6	False	
C0HME5	False	
C9J069	False	
C9J1S8	False	
C9J2P7	False	
C9J798	False	
C9JCN9	False	
C9JDP6	False	
C9JH25	False	
C9JJH3	False	
C9JLJ4	False	
C9JLR9	False	
C9JPN9	False	
C9JQL5	False	
C9JSJ3	False	
C9JUS6	False	
C9JVI0	False	
C9JXX5	False	
D6R901	False	
D6R9N7	False	
D6RA61	False	
D6RBQ6	False	
D6RCP7	False	
D6RIA3	False	
D6RJB6	False	
E2RYF6	False	
E2RYF7	False	
E7ETH6	False	
E9PB15	False	
E9PQ53	False	
E9PRG8	False	
F7VJQ1	False	
G3V0H7	False	
G5E9R7	False	
H3BQB6	False	
H3BSY2	False	
I3L273	False	
I3L3R5	False	
L0R6Q1	False	
L0R819	False	
O00110	False	
O00321	False	
O00398	False	
O00458	False	
O00479	False	
O00634	False	
O14498	False	
O14562	False	
O14581	False	
O14598	False	
O14604	False	
O14715	False	
O14718	False	
O14753	False	
O14921	False	
O14990	False	
O15050	False	
O15255	False	
O15442	False	
O15480	False	
O15482	False	
O43246	False	
O43325	False	
O43361	False	
O43423	False	
O43869	False	
O60268	False	
O60287	True	master_direct
O60290	True	master_direct
O60309	False	
O60320	False	
O60397	False	
O60403	False	
O60404	False	
O60431	False	
O60518	True	master_direct
O60575	False	
O60637	False	
O60739	True	master_direct
O60809	False	
O60810	False	
O75290	False	
O75333	False	
O75391	False	
O75467	False	
O75474	False	
O75949	False	
O76000	False	
O76087	False	
O76100	False	
O94819	False	
O95006	False	
O95013	False	
O95156	False	
O95157	False	
O95158	False	
O95170	False	
O95221	False	
O95424	False	
O95502	False	
O95521	False	
O95522	False	
O95744	False	
O95857	False	
O95969	False	
O96001	False	
P01737	False	
P03979	False	
P03986	False	
P09131	False	
P0C025	False	
P0C091	False	
P0C263	False	
P0C5J1	False	
P0C5Y4	False	
P0C604	False	
P0C617	False	
P0C623	False	
P0C626	False	
P0C628	False	
P0C629	False	
P0C646	False	
P0C6A0	False	
P0C6S8	False	
P0C7A2	False	
P0C7H9	False	
P0C7I0	False	
P0C7I6	False	
P0C7N1	False	
P0C7P4	False	
P0C7Q2	False	
P0C7Q6	False	
P0C7T2	False	
P0C7T3	False	
P0C7T4	False	
P0C7U1	False	
P0C7V7	False	
P0C7X1	False	
P0C7X4	False	
P0C860	False	
P0C881	False	
P0CB33	False	
P0CB38	True	master_direct
P0CF51	False	
P0CG00	False	
P0CG01	False	
P0CG12	False	
P0CG22	False	
P0CG24	False	
P0CG31	False	
P0CG34	False	
P0CG35	False	
P0CG36	False	
P0CG40	False	
P0CH99	False	
P0CI26	False	
P0CJ72	False	
P0CJ78	False	
P0CJ79	False	
P0CK96	False	
P0CK97	False	
P0CL82	False	
P0CV98	False	
P0CV99	False	
P0CW00	False	
P0CW01	False	
P0CW20	False	
P0DJD0	False	
P0DJD1	False	
P0DKB5	False	
P0DKV0	False	
P0DM35	False	
P0DMU2	False	
P0DMU9	False	
P0DN37	False	
P0DN80	False	
P0DN81	False	
P0DN82	False	
P0DP01	False	
P0DP02	False	
P0DP03	False	
P0DP04	False	
P0DP06	False	
P0DP07	False	
P0DP08	False	
P0DP09	False	
P0DP72	False	
P0DP73	False	
P0DP74	False	
P0DPA2	False	
P0DPB5	False	
P0DPF3	False	
P0DPF4	False	
P0DPF7	False	
P0DPQ6	False	
P0DQD5	False	
P0DSN7	False	
P0DSO2	False	
P0DTE1	False	
P0DTE2	False	
P0DTL5	False	
P0DTL6	False	
P0DTW1	False	
P0DUH7	False	
P0DV77	False	
P0DW85	False	
P0DX53	False	
P0DXC1	False	
P0DY26	False	
P0DY57	False	
P10075	False	
P11465	False	
P11844	False	
P12525	False	
P15421	False	
P16562	False	
P17017	False	
P20962	False	
P29377	False	
P31275	False	
P35410	False	
P42696	True	master_direct
P43359	False	
P43362	False	
P43366	False	
P47881	False	
P47884	False	
P47944	False	
P48741	False	
P51786	False	
P51861	False	
P52743	False	
P52943	False	
P55822	False	
P56749	False	
P57060	False	
P58170	False	
P58180	False	
P58181	False	
P58417	False	
P58511	False	
P59536	False	
P59539	False	
P59541	False	
P59544	False	
P59551	False	
P59861	False	
P59922	False	
P60673	False	
P60985	False	
P61129	True	master_direct
P61236	False	
P61570	False	
P62502	False	
P62683	False	
P62685	False	
P63119	False	
P63120	False	
P63121	False	
P63122	False	
P63124	False	
P63125	False	
P63127	False	
P63302	False	
P82664	True	master_direct
P82909	True	master_direct
P84157	False	
P86790	False	
Q008S8	False	
Q02325	False	
Q03938	False	
Q05BV3	False	
Q05DH4	False	
Q06250	False	
Q075Z2	False	
Q08AF3	True	master_direct
Q08AI6	False	
Q08AN1	False	
Q09MP3	False	
Q0P651	False	
Q0P6D2	False	
Q0VAA5	False	
Q0VAF6	False	
Q0VDE8	False	
Q0VG73	False	
Q0VGE8	False	
Q0Z7S8	False	
Q107X0	False	
Q13046	False	
Q13066	False	
Q13069	False	
Q13072	False	
Q13296	False	
Q13536	False	
Q14146	True	master_direct
Q14390	False	
Q14507	False	
Q14549	False	
Q14586	False	
Q14761	False	
Q147U1	False	
Q14DG7	False	
Q15032	True	master_direct
Q15270	False	
Q15434	True	master_direct
Q15486	False	
Q15615	False	
Q15619	False	
Q15622	False	
Q16048	False	
Q16517	False	
Q16557	False	
Q16559	False	
Q16609	False	
Q16626	False	
Q17R55	False	
Q17RC7	False	
Q17RG1	False	
Q1ED39	False	
Q1KMD3	True	master_direct
Q1W4C9	False	
Q1X8D7	False	
Q1XH10	False	
Q1ZYL8	False	
Q2KHR3	False	
Q2M218	False	
Q2M296	True	master_direct
Q2M2W7	False	
Q2M329	False	
Q2M3V2	False	
Q2M3W8	False	
Q2M5E4	False	
Q2QD12	False	
Q2TAA2	False	
Q2TAA8	False	
Q2TAL5	False	
Q2TBF2	False	
Q2TV78	False	
Q2VPJ9	False	
Q2VY69	False	
Q2WGJ8	False	
Q2WGN9	False	
Q309B1	False	
Q30KP9	False	
Q30KQ1	False	
Q30KQ4	False	
Q30KQ5	False	
Q30KQ8	False	
Q30KR1	False	
Q32P51	True	master_direct
Q3B7J2	False	
Q3B7T3	False	
Q3BBV2	False	
Q3C1V8	False	
Q3KNT7	False	
Q3KNW1	False	
Q3KP31	False	
Q3KQV9	False	
Q3KQZ1	False	
Q3LI61	False	
Q3LI73	False	
Q3LI81	False	
Q3LI83	False	
Q3MIX3	False	
Q3SXZ3	True	master_direct
Q3ZCQ2	False	
Q3ZCT8	False	
Q3ZCW2	False	
Q400G9	False	
Q494W8	False	
Q494X3	False	
Q495B1	False	
Q496H8	False	
Q499Z3	False	
Q499Z4	True	master_direct
Q49A92	False	
Q49AG3	True	master_direct
Q49AR2	False	
Q4G0I0	False	
Q4G0S7	False	
Q4G0Z9	False	
Q4KMZ1	False	
Q4KMZ8	False	
Q4VC39	False	
Q4VXA5	True	master_direct
Q4W5P6	False	
Q502W7	False	
Q504U0	False	
Q50LG9	False	
Q52LA3	False	
Q52LD8	False	
Q52M58	False	
Q52M93	False	
Q53EQ6	False	
Q53FE4	False	
Q53RY4	False	
Q53S58	False	
Q53S99	False	
Q53SF7	False	
Q587I9	False	
Q58A44	False	
Q58FF3	False	
Q58FF6	False	
Q58FG0	False	
Q58FG1	False	
Q5BJE1	False	
Q5BKY9	False	
Q5BLP8	False	
Q5CZA5	True	master_direct
Q5EBM4	False	
Q5FYA8	False	
Q5GH70	False	
Q5GH73	False	
Q5GH77	False	
Q5H913	False	
Q5H9K5	False	
Q5H9L2	False	
Q5H9M0	False	
Q5H9R4	False	
Q5HY98	False	
Q5HYR2	False	
Q5I0G3	False	
Q5I0X7	False	
Q5JNZ3	False	
Q5JPF3	False	
Q5JPI3	False	
Q5JQF8	True	master_direct
Q5JQS5	False	
Q5JQS6	False	
Q5JRC9	False	
Q5JRS4	False	
Q5JRV8	False	
Q5JS37	False	
Q5JS54	False	
Q5JSJ4	True	master_direct
Q5JTD7	False	
Q5JU67	False	
Q5JUK9	False	
Q5JV73	False	
Q5JVG2	False	
Q5JVG8	False	
Q5JX69	False	
Q5JXM2	False	
Q5MCW4	True	master_direct
Q5PT55	False	
Q5R387	False	
Q5SNV9	False	
Q5SRH9	False	
Q5SV17	False	
Q5SV97	False	
Q5SVQ8	False	
Q5SWX8	False	
Q5SXM1	True	gene_patch
Q5SY68	False	
Q5SYE7	False	
Q5SZD1	False	
Q5SZD4	False	
Q5SZI1	False	
Q5T0B9	False	
Q5T1A1	False	
Q5T1J5	False	
Q5T1N1	False	
Q5T1S8	False	
Q5T292	False	
Q5T3I0	False	
Q5T5D7	False	
Q5T5J6	True	master_direct
Q5T5M9	False	
Q5T5S1	False	
Q5T681	False	
Q5T764	True	master_direct
Q5T7M9	False	
Q5T9S5	False	
Q5TAG4	False	
Q5TC63	False	
Q5TEA3	False	
Q5TF21	False	
Q5TFE4	False	
Q5TFG8	False	
Q5TG30	False	
Q5TGI4	False	
Q5TGS1	False	
Q5TGY1	False	
Q5THK1	False	
Q5TI25	False	
Q5TIE3	False	
Q5TYX0	False	
Q5TZ20	False	
Q5TZJ5	False	
Q5U3C3	False	
Q5UAW9	False	
Q5VIY5	False	
Q5VSG8	False	
Q5VT79	False	
Q5VTL8	True	master_direct
Q5VTM2	False	
Q5VTU8	False	
Q5VU69	False	
Q5VUD6	False	
Q5VUJ5	False	
Q5VUJ6	False	
Q5VUY0	False	
Q5VVM6	False	
Q5VW22	False	
Q5VWI1	False	
Q5VWK0	False	
Q5VX52	False	
Q5VXM1	False	
Q5VXU3	False	
Q5VYM1	False	
Q5VYV0	False	
Q5VYV7	False	
Q5VZ03	False	
Q5VZ19	True	master_direct
Q5VZ46	False	
Q5VZ66	False	
Q5VZ72	False	
Q5VZI3	False	
Q5VZR4	False	
Q5W0A0	False	
Q5W0B7	False	
Q5W0V3	False	
Q5W186	False	
Q5W5W9	False	
Q5XG99	False	
Q5XKK7	False	
Q5XKR9	False	
Q5XUX1	False	
Q5YKI7	False	
Q63HM2	False	
Q63HM9	False	
Q63ZE4	False	
Q64ET8	False	
Q658K8	False	
Q658L1	False	
Q658N2	False	
Q68CR1	False	
Q68DI1	False	
Q68DY9	False	
Q69YL0	False	
Q69YN2	True	master_direct
Q69YU3	False	
Q6AI08	False	
Q6AI12	False	
Q6AW86	False	
Q6B0B8	False	
Q6BEB4	True	master_direct
Q6DHV5	False	
Q6DKI1	False	
Q6EBC2	False	
Q6EEV4	False	
Q6GPI1	False	
Q6ICC9	False	
Q6ICG6	False	
Q6ICH7	False	
Q6IE38	False	
Q6IEE8	False	
Q6IEU7	False	
Q6IEV9	False	
Q6IEY1	False	
Q6IEZ7	False	
Q6IF00	False	
Q6IF36	False	
Q6IF42	False	
Q6IF63	False	
Q6IF82	False	
Q6IF99	False	
Q6IFG1	False	
Q6IFH4	False	
Q6IFN5	False	
Q6IN97	False	
Q6IPT2	False	
Q6IPX1	False	
Q6IPX3	False	
Q6IQ21	False	
Q6IS14	True	master_direct
Q6JVE6	False	
Q6JVE9	False	
Q6L8G5	False	
Q6MZZ7	False	
Q6NSI8	False	
Q6NSJ2	False	
Q6NSW5	False	
Q6NT04	False	
Q6NT52	False	
Q6NT89	False	
Q6NV75	False	
Q6NVV3	False	
Q6NVV9	False	
Q6NW29	False	
Q6NX49	False	
Q6NXP2	False	
Q6NXT1	False	
Q6NZ63	False	
Q6P093	False	
Q6P161	True	master_direct
Q6P280	True	gene_patch
Q6P3V2	False	
Q6P474	False	
Q6P5R6	True	gene_patch
Q6P5X7	False	
Q6P6B1	False	
Q6P6B7	False	
Q6P995	False	
Q6P9A3	False	
Q6P9G0	False	
Q6PCB5	False	
Q6PDA7	False	
Q6PEW0	False	
Q6PEX7	False	
Q6PF15	False	
Q6PG37	False	
Q6PH81	False	
Q6PI47	False	
Q6PI97	False	
Q6PID6	False	
Q6PII5	False	
Q6PK04	False	
Q6PP77	False	
Q6Q6R5	False	
Q6S545	False	
Q6S5H5	False	
Q6S8J7	False	
Q6T423	False	
Q6TFL3	False	
Q6U949	False	
Q6UE05	False	
Q6UQ28	False	
Q6URK8	False	
Q6UW02	False	
Q6UW10	False	
Q6UW49	False	
Q6UWE3	False	
Q6UWF7	False	
Q6UWI4	False	
Q6UWJ8	False	
Q6UWN0	False	
Q6UWN8	False	
Q6UWP8	False	
Q6UWQ5	False	
Q6UWS5	False	
Q6UWU2	False	
Q6UWV7	False	
Q6UWX4	False	
Q6UWY5	False	
Q6UX68	False	
Q6UX72	False	
Q6UX82	False	
Q6UXB1	False	
Q6UXB3	False	
Q6UXD7	False	
Q6UXF7	False	
Q6UXN7	False	
Q6UXS0	False	
Q6UXT6	False	
Q6UXU6	False	
Q6UXV1	False	
Q6UXY8	False	
Q6UY01	False	
Q6UY18	False	
Q6UY27	False	
Q6V702	False	
Q6V9R5	True	master_direct
Q6XE38	False	
Q6ZMB5	False	
Q6ZMN8	False	
Q6ZMS4	False	
Q6ZMV5	False	
Q6ZMV8	False	
Q6ZMW2	False	
Q6ZMW3	False	
Q6ZMY6	False	
Q6ZMY9	False	
Q6ZN01	False	
Q6ZN08	False	
Q6ZN19	True	master_direct
Q6ZN32	False	
Q6ZN68	False	
Q6ZN79	False	
Q6ZN84	False	
Q6ZNA1	False	
Q6ZNC4	False	
Q6ZNF0	False	
Q6ZNG1	False	
Q6ZNG2	False	
Q6ZNG9	False	
Q6ZNI0	False	
Q6ZNM6	False	
Q6ZNR0	False	
Q6ZP01	True	master_direct
Q6ZPB5	False	
Q6ZQQ6	False	
Q6ZQV5	False	
Q6ZR62	False	
Q6ZRF7	False	
Q6ZRR5	False	
Q6ZRS4	False	
Q6ZS11	False	
Q6ZS30	False	
Q6ZSI9	False	
Q6ZSS3	False	
Q6ZT07	False	
Q6ZT77	False	
Q6ZTA4	False	
Q6ZU67	False	
Q6ZU69	False	
Q6ZUJ4	False	
Q6ZUK4	False	
Q6ZUS6	False	
Q6ZUT6	False	
Q6ZUX3	False	
Q6ZV50	False	
Q6ZV89	False	
Q6ZVC0	False	
Q6ZVF9	False	
Q6ZVL6	False	
Q6ZVT6	False	
Q6ZVZ8	False	
Q6ZWB6	False	
Q719I0	False	
Q71RC9	False	
Q75NE6	False	
Q75VX8	False	
Q765I0	False	
Q76G19	False	
Q76KD6	False	
Q76KX8	False	
Q7L0X2	False	
Q7L211	False	
Q7L311	False	
Q7L4S7	False	
Q7L945	False	
Q7L985	False	
Q7RTS6	False	
Q7RTT3	False	
Q7RTT4	False	
Q7RTT6	False	
Q7RTU0	False	
Q7RTU5	False	
Q7RTV5	False	
Q7RTX9	False	
Q7RTY3	False	
Q7Z2Q7	False	
Q7Z2Y8	False	
Q7Z304	False	
Q7Z309	False	
Q7Z388	False	
Q7Z3E2	False	
Q7Z3J3	False	
Q7Z3V5	False	
Q7Z422	False	
Q7Z4H9	False	
Q7Z4L0	False	
Q7Z4L9	False	
Q7Z4R8	False	
Q7Z4S9	False	
Q7Z4W2	False	
Q7Z4Y8	False	
Q7Z572	False	
Q7Z5A8	False	
Q7Z5A9	False	
Q7Z5J8	False	
Q7Z5L0	False	
Q7Z5L4	False	
Q7Z5S9	False	
Q7Z5Y7	False	
Q7Z6K4	False	
Q7Z6M2	False	
Q7Z6W1	False	
Q7Z6W7	False	
Q7Z713	False	
Q7Z736	False	
Q7Z7B8	False	
Q7Z7J9	False	
Q7Z7K2	False	
Q86SI9	False	
Q86SM5	False	
Q86T20	False	
Q86T29	False	
Q86T75	False	
Q86TE4	False	
Q86UF2	False	
Q86V35	False	
Q86V59	False	
Q86V71	False	
Q86V87	False	
Q86V88	False	
Q86VE3	False	
Q86VG3	False	
Q86VQ1	False	
Q86VR8	False	
Q86VS3	False	
Q86VY9	False	
Q86VZ2	False	
Q86W25	False	
Q86WR6	False	
Q86WR7	False	
Q86WT1	False	
Q86WZ6	False	
Q86XA9	False	
Q86XD8	False	
Q86XG9	False	
Q86XN6	False	
Q86XS5	False	
Q86XU0	True	master_direct
Q86XZ4	True	master_direct
Q86YB7	False	
Q86YG4	False	
Q86YN1	False	
Q86YQ2	False	
Q86YR6	False	
Q8IUA0	False	
Q8IUB2	False	
Q8IUB3	False	
Q8IUB5	False	
Q8IUF1	False	
Q8IUH2	False	
Q8IUL8	False	
Q8IUS5	False	
Q8IV03	False	
Q8IV33	False	
Q8IV35	False	
Q8IV38	False	
Q8IV42	True	master_direct
Q8IV50	False	
Q8IVA1	False	
Q8IVC4	False	
Q8IVF6	False	
Q8IVN3	False	
Q8IVN8	False	
Q8IVU1	False	
Q8IVU9	False	
Q8IVV8	False	
Q8IVY1	False	
Q8IW50	False	
Q8IW92	False	
Q8IWB4	False	
Q8IX94	False	
Q8IXE1	False	
Q8IXF9	False	
Q8IXM7	False	
Q8IXQ4	False	
Q8IXT5	True	master_direct
Q8IXX5	False	
Q8IY51	False	
Q8IY85	False	
Q8IYA7	False	
Q8IYB9	False	
Q8IYK2	False	
Q8IYL3	False	
Q8IYM0	False	
Q8IYN0	False	
Q8IYP2	False	
Q8IYS2	False	
Q8IYS8	False	
Q8IYW4	False	
Q8IZ02	False	
Q8IZ13	True	master_direct
Q8IZ16	False	
Q8IZ40	False	
Q8IZ81	False	
Q8IZD0	True	master_direct
Q8IZM8	False	
Q8IZN7	False	
Q8IZP2	False	
Q8IZP6	True	master_direct
Q8IZU2	False	
Q8IZY5	False	
Q8N0U6	False	
Q8N0U7	False	
Q8N0V4	False	
Q8N0Y3	False	
Q8N0Y5	False	
Q8N0Z2	False	
Q8N0Z9	False	
Q8N127	False	
Q8N129	False	
Q8N141	False	
Q8N146	False	
Q8N148	False	
Q8N162	False	
Q8N1A6	False	
Q8N1D5	False	
Q8N1E2	False	
Q8N1L4	False	
Q8N1W2	False	
Q8N283	False	
Q8N2E2	False	
Q8N2I2	False	
Q8N2X6	False	
Q8N328	False	
Q8N336	False	
Q8N349	False	
Q8N3F9	False	
Q8N3H0	False	
Q8N3R3	False	
Q8N3S3	False	
Q8N3T6	False	
Q8N3Z0	False	
Q8N3Z3	False	
Q8N434	False	
Q8N456	False	
Q8N468	False	
Q8N4B4	False	
Q8N4E4	False	
Q8N4F7	False	
Q8N4H0	False	
Q8N4S0	False	
Q8N4V2	False	
Q8N567	True	master_direct
Q8N584	False	
Q8N587	False	
Q8N5J4	False	
Q8N5N7	False	
Q8N5T2	False	
Q8N5U1	False	
Q8N5W9	False	
Q8N5X7	True	master_direct
Q8N660	False	
Q8N687	False	
Q8N688	False	
Q8N699	False	
Q8N6M5	False	
Q8N6M8	False	
Q8N6M9	False	
Q8N6N3	False	
Q8N6N6	False	
Q8N6N7	False	
Q8N6Y2	False	
Q8N782	False	
Q8N7C7	True	gene_patch
Q8N7F7	False	
Q8N7G0	False	
Q8N7M0	False	
Q8N7P3	False	
Q8N7Q3	False	
Q8N7S2	False	
Q8N7X1	True	master_direct
Q8N7X2	False	
Q8N7Z5	False	
Q8N801	False	
Q8N808	False	
Q8N815	False	
Q8N878	False	
Q8N8C0	False	
Q8N8D1	True	master_direct
Q8N8F7	False	
Q8N8M0	False	
Q8N8U3	True	master_direct
Q8N8Z6	False	
Q8N944	False	
Q8N957	False	
Q8N961	False	
Q8N972	False	
Q8N998	False	
Q8N9B8	False	
Q8N9F8	False	
Q8N9K5	False	
Q8N9N7	False	
Q8N9T8	False	
Q8N9U0	False	
Q8N9V7	False	
Q8N9W8	False	
Q8N9Y4	False	
Q8NA23	False	
Q8NA47	False	
Q8NA69	False	
Q8NA92	False	
Q8NAA5	False	
Q8NAB2	False	
Q8NB42	True	master_direct
Q8NB46	False	
Q8NB50	False	
Q8NBE8	False	
Q8NBP5	False	
Q8NC74	False	
Q8NCI6	False	
Q8NCL8	False	
Q8NCL9	False	
Q8NCN5	False	
Q8NCQ5	False	
Q8NCR9	False	
Q8NCX0	False	
Q8ND61	False	
Q8NDB6	False	
Q8NDW4	False	
Q8NDY3	False	
Q8NDY6	False	
Q8NDZ0	False	
Q8NDZ6	False	
Q8NE00	False	
Q8NE18	True	master_direct
Q8NE22	False	
Q8NE65	False	
Q8NEA5	False	
Q8NEG5	False	
Q8NEG7	False	
Q8NEK5	False	
Q8NEP7	False	
Q8NES8	False	
Q8NEW7	False	
Q8NEY3	False	
Q8NFI4	False	
Q8NFQ5	False	
Q8NFQ6	False	
Q8NFR7	False	
Q8NFU4	False	
Q8NFV5	False	
Q8NFZ6	False	
Q8NG35	False	
Q8NG41	False	
Q8NG75	False	
Q8NG76	False	
Q8NG77	False	
Q8NG78	False	
Q8NG80	False	
Q8NG81	False	
Q8NG83	False	
Q8NG84	False	
Q8NG85	False	
Q8NG92	False	
Q8NG94	False	
Q8NG95	False	
Q8NG97	False	
Q8NG99	False	
Q8NGA1	False	
Q8NGA2	False	
Q8NGA5	False	
Q8NGA6	False	
Q8NGA8	False	
Q8NGB2	False	
Q8NGB4	False	
Q8NGB6	False	
Q8NGB8	False	
Q8NGB9	False	
Q8NGC0	False	
Q8NGC1	False	
Q8NGC2	False	
Q8NGC3	False	
Q8NGC5	False	
Q8NGC6	False	
Q8NGC7	False	
Q8NGC9	False	
Q8NGD1	False	
Q8NGD2	False	
Q8NGD3	False	
Q8NGD4	False	
Q8NGD5	False	
Q8NGE0	False	
Q8NGE1	False	
Q8NGE2	False	
Q8NGE5	False	
Q8NGE7	False	
Q8NGE8	False	
Q8NGE9	False	
Q8NGF0	False	
Q8NGF1	False	
Q8NGF3	False	
Q8NGF4	False	
Q8NGF6	False	
Q8NGF7	False	
Q8NGF8	False	
Q8NGF9	False	
Q8NGG0	False	
Q8NGG1	False	
Q8NGG3	False	
Q8NGG4	False	
Q8NGG5	False	
Q8NGG6	False	
Q8NGG7	False	
Q8NGG8	False	
Q8NGH3	False	
Q8NGH5	False	
Q8NGH6	False	
Q8NGH8	False	
Q8NGH9	False	
Q8NGI0	False	
Q8NGI1	False	
Q8NGI3	False	
Q8NGI4	False	
Q8NGI6	False	
Q8NGI7	False	
Q8NGI9	False	
Q8NGJ0	False	
Q8NGJ1	False	
Q8NGJ2	False	
Q8NGJ3	False	
Q8NGJ4	False	
Q8NGJ5	False	
Q8NGJ6	False	
Q8NGJ7	False	
Q8NGJ8	False	
Q8NGJ9	False	
Q8NGK0	False	
Q8NGK1	False	
Q8NGK3	False	
Q8NGK4	False	
Q8NGK5	False	
Q8NGK6	False	
Q8NGK9	False	
Q8NGL0	False	
Q8NGL1	False	
Q8NGL2	False	
Q8NGL3	False	
Q8NGL4	False	
Q8NGL6	False	
Q8NGL7	False	
Q8NGL9	False	
Q8NGM1	False	
Q8NGM8	False	
Q8NGN0	False	
Q8NGN1	False	
Q8NGN2	False	
Q8NGN4	False	
Q8NGN5	False	
Q8NGN6	False	
Q8NGN7	False	
Q8NGN8	False	
Q8NGP0	False	
Q8NGP2	False	
Q8NGP3	False	
Q8NGP4	False	
Q8NGP6	False	
Q8NGP8	False	
Q8NGP9	False	
Q8NGQ2	False	
Q8NGQ3	False	
Q8NGQ4	False	
Q8NGQ5	False	
Q8NGQ6	False	
Q8NGR1	False	
Q8NGR3	False	
Q8NGR4	False	
Q8NGR5	False	
Q8NGR8	False	
Q8NGR9	False	
Q8NGS0	False	
Q8NGS1	False	
Q8NGS3	False	
Q8NGS4	False	
Q8NGS5	False	
Q8NGS6	False	
Q8NGS7	False	
Q8NGS9	False	
Q8NGT0	False	
Q8NGT1	False	
Q8NGT2	False	
Q8NGT5	False	
Q8NGT7	False	
Q8NGT9	False	
Q8NGU1	False	
Q8NGU2	False	
Q8NGU4	False	
Q8NGU9	False	
Q8NGV0	False	
Q8NGV5	False	
Q8NGV7	False	
Q8NGW1	False	
Q8NGX0	False	
Q8NGX1	False	
Q8NGX2	False	
Q8NGX5	False	
Q8NGX6	False	
Q8NGX8	False	
Q8NGX9	False	
Q8NGY1	False	
Q8NGY2	False	
Q8NGY5	False	
Q8NGY6	False	
Q8NGY7	False	
Q8NGY9	False	
Q8NGZ0	False	
Q8NGZ2	False	
Q8NGZ3	False	
Q8NGZ4	False	
Q8NGZ5	False	
Q8NGZ6	False	
Q8NGZ9	False	
Q8NH00	False	
Q8NH01	False	
Q8NH02	False	
Q8NH03	False	
Q8NH04	False	
Q8NH05	False	
Q8NH06	False	
Q8NH07	False	
Q8NH08	False	
Q8NH09	False	
Q8NH10	False	
Q8NH16	False	
Q8NH18	False	
Q8NH37	False	
Q8NH40	False	
Q8NH41	False	
Q8NH42	False	
Q8NH49	False	
Q8NH50	False	
Q8NH51	False	
Q8NH53	False	
Q8NH54	False	
Q8NH55	False	
Q8NH56	False	
Q8NH57	False	
Q8NH60	False	
Q8NH61	False	
Q8NH63	False	
Q8NH64	False	
Q8NH67	False	
Q8NH70	False	
Q8NH72	False	
Q8NH73	False	
Q8NH74	False	
Q8NH76	False	
Q8NH79	False	
Q8NH80	False	
Q8NH81	False	
Q8NH83	False	
Q8NH89	False	
Q8NH90	False	
Q8NH93	False	
Q8NH95	False	
Q8NHA4	False	
Q8NHA6	False	
Q8NHA8	False	
Q8NHB1	False	
Q8NHB7	False	
Q8NHB8	False	
Q8NHC5	False	
Q8NHC6	False	
Q8NHC7	False	
Q8NHR9	False	
Q8NHS4	False	
Q8NHU0	False	
Q8NHV5	False	
Q8NHW5	False	
Q8NHW6	False	
Q8NHY5	False	
Q8TA94	False	
Q8TAA1	True	master_direct
Q8TAI1	False	
Q8TAU0	False	
Q8TAV0	False	
Q8TAV5	False	
Q8TAW3	False	
Q8TB22	False	
Q8TB69	False	
Q8TBR7	False	
Q8TC17	False	
Q8TCB0	False	
Q8TCN5	False	
Q8TD55	False	
Q8TDU5	False	
Q8TE96	True	master_direct
Q8TEE9	False	
Q8TEQ0	False	
Q8TF08	False	
Q8TF20	False	
Q8TF27	False	
Q8TF32	False	
Q8TF44	False	
Q8TF61	False	
Q8WTP9	False	
Q8WTR8	False	
Q8WTU2	False	
Q8WU76	False	
Q8WUD4	False	
Q8WUH6	False	
Q8WUR7	False	
Q8WUS8	False	
Q8WUT9	False	
Q8WUY9	False	
Q8WV15	False	
Q8WVC6	False	
Q8WVE6	False	
Q8WVF2	False	
Q8WVI7	False	
Q8WW18	False	
Q8WW32	False	
Q8WW33	False	
Q8WW36	True	master_direct
Q8WW52	False	
Q8WW62	False	
Q8WWA1	False	
Q8WWU7	False	
Q8WWX0	False	
Q8WX39	False	
Q8WXF5	False	
Q8WXJ9	False	
Q8WXT5	False	
Q8WZ33	False	
Q8WZ71	False	
Q8WZ92	False	
Q8WZA0	False	
Q92576	False	
Q92670	False	
Q93083	False	
Q969E1	False	
Q969E4	False	
Q969M1	False	
Q969M2	False	
Q969Q0	True	master_direct
Q969W3	False	
Q969Y0	False	
Q96AM1	False	
Q96AQ9	False	
Q96B33	False	
Q96B45	False	
Q96BM0	False	
Q96BQ5	False	
Q96BX8	False	
Q96C34	False	
Q96C57	False	
Q96C90	False	
Q96CD0	False	
Q96CS4	False	
Q96CT2	False	
Q96DC7	False	
Q96DD0	False	
Q96DL1	False	
Q96DS6	False	
Q96E16	False	
Q96E66	False	
Q96EH5	True	master_direct
Q96EI5	False	
Q96EK2	False	
Q96EL2	True	master_direct
Q96ES6	False	
Q96ET8	False	
Q96EZ4	False	
Q96F63	False	
Q96FB5	True	master_direct
Q96FV0	False	
Q96G27	False	
Q96GT9	False	
Q96GU1	False	
Q96H12	False	
Q96H40	False	
Q96H79	True	master_direct
Q96HA4	False	
Q96HP4	False	
Q96HV5	False	
Q96IC2	True	master_direct
Q96IM9	False	
Q96JF6	False	
Q96JM4	False	
Q96JQ2	False	
Q96K17	False	
Q96K37	False	
Q96K75	False	
Q96KC9	False	
Q96KD3	False	
Q96KJ4	False	
Q96KT7	False	
Q96KV6	False	
Q96KW9	False	
Q96L03	False	
Q96L11	False	
Q96LK8	False	
Q96LP2	False	
Q96LQ0	False	
Q96LR4	False	
Q96LT6	False	
Q96LU5	False	
Q96LW1	False	
Q96M20	False	
Q96M34	False	
Q96M43	False	
Q96M53	False	
Q96M93	True	master_direct
Q96MC5	False	
Q96MC6	False	
Q96MF6	False	
Q96MK2	False	
Q96MN5	False	
Q96MR9	False	
Q96MS3	False	
Q96MY1	False	
Q96N20	False	
Q96N22	False	
Q96N46	True	master_direct
Q96NA8	False	
Q96ND8	False	
Q96NG8	False	
Q96NI8	False	
Q96NJ6	False	
Q96NS5	False	
Q96NT1	False	
Q96P64	False	
Q96P67	False	
Q96P88	False	
Q96PG2	False	
Q96PI1	False	
Q96PT3	False	
Q96PT4	False	
Q96PX6	False	
Q96QA6	False	
Q96QD5	False	
Q96QE4	False	
Q96QH8	False	
Q96QK8	False	
Q96R05	False	
Q96R08	False	
Q96R09	False	
Q96R27	False	
Q96R28	False	
Q96R30	False	
Q96R45	False	
Q96R47	False	
Q96R54	False	
Q96R67	False	
Q96R69	False	
Q96R72	False	
Q96R84	False	
Q96RB7	False	
Q96RC9	False	
Q96RD0	False	
Q96RD1	False	
Q96RD2	False	
Q96RD3	False	
Q96RM1	False	
Q96RT6	False	
Q96S19	False	
Q96S86	False	
Q96S95	False	
Q96SF2	False	
Q96T25	False	
Q96T75	False	
Q96TA0	False	
Q99463	False	
Q99470	False	
Q99603	False	
Q99679	False	
Q99680	False	
Q9BPW4	False	
Q9BPX7	False	
Q9BQ13	False	
Q9BQ48	True	gene_patch
Q9BQ75	True	master_direct
Q9BQD1	False	
Q9BQE6	False	
Q9BQI9	False	
Q9BQP9	False	
Q9BQS6	False	
Q9BQY6	False	
Q9BR09	False	
Q9BR10	False	
Q9BR77	False	
Q9BRH9	False	
Q9BRP7	False	
Q9BRU2	False	
Q9BSC4	True	master_direct
Q9BSG5	False	
Q9BSJ1	False	
Q9BSK0	False	
Q9BSY4	False	
Q9BTE0	False	
Q9BTV7	False	
Q9BTY7	False	
Q9BUA6	False	
Q9BUJ0	False	
Q9BV87	False	
Q9BV97	True	gene_patch
Q9BVM2	False	
Q9BVV8	False	
Q9BWD3	False	
Q9BWT6	False	
Q9BWV2	False	
Q9BWW9	False	
Q9BX51	False	
Q9BX69	False	
Q9BX73	False	
Q9BXM9	False	
Q9BXN6	False	
Q9BXU8	False	
Q9BXW7	False	
Q9BXX2	False	
Q9BXX3	False	
Q9BXY0	True	master_direct
Q9BXY5	False	
Q9BY19	False	
Q9BY31	False	
Q9BY60	False	
Q9BY71	False	
Q9BYD9	False	
Q9BYE4	False	
Q9BYG7	False	
Q9BYJ0	False	
Q9BYN8	True	master_direct
Q9BYT5	False	
Q9BYU5	False	
Q9BZE3	False	
Q9BZK3	False	
Q9BZW5	False	
Q9C010	False	
Q9C0B7	False	
Q9C0B9	True	master_direct
Q9C0D4	False	
Q9C0I3	False	
Q9C0I9	False	
Q9C0K3	False	
Q9GIP4	False	
Q9GZK3	False	
Q9GZK7	False	
Q9GZM3	False	
Q9GZN6	False	
Q9GZN8	False	
Q9GZP8	False	
Q9GZU3	False	
Q9GZW5	False	
Q9H098	False	
Q9H0M5	False	
Q9H0R4	False	
Q9H106	False	
Q9H114	False	
Q9H1C3	False	
Q9H1C7	False	
Q9H1H1	False	
Q9H1M0	False	
Q9H1M3	False	
Q9H1Q7	False	
Q9H1Z4	False	
Q9H2C5	False	
Q9H2I8	False	
Q9H2Z4	False	
Q9H321	False	
Q9H322	False	
Q9H343	False	
Q9H344	False	
Q9H346	False	
Q9H3H9	False	
Q9H3V2	False	
Q9H3W5	False	
Q9H3Y0	False	
Q9H3Y8	False	
Q9H425	False	
Q9H496	False	
Q9H628	False	
Q9H6A0	False	
Q9H6B1	False	
Q9H6Y5	False	
Q9H720	False	
Q9H7J1	False	
Q9H7L2	False	
Q9H7X2	False	
Q9H7Y0	False	
Q9H819	False	
Q9H841	False	
Q9H853	False	
Q9H8G1	False	
Q9H8G2	False	
Q9H8M1	False	
Q9H8S5	False	
Q9H8U3	False	
Q9H939	False	
Q9H963	False	
Q9H972	False	
Q9H9S3	False	
Q9H9S4	False	
Q9HA90	False	
Q9HAH1	False	
Q9HB31	False	
Q9HBF5	False	
Q9HBJ0	False	
Q9HBL6	False	
Q9HBL7	False	
Q9HBT7	False	
Q9HC57	False	
Q9HCE3	False	
Q9HCJ3	True	master_direct
Q9HCJ5	False	
Q9HCK1	False	
Q9HCL3	False	
Q9HCM7	False	
Q9HCS5	False	
Q9HCZ1	False	
Q9HD45	False	
Q9HDB8	False	
Q9NNX9	False	
Q9NNZ3	False	
Q9NNZ6	False	
Q9NQ35	False	
Q9NQF3	False	
Q9NRC9	False	
Q9NRD0	False	
Q9NRP2	False	
Q9NRR1	False	
Q9NS67	False	
Q9NS85	False	
Q9NSJ1	False	
Q9NSY2	False	
Q9NU23	False	
Q9NUG4	False	
Q9NUG6	False	
Q9NVA4	False	
Q9NVE4	False	
Q9NVM1	False	
Q9NVM6	True	master_direct
Q9NVR0	False	
Q9NW07	True	master_direct
Q9NW61	False	
Q9NW82	False	
Q9NX00	False	
Q9NX05	True	master_direct
Q9NX31	False	
Q9NX36	False	
Q9NX77	False	
Q9NXD2	False	
Q9NXH8	False	
Q9NXJ0	False	
Q9NXN4	False	
Q9NXP7	False	
Q9NXS3	False	
Q9NXU5	False	
Q9NXZ1	False	
Q9NY43	False	
Q9NY87	False	
Q9NYF3	False	
Q9NYS7	False	
Q9NYT0	False	
Q9NYT6	False	
Q9NZH4	False	
Q9NZP0	False	
Q9NZP2	False	
Q9NZP5	False	
Q9P016	False	
Q9P1A2	False	
Q9P1F3	False	
Q9P1P4	False	
Q9P1P5	False	
Q9P1Q5	False	
Q9P1V8	False	
Q9P1Z9	False	
Q9P215	False	
Q9P255	False	
Q9P281	False	
Q9P2B7	False	
Q9P2D6	False	
Q9P2F5	False	
Q9P2S6	False	
Q9P2Z0	False	
Q9UC06	False	
Q9UD57	False	
Q9UDX4	False	
Q9UF02	False	
Q9UF47	False	
Q9UFN0	False	
Q9UG63	False	
Q9UGF5	False	
Q9UGF6	False	
Q9UGF7	False	
Q9UGV2	False	
Q9UH36	False	
Q9UIG5	False	
Q9UJ72	False	
Q9UJC5	False	
Q9UJH8	False	
Q9UJN7	False	
Q9UK10	False	
Q9UK28	False	
Q9UKI3	False	
Q9UKQ9	False	
Q9UKY7	False	
Q9UL59	False	
Q9ULD9	False	
Q9ULL0	False	
Q9ULM0	False	
Q9UMS5	False	
Q9UND3	False	
Q9UNX3	True	master_direct
Q9UPR6	True	master_direct
Q9UQ74	False	
Q9XRX5	False	
Q9Y236	False	
Q9Y291	True	master_direct
Q9Y2B9	False	
Q9Y2E4	False	
Q9Y2G7	False	
Q9Y2H5	False	
Q9Y2S6	False	
Q9Y312	True	gene_patch
Q9Y343	False	
Q9Y3B1	False	
Q9Y3B9	True	master_direct
Q9Y3C1	True	gene_patch
Q9Y3N9	False	
Q9Y3T6	True	gene_patch
Q9Y485	False	
Q9Y4A0	False	
Q9Y4A9	False	
Q9Y4E6	False	
Q9Y519	False	
Q9Y534	True	master_direct
Q9Y536	False	
Q9Y581	False	
Q9Y5P0	False	
Q9Y5P2	False	
Q9Y5V0	False	
Q9Y614	False	
Q9Y693	False	
Q9Y6F7	False	
Q9Y6R6	False	
Q9Y6U7	False	
Q9Y6X4	False	
Q9Y6Z4	False	
A0A024R1R8	False	
A0A075B6S0	False	
A0A075B6Y3	False	
A0A075B6Y9	False	
A0A075B700	False	
A0A075B706	False	
A0A075B759	False	
A0A087WTH1	False	
A0A087WUL8	False	
A0A087WWS6	False	
A0A087WXS9	False	
A0A087X1G2	False	
A0A096LNP1	False	
A0A096LP49	False	
A0A096LPK9	False	
A0A0A0MT70	False	
A0A0A0MT76	False	
A0A0A0MT78	False	
A0A0A0MT87	False	
A0A0A0MT89	False	
A0A0A0MT94	False	
A0A0A0MTA4	False	
A0A0A0MTA7	False	
A0A0B4J200	False	
A0A0B4J2A2	False	
A0A0C4DH62	False	
A0A0D9SF12	False	
A0A0G2JMD5	False	
A0A0J9YWL9	False	
A0A0J9YWP8	False	
A0A0J9YWX3	False	
A0A0J9YX06	False	
A0A0J9YX57	False	
A0A0J9YXA8	False	
A0A0J9YXG5	False	
A0A0J9YXM7	False	
A0A0J9YXV3	False	
A0A0J9YY54	False	
A0A0U1RQE8	False	
A0A0U1RQI7	False	
A0A0U1RR11	False	
A0A0U1RRI6	False	
A0A0U1RRK4	False	
A0A0U1RRL7	False	
A0A0X1KG70	False	
A0A183	False	
A0A1B0GTD5	False	
A0A1B0GTH6	False	
A0A1B0GTH9	False	
A0A1B0GTI1	False	
A0A1B0GTI8	False	
A0A1B0GTL2	False	
A0A1B0GTR0	False	
A0A1B0GTR3	False	
A0A1B0GTR4	False	
A0A1B0GTS1	False	
A0A1B0GTU1	False	
A0A1B0GTY4	False	
A0A1B0GTZ2	False	
A0A1B0GUA7	False	
A0A1B0GUI7	False	
A0A1B0GUJ8	False	
A0A1B0GUV7	False	
A0A1B0GUW6	False	
A0A1B0GUX0	False	
A0A1B0GUY1	False	
A0A1B0GV03	False	
A0A1B0GVB3	False	
A0A1B0GVG4	False	
A0A1B0GVH7	False	
A0A1B0GVK7	False	
A0A1B0GVN3	False	
A0A1B0GVQ3	False	
A0A1B0GVR7	False	
A0A1B0GVS7	False	
A0A1B0GVT2	False	
A0A1B0GVV1	False	
A0A1B0GVX0	False	
A0A1B0GVY4	False	
A0A1B0GVZ6	False	
A0A1B0GW64	False	
A0A1B0GWB2	False	
A0A1B0GWH4	False	
A0A1B0GWH6	False	
A0A1B0GWK0	False	
A0A1W2PP81	False	
A0A1W2PPE2	False	
A0A1W2PPF3	False	
A0A1W2PPG7	False	
A0A1W2PPH5	True	master_direct
A0A1W2PPK0	False	
A0A1W2PPL8	False	
A0A1W2PPW3	False	
A0A1W2PQ09	False	
A0A1W2PQ27	False	
A0A1W2PQ64	False	
A0A1W2PQ72	False	
A0A1W2PQ73	False	
A0A1W2PQC6	False	
A0A1W2PQJ5	False	
A0A1W2PQL4	False	
A0A1W2PQU2	False	
A0A1W2PR48	False	
A0A1W2PR64	False	
A0A1W2PR75	False	
A0A1W2PR95	False	
A0A1W2PRP0	False	
A0A1W2PRV1	False	
A0A1W2PS18	False	
A0A286YEV6	False	
A0A286YEX9	False	
A0A286YEY9	False	
A0A286YF01	False	
A0A286YF46	False	
A0A286YF58	False	
A0A286YF60	False	
A0A286YF77	False	
A0A286YFB4	False	
A0A286YFG1	False	
A0A2R8Y4L2	True	master_direct
A0A2R8Y4Y8	False	
A0A2R8Y7Y5	False	
A0A2R8YCJ5	False	
A0A2R8YFL7	False	
A0A2R8YFM6	False	
A0A3B3IRV3	False	
A0A3B3IT33	False	
A0A3B3IU46	False	
A0A3G1DJK2	False	
A0A3G1DJN1	False	
A0A3G1DJQ2	False	
A0A494BZU4	False	
A0A494C071	False	
A0A494C086	False	
A0A494C0Z2	False	
A0A494C103	False	
A0A494C191	False	
A0A494C1I1	False	
A0A5F9ZHS7	True	master_direct
A0A7I2V3R4	False	
A0A8V8TMC4	False	
A0A8V8TNH8	False	
A0A8V8TPE2	False	
A0PG75	False	
A0PJX8	False	
A0PJZ0	False	
A0ZSE6	False	
A1A4G5	False	
A1L157	False	
A1L162	False	
A1L170	False	
A1L429	False	
A1L443	False	
A2A2Z9	False	
A2A368	False	
A2RU37	False	
A2RU67	False	
A2RUQ5	False	
A2RUT3	False	
A3QJZ6	False	
A3QJZ7	False	
A4D1E1	True	master_direct
A4D1F6	False	
A4D1Z8	False	
A4D263	False	
A4FU28	False	
A4QPB2	False	
A5YM69	False	
A6NC05	False	
A6NC57	False	
A6NC62	False	
A6NC97	False	
A6NCF5	False	
A6NCF6	False	
A6NCI5	False	
A6NCI8	False	
A6NCJ1	False	
A6NCK2	False	
A6NCL2	False	
A6NCL7	False	
A6NCN8	False	
A6NCQ9	False	
A6ND91	False	
A6NDE8	False	
A6NDK9	False	
A6NDL7	False	
A6NDX4	False	
A6NDY2	False	
A6NDZ8	False	
A6NE01	False	
A6NE02	False	
A6NE82	False	
A6NEE1	False	
A6NEF3	False	
A6NEH6	False	
A6NEH8	False	
A6NEK1	False	
A6NEL3	False	
A6NEN9	False	
A6NEQ2	False	
A6NEV1	False	
A6NEY8	False	
A6NF01	False	
A6NFA0	False	
A6NFE2	False	
A6NFF2	False	
A6NFN9	False	
A6NFT4	False	
A6NFU0	False	
A6NFU8	False	
A6NFY4	False	
A6NFZ4	False	
A6NGA9	False	
A6NGB0	False	
A6NGB7	False	
A6NGE4	False	
A6NGG3	False	
A6NGH7	False	
A6NGH8	False	
A6NGK3	False	
A6NGN4	False	
A6NGR9	False	
A6NGS2	False	
A6NGU7	False	
A6NGW2	False	
A6NGY1	False	
A6NGZ8	False	
A6NH11	False	
A6NH13	False	
A6NHN6	False	
A6NHP3	False	
A6NHY2	False	
A6NHZ5	False	
A6NI03	False	
A6NI47	False	
A6NI56	False	
A6NI86	False	
A6NIE6	False	
A6NIJ5	False	
A6NIK2	False	
A6NIN4	False	
A6NIV6	False	
A6NIY4	False	
A6NJ08	False	
A6NJ64	False	
A6NJ69	False	
A6NJ88	False	
A6NJG2	False	
A6NJJ6	False	
A6NJQ4	False	
A6NJR5	False	
A6NJU9	False	
A6NJY1	False	
A6NK44	False	
A6NKC0	False	
A6NKC9	False	
A6NKF7	False	
A6NKH3	False	
A6NKL6	False	
A6NKN8	False	
A6NKP2	False	
A6NKU9	False	
A6NKW6	False	
A6NLC5	False	
A6NLC8	False	
A6NLE4	False	
A6NLI5	False	
A6NLU5	False	
A6NLX4	False	
A6NM36	False	
A6NM45	False	
A6NM62	False	
A6NMA1	False	
A6NMD0	False	
A6NMD2	False	
A6NMK7	True	master_direct
A6NMK8	False	
A6NN73	False	
A6NN90	False	
A6NNC1	False	
A6NNJ1	False	
A6NNL0	False	
A6NNL5	False	
A6NNT2	False	
A6NNV3	False	
A6PVY3	False	
A7E2S9	False	
A8K010	False	
A8MQ11	False	
A8MQ14	True	master_direct
A8MQB3	False	
A8MRT5	False	
A8MSI8	False	
A8MT19	False	
A8MT33	False	
A8MT65	False	
A8MTT3	False	
A8MTW9	False	
A8MUL3	False	
A8MUN3	False	
A8MUP6	False	
A8MUU1	False	
A8MUX0	False	
A8MUZ8	False	
A8MV57	False	
A8MVJ9	False	
A8MVX0	False	
A8MWA6	False	
A8MWL6	False	
A8MWL7	False	
A8MWV9	False	
A8MX19	False	
A8MX34	False	
A8MXJ8	False	
A8MXQ7	False	
A8MXT2	False	
A8MXV6	False	
A8MXZ1	False	
A8MYA2	False	
A8MYB1	False	
A8MYZ0	False	
A8MZ36	False	
A8MZ97	False	
A8MZA4	False	
A8MZH6	False	
B0FP48	False	
B1AH88	False	
B1AK76	False	
B1AL46	False	
B1ANH7	False	
B1ANY3	False	
B1ATL7	False	
B2RBV5	False	
B2RD01	False	
B2RV13	False	
B2RXF0	False	
B3GLJ2	False	
B3KS81	False	
B4DYI2	False	
B4DZS4	False	
B4E2M5	False	
B5MCY1	True	master_direct
B5MD39	False	
B6SEH8	False	
B6SEH9	False	
B7Z1M9	False	
B7Z368	False	
B7Z6K7	False	
B7ZW38	False	
C0HLS1	False	
C0HMG9	False	
C9J202	False	
C9J3V5	False	
C9J7I0	False	
C9JBD0	False	
C9JG80	False	
C9JI98	False	
C9JJ37	False	
C9JL84	False	
C9JN71	False	
C9JQI7	False	
C9JTQ0	False	
C9JVW0	False	
D3DTV9	False	
D6RBM5	False	
D6REC4	False	
D6RF30	False	
D6RGX4	False	
E5RG02	False	
E5RHQ5	False	
E5RIL1	False	
E5RJ46	False	
E5RJM6	False	
E5RQL4	False	
E7ERA6	False	
E7EW31	False	
E9PGG2	False	
E9PI22	False	
E9PJ23	False	
E9PJI5	False	
E9PKD4	False	
E9PQR5	False	
F2Z333	False	
F5GYI3	False	
F5H284	False	
F5H4A9	False	
F5H4B4	False	
F8VTS6	False	
F8W0I5	False	
F8W1W9	False	
F8WBI6	False	
F8WCM5	False	
G3V211	False	
H0UI37	False	
H0Y7S4	False	
H0YKK7	False	
H0YM25	False	
H3BPF8	False	
H3BPM6	False	
H3BQJ8	False	
H3BQL2	False	
H3BQW9	False	
H3BR10	False	
H3BTG2	False	
H3BU77	False	
H3BUK9	False	
H3BV12	False	
H7BZ55	False	
H7C241	False	
H7C350	False	
I1YAP6	False	
I3L0S3	False	
I3L1E1	False	
I3L3L1	False	
I6L899	False	
K7EIQ3	False	
M0QZC1	False	
O00193	False	
O14603	False	
O14609	False	
O14683	False	
O15172	False	
O15428	False	
O43261	False	
O43304	False	
O60688	False	
O60813	False	
O75071	False	
O75200	False	
O75264	False	
O76042	False	
O95177	False	
O95397	False	
O95473	False	
O95561	False	
O95567	False	
O95626	False	
O95873	False	
O96002	False	
P09565	False	
P0C221	False	
P0C2L3	False	
P0C2S0	False	
P0C2W7	False	
P0C2Y1	False	
P0C671	False	
P0C672	False	
P0C6C1	False	
P0C6P0	False	
P0C7L1	False	
P0C7M6	False	
P0C7M8	False	
P0C7N4	False	
P0C7N5	False	
P0C7N8	False	
P0C7P2	False	
P0C7T7	False	
P0C7T8	False	
P0C7V0	False	
P0C7V4	False	
P0C7V6	False	
P0C7V8	False	
P0C7V9	False	
P0C7W0	False	
P0C7W8	False	
P0C7W9	False	
P0C7X0	False	
P0C7X3	False	
P0C851	False	
P0C853	False	
P0C854	False	
P0C864	False	
P0C866	False	
P0C874	False	
P0CAT3	False	
P0CB48	False	
P0CE71	False	
P0CF75	False	
P0CG23	False	
P0CG32	False	
P0CG33	False	
P0CG41	False	
P0CI00	False	
P0CI01	False	
P0CJ68	False	
P0CJ69	False	
P0CJ70	False	
P0CJ71	False	
P0CJ73	False	
P0CJ74	False	
P0CJ75	False	
P0CJ76	False	
P0CJ77	False	
P0CJ85	False	
P0CJ86	False	
P0CJ87	False	
P0CJ88	False	
P0CJ89	False	
P0CJ90	False	
P0CJ92	False	
P0CL80	False	
P0CL81	False	
P0CL83	False	
P0CL84	False	
P0CL85	False	
P0CW19	False	
P0CW21	False	
P0CW24	False	
P0CW27	False	
P0DI80	False	
P0DJ93	False	
P0DJG4	False	
P0DJH9	False	
P0DJR0	False	
P0DKX0	True	master_direct
P0DKX4	False	
P0DL12	False	
P0DMB1	False	
P0DMB2	False	
P0DMP1	False	
P0DMQ5	False	
P0DMR1	False	
P0DMR2	False	
P0DMR3	False	
P0DMT0	False	
P0DMU7	False	
P0DMU8	False	
P0DMV0	False	
P0DN25	False	
P0DN26	False	
P0DO92	False	
P0DO97	False	
P0DOY5	False	
P0DP75	False	
P0DPA3	False	
P0DPD5	False	
P0DPE3	False	
P0DPF2	False	
P0DPF6	False	
P0DPH9	False	
P0DPI3	False	
P0DPI4	False	
P0DPQ3	False	
P0DPR3	False	
P0DQW0	False	
P0DSN6	False	
P0DSO1	False	
P0DSO3	False	
P0DTA3	False	
P0DTE0	False	
P0DTF9	False	
P0DTL4	False	
P0DUD1	False	
P0DUD2	False	
P0DUD3	False	
P0DUD4	False	
P0DUQ1	False	
P0DUX0	False	
P0DUX1	False	
P0DV73	False	
P0DV74	False	
P0DV75	False	
P0DV76	False	
P0DV79	False	
P0DW11	False	
P0DW12	False	
P0DW13	False	
P0DW14	False	
P0DX00	False	
P0DX01	False	
P0DX02	False	
P0DX04	False	
P0DX52	False	
P0DY27	False	
P49223	False	
P56555	False	
P58505	False	
P58512	False	
P58550	False	
P59036	False	
P59037	False	
P59052	False	
P59091	False	
P59095	False	
P60606	False	
P61568	False	
P61571	False	
P61572	False	
P61573	False	
P61574	False	
P61575	False	
P61576	False	
P61578	False	
P61579	False	
P61580	False	
P61581	False	
P61582	False	
P61583	False	
P86434	False	
P86478	False	
P86481	False	
P86496	False	
Q05C16	False	
Q08AI8	False	
Q08E93	False	
Q0D2K2	False	
Q0D2K5	False	
Q0IIN9	False	
Q0P5P2	False	
Q0P641	False	
Q0P670	False	
Q0P6H9	False	
Q0VAA2	False	
Q0VDI3	False	
Q0VF49	False	
Q12766	False	
Q13070	False	
Q13278	False	
Q13670	False	
Q14236	False	
Q147U7	False	
Q15053	False	
Q15195	False	
Q15527	False	
Q156A1	False	
Q15846	False	
Q15940	False	
Q16473	False	
Q17RA5	False	
Q17RM4	False	
Q17RP2	False	
Q17RQ9	False	
Q1A5X6	False	
Q1A5X7	False	
Q1AE95	False	
Q1T7F1	False	
Q1W209	False	
Q2M238	False	
Q2M243	False	
Q2M2E5	False	
Q2M3A8	False	
Q2TAM9	False	
Q30KQ7	False	
Q32M84	False	
Q32M92	False	
Q3B7S5	False	
Q3C1V0	False	
Q3C1V1	False	
Q3C1V9	False	
Q3KRA6	False	
Q3LHN0	False	
Q3LHN1	False	
Q3LI54	False	
Q3LI58	False	
Q3LI60	False	
Q3LI62	False	
Q3LI63	False	
Q3LI68	False	
Q3MIP1	False	
Q3MIV0	False	
Q3MJ40	False	
Q3SXM0	False	
Q3SY05	False	
Q3SYA9	False	
Q3Y452	False	
Q3ZCU0	False	
Q3ZCV2	False	
Q3ZLR7	False	
Q494R0	False	
Q495Y7	False	
Q495Y8	False	
Q495Z4	False	
Q49A33	False	
Q49AM3	False	
Q49AS3	False	
Q4AC99	False	
Q4G0G2	False	
Q4G0G5	False	
Q4G0N0	False	
Q4G0N7	False	
Q4QY38	False	
Q4UJ75	False	
Q4V321	False	
Q4V326	False	
Q4V348	False	
Q4VC31	False	
Q4VX62	False	
Q4W4Y0	False	
Q4W5G0	False	
Q502X0	False	
Q52LC2	False	
Q537H7	False	
Q538Z0	False	
Q53LP3	False	
Q53RE8	False	
Q53SZ7	False	
Q569G3	False	
Q569K6	False	
Q59GN2	False	
Q5BKU9	False	
Q5BKY1	False	
Q5BKY6	False	
Q5CZ79	False	
Q5DJT8	False	
Q5EBN2	False	
Q5FWF7	False	
Q5GAN3	True	master_direct
Q5GAN4	True	master_direct
Q5H8A3	False	
Q5H943	False	
Q5H9B9	False	
Q5H9E4	False	
Q5H9J9	False	
Q5HY64	False	
Q5HYC2	False	
Q5HYW3	False	
Q5JNZ5	False	
Q5JQD4	False	
Q5JRK9	False	
Q5JSQ8	True	master_direct
Q5JSS6	False	
Q5JTB6	False	
Q5JTN6	False	
Q5JTZ5	False	
Q5JUQ0	False	
Q5JUR7	False	
Q5JVX7	False	
Q5JWF8	False	
Q5JXB2	False	
Q5JXX7	False	
Q5JYT7	False	
Q5K130	False	
Q5K131	False	
Q5MJ07	False	
Q5MJ08	False	
Q5MNV8	False	
Q5NE16	False	
Q5QFB9	False	
Q5QJ38	False	
Q5R3I4	False	
Q5SQ80	False	
Q5SQH8	False	
Q5SQS7	False	
Q5SQS8	False	
Q5SR53	False	
Q5SRD1	False	
Q5SVJ3	False	
Q5SVZ6	False	
Q5SWH9	False	
Q5SWL7	False	
Q5SWL8	False	
Q5SY13	False	
Q5SZB4	False	
Q5T035	False	
Q5T036	False	
Q5T089	False	
Q5T0U0	False	
Q5T0Z8	False	
Q5T2N8	False	
Q5T2Q4	False	
Q5T4H9	False	
Q5T4I8	False	
Q5T5F5	False	
Q5T5N4	False	
Q5T6C5	False	
Q5T6M2	False	
Q5T6R2	False	
Q5T6X4	False	
Q5T742	False	
Q5T750	False	
Q5T8I3	False	
Q5T8R8	False	
Q5T953	False	
Q5T9Z0	False	
Q5TAA0	False	
Q5TBE3	False	
Q5TBK1	False	
Q5TC04	False	
Q5TC84	False	
Q5TF58	False	
Q5TG53	False	
Q5TGI0	False	
Q5TGJ6	False	
Q5TGL8	False	
Q5TGP6	False	
Q5TYW2	False	
Q5U4N7	False	
Q5U4P2	False	
Q5U5X8	False	
Q5U649	False	
Q5VSP4	False	
Q5VSR9	False	
Q5VT03	False	
Q5VT28	False	
Q5VT98	False	
Q5VTA0	False	
Q5VTL7	False	
Q5VU36	False	
Q5VU92	False	
Q5VUR7	False	
Q5VUY2	False	
Q5VV16	False	
Q5VVB8	False	
Q5VVC0	False	
Q5VVH2	False	
Q5VVP1	False	
Q5VW00	False	
Q5VWM3	False	
Q5VWM4	False	
Q5VWM6	False	
Q5VXD3	False	
Q5VXH5	False	
Q5VYP0	False	
Q5VYY1	False	
Q5VZ18	False	
Q5VZQ5	False	
Q5VZR2	False	
Q5W064	False	
Q5W0N0	False	
Q5W150	False	
Q5W188	False	
Q629K1	False	
Q63HN1	False	
Q658T7	False	
Q68CR7	False	
Q68D20	False	
Q69YW2	False	
Q69YZ2	False	
Q6B9Z1	False	
Q6DCA0	False	
Q6GV28	False	
Q6ICI0	False	
Q6IE37	False	
Q6IPW1	False	
Q6JVE5	False	
Q6L9T8	False	
Q6MZM9	False	
Q6MZN7	False	
Q6NSI1	False	
Q6NSI3	False	
Q6NT46	False	
Q6NUI1	False	
Q6NUN7	False	
Q6NV74	False	
Q6NVV0	False	
Q6NVV1	False	
Q6NXN4	False	
Q6NXP0	False	
Q6NXP6	False	
Q6P047	False	
Q6P0A1	False	
Q6P1M9	False	
Q6P1R3	False	
Q6P1X6	False	
Q6P2C0	False	
Q6P2I7	False	
Q6P2S7	False	
Q6P387	False	
Q6P3W6	False	
Q6P3X3	False	
Q6P3X8	False	
Q6P575	False	
Q6PDB4	False	
Q6PEV8	False	
Q6PGQ1	False	
Q6PIV7	False	
Q6PIY5	False	
Q6PJE2	False	
Q6PK57	False	
Q6Q795	False	
Q6QAJ8	False	
Q6T311	False	
Q6UDR6	False	
Q6UWF9	False	
Q6UWH6	False	
Q6UWW0	False	
Q6UXB0	False	
Q6UXD1	False	
Q6UXP3	False	
Q6UXP7	False	
Q6UXQ8	False	
Q6UXR4	False	
Q6UXR6	False	
Q6UXU0	False	
Q6UY13	False	
Q6UYE1	False	
Q6WQI6	False	
Q6WRX3	False	
Q6X4T0	False	
Q6XLA1	False	
Q6XXX2	False	
Q6ZMT9	False	
Q6ZMU1	False	
Q6ZN03	False	
Q6ZN92	False	
Q6ZNB5	False	
Q6ZNQ3	False	
Q6ZP68	False	
Q6ZQN5	False	
Q6ZQQ2	False	
Q6ZQT0	False	
Q6ZQY2	False	
Q6ZRC1	False	
Q6ZRK6	False	
Q6ZRP0	False	
Q6ZRR7	False	
Q6ZRT6	False	
Q6ZRV3	False	
Q6ZS02	False	
Q6ZS62	False	
Q6ZSC3	True	master_direct
Q6ZSJ8	False	
Q6ZSR3	False	
Q6ZSR9	False	
Q6ZST2	False	
Q6ZST4	False	
Q6ZSU1	False	
Q6ZT52	False	
Q6ZTB9	False	
Q6ZTK2	False	
Q6ZTZ1	False	
Q6ZU45	False	
Q6ZUA9	False	
Q6ZUB0	False	
Q6ZUF6	False	
Q6ZUL3	False	
Q6ZUS5	False	
Q6ZUU3	False	
Q6ZV70	False	
Q6ZV77	False	
Q6ZV80	False	
Q6ZVK1	False	
Q6ZVN7	False	
Q6ZVS7	False	
Q6ZVW7	False	
Q6ZW13	False	
Q6ZWI9	False	
Q71RG6	False	
Q75LS8	False	
Q75MW2	False	
Q7Z2F6	False	
Q7Z2R9	False	
Q7Z2V1	False	
Q7Z2X7	False	
Q7Z3B0	False	
Q7Z4B0	False	
Q7Z5D8	False	
Q7Z5U6	False	
Q7Z6I8	False	
Q7Z7L8	False	
Q86SG4	False	
Q86SH4	False	
Q86SY8	False	
Q86T23	False	
Q86TI4	False	
Q86TZ1	False	
Q86U02	False	
Q86U17	False	
Q86UD1	False	
Q86UD7	False	
Q86UF4	False	
Q86UP9	False	
Q86UV7	False	
Q86V85	False	
Q86WZ0	False	
Q86X40	False	
Q86X53	False	
Q86X59	False	
Q86X60	False	
Q86XI8	True	master_direct
Q86Y27	False	
Q86Y28	False	
Q86Y29	False	
Q86Y30	False	
Q8IU53	False	
Q8IUI4	False	
Q8IV32	False	
Q8IV56	False	
Q8IVB5	False	
Q8IVE0	False	
Q8IVF1	False	
Q8IVJ8	False	
Q8IVK1	False	
Q8IWA6	False	
Q8IWD5	False	
Q8IWF7	False	
Q8IWF9	False	
Q8IWN6	False	
Q8IX95	False	
Q8IXL9	False	
Q8IXQ8	False	
Q8IXR5	False	
Q8IXR9	False	
Q8IXS0	False	
Q8IY45	False	
Q8IYA2	False	
Q8IYD2	False	
Q8IYN6	False	
Q8IYQ7	False	
Q8IZ63	False	
Q8IZJ6	False	
Q8IZQ5	False	
Q8MH63	False	
Q8N0U4	False	
Q8N0V1	False	
Q8N0W5	False	
Q8N0W7	False	
Q8N123	False	
Q8N1P7	False	
Q8N1V8	False	
Q8N1Y9	False	
Q8N239	False	
Q8N2C3	False	
Q8N2G6	True	master_direct
Q8N2R8	False	
Q8N2U0	False	
Q8N309	False	
Q8N319	False	
Q8N326	False	
Q8N398	False	
Q8N412	False	
Q8N431	False	
Q8N446	False	
Q8N485	False	
Q8N4B5	False	
Q8N4C9	False	
Q8N4K4	False	
Q8N4L4	False	
Q8N4P6	False	
Q8N4W6	False	
Q8N535	False	
Q8N5N4	False	
Q8N5Q1	False	
Q8N5S3	False	
Q8N5U0	False	
Q8N5W8	False	
Q8N614	False	
Q8N6C7	False	
Q8N6G2	False	
Q8N6L7	False	
Q8N6N2	False	
Q8N6Q8	False	
Q8N6V4	False	
Q8N755	False	
Q8N769	False	
Q8N7C4	False	
Q8N7L0	False	
Q8N7N1	False	
Q8N7Q2	False	
Q8N7R1	False	
Q8N7S6	False	
Q8N7U9	False	
Q8N7X8	False	
Q8N7Y1	False	
Q8N7Z2	False	
Q8N813	False	
Q8N816	False	
Q8N888	False	
Q8N8A8	False	
Q8N8D7	False	
Q8N8E1	False	
Q8N8H1	False	
Q8N8I0	False	
Q8N8I6	False	
Q8N8J7	False	
Q8N8L6	False	
Q8N8Z3	False	
Q8N910	False	
Q8N945	False	
Q8N967	False	
Q8N9B4	False	
Q8N9C0	False	
Q8N9M1	False	
Q8N9R0	False	
Q8N9R6	False	
Q8N9T2	False	
Q8N9U9	False	
Q8N9V3	False	
Q8N9W7	False	
Q8N9X5	False	
Q8N9Z2	False	
Q8NA03	False	
Q8NA57	False	
Q8NA66	False	
Q8NA70	False	
Q8NA75	False	
Q8NAA6	False	
Q8NAJ2	False	
Q8NAP1	False	
Q8NAV2	False	
Q8NBB2	False	
Q8NBC4	False	
Q8NBP0	False	
Q8NBT3	False	
Q8NBZ9	False	
Q8NC38	False	
Q8NC54	False	
Q8NCJ5	False	
Q8NCQ2	False	
Q8NCQ3	False	
Q8NCS4	False	
Q8NCU4	False	
Q8ND24	False	
Q8ND94	False	
Q8NDY4	False	
Q8NDY8	False	
Q8NEA4	False	
Q8NEE0	False	
Q8NEE8	False	
Q8NEG2	False	
Q8NEL0	False	
Q8NEQ5	False	
Q8NET4	False	
Q8NEX5	False	
Q8NEX6	False	
Q8NF67	False	
Q8NFP0	False	
Q8NH21	False	
Q8NHX4	False	
Q8NI28	False	
Q8TAC1	False	
Q8TAD7	False	
Q8TAF5	False	
Q8TAL5	False	
Q8TAT8	False	
Q8TB05	False	
Q8TBR4	False	
Q8TBR5	False	
Q8TBZ9	False	
Q8TC99	False	
Q8TCA0	False	
Q8TCP9	True	master_direct
Q8TCZ7	False	
Q8TD33	False	
Q8TD35	False	
Q8TD47	False	
Q8TD90	False	
Q8TDY3	False	
Q8TE82	False	
Q8TEF2	False	
Q8WTQ4	False	
Q8WTZ4	False	
Q8WU43	False	
Q8WUB2	False	
Q8WUY1	False	
Q8WVF5	False	
Q8WW59	False	
Q8WWF1	False	
Q8WWF6	False	
Q8WWF8	False	
Q8WWM1	False	
Q8WWR9	False	
Q8WXS4	False	
Q8WZB0	False	
Q92527	False	
Q92623	False	
Q92628	False	
Q969H9	False	
Q96A19	False	
Q96A22	False	
Q96AQ1	False	
Q96AQ2	False	
Q96AT1	False	
Q96B54	False	
Q96B70	True	master_direct
Q96CN7	False	
Q96CP2	False	
Q96D70	False	
Q96DE9	False	
Q96DM1	False	
Q96E39	True	master_direct
Q96EE4	False	
Q96EK9	False	
Q96EX1	False	
Q96F83	False	
Q96FA7	False	
Q96FF7	False	
Q96FQ7	False	
Q96GI7	False	
Q96H35	True	master_direct
Q96HG1	False	
Q96HH4	False	
Q96HM7	False	
Q96HZ7	False	
Q96I45	False	
Q96IR2	False	
Q96IW2	False	
Q96K31	False	
Q96KF2	False	
Q96KF7	False	
Q96KT0	False	
Q96KW2	False	
Q96LI9	False	
Q96LM9	False	
Q96LP6	False	
Q96LR7	False	
Q96LS8	False	
Q96LZ2	False	
Q96M19	False	
Q96M60	False	
Q96MC4	False	
Q96MC9	False	
Q96MD7	False	
Q96MP5	True	master_direct
Q96MR7	False	
Q96MU5	False	
Q96MW1	False	
Q96MW7	False	
Q96MZ0	False	
Q96MZ4	False	
Q96N35	False	
Q96N53	False	
Q96NR7	False	
Q96NS1	False	
Q96NS8	False	
Q96PG1	False	
Q96PP4	False	
Q96PQ5	False	
Q96PS1	False	
Q96PY0	False	
Q96QU4	False	
Q99440	False	
Q9BQ49	False	
Q9BQM9	False	
Q9BR11	True	master_direct
Q9BR26	False	
Q9BS92	False	
Q9BTX7	False	
Q9BU68	False	
Q9BVG4	False	
Q9BVR0	False	
Q9BVW6	False	
Q9BWJ2	False	
Q9BXJ2	False	
Q9BXQ6	False	
Q9BXU2	True	master_direct
Q9BY89	False	
Q9BYL1	False	
Q9BYS8	False	
Q9BZ19	False	
Q9BZ68	False	
Q9BZ81	False	
Q9BZ97	False	
Q9BZA5	False	
Q9BZE7	False	
Q9BZP3	False	
Q9C073	False	
Q9GZL8	False	
Q9GZU0	False	
Q9GZY1	False	
Q9H0H9	False	
Q9H0P7	False	
Q9H0Q0	False	
Q9H0W7	False	
Q9H1F0	False	
Q9H1X3	False	
Q9H246	False	
Q9H2J1	False	
Q9H489	False	
Q9H4G8	False	
Q9H4R4	False	
Q9H560	False	
Q9H579	False	
Q9H606	False	
Q9H607	False	
Q9H6K5	False	
Q9H6N6	False	
Q9H7B7	False	
Q9H7F4	False	
Q9H7M6	False	
Q9H8W2	False	
Q9H8W3	False	
Q9H8X3	False	
Q9H9A6	False	
Q9H9R9	False	
Q9HAH7	False	
Q9HAU6	False	
Q9HBI5	False	
Q9HBX3	False	
Q9HC47	False	
Q9HD87	False	
Q9NPU4	False	
Q9NQ32	False	
Q9NQ39	False	
Q9NQR7	False	
Q9NRI6	False	
Q9NRJ2	False	
Q9NRP4	False	
Q9NSQ0	False	
Q9NU53	False	
Q9NUB4	False	
Q9NUC0	False	
Q9NUD7	False	
Q9NUJ7	False	
Q9NUR3	False	
Q9NVV2	False	
Q9NWW7	False	
Q9NZF1	False	
Q9NZY2	False	
Q9P1G2	False	
Q9P217	False	
Q9P298	False	
Q9P2W6	False	
Q9P2X7	False	
Q9P2X8	False	
Q9UBP8	False	
Q9UEU5	False	
Q9UFV1	False	
Q9UH64	False	
Q9UHA2	False	
Q9UHL3	False	
Q9UHQ7	False	
Q9UIY3	False	
Q9UJQ7	False	
Q9UK00	False	
Q9ULE4	False	
Q9ULG3	False	
Q9ULI1	False	
Q9ULN7	False	
Q9UNZ5	False	
Q9Y3P4	False	
Q9Y442	False	
Q9Y4M8	False	
Q9Y546	False	
Q9Y5L5	False	
Q9Y5M1	False	
Q9Y675	False	
Q9Y6J3	False	
S4R3P1	False	
S4R3Y5	False	
X6R8D5	False	
X6R8R1	False	
A0A087WV53	False	
A0A087WWA1	False	
A0A096LPI5	False	
A0A0B4J1W7	False	
A0A0C4DGP1	False	
A0A0J9YX94	False	
A0A0J9YXQ4	False	
A0A0U1RQG5	False	
A0A0U1RQS6	False	
A0A0U1RR37	False	
A0A0U1RRA0	False	
A0A1B0GTC6	False	
A0A1B0GTJ6	False	
A0A1B0GTK5	False	
A0A1B0GTU2	False	
A0A1B0GU29	False	
A0A1B0GU33	False	
A0A1B0GU71	False	
A0A1B0GUA5	False	
A0A1B0GUA6	False	
A0A1B0GUA9	False	
A0A1B0GUC4	False	
A0A1B0GUQ0	False	
A0A1B0GUS0	False	
A0A1B0GUT2	False	
A0A1B0GUU1	False	
A0A1B0GUV1	False	
A0A1B0GV22	False	
A0A1B0GV90	False	
A0A1B0GV96	False	
A0A1B0GVG6	False	
A0A1B0GVH6	False	
A0A1B0GVM5	False	
A0A1B0GVM6	False	
A0A1B0GVZ2	False	
A0A1B0GVZ9	False	
A0A1B0GW35	False	
A0A1B0GW54	False	
A0A1B0GWI6	False	
A0A1W2PP97	False	
A0A1W2PPE3	False	
A0A286YF18	False	
A0A286YFK9	False	
A0A2R8Y2Y2	False	
A0A3B3IT52	False	
A0A3G1DJL1	False	
A0A3G1DJL7	False	
A0A411D538	False	
A0A494C0N9	False	
A0A494C0Y3	False	
A0A5F9ZH02	False	
A0A8I5KY20	False	
A1L4L8	False	
A1L4Q6	False	
A2JGV3	False	
A4D0Y5	False	
A4D1N5	False	
A4D250	False	
A4QN01	False	
A6NCS6	False	
A6NDN8	False	
A6NF36	False	
A6NFE3	False	
A6NGY3	False	
A6NHR8	False	
A6NHS1	False	
A6NIU2	False	
A6NJI1	False	
A6NJI9	False	
A6NKX1	False	
A6NL46	False	
A6NM66	False	
A6NML5	False	
A6NNH2	False	
A6NNX1	False	
A8K554	False	
A8MT66	False	
A8MTL0	False	
A8MTZ7	False	
A8MU10	False	
A8MU93	False	
A8MUA0	False	
A8MUI8	False	
A8MUU9	False	
A8MV24	False	
A8MV72	False	
A8MVM7	False	
A8MWE9	False	
A8MWP4	False	
A8MX80	False	
A8MY62	False	
A8MYJ7	False	
A8MYZ5	False	
A8MZ25	False	
A8MZF0	False	
A8MZG2	False	
B1AMM8	False	
B3EWG5	False	
B3EWG6	False	
B5MCN3	False	
B9A014	False	
C0HMD7	False	
C9J302	False	
C9J3I9	False	
C9J6K1	False	
C9JC47	False	
C9JFL3	False	
D0EPY3	False	
E9PIF3	False	
F2Z398	False	
F2Z3F1	False	
F8WFD2	False	
H0Y354	False	
H3BMG3	False	
H3BNL1	False	
H3BNL8	False	
J3KSC0	False	
O15225	False	
O15544	False	
O60384	False	
O60756	False	
P0C5K6	False	
P0C5K7	False	
P0C7U9	False	
P0C841	False	
P0C875	False	
P0C879	False	
P0C880	False	
P0CE67	False	
P0CF97	True	master_direct
P0CG42	False	
P0CG43	False	
P0CH98	False	
P0CZ25	False	
P0DH78	False	
P0DKL9	False	
P0DM63	False	
P0DMQ9	False	
P0DMU3	False	
P0DMV1	False	
P0DMV2	False	
P0DMW3	False	
P0DMW4	False	
P0DMW5	False	
P0DP71	False	
P0DPP9	False	
P0DQW1	False	
P0DV60	False	
P0DXC3	False	
P13985	False	
P58513	False	
P59020	False	
P59022	False	
Q05BU3	False	
Q0P140	False	
Q0VDD5	False	
Q0VFX4	False	
Q13166	False	
Q14602	False	
Q14695	False	
Q1RN00	False	
Q2M2D7	False	
Q3B7I2	False	
Q3ZM63	False	
Q495D7	False	
Q499Y3	False	
Q4KMX7	False	
Q52M75	False	
Q53H64	False	
Q56UQ5	False	
Q5JQF7	False	
Q5PR19	False	
Q5STR5	False	
Q5SY85	False	
Q5T0J3	False	
Q5T3Y7	False	
Q5T7N8	False	
Q5T7P6	False	
Q5T7R7	False	
Q5T870	False	
Q5TEZ4	False	
Q5TEZ5	False	
Q5VSD8	False	
Q5VT33	False	
Q5VT40	False	
Q5VUE5	False	
Q5VVS0	False	
Q68DL7	False	
Q6AWC8	False	
Q6IC83	False	
Q6NUR6	False	
Q6P435	False	
Q6UWF5	False	
Q6UXP9	False	
Q6UXQ4	False	
Q6UXR8	False	
Q6UXV3	False	
Q6W349	False	
Q6XCG6	False	
Q6ZMV7	True	gene_patch
Q6ZPA2	False	
Q6ZQT7	False	
Q6ZQY7	False	
Q6ZR03	False	
Q6ZR54	False	
Q6ZR85	False	
Q6ZRG5	False	
Q6ZRM9	False	
Q6ZRN7	False	
Q6ZRP5	False	
Q6ZRU5	False	
Q6ZRX8	False	
Q6ZS46	False	
Q6ZS49	False	
Q6ZS52	False	
Q6ZS92	False	
Q6ZSA8	False	
Q6ZSB3	False	
Q6ZSK4	False	
Q6ZSN1	False	
Q6ZSR6	False	
Q6ZSV7	False	
Q6ZTC4	False	
Q6ZTI0	False	
Q6ZTR6	False	
Q6ZTY9	False	
Q6ZUG5	False	
Q6ZUT4	False	
Q6ZV60	False	
Q6ZVH6	False	
Q6ZVL8	False	
Q6ZVQ6	False	
Q6ZVU0	False	
Q6ZWC4	False	
Q71F78	False	
Q86TA4	False	
Q86TU6	False	
Q86U37	False	
Q86UQ5	False	
Q8IXQ3	False	
Q8IYB0	False	
Q8IZM0	False	
Q8N1I8	False	
Q8N1L1	False	
Q8N1X5	False	
Q8N2A0	False	
Q8N2B8	False	
Q8N2C9	False	
Q8N377	False	
Q8N3U1	False	
Q8N4M7	False	
Q8N616	False	
Q8N6K4	False	
Q8N6U2	False	
Q8N7H1	False	
Q8N7P7	False	
Q8N812	False	
Q8N814	False	
Q8N8G6	False	
Q8N8J0	False	
Q8N8P6	False	
Q8N8V8	False	
Q8N976	False	
Q8N9G6	False	
Q8N9L7	False	
Q8N9P0	False	
Q8N9P6	False	
Q8N9X3	False	
Q8NA96	False	
Q8NA97	False	
Q8NAE3	False	
Q8NAQ8	False	
Q8NBF4	False	
Q8NBR9	False	
Q8NFD4	False	
Q8TB33	False	
Q8TCH9	False	
Q8TEV8	False	
Q8WU49	False	
Q8WXQ3	False	
Q8WY50	False	
Q8WZ26	False	
Q8WZ69	False	
Q8WZA8	False	
Q96BT1	False	
Q96CB5	False	
Q96FK6	False	
Q96IR3	False	
Q96IT6	False	
Q96KT6	False	
Q96KX1	False	
Q96LM1	False	
Q96M15	False	
Q96M42	False	
Q96M66	False	
Q96M78	False	
Q96M85	False	
Q96MF0	False	
Q96MF4	False	
Q96MH7	False	
Q96MT0	False	
Q96MT4	False	
Q96N68	False	
Q96NJ1	False	
Q96PS6	False	
Q96T59	False	
Q9BR46	False	
Q9BRP9	False	
Q9BTD1	False	
Q9BTK2	False	
Q9BXW3	False	
Q9BZ98	False	
Q9BZA0	False	
Q9BZK8	False	
Q9BZS9	False	
Q9H0A3	False	
Q9H1L0	False	
Q9H2U6	False	
Q9H354	False	
Q9H379	False	
Q9H478	False	
Q9H521	False	
Q9H693	False	
Q9H7T3	False	
Q9H8Q6	False	
Q9H8V8	False	
Q9HAA7	False	
Q9NRI7	False	
Q9NZ38	False	
Q9P1C3	False	
Q9P1D8	False	
Q9P1J3	False	
Q9UF83	False	
Q9UFV3	False	
Q9UHT4	False	
Q9UHU1	False	
Q9UI25	False	
Q9UI54	False	
Q9UI72	False	
Q9Y3F1	False	
Q9Y6C7	False	
A0A140T8Y2	True	master_appended
F6QDS0	True	master_appended
A0A0G2JJZ9	True	master_appended
E9PB61	True	master_appended
A0A0B4J203	True	master_appended
A0ACM8QBP7	True	master_appended
A0A0G2JKY3	True	master_appended
H3BN59	True	master_appended
D6RA96	True	master_appended
M0R2C6	True	master_appended
A0A087WZ13	True	master_appended
