proteinid,method,start,end,length,rna_class,position,signature,uniprot_accession,measurement_protein_id,frac_A,frac_C,frac_D,frac_E,frac_F,frac_G,frac_H,frac_I,frac_K,frac_L,frac_M,frac_N,frac_P,frac_Q,frac_R,frac_S,frac_T,frac_V,frac_W,frac_Y,frac_polar,frac_hydrophobic,frac_strong_hydro,frac_aromatic,frac_disorder,frac_positive,frac_negative,fcr,ncpr,frac_GS,uniprot_length,coverage_per_lcr
Q9Y2T7|ensembl_protein_id=ENSP00000007699|entry=YBOX2_HUMAN|source=pfam27|protein_name=Y-box-binding,SEG,39,55,17,mRNA,domain_adjacent,disorder_rich_spacer_region,Q9Y2T7|ensembl_protein_id=ENSP00000007699|entry=YBOX2_HUMAN|source=pfam27|protein_name=Y-box-binding,,,,,,,,,,,,,,,,,,,,,,,,,,,,,,,,,
Q9H6S0|ensembl_protein_id=ENSP00000161863|entry=YTDC2_HUMAN|source=pfam27|protein_name=3'-5',SEG,13,30,18,mRNA,domain_adjacent,disorder_rich_spacer_region,Q9H6S0|ensembl_protein_id=ENSP00000161863|entry=YTDC2_HUMAN|source=pfam27|protein_name=3'-5',,,,,,,,,,,,,,,,,,,,,,,,,,,,,,,,,
Q8N1G1|ensembl_protein_id=ENSP00000170168|entry=REXO1_HUMAN|source=pfam27|protein_name=RNA,SEG,571,592,22,pre-rRNA,unclassified_no_pfam,polar_linker,Q8N1G1|ensembl_protein_id=ENSP00000170168|entry=REXO1_HUMAN|source=pfam27|protein_name=RNA,,,,,,,,,,,,,,,,,,,,,,,,,,,,,,,,,
Q9BRR8|ensembl_protein_id=ENSP00000170564|entry=GPTC1_HUMAN|source=pfam27|protein_name=G,SEG,893,909,17,mRNA,distal_terminal,acidic_region,Q9BRR8|ensembl_protein_id=ENSP00000170564|entry=GPTC1_HUMAN|source=pfam27|protein_name=G,,,,,,,,,,,,,,,,,,,,,,,,,,,,,,,,,
Q9H501|ensembl_protein_id=ENSP00000202816|entry=ESF1_HUMAN|source=pfam27|protein_name=ESF1,SEG,267,297,31,pre-rRNA,distal_terminal,acidic_region,Q9H501|ensembl_protein_id=ENSP00000202816|entry=ESF1_HUMAN|source=pfam27|protein_name=ESF1,,,,,,,,,,,,,,,,,,,,,,,,,,,,,,,,,
Q8N8D1|ensembl_protein_id=ENSP00000204549|entry=PDCD7_HUMAN|source=pfam27|protein_name=Programmed,SEG,235,251,17,snRNA,unclassified_no_pfam,arginine_rich_rna_contact_region,Q8N8D1|ensembl_protein_id=ENSP00000204549|entry=PDCD7_HUMAN|source=pfam27|protein_name=Programmed,,,,,,,,,,,,,,,,,,,,,,,,,,,,,,,,,
O15371|ensembl_protein_id=ENSP00000216190|entry=EIF3D_HUMAN|source=pfam27|protein_name=Eukaryotic,SEG,529,546,18,mRNA,domain_adjacent,acidic_region,O15371|ensembl_protein_id=ENSP00000216190|entry=EIF3D_HUMAN|source=pfam27|protein_name=Eukaryotic,,,,,,,,,,,,,,,,,,,,,,,,,,,,,,,,,
Q86U42|ensembl_protein_id=ENSP00000216727|entry=PABP2_HUMAN|source=pfam27|protein_name=Polyadenylate-binding,SEG,1,15,15,mRNA,distal_terminal,disorder_rich_spacer_region,Q86U42|ensembl_protein_id=ENSP00000216727|entry=PABP2_HUMAN|source=pfam27|protein_name=Polyadenylate-binding,,,,,,,,,,,,,,,,,,,,,,,,,,,,,,,,,
Q86U42|ensembl_protein_id=ENSP00000216727|entry=PABP2_HUMAN|source=pfam27|protein_name=Polyadenylate-binding,SEG,49,80,32,mRNA,distal_terminal,acidic_region,Q86U42|ensembl_protein_id=ENSP00000216727|entry=PABP2_HUMAN|source=pfam27|protein_name=Polyadenylate-binding,,,,,,,,,,,,,,,,,,,,,,,,,,,,,,,,,
Q9H307|ensembl_protein_id=ENSP00000216832|entry=PININ_HUMAN|source=pfam27|protein_name=Pinin,SEG,569,637,69,mRNA,unclassified_no_pfam,sr_rs_repeat_region,Q9H307|ensembl_protein_id=ENSP00000216832|entry=PININ_HUMAN|source=pfam27|protein_name=Pinin,,,,,,,,,,,,,,,,,,,,,,,,,,,,,,,,,
P14866|ensembl_protein_id=ENSP00000221419|entry=HNRPL_HUMAN|source=pfam27|protein_name=Heterogeneous,SEG,38,55,18,mRNA,domain_adjacent,aromatic_sticker_region,P14866|ensembl_protein_id=ENSP00000221419|entry=HNRPL_HUMAN|source=pfam27|protein_name=Heterogeneous,,,,,,,,,,,,,,,,,,,,,,,,,,,,,,,,,
P14866|ensembl_protein_id=ENSP00000221419|entry=HNRPL_HUMAN|source=pfam27|protein_name=Heterogeneous,SEG,70,88,19,mRNA,domain_adjacent,disorder_rich_spacer_region,P14866|ensembl_protein_id=ENSP00000221419|entry=HNRPL_HUMAN|source=pfam27|protein_name=Heterogeneous,,,,,,,,,,,,,,,,,,,,,,,,,,,,,,,,,
Q15428|ensembl_protein_id=ENSP00000221494|entry=SF3A2_HUMAN|source=pfam27|protein_name=Splicing,SEG,250,265,16,snRNA,domain_adjacent,disorder_rich_spacer_region,Q15428|ensembl_protein_id=ENSP00000221494|entry=SF3A2_HUMAN|source=pfam27|protein_name=Splicing,,,,,,,,,,,,,,,,,,,,,,,,,,,,,,,,,
Q9NW13|ensembl_protein_id=ENSP00000223073|entry=RBM28_HUMAN|source=pfam27|protein_name=RNA-binding,SEG,223,243,21,snRNA,interdomain_linker,acidic_region,Q9NW13|ensembl_protein_id=ENSP00000223073|entry=RBM28_HUMAN|source=pfam27|protein_name=RNA-binding,,,,,,,,,,,,,,,,,,,,,,,,,,,,,,,,,
Q7Z417|ensembl_protein_id=ENSP00000225388|entry=NUFP2_HUMAN|source=pfam27|protein_name=FMR1-interacting,SEG,6,34,29,mRNA,distal_terminal,aromatic_sticker_region,Q7Z417|ensembl_protein_id=ENSP00000225388|entry=NUFP2_HUMAN|source=pfam27|protein_name=FMR1-interacting,,,,,,,,,,,,,,,,,,,,,,,,,,,,,,,,,
Q7Z417|ensembl_protein_id=ENSP00000225388|entry=NUFP2_HUMAN|source=pfam27|protein_name=FMR1-interacting,SEG,372,385,14,mRNA,domain_intrinsic,disorder_rich_spacer_region,Q7Z417|ensembl_protein_id=ENSP00000225388|entry=NUFP2_HUMAN|source=pfam27|protein_name=FMR1-interacting,,,,,,,,,,,,,,,,,,,,,,,,,,,,,,,,,
Q9NY12|ensembl_protein_id=ENSP00000226796|entry=GAR1_HUMAN|source=pfam27|protein_name=H/ACA,SEG,2,23,22,snoRNA,domain_adjacent,rg_rgg_repeat_region,Q9NY12|ensembl_protein_id=ENSP00000226796|entry=GAR1_HUMAN|source=pfam27|protein_name=H/ACA,,,,,,,,,,,,,,,,,,,,,,,,,,,,,,,,,
Q9NY12|ensembl_protein_id=ENSP00000226796|entry=GAR1_HUMAN|source=pfam27|protein_name=H/ACA,SEG,28,58,31,snoRNA,domain_adjacent,rg_rgg_repeat_region,Q9NY12|ensembl_protein_id=ENSP00000226796|entry=GAR1_HUMAN|source=pfam27|protein_name=H/ACA,,,,,,,,,,,,,,,,,,,,,,,,,,,,,,,,,
Q9NY12|ensembl_protein_id=ENSP00000226796|entry=GAR1_HUMAN|source=pfam27|protein_name=H/ACA,SEG,168,215,48,snoRNA,domain_adjacent,rg_rgg_repeat_region,Q9NY12|ensembl_protein_id=ENSP00000226796|entry=GAR1_HUMAN|source=pfam27|protein_name=H/ACA,,,,,,,,,,,,,,,,,,,,,,,,,,,,,,,,,
Q5XG87|ensembl_protein_id=ENSP00000230859|entry=PAPD7_HUMAN|source=pfam27|protein_name=Terminal,SEG,104,116,13,diverse,distal_terminal,disorder_rich_spacer_region,Q5XG87|ensembl_protein_id=ENSP00000230859|entry=PAPD7_HUMAN|source=pfam27|protein_name=Terminal,,,,,,,,,,,,,,,,,,,,,,,,,,,,,,,,,
Q4ZG55|ensembl_protein_id=ENSP00000234142|entry=GREB1_HUMAN|source=pfam38|protein_name=Protein,SEG,1216,1231,16,unknown,domain_intrinsic,disorder_rich_spacer_region,Q4ZG55|ensembl_protein_id=ENSP00000234142|entry=GREB1_HUMAN|source=pfam38|protein_name=Protein,,,,,,,,,,,,,,,,,,,,,,,,,,,,,,,,,
Q13247|ensembl_protein_id=ENSP00000244020|entry=SRSF6_HUMAN|source=pfam27|protein_name=Serine/arginine-rich,SEG,187,229,43,mRNA,domain_adjacent,sr_rs_repeat_region,Q13247|ensembl_protein_id=ENSP00000244020|entry=SRSF6_HUMAN|source=pfam27|protein_name=Serine/arginine-rich,,,,,,,,,,,,,,,,,,,,,,,,,,,,,,,,,
Q13247|ensembl_protein_id=ENSP00000244020|entry=SRSF6_HUMAN|source=pfam27|protein_name=Serine/arginine-rich,SEG,323,342,20,mRNA,distal_terminal,sr_rs_repeat_region,Q13247|ensembl_protein_id=ENSP00000244020|entry=SRSF6_HUMAN|source=pfam27|protein_name=Serine/arginine-rich,,,,,,,,,,,,,,,,,,,,,,,,,,,,,,,,,
Q8WVK2|ensembl_protein_id=ENSP00000244227|entry=SNR27_HUMAN|source=pfam27|protein_name=U4/U6.U5,SEG,2,17,16,snRNA,distal_terminal,sr_rs_repeat_region,Q8WVK2|ensembl_protein_id=ENSP00000244227|entry=SNR27_HUMAN|source=pfam27|protein_name=U4/U6.U5,,,,,,,,,,,,,,,,,,,,,,,,,,,,,,,,,
Q8WVK2|ensembl_protein_id=ENSP00000244227|entry=SNR27_HUMAN|source=pfam27|protein_name=U4/U6.U5,SEG,9,44,36,snRNA,distal_terminal,sr_rs_repeat_region,Q8WVK2|ensembl_protein_id=ENSP00000244227|entry=SNR27_HUMAN|source=pfam27|protein_name=U4/U6.U5,,,,,,,,,,,,,,,,,,,,,,,,,,,,,,,,,
Q8WVK2|ensembl_protein_id=ENSP00000244227|entry=SNR27_HUMAN|source=pfam27|protein_name=U4/U6.U5,SEG,37,58,22,snRNA,domain_adjacent,sr_rs_repeat_region,Q8WVK2|ensembl_protein_id=ENSP00000244227|entry=SNR27_HUMAN|source=pfam27|protein_name=U4/U6.U5,,,,,,,,,,,,,,,,,,,,,,,,,,,,,,,,,
P09234|ensembl_protein_id=ENSP00000244520|entry=RU1C_HUMAN|source=pfam27|protein_name=U1,SEG,96,117,22,snRNA,distal_terminal,proline_rich_disordered_region,P09234|ensembl_protein_id=ENSP00000244520|entry=RU1C_HUMAN|source=pfam27|protein_name=U1,,,,,,,,,,,,,,,,,,,,,,,,,,,,,,,,,
Q9BQ67|ensembl_protein_id=ENSP00000253237|entry=GRWD1_HUMAN|source=pfam27|protein_name=Glutamate-rich,SEG,122,135,14,pre-rRNA,unclassified_no_pfam,acidic_region,Q9BQ67|ensembl_protein_id=ENSP00000253237|entry=GRWD1_HUMAN|source=pfam27|protein_name=Glutamate-rich,,,,,,,,,,,,,,,,,,,,,,,,,,,,,,,,,
Q96EY7|ensembl_protein_id=ENSP00000254630|entry=PTCD3_HUMAN|source=pfam27|protein_name=Small,SEG,669,685,17,mRNA,unclassified_no_pfam,acidic_region,Q96EY7|ensembl_protein_id=ENSP00000254630|entry=PTCD3_HUMAN|source=pfam27|protein_name=Small,,,,,,,,,,,,,,,,,,,,,,,,,,,,,,,,,
Q9NQZ2|ensembl_protein_id=ENSP00000254803|entry=SAS10_HUMAN|source=pfam27|protein_name=Something,SEG,150,168,19,snoRNA,distal_terminal,acidic_region,Q9NQZ2|ensembl_protein_id=ENSP00000254803|entry=SAS10_HUMAN|source=pfam27|protein_name=Something,,,,,,,,,,,,,,,,,,,,,,,,,,,,,,,,,
O95218|ensembl_protein_id=ENSP00000254821|entry=ZRAB2_HUMAN|source=pfam27|protein_name=Zinc,SEG,199,253,55,mRNA,distal_terminal,sr_rs_repeat_region,O95218|ensembl_protein_id=ENSP00000254821|entry=ZRAB2_HUMAN|source=pfam27|protein_name=Zinc,,,,,,,,,,,,,,,,,,,,,,,,,,,,,,,,,
O95218|ensembl_protein_id=ENSP00000254821|entry=ZRAB2_HUMAN|source=pfam27|protein_name=Zinc,SEG,309,326,18,mRNA,distal_terminal,gs_rich_neutral_region,O95218|ensembl_protein_id=ENSP00000254821|entry=ZRAB2_HUMAN|source=pfam27|protein_name=Zinc,,,,,,,,,,,,,,,,,,,,,,,,,,,,,,,,,
Q8NAV1|ensembl_protein_id=ENSP00000257181|entry=PR38A_HUMAN|source=pfam27|protein_name=Pre-mRNA-splicing,SEG,229,251,23,snRNA,distal_terminal,sr_rs_repeat_region,Q8NAV1|ensembl_protein_id=ENSP00000257181|entry=PR38A_HUMAN|source=pfam27|protein_name=Pre-mRNA-splicing,,,,,,,,,,,,,,,,,,,,,,,,,,,,,,,,,
Q96K80|ensembl_protein_id=ENSP00000257940|entry=ZC3HA_HUMAN|source=pfam27|protein_name=Zinc,SEG,336,355,20,unknown,distal_terminal,disorder_rich_spacer_region,Q96K80|ensembl_protein_id=ENSP00000257940|entry=ZC3HA_HUMAN|source=pfam27|protein_name=Zinc,,,,,,,,,,,,,,,,,,,,,,,,,,,,,,,,,
Q07955|ensembl_protein_id=ENSP00000258962|entry=SRSF1_HUMAN|source=pfam27|protein_name=Serine/arginine-rich,SEG,89,112,24,mRNA,interdomain_linker,disorder_rich_spacer_region,Q07955|ensembl_protein_id=ENSP00000258962|entry=SRSF1_HUMAN|source=pfam27|protein_name=Serine/arginine-rich,,,,,,,,,,,,,,,,,,,,,,,,,,,,,,,,,
Q07955|ensembl_protein_id=ENSP00000258962|entry=SRSF1_HUMAN|source=pfam27|protein_name=Serine/arginine-rich,SEG,203,226,24,mRNA,domain_adjacent,sr_rs_repeat_region,Q07955|ensembl_protein_id=ENSP00000258962|entry=SRSF1_HUMAN|source=pfam27|protein_name=Serine/arginine-rich,,,,,,,,,,,,,,,,,,,,,,,,,,,,,,,,,
O60563|ensembl_protein_id=ENSP00000261900|entry=CCNT1_HUMAN|source=pfam27|protein_name=Cyclin-T1,SEG,512,530,19,ncRNA,unclassified_no_pfam,aromatic_sticker_region,O60563|ensembl_protein_id=ENSP00000261900|entry=CCNT1_HUMAN|source=pfam27|protein_name=Cyclin-T1,,,,,,,,,,,,,,,,,,,,,,,,,,,,,,,,,
O60563|ensembl_protein_id=ENSP00000261900|entry=CCNT1_HUMAN|source=pfam27|protein_name=Cyclin-T1,SEG,707,724,18,ncRNA,unclassified_no_pfam,disorder_rich_spacer_region,O60563|ensembl_protein_id=ENSP00000261900|entry=CCNT1_HUMAN|source=pfam27|protein_name=Cyclin-T1,,,,,,,,,,,,,,,,,,,,,,,,,,,,,,,,,
O15105|ensembl_protein_id=ENSP00000262158|entry=SMAD7_HUMAN|source=pfam27|protein_name=SMAD,SEG,19,40,22,ncRNA,unclassified_no_pfam,acidic_region,O15105|ensembl_protein_id=ENSP00000262158|entry=SMAD7_HUMAN|source=pfam27|protein_name=SMAD,,,,,,,,,,,,,,,,,,,,,,,,,,,,,,,,,
Q8TDI0|ensembl_protein_id=ENSP00000262450|entry=CHD5_HUMAN|source=pfam38|protein_name=ATP-dependent,SEG,96,115,20,unknown,distal_terminal,basic_enriched_region,Q8TDI0|ensembl_protein_id=ENSP00000262450|entry=CHD5_HUMAN|source=pfam38|protein_name=ATP-dependent,,,,,,,,,,,,,,,,,,,,,,,,,,,,,,,,,
Q8TDI0|ensembl_protein_id=ENSP00000262450|entry=CHD5_HUMAN|source=pfam38|protein_name=ATP-dependent,SEG,205,216,12,unknown,distal_terminal,disorder_rich_spacer_region,Q8TDI0|ensembl_protein_id=ENSP00000262450|entry=CHD5_HUMAN|source=pfam38|protein_name=ATP-dependent,,,,,,,,,,,,,,,,,,,,,,,,,,,,,,,,,
Q6ZRS2|ensembl_protein_id=ENSP00000262518|entry=SRCAP_HUMAN|source=pfam38|protein_name=Chromatin,SEG,1141,1157,17,unknown,interdomain_linker,unmapped_physicochemical_properties,Q6ZRS2|ensembl_protein_id=ENSP00000262518|entry=SRCAP_HUMAN|source=pfam38|protein_name=Chromatin,,,,,,,,,,,,,,,,,,,,,,,,,,,,,,,,,
O15047|ensembl_protein_id=ENSP00000262519|entry=SET1A_HUMAN|source=pfam27|protein_name=Histone-lysine,SEG,327,356,30,ncRNA,distal_terminal,disorder_rich_spacer_region,O15047|ensembl_protein_id=ENSP00000262519|entry=SET1A_HUMAN|source=pfam27|protein_name=Histone-lysine,,,,,,,,,,,,,,,,,,,,,,,,,,,,,,,,,
O15047|ensembl_protein_id=ENSP00000262519|entry=SET1A_HUMAN|source=pfam27|protein_name=Histone-lysine,SEG,432,451,20,ncRNA,distal_terminal,disorder_rich_spacer_region,O15047|ensembl_protein_id=ENSP00000262519|entry=SET1A_HUMAN|source=pfam27|protein_name=Histone-lysine,,,,,,,,,,,,,,,,,,,,,,,,,,,,,,,,,
O15047|ensembl_protein_id=ENSP00000262519|entry=SET1A_HUMAN|source=pfam27|protein_name=Histone-lysine,SEG,593,615,23,ncRNA,distal_terminal,disorder_rich_spacer_region,O15047|ensembl_protein_id=ENSP00000262519|entry=SET1A_HUMAN|source=pfam27|protein_name=Histone-lysine,,,,,,,,,,,,,,,,,,,,,,,,,,,,,,,,,
O15047|ensembl_protein_id=ENSP00000262519|entry=SET1A_HUMAN|source=pfam27|protein_name=Histone-lysine,SEG,634,653,20,ncRNA,distal_terminal,disorder_rich_spacer_region,O15047|ensembl_protein_id=ENSP00000262519|entry=SET1A_HUMAN|source=pfam27|protein_name=Histone-lysine,,,,,,,,,,,,,,,,,,,,,,,,,,,,,,,,,
O15047|ensembl_protein_id=ENSP00000262519|entry=SET1A_HUMAN|source=pfam27|protein_name=Histone-lysine,SEG,970,991,22,ncRNA,distal_terminal,acidic_region,O15047|ensembl_protein_id=ENSP00000262519|entry=SET1A_HUMAN|source=pfam27|protein_name=Histone-lysine,,,,,,,,,,,,,,,,,,,,,,,,,,,,,,,,,
O15047|ensembl_protein_id=ENSP00000262519|entry=SET1A_HUMAN|source=pfam27|protein_name=Histone-lysine,SEG,1030,1068,39,ncRNA,distal_terminal,disorder_rich_spacer_region,O15047|ensembl_protein_id=ENSP00000262519|entry=SET1A_HUMAN|source=pfam27|protein_name=Histone-lysine,,,,,,,,,,,,,,,,,,,,,,,,,,,,,,,,,
O15047|ensembl_protein_id=ENSP00000262519|entry=SET1A_HUMAN|source=pfam27|protein_name=Histone-lysine,SEG,1358,1386,29,ncRNA,distal_terminal,acidic_region,O15047|ensembl_protein_id=ENSP00000262519|entry=SET1A_HUMAN|source=pfam27|protein_name=Histone-lysine,,,,,,,,,,,,,,,,,,,,,,,,,,,,,,,,,
O15047|ensembl_protein_id=ENSP00000262519|entry=SET1A_HUMAN|source=pfam27|protein_name=Histone-lysine,SEG,1398,1412,15,ncRNA,distal_terminal,arginine_rich_rna_contact_region,O15047|ensembl_protein_id=ENSP00000262519|entry=SET1A_HUMAN|source=pfam27|protein_name=Histone-lysine,,,,,,,,,,,,,,,,,,,,,,,,,,,,,,,,,
Q8IXZ2|ensembl_protein_id=ENSP00000262577|entry=ZC3H3_HUMAN|source=pfam27|protein_name=Zinc,SEG,863,884,22,mRNA,distal_terminal,disorder_rich_spacer_region,Q8IXZ2|ensembl_protein_id=ENSP00000262577|entry=ZC3H3_HUMAN|source=pfam27|protein_name=Zinc,,,,,,,,,,,,,,,,,,,,,,,,,,,,,,,,,
Q9UKV3|ensembl_protein_id=ENSP00000262710|entry=ACINU_HUMAN|source=pfam27|protein_name=Apoptotic,SEG,269,291,23,mRNA,distal_terminal,acidic_region,Q9UKV3|ensembl_protein_id=ENSP00000262710|entry=ACINU_HUMAN|source=pfam27|protein_name=Apoptotic,,,,,,,,,,,,,,,,,,,,,,,,,,,,,,,,,
Q9UKV3|ensembl_protein_id=ENSP00000262710|entry=ACINU_HUMAN|source=pfam27|protein_name=Apoptotic,SEG,575,602,28,mRNA,distal_terminal,sr_rs_repeat_region,Q9UKV3|ensembl_protein_id=ENSP00000262710|entry=ACINU_HUMAN|source=pfam27|protein_name=Apoptotic,,,,,,,,,,,,,,,,,,,,,,,,,,,,,,,,,
Q9UKV3|ensembl_protein_id=ENSP00000262710|entry=ACINU_HUMAN|source=pfam27|protein_name=Apoptotic,SEG,1284,1319,36,mRNA,distal_terminal,disorder_rich_spacer_region,Q9UKV3|ensembl_protein_id=ENSP00000262710|entry=ACINU_HUMAN|source=pfam27|protein_name=Apoptotic,,,,,,,,,,,,,,,,,,,,,,,,,,,,,,,,,
Q92900|ensembl_protein_id=ENSP00000262803|entry=RENT1_HUMAN|source=pfam27|protein_name=Regulator,SEG,46,71,26,mRNA,domain_adjacent,disorder_rich_spacer_region,Q92900|ensembl_protein_id=ENSP00000262803|entry=RENT1_HUMAN|source=pfam27|protein_name=Regulator,,,,,,,,,,,,,,,,,,,,,,,,,,,,,,,,,
Q9UPR6|ensembl_protein_id=ENSP00000262961|entry=ZFR2_HUMAN|source=pfam27|protein_name=Zinc,SEG,218,239,22,unknown,domain_adjacent,disorder_rich_spacer_region,Q9UPR6|ensembl_protein_id=ENSP00000262961|entry=ZFR2_HUMAN|source=pfam27|protein_name=Zinc,,,,,,,,,,,,,,,,,,,,,,,,,,,,,,,,,
Q9UNW9|ensembl_protein_id=ENSP00000263257|entry=NOVA2_HUMAN|source=pfam27|protein_name=RNA-binding,SEG,309,323,15,mRNA,interdomain_linker,disorder_rich_spacer_region,Q9UNW9|ensembl_protein_id=ENSP00000263257|entry=NOVA2_HUMAN|source=pfam27|protein_name=RNA-binding,,,,,,,,,,,,,,,,,,,,,,,,,,,,,,,,,
Q9UNW9|ensembl_protein_id=ENSP00000263257|entry=NOVA2_HUMAN|source=pfam27|protein_name=RNA-binding,SEG,333,351,19,mRNA,interdomain_linker,disorder_rich_spacer_region,Q9UNW9|ensembl_protein_id=ENSP00000263257|entry=NOVA2_HUMAN|source=pfam27|protein_name=RNA-binding,,,,,,,,,,,,,,,,,,,,,,,,,,,,,,,,,
Q9UNW9|ensembl_protein_id=ENSP00000263257|entry=NOVA2_HUMAN|source=pfam27|protein_name=RNA-binding,SEG,366,378,13,mRNA,interdomain_linker,disorder_rich_spacer_region,Q9UNW9|ensembl_protein_id=ENSP00000263257|entry=NOVA2_HUMAN|source=pfam27|protein_name=RNA-binding,,,,,,,,,,,,,,,,,,,,,,,,,,,,,,,,,
O60583|ensembl_protein_id=ENSP00000264157|entry=CCNT2_HUMAN|source=pfam27|protein_name=Cyclin-T2,SEG,631,649,19,ncRNA,unclassified_no_pfam,disorder_rich_spacer_region,O60583|ensembl_protein_id=ENSP00000264157|entry=CCNT2_HUMAN|source=pfam27|protein_name=Cyclin-T2,,,,,,,,,,,,,,,,,,,,,,,,,,,,,,,,,
Q15032|ensembl_protein_id=ENSP00000264160|entry=R3HD1_HUMAN|source=pfam27|protein_name=R3H,SEG,588,612,25,unknown,distal_terminal,disorder_rich_spacer_region,Q15032|ensembl_protein_id=ENSP00000264160|entry=R3HD1_HUMAN|source=pfam27|protein_name=R3H,,,,,,,,,,,,,,,,,,,,,,,,,,,,,,,,,
Q9Y2X3|ensembl_protein_id=ENSP00000264279|entry=NOP58_HUMAN|source=pfam27|protein_name=Nucleolar,SEG,464,480,17,snoRNA,distal_terminal,acidic_region,Q9Y2X3|ensembl_protein_id=ENSP00000264279|entry=NOP58_HUMAN|source=pfam27|protein_name=Nucleolar,,,,,,,,,,,,,,,,,,,,,,,,,,,,,,,,,
O15234|ensembl_protein_id=ENSP00000264645|entry=CASC3_HUMAN|source=pfam27|protein_name=Protein,SEG,31,46,16,mRNA,distal_terminal,gs_rich_neutral_region,O15234|ensembl_protein_id=ENSP00000264645|entry=CASC3_HUMAN|source=pfam27|protein_name=Protein,,,,,,,,,,,,,,,,,,,,,,,,,,,,,,,,,
Q96KR1|ensembl_protein_id=ENSP00000265069|entry=ZFR_HUMAN|source=pfam27|protein_name=Zinc,SEG,280,301,22,unknown,domain_adjacent,disorder_rich_spacer_region,Q96KR1|ensembl_protein_id=ENSP00000265069|entry=ZFR_HUMAN|source=pfam27|protein_name=Zinc,,,,,,,,,,,,,,,,,,,,,,,,,,,,,,,,,
Q9P2N5|ensembl_protein_id=ENSP00000265271|entry=RBM27_HUMAN|source=pfam27|protein_name=RNA-binding,SEG,316,357,42,mRNA,interdomain_linker,disorder_rich_spacer_region,Q9P2N5|ensembl_protein_id=ENSP00000265271|entry=RBM27_HUMAN|source=pfam27|protein_name=RNA-binding,,,,,,,,,,,,,,,,,,,,,,,,,,,,,,,,,
Q9P2N5|ensembl_protein_id=ENSP00000265271|entry=RBM27_HUMAN|source=pfam27|protein_name=RNA-binding,SEG,950,963,14,mRNA,distal_terminal,rg_rgg_repeat_region,Q9P2N5|ensembl_protein_id=ENSP00000265271|entry=RBM27_HUMAN|source=pfam27|protein_name=RNA-binding,,,,,,,,,,,,,,,,,,,,,,,,,,,,,,,,,
Q9P2N5|ensembl_protein_id=ENSP00000265271|entry=RBM27_HUMAN|source=pfam27|protein_name=RNA-binding,SEG,1022,1036,15,mRNA,distal_terminal,acidic_region,Q9P2N5|ensembl_protein_id=ENSP00000265271|entry=RBM27_HUMAN|source=pfam27|protein_name=RNA-binding,,,,,,,,,,,,,,,,,,,,,,,,,,,,,,,,,
P51531|ensembl_protein_id=ENSP00000265773|entry=SMCA2_HUMAN|source=pfam38|protein_name=SWI/SNF-related,SEG,215,253,39,unknown,distal_terminal,polar_linker,P51531|ensembl_protein_id=ENSP00000265773|entry=SMCA2_HUMAN|source=pfam38|protein_name=SWI/SNF-related,,,,,,,,,,,,,,,,,,,,,,,,,,,,,,,,,
P51531|ensembl_protein_id=ENSP00000265773|entry=SMCA2_HUMAN|source=pfam38|protein_name=SWI/SNF-related,SEG,1508,1530,23,unknown,distal_terminal,acidic_region,P51531|ensembl_protein_id=ENSP00000265773|entry=SMCA2_HUMAN|source=pfam38|protein_name=SWI/SNF-related,,,,,,,,,,,,,,,,,,,,,,,,,,,,,,,,,
P31942|ensembl_protein_id=ENSP00000265866|entry=HNRH3_HUMAN|source=pfam27;pfam38|protein_name=Heterogeneous,SEG,271,285,15,mRNA,domain_adjacent,gs_rich_neutral_region,P31942|ensembl_protein_id=ENSP00000265866|entry=HNRH3_HUMAN|source=pfam27;pfam38|protein_name=Heterogeneous,,,,,,,,,,,,,,,,,,,,,,,,,,,,,,,,,
P31942|ensembl_protein_id=ENSP00000265866|entry=HNRH3_HUMAN|source=pfam27;pfam38|protein_name=Heterogeneous,SEG,316,335,20,mRNA,domain_adjacent,aromatic_sticker_region,P31942|ensembl_protein_id=ENSP00000265866|entry=HNRH3_HUMAN|source=pfam27;pfam38|protein_name=Heterogeneous,,,,,,,,,,,,,,,,,,,,,,,,,,,,,,,,,
A7MD48|ensembl_protein_id=ENSP00000267260|entry=SRRM4_HUMAN|source=pfam27|protein_name=Serine/arginine,SEG,533,575,43,mRNA,domain_adjacent,sr_rs_repeat_region,A7MD48|ensembl_protein_id=ENSP00000267260|entry=SRRM4_HUMAN|source=pfam27|protein_name=Serine/arginine,,,,,,,,,,,,,,,,,,,,,,,,,,,,,,,,,
A7MD48|ensembl_protein_id=ENSP00000267260|entry=SRRM4_HUMAN|source=pfam27|protein_name=Serine/arginine,SEG,566,601,36,mRNA,domain_adjacent,sr_rs_repeat_region,A7MD48|ensembl_protein_id=ENSP00000267260|entry=SRRM4_HUMAN|source=pfam27|protein_name=Serine/arginine,,,,,,,,,,,,,,,,,,,,,,,,,,,,,,,,,
Q5VZF2|ensembl_protein_id=ENSP00000267287|entry=MBNL2_HUMAN|source=pfam27|protein_name=Muscleblind-like,SEG,245,264,20,mRNA,domain_adjacent,disorder_rich_spacer_region,Q5VZF2|ensembl_protein_id=ENSP00000267287|entry=MBNL2_HUMAN|source=pfam27|protein_name=Muscleblind-like,,,,,,,,,,,,,,,,,,,,,,,,,,,,,,,,,
P37108|ensembl_protein_id=ENSP00000267884|entry=SRP14_HUMAN|source=pfam27|protein_name=Signal,SEG,101,134,34,ncRNA,domain_adjacent,disorder_rich_spacer_region,P37108|ensembl_protein_id=ENSP00000267884|entry=SRP14_HUMAN|source=pfam27|protein_name=Signal,,,,,,,,,,,,,,,,,,,,,,,,,,,,,,,,,
Q9H0W8|ensembl_protein_id=ENSP00000270066|entry=SMG9_HUMAN|source=pfam27|protein_name=Nonsense-mediated,SEG,78,92,15,mRNA,unclassified_no_pfam,disorder_rich_spacer_region,Q9H0W8|ensembl_protein_id=ENSP00000270066|entry=SMG9_HUMAN|source=pfam27|protein_name=Nonsense-mediated,,,,,,,,,,,,,,,,,,,,,,,,,,,,,,,,,
Q9HC10|ensembl_protein_id=ENSP00000272371|entry=OTOF_HUMAN|source=pfam38|protein_name=Otoferlin,SEG,1964,1982,19,unknown,distal_terminal,hydrophobic_region,Q9HC10|ensembl_protein_id=ENSP00000272371|entry=OTOF_HUMAN|source=pfam38|protein_name=Otoferlin,,,,,,,,,,,,,,,,,,,,,,,,,,,,,,,,,
Q96HR8|ensembl_protein_id=ENSP00000274054|entry=NAF1_HUMAN|source=pfam27|protein_name=H/ACA,SEG,113,144,32,snoRNA,distal_terminal,disorder_rich_spacer_region,Q96HR8|ensembl_protein_id=ENSP00000274054|entry=NAF1_HUMAN|source=pfam27|protein_name=H/ACA,,,,,,,,,,,,,,,,,,,,,,,,,,,,,,,,,
Q96HR8|ensembl_protein_id=ENSP00000274054|entry=NAF1_HUMAN|source=pfam27|protein_name=H/ACA,SEG,459,482,24,snoRNA,distal_terminal,aromatic_sticker_region,Q96HR8|ensembl_protein_id=ENSP00000274054|entry=NAF1_HUMAN|source=pfam27|protein_name=H/ACA,,,,,,,,,,,,,,,,,,,,,,,,,,,,,,,,,
Q8IZD4|ensembl_protein_id=ENSP00000280665|entry=DCP1B_HUMAN|source=pfam27|protein_name=mRNA-decapping,SEG,251,260,10,mRNA,interdomain_linker,aromatic_sticker_region,Q8IZD4|ensembl_protein_id=ENSP00000280665|entry=DCP1B_HUMAN|source=pfam27|protein_name=mRNA-decapping,,,,,,,,,,,,,,,,,,,,,,,,,,,,,,,,,
Q5T200|ensembl_protein_id=ENSP00000282007|entry=ZC3HD_HUMAN|source=pfam27|protein_name=Zinc,SEG,668,705,38,unknown,distal_terminal,disorder_rich_spacer_region,Q5T200|ensembl_protein_id=ENSP00000282007|entry=ZC3HD_HUMAN|source=pfam27|protein_name=Zinc,,,,,,,,,,,,,,,,,,,,,,,,,,,,,,,,,
Q5T200|ensembl_protein_id=ENSP00000282007|entry=ZC3HD_HUMAN|source=pfam27|protein_name=Zinc,SEG,734,779,46,unknown,distal_terminal,disorder_rich_spacer_region,Q5T200|ensembl_protein_id=ENSP00000282007|entry=ZC3HD_HUMAN|source=pfam27|protein_name=Zinc,,,,,,,,,,,,,,,,,,,,,,,,,,,,,,,,,
Q2TBE0|ensembl_protein_id=ENSP00000282251|entry=C19L2_HUMAN|source=pfam27|protein_name=CWF19-like,SEG,76,100,25,mRNA,distal_terminal,basic_enriched_region,Q2TBE0|ensembl_protein_id=ENSP00000282251|entry=C19L2_HUMAN|source=pfam27|protein_name=CWF19-like,,,,,,,,,,,,,,,,,,,,,,,,,,,,,,,,,
P47974|ensembl_protein_id=ENSP00000282388|entry=TISD_HUMAN|source=pfam27|protein_name=mRNA,SEG,287,315,29,mRNA,distal_terminal,disorder_rich_spacer_region,P47974|ensembl_protein_id=ENSP00000282388|entry=TISD_HUMAN|source=pfam27|protein_name=mRNA,,,,,,,,,,,,,,,,,,,,,,,,,,,,,,,,,
O95104|ensembl_protein_id=ENSP00000286835|entry=SCAF4_HUMAN|source=pfam27|protein_name=SR-related,SEG,444,474,31,mRNA,domain_adjacent,sr_rs_repeat_region,O95104|ensembl_protein_id=ENSP00000286835|entry=SCAF4_HUMAN|source=pfam27|protein_name=SR-related,,,,,,,,,,,,,,,,,,,,,,,,,,,,,,,,,
O95104|ensembl_protein_id=ENSP00000286835|entry=SCAF4_HUMAN|source=pfam27|protein_name=SR-related,SEG,706,723,18,mRNA,distal_terminal,disorder_rich_spacer_region,O95104|ensembl_protein_id=ENSP00000286835|entry=SCAF4_HUMAN|source=pfam27|protein_name=SR-related,,,,,,,,,,,,,,,,,,,,,,,,,,,,,,,,,
O95104|ensembl_protein_id=ENSP00000286835|entry=SCAF4_HUMAN|source=pfam27|protein_name=SR-related,SEG,917,933,17,mRNA,distal_terminal,disorder_rich_spacer_region,O95104|ensembl_protein_id=ENSP00000286835|entry=SCAF4_HUMAN|source=pfam27|protein_name=SR-related,,,,,,,,,,,,,,,,,,,,,,,,,,,,,,,,,
O95104|ensembl_protein_id=ENSP00000286835|entry=SCAF4_HUMAN|source=pfam27|protein_name=SR-related,SEG,940,981,42,mRNA,distal_terminal,polar_linker,O95104|ensembl_protein_id=ENSP00000286835|entry=SCAF4_HUMAN|source=pfam27|protein_name=SR-related,,,,,,,,,,,,,,,,,,,,,,,,,,,,,,,,,
O60841|ensembl_protein_id=ENSP00000289371|entry=IF2P_HUMAN|source=pfam27|protein_name=Eukaryotic,SEG,309,334,26,tRNA,distal_terminal,basic_enriched_region,O60841|ensembl_protein_id=ENSP00000289371|entry=IF2P_HUMAN|source=pfam27|protein_name=Eukaryotic,,,,,,,,,,,,,,,,,,,,,,,,,,,,,,,,,
O60841|ensembl_protein_id=ENSP00000289371|entry=IF2P_HUMAN|source=pfam27|protein_name=Eukaryotic,SEG,531,566,36,tRNA,distal_terminal,acidic_region,O60841|ensembl_protein_id=ENSP00000289371|entry=IF2P_HUMAN|source=pfam27|protein_name=Eukaryotic,,,,,,,,,,,,,,,,,,,,,,,,,,,,,,,,,
Q86SE8|ensembl_protein_id=ENSP00000289820|entry=NPM2_HUMAN|source=pfam27|protein_name=Nucleoplasmin-2,SEG,128,149,22,pre-rRNA,domain_adjacent,acidic_region,Q86SE8|ensembl_protein_id=ENSP00000289820|entry=NPM2_HUMAN|source=pfam27|protein_name=Nucleoplasmin-2,,,,,,,,,,,,,,,,,,,,,,,,,,,,,,,,,
Q5SZQ8|ensembl_protein_id=ENSP00000290585|entry=CELF3_HUMAN|source=pfam27|protein_name=CUGBP,SEG,351,372,22,mRNA,interdomain_linker,disorder_rich_spacer_region,Q5SZQ8|ensembl_protein_id=ENSP00000290585|entry=CELF3_HUMAN|source=pfam27|protein_name=CUGBP,,,,,,,,,,,,,,,,,,,,,,,,,,,,,,,,,
Q9NQ29|ensembl_protein_id=ENSP00000293872|entry=LUC7L_HUMAN|source=pfam27|protein_name=Putative,SEG,261,287,27,mRNA,domain_adjacent,sr_rs_repeat_region,Q9NQ29|ensembl_protein_id=ENSP00000293872|entry=LUC7L_HUMAN|source=pfam27|protein_name=Putative,,,,,,,,,,,,,,,,,,,,,,,,,,,,,,,,,
A0AV96|ensembl_protein_id=ENSP00000295971|entry=RBM47_HUMAN|source=pfam38|protein_name=RNA-binding,SEG,486,501,16,mRNA,distal_terminal,disorder_rich_spacer_region,A0AV96|ensembl_protein_id=ENSP00000295971|entry=RBM47_HUMAN|source=pfam38|protein_name=RNA-binding,,,,,,,,,,,,,,,,,,,,,,,,,,,,,,,,,
O14776|ensembl_protein_id=ENSP00000296702|entry=TCRG1_HUMAN|source=pfam27|protein_name=Transcription,SEG,177,255,79,mRNA,unclassified_no_pfam,disorder_rich_spacer_region,O14776|ensembl_protein_id=ENSP00000296702|entry=TCRG1_HUMAN|source=pfam27|protein_name=Transcription,,,,,,,,,,,,,,,,,,,,,,,,,,,,,,,,,
O14776|ensembl_protein_id=ENSP00000296702|entry=TCRG1_HUMAN|source=pfam27|protein_name=Transcription,SEG,270,290,21,mRNA,unclassified_no_pfam,serine_rich_region,O14776|ensembl_protein_id=ENSP00000296702|entry=TCRG1_HUMAN|source=pfam27|protein_name=Transcription,,,,,,,,,,,,,,,,,,,,,,,,,,,,,,,,,
O95391|ensembl_protein_id=ENSP00000297151|entry=SLU7_HUMAN|source=pfam27|protein_name=Pre-mRNA-splicing,SEG,491,506,16,mRNA,distal_terminal,basic_enriched_region,O95391|ensembl_protein_id=ENSP00000297151|entry=SLU7_HUMAN|source=pfam27|protein_name=Pre-mRNA-splicing,,,,,,,,,,,,,,,,,,,,,,,,,,,,,,,,,
Q8TA86|ensembl_protein_id=ENSP00000297157|entry=RP9_HUMAN|source=pfam27|protein_name=Retinitis,SEG,181,213,33,snRNA,unclassified_no_pfam,basic_enriched_region,Q8TA86|ensembl_protein_id=ENSP00000297157|entry=RP9_HUMAN|source=pfam27|protein_name=Retinitis,,,,,,,,,,,,,,,,,,,,,,,,,,,,,,,,,
P62314|ensembl_protein_id=ENSP00000300413|entry=SMD1_HUMAN|source=pfam27;pfam38|protein_name=Small,SEG,96,118,23,snRNA,domain_adjacent,rg_rgg_repeat_region,P62314|ensembl_protein_id=ENSP00000300413|entry=SMD1_HUMAN|source=pfam27;pfam38|protein_name=Small,,,,,,,,,,,,,,,,,,,,,,,,,,,,,,,,,
Q15287|ensembl_protein_id=ENSP00000301730|entry=RNPS1_HUMAN|source=pfam38|protein_name=RNA-binding,SEG,64,129,66,mRNA,domain_adjacent,sr_rs_repeat_region,Q15287|ensembl_protein_id=ENSP00000301730|entry=RNPS1_HUMAN|source=pfam38|protein_name=RNA-binding,,,,,,,,,,,,,,,,,,,,,,,,,,,,,,,,,
Q1KMD3|ensembl_protein_id=ENSP00000301785|entry=HNRL2_HUMAN|source=pfam27|protein_name=Heterogeneous,SEG,73,95,23,mRNA,domain_adjacent,acidic_region,Q1KMD3|ensembl_protein_id=ENSP00000301785|entry=HNRL2_HUMAN|source=pfam27|protein_name=Heterogeneous,,,,,,,,,,,,,,,,,,,,,,,,,,,,,,,,,
P51608|ensembl_protein_id=ENSP00000301948|entry=MECP2_HUMAN|source=pfam27|protein_name=Methyl-CpG-binding,SEG,380,396,17,mRNA,distal_terminal,disorder_rich_spacer_region,P51608|ensembl_protein_id=ENSP00000301948|entry=MECP2_HUMAN|source=pfam27|protein_name=Methyl-CpG-binding,,,,,,,,,,,,,,,,,,,,,,,,,,,,,,,,,
P17480|ensembl_protein_id=ENSP00000302640|entry=UBF1_HUMAN|source=pfam27|protein_name=Nucleolar,SEG,677,697,21,pre-rRNA,unclassified_no_pfam,acidic_region,P17480|ensembl_protein_id=ENSP00000302640|entry=UBF1_HUMAN|source=pfam27|protein_name=Nucleolar,,,,,,,,,,,,,,,,,,,,,,,,,,,,,,,,,
P17480|ensembl_protein_id=ENSP00000302640|entry=UBF1_HUMAN|source=pfam27|protein_name=Nucleolar,SEG,718,743,26,pre-rRNA,unclassified_no_pfam,acidic_region,P17480|ensembl_protein_id=ENSP00000302640|entry=UBF1_HUMAN|source=pfam27|protein_name=Nucleolar,,,,,,,,,,,,,,,,,,,,,,,,,,,,,,,,,
P17480|ensembl_protein_id=ENSP00000302640|entry=UBF1_HUMAN|source=pfam27|protein_name=Nucleolar,SEG,741,763,23,pre-rRNA,unclassified_no_pfam,acidic_region,P17480|ensembl_protein_id=ENSP00000302640|entry=UBF1_HUMAN|source=pfam27|protein_name=Nucleolar,,,,,,,,,,,,,,,,,,,,,,,,,,,,,,,,,
Q15696|ensembl_protein_id=ENSP00000303015|entry=U2AFM_HUMAN|source=pfam27|protein_name=U2,SEG,426,469,44,mRNA,distal_terminal,sr_rs_repeat_region,Q15696|ensembl_protein_id=ENSP00000303015|entry=U2AFM_HUMAN|source=pfam27|protein_name=U2,,,,,,,,,,,,,,,,,,,,,,,,,,,,,,,,,
Q7Z570|ensembl_protein_id=ENSP00000303252|entry=Z804A_HUMAN|source=pfam38|protein_name=Zinc,SEG,1106,1118,13,unknown,distal_terminal,disorder_rich_spacer_region,Q7Z570|ensembl_protein_id=ENSP00000303252|entry=Z804A_HUMAN|source=pfam38|protein_name=Zinc,,,,,,,,,,,,,,,,,,,,,,,,,,,,,,,,,
Q9NZJ5|ensembl_protein_id=ENSP00000307235|entry=E2AK3_HUMAN|source=pfam27|protein_name=Eukaryotic,SEG,7,25,19,mRNA,unclassified_no_pfam,hydrophobic_region,Q9NZJ5|ensembl_protein_id=ENSP00000307235|entry=E2AK3_HUMAN|source=pfam27|protein_name=Eukaryotic,,,,,,,,,,,,,,,,,,,,,,,,,,,,,,,,,
Q9BWF3|ensembl_protein_id=ENSP00000309166|entry=RBM4_HUMAN|source=pfam27|protein_name=RNA-binding,SEG,281,298,18,mRNA,distal_terminal,disorder_rich_spacer_region,Q9BWF3|ensembl_protein_id=ENSP00000309166|entry=RBM4_HUMAN|source=pfam27|protein_name=RNA-binding,,,,,,,,,,,,,,,,,,,,,,,,,,,,,,,,,
Q32MZ4|ensembl_protein_id=ENSP00000310109|entry=LRRF1_HUMAN|source=pfam27|protein_name=Leucine-rich,SEG,566,579,14,ncRNA,distal_terminal,basic_enriched_region,Q32MZ4|ensembl_protein_id=ENSP00000310109|entry=LRRF1_HUMAN|source=pfam27|protein_name=Leucine-rich,,,,,,,,,,,,,,,,,,,,,,,,,,,,,,,,,
Q9BQ04|ensembl_protein_id=ENSP00000310471|entry=RBM4B_HUMAN|source=pfam27|protein_name=RNA-binding,SEG,280,296,17,mRNA,distal_terminal,disorder_rich_spacer_region,Q9BQ04|ensembl_protein_id=ENSP00000310471|entry=RBM4B_HUMAN|source=pfam27|protein_name=RNA-binding,,,,,,,,,,,,,,,,,,,,,,,,,,,,,,,,,
Q8IY37|ensembl_protein_id=ENSP00000311135|entry=DHX37_HUMAN|source=pfam27|protein_name=Probable,SEG,159,181,23,snoRNA,distal_terminal,acidic_region,Q8IY37|ensembl_protein_id=ENSP00000311135|entry=DHX37_HUMAN|source=pfam27|protein_name=Probable,,,,,,,,,,,,,,,,,,,,,,,,,,,,,,,,,
Q9UHB9|ensembl_protein_id=ENSP00000312066|entry=SRP68_HUMAN|source=pfam27|protein_name=Signal,SEG,8,34,27,ncRNA,unclassified_no_pfam,gs_rich_neutral_region,Q9UHB9|ensembl_protein_id=ENSP00000312066|entry=SRP68_HUMAN|source=pfam27|protein_name=Signal,,,,,,,,,,,,,,,,,,,,,,,,,,,,,,,,,
Q86YN6|ensembl_protein_id=ENSP00000312649|entry=PRGC2_HUMAN|source=pfam27|protein_name=Peroxisome,SEG,429,449,21,unknown,distal_terminal,acidic_region,Q86YN6|ensembl_protein_id=ENSP00000312649|entry=PRGC2_HUMAN|source=pfam27|protein_name=Peroxisome,,,,,,,,,,,,,,,,,,,,,,,,,,,,,,,,,
Q86YN6|ensembl_protein_id=ENSP00000312649|entry=PRGC2_HUMAN|source=pfam27|protein_name=Peroxisome,SEG,806,823,18,unknown,distal_terminal,acidic_region,Q86YN6|ensembl_protein_id=ENSP00000312649|entry=PRGC2_HUMAN|source=pfam27|protein_name=Peroxisome,,,,,,,,,,,,,,,,,,,,,,,,,,,,,,,,,
Q13151|ensembl_protein_id=ENSP00000316042|entry=ROA0_HUMAN|source=pfam27|protein_name=Heterogeneous,SEG,180,203,24,mRNA,domain_adjacent,rg_rgg_repeat_region,Q13151|ensembl_protein_id=ENSP00000316042|entry=ROA0_HUMAN|source=pfam27|protein_name=Heterogeneous,,,,,,,,,,,,,,,,,,,,,,,,,,,,,,,,,
Q13151|ensembl_protein_id=ENSP00000316042|entry=ROA0_HUMAN|source=pfam27|protein_name=Heterogeneous,SEG,211,240,30,mRNA,distal_terminal,aromatic_sticker_region,Q13151|ensembl_protein_id=ENSP00000316042|entry=ROA0_HUMAN|source=pfam27|protein_name=Heterogeneous,,,,,,,,,,,,,,,,,,,,,,,,,,,,,,,,,
Q13151|ensembl_protein_id=ENSP00000316042|entry=ROA0_HUMAN|source=pfam27|protein_name=Heterogeneous,SEG,269,287,19,mRNA,distal_terminal,gs_rich_neutral_region,Q13151|ensembl_protein_id=ENSP00000316042|entry=ROA0_HUMAN|source=pfam27|protein_name=Heterogeneous,,,,,,,,,,,,,,,,,,,,,,,,,,,,,,,,,
Q13151|ensembl_protein_id=ENSP00000316042|entry=ROA0_HUMAN|source=pfam27|protein_name=Heterogeneous,SEG,286,303,18,mRNA,distal_terminal,gs_rich_neutral_region,Q13151|ensembl_protein_id=ENSP00000316042|entry=ROA0_HUMAN|source=pfam27|protein_name=Heterogeneous,,,,,,,,,,,,,,,,,,,,,,,,,,,,,,,,,
Q15022|ensembl_protein_id=ENSP00000316578|entry=SUZ12_HUMAN|source=pfam27|protein_name=Polycomb,SEG,6,27,22,ncRNA,unclassified_no_pfam,gs_rich_neutral_region,Q15022|ensembl_protein_id=ENSP00000316578|entry=SUZ12_HUMAN|source=pfam27|protein_name=Polycomb,,,,,,,,,,,,,,,,,,,,,,,,,,,,,,,,,
Q15022|ensembl_protein_id=ENSP00000316578|entry=SUZ12_HUMAN|source=pfam27|protein_name=Polycomb,SEG,36,52,17,ncRNA,unclassified_no_pfam,gs_rich_neutral_region,Q15022|ensembl_protein_id=ENSP00000316578|entry=SUZ12_HUMAN|source=pfam27|protein_name=Polycomb,,,,,,,,,,,,,,,,,,,,,,,,,,,,,,,,,
Q15022|ensembl_protein_id=ENSP00000316578|entry=SUZ12_HUMAN|source=pfam27|protein_name=Polycomb,SEG,46,66,21,ncRNA,unclassified_no_pfam,gs_rich_neutral_region,Q15022|ensembl_protein_id=ENSP00000316578|entry=SUZ12_HUMAN|source=pfam27|protein_name=Polycomb,,,,,,,,,,,,,,,,,,,,,,,,,,,,,,,,,
Q7Z6E9|ensembl_protein_id=ENSP00000317872|entry=RBBP6_HUMAN|source=pfam27|protein_name=E3,SEG,334,351,18,mRNA,distal_terminal,disorder_rich_spacer_region,Q7Z6E9|ensembl_protein_id=ENSP00000317872|entry=RBBP6_HUMAN|source=pfam27|protein_name=E3,,,,,,,,,,,,,,,,,,,,,,,,,,,,,,,,,
Q7Z6E9|ensembl_protein_id=ENSP00000317872|entry=RBBP6_HUMAN|source=pfam27|protein_name=E3,SEG,1726,1749,24,mRNA,distal_terminal,basic_enriched_region,Q7Z6E9|ensembl_protein_id=ENSP00000317872|entry=RBBP6_HUMAN|source=pfam27|protein_name=E3,,,,,,,,,,,,,,,,,,,,,,,,,,,,,,,,,
P19338|ensembl_protein_id=ENSP00000318195|entry=NUCL_HUMAN|source=pfam27|protein_name=Nucleolin,SEG,142,168,27,snoRNA,distal_terminal,acidic_region,P19338|ensembl_protein_id=ENSP00000318195|entry=NUCL_HUMAN|source=pfam27|protein_name=Nucleolin,,,,,,,,,,,,,,,,,,,,,,,,,,,,,,,,,
P19338|ensembl_protein_id=ENSP00000318195|entry=NUCL_HUMAN|source=pfam27|protein_name=Nucleolin,SEG,183,208,26,snoRNA,distal_terminal,acidic_region,P19338|ensembl_protein_id=ENSP00000318195|entry=NUCL_HUMAN|source=pfam27|protein_name=Nucleolin,,,,,,,,,,,,,,,,,,,,,,,,,,,,,,,,,
P19338|ensembl_protein_id=ENSP00000318195|entry=NUCL_HUMAN|source=pfam27|protein_name=Nucleolin,SEG,233,270,38,snoRNA,domain_adjacent,acidic_region,P19338|ensembl_protein_id=ENSP00000318195|entry=NUCL_HUMAN|source=pfam27|protein_name=Nucleolin,,,,,,,,,,,,,,,,,,,,,,,,,,,,,,,,,
P19338|ensembl_protein_id=ENSP00000318195|entry=NUCL_HUMAN|source=pfam27|protein_name=Nucleolin,SEG,650,697,48,snoRNA,domain_adjacent,rg_rgg_repeat_region,P19338|ensembl_protein_id=ENSP00000318195|entry=NUCL_HUMAN|source=pfam27|protein_name=Nucleolin,,,,,,,,,,,,,,,,,,,,,,,,,,,,,,,,,
Q13435|ensembl_protein_id=ENSP00000318861|entry=SF3B2_HUMAN|source=pfam27|protein_name=Splicing,SEG,90,119,30,mRNA,interdomain_linker,disorder_rich_spacer_region,Q13435|ensembl_protein_id=ENSP00000318861|entry=SF3B2_HUMAN|source=pfam27|protein_name=Splicing,,,,,,,,,,,,,,,,,,,,,,,,,,,,,,,,,
Q13435|ensembl_protein_id=ENSP00000318861|entry=SF3B2_HUMAN|source=pfam27|protein_name=Splicing,SEG,709,729,21,mRNA,distal_terminal,acidic_region,Q13435|ensembl_protein_id=ENSP00000318861|entry=SF3B2_HUMAN|source=pfam27|protein_name=Splicing,,,,,,,,,,,,,,,,,,,,,,,,,,,,,,,,,
Q7KZ85|ensembl_protein_id=ENSP00000319104|entry=SPT6H_HUMAN|source=pfam27|protein_name=Transcription,SEG,31,42,12,mRNA,distal_terminal,acidic_region,Q7KZ85|ensembl_protein_id=ENSP00000319104|entry=SPT6H_HUMAN|source=pfam27|protein_name=Transcription,,,,,,,,,,,,,,,,,,,,,,,,,,,,,,,,,
Q8NAF0|ensembl_protein_id=ENSP00000320188|entry=ZN579_HUMAN|source=pfam27|protein_name=Zinc,SEG,15,35,21,unknown,domain_adjacent,rg_rgg_repeat_region,Q8NAF0|ensembl_protein_id=ENSP00000320188|entry=ZN579_HUMAN|source=pfam27|protein_name=Zinc,,,,,,,,,,,,,,,,,,,,,,,,,,,,,,,,,
Q9BWU0|ensembl_protein_id=ENSP00000323837|entry=NADAP_HUMAN|source=pfam27|protein_name=Kanadaptin,SEG,587,615,29,unknown,distal_terminal,acidic_region,Q9BWU0|ensembl_protein_id=ENSP00000323837|entry=NADAP_HUMAN|source=pfam27|protein_name=Kanadaptin,,,,,,,,,,,,,,,,,,,,,,,,,,,,,,,,,
Q8NDV7|ensembl_protein_id=ENSP00000326900|entry=TNR6A_HUMAN|source=pfam27|protein_name=Trinucleotide,SEG,92,126,35,mRNA,distal_terminal,polar_linker,Q8NDV7|ensembl_protein_id=ENSP00000326900|entry=TNR6A_HUMAN|source=pfam27|protein_name=Trinucleotide,,,,,,,,,,,,,,,,,,,,,,,,,,,,,,,,,
Q6P9B9|ensembl_protein_id=ENSP00000327889|entry=INT5_HUMAN|source=pfam27|protein_name=Integrator,SEG,253,267,15,snRNA,interdomain_linker,gs_rich_neutral_region,Q6P9B9|ensembl_protein_id=ENSP00000327889|entry=INT5_HUMAN|source=pfam27|protein_name=Integrator,,,,,,,,,,,,,,,,,,,,,,,,,,,,,,,,,
P98175|ensembl_protein_id=ENSP00000328848|entry=RBM10_HUMAN|source=pfam27|protein_name=RNA-binding,SEG,112,124,13,mRNA,domain_adjacent,acidic_region,P98175|ensembl_protein_id=ENSP00000328848|entry=RBM10_HUMAN|source=pfam27|protein_name=RNA-binding,,,,,,,,,,,,,,,,,,,,,,,,,,,,,,,,,
Q6ZN04|ensembl_protein_id=ENSP00000329918|entry=MEX3B_HUMAN|source=pfam27|protein_name=RNA-binding,SEG,12,24,13,mRNA,domain_adjacent,gs_rich_neutral_region,Q6ZN04|ensembl_protein_id=ENSP00000329918|entry=MEX3B_HUMAN|source=pfam27|protein_name=RNA-binding,,,,,,,,,,,,,,,,,,,,,,,,,,,,,,,,,
Q6ZN04|ensembl_protein_id=ENSP00000329918|entry=MEX3B_HUMAN|source=pfam27|protein_name=RNA-binding,SEG,392,407,16,mRNA,distal_terminal,disorder_rich_spacer_region,Q6ZN04|ensembl_protein_id=ENSP00000329918|entry=MEX3B_HUMAN|source=pfam27|protein_name=RNA-binding,,,,,,,,,,,,,,,,,,,,,,,,,,,,,,,,,
Q6ZN04|ensembl_protein_id=ENSP00000329918|entry=MEX3B_HUMAN|source=pfam27|protein_name=RNA-binding,SEG,490,508,19,mRNA,distal_terminal,disorder_rich_spacer_region,Q6ZN04|ensembl_protein_id=ENSP00000329918|entry=MEX3B_HUMAN|source=pfam27|protein_name=RNA-binding,,,,,,,,,,,,,,,,,,,,,,,,,,,,,,,,,
B0QYK0|ensembl_protein_id=ENSP00000330516|entry=B0QYK0_HUMAN|source=pfam27|protein_name=RNA-binding,SEG,428,453,26,mRNA,interdomain_linker,disorder_rich_spacer_region,B0QYK0|ensembl_protein_id=ENSP00000330516|entry=B0QYK0_HUMAN|source=pfam27|protein_name=RNA-binding,,,,,,,,,,,,,,,,,,,,,,,,,,,,,,,,,
B0QYK0|ensembl_protein_id=ENSP00000330516|entry=B0QYK0_HUMAN|source=pfam27|protein_name=RNA-binding,SEG,521,538,18,mRNA,domain_adjacent,rg_rgg_repeat_region,B0QYK0|ensembl_protein_id=ENSP00000330516|entry=B0QYK0_HUMAN|source=pfam27|protein_name=RNA-binding,,,,,,,,,,,,,,,,,,,,,,,,,,,,,,,,,
B0QYK0|ensembl_protein_id=ENSP00000330516|entry=B0QYK0_HUMAN|source=pfam27|protein_name=RNA-binding,SEG,549,565,17,mRNA,domain_adjacent,rg_rgg_repeat_region,B0QYK0|ensembl_protein_id=ENSP00000330516|entry=B0QYK0_HUMAN|source=pfam27|protein_name=RNA-binding,,,,,,,,,,,,,,,,,,,,,,,,,,,,,,,,,
Q00577|ensembl_protein_id=ENSP00000332706|entry=PURA_HUMAN|source=pfam27|protein_name=Transcriptional,SEG,17,52,36,mRNA,domain_adjacent,gs_rich_neutral_region,Q00577|ensembl_protein_id=ENSP00000332706|entry=PURA_HUMAN|source=pfam27|protein_name=Transcriptional,,,,,,,,,,,,,,,,,,,,,,,,,,,,,,,,,
F8W6I7|ensembl_protein_id=ENSP00000333504|entry=F8W6I7_HUMAN|source=pfam27|protein_name=Heterogeneous,SEG,289,303,15,mRNA,domain_adjacent,gs_rich_neutral_region,F8W6I7|ensembl_protein_id=ENSP00000333504|entry=F8W6I7_HUMAN|source=pfam27|protein_name=Heterogeneous,,,,,,,,,,,,,,,,,,,,,,,,,,,,,,,,,
Q8WXA9|ensembl_protein_id=ENSP00000334538|entry=SREK1_HUMAN|source=pfam27|protein_name=Splicing,SEG,278,294,17,mRNA,distal_terminal,disorder_rich_spacer_region,Q8WXA9|ensembl_protein_id=ENSP00000334538|entry=SREK1_HUMAN|source=pfam27|protein_name=Splicing,,,,,,,,,,,,,,,,,,,,,,,,,,,,,,,,,
Q8WXA9|ensembl_protein_id=ENSP00000334538|entry=SREK1_HUMAN|source=pfam27|protein_name=Splicing,SEG,370,395,26,mRNA,distal_terminal,sr_rs_repeat_region,Q8WXA9|ensembl_protein_id=ENSP00000334538|entry=SREK1_HUMAN|source=pfam27|protein_name=Splicing,,,,,,,,,,,,,,,,,,,,,,,,,,,,,,,,,
Q92973|ensembl_protein_id=ENSP00000336712|entry=TNPO1_HUMAN|source=pfam27|protein_name=Transportin-1,SEG,357,375,19,mRNA,distal_terminal,acidic_region,Q92973|ensembl_protein_id=ENSP00000336712|entry=TNPO1_HUMAN|source=pfam27|protein_name=Transportin-1,,,,,,,,,,,,,,,,,,,,,,,,,,,,,,,,,
Q6PKG0|ensembl_protein_id=ENSP00000336721|entry=LARP1_HUMAN|source=pfam27|protein_name=La-related,SEG,91,111,21,mRNA,distal_terminal,disorder_rich_spacer_region,Q6PKG0|ensembl_protein_id=ENSP00000336721|entry=LARP1_HUMAN|source=pfam27|protein_name=La-related,,,,,,,,,,,,,,,,,,,,,,,,,,,,,,,,,
Q6PKG0|ensembl_protein_id=ENSP00000336721|entry=LARP1_HUMAN|source=pfam27|protein_name=La-related,SEG,337,356,20,mRNA,domain_adjacent,rg_rgg_repeat_region,Q6PKG0|ensembl_protein_id=ENSP00000336721|entry=LARP1_HUMAN|source=pfam27|protein_name=La-related,,,,,,,,,,,,,,,,,,,,,,,,,,,,,,,,,
Q13523|ensembl_protein_id=ENSP00000337194|entry=PRP4K_HUMAN|source=pfam27|protein_name=Serine/threonine-protein,SEG,40,60,21,snRNA,unclassified_no_pfam,basic_enriched_region,Q13523|ensembl_protein_id=ENSP00000337194|entry=PRP4K_HUMAN|source=pfam27|protein_name=Serine/threonine-protein,,,,,,,,,,,,,,,,,,,,,,,,,,,,,,,,,
Q13523|ensembl_protein_id=ENSP00000337194|entry=PRP4K_HUMAN|source=pfam27|protein_name=Serine/threonine-protein,SEG,63,78,16,snRNA,unclassified_no_pfam,basic_enriched_region,Q13523|ensembl_protein_id=ENSP00000337194|entry=PRP4K_HUMAN|source=pfam27|protein_name=Serine/threonine-protein,,,,,,,,,,,,,,,,,,,,,,,,,,,,,,,,,
Q13523|ensembl_protein_id=ENSP00000337194|entry=PRP4K_HUMAN|source=pfam27|protein_name=Serine/threonine-protein,SEG,447,472,26,snRNA,unclassified_no_pfam,sr_rs_repeat_region,Q13523|ensembl_protein_id=ENSP00000337194|entry=PRP4K_HUMAN|source=pfam27|protein_name=Serine/threonine-protein,,,,,,,,,,,,,,,,,,,,,,,,,,,,,,,,,
Q13523|ensembl_protein_id=ENSP00000337194|entry=PRP4K_HUMAN|source=pfam27|protein_name=Serine/threonine-protein,SEG,468,496,29,snRNA,unclassified_no_pfam,sr_rs_repeat_region,Q13523|ensembl_protein_id=ENSP00000337194|entry=PRP4K_HUMAN|source=pfam27|protein_name=Serine/threonine-protein,,,,,,,,,,,,,,,,,,,,,,,,,,,,,,,,,
Q9Y388|ensembl_protein_id=ENSP00000339090|entry=RBMX2_HUMAN|source=pfam27;pfam38|protein_name=RNA-binding,SEG,155,173,19,mRNA,domain_adjacent,basic_enriched_region,Q9Y388|ensembl_protein_id=ENSP00000339090|entry=RBMX2_HUMAN|source=pfam27;pfam38|protein_name=RNA-binding,,,,,,,,,,,,,,,,,,,,,,,,,,,,,,,,,
Q86U06|ensembl_protein_id=ENSP00000339220|entry=RBM23_HUMAN|source=pfam27|protein_name=Probable,SEG,384,399,16,mRNA,domain_adjacent,disorder_rich_spacer_region,Q86U06|ensembl_protein_id=ENSP00000339220|entry=RBM23_HUMAN|source=pfam27|protein_name=Probable,,,,,,,,,,,,,,,,,,,,,,,,,,,,,,,,,
P06748|ensembl_protein_id=ENSP00000341168|entry=NPM_HUMAN|source=pfam27|protein_name=Nucleophosmin,SEG,158,187,30,pre-rRNA,domain_adjacent,acidic_region,P06748|ensembl_protein_id=ENSP00000341168|entry=NPM_HUMAN|source=pfam27|protein_name=Nucleophosmin,,,,,,,,,,,,,,,,,,,,,,,,,,,,,,,,,
Q13485|ensembl_protein_id=ENSP00000341551|entry=SMAD4_HUMAN|source=pfam27|protein_name=SMAD,SEG,445,465,21,ncRNA,unclassified_no_pfam,disorder_rich_spacer_region,Q13485|ensembl_protein_id=ENSP00000341551|entry=SMAD4_HUMAN|source=pfam27|protein_name=SMAD,,,,,,,,,,,,,,,,,,,,,,,,,,,,,,,,,
Q04637|ensembl_protein_id=ENSP00000343450|entry=IF4G1_HUMAN|source=pfam27|protein_name=Eukaryotic,SEG,453,476,24,mRNA,distal_terminal,acidic_region,Q04637|ensembl_protein_id=ENSP00000343450|entry=IF4G1_HUMAN|source=pfam27|protein_name=Eukaryotic,,,,,,,,,,,,,,,,,,,,,,,,,,,,,,,,,
Q96MT3|ensembl_protein_id=ENSP00000345064|entry=PRIC1_HUMAN|source=pfam38|protein_name=Prickle-like,SEG,756,774,19,unknown,unclassified_no_pfam,acidic_region,Q96MT3|ensembl_protein_id=ENSP00000345064|entry=PRIC1_HUMAN|source=pfam38|protein_name=Prickle-like,,,,,,,,,,,,,,,,,,,,,,,,,,,,,,,,,
Q9UJV8|ensembl_protein_id=ENSP00000345168|entry=PURG_HUMAN|source=pfam27|protein_name=Purine-rich,SEG,4,16,13,mRNA,domain_adjacent,rg_rgg_repeat_region,Q9UJV8|ensembl_protein_id=ENSP00000345168|entry=PURG_HUMAN|source=pfam27|protein_name=Purine-rich,,,,,,,,,,,,,,,,,,,,,,,,,,,,,,,,,
Q14157|ensembl_protein_id=ENSP00000345308|entry=UBP2L_HUMAN|source=pfam27|protein_name=Ubiquitin-associated,SEG,171,189,19,mRNA,unclassified_no_pfam,rg_rgg_repeat_region,Q14157|ensembl_protein_id=ENSP00000345308|entry=UBP2L_HUMAN|source=pfam27|protein_name=Ubiquitin-associated,,,,,,,,,,,,,,,,,,,,,,,,,,,,,,,,,
Q8WW36|ensembl_protein_id=ENSP00000345633|entry=ZCH13_HUMAN|source=pfam27|protein_name=Zinc,SEG,20,34,15,mRNA,domain_adjacent,arginine_rich_rna_contact_region,Q8WW36|ensembl_protein_id=ENSP00000345633|entry=ZCH13_HUMAN|source=pfam27|protein_name=Zinc,,,,,,,,,,,,,,,,,,,,,,,,,,,,,,,,,
P22626|ensembl_protein_id=ENSP00000346694|entry=ROA2_HUMAN|source=pfam27|protein_name=Heterogeneous,SEG,256,276,21,mRNA,interdomain_linker,aromatic_sticker_region,P22626|ensembl_protein_id=ENSP00000346694|entry=ROA2_HUMAN|source=pfam27|protein_name=Heterogeneous,,,,,,,,,,,,,,,,,,,,,,,,,,,,,,,,,
P18583|ensembl_protein_id=ENSP00000348984|entry=SON_HUMAN|source=pfam27|protein_name=Protein,SEG,105,129,25,mRNA,distal_terminal,basic_enriched_region,P18583|ensembl_protein_id=ENSP00000348984|entry=SON_HUMAN|source=pfam27|protein_name=Protein,,,,,,,,,,,,,,,,,,,,,,,,,,,,,,,,,
P18583|ensembl_protein_id=ENSP00000348984|entry=SON_HUMAN|source=pfam27|protein_name=Protein,SEG,1857,1884,28,mRNA,distal_terminal,sr_rs_repeat_region,P18583|ensembl_protein_id=ENSP00000348984|entry=SON_HUMAN|source=pfam27|protein_name=Protein,,,,,,,,,,,,,,,,,,,,,,,,,,,,,,,,,
P23246|ensembl_protein_id=ENSP00000349748|entry=SFPQ_HUMAN|source=pfam27|protein_name=Splicing,SEG,8,26,19,mRNA,distal_terminal,rg_rgg_repeat_region,P23246|ensembl_protein_id=ENSP00000349748|entry=SFPQ_HUMAN|source=pfam27|protein_name=Splicing,,,,,,,,,,,,,,,,,,,,,,,,,,,,,,,,,
P23246|ensembl_protein_id=ENSP00000349748|entry=SFPQ_HUMAN|source=pfam27|protein_name=Splicing,SEG,57,103,47,mRNA,distal_terminal,aromatic_sticker_region,P23246|ensembl_protein_id=ENSP00000349748|entry=SFPQ_HUMAN|source=pfam27|protein_name=Splicing,,,,,,,,,,,,,,,,,,,,,,,,,,,,,,,,,
P78362|ensembl_protein_id=ENSP00000349863|entry=SRPK2_HUMAN|source=pfam27|protein_name=SRSF,SEG,20,47,28,mRNA,unclassified_no_pfam,disorder_rich_spacer_region,P78362|ensembl_protein_id=ENSP00000349863|entry=SRPK2_HUMAN|source=pfam27|protein_name=SRSF,,,,,,,,,,,,,,,,,,,,,,,,,,,,,,,,,
O75179|ensembl_protein_id=ENSP00000351416|entry=ANR17_HUMAN|source=pfam27|protein_name=Ankyrin,SEG,87,115,29,unknown,distal_terminal,gs_rich_neutral_region,O75179|ensembl_protein_id=ENSP00000351416|entry=ANR17_HUMAN|source=pfam27|protein_name=Ankyrin,,,,,,,,,,,,,,,,,,,,,,,,,,,,,,,,,
O75179|ensembl_protein_id=ENSP00000351416|entry=ANR17_HUMAN|source=pfam27|protein_name=Ankyrin,SEG,112,133,22,unknown,distal_terminal,acidic_region,O75179|ensembl_protein_id=ENSP00000351416|entry=ANR17_HUMAN|source=pfam27|protein_name=Ankyrin,,,,,,,,,,,,,,,,,,,,,,,,,,,,,,,,,
Q6P2E9|ensembl_protein_id=ENSP00000351811|entry=EDC4_HUMAN|source=pfam27|protein_name=Enhancer,SEG,610,628,19,mRNA,unclassified_no_pfam,disorder_rich_spacer_region,Q6P2E9|ensembl_protein_id=ENSP00000351811|entry=EDC4_HUMAN|source=pfam27|protein_name=Enhancer,,,,,,,,,,,,,,,,,,,,,,,,,,,,,,,,,
Q9NTZ6|ensembl_protein_id=ENSP00000352668|entry=RBM12_HUMAN|source=pfam27;pfam38|protein_name=RNA-binding,SEG,204,233,30,mRNA,interdomain_linker,disorder_rich_spacer_region,Q9NTZ6|ensembl_protein_id=ENSP00000352668|entry=RBM12_HUMAN|source=pfam27;pfam38|protein_name=RNA-binding,,,,,,,,,,,,,,,,,,,,,,,,,,,,,,,,,
Q9H7N4|ensembl_protein_id=ENSP00000353769|entry=SFR19_HUMAN|source=pfam27|protein_name=Splicing,SEG,183,222,40,mRNA,unclassified_no_pfam,disorder_rich_spacer_region,Q9H7N4|ensembl_protein_id=ENSP00000353769|entry=SFR19_HUMAN|source=pfam27|protein_name=Splicing,,,,,,,,,,,,,,,,,,,,,,,,,,,,,,,,,
Q9H7N4|ensembl_protein_id=ENSP00000353769|entry=SFR19_HUMAN|source=pfam27|protein_name=Splicing,SEG,267,287,21,mRNA,unclassified_no_pfam,acidic_region,Q9H7N4|ensembl_protein_id=ENSP00000353769|entry=SFR19_HUMAN|source=pfam27|protein_name=Splicing,,,,,,,,,,,,,,,,,,,,,,,,,,,,,,,,,
Q9H7N4|ensembl_protein_id=ENSP00000353769|entry=SFR19_HUMAN|source=pfam27|protein_name=Splicing,SEG,565,593,29,mRNA,unclassified_no_pfam,sr_rs_repeat_region,Q9H7N4|ensembl_protein_id=ENSP00000353769|entry=SFR19_HUMAN|source=pfam27|protein_name=Splicing,,,,,,,,,,,,,,,,,,,,,,,,,,,,,,,,,
Q9H7N4|ensembl_protein_id=ENSP00000353769|entry=SFR19_HUMAN|source=pfam27|protein_name=Splicing,SEG,596,613,18,mRNA,unclassified_no_pfam,sr_rs_repeat_region,Q9H7N4|ensembl_protein_id=ENSP00000353769|entry=SFR19_HUMAN|source=pfam27|protein_name=Splicing,,,,,,,,,,,,,,,,,,,,,,,,,,,,,,,,,
Q9H7N4|ensembl_protein_id=ENSP00000353769|entry=SFR19_HUMAN|source=pfam27|protein_name=Splicing,SEG,776,789,14,mRNA,unclassified_no_pfam,unmapped_physicochemical_properties,Q9H7N4|ensembl_protein_id=ENSP00000353769|entry=SFR19_HUMAN|source=pfam27|protein_name=Splicing,,,,,,,,,,,,,,,,,,,,,,,,,,,,,,,,,
Q9H7N4|ensembl_protein_id=ENSP00000353769|entry=SFR19_HUMAN|source=pfam27|protein_name=Splicing,SEG,813,827,15,mRNA,unclassified_no_pfam,gs_rich_neutral_region,Q9H7N4|ensembl_protein_id=ENSP00000353769|entry=SFR19_HUMAN|source=pfam27|protein_name=Splicing,,,,,,,,,,,,,,,,,,,,,,,,,,,,,,,,,
Q9H7N4|ensembl_protein_id=ENSP00000353769|entry=SFR19_HUMAN|source=pfam27|protein_name=Splicing,SEG,1021,1038,18,mRNA,unclassified_no_pfam,acidic_region,Q9H7N4|ensembl_protein_id=ENSP00000353769|entry=SFR19_HUMAN|source=pfam27|protein_name=Splicing,,,,,,,,,,,,,,,,,,,,,,,,,,,,,,,,,
Q8IWZ3|ensembl_protein_id=ENSP00000354085|entry=ANKH1_HUMAN|source=pfam27|protein_name=Ankyrin,SEG,53,70,18,unknown,distal_terminal,gs_rich_neutral_region,Q8IWZ3|ensembl_protein_id=ENSP00000354085|entry=ANKH1_HUMAN|source=pfam27|protein_name=Ankyrin,,,,,,,,,,,,,,,,,,,,,,,,,,,,,,,,,
Q8IWZ3|ensembl_protein_id=ENSP00000354085|entry=ANKH1_HUMAN|source=pfam27|protein_name=Ankyrin,SEG,1451,1472,22,unknown,distal_terminal,arginine_rich_rna_contact_region,Q8IWZ3|ensembl_protein_id=ENSP00000354085|entry=ANKH1_HUMAN|source=pfam27|protein_name=Ankyrin,,,,,,,,,,,,,,,,,,,,,,,,,,,,,,,,,
P49760|ensembl_protein_id=ENSP00000354856|entry=CLK2_HUMAN|source=pfam27|protein_name=Dual,SEG,108,125,18,mRNA,unclassified_no_pfam,sr_rs_repeat_region,P49760|ensembl_protein_id=ENSP00000354856|entry=CLK2_HUMAN|source=pfam27|protein_name=Dual,,,,,,,,,,,,,,,,,,,,,,,,,,,,,,,,,
Q9NVH2|ensembl_protein_id=ENSP00000355961|entry=INT7_HUMAN|source=pfam27|protein_name=Integrator,SEG,941,954,14,snRNA,unclassified_no_pfam,disorder_rich_spacer_region,Q9NVH2|ensembl_protein_id=ENSP00000355961|entry=INT7_HUMAN|source=pfam27|protein_name=Integrator,,,,,,,,,,,,,,,,,,,,,,,,,,,,,,,,,
Q9UPN6|ensembl_protein_id=ENSP00000356154|entry=SCAF8_HUMAN|source=pfam27|protein_name=SR-related,SEG,687,711,25,mRNA,distal_terminal,disorder_rich_spacer_region,Q9UPN6|ensembl_protein_id=ENSP00000356154|entry=SCAF8_HUMAN|source=pfam27|protein_name=SR-related,,,,,,,,,,,,,,,,,,,,,,,,,,,,,,,,,
P12270|ensembl_protein_id=ENSP00000356448|entry=TPR_HUMAN|source=pfam27|protein_name=Nucleoprotein,SEG,1960,1977,18,mRNA,distal_terminal,acidic_region,P12270|ensembl_protein_id=ENSP00000356448|entry=TPR_HUMAN|source=pfam27|protein_name=Nucleoprotein,,,,,,,,,,,,,,,,,,,,,,,,,,,,,,,,,
Q08211|ensembl_protein_id=ENSP00000356520|entry=DHX9_HUMAN|source=pfam27;pfam38|protein_name=ATP-dependent,SEG,1175,1201,27,ncRNA,distal_terminal,gs_rich_neutral_region,Q08211|ensembl_protein_id=ENSP00000356520|entry=DHX9_HUMAN|source=pfam27;pfam38|protein_name=ATP-dependent,,,,,,,,,,,,,,,,,,,,,,,,,,,,,,,,,
Q9Y3Y2|ensembl_protein_id=ENSP00000357683|entry=CHTOP_HUMAN|source=pfam27|protein_name=Chromatin,SEG,171,203,33,mRNA,unclassified_no_pfam,rg_rgg_repeat_region,Q9Y3Y2|ensembl_protein_id=ENSP00000357683|entry=CHTOP_HUMAN|source=pfam27|protein_name=Chromatin,,,,,,,,,,,,,,,,,,,,,,,,,,,,,,,,,
Q14152|ensembl_protein_id=ENSP00000358140|entry=EIF3A_HUMAN|source=pfam27|protein_name=Eukaryotic,SEG,1259,1295,37,mRNA,unclassified_no_pfam,unmapped_physicochemical_properties,Q14152|ensembl_protein_id=ENSP00000358140|entry=EIF3A_HUMAN|source=pfam27|protein_name=Eukaryotic,,,,,,,,,,,,,,,,,,,,,,,,,,,,,,,,,
Q5T481|ensembl_protein_id=ENSP00000358532|entry=RBM20_HUMAN|source=pfam27|protein_name=RNA-binding,SEG,41,54,14,mRNA,unclassified_no_pfam,disorder_rich_spacer_region,Q5T481|ensembl_protein_id=ENSP00000358532|entry=RBM20_HUMAN|source=pfam27|protein_name=RNA-binding,,,,,,,,,,,,,,,,,,,,,,,,,,,,,,,,,
Q96IP4|ensembl_protein_id=ENSP00000358769|entry=TET5A_HUMAN|source=pfam27|protein_name=Terminal,SEG,23,49,27,unknown,domain_adjacent,aromatic_sticker_region,Q96IP4|ensembl_protein_id=ENSP00000358769|entry=TET5A_HUMAN|source=pfam27|protein_name=Terminal,,,,,,,,,,,,,,,,,,,,,,,,,,,,,,,,,
A0A0A0MRM9|ensembl_protein_id=ENSP00000359024|entry=A0A0A0MRM9_HUMAN|source=pfam27|protein_name=Nucleolar,SEG,214,228,15,snoRNA,distal_terminal,disorder_rich_spacer_region,A0A0A0MRM9|ensembl_protein_id=ENSP00000359024|entry=A0A0A0MRM9_HUMAN|source=pfam27|protein_name=Nucleolar,,,,,,,,,,,,,,,,,,,,,,,,,,,,,,,,,
A0A0A0MRM9|ensembl_protein_id=ENSP00000359024|entry=A0A0A0MRM9_HUMAN|source=pfam27|protein_name=Nucleolar,SEG,328,344,17,snoRNA,distal_terminal,acidic_region,A0A0A0MRM9|ensembl_protein_id=ENSP00000359024|entry=A0A0A0MRM9_HUMAN|source=pfam27|protein_name=Nucleolar,,,,,,,,,,,,,,,,,,,,,,,,,,,,,,,,,
A0A0A0MRM9|ensembl_protein_id=ENSP00000359024|entry=A0A0A0MRM9_HUMAN|source=pfam27|protein_name=Nucleolar,SEG,368,383,16,snoRNA,distal_terminal,acidic_region,A0A0A0MRM9|ensembl_protein_id=ENSP00000359024|entry=A0A0A0MRM9_HUMAN|source=pfam27|protein_name=Nucleolar,,,,,,,,,,,,,,,,,,,,,,,,,,,,,,,,,
A0A0A0MRM9|ensembl_protein_id=ENSP00000359024|entry=A0A0A0MRM9_HUMAN|source=pfam27|protein_name=Nucleolar,SEG,431,444,14,snoRNA,distal_terminal,acidic_region,A0A0A0MRM9|ensembl_protein_id=ENSP00000359024|entry=A0A0A0MRM9_HUMAN|source=pfam27|protein_name=Nucleolar,,,,,,,,,,,,,,,,,,,,,,,,,,,,,,,,,
A0A0A0MRM9|ensembl_protein_id=ENSP00000359024|entry=A0A0A0MRM9_HUMAN|source=pfam27|protein_name=Nucleolar,SEG,476,491,16,snoRNA,distal_terminal,acidic_region,A0A0A0MRM9|ensembl_protein_id=ENSP00000359024|entry=A0A0A0MRM9_HUMAN|source=pfam27|protein_name=Nucleolar,,,,,,,,,,,,,,,,,,,,,,,,,,,,,,,,,
X6R7H2|ensembl_protein_id=ENSP00000359029|entry=X6R7H2_HUMAN|source=pfam27|protein_name=Peroxisome,SEG,407,423,17,mRNA,distal_terminal,sr_rs_repeat_region,X6R7H2|ensembl_protein_id=ENSP00000359029|entry=X6R7H2_HUMAN|source=pfam27|protein_name=Peroxisome,,,,,,,,,,,,,,,,,,,,,,,,,,,,,,,,,
X6R7H2|ensembl_protein_id=ENSP00000359029|entry=X6R7H2_HUMAN|source=pfam27|protein_name=Peroxisome,SEG,432,483,52,mRNA,domain_adjacent,sr_rs_repeat_region,X6R7H2|ensembl_protein_id=ENSP00000359029|entry=X6R7H2_HUMAN|source=pfam27|protein_name=Peroxisome,,,,,,,,,,,,,,,,,,,,,,,,,,,,,,,,,
Q5VTL8|ensembl_protein_id=ENSP00000359042|entry=PR38B_HUMAN|source=pfam27|protein_name=Pre-mRNA-splicing,SEG,325,342,18,snRNA,distal_terminal,sr_rs_repeat_region,Q5VTL8|ensembl_protein_id=ENSP00000359042|entry=PR38B_HUMAN|source=pfam27|protein_name=Pre-mRNA-splicing,,,,,,,,,,,,,,,,,,,,,,,,,,,,,,,,,
O75607|ensembl_protein_id=ENSP00000359128|entry=NPM3_HUMAN|source=pfam27|protein_name=Nucleoplasmin-3,SEG,144,163,20,pre-rRNA,domain_adjacent,acidic_region,O75607|ensembl_protein_id=ENSP00000359128|entry=NPM3_HUMAN|source=pfam27|protein_name=Nucleoplasmin-3,,,,,,,,,,,,,,,,,,,,,,,,,,,,,,,,,
Q9UKA9|ensembl_protein_id=ENSP00000359217|entry=PTBP2_HUMAN|source=pfam27|protein_name=Polypyrimidine,SEG,314,323,10,mRNA,domain_edge,disorder_rich_spacer_region,Q9UKA9|ensembl_protein_id=ENSP00000359217|entry=PTBP2_HUMAN|source=pfam27|protein_name=Polypyrimidine,,,,,,,,,,,,,,,,,,,,,,,,,,,,,,,,,
Q06787|ensembl_protein_id=ENSP00000359506|entry=FMR1_HUMAN|source=pfam27|protein_name=Fragile,SEG,526,548,23,mRNA,domain_edge,rg_rgg_repeat_region,Q06787|ensembl_protein_id=ENSP00000359506|entry=FMR1_HUMAN|source=pfam27|protein_name=Fragile,,,,,,,,,,,,,,,,,,,,,,,,,,,,,,,,,
Q8NC51|ensembl_protein_id=ENSP00000360029|entry=SERB1_HUMAN|source=pfam27|protein_name=SERPINE1,SEG,162,183,22,mRNA,domain_adjacent,rg_rgg_repeat_region,Q8NC51|ensembl_protein_id=ENSP00000360029|entry=SERB1_HUMAN|source=pfam27|protein_name=SERPINE1,,,,,,,,,,,,,,,,,,,,,,,,,,,,,,,,,
Q8NC51|ensembl_protein_id=ENSP00000360029|entry=SERB1_HUMAN|source=pfam27|protein_name=SERPINE1,SEG,362,384,23,mRNA,domain_adjacent,rg_rgg_repeat_region,Q8NC51|ensembl_protein_id=ENSP00000360029|entry=SERB1_HUMAN|source=pfam27|protein_name=SERPINE1,,,,,,,,,,,,,,,,,,,,,,,,,,,,,,,,,
P46100|ensembl_protein_id=ENSP00000362441|entry=ATRX_HUMAN|source=pfam38|protein_name=Chromatin,SEG,1433,1470,38,unknown,distal_terminal,acidic_region,P46100|ensembl_protein_id=ENSP00000362441|entry=ATRX_HUMAN|source=pfam38|protein_name=Chromatin,,,,,,,,,,,,,,,,,,,,,,,,,,,,,,,,,
Q08170|ensembl_protein_id=ENSP00000362900|entry=SRSF4_HUMAN|source=pfam27|protein_name=Serine/arginine-rich,SEG,178,207,30,mRNA,domain_adjacent,sr_rs_repeat_region,Q08170|ensembl_protein_id=ENSP00000362900|entry=SRSF4_HUMAN|source=pfam27|protein_name=Serine/arginine-rich,,,,,,,,,,,,,,,,,,,,,,,,,,,,,,,,,
Q6BEB4|ensembl_protein_id=ENSP00000364430|entry=SP5_HUMAN|source=pfam38|protein_name=Transcription,SEG,223,234,12,unknown,distal_terminal,disorder_rich_spacer_region,Q6BEB4|ensembl_protein_id=ENSP00000364430|entry=SP5_HUMAN|source=pfam38|protein_name=Transcription,,,,,,,,,,,,,,,,,,,,,,,,,,,,,,,,,
Q96T58|ensembl_protein_id=ENSP00000364912|entry=MINT_HUMAN|source=pfam27|protein_name=Msx2-interacting,SEG,266,308,43,mRNA,interdomain_linker,sr_rs_repeat_region,Q96T58|ensembl_protein_id=ENSP00000364912|entry=MINT_HUMAN|source=pfam27|protein_name=Msx2-interacting,,,,,,,,,,,,,,,,,,,,,,,,,,,,,,,,,
Q5VYS8|ensembl_protein_id=ENSP00000365130|entry=TUT7_HUMAN|source=pfam27|protein_name=Terminal,SEG,844,858,15,ncRNA,interdomain_linker,acidic_region,Q5VYS8|ensembl_protein_id=ENSP00000365130|entry=TUT7_HUMAN|source=pfam27|protein_name=Terminal,,,,,,,,,,,,,,,,,,,,,,,,,,,,,,,,,
P05388|ensembl_protein_id=ENSP00000366471|entry=RLA0_HUMAN|source=pfam27|protein_name=Large,SEG,275,295,21,ribosomal protein,domain_intrinsic,disorder_rich_spacer_region,P05388|ensembl_protein_id=ENSP00000366471|entry=RLA0_HUMAN|source=pfam27|protein_name=Large,,,,,,,,,,,,,,,,,,,,,,,,,,,,,,,,,
O60293|ensembl_protein_id=ENSP00000368017|entry=ZC3H1_HUMAN|source=pfam27|protein_name=Zinc,SEG,62,78,17,unknown,distal_terminal,gs_rich_neutral_region,O60293|ensembl_protein_id=ENSP00000368017|entry=ZC3H1_HUMAN|source=pfam27|protein_name=Zinc,,,,,,,,,,,,,,,,,,,,,,,,,,,,,,,,,
O60293|ensembl_protein_id=ENSP00000368017|entry=ZC3H1_HUMAN|source=pfam27|protein_name=Zinc,SEG,591,609,19,unknown,distal_terminal,disorder_rich_spacer_region,O60293|ensembl_protein_id=ENSP00000368017|entry=ZC3H1_HUMAN|source=pfam27|protein_name=Zinc,,,,,,,,,,,,,,,,,,,,,,,,,,,,,,,,,
Q9BX46|ensembl_protein_id=ENSP00000368341|entry=RBM24_HUMAN|source=pfam38|protein_name=RNA-binding,SEG,154,179,26,mRNA,distal_terminal,aromatic_sticker_region,Q9BX46|ensembl_protein_id=ENSP00000368341|entry=RBM24_HUMAN|source=pfam38|protein_name=RNA-binding,,,,,,,,,,,,,,,,,,,,,,,,,,,,,,,,,
Q9BX46|ensembl_protein_id=ENSP00000368341|entry=RBM24_HUMAN|source=pfam38|protein_name=RNA-binding,SEG,202,220,19,mRNA,distal_terminal,disorder_rich_spacer_region,Q9BX46|ensembl_protein_id=ENSP00000368341|entry=RBM24_HUMAN|source=pfam38|protein_name=RNA-binding,,,,,,,,,,,,,,,,,,,,,,,,,,,,,,,,,
Q01081|ensembl_protein_id=ENSP00000369629|entry=U2AF1_HUMAN|source=pfam27|protein_name=Splicing,SEG,201,229,29,mRNA,domain_adjacent,arginine_rich_rna_contact_region,Q01081|ensembl_protein_id=ENSP00000369629|entry=U2AF1_HUMAN|source=pfam27|protein_name=Splicing,,,,,,,,,,,,,,,,,,,,,,,,,,,,,,,,,
Q9NWH9|ensembl_protein_id=ENSP00000369887|entry=SLTM_HUMAN|source=pfam27|protein_name=SAFB-like,SEG,638,658,21,mRNA,distal_terminal,disorder_rich_spacer_region,Q9NWH9|ensembl_protein_id=ENSP00000369887|entry=SLTM_HUMAN|source=pfam27|protein_name=SAFB-like,,,,,,,,,,,,,,,,,,,,,,,,,,,,,,,,,
Q16594|ensembl_protein_id=ENSP00000370193|entry=TAF9_HUMAN|source=pfam27|protein_name=Transcription,SEG,249,261,13,snoRNA,unclassified_no_pfam,acidic_region,Q16594|ensembl_protein_id=ENSP00000370193|entry=TAF9_HUMAN|source=pfam27|protein_name=Transcription,,,,,,,,,,,,,,,,,,,,,,,,,,,,,,,,,
P62995|ensembl_protein_id=ENSP00000371626|entry=TRA2B_HUMAN|source=pfam27|protein_name=Transformer-2,SEG,42,65,24,mRNA,distal_terminal,sr_rs_repeat_region,P62995|ensembl_protein_id=ENSP00000371626|entry=TRA2B_HUMAN|source=pfam27|protein_name=Transformer-2,,,,,,,,,,,,,,,,,,,,,,,,,,,,,,,,,
P62995|ensembl_protein_id=ENSP00000371626|entry=TRA2B_HUMAN|source=pfam27|protein_name=Transformer-2,SEG,69,87,19,mRNA,domain_adjacent,sr_rs_repeat_region,P62995|ensembl_protein_id=ENSP00000371626|entry=TRA2B_HUMAN|source=pfam27|protein_name=Transformer-2,,,,,,,,,,,,,,,,,,,,,,,,,,,,,,,,,
A0A5K1VW79|ensembl_protein_id=ENSP00000371838|entry=A0A5K1VW79_HUMAN|source=pfam27|protein_name=Cytoplasmic,SEG,349,368,20,mRNA,distal_terminal,disorder_rich_spacer_region,A0A5K1VW79|ensembl_protein_id=ENSP00000371838|entry=A0A5K1VW79_HUMAN|source=pfam27|protein_name=Cytoplasmic,,,,,,,,,,,,,,,,,,,,,,,,,,,,,,,,,
A0A5K1VW79|ensembl_protein_id=ENSP00000371838|entry=A0A5K1VW79_HUMAN|source=pfam27|protein_name=Cytoplasmic,SEG,389,419,31,mRNA,distal_terminal,disorder_rich_spacer_region,A0A5K1VW79|ensembl_protein_id=ENSP00000371838|entry=A0A5K1VW79_HUMAN|source=pfam27|protein_name=Cytoplasmic,,,,,,,,,,,,,,,,,,,,,,,,,,,,,,,,,
A0A5K1VW79|ensembl_protein_id=ENSP00000371838|entry=A0A5K1VW79_HUMAN|source=pfam27|protein_name=Cytoplasmic,SEG,507,521,15,mRNA,distal_terminal,disorder_rich_spacer_region,A0A5K1VW79|ensembl_protein_id=ENSP00000371838|entry=A0A5K1VW79_HUMAN|source=pfam27|protein_name=Cytoplasmic,,,,,,,,,,,,,,,,,,,,,,,,,,,,,,,,,
A0A140T8Y2|ensembl_protein_id=ENSP00000372942|entry=A0A140T8Y2_HUMAN|source=pfam27|protein_name=Guanine,SEG,351,369,19,pre-rRNA,distal_terminal,acidic_region,A0A140T8Y2|ensembl_protein_id=ENSP00000372942|entry=A0A140T8Y2_HUMAN|source=pfam27|protein_name=Guanine,,,,,,,,,,,,,,,,,,,,,,,,,,,,,,,,,
Q53F19|ensembl_protein_id=ENSP00000373657|entry=NCBP3_HUMAN|source=pfam27|protein_name=Nuclear,SEG,339,358,20,unknown,unclassified_no_pfam,acidic_region,Q53F19|ensembl_protein_id=ENSP00000373657|entry=NCBP3_HUMAN|source=pfam27|protein_name=Nuclear,,,,,,,,,,,,,,,,,,,,,,,,,,,,,,,,,
Q96L91|ensembl_protein_id=ENSP00000374212|entry=EP400_HUMAN|source=pfam38|protein_name=E1A-binding,SEG,425,436,12,unknown,distal_terminal,acidic_region,Q96L91|ensembl_protein_id=ENSP00000374212|entry=EP400_HUMAN|source=pfam38|protein_name=E1A-binding,,,,,,,,,,,,,,,,,,,,,,,,,,,,,,,,,
Q96L91|ensembl_protein_id=ENSP00000374212|entry=EP400_HUMAN|source=pfam38|protein_name=E1A-binding,SEG,2534,2566,33,unknown,distal_terminal,disorder_rich_spacer_region,Q96L91|ensembl_protein_id=ENSP00000374212|entry=EP400_HUMAN|source=pfam38|protein_name=E1A-binding,,,,,,,,,,,,,,,,,,,,,,,,,,,,,,,,,
Q96L91|ensembl_protein_id=ENSP00000374212|entry=EP400_HUMAN|source=pfam38|protein_name=E1A-binding,SEG,2755,2783,29,unknown,distal_terminal,disorder_rich_spacer_region,Q96L91|ensembl_protein_id=ENSP00000374212|entry=EP400_HUMAN|source=pfam38|protein_name=E1A-binding,,,,,,,,,,,,,,,,,,,,,,,,,,,,,,,,,
Q7Z6M4|ensembl_protein_id=ENSP00000375840|entry=MTEF4_HUMAN|source=pfam27|protein_name=Transcription,SEG,339,380,42,pre-rRNA,domain_adjacent,acidic_region,Q7Z6M4|ensembl_protein_id=ENSP00000375840|entry=MTEF4_HUMAN|source=pfam27|protein_name=Transcription,,,,,,,,,,,,,,,,,,,,,,,,,,,,,,,,,
Q9BUJ2|ensembl_protein_id=ENSP00000375863|entry=HNRL1_HUMAN|source=pfam27|protein_name=Heterogeneous,SEG,611,625,15,mRNA,distal_terminal,rg_rgg_repeat_region,Q9BUJ2|ensembl_protein_id=ENSP00000375863|entry=HNRL1_HUMAN|source=pfam27|protein_name=Heterogeneous,,,,,,,,,,,,,,,,,,,,,,,,,,,,,,,,,
Q9BUJ2|ensembl_protein_id=ENSP00000375863|entry=HNRL1_HUMAN|source=pfam27|protein_name=Heterogeneous,SEG,691,714,24,mRNA,distal_terminal,disorder_rich_spacer_region,Q9BUJ2|ensembl_protein_id=ENSP00000375863|entry=HNRL1_HUMAN|source=pfam27|protein_name=Heterogeneous,,,,,,,,,,,,,,,,,,,,,,,,,,,,,,,,,
Q9NYF8|ensembl_protein_id=ENSP00000376159|entry=BCLF1_HUMAN|source=pfam27|protein_name=Bcl-2-associated,SEG,5,30,26,mRNA,distal_terminal,sr_rs_repeat_region,Q9NYF8|ensembl_protein_id=ENSP00000376159|entry=BCLF1_HUMAN|source=pfam27|protein_name=Bcl-2-associated,,,,,,,,,,,,,,,,,,,,,,,,,,,,,,,,,
Q9NYF8|ensembl_protein_id=ENSP00000376159|entry=BCLF1_HUMAN|source=pfam27|protein_name=Bcl-2-associated,SEG,120,150,31,mRNA,domain_intrinsic,sr_rs_repeat_region,Q9NYF8|ensembl_protein_id=ENSP00000376159|entry=BCLF1_HUMAN|source=pfam27|protein_name=Bcl-2-associated,,,,,,,,,,,,,,,,,,,,,,,,,,,,,,,,,
Q9NYF8|ensembl_protein_id=ENSP00000376159|entry=BCLF1_HUMAN|source=pfam27|protein_name=Bcl-2-associated,SEG,748,763,16,mRNA,domain_edge,polar_linker,Q9NYF8|ensembl_protein_id=ENSP00000376159|entry=BCLF1_HUMAN|source=pfam27|protein_name=Bcl-2-associated,,,,,,,,,,,,,,,,,,,,,,,,,,,,,,,,,
Q66PJ3|ensembl_protein_id=ENSP00000376230|entry=AR6P4_HUMAN|source=pfam27|protein_name=ADP-ribosylation,SEG,73,97,25,mRNA,domain_intrinsic,disorder_rich_spacer_region,Q66PJ3|ensembl_protein_id=ENSP00000376230|entry=AR6P4_HUMAN|source=pfam27|protein_name=ADP-ribosylation,,,,,,,,,,,,,,,,,,,,,,,,,,,,,,,,,
Q66PJ3|ensembl_protein_id=ENSP00000376230|entry=AR6P4_HUMAN|source=pfam27|protein_name=ADP-ribosylation,SEG,100,127,28,mRNA,domain_intrinsic,arginine_rich_rna_contact_region,Q66PJ3|ensembl_protein_id=ENSP00000376230|entry=AR6P4_HUMAN|source=pfam27|protein_name=ADP-ribosylation,,,,,,,,,,,,,,,,,,,,,,,,,,,,,,,,,
Q13595|ensembl_protein_id=ENSP00000376290|entry=TRA2A_HUMAN|source=pfam27|protein_name=Transformer-2,SEG,215,230,16,mRNA,domain_adjacent,disorder_rich_spacer_region,Q13595|ensembl_protein_id=ENSP00000376290|entry=TRA2A_HUMAN|source=pfam27|protein_name=Transformer-2,,,,,,,,,,,,,,,,,,,,,,,,,,,,,,,,,
Q9UIF8|ensembl_protein_id=ENSP00000376533|entry=BAZ2B_HUMAN|source=pfam27|protein_name=Bromodomain,SEG,602,633,32,ncRNA,distal_terminal,acidic_region,Q9UIF8|ensembl_protein_id=ENSP00000376533|entry=BAZ2B_HUMAN|source=pfam27|protein_name=Bromodomain,,,,,,,,,,,,,,,,,,,,,,,,,,,,,,,,,
Q9UIF8|ensembl_protein_id=ENSP00000376533|entry=BAZ2B_HUMAN|source=pfam27|protein_name=Bromodomain,SEG,1293,1319,27,ncRNA,distal_terminal,acidic_region,Q9UIF8|ensembl_protein_id=ENSP00000376533|entry=BAZ2B_HUMAN|source=pfam27|protein_name=Bromodomain,,,,,,,,,,,,,,,,,,,,,,,,,,,,,,,,,
J3KPP4|ensembl_protein_id=ENSP00000376919|entry=J3KPP4_HUMAN|source=pfam27|protein_name=Luc7-like,SEG,247,282,36,mRNA,domain_adjacent,disorder_rich_spacer_region,J3KPP4|ensembl_protein_id=ENSP00000376919|entry=J3KPP4_HUMAN|source=pfam27|protein_name=Luc7-like,,,,,,,,,,,,,,,,,,,,,,,,,,,,,,,,,
J3KPP4|ensembl_protein_id=ENSP00000376919|entry=J3KPP4_HUMAN|source=pfam27|protein_name=Luc7-like,SEG,315,338,24,mRNA,distal_terminal,sr_rs_repeat_region,J3KPP4|ensembl_protein_id=ENSP00000376919|entry=J3KPP4_HUMAN|source=pfam27|protein_name=Luc7-like,,,,,,,,,,,,,,,,,,,,,,,,,,,,,,,,,
O14647|ensembl_protein_id=ENSP00000377747|entry=CHD2_HUMAN|source=pfam38|protein_name=ATP-dependent,SEG,50,69,20,unknown,distal_terminal,acidic_region,O14647|ensembl_protein_id=ENSP00000377747|entry=CHD2_HUMAN|source=pfam38|protein_name=ATP-dependent,,,,,,,,,,,,,,,,,,,,,,,,,,,,,,,,,
P35269|ensembl_protein_id=ENSP00000377969|entry=T2FA_HUMAN|source=pfam27|protein_name=General,SEG,308,327,20,mRNA,unclassified_no_pfam,acidic_region,P35269|ensembl_protein_id=ENSP00000377969|entry=T2FA_HUMAN|source=pfam27|protein_name=General,,,,,,,,,,,,,,,,,,,,,,,,,,,,,,,,,
Q5T760|ensembl_protein_id=ENSP00000378568|entry=Q5T760_HUMAN|source=pfam27|protein_name=Serine,SEG,11,30,20,mRNA,domain_adjacent,disorder_rich_spacer_region,Q5T760|ensembl_protein_id=ENSP00000378568|entry=Q5T760_HUMAN|source=pfam27|protein_name=Serine,,,,,,,,,,,,,,,,,,,,,,,,,,,,,,,,,
Q5T760|ensembl_protein_id=ENSP00000378568|entry=Q5T760_HUMAN|source=pfam27|protein_name=Serine,SEG,245,258,14,mRNA,distal_terminal,sr_rs_repeat_region,Q5T760|ensembl_protein_id=ENSP00000378568|entry=Q5T760_HUMAN|source=pfam27|protein_name=Serine,,,,,,,,,,,,,,,,,,,,,,,,,,,,,,,,,
Q5T760|ensembl_protein_id=ENSP00000378568|entry=Q5T760_HUMAN|source=pfam27|protein_name=Serine,SEG,261,288,28,mRNA,distal_terminal,sr_rs_repeat_region,Q5T760|ensembl_protein_id=ENSP00000378568|entry=Q5T760_HUMAN|source=pfam27|protein_name=Serine,,,,,,,,,,,,,,,,,,,,,,,,,,,,,,,,,
P51825|ensembl_protein_id=ENSP00000378578|entry=AFF1_HUMAN|source=pfam27|protein_name=AF4/FMR2,SEG,469,493,25,mRNA,domain_intrinsic,acidic_region,P51825|ensembl_protein_id=ENSP00000378578|entry=AFF1_HUMAN|source=pfam27|protein_name=AF4/FMR2,,,,,,,,,,,,,,,,,,,,,,,,,,,,,,,,,
Q99613|ensembl_protein_id=ENSP00000378953|entry=EIF3C_HUMAN|source=pfam27|protein_name=Eukaryotic,SEG,215,229,15,mRNA,domain_intrinsic,acidic_region,Q99613|ensembl_protein_id=ENSP00000378953|entry=EIF3C_HUMAN|source=pfam27|protein_name=Eukaryotic,,,,,,,,,,,,,,,,,,,,,,,,,,,,,,,,,
Q96QR8|ensembl_protein_id=ENSP00000379051|entry=PURB_HUMAN|source=pfam27|protein_name=Transcriptional,SEG,200,213,14,mRNA,domain_intrinsic,disorder_rich_spacer_region,Q96QR8|ensembl_protein_id=ENSP00000379051|entry=PURB_HUMAN|source=pfam27|protein_name=Transcriptional,,,,,,,,,,,,,,,,,,,,,,,,,,,,,,,,,
P50914|ensembl_protein_id=ENSP00000379506|entry=RL14_HUMAN|source=pfam27|protein_name=Large,SEG,142,164,23,ribosomal protein,domain_adjacent,disorder_rich_spacer_region,P50914|ensembl_protein_id=ENSP00000379506|entry=RL14_HUMAN|source=pfam27|protein_name=Large,,,,,,,,,,,,,,,,,,,,,,,,,,,,,,,,,
Q52LJ0|ensembl_protein_id=ENSP00000380734|entry=FA98B_HUMAN|source=pfam27|protein_name=tRNA-splicing,SEG,330,385,56,tRNA,domain_edge,cation_pi_rich_neighborhood,Q52LJ0|ensembl_protein_id=ENSP00000380734|entry=FA98B_HUMAN|source=pfam27|protein_name=tRNA-splicing,,,,,,,,,,,,,,,,,,,,,,,,,,,,,,,,,
Q52LJ0|ensembl_protein_id=ENSP00000380734|entry=FA98B_HUMAN|source=pfam27|protein_name=tRNA-splicing,SEG,388,411,24,tRNA,distal_terminal,rg_rgg_repeat_region,Q52LJ0|ensembl_protein_id=ENSP00000380734|entry=FA98B_HUMAN|source=pfam27|protein_name=tRNA-splicing,,,,,,,,,,,,,,,,,,,,,,,,,,,,,,,,,
Q52LJ0|ensembl_protein_id=ENSP00000380734|entry=FA98B_HUMAN|source=pfam27|protein_name=tRNA-splicing,SEG,402,432,31,tRNA,distal_terminal,aromatic_sticker_region,Q52LJ0|ensembl_protein_id=ENSP00000380734|entry=FA98B_HUMAN|source=pfam27|protein_name=tRNA-splicing,,,,,,,,,,,,,,,,,,,,,,,,,,,,,,,,,
Q92945|ensembl_protein_id=ENSP00000381216|entry=FUBP2_HUMAN|source=pfam27|protein_name=Far,SEG,6,37,32,mRNA,distal_terminal,disorder_rich_spacer_region,Q92945|ensembl_protein_id=ENSP00000381216|entry=FUBP2_HUMAN|source=pfam27|protein_name=Far,,,,,,,,,,,,,,,,,,,,,,,,,,,,,,,,,
Q92945|ensembl_protein_id=ENSP00000381216|entry=FUBP2_HUMAN|source=pfam27|protein_name=Far,SEG,31,57,27,mRNA,distal_terminal,disorder_rich_spacer_region,Q92945|ensembl_protein_id=ENSP00000381216|entry=FUBP2_HUMAN|source=pfam27|protein_name=Far,,,,,,,,,,,,,,,,,,,,,,,,,,,,,,,,,
Q92945|ensembl_protein_id=ENSP00000381216|entry=FUBP2_HUMAN|source=pfam27|protein_name=Far,SEG,395,415,21,mRNA,interdomain_linker,disorder_rich_spacer_region,Q92945|ensembl_protein_id=ENSP00000381216|entry=FUBP2_HUMAN|source=pfam27|protein_name=Far,,,,,,,,,,,,,,,,,,,,,,,,,,,,,,,,,
Q3L8U1|ensembl_protein_id=ENSP00000381522|entry=CHD9_HUMAN|source=pfam38|protein_name=ATP-dependent,SEG,2133,2197,65,unknown,interdomain_linker,polar_linker,Q3L8U1|ensembl_protein_id=ENSP00000381522|entry=CHD9_HUMAN|source=pfam38|protein_name=ATP-dependent,,,,,,,,,,,,,,,,,,,,,,,,,,,,,,,,,
Q6P6C2|ensembl_protein_id=ENSP00000382091|entry=ALKB5_HUMAN|source=pfam27|protein_name=RNA,SEG,29,47,19,mRNA,distal_terminal,disorder_rich_spacer_region,Q6P6C2|ensembl_protein_id=ENSP00000382091|entry=ALKB5_HUMAN|source=pfam27|protein_name=RNA,,,,,,,,,,,,,,,,,,,,,,,,,,,,,,,,,
Q86XN8|ensembl_protein_id=ENSP00000384398|entry=MEX3D_HUMAN|source=pfam27|protein_name=RNA-binding,SEG,9,24,16,mRNA,distal_terminal,disorder_rich_spacer_region,Q86XN8|ensembl_protein_id=ENSP00000384398|entry=MEX3D_HUMAN|source=pfam27|protein_name=RNA-binding,,,,,,,,,,,,,,,,,,,,,,,,,,,,,,,,,
Q86XN8|ensembl_protein_id=ENSP00000384398|entry=MEX3D_HUMAN|source=pfam27|protein_name=RNA-binding,SEG,80,97,18,mRNA,distal_terminal,disorder_rich_spacer_region,Q86XN8|ensembl_protein_id=ENSP00000384398|entry=MEX3D_HUMAN|source=pfam27|protein_name=RNA-binding,,,,,,,,,,,,,,,,,,,,,,,,,,,,,,,,,
Q12906|ensembl_protein_id=ENSP00000384660|entry=ILF3_HUMAN|source=pfam27|protein_name=Interleukin,SEG,692,718,27,mRNA,distal_terminal,gs_rich_neutral_region,Q12906|ensembl_protein_id=ENSP00000384660|entry=ILF3_HUMAN|source=pfam27|protein_name=Interleukin,,,,,,,,,,,,,,,,,,,,,,,,,,,,,,,,,
Q12906|ensembl_protein_id=ENSP00000384660|entry=ILF3_HUMAN|source=pfam27|protein_name=Interleukin,SEG,830,845,16,mRNA,distal_terminal,gs_rich_neutral_region,Q12906|ensembl_protein_id=ENSP00000384660|entry=ILF3_HUMAN|source=pfam27|protein_name=Interleukin,,,,,,,,,,,,,,,,,,,,,,,,,,,,,,,,,
Q9UPQ9|ensembl_protein_id=ENSP00000384795|entry=TNR6B_HUMAN|source=pfam27|protein_name=Trinucleotide,SEG,820,833,14,mRNA,distal_terminal,disorder_rich_spacer_region,Q9UPQ9|ensembl_protein_id=ENSP00000384795|entry=TNR6B_HUMAN|source=pfam27|protein_name=Trinucleotide,,,,,,,,,,,,,,,,,,,,,,,,,,,,,,,,,
Q9UPQ9|ensembl_protein_id=ENSP00000384795|entry=TNR6B_HUMAN|source=pfam27|protein_name=Trinucleotide,SEG,1276,1297,22,mRNA,distal_terminal,glutamine_rich_region,Q9UPQ9|ensembl_protein_id=ENSP00000384795|entry=TNR6B_HUMAN|source=pfam27|protein_name=Trinucleotide,,,,,,,,,,,,,,,,,,,,,,,,,,,,,,,,,
Q5U5Q3|ensembl_protein_id=ENSP00000385610|entry=MEX3C_HUMAN|source=pfam27|protein_name=RNA-binding,SEG,6,34,29,mRNA,distal_terminal,disorder_rich_spacer_region,Q5U5Q3|ensembl_protein_id=ENSP00000385610|entry=MEX3C_HUMAN|source=pfam27|protein_name=RNA-binding,,,,,,,,,,,,,,,,,,,,,,,,,,,,,,,,,
B5MCU0|ensembl_protein_id=ENSP00000385839|entry=B5MCU0_HUMAN|source=pfam27|protein_name=R3H,SEG,417,426,10,unknown,distal_terminal,disorder_rich_spacer_region,B5MCU0|ensembl_protein_id=ENSP00000385839|entry=B5MCU0_HUMAN|source=pfam27|protein_name=R3H,,,,,,,,,,,,,,,,,,,,,,,,,,,,,,,,,
A0A7N4I394|ensembl_protein_id=ENSP00000386458|entry=A0A7N4I394_HUMAN|source=pfam27|protein_name=Pre-mRNA-processing,SEG,308,334,27,snRNA,unclassified_no_pfam,disorder_rich_spacer_region,A0A7N4I394|ensembl_protein_id=ENSP00000386458|entry=A0A7N4I394_HUMAN|source=pfam27|protein_name=Pre-mRNA-processing,,,,,,,,,,,,,,,,,,,,,,,,,,,,,,,,,
Q9Y4B4|ensembl_protein_id=ENSP00000386520|entry=ARIP4_HUMAN|source=pfam38|protein_name=Helicase,SEG,15,34,20,unknown,distal_terminal,acidic_region,Q9Y4B4|ensembl_protein_id=ENSP00000386520|entry=ARIP4_HUMAN|source=pfam38|protein_name=Helicase,,,,,,,,,,,,,,,,,,,,,,,,,,,,,,,,,
B8ZZ98|ensembl_protein_id=ENSP00000386608|entry=B8ZZ98_HUMAN|source=pfam38|protein_name=U4/U6.U5,SEG,2,17,16,mRNA,distal_terminal,sr_rs_repeat_region,B8ZZ98|ensembl_protein_id=ENSP00000386608|entry=B8ZZ98_HUMAN|source=pfam38|protein_name=U4/U6.U5,,,,,,,,,,,,,,,,,,,,,,,,,,,,,,,,,
B8ZZ98|ensembl_protein_id=ENSP00000386608|entry=B8ZZ98_HUMAN|source=pfam38|protein_name=U4/U6.U5,SEG,9,44,36,mRNA,distal_terminal,sr_rs_repeat_region,B8ZZ98|ensembl_protein_id=ENSP00000386608|entry=B8ZZ98_HUMAN|source=pfam38|protein_name=U4/U6.U5,,,,,,,,,,,,,,,,,,,,,,,,,,,,,,,,,
B8ZZ98|ensembl_protein_id=ENSP00000386608|entry=B8ZZ98_HUMAN|source=pfam38|protein_name=U4/U6.U5,SEG,37,58,22,mRNA,domain_adjacent,sr_rs_repeat_region,B8ZZ98|ensembl_protein_id=ENSP00000386608|entry=B8ZZ98_HUMAN|source=pfam38|protein_name=U4/U6.U5,,,,,,,,,,,,,,,,,,,,,,,,,,,,,,,,,
C9JAB2|ensembl_protein_id=ENSP00000386806|entry=C9JAB2_HUMAN|source=pfam27|protein_name=Serine/arginine-rich,SEG,120,141,22,mRNA,domain_adjacent,sr_rs_repeat_region,C9JAB2|ensembl_protein_id=ENSP00000386806|entry=C9JAB2_HUMAN|source=pfam27|protein_name=Serine/arginine-rich,,,,,,,,,,,,,,,,,,,,,,,,,,,,,,,,,
E7ETU5|ensembl_protein_id=ENSP00000387280|entry=E7ETU5_HUMAN|source=pfam27|protein_name=RNA,SEG,3,20,18,mRNA,domain_adjacent,disorder_rich_spacer_region,E7ETU5|ensembl_protein_id=ENSP00000387280|entry=E7ETU5_HUMAN|source=pfam27|protein_name=RNA,,,,,,,,,,,,,,,,,,,,,,,,,,,,,,,,,
Q16630|ensembl_protein_id=ENSP00000391774|entry=CPSF6_HUMAN|source=pfam27|protein_name=Cleavage,SEG,235,262,28,mRNA,distal_terminal,disorder_rich_spacer_region,Q16630|ensembl_protein_id=ENSP00000391774|entry=CPSF6_HUMAN|source=pfam27|protein_name=Cleavage,,,,,,,,,,,,,,,,,,,,,,,,,,,,,,,,,
Q16630|ensembl_protein_id=ENSP00000391774|entry=CPSF6_HUMAN|source=pfam27|protein_name=Cleavage,SEG,286,311,26,mRNA,distal_terminal,disorder_rich_spacer_region,Q16630|ensembl_protein_id=ENSP00000391774|entry=CPSF6_HUMAN|source=pfam27|protein_name=Cleavage,,,,,,,,,,,,,,,,,,,,,,,,,,,,,,,,,
Q16630|ensembl_protein_id=ENSP00000391774|entry=CPSF6_HUMAN|source=pfam27|protein_name=Cleavage,SEG,300,333,34,mRNA,distal_terminal,disorder_rich_spacer_region,Q16630|ensembl_protein_id=ENSP00000391774|entry=CPSF6_HUMAN|source=pfam27|protein_name=Cleavage,,,,,,,,,,,,,,,,,,,,,,,,,,,,,,,,,
Q16630|ensembl_protein_id=ENSP00000391774|entry=CPSF6_HUMAN|source=pfam27|protein_name=Cleavage,SEG,525,548,24,mRNA,distal_terminal,aromatic_sticker_region,Q16630|ensembl_protein_id=ENSP00000391774|entry=CPSF6_HUMAN|source=pfam27|protein_name=Cleavage,,,,,,,,,,,,,,,,,,,,,,,,,,,,,,,,,
O00571|ensembl_protein_id=ENSP00000392494|entry=DDX3X_HUMAN|source=pfam27|protein_name=ATP-dependent,SEG,604,623,20,mRNA,distal_terminal,polar_linker,O00571|ensembl_protein_id=ENSP00000392494|entry=DDX3X_HUMAN|source=pfam27|protein_name=ATP-dependent,,,,,,,,,,,,,,,,,,,,,,,,,,,,,,,,,
Q5GAN6|ensembl_protein_id=ENSP00000392996|entry=RNS10_HUMAN|source=pfam27|protein_name=Inactive,SEG,10,26,17,unknown,distal_terminal,hydrophobic_region,Q5GAN6|ensembl_protein_id=ENSP00000392996|entry=RNS10_HUMAN|source=pfam27|protein_name=Inactive,,,,,,,,,,,,,,,,,,,,,,,,,,,,,,,,,
Q00839|ensembl_protein_id=ENSP00000393151|entry=HNRPU_HUMAN|source=pfam27|protein_name=Heterogeneous,SEG,76,94,19,mRNA,domain_adjacent,acidic_region,Q00839|ensembl_protein_id=ENSP00000393151|entry=HNRPU_HUMAN|source=pfam27|protein_name=Heterogeneous,,,,,,,,,,,,,,,,,,,,,,,,,,,,,,,,,
Q00839|ensembl_protein_id=ENSP00000393151|entry=HNRPU_HUMAN|source=pfam27|protein_name=Heterogeneous,SEG,160,175,16,mRNA,distal_terminal,polar_linker,Q00839|ensembl_protein_id=ENSP00000393151|entry=HNRPU_HUMAN|source=pfam27|protein_name=Heterogeneous,,,,,,,,,,,,,,,,,,,,,,,,,,,,,,,,,
Q15637|ensembl_protein_id=ENSP00000396793|entry=SF01_HUMAN|source=pfam27|protein_name=Splicing,SEG,467,484,18,mRNA,distal_terminal,disorder_rich_spacer_region,Q15637|ensembl_protein_id=ENSP00000396793|entry=SF01_HUMAN|source=pfam27|protein_name=Splicing,,,,,,,,,,,,,,,,,,,,,,,,,,,,,,,,,
Q15637|ensembl_protein_id=ENSP00000396793|entry=SF01_HUMAN|source=pfam27|protein_name=Splicing,SEG,478,498,21,mRNA,distal_terminal,disorder_rich_spacer_region,Q15637|ensembl_protein_id=ENSP00000396793|entry=SF01_HUMAN|source=pfam27|protein_name=Splicing,,,,,,,,,,,,,,,,,,,,,,,,,,,,,,,,,
Q15637|ensembl_protein_id=ENSP00000396793|entry=SF01_HUMAN|source=pfam27|protein_name=Splicing,SEG,495,512,18,mRNA,distal_terminal,disorder_rich_spacer_region,Q15637|ensembl_protein_id=ENSP00000396793|entry=SF01_HUMAN|source=pfam27|protein_name=Splicing,,,,,,,,,,,,,,,,,,,,,,,,,,,,,,,,,
Q15637|ensembl_protein_id=ENSP00000396793|entry=SF01_HUMAN|source=pfam27|protein_name=Splicing,SEG,574,589,16,mRNA,distal_terminal,disorder_rich_spacer_region,Q15637|ensembl_protein_id=ENSP00000396793|entry=SF01_HUMAN|source=pfam27|protein_name=Splicing,,,,,,,,,,,,,,,,,,,,,,,,,,,,,,,,,
Q8NE35|ensembl_protein_id=ENSP00000398310|entry=CPEB3_HUMAN|source=pfam27|protein_name=Cytoplasmic,SEG,12,27,16,mRNA,distal_terminal,polar_linker,Q8NE35|ensembl_protein_id=ENSP00000398310|entry=CPEB3_HUMAN|source=pfam27|protein_name=Cytoplasmic,,,,,,,,,,,,,,,,,,,,,,,,,,,,,,,,,
Q8NE35|ensembl_protein_id=ENSP00000398310|entry=CPEB3_HUMAN|source=pfam27|protein_name=Cytoplasmic,SEG,163,188,26,mRNA,distal_terminal,disorder_rich_spacer_region,Q8NE35|ensembl_protein_id=ENSP00000398310|entry=CPEB3_HUMAN|source=pfam27|protein_name=Cytoplasmic,,,,,,,,,,,,,,,,,,,,,,,,,,,,,,,,,
Q8NE35|ensembl_protein_id=ENSP00000398310|entry=CPEB3_HUMAN|source=pfam27|protein_name=Cytoplasmic,SEG,220,240,21,mRNA,distal_terminal,disorder_rich_spacer_region,Q8NE35|ensembl_protein_id=ENSP00000398310|entry=CPEB3_HUMAN|source=pfam27|protein_name=Cytoplasmic,,,,,,,,,,,,,,,,,,,,,,,,,,,,,,,,,
Q5RKV6|ensembl_protein_id=ENSP00000398597|entry=EXOS6_HUMAN|source=pfam27|protein_name=Exosome,SEG,156,171,16,diverse,domain_edge,disorder_rich_spacer_region,Q5RKV6|ensembl_protein_id=ENSP00000398597|entry=EXOS6_HUMAN|source=pfam27|protein_name=Exosome,,,,,,,,,,,,,,,,,,,,,,,,,,,,,,,,,
Q6P158|ensembl_protein_id=ENSP00000405111|entry=DHX57_HUMAN|source=pfam38|protein_name=Putative,SEG,34,48,15,mRNA,distal_terminal,disorder_rich_spacer_region,Q6P158|ensembl_protein_id=ENSP00000405111|entry=DHX57_HUMAN|source=pfam38|protein_name=Putative,,,,,,,,,,,,,,,,,,,,,,,,,,,,,,,,,
A0A0A0MSN9|ensembl_protein_id=ENSP00000407528|entry=A0A0A0MSN9_HUMAN|source=pfam27|protein_name=Negative,SEG,190,237,48,mRNA,domain_adjacent,unmapped_physicochemical_properties,A0A0A0MSN9|ensembl_protein_id=ENSP00000407528|entry=A0A0A0MSN9_HUMAN|source=pfam27|protein_name=Negative,,,,,,,,,,,,,,,,,,,,,,,,,,,,,,,,,
P51991|ensembl_protein_id=ENSP00000408487|entry=ROA3_HUMAN|source=pfam27|protein_name=Heterogeneous,SEG,224,247,24,mRNA,domain_adjacent,aromatic_sticker_region,P51991|ensembl_protein_id=ENSP00000408487|entry=ROA3_HUMAN|source=pfam27|protein_name=Heterogeneous,,,,,,,,,,,,,,,,,,,,,,,,,,,,,,,,,
P51991|ensembl_protein_id=ENSP00000408487|entry=ROA3_HUMAN|source=pfam27|protein_name=Heterogeneous,SEG,237,266,30,mRNA,domain_adjacent,aromatic_sticker_region,P51991|ensembl_protein_id=ENSP00000408487|entry=ROA3_HUMAN|source=pfam27|protein_name=Heterogeneous,,,,,,,,,,,,,,,,,,,,,,,,,,,,,,,,,
P51991|ensembl_protein_id=ENSP00000408487|entry=ROA3_HUMAN|source=pfam27|protein_name=Heterogeneous,SEG,286,315,30,mRNA,distal_terminal,aromatic_sticker_region,P51991|ensembl_protein_id=ENSP00000408487|entry=ROA3_HUMAN|source=pfam27|protein_name=Heterogeneous,,,,,,,,,,,,,,,,,,,,,,,,,,,,,,,,,
P51991|ensembl_protein_id=ENSP00000408487|entry=ROA3_HUMAN|source=pfam27|protein_name=Heterogeneous,SEG,354,374,21,mRNA,distal_terminal,gs_rich_neutral_region,P51991|ensembl_protein_id=ENSP00000408487|entry=ROA3_HUMAN|source=pfam27|protein_name=Heterogeneous,,,,,,,,,,,,,,,,,,,,,,,,,,,,,,,,,
Q13428|ensembl_protein_id=ENSP00000409944|entry=TCOF_HUMAN|source=pfam27|protein_name=Treacle,SEG,266,281,16,pre-rRNA,unclassified_no_pfam,acidic_region,Q13428|ensembl_protein_id=ENSP00000409944|entry=TCOF_HUMAN|source=pfam27|protein_name=Treacle,,,,,,,,,,,,,,,,,,,,,,,,,,,,,,,,,
Q13428|ensembl_protein_id=ENSP00000409944|entry=TCOF_HUMAN|source=pfam27|protein_name=Treacle,SEG,335,351,17,pre-rRNA,unclassified_no_pfam,acidic_region,Q13428|ensembl_protein_id=ENSP00000409944|entry=TCOF_HUMAN|source=pfam27|protein_name=Treacle,,,,,,,,,,,,,,,,,,,,,,,,,,,,,,,,,
Q13428|ensembl_protein_id=ENSP00000409944|entry=TCOF_HUMAN|source=pfam27|protein_name=Treacle,SEG,541,556,16,pre-rRNA,unclassified_no_pfam,acidic_region,Q13428|ensembl_protein_id=ENSP00000409944|entry=TCOF_HUMAN|source=pfam27|protein_name=Treacle,,,,,,,,,,,,,,,,,,,,,,,,,,,,,,,,,
Q13428|ensembl_protein_id=ENSP00000409944|entry=TCOF_HUMAN|source=pfam27|protein_name=Treacle,SEG,1140,1158,19,pre-rRNA,unclassified_no_pfam,acidic_region,Q13428|ensembl_protein_id=ENSP00000409944|entry=TCOF_HUMAN|source=pfam27|protein_name=Treacle,,,,,,,,,,,,,,,,,,,,,,,,,,,,,,,,,
Q13428|ensembl_protein_id=ENSP00000409944|entry=TCOF_HUMAN|source=pfam27|protein_name=Treacle,SEG,1436,1466,31,pre-rRNA,unclassified_no_pfam,basic_enriched_region,Q13428|ensembl_protein_id=ENSP00000409944|entry=TCOF_HUMAN|source=pfam27|protein_name=Treacle,,,,,,,,,,,,,,,,,,,,,,,,,,,,,,,,,
Q5QJE6|ensembl_protein_id=ENSP00000411010|entry=TDIF2_HUMAN|source=pfam27|protein_name=Deoxynucleotidyltransferase,SEG,516,532,17,pre-rRNA,distal_terminal,acidic_region,Q5QJE6|ensembl_protein_id=ENSP00000411010|entry=TDIF2_HUMAN|source=pfam27|protein_name=Deoxynucleotidyltransferase,,,,,,,,,,,,,,,,,,,,,,,,,,,,,,,,,
Q8NE71|ensembl_protein_id=ENSP00000412553|entry=ABCF1_HUMAN|source=pfam27|protein_name=ATP-binding,SEG,59,75,17,mRNA,unclassified_no_pfam,disorder_rich_spacer_region,Q8NE71|ensembl_protein_id=ENSP00000412553|entry=ABCF1_HUMAN|source=pfam27|protein_name=ATP-binding,,,,,,,,,,,,,,,,,,,,,,,,,,,,,,,,,
Q8NE71|ensembl_protein_id=ENSP00000412553|entry=ABCF1_HUMAN|source=pfam27|protein_name=ATP-binding,SEG,228,242,15,mRNA,unclassified_no_pfam,acidic_region,Q8NE71|ensembl_protein_id=ENSP00000412553|entry=ABCF1_HUMAN|source=pfam27|protein_name=ATP-binding,,,,,,,,,,,,,,,,,,,,,,,,,,,,,,,,,
Q8WUQ7|ensembl_protein_id=ENSP00000415078|entry=CATIN_HUMAN|source=pfam27|protein_name=Splicing,SEG,32,62,31,mRNA,unclassified_no_pfam,arginine_rich_rna_contact_region,Q8WUQ7|ensembl_protein_id=ENSP00000415078|entry=CATIN_HUMAN|source=pfam27|protein_name=Splicing,,,,,,,,,,,,,,,,,,,,,,,,,,,,,,,,,
Q5QPL9|ensembl_protein_id=ENSP00000415973|entry=Q5QPL9_HUMAN|source=pfam27|protein_name=RALY,SEG,204,236,33,mRNA,distal_terminal,gs_rich_neutral_region,Q5QPL9|ensembl_protein_id=ENSP00000415973|entry=Q5QPL9_HUMAN|source=pfam27|protein_name=RALY,,,,,,,,,,,,,,,,,,,,,,,,,,,,,,,,,
P54253|ensembl_protein_id=ENSP00000416360|entry=ATX1_HUMAN|source=pfam27|protein_name=Ataxin-1,SEG,196,225,30,mRNA,distal_terminal,disorder_rich_spacer_region,P54253|ensembl_protein_id=ENSP00000416360|entry=ATX1_HUMAN|source=pfam27|protein_name=Ataxin-1,,,,,,,,,,,,,,,,,,,,,,,,,,,,,,,,,
Q9UHC7|ensembl_protein_id=ENSP00000416369|entry=MKRN1_HUMAN|source=pfam27|protein_name=E3,SEG,39,53,15,mRNA,domain_adjacent,gs_rich_neutral_region,Q9UHC7|ensembl_protein_id=ENSP00000416369|entry=MKRN1_HUMAN|source=pfam27|protein_name=E3,,,,,,,,,,,,,,,,,,,,,,,,,,,,,,,,,
A0A0C4DG89|ensembl_protein_id=ENSP00000416534|entry=A0A0C4DG89_HUMAN|source=pfam27;pfam38|protein_name=Probable,SEG,68,105,38,snRNA,distal_terminal,sr_rs_repeat_region,A0A0C4DG89|ensembl_protein_id=ENSP00000416534|entry=A0A0C4DG89_HUMAN|source=pfam27;pfam38|protein_name=Probable,,,,,,,,,,,,,,,,,,,,,,,,,,,,,,,,,
C9JE40|ensembl_protein_id=ENSP00000416673|entry=PATL2_HUMAN|source=pfam27|protein_name=Protein,SEG,25,50,26,mRNA,unclassified_no_pfam,acidic_region,C9JE40|ensembl_protein_id=ENSP00000416673|entry=PATL2_HUMAN|source=pfam27|protein_name=Protein,,,,,,,,,,,,,,,,,,,,,,,,,,,,,,,,,
Q9H2U1|ensembl_protein_id=ENSP00000417078|entry=DHX36_HUMAN|source=pfam27|protein_name=ATP-dependent,SEG,27,55,29,mRNA,distal_terminal,disorder_rich_spacer_region,Q9H2U1|ensembl_protein_id=ENSP00000417078|entry=DHX36_HUMAN|source=pfam27|protein_name=ATP-dependent,,,,,,,,,,,,,,,,,,,,,,,,,,,,,,,,,
Q86TG7|ensembl_protein_id=ENSP00000417587|entry=PEG10_HUMAN|source=pfam27|protein_name=Retrotransposon-derived,SEG,680,702,23,unknown,unclassified_no_pfam,disorder_rich_spacer_region,Q86TG7|ensembl_protein_id=ENSP00000417587|entry=PEG10_HUMAN|source=pfam27|protein_name=Retrotransposon-derived,,,,,,,,,,,,,,,,,,,,,,,,,,,,,,,,,
Q5T7N2|ensembl_protein_id=ENSP00000419901|entry=LITD1_HUMAN|source=pfam27|protein_name=LINE-1,SEG,403,419,17,mRNA,distal_terminal,acidic_region,Q5T7N2|ensembl_protein_id=ENSP00000419901|entry=LITD1_HUMAN|source=pfam27|protein_name=LINE-1,,,,,,,,,,,,,,,,,,,,,,,,,,,,,,,,,
C9JP00|ensembl_protein_id=ENSP00000420327|entry=C9JP00_HUMAN|source=pfam27|protein_name=Muscleblind,SEG,255,272,18,mRNA,domain_adjacent,disorder_rich_spacer_region,C9JP00|ensembl_protein_id=ENSP00000420327|entry=C9JP00_HUMAN|source=pfam27|protein_name=Muscleblind,,,,,,,,,,,,,,,,,,,,,,,,,,,,,,,,,
D6R9W6|ensembl_protein_id=ENSP00000422850|entry=D6R9W6_HUMAN|source=pfam27|protein_name=La,SEG,148,163,16,mRNA,distal_terminal,rg_rgg_repeat_region,D6R9W6|ensembl_protein_id=ENSP00000422850|entry=D6R9W6_HUMAN|source=pfam27|protein_name=La,,,,,,,,,,,,,,,,,,,,,,,,,,,,,,,,,
F6VAP0|ensembl_protein_id=ENSP00000423243|entry=F6VAP0_HUMAN|source=pfam27|protein_name=RNA,SEG,448,463,16,mRNA,distal_terminal,disorder_rich_spacer_region,F6VAP0|ensembl_protein_id=ENSP00000423243|entry=F6VAP0_HUMAN|source=pfam27|protein_name=RNA,,,,,,,,,,,,,,,,,,,,,,,,,,,,,,,,,
Q9NP92|ensembl_protein_id=ENSP00000424328|entry=RT30_HUMAN|source=pfam27|protein_name=Large,SEG,118,135,18,ribosomal protein,domain_intrinsic,acidic_region,Q9NP92|ensembl_protein_id=ENSP00000424328|entry=RT30_HUMAN|source=pfam27|protein_name=Large,,,,,,,,,,,,,,,,,,,,,,,,,,,,,,,,,
Q99729|ensembl_protein_id=ENSP00000425031|entry=ROAA_HUMAN|source=pfam27|protein_name=Heterogeneous,SEG,242,262,21,mRNA,domain_adjacent,rg_rgg_repeat_region,Q99729|ensembl_protein_id=ENSP00000425031|entry=ROAA_HUMAN|source=pfam27|protein_name=Heterogeneous,,,,,,,,,,,,,,,,,,,,,,,,,,,,,,,,,
P49756|ensembl_protein_id=ENSP00000431150|entry=RBM25_HUMAN|source=pfam27|protein_name=RNA-binding,SEG,305,346,42,mRNA,interdomain_linker,disorder_rich_spacer_region,P49756|ensembl_protein_id=ENSP00000431150|entry=RBM25_HUMAN|source=pfam27|protein_name=RNA-binding,,,,,,,,,,,,,,,,,,,,,,,,,,,,,,,,,
P49756|ensembl_protein_id=ENSP00000431150|entry=RBM25_HUMAN|source=pfam27|protein_name=RNA-binding,SEG,355,372,18,mRNA,interdomain_linker,disorder_rich_spacer_region,P49756|ensembl_protein_id=ENSP00000431150|entry=RBM25_HUMAN|source=pfam27|protein_name=RNA-binding,,,,,,,,,,,,,,,,,,,,,,,,,,,,,,,,,
P49756|ensembl_protein_id=ENSP00000431150|entry=RBM25_HUMAN|source=pfam27|protein_name=RNA-binding,SEG,390,425,36,mRNA,interdomain_linker,disorder_rich_spacer_region,P49756|ensembl_protein_id=ENSP00000431150|entry=RBM25_HUMAN|source=pfam27|protein_name=RNA-binding,,,,,,,,,,,,,,,,,,,,,,,,,,,,,,,,,
P49756|ensembl_protein_id=ENSP00000431150|entry=RBM25_HUMAN|source=pfam27|protein_name=RNA-binding,SEG,577,599,23,mRNA,interdomain_linker,acidic_region,P49756|ensembl_protein_id=ENSP00000431150|entry=RBM25_HUMAN|source=pfam27|protein_name=RNA-binding,,,,,,,,,,,,,,,,,,,,,,,,,,,,,,,,,
E9PIF2|ensembl_protein_id=ENSP00000432032|entry=E9PIF2_HUMAN|source=pfam27|protein_name=ATP-dependent,SEG,579,593,15,pre-rRNA,distal_terminal,acidic_region,E9PIF2|ensembl_protein_id=ENSP00000432032|entry=E9PIF2_HUMAN|source=pfam27|protein_name=ATP-dependent,,,,,,,,,,,,,,,,,,,,,,,,,,,,,,,,,
A1L020|ensembl_protein_id=ENSP00000432845|entry=MEX3A_HUMAN|source=pfam27|protein_name=RNA-binding,SEG,68,100,33,mRNA,domain_adjacent,disorder_rich_spacer_region,A1L020|ensembl_protein_id=ENSP00000432845|entry=MEX3A_HUMAN|source=pfam27|protein_name=RNA-binding,,,,,,,,,,,,,,,,,,,,,,,,,,,,,,,,,
A1L020|ensembl_protein_id=ENSP00000432845|entry=MEX3A_HUMAN|source=pfam27|protein_name=RNA-binding,SEG,405,415,11,mRNA,distal_terminal,aromatic_sticker_region,A1L020|ensembl_protein_id=ENSP00000432845|entry=MEX3A_HUMAN|source=pfam27|protein_name=RNA-binding,,,,,,,,,,,,,,,,,,,,,,,,,,,,,,,,,
E9PMM9|ensembl_protein_id=ENSP00000433034|entry=E9PMM9_HUMAN|source=pfam27|protein_name=Small,SEG,29,52,24,ribosomal protein,domain_adjacent,rg_rgg_repeat_region,E9PMM9|ensembl_protein_id=ENSP00000433034|entry=E9PMM9_HUMAN|source=pfam27|protein_name=Small,,,,,,,,,,,,,,,,,,,,,,,,,,,,,,,,,
Q9Y2W1|ensembl_protein_id=ENSP00000433825|entry=TR150_HUMAN|source=pfam27|protein_name=Thyroid,SEG,6,27,22,mRNA,distal_terminal,sr_rs_repeat_region,Q9Y2W1|ensembl_protein_id=ENSP00000433825|entry=TR150_HUMAN|source=pfam27|protein_name=Thyroid,,,,,,,,,,,,,,,,,,,,,,,,,,,,,,,,,
Q9Y2W1|ensembl_protein_id=ENSP00000433825|entry=TR150_HUMAN|source=pfam27|protein_name=Thyroid,SEG,145,167,23,mRNA,domain_intrinsic,sr_rs_repeat_region,Q9Y2W1|ensembl_protein_id=ENSP00000433825|entry=TR150_HUMAN|source=pfam27|protein_name=Thyroid,,,,,,,,,,,,,,,,,,,,,,,,,,,,,,,,,
H0YDK8|ensembl_protein_id=ENSP00000433850|entry=H0YDK8_HUMAN|source=pfam27|protein_name=Pumilio,SEG,301,322,22,mRNA,distal_terminal,disorder_rich_spacer_region,H0YDK8|ensembl_protein_id=ENSP00000433850|entry=H0YDK8_HUMAN|source=pfam27|protein_name=Pumilio,,,,,,,,,,,,,,,,,,,,,,,,,,,,,,,,,
P51513|ensembl_protein_id=ENSP00000438875|entry=NOVA1_HUMAN|source=pfam27|protein_name=RNA-binding,SEG,343,362,20,mRNA,interdomain_linker,disorder_rich_spacer_region,P51513|ensembl_protein_id=ENSP00000438875|entry=NOVA1_HUMAN|source=pfam27|protein_name=RNA-binding,,,,,,,,,,,,,,,,,,,,,,,,,,,,,,,,,
A0A0C4DGG8|ensembl_protein_id=ENSP00000439252|entry=A0A0C4DGG8_HUMAN|source=pfam27|protein_name=Cell,SEG,62,87,26,mRNA,domain_adjacent,disorder_rich_spacer_region,A0A0C4DGG8|ensembl_protein_id=ENSP00000439252|entry=A0A0C4DGG8_HUMAN|source=pfam27|protein_name=Cell,,,,,,,,,,,,,,,,,,,,,,,,,,,,,,,,,
A0A0C4DGG8|ensembl_protein_id=ENSP00000439252|entry=A0A0C4DGG8_HUMAN|source=pfam27|protein_name=Cell,SEG,302,317,16,mRNA,interdomain_linker,arginine_rich_rna_contact_region,A0A0C4DGG8|ensembl_protein_id=ENSP00000439252|entry=A0A0C4DGG8_HUMAN|source=pfam27|protein_name=Cell,,,,,,,,,,,,,,,,,,,,,,,,,,,,,,,,,
Q8IWX8|ensembl_protein_id=ENSP00000439856|entry=CHERP_HUMAN|source=pfam27|protein_name=Calcium,SEG,329,342,14,mRNA,domain_intrinsic,disorder_rich_spacer_region,Q8IWX8|ensembl_protein_id=ENSP00000439856|entry=CHERP_HUMAN|source=pfam27|protein_name=Calcium,,,,,,,,,,,,,,,,,,,,,,,,,,,,,,,,,
Q8IWX8|ensembl_protein_id=ENSP00000439856|entry=CHERP_HUMAN|source=pfam27|protein_name=Calcium,SEG,352,373,22,mRNA,domain_edge,disorder_rich_spacer_region,Q8IWX8|ensembl_protein_id=ENSP00000439856|entry=CHERP_HUMAN|source=pfam27|protein_name=Calcium,,,,,,,,,,,,,,,,,,,,,,,,,,,,,,,,,
Q8IWX8|ensembl_protein_id=ENSP00000439856|entry=CHERP_HUMAN|source=pfam27|protein_name=Calcium,SEG,762,803,42,mRNA,interdomain_linker,sr_rs_repeat_region,Q8IWX8|ensembl_protein_id=ENSP00000439856|entry=CHERP_HUMAN|source=pfam27|protein_name=Calcium,,,,,,,,,,,,,,,,,,,,,,,,,,,,,,,,,
Q15233|ensembl_protein_id=ENSP00000441364|entry=NONO_HUMAN|source=pfam27|protein_name=Non-POU,SEG,18,39,22,ncRNA,domain_adjacent,aromatic_sticker_region,Q15233|ensembl_protein_id=ENSP00000441364|entry=NONO_HUMAN|source=pfam27|protein_name=Non-POU,,,,,,,,,,,,,,,,,,,,,,,,,,,,,,,,,
Q9Y4C8|ensembl_protein_id=ENSP00000442053|entry=RBM19_HUMAN|source=pfam27|protein_name=Probable,SEG,713,724,12,pre-rRNA,interdomain_linker,acidic_region,Q9Y4C8|ensembl_protein_id=ENSP00000442053|entry=RBM19_HUMAN|source=pfam27|protein_name=Probable,,,,,,,,,,,,,,,,,,,,,,,,,,,,,,,,,
Q9UPS6|ensembl_protein_id=ENSP00000442924|entry=SET1B_HUMAN|source=pfam27|protein_name=Histone-lysine,SEG,676,728,53,ncRNA,distal_terminal,disorder_rich_spacer_region,Q9UPS6|ensembl_protein_id=ENSP00000442924|entry=SET1B_HUMAN|source=pfam27|protein_name=Histone-lysine,,,,,,,,,,,,,,,,,,,,,,,,,,,,,,,,,
Q9UPS6|ensembl_protein_id=ENSP00000442924|entry=SET1B_HUMAN|source=pfam27|protein_name=Histone-lysine,SEG,725,739,15,ncRNA,distal_terminal,disorder_rich_spacer_region,Q9UPS6|ensembl_protein_id=ENSP00000442924|entry=SET1B_HUMAN|source=pfam27|protein_name=Histone-lysine,,,,,,,,,,,,,,,,,,,,,,,,,,,,,,,,,
Q9UPS6|ensembl_protein_id=ENSP00000442924|entry=SET1B_HUMAN|source=pfam27|protein_name=Histone-lysine,SEG,1039,1064,26,ncRNA,distal_terminal,disorder_rich_spacer_region,Q9UPS6|ensembl_protein_id=ENSP00000442924|entry=SET1B_HUMAN|source=pfam27|protein_name=Histone-lysine,,,,,,,,,,,,,,,,,,,,,,,,,,,,,,,,,
Q9UPS6|ensembl_protein_id=ENSP00000442924|entry=SET1B_HUMAN|source=pfam27|protein_name=Histone-lysine,SEG,1067,1086,20,ncRNA,distal_terminal,acidic_region,Q9UPS6|ensembl_protein_id=ENSP00000442924|entry=SET1B_HUMAN|source=pfam27|protein_name=Histone-lysine,,,,,,,,,,,,,,,,,,,,,,,,,,,,,,,,,
Q9UPS6|ensembl_protein_id=ENSP00000442924|entry=SET1B_HUMAN|source=pfam27|protein_name=Histone-lysine,SEG,1093,1120,28,ncRNA,distal_terminal,acidic_region,Q9UPS6|ensembl_protein_id=ENSP00000442924|entry=SET1B_HUMAN|source=pfam27|protein_name=Histone-lysine,,,,,,,,,,,,,,,,,,,,,,,,,,,,,,,,,
Q9UPS6|ensembl_protein_id=ENSP00000442924|entry=SET1B_HUMAN|source=pfam27|protein_name=Histone-lysine,SEG,1153,1179,27,ncRNA,distal_terminal,acidic_region,Q9UPS6|ensembl_protein_id=ENSP00000442924|entry=SET1B_HUMAN|source=pfam27|protein_name=Histone-lysine,,,,,,,,,,,,,,,,,,,,,,,,,,,,,,,,,
Q9UPS6|ensembl_protein_id=ENSP00000442924|entry=SET1B_HUMAN|source=pfam27|protein_name=Histone-lysine,SEG,1175,1198,24,ncRNA,distal_terminal,acidic_region,Q9UPS6|ensembl_protein_id=ENSP00000442924|entry=SET1B_HUMAN|source=pfam27|protein_name=Histone-lysine,,,,,,,,,,,,,,,,,,,,,,,,,,,,,,,,,
Q9UPS6|ensembl_protein_id=ENSP00000442924|entry=SET1B_HUMAN|source=pfam27|protein_name=Histone-lysine,SEG,1316,1340,25,ncRNA,distal_terminal,disorder_rich_spacer_region,Q9UPS6|ensembl_protein_id=ENSP00000442924|entry=SET1B_HUMAN|source=pfam27|protein_name=Histone-lysine,,,,,,,,,,,,,,,,,,,,,,,,,,,,,,,,,
Q9UPS6|ensembl_protein_id=ENSP00000442924|entry=SET1B_HUMAN|source=pfam27|protein_name=Histone-lysine,SEG,1471,1487,17,ncRNA,distal_terminal,proline_rich_disordered_region,Q9UPS6|ensembl_protein_id=ENSP00000442924|entry=SET1B_HUMAN|source=pfam27|protein_name=Histone-lysine,,,,,,,,,,,,,,,,,,,,,,,,,,,,,,,,,
Q9UPS6|ensembl_protein_id=ENSP00000442924|entry=SET1B_HUMAN|source=pfam27|protein_name=Histone-lysine,SEG,1579,1600,22,ncRNA,distal_terminal,disorder_rich_spacer_region,Q9UPS6|ensembl_protein_id=ENSP00000442924|entry=SET1B_HUMAN|source=pfam27|protein_name=Histone-lysine,,,,,,,,,,,,,,,,,,,,,,,,,,,,,,,,,
P56270|ensembl_protein_id=ENSP00000443956|entry=MAZ_HUMAN|source=pfam27|protein_name=Myc-associated,SEG,89,118,30,unknown,distal_terminal,disorder_rich_spacer_region,P56270|ensembl_protein_id=ENSP00000443956|entry=MAZ_HUMAN|source=pfam27|protein_name=Myc-associated,,,,,,,,,,,,,,,,,,,,,,,,,,,,,,,,,
P56270|ensembl_protein_id=ENSP00000443956|entry=MAZ_HUMAN|source=pfam27|protein_name=Myc-associated,SEG,129,146,18,unknown,distal_terminal,disorder_rich_spacer_region,P56270|ensembl_protein_id=ENSP00000443956|entry=MAZ_HUMAN|source=pfam27|protein_name=Myc-associated,,,,,,,,,,,,,,,,,,,,,,,,,,,,,,,,,
P56270|ensembl_protein_id=ENSP00000443956|entry=MAZ_HUMAN|source=pfam27|protein_name=Myc-associated,SEG,242,265,24,unknown,distal_terminal,disorder_rich_spacer_region,P56270|ensembl_protein_id=ENSP00000443956|entry=MAZ_HUMAN|source=pfam27|protein_name=Myc-associated,,,,,,,,,,,,,,,,,,,,,,,,,,,,,,,,,
P56270|ensembl_protein_id=ENSP00000443956|entry=MAZ_HUMAN|source=pfam27|protein_name=Myc-associated,SEG,434,450,17,unknown,distal_terminal,disorder_rich_spacer_region,P56270|ensembl_protein_id=ENSP00000443956|entry=MAZ_HUMAN|source=pfam27|protein_name=Myc-associated,,,,,,,,,,,,,,,,,,,,,,,,,,,,,,,,,
Q7Z5Q1|ensembl_protein_id=ENSP00000443985|entry=CPEB2_HUMAN|source=pfam38|protein_name=Cytoplasmic,SEG,70,84,15,mRNA,distal_terminal,disorder_rich_spacer_region,Q7Z5Q1|ensembl_protein_id=ENSP00000443985|entry=CPEB2_HUMAN|source=pfam38|protein_name=Cytoplasmic,,,,,,,,,,,,,,,,,,,,,,,,,,,,,,,,,
Q9NP64|ensembl_protein_id=ENSP00000444742|entry=ZCC17_HUMAN|source=pfam27|protein_name=Zinc,SEG,223,239,17,unknown,distal_terminal,basic_enriched_region,Q9NP64|ensembl_protein_id=ENSP00000444742|entry=ZCC17_HUMAN|source=pfam27|protein_name=Zinc,,,,,,,,,,,,,,,,,,,,,,,,,,,,,,,,,
Q5JTH9|ensembl_protein_id=ENSP00000446184|entry=RRP12_HUMAN|source=pfam27|protein_name=RRP12-like,SEG,1053,1063,11,pre-rRNA,distal_terminal,acidic_region,Q5JTH9|ensembl_protein_id=ENSP00000446184|entry=RRP12_HUMAN|source=pfam27|protein_name=RRP12-like,,,,,,,,,,,,,,,,,,,,,,,,,,,,,,,,,
F8VU11|ensembl_protein_id=ENSP00000448073|entry=F8VU11_HUMAN|source=pfam27|protein_name=Pre-mRNA-processing,SEG,15,32,18,snRNA,unclassified_no_pfam,aromatic_sticker_region,F8VU11|ensembl_protein_id=ENSP00000448073|entry=F8VU11_HUMAN|source=pfam27|protein_name=Pre-mRNA-processing,,,,,,,,,,,,,,,,,,,,,,,,,,,,,,,,,
F8VU11|ensembl_protein_id=ENSP00000448073|entry=F8VU11_HUMAN|source=pfam27|protein_name=Pre-mRNA-processing,SEG,212,229,18,snRNA,unclassified_no_pfam,disorder_rich_spacer_region,F8VU11|ensembl_protein_id=ENSP00000448073|entry=F8VU11_HUMAN|source=pfam27|protein_name=Pre-mRNA-processing,,,,,,,,,,,,,,,,,,,,,,,,,,,,,,,,,
Q13243|ensembl_protein_id=ENSP00000451391|entry=SRSF5_HUMAN|source=pfam27|protein_name=Serine/arginine-rich,SEG,183,232,50,mRNA,domain_adjacent,sr_rs_repeat_region,Q13243|ensembl_protein_id=ENSP00000451391|entry=SRSF5_HUMAN|source=pfam27|protein_name=Serine/arginine-rich,,,,,,,,,,,,,,,,,,,,,,,,,,,,,,,,,
Q9HCK8|ensembl_protein_id=ENSP00000451601|entry=CHD8_HUMAN|source=pfam38|protein_name=ATP-dependent,SEG,2078,2093,16,mRNA,interdomain_linker,disorder_rich_spacer_region,Q9HCK8|ensembl_protein_id=ENSP00000451601|entry=CHD8_HUMAN|source=pfam38|protein_name=ATP-dependent,,,,,,,,,,,,,,,,,,,,,,,,,,,,,,,,,
Q9HCK8|ensembl_protein_id=ENSP00000451601|entry=CHD8_HUMAN|source=pfam38|protein_name=ATP-dependent,SEG,2492,2508,17,mRNA,distal_terminal,aromatic_aggregation_prone_region,Q9HCK8|ensembl_protein_id=ENSP00000451601|entry=CHD8_HUMAN|source=pfam38|protein_name=ATP-dependent,,,,,,,,,,,,,,,,,,,,,,,,,,,,,,,,,
Q9H6T0|ensembl_protein_id=ENSP00000454554|entry=ESRP2_HUMAN|source=pfam27|protein_name=Epithelial,SEG,2,22,21,mRNA,distal_terminal,disorder_rich_spacer_region,Q9H6T0|ensembl_protein_id=ENSP00000454554|entry=ESRP2_HUMAN|source=pfam27|protein_name=Epithelial,,,,,,,,,,,,,,,,,,,,,,,,,,,,,,,,,
H3BPE7|ensembl_protein_id=ENSP00000455282|entry=H3BPE7_HUMAN|source=pfam27|protein_name=RNA-binding,SEG,162,174,13,mRNA,distal_terminal,gs_rich_neutral_region,H3BPE7|ensembl_protein_id=ENSP00000455282|entry=H3BPE7_HUMAN|source=pfam27|protein_name=RNA-binding,,,,,,,,,,,,,,,,,,,,,,,,,,,,,,,,,
H3BPE7|ensembl_protein_id=ENSP00000455282|entry=H3BPE7_HUMAN|source=pfam27|protein_name=RNA-binding,SEG,212,237,26,mRNA,domain_adjacent,rg_rgg_repeat_region,H3BPE7|ensembl_protein_id=ENSP00000455282|entry=H3BPE7_HUMAN|source=pfam27|protein_name=RNA-binding,,,,,,,,,,,,,,,,,,,,,,,,,,,,,,,,,
H3BPE7|ensembl_protein_id=ENSP00000455282|entry=H3BPE7_HUMAN|source=pfam27|protein_name=RNA-binding,SEG,236,260,25,mRNA,domain_adjacent,rg_rgg_repeat_region,H3BPE7|ensembl_protein_id=ENSP00000455282|entry=H3BPE7_HUMAN|source=pfam27|protein_name=RNA-binding,,,,,,,,,,,,,,,,,,,,,,,,,,,,,,,,,
H3BPE7|ensembl_protein_id=ENSP00000455282|entry=H3BPE7_HUMAN|source=pfam27|protein_name=RNA-binding,SEG,377,401,25,mRNA,interdomain_linker,rg_rgg_repeat_region,H3BPE7|ensembl_protein_id=ENSP00000455282|entry=H3BPE7_HUMAN|source=pfam27|protein_name=RNA-binding,,,,,,,,,,,,,,,,,,,,,,,,,,,,,,,,,
H3BPE7|ensembl_protein_id=ENSP00000455282|entry=H3BPE7_HUMAN|source=pfam27|protein_name=RNA-binding,SEG,389,419,31,mRNA,interdomain_linker,cation_pi_rich_neighborhood,H3BPE7|ensembl_protein_id=ENSP00000455282|entry=H3BPE7_HUMAN|source=pfam27|protein_name=RNA-binding,,,,,,,,,,,,,,,,,,,,,,,,,,,,,,,,,
H3BPE7|ensembl_protein_id=ENSP00000455282|entry=H3BPE7_HUMAN|source=pfam27|protein_name=RNA-binding,SEG,485,507,23,mRNA,domain_adjacent,rg_rgg_repeat_region,H3BPE7|ensembl_protein_id=ENSP00000455282|entry=H3BPE7_HUMAN|source=pfam27|protein_name=RNA-binding,,,,,,,,,,,,,,,,,,,,,,,,,,,,,,,,,
J3QL05|ensembl_protein_id=ENSP00000463317|entry=J3QL05_HUMAN|source=pfam27|protein_name=Serine/arginine-rich,SEG,100,129,30,mRNA,domain_adjacent,sr_rs_repeat_region,J3QL05|ensembl_protein_id=ENSP00000463317|entry=J3QL05_HUMAN|source=pfam27|protein_name=Serine/arginine-rich,,,,,,,,,,,,,,,,,,,,,,,,,,,,,,,,,
Q9C0B9|ensembl_protein_id=ENSP00000464791|entry=ZCHC2_HUMAN|source=pfam27|protein_name=Zinc,SEG,71,87,17,unknown,domain_adjacent,disorder_rich_spacer_region,Q9C0B9|ensembl_protein_id=ENSP00000464791|entry=ZCHC2_HUMAN|source=pfam27|protein_name=Zinc,,,,,,,,,,,,,,,,,,,,,,,,,,,,,,,,,
Q15029|ensembl_protein_id=ENSP00000465058|entry=U5S1_HUMAN|source=pfam27|protein_name=116,SEG,31,50,20,tRNA,distal_terminal,acidic_region,Q15029|ensembl_protein_id=ENSP00000465058|entry=U5S1_HUMAN|source=pfam27|protein_name=116,,,,,,,,,,,,,,,,,,,,,,,,,,,,,,,,,
K7EJB9|ensembl_protein_id=ENSP00000465105|entry=K7EJB9_HUMAN|source=pfam27|protein_name=Calreticulin,SEG,308,339,32,mRNA,distal_terminal,acidic_region,K7EJB9|ensembl_protein_id=ENSP00000465105|entry=K7EJB9_HUMAN|source=pfam27|protein_name=Calreticulin,,,,,,,,,,,,,,,,,,,,,,,,,,,,,,,,,
D6W5Y5|ensembl_protein_id=ENSP00000465558|entry=D6W5Y5_HUMAN|source=pfam27;pfam38|protein_name=Cold-inducible,SEG,98,118,21,mRNA,domain_adjacent,rg_rgg_repeat_region,D6W5Y5|ensembl_protein_id=ENSP00000465558|entry=D6W5Y5_HUMAN|source=pfam27;pfam38|protein_name=Cold-inducible,,,,,,,,,,,,,,,,,,,,,,,,,,,,,,,,,
Q9UKJ3|ensembl_protein_id=ENSP00000467556|entry=GPTC8_HUMAN|source=pfam27;pfam38|protein_name=G,SEG,670,691,22,unknown,distal_terminal,basic_enriched_region,Q9UKJ3|ensembl_protein_id=ENSP00000467556|entry=GPTC8_HUMAN|source=pfam27;pfam38|protein_name=G,,,,,,,,,,,,,,,,,,,,,,,,,,,,,,,,,
O00267|ensembl_protein_id=ENSP00000469090|entry=SPT5H_HUMAN|source=pfam27|protein_name=Transcription,SEG,36,63,28,mRNA,distal_terminal,acidic_region,O00267|ensembl_protein_id=ENSP00000469090|entry=SPT5H_HUMAN|source=pfam27|protein_name=Transcription,,,,,,,,,,,,,,,,,,,,,,,,,,,,,,,,,
M0QY97|ensembl_protein_id=ENSP00000469684|entry=M0QY97_HUMAN|source=pfam27|protein_name=Zinc,SEG,226,250,25,unknown,distal_terminal,disorder_rich_spacer_region,M0QY97|ensembl_protein_id=ENSP00000469684|entry=M0QY97_HUMAN|source=pfam27|protein_name=Zinc,,,,,,,,,,,,,,,,,,,,,,,,,,,,,,,,,
M0R1H0|ensembl_protein_id=ENSP00000471867|entry=M0R1H0_HUMAN|source=pfam27|protein_name=Fibrillarin,SEG,7,50,44,snoRNA,domain_adjacent,rg_rgg_repeat_region,M0R1H0|ensembl_protein_id=ENSP00000471867|entry=M0R1H0_HUMAN|source=pfam27|protein_name=Fibrillarin,,,,,,,,,,,,,,,,,,,,,,,,,,,,,,,,,
Q9NW07|ensembl_protein_id=ENSP00000472305|entry=ZN358_HUMAN|source=pfam38|protein_name=Zinc,SEG,399,415,17,unknown,domain_adjacent,disorder_rich_spacer_region,Q9NW07|ensembl_protein_id=ENSP00000472305|entry=ZN358_HUMAN|source=pfam38|protein_name=Zinc,,,,,,,,,,,,,,,,,,,,,,,,,,,,,,,,,
P08621|ensembl_protein_id=ENSP00000472998|entry=RU17_HUMAN|source=pfam27|protein_name=U1,SEG,250,269,20,snRNA,distal_terminal,sr_rs_repeat_region,P08621|ensembl_protein_id=ENSP00000472998|entry=RU17_HUMAN|source=pfam27|protein_name=U1,,,,,,,,,,,,,,,,,,,,,,,,,,,,,,,,,
P08621|ensembl_protein_id=ENSP00000472998|entry=RU17_HUMAN|source=pfam27|protein_name=U1,SEG,360,376,17,snRNA,distal_terminal,arginine_rich_rna_contact_region,P08621|ensembl_protein_id=ENSP00000472998|entry=RU17_HUMAN|source=pfam27|protein_name=U1,,,,,,,,,,,,,,,,,,,,,,,,,,,,,,,,,
A6NHQ2|ensembl_protein_id=ENSP00000473383|entry=FBLL1_HUMAN|source=pfam27|protein_name=RNA,SEG,8,50,43,snoRNA,domain_adjacent,cation_pi_rich_neighborhood,A6NHQ2|ensembl_protein_id=ENSP00000473383|entry=FBLL1_HUMAN|source=pfam27|protein_name=RNA,,,,,,,,,,,,,,,,,,,,,,,,,,,,,,,,,
A6NHQ2|ensembl_protein_id=ENSP00000473383|entry=FBLL1_HUMAN|source=pfam27|protein_name=RNA,SEG,47,77,31,snoRNA,domain_adjacent,rg_rgg_repeat_region,A6NHQ2|ensembl_protein_id=ENSP00000473383|entry=FBLL1_HUMAN|source=pfam27|protein_name=RNA,,,,,,,,,,,,,,,,,,,,,,,,,,,,,,,,,
A6NFI3|ensembl_protein_id=ENSP00000477706|entry=ZN316_HUMAN|source=pfam38|protein_name=Zinc,SEG,27,49,23,unknown,distal_terminal,acidic_region,A6NFI3|ensembl_protein_id=ENSP00000477706|entry=ZN316_HUMAN|source=pfam38|protein_name=Zinc,,,,,,,,,,,,,,,,,,,,,,,,,,,,,,,,,
A6NFI3|ensembl_protein_id=ENSP00000477706|entry=ZN316_HUMAN|source=pfam38|protein_name=Zinc,SEG,38,62,25,unknown,distal_terminal,acidic_region,A6NFI3|ensembl_protein_id=ENSP00000477706|entry=ZN316_HUMAN|source=pfam38|protein_name=Zinc,,,,,,,,,,,,,,,,,,,,,,,,,,,,,,,,,
A6NFI3|ensembl_protein_id=ENSP00000477706|entry=ZN316_HUMAN|source=pfam38|protein_name=Zinc,SEG,130,149,20,unknown,distal_terminal,acidic_region,A6NFI3|ensembl_protein_id=ENSP00000477706|entry=ZN316_HUMAN|source=pfam38|protein_name=Zinc,,,,,,,,,,,,,,,,,,,,,,,,,,,,,,,,,
A0A087WVF4|ensembl_protein_id=ENSP00000479403|entry=A0A087WVF4_HUMAN|source=pfam38|protein_name=Chromodomain,SEG,19,57,39,unknown,distal_terminal,gs_rich_neutral_region,A0A087WVF4|ensembl_protein_id=ENSP00000479403|entry=A0A087WVF4_HUMAN|source=pfam38|protein_name=Chromodomain,,,,,,,,,,,,,,,,,,,,,,,,,,,,,,,,,
A0A087WVF4|ensembl_protein_id=ENSP00000479403|entry=A0A087WVF4_HUMAN|source=pfam38|protein_name=Chromodomain,SEG,121,137,17,unknown,distal_terminal,acidic_region,A0A087WVF4|ensembl_protein_id=ENSP00000479403|entry=A0A087WVF4_HUMAN|source=pfam38|protein_name=Chromodomain,,,,,,,,,,,,,,,,,,,,,,,,,,,,,,,,,
A0A0D9SF53|ensembl_protein_id=ENSP00000486306|entry=A0A0D9SF53_HUMAN|source=pfam38|protein_name=RNA,SEG,604,623,20,unknown,distal_terminal,polar_linker,A0A0D9SF53|ensembl_protein_id=ENSP00000486306|entry=A0A0D9SF53_HUMAN|source=pfam38|protein_name=RNA,,,,,,,,,,,,,,,,,,,,,,,,,,,,,,,,,
A0A2R8Y4L2|ensembl_protein_id=ENSP00000493805|entry=RA1L3_HUMAN|source=pfam38|protein_name=Heterogeneous,SEG,302,316,15,mRNA,domain_adjacent,gs_rich_neutral_region,A0A2R8Y4L2|ensembl_protein_id=ENSP00000493805|entry=RA1L3_HUMAN|source=pfam38|protein_name=Heterogeneous,,,,,,,,,,,,,,,,,,,,,,,,,,,,,,,,,
Q9HBD4|ensembl_protein_id=ENSP00000495368|entry=Q9HBD4_HUMAN|source=pfam38|protein_name=SWI/SNF,SEG,228,246,19,unknown,distal_terminal,disorder_rich_spacer_region,Q9HBD4|ensembl_protein_id=ENSP00000495368|entry=Q9HBD4_HUMAN|source=pfam38|protein_name=SWI/SNF,,,,,,,,,,,,,,,,,,,,,,,,,,,,,,,,,
Q9HBD4|ensembl_protein_id=ENSP00000495368|entry=Q9HBD4_HUMAN|source=pfam38|protein_name=SWI/SNF,SEG,571,592,22,unknown,domain_adjacent,basic_enriched_region,Q9HBD4|ensembl_protein_id=ENSP00000495368|entry=Q9HBD4_HUMAN|source=pfam38|protein_name=SWI/SNF,,,,,,,,,,,,,,,,,,,,,,,,,,,,,,,,,
Q9HBD4|ensembl_protein_id=ENSP00000495368|entry=Q9HBD4_HUMAN|source=pfam38|protein_name=SWI/SNF,SEG,656,671,16,unknown,interdomain_linker,acidic_region,Q9HBD4|ensembl_protein_id=ENSP00000495368|entry=Q9HBD4_HUMAN|source=pfam38|protein_name=SWI/SNF,,,,,,,,,,,,,,,,,,,,,,,,,,,,,,,,,
Q9HBD4|ensembl_protein_id=ENSP00000495368|entry=Q9HBD4_HUMAN|source=pfam38|protein_name=SWI/SNF,SEG,1598,1621,24,unknown,distal_terminal,acidic_region,Q9HBD4|ensembl_protein_id=ENSP00000495368|entry=Q9HBD4_HUMAN|source=pfam38|protein_name=SWI/SNF,,,,,,,,,,,,,,,,,,,,,,,,,,,,,,,,,
Q14839|ensembl_protein_id=ENSP00000496634|entry=CHD4_HUMAN|source=pfam38|protein_name=ATP-dependent,SEG,219,236,18,unknown,distal_terminal,disorder_rich_spacer_region,Q14839|ensembl_protein_id=ENSP00000496634|entry=CHD4_HUMAN|source=pfam38|protein_name=ATP-dependent,,,,,,,,,,,,,,,,,,,,,,,,,,,,,,,,,
Q9ULG1|ensembl_protein_id=ENSP00000497609|entry=INO80_HUMAN|source=pfam38|protein_name=Chromatin-remodeling,SEG,1453,1479,27,unknown,distal_terminal,disorder_rich_spacer_region,Q9ULG1|ensembl_protein_id=ENSP00000497609|entry=INO80_HUMAN|source=pfam38|protein_name=Chromatin-remodeling,,,,,,,,,,,,,,,,,,,,,,,,,,,,,,,,,
A0A8I5KSH6|ensembl_protein_id=ENSP00000509891|entry=A0A8I5KSH6_HUMAN|source=pfam38|protein_name=ATP-dependent,SEG,629,643,15,unknown,distal_terminal,acidic_region,A0A8I5KSH6|ensembl_protein_id=ENSP00000509891|entry=A0A8I5KSH6_HUMAN|source=pfam38|protein_name=ATP-dependent,,,,,,,,,,,,,,,,,,,,,,,,,,,,,,,,,
A0A8V8TR54|ensembl_protein_id=ENSP00000515165|entry=A0A8V8TR54_HUMAN|source=pfam38|protein_name=Chromodomain,SEG,7,26,20,unknown,distal_terminal,acidic_region,A0A8V8TR54|ensembl_protein_id=ENSP00000515165|entry=A0A8V8TR54_HUMAN|source=pfam38|protein_name=Chromodomain,,,,,,,,,,,,,,,,,,,,,,,,,,,,,,,,,
A0A8V8TR54|ensembl_protein_id=ENSP00000515165|entry=A0A8V8TR54_HUMAN|source=pfam38|protein_name=Chromodomain,SEG,18,40,23,unknown,distal_terminal,acidic_region,A0A8V8TR54|ensembl_protein_id=ENSP00000515165|entry=A0A8V8TR54_HUMAN|source=pfam38|protein_name=Chromodomain,,,,,,,,,,,,,,,,,,,,,,,,,,,,,,,,,
A0A8V8TR54|ensembl_protein_id=ENSP00000515165|entry=A0A8V8TR54_HUMAN|source=pfam38|protein_name=Chromodomain,SEG,73,91,19,unknown,distal_terminal,disorder_rich_spacer_region,A0A8V8TR54|ensembl_protein_id=ENSP00000515165|entry=A0A8V8TR54_HUMAN|source=pfam38|protein_name=Chromodomain,,,,,,,,,,,,,,,,,,,,,,,,,,,,,,,,,
A0A8V8TR54|ensembl_protein_id=ENSP00000515165|entry=A0A8V8TR54_HUMAN|source=pfam38|protein_name=Chromodomain,SEG,264,286,23,unknown,distal_terminal,disorder_rich_spacer_region,A0A8V8TR54|ensembl_protein_id=ENSP00000515165|entry=A0A8V8TR54_HUMAN|source=pfam38|protein_name=Chromodomain,,,,,,,,,,,,,,,,,,,,,,,,,,,,,,,,,
A0A8V8TR54|ensembl_protein_id=ENSP00000515165|entry=A0A8V8TR54_HUMAN|source=pfam38|protein_name=Chromodomain,SEG,489,510,22,unknown,distal_terminal,acidic_region,A0A8V8TR54|ensembl_protein_id=ENSP00000515165|entry=A0A8V8TR54_HUMAN|source=pfam38|protein_name=Chromodomain,,,,,,,,,,,,,,,,,,,,,,,,,,,,,,,,,
A0ABB0MN55|ensembl_protein_id=ENSP00000516066|entry=A0ABB0MN55_HUMAN|source=pfam38|protein_name=Heterogeneous,SEG,197,220,24,mRNA,domain_adjacent,rg_rgg_repeat_region,A0ABB0MN55|ensembl_protein_id=ENSP00000516066|entry=A0ABB0MN55_HUMAN|source=pfam38|protein_name=Heterogeneous,,,,,,,,,,,,,,,,,,,,,,,,,,,,,,,,,
A0ABB0MN55|ensembl_protein_id=ENSP00000516066|entry=A0ABB0MN55_HUMAN|source=pfam38|protein_name=Heterogeneous,SEG,228,257,30,mRNA,distal_terminal,aromatic_sticker_region,A0ABB0MN55|ensembl_protein_id=ENSP00000516066|entry=A0ABB0MN55_HUMAN|source=pfam38|protein_name=Heterogeneous,,,,,,,,,,,,,,,,,,,,,,,,,,,,,,,,,
A0ABB0MN55|ensembl_protein_id=ENSP00000516066|entry=A0ABB0MN55_HUMAN|source=pfam38|protein_name=Heterogeneous,SEG,286,304,19,mRNA,distal_terminal,gs_rich_neutral_region,A0ABB0MN55|ensembl_protein_id=ENSP00000516066|entry=A0ABB0MN55_HUMAN|source=pfam38|protein_name=Heterogeneous,,,,,,,,,,,,,,,,,,,,,,,,,,,,,,,,,
A0ABB0MN55|ensembl_protein_id=ENSP00000516066|entry=A0ABB0MN55_HUMAN|source=pfam38|protein_name=Heterogeneous,SEG,303,320,18,mRNA,distal_terminal,gs_rich_neutral_region,A0ABB0MN55|ensembl_protein_id=ENSP00000516066|entry=A0ABB0MN55_HUMAN|source=pfam38|protein_name=Heterogeneous,,,,,,,,,,,,,,,,,,,,,,,,,,,,,,,,,
A0ABB0MV08|ensembl_protein_id=ENSP00000520548|entry=A0ABB0MV08_HUMAN|source=pfam38|protein_name=Heterogeneous,SEG,272,292,21,mRNA,interdomain_linker,aromatic_sticker_region,A0ABB0MV08|ensembl_protein_id=ENSP00000520548|entry=A0ABB0MV08_HUMAN|source=pfam38|protein_name=Heterogeneous,,,,,,,,,,,,,,,,,,,,,,,,,,,,,,,,,
A0ACI8Q806|ensembl_protein_id=ENSP00000536991|entry=A0ACI8Q806_HUMAN|source=pfam38|protein_name=Splicing,SEG,284,299,16,unknown,distal_terminal,disorder_rich_spacer_region,A0ACI8Q806|ensembl_protein_id=ENSP00000536991|entry=A0ACI8Q806_HUMAN|source=pfam38|protein_name=Splicing,,,,,,,,,,,,,,,,,,,,,,,,,,,,,,,,,
A0ACI8PX57|ensembl_protein_id=ENSP00000539612|entry=A0ACI8PX57_HUMAN|source=pfam38|protein_name=Heterogeneous,SEG,290,310,21,unknown,domain_edge,aromatic_sticker_region,A0ACI8PX57|ensembl_protein_id=ENSP00000539612|entry=A0ACI8PX57_HUMAN|source=pfam38|protein_name=Heterogeneous,,,,,,,,,,,,,,,,,,,,,,,,,,,,,,,,,
A0ACI8PX57|ensembl_protein_id=ENSP00000539612|entry=A0ACI8PX57_HUMAN|source=pfam38|protein_name=Heterogeneous,SEG,359,374,16,unknown,domain_adjacent,gs_rich_neutral_region,A0ACI8PX57|ensembl_protein_id=ENSP00000539612|entry=A0ACI8PX57_HUMAN|source=pfam38|protein_name=Heterogeneous,,,,,,,,,,,,,,,,,,,,,,,,,,,,,,,,,
A0ACI8QLY8|ensembl_protein_id=ENSP00000555178|entry=A0ACI8QLY8_HUMAN|source=pfam38|protein_name=Heterogeneous,SEG,29,45,17,unknown,domain_intrinsic,disorder_rich_spacer_region,A0ACI8QLY8|ensembl_protein_id=ENSP00000555178|entry=A0ACI8QLY8_HUMAN|source=pfam38|protein_name=Heterogeneous,,,,,,,,,,,,,,,,,,,,,,,,,,,,,,,,,
A0ACI8QLY8|ensembl_protein_id=ENSP00000555178|entry=A0ACI8QLY8_HUMAN|source=pfam38|protein_name=Heterogeneous,SEG,231,251,21,unknown,domain_adjacent,rg_rgg_repeat_region,A0ACI8QLY8|ensembl_protein_id=ENSP00000555178|entry=A0ACI8QLY8_HUMAN|source=pfam38|protein_name=Heterogeneous,,,,,,,,,,,,,,,,,,,,,,,,,,,,,,,,,
A0ACI8QUJ1|ensembl_protein_id=ENSP00000559174|entry=A0ACI8QUJ1_HUMAN|source=pfam38|protein_name=Epithelial,SEG,2,22,21,unknown,distal_terminal,disorder_rich_spacer_region,A0ACI8QUJ1|ensembl_protein_id=ENSP00000559174|entry=A0ACI8QUJ1_HUMAN|source=pfam38|protein_name=Epithelial,,,,,,,,,,,,,,,,,,,,,,,,,,,,,,,,,
A0ACI8RX58|ensembl_protein_id=ENSP00000566199|entry=A0ACI8RX58_HUMAN|source=pfam38|protein_name=Nucleolin,SEG,142,168,27,unknown,distal_terminal,acidic_region,A0ACI8RX58|ensembl_protein_id=ENSP00000566199|entry=A0ACI8RX58_HUMAN|source=pfam38|protein_name=Nucleolin,,,,,,,,,,,,,,,,,,,,,,,,,,,,,,,,,
A0ACI8RX58|ensembl_protein_id=ENSP00000566199|entry=A0ACI8RX58_HUMAN|source=pfam38|protein_name=Nucleolin,SEG,184,204,21,unknown,domain_adjacent,acidic_region,A0ACI8RX58|ensembl_protein_id=ENSP00000566199|entry=A0ACI8RX58_HUMAN|source=pfam38|protein_name=Nucleolin,,,,,,,,,,,,,,,,,,,,,,,,,,,,,,,,,
A0ACI8RX58|ensembl_protein_id=ENSP00000566199|entry=A0ACI8RX58_HUMAN|source=pfam38|protein_name=Nucleolin,SEG,273,310,38,unknown,domain_intrinsic,acidic_region,A0ACI8RX58|ensembl_protein_id=ENSP00000566199|entry=A0ACI8RX58_HUMAN|source=pfam38|protein_name=Nucleolin,,,,,,,,,,,,,,,,,,,,,,,,,,,,,,,,,
A0ACI8RX58|ensembl_protein_id=ENSP00000566199|entry=A0ACI8RX58_HUMAN|source=pfam38|protein_name=Nucleolin,SEG,690,737,48,unknown,domain_adjacent,rg_rgg_repeat_region,A0ACI8RX58|ensembl_protein_id=ENSP00000566199|entry=A0ACI8RX58_HUMAN|source=pfam38|protein_name=Nucleolin,,,,,,,,,,,,,,,,,,,,,,,,,,,,,,,,,
A0ACI8RR28|ensembl_protein_id=ENSP00000569980|entry=A0ACI8RR28_HUMAN|source=pfam38|protein_name=La,SEG,148,163,16,unknown,distal_terminal,rg_rgg_repeat_region,A0ACI8RR28|ensembl_protein_id=ENSP00000569980|entry=A0ACI8RR28_HUMAN|source=pfam38|protein_name=La,,,,,,,,,,,,,,,,,,,,,,,,,,,,,,,,,
A0ACI8QY88|ensembl_protein_id=ENSP00000573927|entry=A0ACI8QY88_HUMAN|source=pfam38|protein_name=Cytoplasmic,SEG,12,27,16,mRNA,distal_terminal,polar_linker,A0ACI8QY88|ensembl_protein_id=ENSP00000573927|entry=A0ACI8QY88_HUMAN|source=pfam38|protein_name=Cytoplasmic,,,,,,,,,,,,,,,,,,,,,,,,,,,,,,,,,
A0ACI8QY88|ensembl_protein_id=ENSP00000573927|entry=A0ACI8QY88_HUMAN|source=pfam38|protein_name=Cytoplasmic,SEG,163,188,26,mRNA,distal_terminal,disorder_rich_spacer_region,A0ACI8QY88|ensembl_protein_id=ENSP00000573927|entry=A0ACI8QY88_HUMAN|source=pfam38|protein_name=Cytoplasmic,,,,,,,,,,,,,,,,,,,,,,,,,,,,,,,,,
A0ACI8QY88|ensembl_protein_id=ENSP00000573927|entry=A0ACI8QY88_HUMAN|source=pfam38|protein_name=Cytoplasmic,SEG,220,240,21,mRNA,distal_terminal,disorder_rich_spacer_region,A0ACI8QY88|ensembl_protein_id=ENSP00000573927|entry=A0ACI8QY88_HUMAN|source=pfam38|protein_name=Cytoplasmic,,,,,,,,,,,,,,,,,,,,,,,,,,,,,,,,,
A0ACI8T9E2|ensembl_protein_id=ENSP00000595223|entry=A0ACI8T9E2_HUMAN|source=pfam38|protein_name=Heterogeneous,SEG,202,218,17,unknown,domain_adjacent,aromatic_sticker_region,A0ACI8T9E2|ensembl_protein_id=ENSP00000595223|entry=A0ACI8T9E2_HUMAN|source=pfam38|protein_name=Heterogeneous,,,,,,,,,,,,,,,,,,,,,,,,,,,,,,,,,
A0ACI8T9E2|ensembl_protein_id=ENSP00000595223|entry=A0ACI8T9E2_HUMAN|source=pfam38|protein_name=Heterogeneous,SEG,215,232,18,unknown,domain_adjacent,gs_rich_neutral_region,A0ACI8T9E2|ensembl_protein_id=ENSP00000595223|entry=A0ACI8T9E2_HUMAN|source=pfam38|protein_name=Heterogeneous,,,,,,,,,,,,,,,,,,,,,,,,,,,,,,,,,
A0ACI8TMU3|ensembl_protein_id=ENSP00000602450|entry=A0ACI8TMU3_HUMAN|source=pfam38|protein_name=DEAH-box,SEG,27,55,29,unknown,distal_terminal,disorder_rich_spacer_region,A0ACI8TMU3|ensembl_protein_id=ENSP00000602450|entry=A0ACI8TMU3_HUMAN|source=pfam38|protein_name=DEAH-box,,,,,,,,,,,,,,,,,,,,,,,,,,,,,,,,,
A0ACI8TSY6|ensembl_protein_id=ENSP00000605202|entry=A0ACI8TSY6_HUMAN|source=pfam38|protein_name=YTH,SEG,13,30,18,unknown,domain_adjacent,disorder_rich_spacer_region,A0ACI8TSY6|ensembl_protein_id=ENSP00000605202|entry=A0ACI8TSY6_HUMAN|source=pfam38|protein_name=YTH,,,,,,,,,,,,,,,,,,,,,,,,,,,,,,,,,
A0ACI8TXE9|ensembl_protein_id=ENSP00000606511|entry=A0ACI8TXE9_HUMAN|source=pfam38|protein_name=BLM,SEG,551,565,15,unknown,interdomain_linker,acidic_region,A0ACI8TXE9|ensembl_protein_id=ENSP00000606511|entry=A0ACI8TXE9_HUMAN|source=pfam38|protein_name=BLM,,,,,,,,,,,,,,,,,,,,,,,,,,,,,,,,,
A0ACI8U1B9|ensembl_protein_id=ENSP00000608475|entry=A0ACI8U1B9_HUMAN|source=pfam38|protein_name=Interleukin,SEG,700,726,27,unknown,distal_terminal,gs_rich_neutral_region,A0ACI8U1B9|ensembl_protein_id=ENSP00000608475|entry=A0ACI8U1B9_HUMAN|source=pfam38|protein_name=Interleukin,,,,,,,,,,,,,,,,,,,,,,,,,,,,,,,,,
A0ACI8U1B9|ensembl_protein_id=ENSP00000608475|entry=A0ACI8U1B9_HUMAN|source=pfam38|protein_name=Interleukin,SEG,838,853,16,unknown,distal_terminal,gs_rich_neutral_region,A0ACI8U1B9|ensembl_protein_id=ENSP00000608475|entry=A0ACI8U1B9_HUMAN|source=pfam38|protein_name=Interleukin,,,,,,,,,,,,,,,,,,,,,,,,,,,,,,,,,
A0ACI8UMC2|ensembl_protein_id=ENSP00000621520|entry=A0ACI8UMC2_HUMAN|source=pfam38|protein_name=VPS41,SEG,10,26,17,unknown,unclassified_no_pfam,acidic_region,A0ACI8UMC2|ensembl_protein_id=ENSP00000621520|entry=A0ACI8UMC2_HUMAN|source=pfam38|protein_name=VPS41,,,,,,,,,,,,,,,,,,,,,,,,,,,,,,,,,
A0ACI8VCM9|ensembl_protein_id=ENSP00000633500|entry=A0ACI8VCM9_HUMAN|source=pfam38|protein_name=Zinc,SEG,71,87,17,unknown,domain_adjacent,disorder_rich_spacer_region,A0ACI8VCM9|ensembl_protein_id=ENSP00000633500|entry=A0ACI8VCM9_HUMAN|source=pfam38|protein_name=Zinc,,,,,,,,,,,,,,,,,,,,,,,,,,,,,,,,,
A0ACI8VQD2|ensembl_protein_id=ENSP00000640467|entry=A0ACI8VQD2_HUMAN|source=pfam38|protein_name=RNA,SEG,713,724,12,unknown,interdomain_linker,acidic_region,A0ACI8VQD2|ensembl_protein_id=ENSP00000640467|entry=A0ACI8VQD2_HUMAN|source=pfam38|protein_name=RNA,,,,,,,,,,,,,,,,,,,,,,,,,,,,,,,,,
A0ACI8VSD4|ensembl_protein_id=ENSP00000641622|entry=A0ACI8VSD4_HUMAN|source=pfam38|protein_name=Decapping,SEG,251,260,10,mRNA,interdomain_linker,aromatic_sticker_region,A0ACI8VSD4|ensembl_protein_id=ENSP00000641622|entry=A0ACI8VSD4_HUMAN|source=pfam38|protein_name=Decapping,,,,,,,,,,,,,,,,,,,,,,,,,,,,,,,,,
O43251|ensembl_protein_id=ENSP00000262829|entry=RFOX2_HUMAN|source=rbpdb|protein_name=RNA,SEG,333,347,15,mRNA,domain_intrinsic,disorder_rich_spacer_region,O43251|ensembl_protein_id=ENSP00000262829|entry=RFOX2_HUMAN|source=rbpdb|protein_name=RNA,,,,,,,,,,,,,,,,,,,,,,,,,,,,,,,,,
P09651|ensembl_protein_id=ENSP00000341826|entry=ROA1_HUMAN|source=rbpdb|protein_name=Heterogeneous,SEG,290,310,21,mRNA,domain_edge,aromatic_sticker_region,P09651|ensembl_protein_id=ENSP00000341826|entry=ROA1_HUMAN|source=rbpdb|protein_name=Heterogeneous,,,,,,,,,,,,,,,,,,,,,,,,,,,,,,,,,
P09651|ensembl_protein_id=ENSP00000341826|entry=ROA1_HUMAN|source=rbpdb|protein_name=Heterogeneous,SEG,354,368,15,mRNA,domain_adjacent,gs_rich_neutral_region,P09651|ensembl_protein_id=ENSP00000341826|entry=ROA1_HUMAN|source=rbpdb|protein_name=Heterogeneous,,,,,,,,,,,,,,,,,,,,,,,,,,,,,,,,,
P18615|ensembl_protein_id=ENSP00000364574|entry=NELFE_HUMAN|source=rbpdb|protein_name=Negative,SEG,195,242,48,mRNA,domain_adjacent,unmapped_physicochemical_properties,P18615|ensembl_protein_id=ENSP00000364574|entry=NELFE_HUMAN|source=rbpdb|protein_name=Negative,,,,,,,,,,,,,,,,,,,,,,,,,,,,,,,,,
P22087|ensembl_protein_id=ENSP00000221801|entry=FBRL_HUMAN|source=modomics|protein_name=rRNA,SEG,7,63,57,snRNA,domain_adjacent,rg_rgg_repeat_region,P22087|ensembl_protein_id=ENSP00000221801|entry=FBRL_HUMAN|source=modomics|protein_name=rRNA,,,,,,,,,,,,,,,,,,,,,,,,,,,,,,,,,
P26651|ensembl_protein_id=ENSP00000469647|entry=TTP_HUMAN|source=rbpdb|protein_name=mRNA,SEG,205,221,17,mRNA,domain_adjacent,polar_linker,P26651|ensembl_protein_id=ENSP00000469647|entry=TTP_HUMAN|source=rbpdb|protein_name=mRNA,,,,,,,,,,,,,,,,,,,,,,,,,,,,,,,,,
P29558|ensembl_protein_id=ENSP00000294904|entry=RBMS1_HUMAN|source=rbpdb|protein_name=RNA-binding,SEG,36,53,18,mRNA,domain_adjacent,disorder_rich_spacer_region,P29558|ensembl_protein_id=ENSP00000294904|entry=RBMS1_HUMAN|source=rbpdb|protein_name=RNA-binding,,,,,,,,,,,,,,,,,,,,,,,,,,,,,,,,,
P35637|ensembl_protein_id=ENSP00000254108|entry=FUS_HUMAN|source=rbpdb|protein_name=RNA-binding,SEG,162,174,13,mRNA,distal_terminal,gs_rich_neutral_region,P35637|ensembl_protein_id=ENSP00000254108|entry=FUS_HUMAN|source=rbpdb|protein_name=RNA-binding,,,,,,,,,,,,,,,,,,,,,,,,,,,,,,,,,
P35637|ensembl_protein_id=ENSP00000254108|entry=FUS_HUMAN|source=rbpdb|protein_name=RNA-binding,SEG,212,237,26,mRNA,domain_adjacent,rg_rgg_repeat_region,P35637|ensembl_protein_id=ENSP00000254108|entry=FUS_HUMAN|source=rbpdb|protein_name=RNA-binding,,,,,,,,,,,,,,,,,,,,,,,,,,,,,,,,,
P35637|ensembl_protein_id=ENSP00000254108|entry=FUS_HUMAN|source=rbpdb|protein_name=RNA-binding,SEG,236,260,25,mRNA,domain_adjacent,rg_rgg_repeat_region,P35637|ensembl_protein_id=ENSP00000254108|entry=FUS_HUMAN|source=rbpdb|protein_name=RNA-binding,,,,,,,,,,,,,,,,,,,,,,,,,,,,,,,,,
P35637|ensembl_protein_id=ENSP00000254108|entry=FUS_HUMAN|source=rbpdb|protein_name=RNA-binding,SEG,376,400,25,mRNA,interdomain_linker,rg_rgg_repeat_region,P35637|ensembl_protein_id=ENSP00000254108|entry=FUS_HUMAN|source=rbpdb|protein_name=RNA-binding,,,,,,,,,,,,,,,,,,,,,,,,,,,,,,,,,
P35637|ensembl_protein_id=ENSP00000254108|entry=FUS_HUMAN|source=rbpdb|protein_name=RNA-binding,SEG,388,418,31,mRNA,interdomain_linker,cation_pi_rich_neighborhood,P35637|ensembl_protein_id=ENSP00000254108|entry=FUS_HUMAN|source=rbpdb|protein_name=RNA-binding,,,,,,,,,,,,,,,,,,,,,,,,,,,,,,,,,
P35637|ensembl_protein_id=ENSP00000254108|entry=FUS_HUMAN|source=rbpdb|protein_name=RNA-binding,SEG,484,506,23,mRNA,domain_adjacent,rg_rgg_repeat_region,P35637|ensembl_protein_id=ENSP00000254108|entry=FUS_HUMAN|source=rbpdb|protein_name=RNA-binding,,,,,,,,,,,,,,,,,,,,,,,,,,,,,,,,,
P84103|ensembl_protein_id=ENSP00000362820|entry=SRSF3_HUMAN|source=rbpdb|protein_name=Serine/arginine-rich,SEG,104,119,16,mRNA,domain_adjacent,arginine_rich_rna_contact_region,P84103|ensembl_protein_id=ENSP00000362820|entry=SRSF3_HUMAN|source=rbpdb|protein_name=Serine/arginine-rich,,,,,,,,,,,,,,,,,,,,,,,,,,,,,,,,,
Q01130|ensembl_protein_id=ENSP00000353089|entry=SRSF2_HUMAN|source=rbpdb|protein_name=Serine/arginine-rich,SEG,116,151,36,mRNA,domain_adjacent,sr_rs_repeat_region,Q01130|ensembl_protein_id=ENSP00000353089|entry=SRSF2_HUMAN|source=rbpdb|protein_name=Serine/arginine-rich,,,,,,,,,,,,,,,,,,,,,,,,,,,,,,,,,
Q01130|ensembl_protein_id=ENSP00000353089|entry=SRSF2_HUMAN|source=rbpdb|protein_name=Serine/arginine-rich,SEG,166,195,30,mRNA,distal_terminal,sr_rs_repeat_region,Q01130|ensembl_protein_id=ENSP00000353089|entry=SRSF2_HUMAN|source=rbpdb|protein_name=Serine/arginine-rich,,,,,,,,,,,,,,,,,,,,,,,,,,,,,,,,,
Q01844|ensembl_protein_id=ENSP00000327456|entry=EWS_HUMAN|source=rbpdb|protein_name=RNA-binding,SEG,308,325,18,unknown,domain_adjacent,rg_rgg_repeat_region,Q01844|ensembl_protein_id=ENSP00000327456|entry=EWS_HUMAN|source=rbpdb|protein_name=RNA-binding,,,,,,,,,,,,,,,,,,,,,,,,,,,,,,,,,
Q01844|ensembl_protein_id=ENSP00000327456|entry=EWS_HUMAN|source=rbpdb|protein_name=RNA-binding,SEG,466,491,26,unknown,interdomain_linker,disorder_rich_spacer_region,Q01844|ensembl_protein_id=ENSP00000327456|entry=EWS_HUMAN|source=rbpdb|protein_name=RNA-binding,,,,,,,,,,,,,,,,,,,,,,,,,,,,,,,,,
Q01844|ensembl_protein_id=ENSP00000327456|entry=EWS_HUMAN|source=rbpdb|protein_name=RNA-binding,SEG,559,576,18,unknown,domain_adjacent,rg_rgg_repeat_region,Q01844|ensembl_protein_id=ENSP00000327456|entry=EWS_HUMAN|source=rbpdb|protein_name=RNA-binding,,,,,,,,,,,,,,,,,,,,,,,,,,,,,,,,,
Q01844|ensembl_protein_id=ENSP00000327456|entry=EWS_HUMAN|source=rbpdb|protein_name=RNA-binding,SEG,587,603,17,unknown,domain_adjacent,rg_rgg_repeat_region,Q01844|ensembl_protein_id=ENSP00000327456|entry=EWS_HUMAN|source=rbpdb|protein_name=RNA-binding,,,,,,,,,,,,,,,,,,,,,,,,,,,,,,,,,
Q05519|ensembl_protein_id=ENSP00000359987|entry=SRS11_HUMAN|source=rbpdb|protein_name=Serine/arginine-rich,SEG,11,30,20,mRNA,domain_adjacent,disorder_rich_spacer_region,Q05519|ensembl_protein_id=ENSP00000359987|entry=SRS11_HUMAN|source=rbpdb|protein_name=Serine/arginine-rich,,,,,,,,,,,,,,,,,,,,,,,,,,,,,,,,,
Q05519|ensembl_protein_id=ENSP00000359987|entry=SRS11_HUMAN|source=rbpdb|protein_name=Serine/arginine-rich,SEG,245,258,14,mRNA,distal_terminal,sr_rs_repeat_region,Q05519|ensembl_protein_id=ENSP00000359987|entry=SRS11_HUMAN|source=rbpdb|protein_name=Serine/arginine-rich,,,,,,,,,,,,,,,,,,,,,,,,,,,,,,,,,
Q05519|ensembl_protein_id=ENSP00000359987|entry=SRS11_HUMAN|source=rbpdb|protein_name=Serine/arginine-rich,SEG,261,288,28,mRNA,distal_terminal,sr_rs_repeat_region,Q05519|ensembl_protein_id=ENSP00000359987|entry=SRS11_HUMAN|source=rbpdb|protein_name=Serine/arginine-rich,,,,,,,,,,,,,,,,,,,,,,,,,,,,,,,,,
Q05519|ensembl_protein_id=ENSP00000359987|entry=SRS11_HUMAN|source=rbpdb|protein_name=Serine/arginine-rich,SEG,332,349,18,mRNA,distal_terminal,sr_rs_repeat_region,Q05519|ensembl_protein_id=ENSP00000359987|entry=SRS11_HUMAN|source=rbpdb|protein_name=Serine/arginine-rich,,,,,,,,,,,,,,,,,,,,,,,,,,,,,,,,,
Q14011|ensembl_protein_id=ENSP00000322887|entry=CIRBP_HUMAN|source=rbpdb|protein_name=Cold-inducible,SEG,98,118,21,mRNA,domain_adjacent,rg_rgg_repeat_region,Q14011|ensembl_protein_id=ENSP00000322887|entry=CIRBP_HUMAN|source=rbpdb|protein_name=Cold-inducible,,,,,,,,,,,,,,,,,,,,,,,,,,,,,,,,,
Q14671|ensembl_protein_id=ENSP00000257075|entry=PUM1_HUMAN|source=rbpdb|protein_name=Pumilio,SEG,589,610,22,mRNA,distal_terminal,disorder_rich_spacer_region,Q14671|ensembl_protein_id=ENSP00000257075|entry=PUM1_HUMAN|source=rbpdb|protein_name=Pumilio,,,,,,,,,,,,,,,,,,,,,,,,,,,,,,,,,
Q15459|ensembl_protein_id=ENSP00000215793|entry=SF3A1_HUMAN|source=rbpdb|protein_name=Splicing,SEG,253,267,15,snRNA,domain_intrinsic,acidic_region,Q15459|ensembl_protein_id=ENSP00000215793|entry=SF3A1_HUMAN|source=rbpdb|protein_name=Splicing,,,,,,,,,,,,,,,,,,,,,,,,,,,,,,,,,
Q16629|ensembl_protein_id=ENSP00000325905|entry=SRSF7_HUMAN|source=rbpdb|protein_name=Serine/arginine-rich,SEG,120,141,22,mRNA,domain_adjacent,sr_rs_repeat_region,Q16629|ensembl_protein_id=ENSP00000325905|entry=SRSF7_HUMAN|source=rbpdb|protein_name=Serine/arginine-rich,,,,,,,,,,,,,,,,,,,,,,,,,,,,,,,,,
Q5VV67|ensembl_protein_id=ENSP00000278070|entry=PPRC1_HUMAN|source=rbpdb|protein_name=Peroxisome,SEG,1440,1456,17,mRNA,distal_terminal,sr_rs_repeat_region,Q5VV67|ensembl_protein_id=ENSP00000278070|entry=PPRC1_HUMAN|source=rbpdb|protein_name=Peroxisome,,,,,,,,,,,,,,,,,,,,,,,,,,,,,,,,,
Q5VV67|ensembl_protein_id=ENSP00000278070|entry=PPRC1_HUMAN|source=rbpdb|protein_name=Peroxisome,SEG,1465,1516,52,mRNA,domain_adjacent,sr_rs_repeat_region,Q5VV67|ensembl_protein_id=ENSP00000278070|entry=PPRC1_HUMAN|source=rbpdb|protein_name=Peroxisome,,,,,,,,,,,,,,,,,,,,,,,,,,,,,,,,,
Q659C4|ensembl_protein_id=ENSP00000321997|entry=LAR1B_HUMAN|source=rbpdb|protein_name=La-related,SEG,148,163,16,mRNA,distal_terminal,rg_rgg_repeat_region,Q659C4|ensembl_protein_id=ENSP00000321997|entry=LAR1B_HUMAN|source=rbpdb|protein_name=La-related,,,,,,,,,,,,,,,,,,,,,,,,,,,,,,,,,
Q69YN4|ensembl_protein_id=ENSP00000297591|entry=VIR_HUMAN|source=modomics|protein_name=Protein,SEG,138,152,15,mRNA,unclassified_no_pfam,disorder_rich_spacer_region,Q69YN4|ensembl_protein_id=ENSP00000297591|entry=VIR_HUMAN|source=modomics|protein_name=Protein,,,,,,,,,,,,,,,,,,,,,,,,,,,,,,,,,
Q69YN4|ensembl_protein_id=ENSP00000297591|entry=VIR_HUMAN|source=modomics|protein_name=Protein,SEG,245,266,22,mRNA,unclassified_no_pfam,acidic_region,Q69YN4|ensembl_protein_id=ENSP00000297591|entry=VIR_HUMAN|source=modomics|protein_name=Protein,,,,,,,,,,,,,,,,,,,,,,,,,,,,,,,,,
Q69YN4|ensembl_protein_id=ENSP00000297591|entry=VIR_HUMAN|source=modomics|protein_name=Protein,SEG,275,296,22,mRNA,unclassified_no_pfam,acidic_region,Q69YN4|ensembl_protein_id=ENSP00000297591|entry=VIR_HUMAN|source=modomics|protein_name=Protein,,,,,,,,,,,,,,,,,,,,,,,,,,,,,,,,,
Q7Z739|ensembl_protein_id=ENSP00000473496|entry=YTHD3_HUMAN|source=rbpdb;modomics|protein_name=YTH,SEG,314,341,28,mRNA,distal_terminal,polar_linker,Q7Z739|ensembl_protein_id=ENSP00000473496|entry=YTHD3_HUMAN|source=rbpdb;modomics|protein_name=YTH,,,,,,,,,,,,,,,,,,,,,,,,,,,,,,,,,
Q86VM9|ensembl_protein_id=ENSP00000301011|entry=ZCH18_HUMAN|source=rbpdb|protein_name=Zinc,SEG,412,442,31,mRNA,distal_terminal,arginine_rich_rna_contact_region,Q86VM9|ensembl_protein_id=ENSP00000301011|entry=ZCH18_HUMAN|source=rbpdb|protein_name=Zinc,,,,,,,,,,,,,,,,,,,,,,,,,,,,,,,,,
Q86VM9|ensembl_protein_id=ENSP00000301011|entry=ZCH18_HUMAN|source=rbpdb|protein_name=Zinc,SEG,544,592,49,mRNA,distal_terminal,sr_rs_repeat_region,Q86VM9|ensembl_protein_id=ENSP00000301011|entry=ZCH18_HUMAN|source=rbpdb|protein_name=Zinc,,,,,,,,,,,,,,,,,,,,,,,,,,,,,,,,,
Q86VM9|ensembl_protein_id=ENSP00000301011|entry=ZCH18_HUMAN|source=rbpdb|protein_name=Zinc,SEG,683,705,23,mRNA,distal_terminal,gs_rich_neutral_region,Q86VM9|ensembl_protein_id=ENSP00000301011|entry=ZCH18_HUMAN|source=rbpdb|protein_name=Zinc,,,,,,,,,,,,,,,,,,,,,,,,,,,,,,,,,
Q86VM9|ensembl_protein_id=ENSP00000301011|entry=ZCH18_HUMAN|source=rbpdb|protein_name=Zinc,SEG,695,714,20,mRNA,distal_terminal,disorder_rich_spacer_region,Q86VM9|ensembl_protein_id=ENSP00000301011|entry=ZCH18_HUMAN|source=rbpdb|protein_name=Zinc,,,,,,,,,,,,,,,,,,,,,,,,,,,,,,,,,
Q86VM9|ensembl_protein_id=ENSP00000301011|entry=ZCH18_HUMAN|source=rbpdb|protein_name=Zinc,SEG,703,725,23,mRNA,distal_terminal,disorder_rich_spacer_region,Q86VM9|ensembl_protein_id=ENSP00000301011|entry=ZCH18_HUMAN|source=rbpdb|protein_name=Zinc,,,,,,,,,,,,,,,,,,,,,,,,,,,,,,,,,
Q8IX12|ensembl_protein_id=ENSP00000265872|entry=CCAR1_HUMAN|source=rbpdb|protein_name=Cell,SEG,62,82,21,mRNA,distal_terminal,disorder_rich_spacer_region,Q8IX12|ensembl_protein_id=ENSP00000265872|entry=CCAR1_HUMAN|source=rbpdb|protein_name=Cell,,,,,,,,,,,,,,,,,,,,,,,,,,,,,,,,,
Q8IX12|ensembl_protein_id=ENSP00000265872|entry=CCAR1_HUMAN|source=rbpdb|protein_name=Cell,SEG,317,332,16,mRNA,interdomain_linker,arginine_rich_rna_contact_region,Q8IX12|ensembl_protein_id=ENSP00000265872|entry=CCAR1_HUMAN|source=rbpdb|protein_name=Cell,,,,,,,,,,,,,,,,,,,,,,,,,,,,,,,,,
Q8IYB3|ensembl_protein_id=ENSP00000326261|entry=SRRM1_HUMAN|source=rbpdb|protein_name=Serine/arginine,SEG,309,330,22,mRNA,distal_terminal,arginine_rich_rna_contact_region,Q8IYB3|ensembl_protein_id=ENSP00000326261|entry=SRRM1_HUMAN|source=rbpdb|protein_name=Serine/arginine,,,,,,,,,,,,,,,,,,,,,,,,,,,,,,,,,
Q8IYB3|ensembl_protein_id=ENSP00000326261|entry=SRRM1_HUMAN|source=rbpdb|protein_name=Serine/arginine,SEG,346,368,23,mRNA,distal_terminal,arginine_rich_rna_contact_region,Q8IYB3|ensembl_protein_id=ENSP00000326261|entry=SRRM1_HUMAN|source=rbpdb|protein_name=Serine/arginine,,,,,,,,,,,,,,,,,,,,,,,,,,,,,,,,,
Q8IYB3|ensembl_protein_id=ENSP00000326261|entry=SRRM1_HUMAN|source=rbpdb|protein_name=Serine/arginine,SEG,564,594,31,mRNA,distal_terminal,arginine_rich_rna_contact_region,Q8IYB3|ensembl_protein_id=ENSP00000326261|entry=SRRM1_HUMAN|source=rbpdb|protein_name=Serine/arginine,,,,,,,,,,,,,,,,,,,,,,,,,,,,,,,,,
Q8IYB3|ensembl_protein_id=ENSP00000326261|entry=SRRM1_HUMAN|source=rbpdb|protein_name=Serine/arginine,SEG,808,832,25,mRNA,distal_terminal,basic_enriched_region,Q8IYB3|ensembl_protein_id=ENSP00000326261|entry=SRRM1_HUMAN|source=rbpdb|protein_name=Serine/arginine,,,,,,,,,,,,,,,,,,,,,,,,,,,,,,,,,
Q8IYB3|ensembl_protein_id=ENSP00000326261|entry=SRRM1_HUMAN|source=rbpdb|protein_name=Serine/arginine,SEG,835,855,21,mRNA,distal_terminal,disorder_rich_spacer_region,Q8IYB3|ensembl_protein_id=ENSP00000326261|entry=SRRM1_HUMAN|source=rbpdb|protein_name=Serine/arginine,,,,,,,,,,,,,,,,,,,,,,,,,,,,,,,,,
Q8N2M8|ensembl_protein_id=ENSP00000221455|entry=CLASR_HUMAN|source=rbpdb|protein_name=CLK4-associating,SEG,338,347,10,mRNA,distal_terminal,disorder_rich_spacer_region,Q8N2M8|ensembl_protein_id=ENSP00000221455|entry=CLASR_HUMAN|source=rbpdb|protein_name=CLK4-associating,,,,,,,,,,,,,,,,,,,,,,,,,,,,,,,,,
Q8N2M8|ensembl_protein_id=ENSP00000221455|entry=CLASR_HUMAN|source=rbpdb|protein_name=CLK4-associating,SEG,370,403,34,mRNA,distal_terminal,sr_rs_repeat_region,Q8N2M8|ensembl_protein_id=ENSP00000221455|entry=CLASR_HUMAN|source=rbpdb|protein_name=CLK4-associating,,,,,,,,,,,,,,,,,,,,,,,,,,,,,,,,,
Q8N2M8|ensembl_protein_id=ENSP00000221455|entry=CLASR_HUMAN|source=rbpdb|protein_name=CLK4-associating,SEG,415,440,26,mRNA,distal_terminal,sr_rs_repeat_region,Q8N2M8|ensembl_protein_id=ENSP00000221455|entry=CLASR_HUMAN|source=rbpdb|protein_name=CLK4-associating,,,,,,,,,,,,,,,,,,,,,,,,,,,,,,,,,
Q8TB72|ensembl_protein_id=ENSP00000338173|entry=PUM2_HUMAN|source=rbpdb|protein_name=Pumilio,SEG,471,489,19,mRNA,distal_terminal,disorder_rich_spacer_region,Q8TB72|ensembl_protein_id=ENSP00000338173|entry=PUM2_HUMAN|source=rbpdb|protein_name=Pumilio,,,,,,,,,,,,,,,,,,,,,,,,,,,,,,,,,
Q96AE4|ensembl_protein_id=ENSP00000294623|entry=FUBP1_HUMAN|source=rbpdb|protein_name=Far,SEG,10,25,16,mRNA,distal_terminal,gs_rich_neutral_region,Q96AE4|ensembl_protein_id=ENSP00000294623|entry=FUBP1_HUMAN|source=rbpdb|protein_name=Far,,,,,,,,,,,,,,,,,,,,,,,,,,,,,,,,,
Q96EV2|ensembl_protein_id=ENSP00000287912|entry=RBM33_HUMAN|source=rbpdb|protein_name=RNA-binding,SEG,309,330,22,mRNA,unclassified_no_pfam,disorder_rich_spacer_region,Q96EV2|ensembl_protein_id=ENSP00000287912|entry=RBM33_HUMAN|source=rbpdb|protein_name=RNA-binding,,,,,,,,,,,,,,,,,,,,,,,,,,,,,,,,,
Q96EV2|ensembl_protein_id=ENSP00000287912|entry=RBM33_HUMAN|source=rbpdb|protein_name=RNA-binding,SEG,580,640,61,mRNA,unclassified_no_pfam,aromatic_sticker_region,Q96EV2|ensembl_protein_id=ENSP00000287912|entry=RBM33_HUMAN|source=rbpdb|protein_name=RNA-binding,,,,,,,,,,,,,,,,,,,,,,,,,,,,,,,,,
Q96MU7|ensembl_protein_id=ENSP00000339245|entry=YTDC1_HUMAN|source=rbpdb|protein_name=YTH,SEG,198,227,30,mRNA,distal_terminal,acidic_region,Q96MU7|ensembl_protein_id=ENSP00000339245|entry=YTDC1_HUMAN|source=rbpdb|protein_name=YTH,,,,,,,,,,,,,,,,,,,,,,,,,,,,,,,,,
Q96MU7|ensembl_protein_id=ENSP00000339245|entry=YTDC1_HUMAN|source=rbpdb|protein_name=YTH,SEG,215,253,39,mRNA,distal_terminal,acidic_region,Q96MU7|ensembl_protein_id=ENSP00000339245|entry=YTDC1_HUMAN|source=rbpdb|protein_name=YTH,,,,,,,,,,,,,,,,,,,,,,,,,,,,,,,,,
Q96N46|ensembl_protein_id=ENSP00000296015|entry=TTC14_HUMAN|source=rbpdb|protein_name=Tetratricopeptide,SEG,476,496,21,unknown,unclassified_no_pfam,polar_linker,Q96N46|ensembl_protein_id=ENSP00000296015|entry=TTC14_HUMAN|source=rbpdb|protein_name=Tetratricopeptide,,,,,,,,,,,,,,,,,,,,,,,,,,,,,,,,,
Q9H4Z3|ensembl_protein_id=ENSP00000361486|entry=CAPAM_HUMAN|source=modomics|protein_name=mRNA,SEG,669,683,15,mRNA,unclassified_no_pfam,gs_rich_neutral_region,Q9H4Z3|ensembl_protein_id=ENSP00000361486|entry=CAPAM_HUMAN|source=modomics|protein_name=mRNA,,,,,,,,,,,,,,,,,,,,,,,,,,,,,,,,,
Q9HCJ0|ensembl_protein_id=ENSP00000512514|entry=TNR6C_HUMAN|source=rbpdb|protein_name=Trinucleotide,SEG,1,15,15,mRNA,distal_terminal,basic_enriched_region,Q9HCJ0|ensembl_protein_id=ENSP00000512514|entry=TNR6C_HUMAN|source=rbpdb|protein_name=Trinucleotide,,,,,,,,,,,,,,,,,,,,,,,,,,,,,,,,,
Q9HCJ0|ensembl_protein_id=ENSP00000512514|entry=TNR6C_HUMAN|source=rbpdb|protein_name=Trinucleotide,SEG,963,981,19,mRNA,distal_terminal,unmapped_physicochemical_properties,Q9HCJ0|ensembl_protein_id=ENSP00000512514|entry=TNR6C_HUMAN|source=rbpdb|protein_name=Trinucleotide,,,,,,,,,,,,,,,,,,,,,,,,,,,,,,,,,
Q9NR56|ensembl_protein_id=ENSP00000282486|entry=MBNL1_HUMAN|source=rbpdb|protein_name=Muscleblind-like,SEG,255,272,18,mRNA,domain_adjacent,disorder_rich_spacer_region,Q9NR56|ensembl_protein_id=ENSP00000282486|entry=MBNL1_HUMAN|source=rbpdb|protein_name=Muscleblind-like,,,,,,,,,,,,,,,,,,,,,,,,,,,,,,,,,
Q9UKM9|ensembl_protein_id=ENSP00000246194|entry=RALY_HUMAN|source=rbpdb|protein_name=RNA-binding,SEG,220,252,33,mRNA,distal_terminal,gs_rich_neutral_region,Q9UKM9|ensembl_protein_id=ENSP00000246194|entry=RALY_HUMAN|source=rbpdb|protein_name=RNA-binding,,,,,,,,,,,,,,,,,,,,,,,,,,,,,,,,,
Q9UPT8|ensembl_protein_id=ENSP00000253048|entry=ZC3H4_HUMAN|source=rbpdb|protein_name=Zinc,SEG,7,33,27,unknown,distal_terminal,disorder_rich_spacer_region,Q9UPT8|ensembl_protein_id=ENSP00000253048|entry=ZC3H4_HUMAN|source=rbpdb|protein_name=Zinc,,,,,,,,,,,,,,,,,,,,,,,,,,,,,,,,,
Q9UPT8|ensembl_protein_id=ENSP00000253048|entry=ZC3H4_HUMAN|source=rbpdb|protein_name=Zinc,SEG,535,559,25,unknown,distal_terminal,disorder_rich_spacer_region,Q9UPT8|ensembl_protein_id=ENSP00000253048|entry=ZC3H4_HUMAN|source=rbpdb|protein_name=Zinc,,,,,,,,,,,,,,,,,,,,,,,,,,,,,,,,,
Q9UQ35|ensembl_protein_id=ENSP00000301740|entry=SRRM2_HUMAN|source=rbpdb|protein_name=Serine/arginine,SEG,2531,2566,36,mRNA,distal_terminal,disorder_rich_spacer_region,Q9UQ35|ensembl_protein_id=ENSP00000301740|entry=SRRM2_HUMAN|source=rbpdb|protein_name=Serine/arginine,,,,,,,,,,,,,,,,,,,,,,,,,,,,,,,,,
Q9UQ35|ensembl_protein_id=ENSP00000301740|entry=SRRM2_HUMAN|source=rbpdb|protein_name=Serine/arginine,SEG,2606,2647,42,mRNA,distal_terminal,disorder_rich_spacer_region,Q9UQ35|ensembl_protein_id=ENSP00000301740|entry=SRRM2_HUMAN|source=rbpdb|protein_name=Serine/arginine,,,,,,,,,,,,,,,,,,,,,,,,,,,,,,,,,
Q9Y2U8|ensembl_protein_id=ENSP00000308369|entry=MAN1_HUMAN|source=rbpdb|protein_name=Inner,SEG,71,86,16,snRNA,unclassified_no_pfam,disorder_rich_spacer_region,Q9Y2U8|ensembl_protein_id=ENSP00000308369|entry=MAN1_HUMAN|source=rbpdb|protein_name=Inner,,,,,,,,,,,,,,,,,,,,,,,,,,,,,,,,,
