position,rna_class,observed,expected,log2_obs_exp,proportion_within_rna_class,analysis,p_value,has_pfam,signature,method,p_fdr
distal_terminal,diverse,13.0,17.82453637660485,-0.4553529288223509,0.2166666666666666,position_lcr,2.1043539519849138e-35,,,AlcoR,3.659746003452025e-35
distal_terminal,mRNA,272.0,308.9586305278174,-0.1838070231330394,0.2615384615384615,position_lcr,2.1043539519849138e-35,,,AlcoR,3.659746003452025e-35
distal_terminal,ncRNA,47.0,58.22681883024251,-0.3090230437924952,0.2397959183673469,position_lcr,2.1043539519849138e-35,,,AlcoR,3.659746003452025e-35
distal_terminal,pre-rRNA,51.0,39.51105563480742,0.3682408551153814,0.3834586466165413,position_lcr,2.1043539519849138e-35,,,AlcoR,3.659746003452025e-35
distal_terminal,ribosomal protein,6.0,29.113409415121254,-2.2786493947489763,0.0612244897959183,position_lcr,2.1043539519849138e-35,,,AlcoR,3.659746003452025e-35
distal_terminal,snRNA,16.0,25.845577746077037,-0.6918455472036528,0.1839080459770115,position_lcr,2.1043539519849138e-35,,,AlcoR,3.659746003452025e-35
distal_terminal,snoRNA,29.0,17.82453637660485,0.7021883481641291,0.4833333333333333,position_lcr,2.1043539519849138e-35,,,AlcoR,3.659746003452025e-35
distal_terminal,tRNA,58.0,72.78352353780313,-0.3275589952299229,0.236734693877551,position_lcr,2.1043539519849138e-35,,,AlcoR,3.659746003452025e-35
distal_terminal,unknown,341.0,262.9119115549215,0.3751922326988884,0.3853107344632768,position_lcr,2.1043539519849138e-35,,,AlcoR,3.659746003452025e-35
domain_adjacent,diverse,3.0,5.263908701854493,-0.811171966215979,0.05,position_lcr,2.1043539519849138e-35,,,AlcoR,3.659746003452025e-35
domain_adjacent,mRNA,99.0,91.24108416547789,0.1177449357225384,0.0951923076923076,position_lcr,2.1043539519849138e-35,,,AlcoR,3.659746003452025e-35
domain_adjacent,ncRNA,12.0,17.19543509272468,-0.5189912147226687,0.0612244897959183,position_lcr,2.1043539519849138e-35,,,AlcoR,3.659746003452025e-35
domain_adjacent,pre-rRNA,11.0,11.66833095577746,-0.0850946881925089,0.0827067669172932,position_lcr,2.1043539519849138e-35,,,AlcoR,3.659746003452025e-35
domain_adjacent,ribosomal protein,23.0,8.59771754636234,1.4196082406131878,0.2346938775510204,position_lcr,2.1043539519849138e-35,,,AlcoR,3.659746003452025e-35
domain_adjacent,snRNA,3.0,7.632667617689016,-1.3472248664561888,0.0344827586206896,position_lcr,2.1043539519849138e-35,,,AlcoR,3.659746003452025e-35
domain_adjacent,snoRNA,8.0,5.263908701854493,0.603865533062865,0.1333333333333333,position_lcr,2.1043539519849138e-35,,,AlcoR,3.659746003452025e-35
domain_adjacent,tRNA,18.0,21.49429386590585,-0.255956808888875,0.073469387755102,position_lcr,2.1043539519849138e-35,,,AlcoR,3.659746003452025e-35
domain_adjacent,unknown,69.0,77.64265335235378,-0.1702530595208073,0.0779661016949152,position_lcr,2.1043539519849138e-35,,,AlcoR,3.659746003452025e-35
domain_edge,diverse,25.0,17.16119828815977,0.5427778017219093,0.4166666666666667,position_lcr,2.1043539519849138e-35,,,AlcoR,3.659746003452025e-35
domain_edge,mRNA,294.0,297.4607703281027,-0.0168832606363871,0.2826923076923077,position_lcr,2.1043539519849138e-35,,,AlcoR,3.659746003452025e-35
domain_edge,ncRNA,35.0,56.059914407988586,-0.679614619614539,0.1785714285714285,position_lcr,2.1043539519849138e-35,,,AlcoR,3.659746003452025e-35
domain_edge,pre-rRNA,38.0,38.04065620542083,-0.0015427145019014,0.2857142857142857,position_lcr,2.1043539519849138e-35,,,AlcoR,3.659746003452025e-35
domain_edge,ribosomal protein,51.0,28.029957203994293,0.8635277054119902,0.5204081632653061,position_lcr,2.1043539519849138e-35,,,AlcoR,3.659746003452025e-35
domain_edge,snRNA,26.0,24.88373751783167,0.0633084298480668,0.2988505747126437,position_lcr,2.1043539519849138e-35,,,AlcoR,3.659746003452025e-35
domain_edge,snoRNA,12.0,17.16119828815977,-0.5161158873316594,0.2,position_lcr,2.1043539519849138e-35,,,AlcoR,3.659746003452025e-35
domain_edge,tRNA,65.0,70.07489300998573,-0.1084579184184131,0.2653061224489796,position_lcr,2.1043539519849138e-35,,,AlcoR,3.659746003452025e-35
domain_edge,unknown,256.0,253.12767475035665,0.016278562585343,0.2892655367231638,position_lcr,2.1043539519849138e-35,,,AlcoR,3.659746003452025e-35
domain_intrinsic,diverse,12.0,6.633380884450784,0.8552181338490233,0.2,position_lcr,2.1043539519849138e-35,,,AlcoR,3.659746003452025e-35
domain_intrinsic,mRNA,117.0,114.97860199714694,0.0251431352913356,0.1125,position_lcr,2.1043539519849138e-35,,,AlcoR,3.659746003452025e-35
domain_intrinsic,ncRNA,37.0,21.66904422253923,0.7718897502501272,0.1887755102040816,position_lcr,2.1043539519849138e-35,,,AlcoR,3.659746003452025e-35
domain_intrinsic,pre-rRNA,12.0,14.703994293865906,-0.2931737060436478,0.0902255639097744,position_lcr,2.1043539519849138e-35,,,AlcoR,3.659746003452025e-35
domain_intrinsic,ribosomal protein,17.0,10.834522111269616,0.6498992258715167,0.173469387755102,position_lcr,2.1043539519849138e-35,,,AlcoR,3.659746003452025e-35
domain_intrinsic,snRNA,16.0,9.618402282453635,0.7342027328876575,0.1839080459770115,position_lcr,2.1043539519849138e-35,,,AlcoR,3.659746003452025e-35
domain_intrinsic,snoRNA,8.0,6.633380884450784,0.2702556331278671,0.1333333333333333,position_lcr,2.1043539519849138e-35,,,AlcoR,3.659746003452025e-35
domain_intrinsic,tRNA,46.0,27.08630527817404,0.7640702457908279,0.1877551020408163,position_lcr,2.1043539519849138e-35,,,AlcoR,3.659746003452025e-35
domain_intrinsic,unknown,45.0,97.84236804564908,-1.1205343199042994,0.0508474576271186,position_lcr,2.1043539519849138e-35,,,AlcoR,3.659746003452025e-35
interdomain_linker,diverse,3.0,3.659058487874465,-0.2865099757626371,0.05,position_lcr,2.1043539519849138e-35,,,AlcoR,3.659746003452025e-35
interdomain_linker,mRNA,67.0,63.42368045649073,0.0791394965540431,0.0644230769230769,position_lcr,2.1043539519849138e-35,,,AlcoR,3.659746003452025e-35
interdomain_linker,ncRNA,10.0,11.952924393723253,-0.2573636301031205,0.0510204081632653,position_lcr,2.1043539519849138e-35,,,AlcoR,3.659746003452025e-35
interdomain_linker,pre-rRNA,2.0,8.110912981455064,-2.019864316376464,0.0150375939849624,position_lcr,2.1043539519849138e-35,,,AlcoR,3.659746003452025e-35
interdomain_linker,ribosomal protein,0.0,5.976462196861626,,0.0,position_lcr,2.1043539519849138e-35,,,AlcoR,3.659746003452025e-35
interdomain_linker,snRNA,9.0,5.305634807417975,0.7623996247183092,0.1034482758620689,position_lcr,2.1043539519849138e-35,,,AlcoR,3.659746003452025e-35
interdomain_linker,snoRNA,0.0,3.659058487874465,,0.0,position_lcr,2.1043539519849138e-35,,,AlcoR,3.659746003452025e-35
interdomain_linker,tRNA,19.0,14.941155492154063,0.3467076935657403,0.0775510204081632,position_lcr,2.1043539519849138e-35,,,AlcoR,3.659746003452025e-35
interdomain_linker,unknown,61.0,53.97111269614836,0.1766218117172517,0.0689265536723163,position_lcr,2.1043539519849138e-35,,,AlcoR,3.659746003452025e-35
unclassified_no_pfam,diverse,4.0,9.457917261055634,-1.2415225209893268,0.0666666666666666,position_lcr,2.1043539519849138e-35,,,AlcoR,3.659746003452025e-35
unclassified_no_pfam,mRNA,191.0,163.93723252496434,0.2204290896264856,0.1836538461538461,position_lcr,2.1043539519849138e-35,,,AlcoR,3.659746003452025e-35
unclassified_no_pfam,ncRNA,55.0,30.895863052781745,0.832017944028643,0.2806122448979591,position_lcr,2.1043539519849138e-35,,,AlcoR,3.659746003452025e-35
unclassified_no_pfam,pre-rRNA,19.0,20.965049928673324,-0.1419868474384125,0.1428571428571428,position_lcr,2.1043539519849138e-35,,,AlcoR,3.659746003452025e-35
unclassified_no_pfam,ribosomal protein,1.0,15.447931526390873,-3.9493417694960167,0.010204081632653,position_lcr,2.1043539519849138e-35,,,AlcoR,3.659746003452025e-35
unclassified_no_pfam,snRNA,17.0,13.71398002853067,0.3098874200208027,0.1954022988505747,position_lcr,2.1043539519849138e-35,,,AlcoR,3.659746003452025e-35
unclassified_no_pfam,snoRNA,3.0,9.457917261055634,-1.6565600202681705,0.05,position_lcr,2.1043539519849138e-35,,,AlcoR,3.659746003452025e-35
unclassified_no_pfam,tRNA,39.0,38.61982881597717,0.0141323544788695,0.1591836734693877,position_lcr,2.1043539519849138e-35,,,AlcoR,3.659746003452025e-35
unclassified_no_pfam,unknown,113.0,139.5042796005706,-0.3039866079359804,0.127683615819209,position_lcr,2.1043539519849138e-35,,,AlcoR,3.659746003452025e-35
,diverse,60.0,60.0,0.0,1.0,no_pfam_lcr,,pfam_classified,,AlcoR,
,mRNA,1040.0,1040.0,0.0,1.0,no_pfam_lcr,,pfam_classified,,AlcoR,
,ncRNA,196.0,196.0,0.0,1.0,no_pfam_lcr,,pfam_classified,,AlcoR,
,pre-rRNA,133.0,133.0,0.0,1.0,no_pfam_lcr,,pfam_classified,,AlcoR,
,ribosomal protein,98.0,98.0,0.0,1.0,no_pfam_lcr,,pfam_classified,,AlcoR,
,snRNA,87.0,87.0,0.0,1.0,no_pfam_lcr,,pfam_classified,,AlcoR,
,snoRNA,60.0,60.0,0.0,1.0,no_pfam_lcr,,pfam_classified,,AlcoR,
,tRNA,245.0,245.0,0.0,1.0,no_pfam_lcr,,pfam_classified,,AlcoR,
,unknown,885.0,885.0,0.0,1.0,no_pfam_lcr,,pfam_classified,,AlcoR,
,diverse,0.0,3.8302425106990015,,0.0,signature_sequence_count_lcr,3.7851735711810456e-08,,acidic_region,AlcoR,3.7851735711810456e-08
,mRNA,63.0,66.39087018544936,-0.0756330327821713,0.060576923076923,signature_sequence_count_lcr,3.7851735711810456e-08,,acidic_region,AlcoR,3.7851735711810456e-08
,ncRNA,8.0,12.512125534950073,-0.6452549873688413,0.0408163265306122,signature_sequence_count_lcr,3.7851735711810456e-08,,acidic_region,AlcoR,3.7851735711810456e-08
,pre-rRNA,15.0,8.49037089871612,0.8210630168536955,0.112781954887218,signature_sequence_count_lcr,3.7851735711810456e-08,,acidic_region,AlcoR,3.7851735711810456e-08
,ribosomal protein,4.0,6.256062767475036,-0.6452549873688413,0.0408163265306122,signature_sequence_count_lcr,3.7851735711810456e-08,,acidic_region,AlcoR,3.7851735711810456e-08
,snRNA,5.0,5.553851640513552,-0.1515605442149992,0.057471264367816,signature_sequence_count_lcr,3.7851735711810456e-08,,acidic_region,AlcoR,3.7851735711810456e-08
,snoRNA,8.0,3.8302425106990015,1.0625642611378483,0.1333333333333333,signature_sequence_count_lcr,3.7851735711810456e-08,,acidic_region,AlcoR,3.7851735711810456e-08
,tRNA,18.0,15.64015691868759,0.2027419191861085,0.073469387755102,signature_sequence_count_lcr,3.7851735711810456e-08,,acidic_region,AlcoR,3.7851735711810456e-08
,unknown,58.0,56.49607703281027,0.0379022069035791,0.0655367231638418,signature_sequence_count_lcr,3.7851735711810456e-08,,acidic_region,AlcoR,3.7851735711810456e-08
,diverse,4.0,2.2253922967189728,0.8459403202610125,0.0666666666666666,signature_sequence_count_lcr,3.7851735711810456e-08,,arginine_rich_rna_contact_region,AlcoR,3.7851735711810456e-08
,mRNA,38.0,38.573466476462194,-0.0216093837153378,0.0365384615384615,signature_sequence_count_lcr,3.7851735711810456e-08,,arginine_rich_rna_contact_region,AlcoR,3.7851735711810456e-08
,ncRNA,9.0,7.269614835948645,0.3080460731966349,0.0459183673469387,signature_sequence_count_lcr,3.7851735711810456e-08,,arginine_rich_rna_contact_region,AlcoR,3.7851735711810456e-08
,pre-rRNA,12.0,4.932952924393724,1.2825109810894977,0.0902255639097744,signature_sequence_count_lcr,3.7851735711810456e-08,,arginine_rich_rna_contact_region,AlcoR,3.7851735711810456e-08
,ribosomal protein,13.0,3.6348074179743226,1.8385607898954148,0.1326530612244898,signature_sequence_count_lcr,3.7851735711810456e-08,,arginine_rich_rna_contact_region,AlcoR,3.7851735711810456e-08
,snRNA,1.0,3.2268188302425105,-1.6901125799791974,0.0114942528735632,signature_sequence_count_lcr,3.7851735711810456e-08,,arginine_rich_rna_contact_region,AlcoR,3.7851735711810456e-08
,snoRNA,1.0,2.2253922967189728,-1.1540596797389877,0.0166666666666666,signature_sequence_count_lcr,3.7851735711810456e-08,,arginine_rich_rna_contact_region,AlcoR,3.7851735711810456e-08
,tRNA,8.0,9.087018544935804,-0.1838070231330394,0.0326530612244898,signature_sequence_count_lcr,3.7851735711810456e-08,,arginine_rich_rna_contact_region,AlcoR,3.7851735711810456e-08
,unknown,18.0,32.82453637660485,-0.8667777276585161,0.0203389830508474,signature_sequence_count_lcr,3.7851735711810456e-08,,arginine_rich_rna_contact_region,AlcoR,3.7851735711810456e-08
,diverse,26.0,26.469329529243936,-0.0258100284331728,0.4333333333333333,signature_sequence_count_lcr,3.7851735711810456e-08,,aromatic_sticker_region,AlcoR,3.7851735711810456e-08
,mRNA,443.0,458.8017118402282,-0.0505640754391826,0.4259615384615384,signature_sequence_count_lcr,3.7851735711810456e-08,,aromatic_sticker_region,AlcoR,3.7851735711810456e-08
,ncRNA,87.0,86.46647646219687,0.0088745007677735,0.4438775510204081,signature_sequence_count_lcr,3.7851735711810456e-08,,aromatic_sticker_region,AlcoR,3.7851735711810456e-08
,pre-rRNA,38.0,58.67368045649073,-0.6267140730233508,0.2857142857142857,signature_sequence_count_lcr,3.7851735711810456e-08,,aromatic_sticker_region,AlcoR,3.7851735711810456e-08
,ribosomal protein,40.0,43.23323823109843,-0.1121409001935925,0.4081632653061224,signature_sequence_count_lcr,3.7851735711810456e-08,,aromatic_sticker_region,AlcoR,3.7851735711810456e-08
,snRNA,48.0,38.38052781740371,0.3226598539066812,0.5517241379310345,signature_sequence_count_lcr,3.7851735711810456e-08,,aromatic_sticker_region,AlcoR,3.7851735711810456e-08
,snoRNA,29.0,26.469329529243936,0.1317312485533069,0.4833333333333333,signature_sequence_count_lcr,3.7851735711810456e-08,,aromatic_sticker_region,AlcoR,3.7851735711810456e-08
,tRNA,114.0,108.08309557774608,0.0768929241964244,0.4653061224489795,signature_sequence_count_lcr,3.7851735711810456e-08,,aromatic_sticker_region,AlcoR,3.7851735711810456e-08
,unknown,412.0,390.4226105563481,0.0776077312471121,0.4655367231638418,signature_sequence_count_lcr,3.7851735711810456e-08,,aromatic_sticker_region,AlcoR,3.7851735711810456e-08
,diverse,1.0,1.6048502139800285,-0.6824386520937761,0.0166666666666666,signature_sequence_count_lcr,3.7851735711810456e-08,,basic_enriched_region,AlcoR,3.7851735711810456e-08
,mRNA,16.0,27.81740370898716,-0.7979158695137122,0.0153846153846153,signature_sequence_count_lcr,3.7851735711810456e-08,,basic_enriched_region,AlcoR,3.7851735711810456e-08
,ncRNA,6.0,5.242510699001427,0.1947046001206902,0.0306122448979591,signature_sequence_count_lcr,3.7851735711810456e-08,,basic_enriched_region,AlcoR,3.7851735711810456e-08
,pre-rRNA,5.0,3.5574179743223966,0.4910976029009151,0.037593984962406,signature_sequence_count_lcr,3.7851735711810456e-08,,basic_enriched_region,AlcoR,3.7851735711810456e-08
,ribosomal protein,6.0,2.6212553495007134,1.1947046001206902,0.0612244897959183,signature_sequence_count_lcr,3.7851735711810456e-08,,basic_enriched_region,AlcoR,3.7851735711810456e-08
,snRNA,2.0,2.3270328102710414,-0.2184915523339859,0.0229885057471264,signature_sequence_count_lcr,3.7851735711810456e-08,,basic_enriched_region,AlcoR,3.7851735711810456e-08
,snoRNA,3.0,1.6048502139800285,0.90252384862738,0.05,signature_sequence_count_lcr,3.7851735711810456e-08,,basic_enriched_region,AlcoR,3.7851735711810456e-08
,tRNA,8.0,6.553138373751783,0.2878140045121717,0.0326530612244898,signature_sequence_count_lcr,3.7851735711810456e-08,,basic_enriched_region,AlcoR,3.7851735711810456e-08
,unknown,28.0,23.67154065620542,0.2422732206019866,0.031638418079096,signature_sequence_count_lcr,3.7851735711810456e-08,,basic_enriched_region,AlcoR,3.7851735711810456e-08
,diverse,5.0,5.242510699001427,-0.0683298057131036,0.0833333333333333,signature_sequence_count_lcr,3.7851735711810456e-08,,cation_pi_rich_neighborhood,AlcoR,3.7851735711810456e-08
,mRNA,85.0,90.87018544935806,-0.0963441818827002,0.0817307692307692,signature_sequence_count_lcr,3.7851735711810456e-08,,cation_pi_rich_neighborhood,AlcoR,3.7851735711810456e-08
,ncRNA,23.0,17.125534950071327,0.4254848069498573,0.1173469387755102,signature_sequence_count_lcr,3.7851735711810456e-08,,cation_pi_rich_neighborhood,AlcoR,3.7851735711810456e-08
,pre-rRNA,13.0,11.620898716119829,0.1617899776479551,0.0977443609022556,signature_sequence_count_lcr,3.7851735711810456e-08,,cation_pi_rich_neighborhood,AlcoR,3.7851735711810456e-08
,ribosomal protein,5.0,8.562767475035663,-0.7761490542197931,0.0510204081632653,signature_sequence_count_lcr,3.7851735711810456e-08,,cation_pi_rich_neighborhood,AlcoR,3.7851735711810456e-08
,snRNA,7.0,7.601640513552068,-0.1189558787830714,0.0804597701149425,signature_sequence_count_lcr,3.7851735711810456e-08,,cation_pi_rich_neighborhood,AlcoR,3.7851735711810456e-08
,snoRNA,5.0,5.242510699001427,-0.0683298057131036,0.0833333333333333,signature_sequence_count_lcr,3.7851735711810456e-08,,cation_pi_rich_neighborhood,AlcoR,3.7851735711810456e-08
,tRNA,16.0,21.40691868758916,-0.4200052439945179,0.0653061224489796,signature_sequence_count_lcr,3.7851735711810456e-08,,cation_pi_rich_neighborhood,AlcoR,3.7851735711810456e-08
,unknown,86.0,77.32703281027104,0.1533638047397908,0.0971751412429378,signature_sequence_count_lcr,3.7851735711810456e-08,,cation_pi_rich_neighborhood,AlcoR,3.7851735711810456e-08
,diverse,4.0,4.279600570613409,-0.09747615137262,0.0666666666666666,signature_sequence_count_lcr,3.7851735711810456e-08,,disorder_rich_spacer_region,AlcoR,3.7851735711810456e-08
,mRNA,83.0,74.17974322396576,0.1620860625543689,0.0798076923076923,signature_sequence_count_lcr,3.7851735711810456e-08,,disorder_rich_spacer_region,AlcoR,3.7851735711810456e-08
,ncRNA,14.0,13.98002853067047,0.0020595221782945,0.0714285714285714,signature_sequence_count_lcr,3.7851735711810456e-08,,disorder_rich_spacer_region,AlcoR,3.7851735711810456e-08
,pre-rRNA,11.0,9.48644793152639,0.2135636273720062,0.0827067669172932,signature_sequence_count_lcr,3.7851735711810456e-08,,disorder_rich_spacer_region,AlcoR,3.7851735711810456e-08
,ribosomal protein,8.0,6.990014265335235,0.1947046001206902,0.0816326530612244,signature_sequence_count_lcr,3.7851735711810456e-08,,disorder_rich_spacer_region,AlcoR,3.7851735711810456e-08
,snRNA,1.0,6.205420827389443,-2.63352905161283,0.0114942528735632,signature_sequence_count_lcr,3.7851735711810456e-08,,disorder_rich_spacer_region,AlcoR,3.7851735711810456e-08
,snoRNA,7.0,4.279600570613409,0.7098787706849842,0.1166666666666666,signature_sequence_count_lcr,3.7851735711810456e-08,,disorder_rich_spacer_region,AlcoR,3.7851735711810456e-08
,tRNA,14.0,17.475035663338087,-0.3198685727090677,0.0571428571428571,signature_sequence_count_lcr,3.7851735711810456e-08,,disorder_rich_spacer_region,AlcoR,3.7851735711810456e-08
,unknown,58.0,63.12410841654779,-0.1221382056068892,0.0655367231638418,signature_sequence_count_lcr,3.7851735711810456e-08,,disorder_rich_spacer_region,AlcoR,3.7851735711810456e-08
,diverse,0.0,0.021398002853067,,0.0,signature_sequence_count_lcr,3.7851735711810456e-08,,glutamine_rich_region,AlcoR,3.7851735711810456e-08
,mRNA,0.0,0.3708987161198288,,0.0,signature_sequence_count_lcr,3.7851735711810456e-08,,glutamine_rich_region,AlcoR,3.7851735711810456e-08
,ncRNA,0.0,0.0699001426533523,,0.0,signature_sequence_count_lcr,3.7851735711810456e-08,,glutamine_rich_region,AlcoR,3.7851735711810456e-08
,pre-rRNA,0.0,0.0474322396576319,,0.0,signature_sequence_count_lcr,3.7851735711810456e-08,,glutamine_rich_region,AlcoR,3.7851735711810456e-08
,ribosomal protein,0.0,0.0349500713266761,,0.0,signature_sequence_count_lcr,3.7851735711810456e-08,,glutamine_rich_region,AlcoR,3.7851735711810456e-08
,snRNA,0.0,0.0310271041369472,,0.0,signature_sequence_count_lcr,3.7851735711810456e-08,,glutamine_rich_region,AlcoR,3.7851735711810456e-08
,snoRNA,0.0,0.021398002853067,,0.0,signature_sequence_count_lcr,3.7851735711810456e-08,,glutamine_rich_region,AlcoR,3.7851735711810456e-08
,tRNA,0.0,0.0873751783166904,,0.0,signature_sequence_count_lcr,3.7851735711810456e-08,,glutamine_rich_region,AlcoR,3.7851735711810456e-08
,unknown,1.0,0.3156205420827389,1.6637369890402631,0.0011299435028248,signature_sequence_count_lcr,3.7851735711810456e-08,,glutamine_rich_region,AlcoR,3.7851735711810456e-08
,diverse,0.0,0.021398002853067,,0.0,signature_sequence_count_lcr,3.7851735711810456e-08,,glycine_rich_region,AlcoR,3.7851735711810456e-08
,mRNA,1.0,0.3708987161198288,1.4309028209821686,0.0009615384615384,signature_sequence_count_lcr,3.7851735711810456e-08,,glycine_rich_region,AlcoR,3.7851735711810456e-08
,ncRNA,0.0,0.0699001426533523,,0.0,signature_sequence_count_lcr,3.7851735711810456e-08,,glycine_rich_region,AlcoR,3.7851735711810456e-08
,pre-rRNA,0.0,0.0474322396576319,,0.0,signature_sequence_count_lcr,3.7851735711810456e-08,,glycine_rich_region,AlcoR,3.7851735711810456e-08
,ribosomal protein,0.0,0.0349500713266761,,0.0,signature_sequence_count_lcr,3.7851735711810456e-08,,glycine_rich_region,AlcoR,3.7851735711810456e-08
,snRNA,0.0,0.0310271041369472,,0.0,signature_sequence_count_lcr,3.7851735711810456e-08,,glycine_rich_region,AlcoR,3.7851735711810456e-08
,snoRNA,0.0,0.021398002853067,,0.0,signature_sequence_count_lcr,3.7851735711810456e-08,,glycine_rich_region,AlcoR,3.7851735711810456e-08
,tRNA,0.0,0.0873751783166904,,0.0,signature_sequence_count_lcr,3.7851735711810456e-08,,glycine_rich_region,AlcoR,3.7851735711810456e-08
,unknown,0.0,0.3156205420827389,,0.0,signature_sequence_count_lcr,3.7851735711810456e-08,,glycine_rich_region,AlcoR,3.7851735711810456e-08
,diverse,1.0,1.0699001426533523,-0.09747615137262,0.0166666666666666,signature_sequence_count_lcr,3.7851735711810456e-08,,gs_rich_neutral_region,AlcoR,3.7851735711810456e-08
,mRNA,22.0,18.54493580599144,0.2464782498447412,0.0211538461538461,signature_sequence_count_lcr,3.7851735711810456e-08,,gs_rich_neutral_region,AlcoR,3.7851735711810456e-08
,ncRNA,2.0,3.495007132667617,-0.8052953998793098,0.010204081632653,signature_sequence_count_lcr,3.7851735711810456e-08,,gs_rich_neutral_region,AlcoR,3.7851735711810456e-08
,pre-rRNA,0.0,2.3716119828815976,,0.0,signature_sequence_count_lcr,3.7851735711810456e-08,,gs_rich_neutral_region,AlcoR,3.7851735711810456e-08
,ribosomal protein,1.0,1.7475035663338088,-0.8052953998793098,0.010204081632653,signature_sequence_count_lcr,3.7851735711810456e-08,,gs_rich_neutral_region,AlcoR,3.7851735711810456e-08
,snRNA,1.0,1.5513552068473608,-0.6335290516128299,0.0114942528735632,signature_sequence_count_lcr,3.7851735711810456e-08,,gs_rich_neutral_region,AlcoR,3.7851735711810456e-08
,snoRNA,0.0,1.0699001426533523,,0.0,signature_sequence_count_lcr,3.7851735711810456e-08,,gs_rich_neutral_region,AlcoR,3.7851735711810456e-08
,tRNA,1.0,4.368758915834522,-2.127223494766672,0.0040816326530612,signature_sequence_count_lcr,3.7851735711810456e-08,,gs_rich_neutral_region,AlcoR,3.7851735711810456e-08
,unknown,22.0,15.781027104136948,0.4793124179028358,0.0248587570621468,signature_sequence_count_lcr,3.7851735711810456e-08,,gs_rich_neutral_region,AlcoR,3.7851735711810456e-08
,diverse,4.0,2.161198288159772,0.8881685556503099,0.0666666666666666,signature_sequence_count_lcr,3.7851735711810456e-08,,hydrophobic_region,AlcoR,3.7851735711810456e-08
,mRNA,33.0,37.46077032810271,-0.1829145424111727,0.0317307692307692,signature_sequence_count_lcr,3.7851735711810456e-08,,hydrophobic_region,AlcoR,3.7851735711810456e-08
,ncRNA,11.0,7.059914407988588,0.6397809257809175,0.0561224489795918,signature_sequence_count_lcr,3.7851735711810456e-08,,hydrophobic_region,AlcoR,3.7851735711810456e-08
,pre-rRNA,8.0,4.790656205420827,0.7397767157576388,0.0601503759398496,signature_sequence_count_lcr,3.7851735711810456e-08,,hydrophobic_region,AlcoR,3.7851735711810456e-08
,ribosomal protein,6.0,3.529957203994294,0.7653118078647764,0.0612244897959183,signature_sequence_count_lcr,3.7851735711810456e-08,,hydrophobic_region,AlcoR,3.7851735711810456e-08
,snRNA,2.0,3.133737517831669,-0.6478843445898999,0.0229885057471264,signature_sequence_count_lcr,3.7851735711810456e-08,,hydrophobic_region,AlcoR,3.7851735711810456e-08
,snoRNA,1.0,2.161198288159772,-1.1118314443496902,0.0166666666666666,signature_sequence_count_lcr,3.7851735711810456e-08,,hydrophobic_region,AlcoR,3.7851735711810456e-08
,tRNA,16.0,8.824893009985734,0.858421212256258,0.0653061224489796,signature_sequence_count_lcr,3.7851735711810456e-08,,hydrophobic_region,AlcoR,3.7851735711810456e-08
,unknown,20.0,31.877674750356636,-0.672546398824169,0.0225988700564971,signature_sequence_count_lcr,3.7851735711810456e-08,,hydrophobic_region,AlcoR,3.7851735711810456e-08
,diverse,7.0,5.1997146932952925,0.4289224568539279,0.1166666666666666,signature_sequence_count_lcr,3.7851735711810456e-08,,mixed_charge_polyampholyte,AlcoR,3.7851735711810456e-08
,mRNA,88.0,90.1283880171184,-0.0344780639863148,0.0846153846153846,signature_sequence_count_lcr,3.7851735711810456e-08,,mixed_charge_polyampholyte,AlcoR,3.7851735711810456e-08
,ncRNA,17.0,16.98573466476462,0.0012111275399734,0.086734693877551,signature_sequence_count_lcr,3.7851735711810456e-08,,mixed_charge_polyampholyte,AlcoR,3.7851735711810456e-08
,pre-rRNA,11.0,11.526034236804565,-0.0673926864590501,0.0827067669172932,signature_sequence_count_lcr,3.7851735711810456e-08,,mixed_charge_polyampholyte,AlcoR,3.7851735711810456e-08
,ribosomal protein,5.0,8.49286733238231,-0.7643236188230037,0.0510204081632653,signature_sequence_count_lcr,3.7851735711810456e-08,,mixed_charge_polyampholyte,AlcoR,3.7851735711810456e-08
,snRNA,6.0,7.539586305278174,-0.3295228647227299,0.0689655172413793,signature_sequence_count_lcr,3.7851735711810456e-08,,mixed_charge_polyampholyte,AlcoR,3.7851735711810456e-08
,snoRNA,5.0,5.1997146932952925,-0.0565043703163139,0.0833333333333333,signature_sequence_count_lcr,3.7851735711810456e-08,,mixed_charge_polyampholyte,AlcoR,3.7851735711810456e-08
,tRNA,27.0,21.232168330955776,0.3467076935657403,0.110204081632653,signature_sequence_count_lcr,3.7851735711810456e-08,,mixed_charge_polyampholyte,AlcoR,3.7851735711810456e-08
,unknown,77.0,76.69579172610557,0.0057110261293836,0.0870056497175141,signature_sequence_count_lcr,3.7851735711810456e-08,,mixed_charge_polyampholyte,AlcoR,3.7851735711810456e-08
,diverse,0.0,0.042796005706134,,0.0,signature_sequence_count_lcr,3.7851735711810456e-08,,polar_linker,AlcoR,3.7851735711810456e-08
,mRNA,1.0,0.7417974322396577,0.4309028209821685,0.0009615384615384,signature_sequence_count_lcr,3.7851735711810456e-08,,polar_linker,AlcoR,3.7851735711810456e-08
,ncRNA,0.0,0.1398002853067047,,0.0,signature_sequence_count_lcr,3.7851735711810456e-08,,polar_linker,AlcoR,3.7851735711810456e-08
,pre-rRNA,0.0,0.0948644793152639,,0.0,signature_sequence_count_lcr,3.7851735711810456e-08,,polar_linker,AlcoR,3.7851735711810456e-08
,ribosomal protein,0.0,0.0699001426533523,,0.0,signature_sequence_count_lcr,3.7851735711810456e-08,,polar_linker,AlcoR,3.7851735711810456e-08
,snRNA,0.0,0.0620542082738944,,0.0,signature_sequence_count_lcr,3.7851735711810456e-08,,polar_linker,AlcoR,3.7851735711810456e-08
,snoRNA,0.0,0.042796005706134,,0.0,signature_sequence_count_lcr,3.7851735711810456e-08,,polar_linker,AlcoR,3.7851735711810456e-08
,tRNA,0.0,0.1747503566333808,,0.0,signature_sequence_count_lcr,3.7851735711810456e-08,,polar_linker,AlcoR,3.7851735711810456e-08
,unknown,1.0,0.6312410841654779,0.6637369890402633,0.0011299435028248,signature_sequence_count_lcr,3.7851735711810456e-08,,polar_linker,AlcoR,3.7851735711810456e-08
,diverse,0.0,0.5135520684736091,,0.0,signature_sequence_count_lcr,3.7851735711810456e-08,,proline_rich_disordered_region,AlcoR,3.7851735711810456e-08
,mRNA,12.0,8.901569186875891,0.4309028209821687,0.0115384615384615,signature_sequence_count_lcr,3.7851735711810456e-08,,proline_rich_disordered_region,AlcoR,3.7851735711810456e-08
,ncRNA,3.0,1.6776034236804565,0.8385607898954149,0.0153061224489795,signature_sequence_count_lcr,3.7851735711810456e-08,,proline_rich_disordered_region,AlcoR,3.7851735711810456e-08
,pre-rRNA,1.0,1.138373751783167,-0.1869743022117225,0.0075187969924812,signature_sequence_count_lcr,3.7851735711810456e-08,,proline_rich_disordered_region,AlcoR,3.7851735711810456e-08
,ribosomal protein,0.0,0.8388017118402282,,0.0,signature_sequence_count_lcr,3.7851735711810456e-08,,proline_rich_disordered_region,AlcoR,3.7851735711810456e-08
,snRNA,0.0,0.7446504992867332,,0.0,signature_sequence_count_lcr,3.7851735711810456e-08,,proline_rich_disordered_region,AlcoR,3.7851735711810456e-08
,snoRNA,0.0,0.5135520684736091,,0.0,signature_sequence_count_lcr,3.7851735711810456e-08,,proline_rich_disordered_region,AlcoR,3.7851735711810456e-08
,tRNA,1.0,2.097004279600571,-1.0683298057131037,0.0040816326530612,signature_sequence_count_lcr,3.7851735711810456e-08,,proline_rich_disordered_region,AlcoR,3.7851735711810456e-08
,unknown,7.0,7.574893009985734,-0.1138705896232885,0.007909604519774,signature_sequence_count_lcr,3.7851735711810456e-08,,proline_rich_disordered_region,AlcoR,3.7851735711810456e-08
,diverse,0.0,0.920114122681883,,0.0,signature_sequence_count_lcr,3.7851735711810456e-08,,rg_rgg_repeat_region,AlcoR,3.7851735711810456e-08
,mRNA,30.0,15.948644793152638,0.9115286618885894,0.0288461538461538,signature_sequence_count_lcr,3.7851735711810456e-08,,rg_rgg_repeat_region,AlcoR,3.7851735711810456e-08
,ncRNA,0.0,3.0057061340941518,,0.0,signature_sequence_count_lcr,3.7851735711810456e-08,,rg_rgg_repeat_region,AlcoR,3.7851735711810456e-08
,pre-rRNA,1.0,2.039586305278174,-1.0282765561926646,0.0075187969924812,signature_sequence_count_lcr,3.7851735711810456e-08,,rg_rgg_repeat_region,AlcoR,3.7851735711810456e-08
,ribosomal protein,2.0,1.5028530670470757,0.4122960351933171,0.0204081632653061,signature_sequence_count_lcr,3.7851735711810456e-08,,rg_rgg_repeat_region,AlcoR,3.7851735711810456e-08
,snRNA,0.0,1.3341654778887304,,0.0,signature_sequence_count_lcr,3.7851735711810456e-08,,rg_rgg_repeat_region,AlcoR,3.7851735711810456e-08
,snoRNA,0.0,0.920114122681883,,0.0,signature_sequence_count_lcr,3.7851735711810456e-08,,rg_rgg_repeat_region,AlcoR,3.7851735711810456e-08
,tRNA,0.0,3.757132667617689,,0.0,signature_sequence_count_lcr,3.7851735711810456e-08,,rg_rgg_repeat_region,AlcoR,3.7851735711810456e-08
,unknown,10.0,13.571683309557775,-0.4405996707744724,0.0112994350282485,signature_sequence_count_lcr,3.7851735711810456e-08,,rg_rgg_repeat_region,AlcoR,3.7851735711810456e-08
,diverse,1.0,0.0641940085592011,3.9614175376809486,0.0166666666666666,signature_sequence_count_lcr,3.7851735711810456e-08,,serine_rich_region,AlcoR,3.7851735711810456e-08
,mRNA,1.0,1.1126961483594864,-0.1540596797389875,0.0009615384615384,signature_sequence_count_lcr,3.7851735711810456e-08,,serine_rich_region,AlcoR,3.7851735711810456e-08
,ncRNA,0.0,0.209700427960057,,0.0,signature_sequence_count_lcr,3.7851735711810456e-08,,serine_rich_region,AlcoR,3.7851735711810456e-08
,pre-rRNA,0.0,0.1422967189728958,,0.0,signature_sequence_count_lcr,3.7851735711810456e-08,,serine_rich_region,AlcoR,3.7851735711810456e-08
,ribosomal protein,0.0,0.1048502139800285,,0.0,signature_sequence_count_lcr,3.7851735711810456e-08,,serine_rich_region,AlcoR,3.7851735711810456e-08
,snRNA,0.0,0.0930813124108416,,0.0,signature_sequence_count_lcr,3.7851735711810456e-08,,serine_rich_region,AlcoR,3.7851735711810456e-08
,snoRNA,0.0,0.0641940085592011,,0.0,signature_sequence_count_lcr,3.7851735711810456e-08,,serine_rich_region,AlcoR,3.7851735711810456e-08
,tRNA,0.0,0.2621255349500713,,0.0,signature_sequence_count_lcr,3.7851735711810456e-08,,serine_rich_region,AlcoR,3.7851735711810456e-08
,unknown,1.0,0.9468616262482168,0.0787744883191072,0.0011299435028248,signature_sequence_count_lcr,3.7851735711810456e-08,,serine_rich_region,AlcoR,3.7851735711810456e-08
,diverse,0.0,1.1768901569186876,,0.0,signature_sequence_count_lcr,3.7851735711810456e-08,,sr_rs_repeat_region,AlcoR,3.7851735711810456e-08
,mRNA,38.0,20.399429386590583,0.8974706209010948,0.0365384615384615,signature_sequence_count_lcr,3.7851735711810456e-08,,sr_rs_repeat_region,AlcoR,3.7851735711810456e-08
,ncRNA,1.0,3.84450784593438,-1.942798923629245,0.0051020408163265,signature_sequence_count_lcr,3.7851735711810456e-08,,sr_rs_repeat_region,AlcoR,3.7851735711810456e-08
,pre-rRNA,1.0,2.6087731811697576,-1.383371515015226,0.0075187969924812,signature_sequence_count_lcr,3.7851735711810456e-08,,sr_rs_repeat_region,AlcoR,3.7851735711810456e-08
,ribosomal protein,0.0,1.9222539229671896,,0.0,signature_sequence_count_lcr,3.7851735711810456e-08,,sr_rs_repeat_region,AlcoR,3.7851735711810456e-08
,snRNA,6.0,1.706490727532097,1.8139299253583916,0.0689655172413793,signature_sequence_count_lcr,3.7851735711810456e-08,,sr_rs_repeat_region,AlcoR,3.7851735711810456e-08
,snoRNA,0.0,1.1768901569186876,,0.0,signature_sequence_count_lcr,3.7851735711810456e-08,,sr_rs_repeat_region,AlcoR,3.7851735711810456e-08
,tRNA,0.0,4.805634807417975,,0.0,signature_sequence_count_lcr,3.7851735711810456e-08,,sr_rs_repeat_region,AlcoR,3.7851735711810456e-08
,unknown,9.0,17.35912981455064,-0.947697723042084,0.0101694915254237,signature_sequence_count_lcr,3.7851735711810456e-08,,sr_rs_repeat_region,AlcoR,3.7851735711810456e-08
,diverse,7.0,5.156918687589158,0.4408456242297472,0.1166666666666666,signature_sequence_count_lcr,3.7851735711810456e-08,,unmapped_physicochemical_properties,AlcoR,3.7851735711810456e-08
,mRNA,86.0,89.38659058487875,-0.0557217605456949,0.0826923076923076,signature_sequence_count_lcr,3.7851735711810456e-08,,unmapped_physicochemical_properties,AlcoR,3.7851735711810456e-08
,ncRNA,15.0,16.845934379457915,-0.167437950726028,0.0765306122448979,signature_sequence_count_lcr,3.7851735711810456e-08,,unmapped_physicochemical_properties,AlcoR,3.7851735711810456e-08
,pre-rRNA,17.0,11.4311697574893,0.5725617035298115,0.1278195488721804,signature_sequence_count_lcr,3.7851735711810456e-08,,unmapped_physicochemical_properties,AlcoR,3.7851735711810456e-08
,ribosomal protein,8.0,8.422967189728958,-0.0743285463345464,0.0816326530612244,signature_sequence_count_lcr,3.7851735711810456e-08,,unmapped_physicochemical_properties,AlcoR,3.7851735711810456e-08
,snRNA,8.0,7.477532097004279,0.0974378019319332,0.0919540229885057,signature_sequence_count_lcr,3.7851735711810456e-08,,unmapped_physicochemical_properties,AlcoR,3.7851735711810456e-08
,snoRNA,1.0,5.156918687589158,-2.366509297827857,0.0166666666666666,signature_sequence_count_lcr,3.7851735711810456e-08,,unmapped_physicochemical_properties,AlcoR,3.7851735711810456e-08
,tRNA,22.0,21.0574179743224,0.0631749774153882,0.0897959183673469,signature_sequence_count_lcr,3.7851735711810456e-08,,unmapped_physicochemical_properties,AlcoR,3.7851735711810456e-08
,unknown,77.0,76.06455064194009,0.017634193505203,0.0870056497175141,signature_sequence_count_lcr,3.7851735711810456e-08,,unmapped_physicochemical_properties,AlcoR,3.7851735711810456e-08
,diverse,0.0,112.86459732670608,,0.0,signature_residue_count_lcr,0.0,,acidic_region,AlcoR,0.0
,mRNA,2177.0,1695.1310409390112,0.3609446033058544,0.0254742040042593,signature_residue_count_lcr,0.0,,acidic_region,AlcoR,0.0
,ncRNA,148.0,289.9370508127351,-0.970142530115936,0.010125196688787,signature_residue_count_lcr,0.0,,acidic_region,AlcoR,0.0
,pre-rRNA,391.0,241.280309645352,0.6964584223399086,0.0321440315685629,signature_residue_count_lcr,0.0,,acidic_region,AlcoR,0.0
,ribosomal protein,80.0,106.43786102901666,-0.4119395183098046,0.0149086843086097,signature_residue_count_lcr,0.0,,acidic_region,AlcoR,0.0
,snRNA,89.0,185.0860382522837,-1.0563188301168254,0.0095380988104168,signature_residue_count_lcr,0.0,,acidic_region,AlcoR,0.0
,snoRNA,179.0,54.2900532307899,1.721199783962654,0.0654000730727073,signature_residue_count_lcr,0.0,,acidic_region,AlcoR,0.0
,tRNA,378.0,326.5139080131649,0.2112417890933981,0.0229633679606342,signature_residue_count_lcr,0.0,,acidic_region,AlcoR,0.0
,unknown,1283.0,1713.4591407509404,-0.4173906192475139,0.0148524593959459,signature_residue_count_lcr,0.0,,acidic_region,AlcoR,0.0
,diverse,54.0,51.04585068511553,0.0811657123688646,0.0094903339191564,signature_residue_count_lcr,0.0,,arginine_rich_rna_contact_region,AlcoR,0.0
,mRNA,708.0,766.665615764374,-0.1148481174633685,0.0082846745222855,signature_residue_count_lcr,0.0,,arginine_rich_rna_contact_region,AlcoR,0.0
,ncRNA,184.0,131.13131800779152,0.4886934816481133,0.0125880823698433,signature_residue_count_lcr,0.0,,arginine_rich_rna_contact_region,AlcoR,0.0
,pre-rRNA,239.0,109.12508396023644,1.131027854349291,0.0196481420585333,signature_residue_count_lcr,0.0,,arginine_rich_rna_contact_region,AlcoR,0.0
,ribosomal protein,376.0,48.139197675980654,2.965448659816457,0.0700708162504658,signature_residue_count_lcr,0.0,,arginine_rich_rna_contact_region,AlcoR,0.0
,snRNA,13.0,83.70981243283181,-2.686885121606145,0.0013932054442181,signature_residue_count_lcr,0.0,,arginine_rich_rna_contact_region,AlcoR,0.0
,snoRNA,17.0,24.554041006179474,-0.5304257307152767,0.0062111801242236,signature_residue_count_lcr,0.0,,arginine_rich_rna_contact_region,AlcoR,0.0
,tRNA,131.0,147.67412093632456,-0.172850212254238,0.0079582042403256,signature_residue_count_lcr,0.0,,arginine_rich_rna_contact_region,AlcoR,0.0
,unknown,415.0,774.9549595311661,-0.901001126766923,0.0048041860088211,signature_residue_count_lcr,0.0,,arginine_rich_rna_contact_region,AlcoR,0.0
,diverse,3471.0,3162.0718867544333,0.1344811987715926,0.6100175746924429,signature_residue_count_lcr,0.0,,aromatic_sticker_region,AlcoR,0.0
,mRNA,42042.0,47491.65226188877,-0.1758426471940617,0.4919552065902947,signature_residue_count_lcr,0.0,,aromatic_sticker_region,AlcoR,0.0
,ncRNA,7922.0,8123.023685182698,-0.0361521497667295,0.5419716768146678,signature_residue_count_lcr,0.0,,aromatic_sticker_region,AlcoR,0.0
,pre-rRNA,5084.0,6759.831710102096,-0.4110232998889482,0.4179546201907267,signature_residue_count_lcr,0.0,,aromatic_sticker_region,AlcoR,0.0
,ribosomal protein,2776.0,2982.017178264374,-0.1032810005453692,0.5173313455087588,signature_residue_count_lcr,0.0,,aromatic_sticker_region,AlcoR,0.0
,snRNA,5384.0,5185.464459631919,0.0542051936006304,0.5770013932054442,signature_residue_count_lcr,0.0,,aromatic_sticker_region,AlcoR,0.0
,snoRNA,1328.0,1521.0177072138636,-0.1957818018811409,0.485202776762879,signature_residue_count_lcr,0.0,,aromatic_sticker_region,AlcoR,0.0
,tRNA,11970.0,9147.779495231058,0.3879296567767263,0.7271733187534172,signature_residue_count_lcr,0.0,,aromatic_sticker_region,AlcoR,0.0
,unknown,52401.0,48005.14161573079,0.1264054091339138,0.6066124121644305,signature_residue_count_lcr,0.0,,aromatic_sticker_region,AlcoR,0.0
,diverse,17.0,38.81586680548092,-1.1911117586876323,0.0029876977152899,signature_residue_count_lcr,0.0,,basic_enriched_region,AlcoR,0.0
,mRNA,311.0,582.981574926115,-0.9065357075591314,0.0036391720006084,signature_residue_count_lcr,0.0,,basic_enriched_region,AlcoR,0.0
,ncRNA,165.0,99.71380054406234,0.726600929693548,0.0112882260381747,signature_residue_count_lcr,0.0,,basic_enriched_region,AlcoR,0.0
,pre-rRNA,259.0,82.98000067168189,1.6421165239117284,0.0212923380466951,signature_residue_count_lcr,0.0,,basic_enriched_region,AlcoR,0.0
,ribosomal protein,167.0,36.60561358140784,2.1897112904695035,0.0311218784942228,signature_residue_count_lcr,0.0,,basic_enriched_region,AlcoR,0.0
,snRNA,47.0,63.65392849946265,-0.4375887982129674,0.0050369735290965,signature_residue_count_lcr,0.0,,basic_enriched_region,AlcoR,0.0
,snoRNA,43.0,18.67118232804944,1.2035233725931138,0.0157106320789185,signature_residue_count_lcr,0.0,,basic_enriched_region,AlcoR,0.0
,tRNA,121.0,112.2931429674906,0.107737213339538,0.0073507077334305,signature_residue_count_lcr,0.0,,basic_enriched_region,AlcoR,0.0
,unknown,495.0,589.2848896762493,-0.2515367481776063,0.0057302941550999,signature_residue_count_lcr,0.0,,basic_enriched_region,AlcoR,0.0
,diverse,512.0,774.2630810048361,-0.5966800418966682,0.0899824253075571,signature_residue_count_lcr,0.0,,cation_pi_rich_neighborhood,AlcoR,0.0
,mRNA,9517.0,11628.778319787749,-0.2891207638913761,0.1113633438256942,signature_residue_count_lcr,0.0,,cation_pi_rich_neighborhood,AlcoR,0.0
,ncRNA,3306.0,1988.998849744761,0.7330442827813496,0.2261750017103372,signature_residue_count_lcr,0.0,,cation_pi_rich_neighborhood,AlcoR,0.0
,pre-rRNA,2783.0,1655.2084564750137,0.7496279875980854,0.2287898717527129,signature_residue_count_lcr,0.0,,cation_pi_rich_neighborhood,AlcoR,0.0
,ribosomal protein,481.0,730.1749899247716,-0.6022053601932033,0.0896384644055162,signature_residue_count_lcr,0.0,,cation_pi_rich_neighborhood,AlcoR,0.0
,snRNA,1238.0,1269.70980823482,-0.0364874926350368,0.1326760261493945,signature_residue_count_lcr,0.0,,cation_pi_rich_neighborhood,AlcoR,0.0
,snoRNA,580.0,372.4355101423965,0.639062265947254,0.2119108512970405,signature_residue_count_lcr,0.0,,cation_pi_rich_neighborhood,AlcoR,0.0
,tRNA,1366.0,2239.9199607066093,-0.7134896976036624,0.0829840228418686,signature_residue_count_lcr,0.0,,cation_pi_rich_neighborhood,AlcoR,0.0
,unknown,12631.0,11754.511023979045,0.1037543366856609,0.1462208999455911,signature_residue_count_lcr,0.0,,cation_pi_rich_neighborhood,AlcoR,0.0
,diverse,58.0,106.86903882321332,-0.8817191430663396,0.0101933216168717,signature_residue_count_lcr,0.0,,disorder_rich_spacer_region,AlcoR,0.0
,mRNA,1957.0,1605.082809981193,0.2859960246811301,0.0228998701131536,signature_residue_count_lcr,0.0,,disorder_rich_spacer_region,AlcoR,0.0
,ncRNA,335.0,274.53510377485225,0.2871704625369274,0.0229185195320517,signature_residue_count_lcr,0.0,,disorder_rich_spacer_region,AlcoR,0.0
,pre-rRNA,257.0,228.4630910800645,0.1698072471631129,0.0211279184478789,signature_residue_count_lcr,0.0,,disorder_rich_spacer_region,AlcoR,0.0
,ribosomal protein,151.0,100.78370163890382,0.5832861990645904,0.0281401416325009,signature_residue_count_lcr,0.0,,disorder_rich_spacer_region,AlcoR,0.0
,snRNA,15.0,175.25395452713596,-3.5464125925380263,0.0016075447433286,signature_residue_count_lcr,0.0,,disorder_rich_spacer_region,AlcoR,0.0
,snoRNA,119.0,51.40607368350349,1.2109508429430198,0.0434782608695652,signature_residue_count_lcr,0.0,,disorder_rich_spacer_region,AlcoR,0.0
,tRNA,365.0,309.16893639172486,0.2395010915763836,0.0221736225016706,signature_residue_count_lcr,0.0,,disorder_rich_spacer_region,AlcoR,0.0
,unknown,1217.0,1622.437290099409,-0.4148335486867895,0.0140884201752659,signature_residue_count_lcr,0.0,,disorder_rich_spacer_region,AlcoR,0.0
,diverse,0.0,0.35830030897367,,0.0,signature_residue_count_lcr,0.0,,glutamine_rich_region,AlcoR,0.0
,mRNA,0.0,5.381368383933369,,0.0,signature_residue_count_lcr,0.0,,glutamine_rich_region,AlcoR,0.0
,ncRNA,0.0,0.9204350819451907,,0.0,signature_residue_count_lcr,0.0,,glutamine_rich_region,AlcoR,0.0
,pre-rRNA,0.0,0.7659692369693714,,0.0,signature_residue_count_lcr,0.0,,glutamine_rich_region,AlcoR,0.0
,ribosomal protein,0.0,0.3378979715206878,,0.0,signature_residue_count_lcr,0.0,,glutamine_rich_region,AlcoR,0.0
,snRNA,0.0,0.5875747246104245,,0.0,signature_residue_count_lcr,0.0,,glutamine_rich_region,AlcoR,0.0
,snoRNA,0.0,0.1723493753358409,,0.0,signature_residue_count_lcr,0.0,,glutamine_rich_region,AlcoR,0.0
,tRNA,0.0,1.0365520889306823,,0.0,signature_residue_count_lcr,0.0,,glutamine_rich_region,AlcoR,0.0
,unknown,15.0,5.439552827780763,1.4634025396586008,0.0001736452774272,signature_residue_count_lcr,0.0,,glutamine_rich_region,AlcoR,0.0
,diverse,0.0,0.4299603707684041,,0.0,signature_residue_count_lcr,0.0,,glycine_rich_region,AlcoR,0.0
,mRNA,18.0,6.457642060720043,1.4789175251134452,0.0002106273183631,signature_residue_count_lcr,0.0,,glycine_rich_region,AlcoR,0.0
,ncRNA,0.0,1.104522098334229,,0.0,signature_residue_count_lcr,0.0,,glycine_rich_region,AlcoR,0.0
,pre-rRNA,0.0,0.9191630843632456,,0.0,signature_residue_count_lcr,0.0,,glycine_rich_region,AlcoR,0.0
,ribosomal protein,0.0,0.4054775658248253,,0.0,signature_residue_count_lcr,0.0,,glycine_rich_region,AlcoR,0.0
,snRNA,0.0,0.7050896695325094,,0.0,signature_residue_count_lcr,0.0,,glycine_rich_region,AlcoR,0.0
,snoRNA,0.0,0.2068192504030091,,0.0,signature_residue_count_lcr,0.0,,glycine_rich_region,AlcoR,0.0
,tRNA,0.0,1.243862506716819,,0.0,signature_residue_count_lcr,0.0,,glycine_rich_region,AlcoR,0.0
,unknown,0.0,6.527463393336916,,0.0,signature_residue_count_lcr,0.0,,glycine_rich_region,AlcoR,0.0
,diverse,856.0,188.05988883664696,2.1864186263795973,0.150439367311072,signature_residue_count_lcr,0.0,,gs_rich_neutral_region,AlcoR,0.0
,mRNA,2076.0,2824.500885780494,-0.444189509415431,0.0242923507178881,signature_residue_count_lcr,0.0,,gs_rich_neutral_region,AlcoR,0.0
,ncRNA,872.0,483.1056933436325,0.8519892801410809,0.0596565642744749,signature_residue_count_lcr,0.0,,gs_rich_neutral_region,AlcoR,0.0
,pre-rRNA,0.0,402.031720177324,,0.0,signature_residue_count_lcr,0.0,,gs_rich_neutral_region,AlcoR,0.0
,ribosomal protein,184.0,177.35138198549168,0.0530951939688861,0.0342899739098024,signature_residue_count_lcr,0.0,,gs_rich_neutral_region,AlcoR,0.0
,snRNA,10.0,308.39838712385813,-4.94672331508682,0.0010716964955524,signature_residue_count_lcr,0.0,,gs_rich_neutral_region,AlcoR,0.0
,snoRNA,0.0,90.46044213460505,,0.0,signature_residue_count_lcr,0.0,,gs_rich_neutral_region,AlcoR,0.0
,tRNA,29.0,544.0516397434175,-4.229618788891062,0.0017617398699957,signature_residue_count_lcr,0.0,,gs_rich_neutral_region,AlcoR,0.0
,unknown,3846.0,2855.0399608745297,0.429847824111741,0.0445226491323524,signature_residue_count_lcr,0.0,,gs_rich_neutral_region,AlcoR,0.0
,diverse,62.0,30.073339266523373,1.043783145533066,0.0108963093145869,signature_residue_count_lcr,0.0,,hydrophobic_region,AlcoR,0.0
,mRNA,430.0,451.6761863581408,-0.0709521930161111,0.0050316526053429,signature_residue_count_lcr,0.0,,hydrophobic_region,AlcoR,0.0
,ncRNA,133.0,77.25518454459967,0.7837225860330846,0.0090989943216802,signature_residue_count_lcr,0.0,,hydrophobic_region,AlcoR,0.0
,pre-rRNA,113.0,64.29035128962923,0.8136486337245249,0.0092897073331141,signature_residue_count_lcr,0.0,,hydrophobic_region,AlcoR,0.0
,ribosomal protein,62.0,28.360903076303064,1.128364743466489,0.0115542303391725,signature_residue_count_lcr,0.0,,hydrophobic_region,AlcoR,0.0
,snRNA,23.0,49.31710521896829,-1.1004542587494293,0.0024649019397706,signature_residue_count_lcr,0.0,,hydrophobic_region,AlcoR,0.0
,snoRNA,3.0,14.465857569854917,-2.2696174463036654,0.0010960906101571,signature_residue_count_lcr,0.0,,hydrophobic_region,AlcoR,0.0
,tRNA,217.0,87.00127199758195,1.3185866435935854,0.0131826741996233,signature_residue_count_lcr,0.0,,hydrophobic_region,AlcoR,0.0
,unknown,216.0,456.5598006783987,-1.079772525896947,0.0025004919949527,signature_residue_count_lcr,0.0,,hydrophobic_region,AlcoR,0.0
,diverse,479.0,519.8459749462654,-0.1180585747972805,0.0841827768014059,signature_residue_count_lcr,0.0,,mixed_charge_polyampholyte,AlcoR,0.0
,mRNA,7865.0,7807.648009302794,0.0105587520178261,0.0920324366070279,signature_residue_count_lcr,0.0,,mixed_charge_polyampholyte,AlcoR,0.0
,ncRNA,1119.0,1335.428579224879,-0.2550927841713627,0.0765546965861667,signature_residue_count_lcr,0.0,,mixed_charge_polyampholyte,AlcoR,0.0
,pre-rRNA,1527.0,1111.319233610962,0.4584267624265369,0.1255343636961526,signature_residue_count_lcr,0.0,,mixed_charge_polyampholyte,AlcoR,0.0
,ribosomal protein,457.0,490.2449036136486,-0.1013084675419681,0.0851658591129332,signature_residue_count_lcr,0.0,,mixed_charge_polyampholyte,AlcoR,0.0
,snRNA,765.0,852.4925821131112,-0.1562275329060798,0.0819847819097631,signature_residue_count_lcr,0.0,,mixed_charge_polyampholyte,AlcoR,0.0
,snoRNA,450.0,250.05596369559376,0.847673988512564,0.1644135915235659,signature_residue_count_lcr,0.0,,mixed_charge_polyampholyte,AlcoR,0.0
,tRNA,1298.0,1503.8988740932296,-0.212417176531407,0.078853046594982,signature_residue_count_lcr,0.0,,mixed_charge_polyampholyte,AlcoR,0.0
,unknown,7803.0,7892.065879399516,-0.0163740990759199,0.0903302733176666,signature_residue_count_lcr,0.0,,mixed_charge_polyampholyte,AlcoR,0.0
,diverse,0.0,0.9793541778613648,,0.0,signature_residue_count_lcr,0.0,,polar_linker,AlcoR,0.0
,mRNA,15.0,14.70907358275121,0.0282561161038798,0.0001755227653026,signature_residue_count_lcr,0.0,,polar_linker,AlcoR,0.0
,ncRNA,0.0,2.515855890650188,,0.0,signature_residue_count_lcr,0.0,,polar_linker,AlcoR,0.0
,pre-rRNA,0.0,2.0936492477162814,,0.0,signature_residue_count_lcr,0.0,,polar_linker,AlcoR,0.0
,ribosomal protein,0.0,0.9235877888232134,,0.0,signature_residue_count_lcr,0.0,,polar_linker,AlcoR,0.0
,snRNA,0.0,1.606037580601827,,0.0,signature_residue_count_lcr,0.0,,polar_linker,AlcoR,0.0
,snoRNA,0.0,0.4710882925846319,,0.0,signature_residue_count_lcr,0.0,,polar_linker,AlcoR,0.0
,tRNA,0.0,2.833242376410532,,0.0,signature_residue_count_lcr,0.0,,polar_linker,AlcoR,0.0
,unknown,26.0,14.868111062600752,0.8062902531816094,0.0003009851475406,signature_residue_count_lcr,0.0,,polar_linker,AlcoR,0.0
,diverse,0.0,11.943343632455669,,0.0,signature_residue_count_lcr,0.0,,proline_rich_disordered_region,AlcoR,0.0
,mRNA,307.0,179.37894613111231,0.7752280858215375,0.0035923659298611,signature_residue_count_lcr,0.0,,proline_rich_disordered_region,AlcoR,0.0
,ncRNA,35.0,30.681169398173022,0.1900014505337908,0.0023944721899158,signature_residue_count_lcr,0.0,,proline_rich_disordered_region,AlcoR,0.0
,pre-rRNA,18.0,25.532307898979045,-0.504327044191421,0.0014797763893456,signature_residue_count_lcr,0.0,,proline_rich_disordered_region,AlcoR,0.0
,ribosomal protein,0.0,11.26326571735626,,0.0,signature_residue_count_lcr,0.0,,proline_rich_disordered_region,AlcoR,0.0
,snRNA,0.0,19.585824153680814,,0.0,signature_residue_count_lcr,0.0,,proline_rich_disordered_region,AlcoR,0.0
,snoRNA,0.0,5.744979177861365,,0.0,signature_residue_count_lcr,0.0,,proline_rich_disordered_region,AlcoR,0.0
,tRNA,19.0,34.551736297689416,-0.862758792350379,0.0011542433631006,signature_residue_count_lcr,0.0,,proline_rich_disordered_region,AlcoR,0.0
,unknown,121.0,181.3184275926921,-0.5835185077288916,0.0014007385712466,signature_residue_count_lcr,0.0,,proline_rich_disordered_region,AlcoR,0.0
,diverse,0.0,266.00214938205266,,0.0,signature_residue_count_lcr,0.0,,rg_rgg_repeat_region,AlcoR,0.0
,mRNA,7743.0,3995.127888232133,0.954650956079843,0.0906048514492329,signature_residue_count_lcr,0.0,,rg_rgg_repeat_region,AlcoR,0.0
,ncRNA,0.0,683.3310048361096,,0.0,signature_residue_count_lcr,0.0,,rg_rgg_repeat_region,AlcoR,0.0
,pre-rRNA,648.0,568.6555615260612,0.1884387460642502,0.0532719500164419,signature_residue_count_lcr,0.0,,rg_rgg_repeat_region,AlcoR,0.0
,ribosomal protein,436.0,250.85545405695865,0.7974718297268285,0.0812523294819232,signature_residue_count_lcr,0.0,,rg_rgg_repeat_region,AlcoR,0.0
,snRNA,0.0,436.2154755507792,,0.0,signature_residue_count_lcr,0.0,,rg_rgg_repeat_region,AlcoR,0.0
,snoRNA,0.0,127.95217624932832,,0.0,signature_residue_count_lcr,0.0,,rg_rgg_repeat_region,AlcoR,0.0
,tRNA,0.0,769.5362708221386,,0.0,signature_residue_count_lcr,0.0,,rg_rgg_repeat_region,AlcoR,0.0
,unknown,2309.0,4038.3240193444394,-0.8064884984160123,0.0267297963719713,signature_residue_count_lcr,0.0,,rg_rgg_repeat_region,AlcoR,0.0
,diverse,14.0,0.7166006179473401,4.288113729314293,0.0024604569420035,signature_residue_count_lcr,0.0,,serine_rich_region,AlcoR,0.0
,mRNA,3.0,10.762736767866738,-1.8430105697739168,3.510455306053195e-05,signature_residue_count_lcr,0.0,,serine_rich_region,AlcoR,0.0
,ncRNA,0.0,1.8408701638903813,,0.0,signature_residue_count_lcr,0.0,,serine_rich_region,AlcoR,0.0
,pre-rRNA,0.0,1.5319384739387427,,0.0,signature_residue_count_lcr,0.0,,serine_rich_region,AlcoR,0.0
,ribosomal protein,0.0,0.6757959430413756,,0.0,signature_residue_count_lcr,0.0,,serine_rich_region,AlcoR,0.0
,snRNA,0.0,1.175149449220849,,0.0,signature_residue_count_lcr,0.0,,serine_rich_region,AlcoR,0.0
,snoRNA,0.0,0.3446987506716819,,0.0,signature_residue_count_lcr,0.0,,serine_rich_region,AlcoR,0.0
,tRNA,0.0,2.073104177861365,,0.0,signature_residue_count_lcr,0.0,,serine_rich_region,AlcoR,0.0
,unknown,13.0,10.879105655561526,0.2569516621911744,0.0001504925737703,signature_residue_count_lcr,0.0,,serine_rich_region,AlcoR,0.0
,diverse,0.0,293.78236667114453,,0.0,signature_residue_count_lcr,0.0,,sr_rs_repeat_region,AlcoR,0.0
,mRNA,8265.0,4412.363316933101,0.905463231227141,0.0967130436817655,signature_residue_count_lcr,0.0,,sr_rs_repeat_region,AlcoR,0.0
,ncRNA,99.0,754.6954048562601,-2.930394059735459,0.0067729356229048,signature_residue_count_lcr,0.0,,sr_rs_repeat_region,AlcoR,0.0
,pre-rRNA,516.0,628.0437096990865,-0.2834939036143725,0.0424202564945741,signature_residue_count_lcr,0.0,,sr_rs_repeat_region,AlcoR,0.0
,ribosomal protein,0.0,277.0538101155293,,0.0,signature_residue_count_lcr,0.0,,sr_rs_repeat_region,AlcoR,0.0
,snRNA,1524.0,481.7721025322408,1.661440142339916,0.1633265459221948,signature_residue_count_lcr,0.0,,sr_rs_repeat_region,AlcoR,0.0
,snoRNA,0.0,141.31499781703386,,0.0,signature_residue_count_lcr,0.0,,sr_rs_repeat_region,AlcoR,0.0
,tRNA,0.0,849.9036094505642,,0.0,signature_residue_count_lcr,0.0,,sr_rs_repeat_region,AlcoR,0.0
,unknown,1895.0,4460.07068192504,-1.2348687253489252,0.0219371867149786,signature_residue_count_lcr,0.0,,sr_rs_repeat_region,AlcoR,0.0
,diverse,167.0,131.8784003895755,0.3406398095473203,0.0293497363796133,signature_residue_count_lcr,0.0,,unmapped_physicochemical_properties,AlcoR,0.0
,mRNA,2025.0,1980.702323179742,0.0319098319808553,0.023695573315859,signature_residue_count_lcr,0.0,,unmapped_physicochemical_properties,AlcoR,0.0
,ncRNA,299.0,338.78147249462654,-0.1802094933429225,0.0204556338509954,signature_residue_count_lcr,0.0,,unmapped_physicochemical_properties,AlcoR,0.0
,pre-rRNA,329.0,281.9277438205266,0.2227621269716562,0.0270470240052614,signature_residue_count_lcr,0.0,,unmapped_physicochemical_properties,AlcoR,0.0
,ribosomal protein,196.0,124.36898005104784,0.6562269591218993,0.0365262765560939,signature_residue_count_lcr,0.0,,unmapped_physicochemical_properties,AlcoR,0.0
,snRNA,223.0,216.2666703049436,0.0442323670409397,0.0238988318508198,signature_residue_count_lcr,0.0,,unmapped_physicochemical_properties,AlcoR,0.0
,snoRNA,18.0,63.43606008194519,-1.817306263655432,0.0065765436609426,signature_residue_count_lcr,0.0,,unmapped_physicochemical_properties,AlcoR,0.0
,tRNA,567.0,381.5202721990865,0.5715890180184123,0.0344450519409513,signature_residue_count_lcr,0.0,,unmapped_physicochemical_properties,AlcoR,0.0
,unknown,1697.0,2002.1180774785064,-0.2385404965906749,0.0196450690529386,signature_residue_count_lcr,0.0,,unmapped_physicochemical_properties,AlcoR,0.0
distal_terminal,diverse,16.0,10.038829787234045,0.6724807990260947,0.5925925925925926,position_lcr,2.99042699058853e-41,,,CAST,2.99042699058853e-41
distal_terminal,mRNA,305.0,326.8196808510638,-0.099685621503592,0.3469852104664391,position_lcr,2.99042699058853e-41,,,CAST,2.99042699058853e-41
distal_terminal,ncRNA,39.0,46.10425531914893,-0.2414257903350635,0.314516129032258,position_lcr,2.99042699058853e-41,,,CAST,2.99042699058853e-41
distal_terminal,pre-rRNA,43.0,44.24521276595745,-0.0411847074162822,0.361344537815126,position_lcr,2.99042699058853e-41,,,CAST,2.99042699058853e-41
distal_terminal,ribosomal protein,1.0,17.846808510638297,-4.157594199531593,0.0208333333333333,position_lcr,2.99042699058853e-41,,,CAST,2.99042699058853e-41
distal_terminal,snRNA,21.0,40.52712765957447,-0.9484986008086026,0.1926605504587156,position_lcr,2.99042699058853e-41,,,CAST,2.99042699058853e-41
distal_terminal,snoRNA,15.0,19.33404255319149,-0.3661808213430104,0.2884615384615384,position_lcr,2.99042699058853e-41,,,CAST,2.99042699058853e-41
distal_terminal,tRNA,19.0,23.052127659574467,-0.2789004957537263,0.3064516129032258,position_lcr,2.99042699058853e-41,,,CAST,2.99042699058853e-41
distal_terminal,unknown,240.0,171.03191489361703,0.4887688458537064,0.5217391304347826,position_lcr,2.99042699058853e-41,,,CAST,2.99042699058853e-41
domain_adjacent,diverse,2.0,6.175531914893617,-1.626563405187929,0.074074074074074,position_lcr,2.99042699058853e-41,,,CAST,2.99042699058853e-41
domain_adjacent,mRNA,210.0,201.04787234042556,0.062850259498258,0.2389078498293515,position_lcr,2.99042699058853e-41,,,CAST,2.99042699058853e-41
domain_adjacent,ncRNA,26.0,28.361702127659573,-0.1254324952702434,0.2096774193548387,position_lcr,2.99042699058853e-41,,,CAST,2.99042699058853e-41
domain_adjacent,pre-rRNA,38.0,27.21808510638298,0.4814338471111814,0.3193277310924369,position_lcr,2.99042699058853e-41,,,CAST,2.99042699058853e-41
domain_adjacent,ribosomal protein,6.0,10.97872340425532,-0.8716759030244606,0.125,position_lcr,2.99042699058853e-41,,,CAST,2.99042699058853e-41
domain_adjacent,snRNA,23.0,24.930851063829788,-0.1162982717443741,0.2110091743119266,position_lcr,2.99042699058853e-41,,,CAST,2.99042699058853e-41
domain_adjacent,snoRNA,15.0,11.893617021276595,0.3347749744429657,0.2884615384615384,position_lcr,2.99042699058853e-41,,,CAST,2.99042699058853e-41
domain_adjacent,tRNA,21.0,14.180851063829786,0.5664452093674246,0.3387096774193548,position_lcr,2.99042699058853e-41,,,CAST,2.99042699058853e-41
domain_adjacent,unknown,89.0,105.2127659574468,-0.241432523002438,0.1934782608695652,position_lcr,2.99042699058853e-41,,,CAST,2.99042699058853e-41
domain_edge,diverse,2.0,3.9638297872340416,-0.9868950123766378,0.074074074074074,position_lcr,2.99042699058853e-41,,,CAST,2.99042699058853e-41
domain_edge,mRNA,142.0,129.04468085106382,0.1380202541481088,0.161547212741752,position_lcr,2.99042699058853e-41,,,CAST,2.99042699058853e-41
domain_edge,ncRNA,8.0,18.20425531914893,-1.1862038206000445,0.064516129032258,position_lcr,2.99042699058853e-41,,,CAST,2.99042699058853e-41
domain_edge,pre-rRNA,18.0,17.470212765957445,0.0430997279211995,0.1512605042016806,position_lcr,2.99042699058853e-41,,,CAST,2.99042699058853e-41
domain_edge,ribosomal protein,32.0,7.046808510638298,2.1830299890656746,0.6666666666666666,position_lcr,2.99042699058853e-41,,,CAST,2.99042699058853e-41
domain_edge,snRNA,20.0,16.00212765957447,0.3217362598972665,0.1834862385321101,position_lcr,2.99042699058853e-41,,,CAST,2.99042699058853e-41
domain_edge,snoRNA,8.0,7.634042553191489,0.0675527716457385,0.1538461538461538,position_lcr,2.99042699058853e-41,,,CAST,2.99042699058853e-41
domain_edge,tRNA,6.0,9.102127659574467,-0.6012413198788883,0.0967741935483871,position_lcr,2.99042699058853e-41,,,CAST,2.99042699058853e-41
domain_edge,unknown,40.0,67.53191489361703,-0.7555694662701823,0.0869565217391304,position_lcr,2.99042699058853e-41,,,CAST,2.99042699058853e-41
domain_intrinsic,diverse,0.0,0.675,,0.0,position_lcr,2.99042699058853e-41,,,CAST,2.99042699058853e-41
domain_intrinsic,mRNA,15.0,21.975,-0.5509006646475233,0.0170648464163822,position_lcr,2.99042699058853e-41,,,CAST,2.99042699058853e-41
domain_intrinsic,ncRNA,3.0,3.1,-0.0473057147783568,0.0241935483870967,position_lcr,2.99042699058853e-41,,,CAST,2.99042699058853e-41
domain_intrinsic,pre-rRNA,6.0,2.975,1.012072832300575,0.0504201680672268,position_lcr,2.99042699058853e-41,,,CAST,2.99042699058853e-41
domain_intrinsic,ribosomal protein,8.0,1.2,2.736965594166206,0.1666666666666666,position_lcr,2.99042699058853e-41,,,CAST,2.99042699058853e-41
domain_intrinsic,snRNA,4.0,2.725,0.5537437701104359,0.036697247706422,position_lcr,2.99042699058853e-41,,,CAST,2.99042699058853e-41
domain_intrinsic,snoRNA,2.0,1.3,0.6214883767462701,0.0384615384615384,position_lcr,2.99042699058853e-41,,,CAST,2.99042699058853e-41
domain_intrinsic,tRNA,2.0,1.55,0.3677317845004871,0.032258064516129,position_lcr,2.99042699058853e-41,,,CAST,2.99042699058853e-41
domain_intrinsic,unknown,7.0,11.5,-0.7162070339994087,0.0152173913043478,position_lcr,2.99042699058853e-41,,,CAST,2.99042699058853e-41
interdomain_linker,diverse,1.0,2.384042553191489,-1.2534099869453936,0.037037037037037,position_lcr,2.99042699058853e-41,,,CAST,2.99042699058853e-41
interdomain_linker,mRNA,92.0,77.61382978723404,0.2453201161316839,0.1046643913538111,position_lcr,2.99042699058853e-41,,,CAST,2.99042699058853e-41
interdomain_linker,ncRNA,11.0,10.948936170212766,0.0067128234684968,0.0887096774193548,position_lcr,2.99042699058853e-41,,,CAST,2.99042699058853e-41
interdomain_linker,pre-rRNA,2.0,10.507446808510638,-2.3933402480898684,0.0168067226890756,position_lcr,2.99042699058853e-41,,,CAST,2.99042699058853e-41
interdomain_linker,ribosomal protein,0.0,4.238297872340426,,0.0,position_lcr,2.99042699058853e-41,,,CAST,2.99042699058853e-41
interdomain_linker,snRNA,17.0,9.624468085106384,0.820756031691488,0.1559633027522936,position_lcr,2.99042699058853e-41,,,CAST,2.99042699058853e-41
interdomain_linker,snoRNA,2.0,4.591489361702128,-1.1989622029230174,0.0384615384615384,position_lcr,2.99042699058853e-41,,,CAST,2.99042699058853e-41
interdomain_linker,tRNA,4.0,5.474468085106383,-0.4527187951688003,0.064516129032258,position_lcr,2.99042699058853e-41,,,CAST,2.99042699058853e-41
interdomain_linker,unknown,37.0,40.61702127659574,-0.1345591700973505,0.0804347826086956,position_lcr,2.99042699058853e-41,,,CAST,2.99042699058853e-41
unclassified_no_pfam,diverse,6.0,3.762765957446808,0.6731689435852372,0.2222222222222222,position_lcr,2.99042699058853e-41,,,CAST,2.99042699058853e-41
unclassified_no_pfam,mRNA,115.0,122.49893617021276,-0.0911353591714794,0.1308304891922639,position_lcr,2.99042699058853e-41,,,CAST,2.99042699058853e-41
unclassified_no_pfam,ncRNA,37.0,17.280851063829786,1.0983510002696242,0.2983870967741935,position_lcr,2.99042699058853e-41,,,CAST,2.99042699058853e-41
unclassified_no_pfam,pre-rRNA,12.0,16.58404255319149,-0.466761317559238,0.1008403361344537,position_lcr,2.99042699058853e-41,,,CAST,2.99042699058853e-41
unclassified_no_pfam,ribosomal protein,1.0,6.68936170212766,-2.741868555693607,0.0208333333333333,position_lcr,2.99042699058853e-41,,,CAST,2.99042699058853e-41
unclassified_no_pfam,snRNA,24.0,15.190425531914894,0.6598721209717793,0.2201834862385321,position_lcr,2.99042699058853e-41,,,CAST,2.99042699058853e-41
unclassified_no_pfam,snoRNA,10.0,7.246808510638298,0.4645823217738197,0.1923076923076923,position_lcr,2.99042699058853e-41,,,CAST,2.99042699058853e-41
unclassified_no_pfam,tRNA,10.0,8.640425531914893,0.2108257295280368,0.1612903225806451,position_lcr,2.99042699058853e-41,,,CAST,2.99042699058853e-41
unclassified_no_pfam,unknown,47.0,64.1063829787234,-0.4478072542391884,0.1021739130434782,position_lcr,2.99042699058853e-41,,,CAST,2.99042699058853e-41
,diverse,27.0,27.0,0.0,1.0,no_pfam_lcr,,pfam_classified,,CAST,
,mRNA,879.0,879.0,0.0,1.0,no_pfam_lcr,,pfam_classified,,CAST,
,ncRNA,124.0,124.0,0.0,1.0,no_pfam_lcr,,pfam_classified,,CAST,
,pre-rRNA,119.0,119.0,0.0,1.0,no_pfam_lcr,,pfam_classified,,CAST,
,ribosomal protein,48.0,48.0,0.0,1.0,no_pfam_lcr,,pfam_classified,,CAST,
,snRNA,109.0,109.0,0.0,1.0,no_pfam_lcr,,pfam_classified,,CAST,
,snoRNA,52.0,52.0,0.0,1.0,no_pfam_lcr,,pfam_classified,,CAST,
,tRNA,62.0,62.0,0.0,1.0,no_pfam_lcr,,pfam_classified,,CAST,
,unknown,460.0,460.0,0.0,1.0,no_pfam_lcr,,pfam_classified,,CAST,
,diverse,5.0,4.653191489361702,0.1037075364042688,0.1851851851851851,signature_sequence_count_lcr,2.0892333383677727e-46,,acidic_region,CAST,2.4579215745503213e-46
,mRNA,125.0,151.48723404255318,-0.2772681268009419,0.1422070534698521,signature_sequence_count_lcr,2.0892333383677727e-46,,acidic_region,CAST,2.4579215745503213e-46
,ncRNA,25.0,21.370212765957447,0.2263268230682244,0.2016129032258064,signature_sequence_count_lcr,2.0892333383677727e-46,,acidic_region,CAST,2.4579215745503213e-46
,pre-rRNA,35.0,20.50851063829787,0.771132197317398,0.2941176470588235,signature_sequence_count_lcr,2.0892333383677727e-46,,acidic_region,CAST,2.4579215745503213e-46
,ribosomal protein,4.0,8.272340425531915,-1.0482955570407813,0.0833333333333333,signature_sequence_count_lcr,2.0892333383677727e-46,,acidic_region,CAST,2.4579215745503213e-46
,snRNA,22.0,18.785106382978725,0.2279142375407458,0.2018348623853211,signature_sequence_count_lcr,2.0892333383677727e-46,,acidic_region,CAST,2.4579215745503213e-46
,snoRNA,15.0,8.961702127659574,0.7431178211478014,0.2884615384615384,signature_sequence_count_lcr,2.0892333383677727e-46,,acidic_region,CAST,2.4579215745503213e-46
,tRNA,13.0,10.685106382978724,0.2829103514345918,0.2096774193548387,signature_sequence_count_lcr,2.0892333383677727e-46,,acidic_region,CAST,2.4579215745503213e-46
,unknown,80.0,79.27659574468085,0.0131049876233621,0.1739130434782608,signature_sequence_count_lcr,2.0892333383677727e-46,,acidic_region,CAST,2.4579215745503213e-46
,diverse,1.0,1.148936170212766,-0.2002986504858314,0.037037037037037,signature_sequence_count_lcr,2.0892333383677727e-46,,arginine_rich_rna_contact_region,CAST,2.4579215745503213e-46
,mRNA,18.0,37.40425531914894,-1.0552055020234543,0.0204778156996587,signature_sequence_count_lcr,2.0892333383677727e-46,,arginine_rich_rna_contact_region,CAST,2.4579215745503213e-46
,ncRNA,7.0,5.276595744680851,0.4077474633483663,0.0564516129032258,signature_sequence_count_lcr,2.0892333383677727e-46,,arginine_rich_rna_contact_region,CAST,2.4579215745503213e-46
,pre-rRNA,14.0,5.0638297872340425,1.4671260104272978,0.1176470588235294,signature_sequence_count_lcr,2.0892333383677727e-46,,arginine_rich_rna_contact_region,CAST,2.4579215745503213e-46
,ribosomal protein,13.0,2.042553191489361,2.6700660690975733,0.2708333333333333,signature_sequence_count_lcr,2.0892333383677727e-46,,arginine_rich_rna_contact_region,CAST,2.4579215745503213e-46
,snRNA,1.0,4.638297872340425,-2.213595473099289,0.0091743119266055,signature_sequence_count_lcr,2.0892333383677727e-46,,arginine_rich_rna_contact_region,CAST,2.4579215745503213e-46
,snoRNA,1.0,2.2127659574468086,-1.1458508664634548,0.0192307692307692,signature_sequence_count_lcr,2.0892333383677727e-46,,arginine_rich_rna_contact_region,CAST,2.4579215745503213e-46
,tRNA,5.0,2.6382978723404253,0.9223206361781244,0.0806451612903225,signature_sequence_count_lcr,2.0892333383677727e-46,,arginine_rich_rna_contact_region,CAST,2.4579215745503213e-46
,unknown,20.0,19.574468085106385,0.0310268956206246,0.0434782608695652,signature_sequence_count_lcr,2.0892333383677727e-46,,arginine_rich_rna_contact_region,CAST,2.4579215745503213e-46
,diverse,0.0,0.0430851063829787,,0.0,signature_sequence_count_lcr,2.0892333383677727e-46,,aromatic_aggregation_prone_region,CAST,2.4579215745503213e-46
,mRNA,2.0,1.4026595744680852,0.5118350907004393,0.0022753128555176,signature_sequence_count_lcr,2.0892333383677727e-46,,aromatic_aggregation_prone_region,CAST,2.4579215745503213e-46
,ncRNA,1.0,0.1978723404255319,2.3373581354569684,0.0080645161290322,signature_sequence_count_lcr,2.0892333383677727e-46,,aromatic_aggregation_prone_region,CAST,2.4579215745503213e-46
,pre-rRNA,0.0,0.1898936170212766,,0.0,signature_sequence_count_lcr,2.0892333383677727e-46,,aromatic_aggregation_prone_region,CAST,2.4579215745503213e-46
,ribosomal protein,0.0,0.076595744680851,,0.0,signature_sequence_count_lcr,2.0892333383677727e-46,,aromatic_aggregation_prone_region,CAST,2.4579215745503213e-46
,snRNA,0.0,0.1739361702127659,,0.0,signature_sequence_count_lcr,2.0892333383677727e-46,,aromatic_aggregation_prone_region,CAST,2.4579215745503213e-46
,snoRNA,0.0,0.0829787234042553,,0.0,signature_sequence_count_lcr,2.0892333383677727e-46,,aromatic_aggregation_prone_region,CAST,2.4579215745503213e-46
,tRNA,0.0,0.0989361702127659,,0.0,signature_sequence_count_lcr,2.0892333383677727e-46,,aromatic_aggregation_prone_region,CAST,2.4579215745503213e-46
,unknown,0.0,0.7340425531914894,,0.0,signature_sequence_count_lcr,2.0892333383677727e-46,,aromatic_aggregation_prone_region,CAST,2.4579215745503213e-46
,diverse,2.0,2.7861702127659576,-0.4782833977855966,0.074074074074074,signature_sequence_count_lcr,2.0892333383677727e-46,,aromatic_sticker_region,CAST,2.4579215745503213e-46
,mRNA,121.0,90.70531914893616,0.4157479865090624,0.1376564277588168,signature_sequence_count_lcr,2.0892333383677727e-46,,aromatic_sticker_region,CAST,2.4579215745503213e-46
,ncRNA,15.0,12.795744680851064,0.2292983895995154,0.1209677419354838,signature_sequence_count_lcr,2.0892333383677727e-46,,aromatic_sticker_region,CAST,2.4579215745503213e-46
,pre-rRNA,1.0,12.279787234042551,-3.6182136589300713,0.0084033613445378,signature_sequence_count_lcr,2.0892333383677727e-46,,aromatic_sticker_region,CAST,2.4579215745503213e-46
,ribosomal protein,1.0,4.953191489361702,-2.308358396343284,0.0208333333333333,signature_sequence_count_lcr,2.0892333383677727e-46,,aromatic_sticker_region,CAST,2.4579215745503213e-46
,snRNA,8.0,11.247872340425532,-0.4915802203990543,0.073394495412844,signature_sequence_count_lcr,2.0892333383677727e-46,,aromatic_sticker_region,CAST,2.4579215745503213e-46
,snoRNA,1.0,5.365957446808511,-2.42383561376322,0.0192307692307692,signature_sequence_count_lcr,2.0892333383677727e-46,,aromatic_sticker_region,CAST,2.4579215745503213e-46
,tRNA,4.0,6.397872340425532,-0.6775922060090032,0.064516129032258,signature_sequence_count_lcr,2.0892333383677727e-46,,aromatic_sticker_region,CAST,2.4579215745503213e-46
,unknown,41.0,47.46808510638298,-0.2113339419484194,0.0891304347826087,signature_sequence_count_lcr,2.0892333383677727e-46,,aromatic_sticker_region,CAST,2.4579215745503213e-46
,diverse,2.0,1.8526595744680847,0.1104021889782768,0.074074074074074,signature_sequence_count_lcr,2.0892333383677727e-46,,basic_enriched_region,CAST,2.4579215745503213e-46
,mRNA,18.0,60.31436170212766,-1.7445046625593463,0.0204778156996587,signature_sequence_count_lcr,2.0892333383677727e-46,,basic_enriched_region,CAST,2.4579215745503213e-46
,ncRNA,11.0,8.508510638297873,0.3705249993921676,0.0887096774193548,signature_sequence_count_lcr,2.0892333383677727e-46,,basic_enriched_region,CAST,2.4579215745503213e-46
,pre-rRNA,32.0,8.165425531914893,1.970471927833802,0.2689075630252101,signature_sequence_count_lcr,2.0892333383677727e-46,,basic_enriched_region,CAST,2.4579215745503213e-46
,ribosomal protein,16.0,3.293617021276596,2.2803271904205893,0.3333333333333333,signature_sequence_count_lcr,2.0892333383677727e-46,,basic_enriched_region,CAST,2.4579215745503213e-46
,snRNA,10.0,7.479255319148936,0.4190334612521815,0.091743119266055,signature_sequence_count_lcr,2.0892333383677727e-46,,basic_enriched_region,CAST,2.4579215745503213e-46
,snoRNA,12.0,3.568085106382979,1.7498124737218097,0.2307692307692307,signature_sequence_count_lcr,2.0892333383677727e-46,,basic_enriched_region,CAST,2.4579215745503213e-46
,tRNA,3.0,4.254255319148936,-0.5039441185239735,0.0483870967741935,signature_sequence_count_lcr,2.0892333383677727e-46,,basic_enriched_region,CAST,2.4579215745503213e-46
,unknown,25.0,31.56382978723404,-0.3363441700279048,0.0543478260869565,signature_sequence_count_lcr,2.0892333383677727e-46,,basic_enriched_region,CAST,2.4579215745503213e-46
,diverse,10.0,4.509574468085106,1.1489367903972665,0.3703703703703703,signature_sequence_count_lcr,2.0892333383677727e-46,,cation_pi_rich_neighborhood,CAST,2.4579215745503213e-46
,mRNA,151.0,146.81170212765957,0.0405815818550477,0.1717861205915813,signature_sequence_count_lcr,2.0892333383677727e-46,,cation_pi_rich_neighborhood,CAST,2.4579215745503213e-46
,ncRNA,22.0,20.71063829787234,0.0871315059237946,0.1774193548387097,signature_sequence_count_lcr,2.0892333383677727e-46,,cation_pi_rich_neighborhood,CAST,2.4579215745503213e-46
,pre-rRNA,11.0,19.875531914893617,-0.8534899469972735,0.0924369747899159,signature_sequence_count_lcr,2.0892333383677727e-46,,cation_pi_rich_neighborhood,CAST,2.4579215745503213e-46
,ribosomal protein,2.0,8.017021276595745,-2.003066303047784,0.0416666666666666,signature_sequence_count_lcr,2.0892333383677727e-46,,cation_pi_rich_neighborhood,CAST,2.4579215745503213e-46
,snRNA,13.0,18.20531914893617,-0.4858484089624614,0.1192660550458715,signature_sequence_count_lcr,2.0892333383677727e-46,,cation_pi_rich_neighborhood,CAST,2.4579215745503213e-46
,snoRNA,5.0,8.685106382978724,-0.796615425580357,0.0961538461538461,signature_sequence_count_lcr,2.0892333383677727e-46,,cation_pi_rich_neighborhood,CAST,2.4579215745503213e-46
,tRNA,13.0,10.35531914893617,0.3281396054275897,0.2096774193548387,signature_sequence_count_lcr,2.0892333383677727e-46,,cation_pi_rich_neighborhood,CAST,2.4579215745503213e-46
,unknown,87.0,76.82978723404256,0.1793496425777258,0.1891304347826087,signature_sequence_count_lcr,2.0892333383677727e-46,,cation_pi_rich_neighborhood,CAST,2.4579215745503213e-46
,diverse,2.0,4.251063829787234,-1.0878239212274186,0.074074074074074,signature_sequence_count_lcr,2.0892333383677727e-46,,disorder_rich_spacer_region,CAST,2.4579215745503213e-46
,mRNA,146.0,138.39574468085107,0.077168784672663,0.1660978384527872,signature_sequence_count_lcr,2.0892333383677727e-46,,disorder_rich_spacer_region,CAST,2.4579215745503213e-46
,ncRNA,16.0,19.52340425531915,-0.2871327294508254,0.1290322580645161,signature_sequence_count_lcr,2.0892333383677727e-46,,disorder_rich_spacer_region,CAST,2.4579215745503213e-46
,pre-rRNA,4.0,18.73617021276596,-2.2277541823718936,0.0336134453781512,signature_sequence_count_lcr,2.0892333383677727e-46,,disorder_rich_spacer_region,CAST,2.4579215745503213e-46
,ribosomal protein,5.0,7.5574468085106385,-0.5959708248977439,0.1041666666666666,signature_sequence_count_lcr,2.0892333383677727e-46,,disorder_rich_spacer_region,CAST,2.4579215745503213e-46
,snRNA,18.0,17.161702127659574,0.0688042576014358,0.1651376146788991,signature_sequence_count_lcr,2.0892333383677727e-46,,disorder_rich_spacer_region,CAST,2.4579215745503213e-46
,snoRNA,6.0,8.187234042553191,-0.448413636483886,0.1153846153846153,signature_sequence_count_lcr,2.0892333383677727e-46,,disorder_rich_spacer_region,CAST,2.4579215745503213e-46
,tRNA,17.0,9.761702127659577,0.8003301117995141,0.2741935483870967,signature_sequence_count_lcr,2.0892333383677727e-46,,disorder_rich_spacer_region,CAST,2.4579215745503213e-46
,unknown,82.0,72.42553191489361,0.1791255346097584,0.1782608695652174,signature_sequence_count_lcr,2.0892333383677727e-46,,disorder_rich_spacer_region,CAST,2.4579215745503213e-46
,diverse,0.0,0.0287234042553191,,0.0,signature_sequence_count_lcr,2.0892333383677727e-46,,glutamine_rich_region,CAST,2.4579215745503213e-46
,mRNA,2.0,0.9351063829787234,1.0967975914215955,0.0022753128555176,signature_sequence_count_lcr,2.0892333383677727e-46,,glutamine_rich_region,CAST,2.4579215745503213e-46
,ncRNA,0.0,0.1319148936170212,,0.0,signature_sequence_count_lcr,2.0892333383677727e-46,,glutamine_rich_region,CAST,2.4579215745503213e-46
,pre-rRNA,0.0,0.126595744680851,,0.0,signature_sequence_count_lcr,2.0892333383677727e-46,,glutamine_rich_region,CAST,2.4579215745503213e-46
,ribosomal protein,0.0,0.051063829787234,,0.0,signature_sequence_count_lcr,2.0892333383677727e-46,,glutamine_rich_region,CAST,2.4579215745503213e-46
,snRNA,0.0,0.1159574468085106,,0.0,signature_sequence_count_lcr,2.0892333383677727e-46,,glutamine_rich_region,CAST,2.4579215745503213e-46
,snoRNA,0.0,0.0553191489361702,,0.0,signature_sequence_count_lcr,2.0892333383677727e-46,,glutamine_rich_region,CAST,2.4579215745503213e-46
,tRNA,0.0,0.0659574468085106,,0.0,signature_sequence_count_lcr,2.0892333383677727e-46,,glutamine_rich_region,CAST,2.4579215745503213e-46
,unknown,0.0,0.4893617021276595,,0.0,signature_sequence_count_lcr,2.0892333383677727e-46,,glutamine_rich_region,CAST,2.4579215745503213e-46
,diverse,1.0,1.881382978723404,-0.9117935571359193,0.037037037037037,signature_sequence_count_lcr,2.0892333383677727e-46,,gs_rich_neutral_region,CAST,2.4579215745503213e-46
,mRNA,79.0,61.24946808510639,0.3671553380612483,0.0898748577929465,signature_sequence_count_lcr,2.0892333383677727e-46,,gs_rich_neutral_region,CAST,2.4579215745503213e-46
,ncRNA,15.0,8.640425531914893,0.7957882302491928,0.1209677419354838,signature_sequence_count_lcr,2.0892333383677727e-46,,gs_rich_neutral_region,CAST,2.4579215745503213e-46
,pre-rRNA,3.0,8.292021276595746,-1.466761317559238,0.0252100840336134,signature_sequence_count_lcr,2.0892333383677727e-46,,gs_rich_neutral_region,CAST,2.4579215745503213e-46
,ribosomal protein,1.0,3.34468085106383,-1.7418685556936069,0.0208333333333333,signature_sequence_count_lcr,2.0892333383677727e-46,,gs_rich_neutral_region,CAST,2.4579215745503213e-46
,snRNA,2.0,7.595212765957447,-1.9250903797493768,0.018348623853211,signature_sequence_count_lcr,2.0892333383677727e-46,,gs_rich_neutral_region,CAST,2.4579215745503213e-46
,snoRNA,0.0,3.623404255319149,,0.0,signature_sequence_count_lcr,2.0892333383677727e-46,,gs_rich_neutral_region,CAST,2.4579215745503213e-46
,tRNA,1.0,4.320212765957447,-2.1111023653593257,0.0161290322580645,signature_sequence_count_lcr,2.0892333383677727e-46,,gs_rich_neutral_region,CAST,2.4579215745503213e-46
,unknown,29.0,32.0531914893617,-0.1444151107892536,0.0630434782608695,signature_sequence_count_lcr,2.0892333383677727e-46,,gs_rich_neutral_region,CAST,2.4579215745503213e-46
,diverse,0.0,0.0430851063829787,,0.0,signature_sequence_count_lcr,2.0892333383677727e-46,,hydrophobic_region,CAST,2.4579215745503213e-46
,mRNA,0.0,1.4026595744680852,,0.0,signature_sequence_count_lcr,2.0892333383677727e-46,,hydrophobic_region,CAST,2.4579215745503213e-46
,ncRNA,0.0,0.1978723404255319,,0.0,signature_sequence_count_lcr,2.0892333383677727e-46,,hydrophobic_region,CAST,2.4579215745503213e-46
,pre-rRNA,0.0,0.1898936170212766,,0.0,signature_sequence_count_lcr,2.0892333383677727e-46,,hydrophobic_region,CAST,2.4579215745503213e-46
,ribosomal protein,0.0,0.076595744680851,,0.0,signature_sequence_count_lcr,2.0892333383677727e-46,,hydrophobic_region,CAST,2.4579215745503213e-46
,snRNA,0.0,0.1739361702127659,,0.0,signature_sequence_count_lcr,2.0892333383677727e-46,,hydrophobic_region,CAST,2.4579215745503213e-46
,snoRNA,0.0,0.0829787234042553,,0.0,signature_sequence_count_lcr,2.0892333383677727e-46,,hydrophobic_region,CAST,2.4579215745503213e-46
,tRNA,0.0,0.0989361702127659,,0.0,signature_sequence_count_lcr,2.0892333383677727e-46,,hydrophobic_region,CAST,2.4579215745503213e-46
,unknown,3.0,0.7340425531914894,2.031026895620625,0.0065217391304347,signature_sequence_count_lcr,2.0892333383677727e-46,,hydrophobic_region,CAST,2.4579215745503213e-46
,diverse,1.0,1.9101063829787237,-0.9336529910996584,0.037037037037037,signature_sequence_count_lcr,2.0892333383677727e-46,,mixed_charge_polyampholyte,CAST,2.4579215745503213e-46
,mRNA,42.0,62.18457446808511,-0.5661674213008338,0.0477815699658703,signature_sequence_count_lcr,2.0892333383677727e-46,,mixed_charge_polyampholyte,CAST,2.4579215745503213e-46
,ncRNA,8.0,8.772340425531915,-0.1329617993230651,0.064516129032258,signature_sequence_count_lcr,2.0892333383677727e-46,,mixed_charge_polyampholyte,CAST,2.4579215745503213e-46
,pre-rRNA,13.0,8.418617021276596,0.6268564658969589,0.1092436974789916,signature_sequence_count_lcr,2.0892333383677727e-46,,mixed_charge_polyampholyte,CAST,2.4579215745503213e-46
,ribosomal protein,3.0,3.395744680851064,-0.1787654889361898,0.0625,signature_sequence_count_lcr,2.0892333383677727e-46,,mixed_charge_polyampholyte,CAST,2.4579215745503213e-46
,snRNA,12.0,7.711170212765958,0.6380126870080399,0.110091743119266,signature_sequence_count_lcr,2.0892333383677727e-46,,mixed_charge_polyampholyte,CAST,2.4579215745503213e-46
,snoRNA,7.0,3.678723404255319,0.928149714980322,0.1346153846153846,signature_sequence_count_lcr,2.0892333383677727e-46,,mixed_charge_polyampholyte,CAST,2.4579215745503213e-46
,tRNA,5.0,4.386170212765958,0.1889662955642972,0.0806451612903225,signature_sequence_count_lcr,2.0892333383677727e-46,,mixed_charge_polyampholyte,CAST,2.4579215745503213e-46
,unknown,42.0,32.54255319148936,0.3680618828981952,0.0913043478260869,signature_sequence_count_lcr,2.0892333383677727e-46,,mixed_charge_polyampholyte,CAST,2.4579215745503213e-46
,diverse,0.0,0.0143617021276595,,0.0,signature_sequence_count_lcr,2.0892333383677727e-46,,polar_linker,CAST,2.4579215745503213e-46
,mRNA,0.0,0.4675531914893617,,0.0,signature_sequence_count_lcr,2.0892333383677727e-46,,polar_linker,CAST,2.4579215745503213e-46
,ncRNA,0.0,0.0659574468085106,,0.0,signature_sequence_count_lcr,2.0892333383677727e-46,,polar_linker,CAST,2.4579215745503213e-46
,pre-rRNA,0.0,0.0632978723404255,,0.0,signature_sequence_count_lcr,2.0892333383677727e-46,,polar_linker,CAST,2.4579215745503213e-46
,ribosomal protein,0.0,0.025531914893617,,0.0,signature_sequence_count_lcr,2.0892333383677727e-46,,polar_linker,CAST,2.4579215745503213e-46
,snRNA,1.0,0.0579787234042553,4.108332621788073,0.0091743119266055,signature_sequence_count_lcr,2.0892333383677727e-46,,polar_linker,CAST,2.4579215745503213e-46
,snoRNA,0.0,0.0276595744680851,,0.0,signature_sequence_count_lcr,2.0892333383677727e-46,,polar_linker,CAST,2.4579215745503213e-46
,tRNA,0.0,0.0329787234042553,,0.0,signature_sequence_count_lcr,2.0892333383677727e-46,,polar_linker,CAST,2.4579215745503213e-46
,unknown,0.0,0.2446808510638297,,0.0,signature_sequence_count_lcr,2.0892333383677727e-46,,polar_linker,CAST,2.4579215745503213e-46
,diverse,0.0,0.0574468085106383,,0.0,signature_sequence_count_lcr,2.0892333383677727e-46,,proline_rich_disordered_region,CAST,2.4579215745503213e-46
,mRNA,2.0,1.8702127659574468,0.0967975914215957,0.0022753128555176,signature_sequence_count_lcr,2.0892333383677727e-46,,proline_rich_disordered_region,CAST,2.4579215745503213e-46
,ncRNA,0.0,0.2638297872340425,,0.0,signature_sequence_count_lcr,2.0892333383677727e-46,,proline_rich_disordered_region,CAST,2.4579215745503213e-46
,pre-rRNA,0.0,0.2531914893617021,,0.0,signature_sequence_count_lcr,2.0892333383677727e-46,,proline_rich_disordered_region,CAST,2.4579215745503213e-46
,ribosomal protein,0.0,0.102127659574468,,0.0,signature_sequence_count_lcr,2.0892333383677727e-46,,proline_rich_disordered_region,CAST,2.4579215745503213e-46
,snRNA,0.0,0.2319148936170212,,0.0,signature_sequence_count_lcr,2.0892333383677727e-46,,proline_rich_disordered_region,CAST,2.4579215745503213e-46
,snoRNA,0.0,0.1106382978723404,,0.0,signature_sequence_count_lcr,2.0892333383677727e-46,,proline_rich_disordered_region,CAST,2.4579215745503213e-46
,tRNA,0.0,0.1319148936170212,,0.0,signature_sequence_count_lcr,2.0892333383677727e-46,,proline_rich_disordered_region,CAST,2.4579215745503213e-46
,unknown,2.0,0.9787234042553192,1.0310268956206246,0.0043478260869565,signature_sequence_count_lcr,2.0892333383677727e-46,,proline_rich_disordered_region,CAST,2.4579215745503213e-46
,diverse,1.0,1.7234042553191489,-0.7852611512069873,0.037037037037037,signature_sequence_count_lcr,2.0892333383677727e-46,,rg_rgg_repeat_region,CAST,2.4579215745503213e-46
,mRNA,73.0,56.1063829787234,0.3797315546930944,0.0830489192263936,signature_sequence_count_lcr,2.0892333383677727e-46,,rg_rgg_repeat_region,CAST,2.4579215745503213e-46
,ncRNA,1.0,7.914893617021277,-2.984569959430394,0.0080645161290322,signature_sequence_count_lcr,2.0892333383677727e-46,,rg_rgg_repeat_region,CAST,2.4579215745503213e-46
,pre-rRNA,4.0,7.595744680851064,-0.9251914123514624,0.0336134453781512,signature_sequence_count_lcr,2.0892333383677727e-46,,rg_rgg_repeat_region,CAST,2.4579215745503213e-46
,ribosomal protein,3.0,3.0638297872340425,-0.0303736490435188,0.0625,signature_sequence_count_lcr,2.0892333383677727e-46,,rg_rgg_repeat_region,CAST,2.4579215745503213e-46
,snRNA,7.0,6.957446808510638,0.0087969482371589,0.0642201834862385,signature_sequence_count_lcr,2.0892333383677727e-46,,rg_rgg_repeat_region,CAST,2.4579215745503213e-46
,snoRNA,5.0,3.3191489361702127,0.5911147277027513,0.0961538461538461,signature_sequence_count_lcr,2.0892333383677727e-46,,rg_rgg_repeat_region,CAST,2.4579215745503213e-46
,tRNA,1.0,3.9574468085106393,-1.984569959430394,0.0161290322580645,signature_sequence_count_lcr,2.0892333383677727e-46,,rg_rgg_repeat_region,CAST,2.4579215745503213e-46
,unknown,25.0,29.361702127659573,-0.2320075102131693,0.0543478260869565,signature_sequence_count_lcr,2.0892333383677727e-46,,rg_rgg_repeat_region,CAST,2.4579215745503213e-46
,diverse,0.0,0.0430851063829787,,0.0,signature_sequence_count_lcr,2.0892333383677727e-46,,serine_rich_region,CAST,2.4579215745503213e-46
,mRNA,3.0,1.4026595744680852,1.0967975914215955,0.0034129692832764,signature_sequence_count_lcr,2.0892333383677727e-46,,serine_rich_region,CAST,2.4579215745503213e-46
,ncRNA,0.0,0.1978723404255319,,0.0,signature_sequence_count_lcr,2.0892333383677727e-46,,serine_rich_region,CAST,2.4579215745503213e-46
,pre-rRNA,0.0,0.1898936170212766,,0.0,signature_sequence_count_lcr,2.0892333383677727e-46,,serine_rich_region,CAST,2.4579215745503213e-46
,ribosomal protein,0.0,0.076595744680851,,0.0,signature_sequence_count_lcr,2.0892333383677727e-46,,serine_rich_region,CAST,2.4579215745503213e-46
,snRNA,0.0,0.1739361702127659,,0.0,signature_sequence_count_lcr,2.0892333383677727e-46,,serine_rich_region,CAST,2.4579215745503213e-46
,snoRNA,0.0,0.0829787234042553,,0.0,signature_sequence_count_lcr,2.0892333383677727e-46,,serine_rich_region,CAST,2.4579215745503213e-46
,tRNA,0.0,0.0989361702127659,,0.0,signature_sequence_count_lcr,2.0892333383677727e-46,,serine_rich_region,CAST,2.4579215745503213e-46
,unknown,0.0,0.7340425531914894,,0.0,signature_sequence_count_lcr,2.0892333383677727e-46,,serine_rich_region,CAST,2.4579215745503213e-46
,diverse,1.0,1.8382978723404253,-0.8783705555984688,0.037037037037037,signature_sequence_count_lcr,2.0892333383677727e-46,,sr_rs_repeat_region,CAST,2.4579215745503213e-46
,mRNA,88.0,59.8468085106383,0.5562292100588928,0.1001137656427758,signature_sequence_count_lcr,2.0892333383677727e-46,,sr_rs_repeat_region,CAST,2.4579215745503213e-46
,ncRNA,2.0,8.442553191489361,-2.077679363821876,0.0161290322580645,signature_sequence_count_lcr,2.0892333383677727e-46,,sr_rs_repeat_region,CAST,2.4579215745503213e-46
,pre-rRNA,2.0,8.102127659574467,-2.018300816742944,0.0168067226890756,signature_sequence_count_lcr,2.0892333383677727e-46,,sr_rs_repeat_region,CAST,2.4579215745503213e-46
,ribosomal protein,0.0,3.2680851063829786,,0.0,signature_sequence_count_lcr,2.0892333383677727e-46,,sr_rs_repeat_region,CAST,2.4579215745503213e-46
,snRNA,14.0,7.421276595744681,0.9156875438456774,0.128440366972477,signature_sequence_count_lcr,2.0892333383677727e-46,,sr_rs_repeat_region,CAST,2.4579215745503213e-46
,snoRNA,0.0,3.5404255319148934,,0.0,signature_sequence_count_lcr,2.0892333383677727e-46,,sr_rs_repeat_region,CAST,2.4579215745503213e-46
,tRNA,0.0,4.221276595744681,,0.0,signature_sequence_count_lcr,2.0892333383677727e-46,,sr_rs_repeat_region,CAST,2.4579215745503213e-46
,unknown,21.0,31.31914893617021,-0.5766556816006153,0.0456521739130434,signature_sequence_count_lcr,2.0892333383677727e-46,,sr_rs_repeat_region,CAST,2.4579215745503213e-46
,diverse,1.0,0.2154255319148936,2.214738848793013,0.037037037037037,signature_sequence_count_lcr,2.0892333383677727e-46,,unmapped_physicochemical_properties,CAST,2.4579215745503213e-46
,mRNA,9.0,7.013297872340425,0.3598319972553895,0.0102389078498293,signature_sequence_count_lcr,2.0892333383677727e-46,,unmapped_physicochemical_properties,CAST,2.4579215745503213e-46
,ncRNA,1.0,0.9893617021276596,0.0154300405696059,0.0080645161290322,signature_sequence_count_lcr,2.0892333383677727e-46,,unmapped_physicochemical_properties,CAST,2.4579215745503213e-46
,pre-rRNA,0.0,0.949468085106383,,0.0,signature_sequence_count_lcr,2.0892333383677727e-46,,unmapped_physicochemical_properties,CAST,2.4579215745503213e-46
,ribosomal protein,0.0,0.3829787234042553,,0.0,signature_sequence_count_lcr,2.0892333383677727e-46,,unmapped_physicochemical_properties,CAST,2.4579215745503213e-46
,snRNA,1.0,0.8696808510638298,0.201442026179555,0.0091743119266055,signature_sequence_count_lcr,2.0892333383677727e-46,,unmapped_physicochemical_properties,CAST,2.4579215745503213e-46
,snoRNA,0.0,0.4148936170212766,,0.0,signature_sequence_count_lcr,2.0892333383677727e-46,,unmapped_physicochemical_properties,CAST,2.4579215745503213e-46
,tRNA,0.0,0.4946808510638298,,0.0,signature_sequence_count_lcr,2.0892333383677727e-46,,unmapped_physicochemical_properties,CAST,2.4579215745503213e-46
,unknown,3.0,3.670212765957447,-0.2909011992667377,0.0065217391304347,signature_sequence_count_lcr,2.0892333383677727e-46,,unmapped_physicochemical_properties,CAST,2.4579215745503213e-46
,diverse,447.0,415.1800194810812,0.106537815673222,0.1056238185255198,signature_residue_count_lcr,0.0,,acidic_region,CAST,0.0
,mRNA,10145.0,13210.416045190092,-0.3809070380443511,0.0753401259505703,signature_residue_count_lcr,0.0,,acidic_region,CAST,0.0
,ncRNA,1750.0,1785.411430656001,-0.0289016455137107,0.0961591296225067,signature_residue_count_lcr,0.0,,acidic_region,CAST,0.0
,pre-rRNA,3235.0,1662.2897566369186,0.9605938294914632,0.1909230406043437,signature_residue_count_lcr,0.0,,acidic_region,CAST,0.0
,ribosomal protein,139.0,283.915637140418,-1.0303774272042872,0.048030407740152,signature_residue_count_lcr,0.0,,acidic_region,CAST,0.0
,snRNA,1350.0,1188.4429952726412,0.1838867024894935,0.1114413075780089,signature_residue_count_lcr,0.0,,acidic_region,CAST,0.0
,snoRNA,1442.0,578.2303957517704,1.318354810720752,0.2446555819477434,signature_residue_count_lcr,0.0,,acidic_region,CAST,0.0
,tRNA,718.0,450.890210192592,0.671207657780868,0.1562228024369016,signature_residue_count_lcr,0.0,,acidic_region,CAST,0.0
,unknown,6860.0,6511.223509678487,0.0752799138839216,0.1033599517854452,signature_residue_count_lcr,0.0,,acidic_region,CAST,0.0
,diverse,31.0,79.77007811236598,-1.3635794751321275,0.0073251417769376,signature_residue_count_lcr,0.0,,arginine_rich_rna_contact_region,CAST,0.0
,mRNA,913.0,2538.1662661386467,-1.4750998127130572,0.0067802400190114,signature_residue_count_lcr,0.0,,arginine_rich_rna_contact_region,CAST,0.0
,ncRNA,579.0,343.0377248504131,0.7551961057469279,0.0318149348865322,signature_residue_count_lcr,0.0,,arginine_rich_rna_contact_region,CAST,0.0
,pre-rRNA,1061.0,319.3819006464861,1.7320701935174514,0.0626180358829084,signature_residue_count_lcr,0.0,,arginine_rich_rna_contact_region,CAST,0.0
,ribosomal protein,978.0,54.54976513638637,4.164189575015532,0.3379405666897028,signature_residue_count_lcr,0.0,,arginine_rich_rna_contact_region,CAST,0.0
,snRNA,29.0,228.3399636704162,-2.977058574330034,0.002393924385009,signature_residue_count_lcr,0.0,,arginine_rich_rna_contact_region,CAST,0.0
,snoRNA,33.0,111.09755207804469,-1.7512890991705234,0.005598914149983,signature_residue_count_lcr,0.0,,arginine_rich_rna_contact_region,CAST,0.0
,tRNA,311.0,86.63120959462051,1.8439558140795125,0.0676675369886858,signature_residue_count_lcr,0.0,,arginine_rich_rna_contact_region,CAST,0.0
,unknown,1077.0,1251.0255397726205,-0.2160929926409525,0.0162272110893475,signature_residue_count_lcr,0.0,,arginine_rich_rna_contact_region,CAST,0.0
,diverse,0.0,0.4933903474627584,,0.0,signature_residue_count_lcr,0.0,,aromatic_aggregation_prone_region,CAST,0.0
,mRNA,25.0,15.698953361990831,0.6712597160124307,0.0001856582699619,signature_residue_count_lcr,0.0,,aromatic_aggregation_prone_region,CAST,0.0
,ncRNA,6.0,2.1217417139590595,1.4997134574138329,0.00032968844442,signature_residue_count_lcr,0.0,,aromatic_aggregation_prone_region,CAST,0.0
,pre-rRNA,0.0,1.9754267597847304,,0.0,signature_residue_count_lcr,0.0,,aromatic_aggregation_prone_region,CAST,0.0
,ribosomal protein,0.0,0.3373987867573778,,0.0,signature_residue_count_lcr,0.0,,aromatic_aggregation_prone_region,CAST,0.0
,snRNA,0.0,1.4123182110500605,,0.0,signature_residue_count_lcr,0.0,,aromatic_aggregation_prone_region,CAST,0.0
,snoRNA,0.0,0.6871556493254958,,0.0,signature_residue_count_lcr,0.0,,aromatic_aggregation_prone_region,CAST,0.0
,tRNA,0.0,0.5358275134543568,,0.0,signature_residue_count_lcr,0.0,,aromatic_aggregation_prone_region,CAST,0.0
,unknown,0.0,7.73778765621533,,0.0,signature_residue_count_lcr,0.0,,aromatic_aggregation_prone_region,CAST,0.0
,diverse,206.0,395.5876479415117,-0.941353041843894,0.0486767485822306,signature_residue_count_lcr,0.0,,aromatic_sticker_region,CAST,0.0
,mRNA,15231.0,12587.01567136394,0.2750743992453897,0.1131104443916349,signature_residue_count_lcr,0.0,,aromatic_sticker_region,CAST,0.0
,ncRNA,1534.0,1701.1577516274976,-0.1492184482474851,0.0842903456233859,signature_residue_count_lcr,0.0,,aromatic_sticker_region,CAST,0.0
,pre-rRNA,359.0,1583.8461972403056,-2.141376497082372,0.0211874409820585,signature_residue_count_lcr,0.0,,aromatic_sticker_region,CAST,0.0
,ribosomal protein,31.0,270.5176401566008,-3.125382553057936,0.010711817553559,signature_residue_count_lcr,0.0,,aromatic_sticker_region,CAST,0.0
,snRNA,596.0,1132.3602946983628,-0.9259488325035546,0.0491992735677728,signature_residue_count_lcr,0.0,,aromatic_sticker_region,CAST,0.0
,snoRNA,65.0,550.9436665801677,-3.0833931890086324,0.011028164234815,signature_residue_count_lcr,0.0,,aromatic_sticker_region,CAST,0.0
,tRNA,160.0,429.6126724809044,-1.4249646446718376,0.0348128807658833,signature_residue_count_lcr,0.0,,aromatic_sticker_region,CAST,0.0
,unknown,6673.0,6203.95845791071,0.1051464778197474,0.1005424137411481,signature_residue_count_lcr,0.0,,aromatic_sticker_region,CAST,0.0
,diverse,226.0,173.53015994795015,0.3811363442697079,0.0534026465028355,signature_residue_count_lcr,0.0,,basic_enriched_region,CAST,0.0
,mRNA,1249.0,5521.473822767292,-2.144279933715799,0.0092754871673003,signature_residue_count_lcr,0.0,,basic_enriched_region,CAST,0.0
,ncRNA,813.0,746.23709378373,0.1236212772062415,0.0446727842189131,signature_residue_count_lcr,0.0,,basic_enriched_region,CAST,0.0
,pre-rRNA,3114.0,694.7767084494488,2.1641476490552467,0.1837818696883852,signature_residue_count_lcr,0.0,,basic_enriched_region,CAST,0.0
,ribosomal protein,1145.0,118.66641845211905,3.270363970421128,0.3956461644782308,signature_residue_count_lcr,0.0,,basic_enriched_region,CAST,0.0
,snRNA,581.0,496.725982421897,0.2260879513204453,0.047961036816906,signature_residue_count_lcr,0.0,,basic_enriched_region,CAST,0.0
,snoRNA,1249.0,241.67929176115743,2.369607710452503,0.2119104173736002,signature_residue_count_lcr,0.0,,basic_enriched_region,CAST,0.0
,tRNA,111.0,188.4557219094468,-0.7636659223274616,0.0241514360313315,signature_residue_count_lcr,0.0,,basic_enriched_region,CAST,0.0
,unknown,2415.0,2721.45480050696,-0.1723548860885018,0.0363869218020189,signature_residue_count_lcr,0.0,,basic_enriched_region,CAST,0.0
,diverse,1667.0,993.417590889774,0.7467819057637526,0.3939035916824197,signature_residue_count_lcr,0.0,,cation_pi_rich_neighborhood,CAST,0.0
,mRNA,28479.0,31609.08296759296,-0.1504406918635323,0.2114944748098859,signature_residue_count_lcr,0.0,,cation_pi_rich_neighborhood,CAST,0.0
,ncRNA,5338.0,4272.024276134924,0.321379460195996,0.2933128193856805,signature_residue_count_lcr,0.0,,cation_pi_rich_neighborhood,CAST,0.0
,pre-rRNA,3123.0,3977.4261956607584,-0.3489025910804016,0.1843130311614731,signature_residue_count_lcr,0.0,,cation_pi_rich_neighborhood,CAST,0.0
,ribosomal protein,130.0,679.3361313882339,-2.3856139646119083,0.0449205252246026,signature_residue_count_lcr,0.0,,cation_pi_rich_neighborhood,CAST,0.0
,snRNA,1967.0,2843.6343799713427,-0.5317390248827376,0.1623741125969952,signature_residue_count_lcr,0.0,,cation_pi_rich_neighborhood,CAST,0.0
,snoRNA,603.0,1383.554650449983,-1.1981497243325538,0.1023074312860536,signature_residue_count_lcr,0.0,,cation_pi_rich_neighborhood,CAST,0.0
,tRNA,1563.0,1078.8627712025996,0.5348064092449127,0.3400783289817232,signature_residue_count_lcr,0.0,,cation_pi_rich_neighborhood,CAST,0.0
,unknown,19547.0,15579.661036709427,0.3272833597771539,0.294515594395058,signature_residue_count_lcr,0.0,,cation_pi_rich_neighborhood,CAST,0.0
,diverse,29.0,219.90885260944944,-2.922780876869512,0.0068525519848771,signature_residue_count_lcr,0.0,,disorder_rich_spacer_region,CAST,0.0
,mRNA,6810.0,6997.175438794429,-0.0391178662759272,0.0505733127376425,signature_residue_count_lcr,0.0,,disorder_rich_spacer_region,CAST,0.0
,ncRNA,521.0,945.6808148958816,-0.8600699564418823,0.028627946590472,signature_residue_count_lcr,0.0,,disorder_rich_spacer_region,CAST,0.0
,pre-rRNA,230.0,880.4668238692135,-1.93663478293102,0.0135741265344664,signature_residue_count_lcr,0.0,,disorder_rich_spacer_region,CAST,0.0
,ribosomal protein,143.0,150.38190440731256,-0.0726158296363937,0.0494125777470628,signature_residue_count_lcr,0.0,,disorder_rich_spacer_region,CAST,0.0
,snRNA,1115.0,629.4838942606027,0.8248023388719791,0.0920422651477629,signature_residue_count_lcr,0.0,,disorder_rich_spacer_region,CAST,0.0
,snoRNA,270.0,306.27192279775403,-0.1818537079562276,0.0458092975907702,signature_residue_count_lcr,0.0,,disorder_rich_spacer_region,CAST,0.0
,tRNA,726.0,238.8235081741564,1.6040246954665789,0.1579634464751958,signature_residue_count_lcr,0.0,,disorder_rich_spacer_region,CAST,0.0
,unknown,3973.0,3448.8068401912005,0.2041314644248573,0.0598613831550399,signature_residue_count_lcr,0.0,,disorder_rich_spacer_region,CAST,0.0
,diverse,0.0,1.4960868600483643,,0.0,signature_residue_count_lcr,0.0,,glutamine_rich_region,CAST,0.0
,mRNA,94.0,47.60327793635929,0.9815998366245814,0.000698075095057,signature_residue_count_lcr,0.0,,glutamine_rich_region,CAST,0.0
,ncRNA,0.0,6.433668422972633,,0.0,signature_residue_count_lcr,0.0,,glutamine_rich_region,CAST,0.0
,pre-rRNA,0.0,5.990003723218215,,0.0,signature_residue_count_lcr,0.0,,glutamine_rich_region,CAST,0.0
,ribosomal protein,0.0,1.0230801921030166,,0.0,signature_residue_count_lcr,0.0,,glutamine_rich_region,CAST,0.0
,snRNA,0.0,4.2825132851195375,,0.0,signature_residue_count_lcr,0.0,,glutamine_rich_region,CAST,0.0
,snoRNA,0.0,2.0836332592450515,,0.0,signature_residue_count_lcr,0.0,,glutamine_rich_region,CAST,0.0
,tRNA,0.0,1.6247672988615978,,0.0,signature_residue_count_lcr,0.0,,glutamine_rich_region,CAST,0.0
,unknown,0.0,23.46296902207229,,0.0,signature_residue_count_lcr,0.0,,glutamine_rich_region,CAST,0.0
,diverse,1376.0,555.1755516192238,1.3094645278727317,0.3251417769376181,signature_residue_count_lcr,0.0,,gs_rich_neutral_region,CAST,0.0
,mRNA,19720.0,17664.86745719239,0.1587766272576308,0.1464472433460076,signature_residue_count_lcr,0.0,,gs_rich_neutral_region,CAST,0.0
,ncRNA,4633.0,2387.43853117161,0.9564830934805988,0.2545744271663278,signature_residue_count_lcr,0.0,,gs_rich_neutral_region,CAST,0.0
,pre-rRNA,2027.0,2222.80116886487,-0.1330328152407784,0.1196293673276676,signature_residue_count_lcr,0.0,,gs_rich_neutral_region,CAST,0.0
,ribosomal protein,52.0,379.6498219248662,-2.868085803105973,0.017968210089841,signature_residue_count_lcr,0.0,,gs_rich_neutral_region,CAST,0.0
,snRNA,192.0,1589.1768979951034,-3.049101510046814,0.0158494304110946,signature_residue_count_lcr,0.0,,gs_rich_neutral_region,CAST,0.0
,snoRNA,0.0,773.2052696700626,,0.0,signature_residue_count_lcr,0.0,,gs_rich_neutral_region,CAST,0.0
,tRNA,27.0,602.926945945641,-4.480951895197985,0.0058746736292428,signature_residue_count_lcr,0.0,,gs_rich_neutral_region,CAST,0.0
,unknown,6855.0,8706.75835561623,-0.3449790178289356,0.1032846165436191,signature_residue_count_lcr,0.0,,gs_rich_neutral_region,CAST,0.0
,diverse,0.0,0.9867806949255168,,0.0,signature_residue_count_lcr,0.0,,hydrophobic_region,CAST,0.0
,mRNA,0.0,31.397906723981663,,0.0,signature_residue_count_lcr,0.0,,hydrophobic_region,CAST,0.0
,ncRNA,0.0,4.243483427918119,,0.0,signature_residue_count_lcr,0.0,,hydrophobic_region,CAST,0.0
,pre-rRNA,0.0,3.9508535195694607,,0.0,signature_residue_count_lcr,0.0,,hydrophobic_region,CAST,0.0
,ribosomal protein,0.0,0.6747975735147556,,0.0,signature_residue_count_lcr,0.0,,hydrophobic_region,CAST,0.0
,snRNA,0.0,2.824636422100121,,0.0,signature_residue_count_lcr,0.0,,hydrophobic_region,CAST,0.0
,snoRNA,0.0,1.3743112986509916,,0.0,signature_residue_count_lcr,0.0,,hydrophobic_region,CAST,0.0
,tRNA,0.0,1.0716550269087135,,0.0,signature_residue_count_lcr,0.0,,hydrophobic_region,CAST,0.0
,unknown,62.0,15.47557531243066,2.0022751721367005,0.0009341569986439,signature_residue_count_lcr,0.0,,hydrophobic_region,CAST,0.0
,diverse,74.0,438.3216183588505,-2.5663926595905187,0.0174858223062381,signature_residue_count_lcr,0.0,,mixed_charge_polyampholyte,CAST,0.0
,mRNA,9994.0,13946.7475996525,-0.4807945996618571,0.07421875,signature_residue_count_lcr,0.0,,mixed_charge_polyampholyte,CAST,0.0
,ncRNA,1352.0,1884.9279613687904,-0.4794142356605904,0.0742897961426452,signature_residue_count_lcr,0.0,,mixed_charge_polyampholyte,CAST,0.0
,pre-rRNA,2955.0,1754.9436440152087,0.7517334279671155,0.1743980169971671,signature_residue_count_lcr,0.0,,mixed_charge_polyampholyte,CAST,0.0
,ribosomal protein,165.0,299.7407286225221,-0.8612491053913518,0.0570145127850725,signature_residue_count_lcr,0.0,,mixed_charge_polyampholyte,CAST,0.0
,snRNA,1859.0,1254.6852752360858,0.5672012457614095,0.1534588079907545,signature_residue_count_lcr,0.0,,mixed_charge_polyampholyte,CAST,0.0
,snoRNA,1930.0,610.460212336263,1.660631673926,0.327451645741432,signature_residue_count_lcr,0.0,,mixed_charge_polyampholyte,CAST,0.0
,tRNA,881.0,476.0222490494511,0.8881130131688577,0.1916884247171453,signature_residue_count_lcr,0.0,,mixed_charge_polyampholyte,CAST,0.0
,unknown,8330.0,6874.150711360328,0.2771350133672841,0.1255085128823263,signature_residue_count_lcr,0.0,,mixed_charge_polyampholyte,CAST,0.0
,diverse,0.0,0.4138112591623135,,0.0,signature_residue_count_lcr,0.0,,polar_linker,CAST,0.0
,mRNA,0.0,13.166864110056826,,0.0,signature_residue_count_lcr,0.0,,polar_linker,CAST,0.0
,ncRNA,0.0,1.779525308481792,,0.0,signature_residue_count_lcr,0.0,,polar_linker,CAST,0.0
,pre-rRNA,0.0,1.6568095404646126,,0.0,signature_residue_count_lcr,0.0,,polar_linker,CAST,0.0
,ribosomal protein,0.0,0.282979627602962,,0.0,signature_residue_count_lcr,0.0,,polar_linker,CAST,0.0
,snRNA,26.0,1.1845249512032765,4.456131129864255,0.0021462770348357,signature_residue_count_lcr,0.0,,polar_linker,CAST,0.0
,snoRNA,0.0,0.5763240929826738,,0.0,signature_residue_count_lcr,0.0,,polar_linker,CAST,0.0
,tRNA,0.0,0.4494037209617185,,0.0,signature_residue_count_lcr,0.0,,polar_linker,CAST,0.0
,unknown,0.0,6.489757389083825,,0.0,signature_residue_count_lcr,0.0,,polar_linker,CAST,0.0
,diverse,0.0,2.9285104494563727,,0.0,signature_residue_count_lcr,0.0,,proline_rich_disordered_region,CAST,0.0
,mRNA,111.0,93.18088447117138,0.2524537469176745,0.0008243227186311,signature_residue_count_lcr,0.0,,proline_rich_disordered_region,CAST,0.0
,ncRNA,0.0,12.59356372156345,,0.0,signature_residue_count_lcr,0.0,,proline_rich_disordered_region,CAST,0.0
,pre-rRNA,0.0,11.725113670980337,,0.0,signature_residue_count_lcr,0.0,,proline_rich_disordered_region,CAST,0.0
,ribosomal protein,0.0,2.0026250568825006,,0.0,signature_residue_count_lcr,0.0,,proline_rich_disordered_region,CAST,0.0
,snRNA,0.0,8.38279196236165,,0.0,signature_residue_count_lcr,0.0,,proline_rich_disordered_region,CAST,0.0
,snoRNA,0.0,4.078601273415845,,0.0,signature_residue_count_lcr,0.0,,proline_rich_disordered_region,CAST,0.0
,tRNA,0.0,3.180395563729085,,0.0,signature_residue_count_lcr,0.0,,proline_rich_disordered_region,CAST,0.0
,unknown,73.0,45.92751383043938,0.6685377749597049,0.0010998945306614,signature_residue_count_lcr,0.0,,proline_rich_disordered_region,CAST,0.0
,diverse,51.0,353.442562777596,-2.7929066324881973,0.0120510396975425,signature_residue_count_lcr,0.0,,rg_rgg_repeat_region,CAST,0.0
,mRNA,16825.0,11246.02120353969,0.5811918327470722,0.1249480156844106,signature_residue_count_lcr,0.0,,rg_rgg_repeat_region,CAST,0.0
,ncRNA,101.0,1519.9199432867367,-3.911568138431204,0.0055497554810703,signature_residue_count_lcr,0.0,,rg_rgg_repeat_region,CAST,0.0
,pre-rRNA,508.0,1415.1065178883712,-1.4780102495658376,0.0299811142587346,signature_residue_count_lcr,0.0,,rg_rgg_repeat_region,CAST,0.0
,ribosomal protein,111.0,241.69725346842225,-1.1226414025272855,0.038355217691776,signature_residue_count_lcr,0.0,,rg_rgg_repeat_region,CAST,0.0
,snRNA,1071.0,1011.720984283506,0.0821470063519593,0.088410104011887,signature_residue_count_lcr,0.0,,rg_rgg_repeat_region,CAST,0.0
,snoRNA,302.0,492.2472743410092,-0.7048346681445885,0.0512385476756023,signature_residue_count_lcr,0.0,,rg_rgg_repeat_region,CAST,0.0
,tRNA,99.0,383.8426319768032,-1.9550145249121704,0.0215404699738903,signature_residue_count_lcr,0.0,,rg_rgg_repeat_region,CAST,0.0
,unknown,3139.0,5543.001628437865,-0.820362402543735,0.047295464818442,signature_residue_count_lcr,0.0,,rg_rgg_repeat_region,CAST,0.0
,diverse,0.0,1.3528445011075634,,0.0,signature_residue_count_lcr,0.0,,serine_rich_region,CAST,0.0
,mRNA,85.0,43.04551728287809,0.9815998366245812,0.0006312381178707,signature_residue_count_lcr,0.0,,serine_rich_region,CAST,0.0
,ncRNA,0.0,5.817678893113551,,0.0,signature_residue_count_lcr,0.0,,serine_rich_region,CAST,0.0
,pre-rRNA,0.0,5.416492728442003,,0.0,signature_residue_count_lcr,0.0,,serine_rich_region,CAST,0.0
,ribosomal protein,0.0,0.925125705625068,,0.0,signature_residue_count_lcr,0.0,,serine_rich_region,CAST,0.0
,snRNA,0.0,3.872485417395327,,0.0,signature_residue_count_lcr,0.0,,serine_rich_region,CAST,0.0
,snoRNA,0.0,1.884136457827972,,0.0,signature_residue_count_lcr,0.0,,serine_rich_region,CAST,0.0
,tRNA,0.0,1.4692044723748492,,0.0,signature_residue_count_lcr,0.0,,serine_rich_region,CAST,0.0
,unknown,0.0,21.216514541235583,,0.0,signature_residue_count_lcr,0.0,,serine_rich_region,CAST,0.0
,diverse,99.0,582.2961049120155,-2.5562525380420986,0.0233931947069943,signature_residue_count_lcr,0.0,,sr_rs_repeat_region,CAST,0.0
,mRNA,24265.0,18527.8034742515,0.3891850043515755,0.180199916825095,signature_residue_count_lcr,0.0,,sr_rs_repeat_region,CAST,0.0
,ncRNA,1521.0,2504.065882158264,-0.7192523671205179,0.0835760206604758,signature_residue_count_lcr,0.0,,sr_rs_repeat_region,CAST,0.0
,pre-rRNA,332.0,2331.385917209166,-2.811932688653094,0.019593956562795,signature_residue_count_lcr,0.0,,sr_rs_repeat_region,CAST,0.0
,ribosomal protein,0.0,398.19587136469113,,0.0,signature_residue_count_lcr,0.0,,sr_rs_repeat_region,CAST,0.0
,snRNA,3173.0,1666.808840950887,0.9287588638573258,0.2619283473666832,signature_residue_count_lcr,0.0,,sr_rs_repeat_region,CAST,0.0
,snoRNA,0.0,810.9766640716964,,0.0,signature_residue_count_lcr,0.0,,sr_rs_repeat_region,CAST,0.0
,tRNA,0.0,632.3801744271321,,0.0,signature_residue_count_lcr,0.0,,sr_rs_repeat_region,CAST,0.0
,unknown,7196.0,9132.087070654648,-0.3437494285363833,0.1084224800361609,signature_residue_count_lcr,0.0,,sr_rs_repeat_region,CAST,0.0
,diverse,26.0,17.698389238018947,0.5548935592204427,0.0061436672967863,signature_residue_count_lcr,0.0,,unmapped_physicochemical_properties,CAST,0.0
,mRNA,710.0,563.1366496301227,0.3343339782931183,0.0052726948669201,signature_residue_count_lcr,0.0,,unmapped_physicochemical_properties,CAST,0.0
,ncRNA,51.0,76.10892857814433,-0.57756846367246,0.0028023517775701,signature_residue_count_lcr,0.0,,unmapped_physicochemical_properties,CAST,0.0
,pre-rRNA,0.0,70.8604695767942,,0.0,signature_residue_count_lcr,0.0,,unmapped_physicochemical_properties,CAST,0.0
,ribosomal protein,0.0,12.102820995942068,,0.0,signature_residue_count_lcr,0.0,,unmapped_physicochemical_properties,CAST,0.0
,snRNA,155.0,50.66122098992474,1.6133144624149844,0.0127951130922899,signature_residue_count_lcr,0.0,,unmapped_physicochemical_properties,CAST,0.0
,snoRNA,0.0,24.64893813064359,,0.0,signature_residue_count_lcr,0.0,,unmapped_physicochemical_properties,CAST,0.0
,tRNA,0.0,19.22065145036273,,0.0,signature_residue_count_lcr,0.0,,unmapped_physicochemical_properties,CAST,0.0
,unknown,170.0,277.56193141004667,-0.7072749644491051,0.0025613982220882,signature_residue_count_lcr,0.0,,unmapped_physicochemical_properties,CAST,0.0
distal_terminal,diverse,73.0,75.49376466230399,-0.0484610273025787,0.4147727272727273,position_lcr,2.1944001513884908e-157,,,FLPS,3.84020026492986e-157
distal_terminal,mRNA,1475.0,1503.0122237313249,-0.0271417880099062,0.4209474885844749,position_lcr,2.1944001513884908e-157,,,FLPS,3.84020026492986e-157
distal_terminal,ncRNA,246.0,258.6519323373256,-0.0723536541061436,0.4079601990049751,position_lcr,2.1944001513884908e-157,,,FLPS,3.84020026492986e-157
distal_terminal,pre-rRNA,227.0,213.18409680207432,0.09059247818333,0.4567404426559356,position_lcr,2.1944001513884908e-157,,,FLPS,3.84020026492986e-157
distal_terminal,ribosomal protein,14.0,87.50413631312507,-2.6439243874591902,0.0686274509803921,position_lcr,2.1944001513884908e-157,,,FLPS,3.84020026492986e-157
distal_terminal,snRNA,96.0,189.16335350043212,-0.978526312381663,0.2176870748299319,position_lcr,2.1944001513884908e-157,,,FLPS,3.84020026492986e-157
distal_terminal,snoRNA,81.0,79.35424126435362,0.0296145748230138,0.4378378378378378,position_lcr,2.1944001513884908e-157,,,FLPS,3.84020026492986e-157
distal_terminal,tRNA,115.0,165.14261019878998,-0.5220785521831873,0.2987012987012987,position_lcr,2.1944001513884908e-157,,,FLPS,3.84020026492986e-157
distal_terminal,unknown,1147.0,902.4936411902704,0.3458767191782239,0.5451520912547528,position_lcr,2.1944001513884908e-157,,,FLPS,3.84020026492986e-157
domain_adjacent,diverse,27.0,24.77342881837264,0.1241658456391612,0.1534090909090909,position_lcr,2.1944001513884908e-157,,,FLPS,3.84020026492986e-157
domain_adjacent,mRNA,545.0,493.2164464748735,0.1440353221761051,0.1555365296803653,position_lcr,2.1944001513884908e-157,,,FLPS,3.84020026492986e-157
domain_adjacent,ncRNA,57.0,84.87714532658353,-0.5744142156223531,0.0945273631840796,position_lcr,2.1944001513884908e-157,,,FLPS,3.84020026492986e-157
domain_adjacent,pre-rRNA,76.0,69.95678478824546,0.1195354339942895,0.1529175050301811,position_lcr,2.1944001513884908e-157,,,FLPS,3.84020026492986e-157
domain_adjacent,ribosomal protein,52.0,28.714656130386462,0.8567243382825867,0.2549019607843137,position_lcr,2.1944001513884908e-157,,,FLPS,3.84020026492986e-157
domain_adjacent,snRNA,65.0,62.074330164217805,0.0664429295839239,0.1473922902494331,position_lcr,2.1944001513884908e-157,,,FLPS,3.84020026492986e-157
domain_adjacent,snoRNA,25.0,26.040251882948517,-0.0588153086285975,0.1351351351351351,position_lcr,2.1944001513884908e-157,,,FLPS,3.84020026492986e-157
domain_adjacent,tRNA,63.0,54.19187554019015,0.2172752500306427,0.1636363636363636,position_lcr,2.1944001513884908e-157,,,FLPS,3.84020026492986e-157
domain_adjacent,unknown,230.0,296.155080874182,-0.3647189762349371,0.1093155893536121,position_lcr,2.1944001513884908e-157,,,FLPS,3.84020026492986e-157
domain_edge,diverse,16.0,16.08099765403136,-0.0072850079885151,0.0909090909090909,position_lcr,2.1944001513884908e-157,,,FLPS,3.84020026492986e-157
domain_edge,mRNA,308.0,320.15804420298804,-0.0558539082574902,0.0878995433789954,position_lcr,2.1944001513884908e-157,,,FLPS,3.84020026492986e-157
domain_edge,ncRNA,29.0,55.09569082602791,-0.9258865861237308,0.0480928689883913,position_lcr,2.1944001513884908e-157,,,FLPS,3.84020026492986e-157
domain_edge,pre-rRNA,32.0,45.41054451166811,-0.5049554309135041,0.0643863179074446,position_lcr,2.1944001513884908e-157,,,FLPS,3.84020026492986e-157
domain_edge,ribosomal protein,72.0,18.639338189899988,1.949646270119599,0.3529411764705882,position_lcr,2.1944001513884908e-157,,,FLPS,3.84020026492986e-157
domain_edge,snRNA,41.0,40.29386343993085,0.0250637697093451,0.0929705215419501,position_lcr,2.1944001513884908e-157,,,FLPS,3.84020026492986e-157
domain_edge,snoRNA,14.0,16.90332139770342,-0.271879927809926,0.0756756756756756,position_lcr,2.1944001513884908e-157,,,FLPS,3.84020026492986e-157
domain_edge,tRNA,46.0,35.177182368193606,0.386993931123531,0.1194805194805194,position_lcr,2.1944001513884908e-157,,,FLPS,3.84020026492986e-157
domain_edge,unknown,182.0,192.24101740955675,-0.0789777384448242,0.0865019011406844,position_lcr,2.1944001513884908e-157,,,FLPS,3.84020026492986e-157
domain_intrinsic,diverse,17.0,14.755401901469318,0.2042915295334043,0.096590909090909,position_lcr,2.1944001513884908e-157,,,FLPS,3.84020026492986e-157
domain_intrinsic,mRNA,245.0,293.7666378565255,-0.2618888136782407,0.0699200913242009,position_lcr,2.1944001513884908e-157,,,FLPS,3.84020026492986e-157
domain_intrinsic,ncRNA,41.0,50.554019014693175,-0.302201880361639,0.0679933665008291,position_lcr,2.1944001513884908e-157,,,FLPS,3.84020026492986e-157
domain_intrinsic,pre-rRNA,57.0,41.66724286949006,0.4520482795228176,0.1146881287726358,position_lcr,2.1944001513884908e-157,,,FLPS,3.84020026492986e-157
domain_intrinsic,ribosomal protein,54.0,17.1028522039758,1.658722467112335,0.2647058823529412,position_lcr,2.1944001513884908e-157,,,FLPS,3.84020026492986e-157
domain_intrinsic,snRNA,56.0,36.9723422644771,0.5989803834204457,0.1269841269841269,position_lcr,2.1944001513884908e-157,,,FLPS,3.84020026492986e-157
domain_intrinsic,snoRNA,29.0,15.509939498703543,0.9028598415316222,0.1567567567567567,position_lcr,2.1944001513884908e-157,,,FLPS,3.84020026492986e-157
domain_intrinsic,tRNA,85.0,32.27744165946413,1.3969366074758005,0.2207792207792207,position_lcr,2.1944001513884908e-157,,,FLPS,3.84020026492986e-157
domain_intrinsic,unknown,95.0,176.39412273120138,-0.8928030740409921,0.0451520912547528,position_lcr,2.1944001513884908e-157,,,FLPS,3.84020026492986e-157
interdomain_linker,diverse,9.0,16.167921965674775,-0.8451373571379223,0.0511363636363636,position_lcr,2.1944001513884908e-157,,,FLPS,3.84020026492986e-157
interdomain_linker,mRNA,380.0,321.8886282257069,0.239437808786837,0.1084474885844748,position_lcr,2.1944001513884908e-157,,,FLPS,3.84020026492986e-157
interdomain_linker,ncRNA,45.0,55.39350537103346,-0.2997918355133474,0.0746268656716417,position_lcr,2.1944001513884908e-157,,,FLPS,3.84020026492986e-157
interdomain_linker,pre-rRNA,23.0,45.65600691443388,-0.9891708254482108,0.0462776659959758,position_lcr,2.1944001513884908e-157,,,FLPS,3.84020026492986e-157
interdomain_linker,ribosomal protein,1.0,18.740091369304853,-4.228056081914433,0.0049019607843137,position_lcr,2.1944001513884908e-157,,,FLPS,3.84020026492986e-157
interdomain_linker,snRNA,57.0,40.511668107173726,0.4926244286642836,0.1292517006802721,position_lcr,2.1944001513884908e-157,,,FLPS,3.84020026492986e-157
interdomain_linker,snoRNA,11.0,16.99469070255587,-0.6275805818219522,0.0594594594594594,position_lcr,2.1944001513884908e-157,,,FLPS,3.84020026492986e-157
interdomain_linker,tRNA,21.0,35.36732929991357,-0.7520279527464409,0.0545454545454545,position_lcr,2.1944001513884908e-157,,,FLPS,3.84020026492986e-157
interdomain_linker,unknown,197.0,193.28015804420295,0.0275020902211366,0.0936311787072243,position_lcr,2.1944001513884908e-157,,,FLPS,3.84020026492986e-157
unclassified_no_pfam,diverse,34.0,28.72848499814792,0.2430528322704446,0.1931818181818181,position_lcr,2.1944001513884908e-157,,,FLPS,3.84020026492986e-157
unclassified_no_pfam,mRNA,551.0,571.9580195085813,-0.0538569413726134,0.1572488584474886,position_lcr,2.1944001513884908e-157,,,FLPS,3.84020026492986e-157
unclassified_no_pfam,ncRNA,185.0,98.42770712433634,0.9103888782736296,0.3067993366500829,position_lcr,2.1944001513884908e-157,,,FLPS,3.84020026492986e-157
unclassified_no_pfam,pre-rRNA,82.0,81.12532411408816,0.0154715727131999,0.1649899396378269,position_lcr,2.1944001513884908e-157,,,FLPS,3.84020026492986e-157
unclassified_no_pfam,ribosomal protein,11.0,33.298925793307816,-1.597972113676796,0.0539215686274509,position_lcr,2.1944001513884908e-157,,,FLPS,3.84020026492986e-157
unclassified_no_pfam,snRNA,126.0,71.98444252376837,0.8076666875997982,0.2857142857142857,position_lcr,2.1944001513884908e-157,,,FLPS,3.84020026492986e-157
unclassified_no_pfam,snoRNA,25.0,30.19755525373503,-0.272503661084185,0.1351351351351351,position_lcr,2.1944001513884908e-157,,,FLPS,3.84020026492986e-157
unclassified_no_pfam,tRNA,55.0,62.84356093344857,-0.1923333124002017,0.1428571428571428,position_lcr,2.1944001513884908e-157,,,FLPS,3.84020026492986e-157
unclassified_no_pfam,unknown,253.0,343.4359797505865,-0.4409038049405899,0.1202471482889733,position_lcr,2.1944001513884908e-157,,,FLPS,3.84020026492986e-157
,diverse,176.0,176.0,0.0,1.0,no_pfam_lcr,,pfam_classified,,FLPS,
,mRNA,3504.0,3504.0,0.0,1.0,no_pfam_lcr,,pfam_classified,,FLPS,
,ncRNA,603.0,603.0,0.0,1.0,no_pfam_lcr,,pfam_classified,,FLPS,
,pre-rRNA,497.0,497.0,0.0,1.0,no_pfam_lcr,,pfam_classified,,FLPS,
,ribosomal protein,204.0,204.0,0.0,1.0,no_pfam_lcr,,pfam_classified,,FLPS,
,snRNA,441.0,441.0,0.0,1.0,no_pfam_lcr,,pfam_classified,,FLPS,
,snoRNA,185.0,185.0,0.0,1.0,no_pfam_lcr,,pfam_classified,,FLPS,
,tRNA,385.0,385.0,0.0,1.0,no_pfam_lcr,,pfam_classified,,FLPS,
,unknown,2104.0,2104.0,0.0,1.0,no_pfam_lcr,,pfam_classified,,FLPS,
,diverse,23.0,29.83676997160143,-0.3754575015622908,0.1306818181818181,signature_sequence_count_lcr,2.440068023723372e-126,,acidic_region,FLPS,2.440068023723372e-126
,mRNA,519.0,594.0229657982467,-0.1947841702252992,0.1481164383561644,signature_sequence_count_lcr,2.440068023723372e-126,,acidic_region,FLPS,2.440068023723372e-126
,ncRNA,95.0,102.22484257315718,-0.1057464225511434,0.1575456053067993,signature_sequence_count_lcr,2.440068023723372e-126,,acidic_region,FLPS,2.440068023723372e-126
,pre-rRNA,147.0,84.25496974935177,0.8029824642920715,0.2957746478873239,signature_sequence_count_lcr,2.440068023723372e-126,,acidic_region,FLPS,2.440068023723372e-126
,ribosomal protein,13.0,34.58352883071984,-1.41157346281241,0.0637254901960784,signature_sequence_count_lcr,2.440068023723372e-126,,acidic_region,FLPS,2.440068023723372e-126
,snRNA,106.0,74.76145203111496,0.503697770023672,0.2403628117913832,signature_sequence_count_lcr,2.440068023723372e-126,,acidic_region,FLPS,2.440068023723372e-126
,snoRNA,58.0,31.36251389060378,0.8870116956292534,0.3135135135135135,signature_sequence_count_lcr,2.440068023723372e-126,,acidic_region,FLPS,2.440068023723372e-126
,tRNA,46.0,65.26793431287814,-0.5047405185072577,0.1194805194805194,signature_sequence_count_lcr,2.440068023723372e-126,,acidic_region,FLPS,2.440068023723372e-126
,unknown,366.0,356.6850228423262,0.0371930100097335,0.1739543726235741,signature_sequence_count_lcr,2.440068023723372e-126,,acidic_region,FLPS,2.440068023723372e-126
,diverse,18.0,17.928139276453884,0.0057711448369309,0.1022727272727272,signature_sequence_count_lcr,2.440068023723372e-126,,arginine_rich_rna_contact_region,FLPS,2.440068023723372e-126
,mRNA,266.0,356.93295468576366,-0.4242268620680679,0.0759132420091324,signature_sequence_count_lcr,2.440068023723372e-126,,arginine_rich_rna_contact_region,FLPS,2.440068023723372e-126
,ncRNA,72.0,61.424249907395975,0.2291885715741433,0.1194029850746268,signature_sequence_count_lcr,2.440068023723372e-126,,arginine_rich_rna_contact_region,FLPS,2.440068023723372e-126
,pre-rRNA,83.0,50.62662057044079,0.7132151518165546,0.1670020120724346,signature_sequence_count_lcr,2.440068023723372e-126,,arginine_rich_rna_contact_region,FLPS,2.440068023723372e-126
,ribosomal protein,70.0,20.780343252253363,1.7521354370053868,0.3431372549019608,signature_sequence_count_lcr,2.440068023723372e-126,,arginine_rich_rna_contact_region,FLPS,2.440068023723372e-126
,snRNA,38.0,44.92221261884183,-0.2414295700820191,0.0861678004535147,signature_sequence_count_lcr,2.440068023723372e-126,,arginine_rich_rna_contact_region,FLPS,2.440068023723372e-126
,snoRNA,15.0,18.844919125818,-0.3292131028758778,0.081081081081081,signature_sequence_count_lcr,2.440068023723372e-126,,arginine_rich_rna_contact_region,FLPS,2.440068023723372e-126
,tRNA,53.0,39.21780466724287,0.4344835810128514,0.1376623376623376,signature_sequence_count_lcr,2.440068023723372e-126,,arginine_rich_rna_contact_region,FLPS,2.440068023723372e-126
,unknown,210.0,214.3227558957896,-0.0293957095942639,0.0998098859315589,signature_sequence_count_lcr,2.440068023723372e-126,,arginine_rich_rna_contact_region,FLPS,2.440068023723372e-126
,diverse,1.0,1.5429065316705766,-0.6256506669768853,0.0056818181818181,signature_sequence_count_lcr,2.440068023723372e-126,,aromatic_aggregation_prone_region,FLPS,2.440068023723372e-126
,mRNA,14.0,30.717866403259663,-1.1336511858831573,0.0039954337899543,signature_sequence_count_lcr,2.440068023723372e-126,,aromatic_aggregation_prone_region,FLPS,2.440068023723372e-126
,ncRNA,15.0,5.286208173848623,1.5046573553688458,0.0248756218905472,signature_sequence_count_lcr,2.440068023723372e-126,,aromatic_aggregation_prone_region,FLPS,2.440068023723372e-126
,pre-rRNA,2.0,4.356957649092481,-1.1233210899018742,0.0040241448692152,signature_sequence_count_lcr,2.440068023723372e-126,,aromatic_aggregation_prone_region,FLPS,2.440068023723372e-126
,ribosomal protein,0.0,1.7883689344363505,,0.0,signature_sequence_count_lcr,2.440068023723372e-126,,aromatic_aggregation_prone_region,FLPS,2.440068023723372e-126
,snRNA,2.0,3.866032843560933,-0.9508538938971086,0.0045351473922902,signature_sequence_count_lcr,2.440068023723372e-126,,aromatic_aggregation_prone_region,FLPS,2.440068023723372e-126
,snoRNA,1.0,1.6218051611310038,-0.6976005088559001,0.0054054054054054,signature_sequence_count_lcr,2.440068023723372e-126,,aromatic_aggregation_prone_region,FLPS,2.440068023723372e-126
,tRNA,3.0,3.3751080380293863,-0.1699711832006955,0.0077922077922077,signature_sequence_count_lcr,2.440068023723372e-126,,aromatic_aggregation_prone_region,FLPS,2.440068023723372e-126
,unknown,33.0,18.444746264970984,0.8392560817265631,0.0156844106463878,signature_sequence_count_lcr,2.440068023723372e-126,,aromatic_aggregation_prone_region,FLPS,2.440068023723372e-126
,diverse,29.0,26.96826768736881,0.1047900475250121,0.1647727272727272,signature_sequence_count_lcr,2.440068023723372e-126,,aromatic_sticker_region,FLPS,2.440068023723372e-126
,mRNA,585.0,536.9136930485245,0.1237464259043308,0.1669520547945205,signature_sequence_count_lcr,2.440068023723372e-126,,aromatic_sticker_region,FLPS,2.440068023723372e-126
,ncRNA,108.0,92.39696258797382,0.2251139812981213,0.1791044776119403,signature_sequence_count_lcr,2.440068023723372e-126,,aromatic_sticker_region,FLPS,2.440068023723372e-126
,pre-rRNA,28.0,76.15471045808124,-1.4435064484699445,0.056338028169014,signature_sequence_count_lcr,2.440068023723372e-126,,aromatic_sticker_region,FLPS,2.440068023723372e-126
,ribosomal protein,25.0,31.258673910359303,-0.3223284811620335,0.1225490196078431,signature_sequence_count_lcr,2.440068023723372e-126,,aromatic_sticker_region,FLPS,2.440068023723372e-126
,snRNA,43.0,67.57389801210026,-0.6521294198206853,0.0975056689342403,signature_sequence_count_lcr,2.440068023723372e-126,,aromatic_sticker_region,FLPS,2.440068023723372e-126
,snoRNA,15.0,28.3473268304729,-0.9182501938730564,0.081081081081081,signature_sequence_count_lcr,2.440068023723372e-126,,aromatic_sticker_region,FLPS,2.440068023723372e-126
,tRNA,53.0,58.99308556611928,-0.1545535099843271,0.1376623376623376,signature_sequence_count_lcr,2.440068023723372e-126,,aromatic_sticker_region,FLPS,2.440068023723372e-126
,unknown,355.0,322.39338189899985,0.1389968961344794,0.1687262357414448,signature_sequence_count_lcr,2.440068023723372e-126,,aromatic_sticker_region,FLPS,2.440068023723372e-126
,diverse,15.0,16.233115199407333,-0.1139773846529217,0.0852272727272727,signature_sequence_count_lcr,2.440068023723372e-126,,basic_enriched_region,FLPS,2.440068023723372e-126
,mRNA,210.0,323.18656624274604,-0.621977903559194,0.059931506849315,signature_sequence_count_lcr,2.440068023723372e-126,,basic_enriched_region,FLPS,2.440068023723372e-126
,ncRNA,56.0,55.61686627978763,0.0099043685333761,0.0928689883913764,signature_sequence_count_lcr,2.440068023723372e-126,,basic_enriched_region,FLPS,2.440068023723372e-126
,pre-rRNA,97.0,45.84010371650821,1.0813744390006983,0.1951710261569416,signature_sequence_count_lcr,2.440068023723372e-126,,basic_enriched_region,FLPS,2.440068023723372e-126
,ribosomal protein,39.0,18.815656253858503,1.0515405152666095,0.1911764705882352,signature_sequence_count_lcr,2.440068023723372e-126,,basic_enriched_region,FLPS,2.440068023723372e-126
,snRNA,38.0,40.67502160760588,-0.0981436937380782,0.0861678004535147,signature_sequence_count_lcr,2.440068023723372e-126,,basic_enriched_region,FLPS,2.440068023723372e-126
,snoRNA,50.0,17.06321768119521,1.5510383676342696,0.2702702702702703,signature_sequence_count_lcr,2.440068023723372e-126,,basic_enriched_region,FLPS,2.440068023723372e-126
,tRNA,43.0,35.509939498703545,0.276113757495691,0.1116883116883116,signature_sequence_count_lcr,2.440068023723372e-126,,basic_enriched_region,FLPS,2.440068023723372e-126
,unknown,199.0,194.0595135201877,0.0362692696272034,0.0945817490494296,signature_sequence_count_lcr,2.440068023723372e-126,,basic_enriched_region,FLPS,2.440068023723372e-126
,diverse,6.0,5.497962711445857,0.1260653785546428,0.034090909090909,signature_sequence_count_lcr,2.440068023723372e-126,,cation_pi_rich_neighborhood,FLPS,2.440068023723372e-126
,mRNA,131.0,109.45943943696751,0.2591704384070608,0.0373858447488584,signature_sequence_count_lcr,2.440068023723372e-126,,cation_pi_rich_neighborhood,FLPS,2.440068023723372e-126
,ncRNA,19.0,18.83676997160143,0.0124478180142847,0.0315091210613598,signature_sequence_count_lcr,2.440068023723372e-126,,cation_pi_rich_neighborhood,FLPS,2.440068023723372e-126
,pre-rRNA,6.0,15.525496974935177,-1.371605044370346,0.0120724346076458,signature_sequence_count_lcr,2.440068023723372e-126,,cation_pi_rich_neighborhood,FLPS,2.440068023723372e-126
,ribosomal protein,6.0,6.372638597357699,-0.0869283447795555,0.0294117647058823,signature_sequence_count_lcr,2.440068023723372e-126,,cation_pi_rich_neighborhood,FLPS,2.440068023723372e-126
,snRNA,12.0,13.776145203111495,-0.1991378483655804,0.0272108843537414,signature_sequence_count_lcr,2.440068023723372e-126,,cation_pi_rich_neighborhood,FLPS,2.440068023723372e-126
,snoRNA,2.0,5.779108531917521,-1.5308469640455282,0.0108108108108108,signature_sequence_count_lcr,2.440068023723372e-126,,cation_pi_rich_neighborhood,FLPS,2.440068023723372e-126
,tRNA,7.0,12.026793431287814,-0.7808252170538758,0.0181818181818181,signature_sequence_count_lcr,2.440068023723372e-126,,cation_pi_rich_neighborhood,FLPS,2.440068023723372e-126
,unknown,64.0,65.72564514137548,-0.0383844928215184,0.0304182509505703,signature_sequence_count_lcr,2.440068023723372e-126,,cation_pi_rich_neighborhood,FLPS,2.440068023723372e-126
,diverse,36.0,39.4636374861094,-0.1325270333208059,0.2045454545454545,signature_sequence_count_lcr,2.440068023723372e-126,,disorder_rich_spacer_region,FLPS,2.440068023723372e-126
,mRNA,886.0,785.6851463143598,0.1733554128280238,0.2528538812785388,signature_sequence_count_lcr,2.440068023723372e-126,,disorder_rich_spacer_region,FLPS,2.440068023723372e-126
,ncRNA,133.0,135.20780343252252,-0.0237521725247161,0.220563847429519,signature_sequence_count_lcr,2.440068023723372e-126,,disorder_rich_spacer_region,FLPS,2.440068023723372e-126
,pre-rRNA,75.0,111.4399308556612,-0.5713037671922261,0.1509054325955734,signature_sequence_count_lcr,2.440068023723372e-126,,disorder_rich_spacer_region,FLPS,2.440068023723372e-126
,ribosomal protein,22.0,45.741943449808616,-1.056014139460019,0.1078431372549019,signature_sequence_count_lcr,2.440068023723372e-126,,disorder_rich_spacer_region,FLPS,2.440068023723372e-126
,snRNA,96.0,98.88331892826275,-0.0426927609621854,0.2176870748299319,signature_sequence_count_lcr,2.440068023723372e-126,,disorder_rich_spacer_region,FLPS,2.440068023723372e-126
,snoRNA,25.0,41.48166440301272,-0.7305456868674083,0.1351351351351351,signature_sequence_count_lcr,2.440068023723372e-126,,disorder_rich_spacer_region,FLPS,2.440068023723372e-126
,tRNA,80.0,86.3267070008643,-0.1098069568207223,0.2077922077922078,signature_sequence_count_lcr,2.440068023723372e-126,,disorder_rich_spacer_region,FLPS,2.440068023723372e-126
,unknown,463.0,471.76984812939867,-0.0270710221578867,0.2200570342205323,signature_sequence_count_lcr,2.440068023723372e-126,,disorder_rich_spacer_region,FLPS,2.440068023723372e-126
,diverse,1.0,0.7605877268798618,0.3948134355828302,0.0056818181818181,signature_sequence_count_lcr,2.440068023723372e-126,,glutamine_rich_region,FLPS,2.440068023723372e-126
,mRNA,19.0,15.142610198789974,0.3273855080625395,0.0054223744292237,signature_sequence_count_lcr,2.440068023723372e-126,,glutamine_rich_region,FLPS,2.440068023723372e-126
,ncRNA,2.0,2.605877268798617,-0.3817691376799572,0.0033167495854063,signature_sequence_count_lcr,2.440068023723372e-126,,glutamine_rich_region,FLPS,2.440068023723372e-126
,pre-rRNA,0.0,2.1477960242005185,,0.0,signature_sequence_count_lcr,2.440068023723372e-126,,glutamine_rich_region,FLPS,2.440068023723372e-126
,ribosomal protein,1.0,0.881590319792567,0.1818197122486319,0.0049019607843137,signature_sequence_count_lcr,2.440068023723372e-126,,glutamine_rich_region,FLPS,2.440068023723372e-126
,snRNA,0.0,1.905790838375108,,0.0,signature_sequence_count_lcr,2.440068023723372e-126,,glutamine_rich_region,FLPS,2.440068023723372e-126
,snoRNA,0.0,0.7994814174589455,,0.0,signature_sequence_count_lcr,2.440068023723372e-126,,glutamine_rich_region,FLPS,2.440068023723372e-126
,tRNA,1.0,1.6637856525496977,-0.7344695813621361,0.0025974025974025,signature_sequence_count_lcr,2.440068023723372e-126,,glutamine_rich_region,FLPS,2.440068023723372e-126
,unknown,11.0,9.09248055315471,0.2747576835651227,0.0052281368821292,signature_sequence_count_lcr,2.440068023723372e-126,,glutamine_rich_region,FLPS,2.440068023723372e-126
,diverse,0.0,0.1738486232868255,,0.0,signature_sequence_count_lcr,2.440068023723372e-126,,glycine_rich_region,FLPS,2.440068023723372e-126
,mRNA,3.0,3.4611680454377085,-0.2062964877149231,0.0008561643835616,signature_sequence_count_lcr,2.440068023723372e-126,,glycine_rich_region,FLPS,2.440068023723372e-126
,ncRNA,0.0,0.5956290900111125,,0.0,signature_sequence_count_lcr,2.440068023723372e-126,,glycine_rich_region,FLPS,2.440068023723372e-126
,pre-rRNA,0.0,0.4909248055315471,,0.0,signature_sequence_count_lcr,2.440068023723372e-126,,glycine_rich_region,FLPS,2.440068023723372e-126
,ribosomal protein,0.0,0.2015063588097295,,0.0,signature_sequence_count_lcr,2.440068023723372e-126,,glycine_rich_region,FLPS,2.440068023723372e-126
,snRNA,1.0,0.4356093344857389,1.1988932256075735,0.0022675736961451,signature_sequence_count_lcr,2.440068023723372e-126,,glycine_rich_region,FLPS,2.440068023723372e-126
,snoRNA,0.0,0.1827386097049018,,0.0,signature_sequence_count_lcr,2.440068023723372e-126,,glycine_rich_region,FLPS,2.440068023723372e-126
,tRNA,2.0,0.3802938634399309,2.3948134355828303,0.0051948051948051,signature_sequence_count_lcr,2.440068023723372e-126,,glycine_rich_region,FLPS,2.440068023723372e-126
,unknown,2.0,2.078281269292505,-0.0553909181272083,0.0009505703422053,signature_sequence_count_lcr,2.440068023723372e-126,,glycine_rich_region,FLPS,2.440068023723372e-126
,diverse,7.0,6.758365230275342,0.0506806044547984,0.0397727272727272,signature_sequence_count_lcr,2.440068023723372e-126,,gs_rich_neutral_region,FLPS,2.440068023723372e-126
,mRNA,186.0,134.55290776639092,0.4671290525413494,0.0530821917808219,signature_sequence_count_lcr,2.440068023723372e-126,,gs_rich_neutral_region,FLPS,2.440068023723372e-126
,ncRNA,16.0,23.155080874182,-0.5332568908655934,0.0265339966832504,signature_sequence_count_lcr,2.440068023723372e-126,,gs_rich_neutral_region,FLPS,2.440068023723372e-126
,pre-rRNA,6.0,19.08470181503889,-1.6693822398066387,0.0120724346076458,signature_sequence_count_lcr,2.440068023723372e-126,,gs_rich_neutral_region,FLPS,2.440068023723372e-126
,ribosomal protein,3.0,7.833559698728238,-1.384705540215848,0.0147058823529411,signature_sequence_count_lcr,2.440068023723372e-126,,gs_rich_neutral_region,FLPS,2.440068023723372e-126
,snRNA,11.0,16.934312878133102,-0.6224459258857319,0.0249433106575963,signature_sequence_count_lcr,2.440068023723372e-126,,gs_rich_neutral_region,FLPS,2.440068023723372e-126
,snoRNA,1.0,7.103963452278059,-2.8286241594818207,0.0054054054054054,signature_sequence_count_lcr,2.440068023723372e-126,,gs_rich_neutral_region,FLPS,2.440068023723372e-126
,tRNA,11.0,14.783923941227313,-0.4265257159104751,0.0285714285714285,signature_sequence_count_lcr,2.440068023723372e-126,,gs_rich_neutral_region,FLPS,2.440068023723372e-126
,unknown,70.0,80.79318434374615,-0.2068786713128445,0.0332699619771863,signature_sequence_count_lcr,2.440068023723372e-126,,gs_rich_neutral_region,FLPS,2.440068023723372e-126
,diverse,19.0,8.779355475984689,1.1138124832195877,0.1079545454545454,signature_sequence_count_lcr,2.440068023723372e-126,,hydrophobic_region,FLPS,2.440068023723372e-126
,mRNA,132.0,174.78898629460429,-0.4050763518294208,0.0376712328767123,signature_sequence_count_lcr,2.440068023723372e-126,,hydrophobic_region,FLPS,2.440068023723372e-126
,ncRNA,37.0,30.07926904556118,0.2987557621421643,0.0613598673300165,signature_sequence_count_lcr,2.440068023723372e-126,,hydrophobic_region,FLPS,2.440068023723372e-126
,pre-rRNA,26.0,24.79170267934313,0.0686542649921053,0.0523138832997987,signature_sequence_count_lcr,2.440068023723372e-126,,hydrophobic_region,FLPS,2.440068023723372e-126
,ribosomal protein,10.0,10.176071119891343,-0.0251806586708339,0.0490196078431372,signature_sequence_count_lcr,2.440068023723372e-126,,hydrophobic_region,FLPS,2.440068023723372e-126
,snRNA,26.0,21.99827139152982,0.2411214609968707,0.0589569160997732,signature_sequence_count_lcr,2.440068023723372e-126,,hydrophobic_region,FLPS,2.440068023723372e-126
,snoRNA,6.0,9.228299790097545,-0.6211023713818566,0.0324324324324324,signature_sequence_count_lcr,2.440068023723372e-126,,hydrophobic_region,FLPS,2.440068023723372e-126
,tRNA,44.0,19.20484010371651,1.1960335714683328,0.1142857142857142,signature_sequence_count_lcr,2.440068023723372e-126,,hydrophobic_region,FLPS,2.440068023723372e-126
,unknown,104.0,104.95320409927152,-0.0131626827379109,0.0494296577946768,signature_sequence_count_lcr,2.440068023723372e-126,,hydrophobic_region,FLPS,2.440068023723372e-126
,diverse,2.0,3.911594023953575,-0.967756643801878,0.0113636363636363,signature_sequence_count_lcr,2.440068023723372e-126,,mixed_charge_polyampholyte,FLPS,2.440068023723372e-126
,mRNA,93.0,77.87628102234844,0.2560467263422772,0.0265410958904109,signature_sequence_count_lcr,2.440068023723372e-126,,mixed_charge_polyampholyte,FLPS,2.440068023723372e-126
,ncRNA,6.0,13.40165452525003,-1.1593767163435094,0.0099502487562189,signature_sequence_count_lcr,2.440068023723372e-126,,mixed_charge_polyampholyte,FLPS,2.440068023723372e-126
,pre-rRNA,6.0,11.04580812445981,-0.8804645660057108,0.0120724346076458,signature_sequence_count_lcr,2.440068023723372e-126,,mixed_charge_polyampholyte,FLPS,2.440068023723372e-126
,ribosomal protein,1.0,4.533893073218916,-2.1807503671360764,0.0049019607843137,signature_sequence_count_lcr,2.440068023723372e-126,,mixed_charge_polyampholyte,FLPS,2.440068023723372e-126
,snRNA,14.0,9.801210025929128,0.5143950513355029,0.0317460317460317,signature_sequence_count_lcr,2.440068023723372e-126,,mixed_charge_polyampholyte,FLPS,2.440068023723372e-126
,snoRNA,3.0,4.111618718360291,-0.4547439849597366,0.0162162162162162,signature_sequence_count_lcr,2.440068023723372e-126,,mixed_charge_polyampholyte,FLPS,2.440068023723372e-126
,tRNA,10.0,8.556611927398444,0.2248884341405178,0.0259740259740259,signature_sequence_count_lcr,2.440068023723372e-126,,mixed_charge_polyampholyte,FLPS,2.440068023723372e-126
,unknown,45.0,46.76132855908137,-0.0553909181272083,0.0213878326996197,signature_sequence_count_lcr,2.440068023723372e-126,,mixed_charge_polyampholyte,FLPS,2.440068023723372e-126
,diverse,0.0,0.6953944931473022,,0.0,signature_sequence_count_lcr,2.440068023723372e-126,,polar_linker,FLPS,2.440068023723372e-126
,mRNA,21.0,13.844672181750834,0.6010584343426809,0.0059931506849315,signature_sequence_count_lcr,2.440068023723372e-126,,polar_linker,FLPS,2.440068023723372e-126
,ncRNA,3.0,2.38251636004445,0.3324763799861652,0.0049751243781094,signature_sequence_count_lcr,2.440068023723372e-126,,polar_linker,FLPS,2.440068023723372e-126
,pre-rRNA,1.0,1.9636992221261884,-0.9735739703971922,0.0020120724346076,signature_sequence_count_lcr,2.440068023723372e-126,,polar_linker,FLPS,2.440068023723372e-126
,ribosomal protein,0.0,0.8060254352389183,,0.0,signature_sequence_count_lcr,2.440068023723372e-126,,polar_linker,FLPS,2.440068023723372e-126
,snRNA,1.0,1.742437337942956,-0.8011067743924264,0.0022675736961451,signature_sequence_count_lcr,2.440068023723372e-126,,polar_linker,FLPS,2.440068023723372e-126
,snoRNA,0.0,0.7309544388196073,,0.0,signature_sequence_count_lcr,2.440068023723372e-126,,polar_linker,FLPS,2.440068023723372e-126
,tRNA,0.0,1.5211754537597235,,0.0,signature_sequence_count_lcr,2.440068023723372e-126,,polar_linker,FLPS,2.440068023723372e-126
,unknown,6.0,8.313125077170021,-0.470428417406052,0.0028517110266159,signature_sequence_count_lcr,2.440068023723372e-126,,polar_linker,FLPS,2.440068023723372e-126
,diverse,3.0,2.0861834794419063,0.5240964525277969,0.0170454545454545,signature_sequence_count_lcr,2.440068023723372e-126,,proline_rich_disordered_region,FLPS,2.440068023723372e-126
,mRNA,55.0,41.5340165452525,0.4051382243674241,0.0156963470319634,signature_sequence_count_lcr,2.440068023723372e-126,,proline_rich_disordered_region,FLPS,2.440068023723372e-126
,ncRNA,2.0,7.147549080133349,-1.8374486214561467,0.0033167495854063,signature_sequence_count_lcr,2.440068023723372e-126,,proline_rich_disordered_region,FLPS,2.440068023723372e-126
,pre-rRNA,1.0,5.891097666378565,-2.5585364711183485,0.0020120724346076,signature_sequence_count_lcr,2.440068023723372e-126,,proline_rich_disordered_region,FLPS,2.440068023723372e-126
,ribosomal protein,2.0,2.418076305716755,-0.2738597715275577,0.0098039215686274,signature_sequence_count_lcr,2.440068023723372e-126,,proline_rich_disordered_region,FLPS,2.440068023723372e-126
,snRNA,4.0,5.227312013828867,-0.3860692751135827,0.0090702947845804,signature_sequence_count_lcr,2.440068023723372e-126,,proline_rich_disordered_region,FLPS,2.440068023723372e-126
,snoRNA,1.0,2.1928633164588223,-1.1328158900723746,0.0054054054054054,signature_sequence_count_lcr,2.440068023723372e-126,,proline_rich_disordered_region,FLPS,2.440068023723372e-126
,tRNA,8.0,4.5635263612791706,0.809850934861674,0.0207792207792207,signature_sequence_count_lcr,2.440068023723372e-126,,proline_rich_disordered_region,FLPS,2.440068023723372e-126
,unknown,20.0,24.939375231510063,-0.3184253239610022,0.0095057034220532,signature_sequence_count_lcr,2.440068023723372e-126,,proline_rich_disordered_region,FLPS,2.440068023723372e-126
,diverse,3.0,3.781207556488456,-0.3338845425997754,0.0170454545454545,signature_sequence_count_lcr,2.440068023723372e-126,,rg_rgg_repeat_region,FLPS,2.440068023723372e-126
,mRNA,118.0,75.28040498827016,0.6484405650770334,0.0336757990867579,signature_sequence_count_lcr,2.440068023723372e-126,,rg_rgg_repeat_region,FLPS,2.440068023723372e-126
,ncRNA,1.0,12.954932707741696,-3.695429616583719,0.0016583747927031,signature_sequence_count_lcr,2.440068023723372e-126,,rg_rgg_repeat_region,FLPS,2.440068023723372e-126
,pre-rRNA,5.0,10.677614520311147,-1.094589371358558,0.0100603621730382,signature_sequence_count_lcr,2.440068023723372e-126,,rg_rgg_repeat_region,FLPS,2.440068023723372e-126
,ribosomal protein,4.0,4.382763304111618,-0.1318407666551297,0.0196078431372549,signature_sequence_count_lcr,2.440068023723372e-126,,rg_rgg_repeat_region,FLPS,2.440068023723372e-126
,snRNA,10.0,9.474503025064823,0.0778778246462074,0.0226757369614512,signature_sequence_count_lcr,2.440068023723372e-126,,rg_rgg_repeat_region,FLPS,2.440068023723372e-126
,snoRNA,5.0,3.974564761081615,0.3311312096874158,0.027027027027027,signature_sequence_count_lcr,2.440068023723372e-126,,rg_rgg_repeat_region,FLPS,2.440068023723372e-126
,tRNA,1.0,8.271391529818496,-3.048130060265898,0.0025974025974025,signature_sequence_count_lcr,2.440068023723372e-126,,rg_rgg_repeat_region,FLPS,2.440068023723372e-126
,unknown,27.0,45.20261760711199,-0.743446911812468,0.0128326996197718,signature_sequence_count_lcr,2.440068023723372e-126,,rg_rgg_repeat_region,FLPS,2.440068023723372e-126
,diverse,1.0,0.4128904803062106,1.2761689390842113,0.0056818181818181,signature_sequence_count_lcr,2.440068023723372e-126,,serine_rich_region,FLPS,2.440068023723372e-126
,mRNA,4.0,8.220274107914557,-1.0391865018796649,0.0011415525114155,signature_sequence_count_lcr,2.440068023723372e-126,,serine_rich_region,FLPS,2.440068023723372e-126
,ncRNA,4.0,1.414619088776392,1.499586365821424,0.0066334991708126,signature_sequence_count_lcr,2.440068023723372e-126,,serine_rich_region,FLPS,2.440068023723372e-126
,pre-rRNA,1.0,1.1659464131374244,-0.2215014838407777,0.0020120724346076,signature_sequence_count_lcr,2.440068023723372e-126,,serine_rich_region,FLPS,2.440068023723372e-126
,ribosomal protein,0.0,0.4785776021731078,,0.0,signature_sequence_count_lcr,2.440068023723372e-126,,serine_rich_region,FLPS,2.440068023723372e-126
,snRNA,1.0,1.03457216940363,-0.049034287836012,0.0022675736961451,signature_sequence_count_lcr,2.440068023723372e-126,,serine_rich_region,FLPS,2.440068023723372e-126
,snoRNA,1.0,0.4340041980491418,1.2042190972051965,0.0054054054054054,signature_sequence_count_lcr,2.440068023723372e-126,,serine_rich_region,FLPS,2.440068023723372e-126
,tRNA,0.0,0.9031979256698358,,0.0,signature_sequence_count_lcr,2.440068023723372e-126,,serine_rich_region,FLPS,2.440068023723372e-126
,unknown,7.0,4.9359180145697,0.5040364904868101,0.0033269961977186,signature_sequence_count_lcr,2.440068023723372e-126,,serine_rich_region,FLPS,2.440068023723372e-126
,diverse,1.0,3.781207556488456,-1.9188470433209317,0.0056818181818181,signature_sequence_count_lcr,2.440068023723372e-126,,sr_rs_repeat_region,FLPS,2.440068023723372e-126
,mRNA,134.0,75.28040498827016,0.8318867061729647,0.03824200913242,signature_sequence_count_lcr,2.440068023723372e-126,,sr_rs_repeat_region,FLPS,2.440068023723372e-126
,ncRNA,1.0,12.954932707741696,-3.695429616583719,0.0016583747927031,signature_sequence_count_lcr,2.440068023723372e-126,,sr_rs_repeat_region,FLPS,2.440068023723372e-126
,pre-rRNA,1.0,10.677614520311147,-3.4165174662459203,0.0020120724346076,signature_sequence_count_lcr,2.440068023723372e-126,,sr_rs_repeat_region,FLPS,2.440068023723372e-126
,ribosomal protein,0.0,4.382763304111618,,0.0,signature_sequence_count_lcr,2.440068023723372e-126,,sr_rs_repeat_region,FLPS,2.440068023723372e-126
,snRNA,17.0,9.474503025064823,0.8434125710091845,0.0385487528344671,signature_sequence_count_lcr,2.440068023723372e-126,,sr_rs_repeat_region,FLPS,2.440068023723372e-126
,snoRNA,0.0,3.974564761081615,,0.0,signature_sequence_count_lcr,2.440068023723372e-126,,sr_rs_repeat_region,FLPS,2.440068023723372e-126
,tRNA,1.0,8.271391529818496,-3.048130060265898,0.0025974025974025,signature_sequence_count_lcr,2.440068023723372e-126,,sr_rs_repeat_region,FLPS,2.440068023723372e-126
,unknown,19.0,45.20261760711199,-1.2504069005323513,0.0090304182509505,signature_sequence_count_lcr,2.440068023723372e-126,,sr_rs_repeat_region,FLPS,2.440068023723372e-126
,diverse,11.0,7.388566489690085,0.5741371350273923,0.0625,signature_sequence_count_lcr,2.440068023723372e-126,,unmapped_physicochemical_properties,FLPS,2.440068023723372e-126
,mRNA,128.0,147.0996419311026,-0.2006499245737811,0.0365296803652968,signature_sequence_count_lcr,2.440068023723372e-126,,unmapped_physicochemical_properties,FLPS,2.440068023723372e-126
,ncRNA,33.0,25.31423632547228,0.382517062485761,0.0547263681592039,signature_sequence_count_lcr,2.440068023723372e-126,,unmapped_physicochemical_properties,FLPS,2.440068023723372e-126
,pre-rRNA,12.0,20.864304235090756,-0.7980024058137377,0.0241448692152917,signature_sequence_count_lcr,2.440068023723372e-126,,unmapped_physicochemical_properties,FLPS,2.440068023723372e-126
,ribosomal protein,8.0,8.564020249413508,-0.0982882069441034,0.0392156862745098,signature_sequence_count_lcr,2.440068023723372e-126,,unmapped_physicochemical_properties,FLPS,2.440068023723372e-126
,snRNA,21.0,18.513396715643907,0.1818197122486319,0.0476190476190476,signature_sequence_count_lcr,2.440068023723372e-126,,unmapped_physicochemical_properties,FLPS,2.440068023723372e-126
,snoRNA,2.0,7.766390912458328,-1.95724432548892,0.0108108108108108,signature_sequence_count_lcr,2.440068023723372e-126,,unmapped_physicochemical_properties,FLPS,2.440068023723372e-126
,tRNA,22.0,16.16248919619706,0.4448541180824257,0.0571428571428571,signature_sequence_count_lcr,2.440068023723372e-126,,unmapped_physicochemical_properties,FLPS,2.440068023723372e-126
,unknown,103.0,88.32695394493147,0.2217186729183082,0.0489543726235741,signature_sequence_count_lcr,2.440068023723372e-126,,unmapped_physicochemical_properties,FLPS,2.440068023723372e-126
,diverse,329.0,548.5703082237462,-0.7375889533959148,0.0831858407079646,signature_residue_count_lcr,0.0,,acidic_region,FLPS,0.0
,mRNA,12052.0,14923.609037427495,-0.3083238925859795,0.1120136810602821,signature_residue_count_lcr,0.0,,acidic_region,FLPS,0.0
,ncRNA,2038.0,1983.591397701086,0.0390391776039803,0.1425075169568561,signature_residue_count_lcr,0.0,,acidic_region,FLPS,0.0
,pre-rRNA,3348.0,1499.3792748163582,1.1589341621573293,0.3097132284921369,signature_residue_count_lcr,0.0,,acidic_region,FLPS,0.0
,ribosomal protein,193.0,653.2910623852957,-1.7591250550030673,0.0409766454352441,signature_residue_count_lcr,0.0,,acidic_region,FLPS,0.0
,snRNA,2180.0,1547.3705078493333,0.4945094528649743,0.1954105414126927,signature_residue_count_lcr,0.0,,acidic_region,FLPS,0.0
,snoRNA,1279.0,609.4609189216538,1.0694106466873583,0.2910787437414656,signature_residue_count_lcr,0.0,,acidic_region,FLPS,0.0
,tRNA,899.0,1024.7376579410966,-0.1888615932389929,0.1216838115863562,signature_residue_count_lcr,0.0,,acidic_region,FLPS,0.0
,unknown,7837.0,7364.989834733932,0.0896179629837659,0.1475922333753931,signature_residue_count_lcr,0.0,,acidic_region,FLPS,0.0
,diverse,313.0,296.12427382742965,0.0799599015458293,0.0791403286978508,signature_residue_count_lcr,0.0,,arginine_rich_rna_contact_region,FLPS,0.0
,mRNA,5679.0,8055.927969200624,-0.5044138720112139,0.0527817536293845,signature_residue_count_lcr,0.0,,arginine_rich_rna_contact_region,FLPS,0.0
,ncRNA,1301.0,1070.7644096096262,0.2809798699003291,0.0909726592545975,signature_residue_count_lcr,0.0,,arginine_rich_rna_contact_region,FLPS,0.0
,pre-rRNA,1688.0,809.3813906635941,1.0604233200585378,0.1561517113783533,signature_residue_count_lcr,0.0,,arginine_rich_rna_contact_region,FLPS,0.0
,ribosomal protein,1655.0,352.6536864038416,2.2305071911678,0.351380042462845,signature_residue_count_lcr,0.0,,arginine_rich_rna_contact_region,FLPS,0.0
,snRNA,535.0,835.2875850363604,-0.6427341037664375,0.0479562567228397,signature_residue_count_lcr,0.0,,arginine_rich_rna_contact_region,FLPS,0.0
,snoRNA,272.0,328.99369385530366,-0.2744532791995719,0.0619025944469731,signature_residue_count_lcr,0.0,,arginine_rich_rna_contact_region,FLPS,0.0
,tRNA,1034.0,553.164635913287,0.9024553533058618,0.1399566865186789,signature_residue_count_lcr,0.0,,arginine_rich_rna_contact_region,FLPS,0.0
,unknown,3801.0,3975.702355489934,-0.0648307270895784,0.0715832689881165,signature_residue_count_lcr,0.0,,arginine_rich_rna_contact_region,FLPS,0.0
,diverse,5.0,7.058374385369376,-0.4974078596835319,0.0012642225031605,signature_residue_count_lcr,0.0,,aromatic_aggregation_prone_region,FLPS,0.0
,mRNA,85.0,192.0199073626884,-1.1757211414824786,0.0007900068777069,signature_residue_count_lcr,0.0,,aromatic_aggregation_prone_region,FLPS,0.0
,ncRNA,89.0,25.52258206957457,1.8020310449648265,0.0062233410251031,signature_residue_count_lcr,0.0,,aromatic_aggregation_prone_region,FLPS,0.0
,pre-rRNA,10.0,19.292295096294048,-0.9480247829453904,0.0009250693802035,signature_residue_count_lcr,0.0,,aromatic_aggregation_prone_region,FLPS,0.0
,ribosomal protein,0.0,8.405801101160495,,0.0,signature_residue_count_lcr,0.0,,aromatic_aggregation_prone_region,FLPS,0.0
,snRNA,10.0,19.9097913130672,-0.9934780993516898,0.0008963786303334,signature_residue_count_lcr,0.0,,aromatic_aggregation_prone_region,FLPS,0.0
,snoRNA,5.0,7.841845018789644,-0.6492650347466543,0.0011379153390987,signature_residue_count_lcr,0.0,,aromatic_aggregation_prone_region,FLPS,0.0
,tRNA,15.0,13.1851504321388,0.1860484694153401,0.0020303194369247,signature_residue_count_lcr,0.0,,aromatic_aggregation_prone_region,FLPS,0.0
,unknown,169.0,94.76425322091744,0.834608390146535,0.0031827341381193,signature_residue_count_lcr,0.0,,aromatic_aggregation_prone_region,FLPS,0.0
,diverse,1005.0,730.7054740647725,0.4598335809883568,0.2541087231352718,signature_residue_count_lcr,0.0,,aromatic_sticker_region,FLPS,0.0
,mRNA,20383.0,19878.5144820544,0.0361564565373423,0.1894436492741231,signature_residue_count_lcr,0.0,,aromatic_sticker_region,FLPS,0.0
,ncRNA,3346.0,2642.1792628572216,0.3407090935297414,0.2339696524718551,signature_residue_count_lcr,0.0,,aromatic_sticker_region,FLPS,0.0
,pre-rRNA,722.0,1997.200044156812,-1.4679081014526214,0.0667900092506938,signature_residue_count_lcr,0.0,,aromatic_sticker_region,FLPS,0.0
,ribosomal protein,693.0,870.1953938925609,-0.3284840280807116,0.1471337579617834,signature_residue_count_lcr,0.0,,aromatic_sticker_region,FLPS,0.0
,snRNA,1322.0,2061.125225958686,-0.6407099832384004,0.1185012549300824,signature_residue_count_lcr,0.0,,aromatic_sticker_region,FLPS,0.0
,snoRNA,461.0,811.8128579116587,-0.8163804397117183,0.1049157942649066,signature_residue_count_lcr,0.0,,aromatic_sticker_region,FLPS,0.0
,tRNA,1239.0,1364.968910844637,-0.1396919045596167,0.1677043854899837,signature_residue_count_lcr,0.0,,aromatic_sticker_region,FLPS,0.0
,unknown,10996.0,9810.298348259255,0.1646098948702641,0.2070848791879319,signature_residue_count_lcr,0.0,,aromatic_sticker_region,FLPS,0.0
,diverse,325.0,298.87121849802446,0.1209157469512757,0.0821744627054361,signature_residue_count_lcr,0.0,,basic_enriched_region,FLPS,0.0
,mRNA,4693.0,8130.657366138164,-0.792861538985564,0.043617673847984,signature_residue_count_lcr,0.0,,basic_enriched_region,FLPS,0.0
,ncRNA,1081.0,1080.697167064538,0.0004042153394318,0.075589119641983,signature_residue_count_lcr,0.0,,basic_enriched_region,FLPS,0.0
,pre-rRNA,2121.0,816.8894745799354,1.3765318213041553,0.1962072155411655,signature_residue_count_lcr,0.0,,basic_enriched_region,FLPS,0.0
,ribosomal protein,1012.0,355.92501621382934,1.507564048589778,0.2148619957537155,signature_residue_count_lcr,0.0,,basic_enriched_region,FLPS,0.0
,snRNA,680.0,843.0359832020129,-0.3100594644949972,0.0609537468626747,signature_residue_count_lcr,0.0,,basic_enriched_region,FLPS,0.0
,snoRNA,1204.0,332.0455459115852,1.8583823407320388,0.274010013654984,signature_residue_count_lcr,0.0,,basic_enriched_region,FLPS,0.0
,tRNA,787.0,558.2959702309494,0.4953334929206612,0.1065240931239848,signature_residue_count_lcr,0.0,,basic_enriched_region,FLPS,0.0
,unknown,4526.0,4012.582258160961,0.1737056167375962,0.0852370101131848,signature_residue_count_lcr,0.0,,basic_enriched_region,FLPS,0.0
,diverse,335.0,263.61572994429804,0.3457246370774116,0.0847029077117572,signature_residue_count_lcr,0.0,,cation_pi_rich_neighborhood,FLPS,0.0
,mRNA,7914.0,7171.547622661644,0.1421225786556914,0.0735542874137963,signature_residue_count_lcr,0.0,,cation_pi_rich_neighborhood,FLPS,0.0
,ncRNA,1137.0,953.2158164180546,0.2543574591938474,0.079504929725194,signature_residue_count_lcr,0.0,,cation_pi_rich_neighborhood,FLPS,0.0
,pre-rRNA,410.0,720.5274439185491,-0.8134294720241356,0.0379278445883441,signature_residue_count_lcr,0.0,,cation_pi_rich_neighborhood,FLPS,0.0
,ribosomal protein,185.0,313.9393395796823,-0.7629605528914023,0.0392781316348195,signature_residue_count_lcr,0.0,,cation_pi_rich_neighborhood,FLPS,0.0
,snRNA,649.0,743.5896544269503,-0.1962882199367424,0.058174973108641,signature_residue_count_lcr,0.0,,cation_pi_rich_neighborhood,FLPS,0.0
,snoRNA,131.0,292.8767426991771,-1.1607268217933948,0.0298133818843878,signature_residue_count_lcr,0.0,,cation_pi_rich_neighborhood,FLPS,0.0
,tRNA,226.0,492.4381827632045,-1.1236198574748193,0.0305901461829994,signature_residue_count_lcr,0.0,,cation_pi_rich_neighborhood,FLPS,0.0
,unknown,3504.0,3539.24946758844,-0.0144406802313045,0.0659899433134334,signature_residue_count_lcr,0.0,,cation_pi_rich_neighborhood,FLPS,0.0
,diverse,581.0,713.9327390562402,-0.2972499980182896,0.1469026548672566,signature_residue_count_lcr,0.0,,disorder_rich_spacer_region,FLPS,0.0
,mRNA,19270.0,19422.21975373378,-0.0113515232890215,0.1790992062754428,signature_residue_count_lcr,0.0,,disorder_rich_spacer_region,FLPS,0.0
,ncRNA,2842.0,2581.530240516635,0.1386800563892842,0.1987273617229564,signature_residue_count_lcr,0.0,,disorder_rich_spacer_region,FLPS,0.0
,pre-rRNA,1459.0,1951.3559820980925,-0.419497106766786,0.1349676225716928,signature_residue_count_lcr,0.0,,disorder_rich_spacer_region,FLPS,0.0
,ribosomal protein,319.0,850.2207840593909,-1.4142811027979407,0.067728237791932,signature_residue_count_lcr,0.0,,disorder_rich_spacer_region,FLPS,0.0
,snRNA,2116.0,2013.8138146425829,0.0714093210230491,0.1896737181785586,signature_residue_count_lcr,0.0,,disorder_rich_spacer_region,FLPS,0.0
,snoRNA,509.0,793.1783705216484,-0.6399796804102458,0.1158397815202549,signature_residue_count_lcr,0.0,,disorder_rich_spacer_region,FLPS,0.0
,tRNA,1511.0,1333.63718739507,0.1801374221197266,0.2045208446128857,signature_residue_count_lcr,0.0,,disorder_rich_spacer_region,FLPS,0.0
,unknown,10638.0,9585.11112797656,0.150359878632271,0.2003427559841051,signature_residue_count_lcr,0.0,,disorder_rich_spacer_region,FLPS,0.0
,diverse,9.0,12.261196741595256,-0.4461028921233127,0.002275600505689,signature_residue_count_lcr,0.0,,glutamine_rich_region,FLPS,0.0
,mRNA,402.0,333.560354542402,0.2692476745640174,0.0037362678216257,signature_residue_count_lcr,0.0,,glutamine_rich_region,FLPS,0.0
,ncRNA,38.0,44.33561936828161,-0.222466811552717,0.0026571568421788,signature_residue_count_lcr,0.0,,glutamine_rich_region,FLPS,0.0
,pre-rRNA,0.0,33.51290436830461,,0.0,signature_residue_count_lcr,0.0,,glutamine_rich_region,FLPS,0.0
,ribosomal protein,15.0,14.601829747892202,0.0388133369029019,0.0031847133757961,signature_residue_count_lcr,0.0,,glutamine_rich_region,FLPS,0.0
,snRNA,0.0,34.58556532218374,,0.0,signature_residue_count_lcr,0.0,,glutamine_rich_region,FLPS,0.0
,snoRNA,0.0,13.622174079031494,,0.0,signature_residue_count_lcr,0.0,,glutamine_rich_region,FLPS,0.0
,tRNA,16.0,22.904101523869976,-0.5175340651879091,0.002165674066053,signature_residue_count_lcr,0.0,,glutamine_rich_region,FLPS,0.0
,unknown,194.0,164.6162543064391,0.2369498570567473,0.0036535527976044,signature_residue_count_lcr,0.0,,glutamine_rich_region,FLPS,0.0
,diverse,0.0,3.201736834600542,,0.0,signature_residue_count_lcr,0.0,,glycine_rich_region,FLPS,0.0
,mRNA,40.0,87.10181364905453,-1.1227027591829877,0.0003717679424503,signature_residue_count_lcr,0.0,,glycine_rich_region,FLPS,0.0
,ncRNA,0.0,11.57725372228125,,0.0,signature_residue_count_lcr,0.0,,glycine_rich_region,FLPS,0.0
,pre-rRNA,0.0,8.751144167391114,,0.0,signature_residue_count_lcr,0.0,,glycine_rich_region,FLPS,0.0
,ribosomal protein,0.0,3.81294070568105,,0.0,signature_residue_count_lcr,0.0,,glycine_rich_region,FLPS,0.0
,snRNA,29.0,9.031245544071718,1.6830560244383503,0.002599498027967,signature_residue_count_lcr,0.0,,glycine_rich_region,FLPS,0.0
,snoRNA,0.0,3.5571255755334463,,0.0,signature_residue_count_lcr,0.0,,glycine_rich_region,FLPS,0.0
,tRNA,64.0,5.980892979526878,3.419639097356652,0.0086626962642122,signature_residue_count_lcr,0.0,,glycine_rich_region,FLPS,0.0
,unknown,43.0,42.98584682185946,0.0004749321162791,0.0008098080943143,signature_residue_count_lcr,0.0,,glycine_rich_region,FLPS,0.0
,diverse,216.0,196.6157483429696,0.1356524304540175,0.054614412136536,signature_residue_count_lcr,0.0,,gs_rich_neutral_region,FLPS,0.0
,mRNA,7081.0,5348.843192721485,0.4047262063084075,0.0658122200122683,signature_residue_count_lcr,0.0,,gs_rich_neutral_region,FLPS,0.0
,ncRNA,614.0,710.9486263091804,-0.211506657769949,0.0429340605552059,signature_residue_count_lcr,0.0,,gs_rich_neutral_region,FLPS,0.0
,pre-rRNA,141.0,537.3998077338816,-1.930300642572516,0.0130434782608695,signature_residue_count_lcr,0.0,,gs_rich_neutral_region,FLPS,0.0
,ribosomal protein,88.0,234.1492224261408,-1.4118528182121453,0.0186836518046709,signature_residue_count_lcr,0.0,,gs_rich_neutral_region,FLPS,0.0
,snRNA,179.0,554.6005786382224,-1.6314895341133528,0.0160451774829688,signature_residue_count_lcr,0.0,,gs_rich_neutral_region,FLPS,0.0
,snoRNA,18.0,218.43984784298573,-3.601167245330261,0.0040964952207555,signature_residue_count_lcr,0.0,,gs_rich_neutral_region,FLPS,0.0
,tRNA,182.0,367.28120069730966,-1.012946603133039,0.0246345425013535,signature_residue_count_lcr,0.0,,gs_rich_neutral_region,FLPS,0.0
,unknown,2289.0,2639.721775287824,-0.2056684157185194,0.0431081564624569,signature_residue_count_lcr,0.0,,gs_rich_neutral_region,FLPS,0.0
,diverse,178.0,60.014373962199926,1.5684972560177004,0.0450063211125158,signature_residue_count_lcr,0.0,,hydrophobic_region,FLPS,0.0
,mRNA,1134.0,1632.664109251312,-0.5258073730557549,0.0105396211684666,signature_residue_count_lcr,0.0,,hydrophobic_region,FLPS,0.0
,ncRNA,283.0,217.00772744207868,0.3830556364525076,0.0197888259562268,signature_residue_count_lcr,0.0,,hydrophobic_region,FLPS,0.0
,pre-rRNA,195.0,164.0342307285414,0.2494772155390549,0.0180388529139685,signature_residue_count_lcr,0.0,,hydrophobic_region,FLPS,0.0
,ribosomal protein,66.0,71.47097379569195,-0.1148914207302352,0.0140127388535031,signature_residue_count_lcr,0.0,,hydrophobic_region,FLPS,0.0
,snRNA,192.0,169.28454005620793,0.181656086104301,0.0172104697024022,signature_residue_count_lcr,0.0,,hydrophobic_region,FLPS,0.0
,snoRNA,55.0,66.67589360048204,-0.27773363648716,0.0125170687300864,signature_residue_count_lcr,0.0,,hydrophobic_region,FLPS,0.0
,tRNA,334.0,112.10776101965438,1.5749619459030708,0.0452084461288576,signature_residue_count_lcr,0.0,,hydrophobic_region,FLPS,0.0
,unknown,862.0,805.7403901438316,0.0973727925756457,0.0162338273790466,signature_residue_count_lcr,0.0,,hydrophobic_region,FLPS,0.0
,diverse,47.0,140.80365397618291,-1.582952111737902,0.0118836915297092,signature_residue_count_lcr,0.0,,mixed_charge_polyampholyte,FLPS,0.0
,mRNA,4145.0,3830.5002138845575,0.1138392999182871,0.0385244530364146,signature_residue_count_lcr,0.0,,mixed_charge_polyampholyte,FLPS,0.0
,ncRNA,347.0,509.136044377596,-0.5531155422679557,0.0242640374798965,signature_residue_count_lcr,0.0,,mixed_charge_polyampholyte,FLPS,0.0
,pre-rRNA,211.0,384.851453725041,-0.8670586979702126,0.0195189639222941,signature_residue_count_lcr,0.0,,mixed_charge_polyampholyte,FLPS,0.0
,ribosomal protein,54.0,167.68273330665525,-1.634702826392062,0.0114649681528662,signature_residue_count_lcr,0.0,,mixed_charge_polyampholyte,FLPS,0.0
,snRNA,701.0,397.1695483586085,0.819659430926926,0.062836141986375,signature_residue_count_lcr,0.0,,mixed_charge_polyampholyte,FLPS,0.0
,snoRNA,75.0,156.43268156039133,-1.0605794479827806,0.0170687300864815,signature_residue_count_lcr,0.0,,mixed_charge_polyampholyte,FLPS,0.0
,tRNA,374.0,263.0233617132843,0.5078473248498133,0.0506226312939902,signature_residue_count_lcr,0.0,,mixed_charge_polyampholyte,FLPS,0.0
,unknown,1786.0,1890.4003090976832,-0.0819596898590715,0.0336352850336164,signature_residue_count_lcr,0.0,,mixed_charge_polyampholyte,FLPS,0.0
,diverse,0.0,9.91446917532554,,0.0,signature_residue_count_lcr,0.0,,polar_linker,FLPS,0.0
,mRNA,325.0,269.7186843109927,0.2689842528184754,0.0030206145324088,signature_residue_count_lcr,0.0,,polar_linker,FLPS,0.0
,ncRNA,35.0,35.850018628655015,-0.0346189465337662,0.0024473813020068,signature_residue_count_lcr,0.0,,polar_linker,FLPS,0.0
,pre-rRNA,7.0,27.09871347288726,-1.952797533252309,0.0006475485661424,signature_residue_count_lcr,0.0,,polar_linker,FLPS,0.0
,ribosomal protein,0.0,11.807117526114617,,0.0,signature_residue_count_lcr,0.0,,polar_linker,FLPS,0.0
,snRNA,22.0,27.966072849540264,-0.346174153078916,0.0019720329867335,signature_residue_count_lcr,0.0,,polar_linker,FLPS,0.0
,snoRNA,0.0,11.014962719691638,,0.0,signature_residue_count_lcr,0.0,,polar_linker,FLPS,0.0
,tRNA,0.0,18.52037882864857,,0.0,signature_residue_count_lcr,0.0,,polar_linker,FLPS,0.0
,unknown,156.0,133.10958248814435,0.2289315952494379,0.0029379084351871,signature_residue_count_lcr,0.0,,polar_linker,FLPS,0.0
,diverse,98.0,47.44391854908076,1.046558577500364,0.0247787610619469,signature_residue_count_lcr,0.0,,proline_rich_disordered_region,FLPS,0.0
,mRNA,1678.0,1290.690511345081,0.3785996107756927,0.015595665185791,signature_residue_count_lcr,0.0,,proline_rich_disordered_region,FLPS,0.0
,ncRNA,41.0,171.5538506119858,-2.0649656934274376,0.0028669323823508,signature_residue_count_lcr,0.0,,proline_rich_disordered_region,FLPS,0.0
,pre-rRNA,23.0,129.67604538952287,-2.49520623381969,0.002127659574468,signature_residue_count_lcr,0.0,,proline_rich_disordered_region,FLPS,0.0
,ribosomal protein,44.0,56.500848638728286,-0.3607690131175384,0.0093418259023354,signature_residue_count_lcr,0.0,,proline_rich_disordered_region,FLPS,0.0
,snRNA,77.0,133.8266385166991,-0.7974349655881007,0.0069021154535675,signature_residue_count_lcr,0.0,,proline_rich_disordered_region,FLPS,0.0
,snoRNA,30.0,52.71013352835925,-0.8131178460694478,0.0068274920345926,signature_residue_count_lcr,0.0,,proline_rich_disordered_region,FLPS,0.0
,tRNA,108.0,88.62595960571647,0.2852300639263401,0.0146182999458581,signature_residue_count_lcr,0.0,,proline_rich_disordered_region,FLPS,0.0
,unknown,509.0,636.9720938148266,-0.3235645121039041,0.0095858679071168,signature_residue_count_lcr,0.0,,proline_rich_disordered_region,FLPS,0.0
,diverse,93.0,193.15932789652587,-1.0544887273994663,0.0235145385587863,signature_residue_count_lcr,0.0,,rg_rgg_repeat_region,FLPS,0.0
,mRNA,7193.0,5254.812825713983,0.4529542272101086,0.0668531702511292,signature_residue_count_lcr,0.0,,rg_rgg_repeat_region,FLPS,0.0
,ncRNA,104.0,698.4504546771723,-2.747574251797083,0.0072722187259632,signature_residue_count_lcr,0.0,,rg_rgg_repeat_region,FLPS,0.0
,pre-rRNA,183.0,527.9525498259026,-1.5285646234853136,0.0169287696577243,signature_residue_count_lcr,0.0,,rg_rgg_repeat_region,FLPS,0.0
,ribosomal protein,155.0,230.0329796188715,-0.5695724983732514,0.0329087048832271,signature_residue_count_lcr,0.0,,rg_rgg_repeat_region,FLPS,0.0
,snRNA,472.0,544.8509385622358,-0.2070747288138144,0.0423090713517389,signature_residue_count_lcr,0.0,,rg_rgg_repeat_region,FLPS,0.0
,snoRNA,297.0,214.5997690966712,0.4688144072301456,0.067592171142467,signature_residue_count_lcr,0.0,,rg_rgg_repeat_region,FLPS,0.0
,tRNA,99.0,360.8245548671386,-1.865797090050172,0.0134001082837033,signature_residue_count_lcr,0.0,,rg_rgg_repeat_region,FLPS,0.0
,unknown,2022.0,2593.3165997414985,-0.3590153481692381,0.0380798131791559,signature_residue_count_lcr,0.0,,rg_rgg_repeat_region,FLPS,0.0
,diverse,59.0,9.041268220434484,2.7061178954157885,0.0149178255372945,signature_residue_count_lcr,0.0,,serine_rich_region,FLPS,0.0
,mRNA,126.0,245.96364422488696,-0.9650213534954228,0.0011710690187185,signature_residue_count_lcr,0.0,,serine_rich_region,FLPS,0.0
,ncRNA,121.0,32.692585795305575,1.8879716518978649,0.0084609467869379,signature_residue_count_lcr,0.0,,serine_rich_region,FLPS,0.0
,pre-rRNA,10.0,24.7120377908715,-1.3052139823205489,0.0009250693802035,signature_residue_count_lcr,0.0,,serine_rich_region,FLPS,0.0
,ribosomal protein,0.0,10.76722460638342,,0.0,signature_residue_count_lcr,0.0,,serine_rich_region,FLPS,0.0
,snRNA,6.0,25.50300588297525,-2.0876328928930543,0.0005378271782,signature_residue_count_lcr,0.0,,serine_rich_region,FLPS,0.0
,snoRNA,17.0,10.04483756272797,0.7590805122411645,0.0038689121529358,signature_residue_count_lcr,0.0,,serine_rich_region,FLPS,0.0
,tRNA,0.0,16.889226197868513,,0.0,signature_residue_count_lcr,0.0,,serine_rich_region,FLPS,0.0
,unknown,158.0,121.38616971854633,0.380320502666295,0.0029755739279459,signature_residue_count_lcr,0.0,,serine_rich_region,FLPS,0.0
,diverse,98.0,293.72297120147925,-1.583602444630132,0.0247787610619469,signature_residue_count_lcr,0.0,,sr_rs_repeat_region,FLPS,0.0
,mRNA,12745.0,7990.601608963832,0.6735553411149376,0.118454560663234,signature_residue_count_lcr,0.0,,sr_rs_repeat_region,FLPS,0.0
,ncRNA,115.0,1062.0814693179152,-3.2071886692316425,0.0080413957065939,signature_residue_count_lcr,0.0,,sr_rs_repeat_region,FLPS,0.0
,pre-rRNA,63.0,802.8180325380507,-3.671649288507282,0.0058279370952821,signature_residue_count_lcr,0.0,,sr_rs_repeat_region,FLPS,0.0
,ribosomal protein,0.0,349.7939808745809,,0.0,signature_residue_count_lcr,0.0,,sr_rs_repeat_region,FLPS,0.0
,snRNA,1712.0,828.5141508783066,1.0470844579876488,0.1534600215130871,signature_residue_count_lcr,0.0,,sr_rs_repeat_region,FLPS,0.0
,snoRNA,0.0,326.3258496736536,,0.0,signature_residue_count_lcr,0.0,,sr_rs_repeat_region,FLPS,0.0
,tRNA,30.0,548.6789661786419,-4.192927864759105,0.0040606388738494,signature_residue_count_lcr,0.0,,sr_rs_repeat_region,FLPS,0.0
,unknown,1383.0,3943.462970373539,-1.5116619391596011,0.0260456882427164,signature_residue_count_lcr,0.0,,sr_rs_repeat_region,FLPS,0.0
,diverse,264.0,129.9432170997254,1.0226566009831966,0.0667509481668773,signature_residue_count_lcr,0.0,,unmapped_physicochemical_properties,FLPS,0.0
,mRNA,2649.0,3535.0469028136167,-0.4162815130549209,0.0246203319887726,signature_residue_count_lcr,0.0,,unmapped_physicochemical_properties,FLPS,0.0
,ncRNA,769.0,469.8654735128124,0.7107358381558923,0.0537724634640934,signature_residue_count_lcr,0.0,,unmapped_physicochemical_properties,FLPS,0.0
,pre-rRNA,219.0,355.16717492997003,-0.6975673820359419,0.0202590194264569,signature_residue_count_lcr,0.0,,unmapped_physicochemical_properties,FLPS,0.0
,ribosomal protein,231.0,154.7490651174985,0.5779621579008095,0.0490445859872611,signature_residue_count_lcr,0.0,,unmapped_physicochemical_properties,FLPS,0.0
,snRNA,274.0,366.53515296195616,-0.4197756750828881,0.0245607744711366,signature_residue_count_lcr,0.0,,unmapped_physicochemical_properties,FLPS,0.0
,snoRNA,41.0,144.36674992065574,-1.816042688820296,0.0093309057806099,signature_residue_count_lcr,0.0,,unmapped_physicochemical_properties,FLPS,0.0
,tRNA,470.0,242.73590086795733,0.9532732565674588,0.0636166756903086,signature_residue_count_lcr,0.0,,unmapped_physicochemical_properties,FLPS,0.0
,unknown,2226.0,1744.5903627758075,0.3515652674019475,0.0419216934405544,signature_residue_count_lcr,0.0,,unmapped_physicochemical_properties,FLPS,0.0
distal_terminal,diverse,53.0,50.85732224140637,0.0595368569625043,0.5698924731182796,position_lcr,1.2921993158461632e-75,,,LCRFinder,1.2921993158461632e-75
distal_terminal,mRNA,1761.0,1847.8160414377649,-0.0694262278252566,0.5211601065403966,position_lcr,1.2921993158461632e-75,,,LCRFinder,1.2921993158461632e-75
distal_terminal,ncRNA,225.0,216.5537592214723,0.0551997846447641,0.5681818181818182,position_lcr,1.2921993158461632e-75,,,LCRFinder,1.2921993158461632e-75
distal_terminal,pre-rRNA,178.0,174.99293674462407,0.0245805495863718,0.55625,position_lcr,1.2921993158461632e-75,,,LCRFinder,1.2921993158461632e-75
distal_terminal,ribosomal protein,14.0,28.43635222100141,-1.0223095825761517,0.2692307692307692,position_lcr,1.2921993158461632e-75,,,LCRFinder,1.2921993158461632e-75
distal_terminal,snRNA,130.0,191.94537749175956,-0.5621841937687695,0.3703703703703703,position_lcr,1.2921993158461632e-75,,,LCRFinder,1.2921993158461632e-75
distal_terminal,snoRNA,82.0,82.02793909904254,-0.0004914723704606,0.5466666666666666,position_lcr,1.2921993158461632e-75,,,LCRFinder,1.2921993158461632e-75
distal_terminal,tRNA,72.0,80.38738031706168,-0.1589721298867153,0.4897959183673469,position_lcr,1.2921993158461632e-75,,,LCRFinder,1.2921993158461632e-75
distal_terminal,unknown,969.0,810.9828912258672,0.2568251864677872,0.6534052596089008,position_lcr,1.2921993158461632e-75,,,LCRFinder,1.2921993158461632e-75
domain_adjacent,diverse,14.0,10.437137027154291,0.4237008013900222,0.1505376344086021,position_lcr,1.2921993158461632e-75,,,LCRFinder,1.2921993158461632e-75
domain_adjacent,mRNA,414.0,379.2159786532727,0.1266110127759731,0.1225214560520864,position_lcr,1.2921993158461632e-75,,,LCRFinder,1.2921993158461632e-75
domain_adjacent,ncRNA,23.0,44.44200282530215,-0.9502899735821472,0.058080808080808,position_lcr,1.2921993158461632e-75,,,LCRFinder,1.2921993158461632e-75
domain_adjacent,pre-rRNA,35.0,35.912729555799714,-0.0371403875019463,0.109375,position_lcr,1.2921993158461632e-75,,,LCRFinder,1.2921993158461632e-75
domain_adjacent,ribosomal protein,14.0,5.835818552817454,1.2624198943569616,0.2692307692307692,position_lcr,1.2921993158461632e-75,,,LCRFinder,1.2921993158461632e-75
domain_adjacent,snRNA,44.0,39.39177523151781,0.1596090887731862,0.1253561253561253,position_lcr,1.2921993158461632e-75,,,LCRFinder,1.2921993158461632e-75
domain_adjacent,snoRNA,25.0,16.83409197928112,0.570542189719293,0.1666666666666666,position_lcr,1.2921993158461632e-75,,,LCRFinder,1.2921993158461632e-75
domain_adjacent,tRNA,22.0,16.497410139695496,0.4152639642413822,0.1496598639455782,position_lcr,1.2921993158461632e-75,,,LCRFinder,1.2921993158461632e-75
domain_adjacent,unknown,124.0,166.43305603515932,-0.4246018816273058,0.083614295347269,position_lcr,1.2921993158461632e-75,,,LCRFinder,1.2921993158461632e-75
domain_edge,diverse,1.0,2.9778684664887773,-1.574280030973326,0.010752688172043,position_lcr,1.2921993158461632e-75,,,LCRFinder,1.2921993158461632e-75
domain_edge,mRNA,118.0,108.1958876157589,0.1251411943327452,0.0349215744303048,position_lcr,1.2921993158461632e-75,,,LCRFinder,1.2921993158461632e-75
domain_edge,ncRNA,4.0,12.679956050855438,-1.6644778399449038,0.0101010101010101,position_lcr,1.2921993158461632e-75,,,LCRFinder,1.2921993158461632e-75
domain_edge,pre-rRNA,10.0,10.246429132004394,-0.0351212198652942,0.03125,position_lcr,1.2921993158461632e-75,,,LCRFinder,1.2921993158461632e-75
domain_edge,ribosomal protein,7.0,1.6650447339507142,2.0717939840512174,0.1346153846153846,position_lcr,1.2921993158461632e-75,,,LCRFinder,1.2921993158461632e-75
domain_edge,snRNA,9.0,11.23905195416732,-0.3205234387275428,0.0256410256410256,position_lcr,1.2921993158461632e-75,,,LCRFinder,1.2921993158461632e-75
domain_edge,snoRNA,3.0,4.80301365562706,-0.6789774096400191,0.02,position_lcr,1.2921993158461632e-75,,,LCRFinder,1.2921993158461632e-75
domain_edge,tRNA,3.0,4.706953382514519,-0.6498310639805027,0.0204081632653061,position_lcr,1.2921993158461632e-75,,,LCRFinder,1.2921993158461632e-75
domain_edge,unknown,49.0,47.48579500863287,0.0452857417952833,0.0330411328388401,position_lcr,1.2921993158461632e-75,,,LCRFinder,1.2921993158461632e-75
domain_intrinsic,diverse,6.0,4.977711505258201,0.2694798826951536,0.064516129032258,position_lcr,1.2921993158461632e-75,,,LCRFinder,1.2921993158461632e-75
domain_intrinsic,mRNA,150.0,180.85685135771465,-0.269885751585892,0.0443918319029298,position_lcr,1.2921993158461632e-75,,,LCRFinder,1.2921993158461632e-75
domain_intrinsic,ncRNA,25.0,21.19541673206718,0.2381757627771437,0.0631313131313131,position_lcr,1.2921993158461632e-75,,,LCRFinder,1.2921993158461632e-75
domain_intrinsic,pre-rRNA,28.0,17.127609480458325,0.7091030202522707,0.0875,position_lcr,1.2921993158461632e-75,,,LCRFinder,1.2921993158461632e-75
domain_intrinsic,ribosomal protein,17.0,2.783236540574478,2.610699316191276,0.3269230769230769,position_lcr,1.2921993158461632e-75,,,LCRFinder,1.2921993158461632e-75
domain_intrinsic,snRNA,32.0,18.786846648877727,0.7683489727774682,0.0911680911680911,position_lcr,1.2921993158461632e-75,,,LCRFinder,1.2921993158461632e-75
domain_intrinsic,snoRNA,14.0,8.02856694396484,0.8022124246437521,0.0933333333333333,position_lcr,1.2921993158461632e-75,,,LCRFinder,1.2921993158461632e-75
domain_intrinsic,tRNA,22.0,7.867995605085544,1.4834354668829617,0.1496598639455782,position_lcr,1.2921993158461632e-75,,,LCRFinder,1.2921993158461632e-75
domain_intrinsic,unknown,47.0,79.37576518599906,-0.7560378376949644,0.0316925151719487,position_lcr,1.2921993158461632e-75,,,LCRFinder,1.2921993158461632e-75
interdomain_linker,diverse,3.0,10.130591743839272,-1.755684040858935,0.032258064516129,position_lcr,1.2921993158461632e-75,,,LCRFinder,1.2921993158461632e-75
interdomain_linker,mRNA,437.0,368.07816669282687,0.247621103864737,0.1293282036105356,position_lcr,1.2921993158461632e-75,,,LCRFinder,1.2921993158461632e-75
interdomain_linker,ncRNA,22.0,43.136713231831735,-0.9714127319143718,0.0555555555555555,position_lcr,1.2921993158461632e-75,,,LCRFinder,1.2921993158461632e-75
interdomain_linker,pre-rRNA,13.0,34.85795008632868,-1.42297610721833,0.040625,position_lcr,1.2921993158461632e-75,,,LCRFinder,1.2921993158461632e-75
interdomain_linker,ribosomal protein,0.0,5.66441688902841,,0.0,position_lcr,1.2921993158461632e-75,,,LCRFinder,1.2921993158461632e-75
interdomain_linker,snRNA,27.0,38.23481400094177,-0.501927448613152,0.0769230769230769,position_lcr,1.2921993158461632e-75,,,LCRFinder,1.2921993158461632e-75
interdomain_linker,snoRNA,9.0,16.339664102966566,-0.8603814195256281,0.06,position_lcr,1.2921993158461632e-75,,,LCRFinder,1.2921993158461632e-75
interdomain_linker,tRNA,10.0,16.012870820907235,-0.6792319804210617,0.0680272108843537,position_lcr,1.2921993158461632e-75,,,LCRFinder,1.2921993158461632e-75
interdomain_linker,unknown,173.0,161.54481243132946,0.0988376147100343,0.1166554281861092,position_lcr,1.2921993158461632e-75,,,LCRFinder,1.2921993158461632e-75
unclassified_no_pfam,diverse,16.0,13.619369015853083,0.2324120401464109,0.1720430107526881,position_lcr,1.2921993158461632e-75,,,LCRFinder,1.2921993158461632e-75
unclassified_no_pfam,mRNA,499.0,494.8370742426621,0.0120862214279014,0.1476768274637466,position_lcr,1.2921993158461632e-75,,,LCRFinder,1.2921993158461632e-75
unclassified_no_pfam,ncRNA,97.0,57.9921519384712,0.7421270733619606,0.2449494949494949,position_lcr,1.2921993158461632e-75,,,LCRFinder,1.2921993158461632e-75
unclassified_no_pfam,pre-rRNA,56.0,46.862345000784806,0.2569976784246843,0.175,position_lcr,1.2921993158461632e-75,,,LCRFinder,1.2921993158461632e-75
unclassified_no_pfam,ribosomal protein,0.0,7.615131062627531,,0.0,position_lcr,1.2921993158461632e-75,,,LCRFinder,1.2921993158461632e-75
unclassified_no_pfam,snRNA,109.0,51.40213467273583,1.0844279557268082,0.3105413105413105,position_lcr,1.2921993158461632e-75,,,LCRFinder,1.2921993158461632e-75
unclassified_no_pfam,snoRNA,17.0,21.96672421911788,-0.3697849979910991,0.1133333333333333,position_lcr,1.2921993158461632e-75,,,LCRFinder,1.2921993158461632e-75
unclassified_no_pfam,tRNA,18.0,21.52738973473552,-0.2581764921396096,0.1224489795918367,position_lcr,1.2921993158461632e-75,,,LCRFinder,1.2921993158461632e-75
unclassified_no_pfam,unknown,121.0,217.1776801130121,-0.8438687939255937,0.0815913688469319,position_lcr,1.2921993158461632e-75,,,LCRFinder,1.2921993158461632e-75
,diverse,93.0,93.0,0.0,1.0,no_pfam_lcr,,pfam_classified,,LCRFinder,
,mRNA,3379.0,3379.0,0.0,1.0,no_pfam_lcr,,pfam_classified,,LCRFinder,
,ncRNA,396.0,396.0,0.0,1.0,no_pfam_lcr,,pfam_classified,,LCRFinder,
,pre-rRNA,320.0,320.0,0.0,1.0,no_pfam_lcr,,pfam_classified,,LCRFinder,
,ribosomal protein,52.0,52.0,0.0,1.0,no_pfam_lcr,,pfam_classified,,LCRFinder,
,snRNA,351.0,351.0,0.0,1.0,no_pfam_lcr,,pfam_classified,,LCRFinder,
,snoRNA,150.0,150.0,0.0,1.0,no_pfam_lcr,,pfam_classified,,LCRFinder,
,tRNA,147.0,147.0,0.0,1.0,no_pfam_lcr,,pfam_classified,,LCRFinder,
,unknown,1483.0,1483.0,0.0,1.0,no_pfam_lcr,,pfam_classified,,LCRFinder,
,diverse,9.0,18.62627530999843,-1.0493423013243872,0.0967741935483871,signature_sequence_count_lcr,3.368234422373221e-88,,acidic_region,LCRFinder,3.929606826102092e-88
,mRNA,522.0,676.7546695966097,-0.3745831302525853,0.1544835750221959,signature_sequence_count_lcr,3.368234422373221e-88,,acidic_region,LCRFinder,3.929606826102092e-88
,ncRNA,96.0,79.31188196515461,0.2754973889828782,0.2424242424242424,signature_sequence_count_lcr,3.368234422373221e-88,,acidic_region,LCRFinder,3.929606826102092e-88
,pre-rRNA,137.0,64.0904096688118,1.0959954964144962,0.428125,signature_sequence_count_lcr,3.368234422373221e-88,,acidic_region,LCRFinder,3.929606826102092e-88
,ribosomal protein,7.0,10.414691571181915,-0.5731932877421562,0.1346153846153846,signature_sequence_count_lcr,3.368234422373221e-88,,acidic_region,LCRFinder,3.929606826102092e-88
,snRNA,81.0,70.29916810547795,0.2044142909213958,0.2307692307692307,signature_sequence_count_lcr,3.368234422373221e-88,,acidic_region,LCRFinder,3.929606826102092e-88
,snoRNA,56.0,30.04237953225553,0.898427739903055,0.3733333333333333,signature_sequence_count_lcr,3.368234422373221e-88,,acidic_region,LCRFinder,3.929606826102092e-88
,tRNA,29.0,29.44153194161042,-0.0217998413674604,0.1972789115646258,signature_sequence_count_lcr,3.368234422373221e-88,,acidic_region,LCRFinder,3.929606826102092e-88
,unknown,339.0,297.0189923088997,0.1907300890230451,0.2285906945380984,signature_sequence_count_lcr,3.368234422373221e-88,,acidic_region,LCRFinder,3.929606826102092e-88
,diverse,8.0,11.13781196044577,-0.4773939358363606,0.086021505376344,signature_sequence_count_lcr,3.368234422373221e-88,,arginine_rich_rna_contact_region,LCRFinder,3.929606826102092e-88
,mRNA,471.0,404.67383456286296,0.2189674897206524,0.1393903521751997,signature_sequence_count_lcr,3.368234422373221e-88,,arginine_rich_rna_contact_region,LCRFinder,3.929606826102092e-88
,ncRNA,37.0,47.42552189609167,-0.3581383791789891,0.0934343434343434,signature_sequence_count_lcr,3.368234422373221e-88,,arginine_rich_rna_contact_region,LCRFinder,3.929606826102092e-88
,pre-rRNA,32.0,38.32365405744781,-0.2601632196156916,0.1,signature_sequence_count_lcr,3.368234422373221e-88,,arginine_rich_rna_contact_region,LCRFinder,3.929606826102092e-88
,ribosomal protein,6.0,6.227593784335269,-0.0537123421482652,0.1153846153846153,signature_sequence_count_lcr,3.368234422373221e-88,,arginine_rich_rna_contact_region,LCRFinder,3.929606826102092e-88
,snRNA,51.0,42.03625804426306,0.2788629969386056,0.1452991452991453,signature_sequence_count_lcr,3.368234422373221e-88,,arginine_rich_rna_contact_region,LCRFinder,3.929606826102092e-88
,snoRNA,6.0,17.96421283942866,-1.5820913145030542,0.04,signature_sequence_count_lcr,3.368234422373221e-88,,arginine_rich_rna_contact_region,LCRFinder,3.929606826102092e-88
,tRNA,17.0,17.60492858264009,-0.0504446283143542,0.1156462585034013,signature_sequence_count_lcr,3.368234422373221e-88,,arginine_rich_rna_contact_region,LCRFinder,3.929606826102092e-88
,unknown,135.0,177.60618427248468,-0.3957224101321288,0.0910316925151719,signature_sequence_count_lcr,3.368234422373221e-88,,arginine_rich_rna_contact_region,LCRFinder,3.929606826102092e-88
,diverse,0.0,0.2043635222100141,,0.0,signature_sequence_count_lcr,3.368234422373221e-88,,aromatic_aggregation_prone_region,LCRFinder,3.929606826102092e-88
,mRNA,7.0,7.425207973630513,-0.0850765130576003,0.0020716188221367,signature_sequence_count_lcr,3.368234422373221e-88,,aromatic_aggregation_prone_region,LCRFinder,3.929606826102092e-88
,ncRNA,3.0,0.8701930623136085,1.785555080690144,0.0075757575757575,signature_sequence_count_lcr,3.368234422373221e-88,,aromatic_aggregation_prone_region,LCRFinder,3.929606826102092e-88
,pre-rRNA,0.0,0.7031863129806938,,0.0,signature_sequence_count_lcr,3.368234422373221e-88,,aromatic_aggregation_prone_region,LCRFinder,3.929606826102092e-88
,ribosomal protein,0.0,0.1142677758593627,,0.0,signature_sequence_count_lcr,3.368234422373221e-88,,aromatic_aggregation_prone_region,LCRFinder,3.929606826102092e-88
,snRNA,0.0,0.7713074870506985,,0.0,signature_sequence_count_lcr,3.368234422373221e-88,,aromatic_aggregation_prone_region,LCRFinder,3.929606826102092e-88
,snoRNA,0.0,0.3296185842097002,,0.0,signature_sequence_count_lcr,3.368234422373221e-88,,aromatic_aggregation_prone_region,LCRFinder,3.929606826102092e-88
,tRNA,0.0,0.3230262125255062,,0.0,signature_sequence_count_lcr,3.368234422373221e-88,,aromatic_aggregation_prone_region,LCRFinder,3.929606826102092e-88
,unknown,4.0,3.2588290692199027,0.2956463175939665,0.0026972353337828,signature_sequence_count_lcr,3.368234422373221e-88,,aromatic_aggregation_prone_region,LCRFinder,3.929606826102092e-88
,diverse,4.0,3.196829383142364,0.3233582513969965,0.043010752688172,signature_sequence_count_lcr,3.368234422373221e-88,,aromatic_sticker_region,LCRFinder,3.929606826102092e-88
,mRNA,142.0,116.15146758750588,0.2898835468459083,0.0420242675347736,signature_sequence_count_lcr,3.368234422373221e-88,,aromatic_sticker_region,LCRFinder,3.929606826102092e-88
,ncRNA,14.0,13.61230576047716,0.0405153644830224,0.0353535353535353,signature_sequence_count_lcr,3.368234422373221e-88,,aromatic_sticker_region,LCRFinder,3.929606826102092e-88
,pre-rRNA,0.0,10.999843038769423,,0.0,signature_sequence_count_lcr,3.368234422373221e-88,,aromatic_sticker_region,LCRFinder,3.929606826102092e-88
,ribosomal protein,1.0,1.787474493800031,-0.8379226556360644,0.0192307692307692,signature_sequence_count_lcr,3.368234422373221e-88,,aromatic_sticker_region,LCRFinder,3.929606826102092e-88
,snRNA,5.0,12.065452833150212,-1.2708820629121709,0.0142450142450142,signature_sequence_count_lcr,3.368234422373221e-88,,aromatic_sticker_region,LCRFinder,3.929606826102092e-88
,snoRNA,2.0,5.156176424423167,-1.3663016279908529,0.0133333333333333,signature_sequence_count_lcr,3.368234422373221e-88,,aromatic_sticker_region,LCRFinder,3.929606826102092e-88
,tRNA,3.0,5.053052895934704,-0.7521927816101804,0.0204081632653061,signature_sequence_count_lcr,3.368234422373221e-88,,aromatic_sticker_region,LCRFinder,3.929606826102092e-88
,unknown,48.0,50.977397582797046,-0.0868233192284463,0.0323668240053944,signature_sequence_count_lcr,3.368234422373221e-88,,aromatic_sticker_region,LCRFinder,3.929606826102092e-88
,diverse,4.0,8.101553916182702,-1.0181986502392983,0.043010752688172,signature_sequence_count_lcr,3.368234422373221e-88,,basic_enriched_region,LCRFinder,3.929606826102092e-88
,mRNA,183.0,294.3564589546382,-0.6857206360110262,0.0541580349215744,signature_sequence_count_lcr,3.368234422373221e-88,,basic_enriched_region,LCRFinder,3.929606826102092e-88
,ncRNA,33.0,34.49693925600377,-0.0640023398524233,0.0833333333333333,signature_sequence_count_lcr,3.368234422373221e-88,,basic_enriched_region,LCRFinder,3.929606826102092e-88
,pre-rRNA,65.0,27.876314550306077,1.221399879009825,0.203125,signature_sequence_count_lcr,3.368234422373221e-88,,basic_enriched_region,LCRFinder,3.929606826102092e-88
,ribosomal protein,21.0,4.529901114424737,2.212837865506401,0.4038461538461538,signature_sequence_count_lcr,3.368234422373221e-88,,basic_enriched_region,LCRFinder,3.929606826102092e-88
,snRNA,31.0,30.57683252236697,0.0198292509510475,0.0883190883190883,signature_sequence_count_lcr,3.368234422373221e-88,,basic_enriched_region,LCRFinder,3.929606826102092e-88
,snoRNA,40.0,13.067022445455972,1.6140695652602144,0.2666666666666666,signature_sequence_count_lcr,3.368234422373221e-88,,basic_enriched_region,LCRFinder,3.929606826102092e-88
,tRNA,24.0,12.805681996546854,0.9062503167535246,0.1632653061224489,signature_sequence_count_lcr,3.368234422373221e-88,,basic_enriched_region,LCRFinder,3.929606826102092e-88
,unknown,154.0,129.1892952440747,0.2534438191090037,0.1038435603506405,signature_sequence_count_lcr,3.368234422373221e-88,,basic_enriched_region,LCRFinder,3.929606826102092e-88
,diverse,0.0,0.0583895777742897,,0.0,signature_sequence_count_lcr,3.368234422373221e-88,,cation_pi_rich_neighborhood,LCRFinder,3.929606826102092e-88
,mRNA,2.0,2.1214879924658607,-0.0850765130576002,0.000591891092039,signature_sequence_count_lcr,3.368234422373221e-88,,cation_pi_rich_neighborhood,LCRFinder,3.929606826102092e-88
,ncRNA,0.0,0.2486265892324596,,0.0,signature_sequence_count_lcr,3.368234422373221e-88,,cation_pi_rich_neighborhood,LCRFinder,3.929606826102092e-88
,pre-rRNA,0.0,0.200910375137341,,0.0,signature_sequence_count_lcr,3.368234422373221e-88,,cation_pi_rich_neighborhood,LCRFinder,3.929606826102092e-88
,ribosomal protein,0.0,0.0326479359598179,,0.0,signature_sequence_count_lcr,3.368234422373221e-88,,cation_pi_rich_neighborhood,LCRFinder,3.929606826102092e-88
,snRNA,0.0,0.2203735677287709,,0.0,signature_sequence_count_lcr,3.368234422373221e-88,,cation_pi_rich_neighborhood,LCRFinder,3.929606826102092e-88
,snoRNA,0.0,0.0941767383456286,,0.0,signature_sequence_count_lcr,3.368234422373221e-88,,cation_pi_rich_neighborhood,LCRFinder,3.929606826102092e-88
,tRNA,1.0,0.092293203578716,3.437631777269837,0.0068027210884353,signature_sequence_count_lcr,3.368234422373221e-88,,cation_pi_rich_neighborhood,LCRFinder,3.929606826102092e-88
,unknown,1.0,0.931094019777115,0.1030012396515707,0.0006743088334457,signature_sequence_count_lcr,3.368234422373221e-88,,cation_pi_rich_neighborhood,LCRFinder,3.929606826102092e-88
,diverse,39.0,30.46476220373568,0.3563326447005832,0.4193548387096774,signature_sequence_count_lcr,3.368234422373221e-88,,disorder_rich_spacer_region,LCRFinder,3.929606826102092e-88
,mRNA,1230.0,1106.886360069063,0.1521512020091669,0.3640130216040249,signature_sequence_count_lcr,3.368234422373221e-88,,disorder_rich_spacer_region,LCRFinder,3.929606826102092e-88
,ncRNA,136.0,129.7209229320358,0.0681954581170958,0.3434343434343434,signature_sequence_count_lcr,3.368234422373221e-88,,disorder_rich_spacer_region,LCRFinder,3.929606826102092e-88
,pre-rRNA,47.0,104.82498822790772,-1.1572500062633588,0.146875,signature_sequence_count_lcr,3.368234422373221e-88,,disorder_rich_spacer_region,LCRFinder,3.929606826102092e-88
,ribosomal protein,13.0,17.034060587035004,-0.389910763053634,0.25,signature_sequence_count_lcr,3.368234422373221e-88,,disorder_rich_spacer_region,LCRFinder,3.929606826102092e-88
,snRNA,99.0,114.97990896248626,-0.2158813632785848,0.282051282051282,signature_sequence_count_lcr,3.368234422373221e-88,,disorder_rich_spacer_region,LCRFinder,3.929606826102092e-88
,snoRNA,29.0,49.136713231831735,-0.7607484584219426,0.1933333333333333,signature_sequence_count_lcr,3.368234422373221e-88,,disorder_rich_spacer_region,LCRFinder,3.929606826102092e-88
,tRNA,41.0,48.1539789671951,-0.2320311032719145,0.2789115646258503,signature_sequence_count_lcr,3.368234422373221e-88,,disorder_rich_spacer_region,LCRFinder,3.929606826102092e-88
,unknown,453.0,485.79830481870977,-0.1008464054620291,0.3054619015509103,signature_sequence_count_lcr,3.368234422373221e-88,,disorder_rich_spacer_region,LCRFinder,3.929606826102092e-88
,diverse,0.0,0.2043635222100141,,0.0,signature_sequence_count_lcr,3.368234422373221e-88,,glutamine_rich_region,LCRFinder,3.929606826102092e-88
,mRNA,9.0,7.425207973630513,0.2774935663271079,0.0026635099141757,signature_sequence_count_lcr,3.368234422373221e-88,,glutamine_rich_region,LCRFinder,3.929606826102092e-88
,ncRNA,0.0,0.8701930623136085,,0.0,signature_sequence_count_lcr,3.368234422373221e-88,,glutamine_rich_region,LCRFinder,3.929606826102092e-88
,pre-rRNA,0.0,0.7031863129806938,,0.0,signature_sequence_count_lcr,3.368234422373221e-88,,glutamine_rich_region,LCRFinder,3.929606826102092e-88
,ribosomal protein,0.0,0.1142677758593627,,0.0,signature_sequence_count_lcr,3.368234422373221e-88,,glutamine_rich_region,LCRFinder,3.929606826102092e-88
,snRNA,1.0,0.7713074870506985,0.3746219797440362,0.0028490028490028,signature_sequence_count_lcr,3.368234422373221e-88,,glutamine_rich_region,LCRFinder,3.929606826102092e-88
,snoRNA,0.0,0.3296185842097002,,0.0,signature_sequence_count_lcr,3.368234422373221e-88,,glutamine_rich_region,LCRFinder,3.929606826102092e-88
,tRNA,0.0,0.3230262125255062,,0.0,signature_sequence_count_lcr,3.368234422373221e-88,,glutamine_rich_region,LCRFinder,3.929606826102092e-88
,unknown,4.0,3.2588290692199027,0.2956463175939665,0.0026972353337828,signature_sequence_count_lcr,3.368234422373221e-88,,glutamine_rich_region,LCRFinder,3.929606826102092e-88
,diverse,0.0,0.0875843666614346,,0.0,signature_sequence_count_lcr,3.368234422373221e-88,,glycine_rich_region,LCRFinder,3.929606826102092e-88
,mRNA,6.0,3.1822319886987915,0.9149234869423996,0.0017756732761171,signature_sequence_count_lcr,3.368234422373221e-88,,glycine_rich_region,LCRFinder,3.929606826102092e-88
,ncRNA,0.0,0.3729398838486893,,0.0,signature_sequence_count_lcr,3.368234422373221e-88,,glycine_rich_region,LCRFinder,3.929606826102092e-88
,pre-rRNA,0.0,0.3013655627060116,,0.0,signature_sequence_count_lcr,3.368234422373221e-88,,glycine_rich_region,LCRFinder,3.929606826102092e-88
,ribosomal protein,0.0,0.0489719039397268,,0.0,signature_sequence_count_lcr,3.368234422373221e-88,,glycine_rich_region,LCRFinder,3.929606826102092e-88
,snRNA,0.0,0.3305603515931565,,0.0,signature_sequence_count_lcr,3.368234422373221e-88,,glycine_rich_region,LCRFinder,3.929606826102092e-88
,snoRNA,0.0,0.1412651075184429,,0.0,signature_sequence_count_lcr,3.368234422373221e-88,,glycine_rich_region,LCRFinder,3.929606826102092e-88
,tRNA,0.0,0.1384398053680741,,0.0,signature_sequence_count_lcr,3.368234422373221e-88,,glycine_rich_region,LCRFinder,3.929606826102092e-88
,unknown,0.0,1.3966410296656726,,0.0,signature_sequence_count_lcr,3.368234422373221e-88,,glycine_rich_region,LCRFinder,3.929606826102092e-88
,diverse,6.0,4.685763616386753,0.3566783245970227,0.064516129032258,signature_sequence_count_lcr,3.368234422373221e-88,,gs_rich_neutral_region,LCRFinder,3.929606826102092e-88
,mRNA,198.0,170.24941139538535,0.217850619899706,0.0585972181118674,signature_sequence_count_lcr,3.368234422373221e-88,,gs_rich_neutral_region,LCRFinder,3.929606826102092e-88
,ncRNA,10.0,19.95228378590488,-0.9965538902083492,0.0252525252525252,signature_sequence_count_lcr,3.368234422373221e-88,,gs_rich_neutral_region,LCRFinder,3.929606826102092e-88
,pre-rRNA,3.0,16.12305760477162,-2.426090959182308,0.009375,signature_sequence_count_lcr,3.368234422373221e-88,,gs_rich_neutral_region,LCRFinder,3.929606826102092e-88
,ribosomal protein,2.0,2.6199968607753883,-0.3895650831571939,0.0384615384615384,signature_sequence_count_lcr,3.368234422373221e-88,,gs_rich_neutral_region,LCRFinder,3.929606826102092e-88
,snRNA,8.0,17.684978810233872,-1.1444525853206626,0.0227920227920227,signature_sequence_count_lcr,3.368234422373221e-88,,gs_rich_neutral_region,LCRFinder,3.929606826102092e-88
,snoRNA,0.0,7.557683252236697,,0.0,signature_sequence_count_lcr,3.368234422373221e-88,,gs_rich_neutral_region,LCRFinder,3.929606826102092e-88
,tRNA,3.0,7.406529587191963,-1.30383520913131,0.0204081632653061,signature_sequence_count_lcr,3.368234422373221e-88,,gs_rich_neutral_region,LCRFinder,3.929606826102092e-88
,unknown,91.0,74.72029508711348,0.2843663927279637,0.0613621038435603,signature_sequence_count_lcr,3.368234422373221e-88,,gs_rich_neutral_region,LCRFinder,3.929606826102092e-88
,diverse,14.0,7.152723277350495,0.9688622940532032,0.1505376344086021,signature_sequence_count_lcr,3.368234422373221e-88,,hydrophobic_region,LCRFinder,3.929606826102092e-88
,mRNA,215.0,259.88227907706795,-0.2735216024707105,0.0636282923941994,signature_sequence_count_lcr,3.368234422373221e-88,,hydrophobic_region,LCRFinder,3.929606826102092e-88
,ncRNA,40.0,30.4567571809763,0.3932376579113832,0.101010101010101,signature_sequence_count_lcr,3.368234422373221e-88,,hydrophobic_region,LCRFinder,3.929606826102092e-88
,pre-rRNA,25.0,24.61152095432428,0.0225942779909929,0.078125,signature_sequence_count_lcr,3.368234422373221e-88,,hydrophobic_region,LCRFinder,3.929606826102092e-88
,ribosomal protein,1.0,3.999372155077696,-1.9997735350374612,0.0192307692307692,signature_sequence_count_lcr,3.368234422373221e-88,,hydrophobic_region,LCRFinder,3.929606826102092e-88
,snRNA,32.0,26.99576204677445,0.2453389627990699,0.0911680911680911,signature_sequence_count_lcr,3.368234422373221e-88,,hydrophobic_region,LCRFinder,3.929606826102092e-88
,snoRNA,8.0,11.536650447339508,-0.5281525073922503,0.0533333333333333,signature_sequence_count_lcr,3.368234422373221e-88,,hydrophobic_region,LCRFinder,3.929606826102092e-88
,tRNA,21.0,11.305917438392717,0.8933112610460265,0.1428571428571428,signature_sequence_count_lcr,3.368234422373221e-88,,hydrophobic_region,LCRFinder,3.929606826102092e-88
,unknown,134.0,114.0590174226966,0.2324524911067724,0.0903573836817262,signature_sequence_count_lcr,3.368234422373221e-88,,hydrophobic_region,LCRFinder,3.929606826102092e-88
,diverse,1.0,0.7444671166221943,0.4257199690266741,0.010752688172043,signature_sequence_count_lcr,3.368234422373221e-88,,mixed_charge_polyampholyte,LCRFinder,3.929606826102092e-88
,mRNA,25.0,27.048971903939727,-0.1136456652543712,0.0073986386504883,signature_sequence_count_lcr,3.368234422373221e-88,,mixed_charge_polyampholyte,LCRFinder,3.929606826102092e-88
,ncRNA,5.0,3.1699890127138595,0.6574502549424583,0.0126262626262626,signature_sequence_count_lcr,3.368234422373221e-88,,mixed_charge_polyampholyte,LCRFinder,3.929606826102092e-88
,pre-rRNA,2.0,2.5616072830010985,-0.3570493147526565,0.00625,signature_sequence_count_lcr,3.368234422373221e-88,,mixed_charge_polyampholyte,LCRFinder,3.929606826102092e-88
,ribosomal protein,0.0,0.4162611834876785,,0.0,signature_sequence_count_lcr,3.368234422373221e-88,,mixed_charge_polyampholyte,LCRFinder,3.929606826102092e-88
,snRNA,3.0,2.8097629885418303,0.0945140605513011,0.0085470085470085,signature_sequence_count_lcr,3.368234422373221e-88,,mixed_charge_polyampholyte,LCRFinder,3.929606826102092e-88
,snoRNA,1.0,1.200753413906765,-0.2639399103611752,0.0066666666666666,signature_sequence_count_lcr,3.368234422373221e-88,,mixed_charge_polyampholyte,LCRFinder,3.929606826102092e-88
,tRNA,1.0,1.1767383456286298,-0.2347935647016588,0.0068027210884353,signature_sequence_count_lcr,3.368234422373221e-88,,mixed_charge_polyampholyte,LCRFinder,3.929606826102092e-88
,unknown,13.0,11.871448752158216,0.1310156158211671,0.0087660148347943,signature_sequence_count_lcr,3.368234422373221e-88,,mixed_charge_polyampholyte,LCRFinder,3.929606826102092e-88
,diverse,2.0,1.5035316276879611,0.4116447838149513,0.021505376344086,signature_sequence_count_lcr,3.368234422373221e-88,,polar_linker,LCRFinder,3.929606826102092e-88
,mRNA,70.0,54.62831580599592,0.3577059767041476,0.0207161882213672,signature_sequence_count_lcr,3.368234422373221e-88,,polar_linker,LCRFinder,3.929606826102092e-88
,ncRNA,5.0,6.402134672735834,-0.3566249302692644,0.0126262626262626,signature_sequence_count_lcr,3.368234422373221e-88,,polar_linker,LCRFinder,3.929606826102092e-88
,pre-rRNA,1.0,5.173442159786533,-2.37112449996438,0.003125,signature_sequence_count_lcr,3.368234422373221e-88,,polar_linker,LCRFinder,3.929606826102092e-88
,ribosomal protein,0.0,0.8406843509653116,,0.0,signature_sequence_count_lcr,3.368234422373221e-88,,polar_linker,LCRFinder,3.929606826102092e-88
,snRNA,2.0,5.674619369015853,-1.504523625381578,0.0056980056980056,signature_sequence_count_lcr,3.368234422373221e-88,,polar_linker,LCRFinder,3.929606826102092e-88
,snoRNA,1.0,2.4250510123999374,-1.2780150955728982,0.0066666666666666,signature_sequence_count_lcr,3.368234422373221e-88,,polar_linker,LCRFinder,3.929606826102092e-88
,tRNA,1.0,2.376549992151938,-1.2488687499133817,0.0068027210884353,signature_sequence_count_lcr,3.368234422373221e-88,,polar_linker,LCRFinder,3.929606826102092e-88
,unknown,21.0,23.97567100926071,-0.1911818647528873,0.01416048550236,signature_sequence_count_lcr,3.368234422373221e-88,,polar_linker,LCRFinder,3.929606826102092e-88
,diverse,1.0,0.8174540888400565,0.2907903889405656,0.010752688172043,signature_sequence_count_lcr,3.368234422373221e-88,,proline_rich_disordered_region,LCRFinder,3.929606826102092e-88
,mRNA,26.0,29.700831894522054,-0.1919917169741122,0.0076945841965078,signature_sequence_count_lcr,3.368234422373221e-88,,proline_rich_disordered_region,LCRFinder,3.929606826102092e-88
,ncRNA,2.0,3.480772249254434,-0.7994074200310124,0.005050505050505,signature_sequence_count_lcr,3.368234422373221e-88,,proline_rich_disordered_region,LCRFinder,3.929606826102092e-88
,pre-rRNA,0.0,2.812745251922775,,0.0,signature_sequence_count_lcr,3.368234422373221e-88,,proline_rich_disordered_region,LCRFinder,3.929606826102092e-88
,ribosomal protein,0.0,0.4570711034374509,,0.0,signature_sequence_count_lcr,3.368234422373221e-88,,proline_rich_disordered_region,LCRFinder,3.929606826102092e-88
,snRNA,6.0,3.085229948202794,0.9595844804651924,0.017094017094017,signature_sequence_count_lcr,3.368234422373221e-88,,proline_rich_disordered_region,LCRFinder,3.929606826102092e-88
,snoRNA,1.0,1.3184743368388008,-0.3988694904472837,0.0066666666666666,signature_sequence_count_lcr,3.368234422373221e-88,,proline_rich_disordered_region,LCRFinder,3.929606826102092e-88
,tRNA,3.0,1.2921048501020247,1.215239355933389,0.0204081632653061,signature_sequence_count_lcr,3.368234422373221e-88,,proline_rich_disordered_region,LCRFinder,3.929606826102092e-88
,unknown,17.0,13.03531627687961,0.3831091588443061,0.0114632501685772,signature_sequence_count_lcr,3.368234422373221e-88,,proline_rich_disordered_region,LCRFinder,3.929606826102092e-88
,diverse,0.0,1.269973316590802,,0.0,signature_sequence_count_lcr,3.368234422373221e-88,,rg_rgg_repeat_region,LCRFinder,3.929606826102092e-88
,mRNA,57.0,46.14236383613248,0.3048700052584131,0.0168688961231133,signature_sequence_count_lcr,3.368234422373221e-88,,rg_rgg_repeat_region,LCRFinder,3.929606826102092e-88
,ncRNA,0.0,5.407628315805996,,0.0,signature_sequence_count_lcr,3.368234422373221e-88,,rg_rgg_repeat_region,LCRFinder,3.929606826102092e-88
,pre-rRNA,0.0,4.3698006592371685,,0.0,signature_sequence_count_lcr,3.368234422373221e-88,,rg_rgg_repeat_region,LCRFinder,3.929606826102092e-88
,ribosomal protein,1.0,0.7100926071260398,0.4939209081163808,0.0192307692307692,signature_sequence_count_lcr,3.368234422373221e-88,,rg_rgg_repeat_region,LCRFinder,3.929606826102092e-88
,snRNA,4.0,4.793125098100769,-0.2609665940470878,0.0113960113960113,signature_sequence_count_lcr,3.368234422373221e-88,,rg_rgg_repeat_region,LCRFinder,3.929606826102092e-88
,snoRNA,5.0,2.0483440590174227,1.2874700306489544,0.0333333333333333,signature_sequence_count_lcr,3.368234422373221e-88,,rg_rgg_repeat_region,LCRFinder,3.929606826102092e-88
,tRNA,0.0,2.0073771778370744,,0.0,signature_sequence_count_lcr,3.368234422373221e-88,,rg_rgg_repeat_region,LCRFinder,3.929606826102092e-88
,unknown,20.0,20.25129493015225,-0.0180141613097952,0.0134861766689143,signature_sequence_count_lcr,3.368234422373221e-88,,rg_rgg_repeat_region,LCRFinder,3.929606826102092e-88
,diverse,4.0,1.1531941610422225,1.794364562821067,0.043010752688172,signature_sequence_count_lcr,3.368234422373221e-88,,serine_rich_region,LCRFinder,3.929606826102092e-88
,mRNA,41.0,41.89938785120076,-0.0313052566166196,0.0121337673868008,signature_sequence_count_lcr,3.368234422373221e-88,,serine_rich_region,LCRFinder,3.929606826102092e-88
,ncRNA,12.0,4.9103751373410764,1.289129254570645,0.0303030303030303,signature_sequence_count_lcr,3.368234422373221e-88,,serine_rich_region,LCRFinder,3.929606826102092e-88
,pre-rRNA,3.0,3.9679799089624863,-0.4034422202371079,0.009375,signature_sequence_count_lcr,3.368234422373221e-88,,serine_rich_region,LCRFinder,3.929606826102092e-88
,ribosomal protein,0.0,0.644796735206404,,0.0,signature_sequence_count_lcr,3.368234422373221e-88,,serine_rich_region,LCRFinder,3.929606826102092e-88
,snRNA,3.0,4.352377962643227,-0.5368413456543061,0.0085470085470085,signature_sequence_count_lcr,3.368234422373221e-88,,serine_rich_region,LCRFinder,3.929606826102092e-88
,snoRNA,0.0,1.859990582326165,,0.0,signature_sequence_count_lcr,3.368234422373221e-88,,serine_rich_region,LCRFinder,3.929606826102092e-88
,tRNA,2.0,1.8227907706796425,0.1338510290927337,0.0136054421768707,signature_sequence_count_lcr,3.368234422373221e-88,,serine_rich_region,LCRFinder,3.929606826102092e-88
,unknown,14.0,18.389106890598026,-0.3934245864679281,0.00944032366824,signature_sequence_count_lcr,3.368234422373221e-88,,serine_rich_region,LCRFinder,3.929606826102092e-88
,diverse,0.0,2.3647778998587348,,0.0,signature_sequence_count_lcr,3.368234422373221e-88,,sr_rs_repeat_region,LCRFinder,3.929606826102092e-88
,mRNA,129.0,85.92026369486737,0.586300739481029,0.0381769754365196,signature_sequence_count_lcr,3.368234422373221e-88,,sr_rs_repeat_region,LCRFinder,3.929606826102092e-88
,ncRNA,0.0,10.069376863914613,,0.0,signature_sequence_count_lcr,3.368234422373221e-88,,sr_rs_repeat_region,LCRFinder,3.929606826102092e-88
,pre-rRNA,1.0,8.136870193062313,-3.024473975665786,0.003125,signature_sequence_count_lcr,3.368234422373221e-88,,sr_rs_repeat_region,LCRFinder,3.929606826102092e-88
,ribosomal protein,0.0,1.322241406372626,,0.0,signature_sequence_count_lcr,3.368234422373221e-88,,sr_rs_repeat_region,LCRFinder,3.929606826102092e-88
,snRNA,22.0,8.925129493015225,1.301558517554313,0.0626780626780626,signature_sequence_count_lcr,3.368234422373221e-88,,sr_rs_repeat_region,LCRFinder,3.929606826102092e-88
,snoRNA,0.0,3.8141579029979593,,0.0,signature_sequence_count_lcr,3.368234422373221e-88,,sr_rs_repeat_region,LCRFinder,3.929606826102092e-88
,tRNA,0.0,3.737874744938,,0.0,signature_sequence_count_lcr,3.368234422373221e-88,,sr_rs_repeat_region,LCRFinder,3.929606826102092e-88
,unknown,10.0,37.70930780097316,-1.914920668345692,0.0067430883344571,signature_sequence_count_lcr,3.368234422373221e-88,,sr_rs_repeat_region,LCRFinder,3.929606826102092e-88
,diverse,1.0,1.2261811332600847,-0.2941721117805905,0.010752688172043,signature_sequence_count_lcr,3.368234422373221e-88,,unmapped_physicochemical_properties,LCRFinder,3.929606826102092e-88
,mRNA,46.0,44.55124784178308,0.0461680202206521,0.0136134951168984,signature_sequence_count_lcr,3.368234422373221e-88,,unmapped_physicochemical_properties,LCRFinder,3.929606826102092e-88
,ncRNA,3.0,5.221158373881651,-0.7994074200310124,0.0075757575757575,signature_sequence_count_lcr,3.368234422373221e-88,,unmapped_physicochemical_properties,LCRFinder,3.929606826102092e-88
,pre-rRNA,4.0,4.2191178778841625,-0.0769413955599214,0.0125,signature_sequence_count_lcr,3.368234422373221e-88,,unmapped_physicochemical_properties,LCRFinder,3.929606826102092e-88
,ribosomal protein,0.0,0.6856066551561765,,0.0,signature_sequence_count_lcr,3.368234422373221e-88,,unmapped_physicochemical_properties,LCRFinder,3.929606826102092e-88
,snRNA,3.0,4.627844922304191,-0.6253780202559637,0.0085470085470085,signature_sequence_count_lcr,3.368234422373221e-88,,unmapped_physicochemical_properties,LCRFinder,3.929606826102092e-88
,snoRNA,1.0,1.9777115052582013,-0.98383199116844,0.0066666666666666,signature_sequence_count_lcr,3.368234422373221e-88,,unmapped_physicochemical_properties,LCRFinder,3.929606826102092e-88
,tRNA,1.0,1.9381572751530367,-0.9546856455089234,0.0068027210884353,signature_sequence_count_lcr,3.368234422373221e-88,,unmapped_physicochemical_properties,LCRFinder,3.929606826102092e-88
,unknown,25.0,19.55297441531941,0.3545400066475353,0.0168577208361429,signature_sequence_count_lcr,3.368234422373221e-88,,unmapped_physicochemical_properties,LCRFinder,3.929606826102092e-88
,diverse,63.0,111.78270325593296,-0.8272732356954666,0.1073253833049403,signature_residue_count_lcr,0.0,,acidic_region,LCRFinder,0.0
,mRNA,3557.0,4903.775794793066,-0.4632320447727905,0.1381305580365811,signature_residue_count_lcr,0.0,,acidic_region,LCRFinder,0.0
,ncRNA,710.0,525.5881788524275,0.4338861966411822,0.2572463768115942,signature_residue_count_lcr,0.0,,acidic_region,LCRFinder,0.0
,pre-rRNA,1003.0,400.0944796264313,1.3259089778538038,0.4773917182294145,signature_residue_count_lcr,0.0,,acidic_region,LCRFinder,0.0
,ribosomal protein,49.0,66.26981385530608,-0.435570117818851,0.1408045977011494,signature_residue_count_lcr,0.0,,acidic_region,LCRFinder,0.0
,snRNA,517.0,524.0647348557538,-0.0195807504724942,0.1878633720930232,signature_residue_count_lcr,0.0,,acidic_region,LCRFinder,0.0
,snoRNA,529.0,249.6543849549031,1.0833354758069402,0.4035087719298245,signature_residue_count_lcr,0.0,,acidic_region,LCRFinder,0.0
,tRNA,185.0,183.1941406000128,0.0141519106609391,0.1923076923076923,signature_residue_count_lcr,0.0,,acidic_region,LCRFinder,0.0
,unknown,2318.0,1966.5757692061663,0.237194794122981,0.2244601529969981,signature_residue_count_lcr,0.0,,acidic_region,LCRFinder,0.0
,diverse,44.0,64.00814516300987,-0.5407519788405425,0.0749574105621805,signature_residue_count_lcr,0.0,,arginine_rich_rna_contact_region,LCRFinder,0.0
,mRNA,3223.0,2807.9620887438964,0.1988807309424477,0.1251601879538658,signature_residue_count_lcr,0.0,,arginine_rich_rna_contact_region,LCRFinder,0.0
,ncRNA,212.0,300.9582293865541,-0.5054990014701198,0.0768115942028985,signature_residue_count_lcr,0.0,,arginine_rich_rna_contact_region,LCRFinder,0.0
,pre-rRNA,182.0,229.0989999786776,-0.3320327108421373,0.0866254164683484,signature_residue_count_lcr,0.0,,arginine_rich_rna_contact_region,LCRFinder,0.0
,ribosomal protein,35.0,37.94690718352204,-0.1166273832715493,0.1005747126436781,signature_residue_count_lcr,0.0,,arginine_rich_rna_contact_region,LCRFinder,0.0
,snRNA,407.0,300.08588669268,0.4396533251963617,0.1478924418604651,signature_residue_count_lcr,0.0,,arginine_rich_rna_contact_region,LCRFinder,0.0
,snoRNA,29.0,142.9551589586132,-2.30143787946197,0.0221205186880244,signature_residue_count_lcr,0.0,,arginine_rich_rna_contact_region,LCRFinder,0.0
,tRNA,113.0,104.89920893835688,0.1073189742773582,0.1174636174636174,signature_residue_count_lcr,0.0,,arginine_rich_rna_contact_region,LCRFinder,0.0
,unknown,869.0,1126.0853749546898,-0.373888128351547,0.0841483489880894,signature_residue_count_lcr,0.0,,arginine_rich_rna_contact_region,LCRFinder,0.0
,diverse,0.0,1.4018209343482804,,0.0,signature_residue_count_lcr,0.0,,aromatic_aggregation_prone_region,LCRFinder,0.0
,mRNA,48.0,61.49623659353078,-0.3574637182118967,0.0018640052813482,signature_residue_count_lcr,0.0,,aromatic_aggregation_prone_region,LCRFinder,0.0
,ncRNA,21.0,6.5911853131196825,1.6717794899294862,0.0076086956521739,signature_residue_count_lcr,0.0,,aromatic_aggregation_prone_region,LCRFinder,0.0
,pre-rRNA,0.0,5.017420414081323,,0.0,signature_residue_count_lcr,0.0,,aromatic_aggregation_prone_region,LCRFinder,0.0
,ribosomal protein,0.0,0.831062496002047,,0.0,signature_residue_count_lcr,0.0,,aromatic_aggregation_prone_region,LCRFinder,0.0
,snRNA,0.0,6.572080428154118,,0.0,signature_residue_count_lcr,0.0,,aromatic_aggregation_prone_region,LCRFinder,0.0
,snoRNA,0.0,3.130813023731849,,0.0,signature_residue_count_lcr,0.0,,aromatic_aggregation_prone_region,LCRFinder,0.0
,tRNA,0.0,2.297362417109107,,0.0,signature_residue_count_lcr,0.0,,aromatic_aggregation_prone_region,LCRFinder,0.0
,unknown,43.0,24.662018379922813,0.8020457827201952,0.0041638423549917,signature_residue_count_lcr,0.0,,aromatic_aggregation_prone_region,LCRFinder,0.0
,diverse,27.0,23.60566323375765,0.1938263892521811,0.0459965928449744,signature_residue_count_lcr,0.0,,aromatic_sticker_region,LCRFinder,0.0
,mRNA,1236.0,1035.5526983517773,0.2552777703538291,0.0479981359947186,signature_residue_count_lcr,0.0,,aromatic_sticker_region,LCRFinder,0.0
,ncRNA,128.0,110.99085268342608,0.2057030285332334,0.0463768115942029,signature_residue_count_lcr,0.0,,aromatic_sticker_region,LCRFinder,0.0
,pre-rRNA,0.0,84.48977590140515,,0.0,signature_residue_count_lcr,0.0,,aromatic_sticker_region,LCRFinder,0.0
,ribosomal protein,6.0,13.994498816605898,-1.2218254149288073,0.0172413793103448,signature_residue_count_lcr,0.0,,aromatic_sticker_region,LCRFinder,0.0
,snRNA,55.0,110.66914006695238,-1.0087494609786734,0.019985465116279,signature_residue_count_lcr,0.0,,aromatic_sticker_region,LCRFinder,0.0
,snoRNA,15.0,52.72065502462739,-1.8134057944144717,0.011441647597254,signature_residue_count_lcr,0.0,,aromatic_sticker_region,LCRFinder,0.0
,tRNA,29.0,38.68594213096228,-0.4157565084437052,0.0301455301455301,signature_residue_count_lcr,0.0,,aromatic_sticker_region,LCRFinder,0.0
,unknown,390.0,415.290773790486,-0.0906476968497844,0.0377650818243439,signature_residue_count_lcr,0.0,,aromatic_sticker_region,LCRFinder,0.0
,diverse,16.0,44.70807479903623,-1.4824635173574137,0.0272572402044293,signature_residue_count_lcr,0.0,,basic_enriched_region,LCRFinder,0.0
,mRNA,1224.0,1961.2906885008208,-0.6801998193040197,0.0475321346743815,signature_residue_count_lcr,0.0,,basic_enriched_region,LCRFinder,0.0
,ncRNA,210.0,210.21173159342416,-0.0014538582467703,0.0760869565217391,signature_residue_count_lcr,0.0,,basic_enriched_region,LCRFinder,0.0
,pre-rRNA,397.0,160.0198724919508,1.3108879262225503,0.1889576392194193,signature_residue_count_lcr,0.0,,basic_enriched_region,LCRFinder,0.0
,ribosomal protein,125.0,26.50495746177957,2.237593964565997,0.3591954022988505,signature_residue_count_lcr,0.0,,basic_enriched_region,LCRFinder,0.0
,snRNA,235.0,209.6024222264867,0.1650053676155402,0.0853924418604651,signature_residue_count_lcr,0.0,,basic_enriched_region,LCRFinder,0.0
,snoRNA,243.0,99.85057250687647,1.283113709136665,0.1853546910755149,signature_residue_count_lcr,0.0,,basic_enriched_region,LCRFinder,0.0
,tRNA,158.0,73.26945137422973,1.1086408401596994,0.1642411642411642,signature_residue_count_lcr,0.0,,basic_enriched_region,LCRFinder,0.0
,unknown,964.0,786.5422290453954,0.2935089211844404,0.0933475355863271,signature_residue_count_lcr,0.0,,basic_enriched_region,LCRFinder,0.0
,diverse,0.0,1.251625834239536,,0.0,signature_residue_count_lcr,0.0,,cation_pi_rich_neighborhood,LCRFinder,0.0
,mRNA,27.0,54.90735410136677,-1.0240399844867047,0.0010485029707584,signature_residue_count_lcr,0.0,,cation_pi_rich_neighborhood,LCRFinder,0.0
,ncRNA,0.0,5.884986886714002,,0.0,signature_residue_count_lcr,0.0,,cation_pi_rich_neighborhood,LCRFinder,0.0
,pre-rRNA,0.0,4.479839655429753,,0.0,signature_residue_count_lcr,0.0,,cation_pi_rich_neighborhood,LCRFinder,0.0
,ribosomal protein,0.0,0.7420200857161133,,0.0,signature_residue_count_lcr,0.0,,cation_pi_rich_neighborhood,LCRFinder,0.0
,snRNA,0.0,5.867928953709034,,0.0,signature_residue_count_lcr,0.0,,cation_pi_rich_neighborhood,LCRFinder,0.0
,snoRNA,0.0,2.795368771189151,,0.0,signature_residue_count_lcr,0.0,,cation_pi_rich_neighborhood,LCRFinder,0.0
,tRNA,56.0,2.0512164438474167,4.7708751893866985,0.0582120582120582,signature_residue_count_lcr,0.0,,cation_pi_rich_neighborhood,LCRFinder,0.0
,unknown,17.0,22.019659267788224,-0.3732573984486838,0.0016461702333688,signature_residue_count_lcr,0.0,,cation_pi_rich_neighborhood,LCRFinder,0.0
,diverse,247.0,186.34205420158213,0.4065577392893353,0.4207836456558773,signature_residue_count_lcr,0.0,,disorder_rich_spacer_region,LCRFinder,0.0
,mRNA,8867.0,8174.606878611484,0.1172967232563699,0.3443361422857365,signature_residue_count_lcr,0.0,,disorder_rich_spacer_region,LCRFinder,0.0
,ncRNA,1007.0,876.1568476939807,0.2008026171559631,0.3648550724637681,signature_residue_count_lcr,0.0,,disorder_rich_spacer_region,LCRFinder,0.0
,pre-rRNA,302.0,666.9585279003817,-1.1430485065332572,0.1437410756782484,signature_residue_count_lcr,0.0,,disorder_rich_spacer_region,LCRFinder,0.0
,ribosomal protein,93.0,110.47195036141495,-0.248377483925987,0.2672413793103448,signature_residue_count_lcr,0.0,,disorder_rich_spacer_region,LCRFinder,0.0
,snRNA,696.0,873.617262628201,-0.3279140580386598,0.252906976744186,signature_residue_count_lcr,0.0,,disorder_rich_spacer_region,LCRFinder,0.0
,snoRNA,287.0,416.1745026546408,-0.536137842731357,0.2189168573607932,signature_residue_count_lcr,0.0,,disorder_rich_spacer_region,LCRFinder,0.0
,tRNA,239.0,305.38510416000344,-0.3536190749745836,0.2484407484407484,signature_residue_count_lcr,0.0,,disorder_rich_spacer_region,LCRFinder,0.0
,unknown,3150.0,3278.286871788311,-0.0575902767088088,0.3050256608889319,signature_residue_count_lcr,0.0,,disorder_rich_spacer_region,LCRFinder,0.0
,diverse,0.0,1.0138169257340242,,0.0,signature_residue_count_lcr,0.0,,glutamine_rich_region,LCRFinder,0.0
,mRNA,56.0,44.47495682210708,0.3324336222975306,0.0021746728282396,signature_residue_count_lcr,0.0,,glutamine_rich_region,LCRFinder,0.0
,ncRNA,0.0,4.766839378238342,,0.0,signature_residue_count_lcr,0.0,,glutamine_rich_region,LCRFinder,0.0
,pre-rRNA,0.0,3.6286701208981,,0.0,signature_residue_count_lcr,0.0,,glutamine_rich_region,LCRFinder,0.0
,ribosomal protein,0.0,0.6010362694300518,,0.0,signature_residue_count_lcr,0.0,,glutamine_rich_region,LCRFinder,0.0
,snRNA,7.0,4.753022452504318,0.5585097053447428,0.0025436046511627,signature_residue_count_lcr,0.0,,glutamine_rich_region,LCRFinder,0.0
,snoRNA,0.0,2.2642487046632125,,0.0,signature_residue_count_lcr,0.0,,glutamine_rich_region,LCRFinder,0.0
,tRNA,0.0,1.6614853195164077,,0.0,signature_residue_count_lcr,0.0,,glutamine_rich_region,LCRFinder,0.0
,unknown,18.0,17.835924006908463,0.0132109486333889,0.0017430037765081,signature_residue_count_lcr,0.0,,glutamine_rich_region,LCRFinder,0.0
,diverse,0.0,0.4130365252990469,,0.0,signature_residue_count_lcr,0.0,,glycine_rich_region,LCRFinder,0.0
,mRNA,33.0,18.11942685345103,0.8649287031245514,0.0012815036309269,signature_residue_count_lcr,0.0,,glycine_rich_region,LCRFinder,0.0
,ncRNA,0.0,1.9420456726156208,,0.0,signature_residue_count_lcr,0.0,,glycine_rich_region,LCRFinder,0.0
,pre-rRNA,0.0,1.4783470862918189,,0.0,signature_residue_count_lcr,0.0,,glycine_rich_region,LCRFinder,0.0
,ribosomal protein,0.0,0.2448666282863174,,0.0,signature_residue_count_lcr,0.0,,glycine_rich_region,LCRFinder,0.0
,snRNA,0.0,1.936416554723981,,0.0,signature_residue_count_lcr,0.0,,glycine_rich_region,LCRFinder,0.0
,snoRNA,0.0,0.9224716944924198,,0.0,signature_residue_count_lcr,0.0,,glycine_rich_region,LCRFinder,0.0
,tRNA,0.0,0.6769014264696476,,0.0,signature_residue_count_lcr,0.0,,glycine_rich_region,LCRFinder,0.0
,unknown,0.0,7.266487558370114,,0.0,signature_residue_count_lcr,0.0,,glycine_rich_region,LCRFinder,0.0
,diverse,58.0,34.144352758054545,0.7644059138672086,0.0988074957410562,signature_residue_count_lcr,0.0,,gs_rich_neutral_region,LCRFinder,0.0
,mRNA,1664.0,1497.8726198852853,0.1517404922414711,0.0646188497534076,signature_residue_count_lcr,0.0,,gs_rich_neutral_region,LCRFinder,0.0
,ncRNA,107.0,160.542442269558,-0.5853439534146957,0.0387681159420289,signature_residue_count_lcr,0.0,,gs_rich_neutral_region,LCRFinder,0.0
,pre-rRNA,20.0,122.21002580012367,-2.6112907399359946,0.0095192765349833,signature_residue_count_lcr,0.0,,gs_rich_neutral_region,LCRFinder,0.0
,ribosomal protein,14.0,20.24230793833557,-0.5319469619414353,0.0402298850574712,signature_residue_count_lcr,0.0,,gs_rich_neutral_region,LCRFinder,0.0
,snRNA,59.0,160.07710185718247,-1.439980093490568,0.021438953488372,signature_residue_count_lcr,0.0,,gs_rich_neutral_region,LCRFinder,0.0
,snoRNA,0.0,76.25766007804005,,0.0,signature_residue_count_lcr,0.0,,gs_rich_neutral_region,LCRFinder,0.0
,tRNA,23.0,55.95718458815753,-1.2826895158633402,0.0239085239085239,signature_residue_count_lcr,0.0,,gs_rich_neutral_region,LCRFinder,0.0
,unknown,783.0,600.6963048252628,0.3823765183425697,0.0758206642781059,signature_residue_count_lcr,0.0,,gs_rich_neutral_region,LCRFinder,0.0
,diverse,82.0,32.96782447386938,1.3145652221253783,0.1396933560477001,signature_residue_count_lcr,0.0,,hydrophobic_region,LCRFinder,0.0
,mRNA,1190.0,1446.2597070300003,-0.2813650689366571,0.0462117976000932,signature_residue_count_lcr,0.0,,hydrophobic_region,LCRFinder,0.0
,ncRNA,200.0,155.01055459604683,0.3676335487265401,0.072463768115942,signature_residue_count_lcr,0.0,,hydrophobic_region,LCRFinder,0.0
,pre-rRNA,131.0,117.9989765240197,0.1507924654817513,0.0623512613041408,signature_residue_count_lcr,0.0,,hydrophobic_region,LCRFinder,0.0
,ribosomal protein,6.0,19.544809057762425,-1.703751084510225,0.0172413793103448,signature_residue_count_lcr,0.0,,hydrophobic_region,LCRFinder,0.0
,snRNA,165.0,154.56124864069596,0.0942873701610647,0.0599563953488372,signature_residue_count_lcr,0.0,,hydrophobic_region,LCRFinder,0.0
,snoRNA,40.0,73.63001343312224,-0.8802939647170451,0.030511060259344,signature_residue_count_lcr,0.0,,hydrophobic_region,LCRFinder,0.0
,tRNA,125.0,54.02904113094096,1.2101211115093922,0.1299376299376299,signature_residue_count_lcr,0.0,,hydrophobic_region,LCRFinder,0.0
,unknown,695.0,579.9978251135419,0.2609654874300569,0.0672993124818437,signature_residue_count_lcr,0.0,,hydrophobic_region,LCRFinder,0.0
,diverse,6.0,4.7686944284526325,0.3313681609916432,0.0102214650766609,signature_residue_count_lcr,0.0,,mixed_charge_polyampholyte,LCRFinder,0.0
,mRNA,174.0,209.19701912620735,-0.2657749885200424,0.0067570191448875,signature_residue_count_lcr,0.0,,mixed_charge_polyampholyte,LCRFinder,0.0
,ncRNA,57.0,22.42180003838035,1.3460598158797494,0.0206521739130434,signature_residue_count_lcr,0.0,,mixed_charge_polyampholyte,LCRFinder,0.0
,pre-rRNA,12.0,17.06818908718736,-0.5082755925713506,0.00571156592099,signature_residue_count_lcr,0.0,,mixed_charge_polyampholyte,LCRFinder,0.0
,ribosomal protein,0.0,2.827096526578392,,0.0,signature_residue_count_lcr,0.0,,mixed_charge_polyampholyte,LCRFinder,0.0
,snRNA,31.0,22.35680931363142,0.4715539090653166,0.0112645348837209,signature_residue_count_lcr,0.0,,mixed_charge_polyampholyte,LCRFinder,0.0
,snoRNA,6.0,10.650355018230666,-0.827867116120059,0.0045766590389016,signature_residue_count_lcr,0.0,,mixed_charge_polyampholyte,LCRFinder,0.0
,tRNA,6.0,7.815134651058658,-0.3813082296683464,0.0062370062370062,signature_residue_count_lcr,0.0,,mixed_charge_polyampholyte,LCRFinder,0.0
,unknown,89.0,83.89490181027314,0.0852221935487773,0.0086181853394015,signature_residue_count_lcr,0.0,,mixed_charge_polyampholyte,LCRFinder,0.0
,diverse,15.0,10.125652998997849,0.56694755094235,0.0255536626916524,signature_residue_count_lcr,0.0,,polar_linker,LCRFinder,0.0
,mRNA,606.0,444.2004946800572,0.4481067941675246,0.0235330666770222,signature_residue_count_lcr,0.0,,polar_linker,LCRFinder,0.0
,ncRNA,27.0,47.60954391351628,-0.8182914010581791,0.0097826086956521,signature_residue_count_lcr,0.0,,polar_linker,LCRFinder,0.0
,pre-rRNA,4.0,36.2419028124267,-3.179586798229162,0.0019038553069966,signature_residue_count_lcr,0.0,,polar_linker,LCRFinder,0.0
,ribosomal protein,0.0,6.002942493443357,,0.0,signature_residue_count_lcr,0.0,,polar_linker,LCRFinder,0.0
,snRNA,8.0,47.471545235506085,-2.5689911062582143,0.002906976744186,signature_residue_count_lcr,0.0,,polar_linker,LCRFinder,0.0
,snoRNA,4.0,22.614533358920237,-2.499178321777871,0.0030511060259344,signature_residue_count_lcr,0.0,,polar_linker,LCRFinder,0.0
,tRNA,4.0,16.5943410307256,-2.052619435326158,0.0041580041580041,signature_residue_count_lcr,0.0,,polar_linker,LCRFinder,0.0
,unknown,141.0,178.13904347640675,-0.3373085899554825,0.0136535295826474,signature_residue_count_lcr,0.0,,polar_linker,LCRFinder,0.0
,diverse,5.0,4.34314164481119,0.2031890900729105,0.0085178875638841,signature_residue_count_lcr,0.0,,proline_rich_disordered_region,LCRFinder,0.0
,mRNA,168.0,190.52851873174268,-0.1815457266749492,0.006524018484719,signature_residue_count_lcr,0.0,,proline_rich_disordered_region,LCRFinder,0.0
,ncRNA,17.0,20.420904496897588,-0.2645120221195916,0.006159420289855,signature_residue_count_lcr,0.0,,proline_rich_disordered_region,LCRFinder,0.0
,pre-rRNA,0.0,15.545043604341243,,0.0,signature_residue_count_lcr,0.0,,proline_rich_disordered_region,LCRFinder,0.0
,ribosomal protein,0.0,2.574809697434913,,0.0,signature_residue_count_lcr,0.0,,proline_rich_disordered_region,LCRFinder,0.0
,snRNA,46.0,20.36171346937035,1.1757748896505151,0.0167151162790697,signature_residue_count_lcr,0.0,,proline_rich_disordered_region,LCRFinder,0.0
,snoRNA,4.0,9.699929636026354,-1.277974281926154,0.0030511060259344,signature_residue_count_lcr,0.0,,proline_rich_disordered_region,LCRFinder,0.0
,tRNA,12.0,7.1177210601505365,0.7535471052467145,0.0124740124740124,signature_residue_count_lcr,0.0,,proline_rich_disordered_region,LCRFinder,0.0
,unknown,95.0,76.40821765922514,0.3141997058283883,0.0091991865982376,signature_residue_count_lcr,0.0,,proline_rich_disordered_region,LCRFinder,0.0
,diverse,0.0,19.18742403889209,,0.0,signature_residue_count_lcr,0.0,,rg_rgg_repeat_region,LCRFinder,0.0
,mRNA,881.0,841.7297383739525,0.0657849303861873,0.0342122636014135,signature_residue_count_lcr,0.0,,rg_rgg_repeat_region,LCRFinder,0.0
,ncRNA,0.0,90.21684897332564,,0.0,signature_residue_count_lcr,0.0,,rg_rgg_repeat_region,LCRFinder,0.0
,pre-rRNA,0.0,68.67594191773811,,0.0,signature_residue_count_lcr,0.0,,rg_rgg_repeat_region,LCRFinder,0.0
,ribosomal protein,20.0,11.375167914028015,0.814112158253718,0.057471264367816,signature_residue_count_lcr,0.0,,rg_rgg_repeat_region,LCRFinder,0.0
,snRNA,82.0,89.9553508603595,-0.1335851908689305,0.0297965116279069,signature_residue_count_lcr,0.0,,rg_rgg_repeat_region,LCRFinder,0.0
,snoRNA,150.0,42.853003262329686,1.8074942794892104,0.11441647597254,signature_residue_count_lcr,0.0,,rg_rgg_repeat_region,LCRFinder,0.0
,tRNA,0.0,31.4451480841809,,0.0,signature_residue_count_lcr,0.0,,rg_rgg_repeat_region,LCRFinder,0.0
,unknown,400.0,337.5613765751935,0.2448501581916486,0.0387334172557373,signature_residue_count_lcr,0.0,,rg_rgg_repeat_region,LCRFinder,0.0
,diverse,19.0,4.868824495191795,1.9643540162212028,0.0323679727427597,signature_residue_count_lcr,0.0,,serine_rich_region,LCRFinder,0.0
,mRNA,203.0,213.58960745431676,-0.0733617246764645,0.0078831890023688,signature_residue_count_lcr,0.0,,serine_rich_region,LCRFinder,0.0
,ncRNA,49.0,22.89259898931747,1.0979004883373462,0.0177536231884057,signature_residue_count_lcr,0.0,,serine_rich_region,LCRFinder,0.0
,pre-rRNA,12.0,17.42657625962174,-0.5382547500642203,0.00571156592099,signature_residue_count_lcr,0.0,,serine_rich_region,LCRFinder,0.0
,ribosomal protein,0.0,2.886458133435681,,0.0,signature_residue_count_lcr,0.0,,serine_rich_region,LCRFinder,0.0
,snRNA,14.0,22.826243629928143,-0.7052666367568243,0.0050872093023255,signature_residue_count_lcr,0.0,,serine_rich_region,LCRFinder,0.0
,snoRNA,0.0,10.8739845199258,,0.0,signature_residue_count_lcr,0.0,,serine_rich_region,LCRFinder,0.0
,tRNA,8.0,7.979231966566451,0.0037501121176274,0.0083160083160083,signature_residue_count_lcr,0.0,,serine_rich_region,LCRFinder,0.0
,unknown,84.0,85.65647455169619,-0.02817297213173,0.0081340176237048,signature_residue_count_lcr,0.0,,serine_rich_region,LCRFinder,0.0
,diverse,0.0,35.04552335870701,,0.0,signature_residue_count_lcr,0.0,,sr_rs_repeat_region,LCRFinder,0.0
,mRNA,2250.0,1537.4059148382694,0.549426877396622,0.0873752475632014,signature_residue_count_lcr,0.0,,sr_rs_repeat_region,LCRFinder,0.0
,ncRNA,0.0,164.77963282799206,,0.0,signature_residue_count_lcr,0.0,,sr_rs_repeat_region,LCRFinder,0.0
,pre-rRNA,17.0,125.43551035203308,-2.883339176381174,0.0080913850547358,signature_residue_count_lcr,0.0,,sr_rs_repeat_region,LCRFinder,0.0
,ribosomal protein,0.0,20.776562400051173,,0.0,signature_residue_count_lcr,0.0,,sr_rs_repeat_region,LCRFinder,0.0
,snRNA,407.0,164.30201070385297,1.3086786586056816,0.1478924418604651,signature_residue_count_lcr,0.0,,sr_rs_repeat_region,LCRFinder,0.0
,snoRNA,0.0,78.27032559329623,,0.0,signature_residue_count_lcr,0.0,,sr_rs_repeat_region,LCRFinder,0.0
,tRNA,0.0,57.43406042772767,,0.0,signature_residue_count_lcr,0.0,,sr_rs_repeat_region,LCRFinder,0.0
,unknown,126.0,616.5504594980703,-2.290795238256711,0.0122010264355572,signature_residue_count_lcr,0.0,,sr_rs_repeat_region,LCRFinder,0.0
,diverse,5.0,7.021620930083797,-0.4898760179576212,0.0085178875638841,signature_residue_count_lcr,0.0,,unmapped_physicochemical_properties,LCRFinder,0.0
,mRNA,344.0,308.03025650866755,0.1593364972178564,0.0133587045163294,signature_residue_count_lcr,0.0,,unmapped_physicochemical_properties,LCRFinder,0.0
,ncRNA,15.0,33.01477643446555,-1.1381493757919443,0.0054347826086956,signature_residue_count_lcr,0.0,,unmapped_physicochemical_properties,LCRFinder,0.0
,pre-rRNA,21.0,25.131900466960914,-0.259130443629217,0.0099952403617325,signature_residue_count_lcr,0.0,,unmapped_physicochemical_properties,LCRFinder,0.0
,ribosomal protein,0.0,4.162732680867396,,0.0,signature_residue_count_lcr,0.0,,unmapped_physicochemical_properties,LCRFinder,0.0
,snRNA,23.0,32.919081430307685,-0.5172902183800167,0.0083575581395348,signature_residue_count_lcr,0.0,,unmapped_physicochemical_properties,LCRFinder,0.0
,snoRNA,4.0,15.682018806371138,-1.971039389956686,0.0030511060259344,signature_residue_count_lcr,0.0,,unmapped_physicochemical_properties,LCRFinder,0.0
,tRNA,4.0,11.507324249984007,-1.524480503504973,0.0041580041580041,signature_residue_count_lcr,0.0,,unmapped_physicochemical_properties,LCRFinder,0.0
,unknown,145.0,123.53028849229194,0.231188079481843,0.0140408637552048,signature_residue_count_lcr,0.0,,unmapped_physicochemical_properties,LCRFinder,0.0
distal_terminal,diverse,12.0,10.016067329762816,0.2607182403687126,0.631578947368421,position_lcr,1.9642359544593945e-37,,,SEG_intermediate,3.4374129203039405e-37
distal_terminal,mRNA,351.0,379.0290742157613,-0.1108374870435953,0.4881780250347705,position_lcr,1.9642359544593945e-37,,,SEG_intermediate,3.4374129203039405e-37
distal_terminal,ncRNA,32.0,36.37413925019128,-0.1848412036870272,0.463768115942029,position_lcr,1.9642359544593945e-37,,,SEG_intermediate,3.4374129203039405e-37
distal_terminal,pre-rRNA,37.0,34.79265493496557,0.0887424993616383,0.5606060606060606,position_lcr,1.9642359544593945e-37,,,SEG_intermediate,3.4374129203039405e-37
distal_terminal,ribosomal protein,1.0,9.488905891354246,-3.2462417483511703,0.0555555555555555,position_lcr,1.9642359544593945e-37,,,SEG_intermediate,3.4374129203039405e-37
distal_terminal,snRNA,25.0,40.59143075745983,-0.6992470978290348,0.3246753246753247,position_lcr,1.9642359544593945e-37,,,SEG_intermediate,3.4374129203039405e-37
distal_terminal,snoRNA,25.0,20.03213465952563,0.3196119294222811,0.6578947368421053,position_lcr,1.9642359544593945e-37,,,SEG_intermediate,3.4374129203039405e-37
distal_terminal,tRNA,12.0,12.124713083397092,-0.0149162022447147,0.5217391304347826,position_lcr,1.9642359544593945e-37,,,SEG_intermediate,3.4374129203039405e-37
distal_terminal,unknown,194.0,146.55087987758225,0.4046550225547621,0.697841726618705,position_lcr,1.9642359544593945e-37,,,SEG_intermediate,3.4374129203039405e-37
domain_adjacent,diverse,4.0,3.314460596786534,0.2712258981871061,0.2105263157894736,position_lcr,1.9642359544593945e-37,,,SEG_intermediate,3.4374129203039405e-37
domain_adjacent,mRNA,142.0,125.42616679418516,0.1790525706960758,0.1974965229485396,position_lcr,1.9642359544593945e-37,,,SEG_intermediate,3.4374129203039405e-37
domain_adjacent,ncRNA,7.0,12.03672532517215,-0.7820161230898734,0.1014492753623188,position_lcr,1.9642359544593945e-37,,,SEG_intermediate,3.4374129203039405e-37
domain_adjacent,pre-rRNA,7.0,11.513389441469013,-0.7178857856701576,0.106060606060606,position_lcr,1.9642359544593945e-37,,,SEG_intermediate,3.4374129203039405e-37
domain_adjacent,ribosomal protein,3.0,3.140015302218821,-0.0658090890904645,0.1666666666666666,position_lcr,1.9642359544593945e-37,,,SEG_intermediate,3.4374129203039405e-37
domain_adjacent,snRNA,15.0,13.432287681713849,0.1592574665443085,0.1948051948051948,position_lcr,1.9642359544593945e-37,,,SEG_intermediate,3.4374129203039405e-37
domain_adjacent,snoRNA,9.0,6.628921193573068,0.4411508996294184,0.2368421052631578,position_lcr,1.9642359544593945e-37,,,SEG_intermediate,3.4374129203039405e-37
domain_adjacent,tRNA,2.0,4.012241775057383,-1.004408544426321,0.0869565217391304,position_lcr,1.9642359544593945e-37,,,SEG_intermediate,3.4374129203039405e-37
domain_adjacent,unknown,39.0,48.49579188982403,-0.3143854422305675,0.1402877697841726,position_lcr,1.9642359544593945e-37,,,SEG_intermediate,3.4374129203039405e-37
domain_edge,diverse,1.0,0.8722264728385616,0.197225316743329,0.0526315789473684,position_lcr,1.9642359544593945e-37,,,SEG_intermediate,3.4374129203039405e-37
domain_edge,mRNA,42.0,33.00688599846978,0.3476222925263773,0.0584144645340751,position_lcr,1.9642359544593945e-37,,,SEG_intermediate,3.4374129203039405e-37
domain_edge,ncRNA,1.0,3.1675592960979344,-1.6633716265912544,0.0144927536231884,position_lcr,1.9642359544593945e-37,,,SEG_intermediate,3.4374129203039405e-37
domain_edge,pre-rRNA,1.0,3.029839326702372,-1.5992412891715388,0.0151515151515151,position_lcr,1.9642359544593945e-37,,,SEG_intermediate,3.4374129203039405e-37
domain_edge,ribosomal protein,6.0,0.8263198163733741,2.8601903294657585,0.3333333333333333,position_lcr,1.9642359544593945e-37,,,SEG_intermediate,3.4374129203039405e-37
domain_edge,snRNA,2.0,3.534812547819434,-0.8216337105079868,0.0259740259740259,position_lcr,1.9642359544593945e-37,,,SEG_intermediate,3.4374129203039405e-37
domain_edge,snoRNA,0.0,1.7444529456771232,,0.0,position_lcr,1.9642359544593945e-37,,,SEG_intermediate,3.4374129203039405e-37
domain_edge,tRNA,2.0,1.055853098699311,0.921590874129902,0.0869565217391304,position_lcr,1.9642359544593945e-37,,,SEG_intermediate,3.4374129203039405e-37
domain_edge,unknown,5.0,12.762050497322113,-1.3518601476492305,0.0179856115107913,position_lcr,1.9642359544593945e-37,,,SEG_intermediate,3.4374129203039405e-37
domain_intrinsic,diverse,1.0,0.5524100994644223,0.8561883989082624,0.0526315789473684,position_lcr,1.9642359544593945e-37,,,SEG_intermediate,3.4374129203039405e-37
domain_intrinsic,mRNA,18.0,20.904361132364198,-0.2158070466451378,0.0250347705146036,position_lcr,1.9642359544593945e-37,,,SEG_intermediate,3.4374129203039405e-37
domain_intrinsic,ncRNA,2.0,2.006120887528692,-0.0044085444263213,0.0289855072463768,position_lcr,1.9642359544593945e-37,,,SEG_intermediate,3.4374129203039405e-37
domain_intrinsic,pre-rRNA,0.0,1.918898240244836,,0.0,position_lcr,1.9642359544593945e-37,,,SEG_intermediate,3.4374129203039405e-37
domain_intrinsic,ribosomal protein,8.0,0.523335883703137,3.934190910909536,0.4444444444444444,position_lcr,1.9642359544593945e-37,,,SEG_intermediate,3.4374129203039405e-37
domain_intrinsic,snRNA,2.0,2.2387146136189746,-0.1626706283430535,0.0259740259740259,position_lcr,1.9642359544593945e-37,,,SEG_intermediate,3.4374129203039405e-37
domain_intrinsic,snoRNA,1.0,1.1048201989288446,-0.1438116010917376,0.0263157894736842,position_lcr,1.9642359544593945e-37,,,SEG_intermediate,3.4374129203039405e-37
domain_intrinsic,tRNA,1.0,0.6687069625095639,0.5805539562948349,0.0434782608695652,position_lcr,1.9642359544593945e-37,,,SEG_intermediate,3.4374129203039405e-37
domain_intrinsic,unknown,5.0,8.082631981637338,-0.6928970654842974,0.0179856115107913,position_lcr,1.9642359544593945e-37,,,SEG_intermediate,3.4374129203039405e-37
interdomain_linker,diverse,0.0,1.7153787299158378,,0.0,position_lcr,1.9642359544593945e-37,,,SEG_intermediate,3.4374129203039405e-37
interdomain_linker,mRNA,78.0,64.91354246365724,0.2649546348565422,0.1084840055632823,position_lcr,1.9642359544593945e-37,,,SEG_intermediate,3.4374129203039405e-37
interdomain_linker,ncRNA,6.0,6.229533282325937,-0.0541615796234207,0.0869565217391304,position_lcr,1.9642359544593945e-37,,,SEG_intermediate,3.4374129203039405e-37
interdomain_linker,pre-rRNA,2.0,5.958684009181331,-1.5749937429248613,0.0303030303030303,position_lcr,1.9642359544593945e-37,,,SEG_intermediate,3.4374129203039405e-37
interdomain_linker,ribosomal protein,0.0,1.625095638867636,,0.0,position_lcr,1.9642359544593945e-37,,,SEG_intermediate,3.4374129203039405e-37
interdomain_linker,snRNA,9.0,6.951798010711554,0.3725388371810029,0.1168831168831168,position_lcr,1.9642359544593945e-37,,,SEG_intermediate,3.4374129203039405e-37
interdomain_linker,snoRNA,0.0,3.430757459831676,,0.0,position_lcr,1.9642359544593945e-37,,,SEG_intermediate,3.4374129203039405e-37
interdomain_linker,tRNA,2.0,2.0765110941086458,-0.0541615796234209,0.0869565217391304,position_lcr,1.9642359544593945e-37,,,SEG_intermediate,3.4374129203039405e-37
interdomain_linker,unknown,21.0,25.098699311400157,-0.2572232735111553,0.0755395683453237,position_lcr,1.9642359544593945e-37,,,SEG_intermediate,3.4374129203039405e-37
unclassified_no_pfam,diverse,1.0,2.5294567712318288,-1.3388275834968806,0.0526315789473684,position_lcr,1.9642359544593945e-37,,,SEG_intermediate,3.4374129203039405e-37
unclassified_no_pfam,mRNA,88.0,95.71996939556236,-0.1213164118552955,0.1223922114047287,position_lcr,1.9642359544593945e-37,,,SEG_intermediate,3.4374129203039405e-37
unclassified_no_pfam,ncRNA,21.0,9.185921958684007,1.1928928959472962,0.3043478260869565,position_lcr,1.9642359544593945e-37,,,SEG_intermediate,3.4374129203039405e-37
unclassified_no_pfam,pre-rRNA,19.0,8.786534047436879,1.112633324031837,0.2878787878787879,position_lcr,1.9642359544593945e-37,,,SEG_intermediate,3.4374129203039405e-37
unclassified_no_pfam,ribosomal protein,0.0,2.396327467482785,,0.0,position_lcr,1.9642359544593945e-37,,,SEG_intermediate,3.4374129203039405e-37
unclassified_no_pfam,snRNA,24.0,10.250956388676356,1.22727588997296,0.3116883116883117,position_lcr,1.9642359544593945e-37,,,SEG_intermediate,3.4374129203039405e-37
unclassified_no_pfam,snoRNA,3.0,5.0589135424636575,-0.7538650827757244,0.0789473684210526,position_lcr,1.9642359544593945e-37,,,SEG_intermediate,3.4374129203039405e-37
unclassified_no_pfam,tRNA,4.0,3.061973986228003,0.385537973889692,0.1739130434782608,position_lcr,1.9642359544593945e-37,,,SEG_intermediate,3.4374129203039405e-37
unclassified_no_pfam,unknown,14.0,37.00994644223413,-1.4024862207191984,0.0503597122302158,position_lcr,1.9642359544593945e-37,,,SEG_intermediate,3.4374129203039405e-37
,diverse,19.0,19.0,0.0,1.0,no_pfam_lcr,,pfam_classified,,SEG_intermediate,
,mRNA,719.0,719.0,0.0,1.0,no_pfam_lcr,,pfam_classified,,SEG_intermediate,
,ncRNA,69.0,69.0,0.0,1.0,no_pfam_lcr,,pfam_classified,,SEG_intermediate,
,pre-rRNA,66.0,66.0,0.0,1.0,no_pfam_lcr,,pfam_classified,,SEG_intermediate,
,ribosomal protein,18.0,18.0,0.0,1.0,no_pfam_lcr,,pfam_classified,,SEG_intermediate,
,snRNA,77.0,77.0,0.0,1.0,no_pfam_lcr,,pfam_classified,,SEG_intermediate,
,snoRNA,38.0,38.0,0.0,1.0,no_pfam_lcr,,pfam_classified,,SEG_intermediate,
,tRNA,23.0,23.0,0.0,1.0,no_pfam_lcr,,pfam_classified,,SEG_intermediate,
,unknown,278.0,278.0,0.0,1.0,no_pfam_lcr,,pfam_classified,,SEG_intermediate,
,diverse,0.0,3.6197398622800314,,0.0,signature_sequence_count_lcr,1.618694063746245e-29,,acidic_region,SEG_intermediate,1.618694063746245e-29
,mRNA,81.0,136.97857689364955,-0.7579564638273206,0.1126564673157162,signature_sequence_count_lcr,1.618694063746245e-29,,acidic_region,SEG_intermediate,1.618694063746245e-29
,ncRNA,21.0,13.145371078806429,0.6758344597279434,0.3043478260869565,signature_sequence_count_lcr,1.618694063746245e-29,,acidic_region,SEG_intermediate,1.618694063746245e-29
,pre-rRNA,50.0,12.573833205814845,1.991503564143624,0.7575757575757576,signature_sequence_count_lcr,1.618694063746245e-29,,acidic_region,SEG_intermediate,1.618694063746245e-29
,ribosomal protein,2.0,3.429227237949503,-0.7778835077149602,0.1111111111111111,signature_sequence_count_lcr,1.618694063746245e-29,,acidic_region,SEG_intermediate,1.618694063746245e-29
,snRNA,9.0,14.66947207345065,-0.7048200455252367,0.1168831168831168,signature_sequence_count_lcr,1.618694063746245e-29,,acidic_region,SEG_intermediate,1.618694063746245e-29
,snoRNA,18.0,7.239479724560061,1.3140389817260794,0.4736842105263157,signature_sequence_count_lcr,1.618694063746245e-29,,acidic_region,SEG_intermediate,1.618694063746245e-29
,tRNA,6.0,4.381790359602142,0.4534420383914956,0.2608695652173913,signature_sequence_count_lcr,1.618694063746245e-29,,acidic_region,SEG_intermediate,1.618694063746245e-29
,unknown,62.0,52.96250956388676,0.2272967313907199,0.2230215827338129,signature_sequence_count_lcr,1.618694063746245e-29,,acidic_region,SEG_intermediate,1.618694063746245e-29
,diverse,0.0,0.9158377964804896,,0.0,signature_sequence_count_lcr,1.618694063746245e-29,,arginine_rich_rna_contact_region,SEG_intermediate,1.618694063746245e-29
,mRNA,27.0,34.657230298393266,-0.3601969559803125,0.0375521557719054,signature_sequence_count_lcr,1.618694063746245e-29,,arginine_rich_rna_contact_region,SEG_intermediate,1.618694063746245e-29
,ncRNA,4.0,3.325937260902831,0.2662390455173475,0.0579710144927536,signature_sequence_count_lcr,1.618694063746245e-29,,arginine_rich_rna_contact_region,SEG_intermediate,1.618694063746245e-29
,pre-rRNA,2.0,3.1813312930374904,-0.6696306170629366,0.0303030303030303,signature_sequence_count_lcr,1.618694063746245e-29,,arginine_rich_rna_contact_region,SEG_intermediate,1.618694063746245e-29
,ribosomal protein,3.0,0.8676358071920428,1.7898010015743606,0.1666666666666666,signature_sequence_count_lcr,1.618694063746245e-29,,arginine_rich_rna_contact_region,SEG_intermediate,1.618694063746245e-29
,snRNA,11.0,3.7115531752104056,1.5674085802379123,0.1428571428571428,signature_sequence_count_lcr,1.618694063746245e-29,,arginine_rich_rna_contact_region,SEG_intermediate,1.618694063746245e-29
,snoRNA,1.0,1.8316755929609796,-0.8731640111480689,0.0263157894736842,signature_sequence_count_lcr,1.618694063746245e-29,,arginine_rich_rna_contact_region,SEG_intermediate,1.618694063746245e-29
,tRNA,1.0,1.1086457536342769,-0.1487984537614959,0.0434782608695652,signature_sequence_count_lcr,1.618694063746245e-29,,arginine_rich_rna_contact_region,SEG_intermediate,1.618694063746245e-29
,unknown,14.0,13.400153022188215,0.0631773516296135,0.0503597122302158,signature_sequence_count_lcr,1.618694063746245e-29,,arginine_rich_rna_contact_region,SEG_intermediate,1.618694063746245e-29
,diverse,0.0,0.0145371078806426,,0.0,signature_sequence_count_lcr,1.618694063746245e-29,,aromatic_aggregation_prone_region,SEG_intermediate,1.618694063746245e-29
,mRNA,1.0,0.550114766641163,0.8621954653561352,0.0013908205841446,signature_sequence_count_lcr,1.618694063746245e-29,,aromatic_aggregation_prone_region,SEG_intermediate,1.618694063746245e-29
,ncRNA,0.0,0.0527926549349655,,0.0,signature_sequence_count_lcr,1.618694063746245e-29,,aromatic_aggregation_prone_region,SEG_intermediate,1.618694063746245e-29
,pre-rRNA,0.0,0.0504973221117062,,0.0,signature_sequence_count_lcr,1.618694063746245e-29,,aromatic_aggregation_prone_region,SEG_intermediate,1.618694063746245e-29
,ribosomal protein,0.0,0.0137719969395562,,0.0,signature_sequence_count_lcr,1.618694063746245e-29,,aromatic_aggregation_prone_region,SEG_intermediate,1.618694063746245e-29
,snRNA,0.0,0.0589135424636572,,0.0,signature_sequence_count_lcr,1.618694063746245e-29,,aromatic_aggregation_prone_region,SEG_intermediate,1.618694063746245e-29
,snoRNA,0.0,0.0290742157612853,,0.0,signature_sequence_count_lcr,1.618694063746245e-29,,aromatic_aggregation_prone_region,SEG_intermediate,1.618694063746245e-29
,tRNA,0.0,0.0175975516449885,,0.0,signature_sequence_count_lcr,1.618694063746245e-29,,aromatic_aggregation_prone_region,SEG_intermediate,1.618694063746245e-29
,unknown,0.0,0.2127008416220352,,0.0,signature_sequence_count_lcr,1.618694063746245e-29,,aromatic_aggregation_prone_region,SEG_intermediate,1.618694063746245e-29
,diverse,4.0,1.7299158377964805,1.209298149043904,0.2105263157894736,signature_sequence_count_lcr,1.618694063746245e-29,,aromatic_sticker_region,SEG_intermediate,1.618694063746245e-29
,mRNA,71.0,65.4636572302984,0.117124821552874,0.0987482614742698,signature_sequence_count_lcr,1.618694063746245e-29,,aromatic_sticker_region,SEG_intermediate,1.618694063746245e-29
,ncRNA,8.0,6.282325937260903,0.3487012057093208,0.1159420289855072,signature_sequence_count_lcr,1.618694063746245e-29,,aromatic_sticker_region,SEG_intermediate,1.618694063746245e-29
,pre-rRNA,0.0,6.009181331293037,,0.0,signature_sequence_count_lcr,1.618694063746245e-29,,aromatic_sticker_region,SEG_intermediate,1.618694063746245e-29
,ribosomal protein,0.0,1.638867635807192,,0.0,signature_sequence_count_lcr,1.618694063746245e-29,,aromatic_sticker_region,SEG_intermediate,1.618694063746245e-29
,snRNA,3.0,7.01071155317521,-1.2245983774862554,0.0389610389610389,signature_sequence_count_lcr,1.618694063746245e-29,,aromatic_sticker_region,SEG_intermediate,1.618694063746245e-29
,snoRNA,1.0,3.459831675592961,-1.790701850956096,0.0263157894736842,signature_sequence_count_lcr,1.618694063746245e-29,,aromatic_sticker_region,SEG_intermediate,1.618694063746245e-29
,tRNA,1.0,2.0941086457536344,-1.0663362935695233,0.0434782608695652,signature_sequence_count_lcr,1.618694063746245e-29,,aromatic_sticker_region,SEG_intermediate,1.618694063746245e-29
,unknown,31.0,25.311400153022188,0.2924809001508575,0.1115107913669064,signature_sequence_count_lcr,1.618694063746245e-29,,aromatic_sticker_region,SEG_intermediate,1.618694063746245e-29
,diverse,0.0,1.075745983167559,,0.0,signature_sequence_count_lcr,1.618694063746245e-29,,basic_enriched_region,SEG_intermediate,1.618694063746245e-29
,mRNA,25.0,40.70849273144606,-0.7034017104980895,0.0347705146036161,signature_sequence_count_lcr,1.618694063746245e-29,,basic_enriched_region,SEG_intermediate,1.618694063746245e-29
,ncRNA,5.0,3.906656465187452,0.3559936982756768,0.072463768115942,signature_sequence_count_lcr,1.618694063746245e-29,,basic_enriched_region,SEG_intermediate,1.618694063746245e-29
,pre-rRNA,5.0,3.7368018362662583,0.4201240356953922,0.0757575757575757,signature_sequence_count_lcr,1.618694063746245e-29,,basic_enriched_region,SEG_intermediate,1.618694063746245e-29
,ribosomal protein,5.0,1.019127773527161,2.2945931536115336,0.2777777777777778,signature_sequence_count_lcr,1.618694063746245e-29,,basic_enriched_region,SEG_intermediate,1.618694063746245e-29
,snRNA,5.0,4.359602142310635,0.1977316143589443,0.0649350649350649,signature_sequence_count_lcr,1.618694063746245e-29,,basic_enriched_region,SEG_intermediate,1.618694063746245e-29
,snoRNA,4.0,2.151491966335118,0.8946625467228979,0.1052631578947368,signature_sequence_count_lcr,1.618694063746245e-29,,basic_enriched_region,SEG_intermediate,1.618694063746245e-29
,tRNA,5.0,1.3022188217291508,1.940956198996833,0.217391304347826,signature_sequence_count_lcr,1.618694063746245e-29,,basic_enriched_region,SEG_intermediate,1.618694063746245e-29
,unknown,20.0,15.739862280030604,0.3455770823303385,0.0719424460431654,signature_sequence_count_lcr,1.618694063746245e-29,,basic_enriched_region,SEG_intermediate,1.618694063746245e-29
,diverse,0.0,0.1308339709257842,,0.0,signature_sequence_count_lcr,1.618694063746245e-29,,cation_pi_rich_neighborhood,SEG_intermediate,1.618694063746245e-29
,mRNA,8.0,4.951032899770467,0.6922704639138231,0.0111265646731571,signature_sequence_count_lcr,1.618694063746245e-29,,cation_pi_rich_neighborhood,SEG_intermediate,1.618694063746245e-29
,ncRNA,0.0,0.4751338944146901,,0.0,signature_sequence_count_lcr,1.618694063746245e-29,,cation_pi_rich_neighborhood,SEG_intermediate,1.618694063746245e-29
,pre-rRNA,0.0,0.4544758990053558,,0.0,signature_sequence_count_lcr,1.618694063746245e-29,,cation_pi_rich_neighborhood,SEG_intermediate,1.618694063746245e-29
,ribosomal protein,0.0,0.1239479724560061,,0.0,signature_sequence_count_lcr,1.618694063746245e-29,,cation_pi_rich_neighborhood,SEG_intermediate,1.618694063746245e-29
,snRNA,1.0,0.5302218821729151,0.9153318836582194,0.0129870129870129,signature_sequence_count_lcr,1.618694063746245e-29,,cation_pi_rich_neighborhood,SEG_intermediate,1.618694063746245e-29
,snoRNA,0.0,0.2616679418515685,,0.0,signature_sequence_count_lcr,1.618694063746245e-29,,cation_pi_rich_neighborhood,SEG_intermediate,1.618694063746245e-29
,tRNA,0.0,0.1583779648048967,,0.0,signature_sequence_count_lcr,1.618694063746245e-29,,cation_pi_rich_neighborhood,SEG_intermediate,1.618694063746245e-29
,unknown,0.0,1.914307574598317,,0.0,signature_sequence_count_lcr,1.618694063746245e-29,,cation_pi_rich_neighborhood,SEG_intermediate,1.618694063746245e-29
,diverse,9.0,5.2333588370313695,0.7821878174644854,0.4736842105263157,signature_sequence_count_lcr,1.618694063746245e-29,,disorder_rich_spacer_region,SEG_intermediate,1.618694063746245e-29
,mRNA,206.0,198.04131599081867,0.0568428962096791,0.2865090403337969,signature_sequence_count_lcr,1.618694063746245e-29,,disorder_rich_spacer_region,SEG_intermediate,1.618694063746245e-29
,ncRNA,23.0,19.005355776587606,0.2752278287446021,0.3333333333333333,signature_sequence_count_lcr,1.618694063746245e-29,,disorder_rich_spacer_region,SEG_intermediate,1.618694063746245e-29
,pre-rRNA,3.0,18.179035960214232,-2.599241289171539,0.0454545454545454,signature_sequence_count_lcr,1.618694063746245e-29,,disorder_rich_spacer_region,SEG_intermediate,1.618694063746245e-29
,ribosomal protein,4.0,4.957918898240245,-0.3097346719765538,0.2222222222222222,signature_sequence_count_lcr,1.618694063746245e-29,,disorder_rich_spacer_region,SEG_intermediate,1.618694063746245e-29
,snRNA,26.0,21.2088752869166,0.2938435069119495,0.3376623376623376,signature_sequence_count_lcr,1.618694063746245e-29,,disorder_rich_spacer_region,SEG_intermediate,1.618694063746245e-29
,snoRNA,7.0,10.46671767406274,-0.5803822619202229,0.1842105263157894,signature_sequence_count_lcr,1.618694063746245e-29,,disorder_rich_spacer_region,SEG_intermediate,1.618694063746245e-29
,tRNA,6.0,6.335118592195869,-0.0784091258700983,0.2608695652173913,signature_sequence_count_lcr,1.618694063746245e-29,,disorder_rich_spacer_region,SEG_intermediate,1.618694063746245e-29
,unknown,76.0,76.57230298393267,-0.0108232298141634,0.2733812949640288,signature_sequence_count_lcr,1.618694063746245e-29,,disorder_rich_spacer_region,SEG_intermediate,1.618694063746245e-29
,diverse,0.0,0.0145371078806426,,0.0,signature_sequence_count_lcr,1.618694063746245e-29,,glutamine_rich_region,SEG_intermediate,1.618694063746245e-29
,mRNA,0.0,0.550114766641163,,0.0,signature_sequence_count_lcr,1.618694063746245e-29,,glutamine_rich_region,SEG_intermediate,1.618694063746245e-29
,ncRNA,0.0,0.0527926549349655,,0.0,signature_sequence_count_lcr,1.618694063746245e-29,,glutamine_rich_region,SEG_intermediate,1.618694063746245e-29
,pre-rRNA,0.0,0.0504973221117062,,0.0,signature_sequence_count_lcr,1.618694063746245e-29,,glutamine_rich_region,SEG_intermediate,1.618694063746245e-29
,ribosomal protein,0.0,0.0137719969395562,,0.0,signature_sequence_count_lcr,1.618694063746245e-29,,glutamine_rich_region,SEG_intermediate,1.618694063746245e-29
,snRNA,0.0,0.0589135424636572,,0.0,signature_sequence_count_lcr,1.618694063746245e-29,,glutamine_rich_region,SEG_intermediate,1.618694063746245e-29
,snoRNA,0.0,0.0290742157612853,,0.0,signature_sequence_count_lcr,1.618694063746245e-29,,glutamine_rich_region,SEG_intermediate,1.618694063746245e-29
,tRNA,0.0,0.0175975516449885,,0.0,signature_sequence_count_lcr,1.618694063746245e-29,,glutamine_rich_region,SEG_intermediate,1.618694063746245e-29
,unknown,1.0,0.2127008416220352,2.2331023530719256,0.0035971223021582,signature_sequence_count_lcr,1.618694063746245e-29,,glutamine_rich_region,SEG_intermediate,1.618694063746245e-29
,diverse,0.0,0.0290742157612853,,0.0,signature_sequence_count_lcr,1.618694063746245e-29,,glycine_rich_region,SEG_intermediate,1.618694063746245e-29
,mRNA,2.0,1.100229533282326,0.8621954653561352,0.0027816411682892,signature_sequence_count_lcr,1.618694063746245e-29,,glycine_rich_region,SEG_intermediate,1.618694063746245e-29
,ncRNA,0.0,0.1055853098699311,,0.0,signature_sequence_count_lcr,1.618694063746245e-29,,glycine_rich_region,SEG_intermediate,1.618694063746245e-29
,pre-rRNA,0.0,0.1009946442234124,,0.0,signature_sequence_count_lcr,1.618694063746245e-29,,glycine_rich_region,SEG_intermediate,1.618694063746245e-29
,ribosomal protein,0.0,0.0275439938791124,,0.0,signature_sequence_count_lcr,1.618694063746245e-29,,glycine_rich_region,SEG_intermediate,1.618694063746245e-29
,snRNA,0.0,0.1178270849273144,,0.0,signature_sequence_count_lcr,1.618694063746245e-29,,glycine_rich_region,SEG_intermediate,1.618694063746245e-29
,snoRNA,0.0,0.0581484315225707,,0.0,signature_sequence_count_lcr,1.618694063746245e-29,,glycine_rich_region,SEG_intermediate,1.618694063746245e-29
,tRNA,0.0,0.035195103289977,,0.0,signature_sequence_count_lcr,1.618694063746245e-29,,glycine_rich_region,SEG_intermediate,1.618694063746245e-29
,unknown,0.0,0.4254016832440704,,0.0,signature_sequence_count_lcr,1.618694063746245e-29,,glycine_rich_region,SEG_intermediate,1.618694063746245e-29
,diverse,1.0,1.322876817138485,-0.4036787278468485,0.0526315789473684,signature_sequence_count_lcr,1.618694063746245e-29,,gs_rich_neutral_region,SEG_intermediate,1.618694063746245e-29
,mRNA,62.0,50.06044376434583,0.3085971355443143,0.086230876216968,signature_sequence_count_lcr,1.618694063746245e-29,,gs_rich_neutral_region,SEG_intermediate,1.618694063746245e-29
,ncRNA,6.0,4.804131599081867,0.3206868295397242,0.0869565217391304,signature_sequence_count_lcr,1.618694063746245e-29,,gs_rich_neutral_region,SEG_intermediate,1.618694063746245e-29
,pre-rRNA,2.0,4.595256312165264,-1.2001453337617165,0.0303030303030303,signature_sequence_count_lcr,1.618694063746245e-29,,gs_rich_neutral_region,SEG_intermediate,1.618694063746245e-29
,ribosomal protein,0.0,1.2532517214996175,,0.0,signature_sequence_count_lcr,1.618694063746245e-29,,gs_rich_neutral_region,SEG_intermediate,1.618694063746245e-29
,snRNA,2.0,5.361132364192808,-1.4225377550981644,0.0259740259740259,signature_sequence_count_lcr,1.618694063746245e-29,,gs_rich_neutral_region,SEG_intermediate,1.618694063746245e-29
,snoRNA,0.0,2.64575363427697,,0.0,signature_sequence_count_lcr,1.618694063746245e-29,,gs_rich_neutral_region,SEG_intermediate,1.618694063746245e-29
,tRNA,1.0,1.6013771996939556,-0.6793131704602761,0.0434782608695652,signature_sequence_count_lcr,1.618694063746245e-29,,gs_rich_neutral_region,SEG_intermediate,1.618694063746245e-29
,unknown,17.0,19.3557765876052,-0.1872294458764309,0.0611510791366906,signature_sequence_count_lcr,1.618694063746245e-29,,gs_rich_neutral_region,SEG_intermediate,1.618694063746245e-29
,diverse,2.0,0.1744452945677123,3.5191534116306915,0.1052631578947368,signature_sequence_count_lcr,1.618694063746245e-29,,hydrophobic_region,SEG_intermediate,1.618694063746245e-29
,mRNA,3.0,6.601377199693956,-1.1378045346438648,0.0041724617524339,signature_sequence_count_lcr,1.618694063746245e-29,,hydrophobic_region,SEG_intermediate,1.618694063746245e-29
,ncRNA,1.0,0.6335118592195869,0.6585564682961079,0.0144927536231884,signature_sequence_count_lcr,1.618694063746245e-29,,hydrophobic_region,SEG_intermediate,1.618694063746245e-29
,pre-rRNA,0.0,0.6059678653404744,,0.0,signature_sequence_count_lcr,1.618694063746245e-29,,hydrophobic_region,SEG_intermediate,1.618694063746245e-29
,ribosomal protein,0.0,0.1652639632746748,,0.0,signature_sequence_count_lcr,1.618694063746245e-29,,hydrophobic_region,SEG_intermediate,1.618694063746245e-29
,snRNA,0.0,0.7069625095638867,,0.0,signature_sequence_count_lcr,1.618694063746245e-29,,hydrophobic_region,SEG_intermediate,1.618694063746245e-29
,snoRNA,0.0,0.3488905891354246,,0.0,signature_sequence_count_lcr,1.618694063746245e-29,,hydrophobic_region,SEG_intermediate,1.618694063746245e-29
,tRNA,1.0,0.2111706197398623,2.243518969017264,0.0434782608695652,signature_sequence_count_lcr,1.618694063746245e-29,,hydrophobic_region,SEG_intermediate,1.618694063746245e-29
,unknown,5.0,2.5524100994644225,0.970067947238132,0.0179856115107913,signature_sequence_count_lcr,1.618694063746245e-29,,hydrophobic_region,SEG_intermediate,1.618694063746245e-29
,diverse,0.0,0.4506503442999235,,0.0,signature_sequence_count_lcr,1.618694063746245e-29,,mixed_charge_polyampholyte,SEG_intermediate,1.618694063746245e-29
,mRNA,19.0,17.053557765876054,0.1559266684128455,0.0264255910987482,signature_sequence_count_lcr,1.618694063746245e-29,,mixed_charge_polyampholyte,SEG_intermediate,1.618694063746245e-29
,ncRNA,0.0,1.6365723029839327,,0.0,signature_sequence_count_lcr,1.618694063746245e-29,,mixed_charge_polyampholyte,SEG_intermediate,1.618694063746245e-29
,pre-rRNA,1.0,1.565416985462892,-0.6465470039498955,0.0151515151515151,signature_sequence_count_lcr,1.618694063746245e-29,,mixed_charge_polyampholyte,SEG_intermediate,1.618694063746245e-29
,ribosomal protein,0.0,0.4269319051262433,,0.0,signature_sequence_count_lcr,1.618694063746245e-29,,mixed_charge_polyampholyte,SEG_intermediate,1.618694063746245e-29
,snRNA,2.0,1.826319816373374,0.1310605747136567,0.0259740259740259,signature_sequence_count_lcr,1.618694063746245e-29,,mixed_charge_polyampholyte,SEG_intermediate,1.618694063746245e-29
,snoRNA,2.0,0.901300688599847,1.1499196019649724,0.0526315789473684,signature_sequence_count_lcr,1.618694063746245e-29,,mixed_charge_polyampholyte,SEG_intermediate,1.618694063746245e-29
,tRNA,1.0,0.5455241009946442,0.8742851593515452,0.0434782608695652,signature_sequence_count_lcr,1.618694063746245e-29,,mixed_charge_polyampholyte,SEG_intermediate,1.618694063746245e-29
,unknown,6.0,6.593726090283091,-0.1361314565937933,0.0215827338129496,signature_sequence_count_lcr,1.618694063746245e-29,,mixed_charge_polyampholyte,SEG_intermediate,1.618694063746245e-29
,diverse,0.0,0.2180566182096404,,0.0,signature_sequence_count_lcr,1.618694063746245e-29,,polar_linker,SEG_intermediate,1.618694063746245e-29
,mRNA,11.0,8.251721499617444,0.4147364883849141,0.015299026425591,signature_sequence_count_lcr,1.618694063746245e-29,,polar_linker,SEG_intermediate,1.618694063746245e-29
,ncRNA,0.0,0.7918898240244836,,0.0,signature_sequence_count_lcr,1.618694063746245e-29,,polar_linker,SEG_intermediate,1.618694063746245e-29
,pre-rRNA,1.0,0.7574598316755929,0.4007587108284612,0.0151515151515151,signature_sequence_count_lcr,1.618694063746245e-29,,polar_linker,SEG_intermediate,1.618694063746245e-29
,ribosomal protein,0.0,0.2065799540933435,,0.0,signature_sequence_count_lcr,1.618694063746245e-29,,polar_linker,SEG_intermediate,1.618694063746245e-29
,snRNA,0.0,0.8837031369548585,,0.0,signature_sequence_count_lcr,1.618694063746245e-29,,polar_linker,SEG_intermediate,1.618694063746245e-29
,snoRNA,0.0,0.4361132364192808,,0.0,signature_sequence_count_lcr,1.618694063746245e-29,,polar_linker,SEG_intermediate,1.618694063746245e-29
,tRNA,0.0,0.2639632746748278,,0.0,signature_sequence_count_lcr,1.618694063746245e-29,,polar_linker,SEG_intermediate,1.618694063746245e-29
,unknown,3.0,3.190512624330528,-0.0888257418154364,0.0107913669064748,signature_sequence_count_lcr,1.618694063746245e-29,,polar_linker,SEG_intermediate,1.618694063746245e-29
,diverse,0.0,0.1308339709257842,,0.0,signature_sequence_count_lcr,1.618694063746245e-29,,proline_rich_disordered_region,SEG_intermediate,1.618694063746245e-29
,mRNA,4.0,4.951032899770467,-0.3077295360861769,0.0055632823365785,signature_sequence_count_lcr,1.618694063746245e-29,,proline_rich_disordered_region,SEG_intermediate,1.618694063746245e-29
,ncRNA,1.0,0.4751338944146901,1.0735939675749515,0.0144927536231884,signature_sequence_count_lcr,1.618694063746245e-29,,proline_rich_disordered_region,SEG_intermediate,1.618694063746245e-29
,pre-rRNA,0.0,0.4544758990053558,,0.0,signature_sequence_count_lcr,1.618694063746245e-29,,proline_rich_disordered_region,SEG_intermediate,1.618694063746245e-29
,ribosomal protein,0.0,0.1239479724560061,,0.0,signature_sequence_count_lcr,1.618694063746245e-29,,proline_rich_disordered_region,SEG_intermediate,1.618694063746245e-29
,snRNA,1.0,0.5302218821729151,0.9153318836582194,0.0129870129870129,signature_sequence_count_lcr,1.618694063746245e-29,,proline_rich_disordered_region,SEG_intermediate,1.618694063746245e-29
,snoRNA,0.0,0.2616679418515685,,0.0,signature_sequence_count_lcr,1.618694063746245e-29,,proline_rich_disordered_region,SEG_intermediate,1.618694063746245e-29
,tRNA,0.0,0.1583779648048967,,0.0,signature_sequence_count_lcr,1.618694063746245e-29,,proline_rich_disordered_region,SEG_intermediate,1.618694063746245e-29
,unknown,3.0,1.914307574598317,0.6481398523507697,0.0107913669064748,signature_sequence_count_lcr,1.618694063746245e-29,,proline_rich_disordered_region,SEG_intermediate,1.618694063746245e-29
,diverse,0.0,1.613618974751339,,0.0,signature_sequence_count_lcr,1.618694063746245e-29,,rg_rgg_repeat_region,SEG_intermediate,1.618694063746245e-29
,mRNA,72.0,61.06273909716909,0.2377046004483416,0.1001390820584144,signature_sequence_count_lcr,1.618694063746245e-29,,rg_rgg_repeat_region,SEG_intermediate,1.618694063746245e-29
,ncRNA,0.0,5.8599846977811785,,0.0,signature_sequence_count_lcr,1.618694063746245e-29,,rg_rgg_repeat_region,SEG_intermediate,1.618694063746245e-29
,pre-rRNA,1.0,5.605202754399388,-2.486766559913126,0.0151515151515151,signature_sequence_count_lcr,1.618694063746245e-29,,rg_rgg_repeat_region,SEG_intermediate,1.618694063746245e-29
,ribosomal protein,3.0,1.528691660290742,0.9726650587241712,0.1666666666666666,signature_sequence_count_lcr,1.618694063746245e-29,,rg_rgg_repeat_region,SEG_intermediate,1.618694063746245e-29
,snRNA,5.0,6.5394032134659525,-0.3872308863622117,0.0649350649350649,signature_sequence_count_lcr,1.618694063746245e-29,,rg_rgg_repeat_region,SEG_intermediate,1.618694063746245e-29
,snoRNA,5.0,3.227237949502678,0.6316281408891041,0.131578947368421,signature_sequence_count_lcr,1.618694063746245e-29,,rg_rgg_repeat_region,SEG_intermediate,1.618694063746245e-29
,tRNA,1.0,1.953328232593726,-0.9659343966116856,0.0434782608695652,signature_sequence_count_lcr,1.618694063746245e-29,,rg_rgg_repeat_region,SEG_intermediate,1.618694063746245e-29
,unknown,24.0,23.609793420045907,0.023648987442976,0.0863309352517985,signature_sequence_count_lcr,1.618694063746245e-29,,rg_rgg_repeat_region,SEG_intermediate,1.618694063746245e-29
,diverse,0.0,0.043611323641928,,0.0,signature_sequence_count_lcr,1.618694063746245e-29,,serine_rich_region,SEG_intermediate,1.618694063746245e-29
,mRNA,2.0,1.650344299923489,0.2772329646349791,0.0027816411682892,signature_sequence_count_lcr,1.618694063746245e-29,,serine_rich_region,SEG_intermediate,1.618694063746245e-29
,ncRNA,0.0,0.1583779648048967,,0.0,signature_sequence_count_lcr,1.618694063746245e-29,,serine_rich_region,SEG_intermediate,1.618694063746245e-29
,pre-rRNA,0.0,0.1514919663351186,,0.0,signature_sequence_count_lcr,1.618694063746245e-29,,serine_rich_region,SEG_intermediate,1.618694063746245e-29
,ribosomal protein,0.0,0.0413159908186687,,0.0,signature_sequence_count_lcr,1.618694063746245e-29,,serine_rich_region,SEG_intermediate,1.618694063746245e-29
,snRNA,1.0,0.1767406273909716,2.500294384379376,0.0129870129870129,signature_sequence_count_lcr,1.618694063746245e-29,,serine_rich_region,SEG_intermediate,1.618694063746245e-29
,snoRNA,0.0,0.0872226472838561,,0.0,signature_sequence_count_lcr,1.618694063746245e-29,,serine_rich_region,SEG_intermediate,1.618694063746245e-29
,tRNA,0.0,0.0527926549349655,,0.0,signature_sequence_count_lcr,1.618694063746245e-29,,serine_rich_region,SEG_intermediate,1.618694063746245e-29
,unknown,0.0,0.6381025248661056,,0.0,signature_sequence_count_lcr,1.618694063746245e-29,,serine_rich_region,SEG_intermediate,1.618694063746245e-29
,diverse,1.0,2.0206579954093344,-1.0148251603716598,0.0526315789473684,signature_sequence_count_lcr,1.618694063746245e-29,,sr_rs_repeat_region,SEG_intermediate,1.618694063746245e-29
,mRNA,113.0,76.46595256312165,0.5634333550478158,0.1571627260083449,signature_sequence_count_lcr,1.618694063746245e-29,,sr_rs_repeat_region,SEG_intermediate,1.618694063746245e-29
,ncRNA,0.0,7.338179035960215,,0.0,signature_sequence_count_lcr,1.618694063746245e-29,,sr_rs_repeat_region,SEG_intermediate,1.618694063746245e-29
,pre-rRNA,1.0,7.0191277735271616,-2.811291766286528,0.0151515151515151,signature_sequence_count_lcr,1.618694063746245e-29,,sr_rs_repeat_region,SEG_intermediate,1.618694063746245e-29
,ribosomal protein,0.0,1.914307574598317,,0.0,signature_sequence_count_lcr,1.618694063746245e-29,,sr_rs_repeat_region,SEG_intermediate,1.618694063746245e-29
,snRNA,11.0,8.188982402448355,0.4257474310143216,0.1428571428571428,signature_sequence_count_lcr,1.618694063746245e-29,,sr_rs_repeat_region,SEG_intermediate,1.618694063746245e-29
,snoRNA,0.0,4.041315990818669,,0.0,signature_sequence_count_lcr,1.618694063746245e-29,,sr_rs_repeat_region,SEG_intermediate,1.618694063746245e-29
,tRNA,0.0,2.446059678653405,,0.0,signature_sequence_count_lcr,1.618694063746245e-29,,sr_rs_repeat_region,SEG_intermediate,1.618694063746245e-29
,unknown,13.0,29.565416985462893,-1.1853990015104896,0.0467625899280575,signature_sequence_count_lcr,1.618694063746245e-29,,sr_rs_repeat_region,SEG_intermediate,1.618694063746245e-29
,diverse,2.0,0.2616679418515685,2.9341909109095354,0.1052631578947368,signature_sequence_count_lcr,1.618694063746245e-29,,unmapped_physicochemical_properties,SEG_intermediate,1.618694063746245e-29
,mRNA,12.0,9.902065799540932,0.2772329646349794,0.0166898470097357,signature_sequence_count_lcr,1.618694063746245e-29,,unmapped_physicochemical_properties,SEG_intermediate,1.618694063746245e-29
,ncRNA,0.0,0.9502677888293802,,0.0,signature_sequence_count_lcr,1.618694063746245e-29,,unmapped_physicochemical_properties,SEG_intermediate,1.618694063746245e-29
,pre-rRNA,0.0,0.9089517980107116,,0.0,signature_sequence_count_lcr,1.618694063746245e-29,,unmapped_physicochemical_properties,SEG_intermediate,1.618694063746245e-29
,ribosomal protein,1.0,0.2478959449120122,2.0121934229108085,0.0555555555555555,signature_sequence_count_lcr,1.618694063746245e-29,,unmapped_physicochemical_properties,SEG_intermediate,1.618694063746245e-29
,snRNA,0.0,1.0604437643458302,,0.0,signature_sequence_count_lcr,1.618694063746245e-29,,unmapped_physicochemical_properties,SEG_intermediate,1.618694063746245e-29
,snoRNA,0.0,0.523335883703137,,0.0,signature_sequence_count_lcr,1.618694063746245e-29,,unmapped_physicochemical_properties,SEG_intermediate,1.618694063746245e-29
,tRNA,0.0,0.3167559296097934,,0.0,signature_sequence_count_lcr,1.618694063746245e-29,,unmapped_physicochemical_properties,SEG_intermediate,1.618694063746245e-29
,unknown,3.0,3.828615149196634,-0.3518601476492303,0.0107913669064748,signature_sequence_count_lcr,1.618694063746245e-29,,unmapped_physicochemical_properties,SEG_intermediate,1.618694063746245e-29
,diverse,0.0,70.75790375145705,,0.0,signature_residue_count_lcr,0.0,,acidic_region,SEG_intermediate,0.0
,mRNA,2140.0,3683.433023289008,-0.7834402133804984,0.0865450721882962,signature_residue_count_lcr,0.0,,acidic_region,SEG_intermediate,0.0
,ncRNA,602.0,291.52256345600307,1.0461559365736115,0.3076136944302504,signature_residue_count_lcr,0.0,,acidic_region,SEG_intermediate,0.0
,pre-rRNA,1150.0,234.1714204153484,2.295996944013845,0.7315521628498728,signature_residue_count_lcr,0.0,,acidic_region,SEG_intermediate,0.0
,ribosomal protein,42.0,68.52344363298998,-0.7062083277249013,0.0913043478260869,signature_residue_count_lcr,0.0,,acidic_region,SEG_intermediate,0.0
,snRNA,224.0,396.3932250160573,-0.8234335725239024,0.0841788801202555,signature_residue_count_lcr,0.0,,acidic_region,SEG_intermediate,0.0
,snoRNA,464.0,167.7334728929277,1.467954183488056,0.4120781527531083,signature_residue_count_lcr,0.0,,acidic_region,SEG_intermediate,0.0
,tRNA,132.0,106.36030163903229,0.3115781557700672,0.1848739495798319,signature_residue_count_lcr,0.0,,acidic_region,SEG_intermediate,0.0
,unknown,1508.0,1243.104645907177,0.2786886794594168,0.1807070101857399,signature_residue_count_lcr,0.0,,acidic_region,SEG_intermediate,0.0
,diverse,0.0,19.627352094583344,,0.0,signature_residue_count_lcr,0.0,,arginine_rich_rna_contact_region,SEG_intermediate,0.0
,mRNA,778.0,1021.7379689321313,-0.3931831952545386,0.0314635823189226,signature_residue_count_lcr,0.0,,arginine_rich_rna_contact_region,SEG_intermediate,0.0
,ncRNA,83.0,80.86469062968338,0.0376014455891115,0.0424118548799182,signature_residue_count_lcr,0.0,,arginine_rich_rna_contact_region,SEG_intermediate,0.0
,pre-rRNA,44.0,64.95620524775792,-0.5619638287523182,0.0279898218829516,signature_residue_count_lcr,0.0,,arginine_rich_rna_contact_region,SEG_intermediate,0.0
,ribosomal protein,56.0,19.00754097580703,1.5588549259822195,0.1217391304347826,signature_residue_count_lcr,0.0,,arginine_rich_rna_contact_region,SEG_intermediate,0.0
,snRNA,315.0,109.95449247091848,1.5184452782340494,0.1183765501691093,signature_residue_count_lcr,0.0,,arginine_rich_rna_contact_region,SEG_intermediate,0.0
,snoRNA,24.0,46.52715464947546,-0.9550385564900828,0.0213143872113676,signature_residue_count_lcr,0.0,,arginine_rich_rna_contact_region,SEG_intermediate,0.0
,tRNA,35.0,29.503009253752648,0.2464928077848575,0.0490196078431372,signature_residue_count_lcr,0.0,,arginine_rich_rna_contact_region,SEG_intermediate,0.0
,unknown,402.0,344.8215857458905,0.2213454117979585,0.0481725584182145,signature_residue_count_lcr,0.0,,arginine_rich_rna_contact_region,SEG_intermediate,0.0
,diverse,0.0,0.192092680257868,,0.0,signature_residue_count_lcr,0.0,,aromatic_aggregation_prone_region,SEG_intermediate,0.0
,mRNA,17.0,9.99973832576064,0.7655724984696625,0.0006875075828042,signature_residue_count_lcr,0.0,,aromatic_aggregation_prone_region,SEG_intermediate,0.0
,ncRNA,0.0,0.7914218426624164,,0.0,signature_residue_count_lcr,0.0,,aromatic_aggregation_prone_region,SEG_intermediate,0.0
,pre-rRNA,0.0,0.6357256702428813,,0.0,signature_residue_count_lcr,0.0,,aromatic_aggregation_prone_region,SEG_intermediate,0.0
,ribosomal protein,0.0,0.1860265956181459,,0.0,signature_residue_count_lcr,0.0,,aromatic_aggregation_prone_region,SEG_intermediate,0.0
,snRNA,0.0,1.0761234150867094,,0.0,signature_residue_count_lcr,0.0,,aromatic_aggregation_prone_region,SEG_intermediate,0.0
,snoRNA,0.0,0.4553607536218093,,0.0,signature_residue_count_lcr,0.0,,aromatic_aggregation_prone_region,SEG_intermediate,0.0
,tRNA,0.0,0.2887456288507743,,0.0,signature_residue_count_lcr,0.0,,aromatic_aggregation_prone_region,SEG_intermediate,0.0
,unknown,0.0,3.374765087898756,,0.0,signature_residue_count_lcr,0.0,,aromatic_aggregation_prone_region,SEG_intermediate,0.0
,diverse,92.0,39.37899945286296,1.224207405662301,0.1936842105263158,signature_residue_count_lcr,0.0,,aromatic_sticker_region,SEG_intermediate,0.0
,mRNA,2097.0,2049.946356780931,0.0327407038104694,0.0848060824200266,signature_residue_count_lcr,0.0,,aromatic_sticker_region,SEG_intermediate,0.0
,ncRNA,195.0,162.24147774579538,0.2653314259464047,0.0996423096576392,signature_residue_count_lcr,0.0,,aromatic_sticker_region,SEG_intermediate,0.0
,pre-rRNA,0.0,130.32376239979067,,0.0,signature_residue_count_lcr,0.0,,aromatic_sticker_region,SEG_intermediate,0.0
,ribosomal protein,0.0,38.13545210171991,,0.0,signature_residue_count_lcr,0.0,,aromatic_sticker_region,SEG_intermediate,0.0
,snRNA,100.0,220.60530009277545,-1.1414674524238972,0.0375798571965426,signature_residue_count_lcr,0.0,,aromatic_sticker_region,SEG_intermediate,0.0
,snoRNA,24.0,93.34895449247092,-1.9595994585354757,0.0213143872113676,signature_residue_count_lcr,0.0,,aromatic_sticker_region,SEG_intermediate,0.0
,tRNA,28.0,59.19285391440874,-1.0799961891478975,0.0392156862745098,signature_residue_count_lcr,0.0,,aromatic_sticker_region,SEG_intermediate,0.0
,unknown,949.0,691.826843019245,0.4559970955947463,0.1137207908927501,signature_residue_count_lcr,0.0,,aromatic_sticker_region,SEG_intermediate,0.0
,diverse,0.0,21.299688369769488,,0.0,signature_residue_count_lcr,0.0,,basic_enriched_region,SEG_intermediate,0.0
,mRNA,671.0,1108.7945143564002,-0.7246073534861808,0.0271363287095078,signature_residue_count_lcr,0.0,,basic_enriched_region,SEG_intermediate,0.0
,ncRNA,100.0,87.75471608345029,0.1884514345712777,0.0510986203372508,signature_residue_count_lcr,0.0,,basic_enriched_region,SEG_intermediate,0.0
,pre-rRNA,115.0,70.49075814163713,0.7061278341091257,0.0731552162849872,signature_residue_count_lcr,0.0,,basic_enriched_region,SEG_intermediate,0.0
,ribosomal protein,107.0,20.627066631776767,2.375000220880129,0.2326086956521739,signature_residue_count_lcr,0.0,,basic_enriched_region,SEG_intermediate,0.0
,snRNA,154.0,119.32309631990866,0.368057031096038,0.0578729800826756,signature_residue_count_lcr,0.0,,basic_enriched_region,SEG_intermediate,0.0
,snoRNA,71.0,50.49147179865357,0.4917792928478094,0.0630550621669627,signature_residue_count_lcr,0.0,,basic_enriched_region,SEG_intermediate,0.0
,tRNA,121.0,32.016794728453505,1.918106258668852,0.1694677871148459,signature_residue_count_lcr,0.0,,basic_enriched_region,SEG_intermediate,0.0
,unknown,546.0,374.2018935699503,0.5450840920932483,0.0654284002396644,signature_residue_count_lcr,0.0,,basic_enriched_region,SEG_intermediate,0.0
,diverse,0.0,4.406832076504032,,0.0,signature_residue_count_lcr,0.0,,cation_pi_rich_neighborhood,SEG_intermediate,0.0
,mRNA,362.0,229.40576159097935,0.658088071803257,0.0146398673514781,signature_residue_count_lcr,0.0,,cation_pi_rich_neighborhood,SEG_intermediate,0.0
,ncRNA,0.0,18.15614815519661,,0.0,signature_residue_count_lcr,0.0,,cation_pi_rich_neighborhood,SEG_intermediate,0.0
,pre-rRNA,0.0,14.584294787924923,,0.0,signature_residue_count_lcr,0.0,,cation_pi_rich_neighborhood,SEG_intermediate,0.0
,ribosomal protein,0.0,4.267668958298642,,0.0,signature_residue_count_lcr,0.0,,cation_pi_rich_neighborhood,SEG_intermediate,0.0
,snRNA,28.0,24.687537169636272,0.181643906865157,0.0105223600150319,signature_residue_count_lcr,0.0,,cation_pi_rich_neighborhood,SEG_intermediate,0.0
,snoRNA,0.0,10.44651140661798,,0.0,signature_residue_count_lcr,0.0,,cation_pi_rich_neighborhood,SEG_intermediate,0.0
,tRNA,0.0,6.624164426576587,,0.0,signature_residue_count_lcr,0.0,,cation_pi_rich_neighborhood,SEG_intermediate,0.0
,unknown,0.0,77.42108142826558,,0.0,signature_residue_count_lcr,0.0,,cation_pi_rich_neighborhood,SEG_intermediate,0.0
,diverse,250.0,119.978828175179,1.0591482488994295,0.5263157894736842,signature_residue_count_lcr,0.0,,disorder_rich_spacer_region,SEG_intermediate,0.0
,mRNA,6239.0,6245.718914289792,-0.0015528335605167,0.2523152828891495,signature_residue_count_lcr,0.0,,disorder_rich_spacer_region,SEG_intermediate,0.0
,ncRNA,711.0,494.31277208173753,0.5244253764482638,0.3633111905978539,signature_residue_count_lcr,0.0,,disorder_rich_spacer_region,SEG_intermediate,0.0
,pre-rRNA,89.0,397.06677450817136,-2.1575044038365565,0.0566157760814249,signature_residue_count_lcr,0.0,,disorder_rich_spacer_region,SEG_intermediate,0.0
,ribosomal protein,122.0,116.1900230749102,0.0703949540741634,0.2652173913043478,signature_residue_count_lcr,0.0,,disorder_rich_spacer_region,SEG_intermediate,0.0
,snRNA,787.0,672.134024787687,0.2276146979409188,0.2957534761367907,signature_residue_count_lcr,0.0,,disorder_rich_spacer_region,SEG_intermediate,0.0
,snoRNA,171.0,284.4129695268454,-0.7339909297386794,0.1518650088809946,signature_residue_count_lcr,0.0,,disorder_rich_spacer_region,SEG_intermediate,0.0
,tRNA,191.0,180.3471227727954,0.0827962314623014,0.2675070028011204,signature_residue_count_lcr,0.0,,disorder_rich_spacer_region,SEG_intermediate,0.0
,unknown,2058.0,2107.8385707828816,-0.03452139990034,0.2466147393648891,signature_residue_count_lcr,0.0,,disorder_rich_spacer_region,SEG_intermediate,0.0
,diverse,0.0,0.1581939719770678,,0.0,signature_residue_count_lcr,0.0,,glutamine_rich_region,SEG_intermediate,0.0
,mRNA,0.0,8.235078621214644,,0.0,signature_residue_count_lcr,0.0,,glutamine_rich_region,SEG_intermediate,0.0
,ncRNA,0.0,0.6517591645455194,,0.0,signature_residue_count_lcr,0.0,,glutamine_rich_region,SEG_intermediate,0.0
,pre-rRNA,0.0,0.5235387872588434,,0.0,signature_residue_count_lcr,0.0,,glutamine_rich_region,SEG_intermediate,0.0
,ribosomal protein,0.0,0.1531983728620025,,0.0,signature_residue_count_lcr,0.0,,glutamine_rich_region,SEG_intermediate,0.0
,snRNA,0.0,0.8862192830125841,,0.0,signature_residue_count_lcr,0.0,,glutamine_rich_region,SEG_intermediate,0.0
,snoRNA,0.0,0.3750029735709018,,0.0,signature_residue_count_lcr,0.0,,glutamine_rich_region,SEG_intermediate,0.0
,tRNA,0.0,0.2377905178771082,,0.0,signature_residue_count_lcr,0.0,,glutamine_rich_region,SEG_intermediate,0.0
,unknown,14.0,2.779218307681328,2.3326757593294225,0.0016776512881965,signature_residue_count_lcr,0.0,,glutamine_rich_region,SEG_intermediate,0.0
,diverse,0.0,0.4971810547850703,,0.0,signature_residue_count_lcr,0.0,,glycine_rich_region,SEG_intermediate,0.0
,mRNA,44.0,25.8816756666746,0.7655724984696622,0.0017794313907873,signature_residue_count_lcr,0.0,,glycine_rich_region,SEG_intermediate,0.0
,ncRNA,0.0,2.048385945714489,,0.0,signature_residue_count_lcr,0.0,,glycine_rich_region,SEG_intermediate,0.0
,pre-rRNA,0.0,1.645407617099222,,0.0,signature_residue_count_lcr,0.0,,glycine_rich_region,SEG_intermediate,0.0
,ribosomal protein,0.0,0.4814806004234365,,0.0,signature_residue_count_lcr,0.0,,glycine_rich_region,SEG_intermediate,0.0
,snRNA,0.0,2.785260603753836,,0.0,signature_residue_count_lcr,0.0,,glycine_rich_region,SEG_intermediate,0.0
,snoRNA,0.0,1.1785807740799772,,0.0,signature_residue_count_lcr,0.0,,glycine_rich_region,SEG_intermediate,0.0
,tRNA,0.0,0.7473416276137689,,0.0,signature_residue_count_lcr,0.0,,glycine_rich_region,SEG_intermediate,0.0
,unknown,0.0,8.734686109855604,,0.0,signature_residue_count_lcr,0.0,,glycine_rich_region,SEG_intermediate,0.0
,diverse,29.0,32.33936769988344,-0.1572385712380223,0.0610526315789473,signature_residue_count_lcr,0.0,,gs_rich_neutral_region,SEG_intermediate,0.0
,mRNA,1986.0,1683.4853581368793,0.2384144492713686,0.0803170623205403,signature_residue_count_lcr,0.0,,gs_rich_neutral_region,SEG_intermediate,0.0
,ncRNA,212.0,133.23819492351976,0.6700565507891112,0.1083290751149718,signature_residue_count_lcr,0.0,,gs_rich_neutral_region,SEG_intermediate,0.0
,pre-rRNA,40.0,107.02628636677213,-1.4198932705185283,0.0254452926208651,signature_residue_count_lcr,0.0,,gs_rich_neutral_region,SEG_intermediate,0.0
,ribosomal protein,0.0,31.3181245093608,,0.0,signature_residue_count_lcr,0.0,,gs_rich_neutral_region,SEG_intermediate,0.0
,snRNA,59.0,181.16854199871543,-1.618545608807663,0.0221721157459601,signature_residue_count_lcr,0.0,,gs_rich_neutral_region,SEG_intermediate,0.0
,snoRNA,0.0,76.66132216856579,,0.0,signature_residue_count_lcr,0.0,,gs_rich_neutral_region,SEG_intermediate,0.0
,tRNA,26.0,48.61117586887742,-0.9027764090352915,0.0364145658263305,signature_residue_count_lcr,0.0,,gs_rich_neutral_region,SEG_intermediate,0.0
,unknown,510.0,568.1516283274258,-0.1557787605383871,0.0611144397843019,signature_residue_count_lcr,0.0,,gs_rich_neutral_region,SEG_intermediate,0.0
,diverse,35.0,2.610200537621619,3.745122365889982,0.0736842105263157,signature_residue_count_lcr,0.0,,hydrophobic_region,SEG_intermediate,0.0
,mRNA,59.0,135.87879725004163,-1.203533493584554,0.0023860557285558,signature_residue_count_lcr,0.0,,hydrophobic_region,SEG_intermediate,0.0
,ncRNA,21.0,10.75402621500107,0.9655124343152824,0.0107307102708226,signature_residue_count_lcr,0.0,,hydrophobic_region,SEG_intermediate,0.0
,pre-rRNA,0.0,8.638389989770916,,0.0,signature_residue_count_lcr,0.0,,hydrophobic_region,SEG_intermediate,0.0
,ribosomal protein,0.0,2.5277731522230416,,0.0,signature_residue_count_lcr,0.0,,hydrophobic_region,SEG_intermediate,0.0
,snRNA,0.0,14.62261816970764,,0.0,signature_residue_count_lcr,0.0,,hydrophobic_region,SEG_intermediate,0.0
,snoRNA,0.0,6.18754906391988,,0.0,signature_residue_count_lcr,0.0,,hydrophobic_region,SEG_intermediate,0.0
,tRNA,15.0,3.9235435449722864,1.934733383742745,0.0210084033613445,signature_residue_count_lcr,0.0,,hydrophobic_region,SEG_intermediate,0.0
,unknown,101.0,45.85710207674192,1.1391382006651598,0.0121030557219892,signature_residue_count_lcr,0.0,,hydrophobic_region,SEG_intermediate,0.0
,diverse,0.0,13.152698812950495,,0.0,signature_residue_count_lcr,0.0,,mixed_charge_polyampholyte,SEG_intermediate,0.0
,mRNA,659.0,684.6879653638462,-0.0551681894305698,0.026651029239293,signature_residue_count_lcr,0.0,,mixed_charge_polyampholyte,SEG_intermediate,0.0
,ncRNA,0.0,54.18911910935604,,0.0,signature_residue_count_lcr,0.0,,mixed_charge_polyampholyte,SEG_intermediate,0.0
,pre-rRNA,24.0,43.52851059780669,-0.8589262508663505,0.015267175572519,signature_residue_count_lcr,0.0,,mixed_charge_polyampholyte,SEG_intermediate,0.0
,ribosomal protein,0.0,12.73735042938364,,0.0,signature_residue_count_lcr,0.0,,mixed_charge_polyampholyte,SEG_intermediate,0.0
,snRNA,51.0,73.68280324476056,-0.5308307023796248,0.0191657271702367,signature_residue_count_lcr,0.0,,mixed_charge_polyampholyte,SEG_intermediate,0.0
,snoRNA,82.0,31.178818659752125,1.395057643208954,0.0728241563055062,signature_residue_count_lcr,0.0,,mixed_charge_polyampholyte,SEG_intermediate,0.0
,tRNA,63.0,19.77058305778243,1.6719964101419165,0.088235294117647,signature_residue_count_lcr,0.0,,mixed_charge_polyampholyte,SEG_intermediate,0.0
,unknown,285.0,231.07215072436188,0.3026185254732426,0.0341521869382864,signature_residue_count_lcr,0.0,,mixed_charge_polyampholyte,SEG_intermediate,0.0
,diverse,0.0,4.339034659942432,,0.0,signature_residue_count_lcr,0.0,,polar_linker,SEG_intermediate,0.0
,mRNA,223.0,225.8764421818874,-0.0184901023311891,0.0090184818214906,signature_residue_count_lcr,0.0,,polar_linker,SEG_intermediate,0.0
,ncRNA,0.0,17.87682279896282,,0.0,signature_residue_count_lcr,0.0,,polar_linker,SEG_intermediate,0.0
,pre-rRNA,22.0,14.359921021956849,0.6154557092369183,0.0139949109414758,signature_residue_count_lcr,0.0,,polar_linker,SEG_intermediate,0.0
,ribosomal protein,0.0,4.202012512786355,,0.0,signature_residue_count_lcr,0.0,,polar_linker,SEG_intermediate,0.0
,snRNA,0.0,24.307728905488023,,0.0,signature_residue_count_lcr,0.0,,polar_linker,SEG_intermediate,0.0
,snoRNA,0.0,10.285795846516164,,0.0,signature_residue_count_lcr,0.0,,polar_linker,SEG_intermediate,0.0
,tRNA,0.0,6.522254204629255,,0.0,signature_residue_count_lcr,0.0,,polar_linker,SEG_intermediate,0.0
,unknown,139.0,76.22998786783072,0.8666543313317738,0.016656680647094,signature_residue_count_lcr,0.0,,polar_linker,SEG_intermediate,0.0
,diverse,0.0,2.994385898137355,,0.0,signature_residue_count_lcr,0.0,,proline_rich_disordered_region,SEG_intermediate,0.0
,mRNA,103.0,155.87827390156292,-0.5977755237976811,0.0041654871193432,signature_residue_count_lcr,0.0,,proline_rich_disordered_region,SEG_intermediate,0.0
,ncRNA,33.0,12.336869900325905,1.4194896228604716,0.0168625447112927,signature_residue_count_lcr,0.0,,proline_rich_disordered_region,SEG_intermediate,0.0
,pre-rRNA,0.0,9.90984133025668,,0.0,signature_residue_count_lcr,0.0,,proline_rich_disordered_region,SEG_intermediate,0.0
,ribosomal protein,0.0,2.899826343459333,,0.0,signature_residue_count_lcr,0.0,,proline_rich_disordered_region,SEG_intermediate,0.0
,snRNA,41.0,16.774864999881057,1.2893227537246856,0.0154077414505824,signature_residue_count_lcr,0.0,,proline_rich_disordered_region,SEG_intermediate,0.0
,snoRNA,0.0,7.098270571163499,,0.0,signature_residue_count_lcr,0.0,,proline_rich_disordered_region,SEG_intermediate,0.0
,tRNA,0.0,4.501034802673835,,0.0,signature_residue_count_lcr,0.0,,proline_rich_disordered_region,SEG_intermediate,0.0
,unknown,88.0,52.60663225253943,0.7422588285161582,0.0105452366686638,signature_residue_count_lcr,0.0,,proline_rich_disordered_region,SEG_intermediate,0.0
,diverse,0.0,52.94978233460999,,0.0,signature_residue_count_lcr,0.0,,rg_rgg_repeat_region,SEG_intermediate,0.0
,mRNA,2821.0,2756.3984585008443,0.0334222101920984,0.1140858171229829,signature_residue_count_lcr,0.0,,rg_rgg_repeat_region,SEG_intermediate,0.0
,ncRNA,0.0,218.15310321859317,,0.0,signature_residue_count_lcr,0.0,,rg_rgg_repeat_region,SEG_intermediate,0.0
,pre-rRNA,26.0,175.23591122106714,-2.7527149294012663,0.0165394402035623,signature_residue_count_lcr,0.0,,rg_rgg_repeat_region,SEG_intermediate,0.0
,ribosomal protein,108.0,51.27768394509599,1.0746283059353414,0.2347826086956521,signature_residue_count_lcr,0.0,,rg_rgg_repeat_region,SEG_intermediate,0.0
,snRNA,198.0,296.6302542997836,-0.5831653202263624,0.0744081172491544,signature_residue_count_lcr,0.0,,rg_rgg_repeat_region,SEG_intermediate,0.0
,snoRNA,290.0,125.51885243951756,1.208148832650953,0.2575488454706927,signature_residue_count_lcr,0.0,,rg_rgg_repeat_region,SEG_intermediate,0.0
,tRNA,103.0,79.59188334086637,0.3719511178703667,0.1442577030812324,signature_residue_count_lcr,0.0,,rg_rgg_repeat_region,SEG_intermediate,0.0
,unknown,1140.0,930.2440706996216,0.293352629518391,0.1366087477531456,signature_residue_count_lcr,0.0,,rg_rgg_repeat_region,SEG_intermediate,0.0
,diverse,0.0,0.92656469300854,,0.0,signature_residue_count_lcr,0.0,,serine_rich_region,SEG_intermediate,0.0
,mRNA,58.0,48.2340319242572,0.2660014889791507,0.0023456141060379,signature_residue_count_lcr,0.0,,serine_rich_region,SEG_intermediate,0.0
,ncRNA,0.0,3.8174465351951854,,0.0,signature_residue_count_lcr,0.0,,serine_rich_region,SEG_intermediate,0.0
,pre-rRNA,0.0,3.0664414682303685,,0.0,signature_residue_count_lcr,0.0,,serine_rich_region,SEG_intermediate,0.0
,ribosomal protein,0.0,0.8973047553345862,,0.0,signature_residue_count_lcr,0.0,,serine_rich_region,SEG_intermediate,0.0
,snRNA,24.0,5.190712943359421,2.209029794660236,0.0090191657271702,signature_residue_count_lcr,0.0,,serine_rich_region,SEG_intermediate,0.0
,snoRNA,0.0,2.196445988058139,,0.0,signature_residue_count_lcr,0.0,,serine_rich_region,SEG_intermediate,0.0
,tRNA,0.0,1.3927730332802055,,0.0,signature_residue_count_lcr,0.0,,serine_rich_region,SEG_intermediate,0.0
,unknown,0.0,16.278278659276353,,0.0,signature_residue_count_lcr,0.0,,serine_rich_region,SEG_intermediate,0.0
,diverse,25.0,83.4586197873302,-1.7391329670698157,0.0526315789473684,signature_residue_count_lcr,0.0,,sr_rs_repeat_region,SEG_intermediate,0.0
,mRNA,6134.0,4344.59219259224,0.4976074025310682,0.2480689125247705,signature_residue_count_lcr,0.0,,sr_rs_repeat_region,SEG_intermediate,0.0
,ncRNA,0.0,343.84951352380045,,0.0,signature_residue_count_lcr,0.0,,sr_rs_repeat_region,SEG_intermediate,0.0
,pre-rRNA,62.0,276.2041059067012,-2.155394645497961,0.0394402035623409,signature_residue_count_lcr,0.0,,sr_rs_repeat_region,SEG_intermediate,0.0
,ribosomal protein,0.0,80.82308442562504,,0.0,signature_residue_count_lcr,0.0,,sr_rs_repeat_region,SEG_intermediate,0.0
,snRNA,680.0,467.5439731664962,0.5404326874892518,0.25554302893649,signature_residue_count_lcr,0.0,,sr_rs_repeat_region,SEG_intermediate,0.0
,snoRNA,0.0,197.84085448533435,,0.0,signature_residue_count_lcr,0.0,,sr_rs_repeat_region,SEG_intermediate,0.0
,tRNA,0.0,125.45148321716584,,0.0,signature_residue_count_lcr,0.0,,sr_rs_repeat_region,SEG_intermediate,0.0
,unknown,485.0,1466.2361728953065,-1.5960608508017011,0.0581186339125224,signature_residue_count_lcr,0.0,,sr_rs_repeat_region,SEG_intermediate,0.0
,diverse,44.0,5.932273949140043,2.8908463964448856,0.0926315789473684,signature_residue_count_lcr,0.0,,unmapped_physicochemical_properties,SEG_intermediate,0.0
,mRNA,336.0,308.8154482955492,0.1217163086949374,0.0135883851660128,signature_residue_count_lcr,0.0,,unmapped_physicochemical_properties,SEG_intermediate,0.0
,ncRNA,0.0,24.44096867045698,,0.0,signature_residue_count_lcr,0.0,,unmapped_physicochemical_properties,SEG_intermediate,0.0
,pre-rRNA,0.0,19.632704522206627,,0.0,signature_residue_count_lcr,0.0,,unmapped_physicochemical_properties,SEG_intermediate,0.0
,ribosomal protein,25.0,5.744938982325095,2.121564619856248,0.0543478260869565,signature_residue_count_lcr,0.0,,unmapped_physicochemical_properties,SEG_intermediate,0.0
,snRNA,0.0,33.233223112971906,,0.0,signature_residue_count_lcr,0.0,,unmapped_physicochemical_properties,SEG_intermediate,0.0
,snoRNA,0.0,14.062611508908818,,0.0,signature_residue_count_lcr,0.0,,unmapped_physicochemical_properties,SEG_intermediate,0.0
,tRNA,0.0,8.91714442039156,,0.0,signature_residue_count_lcr,0.0,,unmapped_physicochemical_properties,SEG_intermediate,0.0
,unknown,120.0,104.22068653804982,0.2033927423844559,0.0143798681845416,signature_residue_count_lcr,0.0,,unmapped_physicochemical_properties,SEG_intermediate,0.0
distal_terminal,diverse,1.0,1.0304259634888435,-0.0432408503942542,0.5,position_lcr,3.515163183373974e-14,,,SEG,6.071645498555046e-14
distal_terminal,mRNA,141.0,147.86612576064908,-0.0685964246711485,0.4912891986062718,position_lcr,3.515163183373974e-14,,,SEG,6.071645498555046e-14
distal_terminal,ncRNA,22.0,17.517241379310345,0.3287279269927035,0.6470588235294118,position_lcr,3.515163183373974e-14,,,SEG,6.071645498555046e-14
distal_terminal,pre-rRNA,5.0,10.30425963488844,-1.0432408503942543,0.25,position_lcr,3.515163183373974e-14,,,SEG,6.071645498555046e-14
distal_terminal,ribosomal protein,0.0,2.0608519269776875,,0.0,position_lcr,3.515163183373974e-14,,,SEG,6.071645498555046e-14
distal_terminal,snRNA,8.0,13.39553752535497,-0.7436805685353464,0.3076923076923077,position_lcr,3.515163183373974e-14,,,SEG,6.071645498555046e-14
distal_terminal,snoRNA,12.0,10.81947261663286,0.1494042275481416,0.5714285714285714,position_lcr,3.515163183373974e-14,,,SEG,6.071645498555046e-14
distal_terminal,tRNA,5.0,3.0912778904665315,0.6937247437719518,0.8333333333333334,position_lcr,3.515163183373974e-14,,,SEG,6.071645498555046e-14
distal_terminal,unknown,60.0,47.91480730223124,0.3244909341062327,0.6451612903225806,position_lcr,3.515163183373974e-14,,,SEG,6.071645498555046e-14
domain_adjacent,diverse,0.0,0.4462474645030426,,0.0,position_lcr,3.515163183373974e-14,,,SEG,6.071645498555046e-14
domain_adjacent,mRNA,72.0,64.0365111561866,0.1691021976198765,0.2508710801393728,position_lcr,3.515163183373974e-14,,,SEG,6.071645498555046e-14
domain_adjacent,ncRNA,2.0,7.586206896551724,-1.923378718397088,0.0588235294117647,position_lcr,3.515163183373974e-14,,,SEG,6.071645498555046e-14
domain_adjacent,pre-rRNA,4.0,4.462474645030426,-0.1578439720341104,0.2,position_lcr,3.515163183373974e-14,,,SEG,6.071645498555046e-14
domain_adjacent,ribosomal protein,2.0,0.8924949290060852,1.164084122853252,0.5,position_lcr,3.515163183373974e-14,,,SEG,6.071645498555046e-14
domain_adjacent,snRNA,4.0,5.801217038539554,-0.5363555952878404,0.1538461538461538,position_lcr,3.515163183373974e-14,,,SEG,6.071645498555046e-14
domain_adjacent,snoRNA,8.0,4.685598377281948,0.7717667000744914,0.3809523809523809,position_lcr,3.515163183373974e-14,,,SEG,6.071645498555046e-14
domain_adjacent,tRNA,0.0,1.3387423935091278,,0.0,position_lcr,3.515163183373974e-14,,,SEG,6.071645498555046e-14
domain_adjacent,unknown,18.0,20.75050709939148,-0.2051496868124671,0.1935483870967742,position_lcr,3.515163183373974e-14,,,SEG,6.071645498555046e-14
domain_edge,diverse,1.0,0.0324543610547667,4.945443836377912,0.5,position_lcr,3.515163183373974e-14,,,SEG,6.071645498555046e-14
domain_edge,mRNA,5.0,4.657200811359027,0.1024650045895859,0.0174216027874564,position_lcr,3.515163183373974e-14,,,SEG,6.071645498555046e-14
domain_edge,ncRNA,0.0,0.5517241379310345,,0.0,position_lcr,3.515163183373974e-14,,,SEG,6.071645498555046e-14
domain_edge,pre-rRNA,0.0,0.3245436105476673,,0.0,position_lcr,3.515163183373974e-14,,,SEG,6.071645498555046e-14
domain_edge,ribosomal protein,0.0,0.0649087221095334,,0.0,position_lcr,3.515163183373974e-14,,,SEG,6.071645498555046e-14
domain_edge,snRNA,0.0,0.4219066937119675,,0.0,position_lcr,3.515163183373974e-14,,,SEG,6.071645498555046e-14
domain_edge,snoRNA,0.0,0.3407707910750507,,0.0,position_lcr,3.515163183373974e-14,,,SEG,6.071645498555046e-14
domain_edge,tRNA,1.0,0.0973630831643002,3.3604813356567558,0.1666666666666666,position_lcr,3.515163183373974e-14,,,SEG,6.071645498555046e-14
domain_edge,unknown,1.0,1.5091277890466532,-0.5937149747301199,0.010752688172043,position_lcr,3.515163183373974e-14,,,SEG,6.071645498555046e-14
domain_intrinsic,diverse,0.0,0.0649087221095334,,0.0,position_lcr,3.515163183373974e-14,,,SEG,6.071645498555046e-14
domain_intrinsic,mRNA,10.0,9.314401622718051,0.1024650045895859,0.0348432055749128,position_lcr,3.515163183373974e-14,,,SEG,6.071645498555046e-14
domain_intrinsic,ncRNA,0.0,1.103448275862069,,0.0,position_lcr,3.515163183373974e-14,,,SEG,6.071645498555046e-14
domain_intrinsic,pre-rRNA,0.0,0.6490872210953347,,0.0,position_lcr,3.515163183373974e-14,,,SEG,6.071645498555046e-14
domain_intrinsic,ribosomal protein,2.0,0.1298174442190669,3.945443836377912,0.5,position_lcr,3.515163183373974e-14,,,SEG,6.071645498555046e-14
domain_intrinsic,snRNA,1.0,0.8438133874239351,0.2450041182368195,0.0384615384615384,position_lcr,3.515163183373974e-14,,,SEG,6.071645498555046e-14
domain_intrinsic,snoRNA,0.0,0.6815415821501014,,0.0,position_lcr,3.515163183373974e-14,,,SEG,6.071645498555046e-14
domain_intrinsic,tRNA,0.0,0.1947261663286004,,0.0,position_lcr,3.515163183373974e-14,,,SEG,6.071645498555046e-14
domain_intrinsic,unknown,3.0,3.0182555780933065,-0.0087524740089637,0.032258064516129,position_lcr,3.515163183373974e-14,,,SEG,6.071645498555046e-14
interdomain_linker,diverse,0.0,0.1541582150101419,,0.0,position_lcr,3.515163183373974e-14,,,SEG,6.071645498555046e-14
interdomain_linker,mRNA,28.0,22.12170385395537,0.3399643183162424,0.0975609756097561,position_lcr,3.515163183373974e-14,,,SEG,6.071645498555046e-14
interdomain_linker,ncRNA,1.0,2.6206896551724137,-1.3899465183160131,0.0294117647058823,position_lcr,3.515163183373974e-14,,,SEG,6.071645498555046e-14
interdomain_linker,pre-rRNA,1.0,1.54158215010142,-0.6244117719530364,0.05,position_lcr,3.515163183373974e-14,,,SEG,6.071645498555046e-14
interdomain_linker,ribosomal protein,0.0,0.3083164300202839,,0.0,position_lcr,3.515163183373974e-14,,,SEG,6.071645498555046e-14
interdomain_linker,snRNA,2.0,2.004056795131846,-0.0029233952067662,0.0769230769230769,position_lcr,3.515163183373974e-14,,,SEG,6.071645498555046e-14
interdomain_linker,snoRNA,0.0,1.618661257606491,,0.0,position_lcr,3.515163183373974e-14,,,SEG,6.071645498555046e-14
interdomain_linker,tRNA,0.0,0.4624746450304259,,0.0,position_lcr,3.515163183373974e-14,,,SEG,6.071645498555046e-14
interdomain_linker,unknown,6.0,7.168356997971602,-0.2566799874525491,0.064516129032258,position_lcr,3.515163183373974e-14,,,SEG,6.071645498555046e-14
unclassified_no_pfam,diverse,0.0,0.2718052738336714,,0.0,position_lcr,3.515163183373974e-14,,,SEG,6.071645498555046e-14
unclassified_no_pfam,mRNA,31.0,39.004056795131845,-0.3313559703686735,0.1080139372822299,position_lcr,3.515163183373974e-14,,,SEG,6.071645498555046e-14
unclassified_no_pfam,ncRNA,9.0,4.620689655172414,0.961816806112112,0.2647058823529412,position_lcr,3.515163183373974e-14,,,SEG,6.071645498555046e-14
unclassified_no_pfam,pre-rRNA,10.0,2.718052738336714,1.879354645920139,0.5,position_lcr,3.515163183373974e-14,,,SEG,6.071645498555046e-14
unclassified_no_pfam,ribosomal protein,0.0,0.5436105476673428,,0.0,position_lcr,3.515163183373974e-14,,,SEG,6.071645498555046e-14
unclassified_no_pfam,snRNA,11.0,3.533468559837728,1.638346546416344,0.4230769230769231,position_lcr,3.515163183373974e-14,,,SEG,6.071645498555046e-14
unclassified_no_pfam,snoRNA,1.0,2.8539553752535496,-1.5129627768586211,0.0476190476190476,position_lcr,3.515163183373974e-14,,,SEG,6.071645498555046e-14
unclassified_no_pfam,tRNA,0.0,0.8154158215010142,,0.0,position_lcr,3.515163183373974e-14,,,SEG,6.071645498555046e-14
unclassified_no_pfam,unknown,5.0,12.63894523326572,-1.33787607030053,0.053763440860215,position_lcr,3.515163183373974e-14,,,SEG,6.071645498555046e-14
,diverse,2.0,2.0,0.0,1.0,no_pfam_lcr,,pfam_classified,,SEG,
,mRNA,287.0,287.0,0.0,1.0,no_pfam_lcr,,pfam_classified,,SEG,
,ncRNA,34.0,34.0,0.0,1.0,no_pfam_lcr,,pfam_classified,,SEG,
,pre-rRNA,20.0,20.0,0.0,1.0,no_pfam_lcr,,pfam_classified,,SEG,
,ribosomal protein,4.0,4.0,0.0,1.0,no_pfam_lcr,,pfam_classified,,SEG,
,snRNA,26.0,26.0,0.0,1.0,no_pfam_lcr,,pfam_classified,,SEG,
,snoRNA,21.0,21.0,0.0,1.0,no_pfam_lcr,,pfam_classified,,SEG,
,tRNA,6.0,6.0,0.0,1.0,no_pfam_lcr,,pfam_classified,,SEG,
,unknown,93.0,93.0,0.0,1.0,no_pfam_lcr,,pfam_classified,,SEG,
,diverse,0.0,0.4056795131845842,,0.0,signature_sequence_count_lcr,2.7184987035199873e-09,,acidic_region,SEG,2.7184987035199873e-09
,mRNA,29.0,58.21501014198783,-1.005338284944929,0.1010452961672473,signature_sequence_count_lcr,2.7184987035199873e-09,,acidic_region,SEG,2.7184987035199873e-09
,ncRNA,10.0,6.896551724137931,0.5360529002402099,0.2941176470588235,signature_sequence_count_lcr,2.7184987035199873e-09,,acidic_region,SEG,2.7184987035199873e-09
,pre-rRNA,18.0,4.056795131845842,2.149584553158137,0.9,signature_sequence_count_lcr,2.7184987035199873e-09,,acidic_region,SEG,2.7184987035199873e-09
,ribosomal protein,1.0,0.8113590263691683,0.3015876466031867,0.25,signature_sequence_count_lcr,2.7184987035199873e-09,,acidic_region,SEG,2.7184987035199873e-09
,snRNA,2.0,5.273833671399594,-1.3988520715379054,0.0769230769230769,signature_sequence_count_lcr,2.7184987035199873e-09,,acidic_region,SEG,2.7184987035199873e-09
,snoRNA,11.0,4.259634888438134,1.368701842461724,0.5238095238095238,signature_sequence_count_lcr,2.7184987035199873e-09,,acidic_region,SEG,2.7184987035199873e-09
,tRNA,2.0,1.2170385395537526,0.7166251458820306,0.3333333333333333,signature_sequence_count_lcr,2.7184987035199873e-09,,acidic_region,SEG,2.7184987035199873e-09
,unknown,27.0,18.864097363083165,0.5173163376586238,0.2903225806451613,signature_sequence_count_lcr,2.7184987035199873e-09,,acidic_region,SEG,2.7184987035199873e-09
,diverse,0.0,0.0608519269776876,,0.0,signature_sequence_count_lcr,2.7184987035199873e-09,,arginine_rich_rna_contact_region,SEG,2.7184987035199873e-09
,mRNA,11.0,8.732251521298174,0.3330779327310024,0.0383275261324041,signature_sequence_count_lcr,2.7184987035199873e-09,,arginine_rich_rna_contact_region,SEG,2.7184987035199873e-09
,ncRNA,1.0,1.0344827586206895,-0.0489096004809465,0.0294117647058823,signature_sequence_count_lcr,2.7184987035199873e-09,,arginine_rich_rna_contact_region,SEG,2.7184987035199873e-09
,pre-rRNA,0.0,0.6085192697768763,,0.0,signature_sequence_count_lcr,2.7184987035199873e-09,,arginine_rich_rna_contact_region,SEG,2.7184987035199873e-09
,ribosomal protein,0.0,0.1217038539553752,,0.0,signature_sequence_count_lcr,2.7184987035199873e-09,,arginine_rich_rna_contact_region,SEG,2.7184987035199873e-09
,snRNA,2.0,0.7910750507099391,1.338113522628301,0.0769230769230769,signature_sequence_count_lcr,2.7184987035199873e-09,,arginine_rich_rna_contact_region,SEG,2.7184987035199873e-09
,snoRNA,0.0,0.6389452332657201,,0.0,signature_sequence_count_lcr,2.7184987035199873e-09,,arginine_rich_rna_contact_region,SEG,2.7184987035199873e-09
,tRNA,0.0,0.1825557809330628,,0.0,signature_sequence_count_lcr,2.7184987035199873e-09,,arginine_rich_rna_contact_region,SEG,2.7184987035199873e-09
,unknown,1.0,2.8296146044624746,-1.5006055703386385,0.010752688172043,signature_sequence_count_lcr,2.7184987035199873e-09,,arginine_rich_rna_contact_region,SEG,2.7184987035199873e-09
,diverse,0.0,0.0040567951318458,,0.0,signature_sequence_count_lcr,2.7184987035199873e-09,,aromatic_aggregation_prone_region,SEG,2.7184987035199873e-09
,mRNA,1.0,0.5821501014198783,0.7805369097022237,0.0034843205574912,signature_sequence_count_lcr,2.7184987035199873e-09,,aromatic_aggregation_prone_region,SEG,2.7184987035199873e-09
,ncRNA,0.0,0.0689655172413793,,0.0,signature_sequence_count_lcr,2.7184987035199873e-09,,aromatic_aggregation_prone_region,SEG,2.7184987035199873e-09
,pre-rRNA,0.0,0.0405679513184584,,0.0,signature_sequence_count_lcr,2.7184987035199873e-09,,aromatic_aggregation_prone_region,SEG,2.7184987035199873e-09
,ribosomal protein,0.0,0.0081135902636916,,0.0,signature_sequence_count_lcr,2.7184987035199873e-09,,aromatic_aggregation_prone_region,SEG,2.7184987035199873e-09
,snRNA,0.0,0.0527383367139959,,0.0,signature_sequence_count_lcr,2.7184987035199873e-09,,aromatic_aggregation_prone_region,SEG,2.7184987035199873e-09
,snoRNA,0.0,0.0425963488843813,,0.0,signature_sequence_count_lcr,2.7184987035199873e-09,,aromatic_aggregation_prone_region,SEG,2.7184987035199873e-09
,tRNA,0.0,0.0121703853955375,,0.0,signature_sequence_count_lcr,2.7184987035199873e-09,,aromatic_aggregation_prone_region,SEG,2.7184987035199873e-09
,unknown,0.0,0.1886409736308316,,0.0,signature_sequence_count_lcr,2.7184987035199873e-09,,aromatic_aggregation_prone_region,SEG,2.7184987035199873e-09
,diverse,0.0,0.1054766734279918,,0.0,signature_sequence_count_lcr,2.7184987035199873e-09,,aromatic_sticker_region,SEG,2.7184987035199873e-09
,mRNA,18.0,15.135902636916835,0.2500221930034441,0.0627177700348432,signature_sequence_count_lcr,2.7184987035199873e-09,,aromatic_sticker_region,SEG,2.7184987035199873e-09
,ncRNA,2.0,1.793103448275862,0.15754127698648,0.0588235294117647,signature_sequence_count_lcr,2.7184987035199873e-09,,aromatic_sticker_region,SEG,2.7184987035199873e-09
,pre-rRNA,0.0,1.054766734279919,,0.0,signature_sequence_count_lcr,2.7184987035199873e-09,,aromatic_sticker_region,SEG,2.7184987035199873e-09
,ribosomal protein,0.0,0.2109533468559837,,0.0,signature_sequence_count_lcr,2.7184987035199873e-09,,aromatic_sticker_region,SEG,2.7184987035199873e-09
,snRNA,1.0,1.3711967545638946,-0.4554355999042728,0.0384615384615384,signature_sequence_count_lcr,2.7184987035199873e-09,,aromatic_sticker_region,SEG,2.7184987035199873e-09
,snoRNA,1.0,1.1075050709939147,-0.1473133045419407,0.0476190476190476,signature_sequence_count_lcr,2.7184987035199873e-09,,aromatic_sticker_region,SEG,2.7184987035199873e-09
,tRNA,1.0,0.3164300202839756,1.6600416175156631,0.1666666666666666,signature_sequence_count_lcr,2.7184987035199873e-09,,aromatic_sticker_region,SEG,2.7184987035199873e-09
,unknown,3.0,4.904665314401623,-0.7091921921500557,0.032258064516129,signature_sequence_count_lcr,2.7184987035199873e-09,,aromatic_sticker_region,SEG,2.7184987035199873e-09
,diverse,0.0,0.0689655172413793,,0.0,signature_sequence_count_lcr,2.7184987035199873e-09,,basic_enriched_region,SEG,2.7184987035199873e-09
,mRNA,7.0,9.89655172413793,-0.4995710094905114,0.024390243902439,signature_sequence_count_lcr,2.7184987035199873e-09,,basic_enriched_region,SEG,2.7184987035199873e-09
,ncRNA,1.0,1.1724137931034482,-0.2294818461227671,0.0294117647058823,signature_sequence_count_lcr,2.7184987035199873e-09,,basic_enriched_region,SEG,2.7184987035199873e-09
,pre-rRNA,1.0,0.6896551724137931,0.5360529002402097,0.05,signature_sequence_count_lcr,2.7184987035199873e-09,,basic_enriched_region,SEG,2.7184987035199873e-09
,ribosomal protein,0.0,0.1379310344827586,,0.0,signature_sequence_count_lcr,2.7184987035199873e-09,,basic_enriched_region,SEG,2.7184987035199873e-09
,snRNA,3.0,0.896551724137931,1.7425037777076362,0.1153846153846153,signature_sequence_count_lcr,2.7184987035199873e-09,,basic_enriched_region,SEG,2.7184987035199873e-09
,snoRNA,0.0,0.7241379310344828,,0.0,signature_sequence_count_lcr,2.7184987035199873e-09,,basic_enriched_region,SEG,2.7184987035199873e-09
,tRNA,1.0,0.2068965517241379,2.273018494406416,0.1666666666666666,signature_sequence_count_lcr,2.7184987035199873e-09,,basic_enriched_region,SEG,2.7184987035199873e-09
,unknown,4.0,3.206896551724138,0.3188221840195407,0.043010752688172,signature_sequence_count_lcr,2.7184987035199873e-09,,basic_enriched_region,SEG,2.7184987035199873e-09
,diverse,0.0,0.0162271805273833,,0.0,signature_sequence_count_lcr,2.7184987035199873e-09,,cation_pi_rich_neighborhood,SEG,2.7184987035199873e-09
,mRNA,2.0,2.3286004056795133,-0.2194630902977764,0.0069686411149825,signature_sequence_count_lcr,2.7184987035199873e-09,,cation_pi_rich_neighborhood,SEG,2.7184987035199873e-09
,ncRNA,0.0,0.2758620689655172,,0.0,signature_sequence_count_lcr,2.7184987035199873e-09,,cation_pi_rich_neighborhood,SEG,2.7184987035199873e-09
,pre-rRNA,0.0,0.1622718052738336,,0.0,signature_sequence_count_lcr,2.7184987035199873e-09,,cation_pi_rich_neighborhood,SEG,2.7184987035199873e-09
,ribosomal protein,0.0,0.0324543610547667,,0.0,signature_sequence_count_lcr,2.7184987035199873e-09,,cation_pi_rich_neighborhood,SEG,2.7184987035199873e-09
,snRNA,0.0,0.2109533468559837,,0.0,signature_sequence_count_lcr,2.7184987035199873e-09,,cation_pi_rich_neighborhood,SEG,2.7184987035199873e-09
,snoRNA,1.0,0.1703853955375253,2.553126413599151,0.0476190476190476,signature_sequence_count_lcr,2.7184987035199873e-09,,cation_pi_rich_neighborhood,SEG,2.7184987035199873e-09
,tRNA,1.0,0.0486815415821501,4.360481335656756,0.1666666666666666,signature_sequence_count_lcr,2.7184987035199873e-09,,cation_pi_rich_neighborhood,SEG,2.7184987035199873e-09
,unknown,0.0,0.7545638945233266,,0.0,signature_sequence_count_lcr,2.7184987035199873e-09,,cation_pi_rich_neighborhood,SEG,2.7184987035199873e-09
,diverse,2.0,0.665314401622718,1.5878918317598278,1.0,signature_sequence_count_lcr,2.7184987035199873e-09,,disorder_rich_spacer_region,SEG,2.7184987035199873e-09
,mRNA,103.0,95.47261663286004,0.1094854322673585,0.3588850174216028,signature_sequence_count_lcr,2.7184987035199873e-09,,disorder_rich_spacer_region,SEG,2.7184987035199873e-09
,ncRNA,14.0,11.310344827586206,0.3077839125670925,0.4117647058823529,signature_sequence_count_lcr,2.7184987035199873e-09,,disorder_rich_spacer_region,SEG,2.7184987035199873e-09
,pre-rRNA,0.0,6.653144016227181,,0.0,signature_sequence_count_lcr,2.7184987035199873e-09,,disorder_rich_spacer_region,SEG,2.7184987035199873e-09
,ribosomal protein,2.0,1.330628803245436,0.587891831759828,0.5,signature_sequence_count_lcr,2.7184987035199873e-09,,disorder_rich_spacer_region,SEG,2.7184987035199873e-09
,snRNA,5.0,8.649087221095336,-0.7906197914939023,0.1923076923076923,signature_sequence_count_lcr,2.7184987035199873e-09,,disorder_rich_spacer_region,SEG,2.7184987035199873e-09
,snoRNA,2.0,6.98580121703854,-1.8044255910189329,0.0952380952380952,signature_sequence_count_lcr,2.7184987035199873e-09,,disorder_rich_spacer_region,SEG,2.7184987035199873e-09
,tRNA,0.0,1.9959432048681545,,0.0,signature_sequence_count_lcr,2.7184987035199873e-09,,disorder_rich_spacer_region,SEG,2.7184987035199873e-09
,unknown,36.0,30.93711967545639,0.2186580220941087,0.3870967741935484,signature_sequence_count_lcr,2.7184987035199873e-09,,disorder_rich_spacer_region,SEG,2.7184987035199873e-09
,diverse,0.0,0.0040567951318458,,0.0,signature_sequence_count_lcr,2.7184987035199873e-09,,glutamine_rich_region,SEG,2.7184987035199873e-09
,mRNA,1.0,0.5821501014198783,0.7805369097022237,0.0034843205574912,signature_sequence_count_lcr,2.7184987035199873e-09,,glutamine_rich_region,SEG,2.7184987035199873e-09
,ncRNA,0.0,0.0689655172413793,,0.0,signature_sequence_count_lcr,2.7184987035199873e-09,,glutamine_rich_region,SEG,2.7184987035199873e-09
,pre-rRNA,0.0,0.0405679513184584,,0.0,signature_sequence_count_lcr,2.7184987035199873e-09,,glutamine_rich_region,SEG,2.7184987035199873e-09
,ribosomal protein,0.0,0.0081135902636916,,0.0,signature_sequence_count_lcr,2.7184987035199873e-09,,glutamine_rich_region,SEG,2.7184987035199873e-09
,snRNA,0.0,0.0527383367139959,,0.0,signature_sequence_count_lcr,2.7184987035199873e-09,,glutamine_rich_region,SEG,2.7184987035199873e-09
,snoRNA,0.0,0.0425963488843813,,0.0,signature_sequence_count_lcr,2.7184987035199873e-09,,glutamine_rich_region,SEG,2.7184987035199873e-09
,tRNA,0.0,0.0121703853955375,,0.0,signature_sequence_count_lcr,2.7184987035199873e-09,,glutamine_rich_region,SEG,2.7184987035199873e-09
,unknown,0.0,0.1886409736308316,,0.0,signature_sequence_count_lcr,2.7184987035199873e-09,,glutamine_rich_region,SEG,2.7184987035199873e-09
,diverse,0.0,0.1541582150101419,,0.0,signature_sequence_count_lcr,2.7184987035199873e-09,,gs_rich_neutral_region,SEG,2.7184987035199873e-09
,mRNA,24.0,22.12170385395537,0.1175718969797946,0.0836236933797909,signature_sequence_count_lcr,2.7184987035199873e-09,,gs_rich_neutral_region,SEG,2.7184987035199873e-09
,ncRNA,5.0,2.6206896551724137,0.9319815765713492,0.1470588235294117,signature_sequence_count_lcr,2.7184987035199873e-09,,gs_rich_neutral_region,SEG,2.7184987035199873e-09
,pre-rRNA,0.0,1.54158215010142,,0.0,signature_sequence_count_lcr,2.7184987035199873e-09,,gs_rich_neutral_region,SEG,2.7184987035199873e-09
,ribosomal protein,0.0,0.3083164300202839,,0.0,signature_sequence_count_lcr,2.7184987035199873e-09,,gs_rich_neutral_region,SEG,2.7184987035199873e-09
,snRNA,1.0,2.004056795131846,-1.0029233952067662,0.0384615384615384,signature_sequence_count_lcr,2.7184987035199873e-09,,gs_rich_neutral_region,SEG,2.7184987035199873e-09
,snoRNA,0.0,1.618661257606491,,0.0,signature_sequence_count_lcr,2.7184987035199873e-09,,gs_rich_neutral_region,SEG,2.7184987035199873e-09
,tRNA,0.0,0.4624746450304259,,0.0,signature_sequence_count_lcr,2.7184987035199873e-09,,gs_rich_neutral_region,SEG,2.7184987035199873e-09
,unknown,8.0,7.168356997971602,0.1583575118262947,0.086021505376344,signature_sequence_count_lcr,2.7184987035199873e-09,,gs_rich_neutral_region,SEG,2.7184987035199873e-09
,diverse,0.0,0.0121703853955375,,0.0,signature_sequence_count_lcr,2.7184987035199873e-09,,hydrophobic_region,SEG,2.7184987035199873e-09
,mRNA,1.0,1.7464503042596349,-0.8044255910189325,0.0034843205574912,signature_sequence_count_lcr,2.7184987035199873e-09,,hydrophobic_region,SEG,2.7184987035199873e-09
,ncRNA,0.0,0.2068965517241379,,0.0,signature_sequence_count_lcr,2.7184987035199873e-09,,hydrophobic_region,SEG,2.7184987035199873e-09
,pre-rRNA,0.0,0.1217038539553752,,0.0,signature_sequence_count_lcr,2.7184987035199873e-09,,hydrophobic_region,SEG,2.7184987035199873e-09
,ribosomal protein,0.0,0.024340770791075,,0.0,signature_sequence_count_lcr,2.7184987035199873e-09,,hydrophobic_region,SEG,2.7184987035199873e-09
,snRNA,0.0,0.1582150101419878,,0.0,signature_sequence_count_lcr,2.7184987035199873e-09,,hydrophobic_region,SEG,2.7184987035199873e-09
,snoRNA,0.0,0.127789046653144,,0.0,signature_sequence_count_lcr,2.7184987035199873e-09,,hydrophobic_region,SEG,2.7184987035199873e-09
,tRNA,0.0,0.0365111561866125,,0.0,signature_sequence_count_lcr,2.7184987035199873e-09,,hydrophobic_region,SEG,2.7184987035199873e-09
,unknown,2.0,0.565922920892495,1.821322524548724,0.021505376344086,signature_sequence_count_lcr,2.7184987035199873e-09,,hydrophobic_region,SEG,2.7184987035199873e-09
,diverse,0.0,0.0567951318458417,,0.0,signature_sequence_count_lcr,2.7184987035199873e-09,,polar_linker,SEG,2.7184987035199873e-09
,mRNA,9.0,8.150101419878297,0.143106989086932,0.0313588850174216,signature_sequence_count_lcr,2.7184987035199873e-09,,polar_linker,SEG,2.7184987035199873e-09
,ncRNA,0.0,0.9655172413793104,,0.0,signature_sequence_count_lcr,2.7184987035199873e-09,,polar_linker,SEG,2.7184987035199873e-09
,pre-rRNA,1.0,0.5679513184584178,0.816160819432945,0.05,signature_sequence_count_lcr,2.7184987035199873e-09,,polar_linker,SEG,2.7184987035199873e-09
,ribosomal protein,0.0,0.1135902636916835,,0.0,signature_sequence_count_lcr,2.7184987035199873e-09,,polar_linker,SEG,2.7184987035199873e-09
,snRNA,0.0,0.7383367139959433,,0.0,signature_sequence_count_lcr,2.7184987035199873e-09,,polar_linker,SEG,2.7184987035199873e-09
,snoRNA,0.0,0.5963488843813387,,0.0,signature_sequence_count_lcr,2.7184987035199873e-09,,polar_linker,SEG,2.7184987035199873e-09
,tRNA,0.0,0.1703853955375253,,0.0,signature_sequence_count_lcr,2.7184987035199873e-09,,polar_linker,SEG,2.7184987035199873e-09
,unknown,4.0,2.640973630831643,0.598930103212276,0.043010752688172,signature_sequence_count_lcr,2.7184987035199873e-09,,polar_linker,SEG,2.7184987035199873e-09
,diverse,0.0,0.0081135902636916,,0.0,signature_sequence_count_lcr,2.7184987035199873e-09,,proline_rich_disordered_region,SEG,2.7184987035199873e-09
,mRNA,0.0,1.1643002028397569,,0.0,signature_sequence_count_lcr,2.7184987035199873e-09,,proline_rich_disordered_region,SEG,2.7184987035199873e-09
,ncRNA,1.0,0.1379310344827586,2.8579809951275723,0.0294117647058823,signature_sequence_count_lcr,2.7184987035199873e-09,,proline_rich_disordered_region,SEG,2.7184987035199873e-09
,pre-rRNA,0.0,0.0811359026369168,,0.0,signature_sequence_count_lcr,2.7184987035199873e-09,,proline_rich_disordered_region,SEG,2.7184987035199873e-09
,ribosomal protein,0.0,0.0162271805273833,,0.0,signature_sequence_count_lcr,2.7184987035199873e-09,,proline_rich_disordered_region,SEG,2.7184987035199873e-09
,snRNA,1.0,0.1054766734279918,3.24500411823682,0.0384615384615384,signature_sequence_count_lcr,2.7184987035199873e-09,,proline_rich_disordered_region,SEG,2.7184987035199873e-09
,snoRNA,0.0,0.0851926977687626,,0.0,signature_sequence_count_lcr,2.7184987035199873e-09,,proline_rich_disordered_region,SEG,2.7184987035199873e-09
,tRNA,0.0,0.024340770791075,,0.0,signature_sequence_count_lcr,2.7184987035199873e-09,,proline_rich_disordered_region,SEG,2.7184987035199873e-09
,unknown,0.0,0.3772819472616633,,0.0,signature_sequence_count_lcr,2.7184987035199873e-09,,proline_rich_disordered_region,SEG,2.7184987035199873e-09
,diverse,0.0,0.178498985801217,,0.0,signature_sequence_count_lcr,2.7184987035199873e-09,,rg_rgg_repeat_region,SEG,2.7184987035199873e-09
,mRNA,27.0,25.614604462474645,0.0759927932283949,0.0940766550522648,signature_sequence_count_lcr,2.7184987035199873e-09,,rg_rgg_repeat_region,SEG,2.7184987035199873e-09
,ncRNA,0.0,3.034482758620689,,0.0,signature_sequence_count_lcr,2.7184987035199873e-09,,rg_rgg_repeat_region,SEG,2.7184987035199873e-09
,pre-rRNA,0.0,1.7849898580121704,,0.0,signature_sequence_count_lcr,2.7184987035199873e-09,,rg_rgg_repeat_region,SEG,2.7184987035199873e-09
,ribosomal protein,1.0,0.356997971602434,1.4860122177406143,0.25,signature_sequence_count_lcr,2.7184987035199873e-09,,rg_rgg_repeat_region,SEG,2.7184987035199873e-09
,snRNA,2.0,2.3204868154158214,-0.2144275004004777,0.0769230769230769,signature_sequence_count_lcr,2.7184987035199873e-09,,rg_rgg_repeat_region,SEG,2.7184987035199873e-09
,snoRNA,6.0,1.8742393509127788,1.67865729568301,0.2857142857142857,signature_sequence_count_lcr,2.7184987035199873e-09,,rg_rgg_repeat_region,SEG,2.7184987035199873e-09
,tRNA,1.0,0.5354969574036511,0.901049717019458,0.1666666666666666,signature_sequence_count_lcr,2.7184987035199873e-09,,rg_rgg_repeat_region,SEG,2.7184987035199873e-09
,unknown,7.0,8.300202839756592,-0.2457916713098129,0.075268817204301,signature_sequence_count_lcr,2.7184987035199873e-09,,rg_rgg_repeat_region,SEG,2.7184987035199873e-09
,diverse,0.0,0.0040567951318458,,0.0,signature_sequence_count_lcr,2.7184987035199873e-09,,serine_rich_region,SEG,2.7184987035199873e-09
,mRNA,1.0,0.5821501014198783,0.7805369097022237,0.0034843205574912,signature_sequence_count_lcr,2.7184987035199873e-09,,serine_rich_region,SEG,2.7184987035199873e-09
,ncRNA,0.0,0.0689655172413793,,0.0,signature_sequence_count_lcr,2.7184987035199873e-09,,serine_rich_region,SEG,2.7184987035199873e-09
,pre-rRNA,0.0,0.0405679513184584,,0.0,signature_sequence_count_lcr,2.7184987035199873e-09,,serine_rich_region,SEG,2.7184987035199873e-09
,ribosomal protein,0.0,0.0081135902636916,,0.0,signature_sequence_count_lcr,2.7184987035199873e-09,,serine_rich_region,SEG,2.7184987035199873e-09
,snRNA,0.0,0.0527383367139959,,0.0,signature_sequence_count_lcr,2.7184987035199873e-09,,serine_rich_region,SEG,2.7184987035199873e-09
,snoRNA,0.0,0.0425963488843813,,0.0,signature_sequence_count_lcr,2.7184987035199873e-09,,serine_rich_region,SEG,2.7184987035199873e-09
,tRNA,0.0,0.0121703853955375,,0.0,signature_sequence_count_lcr,2.7184987035199873e-09,,serine_rich_region,SEG,2.7184987035199873e-09
,unknown,0.0,0.1886409736308316,,0.0,signature_sequence_count_lcr,2.7184987035199873e-09,,serine_rich_region,SEG,2.7184987035199873e-09
,diverse,0.0,0.2312373225152129,,0.0,signature_sequence_count_lcr,2.7184987035199873e-09,,sr_rs_repeat_region,SEG,2.7184987035199873e-09
,mRNA,48.0,33.182555780933065,0.5326093962586382,0.1672473867595819,signature_sequence_count_lcr,2.7184987035199873e-09,,sr_rs_repeat_region,SEG,2.7184987035199873e-09
,ncRNA,0.0,3.931034482758621,,0.0,signature_sequence_count_lcr,2.7184987035199873e-09,,sr_rs_repeat_region,SEG,2.7184987035199873e-09
,pre-rRNA,0.0,2.31237322515213,,0.0,signature_sequence_count_lcr,2.7184987035199873e-09,,sr_rs_repeat_region,SEG,2.7184987035199873e-09
,ribosomal protein,0.0,0.4624746450304259,,0.0,signature_sequence_count_lcr,2.7184987035199873e-09,,sr_rs_repeat_region,SEG,2.7184987035199873e-09
,snRNA,9.0,3.006085192697769,1.58203910551439,0.3461538461538461,signature_sequence_count_lcr,2.7184987035199873e-09,,sr_rs_repeat_region,SEG,2.7184987035199873e-09
,snoRNA,0.0,2.4279918864097363,,0.0,signature_sequence_count_lcr,2.7184987035199873e-09,,sr_rs_repeat_region,SEG,2.7184987035199873e-09
,tRNA,0.0,0.6937119675456389,,0.0,signature_sequence_count_lcr,2.7184987035199873e-09,,sr_rs_repeat_region,SEG,2.7184987035199873e-09
,unknown,0.0,10.752535496957403,,0.0,signature_sequence_count_lcr,2.7184987035199873e-09,,sr_rs_repeat_region,SEG,2.7184987035199873e-09
,diverse,0.0,0.024340770791075,,0.0,signature_sequence_count_lcr,2.7184987035199873e-09,,unmapped_physicochemical_properties,SEG,2.7184987035199873e-09
,mRNA,5.0,3.4929006085192698,0.51750250386843,0.0174216027874564,signature_sequence_count_lcr,2.7184987035199873e-09,,unmapped_physicochemical_properties,SEG,2.7184987035199873e-09
,ncRNA,0.0,0.4137931034482758,,0.0,signature_sequence_count_lcr,2.7184987035199873e-09,,unmapped_physicochemical_properties,SEG,2.7184987035199873e-09
,pre-rRNA,0.0,0.2434077079107505,,0.0,signature_sequence_count_lcr,2.7184987035199873e-09,,unmapped_physicochemical_properties,SEG,2.7184987035199873e-09
,ribosomal protein,0.0,0.0486815415821501,,0.0,signature_sequence_count_lcr,2.7184987035199873e-09,,unmapped_physicochemical_properties,SEG,2.7184987035199873e-09
,snRNA,0.0,0.3164300202839756,,0.0,signature_sequence_count_lcr,2.7184987035199873e-09,,unmapped_physicochemical_properties,SEG,2.7184987035199873e-09
,snoRNA,0.0,0.255578093306288,,0.0,signature_sequence_count_lcr,2.7184987035199873e-09,,unmapped_physicochemical_properties,SEG,2.7184987035199873e-09
,tRNA,0.0,0.0730223123732251,,0.0,signature_sequence_count_lcr,2.7184987035199873e-09,,unmapped_physicochemical_properties,SEG,2.7184987035199873e-09
,unknown,1.0,1.13184584178499,-0.1786774754512761,0.010752688172043,signature_sequence_count_lcr,2.7184987035199873e-09,,unmapped_physicochemical_properties,SEG,2.7184987035199873e-09
,diverse,0.0,5.377582644628099,,0.0,signature_residue_count_lcr,0.0,,acidic_region,SEG,0.0
,mRNA,624.0,1268.7386363636365,-1.023776966454108,0.0912014030985092,signature_residue_count_lcr,0.0,,acidic_region,SEG,0.0
,ncRNA,246.0,150.57231404958677,0.7082017916056068,0.3029556650246305,signature_residue_count_lcr,0.0,,acidic_region,SEG,0.0
,pre-rRNA,371.0,78.62396694214875,2.2383781255091475,0.875,signature_residue_count_lcr,0.0,,acidic_region,SEG,0.0
,ribosomal protein,18.0,15.947314049586776,0.1746834501917576,0.2093023255813953,signature_residue_count_lcr,0.0,,acidic_region,SEG,0.0
,snRNA,36.0,110.14772727272728,-1.61337091590691,0.0606060606060606,signature_residue_count_lcr,0.0,,acidic_region,SEG,0.0
,snoRNA,226.0,104.58471074380164,1.1116508134679377,0.400709219858156,signature_residue_count_lcr,0.0,,acidic_region,SEG,0.0
,tRNA,56.0,35.78873966942149,0.6459210882410668,0.2901554404145077,signature_residue_count_lcr,0.0,,acidic_region,SEG,0.0
,unknown,577.0,384.2190082644628,0.5866424244104719,0.2784749034749035,signature_residue_count_lcr,0.0,,acidic_region,SEG,0.0
,diverse,0.0,0.8213670798898072,,0.0,signature_residue_count_lcr,0.0,,arginine_rich_rna_contact_region,SEG,0.0
,mRNA,258.0,193.78598484848484,0.4129068309158636,0.0377082724349605,signature_residue_count_lcr,0.0,,arginine_rich_rna_contact_region,SEG,0.0
,ncRNA,15.0,22.9982782369146,-0.6165633573161485,0.0184729064039408,signature_residue_count_lcr,0.0,,arginine_rich_rna_contact_region,SEG,0.0
,pre-rRNA,0.0,12.008953168044076,,0.0,signature_residue_count_lcr,0.0,,arginine_rich_rna_contact_region,SEG,0.0
,ribosomal protein,0.0,2.4357782369146004,,0.0,signature_residue_count_lcr,0.0,,arginine_rich_rna_contact_region,SEG,0.0
,snRNA,34.0,16.823863636363637,1.0150256847100827,0.0572390572390572,signature_residue_count_lcr,0.0,,arginine_rich_rna_contact_region,SEG,0.0
,snoRNA,0.0,15.974173553719009,,0.0,signature_residue_count_lcr,0.0,,arginine_rich_rna_contact_region,SEG,0.0
,tRNA,0.0,5.466339531680441,,0.0,signature_residue_count_lcr,0.0,,arginine_rich_rna_contact_region,SEG,0.0
,unknown,22.0,58.68526170798898,-1.4154947047887474,0.0106177606177606,signature_residue_count_lcr,0.0,,arginine_rich_rna_contact_region,SEG,0.0
,diverse,0.0,0.0424414600550964,,0.0,signature_residue_count_lcr,0.0,,aromatic_aggregation_prone_region,SEG,0.0
,mRNA,17.0,10.013257575757576,0.7636233492278508,0.0024846536100555,signature_residue_count_lcr,0.0,,aromatic_aggregation_prone_region,SEG,0.0
,ncRNA,0.0,1.1883608815426998,,0.0,signature_residue_count_lcr,0.0,,aromatic_aggregation_prone_region,SEG,0.0
,pre-rRNA,0.0,0.6205234159779615,,0.0,signature_residue_count_lcr,0.0,,aromatic_aggregation_prone_region,SEG,0.0
,ribosomal protein,0.0,0.1258608815426997,,0.0,signature_residue_count_lcr,0.0,,aromatic_aggregation_prone_region,SEG,0.0
,snRNA,0.0,0.8693181818181818,,0.0,signature_residue_count_lcr,0.0,,aromatic_aggregation_prone_region,SEG,0.0
,snoRNA,0.0,0.8254132231404959,,0.0,signature_residue_count_lcr,0.0,,aromatic_aggregation_prone_region,SEG,0.0
,tRNA,0.0,0.2824552341597796,,0.0,signature_residue_count_lcr,0.0,,aromatic_aggregation_prone_region,SEG,0.0
,unknown,0.0,3.0323691460055096,,0.0,signature_residue_count_lcr,0.0,,aromatic_aggregation_prone_region,SEG,0.0
,diverse,0.0,1.602789256198347,,0.0,signature_residue_count_lcr,0.0,,aromatic_sticker_region,SEG,0.0
,mRNA,463.0,378.14772727272725,0.2920622453657841,0.0676702718503361,signature_residue_count_lcr,0.0,,aromatic_sticker_region,SEG,0.0
,ncRNA,41.0,44.87809917355372,-0.130387661693645,0.0504926108374384,signature_residue_count_lcr,0.0,,aromatic_sticker_region,SEG,0.0
,pre-rRNA,0.0,23.43388429752066,,0.0,signature_residue_count_lcr,0.0,,aromatic_sticker_region,SEG,0.0
,ribosomal protein,0.0,4.753099173553719,,0.0,signature_residue_count_lcr,0.0,,aromatic_sticker_region,SEG,0.0
,snRNA,18.0,32.82954545454545,-0.8669978684850057,0.0303030303030303,signature_residue_count_lcr,0.0,,aromatic_sticker_region,SEG,0.0
,snoRNA,24.0,31.171487603305785,-0.3771926008041898,0.0425531914893617,signature_residue_count_lcr,0.0,,aromatic_sticker_region,SEG,0.0
,tRNA,31.0,10.666838842975206,1.5391355239922424,0.160621761658031,signature_residue_count_lcr,0.0,,aromatic_sticker_region,SEG,0.0
,unknown,65.0,114.51652892561984,-0.817044223784652,0.0313706563706563,signature_residue_count_lcr,0.0,,aromatic_sticker_region,SEG,0.0
,diverse,0.0,0.9262224517906336,,0.0,signature_residue_count_lcr,0.0,,basic_enriched_region,SEG,0.0
,mRNA,149.0,218.5246212121212,-0.5524835069307908,0.0217772581116632,signature_residue_count_lcr,0.0,,basic_enriched_region,SEG,0.0
,ncRNA,14.0,25.93422865013774,-0.8894306337526245,0.0172413793103448,signature_residue_count_lcr,0.0,,basic_enriched_region,SEG,0.0
,pre-rRNA,31.0,13.542011019283748,1.1948262171986233,0.0731132075471698,signature_residue_count_lcr,0.0,,basic_enriched_region,SEG,0.0
,ribosomal protein,0.0,2.746728650137741,,0.0,signature_residue_count_lcr,0.0,,basic_enriched_region,SEG,0.0
,snRNA,70.0,18.97159090909091,1.883514257519148,0.1178451178451178,signature_residue_count_lcr,0.0,,basic_enriched_region,SEG,0.0
,snoRNA,0.0,18.013429752066116,,0.0,signature_residue_count_lcr,0.0,,basic_enriched_region,SEG,0.0
,tRNA,26.0,6.164170110192837,2.0765330422479598,0.1347150259067357,signature_residue_count_lcr,0.0,,basic_enriched_region,SEG,0.0
,unknown,81.0,66.17699724517907,0.291592076573018,0.039092664092664,signature_residue_count_lcr,0.0,,basic_enriched_region,SEG,0.0
,diverse,0.0,0.4019455922865014,,0.0,signature_residue_count_lcr,0.0,,cation_pi_rich_neighborhood,SEG,0.0
,mRNA,62.0,94.8314393939394,-0.6130972184998909,0.0090616778719672,signature_residue_count_lcr,0.0,,cation_pi_rich_neighborhood,SEG,0.0
,ncRNA,0.0,11.254476584022038,,0.0,signature_residue_count_lcr,0.0,,cation_pi_rich_neighborhood,SEG,0.0
,pre-rRNA,0.0,5.876721763085399,,0.0,signature_residue_count_lcr,0.0,,cation_pi_rich_neighborhood,SEG,0.0
,ribosomal protein,0.0,1.1919765840220389,,0.0,signature_residue_count_lcr,0.0,,cation_pi_rich_neighborhood,SEG,0.0
,snRNA,0.0,8.232954545454545,,0.0,signature_residue_count_lcr,0.0,,cation_pi_rich_neighborhood,SEG,0.0
,snoRNA,43.0,7.817148760330578,2.459622262184438,0.076241134751773,signature_residue_count_lcr,0.0,,cation_pi_rich_neighborhood,SEG,0.0
,tRNA,56.0,2.675017217630854,4.387806744670657,0.2901554404145077,signature_residue_count_lcr,0.0,,cation_pi_rich_neighborhood,SEG,0.0
,unknown,0.0,28.71831955922865,,0.0,signature_residue_count_lcr,0.0,,cation_pi_rich_neighborhood,SEG,0.0
,diverse,29.0,9.149879476584022,1.6642282549745764,1.0,signature_residue_count_lcr,0.0,,disorder_rich_spacer_region,SEG,0.0
,mRNA,2299.0,2158.7405303030305,0.0908166169248564,0.3360128617363344,signature_residue_count_lcr,0.0,,disorder_rich_spacer_region,SEG,0.0
,ncRNA,365.0,256.19662534435264,0.5106449915567797,0.4495073891625615,signature_residue_count_lcr,0.0,,disorder_rich_spacer_region,SEG,0.0
,pre-rRNA,0.0,133.7775482093664,,0.0,signature_residue_count_lcr,0.0,,disorder_rich_spacer_region,SEG,0.0
,ribosomal protein,44.0,27.13412534435262,0.6973951189097757,0.5116279069767442,signature_residue_count_lcr,0.0,,disorder_rich_spacer_region,SEG,0.0
,snRNA,91.0,187.41477272727272,-1.042296225627493,0.1531986531986532,signature_residue_count_lcr,0.0,,disorder_rich_spacer_region,SEG,0.0
,snoRNA,47.0,177.94938016528926,-1.92073424574658,0.0833333333333333,signature_residue_count_lcr,0.0,,disorder_rich_spacer_region,SEG,0.0
,tRNA,0.0,60.89402548209367,,0.0,signature_residue_count_lcr,0.0,,disorder_rich_spacer_region,SEG,0.0
,unknown,790.0,653.7431129476583,0.2731288103524879,0.3812741312741313,signature_residue_count_lcr,0.0,,disorder_rich_spacer_region,SEG,0.0
,diverse,0.0,0.0549242424242424,,0.0,signature_residue_count_lcr,0.0,,glutamine_rich_region,SEG,0.0
,mRNA,22.0,12.958333333333334,0.7636233492278508,0.0032154340836012,signature_residue_count_lcr,0.0,,glutamine_rich_region,SEG,0.0
,ncRNA,0.0,1.5378787878787878,,0.0,signature_residue_count_lcr,0.0,,glutamine_rich_region,SEG,0.0
,pre-rRNA,0.0,0.803030303030303,,0.0,signature_residue_count_lcr,0.0,,glutamine_rich_region,SEG,0.0
,ribosomal protein,0.0,0.1628787878787878,,0.0,signature_residue_count_lcr,0.0,,glutamine_rich_region,SEG,0.0
,snRNA,0.0,1.125,,0.0,signature_residue_count_lcr,0.0,,glutamine_rich_region,SEG,0.0
,snoRNA,0.0,1.068181818181818,,0.0,signature_residue_count_lcr,0.0,,glutamine_rich_region,SEG,0.0
,tRNA,0.0,0.365530303030303,,0.0,signature_residue_count_lcr,0.0,,glutamine_rich_region,SEG,0.0
,unknown,0.0,3.924242424242424,,0.0,signature_residue_count_lcr,0.0,,glutamine_rich_region,SEG,0.0
,diverse,0.0,1.912362258953168,,0.0,signature_residue_count_lcr,0.0,,gs_rich_neutral_region,SEG,0.0
,mRNA,457.0,451.18560606060606,0.0184731223609633,0.0667933352820812,signature_residue_count_lcr,0.0,,gs_rich_neutral_region,SEG,0.0
,ncRNA,114.0,53.54614325068871,1.090179253050359,0.1403940886699507,signature_residue_count_lcr,0.0,,gs_rich_neutral_region,SEG,0.0
,pre-rRNA,0.0,27.96005509641873,,0.0,signature_residue_count_lcr,0.0,,gs_rich_neutral_region,SEG,0.0
,ribosomal protein,0.0,5.671143250688705,,0.0,signature_residue_count_lcr,0.0,,gs_rich_neutral_region,SEG,0.0
,snRNA,15.0,39.17045454545455,-1.3848033691214536,0.0252525252525252,signature_residue_count_lcr,0.0,,gs_rich_neutral_region,SEG,0.0
,snoRNA,0.0,37.19214876033058,,0.0,signature_residue_count_lcr,0.0,,gs_rich_neutral_region,SEG,0.0
,tRNA,0.0,12.727100550964188,,0.0,signature_residue_count_lcr,0.0,,gs_rich_neutral_region,SEG,0.0
,unknown,180.0,136.63498622589532,0.3976699647139145,0.0868725868725868,signature_residue_count_lcr,0.0,,gs_rich_neutral_region,SEG,0.0
,diverse,0.0,0.137310606060606,,0.0,signature_residue_count_lcr,0.0,,hydrophobic_region,SEG,0.0
,mRNA,19.0,32.395833333333336,-0.7698088508532234,0.0027769657994738,signature_residue_count_lcr,0.0,,hydrophobic_region,SEG,0.0
,ncRNA,0.0,3.8446969696969697,,0.0,signature_residue_count_lcr,0.0,,hydrophobic_region,SEG,0.0
,pre-rRNA,0.0,2.007575757575758,,0.0,signature_residue_count_lcr,0.0,,hydrophobic_region,SEG,0.0
,ribosomal protein,0.0,0.4071969696969697,,0.0,signature_residue_count_lcr,0.0,,hydrophobic_region,SEG,0.0
,snRNA,0.0,2.8125,,0.0,signature_residue_count_lcr,0.0,,hydrophobic_region,SEG,0.0
,snoRNA,0.0,2.6704545454545454,,0.0,signature_residue_count_lcr,0.0,,hydrophobic_region,SEG,0.0
,tRNA,0.0,0.9138257575757576,,0.0,signature_residue_count_lcr,0.0,,hydrophobic_region,SEG,0.0
,unknown,36.0,9.81060606060606,1.8755827382268493,0.0173745173745173,signature_residue_count_lcr,0.0,,hydrophobic_region,SEG,0.0
,diverse,0.0,0.931215564738292,,0.0,signature_residue_count_lcr,0.0,,polar_linker,SEG,0.0
,mRNA,206.0,219.7026515151515,-0.0929079438441684,0.0301081555100847,signature_residue_count_lcr,0.0,,polar_linker,SEG,0.0
,ncRNA,0.0,26.07403581267217,,0.0,signature_residue_count_lcr,0.0,,polar_linker,SEG,0.0
,pre-rRNA,22.0,13.615013774104684,0.6923050818146109,0.0518867924528301,signature_residue_count_lcr,0.0,,polar_linker,SEG,0.0
,ribosomal protein,0.0,2.7615358126721765,,0.0,signature_residue_count_lcr,0.0,,polar_linker,SEG,0.0
,snRNA,0.0,19.07386363636364,,0.0,signature_residue_count_lcr,0.0,,polar_linker,SEG,0.0
,snoRNA,0.0,18.11053719008265,,0.0,signature_residue_count_lcr,0.0,,polar_linker,SEG,0.0
,tRNA,0.0,6.197400137741047,,0.0,signature_residue_count_lcr,0.0,,polar_linker,SEG,0.0
,unknown,145.0,66.53374655647383,1.1238947200688936,0.0699806949806949,signature_residue_count_lcr,0.0,,polar_linker,SEG,0.0
,diverse,0.0,0.0973657024793388,,0.0,signature_residue_count_lcr,0.0,,proline_rich_disordered_region,SEG,0.0
,mRNA,0.0,22.97159090909091,,0.0,signature_residue_count_lcr,0.0,,proline_rich_disordered_region,SEG,0.0
,ncRNA,17.0,2.726239669421488,2.640550443198665,0.020935960591133,signature_residue_count_lcr,0.0,,proline_rich_disordered_region,SEG,0.0
,pre-rRNA,0.0,1.4235537190082646,,0.0,signature_residue_count_lcr,0.0,,proline_rich_disordered_region,SEG,0.0
,ribosomal protein,0.0,0.2887396694214876,,0.0,signature_residue_count_lcr,0.0,,proline_rich_disordered_region,SEG,0.0
,snRNA,22.0,1.9943181818181817,3.4635360169700338,0.037037037037037,signature_residue_count_lcr,0.0,,proline_rich_disordered_region,SEG,0.0
,snoRNA,0.0,1.8935950413223144,,0.0,signature_residue_count_lcr,0.0,,proline_rich_disordered_region,SEG,0.0
,tRNA,0.0,0.6479855371900827,,0.0,signature_residue_count_lcr,0.0,,proline_rich_disordered_region,SEG,0.0
,unknown,0.0,6.956611570247934,,0.0,signature_residue_count_lcr,0.0,,proline_rich_disordered_region,SEG,0.0
,diverse,0.0,2.716253443526171,,0.0,signature_residue_count_lcr,0.0,,rg_rgg_repeat_region,SEG,0.0
,mRNA,577.0,640.8484848484849,-0.151411983377006,0.0843320666471791,signature_residue_count_lcr,0.0,,rg_rgg_repeat_region,SEG,0.0
,ncRNA,0.0,76.05509641873279,,0.0,signature_residue_count_lcr,0.0,,rg_rgg_repeat_region,SEG,0.0
,pre-rRNA,0.0,39.71349862258953,,0.0,signature_residue_count_lcr,0.0,,rg_rgg_repeat_region,SEG,0.0
,ribosomal protein,24.0,8.055096418732782,1.5750606427644696,0.2790697674418604,signature_residue_count_lcr,0.0,,rg_rgg_repeat_region,SEG,0.0
,snRNA,80.0,55.63636363636363,0.5239718708320078,0.1346801346801346,signature_residue_count_lcr,0.0,,rg_rgg_repeat_region,SEG,0.0
,snoRNA,224.0,52.82644628099174,2.0841664664042217,0.3971631205673759,signature_residue_count_lcr,0.0,,rg_rgg_repeat_region,SEG,0.0
,tRNA,24.0,18.077134986225897,0.408868360198487,0.1243523316062176,signature_residue_count_lcr,0.0,,rg_rgg_repeat_region,SEG,0.0
,unknown,159.0,194.0716253443526,-0.2875624356567871,0.0767374517374517,signature_residue_count_lcr,0.0,,rg_rgg_repeat_region,SEG,0.0
,diverse,0.0,0.0524276859504132,,0.0,signature_residue_count_lcr,0.0,,serine_rich_region,SEG,0.0
,mRNA,21.0,12.369318181818182,0.7636233492278508,0.0030692779888921,signature_residue_count_lcr,0.0,,serine_rich_region,SEG,0.0
,ncRNA,0.0,1.4679752066115703,,0.0,signature_residue_count_lcr,0.0,,serine_rich_region,SEG,0.0
,pre-rRNA,0.0,0.7665289256198347,,0.0,signature_residue_count_lcr,0.0,,serine_rich_region,SEG,0.0
,ribosomal protein,0.0,0.1554752066115702,,0.0,signature_residue_count_lcr,0.0,,serine_rich_region,SEG,0.0
,snRNA,0.0,1.0738636363636365,,0.0,signature_residue_count_lcr,0.0,,serine_rich_region,SEG,0.0
,snoRNA,0.0,1.0196280991735538,,0.0,signature_residue_count_lcr,0.0,,serine_rich_region,SEG,0.0
,tRNA,0.0,0.3489152892561983,,0.0,signature_residue_count_lcr,0.0,,serine_rich_region,SEG,0.0
,unknown,0.0,3.7458677685950414,,0.0,signature_residue_count_lcr,0.0,,serine_rich_region,SEG,0.0
,diverse,0.0,4.319042699724518,,0.0,signature_residue_count_lcr,0.0,,sr_rs_repeat_region,SEG,0.0
,mRNA,1502.0,1018.996212121212,0.5597361242180355,0.2195264542531423,signature_residue_count_lcr,0.0,,sr_rs_repeat_region,SEG,0.0
,ncRNA,0.0,120.9331955922865,,0.0,signature_residue_count_lcr,0.0,,sr_rs_repeat_region,SEG,0.0
,pre-rRNA,0.0,63.1473829201102,,0.0,signature_residue_count_lcr,0.0,,sr_rs_repeat_region,SEG,0.0
,ribosomal protein,0.0,12.808195592286502,,0.0,signature_residue_count_lcr,0.0,,sr_rs_repeat_region,SEG,0.0
,snRNA,228.0,88.4659090909091,1.3658403088356394,0.3838383838383838,signature_residue_count_lcr,0.0,,sr_rs_repeat_region,SEG,0.0
,snoRNA,0.0,83.99793388429752,,0.0,signature_residue_count_lcr,0.0,,sr_rs_repeat_region,SEG,0.0
,tRNA,0.0,28.743973829201103,,0.0,signature_residue_count_lcr,0.0,,sr_rs_repeat_region,SEG,0.0
,unknown,0.0,308.58815426997245,,0.0,signature_residue_count_lcr,0.0,,sr_rs_repeat_region,SEG,0.0
,diverse,0.0,0.4568698347107438,,0.0,signature_residue_count_lcr,0.0,,unmapped_physicochemical_properties,SEG,0.0
,mRNA,166.0,107.78977272727272,0.622962942290733,0.0242619117217187,signature_residue_count_lcr,0.0,,unmapped_physicochemical_properties,SEG,0.0
,ncRNA,0.0,12.792355371900827,,0.0,signature_residue_count_lcr,0.0,,unmapped_physicochemical_properties,SEG,0.0
,pre-rRNA,0.0,6.679752066115703,,0.0,signature_residue_count_lcr,0.0,,unmapped_physicochemical_properties,SEG,0.0
,ribosomal protein,0.0,1.3548553719008265,,0.0,signature_residue_count_lcr,0.0,,unmapped_physicochemical_properties,SEG,0.0
,snRNA,0.0,9.357954545454543,,0.0,signature_residue_count_lcr,0.0,,unmapped_physicochemical_properties,SEG,0.0
,snoRNA,0.0,8.885330578512397,,0.0,signature_residue_count_lcr,0.0,,unmapped_physicochemical_properties,SEG,0.0
,tRNA,0.0,3.040547520661157,,0.0,signature_residue_count_lcr,0.0,,unmapped_physicochemical_properties,SEG,0.0
,unknown,17.0,32.64256198347108,-0.9412195467245064,0.0082046332046332,signature_residue_count_lcr,0.0,,unmapped_physicochemical_properties,SEG,0.0
