uniprot_accession,rna_class,uniprot_length,n_lcr,lcr_residues,coverage,n_lcr_category,method
A0A024R214,mRNA,626.0,13,357,0.5702875399361023,3+,AlcoR
A0A024RCN4,unknown,479.0,2,31,0.0647181628392484,2,AlcoR
A0A087WUV0,unknown,522.0,6,93,0.1781609195402299,3+,AlcoR
A0A087WXN2,mRNA,151.0,1,44,0.2913907284768212,1,AlcoR
A0A087WZ13,unknown,739.0,3,457,0.618403247631935,3+,AlcoR
A0A087X0J2,diverse,248.0,1,248,1.0,1,AlcoR
A0A0A0MQW0,mRNA,576.0,1,366,0.6354166666666666,1,AlcoR
A0A0A0MQZ6,pre-rRNA,189.0,1,189,1.0,1,AlcoR
A0A0A0MRM9,snoRNA,708.0,4,70,0.0988700564971751,3+,AlcoR
A0A0A0MRZ1,unknown,733.0,2,24,0.0327421555252387,2,AlcoR
A0A0A0MSN9,mRNA,333.0,3,120,0.3603603603603603,3+,AlcoR
A0A0A0MSS9,mRNA,486.0,1,22,0.0452674897119341,1,AlcoR
A0A0A0MSV7,mRNA,84.0,1,73,0.8690476190476191,1,AlcoR
A0A0B4J254,snRNA,67.0,1,67,1.0,1,AlcoR
A0A0C4DG89,snRNA,1032.0,2,132,0.127906976744186,2,AlcoR
A0A0C4DGG8,mRNA,1043.0,7,525,0.5033557046979866,3+,AlcoR
A0A0D9SF53,unknown,733.0,5,663,0.9045020463847204,3+,AlcoR
A0A0D9SFM0,unknown,1687.0,5,1375,0.8150563129816242,3+,AlcoR
A0A0G2JKY3,tRNA,1061.0,1,1061,1.0,1,AlcoR
A0A140T8Y2,pre-rRNA,407.0,1,19,0.0466830466830466,1,AlcoR
A0A140TA76,mRNA,344.0,1,300,0.872093023255814,1,AlcoR
A0A1W2PPH5,unknown,198.0,1,198,1.0,1,AlcoR
A0A286YFD1,unknown,2093.0,5,1948,0.9307214524605828,3+,AlcoR
A0A2R8Y4L2,mRNA,320.0,1,317,0.990625,1,AlcoR
A0A2R8Y6W8,unknown,807.0,1,133,0.1648079306071871,1,AlcoR
A0A2U3TZN1,mRNA,101.0,2,28,0.2772277227722772,2,AlcoR
A0A384DVK4,unknown,778.0,2,252,0.3239074550128534,2,AlcoR
A0A494C0I1,unknown,1111.0,2,327,0.2943294329432943,2,AlcoR
A0A494C1N8,unknown,1116.0,9,786,0.7043010752688172,3+,AlcoR
A0A499FI31,snRNA,981.0,1,323,0.3292558613659531,1,AlcoR
A0A499FIA3,unknown,238.0,1,25,0.1050420168067226,1,AlcoR
A0A590UJW6,unknown,1086.0,6,602,0.5543278084714549,3+,AlcoR
A0A5F9ZHS7,unknown,289.0,1,289,1.0,1,AlcoR
A0A5H1ZRQ2,mRNA,731.0,3,108,0.1477428180574555,3+,AlcoR
A0A5K1VW79,mRNA,999.0,2,369,0.3693693693693693,2,AlcoR
A0A7I2V5M7,unknown,476.0,1,476,1.0,1,AlcoR
A0A7I2XXS4,tRNA,543.0,2,75,0.1381215469613259,2,AlcoR
A0A7N4I394,snRNA,994.0,3,681,0.6851106639839034,3+,AlcoR
A0A804HKV4,mRNA,723.0,2,713,0.9861687413554634,2,AlcoR
A0A8I5KSH6,unknown,925.0,3,84,0.0908108108108108,3+,AlcoR
A0A8I5KVU2,mRNA,1735.0,3,759,0.4374639769452449,3+,AlcoR
A0A8I5KX04,mRNA,1686.0,1,20,0.0118623962040332,1,AlcoR
A0A8Q3WL03,unknown,351.0,2,321,0.9145299145299144,2,AlcoR
A0A8V8TR54,unknown,2114.0,5,690,0.3263954588457899,3+,AlcoR
A0A994J6B2,unknown,331.0,3,315,0.9516616314199396,3+,AlcoR
A0A994J7T5,mRNA,750.0,4,739,0.9853333333333332,3+,AlcoR
A0AA34QW03,mRNA,678.0,3,611,0.9011799410029498,3+,AlcoR
A0ABB0MN55,mRNA,322.0,1,322,1.0,1,AlcoR
A0ABB0MV08,mRNA,369.0,2,199,0.5392953929539296,2,AlcoR
A0ABB0MVJ3,unknown,604.0,4,288,0.4768211920529801,3+,AlcoR
A0ACI8P9Y7,unknown,1707.0,2,549,0.3216168717047452,2,AlcoR
A0ACI8PHD2,unknown,261.0,1,261,1.0,1,AlcoR
A0ACI8PIT5,unknown,456.0,1,122,0.2675438596491228,1,AlcoR
A0ACI8PJP7,mRNA,596.0,8,497,0.8338926174496645,3+,AlcoR
A0ACI8PR05,unknown,399.0,3,358,0.8972431077694235,3+,AlcoR
A0ACI8PT71,unknown,1306.0,4,1281,0.9808575803981624,3+,AlcoR
A0ACI8PUZ8,unknown,1375.0,9,1272,0.9250909090909092,3+,AlcoR
A0ACI8PVP6,unknown,744.0,1,7,0.0094086021505376,1,AlcoR
A0ACI8PX57,unknown,378.0,2,367,0.9708994708994708,2,AlcoR
A0ACI8Q010,unknown,418.0,3,397,0.9497607655502392,3+,AlcoR
A0ACI8Q0P4,unknown,829.0,2,823,0.9927623642943304,2,AlcoR
A0ACI8QA17,unknown,371.0,2,370,0.9973045822102424,2,AlcoR
A0ACI8QBP4,unknown,358.0,1,358,1.0,1,AlcoR
A0ACI8QGH0,unknown,324.0,2,317,0.9783950617283952,2,AlcoR
A0ACI8QH16,tRNA,558.0,4,522,0.935483870967742,3+,AlcoR
A0ACI8QHW6,unknown,749.0,2,389,0.5193591455273698,2,AlcoR
A0ACI8QLY8,unknown,321.0,2,302,0.940809968847352,2,AlcoR
A0ACI8QNN6,unknown,701.0,3,45,0.0641940085592011,3+,AlcoR
A0ACI8QTQ5,diverse,1388.0,6,101,0.0727665706051873,3+,AlcoR
A0ACI8QU73,unknown,864.0,3,832,0.9629629629629628,3+,AlcoR
A0ACI8QUJ1,unknown,752.0,4,682,0.9069148936170212,3+,AlcoR
A0ACI8QV99,unknown,461.0,5,93,0.2017353579175705,3+,AlcoR
A0ACI8QY88,mRNA,715.0,1,649,0.9076923076923076,1,AlcoR
A0ACI8R3H8,unknown,616.0,3,579,0.939935064935065,3+,AlcoR
A0ACI8R7A3,unknown,356.0,1,349,0.9803370786516854,1,AlcoR
A0ACI8R7Y8,unknown,131.0,1,131,1.0,1,AlcoR
A0ACI8RCQ9,unknown,534.0,8,154,0.2883895131086142,3+,AlcoR
A0ACI8RHW9,unknown,182.0,2,23,0.1263736263736263,2,AlcoR
A0ACI8RI26,unknown,764.0,5,254,0.3324607329842932,3+,AlcoR
A0ACI8RL22,unknown,1967.0,5,1364,0.6934417895271988,3+,AlcoR
A0ACI8RLL6,unknown,729.0,3,671,0.9204389574759944,3+,AlcoR
A0ACI8RMB5,unknown,1003.0,3,200,0.1994017946161515,3+,AlcoR
A0ACI8RR28,unknown,918.0,5,801,0.8725490196078431,3+,AlcoR
A0ACI8RSP0,ribosomal protein,320.0,1,320,1.0,1,AlcoR
A0ACI8RTZ8,unknown,489.0,1,14,0.0286298568507157,1,AlcoR
A0ACI8RWF6,unknown,608.0,2,576,0.9473684210526316,2,AlcoR
A0ACI8RX58,unknown,750.0,14,344,0.4586666666666666,3+,AlcoR
A0ACI8S0C5,unknown,927.0,3,557,0.6008629989212514,3+,AlcoR
A0ACI8S113,unknown,1253.0,2,441,0.3519553072625698,2,AlcoR
A0ACI8S180,ribosomal protein,136.0,1,136,1.0,1,AlcoR
A0ACI8S5H4,unknown,1122.0,12,683,0.6087344028520499,3+,AlcoR
A0ACI8S5T8,unknown,488.0,2,346,0.7090163934426229,2,AlcoR
A0ACI8SAU3,unknown,2066.0,20,1286,0.6224588576960309,3+,AlcoR
A0ACI8SBH9,unknown,480.0,1,17,0.0354166666666666,1,AlcoR
A0ACI8SEY7,unknown,629.0,1,629,1.0,1,AlcoR
A0ACI8SPJ0,snRNA,2147.0,4,994,0.4629715882626921,3+,AlcoR
A0ACI8SQV4,unknown,211.0,1,211,1.0,1,AlcoR
A0ACI8SRT4,ribosomal protein,223.0,1,19,0.085201793721973,1,AlcoR
A0ACI8SSD0,unknown,670.0,1,343,0.5119402985074627,1,AlcoR
A0ACI8SXP5,unknown,451.0,2,265,0.5875831485587583,2,AlcoR
A0ACI8SYT5,unknown,674.0,2,621,0.9213649851632048,2,AlcoR
A0ACI8SZ27,unknown,721.0,1,87,0.1206657420249653,1,AlcoR
A0ACI8T7F0,tRNA,1068.0,5,100,0.0936329588014981,3+,AlcoR
A0ACI8T9E2,unknown,234.0,5,177,0.7564102564102564,3+,AlcoR
A0ACI8TCF1,unknown,435.0,5,110,0.2528735632183908,3+,AlcoR
A0ACI8TEP7,unknown,818.0,4,804,0.982885085574572,3+,AlcoR
A0ACI8TFG6,tRNA,1552.0,4,438,0.2822164948453608,3+,AlcoR
A0ACI8TH72,unknown,1111.0,6,1079,0.9711971197119712,3+,AlcoR
A0ACI8TIT4,unknown,488.0,1,488,1.0,1,AlcoR
A0ACI8TJ61,unknown,193.0,1,193,1.0,1,AlcoR
A0ACI8TJP2,unknown,2207.0,6,1455,0.6592659719075669,3+,AlcoR
A0ACI8TLG3,tRNA,1044.0,2,508,0.4865900383141762,2,AlcoR
A0ACI8TLM1,unknown,106.0,1,106,1.0,1,AlcoR
A0ACI8TML7,unknown,1201.0,7,1106,0.9208992506244796,3+,AlcoR
A0ACI8TMU3,unknown,1055.0,3,202,0.1914691943127962,3+,AlcoR
A0ACI8TN08,unknown,998.0,4,976,0.9779559118236472,3+,AlcoR
A0ACI8TNP0,unknown,654.0,4,628,0.9602446483180428,3+,AlcoR
A0ACI8TNW3,unknown,757.0,9,194,0.2562747688243065,3+,AlcoR
A0ACI8TQP9,unknown,2591.0,1,32,0.0123504438440756,1,AlcoR
A0ACI8TQS2,unknown,3008.0,5,828,0.2752659574468085,3+,AlcoR
A0ACI8TS18,unknown,1048.0,8,503,0.4799618320610687,3+,AlcoR
A0ACI8TS68,mRNA,376.0,3,52,0.1382978723404255,3+,AlcoR
A0ACI8TSY6,unknown,1461.0,1,539,0.3689253935660506,1,AlcoR
A0ACI8TTG6,tRNA,937.0,3,899,0.959445037353255,3+,AlcoR
A0ACI8TUA9,unknown,638.0,1,54,0.0846394984326018,1,AlcoR
A0ACI8TUB7,unknown,259.0,2,215,0.8301158301158301,2,AlcoR
A0ACI8TWM6,unknown,905.0,4,874,0.9657458563535912,3+,AlcoR
A0ACI8TXE9,unknown,1448.0,6,1396,0.9640883977900552,3+,AlcoR
A0ACI8TZ93,unknown,399.0,3,373,0.9348370927318296,3+,AlcoR
A0ACI8TZD7,unknown,856.0,2,816,0.9532710280373832,2,AlcoR
A0ACI8TZE9,unknown,712.0,5,661,0.928370786516854,3+,AlcoR
A0ACI8U1B9,unknown,902.0,2,318,0.352549889135255,2,AlcoR
A0ACI8U399,unknown,786.0,6,727,0.9249363867684478,3+,AlcoR
A0ACI8U6C5,unknown,1066.0,3,1051,0.9859287054409006,3+,AlcoR
A0ACI8U7J9,unknown,978.0,3,682,0.6973415132924335,3+,AlcoR
A0ACI8U804,unknown,2104.0,3,549,0.2609315589353612,3+,AlcoR
A0ACI8UB86,unknown,209.0,1,59,0.2822966507177033,1,AlcoR
A0ACI8UDX5,unknown,454.0,2,37,0.0814977973568281,2,AlcoR
A0ACI8UEC4,unknown,719.0,1,159,0.2211404728789986,1,AlcoR
A0ACI8UES1,unknown,422.0,1,422,1.0,1,AlcoR
A0ACI8UJW4,unknown,514.0,4,416,0.8093385214007782,3+,AlcoR
A0ACI8UMC2,unknown,837.0,2,233,0.2783751493428912,2,AlcoR
A0ACI8UNX3,unknown,1077.0,2,524,0.4865366759517177,2,AlcoR
A0ACI8UQC4,unknown,506.0,3,227,0.4486166007905138,3+,AlcoR
A0ACI8USR5,unknown,685.0,4,362,0.5284671532846715,3+,AlcoR
A0ACI8USX5,unknown,720.0,2,90,0.125,2,AlcoR
A0ACI8UUW5,unknown,527.0,3,478,0.9070208728652752,3+,AlcoR
A0ACI8UZB3,unknown,1252.0,3,418,0.3338658146964856,3+,AlcoR
A0ACI8VAV8,unknown,1149.0,2,226,0.196692776327241,2,AlcoR
A0ACI8VCL2,tRNA,816.0,2,42,0.0514705882352941,2,AlcoR
A0ACI8VCM9,unknown,1180.0,1,42,0.035593220338983,1,AlcoR
A0ACI8VD15,unknown,1437.0,9,352,0.2449547668754349,3+,AlcoR
A0ACI8VFS1,unknown,923.0,6,339,0.3672806067172264,3+,AlcoR
A0ACI8VQD2,unknown,1043.0,6,249,0.2387344199424736,3+,AlcoR
A0ACI8VSD4,mRNA,674.0,3,669,0.9925816023738872,3+,AlcoR
A1L020,mRNA,520.0,2,69,0.1326923076923077,2,AlcoR
A2A288,mRNA,527.0,3,510,0.967741935483871,3+,AlcoR
A2IDC7,ribosomal protein,194.0,1,50,0.2577319587628865,1,AlcoR
A2PYH4,unknown,1435.0,6,134,0.0933797909407665,3+,AlcoR
A2RTX5,tRNA,802.0,9,198,0.2468827930174563,3+,AlcoR
A3KFL2,diverse,285.0,3,91,0.3192982456140351,3+,AlcoR
A5YKK6,mRNA,2376.0,4,1372,0.5774410774410774,3+,AlcoR
A6NC42,mRNA,116.0,2,67,0.5775862068965517,2,AlcoR
A6NDY0,mRNA,278.0,2,272,0.9784172661870504,2,AlcoR
A6NEQ0,mRNA,496.0,8,368,0.7419354838709677,3+,AlcoR
A6NFI3,unknown,1004.0,5,93,0.0926294820717131,3+,AlcoR
A6NFN3,mRNA,312.0,2,307,0.9839743589743588,2,AlcoR
A6NHQ2,snoRNA,334.0,1,85,0.2544910179640718,1,AlcoR
A6NJ78,ribosomal protein,407.0,3,307,0.7542997542997543,3+,AlcoR
A6NKG5,unknown,1358.0,14,532,0.3917525773195876,3+,AlcoR
A6NNF4,unknown,616.0,6,96,0.1558441558441558,3+,AlcoR
A6PVI3,mRNA,153.0,1,59,0.3856209150326797,1,AlcoR
A7MD48,mRNA,611.0,1,580,0.9492635024549918,1,AlcoR
A8K979,unknown,691.0,1,14,0.0202604920405209,1,AlcoR
A8MQ14,unknown,1090.0,17,474,0.4348623853211009,3+,AlcoR
A8MXP9,mRNA,895.0,2,53,0.059217877094972,2,AlcoR
B0QYK0,mRNA,618.0,4,383,0.6197411003236246,3+,AlcoR
B0QYY4,mRNA,370.0,1,21,0.0567567567567567,1,AlcoR
B1AHC9,mRNA,559.0,2,105,0.1878354203935599,2,AlcoR
B5MCY1,unknown,1934.0,2,73,0.0377456049638055,2,AlcoR
C9IY40,ribosomal protein,225.0,1,225,1.0,1,AlcoR
C9J0B9,mRNA,218.0,1,218,1.0,1,AlcoR
C9J6P4,ncRNA,1024.0,6,375,0.3662109375,3+,AlcoR
C9J7E5,mRNA,957.0,3,240,0.2507836990595611,3+,AlcoR
C9JCE0,mRNA,148.0,2,41,0.277027027027027,2,AlcoR
C9JGP4,diverse,144.0,1,144,1.0,1,AlcoR
C9JP00,mRNA,348.0,2,110,0.3160919540229885,2,AlcoR
C9JYQ9,ribosomal protein,121.0,1,24,0.1983471074380165,1,AlcoR
C9JZ88,ribosomal protein,88.0,1,88,1.0,1,AlcoR
D4PHA4,unknown,493.0,1,454,0.920892494929006,1,AlcoR
D6RA96,unknown,785.0,11,492,0.6267515923566879,3+,AlcoR
D6REA0,tRNA,516.0,5,366,0.7093023255813954,3+,AlcoR
D6RIC3,pre-rRNA,150.0,1,150,1.0,1,AlcoR
D6RJB1,mRNA,162.0,1,25,0.1543209876543209,1,AlcoR
E5RHF4,ribosomal protein,198.0,2,197,0.9949494949494948,2,AlcoR
E5RJM0,mRNA,639.0,1,16,0.0250391236306729,1,AlcoR
E7ENR5,snoRNA,236.0,4,113,0.4788135593220339,3+,AlcoR
E7ERJ7,mRNA,604.0,2,319,0.5281456953642384,2,AlcoR
E7ERQ6,mRNA,390.0,1,15,0.0384615384615384,1,AlcoR
E7ESC6,mRNA,1088.0,7,446,0.4099264705882353,3+,AlcoR
E7ET15,snRNA,1028.0,6,292,0.2840466926070039,3+,AlcoR
E7EWR4,mRNA,597.0,1,487,0.8157453936348409,1,AlcoR
E9PE17,ribosomal protein,129.0,1,43,0.3333333333333333,1,AlcoR
E9PHM2,tRNA,860.0,2,477,0.5546511627906977,2,AlcoR
E9PKU4,ribosomal protein,235.0,4,97,0.4127659574468085,3+,AlcoR
E9PL19,mRNA,596.0,1,13,0.0218120805369127,1,AlcoR
E9PN81,diverse,247.0,3,126,0.5101214574898786,3+,AlcoR
F5GYR3,pre-rRNA,275.0,3,33,0.12,3+,AlcoR
F5H0R1,snRNA,912.0,1,12,0.0131578947368421,1,AlcoR
F6XMP4,mRNA,155.0,1,155,1.0,1,AlcoR
F8VP89,mRNA,275.0,2,268,0.9745454545454544,2,AlcoR
F8VQP2,mRNA,1073.0,7,232,0.2162162162162162,3+,AlcoR
F8VU11,snRNA,892.0,1,256,0.2869955156950672,1,AlcoR
F8VZA0,pre-rRNA,365.0,1,365,1.0,1,AlcoR
F8VZY7,mRNA,263.0,1,99,0.376425855513308,1,AlcoR
F8W6I7,mRNA,307.0,7,125,0.4071661237785016,3+,AlcoR
F8WAS2,unknown,213.0,1,213,1.0,1,AlcoR
F8WDU6,tRNA,201.0,1,20,0.099502487562189,1,AlcoR
G3V2H6,mRNA,54.0,1,54,1.0,1,AlcoR
G3V2M5,pre-rRNA,61.0,1,61,1.0,1,AlcoR
G3V2P5,mRNA,207.0,2,128,0.6183574879227053,2,AlcoR
G3V529,pre-rRNA,816.0,3,679,0.8321078431372549,3+,AlcoR
G3V5X7,ncRNA,2519.0,8,1252,0.4970226280269948,3+,AlcoR
G3XAN0,ribosomal protein,64.0,1,64,1.0,1,AlcoR
G5E9G0,ribosomal protein,351.0,1,111,0.3162393162393162,1,AlcoR
G5E9R9,ncRNA,263.0,1,258,0.9809885931558936,1,AlcoR
H0Y2Q1,tRNA,191.0,5,89,0.4659685863874345,3+,AlcoR
H0Y6A1,mRNA,361.0,1,311,0.8614958448753463,1,AlcoR
H0Y863,pre-rRNA,132.0,1,132,1.0,1,AlcoR
H0YB34,unknown,148.0,2,147,0.9932432432432432,2,AlcoR
H0YDK8,mRNA,900.0,3,247,0.2744444444444444,3+,AlcoR
H0YG84,mRNA,90.0,1,90,1.0,1,AlcoR
H0YGG4,mRNA,152.0,2,118,0.7763157894736842,2,AlcoR
H0YGJ7,mRNA,106.0,1,15,0.1415094339622641,1,AlcoR
H0YGT4,unknown,134.0,3,40,0.2985074626865671,3+,AlcoR
H0YH84,mRNA,186.0,2,179,0.9623655913978496,2,AlcoR
H0YHU8,mRNA,144.0,2,129,0.8958333333333334,2,AlcoR
H0YIP0,tRNA,219.0,1,10,0.045662100456621,1,AlcoR
H0YKX1,mRNA,171.0,1,171,1.0,1,AlcoR
H3BN59,mRNA,261.0,2,127,0.4865900383141762,2,AlcoR
H3BPE7,mRNA,527.0,3,437,0.8292220113851992,3+,AlcoR
H3BPG5,mRNA,128.0,1,128,1.0,1,AlcoR
H3BQK0,unknown,484.0,1,484,1.0,1,AlcoR
H3BSB3,pre-rRNA,131.0,1,85,0.648854961832061,1,AlcoR
H3BSW6,tRNA,586.0,3,573,0.9778156996587032,3+,AlcoR
H3BTT8,snRNA,252.0,1,252,1.0,1,AlcoR
H3BUK8,ribosomal protein,54.0,1,24,0.4444444444444444,1,AlcoR
H7BXY3,mRNA,1166.0,1,20,0.0171526586620926,1,AlcoR
I3L4V1,unknown,148.0,1,13,0.0878378378378378,1,AlcoR
J3KP02,unknown,692.0,1,51,0.0736994219653179,1,AlcoR
J3KPI1,mRNA,630.0,4,212,0.3365079365079365,3+,AlcoR
J3KPP4,mRNA,489.0,2,434,0.8875255623721882,2,AlcoR
J3QKW2,ribosomal protein,183.0,7,108,0.5901639344262295,3+,AlcoR
J3QL05,mRNA,130.0,4,71,0.5461538461538461,3+,AlcoR
J3QL17,mRNA,468.0,4,284,0.6068376068376068,3+,AlcoR
J3QS41,mRNA,1943.0,4,986,0.5074626865671642,3+,AlcoR
J3QT46,mRNA,619.0,8,136,0.2197092084006462,3+,AlcoR
K7EIU6,mRNA,117.0,1,3,0.0256410256410256,1,AlcoR
K7EJB9,mRNA,349.0,1,44,0.1260744985673352,1,AlcoR
K7EKH9,unknown,261.0,1,49,0.1877394636015325,1,AlcoR
K7EL49,unknown,112.0,1,2,0.0178571428571428,1,AlcoR
K7ENA8,mRNA,289.0,3,75,0.259515570934256,3+,AlcoR
K7EQP2,mRNA,53.0,1,53,1.0,1,AlcoR
K7ER00,tRNA,548.0,2,308,0.5620437956204379,2,AlcoR
K7ERG4,snRNA,78.0,3,62,0.7948717948717948,3+,AlcoR
M0QXD5,snoRNA,236.0,6,112,0.4745762711864407,3+,AlcoR
M0QY97,unknown,910.0,1,14,0.0153846153846153,1,AlcoR
M0R050,diverse,197.0,1,15,0.0761421319796954,1,AlcoR
M0R226,ribosomal protein,184.0,1,184,1.0,1,AlcoR
M0R2C6,tRNA,588.0,1,12,0.0204081632653061,1,AlcoR
O00148,mRNA,427.0,3,63,0.1475409836065573,3+,AlcoR
O00267,mRNA,1087.0,7,182,0.1674333026678932,3+,AlcoR
O00410,mRNA,1097.0,1,19,0.0173199635369188,1,AlcoR
O00411,mRNA,1230.0,6,89,0.0723577235772357,3+,AlcoR
O00418,mRNA,725.0,2,162,0.2234482758620689,2,AlcoR
O00425,mRNA,579.0,1,19,0.0328151986183074,1,AlcoR
O00442,tRNA,366.0,1,15,0.040983606557377,1,AlcoR
O00571,mRNA,662.0,9,154,0.2326283987915408,3+,AlcoR
O14746,ncRNA,1132.0,2,142,0.1254416961130742,2,AlcoR
O14776,mRNA,1098.0,1,101,0.0919854280510018,1,AlcoR
O14787,mRNA,897.0,1,305,0.3400222965440356,1,AlcoR
O14879,ncRNA,490.0,1,212,0.4326530612244898,1,AlcoR
O14979,mRNA,420.0,2,414,0.9857142857142858,2,AlcoR
O14981,unknown,1849.0,2,201,0.1087074094104921,2,AlcoR
O15042,snRNA,1029.0,2,809,0.7862001943634597,2,AlcoR
O15047,ncRNA,1707.0,1,13,0.0076157000585823,1,AlcoR
O15056,unknown,1496.0,8,1389,0.928475935828877,3+,AlcoR
O15105,ncRNA,426.0,3,418,0.9812206572769951,3+,AlcoR
O15226,unknown,690.0,4,678,0.982608695652174,3+,AlcoR
O15371,mRNA,548.0,1,17,0.0310218978102189,1,AlcoR
O15446,pre-rRNA,510.0,2,503,0.9862745098039216,2,AlcoR
O15455,ncRNA,904.0,3,897,0.9922566371681416,3+,AlcoR
O15504,mRNA,423.0,9,397,0.9385342789598108,3+,AlcoR
O15523,mRNA,660.0,1,31,0.0469696969696969,1,AlcoR
O15541,snRNA,343.0,1,69,0.2011661807580174,1,AlcoR
O43143,mRNA,795.0,18,412,0.5182389937106918,3+,AlcoR
O43148,mRNA,476.0,1,10,0.0210084033613445,1,AlcoR
O43159,pre-rRNA,456.0,1,31,0.0679824561403508,1,AlcoR
O43251,mRNA,390.0,3,384,0.9846153846153848,3+,AlcoR
O43395,snRNA,683.0,2,667,0.9765739385065886,2,AlcoR
O43426,unknown,1573.0,3,1561,0.9923712650985378,3+,AlcoR
O43541,ncRNA,496.0,5,88,0.1774193548387097,3+,AlcoR
O43660,mRNA,514.0,4,80,0.1556420233463035,3+,AlcoR
O43709,pre-rRNA,281.0,1,281,1.0,1,AlcoR
O43716,tRNA,136.0,1,136,1.0,1,AlcoR
O43719,mRNA,755.0,1,357,0.4728476821192053,1,AlcoR
O43818,snoRNA,475.0,1,116,0.2442105263157894,1,AlcoR
O60287,pre-rRNA,2271.0,16,275,0.1210920299427565,3+,AlcoR
O60293,unknown,1989.0,3,78,0.0392156862745098,3+,AlcoR
O60306,mRNA,1485.0,2,69,0.0464646464646464,2,AlcoR
O60318,mRNA,1980.0,7,855,0.4318181818181818,3+,AlcoR
O60506,mRNA,623.0,5,105,0.1685393258426966,3+,AlcoR
O60522,ncRNA,2096.0,2,153,0.0729961832061068,2,AlcoR
O60563,ncRNA,726.0,4,213,0.2933884297520661,3+,AlcoR
O60573,mRNA,245.0,1,120,0.4897959183673469,1,AlcoR
O60603,unknown,784.0,6,610,0.7780612244897959,3+,AlcoR
O60739,mRNA,113.0,1,106,0.9380530973451328,1,AlcoR
O60828,mRNA,265.0,3,257,0.969811320754717,3+,AlcoR
O60841,tRNA,1220.0,2,68,0.0557377049180327,2,AlcoR
O60942,mRNA,597.0,1,403,0.6750418760469011,1,AlcoR
O75113,unknown,896.0,11,432,0.4821428571428571,3+,AlcoR
O75123,unknown,536.0,1,87,0.1623134328358209,1,AlcoR
O75152,mRNA,810.0,7,659,0.8135802469135802,3+,AlcoR
O75437,unknown,659.0,9,227,0.3444613050075872,3+,AlcoR
O75460,mRNA,977.0,4,513,0.5250767656090072,3+,AlcoR
O75475,mRNA,530.0,3,265,0.5,3+,AlcoR
O75494,mRNA,262.0,2,216,0.8244274809160306,2,AlcoR
O75525,mRNA,346.0,5,334,0.9653179190751444,3+,AlcoR
O75643,snRNA,2136.0,1,16,0.0074906367041198,1,AlcoR
O75648,tRNA,421.0,1,183,0.4346793349168646,1,AlcoR
O75691,snoRNA,2785.0,4,78,0.0280071813285457,3+,AlcoR
O75792,diverse,299.0,3,283,0.9464882943143812,3+,AlcoR
O75818,ncRNA,363.0,1,14,0.0385674931129476,1,AlcoR
O75821,mRNA,320.0,4,282,0.88125,3+,AlcoR
O75923,unknown,2080.0,9,512,0.2461538461538461,3+,AlcoR
O77932,diverse,396.0,2,119,0.3005050505050505,2,AlcoR
O94761,unknown,1208.0,6,1107,0.9163907284768212,3+,AlcoR
O94762,unknown,991.0,3,686,0.6922300706357215,3+,AlcoR
O94829,mRNA,963.0,12,542,0.5628245067497404,3+,AlcoR
O94874,unknown,794.0,2,394,0.4962216624685138,2,AlcoR
O94886,unknown,807.0,2,477,0.5910780669144982,2,AlcoR
O94906,snRNA,941.0,5,86,0.0913921360255047,3+,AlcoR
O94913,mRNA,1555.0,1,169,0.1086816720257234,1,AlcoR
O94992,ncRNA,359.0,4,162,0.4512534818941504,3+,AlcoR
O95059,ncRNA,124.0,2,117,0.9435483870967742,2,AlcoR
O95104,mRNA,1147.0,1,17,0.014821272885789,1,AlcoR
O95163,tRNA,1332.0,7,680,0.5105105105105106,3+,AlcoR
O95319,mRNA,508.0,2,506,0.9960629921259844,2,AlcoR
O95363,tRNA,451.0,1,14,0.0310421286031042,1,AlcoR
O95391,mRNA,586.0,6,471,0.8037542662116041,3+,AlcoR
O95396,tRNA,460.0,2,305,0.6630434782608695,2,AlcoR
O95453,mRNA,639.0,4,360,0.5633802816901409,3+,AlcoR
O95639,mRNA,269.0,1,22,0.0817843866171003,1,AlcoR
O95758,mRNA,552.0,2,545,0.9873188405797102,2,AlcoR
O95777,snRNA,96.0,1,96,1.0,1,AlcoR
O95900,tRNA,331.0,1,269,0.8126888217522659,1,AlcoR
O95985,mRNA,862.0,8,227,0.2633410672853828,3+,AlcoR
O96006,unknown,694.0,1,361,0.5201729106628242,1,AlcoR
P04406,mRNA,335.0,1,18,0.053731343283582,1,AlcoR
P08240,ncRNA,638.0,1,633,0.9921630094043888,1,AlcoR
P08865,ribosomal protein,295.0,2,200,0.6779661016949152,2,AlcoR
P09913,ncRNA,472.0,3,266,0.5635593220338984,3+,AlcoR
P09914,ncRNA,478.0,3,123,0.2573221757322175,3+,AlcoR
P0C7T5,mRNA,689.0,1,178,0.2583454281567489,1,AlcoR
P0CB38,mRNA,370.0,7,118,0.3189189189189189,3+,AlcoR
P0DJD3,mRNA,496.0,1,15,0.0302419354838709,1,AlcoR
P10155,unknown,538.0,4,230,0.4275092936802974,3+,AlcoR
P13639,tRNA,858.0,2,141,0.1643356643356643,2,AlcoR
P14866,mRNA,589.0,1,154,0.2614601018675722,1,AlcoR
P15170,mRNA,499.0,1,234,0.468937875751503,1,AlcoR
P15918,unknown,1043.0,7,224,0.2147651006711409,3+,AlcoR
P16383,mRNA,781.0,1,21,0.026888604353393,1,AlcoR
P16989,mRNA,372.0,1,372,1.0,1,AlcoR
P17039,unknown,623.0,2,30,0.0481540930979133,2,AlcoR
P17480,pre-rRNA,764.0,1,14,0.0183246073298429,1,AlcoR
P18583,mRNA,2426.0,2,30,0.0123660346248969,2,AlcoR
P19525,ncRNA,551.0,3,161,0.2921960072595281,3+,AlcoR
P21128,snoRNA,410.0,1,120,0.2926829268292683,1,AlcoR
P21399,mRNA,889.0,1,6,0.0067491563554555,1,AlcoR
P21506,unknown,573.0,3,58,0.1012216404886562,3+,AlcoR
P22314,mRNA,1058.0,4,108,0.1020793950850661,3+,AlcoR
P25311,unknown,298.0,1,13,0.0436241610738255,1,AlcoR
P25398,ribosomal protein,132.0,1,42,0.3181818181818182,1,AlcoR
P26358,ncRNA,1616.0,2,81,0.0501237623762376,2,AlcoR
P26599,mRNA,557.0,2,44,0.0789946140035906,2,AlcoR
P26639,tRNA,723.0,8,203,0.280774550484094,3+,AlcoR
P26641,tRNA,437.0,2,29,0.0663615560640732,2,AlcoR
P29692,tRNA,281.0,2,44,0.1565836298932384,2,AlcoR
P29728,ncRNA,719.0,2,60,0.0834492350486787,2,AlcoR
P31483,mRNA,386.0,4,86,0.2227979274611398,3+,AlcoR
P31943,mRNA,449.0,3,276,0.6146993318485523,3+,AlcoR
P31944,unknown,242.0,2,234,0.9669421487603306,2,AlcoR
P32969,ribosomal protein,192.0,1,22,0.1145833333333333,1,AlcoR
P33240,mRNA,577.0,2,33,0.0571923743500866,2,AlcoR
P35789,unknown,620.0,1,12,0.0193548387096774,1,AlcoR
P38398,ncRNA,1863.0,6,761,0.4084809447128287,3+,AlcoR
P40429,ribosomal protein,203.0,4,95,0.4679802955665024,3+,AlcoR
P41250,tRNA,739.0,15,294,0.3978349120433017,3+,AlcoR
P41252,tRNA,1262.0,3,185,0.1465927099841521,3+,AlcoR
P42285,diverse,1042.0,4,366,0.3512476007677543,3+,AlcoR
P42694,mRNA,1942.0,4,730,0.3759011328527291,3+,AlcoR
P43243,mRNA,847.0,2,768,0.9067296340023612,2,AlcoR
P43897,mRNA,325.0,1,325,1.0,1,AlcoR
P46087,pre-rRNA,812.0,2,640,0.7881773399014779,2,AlcoR
P46100,unknown,2492.0,2,318,0.1276083467094703,2,AlcoR
P49411,mRNA,455.0,5,82,0.1802197802197802,3+,AlcoR
P49588,tRNA,968.0,3,90,0.0929752066115702,3+,AlcoR
P49589,tRNA,748.0,5,110,0.1470588235294117,3+,AlcoR
P49590,tRNA,506.0,1,12,0.0237154150197628,1,AlcoR
P49642,diverse,420.0,1,17,0.0404761904761904,1,AlcoR
P49760,mRNA,499.0,1,499,1.0,1,AlcoR
P49761,mRNA,490.0,2,317,0.6469387755102041,2,AlcoR
P49770,mRNA,351.0,1,31,0.0883190883190883,1,AlcoR
P49790,diverse,1475.0,6,92,0.0623728813559322,3+,AlcoR
P49792,mRNA,3224.0,3,240,0.0744416873449131,3+,AlcoR
P50750,ncRNA,372.0,2,290,0.7795698924731183,2,AlcoR
P50914,ribosomal protein,215.0,4,59,0.2744186046511628,3+,AlcoR
P51114,mRNA,621.0,1,12,0.0193236714975845,1,AlcoR
P51116,mRNA,673.0,2,458,0.6805349182763745,2,AlcoR
P51508,unknown,661.0,1,60,0.0907715582450832,1,AlcoR
P51825,mRNA,1210.0,4,147,0.1214876033057851,3+,AlcoR
P51843,mRNA,470.0,3,143,0.3042553191489361,3+,AlcoR
P51991,mRNA,378.0,1,378,1.0,1,AlcoR
P52272,mRNA,730.0,1,13,0.0178082191780821,1,AlcoR
P52597,mRNA,415.0,1,18,0.0433734939759036,1,AlcoR
P52815,ribosomal protein,198.0,2,56,0.2828282828282828,2,AlcoR
P54136,tRNA,660.0,1,36,0.0545454545454545,1,AlcoR
P54253,mRNA,815.0,2,380,0.4662576687116564,2,AlcoR
P54577,tRNA,528.0,1,26,0.0492424242424242,1,AlcoR
P55010,mRNA,431.0,1,3,0.0069605568445475,1,AlcoR
P56182,pre-rRNA,461.0,2,200,0.4338394793926247,2,AlcoR
P56270,unknown,477.0,5,237,0.4968553459119497,3+,AlcoR
P57052,mRNA,281.0,1,39,0.1387900355871886,1,AlcoR
P57081,tRNA,412.0,4,86,0.2087378640776699,3+,AlcoR
P57678,snRNA,1058.0,1,6,0.0056710775047258,1,AlcoR
P57772,tRNA,596.0,2,27,0.0453020134228187,2,AlcoR
P60842,mRNA,406.0,2,171,0.4211822660098522,2,AlcoR
P61129,unknown,1189.0,11,198,0.1665264928511354,3+,AlcoR
P61970,mRNA,127.0,1,127,1.0,1,AlcoR
P62241,ribosomal protein,208.0,4,82,0.3942307692307692,3+,AlcoR
P62249,ribosomal protein,146.0,1,146,1.0,1,AlcoR
P62269,ribosomal protein,152.0,1,126,0.8289473684210527,1,AlcoR
P62277,ribosomal protein,151.0,2,150,0.9933774834437086,2,AlcoR
P62304,snRNA,92.0,2,21,0.2282608695652173,2,AlcoR
P62316,snRNA,118.0,1,14,0.1186440677966101,1,AlcoR
P62633,mRNA,177.0,1,96,0.5423728813559322,1,AlcoR
P62701,ribosomal protein,263.0,1,12,0.0456273764258555,1,AlcoR
P62750,ribosomal protein,156.0,1,12,0.0769230769230769,1,AlcoR
P62753,ribosomal protein,249.0,1,16,0.0642570281124498,1,AlcoR
P62826,mRNA,216.0,1,216,1.0,1,AlcoR
P62851,ribosomal protein,125.0,2,61,0.488,2,AlcoR
P62861,ribosomal protein,133.0,3,100,0.7518796992481203,3+,AlcoR
P62875,mRNA,67.0,1,11,0.1641791044776119,1,AlcoR
P62888,ribosomal protein,115.0,1,7,0.0608695652173913,1,AlcoR
P62891,ribosomal protein,51.0,1,16,0.3137254901960784,1,AlcoR
P62995,mRNA,288.0,1,242,0.8402777777777778,1,AlcoR
P67809,mRNA,324.0,2,31,0.095679012345679,2,AlcoR
P68104,tRNA,462.0,4,146,0.316017316017316,3+,AlcoR
P78316,pre-rRNA,857.0,1,15,0.0175029171528588,1,AlcoR
P78317,unknown,190.0,1,52,0.2736842105263158,1,AlcoR
P78346,ncRNA,268.0,1,12,0.044776119402985,1,AlcoR
P78563,mRNA,741.0,3,307,0.4143049932523617,3+,AlcoR
P82675,ribosomal protein,430.0,1,44,0.1023255813953488,1,AlcoR
P82912,ribosomal protein,194.0,1,25,0.1288659793814432,1,AlcoR
P82979,mRNA,210.0,2,33,0.1571428571428571,2,AlcoR
P84022,ncRNA,425.0,4,111,0.2611764705882353,3+,AlcoR
P84103,mRNA,164.0,1,59,0.3597560975609756,1,AlcoR
P86452,unknown,979.0,1,390,0.3983656792645557,1,AlcoR
Q00059,mRNA,246.0,2,206,0.8373983739837398,2,AlcoR
Q00341,mRNA,1268.0,1,14,0.0110410094637223,1,AlcoR
Q00839,mRNA,825.0,1,357,0.4327272727272727,1,AlcoR
Q01085,mRNA,375.0,1,181,0.4826666666666667,1,AlcoR
Q01130,mRNA,221.0,3,148,0.669683257918552,3+,AlcoR
Q01844,unknown,656.0,3,453,0.6905487804878049,3+,AlcoR
Q04637,mRNA,1599.0,1,98,0.0612883051907442,1,AlcoR
Q05048,mRNA,431.0,4,190,0.4408352668213457,3+,AlcoR
Q05519,mRNA,484.0,2,478,0.987603305785124,2,AlcoR
Q05639,tRNA,463.0,2,36,0.0777537796976241,2,AlcoR
Q06265,diverse,439.0,4,119,0.2710706150341685,3+,AlcoR
Q06787,mRNA,632.0,2,137,0.2167721518987341,2,AlcoR
Q07021,mRNA,282.0,2,30,0.1063829787234042,2,AlcoR
Q07352,mRNA,338.0,2,330,0.9763313609467456,2,AlcoR
Q07666,mRNA,443.0,2,440,0.9932279909706546,2,AlcoR
Q07864,unknown,2286.0,9,152,0.0664916885389326,3+,AlcoR
Q08117,unknown,197.0,1,167,0.8477157360406091,1,AlcoR
Q08170,mRNA,494.0,2,167,0.3380566801619433,2,AlcoR
Q08211,ncRNA,1270.0,1,18,0.0141732283464566,1,AlcoR
Q08AF3,unknown,891.0,2,27,0.0303030303030303,2,AlcoR
Q09161,mRNA,790.0,1,13,0.0164556962025316,1,AlcoR
Q12788,snoRNA,808.0,5,79,0.0977722772277227,3+,AlcoR
Q12872,mRNA,951.0,1,12,0.0126182965299684,1,AlcoR
Q12905,mRNA,390.0,1,390,1.0,1,AlcoR
Q12906,mRNA,894.0,1,21,0.023489932885906,1,AlcoR
Q12996,mRNA,717.0,2,709,0.98884239888424,2,AlcoR
Q13064,mRNA,507.0,1,299,0.5897435897435898,1,AlcoR
Q13117,mRNA,558.0,1,281,0.503584229390681,1,AlcoR
Q13148,mRNA,414.0,1,197,0.4758454106280193,1,AlcoR
Q13151,mRNA,305.0,1,305,1.0,1,AlcoR
Q13325,tRNA,482.0,6,269,0.558091286307054,3+,AlcoR
Q13360,unknown,481.0,1,20,0.0415800415800415,1,AlcoR
Q13405,ribosomal protein,166.0,4,75,0.4518072289156626,3+,AlcoR
Q13428,pre-rRNA,1488.0,9,888,0.5967741935483871,3+,AlcoR
Q13523,snRNA,1007.0,6,220,0.2184707050645481,3+,AlcoR
Q13595,mRNA,282.0,1,25,0.0886524822695035,1,AlcoR
Q13769,mRNA,683.0,2,34,0.0497803806734992,2,AlcoR
Q13823,pre-rRNA,731.0,1,23,0.0314637482900136,1,AlcoR
Q13895,pre-rRNA,437.0,2,363,0.8306636155606407,2,AlcoR
Q14011,mRNA,172.0,1,57,0.3313953488372093,1,AlcoR
Q14137,pre-rRNA,746.0,2,26,0.03485254691689,2,AlcoR
Q14146,pre-rRNA,1524.0,6,155,0.1017060367454068,3+,AlcoR
Q14147,mRNA,1143.0,11,189,0.1653543307086614,3+,AlcoR
Q14151,mRNA,953.0,8,400,0.4197271773347324,3+,AlcoR
Q14152,mRNA,1382.0,3,1028,0.743849493487699,3+,AlcoR
Q14204,mRNA,4646.0,26,791,0.1702539819199311,3+,AlcoR
Q14249,diverse,297.0,7,134,0.4511784511784512,3+,AlcoR
Q14258,mRNA,630.0,1,24,0.0380952380952381,1,AlcoR
Q14493,mRNA,270.0,5,121,0.4481481481481481,3+,AlcoR
Q14562,mRNA,1220.0,13,409,0.3352459016393442,3+,AlcoR
Q14576,mRNA,367.0,2,361,0.983651226158038,2,AlcoR
Q14587,unknown,947.0,3,238,0.2513199577613516,3+,AlcoR
Q14657,tRNA,143.0,1,143,1.0,1,AlcoR
Q14671,mRNA,1186.0,6,638,0.5379426644182125,3+,AlcoR
Q14684,pre-rRNA,758.0,9,510,0.6728232189973615,3+,AlcoR
Q14690,snoRNA,1871.0,1,21,0.0112239444147514,1,AlcoR
Q14694,mRNA,798.0,1,19,0.0238095238095238,1,AlcoR
Q14839,unknown,1912.0,6,1035,0.5413179916317992,3+,AlcoR
Q14966,mRNA,1978.0,5,569,0.2876643073811931,3+,AlcoR
Q14974,mRNA,876.0,4,233,0.2659817351598174,3+,AlcoR
Q15007,mRNA,396.0,2,130,0.3282828282828283,2,AlcoR
Q15029,tRNA,972.0,5,378,0.3888888888888889,3+,AlcoR
Q15061,pre-rRNA,677.0,3,66,0.0974889217134416,3+,AlcoR
Q15185,ncRNA,160.0,1,13,0.08125,1,AlcoR
Q15269,snoRNA,919.0,7,263,0.2861806311207834,3+,AlcoR
Q15366,mRNA,365.0,1,241,0.6602739726027397,1,AlcoR
Q15393,mRNA,1217.0,3,340,0.2793755135579293,3+,AlcoR
Q15424,mRNA,915.0,5,535,0.5846994535519126,3+,AlcoR
Q15459,snRNA,793.0,2,588,0.7414880201765448,2,AlcoR
Q15477,mRNA,1246.0,2,34,0.0272873194221508,2,AlcoR
Q15717,mRNA,326.0,1,175,0.5368098159509203,1,AlcoR
Q15797,ncRNA,465.0,1,15,0.032258064516129,1,AlcoR
Q16206,mRNA,610.0,1,41,0.0672131147540983,1,AlcoR
Q16587,unknown,644.0,2,418,0.6490683229813664,2,AlcoR
Q16594,snoRNA,264.0,1,235,0.8901515151515151,1,AlcoR
Q16629,mRNA,238.0,1,65,0.2731092436974789,1,AlcoR
Q16637,snRNA,294.0,1,294,1.0,1,AlcoR
Q17RN3,unknown,349.0,1,14,0.0401146131805157,1,AlcoR
Q2NKX8,unknown,1250.0,4,63,0.0504,3+,AlcoR
Q2VPK5,tRNA,515.0,2,157,0.3048543689320388,2,AlcoR
Q2WGJ9,unknown,1857.0,2,210,0.1130856219709208,2,AlcoR
Q32MZ4,ncRNA,808.0,2,562,0.6955445544554455,2,AlcoR
Q3L8U1,unknown,2897.0,11,1730,0.5971694856748361,3+,AlcoR
Q3SXZ3,unknown,478.0,1,23,0.0481171548117154,1,AlcoR
Q460N5,unknown,1801.0,3,376,0.2087729039422543,3+,AlcoR
Q499Z4,unknown,452.0,1,67,0.1482300884955752,1,AlcoR
Q4VXA5,mRNA,237.0,1,21,0.0886075949367088,1,AlcoR
Q4VXU2,mRNA,619.0,1,22,0.0355411954765751,1,AlcoR
Q4ZG55,unknown,1949.0,2,24,0.0123140071831708,2,AlcoR
Q53EL6,mRNA,469.0,7,221,0.4712153518123667,3+,AlcoR
Q53F19,unknown,620.0,2,24,0.0387096774193548,2,AlcoR
Q53GL7,unknown,1025.0,2,95,0.0926829268292682,2,AlcoR
Q53R41,mRNA,847.0,1,15,0.0177095631641086,1,AlcoR
Q58A45,mRNA,887.0,2,583,0.657271702367531,2,AlcoR
Q5CZA5,unknown,627.0,3,512,0.8165869218500797,3+,AlcoR
Q5FWF4,unknown,1079.0,3,85,0.0787766450417052,3+,AlcoR
Q5GAN4,unknown,147.0,2,139,0.9455782312925172,2,AlcoR
Q5HYM0,diverse,836.0,1,135,0.1614832535885167,1,AlcoR
Q5JPI9,tRNA,236.0,1,236,1.0,1,AlcoR
Q5JSQ8,mRNA,128.0,1,12,0.09375,1,AlcoR
Q5JTH9,pre-rRNA,1297.0,6,1115,0.8596761757902853,3+,AlcoR
Q5MCW4,unknown,686.0,3,58,0.0845481049562682,3+,AlcoR
Q5QJE6,pre-rRNA,756.0,1,109,0.1441798941798941,1,AlcoR
Q5QPL9,mRNA,237.0,1,157,0.6624472573839663,1,AlcoR
Q5RL73,mRNA,367.0,1,14,0.0381471389645776,1,AlcoR
Q5ST30,tRNA,1063.0,2,549,0.5164628410159925,2,AlcoR
Q5SZ64,mRNA,190.0,1,190,1.0,1,AlcoR
Q5SZQ8,mRNA,465.0,1,17,0.0365591397849462,1,AlcoR
Q5T1V6,mRNA,619.0,8,220,0.3554119547657512,3+,AlcoR
Q5T200,unknown,1668.0,2,368,0.2206235011990407,2,AlcoR
Q5T280,unknown,376.0,1,132,0.351063829787234,1,AlcoR
Q5T481,mRNA,1227.0,2,320,0.2607986960065199,2,AlcoR
Q5T5C7,tRNA,536.0,4,60,0.1119402985074626,3+,AlcoR
Q5T6F2,mRNA,1119.0,3,55,0.0491510277033065,3+,AlcoR
Q5T760,mRNA,491.0,2,435,0.8859470468431772,2,AlcoR
Q5T7F5,mRNA,372.0,1,28,0.075268817204301,1,AlcoR
Q5T890,unknown,1561.0,5,1028,0.6585522101217168,3+,AlcoR
Q5T8I9,ncRNA,393.0,1,18,0.0458015267175572,1,AlcoR
Q5T8P6,mRNA,1007.0,3,556,0.5521350546176763,3+,AlcoR
Q5T8Z2,unknown,184.0,1,184,1.0,1,AlcoR
Q5TA45,mRNA,600.0,2,58,0.0966666666666666,2,AlcoR
Q5TAP6,snoRNA,766.0,3,226,0.2950391644908616,3+,AlcoR
Q5TAX3,ncRNA,1644.0,1,17,0.0103406326034063,1,AlcoR
Q5TEC6,unknown,136.0,1,39,0.2867647058823529,1,AlcoR
Q5VTE6,mRNA,544.0,1,8,0.0147058823529411,1,AlcoR
Q5VUC9,ncRNA,145.0,2,40,0.2758620689655172,2,AlcoR
Q5VUG0,unknown,894.0,3,307,0.3434004474272931,3+,AlcoR
Q5VV42,tRNA,579.0,6,223,0.385146804835924,3+,AlcoR
Q5VV67,mRNA,1664.0,4,340,0.204326923076923,3+,AlcoR
Q5VYS8,ncRNA,1495.0,1,18,0.0120401337792642,1,AlcoR
Q5VZF2,mRNA,373.0,3,366,0.9812332439678284,3+,AlcoR
Q5W0B1,unknown,726.0,1,31,0.0426997245179063,1,AlcoR
Q659C4,mRNA,914.0,7,186,0.2035010940919037,3+,AlcoR
Q66PJ3,mRNA,237.0,1,13,0.0548523206751054,1,AlcoR
Q68D06,tRNA,897.0,1,18,0.020066889632107,1,AlcoR
Q69YN4,mRNA,1812.0,3,386,0.2130242825607064,3+,AlcoR
Q6GMV3,tRNA,140.0,2,54,0.3857142857142857,2,AlcoR
Q6IEG0,snRNA,339.0,1,339,1.0,1,AlcoR
Q6IN84,pre-rRNA,353.0,1,134,0.3796033994334277,1,AlcoR
Q6L8Q7,mRNA,609.0,4,74,0.1215106732348111,3+,AlcoR
Q6NZI2,pre-rRNA,390.0,6,179,0.4589743589743589,3+,AlcoR
Q6P087,mRNA,351.0,1,35,0.0997150997150997,1,AlcoR
Q6P1L8,ribosomal protein,145.0,2,48,0.3310344827586207,2,AlcoR
Q6P1Q9,tRNA,378.0,2,48,0.1269841269841269,2,AlcoR
Q6P2D0,unknown,407.0,2,179,0.4398034398034398,2,AlcoR
Q6P2E9,mRNA,1401.0,2,122,0.0870806566738044,2,AlcoR
Q6P2Q9,snRNA,2335.0,7,465,0.1991434689507494,3+,AlcoR
Q6P9B9,snRNA,1019.0,4,141,0.1383709519136408,3+,AlcoR
Q6PI26,snoRNA,577.0,1,121,0.2097053726169844,1,AlcoR
Q6PIY7,mRNA,484.0,1,359,0.7417355371900827,1,AlcoR
Q6PJT7,mRNA,736.0,1,21,0.0285326086956521,1,AlcoR
Q6PKG0,mRNA,1096.0,4,70,0.0638686131386861,3+,AlcoR
Q6R2W3,unknown,1325.0,2,111,0.0837735849056603,2,AlcoR
Q6UX04,mRNA,472.0,1,460,0.9745762711864406,1,AlcoR
Q6ZN19,unknown,808.0,3,53,0.0655940594059406,3+,AlcoR
Q6ZRS2,unknown,3230.0,15,250,0.0773993808049535,3+,AlcoR
Q6ZRY4,mRNA,209.0,1,119,0.569377990430622,1,AlcoR
Q6ZSC3,mRNA,357.0,1,75,0.2100840336134453,1,AlcoR
Q71DI3,unknown,136.0,2,27,0.1985294117647058,2,AlcoR
Q76FK4,pre-rRNA,1167.0,3,177,0.1516709511568123,3+,AlcoR
Q7KZ85,mRNA,1726.0,3,65,0.03765932792584,3+,AlcoR
Q7KZF4,mRNA,910.0,5,505,0.554945054945055,3+,AlcoR
Q7L2E3,mRNA,1194.0,1,773,0.6474036850921273,1,AlcoR
Q7L2H7,mRNA,374.0,2,147,0.393048128342246,2,AlcoR
Q7L775,unknown,607.0,1,14,0.0230642504118616,1,AlcoR
Q7Z2W4,mRNA,902.0,2,113,0.1252771618625277,2,AlcoR
Q7Z2Z2,tRNA,1120.0,3,46,0.0410714285714285,3+,AlcoR
Q7Z333,mRNA,2677.0,2,424,0.1583862532685842,2,AlcoR
Q7Z3Z4,ncRNA,852.0,5,79,0.0927230046948356,3+,AlcoR
Q7Z417,mRNA,695.0,2,146,0.2100719424460431,2,AlcoR
Q7Z478,mRNA,1369.0,3,863,0.6303871439006574,3+,AlcoR
Q7Z4G4,tRNA,463.0,1,17,0.0367170626349892,1,AlcoR
Q7Z5Q1,mRNA,589.0,2,202,0.3429541595925297,2,AlcoR
Q7Z6E9,mRNA,1792.0,6,245,0.13671875,3+,AlcoR
Q7Z6M4,pre-rRNA,381.0,1,377,0.989501312335958,1,AlcoR
Q7Z739,mRNA,585.0,1,280,0.4786324786324786,1,AlcoR
Q7Z7H8,ribosomal protein,261.0,1,18,0.0689655172413793,1,AlcoR
Q86SG3,mRNA,579.0,1,496,0.8566493955094991,1,AlcoR
Q86TG7,unknown,708.0,1,86,0.1214689265536723,1,AlcoR
Q86U06,mRNA,439.0,1,439,1.0,1,AlcoR
Q86U38,pre-rRNA,636.0,1,559,0.8789308176100629,1,AlcoR
Q86US8,mRNA,1419.0,6,578,0.4073291050035236,3+,AlcoR
Q86VM9,mRNA,953.0,1,953,1.0,1,AlcoR
Q86W50,snRNA,562.0,1,562,1.0,1,AlcoR
Q86XI8,unknown,627.0,1,16,0.0255183413078149,1,AlcoR
Q86XU0,unknown,584.0,2,40,0.0684931506849315,2,AlcoR
Q86Y13,mRNA,1208.0,1,443,0.3667218543046358,1,AlcoR
Q86Y79,tRNA,214.0,1,41,0.1915887850467289,1,AlcoR
Q86YF9,mRNA,867.0,2,250,0.2883506343713956,2,AlcoR
Q86YN6,unknown,1023.0,2,36,0.0351906158357771,2,AlcoR
Q8IU60,mRNA,420.0,1,406,0.9666666666666668,1,AlcoR
Q8IV42,tRNA,348.0,1,103,0.2959770114942529,1,AlcoR
Q8IWX8,mRNA,916.0,4,61,0.0665938864628821,3+,AlcoR
Q8IWZ8,mRNA,645.0,2,26,0.0403100775193798,2,AlcoR
Q8IX01,mRNA,1082.0,1,173,0.1598890942698706,1,AlcoR
Q8IX18,mRNA,779.0,3,570,0.7317073170731707,3+,AlcoR
Q8IXM6,unknown,262.0,2,122,0.465648854961832,2,AlcoR
Q8IXT5,mRNA,1001.0,1,15,0.0149850149850149,1,AlcoR
Q8IY37,snoRNA,1157.0,2,260,0.2247191011235955,2,AlcoR
Q8IY81,pre-rRNA,847.0,1,65,0.076741440377804,1,AlcoR
Q8IYL2,tRNA,757.0,1,15,0.0198150594451783,1,AlcoR
Q8IYX4,mRNA,353.0,9,190,0.5382436260623229,3+,AlcoR
Q8IZ13,unknown,594.0,2,237,0.398989898989899,2,AlcoR
Q8IZ69,tRNA,625.0,3,213,0.3408,3+,AlcoR
Q8IZ73,tRNA,545.0,4,349,0.6403669724770642,3+,AlcoR
Q8IZD4,mRNA,617.0,2,533,0.8638573743922204,2,AlcoR
Q8IZH2,diverse,1706.0,3,1529,0.8962485345838218,3+,AlcoR
Q8IZP6,snRNA,322.0,1,245,0.7608695652173914,1,AlcoR
Q8N163,mRNA,923.0,7,165,0.1787648970747562,3+,AlcoR
Q8N1G2,mRNA,835.0,6,475,0.5688622754491018,3+,AlcoR
Q8N1G4,unknown,583.0,4,361,0.6192109777015438,3+,AlcoR
Q8N1W1,mRNA,1705.0,7,126,0.0739002932551319,3+,AlcoR
Q8N201,snRNA,2190.0,1,106,0.0484018264840182,1,AlcoR
Q8N2A8,ncRNA,252.0,1,18,0.0714285714285714,1,AlcoR
Q8N2G6,unknown,241.0,3,147,0.6099585062240664,3+,AlcoR
Q8N2M8,mRNA,674.0,1,185,0.2744807121661721,1,AlcoR
Q8N442,mRNA,669.0,3,98,0.1464872944693572,3+,AlcoR
Q8N5C6,unknown,995.0,1,14,0.0140703517587939,1,AlcoR
Q8N5C7,tRNA,304.0,1,268,0.881578947368421,1,AlcoR
Q8N5Y2,ncRNA,521.0,1,15,0.0287907869481765,1,AlcoR
Q8N684,mRNA,471.0,1,83,0.1762208067940552,1,AlcoR
Q8N7X1,mRNA,1067.0,1,109,0.1021555763823805,1,AlcoR
Q8N8Q3,tRNA,282.0,2,274,0.9716312056737588,2,AlcoR
Q8N9N2,unknown,400.0,1,208,0.52,1,AlcoR
Q8NAT2,ncRNA,981.0,3,52,0.0530071355759429,3+,AlcoR
Q8NAV1,snRNA,312.0,1,85,0.2724358974358974,1,AlcoR
Q8NB42,unknown,609.0,5,373,0.6124794745484401,3+,AlcoR
Q8NC26,unknown,417.0,2,24,0.0575539568345323,2,AlcoR
Q8NC51,mRNA,408.0,2,226,0.553921568627451,2,AlcoR
Q8NCV1,mRNA,583.0,2,287,0.4922813036020583,2,AlcoR
Q8NDF8,diverse,572.0,2,465,0.8129370629370629,2,AlcoR
Q8NDG6,ncRNA,1382.0,2,25,0.0180897250361794,2,AlcoR
Q8NDV7,mRNA,1962.0,3,60,0.0305810397553516,3+,AlcoR
Q8NE35,mRNA,698.0,2,176,0.2521489971346705,2,AlcoR
Q8NE71,mRNA,845.0,2,176,0.208284023668639,2,AlcoR
Q8NEJ9,mRNA,315.0,1,78,0.2476190476190476,1,AlcoR
Q8NHQ9,pre-rRNA,600.0,1,71,0.1183333333333333,1,AlcoR
Q8NI36,pre-rRNA,895.0,2,392,0.4379888268156424,2,AlcoR
Q8TB72,mRNA,1066.0,1,38,0.0356472795497185,1,AlcoR
Q8TBZ6,tRNA,339.0,1,339,1.0,1,AlcoR
Q8TBZ8,unknown,553.0,1,446,0.8065099457504521,1,AlcoR
Q8TC59,ncRNA,973.0,3,61,0.0626927029804727,3+,AlcoR
Q8TC92,mRNA,643.0,1,476,0.7402799377916018,1,AlcoR
Q8TCP9,unknown,573.0,3,223,0.3891797556719022,3+,AlcoR
Q8TCS8,diverse,783.0,2,168,0.21455938697318,2,AlcoR
Q8TDD1,pre-rRNA,881.0,1,648,0.735527809307605,1,AlcoR
Q8TDG4,unknown,1101.0,2,190,0.1725703905540417,2,AlcoR
Q8TDI0,unknown,1954.0,1,13,0.0066530194472876,1,AlcoR
Q8TE96,mRNA,717.0,3,69,0.0962343096234309,3+,AlcoR
Q8TEA1,unknown,469.0,2,30,0.0639658848614072,2,AlcoR
Q8TEQ6,snRNA,1508.0,1,24,0.0159151193633952,1,AlcoR
Q8TF46,diverse,1054.0,5,851,0.8074003795066413,3+,AlcoR
Q8WTS6,ncRNA,366.0,2,38,0.1038251366120218,2,AlcoR
Q8WUQ7,mRNA,758.0,5,176,0.2321899736147757,3+,AlcoR
Q8WWH5,tRNA,349.0,2,29,0.0830945558739255,2,AlcoR
Q8WWY3,snRNA,499.0,1,10,0.0200400801603206,1,AlcoR
Q8WXA9,mRNA,508.0,7,347,0.6830708661417323,3+,AlcoR
Q8WYQ5,ncRNA,773.0,1,92,0.1190168175937904,1,AlcoR
Q92499,mRNA,740.0,2,77,0.104054054054054,2,AlcoR
Q92540,mRNA,1137.0,2,593,0.5215479331574319,2,AlcoR
Q92665,ribosomal protein,395.0,2,304,0.769620253164557,2,AlcoR
Q92667,mRNA,903.0,1,43,0.0476190476190476,1,AlcoR
Q92797,mRNA,1274.0,1,21,0.0164835164835164,1,AlcoR
Q92879,mRNA,486.0,2,272,0.5596707818930041,2,AlcoR
Q92945,mRNA,711.0,4,100,0.140646976090014,3+,AlcoR
Q92979,pre-rRNA,244.0,3,39,0.1598360655737705,3+,AlcoR
Q93091,diverse,150.0,1,13,0.0866666666666666,1,AlcoR
Q969S9,mRNA,779.0,3,99,0.1270860077021822,3+,AlcoR
Q969Y2,tRNA,492.0,4,257,0.5223577235772358,3+,AlcoR
Q969Z0,mRNA,631.0,1,51,0.080824088748019,1,AlcoR
Q96AZ6,ncRNA,181.0,3,52,0.287292817679558,3+,AlcoR
Q96BT7,tRNA,664.0,2,536,0.8072289156626506,2,AlcoR
Q96CB9,pre-rRNA,384.0,1,14,0.0364583333333333,1,AlcoR
Q96DE0,snoRNA,195.0,1,195,1.0,1,AlcoR
Q96DF8,mRNA,476.0,4,61,0.1281512605042016,3+,AlcoR
Q96DP5,tRNA,389.0,1,86,0.2210796915167095,1,AlcoR
Q96E39,mRNA,390.0,2,260,0.6666666666666666,2,AlcoR
Q96EH8,unknown,262.0,5,100,0.3816793893129771,3+,AlcoR
Q96EK7,unknown,910.0,2,247,0.2714285714285714,2,AlcoR
Q96EP5,mRNA,407.0,2,53,0.1302211302211302,2,AlcoR
Q96EV2,mRNA,1170.0,2,32,0.0273504273504273,2,AlcoR
Q96EY7,mRNA,689.0,5,420,0.6095791001451378,3+,AlcoR
Q96EY9,tRNA,367.0,2,222,0.6049046321525886,2,AlcoR
Q96F86,mRNA,508.0,2,387,0.7618110236220472,2,AlcoR
Q96FC9,unknown,970.0,15,400,0.4123711340206185,3+,AlcoR
Q96FX7,mRNA,289.0,3,136,0.4705882352941176,3+,AlcoR
Q96G46,tRNA,650.0,3,166,0.2553846153846154,3+,AlcoR
Q96GW9,tRNA,593.0,1,158,0.266441821247892,1,AlcoR
Q96H35,mRNA,190.0,1,177,0.9315789473684212,1,AlcoR
Q96H79,unknown,300.0,5,120,0.4,3+,AlcoR
Q96HR8,snoRNA,494.0,1,14,0.0283400809716599,1,AlcoR
Q96I27,unknown,306.0,1,128,0.4183006535947712,1,AlcoR
Q96IP4,unknown,442.0,2,104,0.2352941176470588,2,AlcoR
Q96IZ5,mRNA,413.0,5,194,0.4697336561743341,3+,AlcoR
Q96J87,mRNA,481.0,1,16,0.0332640332640332,1,AlcoR
Q96JM7,unknown,780.0,3,542,0.6948717948717948,3+,AlcoR
Q96K58,unknown,619.0,2,439,0.7092084006462036,2,AlcoR
Q96KR1,unknown,1074.0,1,23,0.0214152700186219,1,AlcoR
Q96L91,unknown,3159.0,4,103,0.032605254827477,3+,AlcoR
Q96LT9,snRNA,517.0,1,20,0.0386847195357833,1,AlcoR
Q96M93,mRNA,576.0,1,91,0.1579861111111111,1,AlcoR
Q96MU7,mRNA,727.0,1,145,0.1994497936726272,1,AlcoR
Q96MX3,unknown,618.0,3,62,0.1003236245954692,3+,AlcoR
Q96N46,unknown,770.0,2,542,0.7038961038961039,2,AlcoR
Q96P11,pre-rRNA,429.0,2,106,0.247086247086247,2,AlcoR
Q96P70,mRNA,1041.0,5,122,0.1171950048030739,3+,AlcoR
Q96PK6,mRNA,669.0,1,75,0.1121076233183856,1,AlcoR
Q96Q11,tRNA,434.0,3,424,0.976958525345622,3+,AlcoR
Q96Q15,mRNA,3661.0,4,659,0.1800054629882545,3+,AlcoR
Q96QC0,unknown,940.0,2,251,0.2670212765957447,2,AlcoR
Q96QU8,mRNA,1125.0,18,340,0.3022222222222222,3+,AlcoR
Q96RP9,mRNA,751.0,2,35,0.0466045272969374,2,AlcoR
Q96S44,tRNA,253.0,1,30,0.1185770750988142,1,AlcoR
Q96SZ4,unknown,780.0,2,191,0.2448717948717948,2,AlcoR
Q96T37,mRNA,977.0,7,290,0.2968270214943705,3+,AlcoR
Q96T58,mRNA,3664.0,7,972,0.2652838427947598,3+,AlcoR
Q99459,mRNA,802.0,2,283,0.3528678304239401,2,AlcoR
Q99575,ncRNA,1024.0,3,220,0.21484375,3+,AlcoR
Q99613,mRNA,913.0,4,63,0.0690032858707557,3+,AlcoR
Q99633,mRNA,342.0,4,113,0.3304093567251462,3+,AlcoR
Q99714,tRNA,261.0,4,135,0.5172413793103449,3+,AlcoR
Q99973,ncRNA,2627.0,13,1490,0.5671869052150742,3+,AlcoR
Q9BQ39,pre-rRNA,737.0,1,13,0.0176390773405698,1,AlcoR
Q9BQC6,ribosomal protein,102.0,1,102,1.0,1,AlcoR
Q9BQG2,mRNA,462.0,2,23,0.0497835497835497,2,AlcoR
Q9BR11,unknown,485.0,6,138,0.2845360824742268,3+,AlcoR
Q9BRP8,mRNA,204.0,2,83,0.4068627450980392,2,AlcoR
Q9BRS2,pre-rRNA,568.0,2,401,0.7059859154929577,2,AlcoR
Q9BRS8,mRNA,491.0,13,402,0.8187372708757638,3+,AlcoR
Q9BSC4,pre-rRNA,688.0,2,37,0.0537790697674418,2,AlcoR
Q9BSV6,tRNA,310.0,1,26,0.0838709677419354,1,AlcoR
Q9BTD8,mRNA,480.0,1,11,0.0229166666666666,1,AlcoR
Q9BTF0,tRNA,503.0,1,13,0.025844930417495,1,AlcoR
Q9BUB4,tRNA,502.0,16,321,0.6394422310756972,3+,AlcoR
Q9BUJ2,mRNA,856.0,1,12,0.014018691588785,1,AlcoR
Q9BUQ8,snRNA,820.0,1,385,0.4695121951219512,1,AlcoR
Q9BV44,tRNA,507.0,3,495,0.9763313609467456,3+,AlcoR
Q9BVP2,pre-rRNA,549.0,3,73,0.1329690346083788,3+,AlcoR
Q9BWE0,unknown,567.0,1,16,0.0282186948853615,1,AlcoR
Q9BWT3,mRNA,736.0,1,210,0.2853260869565217,1,AlcoR
Q9BX63,unknown,1249.0,2,32,0.0256204963971176,2,AlcoR
Q9BXP5,ncRNA,876.0,5,139,0.158675799086758,3+,AlcoR
Q9BXR0,tRNA,403.0,2,95,0.2357320099255583,2,AlcoR
Q9BXT6,ncRNA,1211.0,2,144,0.1189099917423616,2,AlcoR
Q9BXT8,mRNA,1623.0,2,38,0.0234134319162045,2,AlcoR
Q9BXU2,mRNA,312.0,5,98,0.3141025641025641,3+,AlcoR
Q9BXV9,tRNA,100.0,2,94,0.94,2,AlcoR
Q9BY44,tRNA,585.0,2,28,0.0478632478632478,2,AlcoR
Q9BYD2,ribosomal protein,267.0,1,267,1.0,1,AlcoR
Q9BYJ9,mRNA,559.0,1,82,0.146690518783542,1,AlcoR
Q9BYX4,ncRNA,1025.0,15,406,0.3960975609756098,3+,AlcoR
Q9BZJ0,mRNA,848.0,6,195,0.2299528301886792,3+,AlcoR
Q9C0B1,mRNA,505.0,1,257,0.5089108910891089,1,AlcoR
Q9C0B9,unknown,1178.0,15,390,0.3310696095076401,3+,AlcoR
Q9C0D7,unknown,883.0,1,31,0.0351075877689694,1,AlcoR
Q9GZR2,pre-rRNA,422.0,1,24,0.0568720379146919,1,AlcoR
Q9H0A0,pre-rRNA,1025.0,1,922,0.8995121951219512,1,AlcoR
Q9H0A6,unknown,362.0,1,14,0.0386740331491712,1,AlcoR
Q9H0H0,snRNA,1196.0,5,176,0.1471571906354515,3+,AlcoR
Q9H0W8,mRNA,520.0,1,14,0.0269230769230769,1,AlcoR
Q9H1J1,mRNA,476.0,3,55,0.1155462184873949,3+,AlcoR
Q9H2T7,mRNA,1088.0,3,1076,0.9889705882352942,3+,AlcoR
Q9H2U1,mRNA,1008.0,1,19,0.0188492063492063,1,AlcoR
Q9H2W6,ribosomal protein,279.0,1,16,0.057347670250896,1,AlcoR
Q9H307,mRNA,717.0,2,65,0.0906555090655509,2,AlcoR
Q9H3H1,tRNA,467.0,4,143,0.3062098501070663,3+,AlcoR
Q9H3J6,mRNA,166.0,1,166,1.0,1,AlcoR
Q9H4L7,unknown,1026.0,6,701,0.6832358674463938,3+,AlcoR
Q9H4T2,unknown,348.0,2,29,0.0833333333333333,2,AlcoR
Q9H5H4,unknown,540.0,3,93,0.1722222222222222,3+,AlcoR
Q9H633,ncRNA,154.0,1,154,1.0,1,AlcoR
Q9H668,unknown,368.0,2,29,0.0788043478260869,2,AlcoR
Q9H6F5,unknown,360.0,1,38,0.1055555555555555,1,AlcoR
Q9H6R0,mRNA,707.0,1,127,0.1796322489391796,1,AlcoR
Q9H6S0,mRNA,1430.0,2,1321,0.9237762237762238,2,AlcoR
Q9H7N4,mRNA,1312.0,4,246,0.1875,3+,AlcoR
Q9H840,snRNA,131.0,2,39,0.2977099236641221,2,AlcoR
Q9H9G7,ncRNA,860.0,7,128,0.1488372093023255,3+,AlcoR
Q9H9J2,ribosomal protein,332.0,2,325,0.9789156626506024,2,AlcoR
Q9H9L3,pre-rRNA,353.0,1,15,0.0424929178470254,1,AlcoR
Q9HAU5,mRNA,1272.0,4,211,0.165880503144654,3+,AlcoR
Q9HAV4,ncRNA,1204.0,7,203,0.1686046511627907,3+,AlcoR
Q9HBD1,mRNA,1191.0,2,27,0.0226700251889168,2,AlcoR
Q9HBD4,unknown,1679.0,9,1177,0.7010125074449077,3+,AlcoR
Q9HC10,unknown,1997.0,14,236,0.1181772658988482,3+,AlcoR
Q9HC16,mRNA,384.0,1,14,0.0364583333333333,1,AlcoR
Q9HC36,pre-rRNA,420.0,4,148,0.3523809523809524,3+,AlcoR
Q9HC44,unknown,474.0,4,100,0.2109704641350211,3+,AlcoR
Q9HCJ3,mRNA,691.0,7,146,0.2112879884225759,3+,AlcoR
Q9HCK5,ncRNA,861.0,1,23,0.0267131242740998,1,AlcoR
Q9HCK8,mRNA,2581.0,4,1098,0.4254165052305308,3+,AlcoR
Q9HCS7,mRNA,855.0,1,14,0.0163742690058479,1,AlcoR
Q9HD33,ribosomal protein,250.0,5,112,0.448,3+,AlcoR
Q9NP77,mRNA,194.0,1,127,0.654639175257732,1,AlcoR
Q9NP92,ribosomal protein,439.0,1,173,0.3940774487471526,1,AlcoR
Q9NPD3,diverse,245.0,1,245,1.0,1,AlcoR
Q9NPJ8,mRNA,142.0,1,13,0.0915492957746478,1,AlcoR
Q9NQ29,mRNA,371.0,1,257,0.692722371967655,1,AlcoR
Q9NQ50,ribosomal protein,206.0,1,13,0.0631067961165048,1,AlcoR
Q9NQI0,mRNA,724.0,1,214,0.2955801104972376,1,AlcoR
Q9NQM4,unknown,214.0,1,12,0.0560747663551401,1,AlcoR
Q9NR48,ncRNA,2969.0,2,71,0.0239137756820478,2,AlcoR
Q9NR90,mRNA,486.0,1,246,0.5061728395061729,1,AlcoR
Q9NR97,ncRNA,1041.0,1,110,0.1056676272814601,1,AlcoR
Q9NRA8,mRNA,985.0,3,610,0.6192893401015228,3+,AlcoR
Q9NRX2,ribosomal protein,175.0,1,35,0.2,1,AlcoR
Q9NS39,mRNA,739.0,1,91,0.1231393775372124,1,AlcoR
Q9NTZ6,mRNA,932.0,9,239,0.2564377682403433,3+,AlcoR
Q9NUM4,unknown,274.0,3,31,0.1131386861313868,3+,AlcoR
Q9NV66,tRNA,732.0,8,226,0.3087431693989071,3+,AlcoR
Q9NV88,snRNA,658.0,1,70,0.1063829787234042,1,AlcoR
Q9NVH2,snRNA,962.0,1,15,0.0155925155925155,1,AlcoR
Q9NVM6,unknown,304.0,4,87,0.2861842105263157,3+,AlcoR
Q9NVN8,pre-rRNA,582.0,7,117,0.2010309278350515,3+,AlcoR
Q9NVP1,pre-rRNA,670.0,1,356,0.5313432835820896,1,AlcoR
Q9NVS2,ribosomal protein,196.0,4,110,0.5612244897959183,3+,AlcoR
Q9NW07,unknown,568.0,1,229,0.403169014084507,1,AlcoR
Q9NX05,unknown,1096.0,5,196,0.1788321167883211,3+,AlcoR
Q9NX07,tRNA,287.0,1,82,0.2857142857142857,1,AlcoR
Q9NXL6,ncRNA,827.0,4,659,0.7968561064087062,3+,AlcoR
Q9NXZ2,mRNA,648.0,1,16,0.0246913580246913,1,AlcoR
Q9NY93,pre-rRNA,547.0,1,17,0.0310786106032906,1,AlcoR
Q9NYF8,mRNA,920.0,1,18,0.0195652173913043,1,AlcoR
Q9NYH9,snoRNA,597.0,1,19,0.0318257956448911,1,AlcoR
Q9NZB2,mRNA,1118.0,2,543,0.4856887298747764,2,AlcoR
Q9NZJ5,mRNA,1116.0,3,877,0.78584229390681,3+,AlcoR
Q9P1Y6,mRNA,1649.0,1,18,0.010915706488781,1,AlcoR
Q9P2E3,unknown,1918.0,15,357,0.1861313868613138,3+,AlcoR
Q9P2E9,mRNA,1410.0,2,127,0.0900709219858156,2,AlcoR
Q9P2I0,mRNA,782.0,1,15,0.0191815856777493,1,AlcoR
Q9P2J5,tRNA,1176.0,4,109,0.0926870748299319,3+,AlcoR
Q9P2K8,tRNA,1649.0,3,61,0.0369921164342025,3+,AlcoR
Q9P2N5,mRNA,1060.0,9,261,0.2462264150943396,3+,AlcoR
Q9P2P1,unknown,1898.0,1,17,0.0089567966280295,1,AlcoR
Q9UBC3,diverse,853.0,2,416,0.4876905041031653,2,AlcoR
Q9UBK2,unknown,798.0,2,120,0.150375939849624,2,AlcoR
Q9UBP6,tRNA,276.0,1,15,0.0543478260869565,1,AlcoR
Q9UBQ5,mRNA,218.0,3,86,0.3944954128440367,3+,AlcoR
Q9UBS3,unknown,223.0,2,183,0.820627802690583,2,AlcoR
Q9UBU9,mRNA,619.0,7,364,0.5880452342487884,3+,AlcoR
Q9UEG4,unknown,869.0,2,30,0.0345224395857307,2,AlcoR
Q9UFF9,mRNA,292.0,2,33,0.1130136986301369,2,AlcoR
Q9UGY1,pre-rRNA,213.0,2,36,0.1690140845070422,2,AlcoR
Q9UHB9,ncRNA,627.0,7,122,0.1945773524720893,3+,AlcoR
Q9UHC7,mRNA,482.0,2,473,0.9813278008298756,2,AlcoR
Q9UHI6,snRNA,824.0,2,143,0.1735436893203883,2,AlcoR
Q9UHK0,snoRNA,495.0,5,75,0.1515151515151515,3+,AlcoR
Q9UI10,mRNA,523.0,2,249,0.4760994263862332,2,AlcoR
Q9UIF8,ncRNA,2168.0,1,166,0.0765682656826568,1,AlcoR
Q9UIF9,ncRNA,1905.0,2,592,0.310761154855643,2,AlcoR
Q9UJV9,mRNA,622.0,5,143,0.2299035369774919,3+,AlcoR
Q9UK39,mRNA,431.0,1,15,0.0348027842227378,1,AlcoR
Q9UKA9,mRNA,531.0,1,30,0.0564971751412429,1,AlcoR
Q9UKF6,mRNA,684.0,4,77,0.1125730994152046,3+,AlcoR
Q9UKJ3,unknown,1502.0,4,116,0.0772303595206391,3+,AlcoR
Q9UKT8,unknown,454.0,6,158,0.3480176211453744,3+,AlcoR
Q9UKV8,ncRNA,859.0,7,165,0.1920838183934808,3+,AlcoR
Q9UL03,snRNA,887.0,5,472,0.532130777903044,3+,AlcoR
Q9UL18,ncRNA,857.0,6,147,0.1715285880980163,3+,AlcoR
Q9UL40,unknown,294.0,2,131,0.445578231292517,2,AlcoR
Q9ULG1,unknown,1556.0,3,1192,0.7660668380462725,3+,AlcoR
Q9ULR0,mRNA,285.0,1,111,0.3894736842105263,1,AlcoR
Q9ULX3,pre-rRNA,412.0,1,49,0.1189320388349514,1,AlcoR
Q9ULX6,mRNA,646.0,9,131,0.2027863777089783,3+,AlcoR
Q9UMS4,mRNA,504.0,3,264,0.5238095238095238,3+,AlcoR
Q9UNX4,snoRNA,943.0,10,524,0.5556733828207847,3+,AlcoR
Q9UNY4,mRNA,1162.0,2,305,0.2624784853700516,2,AlcoR
Q9UPN6,mRNA,1271.0,3,119,0.0936270653029111,3+,AlcoR
Q9UPS6,ncRNA,1966.0,3,306,0.155645981688708,3+,AlcoR
Q9UPU9,mRNA,718.0,2,37,0.0515320334261838,2,AlcoR
Q9UPY3,ncRNA,1922.0,2,670,0.3485952133194589,2,AlcoR
Q9Y230,mRNA,463.0,1,12,0.0259179265658747,1,AlcoR
Q9Y265,mRNA,456.0,1,172,0.3771929824561403,1,AlcoR
Q9Y291,ribosomal protein,106.0,1,106,1.0,1,AlcoR
Q9Y2L1,diverse,958.0,1,13,0.0135699373695198,1,AlcoR
Q9Y2T7,mRNA,364.0,2,42,0.1153846153846153,2,AlcoR
Q9Y2V2,mRNA,147.0,1,147,1.0,1,AlcoR
Q9Y2W1,mRNA,955.0,1,35,0.0366492146596858,1,AlcoR
Q9Y2W6,ncRNA,561.0,2,524,0.9340463458110516,2,AlcoR
Q9Y333,snRNA,95.0,2,24,0.2526315789473684,2,AlcoR
Q9Y388,mRNA,322.0,4,49,0.1521739130434782,3+,AlcoR
Q9Y399,ribosomal protein,296.0,6,245,0.8277027027027027,3+,AlcoR
Q9Y3A5,pre-rRNA,250.0,3,46,0.184,3+,AlcoR
Q9Y3E5,tRNA,179.0,1,77,0.4301675977653631,1,AlcoR
Q9Y3F4,mRNA,350.0,1,11,0.0314285714285714,1,AlcoR
Q9Y3U8,ribosomal protein,105.0,1,14,0.1333333333333333,1,AlcoR
Q9Y473,unknown,711.0,1,711,1.0,1,AlcoR
Q9Y4B4,unknown,1467.0,3,49,0.0334014996591683,3+,AlcoR
Q9Y4C8,pre-rRNA,960.0,2,222,0.23125,2,AlcoR
Q9Y4F3,ncRNA,1742.0,2,71,0.0407577497129735,2,AlcoR
Q9Y5A9,mRNA,579.0,1,119,0.2055267702936096,1,AlcoR
Q9Y6G3,ribosomal protein,142.0,2,135,0.9507042253521126,2,AlcoR
Q9Y6K5,ncRNA,1087.0,1,12,0.0110395584176632,1,AlcoR
Q9Y6M1,mRNA,599.0,1,12,0.020033388981636,1,AlcoR
R4GMX9,snRNA,53.0,1,53,1.0,1,AlcoR
R4GNH1,unknown,168.0,2,121,0.7202380952380952,2,AlcoR
S4R469,mRNA,234.0,3,112,0.4786324786324786,3+,AlcoR
X6R7H2,mRNA,631.0,4,89,0.1410459587955626,3+,AlcoR
X6RDA4,ncRNA,248.0,1,150,0.6048387096774194,1,AlcoR
X6RJY0,snoRNA,320.0,1,11,0.034375,1,AlcoR
A0A024R214,mRNA,626.0,1,193,0.3083067092651757,1,CAST
A0A024RCN4,unknown,479.0,1,136,0.2839248434237996,1,CAST
A0A087WT20,pre-rRNA,597.0,1,86,0.1440536013400335,1,CAST
A0A087WUV0,unknown,522.0,1,90,0.1724137931034483,1,CAST
A0A087WVF4,unknown,1798.0,3,872,0.4849833147942158,3+,CAST
A0A087WZ13,unknown,739.0,2,214,0.2895805142083897,2,CAST
A0A0A0MQW0,mRNA,576.0,2,174,0.3020833333333333,2,CAST
A0A0A0MQZ6,pre-rRNA,189.0,1,131,0.6931216931216931,1,CAST
A0A0A0MRM9,snoRNA,708.0,1,662,0.9350282485875706,1,CAST
A0A0A0MRZ1,unknown,733.0,2,309,0.4215552523874488,2,CAST
A0A0A0MSN9,mRNA,333.0,2,170,0.5105105105105106,2,CAST
A0A0B4J1V9,unknown,884.0,1,154,0.17420814479638,1,CAST
A0A0B4J203,mRNA,849.0,2,105,0.1236749116607773,2,CAST
A0A0C4DG89,snRNA,1032.0,3,460,0.4457364341085271,3+,CAST
A0A0C4DGG8,mRNA,1043.0,5,607,0.5819750719079578,3+,CAST
A0A0D9SF53,unknown,733.0,2,188,0.2564802182810368,2,CAST
A0A0D9SFM0,unknown,1687.0,2,112,0.0663900414937759,2,CAST
A0A140T8Y2,pre-rRNA,407.0,1,33,0.081081081081081,1,CAST
A0A140TA76,mRNA,344.0,2,150,0.436046511627907,2,CAST
A0A1W2PPH5,unknown,198.0,1,64,0.3232323232323232,1,CAST
A0A2R8Y4L2,mRNA,320.0,1,123,0.384375,1,CAST
A0A2R8Y6W8,unknown,807.0,2,84,0.104089219330855,2,CAST
A0A384DVK4,unknown,778.0,3,472,0.6066838046272494,3+,CAST
A0A499FI31,snRNA,981.0,3,247,0.2517838939857288,3+,CAST
A0A590UJW6,unknown,1086.0,2,880,0.8103130755064457,2,CAST
A0A5H1ZRQ2,mRNA,731.0,5,182,0.2489740082079343,3+,CAST
A0A5K1VW79,mRNA,999.0,3,532,0.5325325325325325,3+,CAST
A0A7I2V5M7,unknown,476.0,3,172,0.361344537815126,3+,CAST
A0A7N4I394,snRNA,994.0,3,648,0.6519114688128773,3+,CAST
A0A7P0N5L0,unknown,480.0,1,73,0.1520833333333333,1,CAST
A0A8I5KNN2,pre-rRNA,808.0,2,219,0.271039603960396,2,CAST
A0A8I5KSH6,unknown,925.0,2,391,0.4227027027027027,2,CAST
A0A8I5KVU2,mRNA,1735.0,2,1074,0.6190201729106628,2,CAST
A0A8I5KX04,mRNA,1686.0,4,700,0.4151838671411625,3+,CAST
A0A8V8TR54,unknown,2114.0,10,791,0.3741721854304636,3+,CAST
A0A994J7T5,mRNA,750.0,3,73,0.0973333333333333,3+,CAST
A0AA34QW03,mRNA,678.0,2,126,0.1858407079646017,2,CAST
A0ABB0MN55,mRNA,322.0,1,124,0.3850931677018633,1,CAST
A0ABB0MV08,mRNA,369.0,1,149,0.4037940379403794,1,CAST
A0ACI8P9Y7,unknown,1707.0,1,26,0.0152314001171646,1,CAST
A0ACI8PHD2,unknown,261.0,2,84,0.3218390804597701,2,CAST
A0ACI8PJP7,mRNA,596.0,1,432,0.7248322147651006,1,CAST
A0ACI8PR05,unknown,399.0,1,179,0.4486215538847117,1,CAST
A0ACI8PUZ8,unknown,1375.0,3,317,0.2305454545454545,3+,CAST
A0ACI8PVP6,unknown,744.0,1,173,0.2325268817204301,1,CAST
A0ACI8PX57,unknown,378.0,1,181,0.4788359788359788,1,CAST
A0ACI8Q0P4,unknown,829.0,3,495,0.5971049457177322,3+,CAST
A0ACI8Q806,unknown,498.0,1,246,0.4939759036144578,1,CAST
A0ACI8QA17,unknown,371.0,1,22,0.059299191374663,1,CAST
A0ACI8QHW6,unknown,749.0,2,45,0.0600801068090787,2,CAST
A0ACI8QLY8,unknown,321.0,2,116,0.3613707165109034,2,CAST
A0ACI8QNN6,unknown,701.0,1,156,0.2225392296718973,1,CAST
A0ACI8QTQ5,diverse,1388.0,4,470,0.3386167146974063,3+,CAST
A0ACI8QU73,unknown,864.0,2,194,0.224537037037037,2,CAST
A0ACI8QUJ1,unknown,752.0,1,25,0.0332446808510638,1,CAST
A0ACI8QY88,mRNA,715.0,3,314,0.4391608391608391,3+,CAST
A0ACI8R7A3,unknown,356.0,1,77,0.2162921348314606,1,CAST
A0ACI8RCQ9,unknown,534.0,1,40,0.0749063670411985,1,CAST
A0ACI8RI26,unknown,764.0,2,402,0.5261780104712042,2,CAST
A0ACI8RL22,unknown,1967.0,2,310,0.157600406710727,2,CAST
A0ACI8RLL6,unknown,729.0,1,44,0.0603566529492455,1,CAST
A0ACI8RMB5,unknown,1003.0,3,116,0.1156530408773679,3+,CAST
A0ACI8RQX4,unknown,1349.0,1,286,0.2120088954781319,1,CAST
A0ACI8RR28,unknown,918.0,3,218,0.2374727668845316,3+,CAST
A0ACI8RSP0,ribosomal protein,320.0,1,31,0.096875,1,CAST
A0ACI8RTZ8,unknown,489.0,1,62,0.1267893660531697,1,CAST
A0ACI8RX58,unknown,750.0,4,503,0.6706666666666666,3+,CAST
A0ACI8S0C5,unknown,927.0,1,155,0.1672060409924487,1,CAST
A0ACI8S113,unknown,1253.0,3,473,0.3774940143655227,3+,CAST
A0ACI8S5T8,unknown,488.0,1,94,0.1926229508196721,1,CAST
A0ACI8SAU3,unknown,2066.0,1,496,0.2400774443368828,1,CAST
A0ACI8SEY7,unknown,629.0,1,121,0.1923688394276629,1,CAST
A0ACI8SJX5,unknown,1048.0,1,162,0.1545801526717557,1,CAST
A0ACI8SL57,ribosomal protein,162.0,1,111,0.6851851851851852,1,CAST
A0ACI8SNF6,ribosomal protein,153.0,1,38,0.2483660130718954,1,CAST
A0ACI8SPJ0,snRNA,2147.0,1,49,0.0228225430833721,1,CAST
A0ACI8SQV4,unknown,211.0,1,69,0.3270142180094786,1,CAST
A0ACI8SRJ7,unknown,322.0,1,20,0.062111801242236,1,CAST
A0ACI8SXP5,unknown,451.0,2,119,0.2638580931263858,2,CAST
A0ACI8SYT5,unknown,674.0,1,142,0.2106824925816023,1,CAST
A0ACI8SZ27,unknown,721.0,1,77,0.1067961165048543,1,CAST
A0ACI8T823,unknown,380.0,1,101,0.2657894736842105,1,CAST
A0ACI8T9E2,unknown,234.0,1,45,0.1923076923076923,1,CAST
A0ACI8TFG6,tRNA,1552.0,1,259,0.166881443298969,1,CAST
A0ACI8TLM1,unknown,106.0,1,38,0.3584905660377358,1,CAST
A0ACI8TLS0,unknown,550.0,1,52,0.0945454545454545,1,CAST
A0ACI8TML7,unknown,1201.0,1,113,0.0940882597835137,1,CAST
A0ACI8TMU3,unknown,1055.0,2,185,0.1753554502369668,2,CAST
A0ACI8TN08,unknown,998.0,2,342,0.342685370741483,2,CAST
A0ACI8TQP9,unknown,2591.0,2,518,0.1999228097259745,2,CAST
A0ACI8TQS2,unknown,3008.0,12,1271,0.4225398936170212,3+,CAST
A0ACI8TS18,unknown,1048.0,1,315,0.3005725190839695,1,CAST
A0ACI8TSN5,ribosomal protein,252.0,1,65,0.2579365079365079,1,CAST
A0ACI8TSY6,unknown,1461.0,3,265,0.1813826146475017,3+,CAST
A0ACI8TUA9,unknown,638.0,4,200,0.3134796238244514,3+,CAST
A0ACI8TUB7,unknown,259.0,2,63,0.2432432432432432,2,CAST
A0ACI8TWM6,unknown,905.0,1,295,0.3259668508287293,1,CAST
A0ACI8TXE9,unknown,1448.0,2,742,0.5124309392265194,2,CAST
A0ACI8TZ93,unknown,399.0,1,14,0.0350877192982456,1,CAST
A0ACI8TZD7,unknown,856.0,2,128,0.1495327102803738,2,CAST
A0ACI8TZE9,unknown,712.0,1,265,0.372191011235955,1,CAST
A0ACI8U1B9,unknown,902.0,3,330,0.3658536585365853,3+,CAST
A0ACI8U399,unknown,786.0,2,402,0.5114503816793893,2,CAST
A0ACI8U6C5,unknown,1066.0,3,201,0.1885553470919324,3+,CAST
A0ACI8U7J9,unknown,978.0,2,423,0.4325153374233129,2,CAST
A0ACI8U804,unknown,2104.0,1,22,0.0104562737642585,1,CAST
A0ACI8UB86,unknown,209.0,1,75,0.3588516746411483,1,CAST
A0ACI8UES1,unknown,422.0,2,86,0.2037914691943128,2,CAST
A0ACI8UGJ8,unknown,626.0,1,50,0.0798722044728434,1,CAST
A0ACI8UMC2,unknown,837.0,1,32,0.038231780167264,1,CAST
A0ACI8UNX3,unknown,1077.0,3,206,0.1912720519962859,3+,CAST
A0ACI8USR5,unknown,685.0,1,44,0.0642335766423357,1,CAST
A0ACI8UTL7,unknown,402.0,1,344,0.8557213930348259,1,CAST
A0ACI8UZB3,unknown,1252.0,1,98,0.0782747603833865,1,CAST
A0ACI8V583,mRNA,621.0,2,409,0.6586151368760065,2,CAST
A0ACI8V5N8,unknown,552.0,1,40,0.072463768115942,1,CAST
A0ACI8VAV8,unknown,1149.0,1,413,0.3594429939077458,1,CAST
A0ACI8VCM9,unknown,1180.0,4,722,0.611864406779661,3+,CAST
A0ACI8VD15,unknown,1437.0,1,208,0.1447459986082115,1,CAST
A0ACI8VFS1,unknown,923.0,2,321,0.3477789815817985,2,CAST
A0ACI8VQD2,unknown,1043.0,2,264,0.2531160115052732,2,CAST
A0ACI8VSD4,mRNA,674.0,1,87,0.129080118694362,1,CAST
A0AV96,mRNA,593.0,1,95,0.1602023608768971,1,CAST
A1L020,mRNA,520.0,2,105,0.2019230769230769,2,CAST
A2A288,mRNA,527.0,1,85,0.1612903225806451,1,CAST
A2PYH4,unknown,1435.0,1,79,0.0550522648083623,1,CAST
A2RTX5,tRNA,802.0,1,51,0.0635910224438902,1,CAST
A4D1E1,unknown,1349.0,3,651,0.4825796886582654,3+,CAST
A4D1E9,unknown,387.0,1,19,0.0490956072351421,1,CAST
A5YKK6,mRNA,2376.0,2,69,0.029040404040404,2,CAST
A6NDE4,mRNA,496.0,1,451,0.9092741935483872,1,CAST
A6NDY0,mRNA,278.0,1,84,0.302158273381295,1,CAST
A6NEQ0,mRNA,496.0,1,451,0.9092741935483872,1,CAST
A6NFI3,unknown,1004.0,3,331,0.3296812749003984,3+,CAST
A6NFN3,mRNA,312.0,1,37,0.1185897435897435,1,CAST
A6NHQ2,snoRNA,334.0,1,75,0.2245508982035928,1,CAST
A6NKG5,unknown,1358.0,3,222,0.1634756995581738,3+,CAST
A7MD48,mRNA,611.0,1,523,0.855973813420622,1,CAST
A8MXP9,mRNA,895.0,2,357,0.3988826815642458,2,CAST
B0QYK0,mRNA,618.0,2,492,0.7961165048543689,2,CAST
B0QYY4,mRNA,370.0,1,47,0.127027027027027,1,CAST
B5MCF9,pre-rRNA,571.0,2,177,0.3099824868651488,2,CAST
B5MCU0,unknown,990.0,6,576,0.5818181818181818,3+,CAST
B8ZZ98,mRNA,158.0,2,120,0.759493670886076,2,CAST
C9J323,mRNA,145.0,1,18,0.1241379310344827,1,CAST
C9J6P4,ncRNA,1024.0,1,414,0.404296875,1,CAST
C9J9B2,mRNA,264.0,1,24,0.0909090909090909,1,CAST
C9JAB2,mRNA,235.0,1,114,0.4851063829787234,1,CAST
C9JCE0,mRNA,148.0,1,64,0.4324324324324324,1,CAST
C9JE40,mRNA,543.0,2,126,0.2320441988950276,2,CAST
C9JP00,mRNA,348.0,1,36,0.1034482758620689,1,CAST
D4PHA4,unknown,493.0,3,283,0.5740365111561866,3+,CAST
D6R954,tRNA,199.0,1,78,0.3919597989949748,1,CAST
D6R9W6,mRNA,518.0,2,166,0.3204633204633205,2,CAST
D6W5Y5,mRNA,297.0,1,68,0.2289562289562289,1,CAST
E5RHF4,ribosomal protein,198.0,1,31,0.1565656565656565,1,CAST
E5RJM0,mRNA,639.0,1,336,0.5258215962441315,1,CAST
E5RJZ9,mRNA,265.0,1,12,0.0452830188679245,1,CAST
E7EPX0,mRNA,491.0,1,68,0.1384928716904277,1,CAST
E7ESL0,ribosomal protein,212.0,1,8,0.0377358490566037,1,CAST
E7ET15,snRNA,1028.0,5,706,0.6867704280155642,3+,CAST
E7ETK0,ribosomal protein,131.0,1,49,0.3740458015267175,1,CAST
E7ETU5,mRNA,370.0,1,26,0.0702702702702702,1,CAST
E7EV40,mRNA,204.0,1,60,0.2941176470588235,1,CAST
E7EWR4,mRNA,597.0,1,50,0.083752093802345,1,CAST
E9PB61,mRNA,264.0,2,84,0.3181818181818182,2,CAST
E9PFF5,mRNA,490.0,1,155,0.3163265306122449,1,CAST
E9PIF2,pre-rRNA,835.0,2,341,0.4083832335329341,2,CAST
E9PL19,mRNA,596.0,2,171,0.2869127516778523,2,CAST
E9PMM9,ribosomal protein,218.0,1,49,0.2247706422018348,1,CAST
F5GYR3,pre-rRNA,275.0,1,84,0.3054545454545455,1,CAST
F5H0R1,snRNA,912.0,1,82,0.0899122807017543,1,CAST
F6TAI2,mRNA,324.0,1,95,0.2932098765432099,1,CAST
F6VAP0,mRNA,555.0,1,95,0.1711711711711711,1,CAST
F8VP89,mRNA,275.0,1,106,0.3854545454545454,1,CAST
F8VQP2,mRNA,1073.0,2,597,0.5563839701770736,2,CAST
F8VU11,snRNA,892.0,3,684,0.7668161434977578,3+,CAST
F8VVL1,mRNA,160.0,1,38,0.2375,1,CAST
F8VXY6,mRNA,228.0,1,35,0.1535087719298245,1,CAST
F8W6I7,mRNA,307.0,1,110,0.3583061889250814,1,CAST
G3V529,pre-rRNA,816.0,2,194,0.2377450980392156,2,CAST
G5E9G0,ribosomal protein,351.0,1,41,0.1168091168091168,1,CAST
G5EA06,ribosomal protein,358.0,1,112,0.3128491620111732,1,CAST
H0Y6E7,mRNA,292.0,3,66,0.2260273972602739,3+,CAST
H0YDK8,mRNA,900.0,2,470,0.5222222222222223,2,CAST
H0YGT4,unknown,134.0,1,52,0.3880597014925373,1,CAST
H0YH84,mRNA,186.0,1,43,0.2311827956989247,1,CAST
H0YI55,mRNA,253.0,1,31,0.1225296442687747,1,CAST
H0YKX1,mRNA,171.0,1,87,0.5087719298245614,1,CAST
H0YLQ7,unknown,131.0,1,58,0.4427480916030534,1,CAST
H3BM89,ribosomal protein,333.0,1,131,0.3933933933933934,1,CAST
H3BMQ2,pre-rRNA,146.0,1,116,0.7945205479452054,1,CAST
H3BNJ4,unknown,201.0,1,76,0.3781094527363184,1,CAST
H3BPD0,unknown,197.0,2,134,0.6802030456852792,2,CAST
H3BPE7,mRNA,527.0,1,509,0.9658444022770398,1,CAST
H3BPG5,mRNA,128.0,2,70,0.546875,2,CAST
H3BSG4,tRNA,173.0,1,33,0.1907514450867052,1,CAST
H3BSW6,tRNA,586.0,2,38,0.0648464163822525,2,CAST
H7BXY3,mRNA,1166.0,1,13,0.0111492281303602,1,CAST
I3L0N7,mRNA,115.0,1,59,0.5130434782608696,1,CAST
J3KP02,unknown,692.0,2,405,0.5852601156069365,2,CAST
J3KPD3,mRNA,267.0,1,120,0.449438202247191,1,CAST
J3KPI1,mRNA,630.0,1,431,0.6841269841269841,1,CAST
J3KPK3,mRNA,459.0,1,414,0.9019607843137256,1,CAST
J3KPP4,mRNA,489.0,1,227,0.4642126789366053,1,CAST
J3KQ82,mRNA,459.0,1,414,0.9019607843137256,1,CAST
J3QL05,mRNA,130.0,1,47,0.3615384615384615,1,CAST
J3QS41,mRNA,1943.0,3,392,0.2017498713329902,3+,CAST
J3QT46,mRNA,619.0,1,114,0.1841680129240711,1,CAST
K7EJ78,ribosomal protein,129.0,1,27,0.2093023255813953,1,CAST
K7EJB9,mRNA,349.0,1,234,0.670487106017192,1,CAST
K7EKH9,unknown,261.0,1,97,0.3716475095785441,1,CAST
K7EPB9,unknown,110.0,1,91,0.8272727272727273,1,CAST
M0QY97,unknown,910.0,3,727,0.798901098901099,3+,CAST
M0QZ34,pre-rRNA,200.0,1,98,0.49,1,CAST
M0R1H0,snoRNA,178.0,1,62,0.348314606741573,1,CAST
M0R226,ribosomal protein,184.0,1,52,0.2826086956521739,1,CAST
M0R2C6,tRNA,588.0,1,34,0.0578231292517006,1,CAST
O00267,mRNA,1087.0,3,416,0.3827046918123275,3+,CAST
O00410,mRNA,1097.0,2,56,0.0510483135824977,2,CAST
O00411,mRNA,1230.0,1,99,0.0804878048780487,1,CAST
O00418,mRNA,725.0,1,103,0.1420689655172413,1,CAST
O00425,mRNA,579.0,1,22,0.0379965457685664,1,CAST
O00566,snoRNA,681.0,2,556,0.8164464023494861,2,CAST
O00567,snoRNA,594.0,1,157,0.2643097643097643,1,CAST
O00571,mRNA,662.0,2,192,0.2900302114803625,2,CAST
O14602,mRNA,144.0,1,28,0.1944444444444444,1,CAST
O14647,unknown,1828.0,4,967,0.5289934354485777,3+,CAST
O14746,ncRNA,1132.0,1,17,0.0150176678445229,1,CAST
O14776,mRNA,1098.0,4,897,0.8169398907103825,3+,CAST
O14787,mRNA,897.0,1,17,0.0189520624303233,1,CAST
O14979,mRNA,420.0,1,90,0.2142857142857142,1,CAST
O15037,mRNA,678.0,1,14,0.0206489675516224,1,CAST
O15042,snRNA,1029.0,5,706,0.6861030126336248,3+,CAST
O15047,ncRNA,1707.0,5,1110,0.6502636203866432,3+,CAST
O15056,unknown,1496.0,2,142,0.0949197860962566,2,CAST
O15105,ncRNA,426.0,1,69,0.1619718309859155,1,CAST
O15198,ncRNA,467.0,1,47,0.1006423982869379,1,CAST
O15213,snoRNA,610.0,2,151,0.2475409836065573,2,CAST
O15234,mRNA,703.0,3,652,0.9274537695590328,3+,CAST
O15371,mRNA,548.0,2,162,0.2956204379562044,2,CAST
O15372,mRNA,352.0,2,84,0.2386363636363636,2,CAST
O15397,ncRNA,1037.0,1,61,0.0588235294117647,1,CAST
O15446,pre-rRNA,510.0,2,317,0.6215686274509804,2,CAST
O15504,mRNA,423.0,1,339,0.8014184397163121,1,CAST
O15523,mRNA,660.0,2,145,0.2196969696969697,2,CAST
O15541,snRNA,343.0,1,68,0.1982507288629737,1,CAST
O43143,mRNA,795.0,2,80,0.10062893081761,2,CAST
O43148,mRNA,476.0,1,163,0.3424369747899159,1,CAST
O43159,pre-rRNA,456.0,1,138,0.3026315789473684,1,CAST
O43172,snRNA,522.0,1,19,0.0363984674329501,1,CAST
O43251,mRNA,390.0,2,154,0.3948717948717948,2,CAST
O43290,snRNA,800.0,1,630,0.7875,1,CAST
O43310,mRNA,598.0,3,174,0.2909698996655518,3+,CAST
O43390,mRNA,633.0,4,200,0.315955766192733,3+,CAST
O43395,snRNA,683.0,2,151,0.2210834553440702,2,CAST
O43422,unknown,761.0,1,61,0.0801576872536136,1,CAST
O43426,unknown,1573.0,2,571,0.3630006357279084,2,CAST
O43432,mRNA,1585.0,6,677,0.4271293375394321,3+,CAST
O43541,ncRNA,496.0,1,32,0.064516129032258,1,CAST
O43709,pre-rRNA,281.0,1,43,0.1530249110320284,1,CAST
O43719,mRNA,755.0,2,421,0.5576158940397351,2,CAST
O43776,tRNA,548.0,1,53,0.0967153284671532,1,CAST
O43818,snoRNA,475.0,2,108,0.2273684210526315,2,CAST
O43823,mRNA,692.0,2,393,0.5679190751445087,2,CAST
O60231,snRNA,1041.0,1,315,0.3025936599423631,1,CAST
O60293,unknown,1989.0,5,901,0.452991452991453,3+,CAST
O60306,mRNA,1485.0,2,101,0.068013468013468,2,CAST
O60318,mRNA,1980.0,3,508,0.2565656565656565,3+,CAST
O60506,mRNA,623.0,2,126,0.2022471910112359,2,CAST
O60508,mRNA,579.0,2,138,0.238341968911917,2,CAST
O60522,ncRNA,2096.0,1,25,0.0119274809160305,1,CAST
O60563,ncRNA,726.0,2,466,0.6418732782369146,2,CAST
O60573,mRNA,245.0,1,37,0.1510204081632653,1,CAST
O60583,ncRNA,730.0,1,388,0.5315068493150685,1,CAST
O60603,unknown,784.0,1,110,0.1403061224489795,1,CAST
O60812,mRNA,293.0,1,110,0.3754266211604095,1,CAST
O60828,mRNA,265.0,1,114,0.430188679245283,1,CAST
O60832,snoRNA,514.0,1,124,0.2412451361867704,1,CAST
O60841,tRNA,1220.0,1,626,0.5131147540983606,1,CAST
O60870,snRNA,393.0,3,194,0.4936386768447837,3+,CAST
O60942,mRNA,597.0,2,27,0.0452261306532663,2,CAST
O75127,tRNA,700.0,1,52,0.0742857142857142,1,CAST
O75132,unknown,1171.0,1,618,0.5277540563620837,1,CAST
O75152,mRNA,810.0,3,460,0.5679012345679012,3+,CAST
O75179,unknown,2603.0,7,1266,0.4863618901267768,3+,CAST
O75460,mRNA,977.0,2,80,0.0818833162743091,2,CAST
O75475,mRNA,530.0,1,463,0.8735849056603774,1,CAST
O75494,mRNA,262.0,1,156,0.5954198473282443,1,CAST
O75525,mRNA,346.0,1,12,0.0346820809248554,1,CAST
O75526,mRNA,392.0,2,52,0.1326530612244898,2,CAST
O75607,pre-rRNA,178.0,1,22,0.1235955056179775,1,CAST
O75643,snRNA,2136.0,1,49,0.022940074906367,1,CAST
O75691,snoRNA,2785.0,4,170,0.0610412926391382,3+,CAST
O75923,unknown,2080.0,2,83,0.0399038461538461,2,CAST
O75940,mRNA,238.0,1,75,0.315126050420168,1,CAST
O94761,unknown,1208.0,2,79,0.0653973509933774,2,CAST
O94874,unknown,794.0,1,92,0.1158690176322418,1,CAST
O94906,snRNA,941.0,1,99,0.1052072263549415,1,CAST
O94913,mRNA,1555.0,4,700,0.45016077170418,3+,CAST
O94992,ncRNA,359.0,1,327,0.9108635097493036,1,CAST
O95104,mRNA,1147.0,6,819,0.7140366172624237,3+,CAST
O95163,tRNA,1332.0,1,52,0.039039039039039,1,CAST
O95218,mRNA,330.0,2,273,0.8272727272727273,2,CAST
O95319,mRNA,508.0,2,183,0.3602362204724409,2,CAST
O95373,mRNA,1038.0,1,78,0.0751445086705202,1,CAST
O95391,mRNA,586.0,2,170,0.2901023890784983,2,CAST
O95400,snRNA,341.0,1,17,0.0498533724340175,1,CAST
O95453,mRNA,639.0,1,36,0.056338028169014,1,CAST
O95628,mRNA,575.0,2,222,0.3860869565217391,2,CAST
O95707,ncRNA,220.0,1,60,0.2727272727272727,1,CAST
O95793,mRNA,577.0,2,213,0.3691507798960138,2,CAST
O95926,mRNA,243.0,1,92,0.3786008230452675,1,CAST
P05198,tRNA,315.0,1,57,0.1809523809523809,1,CAST
P05386,ribosomal protein,114.0,2,61,0.5350877192982456,2,CAST
P05387,ribosomal protein,115.0,2,54,0.4695652173913043,2,CAST
P05388,ribosomal protein,317.0,1,39,0.1230283911671924,1,CAST
P05455,tRNA,408.0,1,213,0.5220588235294118,1,CAST
P06748,pre-rRNA,294.0,3,126,0.4285714285714285,3+,CAST
P07814,tRNA,1512.0,1,259,0.1712962962962963,1,CAST
P07910,mRNA,306.0,1,110,0.3594771241830065,1,CAST
P08240,ncRNA,638.0,1,125,0.1959247648902821,1,CAST
P08579,snRNA,225.0,1,23,0.1022222222222222,1,CAST
P08621,snRNA,437.0,2,204,0.4668192219679634,2,CAST
P09012,snRNA,282.0,1,67,0.2375886524822695,1,CAST
P09234,snRNA,159.0,1,95,0.5974842767295597,1,CAST
P09651,mRNA,372.0,1,175,0.4704301075268817,1,CAST
P09874,mRNA,1014.0,1,65,0.0641025641025641,1,CAST
P0C7P1,mRNA,496.0,1,451,0.9092741935483872,1,CAST
P0DJD3,mRNA,496.0,1,451,0.9092741935483872,1,CAST
P11387,unknown,765.0,2,414,0.5411764705882353,2,CAST
P12270,mRNA,2363.0,2,2729,1.1548878544223444,2,CAST
P14678,snRNA,240.0,2,148,0.6166666666666667,2,CAST
P14866,mRNA,589.0,3,128,0.2173174872665534,3+,CAST
P15170,mRNA,499.0,1,55,0.1102204408817635,1,CAST
P16383,mRNA,781.0,2,277,0.3546734955185659,2,CAST
P16989,mRNA,372.0,1,88,0.2365591397849462,1,CAST
P17480,pre-rRNA,764.0,1,668,0.8743455497382199,1,CAST
P18583,mRNA,2426.0,4,1569,0.6467436108821105,3+,CAST
P18615,mRNA,380.0,3,263,0.6921052631578948,3+,CAST
P19338,snoRNA,710.0,4,374,0.5267605633802817,3+,CAST
P19474,ncRNA,475.0,1,112,0.2357894736842105,1,CAST
P19525,ncRNA,551.0,1,84,0.1524500907441016,1,CAST
P20042,tRNA,333.0,1,143,0.4294294294294294,1,CAST
P22087,snRNA,321.0,1,75,0.2336448598130841,1,CAST
P22626,mRNA,353.0,1,149,0.4220963172804532,1,CAST
P23246,mRNA,707.0,4,524,0.7411598302687411,3+,CAST
P23588,mRNA,611.0,2,518,0.8477905073649754,2,CAST
P24534,tRNA,225.0,1,32,0.1422222222222222,1,CAST
P26358,ncRNA,1616.0,2,362,0.224009900990099,2,CAST
P26368,mRNA,475.0,1,83,0.1747368421052631,1,CAST
P26599,mRNA,557.0,2,105,0.1885098743267504,2,CAST
P26640,tRNA,1264.0,3,105,0.0830696202531645,3+,CAST
P26641,tRNA,437.0,1,68,0.1556064073226544,1,CAST
P26651,mRNA,326.0,1,276,0.8466257668711656,1,CAST
P27824,unknown,592.0,3,175,0.2956081081081081,3+,CAST
P29558,mRNA,406.0,1,26,0.064039408866995,1,CAST
P29692,tRNA,281.0,1,21,0.0747330960854092,1,CAST
P31942,mRNA,346.0,2,149,0.430635838150289,2,CAST
P31943,mRNA,449.0,2,96,0.2138084632516703,2,CAST
P33240,mRNA,577.0,1,50,0.0866551126516464,1,CAST
P35269,mRNA,517.0,1,294,0.5686653771760155,1,CAST
P35637,mRNA,526.0,1,508,0.9657794676806084,1,CAST
P36776,diverse,959.0,3,190,0.1981230448383733,3+,CAST
P37108,ncRNA,136.0,2,105,0.7720588235294118,2,CAST
P38159,mRNA,391.0,1,333,0.8516624040920716,1,CAST
P38398,ncRNA,1863.0,1,1550,0.8319914117015567,1,CAST
P38935,tRNA,993.0,4,203,0.2044310171198388,3+,CAST
P40429,ribosomal protein,203.0,1,35,0.1724137931034483,1,CAST
P41214,tRNA,584.0,1,46,0.0787671232876712,1,CAST
P42694,mRNA,1942.0,3,392,0.2018537590113285,3+,CAST
P42696,mRNA,430.0,2,186,0.4325581395348837,2,CAST
P42766,ribosomal protein,123.0,1,120,0.975609756097561,1,CAST
P43243,mRNA,847.0,2,309,0.3648170011806375,2,CAST
P46087,pre-rRNA,812.0,3,401,0.4938423645320197,3+,CAST
P46100,unknown,2492.0,4,1733,0.6954253611556982,3+,CAST
P46199,tRNA,727.0,2,117,0.1609353507565337,2,CAST
P46777,ribosomal protein,297.0,1,65,0.2188552188552188,1,CAST
P46778,ribosomal protein,160.0,1,46,0.2875,1,CAST
P47813,mRNA,144.0,1,28,0.1944444444444444,1,CAST
P47914,ribosomal protein,159.0,1,134,0.8427672955974843,1,CAST
P47974,mRNA,494.0,4,285,0.5769230769230769,3+,CAST
P49589,tRNA,748.0,1,89,0.1189839572192513,1,CAST
P49756,mRNA,843.0,2,497,0.5895610913404508,2,CAST
P49759,mRNA,484.0,1,117,0.2417355371900826,1,CAST
P49760,mRNA,499.0,1,138,0.2765531062124248,1,CAST
P49761,mRNA,490.0,1,117,0.2387755102040816,1,CAST
P49790,diverse,1475.0,2,1389,0.9416949152542372,2,CAST
P49792,mRNA,3224.0,4,1196,0.3709677419354839,3+,CAST
P50914,ribosomal protein,215.0,1,123,0.5720930232558139,1,CAST
P51114,mRNA,621.0,1,215,0.3462157809983897,1,CAST
P51116,mRNA,673.0,1,266,0.3952451708766716,1,CAST
P51513,mRNA,507.0,1,137,0.2702169625246548,1,CAST
P51531,unknown,1590.0,3,1027,0.6459119496855346,3+,CAST
P51608,mRNA,486.0,3,396,0.8148148148148148,3+,CAST
P51814,unknown,821.0,2,69,0.0840438489646772,2,CAST
P51825,mRNA,1210.0,1,1054,0.8710743801652893,1,CAST
P51991,mRNA,378.0,1,167,0.4417989417989418,1,CAST
P52272,mRNA,730.0,2,182,0.2493150684931507,2,CAST
P52594,mRNA,562.0,1,423,0.7526690391459074,1,CAST
P52756,mRNA,815.0,3,580,0.7116564417177914,3+,CAST
P52824,unknown,942.0,1,14,0.0148619957537154,1,CAST
P53999,mRNA,127.0,1,60,0.4724409448818897,1,CAST
P54253,mRNA,815.0,2,56,0.0687116564417178,2,CAST
P55010,mRNA,431.0,2,202,0.4686774941995359,2,CAST
P55199,snRNA,621.0,1,26,0.0418679549114331,1,CAST
P55265,mRNA,1226.0,1,159,0.1296900489396411,1,CAST
P55795,mRNA,449.0,2,96,0.2138084632516703,2,CAST
P55884,mRNA,814.0,2,229,0.2813267813267813,2,CAST
P56182,pre-rRNA,461.0,2,174,0.3774403470715835,2,CAST
P56270,unknown,477.0,2,254,0.5324947589098532,2,CAST
P57052,mRNA,281.0,1,115,0.4092526690391459,1,CAST
P57723,mRNA,403.0,1,58,0.1439205955334987,1,CAST
P60323,mRNA,173.0,1,16,0.0924855491329479,1,CAST
P61129,unknown,1189.0,5,513,0.4314550042052145,3+,CAST
P61218,mRNA,127.0,1,34,0.2677165354330709,1,CAST
P61254,ribosomal protein,145.0,1,38,0.2620689655172414,1,CAST
P61978,mRNA,463.0,2,94,0.203023758099352,2,CAST
P62241,ribosomal protein,208.0,1,35,0.1682692307692307,1,CAST
P62314,snRNA,119.0,1,32,0.2689075630252101,1,CAST
P62750,ribosomal protein,156.0,1,67,0.4294871794871794,1,CAST
P62753,ribosomal protein,249.0,1,114,0.4578313253012048,1,CAST
P62851,ribosomal protein,125.0,1,40,0.32,1,CAST
P62854,ribosomal protein,115.0,1,18,0.1565217391304348,1,CAST
P62861,ribosomal protein,133.0,1,31,0.2330827067669172,1,CAST
P62945,ribosomal protein,25.0,1,24,0.96,1,CAST
P62979,ribosomal protein,156.0,1,43,0.2756410256410256,1,CAST
P62995,mRNA,288.0,2,118,0.4097222222222222,2,CAST
P63162,snRNA,240.0,2,148,0.6166666666666667,2,CAST
P67809,mRNA,324.0,2,210,0.6481481481481481,2,CAST
P78316,pre-rRNA,857.0,2,410,0.4784130688448074,2,CAST
P78332,mRNA,1123.0,3,384,0.3419412288512912,3+,CAST
P78344,mRNA,907.0,1,42,0.0463065049614112,1,CAST
P78362,mRNA,688.0,3,304,0.4418604651162791,3+,CAST
P78563,mRNA,741.0,2,46,0.0620782726045884,2,CAST
P79522,unknown,188.0,1,69,0.3670212765957447,1,CAST
P82673,ribosomal protein,323.0,1,85,0.2631578947368421,1,CAST
P82675,ribosomal protein,430.0,1,81,0.1883720930232558,1,CAST
P82979,mRNA,210.0,1,67,0.319047619047619,1,CAST
P83369,snRNA,360.0,2,122,0.3388888888888889,2,CAST
P83731,ribosomal protein,157.0,1,92,0.5859872611464968,1,CAST
P84098,ribosomal protein,196.0,1,145,0.7397959183673469,1,CAST
P84103,mRNA,164.0,1,81,0.4939024390243902,1,CAST
P86452,unknown,979.0,2,98,0.1001021450459652,2,CAST
P98175,mRNA,930.0,3,507,0.5451612903225806,3+,CAST
P98179,mRNA,157.0,1,69,0.4394904458598726,1,CAST
Q00059,mRNA,246.0,1,190,0.7723577235772358,1,CAST
Q00577,mRNA,322.0,2,98,0.3043478260869565,2,CAST
Q00839,mRNA,825.0,5,276,0.3345454545454545,3+,CAST
Q01081,mRNA,240.0,1,61,0.2541666666666666,1,CAST
Q01085,mRNA,375.0,1,14,0.0373333333333333,1,CAST
Q01130,mRNA,221.0,1,139,0.6289592760180995,1,CAST
Q01780,diverse,885.0,1,142,0.1604519774011299,1,CAST
Q01844,unknown,656.0,3,530,0.8079268292682927,3+,CAST
Q02040,mRNA,695.0,2,390,0.5611510791366906,2,CAST
Q02878,ribosomal protein,288.0,1,84,0.2916666666666667,1,CAST
Q03468,unknown,1493.0,3,621,0.4159410582719357,3+,CAST
Q03701,pre-rRNA,1054.0,4,333,0.3159392789373814,3+,CAST
Q04637,mRNA,1599.0,5,653,0.4083802376485303,3+,CAST
Q05481,unknown,1191.0,1,579,0.4861460957178841,1,CAST
Q05519,mRNA,484.0,2,299,0.6177685950413223,2,CAST
Q06265,diverse,439.0,1,31,0.0706150341685649,1,CAST
Q06787,mRNA,632.0,1,25,0.0395569620253164,1,CAST
Q07021,mRNA,282.0,1,78,0.2765957446808511,1,CAST
Q07352,mRNA,338.0,1,124,0.3668639053254438,1,CAST
Q07666,mRNA,443.0,3,110,0.2483069977426636,3+,CAST
Q07864,unknown,2286.0,1,37,0.016185476815398,1,CAST
Q07955,mRNA,248.0,2,73,0.2943548387096774,2,CAST
Q08170,mRNA,494.0,1,317,0.6417004048582996,1,CAST
Q08211,ncRNA,1270.0,2,117,0.0921259842519685,2,CAST
Q09161,mRNA,790.0,1,53,0.0670886075949367,1,CAST
Q12788,snoRNA,808.0,1,24,0.0297029702970297,1,CAST
Q12849,mRNA,480.0,1,94,0.1958333333333333,1,CAST
Q12872,mRNA,951.0,5,656,0.6898002103049422,3+,CAST
Q12874,snRNA,501.0,1,40,0.0798403193612774,1,CAST
Q12904,tRNA,312.0,1,31,0.0993589743589743,1,CAST
Q12905,mRNA,390.0,2,57,0.1461538461538461,2,CAST
Q12906,mRNA,894.0,3,330,0.3691275167785235,3+,CAST
Q12926,mRNA,359.0,1,35,0.0974930362116991,1,CAST
Q12986,mRNA,1120.0,1,158,0.1410714285714285,1,CAST
Q12996,mRNA,717.0,1,68,0.0948396094839609,1,CAST
Q13064,mRNA,507.0,1,199,0.3925049309664694,1,CAST
Q13148,mRNA,414.0,1,141,0.3405797101449275,1,CAST
Q13151,mRNA,305.0,1,124,0.4065573770491803,1,CAST
Q13243,mRNA,272.0,1,95,0.3492647058823529,1,CAST
Q13247,mRNA,344.0,1,170,0.4941860465116279,1,CAST
Q13283,mRNA,466.0,3,172,0.3690987124463519,3+,CAST
Q13310,mRNA,644.0,1,82,0.1273291925465838,1,CAST
Q13325,tRNA,482.0,1,27,0.0560165975103734,1,CAST
Q13395,mRNA,1621.0,1,212,0.1307834669956817,1,CAST
Q13405,ribosomal protein,166.0,1,31,0.1867469879518072,1,CAST
Q13428,pre-rRNA,1488.0,1,1434,0.9637096774193548,1,CAST
Q13435,mRNA,895.0,8,704,0.7865921787709497,3+,CAST
Q13485,ncRNA,552.0,3,196,0.3550724637681159,3+,CAST
Q13523,snRNA,1007.0,1,576,0.5719960278053625,1,CAST
Q13573,mRNA,536.0,1,96,0.1791044776119403,1,CAST
Q13595,mRNA,282.0,2,135,0.4787234042553192,2,CAST
Q13601,snoRNA,381.0,1,157,0.4120734908136483,1,CAST
Q13823,pre-rRNA,731.0,1,252,0.3447332421340629,1,CAST
Q13825,mRNA,339.0,1,61,0.1799410029498525,1,CAST
Q14011,mRNA,172.0,1,68,0.3953488372093023,1,CAST
Q14103,mRNA,355.0,2,143,0.4028169014084507,2,CAST
Q14137,pre-rRNA,746.0,1,114,0.1528150134048257,1,CAST
Q14147,mRNA,1143.0,1,90,0.0787401574803149,1,CAST
Q14151,mRNA,953.0,3,738,0.7743966421825813,3+,CAST
Q14152,mRNA,1382.0,1,832,0.6020260492040521,1,CAST
Q14157,mRNA,1087.0,3,874,0.8040478380864765,3+,CAST
Q14204,mRNA,4646.0,1,99,0.0213086526043908,1,CAST
Q14258,mRNA,630.0,1,169,0.2682539682539682,1,CAST
Q14296,mRNA,549.0,1,10,0.0182149362477231,1,CAST
Q14444,mRNA,709.0,3,473,0.6671368124118476,3+,CAST
Q14498,mRNA,530.0,1,125,0.2358490566037736,1,CAST
Q14562,mRNA,1220.0,2,208,0.1704918032786885,2,CAST
Q14657,tRNA,143.0,1,49,0.3426573426573426,1,CAST
Q14671,mRNA,1186.0,3,474,0.3996627318718381,3+,CAST
Q14684,pre-rRNA,758.0,1,124,0.1635883905013192,1,CAST
Q14690,snoRNA,1871.0,2,226,0.1207910208444682,2,CAST
Q14692,pre-rRNA,1282.0,3,644,0.5023400936037441,3+,CAST
Q14694,mRNA,798.0,2,306,0.3834586466165413,2,CAST
Q14764,ncRNA,893.0,1,138,0.154535274356103,1,CAST
Q14839,unknown,1912.0,6,816,0.4267782426778242,3+,CAST
Q14966,mRNA,1978.0,2,1452,0.7340748230535895,2,CAST
Q15007,mRNA,396.0,2,345,0.8712121212121212,2,CAST
Q15020,snRNA,963.0,3,247,0.2564901349948079,3+,CAST
Q15022,ncRNA,739.0,2,98,0.1326116373477672,2,CAST
Q15029,tRNA,972.0,1,34,0.0349794238683127,1,CAST
Q15032,unknown,1099.0,5,459,0.4176524112829845,3+,CAST
Q15050,pre-rRNA,365.0,1,193,0.5287671232876713,1,CAST
Q15056,mRNA,248.0,1,15,0.0604838709677419,1,CAST
Q15061,pre-rRNA,677.0,1,78,0.1152141802067946,1,CAST
Q15185,ncRNA,160.0,1,57,0.35625,1,CAST
Q15233,ncRNA,471.0,3,221,0.4692144373673036,3+,CAST
Q15269,snoRNA,919.0,1,31,0.0337323177366702,1,CAST
Q15287,mRNA,305.0,3,224,0.7344262295081967,3+,CAST
Q15397,mRNA,648.0,1,168,0.2592592592592592,1,CAST
Q15415,mRNA,496.0,1,451,0.9092741935483872,1,CAST
Q15424,mRNA,915.0,2,792,0.8655737704918033,2,CAST
Q15427,mRNA,424.0,1,209,0.4929245283018867,1,CAST
Q15428,snRNA,464.0,1,246,0.5301724137931034,1,CAST
Q15459,snRNA,793.0,5,395,0.498108448928121,3+,CAST
Q15637,mRNA,639.0,1,314,0.4913928012519561,1,CAST
Q15696,mRNA,482.0,2,273,0.5663900414937759,2,CAST
Q15796,ncRNA,467.0,1,19,0.0406852248394004,1,CAST
Q15797,ncRNA,465.0,1,84,0.1806451612903225,1,CAST
Q15910,ncRNA,746.0,2,67,0.0898123324396782,2,CAST
Q16206,mRNA,610.0,2,223,0.3655737704918033,2,CAST
Q16560,snRNA,246.0,1,70,0.2845528455284553,1,CAST
Q16594,snoRNA,264.0,2,123,0.4659090909090909,2,CAST
Q16629,mRNA,238.0,1,117,0.4915966386554621,1,CAST
Q16630,mRNA,551.0,4,381,0.691470054446461,3+,CAST
Q16637,snRNA,294.0,3,110,0.3741496598639456,3+,CAST
Q17RY0,mRNA,729.0,1,336,0.4609053497942387,1,CAST
Q1KMD3,mRNA,747.0,3,308,0.4123159303882195,3+,CAST
Q2NKX8,unknown,1250.0,1,462,0.3696,1,CAST
Q2NL82,pre-rRNA,804.0,2,224,0.2786069651741293,2,CAST
Q2Q1W2,ncRNA,868.0,1,172,0.1981566820276497,1,CAST
Q2TBE0,mRNA,894.0,1,533,0.5961968680089486,1,CAST
Q2VPK5,tRNA,515.0,2,38,0.0737864077669902,2,CAST
Q2WGJ9,unknown,1857.0,4,209,0.1125471190091545,3+,CAST
Q32MZ4,ncRNA,808.0,1,787,0.974009900990099,1,CAST
Q32P51,mRNA,320.0,1,123,0.384375,1,CAST
Q3L8U1,unknown,2897.0,4,842,0.2906454953400069,3+,CAST
Q4G0J3,ncRNA,582.0,2,274,0.4707903780068728,2,CAST
Q4VXU2,mRNA,619.0,1,55,0.0888529886914378,1,CAST
Q4ZG55,unknown,1949.0,1,237,0.1216008209338122,1,CAST
Q52LJ0,tRNA,433.0,1,99,0.2286374133949191,1,CAST
Q53EL6,mRNA,469.0,1,75,0.1599147121535181,1,CAST
Q53F19,unknown,620.0,2,458,0.7387096774193549,2,CAST
Q53GL7,unknown,1025.0,1,152,0.1482926829268292,1,CAST
Q53GS9,snRNA,565.0,1,101,0.1787610619469026,1,CAST
Q58A45,mRNA,887.0,3,364,0.4103720405862457,3+,CAST
Q5C9Z4,pre-rRNA,860.0,2,251,0.291860465116279,2,CAST
Q5D1E8,ncRNA,599.0,2,161,0.2687813021702838,2,CAST
Q5FWF4,unknown,1079.0,1,254,0.2354031510658016,1,CAST
Q5H9U9,ncRNA,1706.0,1,25,0.014654161781946,1,CAST
Q5HYM0,diverse,836.0,1,74,0.0885167464114832,1,CAST
Q5JTH9,pre-rRNA,1297.0,2,226,0.1742482652274479,2,CAST
Q5JVS0,mRNA,413.0,2,261,0.6319612590799032,2,CAST
Q5PRF9,mRNA,694.0,2,159,0.2291066282420749,2,CAST
Q5QJE6,pre-rRNA,756.0,2,730,0.9656084656084656,2,CAST
Q5QPL9,mRNA,237.0,1,33,0.1392405063291139,1,CAST
Q5RKV6,diverse,272.0,1,134,0.4926470588235294,1,CAST
Q5SY16,pre-rRNA,702.0,1,44,0.0626780626780626,1,CAST
Q5SZQ8,mRNA,465.0,3,248,0.5333333333333333,3+,CAST
Q5T200,unknown,1668.0,1,1410,0.8453237410071942,1,CAST
Q5T280,unknown,376.0,1,50,0.1329787234042553,1,CAST
Q5T481,mRNA,1227.0,2,302,0.2461287693561532,2,CAST
Q5T5J6,mRNA,900.0,1,302,0.3355555555555555,1,CAST
Q5T619,unknown,568.0,1,226,0.397887323943662,1,CAST
Q5T6F2,mRNA,1119.0,2,973,0.8695263628239499,2,CAST
Q5T760,mRNA,491.0,2,306,0.6232179226069247,2,CAST
Q5T7F5,mRNA,372.0,1,68,0.1827956989247312,1,CAST
Q5T7N2,mRNA,865.0,2,491,0.5676300578034682,2,CAST
Q5T890,unknown,1561.0,1,637,0.4080717488789238,1,CAST
Q5T8P6,mRNA,1007.0,4,375,0.3723932472691162,3+,CAST
Q5T9H5,mRNA,84.0,1,22,0.2619047619047619,1,CAST
Q5TAP6,snoRNA,766.0,1,408,0.5326370757180157,1,CAST
Q5TAX3,ncRNA,1644.0,4,447,0.2718978102189781,3+,CAST
Q5TBB1,diverse,312.0,1,66,0.2115384615384615,1,CAST
Q5TBQ0,mRNA,296.0,1,24,0.081081081081081,1,CAST
Q5TC82,mRNA,1133.0,2,329,0.2903795233892321,2,CAST
Q5U5Q3,mRNA,659.0,3,389,0.590288315629742,3+,CAST
Q5VTL8,snRNA,546.0,1,311,0.5695970695970696,1,CAST
Q5VUC9,ncRNA,145.0,1,43,0.296551724137931,1,CAST
Q5VUG0,unknown,894.0,1,98,0.1096196868008948,1,CAST
Q5VV67,mRNA,1664.0,3,525,0.3155048076923077,3+,CAST
Q5VWX1,mRNA,349.0,1,52,0.1489971346704871,1,CAST
Q5VYS8,ncRNA,1495.0,2,338,0.2260869565217391,2,CAST
Q5VZF2,mRNA,373.0,1,37,0.099195710455764,1,CAST
Q5W0B1,unknown,726.0,2,581,0.800275482093664,2,CAST
Q5XG87,diverse,792.0,2,414,0.5227272727272727,2,CAST
Q659C4,mRNA,914.0,3,218,0.2385120350109409,3+,CAST
Q66PJ3,mRNA,237.0,1,129,0.5443037974683544,1,CAST
Q69YN2,mRNA,538.0,1,15,0.0278810408921933,1,CAST
Q69YN4,mRNA,1812.0,3,218,0.1203090507726269,3+,CAST
Q6BEB4,unknown,398.0,2,237,0.5954773869346733,2,CAST
Q6I9Y2,mRNA,204.0,1,128,0.6274509803921569,1,CAST
Q6IEG0,snRNA,339.0,1,89,0.2625368731563421,1,CAST
Q6IPR3,tRNA,259.0,1,13,0.0501930501930501,1,CAST
Q6L8Q7,mRNA,609.0,1,112,0.1839080459770115,1,CAST
Q6NZI2,pre-rRNA,390.0,1,193,0.4948717948717949,1,CAST
Q6P158,mRNA,1386.0,1,42,0.0303030303030303,1,CAST
Q6P2E9,mRNA,1401.0,2,428,0.3054960742326909,2,CAST
Q6P6C2,mRNA,394.0,2,61,0.1548223350253807,2,CAST
Q6P9B9,snRNA,1019.0,3,55,0.0539744847890088,3+,CAST
Q6PF06,tRNA,316.0,1,60,0.189873417721519,1,CAST
Q6PI26,snoRNA,577.0,1,100,0.1733102253032929,1,CAST
Q6PJT7,mRNA,736.0,1,84,0.1141304347826086,1,CAST
Q6PKG0,mRNA,1096.0,5,226,0.2062043795620438,3+,CAST
Q6R2W3,unknown,1325.0,1,77,0.0581132075471698,1,CAST
Q6UX04,mRNA,472.0,1,296,0.6271186440677966,1,CAST
Q6XE24,mRNA,437.0,1,24,0.0549199084668192,1,CAST
Q6ZN04,mRNA,569.0,2,279,0.4903339191564148,2,CAST
Q6ZN17,mRNA,250.0,1,70,0.28,1,CAST
Q6ZP01,mRNA,1051.0,2,798,0.7592768791627021,2,CAST
Q6ZRS2,unknown,3230.0,10,2020,0.6253869969040248,3+,CAST
Q6ZRY4,mRNA,209.0,1,18,0.0861244019138756,1,CAST
Q71RC2,mRNA,724.0,1,265,0.3660220994475138,1,CAST
Q76FK4,pre-rRNA,1167.0,2,986,0.8449014567266495,2,CAST
Q76MJ5,mRNA,926.0,1,61,0.0658747300215982,1,CAST
Q7KZ85,mRNA,1726.0,4,554,0.320973348783314,3+,CAST
Q7L0Y3,ncRNA,403.0,1,48,0.119106699751861,1,CAST
Q7L2E3,mRNA,1194.0,1,13,0.0108877721943048,1,CAST
Q7L2J0,ncRNA,689.0,3,205,0.297532656023222,3+,CAST
Q7L8L6,mRNA,764.0,1,83,0.1086387434554973,1,CAST
Q7Z2T5,tRNA,733.0,1,60,0.0818553888130968,1,CAST
Q7Z2W4,mRNA,902.0,1,292,0.3237250554323725,1,CAST
Q7Z2Z2,tRNA,1120.0,1,78,0.0696428571428571,1,CAST
Q7Z333,mRNA,2677.0,1,1092,0.4079193126634292,1,CAST
Q7Z417,mRNA,695.0,2,635,0.9136690647482014,2,CAST
Q7Z478,mRNA,1369.0,3,317,0.2315558802045288,3+,CAST
Q7Z570,unknown,1209.0,6,473,0.391232423490488,3+,CAST
Q7Z5Q1,mRNA,589.0,3,104,0.1765704584040747,3+,CAST
Q7Z6E9,mRNA,1792.0,4,1361,0.7594866071428571,3+,CAST
Q7Z6J9,tRNA,526.0,1,58,0.1102661596958174,1,CAST
Q7Z6M4,pre-rRNA,381.0,1,60,0.1574803149606299,1,CAST
Q7Z739,mRNA,585.0,2,174,0.2974358974358974,2,CAST
Q7Z7A3,tRNA,348.0,1,105,0.3017241379310345,1,CAST
Q7Z7H8,ribosomal protein,261.0,1,18,0.0689655172413793,1,CAST
Q86SE5,mRNA,291.0,1,68,0.2336769759450171,1,CAST
Q86SE8,pre-rRNA,214.0,2,123,0.5747663551401869,2,CAST
Q86TB9,mRNA,770.0,2,281,0.3649350649350649,2,CAST
Q86TG7,unknown,708.0,3,119,0.1680790960451977,3+,CAST
Q86TS9,ribosomal protein,123.0,1,27,0.2195121951219512,1,CAST
Q86U06,mRNA,439.0,2,147,0.3348519362186788,2,CAST
Q86U38,pre-rRNA,636.0,1,20,0.0314465408805031,1,CAST
Q86U42,mRNA,306.0,2,144,0.4705882352941176,2,CAST
Q86U44,mRNA,580.0,1,112,0.193103448275862,1,CAST
Q86U90,tRNA,279.0,1,115,0.4121863799283154,1,CAST
Q86US8,mRNA,1419.0,2,457,0.3220577871740662,2,CAST
Q86VM9,mRNA,953.0,2,966,1.0136411332633788,2,CAST
Q86W50,snRNA,562.0,1,114,0.2028469750889679,1,CAST
Q86WX3,unknown,136.0,1,93,0.6838235294117647,1,CAST
Q86XN8,mRNA,651.0,3,425,0.65284178187404,3+,CAST
Q86XP3,mRNA,938.0,2,373,0.3976545842217484,2,CAST
Q86XZ4,mRNA,545.0,1,475,0.8715596330275229,1,CAST
Q86Y13,mRNA,1208.0,2,131,0.1084437086092715,2,CAST
Q86YF9,mRNA,867.0,2,203,0.2341407151095732,2,CAST
Q86YN6,unknown,1023.0,3,253,0.2473118279569892,3+,CAST
Q8IU60,mRNA,420.0,1,114,0.2714285714285714,1,CAST
Q8IWR0,unknown,971.0,1,139,0.1431513903192585,1,CAST
Q8IWX8,mRNA,916.0,5,617,0.6735807860262009,3+,CAST
Q8IWZ3,unknown,2542.0,5,1300,0.5114083398898505,3+,CAST
Q8IWZ8,mRNA,645.0,3,226,0.3503875968992248,3+,CAST
Q8IX01,mRNA,1082.0,2,85,0.0785582255083179,2,CAST
Q8IX12,mRNA,1150.0,4,859,0.7469565217391304,3+,CAST
Q8IXT5,mRNA,1001.0,1,334,0.3336663336663337,1,CAST
Q8IXZ2,mRNA,948.0,1,794,0.8375527426160337,1,CAST
Q8IY21,ncRNA,1712.0,2,87,0.0508177570093457,2,CAST
Q8IY37,snoRNA,1157.0,4,238,0.2057044079515989,3+,CAST
Q8IY81,pre-rRNA,847.0,2,454,0.5360094451003542,2,CAST
Q8IYB3,mRNA,904.0,2,742,0.8207964601769911,2,CAST
Q8IYL2,tRNA,757.0,1,27,0.035667107001321,1,CAST
Q8IYY4,mRNA,767.0,3,405,0.5280312907431551,3+,CAST
Q8IZ69,tRNA,625.0,1,13,0.0208,1,CAST
Q8IZD0,unknown,417.0,2,306,0.7338129496402878,2,CAST
Q8IZD4,mRNA,617.0,1,87,0.1410048622366288,1,CAST
Q8IZH2,diverse,1706.0,3,137,0.0803048065650644,3+,CAST
Q8N163,mRNA,923.0,2,193,0.209100758396533,2,CAST
Q8N1G1,pre-rRNA,1221.0,2,573,0.4692874692874693,2,CAST
Q8N1G2,mRNA,835.0,1,68,0.081437125748503,1,CAST
Q8N1G4,unknown,583.0,1,28,0.0480274442538593,1,CAST
Q8N1W1,mRNA,1705.0,3,596,0.3495601173020528,3+,CAST
Q8N201,snRNA,2190.0,2,61,0.0278538812785388,2,CAST
Q8N2M8,mRNA,674.0,2,528,0.7833827893175074,2,CAST
Q8N3Z6,diverse,543.0,2,329,0.6058931860036832,2,CAST
Q8N567,unknown,271.0,1,102,0.3763837638376384,1,CAST
Q8N5A5,unknown,531.0,3,187,0.352165725047081,3+,CAST
Q8N5C6,unknown,995.0,1,111,0.1115577889447236,1,CAST
Q8N5P1,unknown,291.0,1,193,0.6632302405498282,1,CAST
Q8N5X7,mRNA,224.0,1,26,0.1160714285714285,1,CAST
Q8N5Y2,ncRNA,521.0,2,196,0.3761996161228407,2,CAST
Q8N684,mRNA,471.0,4,286,0.6072186836518046,3+,CAST
Q8N7X1,mRNA,1067.0,1,680,0.6373008434864105,1,CAST
Q8N8A6,pre-rRNA,666.0,1,142,0.2132132132132132,1,CAST
Q8N8D1,snRNA,485.0,2,295,0.6082474226804123,2,CAST
Q8N8U3,unknown,475.0,1,197,0.4147368421052632,1,CAST
Q8N9N8,mRNA,165.0,1,60,0.3636363636363636,1,CAST
Q8NAF0,unknown,562.0,5,176,0.3131672597864768,3+,CAST
Q8NAT2,ncRNA,981.0,1,153,0.1559633027522936,1,CAST
Q8NAV1,snRNA,312.0,2,133,0.4262820512820512,2,CAST
Q8NC51,mRNA,408.0,3,164,0.4019607843137255,3+,CAST
Q8NC60,pre-rRNA,698.0,1,43,0.0616045845272206,1,CAST
Q8ND04,mRNA,991.0,1,47,0.0474268415741675,1,CAST
Q8NDF8,diverse,572.0,2,188,0.3286713286713286,2,CAST
Q8NDG6,ncRNA,1382.0,1,43,0.0311143270622286,1,CAST
Q8NDV7,mRNA,1962.0,3,1972,1.0050968399592253,3+,CAST
Q8NE18,pre-rRNA,718.0,1,18,0.0250696378830083,1,CAST
Q8NE35,mRNA,698.0,3,314,0.4498567335243553,3+,CAST
Q8NE71,mRNA,845.0,2,374,0.4426035502958579,2,CAST
Q8NEF9,pre-rRNA,429.0,1,234,0.5454545454545454,1,CAST
Q8NEJ9,mRNA,315.0,2,123,0.3904761904761905,2,CAST
Q8NHQ9,pre-rRNA,600.0,1,90,0.15,1,CAST
Q8NI27,mRNA,1593.0,4,552,0.3465160075329567,3+,CAST
Q8TA86,snRNA,221.0,2,100,0.4524886877828054,2,CAST
Q8TAD8,ncRNA,396.0,2,192,0.4848484848484848,2,CAST
Q8TAQ5,unknown,688.0,1,47,0.068313953488372,1,CAST
Q8TB72,mRNA,1066.0,2,436,0.4090056285178236,2,CAST
Q8TBF4,snRNA,217.0,1,88,0.4055299539170507,1,CAST
Q8TBY0,mRNA,533.0,1,11,0.0206378986866791,1,CAST
Q8TBZ6,tRNA,339.0,2,125,0.3687315634218289,2,CAST
Q8TC59,ncRNA,973.0,1,32,0.0328879753340185,1,CAST
Q8TC92,mRNA,643.0,1,228,0.3545878693623639,1,CAST
Q8TD26,mRNA,2715.0,5,517,0.1904235727440147,3+,CAST
Q8TDD1,pre-rRNA,881.0,1,294,0.3337116912599319,1,CAST
Q8TDG4,unknown,1101.0,1,116,0.1053587647593097,1,CAST
Q8TDI0,unknown,1954.0,6,716,0.3664278403275333,3+,CAST
Q8TDN6,pre-rRNA,353.0,1,78,0.2209631728045325,1,CAST
Q8TEQ6,snRNA,1508.0,4,250,0.1657824933687002,3+,CAST
Q8TEX9,mRNA,1081.0,2,58,0.0536540240518038,2,CAST
Q8WU90,unknown,426.0,2,383,0.8990610328638498,2,CAST
Q8WUA2,mRNA,492.0,1,172,0.3495934959349593,1,CAST
Q8WUQ7,mRNA,758.0,2,334,0.4406332453825857,2,CAST
Q8WVK2,snRNA,155.0,2,120,0.7741935483870968,2,CAST
Q8WVV9,mRNA,542.0,2,56,0.1033210332103321,2,CAST
Q8WW01,tRNA,171.0,1,19,0.1111111111111111,1,CAST
Q8WW36,mRNA,166.0,1,31,0.1867469879518072,1,CAST
Q8WWH5,tRNA,349.0,1,73,0.2091690544412607,1,CAST
Q8WWM7,mRNA,1075.0,3,852,0.7925581395348837,3+,CAST
Q8WWY3,snRNA,499.0,1,29,0.0581162324649298,1,CAST
Q8WXA9,mRNA,508.0,1,358,0.7047244094488189,1,CAST
Q8WXF0,mRNA,261.0,1,164,0.6283524904214559,1,CAST
Q8WXF1,ncRNA,523.0,3,220,0.4206500956022944,3+,CAST
Q8WYQ5,ncRNA,773.0,2,157,0.2031047865459249,2,CAST
Q8WYQ9,unknown,949.0,2,880,0.9272918861959958,2,CAST
Q92540,mRNA,1137.0,4,449,0.3948988566402814,3+,CAST
Q92615,mRNA,738.0,1,276,0.3739837398373983,1,CAST
Q92620,mRNA,1227.0,3,473,0.3854930725346373,3+,CAST
Q92664,pre-rRNA,365.0,1,16,0.0438356164383561,1,CAST
Q92665,ribosomal protein,395.0,1,31,0.0784810126582278,1,CAST
Q92667,mRNA,903.0,2,321,0.3554817275747508,2,CAST
Q92797,mRNA,1274.0,1,18,0.0141287284144427,1,CAST
Q92879,mRNA,486.0,2,186,0.382716049382716,2,CAST
Q92900,mRNA,1129.0,1,24,0.0212577502214348,1,CAST
Q92945,mRNA,711.0,4,316,0.4444444444444444,3+,CAST
Q92973,mRNA,898.0,2,99,0.1102449888641425,2,CAST
Q93062,mRNA,196.0,1,52,0.2653061224489796,1,CAST
Q969E8,pre-rRNA,191.0,1,51,0.2670157068062827,1,CAST
Q969Q0,ribosomal protein,106.0,1,95,0.8962264150943396,1,CAST
Q969S3,unknown,477.0,1,74,0.1551362683438155,1,CAST
Q96AE4,mRNA,644.0,3,127,0.1972049689440994,3+,CAST
Q96B70,unknown,501.0,2,251,0.500998003992016,2,CAST
Q96BK5,ncRNA,328.0,1,224,0.6829268292682927,1,CAST
Q96BP3,mRNA,646.0,1,46,0.0712074303405572,1,CAST
Q96CB8,snRNA,462.0,2,309,0.6688311688311688,2,CAST
Q96DF8,mRNA,476.0,1,105,0.2205882352941176,1,CAST
Q96DH6,mRNA,328.0,1,77,0.2347560975609756,1,CAST
Q96E39,mRNA,390.0,2,296,0.7589743589743589,2,CAST
Q96EK7,unknown,910.0,1,176,0.1934065934065934,1,CAST
Q96EP5,mRNA,407.0,2,119,0.2923832923832923,2,CAST
Q96EU6,pre-rRNA,259.0,1,115,0.444015444015444,1,CAST
Q96EV2,mRNA,1170.0,4,992,0.8478632478632478,3+,CAST
Q96EY7,mRNA,689.0,1,74,0.1074020319303338,1,CAST
Q96F86,mRNA,508.0,1,71,0.139763779527559,1,CAST
Q96FC9,unknown,970.0,2,184,0.1896907216494845,2,CAST
Q96FV9,mRNA,657.0,2,75,0.1141552511415525,2,CAST
Q96GM8,unknown,510.0,1,13,0.0254901960784313,1,CAST
Q96HR8,snoRNA,494.0,4,275,0.5566801619433198,3+,CAST
Q96I24,mRNA,572.0,1,80,0.1398601398601398,1,CAST
Q96I25,mRNA,401.0,1,122,0.3042394014962593,1,CAST
Q96IP4,unknown,442.0,1,27,0.0610859728506787,1,CAST
Q96IZ7,mRNA,334.0,1,297,0.8892215568862275,1,CAST
Q96J87,mRNA,481.0,1,109,0.2266112266112266,1,CAST
Q96JM7,unknown,780.0,2,141,0.1807692307692307,2,CAST
Q96JY0,ncRNA,434.0,1,83,0.1912442396313364,1,CAST
Q96K80,unknown,434.0,3,172,0.3963133640552995,3+,CAST
Q96KR1,unknown,1074.0,3,526,0.4897579143389199,3+,CAST
Q96L12,unknown,384.0,1,43,0.1119791666666666,1,CAST
Q96L91,unknown,3159.0,11,1398,0.4425451092117758,3+,CAST
Q96LB4,unknown,118.0,1,49,0.4152542372881356,1,CAST
Q96LT9,snRNA,517.0,2,71,0.1373307543520309,2,CAST
Q96MH2,ncRNA,286.0,1,189,0.6608391608391608,1,CAST
Q96MT3,unknown,831.0,2,334,0.4019253910950662,2,CAST
Q96MU7,mRNA,727.0,5,535,0.7359009628610729,3+,CAST
Q96MX3,unknown,618.0,2,100,0.1618122977346278,2,CAST
Q96N16,mRNA,626.0,1,583,0.9313099041533548,1,CAST
Q96N46,unknown,770.0,1,378,0.4909090909090909,1,CAST
Q96NC0,snRNA,199.0,1,81,0.4070351758793969,1,CAST
Q96P70,mRNA,1041.0,1,64,0.0614793467819404,1,CAST
Q96PK6,mRNA,669.0,1,346,0.5171898355754858,1,CAST
Q96PZ0,pre-rRNA,661.0,1,29,0.0438729198184568,1,CAST
Q96Q15,mRNA,3661.0,2,262,0.0715651461349358,2,CAST
Q96QC0,unknown,940.0,4,463,0.4925531914893617,3+,CAST
Q96QR8,mRNA,312.0,2,86,0.2756410256410256,2,CAST
Q96RS0,snRNA,853.0,3,513,0.6014067995310668,3+,CAST
Q96SI9,mRNA,672.0,2,119,0.1770833333333333,2,CAST
Q96SZ4,unknown,780.0,1,72,0.0923076923076923,1,CAST
Q96T21,mRNA,854.0,4,526,0.6159250585480094,3+,CAST
Q96T37,mRNA,977.0,4,499,0.510747185261003,3+,CAST
Q96T58,mRNA,3664.0,4,3171,0.8654475982532751,3+,CAST
Q99459,mRNA,802.0,2,188,0.2344139650872818,2,CAST
Q99575,ncRNA,1024.0,2,90,0.087890625,2,CAST
Q99590,mRNA,1463.0,2,1196,0.8174982911825017,2,CAST
Q99608,unknown,321.0,1,63,0.1962616822429906,1,CAST
Q99613,mRNA,913.0,1,190,0.208105147864184,1,CAST
Q99717,ncRNA,465.0,1,50,0.1075268817204301,1,CAST
Q99728,ncRNA,777.0,2,370,0.4761904761904761,2,CAST
Q99729,mRNA,332.0,1,84,0.253012048192771,1,CAST
Q99848,pre-rRNA,306.0,1,163,0.5326797385620915,1,CAST
Q9BPZ3,mRNA,127.0,1,50,0.3937007874015748,1,CAST
Q9BQ04,mRNA,359.0,1,105,0.2924791086350975,1,CAST
Q9BQ39,pre-rRNA,737.0,2,192,0.2605156037991858,2,CAST
Q9BQ67,pre-rRNA,446.0,1,24,0.0538116591928251,1,CAST
Q9BQ75,pre-rRNA,279.0,1,55,0.1971326164874552,1,CAST
Q9BQI3,mRNA,630.0,1,111,0.1761904761904762,1,CAST
Q9BRD0,mRNA,619.0,4,487,0.7867528271405493,3+,CAST
Q9BRP8,mRNA,204.0,1,113,0.553921568627451,1,CAST
Q9BRR8,mRNA,931.0,2,213,0.2287862513426423,2,CAST
Q9BRS2,pre-rRNA,568.0,2,108,0.1901408450704225,2,CAST
Q9BRS8,mRNA,491.0,2,190,0.3869653767820774,2,CAST
Q9BRZ2,unknown,755.0,2,174,0.2304635761589404,2,CAST
Q9BSC4,pre-rRNA,688.0,1,265,0.3851744186046512,1,CAST
Q9BSV6,tRNA,310.0,1,88,0.2838709677419355,1,CAST
Q9BTD8,mRNA,480.0,1,332,0.6916666666666667,1,CAST
Q9BTF0,tRNA,503.0,1,88,0.1749502982107356,1,CAST
Q9BTL3,mRNA,118.0,1,47,0.3983050847457627,1,CAST
Q9BUJ2,mRNA,856.0,5,509,0.594626168224299,3+,CAST
Q9BUL9,ncRNA,199.0,1,22,0.1105527638190954,1,CAST
Q9BUQ8,snRNA,820.0,1,358,0.4365853658536585,1,CAST
Q9BUR4,ncRNA,548.0,2,114,0.2080291970802919,2,CAST
Q9BV44,tRNA,507.0,1,35,0.0690335305719921,1,CAST
Q9BVP2,pre-rRNA,549.0,2,211,0.3843351548269581,2,CAST
Q9BVS4,pre-rRNA,552.0,1,161,0.2916666666666667,1,CAST
Q9BWE0,unknown,567.0,1,48,0.0846560846560846,1,CAST
Q9BWF3,mRNA,364.0,1,127,0.3489010989010989,1,CAST
Q9BWT3,mRNA,736.0,1,66,0.0896739130434782,1,CAST
Q9BWU0,unknown,742.0,2,496,0.6684636118598383,2,CAST
Q9BX10,mRNA,602.0,1,42,0.0697674418604651,1,CAST
Q9BX46,mRNA,236.0,1,82,0.3474576271186441,1,CAST
Q9BX63,unknown,1249.0,3,516,0.4131305044035228,3+,CAST
Q9BXP5,ncRNA,876.0,3,280,0.319634703196347,3+,CAST
Q9BXT6,ncRNA,1211.0,1,51,0.042113955408753,1,CAST
Q9BXT8,mRNA,1623.0,1,31,0.0191004313000616,1,CAST
Q9BXV9,tRNA,100.0,1,25,0.25,1,CAST
Q9BXY0,pre-rRNA,300.0,1,155,0.5166666666666667,1,CAST
Q9BY44,tRNA,585.0,1,120,0.2051282051282051,1,CAST
Q9BYG3,pre-rRNA,293.0,1,78,0.2662116040955631,1,CAST
Q9BYJ9,mRNA,559.0,2,211,0.3774597495527728,2,CAST
Q9BYN8,ribosomal protein,205.0,1,107,0.5219512195121951,1,CAST
Q9BYX4,ncRNA,1025.0,2,125,0.1219512195121951,2,CAST
Q9BZB8,mRNA,566.0,1,193,0.3409893992932862,1,CAST
Q9BZC1,mRNA,486.0,1,148,0.3045267489711934,1,CAST
Q9BZE4,pre-rRNA,634.0,2,278,0.4384858044164038,2,CAST
Q9BZI7,mRNA,483.0,1,300,0.6211180124223602,1,CAST
Q9BZJ0,mRNA,848.0,1,113,0.1332547169811321,1,CAST
Q9C0B0,unknown,810.0,2,440,0.5432098765432098,2,CAST
Q9C0B9,unknown,1178.0,4,720,0.6112054329371817,3+,CAST
Q9C0D7,unknown,883.0,2,244,0.276330690826727,2,CAST
Q9GZR2,pre-rRNA,422.0,1,181,0.428909952606635,1,CAST
Q9GZY0,mRNA,626.0,1,77,0.1230031948881789,1,CAST
Q9H089,pre-rRNA,658.0,1,106,0.1610942249240121,1,CAST
Q9H0A0,pre-rRNA,1025.0,1,37,0.0360975609756097,1,CAST
Q9H0L4,mRNA,616.0,2,199,0.323051948051948,2,CAST
Q9H0W8,mRNA,520.0,1,75,0.1442307692307692,1,CAST
Q9H0Z9,mRNA,239.0,1,32,0.1338912133891213,1,CAST
Q9H1J1,mRNA,476.0,1,216,0.453781512605042,1,CAST
Q9H2U1,mRNA,1008.0,2,185,0.183531746031746,2,CAST
Q9H307,mRNA,717.0,1,629,0.8772663877266388,1,CAST
Q9H3J6,mRNA,166.0,1,36,0.216867469879518,1,CAST
Q9H4L7,unknown,1026.0,1,372,0.3625730994152046,1,CAST
Q9H4T2,unknown,348.0,1,134,0.3850574712643678,1,CAST
Q9H4Z3,mRNA,704.0,1,35,0.049715909090909,1,CAST
Q9H501,pre-rRNA,851.0,2,938,1.1022326674500589,2,CAST
Q9H583,snoRNA,2144.0,1,21,0.0097947761194029,1,CAST
Q9H5H4,unknown,540.0,1,174,0.3222222222222222,1,CAST
Q9H5U6,pre-rRNA,513.0,1,43,0.0838206627680311,1,CAST
Q9H694,mRNA,974.0,1,460,0.4722792607802875,1,CAST
Q9H6E5,snRNA,874.0,1,82,0.0938215102974828,1,CAST
Q9H6F5,unknown,360.0,2,310,0.8611111111111112,2,CAST
Q9H6R0,mRNA,707.0,1,11,0.0155586987270155,1,CAST
Q9H6S0,mRNA,1430.0,3,265,0.1853146853146853,3+,CAST
Q9H6T0,mRNA,727.0,1,25,0.0343878954607978,1,CAST
Q9H7B2,pre-rRNA,306.0,1,70,0.2287581699346405,1,CAST
Q9H7N4,mRNA,1312.0,2,1079,0.8224085365853658,2,CAST
Q9H7Z6,ncRNA,458.0,1,46,0.1004366812227074,1,CAST
Q9H814,snRNA,394.0,2,177,0.449238578680203,2,CAST
Q9H9A5,mRNA,744.0,2,233,0.3131720430107527,2,CAST
Q9H9L3,pre-rRNA,353.0,1,163,0.461756373937677,1,CAST
Q9H9Y2,pre-rRNA,349.0,1,46,0.1318051575931232,1,CAST
Q9HA38,ncRNA,289.0,1,11,0.0380622837370242,1,CAST
Q9HAU5,mRNA,1272.0,4,439,0.345125786163522,3+,CAST
Q9HAZ1,mRNA,481.0,2,112,0.2328482328482328,2,CAST
Q9HBD1,mRNA,1191.0,2,201,0.1687657430730478,2,CAST
Q9HBD4,unknown,1679.0,3,1016,0.6051220964860036,3+,CAST
Q9HC10,unknown,1997.0,2,168,0.0841261892839258,2,CAST
Q9HC44,unknown,474.0,1,311,0.6561181434599156,1,CAST
Q9HCE5,mRNA,456.0,2,107,0.2346491228070175,2,CAST
Q9HCJ0,mRNA,1936.0,1,1912,0.987603305785124,1,CAST
Q9HCJ3,mRNA,691.0,2,213,0.3082489146164978,2,CAST
Q9HCK8,mRNA,2581.0,9,849,0.3289422704378148,3+,CAST
Q9HCS7,mRNA,855.0,1,71,0.0830409356725146,1,CAST
Q9NP64,unknown,241.0,1,82,0.3402489626556016,1,CAST
Q9NP92,ribosomal protein,439.0,1,17,0.0387243735763098,1,CAST
Q9NQ29,mRNA,371.0,2,226,0.6091644204851752,2,CAST
Q9NQ50,ribosomal protein,206.0,1,88,0.4271844660194174,1,CAST
Q9NQ94,mRNA,594.0,1,39,0.0656565656565656,1,CAST
Q9NQI0,mRNA,724.0,1,215,0.2969613259668508,1,CAST
Q9NQZ2,snoRNA,479.0,2,340,0.7098121085594989,2,CAST
Q9NR30,pre-rRNA,783.0,2,219,0.2796934865900383,2,CAST
Q9NR48,ncRNA,2969.0,6,1720,0.5793196362411587,3+,CAST
Q9NR56,mRNA,388.0,1,128,0.3298969072164948,1,CAST
Q9NRA8,mRNA,985.0,2,232,0.2355329949238578,2,CAST
Q9NRJ5,mRNA,637.0,2,131,0.205651491365777,2,CAST
Q9NS39,mRNA,739.0,1,15,0.020297699594046,1,CAST
Q9NTZ6,mRNA,932.0,3,396,0.4248927038626609,3+,CAST
Q9NV66,tRNA,732.0,1,77,0.1051912568306011,1,CAST
Q9NVH2,snRNA,962.0,1,26,0.027027027027027,1,CAST
Q9NVM6,unknown,304.0,1,114,0.375,1,CAST
Q9NVN8,pre-rRNA,582.0,2,140,0.2405498281786941,2,CAST
Q9NVP1,pre-rRNA,670.0,1,156,0.2328358208955223,1,CAST
Q9NVR5,unknown,837.0,2,218,0.2604540023894862,2,CAST
Q9NW07,unknown,568.0,3,201,0.3538732394366197,3+,CAST
Q9NW13,snRNA,759.0,3,361,0.4756258234519104,3+,CAST
Q9NW64,mRNA,420.0,1,81,0.1928571428571428,1,CAST
Q9NWH9,mRNA,1034.0,1,851,0.8230174081237911,1,CAST
Q9NWK9,snoRNA,470.0,1,105,0.2234042553191489,1,CAST
Q9NWZ8,snRNA,242.0,1,94,0.3884297520661157,1,CAST
Q9NX05,unknown,1096.0,3,198,0.1806569343065693,3+,CAST
Q9NX07,tRNA,287.0,1,41,0.1428571428571428,1,CAST
Q9NXG2,tRNA,353.0,1,85,0.2407932011331444,1,CAST
Q9NXL6,ncRNA,827.0,1,79,0.0955259975816203,1,CAST
Q9NY12,snoRNA,217.0,2,115,0.5299539170506913,2,CAST
Q9NY93,pre-rRNA,547.0,1,40,0.073126142595978,1,CAST
Q9NYF8,mRNA,920.0,2,805,0.875,2,CAST
Q9NZB2,mRNA,1118.0,4,301,0.2692307692307692,3+,CAST
Q9NZJ5,mRNA,1116.0,2,227,0.2034050179211469,2,CAST
Q9P031,unknown,241.0,1,164,0.6804979253112033,1,CAST
Q9P0L1,unknown,754.0,1,59,0.0782493368700265,1,CAST
Q9P1Y6,mRNA,1649.0,5,1217,0.7380230442692541,3+,CAST
Q9P2E3,unknown,1918.0,3,241,0.1256517205422315,3+,CAST
Q9P2E9,mRNA,1410.0,1,1373,0.973758865248227,1,CAST
Q9P2I0,mRNA,782.0,2,192,0.2455242966751918,2,CAST
Q9P2J5,tRNA,1176.0,1,15,0.0127551020408163,1,CAST
Q9P2K5,mRNA,600.0,2,198,0.33,2,CAST
Q9P2K8,tRNA,1649.0,2,206,0.1249241964827168,2,CAST
Q9P2N5,mRNA,1060.0,6,547,0.5160377358490567,3+,CAST
Q9P2P1,unknown,1898.0,2,233,0.1227608008429926,2,CAST
Q9UBB9,mRNA,837.0,2,160,0.1911589008363202,2,CAST
Q9UBC3,diverse,853.0,2,219,0.2567409144196952,2,CAST
Q9UBK2,unknown,798.0,2,641,0.8032581453634086,2,CAST
Q9UEG4,unknown,869.0,2,88,0.1012658227848101,2,CAST
Q9UGY1,pre-rRNA,213.0,2,139,0.6525821596244131,2,CAST
Q9UHB9,ncRNA,627.0,1,27,0.0430622009569378,1,CAST
Q9UHC7,mRNA,482.0,2,55,0.1141078838174273,2,CAST
Q9UHI6,snRNA,824.0,2,128,0.1553398058252427,2,CAST
Q9UHK0,snoRNA,495.0,3,310,0.6262626262626263,3+,CAST
Q9UHX1,mRNA,559.0,2,171,0.3059033989266547,2,CAST
Q9UI10,mRNA,523.0,1,94,0.1797323135755258,1,CAST
Q9UIF8,ncRNA,2168.0,7,1464,0.6752767527675276,3+,CAST
Q9UIF9,ncRNA,1905.0,4,994,0.5217847769028872,3+,CAST
Q9UJA5,tRNA,497.0,2,163,0.3279678068410462,2,CAST
Q9UJJ7,unknown,312.0,1,33,0.1057692307692307,1,CAST
Q9UJV8,mRNA,347.0,1,17,0.0489913544668587,1,CAST
Q9UJV9,mRNA,622.0,1,121,0.1945337620578778,1,CAST
Q9UK39,mRNA,431.0,1,53,0.1229698375870069,1,CAST
Q9UK59,mRNA,544.0,2,158,0.2904411764705882,2,CAST
Q9UKA9,mRNA,531.0,1,52,0.0979284369114877,1,CAST
Q9UKJ3,unknown,1502.0,3,1334,0.8881491344873502,3+,CAST
Q9UKK3,ncRNA,1724.0,1,248,0.1438515081206496,1,CAST
Q9UKM9,mRNA,306.0,1,33,0.1078431372549019,1,CAST
Q9UKV3,mRNA,1341.0,1,1213,0.9045488441461595,1,CAST
Q9UKV8,ncRNA,859.0,1,23,0.0267753201396973,1,CAST
Q9UKZ1,mRNA,510.0,2,83,0.1627450980392157,2,CAST
Q9ULG1,unknown,1556.0,3,544,0.3496143958868895,3+,CAST
Q9ULR0,mRNA,285.0,1,105,0.3684210526315789,1,CAST
Q9ULR5,mRNA,123.0,1,58,0.4715447154471545,1,CAST
Q9ULW3,mRNA,272.0,1,33,0.1213235294117647,1,CAST
Q9ULX3,pre-rRNA,412.0,1,37,0.0898058252427184,1,CAST
Q9ULX6,mRNA,646.0,3,267,0.413312693498452,3+,CAST
Q9UMY1,unknown,257.0,2,334,1.2996108949416345,2,CAST
Q9UN86,mRNA,482.0,3,227,0.470954356846473,3+,CAST
Q9UNP9,mRNA,301.0,1,20,0.0664451827242525,1,CAST
Q9UNW9,mRNA,492.0,1,191,0.3882113821138211,1,CAST
Q9UNX3,ribosomal protein,145.0,1,135,0.9310344827586208,1,CAST
Q9UNX4,snoRNA,943.0,2,97,0.1028632025450689,2,CAST
Q9UNY4,mRNA,1162.0,1,113,0.0972461273666093,1,CAST
Q9UPN6,mRNA,1271.0,4,523,0.4114870180959874,3+,CAST
Q9UPQ9,mRNA,1833.0,2,1717,0.9367157665030006,2,CAST
Q9UPR3,mRNA,1016.0,3,360,0.3543307086614173,3+,CAST
Q9UPR6,unknown,939.0,4,309,0.329073482428115,3+,CAST
Q9UPS6,ncRNA,1966.0,4,1502,0.7639877924720244,3+,CAST
Q9UPT8,unknown,1303.0,6,1172,0.8994627782041443,3+,CAST
Q9UPU9,mRNA,718.0,1,171,0.2381615598885794,1,CAST
Q9UPY3,ncRNA,1922.0,4,320,0.1664932362122788,3+,CAST
Q9UQ35,mRNA,2752.0,2,2713,0.985828488372093,2,CAST
Q9UQ80,pre-rRNA,394.0,1,33,0.0837563451776649,1,CAST
Q9UQ84,diverse,846.0,1,431,0.5094562647754137,1,CAST
Q9Y237,pre-rRNA,131.0,1,33,0.2519083969465648,1,CAST
Q9Y291,ribosomal protein,106.0,1,26,0.2452830188679245,1,CAST
Q9Y295,mRNA,367.0,1,10,0.0272479564032697,1,CAST
Q9Y2L1,diverse,958.0,1,18,0.0187891440501043,1,CAST
Q9Y2R4,pre-rRNA,599.0,2,140,0.2337228714524207,2,CAST
Q9Y2T7,mRNA,364.0,2,248,0.6813186813186813,2,CAST
Q9Y2U8,snRNA,911.0,1,380,0.4171240395170142,1,CAST
Q9Y2V2,mRNA,147.0,1,8,0.0544217687074829,1,CAST
Q9Y2W1,mRNA,955.0,3,909,0.9518324607329844,3+,CAST
Q9Y2X3,snoRNA,529.0,1,143,0.2703213610586011,1,CAST
Q9Y388,mRNA,322.0,1,204,0.6335403726708074,1,CAST
Q9Y3A2,snoRNA,253.0,1,248,0.9802371541501976,1,CAST
Q9Y3A4,pre-rRNA,280.0,2,95,0.3392857142857143,2,CAST
Q9Y3B9,pre-rRNA,282.0,2,195,0.6914893617021277,2,CAST
Q9Y3T9,pre-rRNA,749.0,2,235,0.3137516688918558,2,CAST
Q9Y3Y2,mRNA,248.0,2,93,0.375,2,CAST
Q9Y4B4,unknown,1467.0,2,310,0.2113156100886162,2,CAST
Q9Y4C8,pre-rRNA,960.0,2,264,0.275,2,CAST
Q9Y4F3,ncRNA,1742.0,2,201,0.1153846153846153,2,CAST
Q9Y4Z0,snRNA,139.0,1,40,0.2877697841726618,1,CAST
Q9Y580,mRNA,266.0,1,119,0.4473684210526316,1,CAST
Q9Y5A9,mRNA,579.0,2,300,0.5181347150259067,2,CAST
Q9Y5J1,snoRNA,556.0,2,186,0.3345323741007194,2,CAST
R4GNH1,unknown,168.0,1,160,0.9523809523809524,1,CAST
S4R469,mRNA,234.0,1,47,0.2008547008547008,1,CAST
X6R7H2,mRNA,631.0,1,196,0.3106180665610142,1,CAST
X6RDA4,ncRNA,248.0,1,35,0.1411290322580645,1,CAST
X6RJY0,snoRNA,320.0,1,308,0.9625,1,CAST
A0A024R214,mRNA,626.0,6,137,0.218849840255591,3+,FLPS
A0A024RCN4,unknown,479.0,5,49,0.1022964509394572,3+,FLPS
A0A087WT20,pre-rRNA,597.0,3,65,0.1088777219430485,3+,FLPS
A0A087WUV0,unknown,522.0,4,102,0.1954022988505747,3+,FLPS
A0A087WVF4,unknown,1798.0,20,640,0.3559510567296997,3+,FLPS
A0A087WXN2,mRNA,151.0,2,44,0.2913907284768212,2,FLPS
A0A087WZ13,unknown,739.0,9,368,0.4979702300405954,3+,FLPS
A0A087X0J2,diverse,248.0,1,16,0.064516129032258,1,FLPS
A0A0A0MQW0,mRNA,576.0,3,171,0.296875,3+,FLPS
A0A0A0MQZ6,pre-rRNA,189.0,2,66,0.3492063492063492,2,FLPS
A0A0A0MRM9,snoRNA,708.0,24,413,0.5833333333333334,3+,FLPS
A0A0A0MRW7,diverse,336.0,3,43,0.1279761904761904,3+,FLPS
A0A0A0MRZ1,unknown,733.0,10,234,0.3192360163710777,3+,FLPS
A0A0A0MSN9,mRNA,333.0,4,106,0.3183183183183183,3+,FLPS
A0A0A0MSS9,mRNA,486.0,4,90,0.1851851851851851,3+,FLPS
A0A0A0MTQ0,ncRNA,185.0,1,27,0.1459459459459459,1,FLPS
A0A0B4J1V9,unknown,884.0,4,83,0.0938914027149321,3+,FLPS
A0A0B4J203,mRNA,849.0,7,94,0.110718492343934,3+,FLPS
A0A0C4DG89,snRNA,1032.0,9,308,0.2984496124031007,3+,FLPS
A0A0C4DGG8,mRNA,1043.0,8,432,0.4141898370086289,3+,FLPS
A0A0C4DGK8,mRNA,146.0,1,12,0.0821917808219178,1,FLPS
A0A0C4DH24,unknown,114.0,1,16,0.1403508771929824,1,FLPS
A0A0D9SF53,unknown,733.0,2,143,0.1950886766712141,2,FLPS
A0A0D9SFM0,unknown,1687.0,12,170,0.1007705986959099,3+,FLPS
A0A0G2JKY3,tRNA,1061.0,5,74,0.0697455230914231,3+,FLPS
A0A140T8Y2,pre-rRNA,407.0,4,54,0.1326781326781326,3+,FLPS
A0A140TA76,mRNA,344.0,3,63,0.1831395348837209,3+,FLPS
A0A286YFD1,unknown,2093.0,8,116,0.0554228380315336,3+,FLPS
A0A2R8Y4L2,mRNA,320.0,3,131,0.409375,3+,FLPS
A0A2R8Y6W8,unknown,807.0,4,74,0.0916976456009913,3+,FLPS
A0A384DVK4,unknown,778.0,5,100,0.1285347043701799,3+,FLPS
A0A494C0I1,unknown,1111.0,3,47,0.0423042304230423,3+,FLPS
A0A494C1N8,unknown,1116.0,3,47,0.0421146953405017,3+,FLPS
A0A499FI31,snRNA,981.0,8,136,0.1386340468909276,3+,FLPS
A0A499FIA3,unknown,238.0,2,61,0.2563025210084033,2,FLPS
A0A590UJW6,unknown,1086.0,14,245,0.225598526703499,3+,FLPS
A0A5F9ZHS7,unknown,289.0,5,113,0.3910034602076124,3+,FLPS
A0A5H1ZRQ2,mRNA,731.0,9,241,0.3296853625170998,3+,FLPS
A0A5K1VW79,mRNA,999.0,12,431,0.4314314314314314,3+,FLPS
A0A7I2V5M7,unknown,476.0,6,222,0.4663865546218487,3+,FLPS
A0A7N4I394,snRNA,994.0,12,385,0.3873239436619718,3+,FLPS
A0A7P0MRT9,mRNA,323.0,1,5,0.0154798761609907,1,FLPS
A0A7P0N5L0,unknown,480.0,3,60,0.125,3+,FLPS
A0A804HKV4,mRNA,723.0,6,112,0.1549100968188105,3+,FLPS
A0A8I5KNN2,pre-rRNA,808.0,4,223,0.275990099009901,3+,FLPS
A0A8I5KSH6,unknown,925.0,7,142,0.1535135135135135,3+,FLPS
A0A8I5KVU2,mRNA,1735.0,7,141,0.0812680115273775,3+,FLPS
A0A8I5KWK6,unknown,331.0,4,58,0.175226586102719,3+,FLPS
A0A8I5KX04,mRNA,1686.0,13,637,0.3778173190984579,3+,FLPS
A0A8I5KY89,unknown,167.0,1,31,0.18562874251497,1,FLPS
A0A8Q3WL03,unknown,351.0,3,51,0.1452991452991453,3+,FLPS
A0A8V8TR54,unknown,2114.0,31,720,0.3405865657521286,3+,FLPS
A0A994J6B2,unknown,331.0,1,10,0.0302114803625377,1,FLPS
A0A994J7T5,mRNA,750.0,6,99,0.132,3+,FLPS
A0AA34QW03,mRNA,678.0,5,205,0.3023598820058997,3+,FLPS
A0ABB0MN55,mRNA,322.0,3,137,0.4254658385093168,3+,FLPS
A0ABB0MV08,mRNA,369.0,2,154,0.4173441734417344,2,FLPS
A0ABB0MVJ3,unknown,604.0,3,23,0.0380794701986755,3+,FLPS
A0ACI8P9Y7,unknown,1707.0,6,88,0.0515524311657879,3+,FLPS
A0ACI8PHD2,unknown,261.0,4,128,0.4904214559386973,3+,FLPS
A0ACI8PI13,mRNA,378.0,1,18,0.0476190476190476,1,FLPS
A0ACI8PJP7,mRNA,596.0,3,43,0.0721476510067114,3+,FLPS
A0ACI8PR05,unknown,399.0,2,31,0.0776942355889724,2,FLPS
A0ACI8PT71,unknown,1306.0,7,101,0.0773353751914242,3+,FLPS
A0ACI8PUZ8,unknown,1375.0,9,158,0.1149090909090909,3+,FLPS
A0ACI8PVP6,unknown,744.0,7,116,0.1559139784946236,3+,FLPS
A0ACI8PX57,unknown,378.0,3,169,0.4470899470899471,3+,FLPS
A0ACI8Q010,unknown,418.0,4,89,0.2129186602870813,3+,FLPS
A0ACI8Q0P4,unknown,829.0,10,320,0.3860072376357056,3+,FLPS
A0ACI8Q806,unknown,498.0,6,320,0.642570281124498,3+,FLPS
A0ACI8QA17,unknown,371.0,4,64,0.1725067385444744,3+,FLPS
A0ACI8QBP4,unknown,358.0,1,5,0.0139664804469273,1,FLPS
A0ACI8QGH0,unknown,324.0,1,5,0.015432098765432,1,FLPS
A0ACI8QH16,tRNA,558.0,2,57,0.1021505376344086,2,FLPS
A0ACI8QHW6,unknown,749.0,4,77,0.102803738317757,3+,FLPS
A0ACI8QLY8,unknown,321.0,4,169,0.5264797507788161,3+,FLPS
A0ACI8QNN6,unknown,701.0,9,111,0.1583452211126961,3+,FLPS
A0ACI8QTQ5,diverse,1388.0,13,476,0.3429394812680115,3+,FLPS
A0ACI8QU73,unknown,864.0,9,129,0.1493055555555555,3+,FLPS
A0ACI8QUJ1,unknown,752.0,6,141,0.1875,3+,FLPS
A0ACI8QY88,mRNA,715.0,8,283,0.3958041958041958,3+,FLPS
A0ACI8R3H8,unknown,616.0,5,118,0.1915584415584415,3+,FLPS
A0ACI8R7A3,unknown,356.0,2,25,0.0702247191011236,2,FLPS
A0ACI8R7Y8,unknown,131.0,1,17,0.1297709923664122,1,FLPS
A0ACI8RCQ9,unknown,534.0,4,71,0.1329588014981273,3+,FLPS
A0ACI8RHW9,unknown,182.0,1,21,0.1153846153846153,1,FLPS
A0ACI8RI26,unknown,764.0,8,423,0.5536649214659686,3+,FLPS
A0ACI8RL22,unknown,1967.0,12,275,0.1398068124046771,3+,FLPS
A0ACI8RLL6,unknown,729.0,6,153,0.2098765432098765,3+,FLPS
A0ACI8RMB5,unknown,1003.0,5,118,0.1176470588235294,3+,FLPS
A0ACI8RQX4,unknown,1349.0,8,224,0.1660489251297257,3+,FLPS
A0ACI8RR28,unknown,918.0,9,190,0.2069716775599128,3+,FLPS
A0ACI8RSP0,ribosomal protein,320.0,2,56,0.175,2,FLPS
A0ACI8RTZ8,unknown,489.0,2,66,0.1349693251533742,2,FLPS
A0ACI8RWF6,unknown,608.0,2,66,0.1085526315789473,2,FLPS
A0ACI8RX58,unknown,750.0,9,295,0.3933333333333333,3+,FLPS
A0ACI8S0C5,unknown,927.0,4,80,0.0862998921251348,3+,FLPS
A0ACI8S113,unknown,1253.0,10,258,0.2059058260175578,3+,FLPS
A0ACI8S5H4,unknown,1122.0,7,142,0.1265597147950089,3+,FLPS
A0ACI8S5T8,unknown,488.0,7,135,0.2766393442622951,3+,FLPS
A0ACI8SAU3,unknown,2066.0,12,279,0.1350435624394966,3+,FLPS
A0ACI8SBH9,unknown,480.0,1,5,0.0104166666666666,1,FLPS
A0ACI8SEY7,unknown,629.0,4,90,0.1430842607313195,3+,FLPS
A0ACI8SJI5,unknown,941.0,4,68,0.0722635494155154,3+,FLPS
A0ACI8SJX5,unknown,1048.0,6,122,0.116412213740458,3+,FLPS
A0ACI8SL57,ribosomal protein,162.0,3,77,0.4753086419753086,3+,FLPS
A0ACI8SMB7,unknown,682.0,2,60,0.0879765395894428,2,FLPS
A0ACI8SNF6,ribosomal protein,153.0,1,27,0.1764705882352941,1,FLPS
A0ACI8SPJ0,snRNA,2147.0,9,128,0.0596180717279925,3+,FLPS
A0ACI8SQV4,unknown,211.0,2,74,0.3507109004739336,2,FLPS
A0ACI8SRJ7,unknown,322.0,2,27,0.0838509316770186,2,FLPS
A0ACI8SRT4,ribosomal protein,223.0,2,46,0.2062780269058296,2,FLPS
A0ACI8SSD0,unknown,670.0,2,48,0.0716417910447761,2,FLPS
A0ACI8SUQ9,snRNA,100.0,1,5,0.05,1,FLPS
A0ACI8SXP5,unknown,451.0,2,151,0.3348115299334812,2,FLPS
A0ACI8SYT5,unknown,674.0,4,111,0.1646884272997032,3+,FLPS
A0ACI8SZ27,unknown,721.0,2,31,0.0429958391123439,2,FLPS
A0ACI8T088,unknown,675.0,2,45,0.0666666666666666,2,FLPS
A0ACI8T0E0,ribosomal protein,161.0,1,17,0.1055900621118012,1,FLPS
A0ACI8T1C0,unknown,544.0,1,41,0.0753676470588235,1,FLPS
A0ACI8T6P5,unknown,600.0,4,140,0.2333333333333333,3+,FLPS
A0ACI8T7F0,tRNA,1068.0,5,74,0.0692883895131086,3+,FLPS
A0ACI8T823,unknown,380.0,1,8,0.0210526315789473,1,FLPS
A0ACI8T9E2,unknown,234.0,1,38,0.1623931623931624,1,FLPS
A0ACI8TCF1,unknown,435.0,1,5,0.0114942528735632,1,FLPS
A0ACI8TEP7,unknown,818.0,3,56,0.0684596577017114,3+,FLPS
A0ACI8TFG6,tRNA,1552.0,5,77,0.0496134020618556,3+,FLPS
A0ACI8TH72,unknown,1111.0,2,26,0.0234023402340234,2,FLPS
A0ACI8TIT4,unknown,488.0,2,37,0.0758196721311475,2,FLPS
A0ACI8TJ61,unknown,193.0,2,10,0.0518134715025906,2,FLPS
A0ACI8TJP2,unknown,2207.0,8,90,0.0407793384685092,3+,FLPS
A0ACI8TLG3,tRNA,1044.0,3,31,0.0296934865900383,3+,FLPS
A0ACI8TLM1,unknown,106.0,1,42,0.3962264150943396,1,FLPS
A0ACI8TLS0,unknown,550.0,3,36,0.0654545454545454,3+,FLPS
A0ACI8TML7,unknown,1201.0,9,216,0.17985012489592,3+,FLPS
A0ACI8TMU3,unknown,1055.0,3,54,0.0511848341232227,3+,FLPS
A0ACI8TN08,unknown,998.0,6,74,0.0741482965931863,3+,FLPS
A0ACI8TNP0,unknown,654.0,5,76,0.1162079510703364,3+,FLPS
A0ACI8TNW3,unknown,757.0,3,32,0.0422721268163804,3+,FLPS
A0ACI8TQP9,unknown,2591.0,11,210,0.0810497877267464,3+,FLPS
A0ACI8TQS2,unknown,3008.0,33,903,0.3001994680851064,3+,FLPS
A0ACI8TS18,unknown,1048.0,8,242,0.2309160305343511,3+,FLPS
A0ACI8TS68,mRNA,376.0,1,18,0.0478723404255319,1,FLPS
A0ACI8TSN5,ribosomal protein,252.0,3,40,0.1587301587301587,3+,FLPS
A0ACI8TSY6,unknown,1461.0,7,171,0.1170431211498973,3+,FLPS
A0ACI8TTG6,tRNA,937.0,3,72,0.0768409818569904,3+,FLPS
A0ACI8TUA9,unknown,638.0,7,230,0.3605015673981191,3+,FLPS
A0ACI8TUB7,unknown,259.0,3,59,0.2277992277992278,3+,FLPS
A0ACI8TWM6,unknown,905.0,10,199,0.2198895027624309,3+,FLPS
A0ACI8TXE9,unknown,1448.0,9,154,0.106353591160221,3+,FLPS
A0ACI8TZ93,unknown,399.0,3,65,0.162907268170426,3+,FLPS
A0ACI8TZD7,unknown,856.0,7,146,0.1705607476635514,3+,FLPS
A0ACI8TZE9,unknown,712.0,5,110,0.1544943820224719,3+,FLPS
A0ACI8U1B9,unknown,902.0,9,316,0.3503325942350332,3+,FLPS
A0ACI8U399,unknown,786.0,6,171,0.2175572519083969,3+,FLPS
A0ACI8U6C5,unknown,1066.0,8,164,0.1538461538461538,3+,FLPS
A0ACI8U7J9,unknown,978.0,8,120,0.1226993865030674,3+,FLPS
A0ACI8U804,unknown,2104.0,13,145,0.0689163498098859,3+,FLPS
A0ACI8UB86,unknown,209.0,5,97,0.4641148325358851,3+,FLPS
A0ACI8UDX5,unknown,454.0,2,23,0.0506607929515418,2,FLPS
A0ACI8UEC4,unknown,719.0,3,40,0.0556328233657858,3+,FLPS
A0ACI8UES1,unknown,422.0,2,65,0.1540284360189573,2,FLPS
A0ACI8UGJ8,unknown,626.0,6,237,0.3785942492012779,3+,FLPS
A0ACI8UJW4,unknown,514.0,1,35,0.0680933852140077,1,FLPS
A0ACI8UMC2,unknown,837.0,1,25,0.029868578255675,1,FLPS
A0ACI8UNX3,unknown,1077.0,11,201,0.1866295264623955,3+,FLPS
A0ACI8UQC4,unknown,506.0,1,5,0.0098814229249011,1,FLPS
A0ACI8USR5,unknown,685.0,7,164,0.2394160583941605,3+,FLPS
A0ACI8USX5,unknown,720.0,1,5,0.0069444444444444,1,FLPS
A0ACI8UTL7,unknown,402.0,10,254,0.6318407960199005,3+,FLPS
A0ACI8UUW5,unknown,527.0,5,46,0.0872865275142315,3+,FLPS
A0ACI8UZB3,unknown,1252.0,7,193,0.1541533546325878,3+,FLPS
A0ACI8V0W0,unknown,822.0,2,27,0.0328467153284671,2,FLPS
A0ACI8V583,mRNA,621.0,8,324,0.5217391304347826,3+,FLPS
A0ACI8V5N8,unknown,552.0,4,113,0.2047101449275362,3+,FLPS
A0ACI8V6J3,unknown,1329.0,8,167,0.1256583897667419,3+,FLPS
A0ACI8VA32,unknown,1280.0,6,55,0.04296875,3+,FLPS
A0ACI8VAV8,unknown,1149.0,7,222,0.1932114882506527,3+,FLPS
A0ACI8VCM9,unknown,1180.0,12,329,0.2788135593220339,3+,FLPS
A0ACI8VD15,unknown,1437.0,5,77,0.0535838552540013,3+,FLPS
A0ACI8VFS1,unknown,923.0,6,194,0.2101841820151679,3+,FLPS
A0ACI8VGW3,unknown,659.0,2,19,0.0288315629742033,2,FLPS
A0ACI8VQD2,unknown,1043.0,10,155,0.1486097794822627,3+,FLPS
A0ACI8VSD4,mRNA,674.0,4,107,0.158753709198813,3+,FLPS
A0AV96,mRNA,593.0,8,193,0.3254637436762226,3+,FLPS
A1L020,mRNA,520.0,10,235,0.4519230769230769,3+,FLPS
A2A288,mRNA,527.0,3,191,0.3624288425047438,3+,FLPS
A2A2Q9,snRNA,398.0,1,6,0.0150753768844221,1,FLPS
A2PYH4,unknown,1435.0,4,77,0.0536585365853658,3+,FLPS
A2RTX5,tRNA,802.0,4,44,0.054862842892768,3+,FLPS
A2RUC4,tRNA,315.0,1,15,0.0476190476190476,1,FLPS
A3KFL2,diverse,285.0,1,5,0.0175438596491228,1,FLPS
A4D1B5,unknown,854.0,2,83,0.0971896955503512,2,FLPS
A4D1E1,unknown,1349.0,7,179,0.1326908821349147,3+,FLPS
A4D1E9,unknown,387.0,2,24,0.0620155038759689,2,FLPS
A5YKK6,mRNA,2376.0,10,180,0.0757575757575757,3+,FLPS
A6NDE4,mRNA,496.0,4,212,0.4274193548387097,3+,FLPS
A6NDY0,mRNA,278.0,3,41,0.1474820143884892,3+,FLPS
A6NEQ0,mRNA,496.0,4,212,0.4274193548387097,3+,FLPS
A6NFI3,unknown,1004.0,13,459,0.4571713147410358,3+,FLPS
A6NFN3,mRNA,312.0,3,81,0.2596153846153846,3+,FLPS
A6NHQ2,snoRNA,334.0,2,92,0.2754491017964072,2,FLPS
A6NKG5,unknown,1358.0,10,271,0.1995581737849779,3+,FLPS
A6NNF4,unknown,616.0,2,29,0.047077922077922,2,FLPS
A6PVI3,mRNA,153.0,1,33,0.2156862745098039,1,FLPS
A7MD48,mRNA,611.0,4,423,0.6923076923076923,3+,FLPS
A8K979,unknown,691.0,5,52,0.0752532561505065,3+,FLPS
A8MQ14,unknown,1090.0,4,20,0.018348623853211,3+,FLPS
A8MXP9,mRNA,895.0,11,358,0.4,3+,FLPS
B0QY89,mRNA,607.0,4,65,0.1070840197693575,3+,FLPS
B0QYK0,mRNA,618.0,10,460,0.7443365695792881,3+,FLPS
B0QYY4,mRNA,370.0,4,69,0.1864864864864865,3+,FLPS
B1AHC9,mRNA,559.0,3,31,0.0554561717352415,3+,FLPS
B1AHD1,snRNA,132.0,1,11,0.0833333333333333,1,FLPS
B5MCF9,pre-rRNA,571.0,6,142,0.2486865148861646,3+,FLPS
B5MCH7,mRNA,343.0,1,10,0.0291545189504373,1,FLPS
B5MCU0,unknown,990.0,13,467,0.4717171717171717,3+,FLPS
B5MCY1,unknown,1934.0,5,56,0.0289555325749741,3+,FLPS
B8ZZ98,mRNA,158.0,3,112,0.7088607594936709,3+,FLPS
B8ZZK4,ribosomal protein,79.0,1,8,0.1012658227848101,1,FLPS
C9IY40,ribosomal protein,225.0,2,33,0.1466666666666666,2,FLPS
C9J0B9,mRNA,218.0,2,27,0.1238532110091743,2,FLPS
C9J0L0,unknown,50.0,1,43,0.86,1,FLPS
C9J1C5,ribosomal protein,52.0,1,41,0.7884615384615384,1,FLPS
C9J2Y9,mRNA,1167.0,7,133,0.1139674378748928,3+,FLPS
C9J323,mRNA,145.0,1,18,0.1241379310344827,1,FLPS
C9J6P4,ncRNA,1024.0,8,187,0.1826171875,3+,FLPS
C9J7E5,mRNA,957.0,4,37,0.038662486938349,3+,FLPS
C9J847,mRNA,114.0,1,12,0.1052631578947368,1,FLPS
C9J9B2,mRNA,264.0,4,71,0.2689393939393939,3+,FLPS
C9JAB2,mRNA,235.0,2,179,0.7617021276595745,2,FLPS
C9JCE0,mRNA,148.0,2,61,0.4121621621621621,2,FLPS
C9JE40,mRNA,543.0,8,167,0.3075506445672191,3+,FLPS
C9JGP4,diverse,144.0,1,13,0.0902777777777777,1,FLPS
C9JP00,mRNA,348.0,6,144,0.4137931034482758,3+,FLPS
C9JQX9,mRNA,83.0,1,33,0.3975903614457831,1,FLPS
C9JVJ0,unknown,101.0,2,18,0.1782178217821782,2,FLPS
C9JYQ9,ribosomal protein,121.0,1,27,0.2231404958677686,1,FLPS
D4PHA4,unknown,493.0,7,143,0.2900608519269776,3+,FLPS
D6R954,tRNA,199.0,1,61,0.3065326633165829,1,FLPS
D6R9W6,mRNA,518.0,5,117,0.2258687258687258,3+,FLPS
D6RA96,unknown,785.0,2,24,0.0305732484076433,2,FLPS
D6RCB9,snoRNA,135.0,1,31,0.2296296296296296,1,FLPS
D6REA0,tRNA,516.0,1,22,0.0426356589147286,1,FLPS
D6RG13,ribosomal protein,223.0,2,14,0.0627802690582959,2,FLPS
D6RIC3,pre-rRNA,150.0,1,42,0.28,1,FLPS
D6W5Y5,mRNA,297.0,5,125,0.4208754208754209,3+,FLPS
E5RHF4,ribosomal protein,198.0,1,33,0.1666666666666666,1,FLPS
E5RJM0,mRNA,639.0,6,143,0.2237871674491393,3+,FLPS
E5RJZ9,mRNA,265.0,3,43,0.1622641509433962,3+,FLPS
E5RK86,ribosomal protein,108.0,1,5,0.0462962962962962,1,FLPS
E7EPX0,mRNA,491.0,5,96,0.1955193482688391,3+,FLPS
E7ERJ7,mRNA,604.0,3,111,0.1837748344370861,3+,FLPS
E7ERQ6,mRNA,390.0,3,59,0.1512820512820512,3+,FLPS
E7ESC6,mRNA,1088.0,3,19,0.0174632352941176,3+,FLPS
E7ESL0,ribosomal protein,212.0,2,19,0.0896226415094339,2,FLPS
E7ET15,snRNA,1028.0,9,483,0.4698443579766537,3+,FLPS
E7ETK0,ribosomal protein,131.0,1,48,0.366412213740458,1,FLPS
E7ETU5,mRNA,370.0,2,42,0.1135135135135135,2,FLPS
E7EV40,mRNA,204.0,4,78,0.3823529411764705,3+,FLPS
E7EWR4,mRNA,597.0,6,248,0.4154103852596315,3+,FLPS
E7EX53,ribosomal protein,133.0,1,54,0.4060150375939849,1,FLPS
E9PB61,mRNA,264.0,4,131,0.4962121212121212,3+,FLPS
E9PBY2,mRNA,654.0,6,152,0.2324159021406728,3+,FLPS
E9PFF5,mRNA,490.0,3,69,0.1408163265306122,3+,FLPS
E9PHM2,tRNA,860.0,3,72,0.0837209302325581,3+,FLPS
E9PI14,ribosomal protein,86.0,1,5,0.0581395348837209,1,FLPS
E9PIF2,pre-rRNA,835.0,7,166,0.1988023952095808,3+,FLPS
E9PJG9,ncRNA,54.0,1,13,0.2407407407407407,1,FLPS
E9PKU4,ribosomal protein,235.0,2,27,0.1148936170212766,2,FLPS
E9PL09,ribosomal protein,231.0,1,51,0.2207792207792207,1,FLPS
E9PL19,mRNA,596.0,9,166,0.2785234899328859,3+,FLPS
E9PMM9,ribosomal protein,218.0,1,48,0.2201834862385321,1,FLPS
E9PN81,diverse,247.0,2,44,0.1781376518218623,2,FLPS
F2Z2G3,mRNA,333.0,3,50,0.1501501501501501,3+,FLPS
F5GYR3,pre-rRNA,275.0,2,72,0.2618181818181818,2,FLPS
F5H0R1,snRNA,912.0,11,268,0.293859649122807,3+,FLPS
F5H1K3,tRNA,237.0,3,37,0.1561181434599156,3+,FLPS
F6QDS0,mRNA,479.0,1,5,0.0104384133611691,1,FLPS
F6S9K0,mRNA,191.0,3,110,0.5759162303664922,3+,FLPS
F6TAI2,mRNA,324.0,3,60,0.1851851851851851,3+,FLPS
F6VAP0,mRNA,555.0,7,164,0.2954954954954955,3+,FLPS
F6VEC6,tRNA,435.0,1,40,0.0919540229885057,1,FLPS
F6XMP4,mRNA,155.0,3,48,0.3096774193548387,3+,FLPS
F6XX82,ribosomal protein,94.0,2,43,0.4574468085106383,2,FLPS
F8VP89,mRNA,275.0,5,152,0.5527272727272727,3+,FLPS
F8VQP2,mRNA,1073.0,10,476,0.4436160298229263,3+,FLPS
F8VS19,unknown,96.0,1,32,0.3333333333333333,1,FLPS
F8VU11,snRNA,892.0,16,399,0.4473094170403587,3+,FLPS
F8VVL1,mRNA,160.0,2,60,0.375,2,FLPS
F8VXY6,mRNA,228.0,2,27,0.1184210526315789,2,FLPS
F8VZA0,pre-rRNA,365.0,2,43,0.1178082191780822,2,FLPS
F8VZY7,mRNA,263.0,1,56,0.2129277566539923,1,FLPS
F8W6I7,mRNA,307.0,1,117,0.3811074918566775,1,FLPS
F8W727,ribosomal protein,153.0,2,27,0.1764705882352941,2,FLPS
F8W8D3,mRNA,277.0,3,58,0.2093862815884476,3+,FLPS
F8W8I6,mRNA,385.0,3,83,0.2155844155844155,3+,FLPS
F8WAS2,unknown,213.0,1,13,0.0610328638497652,1,FLPS
G3V2M5,pre-rRNA,61.0,1,13,0.2131147540983606,1,FLPS
G3V3F2,unknown,158.0,2,40,0.2531645569620253,2,FLPS
G3V414,mRNA,235.0,2,26,0.1106382978723404,2,FLPS
G3V529,pre-rRNA,816.0,8,97,0.1188725490196078,3+,FLPS
G3V5I6,mRNA,420.0,5,144,0.3428571428571428,3+,FLPS
G3V5X7,ncRNA,2519.0,7,121,0.0480349344978165,3+,FLPS
G5E9G0,ribosomal protein,351.0,2,78,0.2222222222222222,2,FLPS
G5EA06,ribosomal protein,358.0,1,31,0.0865921787709497,1,FLPS
H0Y450,tRNA,441.0,1,25,0.0566893424036281,1,FLPS
H0Y503,mRNA,135.0,1,10,0.074074074074074,1,FLPS
H0Y6E7,mRNA,292.0,3,110,0.3767123287671233,3+,FLPS
H0Y8P4,snoRNA,545.0,4,38,0.0697247706422018,3+,FLPS
H0Y8X3,mRNA,171.0,2,26,0.1520467836257309,2,FLPS
H0Y9C1,mRNA,435.0,1,60,0.1379310344827586,1,FLPS
H0YBR2,mRNA,502.0,3,57,0.1135458167330677,3+,FLPS
H0YD25,unknown,96.0,1,32,0.3333333333333333,1,FLPS
H0YDK8,mRNA,900.0,10,368,0.4088888888888889,3+,FLPS
H0YGD3,unknown,207.0,1,12,0.0579710144927536,1,FLPS
H0YGT4,unknown,134.0,1,12,0.0895522388059701,1,FLPS
H0YGW8,tRNA,298.0,2,33,0.110738255033557,2,FLPS
H0YH84,mRNA,186.0,1,12,0.064516129032258,1,FLPS
H0YHU8,mRNA,144.0,2,28,0.1944444444444444,2,FLPS
H0YI55,mRNA,253.0,4,85,0.3359683794466403,3+,FLPS
H0YIP0,tRNA,219.0,2,15,0.0684931506849315,2,FLPS
H0YKX1,mRNA,171.0,1,32,0.1871345029239766,1,FLPS
H0YLQ7,unknown,131.0,3,37,0.2824427480916031,3+,FLPS
H0YMF4,ribosomal protein,112.0,2,32,0.2857142857142857,2,FLPS
H0YMJ6,diverse,179.0,2,29,0.1620111731843575,2,FLPS
H0YN88,ribosomal protein,136.0,1,22,0.1617647058823529,1,FLPS
H3BM89,ribosomal protein,333.0,5,140,0.4204204204204204,3+,FLPS
H3BMQ2,pre-rRNA,146.0,2,64,0.4383561643835616,2,FLPS
H3BN59,mRNA,261.0,1,5,0.0191570881226053,1,FLPS
H3BNJ4,unknown,201.0,4,43,0.2139303482587064,3+,FLPS
H3BPD0,unknown,197.0,3,124,0.6294416243654822,3+,FLPS
H3BPE7,mRNA,527.0,7,398,0.7552182163187856,3+,FLPS
H3BPG5,mRNA,128.0,1,65,0.5078125,1,FLPS
H3BQK0,unknown,484.0,1,5,0.0103305785123966,1,FLPS
H3BSB3,pre-rRNA,131.0,2,35,0.2671755725190839,2,FLPS
H3BSG4,tRNA,173.0,1,33,0.1907514450867052,1,FLPS
H3BSW6,tRNA,586.0,6,117,0.1996587030716723,3+,FLPS
H3BTT8,snRNA,252.0,2,22,0.0873015873015873,2,FLPS
H3BUK8,ribosomal protein,54.0,1,26,0.4814814814814814,1,FLPS
H7BXY3,mRNA,1166.0,10,169,0.1449399656946826,3+,FLPS
H7BZW6,mRNA,143.0,1,8,0.0559440559440559,1,FLPS
H7C1D4,tRNA,185.0,1,22,0.1189189189189189,1,FLPS
H7C2G5,mRNA,117.0,1,26,0.2222222222222222,1,FLPS
H7C4E7,mRNA,151.0,1,10,0.0662251655629139,1,FLPS
H7C5K7,unknown,360.0,2,17,0.0472222222222222,2,FLPS
H9KV63,ncRNA,1113.0,4,75,0.0673854447439353,3+,FLPS
I3L0N7,mRNA,115.0,2,67,0.5826086956521739,2,FLPS
I3L1L6,mRNA,617.0,3,30,0.0486223662884927,3+,FLPS
J3KP02,unknown,692.0,5,137,0.1979768786127167,3+,FLPS
J3KPD3,mRNA,267.0,5,164,0.6142322097378277,3+,FLPS
J3KPI1,mRNA,630.0,7,112,0.1777777777777777,3+,FLPS
J3KPK3,mRNA,459.0,4,168,0.3660130718954248,3+,FLPS
J3KPP4,mRNA,489.0,3,215,0.4396728016359918,3+,FLPS
J3KQ82,mRNA,459.0,4,185,0.4030501089324618,3+,FLPS
J3KRL2,tRNA,102.0,1,10,0.0980392156862745,1,FLPS
J3QKW2,ribosomal protein,183.0,2,12,0.0655737704918032,2,FLPS
J3QL05,mRNA,130.0,1,48,0.3692307692307692,1,FLPS
J3QLD1,mRNA,290.0,4,79,0.2724137931034482,3+,FLPS
J3QQT2,ribosomal protein,171.0,1,10,0.0584795321637426,1,FLPS
J3QR28,pre-rRNA,271.0,1,7,0.025830258302583,1,FLPS
J3QS41,mRNA,1943.0,17,422,0.2171899125064333,3+,FLPS
J3QT46,mRNA,619.0,3,32,0.0516962843295638,3+,FLPS
K7EIJ1,tRNA,223.0,1,7,0.0313901345291479,1,FLPS
K7EIU6,mRNA,117.0,1,6,0.0512820512820512,1,FLPS
K7EJ78,ribosomal protein,129.0,2,38,0.2945736434108527,2,FLPS
K7EJB9,mRNA,349.0,3,136,0.3896848137535816,3+,FLPS
K7EK40,mRNA,64.0,1,33,0.515625,1,FLPS
K7EKC9,mRNA,86.0,1,22,0.2558139534883721,1,FLPS
K7EKH9,unknown,261.0,2,15,0.057471264367816,2,FLPS
K7EL95,tRNA,136.0,2,30,0.2205882352941176,2,FLPS
K7ENA8,mRNA,289.0,2,19,0.0657439446366782,2,FLPS
K7EPB9,unknown,110.0,2,56,0.509090909090909,2,FLPS
K7EPH2,tRNA,378.0,1,26,0.0687830687830687,1,FLPS
K7EQP2,mRNA,53.0,1,11,0.2075471698113207,1,FLPS
K7ER00,tRNA,548.0,3,60,0.1094890510948905,3+,FLPS
K7ERG4,snRNA,78.0,3,32,0.4102564102564102,3+,FLPS
M0QXD5,snoRNA,236.0,3,61,0.2584745762711864,3+,FLPS
M0QY97,unknown,910.0,12,438,0.4813186813186813,3+,FLPS
M0QZ34,pre-rRNA,200.0,1,36,0.18,1,FLPS
M0R050,diverse,197.0,2,32,0.1624365482233502,2,FLPS
M0R117,ribosomal protein,154.0,1,5,0.0324675324675324,1,FLPS
M0R1H0,snoRNA,178.0,1,59,0.3314606741573033,1,FLPS
M0R226,ribosomal protein,184.0,2,58,0.3152173913043478,2,FLPS
M0R2C6,tRNA,588.0,2,57,0.096938775510204,2,FLPS
M0R2S1,ribosomal protein,138.0,2,60,0.4347826086956521,2,FLPS
O00148,mRNA,427.0,1,5,0.0117096018735363,1,FLPS
O00178,mRNA,669.0,3,63,0.0941704035874439,3+,FLPS
O00267,mRNA,1087.0,4,250,0.2299908003679852,3+,FLPS
O00410,mRNA,1097.0,6,68,0.0619872379216043,3+,FLPS
O00411,mRNA,1230.0,8,160,0.1300813008130081,3+,FLPS
O00418,mRNA,725.0,5,106,0.1462068965517241,3+,FLPS
O00425,mRNA,579.0,3,72,0.1243523316062176,3+,FLPS
O00442,tRNA,366.0,1,5,0.0136612021857923,1,FLPS
O00566,snoRNA,681.0,9,260,0.381791483113069,3+,FLPS
O00567,snoRNA,594.0,8,145,0.2441077441077441,3+,FLPS
O00571,mRNA,662.0,2,142,0.2145015105740181,2,FLPS
O00584,diverse,256.0,2,48,0.1875,2,FLPS
O14602,mRNA,144.0,1,19,0.1319444444444444,1,FLPS
O14647,unknown,1828.0,24,684,0.3741794310722101,3+,FLPS
O14717,tRNA,391.0,1,14,0.0358056265984654,1,FLPS
O14730,pre-rRNA,519.0,2,28,0.0539499036608863,2,FLPS
O14746,ncRNA,1132.0,8,224,0.1978798586572438,3+,FLPS
O14776,mRNA,1098.0,9,447,0.407103825136612,3+,FLPS
O14787,mRNA,897.0,3,48,0.0535117056856187,3+,FLPS
O14879,ncRNA,490.0,1,13,0.0265306122448979,1,FLPS
O14893,snRNA,280.0,2,33,0.1178571428571428,2,FLPS
O14979,mRNA,420.0,6,192,0.4571428571428571,3+,FLPS
O14980,mRNA,1071.0,1,12,0.011204481792717,1,FLPS
O14981,unknown,1849.0,7,102,0.0551649540292049,3+,FLPS
O15037,mRNA,678.0,5,132,0.1946902654867256,3+,FLPS
O15042,snRNA,1029.0,9,503,0.488824101068999,3+,FLPS
O15047,ncRNA,1707.0,26,733,0.4294083186877563,3+,FLPS
O15056,unknown,1496.0,6,183,0.1223262032085561,3+,FLPS
O15105,ncRNA,426.0,6,137,0.3215962441314554,3+,FLPS
O15116,snRNA,133.0,1,35,0.2631578947368421,1,FLPS
O15198,ncRNA,467.0,3,98,0.2098501070663811,3+,FLPS
O15213,snoRNA,610.0,5,99,0.1622950819672131,3+,FLPS
O15226,unknown,690.0,2,43,0.0623188405797101,2,FLPS
O15234,mRNA,703.0,10,389,0.5533428165007113,3+,FLPS
O15235,ribosomal protein,138.0,1,16,0.1159420289855072,1,FLPS
O15371,mRNA,548.0,4,79,0.1441605839416058,3+,FLPS
O15372,mRNA,352.0,5,64,0.1818181818181818,3+,FLPS
O15397,ncRNA,1037.0,3,77,0.0742526518804243,3+,FLPS
O15446,pre-rRNA,510.0,13,194,0.3803921568627451,3+,FLPS
O15455,ncRNA,904.0,4,71,0.0785398230088495,3+,FLPS
O15504,mRNA,423.0,7,174,0.4113475177304964,3+,FLPS
O15523,mRNA,660.0,2,148,0.2242424242424242,2,FLPS
O15541,snRNA,343.0,2,47,0.1370262390670553,2,FLPS
O43143,mRNA,795.0,4,99,0.1245283018867924,3+,FLPS
O43148,mRNA,476.0,2,40,0.0840336134453781,2,FLPS
O43159,pre-rRNA,456.0,5,116,0.2543859649122807,3+,FLPS
O43172,snRNA,522.0,4,47,0.0900383141762452,3+,FLPS
O43251,mRNA,390.0,4,107,0.2743589743589744,3+,FLPS
O43290,snRNA,800.0,9,160,0.2,3+,FLPS
O43310,mRNA,598.0,4,104,0.1739130434782608,3+,FLPS
O43347,mRNA,362.0,1,8,0.0220994475138121,1,FLPS
O43390,mRNA,633.0,7,227,0.358609794628752,3+,FLPS
O43395,snRNA,683.0,8,97,0.1420204978038067,3+,FLPS
O43422,unknown,761.0,1,44,0.0578186596583442,1,FLPS
O43426,unknown,1573.0,7,251,0.1595677050222504,3+,FLPS
O43432,mRNA,1585.0,13,396,0.2498422712933753,3+,FLPS
O43541,ncRNA,496.0,4,168,0.3387096774193548,3+,FLPS
O43660,mRNA,514.0,3,22,0.0428015564202334,3+,FLPS
O43709,pre-rRNA,281.0,1,47,0.1672597864768683,1,FLPS
O43719,mRNA,755.0,7,411,0.5443708609271524,3+,FLPS
O43776,tRNA,548.0,1,37,0.0675182481751824,1,FLPS
O43809,mRNA,227.0,1,23,0.1013215859030837,1,FLPS
O43818,snoRNA,475.0,3,127,0.2673684210526316,3+,FLPS
O43823,mRNA,692.0,11,262,0.3786127167630058,3+,FLPS
O60231,snRNA,1041.0,8,242,0.2324687800192122,3+,FLPS
O60287,pre-rRNA,2271.0,10,162,0.071334214002642,3+,FLPS
O60290,unknown,1169.0,7,102,0.0872540633019675,3+,FLPS
O60293,unknown,1989.0,17,589,0.2961287078934138,3+,FLPS
O60294,tRNA,686.0,5,124,0.1807580174927113,3+,FLPS
O60306,mRNA,1485.0,9,157,0.1057239057239057,3+,FLPS
O60318,mRNA,1980.0,18,414,0.209090909090909,3+,FLPS
O60506,mRNA,623.0,4,162,0.2600321027287319,3+,FLPS
O60508,mRNA,579.0,4,86,0.1485319516407599,3+,FLPS
O60518,mRNA,1105.0,3,31,0.0280542986425339,3+,FLPS
O60522,ncRNA,2096.0,6,120,0.0572519083969465,3+,FLPS
O60563,ncRNA,726.0,8,169,0.2327823691460055,3+,FLPS
O60573,mRNA,245.0,1,12,0.0489795918367346,1,FLPS
O60583,ncRNA,730.0,7,239,0.3273972602739726,3+,FLPS
O60603,unknown,784.0,5,138,0.1760204081632653,3+,FLPS
O60739,mRNA,113.0,1,11,0.0973451327433628,1,FLPS
O60783,ribosomal protein,128.0,1,33,0.2578125,1,FLPS
O60812,mRNA,293.0,4,108,0.3686006825938566,3+,FLPS
O60828,mRNA,265.0,3,99,0.3735849056603773,3+,FLPS
O60832,snoRNA,514.0,3,63,0.122568093385214,3+,FLPS
O60841,tRNA,1220.0,11,369,0.3024590163934426,3+,FLPS
O60870,snRNA,393.0,8,170,0.4325699745547073,3+,FLPS
O60930,diverse,286.0,2,22,0.0769230769230769,2,FLPS
O60942,mRNA,597.0,3,34,0.0569514237855946,3+,FLPS
O75113,unknown,896.0,3,69,0.0770089285714285,3+,FLPS
O75127,tRNA,700.0,6,65,0.0928571428571428,3+,FLPS
O75132,unknown,1171.0,10,112,0.0956447480785653,3+,FLPS
O75152,mRNA,810.0,8,185,0.228395061728395,3+,FLPS
O75179,unknown,2603.0,29,1006,0.3864771417595082,3+,FLPS
O75319,mRNA,330.0,1,6,0.0181818181818181,1,FLPS
O75437,unknown,659.0,1,11,0.0166919575113808,1,FLPS
O75460,mRNA,977.0,4,83,0.0849539406345957,3+,FLPS
O75475,mRNA,530.0,5,137,0.2584905660377358,3+,FLPS
O75494,mRNA,262.0,2,123,0.4694656488549618,2,FLPS
O75525,mRNA,346.0,3,99,0.2861271676300578,3+,FLPS
O75526,mRNA,392.0,5,262,0.6683673469387755,3+,FLPS
O75530,ncRNA,441.0,2,26,0.0589569160997732,2,FLPS
O75533,mRNA,1304.0,5,132,0.1012269938650306,3+,FLPS
O75607,pre-rRNA,178.0,4,36,0.2022471910112359,3+,FLPS
O75616,pre-rRNA,437.0,1,7,0.0160183066361556,1,FLPS
O75643,snRNA,2136.0,9,128,0.0599250936329588,3+,FLPS
O75691,snoRNA,2785.0,13,331,0.118850987432675,3+,FLPS
O75817,ncRNA,140.0,1,11,0.0785714285714285,1,FLPS
O75818,ncRNA,363.0,2,26,0.071625344352617,2,FLPS
O75821,mRNA,320.0,2,19,0.059375,2,FLPS
O75923,unknown,2080.0,10,131,0.0629807692307692,3+,FLPS
O75940,mRNA,238.0,2,65,0.2731092436974789,2,FLPS
O77932,diverse,396.0,3,47,0.1186868686868686,3+,FLPS
O94761,unknown,1208.0,11,234,0.1937086092715231,3+,FLPS
O94762,unknown,991.0,5,200,0.201816347124117,3+,FLPS
O94829,mRNA,963.0,4,54,0.0560747663551401,3+,FLPS
O94874,unknown,794.0,5,43,0.0541561712846347,3+,FLPS
O94886,unknown,807.0,8,82,0.1016109045848822,3+,FLPS
O94906,snRNA,941.0,5,90,0.0956429330499468,3+,FLPS
O94913,mRNA,1555.0,13,599,0.3852090032154341,3+,FLPS
O94992,ncRNA,359.0,8,146,0.4066852367688022,3+,FLPS
O95104,mRNA,1147.0,11,680,0.5928509154315605,3+,FLPS
O95149,snRNA,360.0,3,49,0.1361111111111111,3+,FLPS
O95163,tRNA,1332.0,3,64,0.048048048048048,3+,FLPS
O95218,mRNA,330.0,4,203,0.6151515151515151,3+,FLPS
O95319,mRNA,508.0,3,56,0.1102362204724409,3+,FLPS
O95363,tRNA,451.0,1,31,0.0687361419068736,1,FLPS
O95373,mRNA,1038.0,4,181,0.174373795761079,3+,FLPS
O95391,mRNA,586.0,7,163,0.2781569965870307,3+,FLPS
O95396,tRNA,460.0,5,57,0.1239130434782608,3+,FLPS
O95400,snRNA,341.0,6,55,0.1612903225806451,3+,FLPS
O95453,mRNA,639.0,2,47,0.0735524256651017,2,FLPS
O95620,tRNA,317.0,1,11,0.0347003154574132,1,FLPS
O95628,mRNA,575.0,6,177,0.3078260869565217,3+,FLPS
O95639,mRNA,269.0,3,116,0.4312267657992565,3+,FLPS
O95707,ncRNA,220.0,1,10,0.0454545454545454,1,FLPS
O95758,mRNA,552.0,2,33,0.0597826086956521,2,FLPS
O95786,ncRNA,925.0,1,23,0.0248648648648648,1,FLPS
O95793,mRNA,577.0,5,152,0.2634315424610052,3+,FLPS
O95926,mRNA,243.0,2,76,0.3127572016460905,2,FLPS
O95985,mRNA,862.0,3,96,0.111368909512761,3+,FLPS
O95989,mRNA,172.0,2,22,0.127906976744186,2,FLPS
O96006,unknown,694.0,1,19,0.0273775216138328,1,FLPS
P03950,diverse,147.0,1,14,0.0952380952380952,1,FLPS
P05198,tRNA,315.0,3,49,0.1555555555555555,3+,FLPS
P05386,ribosomal protein,114.0,2,40,0.3508771929824561,2,FLPS
P05387,ribosomal protein,115.0,2,42,0.3652173913043478,2,FLPS
P05388,ribosomal protein,317.0,4,72,0.2271293375394321,3+,FLPS
P05455,tRNA,408.0,2,87,0.213235294117647,2,FLPS
P06730,mRNA,217.0,1,19,0.0875576036866359,1,FLPS
P06748,pre-rRNA,294.0,4,49,0.1666666666666666,3+,FLPS
P07814,tRNA,1512.0,5,70,0.0462962962962962,3+,FLPS
P07910,mRNA,306.0,5,128,0.4183006535947712,3+,FLPS
P07998,diverse,156.0,3,34,0.2179487179487179,3+,FLPS
P08240,ncRNA,638.0,4,90,0.1410658307210031,3+,FLPS
P08579,snRNA,225.0,4,56,0.2488888888888888,3+,FLPS
P08621,snRNA,437.0,6,330,0.7551487414187643,3+,FLPS
P08865,ribosomal protein,295.0,1,23,0.0779661016949152,1,FLPS
P09012,snRNA,282.0,3,96,0.3404255319148936,3+,FLPS
P09132,ncRNA,144.0,1,9,0.0625,1,FLPS
P09234,snRNA,159.0,1,95,0.5974842767295597,1,FLPS
P09543,mRNA,421.0,1,6,0.014251781472684,1,FLPS
P09651,mRNA,372.0,3,183,0.4919354838709677,3+,FLPS
P09661,snRNA,255.0,1,6,0.0235294117647058,1,FLPS
P09874,mRNA,1014.0,5,123,0.1213017751479289,3+,FLPS
P09913,ncRNA,472.0,3,50,0.1059322033898305,3+,FLPS
P09914,ncRNA,478.0,2,35,0.0732217573221757,2,FLPS
P0C7P1,mRNA,496.0,4,212,0.4274193548387097,3+,FLPS
P0C7T5,mRNA,689.0,7,173,0.251088534107402,3+,FLPS
P0CF97,unknown,657.0,3,17,0.0258751902587519,3+,FLPS
P0DJD3,mRNA,496.0,4,212,0.4274193548387097,3+,FLPS
P0DKX0,unknown,622.0,3,25,0.040192926045016,3+,FLPS
P10153,diverse,161.0,2,75,0.4658385093167702,2,FLPS
P11387,unknown,765.0,7,240,0.3137254901960784,3+,FLPS
P11940,mRNA,636.0,4,93,0.1462264150943396,3+,FLPS
P12270,mRNA,2363.0,22,584,0.2471434617012272,3+,FLPS
P12724,diverse,160.0,2,57,0.35625,2,FLPS
P13489,diverse,461.0,4,94,0.2039045553145336,3+,FLPS
P13639,tRNA,858.0,4,74,0.0862470862470862,3+,FLPS
P14678,snRNA,240.0,3,143,0.5958333333333333,3+,FLPS
P14866,mRNA,589.0,4,173,0.2937181663837012,3+,FLPS
P14868,tRNA,501.0,2,12,0.0239520958083832,2,FLPS
P15170,mRNA,499.0,3,70,0.1402805611222445,3+,FLPS
P15918,unknown,1043.0,2,49,0.046979865771812,2,FLPS
P16383,mRNA,781.0,8,168,0.2151088348271446,3+,FLPS
P16989,mRNA,372.0,7,206,0.553763440860215,3+,FLPS
P17039,unknown,623.0,1,11,0.0176565008025682,1,FLPS
P17480,pre-rRNA,764.0,10,231,0.3023560209424084,3+,FLPS
P18583,mRNA,2426.0,18,1066,0.4394064303380049,3+,FLPS
P18615,mRNA,380.0,4,106,0.2789473684210526,3+,FLPS
P19338,snoRNA,710.0,8,294,0.4140845070422535,3+,FLPS
P19474,ncRNA,475.0,3,70,0.1473684210526315,3+,FLPS
P19525,ncRNA,551.0,4,126,0.2286751361161524,3+,FLPS
P20042,tRNA,333.0,5,91,0.2732732732732733,3+,FLPS
P21128,snoRNA,410.0,3,123,0.3,3+,FLPS
P21399,mRNA,889.0,3,27,0.03037120359955,3+,FLPS
P21506,unknown,573.0,3,21,0.0366492146596858,3+,FLPS
P22087,snRNA,321.0,2,77,0.2398753894080997,2,FLPS
P22314,mRNA,1058.0,3,39,0.0368620037807183,3+,FLPS
P22626,mRNA,353.0,1,148,0.4192634560906516,1,FLPS
P23246,mRNA,707.0,4,455,0.6435643564356436,3+,FLPS
P23396,ribosomal protein,243.0,1,51,0.2098765432098765,1,FLPS
P23588,mRNA,611.0,8,302,0.4942716857610474,3+,FLPS
P24534,tRNA,225.0,3,33,0.1466666666666666,3+,FLPS
P25311,unknown,298.0,3,18,0.0604026845637583,3+,FLPS
P25786,unknown,263.0,1,5,0.0190114068441064,1,FLPS
P26358,ncRNA,1616.0,10,239,0.1478960396039604,3+,FLPS
P26368,mRNA,475.0,4,72,0.151578947368421,3+,FLPS
P26378,mRNA,385.0,2,30,0.0779220779220779,2,FLPS
P26599,mRNA,557.0,3,52,0.0933572710951526,3+,FLPS
P26639,tRNA,723.0,2,38,0.0525587828492392,2,FLPS
P26640,tRNA,1264.0,10,237,0.1875,3+,FLPS
P26641,tRNA,437.0,1,60,0.137299771167048,1,FLPS
P26651,mRNA,326.0,5,174,0.5337423312883436,3+,FLPS
P27824,unknown,592.0,6,157,0.2652027027027027,3+,FLPS
P29558,mRNA,406.0,3,70,0.1724137931034483,3+,FLPS
P29692,tRNA,281.0,4,45,0.1601423487544484,3+,FLPS
P29728,ncRNA,719.0,1,7,0.0097357440890125,1,FLPS
P31483,mRNA,386.0,3,95,0.2461139896373056,3+,FLPS
P31939,unknown,592.0,2,46,0.0777027027027027,2,FLPS
P31942,mRNA,346.0,2,156,0.4508670520231214,2,FLPS
P31943,mRNA,449.0,2,103,0.2293986636971046,2,FLPS
P32969,ribosomal protein,192.0,2,11,0.0572916666666666,2,FLPS
P33240,mRNA,577.0,6,230,0.3986135181975737,3+,FLPS
P35269,mRNA,517.0,7,134,0.2591876208897485,3+,FLPS
P35637,mRNA,526.0,7,398,0.7566539923954373,3+,FLPS
P35789,unknown,620.0,1,39,0.0629032258064516,1,FLPS
P36776,diverse,959.0,6,133,0.1386861313868613,3+,FLPS
P37108,ncRNA,136.0,2,41,0.3014705882352941,2,FLPS
P38159,mRNA,391.0,5,256,0.6547314578005116,3+,FLPS
P38398,ncRNA,1863.0,11,288,0.1545893719806763,3+,FLPS
P38919,mRNA,411.0,1,8,0.0194647201946472,1,FLPS
P38935,tRNA,993.0,6,174,0.175226586102719,3+,FLPS
P40429,ribosomal protein,203.0,2,38,0.1871921182266009,2,FLPS
P41091,tRNA,472.0,2,53,0.1122881355932203,2,FLPS
P41214,tRNA,584.0,3,49,0.0839041095890411,3+,FLPS
P41250,tRNA,739.0,2,59,0.0798376184032476,2,FLPS
P41252,tRNA,1262.0,2,11,0.0087163232963549,2,FLPS
P42285,diverse,1042.0,1,12,0.0115163147792706,1,FLPS
P42694,mRNA,1942.0,16,432,0.2224510813594232,3+,FLPS
P42696,mRNA,430.0,4,45,0.1046511627906976,3+,FLPS
P42704,mRNA,1394.0,6,92,0.0659971305595408,3+,FLPS
P42766,ribosomal protein,123.0,2,28,0.2276422764227642,2,FLPS
P43243,mRNA,847.0,11,361,0.4262101534828807,3+,FLPS
P46087,pre-rRNA,812.0,6,223,0.2746305418719212,3+,FLPS
P46100,unknown,2492.0,37,800,0.3210272873194221,3+,FLPS
P46199,tRNA,727.0,4,113,0.155433287482806,3+,FLPS
P46777,ribosomal protein,297.0,3,40,0.1346801346801346,3+,FLPS
P46778,ribosomal protein,160.0,1,26,0.1625,1,FLPS
P46781,ribosomal protein,194.0,1,23,0.1185567010309278,1,FLPS
P46782,ribosomal protein,204.0,1,5,0.0245098039215686,1,FLPS
P47813,mRNA,144.0,1,19,0.1319444444444444,1,FLPS
P47914,ribosomal protein,159.0,3,67,0.4213836477987421,3+,FLPS
P47974,mRNA,494.0,9,254,0.5141700404858299,3+,FLPS
P48200,mRNA,963.0,1,11,0.0114226375908618,1,FLPS
P49406,ribosomal protein,292.0,2,67,0.2294520547945205,2,FLPS
P49411,mRNA,455.0,3,52,0.1142857142857142,3+,FLPS
P49450,unknown,140.0,2,71,0.5071428571428571,2,FLPS
P49588,tRNA,968.0,3,30,0.03099173553719,3+,FLPS
P49589,tRNA,748.0,4,86,0.1149732620320855,3+,FLPS
P49590,tRNA,506.0,1,18,0.0355731225296442,1,FLPS
P49642,diverse,420.0,5,77,0.1833333333333333,3+,FLPS
P49756,mRNA,843.0,10,416,0.4934756820877817,3+,FLPS
P49759,mRNA,484.0,4,72,0.1487603305785124,3+,FLPS
P49760,mRNA,499.0,3,161,0.3226452905811623,3+,FLPS
P49761,mRNA,490.0,3,157,0.3204081632653061,3+,FLPS
P49770,mRNA,351.0,1,6,0.017094017094017,1,FLPS
P49790,diverse,1475.0,16,523,0.3545762711864407,3+,FLPS
P49792,mRNA,3224.0,20,360,0.1116625310173697,3+,FLPS
P50750,ncRNA,372.0,1,34,0.0913978494623656,1,FLPS
P50914,ribosomal protein,215.0,1,124,0.5767441860465117,1,FLPS
P51114,mRNA,621.0,4,74,0.1191626409017713,3+,FLPS
P51116,mRNA,673.0,5,154,0.2288261515601783,3+,FLPS
P51508,unknown,661.0,1,11,0.0166414523449319,1,FLPS
P51513,mRNA,507.0,2,101,0.1992110453648915,2,FLPS
P51531,unknown,1590.0,17,555,0.3490566037735849,3+,FLPS
P51608,mRNA,486.0,9,143,0.294238683127572,3+,FLPS
P51814,unknown,821.0,2,85,0.1035322777101096,2,FLPS
P51825,mRNA,1210.0,16,572,0.4727272727272727,3+,FLPS
P51843,mRNA,470.0,6,65,0.1382978723404255,3+,FLPS
P51991,mRNA,378.0,3,178,0.4708994708994709,3+,FLPS
P52272,mRNA,730.0,7,421,0.5767123287671233,3+,FLPS
P52594,mRNA,562.0,7,171,0.304270462633452,3+,FLPS
P52597,mRNA,415.0,1,21,0.0506024096385542,1,FLPS
P52756,mRNA,815.0,10,306,0.3754601226993865,3+,FLPS
P52815,ribosomal protein,198.0,2,45,0.2272727272727272,2,FLPS
P52824,unknown,942.0,10,272,0.2887473460721868,3+,FLPS
P53803,mRNA,58.0,1,33,0.5689655172413793,1,FLPS
P53999,mRNA,127.0,3,39,0.3070866141732283,3+,FLPS
P54136,tRNA,660.0,1,5,0.0075757575757575,1,FLPS
P54253,mRNA,815.0,7,162,0.1987730061349693,3+,FLPS
P54577,tRNA,528.0,2,11,0.0208333333333333,2,FLPS
P55010,mRNA,431.0,6,77,0.1786542923433874,3+,FLPS
P55199,snRNA,621.0,4,119,0.1916264090177133,3+,FLPS
P55265,mRNA,1226.0,2,54,0.0440456769983686,2,FLPS
P55769,snRNA,128.0,1,11,0.0859375,1,FLPS
P55795,mRNA,449.0,3,110,0.2449888641425389,3+,FLPS
P55884,mRNA,814.0,8,174,0.2137592137592137,3+,FLPS
P56182,pre-rRNA,461.0,6,81,0.175704989154013,3+,FLPS
P56192,tRNA,900.0,6,112,0.1244444444444444,3+,FLPS
P56270,unknown,477.0,6,236,0.4947589098532495,3+,FLPS
P57052,mRNA,281.0,3,23,0.0818505338078291,3+,FLPS
P57081,tRNA,412.0,3,57,0.1383495145631068,3+,FLPS
P57678,snRNA,1058.0,2,29,0.0274102079395085,2,FLPS
P57721,mRNA,371.0,2,47,0.1266846361185983,2,FLPS
P57723,mRNA,403.0,3,73,0.1811414392059553,3+,FLPS
P57772,tRNA,596.0,4,73,0.12248322147651,3+,FLPS
P60153,unknown,205.0,2,30,0.1463414634146341,2,FLPS
P60228,mRNA,445.0,1,26,0.0584269662921348,1,FLPS
P60321,mRNA,138.0,2,34,0.2463768115942029,2,FLPS
P60323,mRNA,173.0,4,81,0.4682080924855491,3+,FLPS
P60842,mRNA,406.0,1,18,0.0443349753694581,1,FLPS
P60900,unknown,246.0,1,6,0.024390243902439,1,FLPS
P61011,ncRNA,504.0,2,104,0.2063492063492063,2,FLPS
P61129,unknown,1189.0,14,486,0.4087468460891506,3+,FLPS
P61218,mRNA,127.0,2,40,0.3149606299212598,2,FLPS
P61221,ncRNA,599.0,2,66,0.1101836393989983,2,FLPS
P61254,ribosomal protein,145.0,1,27,0.1862068965517241,1,FLPS
P61353,ribosomal protein,136.0,1,15,0.1102941176470588,1,FLPS
P61978,mRNA,463.0,5,198,0.427645788336933,3+,FLPS
P62081,ribosomal protein,194.0,1,23,0.1185567010309278,1,FLPS
P62241,ribosomal protein,208.0,2,51,0.2451923076923076,2,FLPS
P62266,ribosomal protein,143.0,1,14,0.0979020979020979,1,FLPS
P62269,ribosomal protein,152.0,1,37,0.2434210526315789,1,FLPS
P62306,snRNA,86.0,1,5,0.0581395348837209,1,FLPS
P62310,snRNA,102.0,1,16,0.1568627450980392,1,FLPS
P62314,snRNA,119.0,1,23,0.1932773109243697,1,FLPS
P62316,snRNA,118.0,3,40,0.3389830508474576,3+,FLPS
P62318,snRNA,126.0,2,45,0.3571428571428571,2,FLPS
P62487,mRNA,172.0,1,12,0.0697674418604651,1,FLPS
P62495,mRNA,437.0,2,16,0.0366132723112128,2,FLPS
P62633,mRNA,177.0,2,133,0.751412429378531,2,FLPS
P62750,ribosomal protein,156.0,2,66,0.4230769230769231,2,FLPS
P62753,ribosomal protein,249.0,3,110,0.4417670682730923,3+,FLPS
P62826,mRNA,216.0,1,5,0.0231481481481481,1,FLPS
P62851,ribosomal protein,125.0,1,40,0.32,1,FLPS
P62854,ribosomal protein,115.0,2,55,0.4782608695652174,2,FLPS
P62861,ribosomal protein,133.0,2,22,0.1654135338345864,2,FLPS
P62888,ribosomal protein,115.0,1,5,0.0434782608695652,1,FLPS
P62891,ribosomal protein,51.0,1,6,0.1176470588235294,1,FLPS
P62906,ribosomal protein,217.0,1,16,0.0737327188940092,1,FLPS
P62945,ribosomal protein,25.0,1,24,0.96,1,FLPS
P62979,ribosomal protein,156.0,2,59,0.3782051282051282,2,FLPS
P62995,mRNA,288.0,2,182,0.6319444444444444,2,FLPS
P63162,snRNA,240.0,3,143,0.5958333333333333,3+,FLPS
P67809,mRNA,324.0,7,122,0.3765432098765432,3+,FLPS
P68104,tRNA,462.0,1,31,0.0670995670995671,1,FLPS
P78316,pre-rRNA,857.0,8,172,0.2007001166861143,3+,FLPS
P78317,unknown,190.0,2,33,0.1736842105263158,2,FLPS
P78332,mRNA,1123.0,15,432,0.3846838824577026,3+,FLPS
P78344,mRNA,907.0,8,190,0.2094818081587651,3+,FLPS
P78362,mRNA,688.0,8,189,0.2747093023255814,3+,FLPS
P78563,mRNA,741.0,5,76,0.1025641025641025,3+,FLPS
P79522,unknown,188.0,2,121,0.6436170212765957,2,FLPS
P82663,ribosomal protein,173.0,2,41,0.2369942196531791,2,FLPS
P82664,ribosomal protein,201.0,1,21,0.1044776119402985,1,FLPS
P82673,ribosomal protein,323.0,5,125,0.3869969040247678,3+,FLPS
P82675,ribosomal protein,430.0,6,92,0.213953488372093,3+,FLPS
P82909,ribosomal protein,103.0,2,30,0.2912621359223301,2,FLPS
P82912,ribosomal protein,194.0,1,13,0.0670103092783505,1,FLPS
P82914,ribosomal protein,257.0,2,11,0.0428015564202334,2,FLPS
P82930,ribosomal protein,218.0,2,67,0.3073394495412844,2,FLPS
P82933,ribosomal protein,396.0,1,5,0.0126262626262626,1,FLPS
P82979,mRNA,210.0,1,37,0.1761904761904762,1,FLPS
P83369,snRNA,360.0,4,152,0.4222222222222222,3+,FLPS
P83731,ribosomal protein,157.0,2,65,0.4140127388535032,2,FLPS
P83876,snRNA,142.0,1,6,0.0422535211267605,1,FLPS
P84022,ncRNA,425.0,4,73,0.1717647058823529,3+,FLPS
P84098,ribosomal protein,196.0,2,92,0.4693877551020408,2,FLPS
P84103,mRNA,164.0,1,100,0.6097560975609756,1,FLPS
P86452,unknown,979.0,5,111,0.1133810010214504,3+,FLPS
P98175,mRNA,930.0,10,229,0.2462365591397849,3+,FLPS
P98179,mRNA,157.0,2,74,0.4713375796178344,2,FLPS
Q00013,unknown,466.0,3,25,0.0536480686695279,3+,FLPS
Q00059,mRNA,246.0,1,26,0.1056910569105691,1,FLPS
Q00341,mRNA,1268.0,6,81,0.0638801261829653,3+,FLPS
Q00577,mRNA,322.0,3,56,0.1739130434782608,3+,FLPS
Q00839,mRNA,825.0,9,369,0.4472727272727272,3+,FLPS
Q01081,mRNA,240.0,3,103,0.4291666666666666,3+,FLPS
Q01085,mRNA,375.0,3,65,0.1733333333333333,3+,FLPS
Q01130,mRNA,221.0,1,139,0.6289592760180995,1,FLPS
Q01780,diverse,885.0,5,114,0.1288135593220339,3+,FLPS
Q01844,unknown,656.0,11,528,0.8048780487804879,3+,FLPS
Q02040,mRNA,695.0,4,256,0.3683453237410072,3+,FLPS
Q02878,ribosomal protein,288.0,3,66,0.2291666666666666,3+,FLPS
Q03468,unknown,1493.0,9,161,0.1078365706630944,3+,FLPS
Q03701,pre-rRNA,1054.0,6,211,0.2001897533206831,3+,FLPS
Q04637,mRNA,1599.0,16,503,0.3145716072545341,3+,FLPS
Q05048,mRNA,431.0,1,21,0.0487238979118329,1,FLPS
Q05481,unknown,1191.0,2,70,0.0587741393786733,2,FLPS
Q05519,mRNA,484.0,4,242,0.5,3+,FLPS
Q05823,ncRNA,741.0,1,8,0.0107962213225371,1,FLPS
Q06265,diverse,439.0,4,63,0.143507972665148,3+,FLPS
Q06787,mRNA,632.0,4,95,0.1503164556962025,3+,FLPS
Q06830,mRNA,199.0,1,10,0.050251256281407,1,FLPS
Q07020,ribosomal protein,188.0,2,52,0.2765957446808511,2,FLPS
Q07021,mRNA,282.0,2,23,0.0815602836879432,2,FLPS
Q07352,mRNA,338.0,2,63,0.1863905325443787,2,FLPS
Q07666,mRNA,443.0,6,208,0.4695259593679458,3+,FLPS
Q07864,unknown,2286.0,7,100,0.0437445319335083,3+,FLPS
Q07955,mRNA,248.0,2,65,0.2620967741935484,2,FLPS
Q08117,unknown,197.0,3,94,0.4771573604060913,3+,FLPS
Q08170,mRNA,494.0,5,338,0.6842105263157895,3+,FLPS
Q08211,ncRNA,1270.0,8,219,0.1724409448818897,3+,FLPS
Q08AF3,unknown,891.0,2,13,0.0145903479236812,2,FLPS
Q08J23,tRNA,767.0,4,60,0.0782268578878748,3+,FLPS
Q09161,mRNA,790.0,6,68,0.0860759493670886,3+,FLPS
Q12788,snoRNA,808.0,2,40,0.0495049504950495,2,FLPS
Q12849,mRNA,480.0,7,135,0.28125,3+,FLPS
Q12872,mRNA,951.0,13,399,0.4195583596214511,3+,FLPS
Q12874,snRNA,501.0,4,71,0.1417165668662674,3+,FLPS
Q12904,tRNA,312.0,2,39,0.125,2,FLPS
Q12905,mRNA,390.0,3,85,0.2179487179487179,3+,FLPS
Q12906,mRNA,894.0,10,367,0.4105145413870246,3+,FLPS
Q12926,mRNA,359.0,1,38,0.1058495821727019,1,FLPS
Q12972,diverse,351.0,4,88,0.2507122507122507,3+,FLPS
Q12986,mRNA,1120.0,7,595,0.53125,3+,FLPS
Q12996,mRNA,717.0,3,96,0.1338912133891213,3+,FLPS
Q13064,mRNA,507.0,7,155,0.3057199211045365,3+,FLPS
Q13117,mRNA,558.0,4,90,0.1612903225806451,3+,FLPS
Q13148,mRNA,414.0,3,163,0.393719806763285,3+,FLPS
Q13151,mRNA,305.0,3,137,0.4491803278688525,3+,FLPS
Q13155,tRNA,320.0,2,28,0.0875,2,FLPS
Q13242,mRNA,221.0,2,63,0.2850678733031674,2,FLPS
Q13243,mRNA,272.0,2,128,0.4705882352941176,2,FLPS
Q13247,mRNA,344.0,2,202,0.5872093023255814,2,FLPS
Q13283,mRNA,466.0,6,222,0.4763948497854077,3+,FLPS
Q13310,mRNA,644.0,4,112,0.1739130434782608,3+,FLPS
Q13325,tRNA,482.0,1,26,0.0539419087136929,1,FLPS
Q13360,unknown,481.0,1,24,0.0498960498960499,1,FLPS
Q13395,mRNA,1621.0,10,243,0.1499074645280691,3+,FLPS
Q13405,ribosomal protein,166.0,1,31,0.1867469879518072,1,FLPS
Q13428,pre-rRNA,1488.0,29,564,0.3790322580645161,3+,FLPS
Q13435,mRNA,895.0,16,455,0.5083798882681564,3+,FLPS
Q13485,ncRNA,552.0,5,108,0.1956521739130435,3+,FLPS
Q13523,snRNA,1007.0,9,443,0.4399205561072492,3+,FLPS
Q13573,mRNA,536.0,4,108,0.2014925373134328,3+,FLPS
Q13595,mRNA,282.0,3,168,0.5957446808510638,3+,FLPS
Q13601,snoRNA,381.0,3,82,0.2152230971128609,3+,FLPS
Q13686,mRNA,389.0,2,36,0.0925449871465295,2,FLPS
Q13823,pre-rRNA,731.0,9,170,0.2325581395348837,3+,FLPS
Q13825,mRNA,339.0,2,32,0.0943952802359882,2,FLPS
Q13895,pre-rRNA,437.0,2,35,0.080091533180778,2,FLPS
Q14011,mRNA,172.0,3,88,0.5116279069767442,3+,FLPS
Q14103,mRNA,355.0,4,164,0.4619718309859155,3+,FLPS
Q14137,pre-rRNA,746.0,6,146,0.195710455764075,3+,FLPS
Q14146,pre-rRNA,1524.0,5,69,0.0452755905511811,3+,FLPS
Q14147,mRNA,1143.0,7,107,0.0936132983377077,3+,FLPS
Q14151,mRNA,953.0,10,447,0.4690451206715635,3+,FLPS
Q14152,mRNA,1382.0,6,694,0.5021707670043415,3+,FLPS
Q14157,mRNA,1087.0,14,577,0.53081876724931,3+,FLPS
Q14197,tRNA,206.0,2,50,0.2427184466019417,2,FLPS
Q14204,mRNA,4646.0,10,196,0.04218682737839,3+,FLPS
Q14206,unknown,197.0,4,51,0.2588832487309644,3+,FLPS
Q14249,diverse,297.0,3,82,0.2760942760942761,3+,FLPS
Q14258,mRNA,630.0,6,159,0.2523809523809524,3+,FLPS
Q14296,mRNA,549.0,7,157,0.2859744990892532,3+,FLPS
Q14444,mRNA,709.0,10,276,0.389280677009873,3+,FLPS
Q14493,mRNA,270.0,3,58,0.2148148148148148,3+,FLPS
Q14498,mRNA,530.0,3,134,0.2528301886792453,3+,FLPS
Q14562,mRNA,1220.0,7,214,0.1754098360655737,3+,FLPS
Q14576,mRNA,367.0,1,18,0.0490463215258855,1,FLPS
Q14587,unknown,947.0,3,21,0.0221752903907074,3+,FLPS
Q14657,tRNA,143.0,2,42,0.2937062937062937,2,FLPS
Q14671,mRNA,1186.0,13,416,0.3507588532883642,3+,FLPS
Q14684,pre-rRNA,758.0,7,103,0.1358839050131926,3+,FLPS
Q14690,snoRNA,1871.0,9,158,0.0844468198824158,3+,FLPS
Q14692,pre-rRNA,1282.0,13,256,0.1996879875195008,3+,FLPS
Q14694,mRNA,798.0,5,67,0.0839598997493734,3+,FLPS
Q14764,ncRNA,893.0,3,35,0.0391937290033594,3+,FLPS
Q14839,unknown,1912.0,23,573,0.2996861924686193,3+,FLPS
Q14966,mRNA,1978.0,15,529,0.2674418604651162,3+,FLPS
Q14974,mRNA,876.0,3,31,0.0353881278538812,3+,FLPS
Q14CZ7,mRNA,662.0,2,40,0.0604229607250755,2,FLPS
Q15007,mRNA,396.0,3,111,0.2803030303030303,3+,FLPS
Q15020,snRNA,963.0,8,136,0.1412253374870197,3+,FLPS
Q15022,ncRNA,739.0,5,102,0.1380243572395128,3+,FLPS
Q15029,tRNA,972.0,2,39,0.0401234567901234,2,FLPS
Q15032,unknown,1099.0,12,515,0.4686078252957233,3+,FLPS
Q15050,pre-rRNA,365.0,3,126,0.3452054794520548,3+,FLPS
Q15056,mRNA,248.0,2,89,0.3588709677419355,2,FLPS
Q15061,pre-rRNA,677.0,2,83,0.1225997045790251,2,FLPS
Q15072,unknown,292.0,2,23,0.0787671232876712,2,FLPS
Q15185,ncRNA,160.0,3,50,0.3125,3+,FLPS
Q15233,ncRNA,471.0,7,170,0.3609341825902335,3+,FLPS
Q15269,snoRNA,919.0,5,48,0.0522306855277475,3+,FLPS
Q15287,mRNA,305.0,4,233,0.7639344262295082,3+,FLPS
Q15365,mRNA,356.0,1,30,0.0842696629213483,1,FLPS
Q15366,mRNA,365.0,3,58,0.1589041095890411,3+,FLPS
Q15393,mRNA,1217.0,3,60,0.0493015612161051,3+,FLPS
Q15397,mRNA,648.0,2,74,0.1141975308641975,2,FLPS
Q15415,mRNA,496.0,4,222,0.4475806451612903,3+,FLPS
Q15424,mRNA,915.0,13,517,0.5650273224043716,3+,FLPS
Q15427,mRNA,424.0,1,209,0.4929245283018867,1,FLPS
Q15428,snRNA,464.0,5,298,0.6422413793103449,3+,FLPS
Q15434,mRNA,407.0,5,62,0.1523341523341523,3+,FLPS
Q15459,snRNA,793.0,10,346,0.4363177805800756,3+,FLPS
Q15477,mRNA,1246.0,6,55,0.0441412520064205,3+,FLPS
Q15633,mRNA,366.0,4,60,0.1639344262295081,3+,FLPS
Q15637,mRNA,639.0,7,285,0.4460093896713615,3+,FLPS
Q15646,ncRNA,514.0,2,34,0.0661478599221789,2,FLPS
Q15696,mRNA,482.0,3,237,0.491701244813278,3+,FLPS
Q15796,ncRNA,467.0,4,53,0.1134903640256959,3+,FLPS
Q15797,ncRNA,465.0,4,124,0.2666666666666666,3+,FLPS
Q15910,ncRNA,746.0,9,192,0.257372654155496,3+,FLPS
Q16206,mRNA,610.0,6,199,0.3262295081967213,3+,FLPS
Q16560,snRNA,246.0,2,108,0.4390243902439024,2,FLPS
Q16587,unknown,644.0,2,33,0.0512422360248447,2,FLPS
Q16594,snoRNA,264.0,3,75,0.2840909090909091,3+,FLPS
Q16600,unknown,458.0,1,5,0.0109170305676855,1,FLPS
Q16629,mRNA,238.0,2,182,0.7647058823529411,2,FLPS
Q16630,mRNA,551.0,3,320,0.5807622504537205,3+,FLPS
Q16637,snRNA,294.0,5,102,0.3469387755102041,3+,FLPS
Q17RN3,unknown,349.0,3,35,0.1002865329512893,3+,FLPS
Q17RY0,mRNA,729.0,7,174,0.2386831275720164,3+,FLPS
Q1KMD3,mRNA,747.0,9,291,0.3895582329317269,3+,FLPS
Q2M296,mRNA,383.0,3,78,0.2036553524804177,3+,FLPS
Q2NKX8,unknown,1250.0,5,147,0.1176,3+,FLPS
Q2NL82,pre-rRNA,804.0,5,165,0.2052238805970149,3+,FLPS
Q2Q1W2,ncRNA,868.0,9,148,0.1705069124423963,3+,FLPS
Q2TBE0,mRNA,894.0,6,74,0.0827740492170022,3+,FLPS
Q2VIR3,tRNA,472.0,2,53,0.1122881355932203,2,FLPS
Q2VPK5,tRNA,515.0,6,117,0.2271844660194174,3+,FLPS
Q2WGJ9,unknown,1857.0,11,295,0.1588583737210554,3+,FLPS
Q32MZ4,ncRNA,808.0,5,189,0.2339108910891089,3+,FLPS
Q32P41,tRNA,509.0,1,25,0.0491159135559921,1,FLPS
Q32P51,mRNA,320.0,2,118,0.36875,2,FLPS
Q3L8U1,unknown,2897.0,23,599,0.2067656196064894,3+,FLPS
Q3MHD2,mRNA,195.0,1,13,0.0666666666666666,1,FLPS
Q3MIT2,tRNA,529.0,2,23,0.0434782608695652,2,FLPS
Q3SXZ3,unknown,478.0,2,46,0.0962343096234309,2,FLPS
Q460N5,unknown,1801.0,6,92,0.0510827318156579,3+,FLPS
Q499Z4,unknown,452.0,4,130,0.2876106194690265,3+,FLPS
Q4G0J3,ncRNA,582.0,6,93,0.1597938144329896,3+,FLPS
Q4VXA5,mRNA,237.0,1,19,0.080168776371308,1,FLPS
Q4VXU2,mRNA,619.0,4,113,0.1825525040387722,3+,FLPS
Q4ZG55,unknown,1949.0,12,278,0.1426372498717291,3+,FLPS
Q504Q3,mRNA,1202.0,6,103,0.0856905158069883,3+,FLPS
Q52LJ0,tRNA,433.0,2,107,0.2471131639722864,2,FLPS
Q53EL6,mRNA,469.0,5,84,0.1791044776119403,3+,FLPS
Q53F19,unknown,620.0,9,167,0.2693548387096774,3+,FLPS
Q53GL7,unknown,1025.0,6,151,0.1473170731707317,3+,FLPS
Q53GS9,snRNA,565.0,5,112,0.1982300884955752,3+,FLPS
Q53H54,tRNA,448.0,2,25,0.0558035714285714,2,FLPS
Q53S33,unknown,107.0,1,9,0.0841121495327102,1,FLPS
Q587J7,ncRNA,1177.0,2,40,0.0339847068819031,2,FLPS
Q58A45,mRNA,887.0,9,308,0.3472378804960541,3+,FLPS
Q5C9Z4,pre-rRNA,860.0,8,269,0.3127906976744186,3+,FLPS
Q5CZA5,unknown,627.0,1,5,0.0079744816586921,1,FLPS
Q5D1E8,ncRNA,599.0,5,112,0.1869782971619365,3+,FLPS
Q5FWF4,unknown,1079.0,2,35,0.0324374420759962,2,FLPS
Q5GAN4,unknown,147.0,1,6,0.0408163265306122,1,FLPS
Q5GAN6,unknown,216.0,1,17,0.0787037037037037,1,FLPS
Q5H9U9,ncRNA,1706.0,6,87,0.0509964830011723,3+,FLPS
Q5HYM0,diverse,836.0,4,66,0.0789473684210526,3+,FLPS
Q5JPI9,tRNA,236.0,2,23,0.097457627118644,2,FLPS
Q5JSJ4,mRNA,861.0,3,67,0.0778164924506387,3+,FLPS
Q5JTH9,pre-rRNA,1297.0,7,169,0.1303006939090208,3+,FLPS
Q5JTZ9,tRNA,985.0,7,62,0.0629441624365482,3+,FLPS
Q5JVS0,mRNA,413.0,8,173,0.4188861985472155,3+,FLPS
Q5JW28,unknown,199.0,4,110,0.5527638190954773,3+,FLPS
Q5MCW4,unknown,686.0,1,12,0.0174927113702623,1,FLPS
Q5PRF9,mRNA,694.0,9,210,0.3025936599423631,3+,FLPS
Q5QJE6,pre-rRNA,756.0,8,118,0.156084656084656,3+,FLPS
Q5QPL9,mRNA,237.0,2,61,0.2573839662447257,2,FLPS
Q5RKV6,diverse,272.0,4,65,0.2389705882352941,3+,FLPS
Q5RL73,mRNA,367.0,5,86,0.2343324250681198,3+,FLPS
Q5ST30,tRNA,1063.0,4,51,0.0479774223894637,3+,FLPS
Q5SY16,pre-rRNA,702.0,5,148,0.2108262108262108,3+,FLPS
Q5SZ64,mRNA,190.0,1,9,0.0473684210526315,1,FLPS
Q5SZQ8,mRNA,465.0,4,169,0.3634408602150538,3+,FLPS
Q5T1V6,mRNA,619.0,2,40,0.0646203554119547,2,FLPS
Q5T200,unknown,1668.0,20,1031,0.61810551558753,3+,FLPS
Q5T280,unknown,376.0,2,38,0.101063829787234,2,FLPS
Q5T481,mRNA,1227.0,9,383,0.3121434392828036,3+,FLPS
Q5T5C7,tRNA,536.0,4,42,0.0783582089552238,3+,FLPS
Q5T5J6,mRNA,900.0,3,63,0.07,3+,FLPS
Q5T619,unknown,568.0,2,41,0.0721830985915493,2,FLPS
Q5T6F2,mRNA,1119.0,15,544,0.486148346738159,3+,FLPS
Q5T760,mRNA,491.0,6,255,0.5193482688391039,3+,FLPS
Q5T764,ncRNA,474.0,2,24,0.050632911392405,2,FLPS
Q5T7F5,mRNA,372.0,2,46,0.1236559139784946,2,FLPS
Q5T7N2,mRNA,865.0,8,305,0.3526011560693641,3+,FLPS
Q5T890,unknown,1561.0,8,146,0.0935297885970531,3+,FLPS
Q5T8P6,mRNA,1007.0,10,365,0.3624627606752731,3+,FLPS
Q5T8Z2,unknown,184.0,2,49,0.266304347826087,2,FLPS
Q5T9H5,mRNA,84.0,1,9,0.1071428571428571,1,FLPS
Q5TAP6,snoRNA,766.0,7,137,0.1788511749347258,3+,FLPS
Q5TAX3,ncRNA,1644.0,14,361,0.2195863746958637,3+,FLPS
Q5TBB1,diverse,312.0,4,106,0.3397435897435897,3+,FLPS
Q5TBQ0,mRNA,296.0,1,22,0.0743243243243243,1,FLPS
Q5TC82,mRNA,1133.0,8,287,0.2533097969991174,3+,FLPS
Q5U5Q3,mRNA,659.0,9,266,0.4036418816388467,3+,FLPS
Q5VTE6,mRNA,544.0,2,33,0.0606617647058823,2,FLPS
Q5VTL8,snRNA,546.0,5,319,0.5842490842490843,3+,FLPS
Q5VUC9,ncRNA,145.0,1,16,0.1103448275862069,1,FLPS
Q5VUG0,unknown,894.0,8,136,0.1521252796420581,3+,FLPS
Q5VV42,tRNA,579.0,4,39,0.0673575129533678,3+,FLPS
Q5VV67,mRNA,1664.0,17,815,0.4897836538461538,3+,FLPS
Q5VWX1,mRNA,349.0,3,153,0.4383954154727794,3+,FLPS
Q5VYS8,ncRNA,1495.0,11,154,0.103010033444816,3+,FLPS
Q5VZF2,mRNA,373.0,4,144,0.3860589812332439,3+,FLPS
Q5VZU3,pre-rRNA,215.0,1,5,0.0232558139534883,1,FLPS
Q5W0B1,unknown,726.0,6,175,0.2410468319559228,3+,FLPS
Q5XG87,diverse,792.0,12,332,0.4191919191919191,3+,FLPS
Q659C4,mRNA,914.0,9,190,0.2078774617067833,3+,FLPS
Q66PJ3,mRNA,237.0,4,86,0.3628691983122363,3+,FLPS
Q68D06,tRNA,897.0,3,85,0.0947603121516165,3+,FLPS
Q69YN2,mRNA,538.0,3,34,0.0631970260223048,3+,FLPS
Q69YN4,mRNA,1812.0,15,340,0.1876379690949227,3+,FLPS
Q6AZW8,unknown,331.0,2,18,0.0543806646525679,2,FLPS
Q6BEB4,unknown,398.0,6,180,0.4522613065326633,3+,FLPS
Q6GMV3,tRNA,140.0,1,27,0.1928571428571428,1,FLPS
Q6I9Y2,mRNA,204.0,2,52,0.2549019607843137,2,FLPS
Q6IEG0,snRNA,339.0,6,122,0.359882005899705,3+,FLPS
Q6IN84,pre-rRNA,353.0,1,28,0.0793201133144475,1,FLPS
Q6IPR3,tRNA,259.0,1,5,0.0193050193050193,1,FLPS
Q6L8Q7,mRNA,609.0,2,17,0.0279146141215106,2,FLPS
Q6NTF7,ncRNA,200.0,2,21,0.105,2,FLPS
Q6NXG1,mRNA,681.0,4,83,0.1218795888399412,3+,FLPS
Q6NZI2,pre-rRNA,390.0,4,127,0.3256410256410256,3+,FLPS
Q6P087,mRNA,351.0,2,58,0.1652421652421652,2,FLPS
Q6P158,mRNA,1386.0,7,93,0.0670995670995671,3+,FLPS
Q6P161,ribosomal protein,138.0,1,23,0.1666666666666666,1,FLPS
Q6P1Q9,tRNA,378.0,1,5,0.0132275132275132,1,FLPS
Q6P2E9,mRNA,1401.0,9,155,0.1106352605281941,3+,FLPS
Q6P2Q9,snRNA,2335.0,12,188,0.0805139186295503,3+,FLPS
Q6P6C2,mRNA,394.0,4,81,0.2055837563451776,3+,FLPS
Q6P9B9,snRNA,1019.0,11,157,0.1540726202158979,3+,FLPS
Q6PF06,tRNA,316.0,1,29,0.0917721518987341,1,FLPS
Q6PI26,snoRNA,577.0,3,105,0.1819757365684575,3+,FLPS
Q6PIY7,mRNA,484.0,1,32,0.0661157024793388,1,FLPS
Q6PJT7,mRNA,736.0,6,183,0.248641304347826,3+,FLPS
Q6PKG0,mRNA,1096.0,16,361,0.3293795620437956,3+,FLPS
Q6R2W3,unknown,1325.0,5,139,0.1049056603773584,3+,FLPS
Q6UX04,mRNA,472.0,8,107,0.2266949152542373,3+,FLPS
Q6XE24,mRNA,437.0,6,118,0.2700228832951945,3+,FLPS
Q6ZMS7,unknown,546.0,3,121,0.2216117216117216,3+,FLPS
Q6ZN04,mRNA,569.0,11,200,0.351493848857645,3+,FLPS
Q6ZN17,mRNA,250.0,4,80,0.32,3+,FLPS
Q6ZN19,unknown,808.0,2,16,0.0198019801980198,2,FLPS
Q6ZNH5,unknown,498.0,3,51,0.1024096385542168,3+,FLPS
Q6ZP01,mRNA,1051.0,3,69,0.0656517602283539,3+,FLPS
Q6ZRS2,unknown,3230.0,44,1706,0.5281733746130031,3+,FLPS
Q6ZRY4,mRNA,209.0,2,38,0.1818181818181818,2,FLPS
Q71RC2,mRNA,724.0,5,110,0.1519337016574585,3+,FLPS
Q75QN2,snRNA,995.0,3,72,0.0723618090452261,3+,FLPS
Q76FK4,pre-rRNA,1167.0,14,263,0.2253641816623821,3+,FLPS
Q76MJ5,mRNA,926.0,5,95,0.1025917926565874,3+,FLPS
Q7KZ85,mRNA,1726.0,13,379,0.2195828505214368,3+,FLPS
Q7KZF4,mRNA,910.0,5,106,0.1164835164835164,3+,FLPS
Q7L0Y3,ncRNA,403.0,2,37,0.0918114143920595,2,FLPS
Q7L2E3,mRNA,1194.0,11,183,0.1532663316582914,3+,FLPS
Q7L2H7,mRNA,374.0,2,17,0.0454545454545454,2,FLPS
Q7L2J0,ncRNA,689.0,11,222,0.3222060957910014,3+,FLPS
Q7L3T8,tRNA,475.0,2,22,0.0463157894736842,2,FLPS
Q7L775,unknown,607.0,2,19,0.0313014827018121,2,FLPS
Q7L8L6,mRNA,764.0,1,29,0.037958115183246,1,FLPS
Q7RTV0,mRNA,110.0,1,75,0.6818181818181818,1,FLPS
Q7Z2E3,diverse,356.0,2,17,0.047752808988764,2,FLPS
Q7Z2T5,tRNA,733.0,5,97,0.1323328785811732,3+,FLPS
Q7Z2W4,mRNA,902.0,7,160,0.1773835920177383,3+,FLPS
Q7Z2W9,ribosomal protein,205.0,2,71,0.3463414634146341,2,FLPS
Q7Z2Z2,tRNA,1120.0,4,104,0.0928571428571428,3+,FLPS
Q7Z333,mRNA,2677.0,15,346,0.1292491595069107,3+,FLPS
Q7Z3E1,unknown,657.0,3,30,0.045662100456621,3+,FLPS
Q7Z3Z4,ncRNA,852.0,3,52,0.0610328638497652,3+,FLPS
Q7Z417,mRNA,695.0,4,159,0.2287769784172661,3+,FLPS
Q7Z478,mRNA,1369.0,9,172,0.1256391526661797,3+,FLPS
Q7Z4G4,tRNA,463.0,1,26,0.0561555075593952,1,FLPS
Q7Z570,unknown,1209.0,7,173,0.1430934656741108,3+,FLPS
Q7Z5Q1,mRNA,589.0,4,125,0.2122241086587436,3+,FLPS
Q7Z5W3,ncRNA,292.0,2,59,0.2020547945205479,2,FLPS
Q7Z6E9,mRNA,1792.0,23,734,0.4095982142857143,3+,FLPS
Q7Z6J9,tRNA,526.0,4,86,0.1634980988593156,3+,FLPS
Q7Z6M4,pre-rRNA,381.0,1,71,0.1863517060367454,1,FLPS
Q7Z6V5,tRNA,191.0,1,22,0.1151832460732984,1,FLPS
Q7Z739,mRNA,585.0,9,222,0.3794871794871794,3+,FLPS
Q7Z7A3,tRNA,348.0,6,159,0.4568965517241379,3+,FLPS
Q7Z7F7,ribosomal protein,128.0,2,59,0.4609375,2,FLPS
Q7Z7H8,ribosomal protein,261.0,2,33,0.1264367816091954,2,FLPS
Q7Z7L1,tRNA,901.0,2,65,0.0721420643729189,2,FLPS
Q86SE5,mRNA,291.0,4,145,0.4982817869415807,3+,FLPS
Q86SE8,pre-rRNA,214.0,3,77,0.3598130841121495,3+,FLPS
Q86SG3,mRNA,579.0,6,112,0.1934369602763385,3+,FLPS
Q86TB9,mRNA,770.0,6,250,0.3246753246753247,3+,FLPS
Q86TG7,unknown,708.0,9,172,0.2429378531073446,3+,FLPS
Q86TM3,mRNA,631.0,2,41,0.0649762282091917,2,FLPS
Q86TS9,ribosomal protein,123.0,1,17,0.1382113821138211,1,FLPS
Q86U06,mRNA,439.0,2,106,0.2414578587699316,2,FLPS
Q86U38,pre-rRNA,636.0,6,146,0.2295597484276729,3+,FLPS
Q86U42,mRNA,306.0,4,213,0.696078431372549,3+,FLPS
Q86U44,mRNA,580.0,3,59,0.1017241379310344,3+,FLPS
Q86U90,tRNA,279.0,2,60,0.2150537634408602,2,FLPS
Q86UA1,snRNA,669.0,5,87,0.1300448430493273,3+,FLPS
Q86US8,mRNA,1419.0,10,244,0.1719520789288231,3+,FLPS
Q86VM9,mRNA,953.0,13,670,0.7030430220356768,3+,FLPS
Q86W42,mRNA,341.0,1,8,0.0234604105571847,1,FLPS
Q86W50,snRNA,562.0,3,49,0.0871886120996441,3+,FLPS
Q86WX3,unknown,136.0,2,45,0.3308823529411764,2,FLPS
Q86XI8,unknown,627.0,7,194,0.3094098883572568,3+,FLPS
Q86XN8,mRNA,651.0,8,383,0.5883256528417818,3+,FLPS
Q86XP3,mRNA,938.0,10,233,0.2484008528784648,3+,FLPS
Q86XU0,unknown,584.0,2,24,0.0410958904109589,2,FLPS
Q86XZ4,mRNA,545.0,5,100,0.1834862385321101,3+,FLPS
Q86Y13,mRNA,1208.0,9,156,0.1291390728476821,3+,FLPS
Q86Y79,tRNA,214.0,1,6,0.02803738317757,1,FLPS
Q86YF9,mRNA,867.0,8,169,0.1949250288350634,3+,FLPS
Q86YN6,unknown,1023.0,16,312,0.3049853372434017,3+,FLPS
Q8IU60,mRNA,420.0,1,13,0.0309523809523809,1,FLPS
Q8IUH3,mRNA,476.0,1,19,0.0399159663865546,1,FLPS
Q8IUX4,mRNA,373.0,1,16,0.0428954423592493,1,FLPS
Q8IV48,pre-rRNA,349.0,3,44,0.1260744985673352,3+,FLPS
Q8IWR0,unknown,971.0,3,107,0.1101956745623069,3+,FLPS
Q8IWX8,mRNA,916.0,10,548,0.5982532751091703,3+,FLPS
Q8IWZ3,unknown,2542.0,19,556,0.2187254130605822,3+,FLPS
Q8IWZ8,mRNA,645.0,8,189,0.2930232558139535,3+,FLPS
Q8IX01,mRNA,1082.0,7,187,0.1728280961182994,3+,FLPS
Q8IX12,mRNA,1150.0,8,447,0.388695652173913,3+,FLPS
Q8IX18,mRNA,779.0,3,46,0.0590500641848523,3+,FLPS
Q8IXM3,ribosomal protein,137.0,1,41,0.2992700729927007,1,FLPS
Q8IXM6,unknown,262.0,2,50,0.1908396946564885,2,FLPS
Q8IXT5,mRNA,1001.0,9,464,0.4635364635364635,3+,FLPS
Q8IXZ2,mRNA,948.0,12,308,0.3248945147679324,3+,FLPS
Q8IY21,ncRNA,1712.0,6,138,0.080607476635514,3+,FLPS
Q8IY31,unknown,132.0,1,6,0.0454545454545454,1,FLPS
Q8IY37,snoRNA,1157.0,8,203,0.1754537597234226,3+,FLPS
Q8IY81,pre-rRNA,847.0,11,154,0.1818181818181818,3+,FLPS
Q8IYB3,mRNA,904.0,15,743,0.8219026548672567,3+,FLPS
Q8IYB8,mRNA,786.0,2,27,0.0343511450381679,2,FLPS
Q8IYL2,tRNA,757.0,4,92,0.1215323645970938,3+,FLPS
Q8IYT2,mRNA,770.0,2,44,0.0571428571428571,2,FLPS
Q8IYX4,mRNA,353.0,2,43,0.121813031161473,2,FLPS
Q8IYY4,mRNA,767.0,6,256,0.3337679269882659,3+,FLPS
Q8IZ69,tRNA,625.0,3,54,0.0864,3+,FLPS
Q8IZ73,tRNA,545.0,5,86,0.1577981651376147,3+,FLPS
Q8IZD0,unknown,417.0,7,188,0.4508393285371702,3+,FLPS
Q8IZD4,mRNA,617.0,4,107,0.1734197730956239,3+,FLPS
Q8IZH2,diverse,1706.0,10,199,0.1166471277842907,3+,FLPS
Q8IZP6,snRNA,322.0,1,69,0.2142857142857142,1,FLPS
Q8N0Z8,tRNA,303.0,2,37,0.1221122112211221,2,FLPS
Q8N163,mRNA,923.0,5,152,0.1646803900325027,3+,FLPS
Q8N1G1,pre-rRNA,1221.0,15,328,0.2686322686322686,3+,FLPS
Q8N1G2,mRNA,835.0,4,68,0.081437125748503,3+,FLPS
Q8N1G4,unknown,583.0,6,130,0.2229845626072041,3+,FLPS
Q8N1W1,mRNA,1705.0,12,351,0.2058651026392962,3+,FLPS
Q8N201,snRNA,2190.0,13,189,0.0863013698630137,3+,FLPS
Q8N2A8,ncRNA,252.0,2,17,0.0674603174603174,2,FLPS
Q8N2G6,unknown,241.0,1,33,0.1369294605809128,1,FLPS
Q8N2M8,mRNA,674.0,10,408,0.6053412462908012,3+,FLPS
Q8N3J2,snRNA,472.0,3,38,0.0805084745762711,3+,FLPS
Q8N3Z6,diverse,543.0,9,217,0.3996316758747698,3+,FLPS
Q8N442,mRNA,669.0,2,61,0.0911808669656203,2,FLPS
Q8N567,unknown,271.0,2,18,0.066420664206642,2,FLPS
Q8N5A5,unknown,531.0,5,154,0.2900188323917137,3+,FLPS
Q8N5C6,unknown,995.0,6,88,0.0884422110552763,3+,FLPS
Q8N5C7,tRNA,304.0,1,15,0.0493421052631578,1,FLPS
Q8N5L8,ncRNA,163.0,3,49,0.3006134969325153,3+,FLPS
Q8N5P1,unknown,291.0,2,61,0.2096219931271477,2,FLPS
Q8N5X7,mRNA,224.0,3,82,0.3660714285714285,3+,FLPS
Q8N5Y2,ncRNA,521.0,6,180,0.345489443378119,3+,FLPS
Q8N684,mRNA,471.0,4,237,0.5031847133757962,3+,FLPS
Q8N6W0,mRNA,485.0,4,35,0.0721649484536082,3+,FLPS
Q8N7X1,mRNA,1067.0,13,635,0.5951265229615745,3+,FLPS
Q8N8A6,pre-rRNA,666.0,4,111,0.1666666666666666,3+,FLPS
Q8N8D1,snRNA,485.0,4,262,0.5402061855670103,3+,FLPS
Q8N8L2,unknown,437.0,2,121,0.2768878718535469,2,FLPS
Q8N8Q3,tRNA,282.0,2,23,0.0815602836879432,2,FLPS
Q8N8U3,unknown,475.0,3,136,0.2863157894736842,3+,FLPS
Q8N983,ribosomal protein,215.0,1,30,0.1395348837209302,1,FLPS
Q8N9N2,unknown,400.0,3,49,0.1225,3+,FLPS
Q8N9N8,mRNA,165.0,1,10,0.0606060606060606,1,FLPS
Q8N9W6,mRNA,283.0,4,78,0.2756183745583039,3+,FLPS
Q8NAF0,unknown,562.0,10,237,0.4217081850533807,3+,FLPS
Q8NAT2,ncRNA,981.0,5,65,0.0662589194699286,3+,FLPS
Q8NAV1,snRNA,312.0,2,132,0.4230769230769231,2,FLPS
Q8NB42,unknown,609.0,1,5,0.0082101806239737,1,FLPS
Q8NBJ9,ncRNA,832.0,6,80,0.0961538461538461,3+,FLPS
Q8NC26,unknown,417.0,1,29,0.0695443645083932,1,FLPS
Q8NC51,mRNA,408.0,7,190,0.4656862745098039,3+,FLPS
Q8NC60,pre-rRNA,698.0,7,158,0.2263610315186246,3+,FLPS
Q8NCE0,tRNA,465.0,4,84,0.1806451612903225,3+,FLPS
Q8NCV1,mRNA,583.0,5,147,0.2521440823327616,3+,FLPS
Q8ND04,mRNA,991.0,7,199,0.2008072653884964,3+,FLPS
Q8NDF8,diverse,572.0,5,88,0.1538461538461538,3+,FLPS
Q8NDG6,ncRNA,1382.0,3,67,0.0484804630969609,3+,FLPS
Q8NDV7,mRNA,1962.0,31,890,0.4536187563710499,3+,FLPS
Q8NE18,pre-rRNA,718.0,3,87,0.1211699164345403,3+,FLPS
Q8NE35,mRNA,698.0,7,278,0.3982808022922636,3+,FLPS
Q8NE71,mRNA,845.0,14,236,0.2792899408284023,3+,FLPS
Q8NEF9,pre-rRNA,429.0,5,90,0.2097902097902098,3+,FLPS
Q8NEJ9,mRNA,315.0,4,42,0.1333333333333333,3+,FLPS
Q8NHQ9,pre-rRNA,600.0,5,79,0.1316666666666666,3+,FLPS
Q8NHU6,mRNA,1098.0,2,41,0.0373406193078324,2,FLPS
Q8NI27,mRNA,1593.0,11,321,0.2015065913370998,3+,FLPS
Q8NI36,pre-rRNA,895.0,5,115,0.1284916201117318,3+,FLPS
Q8TA86,snRNA,221.0,4,76,0.3438914027149321,3+,FLPS
Q8TAA1,unknown,199.0,1,10,0.050251256281407,1,FLPS
Q8TAD8,ncRNA,396.0,6,176,0.4444444444444444,3+,FLPS
Q8TAQ5,unknown,688.0,1,5,0.0072674418604651,1,FLPS
Q8TAS1,mRNA,419.0,3,37,0.0883054892601432,3+,FLPS
Q8TB72,mRNA,1066.0,9,379,0.3555347091932457,3+,FLPS
Q8TBF4,snRNA,217.0,2,27,0.1244239631336405,2,FLPS
Q8TBY0,mRNA,533.0,5,125,0.2345215759849906,3+,FLPS
Q8TBZ5,unknown,544.0,4,48,0.088235294117647,3+,FLPS
Q8TBZ6,tRNA,339.0,3,113,0.3333333333333333,3+,FLPS
Q8TBZ8,unknown,553.0,2,21,0.0379746835443038,2,FLPS
Q8TC59,ncRNA,973.0,3,42,0.0431654676258992,3+,FLPS
Q8TC92,mRNA,643.0,5,96,0.1493001555209953,3+,FLPS
Q8TCB7,tRNA,284.0,1,5,0.0176056338028169,1,FLPS
Q8TCP9,unknown,573.0,2,21,0.0366492146596858,2,FLPS
Q8TCS8,diverse,783.0,4,72,0.0919540229885057,3+,FLPS
Q8TD26,mRNA,2715.0,17,304,0.1119705340699815,3+,FLPS
Q8TDD1,pre-rRNA,881.0,10,241,0.2735527809307605,3+,FLPS
Q8TDE3,diverse,154.0,2,23,0.1493506493506493,2,FLPS
Q8TDG4,unknown,1101.0,6,89,0.0808356039963669,3+,FLPS
Q8TDI0,unknown,1954.0,23,514,0.263050153531218,3+,FLPS
Q8TDN6,pre-rRNA,353.0,2,39,0.1104815864022662,2,FLPS
Q8TE96,mRNA,717.0,6,81,0.1129707112970711,3+,FLPS
Q8TEA1,unknown,469.0,1,9,0.0191897654584221,1,FLPS
Q8TEQ6,snRNA,1508.0,10,178,0.1180371352785145,3+,FLPS
Q8TEX9,mRNA,1081.0,14,203,0.1877890841813136,3+,FLPS
Q8TF42,unknown,649.0,3,42,0.0647149460708782,3+,FLPS
Q8TF46,diverse,1054.0,5,65,0.0616698292220113,3+,FLPS
Q8WTR7,snRNA,871.0,5,118,0.1354764638346728,3+,FLPS
Q8WTS6,ncRNA,366.0,1,5,0.0136612021857923,1,FLPS
Q8WU68,mRNA,220.0,3,79,0.359090909090909,3+,FLPS
Q8WU90,unknown,426.0,7,211,0.4953051643192488,3+,FLPS
Q8WUA2,mRNA,492.0,8,163,0.3313008130081301,3+,FLPS
Q8WUQ7,mRNA,758.0,9,330,0.4353562005277044,3+,FLPS
Q8WV60,mRNA,388.0,2,44,0.1134020618556701,2,FLPS
Q8WVK2,snRNA,155.0,3,112,0.7225806451612903,3+,FLPS
Q8WVM0,pre-rRNA,346.0,1,5,0.0144508670520231,1,FLPS
Q8WVV9,mRNA,542.0,6,87,0.1605166051660516,3+,FLPS
Q8WW01,tRNA,171.0,1,18,0.1052631578947368,1,FLPS
Q8WW27,mRNA,367.0,3,84,0.2288828337874659,3+,FLPS
Q8WW36,mRNA,166.0,1,135,0.8132530120481928,1,FLPS
Q8WWH5,tRNA,349.0,1,38,0.1088825214899713,1,FLPS
Q8WWM7,mRNA,1075.0,9,466,0.4334883720930232,3+,FLPS
Q8WWY3,snRNA,499.0,4,76,0.1523046092184369,3+,FLPS
Q8WXA9,mRNA,508.0,1,266,0.5236220472440944,1,FLPS
Q8WXF0,mRNA,261.0,2,141,0.5402298850574713,2,FLPS
Q8WXF1,ncRNA,523.0,6,284,0.5430210325047801,3+,FLPS
Q8WYQ5,ncRNA,773.0,5,96,0.1241914618369987,3+,FLPS
Q8WYQ9,unknown,949.0,13,238,0.2507903055848261,3+,FLPS
Q92499,mRNA,740.0,2,21,0.0283783783783783,2,FLPS
Q92540,mRNA,1137.0,10,388,0.3412489006156552,3+,FLPS
Q92615,mRNA,738.0,3,109,0.1476964769647696,3+,FLPS
Q92620,mRNA,1227.0,10,258,0.2102689486552567,3+,FLPS
Q92664,pre-rRNA,365.0,2,19,0.0520547945205479,2,FLPS
Q92665,ribosomal protein,395.0,1,7,0.0177215189873417,1,FLPS
Q92667,mRNA,903.0,6,194,0.2148394241417497,3+,FLPS
Q92797,mRNA,1274.0,4,81,0.0635792778649921,3+,FLPS
Q92879,mRNA,486.0,4,72,0.1481481481481481,3+,FLPS
Q92900,mRNA,1129.0,8,149,0.1319751992914083,3+,FLPS
Q92901,ribosomal protein,407.0,3,83,0.2039312039312039,3+,FLPS
Q92904,mRNA,295.0,4,87,0.2949152542372881,3+,FLPS
Q92945,mRNA,711.0,9,345,0.4852320675105485,3+,FLPS
Q92973,mRNA,898.0,3,57,0.0634743875278396,3+,FLPS
Q92989,mRNA,425.0,4,39,0.0917647058823529,3+,FLPS
Q93062,mRNA,196.0,1,69,0.3520408163265306,1,FLPS
Q93091,diverse,150.0,1,8,0.0533333333333333,1,FLPS
Q969E8,pre-rRNA,191.0,2,44,0.2303664921465968,2,FLPS
Q969H6,ncRNA,163.0,1,15,0.0920245398773006,1,FLPS
Q969Q0,ribosomal protein,106.0,3,32,0.3018867924528302,3+,FLPS
Q969S3,unknown,477.0,2,78,0.1635220125786163,2,FLPS
Q969S9,mRNA,779.0,3,38,0.048780487804878,3+,FLPS
Q969W8,unknown,418.0,3,22,0.0526315789473684,3+,FLPS
Q969Y2,tRNA,492.0,7,88,0.1788617886178861,3+,FLPS
Q96AE4,mRNA,644.0,6,263,0.4083850931677019,3+,FLPS
Q96AK3,unknown,386.0,1,23,0.0595854922279792,1,FLPS
Q96AZ6,ncRNA,181.0,1,10,0.0552486187845303,1,FLPS
Q96B70,unknown,501.0,5,130,0.2594810379241516,3+,FLPS
Q96BK5,ncRNA,328.0,3,74,0.2256097560975609,3+,FLPS
Q96BP3,mRNA,646.0,4,57,0.088235294117647,3+,FLPS
Q96BT7,tRNA,664.0,1,17,0.0256024096385542,1,FLPS
Q96C86,mRNA,337.0,1,18,0.0534124629080118,1,FLPS
Q96CB8,snRNA,462.0,7,223,0.4826839826839826,3+,FLPS
Q96CB9,pre-rRNA,384.0,1,12,0.03125,1,FLPS
Q96CM3,mRNA,377.0,3,22,0.0583554376657824,3+,FLPS
Q96DE0,snoRNA,195.0,1,12,0.0615384615384615,1,FLPS
Q96DF8,mRNA,476.0,4,61,0.1281512605042016,3+,FLPS
Q96DH6,mRNA,328.0,3,52,0.1585365853658536,3+,FLPS
Q96DI7,snRNA,357.0,1,12,0.0336134453781512,1,FLPS
Q96DP5,tRNA,389.0,2,54,0.1388174807197943,2,FLPS
Q96DU9,mRNA,382.0,3,20,0.0523560209424083,3+,FLPS
Q96DV4,ribosomal protein,380.0,4,88,0.231578947368421,3+,FLPS
Q96E39,mRNA,390.0,6,258,0.6615384615384615,3+,FLPS
Q96EF6,unknown,278.0,1,6,0.0215827338129496,1,FLPS
Q96EG3,unknown,531.0,5,199,0.3747645951035782,3+,FLPS
Q96EH5,ribosomal protein,51.0,1,6,0.1176470588235294,1,FLPS
Q96EH8,unknown,262.0,1,39,0.148854961832061,1,FLPS
Q96EK7,unknown,910.0,3,99,0.1087912087912088,3+,FLPS
Q96EP5,mRNA,407.0,3,177,0.4348894348894349,3+,FLPS
Q96EU6,pre-rRNA,259.0,4,90,0.3474903474903475,3+,FLPS
Q96EV2,mRNA,1170.0,13,868,0.7418803418803419,3+,FLPS
Q96EY7,mRNA,689.0,2,21,0.0304789550072568,2,FLPS
Q96EY9,tRNA,367.0,4,110,0.2997275204359673,3+,FLPS
Q96F86,mRNA,508.0,4,62,0.1220472440944882,3+,FLPS
Q96FB5,unknown,475.0,5,84,0.1768421052631578,3+,FLPS
Q96FC9,unknown,970.0,5,182,0.1876288659793814,3+,FLPS
Q96FV9,mRNA,657.0,3,87,0.1324200913242009,3+,FLPS
Q96G46,tRNA,650.0,2,25,0.0384615384615384,2,FLPS
Q96GM8,unknown,510.0,2,21,0.0411764705882352,2,FLPS
Q96GW9,tRNA,593.0,1,6,0.0101180438448566,1,FLPS
Q96H79,unknown,300.0,5,125,0.4166666666666667,3+,FLPS
Q96H86,unknown,408.0,4,95,0.2328431372549019,3+,FLPS
Q96HR8,snoRNA,494.0,7,211,0.4271255060728745,3+,FLPS
Q96HW7,snRNA,963.0,1,28,0.0290758047767393,1,FLPS
Q96I24,mRNA,572.0,4,84,0.1468531468531468,3+,FLPS
Q96I25,mRNA,401.0,3,87,0.2169576059850374,3+,FLPS
Q96IC2,pre-rRNA,774.0,5,56,0.0723514211886304,3+,FLPS
Q96IP4,unknown,442.0,3,53,0.1199095022624434,3+,FLPS
Q96IZ5,mRNA,413.0,1,12,0.0290556900726392,1,FLPS
Q96IZ6,tRNA,378.0,1,5,0.0132275132275132,1,FLPS
Q96IZ7,mRNA,334.0,4,216,0.6467065868263473,3+,FLPS
Q96J01,mRNA,351.0,1,22,0.0626780626780626,1,FLPS
Q96J87,mRNA,481.0,3,128,0.2661122661122661,3+,FLPS
Q96J94,ncRNA,861.0,5,70,0.08130081300813,3+,FLPS
Q96JM7,unknown,780.0,7,124,0.1589743589743589,3+,FLPS
Q96JY0,ncRNA,434.0,3,78,0.1797235023041474,3+,FLPS
Q96K58,unknown,619.0,5,115,0.1857835218093699,3+,FLPS
Q96K80,unknown,434.0,7,182,0.4193548387096774,3+,FLPS
Q96KR1,unknown,1074.0,19,371,0.345437616387337,3+,FLPS
Q96L12,unknown,384.0,1,6,0.015625,1,FLPS
Q96L91,unknown,3159.0,34,1101,0.3485280151946818,3+,FLPS
Q96LB4,unknown,118.0,1,22,0.1864406779661017,1,FLPS
Q96LT9,snRNA,517.0,5,128,0.2475822050290135,3+,FLPS
Q96M93,mRNA,576.0,4,63,0.109375,3+,FLPS
Q96MH2,ncRNA,286.0,3,45,0.1573426573426573,3+,FLPS
Q96MP5,unknown,696.0,3,39,0.0560344827586206,3+,FLPS
Q96MT3,unknown,831.0,10,248,0.2984356197352587,3+,FLPS
Q96MU7,mRNA,727.0,10,371,0.5103163686382394,3+,FLPS
Q96MX3,unknown,618.0,5,156,0.2524271844660194,3+,FLPS
Q96N16,mRNA,626.0,2,41,0.0654952076677316,2,FLPS
Q96N46,unknown,770.0,8,219,0.2844155844155844,3+,FLPS
Q96N77,unknown,438.0,4,39,0.0890410958904109,3+,FLPS
Q96NC0,snRNA,199.0,2,66,0.3316582914572864,2,FLPS
Q96P11,pre-rRNA,429.0,1,9,0.0209790209790209,1,FLPS
Q96P70,mRNA,1041.0,5,62,0.0595581171950048,3+,FLPS
Q96PK6,mRNA,669.0,4,289,0.4319880418535127,3+,FLPS
Q96PU8,mRNA,341.0,2,84,0.2463343108504398,2,FLPS
Q96PZ0,pre-rRNA,661.0,1,21,0.0317700453857791,1,FLPS
Q96Q15,mRNA,3661.0,16,218,0.0595465719748702,3+,FLPS
Q96Q83,mRNA,286.0,1,26,0.0909090909090909,1,FLPS
Q96QC0,unknown,940.0,9,455,0.4840425531914893,3+,FLPS
Q96QD9,mRNA,318.0,1,50,0.1572327044025157,1,FLPS
Q96QR8,mRNA,312.0,5,70,0.2243589743589743,3+,FLPS
Q96QU8,mRNA,1125.0,3,43,0.0382222222222222,3+,FLPS
Q96RP9,mRNA,751.0,1,6,0.0079893475366178,1,FLPS
Q96RS0,snRNA,853.0,6,110,0.1289566236811254,3+,FLPS
Q96S44,tRNA,253.0,2,74,0.2924901185770751,2,FLPS
Q96SI9,mRNA,672.0,5,117,0.1741071428571428,3+,FLPS
Q96SR6,unknown,550.0,2,10,0.0181818181818181,2,FLPS
Q96SZ4,unknown,780.0,10,285,0.3653846153846153,3+,FLPS
Q96SZ6,tRNA,601.0,2,15,0.0249584026622296,2,FLPS
Q96T21,mRNA,854.0,7,127,0.148711943793911,3+,FLPS
Q96T37,mRNA,977.0,12,429,0.4390992835209826,3+,FLPS
Q96T58,mRNA,3664.0,37,1233,0.3365174672489083,3+,FLPS
Q99459,mRNA,802.0,6,133,0.1658354114713217,3+,FLPS
Q99575,ncRNA,1024.0,5,98,0.095703125,3+,FLPS
Q99590,mRNA,1463.0,17,516,0.3526999316473,3+,FLPS
Q99608,unknown,321.0,2,65,0.2024922118380062,2,FLPS
Q99613,mRNA,913.0,8,148,0.1621029572836801,3+,FLPS
Q99633,mRNA,342.0,3,93,0.2719298245614035,3+,FLPS
Q99717,ncRNA,465.0,3,77,0.1655913978494623,3+,FLPS
Q99728,ncRNA,777.0,6,130,0.1673101673101673,3+,FLPS
Q99729,mRNA,332.0,4,155,0.466867469879518,3+,FLPS
Q99848,pre-rRNA,306.0,1,35,0.1143790849673202,1,FLPS
Q99973,ncRNA,2627.0,8,143,0.0544347164065473,3+,FLPS
Q9BPZ3,mRNA,127.0,2,43,0.3385826771653543,2,FLPS
Q9BQ04,mRNA,359.0,2,68,0.1894150417827298,2,FLPS
Q9BQ39,pre-rRNA,737.0,3,83,0.112618724559023,3+,FLPS
Q9BQ52,tRNA,826.0,3,61,0.0738498789346246,3+,FLPS
Q9BQ67,pre-rRNA,446.0,3,24,0.0538116591928251,3+,FLPS
Q9BQ75,pre-rRNA,279.0,1,30,0.1075268817204301,1,FLPS
Q9BQC6,ribosomal protein,102.0,2,49,0.4803921568627451,2,FLPS
Q9BQG2,mRNA,462.0,1,28,0.0606060606060606,1,FLPS
Q9BQI3,mRNA,630.0,4,51,0.0809523809523809,3+,FLPS
Q9BRA0,snoRNA,125.0,1,12,0.096,1,FLPS
Q9BRD0,mRNA,619.0,8,283,0.4571890145395799,3+,FLPS
Q9BRP8,mRNA,204.0,3,44,0.2156862745098039,3+,FLPS
Q9BRR8,mRNA,931.0,9,178,0.1911922663802363,3+,FLPS
Q9BRS2,pre-rRNA,568.0,5,100,0.176056338028169,3+,FLPS
Q9BRS8,mRNA,491.0,6,83,0.1690427698574338,3+,FLPS
Q9BRX9,mRNA,315.0,1,11,0.0349206349206349,1,FLPS
Q9BRZ2,unknown,755.0,7,187,0.247682119205298,3+,FLPS
Q9BSC4,pre-rRNA,688.0,8,137,0.1991279069767441,3+,FLPS
Q9BSV6,tRNA,310.0,2,44,0.1419354838709677,2,FLPS
Q9BTD8,mRNA,480.0,11,280,0.5833333333333334,3+,FLPS
Q9BTF0,tRNA,503.0,1,6,0.0119284294234592,1,FLPS
Q9BTL3,mRNA,118.0,3,74,0.6271186440677966,3+,FLPS
Q9BUJ2,mRNA,856.0,8,339,0.3960280373831775,3+,FLPS
Q9BUL9,ncRNA,199.0,2,70,0.3517587939698492,2,FLPS
Q9BUQ8,snRNA,820.0,5,290,0.3536585365853658,3+,FLPS
Q9BUR4,ncRNA,548.0,4,140,0.2554744525547445,3+,FLPS
Q9BV44,tRNA,507.0,2,21,0.0414201183431952,2,FLPS
Q9BVP2,pre-rRNA,549.0,7,204,0.3715846994535519,3+,FLPS
Q9BVS4,pre-rRNA,552.0,4,94,0.1702898550724637,3+,FLPS
Q9BW92,tRNA,718.0,4,33,0.0459610027855153,3+,FLPS
Q9BWE0,unknown,567.0,6,126,0.2222222222222222,3+,FLPS
Q9BWF3,mRNA,364.0,3,64,0.1758241758241758,3+,FLPS
Q9BWT3,mRNA,736.0,5,83,0.1127717391304347,3+,FLPS
Q9BWU0,unknown,742.0,9,188,0.2533692722371967,3+,FLPS
Q9BX10,mRNA,602.0,2,48,0.0797342192691029,2,FLPS
Q9BX46,mRNA,236.0,3,98,0.4152542372881356,3+,FLPS
Q9BX63,unknown,1249.0,4,43,0.0344275420336269,3+,FLPS
Q9BXP5,ncRNA,876.0,12,426,0.4863013698630137,3+,FLPS
Q9BXR0,tRNA,403.0,2,30,0.0744416873449131,2,FLPS
Q9BXT6,ncRNA,1211.0,2,36,0.0297274979355904,2,FLPS
Q9BXT8,mRNA,1623.0,6,139,0.0856438693776956,3+,FLPS
Q9BXU2,mRNA,312.0,1,81,0.2596153846153846,1,FLPS
Q9BXV9,tRNA,100.0,1,14,0.14,1,FLPS
Q9BXY0,pre-rRNA,300.0,2,96,0.32,2,FLPS
Q9BY44,tRNA,585.0,2,30,0.0512820512820512,2,FLPS
Q9BY77,mRNA,421.0,3,37,0.0878859857482185,3+,FLPS
Q9BYC8,ribosomal protein,188.0,3,61,0.324468085106383,3+,FLPS
Q9BYC9,ribosomal protein,149.0,1,38,0.2550335570469799,1,FLPS
Q9BYD2,ribosomal protein,267.0,1,10,0.0374531835205992,1,FLPS
Q9BYG3,pre-rRNA,293.0,4,50,0.1706484641638225,3+,FLPS
Q9BYJ9,mRNA,559.0,7,211,0.3774597495527728,3+,FLPS
Q9BYN8,ribosomal protein,205.0,1,54,0.2634146341463415,1,FLPS
Q9BYX4,ncRNA,1025.0,4,89,0.0868292682926829,3+,FLPS
Q9BZB8,mRNA,566.0,4,103,0.1819787985865724,3+,FLPS
Q9BZC1,mRNA,486.0,5,193,0.397119341563786,3+,FLPS
Q9BZE1,ribosomal protein,423.0,2,56,0.1323877068557919,2,FLPS
Q9BZE4,pre-rRNA,634.0,7,132,0.2082018927444795,3+,FLPS
Q9BZI7,mRNA,483.0,6,244,0.505175983436853,3+,FLPS
Q9BZJ0,mRNA,848.0,5,91,0.1073113207547169,3+,FLPS
Q9C0B0,unknown,810.0,8,218,0.2691358024691358,3+,FLPS
Q9C0B1,mRNA,505.0,3,32,0.0633663366336633,3+,FLPS
Q9C0B9,unknown,1178.0,12,353,0.299660441426146,3+,FLPS
Q9C0D7,unknown,883.0,7,231,0.261608154020385,3+,FLPS
Q9GZL7,pre-rRNA,423.0,2,25,0.0591016548463357,2,FLPS
Q9GZR2,pre-rRNA,422.0,4,70,0.1658767772511848,3+,FLPS
Q9GZS3,mRNA,305.0,2,17,0.0557377049180327,2,FLPS
Q9GZT3,ncRNA,109.0,1,10,0.091743119266055,1,FLPS
Q9GZY0,mRNA,626.0,2,45,0.0718849840255591,2,FLPS
Q9H000,mRNA,416.0,3,67,0.1610576923076923,3+,FLPS
Q9H089,pre-rRNA,658.0,3,63,0.0957446808510638,3+,FLPS
Q9H0A0,pre-rRNA,1025.0,5,86,0.0839024390243902,3+,FLPS
Q9H0A6,unknown,362.0,3,40,0.1104972375690607,3+,FLPS
Q9H0H0,snRNA,1196.0,4,45,0.0376254180602006,3+,FLPS
Q9H0J9,unknown,701.0,5,130,0.1854493580599144,3+,FLPS
Q9H0K6,pre-rRNA,701.0,2,43,0.0613409415121255,2,FLPS
Q9H0L4,mRNA,616.0,5,383,0.6217532467532467,3+,FLPS
Q9H0S4,pre-rRNA,455.0,2,23,0.0505494505494505,2,FLPS
Q9H0U6,ribosomal protein,180.0,1,27,0.15,1,FLPS
Q9H0W8,mRNA,520.0,5,122,0.2346153846153846,3+,FLPS
Q9H0Z9,mRNA,239.0,2,97,0.405857740585774,2,FLPS
Q9H1E1,diverse,156.0,1,9,0.0576923076923076,1,FLPS
Q9H1J1,mRNA,476.0,7,224,0.4705882352941176,3+,FLPS
Q9H1K1,unknown,167.0,1,32,0.1916167664670658,1,FLPS
Q9H2K0,mRNA,278.0,2,30,0.1079136690647482,2,FLPS
Q9H2T7,mRNA,1088.0,4,44,0.0404411764705882,3+,FLPS
Q9H2U1,mRNA,1008.0,3,54,0.0535714285714285,3+,FLPS
Q9H307,mRNA,717.0,8,440,0.6136680613668062,3+,FLPS
Q9H361,mRNA,631.0,3,81,0.1283676703645007,3+,FLPS
Q9H3H1,tRNA,467.0,1,7,0.0149892933618843,1,FLPS
Q9H3H3,unknown,292.0,4,56,0.1917808219178082,3+,FLPS
Q9H3J6,mRNA,166.0,1,36,0.216867469879518,1,FLPS
Q9H4L7,unknown,1026.0,9,149,0.145224171539961,3+,FLPS
Q9H4T2,unknown,348.0,2,14,0.0402298850574712,2,FLPS
Q9H4Z3,mRNA,704.0,3,71,0.1008522727272727,3+,FLPS
Q9H501,pre-rRNA,851.0,8,249,0.2925969447708578,3+,FLPS
Q9H583,snoRNA,2144.0,6,51,0.0237873134328358,3+,FLPS
Q9H5H4,unknown,540.0,3,157,0.2907407407407407,3+,FLPS
Q9H5U6,pre-rRNA,513.0,6,168,0.327485380116959,3+,FLPS
Q9H5Z1,mRNA,703.0,1,5,0.0071123755334281,1,FLPS
Q9H633,ncRNA,154.0,1,53,0.3441558441558441,1,FLPS
Q9H694,mRNA,974.0,7,112,0.1149897330595482,3+,FLPS
Q9H6E5,snRNA,874.0,10,202,0.2311212814645309,3+,FLPS
Q9H6F5,unknown,360.0,7,262,0.7277777777777777,3+,FLPS
Q9H6R0,mRNA,707.0,3,53,0.0749646393210749,3+,FLPS
Q9H6S0,mRNA,1430.0,7,171,0.1195804195804195,3+,FLPS
Q9H6T0,mRNA,727.0,4,142,0.1953232462173315,3+,FLPS
Q9H7B2,pre-rRNA,306.0,3,86,0.2810457516339869,3+,FLPS
Q9H7N4,mRNA,1312.0,28,663,0.5053353658536586,3+,FLPS
Q9H7Z6,ncRNA,458.0,2,50,0.1091703056768559,2,FLPS
Q9H814,snRNA,394.0,4,58,0.1472081218274111,3+,FLPS
Q9H825,tRNA,291.0,1,20,0.0687285223367697,1,FLPS
Q9H840,snRNA,131.0,1,36,0.2748091603053435,1,FLPS
Q9H898,unknown,229.0,2,10,0.0436681222707423,2,FLPS
Q9H974,tRNA,415.0,2,34,0.0819277108433735,2,FLPS
Q9H9A5,mRNA,744.0,2,27,0.0362903225806451,2,FLPS
Q9H9G7,ncRNA,860.0,1,5,0.005813953488372,1,FLPS
Q9H9J2,ribosomal protein,332.0,1,46,0.1385542168674698,1,FLPS
Q9H9L3,pre-rRNA,353.0,1,18,0.0509915014164305,1,FLPS
Q9H9Y2,pre-rRNA,349.0,4,63,0.1805157593123209,3+,FLPS
Q9H9Z2,mRNA,209.0,3,64,0.3062200956937799,3+,FLPS
Q9HA38,ncRNA,289.0,5,92,0.3183391003460207,3+,FLPS
Q9HA77,tRNA,564.0,3,77,0.1365248226950354,3+,FLPS
Q9HAU5,mRNA,1272.0,9,359,0.2822327044025157,3+,FLPS
Q9HAV4,ncRNA,1204.0,8,127,0.1054817275747508,3+,FLPS
Q9HAZ1,mRNA,481.0,4,132,0.2744282744282744,3+,FLPS
Q9HBD1,mRNA,1191.0,4,129,0.1083123425692695,3+,FLPS
Q9HBD4,unknown,1679.0,19,627,0.3734365693865396,3+,FLPS
Q9HC10,unknown,1997.0,16,277,0.1387080620931397,3+,FLPS
Q9HC16,mRNA,384.0,1,7,0.0182291666666666,1,FLPS
Q9HC36,pre-rRNA,420.0,2,16,0.0380952380952381,2,FLPS
Q9HC44,unknown,474.0,7,210,0.4430379746835443,3+,FLPS
Q9HCE1,mRNA,1003.0,2,30,0.0299102691924227,2,FLPS
Q9HCE5,mRNA,456.0,5,130,0.2850877192982456,3+,FLPS
Q9HCJ0,mRNA,1936.0,27,770,0.3977272727272727,3+,FLPS
Q9HCJ3,mRNA,691.0,4,44,0.0636758321273516,3+,FLPS
Q9HCK5,ncRNA,861.0,2,19,0.0220673635307781,2,FLPS
Q9HCK8,mRNA,2581.0,26,699,0.2708252615265401,3+,FLPS
Q9HCS7,mRNA,855.0,4,107,0.1251461988304093,3+,FLPS
Q9HD33,ribosomal protein,250.0,2,96,0.384,2,FLPS
Q9NP64,unknown,241.0,4,84,0.3485477178423236,3+,FLPS
Q9NP77,mRNA,194.0,2,22,0.1134020618556701,2,FLPS
Q9NP92,ribosomal protein,439.0,4,67,0.1526195899772209,3+,FLPS
Q9NPD3,diverse,245.0,1,6,0.0244897959183673,1,FLPS
Q9NPF4,tRNA,335.0,1,5,0.0149253731343283,1,FLPS
Q9NPJ4,mRNA,139.0,3,65,0.4676258992805755,3+,FLPS
Q9NQ29,mRNA,371.0,3,123,0.3315363881401617,3+,FLPS
Q9NQ50,ribosomal protein,206.0,2,49,0.2378640776699029,2,FLPS
Q9NQ94,mRNA,594.0,4,67,0.1127946127946128,3+,FLPS
Q9NQE9,tRNA,182.0,1,5,0.0274725274725274,1,FLPS
Q9NQI0,mRNA,724.0,4,103,0.1422651933701657,3+,FLPS
Q9NQM4,unknown,214.0,1,42,0.1962616822429906,1,FLPS
Q9NQT5,diverse,275.0,3,63,0.2290909090909091,3+,FLPS
Q9NQZ2,snoRNA,479.0,8,159,0.3319415448851774,3+,FLPS
Q9NQZ3,mRNA,744.0,8,134,0.1801075268817204,3+,FLPS
Q9NR30,pre-rRNA,783.0,4,223,0.2848020434227331,3+,FLPS
Q9NR48,ncRNA,2969.0,32,837,0.2819131020545638,3+,FLPS
Q9NR50,mRNA,452.0,2,10,0.0221238938053097,2,FLPS
Q9NR56,mRNA,388.0,7,168,0.4329896907216495,3+,FLPS
Q9NR90,mRNA,486.0,4,90,0.1851851851851851,3+,FLPS
Q9NR97,ncRNA,1041.0,5,172,0.1652257444764649,3+,FLPS
Q9NRA8,mRNA,985.0,11,283,0.2873096446700507,3+,FLPS
Q9NRJ5,mRNA,637.0,7,136,0.2135007849293563,3+,FLPS
Q9NRN9,unknown,209.0,1,6,0.0287081339712918,1,FLPS
Q9NRX2,ribosomal protein,175.0,1,31,0.1771428571428571,1,FLPS
Q9NS39,mRNA,739.0,6,55,0.074424898511502,3+,FLPS
Q9NSD9,tRNA,589.0,2,57,0.0967741935483871,2,FLPS
Q9NTZ6,mRNA,932.0,6,329,0.3530042918454936,3+,FLPS
Q9NUK0,mRNA,354.0,4,145,0.4096045197740113,3+,FLPS
Q9NUL7,pre-rRNA,540.0,4,67,0.124074074074074,3+,FLPS
Q9NUM4,unknown,274.0,3,23,0.083941605839416,3+,FLPS
Q9NUP7,tRNA,481.0,2,33,0.0686070686070686,2,FLPS
Q9NV31,snoRNA,184.0,1,43,0.233695652173913,1,FLPS
Q9NV66,tRNA,732.0,4,79,0.1079234972677595,3+,FLPS
Q9NV88,snRNA,658.0,2,14,0.0212765957446808,2,FLPS
Q9NVH2,snRNA,962.0,4,38,0.0395010395010395,3+,FLPS
Q9NVM6,unknown,304.0,6,121,0.3980263157894737,3+,FLPS
Q9NVN8,pre-rRNA,582.0,4,112,0.1924398625429553,3+,FLPS
Q9NVP1,pre-rRNA,670.0,7,108,0.1611940298507462,3+,FLPS
Q9NVR2,snRNA,710.0,2,18,0.0253521126760563,2,FLPS
Q9NVR5,unknown,837.0,6,225,0.2688172043010752,3+,FLPS
Q9NVS2,ribosomal protein,196.0,1,15,0.0765306122448979,1,FLPS
Q9NW07,unknown,568.0,7,336,0.5915492957746479,3+,FLPS
Q9NW13,snRNA,759.0,8,212,0.2793148880105401,3+,FLPS
Q9NW64,mRNA,420.0,2,95,0.2261904761904762,2,FLPS
Q9NWB1,mRNA,397.0,4,137,0.345088161209068,3+,FLPS
Q9NWH9,mRNA,1034.0,10,566,0.5473887814313346,3+,FLPS
Q9NWK9,snoRNA,470.0,3,163,0.3468085106382979,3+,FLPS
Q9NWX6,tRNA,298.0,1,6,0.0201342281879194,1,FLPS
Q9NWZ8,snRNA,242.0,3,79,0.3264462809917355,3+,FLPS
Q9NX05,unknown,1096.0,10,295,0.2691605839416058,3+,FLPS
Q9NX07,tRNA,287.0,1,43,0.1498257839721254,1,FLPS
Q9NXG2,tRNA,353.0,1,6,0.0169971671388102,1,FLPS
Q9NXH9,tRNA,659.0,4,117,0.1775417298937784,3+,FLPS
Q9NXL6,ncRNA,827.0,8,183,0.2212817412333736,3+,FLPS
Q9NXW9,unknown,302.0,4,39,0.1291390728476821,3+,FLPS
Q9NXZ2,mRNA,648.0,2,61,0.0941358024691358,2,FLPS
Q9NY12,snoRNA,217.0,3,122,0.5622119815668203,3+,FLPS
Q9NY93,pre-rRNA,547.0,4,88,0.1608775137111517,3+,FLPS
Q9NYF8,mRNA,920.0,10,409,0.4445652173913043,3+,FLPS
Q9NYH9,snoRNA,597.0,2,45,0.0753768844221105,2,FLPS
Q9NYK1,ncRNA,1049.0,7,109,0.103908484270734,3+,FLPS
Q9NYK5,ribosomal protein,338.0,1,5,0.014792899408284,1,FLPS
Q9NYY8,mRNA,710.0,2,16,0.0225352112676056,2,FLPS
Q9NZB2,mRNA,1118.0,10,236,0.2110912343470483,3+,FLPS
Q9NZE8,ribosomal protein,188.0,2,29,0.1542553191489361,2,FLPS
Q9NZI8,mRNA,577.0,3,85,0.1473136915077989,3+,FLPS
Q9NZJ5,mRNA,1116.0,8,171,0.1532258064516129,3+,FLPS
Q9P031,unknown,241.0,2,78,0.3236514522821577,2,FLPS
Q9P0J6,ribosomal protein,103.0,1,14,0.1359223300970873,1,FLPS
Q9P0L1,unknown,754.0,4,86,0.1140583554376657,3+,FLPS
Q9P1Y6,mRNA,1649.0,17,646,0.3917525773195876,3+,FLPS
Q9P2E3,unknown,1918.0,10,468,0.2440041710114703,3+,FLPS
Q9P2E9,mRNA,1410.0,12,610,0.4326241134751773,3+,FLPS
Q9P2I0,mRNA,782.0,2,56,0.0716112531969309,2,FLPS
Q9P2J5,tRNA,1176.0,4,51,0.0433673469387755,3+,FLPS
Q9P2K5,mRNA,600.0,3,195,0.325,3+,FLPS
Q9P2K8,tRNA,1649.0,10,186,0.1127956337174044,3+,FLPS
Q9P2N5,mRNA,1060.0,13,375,0.3537735849056603,3+,FLPS
Q9P2P1,unknown,1898.0,9,244,0.1285563751317176,3+,FLPS
Q9UBB9,mRNA,837.0,5,84,0.1003584229390681,3+,FLPS
Q9UBC3,diverse,853.0,9,203,0.2379835873388042,3+,FLPS
Q9UBK2,unknown,798.0,7,271,0.3395989974937343,3+,FLPS
Q9UBP6,tRNA,276.0,1,19,0.0688405797101449,1,FLPS
Q9UBS3,unknown,223.0,3,61,0.273542600896861,3+,FLPS
Q9UBU9,mRNA,619.0,5,104,0.1680129240710824,3+,FLPS
Q9UDW3,snRNA,170.0,2,63,0.3705882352941176,2,FLPS
Q9UEG4,unknown,869.0,4,77,0.0886075949367088,3+,FLPS
Q9UET6,tRNA,329.0,1,10,0.0303951367781155,1,FLPS
Q9UFF9,mRNA,292.0,1,5,0.0171232876712328,1,FLPS
Q9UGC7,mRNA,380.0,2,50,0.131578947368421,2,FLPS
Q9UGR2,ncRNA,977.0,4,86,0.0880245649948822,3+,FLPS
Q9UGY1,pre-rRNA,213.0,3,101,0.4741784037558685,3+,FLPS
Q9UH17,unknown,382.0,1,16,0.0418848167539267,1,FLPS
Q9UHB9,ncRNA,627.0,3,52,0.0829346092503987,3+,FLPS
Q9UHC7,mRNA,482.0,10,188,0.3900414937759336,3+,FLPS
Q9UHI6,snRNA,824.0,7,146,0.1771844660194174,3+,FLPS
Q9UHK0,snoRNA,495.0,5,153,0.3090909090909091,3+,FLPS
Q9UHX1,mRNA,559.0,6,124,0.221824686940966,3+,FLPS
Q9UI10,mRNA,523.0,4,87,0.1663479923518164,3+,FLPS
Q9UI30,tRNA,125.0,2,13,0.104,2,FLPS
Q9UI43,pre-rRNA,246.0,1,6,0.024390243902439,1,FLPS
Q9UIF8,ncRNA,2168.0,29,869,0.400830258302583,3+,FLPS
Q9UIF9,ncRNA,1905.0,19,617,0.3238845144356955,3+,FLPS
Q9UJA5,tRNA,497.0,5,90,0.1810865191146881,3+,FLPS
Q9UJJ7,unknown,312.0,1,33,0.1057692307692307,1,FLPS
Q9UJK0,pre-rRNA,312.0,4,94,0.3012820512820512,3+,FLPS
Q9UJV8,mRNA,347.0,3,57,0.1642651296829971,3+,FLPS
Q9UJV9,mRNA,622.0,4,90,0.1446945337620578,3+,FLPS
Q9UK39,mRNA,431.0,2,51,0.1183294663573085,2,FLPS
Q9UK45,snRNA,103.0,1,6,0.058252427184466,1,FLPS
Q9UK59,mRNA,544.0,3,52,0.0955882352941176,3+,FLPS
Q9UKA9,mRNA,531.0,3,31,0.0583804143126177,3+,FLPS
Q9UKD2,mRNA,239.0,1,21,0.0878661087866108,1,FLPS
Q9UKF6,mRNA,684.0,2,33,0.0482456140350877,2,FLPS
Q9UKJ3,unknown,1502.0,15,744,0.4953395472703062,3+,FLPS
Q9UKK3,ncRNA,1724.0,4,67,0.0388631090487239,3+,FLPS
Q9UKM9,mRNA,306.0,4,91,0.2973856209150327,3+,FLPS
Q9UKT8,unknown,454.0,1,42,0.092511013215859,1,FLPS
Q9UKV3,mRNA,1341.0,18,662,0.4936614466815809,3+,FLPS
Q9UKV8,ncRNA,859.0,1,23,0.0267753201396973,1,FLPS
Q9UKZ1,mRNA,510.0,4,118,0.2313725490196078,3+,FLPS
Q9UL03,snRNA,887.0,3,65,0.0732807215332581,3+,FLPS
Q9UL18,ncRNA,857.0,1,5,0.0058343057176196,1,FLPS
Q9UL40,unknown,294.0,3,26,0.0884353741496598,3+,FLPS
Q9ULG1,unknown,1556.0,13,317,0.2037275064267352,3+,FLPS
Q9ULM6,mRNA,557.0,1,34,0.0610412926391382,1,FLPS
Q9ULR0,mRNA,285.0,2,61,0.2140350877192982,2,FLPS
Q9ULR5,mRNA,123.0,2,52,0.4227642276422764,2,FLPS
Q9ULW3,mRNA,272.0,4,74,0.2720588235294117,3+,FLPS
Q9ULX3,pre-rRNA,412.0,2,16,0.0388349514563106,2,FLPS
Q9ULX6,mRNA,646.0,13,251,0.3885448916408668,3+,FLPS
Q9UMY1,unknown,257.0,3,160,0.622568093385214,3+,FLPS
Q9UN86,mRNA,482.0,5,291,0.6037344398340249,3+,FLPS
Q9UNP9,mRNA,301.0,2,27,0.0897009966777408,2,FLPS
Q9UNQ2,pre-rRNA,313.0,4,62,0.1980830670926517,3+,FLPS
Q9UNW9,mRNA,492.0,2,113,0.2296747967479674,2,FLPS
Q9UNX3,ribosomal protein,145.0,1,27,0.1862068965517241,1,FLPS
Q9UNX4,snoRNA,943.0,3,44,0.0466595970307529,3+,FLPS
Q9UNY4,mRNA,1162.0,9,216,0.1858864027538726,3+,FLPS
Q9UPN6,mRNA,1271.0,15,564,0.4437450826121164,3+,FLPS
Q9UPQ9,mRNA,1833.0,22,671,0.3660665575559192,3+,FLPS
Q9UPR3,mRNA,1016.0,10,222,0.218503937007874,3+,FLPS
Q9UPR6,unknown,939.0,9,296,0.3152289669861555,3+,FLPS
Q9UPS6,ncRNA,1966.0,29,979,0.4979654120040692,3+,FLPS
Q9UPT8,unknown,1303.0,25,767,0.5886415963161934,3+,FLPS
Q9UPU9,mRNA,718.0,6,80,0.1114206128133704,3+,FLPS
Q9UPY3,ncRNA,1922.0,11,155,0.0806451612903225,3+,FLPS
Q9UQ35,mRNA,2752.0,23,2270,0.8248546511627907,3+,FLPS
Q9UQ80,pre-rRNA,394.0,2,17,0.0431472081218274,2,FLPS
Q9UQ84,diverse,846.0,5,175,0.2068557919621749,3+,FLPS
Q9Y230,mRNA,463.0,1,17,0.0367170626349892,1,FLPS
Q9Y235,mRNA,224.0,1,6,0.0267857142857142,1,FLPS
Q9Y237,pre-rRNA,131.0,1,31,0.2366412213740458,1,FLPS
Q9Y291,ribosomal protein,106.0,1,24,0.2264150943396226,1,FLPS
Q9Y295,mRNA,367.0,4,41,0.1117166212534059,3+,FLPS
Q9Y2L1,diverse,958.0,6,95,0.0991649269311064,3+,FLPS
Q9Y2P0,unknown,537.0,3,95,0.1769087523277467,3+,FLPS
Q9Y2R4,pre-rRNA,599.0,2,61,0.1018363939899833,2,FLPS
Q9Y2T7,mRNA,364.0,7,207,0.5686813186813187,3+,FLPS
Q9Y2U8,snRNA,911.0,18,152,0.1668496158068057,3+,FLPS
Q9Y2V2,mRNA,147.0,2,13,0.0884353741496598,2,FLPS
Q9Y2W1,mRNA,955.0,15,532,0.5570680628272251,3+,FLPS
Q9Y2W6,ncRNA,561.0,3,57,0.1016042780748663,3+,FLPS
Q9Y2X3,snoRNA,529.0,4,114,0.2155009451795841,3+,FLPS
Q9Y2Z2,tRNA,717.0,1,6,0.00836820083682,1,FLPS
Q9Y2Z4,tRNA,477.0,2,59,0.1236897274633123,2,FLPS
Q9Y388,mRNA,322.0,4,127,0.3944099378881988,3+,FLPS
Q9Y3A2,snoRNA,253.0,3,74,0.2924901185770751,3+,FLPS
Q9Y3A4,pre-rRNA,280.0,2,44,0.1571428571428571,2,FLPS
Q9Y3A5,pre-rRNA,250.0,1,12,0.048,1,FLPS
Q9Y3B4,mRNA,125.0,1,17,0.136,1,FLPS
Q9Y3B7,ribosomal protein,192.0,1,26,0.1354166666666666,1,FLPS
Q9Y3B9,pre-rRNA,282.0,4,126,0.4468085106382978,3+,FLPS
Q9Y3F4,mRNA,350.0,2,18,0.0514285714285714,2,FLPS
Q9Y3I0,tRNA,505.0,2,29,0.0574257425742574,2,FLPS
Q9Y3T9,pre-rRNA,749.0,3,70,0.0934579439252336,3+,FLPS
Q9Y3U8,ribosomal protein,105.0,2,33,0.3142857142857143,2,FLPS
Q9Y3Y2,mRNA,248.0,2,125,0.5040322580645161,2,FLPS
Q9Y473,unknown,711.0,4,87,0.1223628691983122,3+,FLPS
Q9Y4B4,unknown,1467.0,13,229,0.1561008861622358,3+,FLPS
Q9Y4C8,pre-rRNA,960.0,10,155,0.1614583333333333,3+,FLPS
Q9Y4F3,ncRNA,1742.0,14,247,0.1417910447761194,3+,FLPS
Q9Y4Z0,snRNA,139.0,1,41,0.2949640287769784,1,FLPS
Q9Y534,mRNA,153.0,2,29,0.1895424836601307,2,FLPS
Q9Y580,mRNA,266.0,5,153,0.575187969924812,3+,FLPS
Q9Y5A9,mRNA,579.0,6,175,0.3022452504317789,3+,FLPS
Q9Y5J1,snoRNA,556.0,7,116,0.2086330935251798,3+,FLPS
Q9Y606,tRNA,427.0,1,23,0.0538641686182669,1,FLPS
Q9Y676,ribosomal protein,258.0,3,67,0.2596899224806202,3+,FLPS
Q9Y697,unknown,457.0,2,28,0.061269146608315,2,FLPS
Q9Y6K5,ncRNA,1087.0,3,96,0.0883164673413063,3+,FLPS
Q9Y6M1,mRNA,599.0,2,71,0.1185308848080133,2,FLPS
R4GMQ7,diverse,143.0,1,5,0.0349650349650349,1,FLPS
R4GMX9,snRNA,53.0,1,6,0.1132075471698113,1,FLPS
R4GNH1,unknown,168.0,1,24,0.1428571428571428,1,FLPS
S4R469,mRNA,234.0,2,25,0.1068376068376068,2,FLPS
X6R7H2,mRNA,631.0,7,262,0.4152139461172742,3+,FLPS
X6RAY8,ribosomal protein,357.0,2,52,0.1456582633053221,2,FLPS
X6RDA4,ncRNA,248.0,2,35,0.1411290322580645,2,FLPS
X6RDS5,ribosomal protein,153.0,1,8,0.0522875816993464,1,FLPS
X6RJ73,ribosomal protein,173.0,2,46,0.2658959537572254,2,FLPS
X6RJY0,snoRNA,320.0,4,91,0.284375,3+,FLPS
A0A024RCN4,unknown,479.0,2,11,0.022964509394572,2,LCRFinder
A0A087WVF4,unknown,1798.0,22,144,0.0800889877641824,3+,LCRFinder
A0A087WZ13,unknown,739.0,9,69,0.0933694181326116,3+,LCRFinder
A0A087X0J2,diverse,248.0,1,7,0.0282258064516129,1,LCRFinder
A0A0A0MQW0,mRNA,576.0,4,20,0.0347222222222222,3+,LCRFinder
A0A0A0MRM9,snoRNA,708.0,18,221,0.3121468926553672,3+,LCRFinder
A0A0A0MRZ1,unknown,733.0,9,68,0.0927694406548431,3+,LCRFinder
A0A0A0MSN9,mRNA,333.0,6,71,0.2132132132132132,3+,LCRFinder
A0A0A0MSS9,mRNA,486.0,1,5,0.0102880658436214,1,LCRFinder
A0A0B4J1V9,unknown,884.0,4,21,0.0237556561085972,3+,LCRFinder
A0A0B4J203,mRNA,849.0,4,26,0.0306242638398115,3+,LCRFinder
A0A0C4DG89,snRNA,1032.0,14,131,0.126937984496124,3+,LCRFinder
A0A0C4DGG8,mRNA,1043.0,21,168,0.1610738255033557,3+,LCRFinder
A0A0D9SF53,unknown,733.0,4,43,0.058663028649386,3+,LCRFinder
A0A0D9SFM0,unknown,1687.0,3,21,0.0124481327800829,3+,LCRFinder
A0A0G2JKY3,tRNA,1061.0,2,8,0.0075400565504241,2,LCRFinder
A0A140T8Y2,pre-rRNA,407.0,3,20,0.0491400491400491,3+,LCRFinder
A0A140TA76,mRNA,344.0,4,30,0.0872093023255814,3+,LCRFinder
A0A286YFD1,unknown,2093.0,5,26,0.0124223602484472,3+,LCRFinder
A0A2R8Y4L2,mRNA,320.0,5,49,0.153125,3+,LCRFinder
A0A2R8Y6W8,unknown,807.0,1,6,0.0074349442379182,1,LCRFinder
A0A494C0I1,unknown,1111.0,2,9,0.0081008100810081,2,LCRFinder
A0A494C1N8,unknown,1116.0,2,9,0.0080645161290322,2,LCRFinder
A0A499FI31,snRNA,981.0,4,28,0.0285423037716615,3+,LCRFinder
A0A499FIA3,unknown,238.0,1,4,0.0168067226890756,1,LCRFinder
A0A590UJW6,unknown,1086.0,10,77,0.070902394106814,3+,LCRFinder
A0A5H1ZRQ2,mRNA,731.0,7,59,0.0807113543091655,3+,LCRFinder
A0A5K1VW79,mRNA,999.0,16,161,0.1611611611611611,3+,LCRFinder
A0A7I2V5M7,unknown,476.0,5,46,0.0966386554621848,3+,LCRFinder
A0A7N4I394,snRNA,994.0,11,110,0.1106639839034205,3+,LCRFinder
A0A7P0N5L0,unknown,480.0,2,16,0.0333333333333333,2,LCRFinder
A0A804HKV4,mRNA,723.0,2,10,0.0138312586445366,2,LCRFinder
A0A8I5KNN2,pre-rRNA,808.0,5,40,0.0495049504950495,3+,LCRFinder
A0A8I5KSH6,unknown,925.0,9,66,0.0713513513513513,3+,LCRFinder
A0A8I5KVU2,mRNA,1735.0,11,51,0.0293948126801152,3+,LCRFinder
A0A8I5KX04,mRNA,1686.0,16,91,0.0539739027283511,3+,LCRFinder
A0A8V8TR54,unknown,2114.0,22,185,0.0875118259224219,3+,LCRFinder
A0A994J6B2,unknown,331.0,1,4,0.0120845921450151,1,LCRFinder
A0A994J7T5,mRNA,750.0,5,26,0.0346666666666666,3+,LCRFinder
A0AA34QW03,mRNA,678.0,10,74,0.1091445427728613,3+,LCRFinder
A0ABB0MN55,mRNA,322.0,9,90,0.2795031055900621,3+,LCRFinder
A0ABB0MV08,mRNA,369.0,7,65,0.1761517615176151,3+,LCRFinder
A0ABB0MVJ3,unknown,604.0,3,14,0.0231788079470198,3+,LCRFinder
A0ACI8P9Y7,unknown,1707.0,6,30,0.0175746924428822,3+,LCRFinder
A0ACI8PHD2,unknown,261.0,5,48,0.1839080459770115,3+,LCRFinder
A0ACI8PT71,unknown,1306.0,4,16,0.0122511485451761,3+,LCRFinder
A0ACI8PUZ8,unknown,1375.0,8,50,0.0363636363636363,3+,LCRFinder
A0ACI8PVP6,unknown,744.0,3,15,0.0201612903225806,3+,LCRFinder
A0ACI8PX57,unknown,378.0,8,84,0.2222222222222222,3+,LCRFinder
A0ACI8Q0P4,unknown,829.0,9,62,0.0747889022919179,3+,LCRFinder
A0ACI8Q806,unknown,498.0,7,54,0.108433734939759,3+,LCRFinder
A0ACI8QHW6,unknown,749.0,2,17,0.0226969292389853,2,LCRFinder
A0ACI8QLY8,unknown,321.0,7,55,0.1713395638629283,3+,LCRFinder
A0ACI8QNN6,unknown,701.0,3,20,0.028530670470756,3+,LCRFinder
A0ACI8QTQ5,diverse,1388.0,10,63,0.0453890489913544,3+,LCRFinder
A0ACI8QU73,unknown,864.0,9,45,0.0520833333333333,3+,LCRFinder
A0ACI8QUJ1,unknown,752.0,5,31,0.0412234042553191,3+,LCRFinder
A0ACI8QY88,mRNA,715.0,10,94,0.1314685314685314,3+,LCRFinder
A0ACI8R3H8,unknown,616.0,2,9,0.0146103896103896,2,LCRFinder
A0ACI8R7A3,unknown,356.0,3,16,0.0449438202247191,3+,LCRFinder
A0ACI8RCQ9,unknown,534.0,2,24,0.0449438202247191,2,LCRFinder
A0ACI8RI26,unknown,764.0,7,40,0.0523560209424083,3+,LCRFinder
A0ACI8RL22,unknown,1967.0,7,38,0.0193187595322826,3+,LCRFinder
A0ACI8RLL6,unknown,729.0,4,20,0.027434842249657,3+,LCRFinder
A0ACI8RMB5,unknown,1003.0,9,49,0.0488534396809571,3+,LCRFinder
A0ACI8RQX4,unknown,1349.0,2,9,0.0066716085989621,2,LCRFinder
A0ACI8RR28,unknown,918.0,3,26,0.0283224400871459,3+,LCRFinder
A0ACI8RX58,unknown,750.0,12,172,0.2293333333333333,3+,LCRFinder
A0ACI8S0C5,unknown,927.0,6,28,0.0302049622437971,3+,LCRFinder
A0ACI8S113,unknown,1253.0,11,57,0.0454908220271348,3+,LCRFinder
A0ACI8S5H4,unknown,1122.0,4,19,0.016934046345811,3+,LCRFinder
A0ACI8S5T8,unknown,488.0,4,28,0.0573770491803278,3+,LCRFinder
A0ACI8SAU3,unknown,2066.0,6,27,0.0130687318489835,3+,LCRFinder
A0ACI8SBH9,unknown,480.0,1,4,0.0083333333333333,1,LCRFinder
A0ACI8SEY7,unknown,629.0,1,7,0.0111287758346581,1,LCRFinder
A0ACI8SPJ0,snRNA,2147.0,4,24,0.0111783884489986,3+,LCRFinder
A0ACI8SQV4,unknown,211.0,3,16,0.0758293838862559,3+,LCRFinder
A0ACI8SXP5,unknown,451.0,10,60,0.1330376940133037,3+,LCRFinder
A0ACI8SYT5,unknown,674.0,8,51,0.0756676557863501,3+,LCRFinder
A0ACI8T6P5,unknown,600.0,2,14,0.0233333333333333,2,LCRFinder
A0ACI8T7F0,tRNA,1068.0,2,8,0.0074906367041198,2,LCRFinder
A0ACI8T823,unknown,380.0,3,16,0.0421052631578947,3+,LCRFinder
A0ACI8T9E2,unknown,234.0,3,21,0.0897435897435897,3+,LCRFinder
A0ACI8TFG6,tRNA,1552.0,6,29,0.0186855670103092,3+,LCRFinder
A0ACI8TJP2,unknown,2207.0,2,10,0.0045310376076121,2,LCRFinder
A0ACI8TLG3,tRNA,1044.0,1,6,0.0057471264367816,1,LCRFinder
A0ACI8TLM1,unknown,106.0,1,9,0.0849056603773584,1,LCRFinder
A0ACI8TLS0,unknown,550.0,1,6,0.0109090909090909,1,LCRFinder
A0ACI8TML7,unknown,1201.0,6,33,0.0274771024146544,3+,LCRFinder
A0ACI8TMU3,unknown,1055.0,2,30,0.0284360189573459,2,LCRFinder
A0ACI8TQP9,unknown,2591.0,8,43,0.0165959089154766,3+,LCRFinder
A0ACI8TQS2,unknown,3008.0,26,180,0.0598404255319149,3+,LCRFinder
A0ACI8TS18,unknown,1048.0,11,65,0.0620229007633587,3+,LCRFinder
A0ACI8TSY6,unknown,1461.0,5,26,0.0177960301163586,3+,LCRFinder
A0ACI8TUA9,unknown,638.0,10,113,0.177115987460815,3+,LCRFinder
A0ACI8TUB7,unknown,259.0,4,17,0.0656370656370656,3+,LCRFinder
A0ACI8TWM6,unknown,905.0,9,41,0.0453038674033149,3+,LCRFinder
A0ACI8TXE9,unknown,1448.0,7,42,0.0290055248618784,3+,LCRFinder
A0ACI8U1B9,unknown,902.0,11,99,0.1097560975609756,3+,LCRFinder
A0ACI8U399,unknown,786.0,6,35,0.044529262086514,3+,LCRFinder
A0ACI8U6C5,unknown,1066.0,5,41,0.0384615384615384,3+,LCRFinder
A0ACI8U7J9,unknown,978.0,2,10,0.0102249488752556,2,LCRFinder
A0ACI8U804,unknown,2104.0,6,34,0.0161596958174904,3+,LCRFinder
A0ACI8UB86,unknown,209.0,4,17,0.0813397129186602,3+,LCRFinder
A0ACI8UES1,unknown,422.0,3,24,0.0568720379146919,3+,LCRFinder
A0ACI8UGJ8,unknown,626.0,1,5,0.0079872204472843,1,LCRFinder
A0ACI8UMC2,unknown,837.0,1,8,0.009557945041816,1,LCRFinder
A0ACI8UNX3,unknown,1077.0,8,62,0.0575673166202414,3+,LCRFinder
A0ACI8UTL7,unknown,402.0,11,83,0.2064676616915423,3+,LCRFinder
A0ACI8UZB3,unknown,1252.0,4,40,0.0319488817891373,3+,LCRFinder
A0ACI8V0W0,unknown,822.0,1,6,0.0072992700729927,1,LCRFinder
A0ACI8V583,mRNA,621.0,11,65,0.1046698872785829,3+,LCRFinder
A0ACI8V6J3,unknown,1329.0,6,27,0.0203160270880361,3+,LCRFinder
A0ACI8VA32,unknown,1280.0,5,28,0.021875,3+,LCRFinder
A0ACI8VAV8,unknown,1149.0,3,18,0.0156657963446475,3+,LCRFinder
A0ACI8VCM9,unknown,1180.0,13,90,0.0762711864406779,3+,LCRFinder
A0ACI8VD15,unknown,1437.0,5,26,0.0180932498260264,3+,LCRFinder
A0ACI8VFS1,unknown,923.0,4,18,0.0195016251354279,3+,LCRFinder
A0ACI8VQD2,unknown,1043.0,7,56,0.0536912751677852,3+,LCRFinder
A0ACI8VSD4,mRNA,674.0,2,15,0.0222551928783382,2,LCRFinder
A0AV96,mRNA,593.0,5,46,0.0775716694772344,3+,LCRFinder
A1L020,mRNA,520.0,7,53,0.1019230769230769,3+,LCRFinder
A2PYH4,unknown,1435.0,1,4,0.002787456445993,1,LCRFinder
A4D1B5,unknown,854.0,3,21,0.0245901639344262,3+,LCRFinder
A4D1E1,unknown,1349.0,3,15,0.0111193476649369,3+,LCRFinder
A5YKK6,mRNA,2376.0,10,63,0.0265151515151515,3+,LCRFinder
A6NDE4,mRNA,496.0,3,18,0.0362903225806451,3+,LCRFinder
A6NDY0,mRNA,278.0,4,26,0.0935251798561151,3+,LCRFinder
A6NEQ0,mRNA,496.0,3,18,0.0362903225806451,3+,LCRFinder
A6NFI3,unknown,1004.0,14,112,0.1115537848605577,3+,LCRFinder
A6NFN3,mRNA,312.0,5,25,0.0801282051282051,3+,LCRFinder
A6NHQ2,snoRNA,334.0,5,55,0.1646706586826347,3+,LCRFinder
A6NKG5,unknown,1358.0,7,33,0.024300441826215,3+,LCRFinder
A6NM28,unknown,416.0,1,10,0.0240384615384615,1,LCRFinder
A6NNF4,unknown,616.0,1,4,0.0064935064935064,1,LCRFinder
A7MD48,mRNA,611.0,14,156,0.2553191489361702,3+,LCRFinder
A8MQ14,unknown,1090.0,1,6,0.0055045871559633,1,LCRFinder
A8MXP9,mRNA,895.0,5,23,0.0256983240223463,3+,LCRFinder
B0QYK0,mRNA,618.0,14,164,0.2653721682847896,3+,LCRFinder
B0QYY4,mRNA,370.0,5,41,0.1108108108108108,3+,LCRFinder
B5MCF9,pre-rRNA,571.0,4,20,0.0350262697022767,3+,LCRFinder
B5MCU0,unknown,990.0,13,91,0.0919191919191919,3+,LCRFinder
B5MCY1,unknown,1934.0,3,15,0.0077559462254395,3+,LCRFinder
B8ZZ98,mRNA,158.0,4,60,0.379746835443038,3+,LCRFinder
C9J6P4,ncRNA,1024.0,3,16,0.015625,3+,LCRFinder
C9J9B2,mRNA,264.0,2,15,0.0568181818181818,2,LCRFinder
C9JAB2,mRNA,235.0,6,67,0.2851063829787234,3+,LCRFinder
C9JE40,mRNA,543.0,5,28,0.0515653775322283,3+,LCRFinder
C9JP00,mRNA,348.0,2,19,0.0545977011494252,2,LCRFinder
D4PHA4,unknown,493.0,2,10,0.0202839756592292,2,LCRFinder
D6R954,tRNA,199.0,1,6,0.0301507537688442,1,LCRFinder
D6R9W6,mRNA,518.0,2,20,0.0386100386100386,2,LCRFinder
D6RA96,unknown,785.0,2,10,0.0127388535031847,2,LCRFinder
D6W5Y5,mRNA,297.0,5,27,0.0909090909090909,3+,LCRFinder
E5RJM0,mRNA,639.0,7,52,0.081377151799687,3+,LCRFinder
E5RJZ9,mRNA,265.0,4,19,0.0716981132075471,3+,LCRFinder
E7ERJ7,mRNA,604.0,3,19,0.0314569536423841,3+,LCRFinder
E7ERQ6,mRNA,390.0,1,5,0.0128205128205128,1,LCRFinder
E7ESL0,ribosomal protein,212.0,1,8,0.0377358490566037,1,LCRFinder
E7ET15,snRNA,1028.0,12,112,0.1089494163424124,3+,LCRFinder
E7ETU5,mRNA,370.0,1,5,0.0135135135135135,1,LCRFinder
E7EWR4,mRNA,597.0,1,5,0.0083752093802345,1,LCRFinder
E9PB61,mRNA,264.0,5,48,0.1818181818181818,3+,LCRFinder
E9PBY2,mRNA,654.0,1,5,0.0076452599388379,1,LCRFinder
E9PFF5,mRNA,490.0,4,42,0.0857142857142857,3+,LCRFinder
E9PIF2,pre-rRNA,835.0,8,62,0.074251497005988,3+,LCRFinder
E9PL19,mRNA,596.0,5,37,0.0620805369127516,3+,LCRFinder
E9PMM9,ribosomal protein,218.0,3,35,0.1605504587155963,3+,LCRFinder
F5GYR3,pre-rRNA,275.0,1,4,0.0145454545454545,1,LCRFinder
F5H0R1,snRNA,912.0,6,39,0.0427631578947368,3+,LCRFinder
F6TAI2,mRNA,324.0,3,16,0.0493827160493827,3+,LCRFinder
F6VAP0,mRNA,555.0,5,46,0.0828828828828828,3+,LCRFinder
F8VP89,mRNA,275.0,5,29,0.1054545454545454,3+,LCRFinder
F8VQP2,mRNA,1073.0,10,65,0.0605778191985088,3+,LCRFinder
F8VU11,snRNA,892.0,17,143,0.1603139013452914,3+,LCRFinder
F8VVL1,mRNA,160.0,1,7,0.04375,1,LCRFinder
F8VXY6,mRNA,228.0,3,25,0.1096491228070175,3+,LCRFinder
F8W6I7,mRNA,307.0,6,43,0.1400651465798045,3+,LCRFinder
G3V529,pre-rRNA,816.0,9,45,0.0551470588235294,3+,LCRFinder
G3V5I6,mRNA,420.0,3,15,0.0357142857142857,3+,LCRFinder
G3V5X7,ncRNA,2519.0,9,51,0.020246129416435,3+,LCRFinder
H0Y6E7,mRNA,292.0,8,56,0.1917808219178082,3+,LCRFinder
H0YDK8,mRNA,900.0,16,122,0.1355555555555555,3+,LCRFinder
H0YLQ7,unknown,131.0,4,21,0.1603053435114503,3+,LCRFinder
H3BM89,ribosomal protein,333.0,7,50,0.1501501501501501,3+,LCRFinder
H3BNJ4,unknown,201.0,1,5,0.0248756218905472,1,LCRFinder
H3BPD0,unknown,197.0,2,14,0.0710659898477157,2,LCRFinder
H3BPE7,mRNA,527.0,16,187,0.3548387096774194,3+,LCRFinder
H3BPG5,mRNA,128.0,2,57,0.4453125,2,LCRFinder
H3BSG4,tRNA,173.0,2,21,0.1213872832369942,2,LCRFinder
H7BXY3,mRNA,1166.0,7,43,0.0368782161234991,3+,LCRFinder
H9KV63,ncRNA,1113.0,1,5,0.004492362982929,1,LCRFinder
I3L1L6,mRNA,617.0,1,9,0.0145867098865478,1,LCRFinder
J3KP02,unknown,692.0,6,34,0.0491329479768786,3+,LCRFinder
J3KPD3,mRNA,267.0,3,13,0.048689138576779,3+,LCRFinder
J3KPK3,mRNA,459.0,3,18,0.0392156862745098,3+,LCRFinder
J3KPP4,mRNA,489.0,7,84,0.1717791411042944,3+,LCRFinder
J3KQ82,mRNA,459.0,3,18,0.0392156862745098,3+,LCRFinder
J3QL05,mRNA,130.0,1,17,0.1307692307692307,1,LCRFinder
J3QS41,mRNA,1943.0,12,58,0.0298507462686567,3+,LCRFinder
K7EJB9,mRNA,349.0,5,46,0.1318051575931232,3+,LCRFinder
K7EKH9,unknown,261.0,2,9,0.0344827586206896,2,LCRFinder
K7ER00,tRNA,548.0,1,5,0.0091240875912408,1,LCRFinder
M0QY97,unknown,910.0,19,140,0.1538461538461538,3+,LCRFinder
M0QYX4,unknown,139.0,1,4,0.0287769784172661,1,LCRFinder
M0R1H0,snoRNA,178.0,3,49,0.2752808988764045,3+,LCRFinder
M0R226,ribosomal protein,184.0,4,24,0.1304347826086956,3+,LCRFinder
O00178,mRNA,669.0,4,25,0.0373692077727952,3+,LCRFinder
O00267,mRNA,1087.0,8,61,0.0561177552897884,3+,LCRFinder
O00410,mRNA,1097.0,5,29,0.0264357338195077,3+,LCRFinder
O00411,mRNA,1230.0,2,12,0.0097560975609756,2,LCRFinder
O00566,snoRNA,681.0,7,45,0.066079295154185,3+,LCRFinder
O00567,snoRNA,594.0,9,76,0.1279461279461279,3+,LCRFinder
O00571,mRNA,662.0,4,45,0.0679758308157099,3+,LCRFinder
O14647,unknown,1828.0,14,92,0.0503282275711159,3+,LCRFinder
O14746,ncRNA,1132.0,4,21,0.0185512367491166,3+,LCRFinder
O14776,mRNA,1098.0,22,215,0.1958105646630236,3+,LCRFinder
O14787,mRNA,897.0,2,19,0.0211817168338907,2,LCRFinder
O14979,mRNA,420.0,4,40,0.0952380952380952,3+,LCRFinder
O15037,mRNA,678.0,5,23,0.0339233038348082,3+,LCRFinder
O15042,snRNA,1029.0,12,112,0.1088435374149659,3+,LCRFinder
O15047,ncRNA,1707.0,28,309,0.1810193321616871,3+,LCRFinder
O15056,unknown,1496.0,3,23,0.0153743315508021,3+,LCRFinder
O15105,ncRNA,426.0,4,24,0.056338028169014,3+,LCRFinder
O15213,snoRNA,610.0,3,14,0.0229508196721311,3+,LCRFinder
O15234,mRNA,703.0,10,71,0.1009957325746799,3+,LCRFinder
O15371,mRNA,548.0,1,15,0.0273722627737226,1,LCRFinder
O15372,mRNA,352.0,5,27,0.0767045454545454,3+,LCRFinder
O15397,ncRNA,1037.0,3,15,0.0144648023143683,3+,LCRFinder
O15446,pre-rRNA,510.0,9,63,0.1235294117647058,3+,LCRFinder
O15455,ncRNA,904.0,2,8,0.0088495575221238,2,LCRFinder
O15504,mRNA,423.0,7,44,0.1040189125295508,3+,LCRFinder
O15523,mRNA,660.0,4,27,0.0409090909090909,3+,LCRFinder
O15541,snRNA,343.0,1,5,0.0145772594752186,1,LCRFinder
O43143,mRNA,795.0,7,44,0.0553459119496855,3+,LCRFinder
O43148,mRNA,476.0,2,9,0.01890756302521,2,LCRFinder
O43159,pre-rRNA,456.0,5,35,0.0767543859649122,3+,LCRFinder
O43251,mRNA,390.0,4,30,0.0769230769230769,3+,LCRFinder
O43290,snRNA,800.0,8,65,0.08125,3+,LCRFinder
O43310,mRNA,598.0,1,9,0.0150501672240802,1,LCRFinder
O43347,mRNA,362.0,1,8,0.0220994475138121,1,LCRFinder
O43390,mRNA,633.0,10,113,0.1785150078988941,3+,LCRFinder
O43395,snRNA,683.0,5,27,0.0395314787701317,3+,LCRFinder
O43426,unknown,1573.0,8,48,0.0305149396058486,3+,LCRFinder
O43432,mRNA,1585.0,14,91,0.0574132492113564,3+,LCRFinder
O43541,ncRNA,496.0,8,49,0.0987903225806451,3+,LCRFinder
O43719,mRNA,755.0,7,40,0.0529801324503311,3+,LCRFinder
O43818,snoRNA,475.0,2,19,0.04,2,LCRFinder
O43823,mRNA,692.0,10,69,0.0997109826589595,3+,LCRFinder
O60231,snRNA,1041.0,11,65,0.0624399615754082,3+,LCRFinder
O60287,pre-rRNA,2271.0,9,45,0.0198150594451783,3+,LCRFinder
O60293,unknown,1989.0,18,145,0.0729009552538964,3+,LCRFinder
O60294,tRNA,686.0,4,21,0.0306122448979591,3+,LCRFinder
O60318,mRNA,1980.0,12,59,0.0297979797979798,3+,LCRFinder
O60506,mRNA,623.0,10,74,0.1187800963081862,3+,LCRFinder
O60518,mRNA,1105.0,2,13,0.0117647058823529,2,LCRFinder
O60522,ncRNA,2096.0,7,38,0.0181297709923664,3+,LCRFinder
O60563,ncRNA,726.0,5,34,0.046831955922865,3+,LCRFinder
O60583,ncRNA,730.0,5,50,0.0684931506849315,3+,LCRFinder
O60603,unknown,784.0,4,20,0.0255102040816326,3+,LCRFinder
O60812,mRNA,293.0,3,22,0.0750853242320819,3+,LCRFinder
O60828,mRNA,265.0,4,20,0.0754716981132075,3+,LCRFinder
O60832,snoRNA,514.0,4,33,0.0642023346303501,3+,LCRFinder
O60841,tRNA,1220.0,15,133,0.1090163934426229,3+,LCRFinder
O60870,snRNA,393.0,5,24,0.0610687022900763,3+,LCRFinder
O60942,mRNA,597.0,3,22,0.0368509212730318,3+,LCRFinder
O75123,unknown,536.0,1,4,0.0074626865671641,1,LCRFinder
O75127,tRNA,700.0,6,34,0.0485714285714285,3+,LCRFinder
O75132,unknown,1171.0,2,10,0.0085397096498719,2,LCRFinder
O75152,mRNA,810.0,7,47,0.0580246913580246,3+,LCRFinder
O75179,unknown,2603.0,33,232,0.0891279293123319,3+,LCRFinder
O75460,mRNA,977.0,5,29,0.029682702149437,3+,LCRFinder
O75475,mRNA,530.0,6,39,0.0735849056603773,3+,LCRFinder
O75494,mRNA,262.0,5,43,0.1641221374045801,3+,LCRFinder
O75525,mRNA,346.0,4,19,0.0549132947976878,3+,LCRFinder
O75526,mRNA,392.0,8,50,0.1275510204081632,3+,LCRFinder
O75533,mRNA,1304.0,7,33,0.0253067484662576,3+,LCRFinder
O75534,mRNA,798.0,1,4,0.0050125313283208,1,LCRFinder
O75607,pre-rRNA,178.0,2,16,0.0898876404494382,2,LCRFinder
O75643,snRNA,2136.0,4,24,0.0112359550561797,3+,LCRFinder
O75691,snoRNA,2785.0,12,66,0.0236983842010772,3+,LCRFinder
O75923,unknown,2080.0,4,22,0.010576923076923,3+,LCRFinder
O94761,unknown,1208.0,5,23,0.0190397350993377,3+,LCRFinder
O94762,unknown,991.0,1,7,0.007063572149344,1,LCRFinder
O94874,unknown,794.0,3,16,0.0201511335012594,3+,LCRFinder
O94886,unknown,807.0,3,16,0.0198265179677819,3+,LCRFinder
O94906,snRNA,941.0,9,42,0.0446333687566418,3+,LCRFinder
O94913,mRNA,1555.0,15,91,0.0585209003215434,3+,LCRFinder
O94992,ncRNA,359.0,6,43,0.1197771587743732,3+,LCRFinder
O95104,mRNA,1147.0,24,229,0.1996512641673932,3+,LCRFinder
O95218,mRNA,330.0,9,110,0.3333333333333333,3+,LCRFinder
O95319,mRNA,508.0,8,52,0.1023622047244094,3+,LCRFinder
O95373,mRNA,1038.0,4,24,0.0231213872832369,3+,LCRFinder
O95391,mRNA,586.0,6,40,0.068259385665529,3+,LCRFinder
O95793,mRNA,577.0,4,22,0.0381282495667244,3+,LCRFinder
P05386,ribosomal protein,114.0,3,20,0.175438596491228,3+,LCRFinder
P05388,ribosomal protein,317.0,2,23,0.0725552050473186,2,LCRFinder
P05455,tRNA,408.0,3,15,0.0367647058823529,3+,LCRFinder
P06748,pre-rRNA,294.0,2,30,0.1020408163265306,2,LCRFinder
P07814,tRNA,1512.0,6,29,0.0191798941798941,3+,LCRFinder
P07910,mRNA,306.0,5,32,0.1045751633986928,3+,LCRFinder
P08621,snRNA,437.0,9,128,0.2929061784897025,3+,LCRFinder
P08865,ribosomal protein,295.0,1,6,0.0203389830508474,1,LCRFinder
P09012,snRNA,282.0,1,7,0.0248226950354609,1,LCRFinder
P09234,snRNA,159.0,4,37,0.2327044025157232,3+,LCRFinder
P09651,mRNA,372.0,8,84,0.2258064516129032,3+,LCRFinder
P09874,mRNA,1014.0,4,21,0.0207100591715976,3+,LCRFinder
P09913,ncRNA,472.0,2,14,0.0296610169491525,2,LCRFinder
P0C7P1,mRNA,496.0,3,18,0.0362903225806451,3+,LCRFinder
P0C7T5,mRNA,689.0,3,17,0.0246734397677793,3+,LCRFinder
P0DJD3,mRNA,496.0,3,18,0.0362903225806451,3+,LCRFinder
P10153,diverse,161.0,1,8,0.0496894409937888,1,LCRFinder
P10155,unknown,538.0,1,5,0.0092936802973977,1,LCRFinder
P11387,unknown,765.0,7,42,0.0549019607843137,3+,LCRFinder
P11940,mRNA,636.0,3,19,0.0298742138364779,3+,LCRFinder
P12270,mRNA,2363.0,20,112,0.0473973762166737,3+,LCRFinder
P12724,diverse,160.0,1,5,0.03125,1,LCRFinder
P13489,diverse,461.0,2,10,0.0216919739696312,2,LCRFinder
P14678,snRNA,240.0,6,35,0.1458333333333333,3+,LCRFinder
P14866,mRNA,589.0,9,56,0.0950764006791171,3+,LCRFinder
P15170,mRNA,499.0,2,9,0.0180360721442885,2,LCRFinder
P15918,unknown,1043.0,1,6,0.0057526366251198,1,LCRFinder
P16989,mRNA,372.0,12,73,0.1962365591397849,3+,LCRFinder
P17039,unknown,623.0,2,14,0.0224719101123595,2,LCRFinder
P17480,pre-rRNA,764.0,7,78,0.1020942408376963,3+,LCRFinder
P18583,mRNA,2426.0,37,280,0.1154163231657048,3+,LCRFinder
P18615,mRNA,380.0,6,71,0.1868421052631579,3+,LCRFinder
P19338,snoRNA,710.0,11,172,0.2422535211267605,3+,LCRFinder
P20042,tRNA,333.0,7,48,0.1441441441441441,3+,LCRFinder
P21128,snoRNA,410.0,1,6,0.0146341463414634,1,LCRFinder
P22087,snRNA,321.0,3,62,0.1931464174454828,3+,LCRFinder
P22626,mRNA,353.0,7,65,0.1841359773371104,3+,LCRFinder
P23246,mRNA,707.0,18,181,0.256011315417256,3+,LCRFinder
P23588,mRNA,611.0,11,65,0.1063829787234042,3+,LCRFinder
P25311,unknown,298.0,1,8,0.0268456375838926,1,LCRFinder
P26358,ncRNA,1616.0,6,46,0.0284653465346534,3+,LCRFinder
P26368,mRNA,475.0,7,44,0.0926315789473684,3+,LCRFinder
P26599,mRNA,557.0,4,22,0.0394973070017953,3+,LCRFinder
P26639,tRNA,723.0,3,13,0.0179806362378976,3+,LCRFinder
P26640,tRNA,1264.0,7,49,0.0387658227848101,3+,LCRFinder
P26651,mRNA,326.0,6,28,0.0858895705521472,3+,LCRFinder
P27824,unknown,592.0,5,36,0.0608108108108108,3+,LCRFinder
P29558,mRNA,406.0,1,5,0.0123152709359605,1,LCRFinder
P29692,tRNA,281.0,1,6,0.0213523131672597,1,LCRFinder
P31942,mRNA,346.0,7,36,0.1040462427745664,3+,LCRFinder
P31943,mRNA,449.0,3,24,0.0534521158129175,3+,LCRFinder
P33240,mRNA,577.0,1,5,0.0086655112651646,1,LCRFinder
P35269,mRNA,517.0,7,56,0.1083172147001934,3+,LCRFinder
P35637,mRNA,526.0,16,187,0.3555133079847908,3+,LCRFinder
P36776,diverse,959.0,5,33,0.0344108446298227,3+,LCRFinder
P37108,ncRNA,136.0,3,33,0.2426470588235294,3+,LCRFinder
P38159,mRNA,391.0,11,83,0.2122762148337595,3+,LCRFinder
P38398,ncRNA,1863.0,5,23,0.0123456790123456,3+,LCRFinder
P38935,tRNA,993.0,2,9,0.0090634441087613,2,LCRFinder
P41214,tRNA,584.0,1,5,0.0085616438356164,1,LCRFinder
P41250,tRNA,739.0,2,14,0.0189445196211096,2,LCRFinder
P42694,mRNA,1942.0,12,58,0.0298661174047373,3+,LCRFinder
P42696,mRNA,430.0,3,17,0.0395348837209302,3+,LCRFinder
P42704,mRNA,1394.0,4,19,0.0136298421807747,3+,LCRFinder
P43243,mRNA,847.0,6,32,0.037780401416765,3+,LCRFinder
P46087,pre-rRNA,812.0,4,24,0.0295566502463054,3+,LCRFinder
P46100,unknown,2492.0,31,225,0.0902889245585874,3+,LCRFinder
P46781,ribosomal protein,194.0,1,4,0.0206185567010309,1,LCRFinder
P47914,ribosomal protein,159.0,2,19,0.1194968553459119,2,LCRFinder
P47974,mRNA,494.0,13,104,0.2105263157894736,3+,LCRFinder
P49756,mRNA,843.0,17,193,0.228944246737841,3+,LCRFinder
P49760,mRNA,499.0,7,53,0.1062124248496994,3+,LCRFinder
P49761,mRNA,490.0,4,26,0.0530612244897959,3+,LCRFinder
P49790,diverse,1475.0,21,133,0.0901694915254237,3+,LCRFinder
P49792,mRNA,3224.0,11,52,0.0161290322580645,3+,LCRFinder
P50914,ribosomal protein,215.0,4,28,0.1302325581395348,3+,LCRFinder
P51114,mRNA,621.0,5,46,0.074074074074074,3+,LCRFinder
P51116,mRNA,673.0,7,58,0.0861812778603269,3+,LCRFinder
P51513,mRNA,507.0,6,38,0.0749506903353057,3+,LCRFinder
P51531,unknown,1590.0,19,172,0.1081761006289308,3+,LCRFinder
P51608,mRNA,486.0,6,55,0.1131687242798353,3+,LCRFinder
P51825,mRNA,1210.0,15,130,0.1074380165289256,3+,LCRFinder
P51843,mRNA,470.0,1,6,0.0127659574468085,1,LCRFinder
P51991,mRNA,378.0,11,94,0.2486772486772486,3+,LCRFinder
P52272,mRNA,730.0,7,45,0.0616438356164383,3+,LCRFinder
P52594,mRNA,562.0,7,48,0.0854092526690391,3+,LCRFinder
P52756,mRNA,815.0,8,56,0.0687116564417178,3+,LCRFinder
P52815,ribosomal protein,198.0,1,4,0.0202020202020202,1,LCRFinder
P52824,unknown,942.0,4,21,0.0222929936305732,3+,LCRFinder
P53999,mRNA,127.0,2,14,0.1102362204724409,2,LCRFinder
P54253,mRNA,815.0,6,55,0.0674846625766871,3+,LCRFinder
P55010,mRNA,431.0,4,24,0.0556844547563805,3+,LCRFinder
P55199,snRNA,621.0,1,6,0.0096618357487922,1,LCRFinder
P55265,mRNA,1226.0,1,5,0.0040783034257748,1,LCRFinder
P55795,mRNA,449.0,3,24,0.0534521158129175,3+,LCRFinder
P55884,mRNA,814.0,7,41,0.0503685503685503,3+,LCRFinder
P56182,pre-rRNA,461.0,4,25,0.054229934924078,3+,LCRFinder
P56192,tRNA,900.0,2,8,0.0088888888888888,2,LCRFinder
P56270,unknown,477.0,7,100,0.2096436058700209,3+,LCRFinder
P57052,mRNA,281.0,5,23,0.0818505338078291,3+,LCRFinder
P60323,mRNA,173.0,3,13,0.0751445086705202,3+,LCRFinder
P61129,unknown,1189.0,11,68,0.0571909167367535,3+,LCRFinder
P61978,mRNA,463.0,7,52,0.1123110151187904,3+,LCRFinder
P62306,snRNA,86.0,1,5,0.0581395348837209,1,LCRFinder
P62314,snRNA,119.0,1,23,0.1932773109243697,1,LCRFinder
P62318,snRNA,126.0,1,6,0.0476190476190476,1,LCRFinder
P62633,mRNA,177.0,2,12,0.0677966101694915,2,LCRFinder
P62750,ribosomal protein,156.0,3,16,0.1025641025641025,3+,LCRFinder
P62851,ribosomal protein,125.0,3,13,0.104,3+,LCRFinder
P62861,ribosomal protein,133.0,1,5,0.037593984962406,1,LCRFinder
P62906,ribosomal protein,217.0,2,14,0.064516129032258,2,LCRFinder
P62995,mRNA,288.0,7,81,0.28125,3+,LCRFinder
P63162,snRNA,240.0,6,29,0.1208333333333333,3+,LCRFinder
P67809,mRNA,324.0,8,56,0.1728395061728395,3+,LCRFinder
P78316,pre-rRNA,857.0,5,26,0.0303383897316219,3+,LCRFinder
P78332,mRNA,1123.0,17,104,0.0926090828138913,3+,LCRFinder
P78344,mRNA,907.0,3,19,0.0209481808158765,3+,LCRFinder
P78362,mRNA,688.0,7,51,0.0741279069767441,3+,LCRFinder
P78563,mRNA,741.0,4,19,0.0256410256410256,3+,LCRFinder
P79522,unknown,188.0,1,4,0.0212765957446808,1,LCRFinder
P82663,ribosomal protein,173.0,1,5,0.0289017341040462,1,LCRFinder
P82675,ribosomal protein,430.0,2,10,0.0232558139534883,2,LCRFinder
P82914,ribosomal protein,257.0,2,10,0.0389105058365758,2,LCRFinder
P82979,mRNA,210.0,2,15,0.0714285714285714,2,LCRFinder
P84103,mRNA,164.0,2,33,0.2012195121951219,2,LCRFinder
P98175,mRNA,930.0,7,43,0.0462365591397849,3+,LCRFinder
P98179,mRNA,157.0,3,16,0.1019108280254777,3+,LCRFinder
Q00341,mRNA,1268.0,2,8,0.0063091482649842,2,LCRFinder
Q00577,mRNA,322.0,3,44,0.1366459627329192,3+,LCRFinder
Q00839,mRNA,825.0,14,119,0.1442424242424242,3+,LCRFinder
Q01081,mRNA,240.0,3,30,0.125,3+,LCRFinder
Q01130,mRNA,221.0,4,85,0.3846153846153846,3+,LCRFinder
Q01844,unknown,656.0,15,178,0.2713414634146341,3+,LCRFinder
Q02040,mRNA,695.0,10,81,0.116546762589928,3+,LCRFinder
Q02878,ribosomal protein,288.0,3,13,0.0451388888888888,3+,LCRFinder
Q03468,unknown,1493.0,8,52,0.0348292029470864,3+,LCRFinder
Q03701,pre-rRNA,1054.0,7,42,0.0398481973434535,3+,LCRFinder
Q04637,mRNA,1599.0,14,99,0.0619136960600375,3+,LCRFinder
Q05481,unknown,1191.0,1,4,0.0033585222502099,1,LCRFinder
Q05519,mRNA,484.0,13,127,0.262396694214876,3+,LCRFinder
Q06265,diverse,439.0,2,16,0.0364464692482915,2,LCRFinder
Q06787,mRNA,632.0,2,15,0.0237341772151898,2,LCRFinder
Q07352,mRNA,338.0,2,13,0.0384615384615384,2,LCRFinder
Q07666,mRNA,443.0,6,49,0.110609480812641,3+,LCRFinder
Q07864,unknown,2286.0,2,12,0.0052493438320209,2,LCRFinder
Q07955,mRNA,248.0,4,40,0.1612903225806451,3+,LCRFinder
Q08170,mRNA,494.0,14,148,0.2995951417004048,3+,LCRFinder
Q08211,ncRNA,1270.0,5,31,0.0244094488188976,3+,LCRFinder
Q08AF3,unknown,891.0,1,7,0.0078563411896745,1,LCRFinder
Q09161,mRNA,790.0,3,16,0.020253164556962,3+,LCRFinder
Q12788,snoRNA,808.0,3,12,0.0148514851485148,3+,LCRFinder
Q12849,mRNA,480.0,4,28,0.0583333333333333,3+,LCRFinder
Q12872,mRNA,951.0,23,168,0.1766561514195583,3+,LCRFinder
Q12874,snRNA,501.0,2,24,0.0479041916167664,2,LCRFinder
Q12904,tRNA,312.0,4,23,0.0737179487179487,3+,LCRFinder
Q12905,mRNA,390.0,4,26,0.0666666666666666,3+,LCRFinder
Q12906,mRNA,894.0,11,99,0.110738255033557,3+,LCRFinder
Q12972,diverse,351.0,3,17,0.0484330484330484,3+,LCRFinder
Q12986,mRNA,1120.0,2,10,0.0089285714285714,2,LCRFinder
Q13064,mRNA,507.0,4,19,0.0374753451676528,3+,LCRFinder
Q13117,mRNA,558.0,1,5,0.0089605734767025,1,LCRFinder
Q13148,mRNA,414.0,4,34,0.0821256038647343,3+,LCRFinder
Q13151,mRNA,305.0,9,90,0.2950819672131147,3+,LCRFinder
Q13243,mRNA,272.0,5,59,0.2169117647058823,3+,LCRFinder
Q13247,mRNA,344.0,8,97,0.2819767441860465,3+,LCRFinder
Q13283,mRNA,466.0,5,46,0.0987124463519313,3+,LCRFinder
Q13310,mRNA,644.0,4,22,0.0341614906832298,3+,LCRFinder
Q13325,tRNA,482.0,2,9,0.0186721991701244,2,LCRFinder
Q13360,unknown,481.0,1,5,0.0103950103950103,1,LCRFinder
Q13395,mRNA,1621.0,10,51,0.0314620604565083,3+,LCRFinder
Q13428,pre-rRNA,1488.0,32,229,0.1538978494623656,3+,LCRFinder
Q13435,mRNA,895.0,18,122,0.1363128491620111,3+,LCRFinder
Q13485,ncRNA,552.0,3,21,0.0380434782608695,3+,LCRFinder
Q13523,snRNA,1007.0,14,158,0.1569016881827209,3+,LCRFinder
Q13573,mRNA,536.0,2,13,0.0242537313432835,2,LCRFinder
Q13595,mRNA,282.0,5,72,0.2553191489361702,3+,LCRFinder
Q13601,snoRNA,381.0,2,14,0.0367454068241469,2,LCRFinder
Q13823,pre-rRNA,731.0,4,21,0.0287277701778385,3+,LCRFinder
Q13825,mRNA,339.0,4,24,0.0707964601769911,3+,LCRFinder
Q14011,mRNA,172.0,5,27,0.1569767441860465,3+,LCRFinder
Q14103,mRNA,355.0,7,49,0.1380281690140845,3+,LCRFinder
Q14137,pre-rRNA,746.0,6,39,0.0522788203753351,3+,LCRFinder
Q14146,pre-rRNA,1524.0,5,27,0.0177165354330708,3+,LCRFinder
Q14147,mRNA,1143.0,5,23,0.0201224846894138,3+,LCRFinder
Q14151,mRNA,953.0,18,129,0.1353620146904512,3+,LCRFinder
Q14152,mRNA,1382.0,28,216,0.1562952243125904,3+,LCRFinder
Q14157,mRNA,1087.0,16,145,0.1333946642134314,3+,LCRFinder
Q14204,mRNA,4646.0,4,17,0.0036590615583297,3+,LCRFinder
Q14249,diverse,297.0,4,26,0.0875420875420875,3+,LCRFinder
Q14296,mRNA,549.0,3,22,0.0400728597449908,3+,LCRFinder
Q14444,mRNA,709.0,5,45,0.0634696755994358,3+,LCRFinder
Q14498,mRNA,530.0,7,55,0.1037735849056603,3+,LCRFinder
Q14562,mRNA,1220.0,4,40,0.0327868852459016,3+,LCRFinder
Q14671,mRNA,1186.0,17,131,0.1104553119730185,3+,LCRFinder
Q14684,pre-rRNA,758.0,5,24,0.0316622691292876,3+,LCRFinder
Q14690,snoRNA,1871.0,5,24,0.0128273650454302,3+,LCRFinder
Q14692,pre-rRNA,1282.0,14,89,0.0694227769110764,3+,LCRFinder
Q14694,mRNA,798.0,3,15,0.018796992481203,3+,LCRFinder
Q14764,ncRNA,893.0,7,32,0.0358342665173572,3+,LCRFinder
Q14839,unknown,1912.0,18,133,0.0695606694560669,3+,LCRFinder
Q14966,mRNA,1978.0,12,80,0.0404448938321536,3+,LCRFinder
Q14974,mRNA,876.0,3,17,0.0194063926940639,3+,LCRFinder
Q15007,mRNA,396.0,3,13,0.0328282828282828,3+,LCRFinder
Q15020,snRNA,963.0,4,28,0.0290758047767393,3+,LCRFinder
Q15022,ncRNA,739.0,5,53,0.0717185385656292,3+,LCRFinder
Q15029,tRNA,972.0,1,8,0.0082304526748971,1,LCRFinder
Q15032,unknown,1099.0,13,80,0.0727934485896269,3+,LCRFinder
Q15050,pre-rRNA,365.0,2,9,0.0246575342465753,2,LCRFinder
Q15056,mRNA,248.0,2,14,0.0564516129032258,2,LCRFinder
Q15061,pre-rRNA,677.0,4,33,0.0487444608567208,3+,LCRFinder
Q15233,ncRNA,471.0,5,66,0.1401273885350318,3+,LCRFinder
Q15269,snoRNA,919.0,2,14,0.015233949945593,2,LCRFinder
Q15287,mRNA,305.0,7,130,0.4262295081967213,3+,LCRFinder
Q15397,mRNA,648.0,2,10,0.015432098765432,2,LCRFinder
Q15415,mRNA,496.0,3,18,0.0362903225806451,3+,LCRFinder
Q15424,mRNA,915.0,14,89,0.0972677595628415,3+,LCRFinder
Q15427,mRNA,424.0,10,89,0.2099056603773585,3+,LCRFinder
Q15428,snRNA,464.0,7,54,0.1163793103448275,3+,LCRFinder
Q15459,snRNA,793.0,12,83,0.1046658259773013,3+,LCRFinder
Q15477,mRNA,1246.0,5,28,0.0224719101123595,3+,LCRFinder
Q15633,mRNA,366.0,3,16,0.0437158469945355,3+,LCRFinder
Q15637,mRNA,639.0,14,117,0.1830985915492957,3+,LCRFinder
Q15696,mRNA,482.0,6,66,0.1369294605809128,3+,LCRFinder
Q15797,ncRNA,465.0,2,11,0.0236559139784946,2,LCRFinder
Q15910,ncRNA,746.0,3,24,0.032171581769437,3+,LCRFinder
Q16560,snRNA,246.0,4,27,0.1097560975609756,3+,LCRFinder
Q16587,unknown,644.0,2,13,0.0201863354037267,2,LCRFinder
Q16594,snoRNA,264.0,2,15,0.0568181818181818,2,LCRFinder
Q16600,unknown,458.0,1,6,0.0131004366812227,1,LCRFinder
Q16629,mRNA,238.0,6,67,0.2815126050420168,3+,LCRFinder
Q16630,mRNA,551.0,14,105,0.190562613430127,3+,LCRFinder
Q16637,snRNA,294.0,4,30,0.1020408163265306,3+,LCRFinder
Q17RN3,unknown,349.0,2,13,0.0372492836676217,2,LCRFinder
Q17RY0,mRNA,729.0,7,52,0.0713305898491083,3+,LCRFinder
Q1KMD3,mRNA,747.0,10,91,0.1218206157965194,3+,LCRFinder
Q2NKX8,unknown,1250.0,3,16,0.0128,3+,LCRFinder
Q2NL82,pre-rRNA,804.0,2,9,0.0111940298507462,2,LCRFinder
Q2Q1W2,ncRNA,868.0,8,62,0.0714285714285714,3+,LCRFinder
Q2TBE0,mRNA,894.0,7,49,0.0548098434004474,3+,LCRFinder
Q2WGJ9,unknown,1857.0,9,50,0.0269251480883144,3+,LCRFinder
Q32MZ4,ncRNA,808.0,7,39,0.0482673267326732,3+,LCRFinder
Q32P51,mRNA,320.0,5,37,0.115625,3+,LCRFinder
Q3L8U1,unknown,2897.0,15,150,0.0517777010700724,3+,LCRFinder
Q460N5,unknown,1801.0,3,14,0.0077734591893392,3+,LCRFinder
Q4G0J3,ncRNA,582.0,4,25,0.0429553264604811,3+,LCRFinder
Q4ZG55,unknown,1949.0,7,38,0.0194971780400205,3+,LCRFinder
Q504Q3,mRNA,1202.0,3,15,0.0124792013311148,3+,LCRFinder
Q52LJ0,tRNA,433.0,4,93,0.2147806004618937,3+,LCRFinder
Q53F19,unknown,620.0,3,33,0.0532258064516129,3+,LCRFinder
Q53GL7,unknown,1025.0,6,28,0.0273170731707317,3+,LCRFinder
Q53GS9,snRNA,565.0,3,13,0.0230088495575221,3+,LCRFinder
Q53H54,tRNA,448.0,2,9,0.0200892857142857,2,LCRFinder
Q53R41,mRNA,847.0,1,4,0.0047225501770956,1,LCRFinder
Q58A45,mRNA,887.0,7,74,0.0834272829763247,3+,LCRFinder
Q5C9Z4,pre-rRNA,860.0,9,55,0.063953488372093,3+,LCRFinder
Q5D1E8,ncRNA,599.0,3,24,0.0400667779632721,3+,LCRFinder
Q5FWF4,unknown,1079.0,1,4,0.0037071362372567,1,LCRFinder
Q5GAN6,unknown,216.0,1,15,0.0694444444444444,1,LCRFinder
Q5H9U9,ncRNA,1706.0,6,30,0.0175849941383352,3+,LCRFinder
Q5JSJ4,mRNA,861.0,1,5,0.0058072009291521,1,LCRFinder
Q5JTH9,pre-rRNA,1297.0,6,38,0.0292983808789514,3+,LCRFinder
Q5JTZ9,tRNA,985.0,2,21,0.0213197969543147,2,LCRFinder
Q5JVS0,mRNA,413.0,6,70,0.1694915254237288,3+,LCRFinder
Q5PRF9,mRNA,694.0,6,34,0.0489913544668587,3+,LCRFinder
Q5QJE6,pre-rRNA,756.0,3,21,0.0277777777777777,3+,LCRFinder
Q5QPL9,mRNA,237.0,2,30,0.1265822784810126,2,LCRFinder
Q5RKV6,diverse,272.0,5,41,0.150735294117647,3+,LCRFinder
Q5ST30,tRNA,1063.0,2,8,0.0075258701787394,2,LCRFinder
Q5SY16,pre-rRNA,702.0,4,20,0.0284900284900284,3+,LCRFinder
Q5SZQ8,mRNA,465.0,4,43,0.0924731182795698,3+,LCRFinder
Q5T200,unknown,1668.0,34,278,0.1666666666666666,3+,LCRFinder
Q5T481,mRNA,1227.0,9,52,0.0423797881010594,3+,LCRFinder
Q5T5J6,mRNA,900.0,2,12,0.0133333333333333,2,LCRFinder
Q5T619,unknown,568.0,1,6,0.0105633802816901,1,LCRFinder
Q5T6F2,mRNA,1119.0,12,80,0.0714924039320822,3+,LCRFinder
Q5T760,mRNA,491.0,13,130,0.2647657841140529,3+,LCRFinder
Q5T7N2,mRNA,865.0,9,56,0.0647398843930635,3+,LCRFinder
Q5T890,unknown,1561.0,3,15,0.0096092248558616,3+,LCRFinder
Q5T8P6,mRNA,1007.0,17,119,0.1181727904667328,3+,LCRFinder
Q5T9H5,mRNA,84.0,1,9,0.1071428571428571,1,LCRFinder
Q5TAP6,snoRNA,766.0,4,25,0.0326370757180156,3+,LCRFinder
Q5TAX3,ncRNA,1644.0,7,36,0.0218978102189781,3+,LCRFinder
Q5TC82,mRNA,1133.0,2,11,0.0097087378640776,2,LCRFinder
Q5U5Q3,mRNA,659.0,14,119,0.180576631259484,3+,LCRFinder
Q5VTL8,snRNA,546.0,15,112,0.2051282051282051,3+,LCRFinder
Q5VUG0,unknown,894.0,9,45,0.0503355704697986,3+,LCRFinder
Q5VV67,mRNA,1664.0,16,151,0.0907451923076923,3+,LCRFinder
Q5VWX1,mRNA,349.0,5,40,0.1146131805157593,3+,LCRFinder
Q5VYS8,ncRNA,1495.0,5,34,0.0227424749163879,3+,LCRFinder
Q5VZF2,mRNA,373.0,1,12,0.032171581769437,1,LCRFinder
Q5W0B1,unknown,726.0,8,38,0.0523415977961432,3+,LCRFinder
Q5XG87,diverse,792.0,14,91,0.1148989898989899,3+,LCRFinder
Q659C4,mRNA,914.0,3,26,0.0284463894967177,3+,LCRFinder
Q66PJ3,mRNA,237.0,3,53,0.2236286919831223,3+,LCRFinder
Q69YN4,mRNA,1812.0,19,150,0.0827814569536423,3+,LCRFinder
Q6BEB4,unknown,398.0,5,37,0.092964824120603,3+,LCRFinder
Q6IPR3,tRNA,259.0,1,5,0.0193050193050193,1,LCRFinder
Q6L8Q7,mRNA,609.0,2,15,0.0246305418719211,2,LCRFinder
Q6NZI2,pre-rRNA,390.0,3,21,0.0538461538461538,3+,LCRFinder
Q6P087,mRNA,351.0,1,10,0.0284900284900284,1,LCRFinder
Q6P158,mRNA,1386.0,4,34,0.0245310245310245,3+,LCRFinder
Q6P2E9,mRNA,1401.0,10,66,0.0471092077087794,3+,LCRFinder
Q6P2Q9,snRNA,2335.0,4,20,0.0085653104925053,3+,LCRFinder
Q6P6C2,mRNA,394.0,1,19,0.0482233502538071,1,LCRFinder
Q6P9B9,snRNA,1019.0,15,93,0.0912659470068694,3+,LCRFinder
Q6PI26,snoRNA,577.0,3,29,0.0502599653379549,3+,LCRFinder
Q6PIY7,mRNA,484.0,1,4,0.0082644628099173,1,LCRFinder
Q6PJT7,mRNA,736.0,4,20,0.0271739130434782,3+,LCRFinder
Q6PKG0,mRNA,1096.0,9,66,0.0602189781021897,3+,LCRFinder
Q6R2W3,unknown,1325.0,4,21,0.0158490566037735,3+,LCRFinder
Q6UX04,mRNA,472.0,5,29,0.0614406779661017,3+,LCRFinder
Q6XE24,mRNA,437.0,3,19,0.0434782608695652,3+,LCRFinder
Q6ZN04,mRNA,569.0,9,87,0.1528998242530755,3+,LCRFinder
Q6ZN17,mRNA,250.0,1,6,0.024,1,LCRFinder
Q6ZP01,mRNA,1051.0,2,9,0.0085632730732635,2,LCRFinder
Q6ZRS2,unknown,3230.0,60,415,0.1284829721362229,3+,LCRFinder
Q6ZRY4,mRNA,209.0,1,5,0.0239234449760765,1,LCRFinder
Q76FK4,pre-rRNA,1167.0,8,53,0.0454155955441302,3+,LCRFinder
Q76MJ5,mRNA,926.0,1,5,0.0053995680345572,1,LCRFinder
Q7KZ85,mRNA,1726.0,11,98,0.0567786790266512,3+,LCRFinder
Q7KZF4,mRNA,910.0,3,17,0.0186813186813186,3+,LCRFinder
Q7L2E3,mRNA,1194.0,8,50,0.0418760469011725,3+,LCRFinder
Q7L2H7,mRNA,374.0,1,5,0.0133689839572192,1,LCRFinder
Q7L2J0,ncRNA,689.0,13,70,0.1015965166908563,3+,LCRFinder
Q7L775,unknown,607.0,1,4,0.0065897858319604,1,LCRFinder
Q7Z2T5,tRNA,733.0,3,20,0.0272851296043656,3+,LCRFinder
Q7Z2W4,mRNA,902.0,2,12,0.0133037694013303,2,LCRFinder
Q7Z333,mRNA,2677.0,8,47,0.0175569667538289,3+,LCRFinder
Q7Z417,mRNA,695.0,4,50,0.0719424460431654,3+,LCRFinder
Q7Z478,mRNA,1369.0,8,50,0.0365230094959824,3+,LCRFinder
Q7Z4G4,tRNA,463.0,1,4,0.0086393088552915,1,LCRFinder
Q7Z570,unknown,1209.0,5,36,0.0297766749379652,3+,LCRFinder
Q7Z5Q1,mRNA,589.0,4,36,0.0611205432937181,3+,LCRFinder
Q7Z6E9,mRNA,1792.0,30,213,0.1188616071428571,3+,LCRFinder
Q7Z6J9,tRNA,526.0,4,19,0.0361216730038022,3+,LCRFinder
Q7Z6M4,pre-rRNA,381.0,4,32,0.0839895013123359,3+,LCRFinder
Q7Z739,mRNA,585.0,8,51,0.0871794871794871,3+,LCRFinder
Q7Z7A3,tRNA,348.0,4,21,0.0603448275862069,3+,LCRFinder
Q7Z7H8,ribosomal protein,261.0,2,9,0.0344827586206896,2,LCRFinder
Q86SE8,pre-rRNA,214.0,3,30,0.1401869158878504,3+,LCRFinder
Q86SG3,mRNA,579.0,2,10,0.0172711571675302,2,LCRFinder
Q86TB9,mRNA,770.0,6,31,0.0402597402597402,3+,LCRFinder
Q86TG7,unknown,708.0,5,46,0.0649717514124293,3+,LCRFinder
Q86U06,mRNA,439.0,5,52,0.1184510250569476,3+,LCRFinder
Q86U38,pre-rRNA,636.0,3,19,0.0298742138364779,3+,LCRFinder
Q86U42,mRNA,306.0,5,47,0.15359477124183,3+,LCRFinder
Q86U90,tRNA,279.0,2,11,0.039426523297491,2,LCRFinder
Q86US8,mRNA,1419.0,10,60,0.0422832980972515,3+,LCRFinder
Q86VM9,mRNA,953.0,20,240,0.2518363064008394,3+,LCRFinder
Q86XI8,unknown,627.0,1,7,0.011164274322169,1,LCRFinder
Q86XN8,mRNA,651.0,13,93,0.1428571428571428,3+,LCRFinder
Q86XP3,mRNA,938.0,7,36,0.0383795309168443,3+,LCRFinder
Q86XZ4,mRNA,545.0,2,14,0.0256880733944954,2,LCRFinder
Q86Y13,mRNA,1208.0,7,36,0.0298013245033112,3+,LCRFinder
Q86YF9,mRNA,867.0,6,35,0.0403690888119953,3+,LCRFinder
Q86YN6,unknown,1023.0,13,100,0.0977517106549364,3+,LCRFinder
Q8IWR0,unknown,971.0,3,15,0.015447991761071,3+,LCRFinder
Q8IWX8,mRNA,916.0,18,152,0.1659388646288209,3+,LCRFinder
Q8IWZ3,unknown,2542.0,21,124,0.048780487804878,3+,LCRFinder
Q8IWZ8,mRNA,645.0,4,24,0.0372093023255813,3+,LCRFinder
Q8IX01,mRNA,1082.0,3,15,0.0138632162661737,3+,LCRFinder
Q8IX12,mRNA,1150.0,22,173,0.1504347826086956,3+,LCRFinder
Q8IXM6,unknown,262.0,4,22,0.0839694656488549,3+,LCRFinder
Q8IXT5,mRNA,1001.0,18,148,0.1478521478521478,3+,LCRFinder
Q8IXZ2,mRNA,948.0,13,87,0.0917721518987341,3+,LCRFinder
Q8IY21,ncRNA,1712.0,3,14,0.0081775700934579,3+,LCRFinder
Q8IY37,snoRNA,1157.0,11,74,0.0639585133967156,3+,LCRFinder
Q8IY81,pre-rRNA,847.0,8,52,0.0613931523022432,3+,LCRFinder
Q8IYB3,mRNA,904.0,32,350,0.3871681415929203,3+,LCRFinder
Q8IYL2,tRNA,757.0,3,15,0.0198150594451783,3+,LCRFinder
Q8IYY4,mRNA,767.0,9,49,0.0638852672750977,3+,LCRFinder
Q8IZD0,unknown,417.0,3,15,0.0359712230215827,3+,LCRFinder
Q8IZD4,mRNA,617.0,2,15,0.0243111831442463,2,LCRFinder
Q8IZH2,diverse,1706.0,2,15,0.0087924970691676,2,LCRFinder
Q8N163,mRNA,923.0,10,58,0.0628385698808234,3+,LCRFinder
Q8N1G1,pre-rRNA,1221.0,11,69,0.0565110565110565,3+,LCRFinder
Q8N1G4,unknown,583.0,7,34,0.0583190394511149,3+,LCRFinder
Q8N1W1,mRNA,1705.0,11,68,0.039882697947214,3+,LCRFinder
Q8N201,snRNA,2190.0,12,71,0.0324200913242009,3+,LCRFinder
Q8N2A8,ncRNA,252.0,3,20,0.0793650793650793,3+,LCRFinder
Q8N2M8,mRNA,674.0,19,195,0.2893175074183976,3+,LCRFinder
Q8N3Z6,diverse,543.0,3,17,0.0313075506445672,3+,LCRFinder
Q8N5A5,unknown,531.0,3,18,0.0338983050847457,3+,LCRFinder
Q8N5P1,unknown,291.0,3,16,0.0549828178694158,3+,LCRFinder
Q8N5X7,mRNA,224.0,2,18,0.0803571428571428,2,LCRFinder
Q8N5Y2,ncRNA,521.0,3,25,0.0479846449136276,3+,LCRFinder
Q8N684,mRNA,471.0,5,48,0.1019108280254777,3+,LCRFinder
Q8N6W0,mRNA,485.0,2,13,0.0268041237113402,2,LCRFinder
Q8N7X1,mRNA,1067.0,25,140,0.1312089971883786,3+,LCRFinder
Q8N8A6,pre-rRNA,666.0,6,35,0.0525525525525525,3+,LCRFinder
Q8N8D1,snRNA,485.0,13,90,0.1855670103092783,3+,LCRFinder
Q8N8Q3,tRNA,282.0,1,4,0.0141843971631205,1,LCRFinder
Q8N8U3,unknown,475.0,3,13,0.0273684210526315,3+,LCRFinder
Q8N9N8,mRNA,165.0,1,8,0.0484848484848484,1,LCRFinder
Q8NAF0,unknown,562.0,11,84,0.1494661921708185,3+,LCRFinder
Q8NAT2,ncRNA,981.0,2,12,0.0122324159021406,2,LCRFinder
Q8NAV1,snRNA,312.0,4,52,0.1666666666666666,3+,LCRFinder
Q8NBJ9,ncRNA,832.0,4,23,0.0276442307692307,3+,LCRFinder
Q8NC26,unknown,417.0,1,6,0.014388489208633,1,LCRFinder
Q8NC51,mRNA,408.0,7,62,0.1519607843137254,3+,LCRFinder
Q8ND04,mRNA,991.0,5,28,0.0282542885973763,3+,LCRFinder
Q8NDF8,diverse,572.0,7,36,0.0629370629370629,3+,LCRFinder
Q8NDV7,mRNA,1962.0,23,162,0.0825688073394495,3+,LCRFinder
Q8NE18,pre-rRNA,718.0,1,5,0.0069637883008356,1,LCRFinder
Q8NE35,mRNA,698.0,10,94,0.1346704871060172,3+,LCRFinder
Q8NE71,mRNA,845.0,12,107,0.1266272189349112,3+,LCRFinder
Q8NHU6,mRNA,1098.0,1,4,0.0036429872495446,1,LCRFinder
Q8NI27,mRNA,1593.0,16,94,0.0590081607030759,3+,LCRFinder
Q8TA86,snRNA,221.0,4,29,0.1312217194570135,3+,LCRFinder
Q8TAD8,ncRNA,396.0,5,25,0.0631313131313131,3+,LCRFinder
Q8TB72,mRNA,1066.0,18,132,0.123827392120075,3+,LCRFinder
Q8TBF4,snRNA,217.0,3,25,0.1152073732718894,3+,LCRFinder
Q8TBY0,mRNA,533.0,1,4,0.0075046904315197,1,LCRFinder
Q8TBZ6,tRNA,339.0,2,11,0.0324483775811209,2,LCRFinder
Q8TBZ8,unknown,553.0,2,10,0.0180831826401446,2,LCRFinder
Q8TC59,ncRNA,973.0,2,13,0.013360739979445,2,LCRFinder
Q8TC92,mRNA,643.0,4,24,0.0373250388802488,3+,LCRFinder
Q8TD26,mRNA,2715.0,14,86,0.0316758747697974,3+,LCRFinder
Q8TDD1,pre-rRNA,881.0,8,37,0.0419977298524404,3+,LCRFinder
Q8TDE3,diverse,154.0,1,6,0.0389610389610389,1,LCRFinder
Q8TDG4,unknown,1101.0,3,14,0.0127157129881925,3+,LCRFinder
Q8TDI0,unknown,1954.0,16,115,0.0588536335721596,3+,LCRFinder
Q8TE96,mRNA,717.0,3,14,0.0195258019525801,3+,LCRFinder
Q8TEQ6,snRNA,1508.0,7,38,0.0251989389920424,3+,LCRFinder
Q8TEX9,mRNA,1081.0,20,111,0.1026827012025902,3+,LCRFinder
Q8WU90,unknown,426.0,4,31,0.0727699530516431,3+,LCRFinder
Q8WUA2,mRNA,492.0,8,51,0.1036585365853658,3+,LCRFinder
Q8WUQ7,mRNA,758.0,10,94,0.1240105540897097,3+,LCRFinder
Q8WVK2,snRNA,155.0,4,62,0.4,3+,LCRFinder
Q8WVV9,mRNA,542.0,2,15,0.0276752767527675,2,LCRFinder
Q8WW27,mRNA,367.0,1,8,0.0217983651226158,1,LCRFinder
Q8WWH5,tRNA,349.0,3,21,0.0601719197707736,3+,LCRFinder
Q8WWM7,mRNA,1075.0,17,102,0.0948837209302325,3+,LCRFinder
Q8WWY3,snRNA,499.0,2,13,0.0260521042084168,2,LCRFinder
Q8WXA9,mRNA,508.0,13,94,0.1850393700787401,3+,LCRFinder
Q8WXF0,mRNA,261.0,4,23,0.0881226053639846,3+,LCRFinder
Q8WXF1,ncRNA,523.0,11,69,0.1319311663479923,3+,LCRFinder
Q8WYQ5,ncRNA,773.0,1,4,0.0051746442432082,1,LCRFinder
Q8WYQ9,unknown,949.0,10,77,0.0811380400421496,3+,LCRFinder
Q92540,mRNA,1137.0,7,47,0.0413368513632365,3+,LCRFinder
Q92615,mRNA,738.0,7,33,0.0447154471544715,3+,LCRFinder
Q92620,mRNA,1227.0,11,57,0.0464547677261613,3+,LCRFinder
Q92664,pre-rRNA,365.0,1,6,0.0164383561643835,1,LCRFinder
Q92667,mRNA,903.0,4,18,0.0199335548172757,3+,LCRFinder
Q92797,mRNA,1274.0,4,29,0.0227629513343799,3+,LCRFinder
Q92879,mRNA,486.0,6,56,0.1152263374485596,3+,LCRFinder
Q92900,mRNA,1129.0,2,30,0.0265721877767936,2,LCRFinder
Q92945,mRNA,711.0,19,171,0.240506329113924,3+,LCRFinder
Q92973,mRNA,898.0,2,17,0.0189309576837416,2,LCRFinder
Q93091,diverse,150.0,1,6,0.04,1,LCRFinder
Q969E8,pre-rRNA,191.0,2,9,0.0471204188481675,2,LCRFinder
Q969H6,ncRNA,163.0,2,16,0.0981595092024539,2,LCRFinder
Q969S3,unknown,477.0,3,20,0.0419287211740041,3+,LCRFinder
Q969Y2,tRNA,492.0,5,26,0.0528455284552845,3+,LCRFinder
Q969Z0,mRNA,631.0,4,23,0.0364500792393026,3+,LCRFinder
Q96AE4,mRNA,644.0,12,88,0.1366459627329192,3+,LCRFinder
Q96B70,unknown,501.0,2,9,0.0179640718562874,2,LCRFinder
Q96BK5,ncRNA,328.0,3,15,0.0457317073170731,3+,LCRFinder
Q96BP3,mRNA,646.0,4,28,0.0433436532507739,3+,LCRFinder
Q96CB8,snRNA,462.0,6,34,0.0735930735930736,3+,LCRFinder
Q96CB9,pre-rRNA,384.0,1,5,0.0130208333333333,1,LCRFinder
Q96CM3,mRNA,377.0,1,5,0.013262599469496,1,LCRFinder
Q96DF8,mRNA,476.0,3,12,0.0252100840336134,3+,LCRFinder
Q96DH6,mRNA,328.0,3,16,0.048780487804878,3+,LCRFinder
Q96DI7,snRNA,357.0,1,4,0.011204481792717,1,LCRFinder
Q96DP5,tRNA,389.0,1,5,0.0128534704370179,1,LCRFinder
Q96E39,mRNA,390.0,10,67,0.1717948717948718,3+,LCRFinder
Q96EG3,unknown,531.0,3,13,0.0244821092278719,3+,LCRFinder
Q96EK7,unknown,910.0,2,10,0.0109890109890109,2,LCRFinder
Q96EP5,mRNA,407.0,10,60,0.1474201474201474,3+,LCRFinder
Q96EU6,pre-rRNA,259.0,3,19,0.0733590733590733,3+,LCRFinder
Q96EV2,mRNA,1170.0,23,169,0.1444444444444444,3+,LCRFinder
Q96EY7,mRNA,689.0,2,19,0.0275761973875181,2,LCRFinder
Q96F86,mRNA,508.0,3,12,0.0236220472440944,3+,LCRFinder
Q96FC9,unknown,970.0,4,21,0.0216494845360824,3+,LCRFinder
Q96G46,tRNA,650.0,1,4,0.0061538461538461,1,LCRFinder
Q96GM8,unknown,510.0,1,7,0.0137254901960784,1,LCRFinder
Q96HR8,snoRNA,494.0,5,63,0.1275303643724696,3+,LCRFinder
Q96HW7,snRNA,963.0,2,11,0.0114226375908618,2,LCRFinder
Q96I24,mRNA,572.0,6,33,0.0576923076923076,3+,LCRFinder
Q96I25,mRNA,401.0,3,19,0.0473815461346633,3+,LCRFinder
Q96IC2,pre-rRNA,774.0,1,4,0.0051679586563307,1,LCRFinder
Q96IP4,unknown,442.0,2,31,0.0701357466063348,2,LCRFinder
Q96IZ7,mRNA,334.0,9,75,0.2245508982035928,3+,LCRFinder
Q96J87,mRNA,481.0,4,27,0.0561330561330561,3+,LCRFinder
Q96J94,ncRNA,861.0,3,16,0.0185830429732868,3+,LCRFinder
Q96K58,unknown,619.0,3,18,0.0290791599353796,3+,LCRFinder
Q96K80,unknown,434.0,5,47,0.108294930875576,3+,LCRFinder
Q96KR1,unknown,1074.0,14,133,0.1238361266294227,3+,LCRFinder
Q96L12,unknown,384.0,1,6,0.015625,1,LCRFinder
Q96L91,unknown,3159.0,45,318,0.100664767331434,3+,LCRFinder
Q96MT3,unknown,831.0,4,19,0.0228640192539109,3+,LCRFinder
Q96MU7,mRNA,727.0,8,87,0.1196698762035763,3+,LCRFinder
Q96MX3,unknown,618.0,5,21,0.0339805825242718,3+,LCRFinder
Q96N16,mRNA,626.0,3,16,0.0255591054313099,3+,LCRFinder
Q96N46,unknown,770.0,9,59,0.0766233766233766,3+,LCRFinder
Q96P70,mRNA,1041.0,4,31,0.0297790585975024,3+,LCRFinder
Q96PK6,mRNA,669.0,12,72,0.1076233183856502,3+,LCRFinder
Q96PZ0,pre-rRNA,661.0,2,13,0.0196671709531013,2,LCRFinder
Q96Q15,mRNA,3661.0,14,72,0.0196667577164709,3+,LCRFinder
Q96QC0,unknown,940.0,17,134,0.1425531914893617,3+,LCRFinder
Q96QR8,mRNA,312.0,5,37,0.1185897435897435,3+,LCRFinder
Q96QU8,mRNA,1125.0,2,12,0.0106666666666666,2,LCRFinder
Q96RS0,snRNA,853.0,4,29,0.0339976553341148,3+,LCRFinder
Q96S44,tRNA,253.0,2,14,0.0553359683794466,2,LCRFinder
Q96SZ4,unknown,780.0,6,30,0.0384615384615384,3+,LCRFinder
Q96T21,mRNA,854.0,3,14,0.0163934426229508,3+,LCRFinder
Q96T37,mRNA,977.0,20,118,0.1207778915046059,3+,LCRFinder
Q96T58,mRNA,3664.0,33,235,0.0641375545851528,3+,LCRFinder
Q99459,mRNA,802.0,5,29,0.0361596009975062,3+,LCRFinder
Q99590,mRNA,1463.0,15,91,0.062200956937799,3+,LCRFinder
Q99613,mRNA,913.0,6,49,0.0536692223439211,3+,LCRFinder
Q99728,ncRNA,777.0,4,18,0.0231660231660231,3+,LCRFinder
Q99729,mRNA,332.0,8,53,0.1596385542168674,3+,LCRFinder
Q99973,ncRNA,2627.0,10,55,0.0209364293871336,3+,LCRFinder
Q9BPZ3,mRNA,127.0,2,13,0.1023622047244094,2,LCRFinder
Q9BQ04,mRNA,359.0,3,23,0.064066852367688,3+,LCRFinder
Q9BQ39,pre-rRNA,737.0,3,27,0.0366350067842605,3+,LCRFinder
Q9BQ67,pre-rRNA,446.0,1,13,0.0291479820627802,1,LCRFinder
Q9BQI3,mRNA,630.0,3,18,0.0285714285714285,3+,LCRFinder
Q9BRD0,mRNA,619.0,14,70,0.1130856219709208,3+,LCRFinder
Q9BRJ7,snoRNA,211.0,1,6,0.0284360189573459,1,LCRFinder
Q9BRR8,mRNA,931.0,4,32,0.0343716433941997,3+,LCRFinder
Q9BRS2,pre-rRNA,568.0,2,18,0.0316901408450704,2,LCRFinder
Q9BRS8,mRNA,491.0,3,16,0.0325865580448065,3+,LCRFinder
Q9BRZ2,unknown,755.0,7,34,0.0450331125827814,3+,LCRFinder
Q9BSC4,pre-rRNA,688.0,3,15,0.0218023255813953,3+,LCRFinder
Q9BSV6,tRNA,310.0,3,20,0.064516129032258,3+,LCRFinder
Q9BTD8,mRNA,480.0,12,108,0.225,3+,LCRFinder
Q9BUJ2,mRNA,856.0,14,117,0.1366822429906542,3+,LCRFinder
Q9BUQ8,snRNA,820.0,11,92,0.1121951219512195,3+,LCRFinder
Q9BV44,tRNA,507.0,1,4,0.0078895463510848,1,LCRFinder
Q9BWE0,unknown,567.0,2,13,0.0229276895943562,2,LCRFinder
Q9BWF3,mRNA,364.0,3,27,0.0741758241758241,3+,LCRFinder
Q9BWT3,mRNA,736.0,2,8,0.0108695652173913,2,LCRFinder
Q9BWU0,unknown,742.0,6,43,0.0579514824797843,3+,LCRFinder
Q9BX46,mRNA,236.0,5,39,0.1652542372881356,3+,LCRFinder
Q9BXP5,ncRNA,876.0,14,88,0.1004566210045662,3+,LCRFinder
Q9BXY0,pre-rRNA,300.0,3,27,0.09,3+,LCRFinder
Q9BYG3,pre-rRNA,293.0,2,11,0.0375426621160409,2,LCRFinder
Q9BYJ9,mRNA,559.0,6,32,0.0572450805008944,3+,LCRFinder
Q9BYX4,ncRNA,1025.0,8,42,0.0409756097560975,3+,LCRFinder
Q9BZC1,mRNA,486.0,3,17,0.0349794238683127,3+,LCRFinder
Q9BZI7,mRNA,483.0,10,58,0.1200828157349896,3+,LCRFinder
Q9BZJ0,mRNA,848.0,6,36,0.0424528301886792,3+,LCRFinder
Q9C0B0,unknown,810.0,5,37,0.045679012345679,3+,LCRFinder
Q9C0B9,unknown,1178.0,13,90,0.0764006791171477,3+,LCRFinder
Q9C0D7,unknown,883.0,2,10,0.0113250283125707,2,LCRFinder
Q9GZL7,pre-rRNA,423.0,1,4,0.0094562647754137,1,LCRFinder
Q9GZR2,pre-rRNA,422.0,1,7,0.0165876777251184,1,LCRFinder
Q9GZY0,mRNA,626.0,2,8,0.0127795527156549,2,LCRFinder
Q9H089,pre-rRNA,658.0,4,18,0.0273556231003039,3+,LCRFinder
Q9H0A0,pre-rRNA,1025.0,3,14,0.0136585365853658,3+,LCRFinder
Q9H0A6,unknown,362.0,1,5,0.0138121546961325,1,LCRFinder
Q9H0H0,snRNA,1196.0,1,5,0.0041806020066889,1,LCRFinder
Q9H0L4,mRNA,616.0,4,30,0.0487012987012987,3+,LCRFinder
Q9H0R6,tRNA,528.0,2,14,0.0265151515151515,2,LCRFinder
Q9H0W8,mRNA,520.0,7,46,0.0884615384615384,3+,LCRFinder
Q9H1E1,diverse,156.0,1,7,0.0448717948717948,1,LCRFinder
Q9H1J1,mRNA,476.0,4,38,0.0798319327731092,3+,LCRFinder
Q9H2U1,mRNA,1008.0,2,30,0.0297619047619047,2,LCRFinder
Q9H307,mRNA,717.0,13,127,0.1771269177126917,3+,LCRFinder
Q9H361,mRNA,631.0,3,18,0.028526148969889,3+,LCRFinder
Q9H3H3,unknown,292.0,3,17,0.0582191780821917,3+,LCRFinder
Q9H4L7,unknown,1026.0,2,9,0.0087719298245614,2,LCRFinder
Q9H4Z3,mRNA,704.0,1,10,0.0142045454545454,1,LCRFinder
Q9H501,pre-rRNA,851.0,16,103,0.1210340775558166,3+,LCRFinder
Q9H583,snoRNA,2144.0,4,20,0.0093283582089552,3+,LCRFinder
Q9H5H4,unknown,540.0,2,9,0.0166666666666666,2,LCRFinder
Q9H694,mRNA,974.0,4,30,0.0308008213552361,3+,LCRFinder
Q9H6E5,snRNA,874.0,6,39,0.0446224256292906,3+,LCRFinder
Q9H6F5,unknown,360.0,1,15,0.0416666666666666,1,LCRFinder
Q9H6R0,mRNA,707.0,1,8,0.0113154172560113,1,LCRFinder
Q9H6S0,mRNA,1430.0,6,32,0.0223776223776223,3+,LCRFinder
Q9H6T0,mRNA,727.0,4,27,0.0371389270976616,3+,LCRFinder
Q9H7N4,mRNA,1312.0,29,346,0.2637195121951219,3+,LCRFinder
Q9H7Z6,ncRNA,458.0,2,15,0.0327510917030567,2,LCRFinder
Q9H814,snRNA,394.0,3,16,0.0406091370558375,3+,LCRFinder
Q9H9A5,mRNA,744.0,4,17,0.0228494623655914,3+,LCRFinder
Q9H9L3,pre-rRNA,353.0,1,11,0.0311614730878186,1,LCRFinder
Q9H9Z2,mRNA,209.0,2,10,0.0478468899521531,2,LCRFinder
Q9HA77,tRNA,564.0,1,5,0.0088652482269503,1,LCRFinder
Q9HAU5,mRNA,1272.0,11,81,0.0636792452830188,3+,LCRFinder
Q9HAV4,ncRNA,1204.0,1,6,0.0049833887043189,1,LCRFinder
Q9HBD1,mRNA,1191.0,5,23,0.0193115029387069,3+,LCRFinder
Q9HBD4,unknown,1679.0,20,144,0.0857653365098272,3+,LCRFinder
Q9HC10,unknown,1997.0,9,62,0.0310465698547821,3+,LCRFinder
Q9HC44,unknown,474.0,1,6,0.0126582278481012,1,LCRFinder
Q9HCE5,mRNA,456.0,5,32,0.0701754385964912,3+,LCRFinder
Q9HCJ0,mRNA,1936.0,24,160,0.0826446280991735,3+,LCRFinder
Q9HCK8,mRNA,2581.0,22,149,0.0577295621851995,3+,LCRFinder
Q9HCS7,mRNA,855.0,3,15,0.0175438596491228,3+,LCRFinder
Q9NP64,unknown,241.0,5,40,0.1659751037344398,3+,LCRFinder
Q9NP92,ribosomal protein,439.0,4,32,0.0728929384965831,3+,LCRFinder
Q9NQ29,mRNA,371.0,4,45,0.1212938005390835,3+,LCRFinder
Q9NQ94,mRNA,594.0,1,5,0.0084175084175084,1,LCRFinder
Q9NQI0,mRNA,724.0,5,22,0.0303867403314917,3+,LCRFinder
Q9NQZ2,snoRNA,479.0,8,54,0.1127348643006263,3+,LCRFinder
Q9NQZ3,mRNA,744.0,9,45,0.0604838709677419,3+,LCRFinder
Q9NR30,pre-rRNA,783.0,5,40,0.0510855683269476,3+,LCRFinder
Q9NR48,ncRNA,2969.0,20,115,0.0387335803300774,3+,LCRFinder
Q9NR56,mRNA,388.0,3,25,0.0644329896907216,3+,LCRFinder
Q9NR90,mRNA,486.0,1,5,0.0102880658436214,1,LCRFinder
Q9NR97,ncRNA,1041.0,3,14,0.0134486071085494,3+,LCRFinder
Q9NRA8,mRNA,985.0,4,16,0.016243654822335,3+,LCRFinder
Q9NRJ5,mRNA,637.0,1,5,0.0078492935635792,1,LCRFinder
Q9NS39,mRNA,739.0,4,29,0.0392422192151556,3+,LCRFinder
Q9NTZ6,mRNA,932.0,11,86,0.0922746781115879,3+,LCRFinder
Q9NUL7,pre-rRNA,540.0,7,39,0.0722222222222222,3+,LCRFinder
Q9NV66,tRNA,732.0,2,9,0.0122950819672131,2,LCRFinder
Q9NVH2,snRNA,962.0,5,40,0.0415800415800415,3+,LCRFinder
Q9NVM6,unknown,304.0,5,26,0.0855263157894736,3+,LCRFinder
Q9NVP1,pre-rRNA,670.0,2,15,0.0223880597014925,2,LCRFinder
Q9NVR2,snRNA,710.0,1,5,0.0070422535211267,1,LCRFinder
Q9NVR5,unknown,837.0,5,25,0.029868578255675,3+,LCRFinder
Q9NW07,unknown,568.0,5,46,0.0809859154929577,3+,LCRFinder
Q9NW13,snRNA,759.0,6,51,0.067193675889328,3+,LCRFinder
Q9NW64,mRNA,420.0,5,23,0.0547619047619047,3+,LCRFinder
Q9NWB1,mRNA,397.0,5,26,0.0654911838790932,3+,LCRFinder
Q9NWH9,mRNA,1034.0,19,154,0.1489361702127659,3+,LCRFinder
Q9NWK9,snoRNA,470.0,1,8,0.0170212765957446,1,LCRFinder
Q9NX05,unknown,1096.0,8,54,0.0492700729927007,3+,LCRFinder
Q9NX07,tRNA,287.0,2,15,0.0522648083623693,2,LCRFinder
Q9NXL6,ncRNA,827.0,1,4,0.0048367593712212,1,LCRFinder
Q9NXW9,unknown,302.0,1,5,0.0165562913907284,1,LCRFinder
Q9NY12,snoRNA,217.0,6,83,0.3824884792626728,3+,LCRFinder
Q9NYF8,mRNA,920.0,17,129,0.1402173913043478,3+,LCRFinder
Q9NYK1,ncRNA,1049.0,2,8,0.0076263107721639,2,LCRFinder
Q9NZB2,mRNA,1118.0,9,56,0.0500894454382826,3+,LCRFinder
Q9NZI8,mRNA,577.0,2,17,0.0294627383015597,2,LCRFinder
Q9NZJ5,mRNA,1116.0,6,38,0.0340501792114695,3+,LCRFinder
Q9P031,unknown,241.0,4,21,0.0871369294605809,3+,LCRFinder
Q9P1Y6,mRNA,1649.0,20,147,0.0891449363250454,3+,LCRFinder
Q9P2E3,unknown,1918.0,5,30,0.0156412930135557,3+,LCRFinder
Q9P2E9,mRNA,1410.0,13,67,0.0475177304964539,3+,LCRFinder
Q9P2J5,tRNA,1176.0,3,17,0.0144557823129251,3+,LCRFinder
Q9P2K5,mRNA,600.0,4,20,0.0333333333333333,3+,LCRFinder
Q9P2K8,tRNA,1649.0,4,28,0.0169799878714372,3+,LCRFinder
Q9P2N5,mRNA,1060.0,12,114,0.1075471698113207,3+,LCRFinder
Q9P2P1,unknown,1898.0,10,55,0.0289778714436248,3+,LCRFinder
Q9UBB9,mRNA,837.0,2,12,0.014336917562724,2,LCRFinder
Q9UBC3,diverse,853.0,4,25,0.0293083235638921,3+,LCRFinder
Q9UBK2,unknown,798.0,8,45,0.056390977443609,3+,LCRFinder
Q9UEG4,unknown,869.0,5,26,0.0299194476409666,3+,LCRFinder
Q9UGR2,ncRNA,977.0,3,14,0.014329580348004,3+,LCRFinder
Q9UGY1,pre-rRNA,213.0,3,15,0.0704225352112676,3+,LCRFinder
Q9UHB9,ncRNA,627.0,2,27,0.0430622009569378,2,LCRFinder
Q9UHC7,mRNA,482.0,7,45,0.0933609958506224,3+,LCRFinder
Q9UHK0,snoRNA,495.0,4,22,0.0444444444444444,3+,LCRFinder
Q9UHX1,mRNA,559.0,5,37,0.0661896243291592,3+,LCRFinder
Q9UIF8,ncRNA,2168.0,23,190,0.0876383763837638,3+,LCRFinder
Q9UIF9,ncRNA,1905.0,19,108,0.0566929133858267,3+,LCRFinder
Q9UJA5,tRNA,497.0,3,23,0.0462776659959758,3+,LCRFinder
Q9UJJ7,unknown,312.0,2,21,0.0673076923076923,2,LCRFinder
Q9UJV8,mRNA,347.0,2,14,0.0403458213256484,2,LCRFinder
Q9UJV9,mRNA,622.0,1,7,0.0112540192926045,1,LCRFinder
Q9UK39,mRNA,431.0,4,27,0.062645011600928,3+,LCRFinder
Q9UK59,mRNA,544.0,3,15,0.0275735294117647,3+,LCRFinder
Q9UKA9,mRNA,531.0,1,10,0.0188323917137476,1,LCRFinder
Q9UKJ3,unknown,1502.0,26,236,0.1571238348868175,3+,LCRFinder
Q9UKK3,ncRNA,1724.0,4,24,0.0139211136890951,3+,LCRFinder
Q9UKM9,mRNA,306.0,2,30,0.0980392156862745,2,LCRFinder
Q9UKV3,mRNA,1341.0,26,203,0.15137956748695,3+,LCRFinder
Q9UKV8,ncRNA,859.0,1,7,0.0081490104772991,1,LCRFinder
Q9UKZ1,mRNA,510.0,9,56,0.1098039215686274,3+,LCRFinder
Q9UL03,snRNA,887.0,2,9,0.0101465614430665,2,LCRFinder
Q9ULG1,unknown,1556.0,8,63,0.0404884318766066,3+,LCRFinder
Q9ULR0,mRNA,285.0,2,16,0.0561403508771929,2,LCRFinder
Q9ULW3,mRNA,272.0,2,19,0.0698529411764705,2,LCRFinder
Q9ULX3,pre-rRNA,412.0,2,13,0.0315533980582524,2,LCRFinder
Q9ULX6,mRNA,646.0,12,73,0.1130030959752322,3+,LCRFinder
Q9UMY1,unknown,257.0,5,26,0.1011673151750972,3+,LCRFinder
Q9UN86,mRNA,482.0,7,53,0.1099585062240663,3+,LCRFinder
Q9UNQ2,pre-rRNA,313.0,1,4,0.0127795527156549,1,LCRFinder
Q9UNW9,mRNA,492.0,8,79,0.1605691056910569,3+,LCRFinder
Q9UNY4,mRNA,1162.0,5,29,0.0249569707401032,3+,LCRFinder
Q9UPN6,mRNA,1271.0,17,118,0.092840283241542,3+,LCRFinder
Q9UPQ9,mRNA,1833.0,20,138,0.0752864157119476,3+,LCRFinder
Q9UPR3,mRNA,1016.0,6,35,0.0344488188976378,3+,LCRFinder
Q9UPR6,unknown,939.0,9,55,0.0585729499467518,3+,LCRFinder
Q9UPS6,ncRNA,1966.0,32,320,0.1627670396744659,3+,LCRFinder
Q9UPT8,unknown,1303.0,29,243,0.1864927091327705,3+,LCRFinder
Q9UPY3,ncRNA,1922.0,6,34,0.0176899063475546,3+,LCRFinder
Q9UQ35,mRNA,2752.0,91,780,0.2834302325581395,3+,LCRFinder
Q9UQ80,pre-rRNA,394.0,1,6,0.015228426395939,1,LCRFinder
Q9UQ84,diverse,846.0,2,11,0.0130023640661938,2,LCRFinder
Q9Y230,mRNA,463.0,1,6,0.0129589632829373,1,LCRFinder
Q9Y295,mRNA,367.0,1,6,0.0163487738419618,1,LCRFinder
Q9Y2L1,diverse,958.0,3,14,0.0146137787056367,3+,LCRFinder
Q9Y2P0,unknown,537.0,1,4,0.0074487895716946,1,LCRFinder
Q9Y2R4,pre-rRNA,599.0,2,11,0.018363939899833,2,LCRFinder
Q9Y2T7,mRNA,364.0,7,58,0.1593406593406593,3+,LCRFinder
Q9Y2U8,snRNA,911.0,12,89,0.097694840834248,3+,LCRFinder
Q9Y2V2,mRNA,147.0,1,8,0.0544217687074829,1,LCRFinder
Q9Y2W1,mRNA,955.0,17,161,0.1685863874345549,3+,LCRFinder
Q9Y2X3,snoRNA,529.0,7,48,0.0907372400756143,3+,LCRFinder
Q9Y2Z4,tRNA,477.0,2,9,0.0188679245283018,2,LCRFinder
Q9Y388,mRNA,322.0,6,52,0.1614906832298136,3+,LCRFinder
Q9Y3A2,snoRNA,253.0,1,6,0.0237154150197628,1,LCRFinder
Q9Y3T9,pre-rRNA,749.0,5,36,0.048064085447263,3+,LCRFinder
Q9Y3Y2,mRNA,248.0,8,71,0.2862903225806452,3+,LCRFinder
Q9Y473,unknown,711.0,1,6,0.0084388185654008,1,LCRFinder
Q9Y4B4,unknown,1467.0,8,41,0.0279481935923653,3+,LCRFinder
Q9Y4C8,pre-rRNA,960.0,7,56,0.0583333333333333,3+,LCRFinder
Q9Y4F3,ncRNA,1742.0,11,60,0.0344431687715269,3+,LCRFinder
Q9Y4Z0,snRNA,139.0,2,17,0.1223021582733813,2,LCRFinder
Q9Y580,mRNA,266.0,3,13,0.0488721804511278,3+,LCRFinder
Q9Y5A9,mRNA,579.0,7,35,0.0604490500863557,3+,LCRFinder
Q9Y5J1,snoRNA,556.0,6,38,0.0683453237410072,3+,LCRFinder
Q9Y6K5,ncRNA,1087.0,1,4,0.0036798528058877,1,LCRFinder
Q9Y6M1,mRNA,599.0,1,6,0.010016694490818,1,LCRFinder
X6R7H2,mRNA,631.0,6,85,0.1347068145800317,3+,LCRFinder
X6RDA4,ncRNA,248.0,3,18,0.0725806451612903,3+,LCRFinder
A0A087WVF4,unknown,1798.0,4,133,0.0739710789766407,3+,SEG_intermediate
A0A0A0MQW0,mRNA,576.0,1,22,0.0381944444444444,1,SEG_intermediate
A0A0A0MRM9,snoRNA,708.0,10,231,0.326271186440678,3+,SEG_intermediate
A0A0A0MRZ1,unknown,733.0,1,33,0.0450204638472032,1,SEG_intermediate
A0A0A0MSN9,mRNA,333.0,2,90,0.2702702702702703,2,SEG_intermediate
A0A0B4J203,mRNA,849.0,1,17,0.0200235571260306,1,SEG_intermediate
A0A0C4DG89,snRNA,1032.0,3,153,0.1482558139534883,3+,SEG_intermediate
A0A0C4DGG8,mRNA,1043.0,6,216,0.2070949185043144,3+,SEG_intermediate
A0A0D9SF53,unknown,733.0,1,37,0.0504774897680764,1,SEG_intermediate
A0A140T8Y2,pre-rRNA,407.0,2,38,0.0933660933660933,2,SEG_intermediate
A0A140TA76,mRNA,344.0,1,20,0.0581395348837209,1,SEG_intermediate
A0A2R8Y4L2,mRNA,320.0,2,90,0.28125,2,SEG_intermediate
A0A499FI31,snRNA,981.0,2,57,0.0581039755351682,2,SEG_intermediate
A0A590UJW6,unknown,1086.0,3,54,0.0497237569060773,3+,SEG_intermediate
A0A5H1ZRQ2,mRNA,731.0,5,99,0.1354309165526676,3+,SEG_intermediate
A0A5K1VW79,mRNA,999.0,8,232,0.2322322322322322,3+,SEG_intermediate
A0A7I2V5M7,unknown,476.0,3,90,0.1890756302521008,3+,SEG_intermediate
A0A7N4I394,snRNA,994.0,5,178,0.1790744466800805,3+,SEG_intermediate
A0A7P0N5L0,unknown,480.0,1,21,0.04375,1,SEG_intermediate
A0A8I5KSH6,unknown,925.0,2,37,0.04,2,SEG_intermediate
A0A8I5KX04,mRNA,1686.0,1,36,0.0213523131672597,1,SEG_intermediate
A0A8V8TR54,unknown,2114.0,5,153,0.0723746452223273,3+,SEG_intermediate
A0AA34QW03,mRNA,678.0,3,118,0.1740412979351032,3+,SEG_intermediate
A0ABB0MN55,mRNA,322.0,4,126,0.391304347826087,3+,SEG_intermediate
A0ABB0MV08,mRNA,369.0,2,119,0.3224932249322493,2,SEG_intermediate
A0ACI8PHD2,unknown,261.0,2,74,0.2835249042145594,2,SEG_intermediate
A0ACI8PUZ8,unknown,1375.0,1,8,0.0058181818181818,1,SEG_intermediate
A0ACI8PX57,unknown,378.0,2,147,0.3888888888888889,2,SEG_intermediate
A0ACI8Q0P4,unknown,829.0,1,47,0.0566948130277442,1,SEG_intermediate
A0ACI8Q806,unknown,498.0,1,86,0.1726907630522088,1,SEG_intermediate
A0ACI8QHW6,unknown,749.0,1,24,0.0320427236315086,1,SEG_intermediate
A0ACI8QLY8,unknown,321.0,3,114,0.3551401869158878,3+,SEG_intermediate
A0ACI8QNN6,unknown,701.0,1,9,0.0128388017118402,1,SEG_intermediate
A0ACI8QTQ5,diverse,1388.0,4,92,0.0662824207492795,3+,SEG_intermediate
A0ACI8QU73,unknown,864.0,2,47,0.0543981481481481,2,SEG_intermediate
A0ACI8QUJ1,unknown,752.0,1,25,0.0332446808510638,1,SEG_intermediate
A0ACI8QY88,mRNA,715.0,4,105,0.1468531468531468,3+,SEG_intermediate
A0ACI8R7A3,unknown,356.0,1,29,0.0814606741573033,1,SEG_intermediate
A0ACI8RCQ9,unknown,534.0,1,24,0.0449438202247191,1,SEG_intermediate
A0ACI8RI26,unknown,764.0,2,35,0.0458115183246073,2,SEG_intermediate
A0ACI8RR28,unknown,918.0,1,30,0.0326797385620915,1,SEG_intermediate
A0ACI8RSP0,ribosomal protein,320.0,1,30,0.09375,1,SEG_intermediate
A0ACI8RX58,unknown,750.0,5,179,0.2386666666666666,3+,SEG_intermediate
A0ACI8S113,unknown,1253.0,1,40,0.0319233838786911,1,SEG_intermediate
A0ACI8S5T8,unknown,488.0,2,54,0.110655737704918,2,SEG_intermediate
A0ACI8SEY7,unknown,629.0,1,18,0.0286168521462639,1,SEG_intermediate
A0ACI8SXP5,unknown,451.0,2,60,0.1330376940133037,2,SEG_intermediate
A0ACI8SYT5,unknown,674.0,2,38,0.0563798219584569,2,SEG_intermediate
A0ACI8T823,unknown,380.0,1,8,0.0210526315789473,1,SEG_intermediate
A0ACI8T9E2,unknown,234.0,1,43,0.1837606837606837,1,SEG_intermediate
A0ACI8TFG6,tRNA,1552.0,1,22,0.0141752577319587,1,SEG_intermediate
A0ACI8TIT4,unknown,488.0,1,15,0.0307377049180327,1,SEG_intermediate
A0ACI8TLM1,unknown,106.0,1,13,0.1226415094339622,1,SEG_intermediate
A0ACI8TML7,unknown,1201.0,1,16,0.0133222314737718,1,SEG_intermediate
A0ACI8TMU3,unknown,1055.0,1,51,0.0483412322274881,1,SEG_intermediate
A0ACI8TQS2,unknown,3008.0,3,107,0.0355718085106383,3+,SEG_intermediate
A0ACI8TS18,unknown,1048.0,1,28,0.0267175572519083,1,SEG_intermediate
A0ACI8TSY6,unknown,1461.0,2,45,0.0308008213552361,2,SEG_intermediate
A0ACI8TUA9,unknown,638.0,3,135,0.2115987460815047,3+,SEG_intermediate
A0ACI8TXE9,unknown,1448.0,2,44,0.0303867403314917,2,SEG_intermediate
A0ACI8U1B9,unknown,902.0,4,122,0.1352549889135255,3+,SEG_intermediate
A0ACI8U6C5,unknown,1066.0,1,25,0.023452157598499,1,SEG_intermediate
A0ACI8U804,unknown,2104.0,1,19,0.0090304182509505,1,SEG_intermediate
A0ACI8UES1,unknown,422.0,2,47,0.1113744075829383,2,SEG_intermediate
A0ACI8UMC2,unknown,837.0,1,23,0.027479091995221,1,SEG_intermediate
A0ACI8UNX3,unknown,1077.0,2,45,0.0417827298050139,2,SEG_intermediate
A0ACI8UTL7,unknown,402.0,2,67,0.1666666666666666,2,SEG_intermediate
A0ACI8UZB3,unknown,1252.0,1,56,0.0447284345047923,1,SEG_intermediate
A0ACI8V583,mRNA,621.0,1,45,0.072463768115942,1,SEG_intermediate
A0ACI8VCM9,unknown,1180.0,2,74,0.0627118644067796,2,SEG_intermediate
A0ACI8VD15,unknown,1437.0,1,21,0.0146137787056367,1,SEG_intermediate
A0ACI8VQD2,unknown,1043.0,2,25,0.0239693192713326,2,SEG_intermediate
A0ACI8VSD4,mRNA,674.0,1,10,0.0148367952522255,1,SEG_intermediate
A0AV96,mRNA,593.0,1,16,0.026981450252951,1,SEG_intermediate
A1L020,mRNA,520.0,2,69,0.1326923076923077,2,SEG_intermediate
A5YKK6,mRNA,2376.0,2,51,0.0214646464646464,2,SEG_intermediate
A6NDY0,mRNA,278.0,1,24,0.0863309352517985,1,SEG_intermediate
A6NFI3,unknown,1004.0,4,145,0.1444223107569721,3+,SEG_intermediate
A6NFN3,mRNA,312.0,1,16,0.0512820512820512,1,SEG_intermediate
A6NHQ2,snoRNA,334.0,1,77,0.2305389221556886,1,SEG_intermediate
A7MD48,mRNA,611.0,5,262,0.4288052373158756,3+,SEG_intermediate
B0QYK0,mRNA,618.0,4,190,0.3074433656957929,3+,SEG_intermediate
B0QYY4,mRNA,370.0,1,16,0.0432432432432432,1,SEG_intermediate
B5MCF9,pre-rRNA,571.0,1,46,0.0805604203152364,1,SEG_intermediate
B5MCU0,unknown,990.0,1,30,0.0303030303030303,1,SEG_intermediate
B8ZZ98,mRNA,158.0,1,64,0.4050632911392405,1,SEG_intermediate
C9J9B2,mRNA,264.0,1,18,0.0681818181818181,1,SEG_intermediate
C9JAB2,mRNA,235.0,1,112,0.4765957446808511,1,SEG_intermediate
C9JE40,mRNA,543.0,1,38,0.0699815837937384,1,SEG_intermediate
C9JP00,mRNA,348.0,1,30,0.0862068965517241,1,SEG_intermediate
D4PHA4,unknown,493.0,1,19,0.0385395537525354,1,SEG_intermediate
D6R9W6,mRNA,518.0,1,30,0.0579150579150579,1,SEG_intermediate
D6W5Y5,mRNA,297.0,1,43,0.1447811447811448,1,SEG_intermediate
E5RHF4,ribosomal protein,198.0,1,30,0.1515151515151515,1,SEG_intermediate
E5RJM0,mRNA,639.0,2,65,0.1017214397496087,2,SEG_intermediate
E7ERJ7,mRNA,604.0,1,18,0.0298013245033112,1,SEG_intermediate
E7ET15,snRNA,1028.0,1,28,0.0272373540856031,1,SEG_intermediate
E7ETU5,mRNA,370.0,1,19,0.0513513513513513,1,SEG_intermediate
E9PB61,mRNA,264.0,2,76,0.2878787878787879,2,SEG_intermediate
E9PFF5,mRNA,490.0,2,51,0.1040816326530612,2,SEG_intermediate
E9PIF2,pre-rRNA,835.0,2,37,0.0443113772455089,2,SEG_intermediate
E9PJG9,ncRNA,54.0,1,14,0.2592592592592592,1,SEG_intermediate
E9PL19,mRNA,596.0,1,40,0.0671140939597315,1,SEG_intermediate
E9PMM9,ribosomal protein,218.0,1,48,0.2201834862385321,1,SEG_intermediate
F5GYR3,pre-rRNA,275.0,1,16,0.0581818181818181,1,SEG_intermediate
F5H0R1,snRNA,912.0,1,25,0.0274122807017543,1,SEG_intermediate
F6TAI2,mRNA,324.0,1,20,0.0617283950617283,1,SEG_intermediate
F6VAP0,mRNA,555.0,1,16,0.0288288288288288,1,SEG_intermediate
F8VQP2,mRNA,1073.0,2,56,0.0521901211556384,2,SEG_intermediate
F8VU11,snRNA,892.0,7,193,0.2163677130044843,3+,SEG_intermediate
F8VXY6,mRNA,228.0,1,34,0.1491228070175438,1,SEG_intermediate
F8W6I7,mRNA,307.0,2,52,0.1693811074918566,2,SEG_intermediate
G3V529,pre-rRNA,816.0,2,47,0.0575980392156862,2,SEG_intermediate
H0Y6E7,mRNA,292.0,1,37,0.1267123287671233,1,SEG_intermediate
H0YDK8,mRNA,900.0,3,70,0.0777777777777777,3+,SEG_intermediate
H3BM89,ribosomal protein,333.0,1,27,0.081081081081081,1,SEG_intermediate
H3BPE7,mRNA,527.0,6,320,0.6072106261859582,3+,SEG_intermediate
H3BPG5,mRNA,128.0,1,63,0.4921875,1,SEG_intermediate
H3BSG4,tRNA,173.0,1,29,0.1676300578034682,1,SEG_intermediate
H7BXY3,mRNA,1166.0,1,12,0.0102915951972555,1,SEG_intermediate
J3KPP4,mRNA,489.0,1,129,0.263803680981595,1,SEG_intermediate
J3QL05,mRNA,130.0,1,37,0.2846153846153846,1,SEG_intermediate
J3QS41,mRNA,1943.0,2,65,0.0334534225424601,2,SEG_intermediate
K7EJB9,mRNA,349.0,1,51,0.1461318051575931,1,SEG_intermediate
M0QY97,unknown,910.0,5,174,0.1912087912087912,3+,SEG_intermediate
M0R1H0,snoRNA,178.0,1,59,0.3314606741573033,1,SEG_intermediate
O00178,mRNA,669.0,1,10,0.014947683109118,1,SEG_intermediate
O00267,mRNA,1087.0,2,52,0.0478380864765409,2,SEG_intermediate
O00566,snoRNA,681.0,1,32,0.0469897209985315,1,SEG_intermediate
O00567,snoRNA,594.0,1,24,0.0404040404040404,1,SEG_intermediate
O00571,mRNA,662.0,1,50,0.0755287009063444,1,SEG_intermediate
O00584,diverse,256.0,1,21,0.08203125,1,SEG_intermediate
O14647,unknown,1828.0,2,50,0.0273522975929978,2,SEG_intermediate
O14776,mRNA,1098.0,5,232,0.2112932604735883,3+,SEG_intermediate
O14979,mRNA,420.0,1,30,0.0714285714285714,1,SEG_intermediate
O15037,mRNA,678.0,1,14,0.0206489675516224,1,SEG_intermediate
O15042,snRNA,1029.0,1,28,0.0272108843537414,1,SEG_intermediate
O15047,ncRNA,1707.0,9,296,0.1734036321031048,3+,SEG_intermediate
O15056,unknown,1496.0,1,25,0.016711229946524,1,SEG_intermediate
O15105,ncRNA,426.0,2,43,0.1009389671361502,2,SEG_intermediate
O15234,mRNA,703.0,2,59,0.0839260312944523,2,SEG_intermediate
O15371,mRNA,548.0,1,18,0.0328467153284671,1,SEG_intermediate
O15372,mRNA,352.0,1,15,0.0426136363636363,1,SEG_intermediate
O15397,ncRNA,1037.0,1,17,0.0163934426229508,1,SEG_intermediate
O15504,mRNA,423.0,1,16,0.0378250591016548,1,SEG_intermediate
O15523,mRNA,660.0,1,50,0.0757575757575757,1,SEG_intermediate
O43143,mRNA,795.0,2,77,0.0968553459119496,2,SEG_intermediate
O43251,mRNA,390.0,1,25,0.0641025641025641,1,SEG_intermediate
O43290,snRNA,800.0,2,61,0.07625,2,SEG_intermediate
O43310,mRNA,598.0,1,20,0.0334448160535117,1,SEG_intermediate
O43347,mRNA,362.0,1,8,0.0220994475138121,1,SEG_intermediate
O43390,mRNA,633.0,3,135,0.2132701421800948,3+,SEG_intermediate
O43426,unknown,1573.0,3,81,0.0514939605848696,3+,SEG_intermediate
O43432,mRNA,1585.0,3,82,0.0517350157728706,3+,SEG_intermediate
O43541,ncRNA,496.0,1,21,0.0423387096774193,1,SEG_intermediate
O43719,mRNA,755.0,2,35,0.0463576158940397,2,SEG_intermediate
O43818,snoRNA,475.0,1,29,0.0610526315789473,1,SEG_intermediate
O43823,mRNA,692.0,1,13,0.01878612716763,1,SEG_intermediate
O60231,snRNA,1041.0,1,28,0.0268972142170989,1,SEG_intermediate
O60293,unknown,1989.0,5,123,0.06184012066365,3+,SEG_intermediate
O60318,mRNA,1980.0,1,29,0.0146464646464646,1,SEG_intermediate
O60506,mRNA,623.0,3,118,0.189406099518459,3+,SEG_intermediate
O60508,mRNA,579.0,1,15,0.0259067357512953,1,SEG_intermediate
O60563,ncRNA,726.0,3,55,0.0757575757575757,3+,SEG_intermediate
O60583,ncRNA,730.0,3,78,0.1068493150684931,3+,SEG_intermediate
O60828,mRNA,265.0,1,33,0.1245283018867924,1,SEG_intermediate
O60832,snoRNA,514.0,2,24,0.046692607003891,2,SEG_intermediate
O60841,tRNA,1220.0,5,178,0.1459016393442622,3+,SEG_intermediate
O60942,mRNA,597.0,1,11,0.0184254606365159,1,SEG_intermediate
O75179,unknown,2603.0,5,160,0.0614675374567806,3+,SEG_intermediate
O75460,mRNA,977.0,1,13,0.0133060388945752,1,SEG_intermediate
O75494,mRNA,262.0,3,98,0.3740458015267175,3+,SEG_intermediate
O75526,mRNA,392.0,2,68,0.173469387755102,2,SEG_intermediate
O75607,pre-rRNA,178.0,1,20,0.1123595505617977,1,SEG_intermediate
O75923,unknown,2080.0,1,28,0.0134615384615384,1,SEG_intermediate
O94913,mRNA,1555.0,1,36,0.0231511254019292,1,SEG_intermediate
O94992,ncRNA,359.0,1,25,0.0696378830083565,1,SEG_intermediate
O95104,mRNA,1147.0,7,300,0.2615518744551002,3+,SEG_intermediate
O95218,mRNA,330.0,3,165,0.5,3+,SEG_intermediate
O95319,mRNA,508.0,2,43,0.0846456692913385,2,SEG_intermediate
O95373,mRNA,1038.0,2,48,0.0462427745664739,2,SEG_intermediate
O95391,mRNA,586.0,1,40,0.068259385665529,1,SEG_intermediate
O95985,mRNA,862.0,1,27,0.031322505800464,1,SEG_intermediate
P03950,diverse,147.0,1,18,0.1224489795918367,1,SEG_intermediate
P05386,ribosomal protein,114.0,1,26,0.2280701754385964,1,SEG_intermediate
P05387,ribosomal protein,115.0,2,46,0.4,2,SEG_intermediate
P05388,ribosomal protein,317.0,1,28,0.0883280757097791,1,SEG_intermediate
P06730,mRNA,217.0,1,19,0.0875576036866359,1,SEG_intermediate
P06748,pre-rRNA,294.0,2,47,0.1598639455782313,2,SEG_intermediate
P07814,tRNA,1512.0,1,22,0.0145502645502645,1,SEG_intermediate
P07998,diverse,156.0,1,14,0.0897435897435897,1,SEG_intermediate
P08621,snRNA,437.0,2,118,0.2700228832951945,2,SEG_intermediate
P09234,snRNA,159.0,2,84,0.5283018867924528,2,SEG_intermediate
P09651,mRNA,372.0,2,146,0.3924731182795699,2,SEG_intermediate
P09913,ncRNA,472.0,1,20,0.0423728813559322,1,SEG_intermediate
P11387,unknown,765.0,1,62,0.0810457516339869,1,SEG_intermediate
P11940,mRNA,636.0,1,18,0.0283018867924528,1,SEG_intermediate
P12270,mRNA,2363.0,2,64,0.0270842149809564,2,SEG_intermediate
P14678,snRNA,240.0,2,86,0.3583333333333333,2,SEG_intermediate
P14866,mRNA,589.0,3,64,0.1086587436332767,3+,SEG_intermediate
P16989,mRNA,372.0,3,66,0.1774193548387097,3+,SEG_intermediate
P17480,pre-rRNA,764.0,1,89,0.1164921465968586,1,SEG_intermediate
P18583,mRNA,2426.0,5,246,0.1014014839241549,3+,SEG_intermediate
P18615,mRNA,380.0,2,90,0.2368421052631578,2,SEG_intermediate
P19338,snoRNA,710.0,5,186,0.2619718309859155,3+,SEG_intermediate
P22087,snRNA,321.0,1,72,0.2242990654205607,1,SEG_intermediate
P22626,mRNA,353.0,2,119,0.3371104815864023,2,SEG_intermediate
P23246,mRNA,707.0,4,219,0.3097595473833097,3+,SEG_intermediate
P23588,mRNA,611.0,1,46,0.0752864157119476,1,SEG_intermediate
P26358,ncRNA,1616.0,1,13,0.0080445544554455,1,SEG_intermediate
P26368,mRNA,475.0,1,40,0.0842105263157894,1,SEG_intermediate
P26599,mRNA,557.0,1,30,0.0538599640933572,1,SEG_intermediate
P26651,mRNA,326.0,2,52,0.1595092024539877,2,SEG_intermediate
P27824,unknown,592.0,2,47,0.0793918918918918,2,SEG_intermediate
P29558,mRNA,406.0,1,19,0.0467980295566502,1,SEG_intermediate
P31942,mRNA,346.0,3,91,0.2630057803468208,3+,SEG_intermediate
P31943,mRNA,449.0,2,47,0.1046770601336302,2,SEG_intermediate
P35269,mRNA,517.0,2,54,0.104448742746615,2,SEG_intermediate
P35637,mRNA,526.0,6,320,0.6083650190114068,3+,SEG_intermediate
P36776,diverse,959.0,1,32,0.0333680917622523,1,SEG_intermediate
P37108,ncRNA,136.0,1,34,0.25,1,SEG_intermediate
P38159,mRNA,391.0,2,67,0.1713554987212276,2,SEG_intermediate
P41250,tRNA,739.0,1,40,0.054127198917456,1,SEG_intermediate
P42694,mRNA,1942.0,2,65,0.0334706488156539,2,SEG_intermediate
P46087,pre-rRNA,812.0,2,29,0.0357142857142857,2,SEG_intermediate
P46100,unknown,2492.0,5,144,0.0577849117174959,3+,SEG_intermediate
P47974,mRNA,494.0,3,127,0.2570850202429149,3+,SEG_intermediate
P49589,tRNA,748.0,1,35,0.0467914438502673,1,SEG_intermediate
P49756,mRNA,843.0,4,256,0.3036773428232503,3+,SEG_intermediate
P49759,mRNA,484.0,1,15,0.03099173553719,1,SEG_intermediate
P49760,mRNA,499.0,2,68,0.1362725450901803,2,SEG_intermediate
P49761,mRNA,490.0,2,42,0.0857142857142857,2,SEG_intermediate
P49790,diverse,1475.0,2,36,0.0244067796610169,2,SEG_intermediate
P50914,ribosomal protein,215.0,1,39,0.1813953488372093,1,SEG_intermediate
P51114,mRNA,621.0,2,51,0.0821256038647343,2,SEG_intermediate
P51116,mRNA,673.0,3,62,0.0921248142644873,3+,SEG_intermediate
P51513,mRNA,507.0,1,42,0.0828402366863905,1,SEG_intermediate
P51531,unknown,1590.0,7,228,0.1433962264150943,3+,SEG_intermediate
P51608,mRNA,486.0,3,79,0.1625514403292181,3+,SEG_intermediate
P51825,mRNA,1210.0,3,83,0.068595041322314,3+,SEG_intermediate
P51991,mRNA,378.0,2,157,0.4153439153439153,2,SEG_intermediate
P52756,mRNA,815.0,1,47,0.0576687116564417,1,SEG_intermediate
P53999,mRNA,127.0,1,24,0.1889763779527559,1,SEG_intermediate
P54253,mRNA,815.0,1,30,0.0368098159509202,1,SEG_intermediate
P55010,mRNA,431.0,1,23,0.0533642691415313,1,SEG_intermediate
P55795,mRNA,449.0,2,51,0.1135857461024498,2,SEG_intermediate
P56270,unknown,477.0,5,149,0.3123689727463312,3+,SEG_intermediate
P60153,unknown,205.0,1,14,0.0682926829268292,1,SEG_intermediate
P60323,mRNA,173.0,1,16,0.0924855491329479,1,SEG_intermediate
P61129,unknown,1189.0,2,47,0.0395290159798149,2,SEG_intermediate
P61978,mRNA,463.0,1,17,0.0367170626349892,1,SEG_intermediate
P62314,snRNA,119.0,1,23,0.1932773109243697,1,SEG_intermediate
P62633,mRNA,177.0,1,15,0.0847457627118644,1,SEG_intermediate
P62750,ribosomal protein,156.0,1,29,0.1858974358974359,1,SEG_intermediate
P62851,ribosomal protein,125.0,2,33,0.264,2,SEG_intermediate
P62906,ribosomal protein,217.0,1,18,0.0829493087557603,1,SEG_intermediate
P62945,ribosomal protein,25.0,1,25,1.0,1,SEG_intermediate
P62995,mRNA,288.0,3,130,0.4513888888888889,3+,SEG_intermediate
P63162,snRNA,240.0,2,46,0.1916666666666666,2,SEG_intermediate
P67809,mRNA,324.0,1,10,0.0308641975308641,1,SEG_intermediate
P78362,mRNA,688.0,2,67,0.0973837209302325,2,SEG_intermediate
P82675,ribosomal protein,430.0,1,19,0.0441860465116279,1,SEG_intermediate
P82914,ribosomal protein,257.0,1,23,0.0894941634241245,1,SEG_intermediate
P83369,snRNA,360.0,1,30,0.0833333333333333,1,SEG_intermediate
P84098,ribosomal protein,196.0,1,14,0.0714285714285714,1,SEG_intermediate
P84103,mRNA,164.0,2,65,0.3963414634146341,2,SEG_intermediate
P98175,mRNA,930.0,1,13,0.0139784946236559,1,SEG_intermediate
Q00577,mRNA,322.0,1,52,0.1614906832298136,1,SEG_intermediate
Q00839,mRNA,825.0,4,106,0.1284848484848484,3+,SEG_intermediate
Q01081,mRNA,240.0,1,53,0.2208333333333333,1,SEG_intermediate
Q01130,mRNA,221.0,1,113,0.5113122171945701,1,SEG_intermediate
Q01844,unknown,656.0,5,223,0.3399390243902439,3+,SEG_intermediate
Q02040,mRNA,695.0,2,115,0.1654676258992805,2,SEG_intermediate
Q03468,unknown,1493.0,1,25,0.0167448091091761,1,SEG_intermediate
Q04637,mRNA,1599.0,2,60,0.0375234521575985,2,SEG_intermediate
Q05519,mRNA,484.0,3,125,0.2582644628099173,3+,SEG_intermediate
Q06787,mRNA,632.0,1,23,0.0363924050632911,1,SEG_intermediate
Q07352,mRNA,338.0,1,28,0.0828402366863905,1,SEG_intermediate
Q07666,mRNA,443.0,2,51,0.1151241534988713,2,SEG_intermediate
Q07864,unknown,2286.0,1,33,0.0144356955380577,1,SEG_intermediate
Q07955,mRNA,248.0,2,83,0.3346774193548387,2,SEG_intermediate
Q08170,mRNA,494.0,3,192,0.388663967611336,3+,SEG_intermediate
Q08211,ncRNA,1270.0,2,50,0.0393700787401574,2,SEG_intermediate
Q09161,mRNA,790.0,1,15,0.0189873417721519,1,SEG_intermediate
Q12849,mRNA,480.0,2,54,0.1125,2,SEG_intermediate
Q12872,mRNA,951.0,5,124,0.1303890641430073,3+,SEG_intermediate
Q12874,snRNA,501.0,1,24,0.0479041916167664,1,SEG_intermediate
Q12904,tRNA,312.0,1,24,0.0769230769230769,1,SEG_intermediate
Q12905,mRNA,390.0,2,61,0.1564102564102564,2,SEG_intermediate
Q12906,mRNA,894.0,4,122,0.1364653243847874,3+,SEG_intermediate
Q13064,mRNA,507.0,1,25,0.04930966469428,1,SEG_intermediate
Q13148,mRNA,414.0,1,31,0.0748792270531401,1,SEG_intermediate
Q13151,mRNA,305.0,4,126,0.4131147540983607,3+,SEG_intermediate
Q13243,mRNA,272.0,2,72,0.2647058823529412,2,SEG_intermediate
Q13247,mRNA,344.0,3,126,0.3662790697674418,3+,SEG_intermediate
Q13283,mRNA,466.0,3,90,0.1931330472103004,3+,SEG_intermediate
Q13310,mRNA,644.0,1,16,0.0248447204968944,1,SEG_intermediate
Q13428,pre-rRNA,1488.0,14,254,0.1706989247311827,3+,SEG_intermediate
Q13435,mRNA,895.0,4,93,0.1039106145251396,3+,SEG_intermediate
Q13485,ncRNA,552.0,1,21,0.0380434782608695,1,SEG_intermediate
Q13523,snRNA,1007.0,2,102,0.1012909632571996,2,SEG_intermediate
Q13595,mRNA,282.0,2,133,0.4716312056737589,2,SEG_intermediate
Q13823,pre-rRNA,731.0,1,33,0.0451436388508891,1,SEG_intermediate
Q14011,mRNA,172.0,1,43,0.25,1,SEG_intermediate
Q14103,mRNA,355.0,2,63,0.1774647887323943,2,SEG_intermediate
Q14137,pre-rRNA,746.0,2,45,0.0603217158176943,2,SEG_intermediate
Q14151,mRNA,953.0,3,106,0.111227701993704,3+,SEG_intermediate
Q14152,mRNA,1382.0,4,129,0.0933429811866859,3+,SEG_intermediate
Q14157,mRNA,1087.0,4,124,0.1140754369825207,3+,SEG_intermediate
Q14296,mRNA,549.0,1,28,0.0510018214936247,1,SEG_intermediate
Q14444,mRNA,709.0,2,71,0.1001410437235543,2,SEG_intermediate
Q14498,mRNA,530.0,1,63,0.1188679245283018,1,SEG_intermediate
Q14562,mRNA,1220.0,2,73,0.0598360655737704,2,SEG_intermediate
Q14657,tRNA,143.0,2,43,0.3006993006993007,2,SEG_intermediate
Q14671,mRNA,1186.0,4,79,0.066610455311973,3+,SEG_intermediate
Q14692,pre-rRNA,1282.0,3,80,0.0624024960998439,3+,SEG_intermediate
Q14839,unknown,1912.0,5,118,0.0617154811715481,3+,SEG_intermediate
Q14966,mRNA,1978.0,1,28,0.0141557128412537,1,SEG_intermediate
Q15007,mRNA,396.0,1,26,0.0656565656565656,1,SEG_intermediate
Q15020,snRNA,963.0,2,57,0.0591900311526479,2,SEG_intermediate
Q15022,ncRNA,739.0,1,61,0.0825439783491204,1,SEG_intermediate
Q15029,tRNA,972.0,1,20,0.0205761316872428,1,SEG_intermediate
Q15032,unknown,1099.0,2,42,0.0382165605095541,2,SEG_intermediate
Q15056,mRNA,248.0,1,20,0.0806451612903225,1,SEG_intermediate
Q15061,pre-rRNA,677.0,1,42,0.0620384047267356,1,SEG_intermediate
Q15233,ncRNA,471.0,3,79,0.167728237791932,3+,SEG_intermediate
Q15269,snoRNA,919.0,1,17,0.0184983677910772,1,SEG_intermediate
Q15287,mRNA,305.0,2,143,0.4688524590163934,2,SEG_intermediate
Q15424,mRNA,915.0,2,62,0.06775956284153,2,SEG_intermediate
Q15427,mRNA,424.0,3,180,0.4245283018867924,3+,SEG_intermediate
Q15428,snRNA,464.0,1,86,0.1853448275862069,1,SEG_intermediate
Q15459,snRNA,793.0,5,109,0.137452711223203,3+,SEG_intermediate
Q15637,mRNA,639.0,5,192,0.3004694835680751,3+,SEG_intermediate
Q15696,mRNA,482.0,2,111,0.2302904564315352,2,SEG_intermediate
Q15797,ncRNA,465.0,1,37,0.0795698924731182,1,SEG_intermediate
Q15910,ncRNA,746.0,1,10,0.0134048257372654,1,SEG_intermediate
Q16206,mRNA,610.0,1,21,0.0344262295081967,1,SEG_intermediate
Q16594,snoRNA,264.0,1,13,0.0492424242424242,1,SEG_intermediate
Q16629,mRNA,238.0,2,111,0.4663865546218487,2,SEG_intermediate
Q16630,mRNA,551.0,3,194,0.352087114337568,3+,SEG_intermediate
Q16637,snRNA,294.0,3,70,0.238095238095238,3+,SEG_intermediate
Q17RY0,mRNA,729.0,2,65,0.0891632373113854,2,SEG_intermediate
Q1KMD3,mRNA,747.0,3,93,0.1244979919678714,3+,SEG_intermediate
Q2NL82,pre-rRNA,804.0,1,26,0.0323383084577114,1,SEG_intermediate
Q2Q1W2,ncRNA,868.0,1,34,0.0391705069124423,1,SEG_intermediate
Q2TBE0,mRNA,894.0,1,28,0.0313199105145413,1,SEG_intermediate
Q2WGJ9,unknown,1857.0,2,37,0.0199246095853527,2,SEG_intermediate
Q32MZ4,ncRNA,808.0,2,36,0.0445544554455445,2,SEG_intermediate
Q32P51,mRNA,320.0,2,90,0.28125,2,SEG_intermediate
Q3L8U1,unknown,2897.0,3,113,0.0390058681394546,3+,SEG_intermediate
Q4G0J3,ncRNA,582.0,3,52,0.0893470790378006,3+,SEG_intermediate
Q4ZG55,unknown,1949.0,4,88,0.0451513596716264,3+,SEG_intermediate
Q52LJ0,tRNA,433.0,1,103,0.2378752886836027,1,SEG_intermediate
Q53F19,unknown,620.0,2,38,0.0612903225806451,2,SEG_intermediate
Q58A45,mRNA,887.0,3,104,0.117249154453213,3+,SEG_intermediate
Q5C9Z4,pre-rRNA,860.0,2,59,0.0686046511627907,2,SEG_intermediate
Q5GAN6,unknown,216.0,1,17,0.0787037037037037,1,SEG_intermediate
Q5JTH9,pre-rRNA,1297.0,1,11,0.0084811102544333,1,SEG_intermediate
Q5JVS0,mRNA,413.0,2,51,0.1234866828087167,2,SEG_intermediate
Q5QJE6,pre-rRNA,756.0,1,42,0.0555555555555555,1,SEG_intermediate
Q5QPL9,mRNA,237.0,1,33,0.1392405063291139,1,SEG_intermediate
Q5RKV6,diverse,272.0,2,56,0.2058823529411764,2,SEG_intermediate
Q5SZQ8,mRNA,465.0,1,34,0.0731182795698924,1,SEG_intermediate
Q5T200,unknown,1668.0,7,365,0.2188249400479616,3+,SEG_intermediate
Q5T481,mRNA,1227.0,1,28,0.0228198859005704,1,SEG_intermediate
Q5T6F2,mRNA,1119.0,4,119,0.1063449508489723,3+,SEG_intermediate
Q5T760,mRNA,491.0,3,112,0.2281059063136456,3+,SEG_intermediate
Q5T7N2,mRNA,865.0,2,68,0.0786127167630057,2,SEG_intermediate
Q5T8P6,mRNA,1007.0,4,177,0.1757696127110228,3+,SEG_intermediate
Q5U5Q3,mRNA,659.0,4,119,0.180576631259484,3+,SEG_intermediate
Q5VTL8,snRNA,546.0,5,181,0.3315018315018315,3+,SEG_intermediate
Q5VV67,mRNA,1664.0,4,165,0.0991586538461538,3+,SEG_intermediate
Q5VYS8,ncRNA,1495.0,1,15,0.0100334448160535,1,SEG_intermediate
Q5VZF2,mRNA,373.0,1,25,0.067024128686327,1,SEG_intermediate
Q5XG87,diverse,792.0,4,125,0.1578282828282828,3+,SEG_intermediate
Q659C4,mRNA,914.0,1,30,0.0328227571115973,1,SEG_intermediate
Q66PJ3,mRNA,237.0,2,92,0.3881856540084388,2,SEG_intermediate
Q69YN4,mRNA,1812.0,4,100,0.0551876379690949,3+,SEG_intermediate
Q6BEB4,unknown,398.0,2,32,0.0804020100502512,2,SEG_intermediate
Q6L8Q7,mRNA,609.0,1,12,0.0197044334975369,1,SEG_intermediate
Q6P158,mRNA,1386.0,1,55,0.0396825396825396,1,SEG_intermediate
Q6P2E9,mRNA,1401.0,1,40,0.0285510349750178,1,SEG_intermediate
Q6P6C2,mRNA,394.0,1,19,0.0482233502538071,1,SEG_intermediate
Q6P9B9,snRNA,1019.0,1,15,0.014720314033366,1,SEG_intermediate
Q6PI26,snoRNA,577.0,1,27,0.046793760831889,1,SEG_intermediate
Q6PKG0,mRNA,1096.0,2,49,0.0447080291970802,2,SEG_intermediate
Q6XE24,mRNA,437.0,1,18,0.0411899313501144,1,SEG_intermediate
Q6ZN04,mRNA,569.0,3,70,0.1230228471001757,3+,SEG_intermediate
Q6ZRS2,unknown,3230.0,9,266,0.0823529411764705,3+,SEG_intermediate
Q6ZRY4,mRNA,209.0,1,15,0.0717703349282296,1,SEG_intermediate
Q76FK4,pre-rRNA,1167.0,1,14,0.0119965724078834,1,SEG_intermediate
Q7KZ85,mRNA,1726.0,6,138,0.0799536500579374,3+,SEG_intermediate
Q7L2E3,mRNA,1194.0,1,12,0.0100502512562814,1,SEG_intermediate
Q7Z2T5,tRNA,733.0,2,54,0.0736698499317871,2,SEG_intermediate
Q7Z417,mRNA,695.0,2,84,0.1208633093525179,2,SEG_intermediate
Q7Z478,mRNA,1369.0,1,8,0.0058436815193571,1,SEG_intermediate
Q7Z570,unknown,1209.0,1,13,0.010752688172043,1,SEG_intermediate
Q7Z5Q1,mRNA,589.0,1,38,0.064516129032258,1,SEG_intermediate
Q7Z6E9,mRNA,1792.0,7,261,0.1456473214285714,3+,SEG_intermediate
Q7Z6M4,pre-rRNA,381.0,1,42,0.1102362204724409,1,SEG_intermediate
Q7Z739,mRNA,585.0,1,63,0.1076923076923077,1,SEG_intermediate
Q86SE8,pre-rRNA,214.0,1,22,0.102803738317757,1,SEG_intermediate
Q86TG7,unknown,708.0,2,43,0.0607344632768361,2,SEG_intermediate
Q86U06,mRNA,439.0,2,51,0.1161731207289293,2,SEG_intermediate
Q86U42,mRNA,306.0,3,95,0.3104575163398693,3+,SEG_intermediate
Q86VM9,mRNA,953.0,4,228,0.2392444910807974,3+,SEG_intermediate
Q86XN8,mRNA,651.0,3,145,0.2227342549923195,3+,SEG_intermediate
Q86XP3,mRNA,938.0,1,16,0.0170575692963752,1,SEG_intermediate
Q86XZ4,mRNA,545.0,1,13,0.0238532110091743,1,SEG_intermediate
Q86Y13,mRNA,1208.0,1,19,0.015728476821192,1,SEG_intermediate
Q86YF9,mRNA,867.0,1,32,0.0369088811995386,1,SEG_intermediate
Q86YN6,unknown,1023.0,3,78,0.0762463343108504,3+,SEG_intermediate
Q8IWX8,mRNA,916.0,4,158,0.1724890829694323,3+,SEG_intermediate
Q8IWZ3,unknown,2542.0,4,122,0.047993705743509,3+,SEG_intermediate
Q8IWZ8,mRNA,645.0,1,23,0.0356589147286821,1,SEG_intermediate
Q8IX12,mRNA,1150.0,6,231,0.2008695652173913,3+,SEG_intermediate
Q8IXZ2,mRNA,948.0,1,22,0.0232067510548523,1,SEG_intermediate
Q8IY37,snoRNA,1157.0,2,60,0.0518582541054451,2,SEG_intermediate
Q8IY81,pre-rRNA,847.0,2,24,0.0283353010625737,2,SEG_intermediate
Q8IYB3,mRNA,904.0,6,336,0.3716814159292035,3+,SEG_intermediate
Q8IYL2,tRNA,757.0,1,26,0.0343461030383091,1,SEG_intermediate
Q8IZD4,mRNA,617.0,1,10,0.0162074554294975,1,SEG_intermediate
Q8N163,mRNA,923.0,1,37,0.0400866738894907,1,SEG_intermediate
Q8N1G1,pre-rRNA,1221.0,2,36,0.0294840294840294,2,SEG_intermediate
Q8N1G4,unknown,583.0,1,15,0.0257289879931389,1,SEG_intermediate
Q8N2A8,ncRNA,252.0,1,17,0.0674603174603174,1,SEG_intermediate
Q8N2M8,mRNA,674.0,7,259,0.3842729970326409,3+,SEG_intermediate
Q8N5A5,unknown,531.0,1,22,0.0414312617702448,1,SEG_intermediate
Q8N684,mRNA,471.0,4,95,0.2016985138004246,3+,SEG_intermediate
Q8N8A6,pre-rRNA,666.0,2,38,0.057057057057057,2,SEG_intermediate
Q8N8D1,snRNA,485.0,5,160,0.3298969072164948,3+,SEG_intermediate
Q8NAF0,unknown,562.0,2,43,0.0765124555160142,2,SEG_intermediate
Q8NAV1,snRNA,312.0,2,106,0.3397435897435897,2,SEG_intermediate
Q8NBJ9,ncRNA,832.0,1,21,0.0252403846153846,1,SEG_intermediate
Q8NC51,mRNA,408.0,2,56,0.1372549019607843,2,SEG_intermediate
Q8NC60,pre-rRNA,698.0,2,53,0.0759312320916905,2,SEG_intermediate
Q8NDF8,diverse,572.0,3,81,0.1416083916083916,3+,SEG_intermediate
Q8NDG6,ncRNA,1382.0,1,23,0.016642547033285,1,SEG_intermediate
Q8NDV7,mRNA,1962.0,2,68,0.0346585117227319,2,SEG_intermediate
Q8NE18,pre-rRNA,718.0,1,22,0.0306406685236768,1,SEG_intermediate
Q8NE35,mRNA,698.0,4,105,0.1504297994269341,3+,SEG_intermediate
Q8NE71,mRNA,845.0,5,125,0.1479289940828402,3+,SEG_intermediate
Q8NHQ9,pre-rRNA,600.0,1,26,0.0433333333333333,1,SEG_intermediate
Q8NI27,mRNA,1593.0,3,58,0.0364092906465787,3+,SEG_intermediate
Q8TA86,snRNA,221.0,1,42,0.1900452488687782,1,SEG_intermediate
Q8TAD8,ncRNA,396.0,1,25,0.0631313131313131,1,SEG_intermediate
Q8TB72,mRNA,1066.0,7,160,0.150093808630394,3+,SEG_intermediate
Q8TBF4,snRNA,217.0,1,34,0.1566820276497695,1,SEG_intermediate
Q8TBY0,mRNA,533.0,1,15,0.0281425891181988,1,SEG_intermediate
Q8TD26,mRNA,2715.0,1,12,0.0044198895027624,1,SEG_intermediate
Q8TDI0,unknown,1954.0,6,128,0.0655066530194472,3+,SEG_intermediate
Q8TEX9,mRNA,1081.0,2,41,0.0379278445883441,2,SEG_intermediate
Q8WUA2,mRNA,492.0,1,18,0.0365853658536585,1,SEG_intermediate
Q8WUQ7,mRNA,758.0,3,120,0.158311345646438,3+,SEG_intermediate
Q8WVK2,snRNA,155.0,1,64,0.4129032258064516,1,SEG_intermediate
Q8WW36,mRNA,166.0,1,28,0.1686746987951807,1,SEG_intermediate
Q8WWH5,tRNA,349.0,1,31,0.0888252148997134,1,SEG_intermediate
Q8WWM7,mRNA,1075.0,1,18,0.0167441860465116,1,SEG_intermediate
Q8WWY3,snRNA,499.0,1,28,0.0561122244488977,1,SEG_intermediate
Q8WXA9,mRNA,508.0,4,225,0.4429133858267716,3+,SEG_intermediate
Q8WXF0,mRNA,261.0,1,32,0.1226053639846743,1,SEG_intermediate
Q8WXF1,ncRNA,523.0,1,41,0.0783938814531548,1,SEG_intermediate
Q8WYQ9,unknown,949.0,3,54,0.0569020021074815,3+,SEG_intermediate
Q92540,mRNA,1137.0,1,25,0.0219876868953386,1,SEG_intermediate
Q92620,mRNA,1227.0,1,40,0.0325998370008149,1,SEG_intermediate
Q92797,mRNA,1274.0,1,25,0.0196232339089481,1,SEG_intermediate
Q92879,mRNA,486.0,2,49,0.1008230452674897,2,SEG_intermediate
Q92900,mRNA,1129.0,1,26,0.0230292294065544,1,SEG_intermediate
Q92945,mRNA,711.0,7,234,0.3291139240506329,3+,SEG_intermediate
Q92973,mRNA,898.0,1,19,0.0211581291759465,1,SEG_intermediate
Q969H6,ncRNA,163.0,1,15,0.0920245398773006,1,SEG_intermediate
Q969S3,unknown,477.0,1,26,0.0545073375262054,1,SEG_intermediate
Q96AE4,mRNA,644.0,5,133,0.2065217391304347,3+,SEG_intermediate
Q96CB8,snRNA,462.0,2,68,0.1471861471861472,2,SEG_intermediate
Q96DH6,mRNA,328.0,1,29,0.0884146341463414,1,SEG_intermediate
Q96EP5,mRNA,407.0,2,60,0.1474201474201474,2,SEG_intermediate
Q96EU6,pre-rRNA,259.0,1,25,0.0965250965250965,1,SEG_intermediate
Q96EV2,mRNA,1170.0,4,134,0.1145299145299145,3+,SEG_intermediate
Q96EY7,mRNA,689.0,1,17,0.0246734397677793,1,SEG_intermediate
Q96GM8,unknown,510.0,1,21,0.0411764705882352,1,SEG_intermediate
Q96HR8,snoRNA,494.0,3,70,0.1417004048582996,3+,SEG_intermediate
Q96I24,mRNA,572.0,1,19,0.0332167832167832,1,SEG_intermediate
Q96I25,mRNA,401.0,1,31,0.0773067331670823,1,SEG_intermediate
Q96IP4,unknown,442.0,1,27,0.0610859728506787,1,SEG_intermediate
Q96IZ7,mRNA,334.0,3,134,0.4011976047904191,3+,SEG_intermediate
Q96K80,unknown,434.0,3,79,0.1820276497695852,3+,SEG_intermediate
Q96KR1,unknown,1074.0,5,145,0.1350093109869646,3+,SEG_intermediate
Q96L12,unknown,384.0,1,14,0.0364583333333333,1,SEG_intermediate
Q96L91,unknown,3159.0,6,193,0.0610952833175055,3+,SEG_intermediate
Q96MP5,unknown,696.0,1,16,0.0229885057471264,1,SEG_intermediate
Q96MT3,unknown,831.0,2,37,0.0445246690734055,2,SEG_intermediate
Q96MU7,mRNA,727.0,2,124,0.170563961485557,2,SEG_intermediate
Q96N46,unknown,770.0,2,84,0.109090909090909,2,SEG_intermediate
Q96NC0,snRNA,199.0,1,27,0.135678391959799,1,SEG_intermediate
Q96P70,mRNA,1041.0,3,30,0.0288184438040345,3+,SEG_intermediate
Q96PK6,mRNA,669.0,2,55,0.0822122571001494,2,SEG_intermediate
Q96PZ0,pre-rRNA,661.0,1,27,0.0408472012102874,1,SEG_intermediate
Q96QC0,unknown,940.0,4,277,0.2946808510638298,3+,SEG_intermediate
Q96QR8,mRNA,312.0,3,62,0.1987179487179487,3+,SEG_intermediate
Q96RS0,snRNA,853.0,1,14,0.0164126611957796,1,SEG_intermediate
Q96T37,mRNA,977.0,3,73,0.074718526100307,3+,SEG_intermediate
Q96T58,mRNA,3664.0,2,79,0.021561135371179,2,SEG_intermediate
Q99590,mRNA,1463.0,1,9,0.0061517429938482,1,SEG_intermediate
Q99608,unknown,321.0,1,17,0.0529595015576324,1,SEG_intermediate
Q99613,mRNA,913.0,3,78,0.0854326396495071,3+,SEG_intermediate
Q99729,mRNA,332.0,3,111,0.3343373493975903,3+,SEG_intermediate
Q9BQ04,mRNA,359.0,2,39,0.1086350974930362,2,SEG_intermediate
Q9BQ39,pre-rRNA,737.0,1,62,0.0841248303934871,1,SEG_intermediate
Q9BQ67,pre-rRNA,446.0,1,14,0.0313901345291479,1,SEG_intermediate
Q9BRR8,mRNA,931.0,2,60,0.0644468313641246,2,SEG_intermediate
Q9BRS2,pre-rRNA,568.0,1,33,0.0580985915492957,1,SEG_intermediate
Q9BRZ2,unknown,755.0,1,23,0.0304635761589403,1,SEG_intermediate
Q9BSC4,pre-rRNA,688.0,1,38,0.0552325581395348,1,SEG_intermediate
Q9BTD8,mRNA,480.0,6,178,0.3708333333333333,3+,SEG_intermediate
Q9BUJ2,mRNA,856.0,5,134,0.1565420560747663,3+,SEG_intermediate
Q9BUQ8,snRNA,820.0,3,121,0.1475609756097561,3+,SEG_intermediate
Q9BWF3,mRNA,364.0,1,18,0.0494505494505494,1,SEG_intermediate
Q9BWU0,unknown,742.0,1,29,0.0390835579514824,1,SEG_intermediate
Q9BX46,mRNA,236.0,2,50,0.211864406779661,2,SEG_intermediate
Q9BXP5,ncRNA,876.0,1,40,0.045662100456621,1,SEG_intermediate
Q9BXV9,tRNA,100.0,1,19,0.19,1,SEG_intermediate
Q9BXY0,pre-rRNA,300.0,1,21,0.07,1,SEG_intermediate
Q9BYJ9,mRNA,559.0,1,43,0.0769230769230769,1,SEG_intermediate
Q9BZI7,mRNA,483.0,2,79,0.1635610766045548,2,SEG_intermediate
Q9C0B9,unknown,1178.0,2,74,0.0628183361629881,2,SEG_intermediate
Q9H0L4,mRNA,616.0,1,14,0.0227272727272727,1,SEG_intermediate
Q9H0W8,mRNA,520.0,3,42,0.0807692307692307,3+,SEG_intermediate
Q9H1J1,mRNA,476.0,1,44,0.0924369747899159,1,SEG_intermediate
Q9H2U1,mRNA,1008.0,1,51,0.050595238095238,1,SEG_intermediate
Q9H307,mRNA,717.0,5,191,0.2663877266387726,3+,SEG_intermediate
Q9H361,mRNA,631.0,1,23,0.0364500792393026,1,SEG_intermediate
Q9H3H3,unknown,292.0,1,18,0.0616438356164383,1,SEG_intermediate
Q9H4Z3,mRNA,704.0,1,15,0.0213068181818181,1,SEG_intermediate
Q9H501,pre-rRNA,851.0,1,34,0.0399529964747356,1,SEG_intermediate
Q9H5H4,unknown,540.0,1,26,0.0481481481481481,1,SEG_intermediate
Q9H694,mRNA,974.0,1,37,0.0379876796714579,1,SEG_intermediate
Q9H6E5,snRNA,874.0,1,25,0.028604118993135,1,SEG_intermediate
Q9H6R0,mRNA,707.0,1,12,0.0169731258840169,1,SEG_intermediate
Q9H6S0,mRNA,1430.0,2,45,0.0314685314685314,2,SEG_intermediate
Q9H6T0,mRNA,727.0,1,25,0.0343878954607978,1,SEG_intermediate
Q9H7N4,mRNA,1312.0,10,360,0.274390243902439,3+,SEG_intermediate
Q9H9A5,mRNA,744.0,1,21,0.0282258064516129,1,SEG_intermediate
Q9HAU5,mRNA,1272.0,2,100,0.0786163522012578,2,SEG_intermediate
Q9HBD1,mRNA,1191.0,1,20,0.0167926112510495,1,SEG_intermediate
Q9HBD4,unknown,1679.0,6,154,0.091721262656343,3+,SEG_intermediate
Q9HC10,unknown,1997.0,2,52,0.0260390585878818,2,SEG_intermediate
Q9HCE5,mRNA,456.0,1,29,0.0635964912280701,1,SEG_intermediate
Q9HCJ0,mRNA,1936.0,4,74,0.0382231404958677,3+,SEG_intermediate
Q9HCJ3,mRNA,691.0,1,34,0.0492040520984081,1,SEG_intermediate
Q9HCK8,mRNA,2581.0,4,122,0.04726850058117,3+,SEG_intermediate
Q9NP64,unknown,241.0,3,61,0.2531120331950207,3+,SEG_intermediate
Q9NP92,ribosomal protein,439.0,1,25,0.0569476082004555,1,SEG_intermediate
Q9NQ29,mRNA,371.0,1,79,0.2129380053908355,1,SEG_intermediate
Q9NQZ2,snoRNA,479.0,1,28,0.0584551148225469,1,SEG_intermediate
Q9NR48,ncRNA,2969.0,1,30,0.0101044122600202,1,SEG_intermediate
Q9NR56,mRNA,388.0,1,30,0.0773195876288659,1,SEG_intermediate
Q9NS39,mRNA,739.0,1,27,0.0365358592692828,1,SEG_intermediate
Q9NTZ6,mRNA,932.0,2,107,0.1148068669527897,2,SEG_intermediate
Q9NV66,tRNA,732.0,1,17,0.0232240437158469,1,SEG_intermediate
Q9NVH2,snRNA,962.0,1,19,0.0197505197505197,1,SEG_intermediate
Q9NVP1,pre-rRNA,670.0,1,9,0.0134328358208955,1,SEG_intermediate
Q9NW07,unknown,568.0,2,53,0.0933098591549295,2,SEG_intermediate
Q9NW13,snRNA,759.0,1,32,0.0421607378129117,1,SEG_intermediate
Q9NW64,mRNA,420.0,1,29,0.069047619047619,1,SEG_intermediate
Q9NWH9,mRNA,1034.0,3,162,0.1566731141199226,3+,SEG_intermediate
Q9NX05,unknown,1096.0,1,24,0.0218978102189781,1,SEG_intermediate
Q9NX07,tRNA,287.0,1,28,0.0975609756097561,1,SEG_intermediate
Q9NY12,snoRNA,217.0,2,106,0.488479262672811,2,SEG_intermediate
Q9NYF8,mRNA,920.0,4,188,0.2043478260869565,3+,SEG_intermediate
Q9NZJ5,mRNA,1116.0,1,29,0.0259856630824372,1,SEG_intermediate
Q9P1Y6,mRNA,1649.0,3,91,0.055184960582171,3+,SEG_intermediate
Q9P2E9,mRNA,1410.0,1,23,0.0163120567375886,1,SEG_intermediate
Q9P2I0,mRNA,782.0,1,30,0.0383631713554987,1,SEG_intermediate
Q9P2J5,tRNA,1176.0,1,23,0.0195578231292517,1,SEG_intermediate
Q9P2K5,mRNA,600.0,1,22,0.0366666666666666,1,SEG_intermediate
Q9P2N5,mRNA,1060.0,4,97,0.0915094339622641,3+,SEG_intermediate
Q9UBK2,unknown,798.0,1,53,0.0664160401002506,1,SEG_intermediate
Q9UGR2,ncRNA,977.0,1,18,0.0184237461617195,1,SEG_intermediate
Q9UHB9,ncRNA,627.0,1,27,0.0430622009569378,1,SEG_intermediate
Q9UHC7,mRNA,482.0,2,50,0.1037344398340249,2,SEG_intermediate
Q9UHX1,mRNA,559.0,1,40,0.071556350626118,1,SEG_intermediate
Q9UI10,mRNA,523.0,1,22,0.0420650095602294,1,SEG_intermediate
Q9UIF8,ncRNA,2168.0,4,192,0.088560885608856,3+,SEG_intermediate
Q9UIF9,ncRNA,1905.0,3,75,0.0393700787401574,3+,SEG_intermediate
Q9UJJ7,unknown,312.0,1,29,0.0929487179487179,1,SEG_intermediate
Q9UJV8,mRNA,347.0,1,22,0.063400576368876,1,SEG_intermediate
Q9UJV9,mRNA,622.0,1,18,0.0289389067524115,1,SEG_intermediate
Q9UKA9,mRNA,531.0,1,10,0.0188323917137476,1,SEG_intermediate
Q9UKJ3,unknown,1502.0,7,251,0.1671105193075898,3+,SEG_intermediate
Q9UKM9,mRNA,306.0,1,33,0.1078431372549019,1,SEG_intermediate
Q9UKV3,mRNA,1341.0,9,295,0.2199850857568978,3+,SEG_intermediate
Q9UKZ1,mRNA,510.0,1,41,0.0803921568627451,1,SEG_intermediate
Q9ULG1,unknown,1556.0,2,55,0.0353470437017994,2,SEG_intermediate
Q9ULR0,mRNA,285.0,1,31,0.1087719298245614,1,SEG_intermediate
Q9ULX6,mRNA,646.0,1,44,0.0681114551083591,1,SEG_intermediate
Q9UN86,mRNA,482.0,1,30,0.0622406639004149,1,SEG_intermediate
Q9UNW9,mRNA,492.0,3,158,0.3211382113821138,3+,SEG_intermediate
Q9UNX4,snoRNA,943.0,2,51,0.0540827147401908,2,SEG_intermediate
Q9UNY4,mRNA,1162.0,1,16,0.0137693631669535,1,SEG_intermediate
Q9UPN6,mRNA,1271.0,5,171,0.1345397324940991,3+,SEG_intermediate
Q9UPQ9,mRNA,1833.0,3,56,0.0305510092744135,3+,SEG_intermediate
Q9UPR3,mRNA,1016.0,2,51,0.0501968503937007,2,SEG_intermediate
Q9UPR6,unknown,939.0,1,35,0.0372736954206602,1,SEG_intermediate
Q9UPS6,ncRNA,1966.0,9,350,0.1780264496439471,3+,SEG_intermediate
Q9UPT8,unknown,1303.0,9,306,0.2348426707597851,3+,SEG_intermediate
Q9UPY3,ncRNA,1922.0,2,31,0.0161290322580645,2,SEG_intermediate
Q9UQ35,mRNA,2752.0,13,672,0.2441860465116279,3+,SEG_intermediate
Q9Y237,pre-rRNA,131.0,1,25,0.1908396946564885,1,SEG_intermediate
Q9Y2T7,mRNA,364.0,2,45,0.1236263736263736,2,SEG_intermediate
Q9Y2U8,snRNA,911.0,1,41,0.0450054884742041,1,SEG_intermediate
Q9Y2W1,mRNA,955.0,6,205,0.2146596858638743,3+,SEG_intermediate
Q9Y2X3,snoRNA,529.0,2,63,0.1190926275992438,2,SEG_intermediate
Q9Y388,mRNA,322.0,1,25,0.077639751552795,1,SEG_intermediate
Q9Y3T9,pre-rRNA,749.0,1,21,0.02803738317757,1,SEG_intermediate
Q9Y3Y2,mRNA,248.0,1,61,0.2459677419354838,1,SEG_intermediate
Q9Y4B4,unknown,1467.0,2,50,0.0340831629175187,2,SEG_intermediate
Q9Y4C8,pre-rRNA,960.0,2,25,0.0260416666666666,2,SEG_intermediate
Q9Y4Z0,snRNA,139.0,1,26,0.1870503597122302,1,SEG_intermediate
Q9Y5A9,mRNA,579.0,1,26,0.0449050086355785,1,SEG_intermediate
Q9Y5J1,snoRNA,556.0,1,29,0.0521582733812949,1,SEG_intermediate
X6R7H2,mRNA,631.0,2,101,0.1600633914421553,2,SEG_intermediate
X6RDA4,ncRNA,248.0,1,41,0.1653225806451612,1,SEG_intermediate
A0A087WVF4,unknown,1798.0,2,56,0.0311457174638487,2,SEG
A0A0A0MRM9,snoRNA,708.0,5,78,0.1101694915254237,3+,SEG
A0A0A0MSN9,mRNA,333.0,1,48,0.1441441441441441,1,SEG
A0A0C4DG89,snRNA,1032.0,1,38,0.0368217054263565,1,SEG
A0A0C4DGG8,mRNA,1043.0,2,42,0.0402684563758389,2,SEG
A0A0D9SF53,unknown,733.0,1,20,0.0272851296043656,1,SEG
A0A140T8Y2,pre-rRNA,407.0,1,19,0.0466830466830466,1,SEG
A0A2R8Y4L2,mRNA,320.0,1,15,0.046875,1,SEG
A0A5K1VW79,mRNA,999.0,3,66,0.066066066066066,3+,SEG
A0A7N4I394,snRNA,994.0,1,27,0.0271629778672032,1,SEG
A0A8I5KSH6,unknown,925.0,1,15,0.0162162162162162,1,SEG
A0A8V8TR54,unknown,2114.0,5,107,0.0506149479659413,3+,SEG
A0ABB0MN55,mRNA,322.0,4,91,0.2826086956521739,3+,SEG
A0ABB0MV08,mRNA,369.0,1,21,0.056910569105691,1,SEG
A0ACI8PX57,unknown,378.0,2,37,0.0978835978835978,2,SEG
A0ACI8Q806,unknown,498.0,1,16,0.0321285140562249,1,SEG
A0ACI8QLY8,unknown,321.0,2,38,0.1183800623052959,2,SEG
A0ACI8QUJ1,unknown,752.0,1,21,0.0279255319148936,1,SEG
A0ACI8QY88,mRNA,715.0,3,63,0.0881118881118881,3+,SEG
A0ACI8RR28,unknown,918.0,1,16,0.0174291938997821,1,SEG
A0ACI8RX58,unknown,750.0,4,134,0.1786666666666666,3+,SEG
A0ACI8T9E2,unknown,234.0,2,35,0.1495726495726495,2,SEG
A0ACI8TMU3,unknown,1055.0,1,29,0.0274881516587677,1,SEG
A0ACI8TSY6,unknown,1461.0,1,18,0.0123203285420944,1,SEG
A0ACI8TXE9,unknown,1448.0,1,15,0.0103591160220994,1,SEG
A0ACI8U1B9,unknown,902.0,2,43,0.0476718403547671,2,SEG
A0ACI8UMC2,unknown,837.0,1,17,0.020310633213859,1,SEG
A0ACI8VCM9,unknown,1180.0,1,17,0.0144067796610169,1,SEG
A0ACI8VQD2,unknown,1043.0,1,12,0.0115052732502396,1,SEG
A0ACI8VSD4,mRNA,674.0,1,10,0.0148367952522255,1,SEG
A0AV96,mRNA,593.0,1,16,0.026981450252951,1,SEG
A1L020,mRNA,520.0,2,44,0.0846153846153846,2,SEG
A6NFI3,unknown,1004.0,3,68,0.0677290836653386,3+,SEG
A6NHQ2,snoRNA,334.0,2,74,0.2215568862275449,2,SEG
A7MD48,mRNA,611.0,2,79,0.1292962356792144,2,SEG
B0QYK0,mRNA,618.0,3,61,0.0987055016181229,3+,SEG
B5MCU0,unknown,990.0,1,10,0.0101010101010101,1,SEG
B8ZZ98,mRNA,158.0,3,74,0.4683544303797468,3+,SEG
C9JAB2,mRNA,235.0,1,22,0.0936170212765957,1,SEG
C9JE40,mRNA,543.0,1,26,0.0478821362799263,1,SEG
C9JP00,mRNA,348.0,1,18,0.0517241379310344,1,SEG
D6R9W6,mRNA,518.0,1,16,0.0308880308880308,1,SEG
D6W5Y5,mRNA,297.0,1,21,0.0707070707070707,1,SEG
E7ETU5,mRNA,370.0,1,18,0.0486486486486486,1,SEG
E9PIF2,pre-rRNA,835.0,1,15,0.0179640718562874,1,SEG
E9PMM9,ribosomal protein,218.0,1,24,0.110091743119266,1,SEG
F6VAP0,mRNA,555.0,1,16,0.0288288288288288,1,SEG
F8VU11,snRNA,892.0,2,36,0.0403587443946188,2,SEG
F8W6I7,mRNA,307.0,1,15,0.0488599348534201,1,SEG
H0YDK8,mRNA,900.0,1,22,0.0244444444444444,1,SEG
H3BPE7,mRNA,527.0,6,143,0.2713472485768501,3+,SEG
J3KPP4,mRNA,489.0,2,60,0.1226993865030674,2,SEG
J3QL05,mRNA,130.0,1,30,0.2307692307692307,1,SEG
K7EJB9,mRNA,349.0,1,32,0.0916905444126074,1,SEG
M0QY97,unknown,910.0,1,25,0.0274725274725274,1,SEG
M0R1H0,snoRNA,178.0,1,44,0.247191011235955,1,SEG
O00267,mRNA,1087.0,1,28,0.0257589696412143,1,SEG
O00571,mRNA,662.0,1,20,0.0302114803625377,1,SEG
O14647,unknown,1828.0,1,20,0.0109409190371991,1,SEG
O14776,mRNA,1098.0,2,100,0.0910746812386156,2,SEG
O15047,ncRNA,1707.0,8,198,0.1159929701230228,3+,SEG
O15105,ncRNA,426.0,1,22,0.0516431924882629,1,SEG
O15234,mRNA,703.0,1,16,0.0227596017069701,1,SEG
O15371,mRNA,548.0,1,18,0.0328467153284671,1,SEG
O43251,mRNA,390.0,1,15,0.0384615384615384,1,SEG
O60293,unknown,1989.0,2,36,0.0180995475113122,2,SEG
O60563,ncRNA,726.0,2,37,0.0509641873278236,2,SEG
O60583,ncRNA,730.0,1,19,0.0260273972602739,1,SEG
O60841,tRNA,1220.0,2,62,0.0508196721311475,2,SEG
O75179,unknown,2603.0,2,51,0.0195927775643488,2,SEG
O75607,pre-rRNA,178.0,1,20,0.1123595505617977,1,SEG
O95104,mRNA,1147.0,4,108,0.094158674803836,3+,SEG
O95218,mRNA,330.0,2,73,0.2212121212121212,2,SEG
O95391,mRNA,586.0,1,16,0.0273037542662116,1,SEG
P05388,ribosomal protein,317.0,1,21,0.0662460567823343,1,SEG
P06748,pre-rRNA,294.0,1,30,0.1020408163265306,1,SEG
P08621,snRNA,437.0,2,37,0.0846681922196796,2,SEG
P09234,snRNA,159.0,1,22,0.1383647798742138,1,SEG
P09651,mRNA,372.0,2,36,0.0967741935483871,2,SEG
P12270,mRNA,2363.0,1,18,0.0076174354633939,1,SEG
P14866,mRNA,589.0,2,37,0.0628183361629881,2,SEG
P17480,pre-rRNA,764.0,3,70,0.0916230366492146,3+,SEG
P18583,mRNA,2426.0,2,53,0.0218466611706512,2,SEG
P18615,mRNA,380.0,1,48,0.1263157894736842,1,SEG
P19338,snoRNA,710.0,4,139,0.1957746478873239,3+,SEG
P22087,snRNA,321.0,1,57,0.1775700934579439,1,SEG
P22626,mRNA,353.0,1,21,0.0594900849858356,1,SEG
P23246,mRNA,707.0,2,66,0.0933521923620933,2,SEG
P26651,mRNA,326.0,1,17,0.0521472392638036,1,SEG
P29558,mRNA,406.0,1,18,0.0443349753694581,1,SEG
P31942,mRNA,346.0,2,35,0.1011560693641618,2,SEG
P35269,mRNA,517.0,1,20,0.0386847195357833,1,SEG
P35637,mRNA,526.0,6,143,0.2718631178707224,3+,SEG
P37108,ncRNA,136.0,1,34,0.25,1,SEG
P46100,unknown,2492.0,1,38,0.0152487961476725,1,SEG
P47974,mRNA,494.0,1,29,0.0587044534412955,1,SEG
P49756,mRNA,843.0,4,119,0.1411625148279952,3+,SEG
P49760,mRNA,499.0,1,18,0.0360721442885771,1,SEG
P50914,ribosomal protein,215.0,1,23,0.1069767441860465,1,SEG
P51513,mRNA,507.0,1,20,0.039447731755424,1,SEG
P51531,unknown,1590.0,2,62,0.0389937106918239,2,SEG
P51608,mRNA,486.0,1,17,0.0349794238683127,1,SEG
P51825,mRNA,1210.0,1,25,0.0206611570247933,1,SEG
P51991,mRNA,378.0,4,105,0.2777777777777778,3+,SEG
P54253,mRNA,815.0,1,30,0.0368098159509202,1,SEG
P56270,unknown,477.0,4,89,0.1865828092243186,3+,SEG
P62314,snRNA,119.0,1,23,0.1932773109243697,1,SEG
P62995,mRNA,288.0,2,43,0.1493055555555555,2,SEG
P78362,mRNA,688.0,1,28,0.0406976744186046,1,SEG
P84103,mRNA,164.0,1,16,0.0975609756097561,1,SEG
P98175,mRNA,930.0,1,13,0.0139784946236559,1,SEG
Q00577,mRNA,322.0,1,36,0.1118012422360248,1,SEG
Q00839,mRNA,825.0,2,35,0.0424242424242424,2,SEG
Q01081,mRNA,240.0,1,29,0.1208333333333333,1,SEG
Q01130,mRNA,221.0,2,66,0.2986425339366516,2,SEG
Q01844,unknown,656.0,4,79,0.1204268292682926,3+,SEG
Q04637,mRNA,1599.0,1,24,0.0150093808630394,1,SEG
Q05519,mRNA,484.0,4,80,0.1652892561983471,3+,SEG
Q06787,mRNA,632.0,1,23,0.0363924050632911,1,SEG
Q07955,mRNA,248.0,2,48,0.1935483870967742,2,SEG
Q08170,mRNA,494.0,1,30,0.0607287449392712,1,SEG
Q08211,ncRNA,1270.0,1,27,0.021259842519685,1,SEG
Q12906,mRNA,894.0,2,43,0.0480984340044742,2,SEG
Q13151,mRNA,305.0,4,91,0.2983606557377049,3+,SEG
Q13243,mRNA,272.0,1,50,0.1838235294117647,1,SEG
Q13247,mRNA,344.0,2,63,0.1831395348837209,2,SEG
Q13428,pre-rRNA,1488.0,5,99,0.0665322580645161,3+,SEG
Q13435,mRNA,895.0,2,51,0.0569832402234636,2,SEG
Q13485,ncRNA,552.0,1,21,0.0380434782608695,1,SEG
Q13523,snRNA,1007.0,4,92,0.0913604766633565,3+,SEG
Q13595,mRNA,282.0,1,16,0.0567375886524822,1,SEG
Q14011,mRNA,172.0,1,21,0.1220930232558139,1,SEG
Q14152,mRNA,1382.0,1,37,0.0267727930535455,1,SEG
Q14157,mRNA,1087.0,1,19,0.0174793008279668,1,SEG
Q14671,mRNA,1186.0,1,22,0.0185497470489038,1,SEG
Q14839,unknown,1912.0,1,18,0.0094142259414225,1,SEG
Q15022,ncRNA,739.0,3,60,0.081190798376184,3+,SEG
Q15029,tRNA,972.0,1,20,0.0205761316872428,1,SEG
Q15032,unknown,1099.0,1,25,0.0227479526842584,1,SEG
Q15233,ncRNA,471.0,1,22,0.0467091295116772,1,SEG
Q15287,mRNA,305.0,1,66,0.2163934426229508,1,SEG
Q15428,snRNA,464.0,1,16,0.0344827586206896,1,SEG
Q15459,snRNA,793.0,1,15,0.0189155107187894,1,SEG
Q15637,mRNA,639.0,4,73,0.1142410015649452,3+,SEG
Q15696,mRNA,482.0,1,44,0.0912863070539419,1,SEG
Q16594,snoRNA,264.0,1,13,0.0492424242424242,1,SEG
Q16629,mRNA,238.0,1,22,0.0924369747899159,1,SEG
Q16630,mRNA,551.0,4,112,0.2032667876588021,3+,SEG
Q1KMD3,mRNA,747.0,1,23,0.0307898259705488,1,SEG
Q2TBE0,mRNA,894.0,1,25,0.0279642058165548,1,SEG
Q32MZ4,ncRNA,808.0,1,14,0.0173267326732673,1,SEG
Q3L8U1,unknown,2897.0,1,65,0.0224370037970314,1,SEG
Q4ZG55,unknown,1949.0,1,16,0.0082093381221139,1,SEG
Q52LJ0,tRNA,433.0,3,111,0.2563510392609699,3+,SEG
Q53F19,unknown,620.0,1,20,0.032258064516129,1,SEG
Q5GAN6,unknown,216.0,1,17,0.0787037037037037,1,SEG
Q5JTH9,pre-rRNA,1297.0,1,11,0.0084811102544333,1,SEG
Q5QJE6,pre-rRNA,756.0,1,17,0.0224867724867724,1,SEG
Q5QPL9,mRNA,237.0,1,33,0.1392405063291139,1,SEG
Q5RKV6,diverse,272.0,1,16,0.0588235294117647,1,SEG
Q5SZQ8,mRNA,465.0,1,22,0.0473118279569892,1,SEG
Q5T200,unknown,1668.0,2,84,0.0503597122302158,2,SEG
Q5T481,mRNA,1227.0,1,14,0.0114099429502852,1,SEG
Q5T760,mRNA,491.0,3,62,0.1262729124236252,3+,SEG
Q5T7N2,mRNA,865.0,1,17,0.0196531791907514,1,SEG
Q5U5Q3,mRNA,659.0,1,29,0.0440060698027314,1,SEG
Q5VTL8,snRNA,546.0,1,18,0.0329670329670329,1,SEG
Q5VV67,mRNA,1664.0,2,69,0.0414663461538461,2,SEG
Q5VYS8,ncRNA,1495.0,1,15,0.0100334448160535,1,SEG
Q5VZF2,mRNA,373.0,1,20,0.0536193029490616,1,SEG
Q5XG87,diverse,792.0,1,13,0.0164141414141414,1,SEG
Q659C4,mRNA,914.0,1,16,0.0175054704595186,1,SEG
Q66PJ3,mRNA,237.0,2,53,0.2236286919831223,2,SEG
Q69YN4,mRNA,1812.0,3,59,0.032560706401766,3+,SEG
Q6BEB4,unknown,398.0,1,12,0.0301507537688442,1,SEG
Q6P158,mRNA,1386.0,1,15,0.0108225108225108,1,SEG
Q6P2E9,mRNA,1401.0,1,19,0.0135617416131334,1,SEG
Q6P6C2,mRNA,394.0,1,19,0.0482233502538071,1,SEG
Q6P9B9,snRNA,1019.0,1,15,0.014720314033366,1,SEG
Q6PKG0,mRNA,1096.0,2,41,0.0374087591240875,2,SEG
Q6ZN04,mRNA,569.0,3,48,0.0843585237258348,3+,SEG
Q6ZRS2,unknown,3230.0,1,17,0.0052631578947368,1,SEG
Q7KZ85,mRNA,1726.0,1,12,0.0069524913093858,1,SEG
Q7Z417,mRNA,695.0,2,43,0.0618705035971223,2,SEG
Q7Z570,unknown,1209.0,1,13,0.010752688172043,1,SEG
Q7Z5Q1,mRNA,589.0,1,15,0.0254668930390492,1,SEG
Q7Z6E9,mRNA,1792.0,2,42,0.0234375,2,SEG
Q7Z6M4,pre-rRNA,381.0,1,42,0.1102362204724409,1,SEG
Q7Z739,mRNA,585.0,1,28,0.0478632478632478,1,SEG
Q86SE8,pre-rRNA,214.0,1,22,0.102803738317757,1,SEG
Q86TG7,unknown,708.0,1,23,0.0324858757062146,1,SEG
Q86U06,mRNA,439.0,1,16,0.0364464692482915,1,SEG
Q86U42,mRNA,306.0,2,47,0.15359477124183,2,SEG
Q86VM9,mRNA,953.0,5,146,0.1532004197271773,3+,SEG
Q86XN8,mRNA,651.0,2,34,0.0522273425499231,2,SEG
Q86YN6,unknown,1023.0,2,39,0.0381231671554252,2,SEG
Q8IWX8,mRNA,916.0,3,78,0.0851528384279476,3+,SEG
Q8IWZ3,unknown,2542.0,2,40,0.01573564122738,2,SEG
Q8IX12,mRNA,1150.0,2,37,0.0321739130434782,2,SEG
Q8IXZ2,mRNA,948.0,1,22,0.0232067510548523,1,SEG
Q8IY37,snoRNA,1157.0,1,23,0.0198789974070872,1,SEG
Q8IYB3,mRNA,904.0,5,122,0.1349557522123893,3+,SEG
Q8IZD4,mRNA,617.0,1,10,0.0162074554294975,1,SEG
Q8N1G1,pre-rRNA,1221.0,1,22,0.018018018018018,1,SEG
Q8N2M8,mRNA,674.0,3,70,0.1038575667655786,3+,SEG
Q8N8D1,snRNA,485.0,1,17,0.0350515463917525,1,SEG
Q8NAF0,unknown,562.0,1,21,0.0373665480427046,1,SEG
Q8NAV1,snRNA,312.0,1,23,0.0737179487179487,1,SEG
Q8NC51,mRNA,408.0,2,45,0.1102941176470588,2,SEG
Q8NDV7,mRNA,1962.0,1,35,0.0178389398572884,1,SEG
Q8NE35,mRNA,698.0,3,63,0.0902578796561604,3+,SEG
Q8NE71,mRNA,845.0,2,32,0.0378698224852071,2,SEG
Q8TA86,snRNA,221.0,1,33,0.1493212669683258,1,SEG
Q8TB72,mRNA,1066.0,1,19,0.0178236397748592,1,SEG
Q8TDI0,unknown,1954.0,2,32,0.0163766632548618,2,SEG
Q8WUQ7,mRNA,758.0,1,31,0.0408970976253298,1,SEG
Q8WVK2,snRNA,155.0,3,74,0.4774193548387097,3+,SEG
Q8WW36,mRNA,166.0,1,15,0.0903614457831325,1,SEG
Q8WXA9,mRNA,508.0,2,43,0.0846456692913385,2,SEG
Q92900,mRNA,1129.0,1,26,0.0230292294065544,1,SEG
Q92945,mRNA,711.0,3,80,0.1125175808720112,3+,SEG
Q92973,mRNA,898.0,1,19,0.0211581291759465,1,SEG
Q96AE4,mRNA,644.0,1,16,0.0248447204968944,1,SEG
Q96EV2,mRNA,1170.0,2,83,0.0709401709401709,2,SEG
Q96EY7,mRNA,689.0,1,17,0.0246734397677793,1,SEG
Q96HR8,snoRNA,494.0,2,56,0.1133603238866396,2,SEG
Q96IP4,unknown,442.0,1,27,0.0610859728506787,1,SEG
Q96K80,unknown,434.0,1,20,0.0460829493087557,1,SEG
Q96KR1,unknown,1074.0,1,22,0.0204841713221601,1,SEG
Q96L91,unknown,3159.0,3,74,0.0234251345362456,3+,SEG
Q96MT3,unknown,831.0,1,19,0.0228640192539109,1,SEG
Q96MU7,mRNA,727.0,2,69,0.0949105914718019,2,SEG
Q96N46,unknown,770.0,1,21,0.0272727272727272,1,SEG
Q96QR8,mRNA,312.0,1,14,0.0448717948717948,1,SEG
Q96T58,mRNA,3664.0,1,43,0.011735807860262,1,SEG
Q99613,mRNA,913.0,1,15,0.0164293537787513,1,SEG
Q99729,mRNA,332.0,1,21,0.0632530120481927,1,SEG
Q9BQ04,mRNA,359.0,1,17,0.0473537604456824,1,SEG
Q9BQ67,pre-rRNA,446.0,1,14,0.0313901345291479,1,SEG
Q9BRR8,mRNA,931.0,1,17,0.0182599355531686,1,SEG
Q9BUJ2,mRNA,856.0,2,39,0.0455607476635514,2,SEG
Q9BWF3,mRNA,364.0,1,18,0.0494505494505494,1,SEG
Q9BWU0,unknown,742.0,1,29,0.0390835579514824,1,SEG
Q9BX46,mRNA,236.0,2,45,0.1906779661016949,2,SEG
Q9C0B9,unknown,1178.0,1,17,0.0144312393887945,1,SEG
Q9H0W8,mRNA,520.0,1,15,0.0288461538461538,1,SEG
Q9H2U1,mRNA,1008.0,1,29,0.0287698412698412,1,SEG
Q9H307,mRNA,717.0,1,69,0.0962343096234309,1,SEG
Q9H4Z3,mRNA,704.0,1,15,0.0213068181818181,1,SEG
Q9H501,pre-rRNA,851.0,1,31,0.0364277320799059,1,SEG
Q9H6S0,mRNA,1430.0,1,18,0.0125874125874125,1,SEG
Q9H6T0,mRNA,727.0,1,21,0.0288858321870701,1,SEG
Q9H7N4,mRNA,1312.0,7,155,0.118140243902439,3+,SEG
Q9HBD4,unknown,1679.0,4,81,0.0482430017867778,3+,SEG
Q9HC10,unknown,1997.0,1,19,0.0095142714071106,1,SEG
Q9HCJ0,mRNA,1936.0,2,34,0.0175619834710743,2,SEG
Q9HCK8,mRNA,2581.0,2,33,0.0127857419604804,2,SEG
Q9NP64,unknown,241.0,1,17,0.0705394190871369,1,SEG
Q9NP92,ribosomal protein,439.0,1,18,0.041002277904328,1,SEG
Q9NQ29,mRNA,371.0,1,27,0.0727762803234501,1,SEG
Q9NQZ2,snoRNA,479.0,1,19,0.0396659707724425,1,SEG
Q9NR56,mRNA,388.0,1,18,0.0463917525773195,1,SEG
Q9NTZ6,mRNA,932.0,1,30,0.0321888412017167,1,SEG
Q9NVH2,snRNA,962.0,1,14,0.0145530145530145,1,SEG
Q9NW07,unknown,568.0,1,17,0.0299295774647887,1,SEG
Q9NW13,snRNA,759.0,1,21,0.0276679841897233,1,SEG
Q9NWH9,mRNA,1034.0,1,21,0.0203094777562862,1,SEG
Q9NY12,snoRNA,217.0,3,101,0.4654377880184331,3+,SEG
Q9NYF8,mRNA,920.0,3,73,0.0793478260869565,3+,SEG
Q9NZJ5,mRNA,1116.0,1,19,0.0170250896057347,1,SEG
Q9P2N5,mRNA,1060.0,3,71,0.0669811320754717,3+,SEG
Q9UHB9,ncRNA,627.0,1,27,0.0430622009569378,1,SEG
Q9UHC7,mRNA,482.0,1,15,0.0311203319502074,1,SEG
Q9UIF8,ncRNA,2168.0,2,59,0.0272140221402214,2,SEG
Q9UJV8,mRNA,347.0,1,13,0.0374639769452449,1,SEG
Q9UKA9,mRNA,531.0,1,10,0.0188323917137476,1,SEG
Q9UKJ3,unknown,1502.0,1,22,0.014647137150466,1,SEG
Q9UKM9,mRNA,306.0,1,33,0.1078431372549019,1,SEG
Q9UKV3,mRNA,1341.0,3,87,0.0648769574944071,3+,SEG
Q9ULG1,unknown,1556.0,1,27,0.0173521850899742,1,SEG
Q9UNW9,mRNA,492.0,3,47,0.0955284552845528,3+,SEG
Q9UPN6,mRNA,1271.0,1,25,0.019669551534225,1,SEG
Q9UPQ9,mRNA,1833.0,2,36,0.0196399345335515,2,SEG
Q9UPR6,unknown,939.0,1,22,0.0234291799787007,1,SEG
Q9UPS6,ncRNA,1966.0,10,257,0.1307222787385554,3+,SEG
Q9UPT8,unknown,1303.0,2,52,0.0399079048349961,2,SEG
Q9UQ35,mRNA,2752.0,2,78,0.0283430232558139,2,SEG
Q9Y2T7,mRNA,364.0,1,17,0.0467032967032967,1,SEG
Q9Y2U8,snRNA,911.0,1,16,0.0175631174533479,1,SEG
Q9Y2W1,mRNA,955.0,2,45,0.0471204188481675,2,SEG
Q9Y2X3,snoRNA,529.0,1,17,0.0321361058601134,1,SEG
Q9Y388,mRNA,322.0,1,19,0.0590062111801242,1,SEG
Q9Y3Y2,mRNA,248.0,1,33,0.1330645161290322,1,SEG
Q9Y4B4,unknown,1467.0,1,20,0.0136332651670074,1,SEG
Q9Y4C8,pre-rRNA,960.0,1,12,0.0125,1,SEG
X6R7H2,mRNA,631.0,2,69,0.109350237717908,2,SEG
