protein_id,protein_length,cluster_id,n_lcr,lcr_residues,mean_lcr_length,coverage,multiplicity_cat,pos__domain_intrinsic,pos__domain_edge,pos__domain_adjacent,pos__interdomain_linker,pos__distal_terminal,sig__acidic_region,sig__arginine_rich_rna_contact_region,sig__aromatic_aggregation_prone_region,sig__aromatic_sticker_region,sig__basic_enriched_region,sig__cation_pi_rich_neighborhood,sig__disorder_rich_spacer_region,sig__glutamine_rich_region,sig__gs_rich_neutral_region,sig__hydrophobic_region,sig__mixed_charge_polyampholyte,sig__polar_linker,sig__proline_rich_disordered_region,sig__rg_rgg_repeat_region,sig__serine_rich_region,sig__sr_rs_repeat_region,sig__unmapped_physicochemical_properties,is_medoid
Q9UJK0,312.0,0,0,0.0,,0.0,0,0,0,0,0,0,0,0,0,0,0,0,0,0,0,0,0,0,0,0,0,0,0,True
Q9Y2T7,364.0,2,2,248.0,124.0,0.6813186813186813,2,0,0,1,0,0,0,0,0,0,0,1,1,0,0,0,0,0,0,0,0,0,0,False
Q13395,1621.0,1,1,212.0,212.0,0.1307834669956817,1,0,0,0,0,1,0,0,0,0,0,1,0,0,0,0,0,0,0,0,0,0,0,False
P82664,201.0,0,0,0.0,,0.0,0,0,0,0,0,0,0,0,0,0,0,0,0,0,0,0,0,0,0,0,0,0,0,False
P82673,323.0,1,1,85.0,85.0,0.2631578947368421,1,0,1,0,0,0,1,0,0,0,0,0,0,0,0,0,0,0,0,0,0,0,0,False
O60306,1485.0,2,2,101.0,50.5,0.06801346801346801,2,0,0,0,0,1,1,0,0,0,0,0,0,0,0,0,0,0,0,0,0,0,1,False
Q9H6S0,1430.0,3,3,265.0,88.33333333333333,0.1853146853146853,3+,0,1,1,1,0,0,0,0,1,0,0,1,0,0,0,1,0,0,0,0,0,0,False
Q8N1G1,1221.0,2,2,573.0,286.5,0.4692874692874693,2,0,0,0,0,0,0,0,0,0,0,1,1,0,0,0,0,0,0,0,0,0,0,False
Q9H000,416.0,0,0,0.0,,0.0,0,0,0,0,0,0,0,0,0,0,0,0,0,0,0,0,0,0,0,0,0,0,0,False
Q9BRR8,931.0,2,2,213.0,106.5,0.22878625134264233,2,0,0,0,0,1,0,0,0,0,1,1,0,0,0,0,0,0,0,0,0,0,0,False
P46782,204.0,0,0,0.0,,0.0,0,0,0,0,0,0,0,0,0,0,0,0,0,0,0,0,0,0,0,0,0,0,0,False
Q9UNQ2,313.0,0,0,0.0,,0.0,0,0,0,0,0,0,0,0,0,0,0,0,0,0,0,0,0,0,0,0,0,0,0,False
Q9BQI3,630.0,1,1,111.0,111.0,0.1761904761904762,1,0,0,0,0,0,0,0,0,0,0,1,0,0,0,0,0,0,0,0,0,0,0,False
Q9NW64,420.0,1,1,81.0,81.0,0.19285714285714287,1,0,0,1,0,0,0,0,0,1,0,0,0,0,0,0,0,0,0,0,0,0,0,False
Q9H501,851.0,2,2,938.0,469.0,1.1022326674500587,2,0,1,0,0,1,0,0,0,0,1,1,0,0,0,0,0,0,0,0,0,0,0,False
Q9UJA5,497.0,2,2,163.0,81.5,0.32796780684104626,2,1,0,1,0,0,1,0,0,0,0,1,0,0,0,0,0,0,0,0,0,0,0,False
Q8N8D1,485.0,2,2,295.0,147.5,0.6082474226804123,2,0,0,0,0,0,0,0,0,0,0,1,0,0,0,0,0,0,0,0,0,0,0,False
P26640,1264.0,3,3,105.0,35.0,0.08306962025316456,3+,0,0,1,0,1,0,0,0,0,1,0,1,0,0,0,0,0,0,0,0,0,0,False
A0A0A0MQR7,204.0,0,0,0.0,,0.0,0,0,0,0,0,0,0,0,0,0,0,0,0,0,0,0,0,0,0,0,0,0,0,False
P62318,126.0,0,0,0.0,,0.0,0,0,0,0,0,0,0,0,0,0,0,0,0,0,0,0,0,0,0,0,0,0,0,False
Q9Y3I0,505.0,0,0,0.0,,0.0,0,0,0,0,0,0,0,0,0,0,0,0,0,0,0,0,0,0,0,0,0,0,0,False
O00178,669.0,0,0,0.0,,0.0,0,0,0,0,0,0,0,0,0,0,0,0,0,0,0,0,0,0,0,0,0,0,0,False
Q6NTF7,200.0,0,0,0.0,,0.0,0,0,0,0,0,0,0,0,0,0,0,0,0,0,0,0,0,0,0,0,0,0,0,False
O15371,548.0,2,2,162.0,81.0,0.2956204379562044,2,1,0,1,0,0,1,0,0,1,0,0,0,0,0,0,0,0,0,0,0,0,0,False
Q7RTV0,110.0,0,0,0.0,,0.0,0,0,0,0,0,0,0,0,0,0,0,0,0,0,0,0,0,0,0,0,0,0,0,False
O75132,1171.0,1,1,618.0,618.0,0.5277540563620837,1,0,0,0,0,1,0,0,0,1,0,0,0,0,0,0,0,0,0,0,0,0,0,False
Q13686,389.0,0,0,0.0,,0.0,0,0,0,0,0,0,0,0,0,0,0,0,0,0,0,0,0,0,0,0,0,0,0,False
Q86U42,306.0,2,2,144.0,72.0,0.47058823529411764,2,0,0,1,0,1,1,0,0,0,0,0,1,0,0,0,0,0,0,0,0,0,0,False
P61011,504.0,0,0,0.0,,0.0,0,0,0,0,0,0,0,0,0,0,0,0,0,0,0,0,0,0,0,0,0,0,0,False
Q9H307,717.0,1,1,629.0,629.0,0.8772663877266388,1,0,0,0,0,0,0,0,0,0,0,0,0,0,0,0,0,0,0,0,0,1,0,False
Q4VXU2,619.0,1,1,55.0,55.0,0.0888529886914378,1,0,0,0,1,0,0,0,0,0,0,1,0,0,0,0,0,0,0,0,0,0,0,False
Q05048,431.0,0,0,0.0,,0.0,0,0,0,0,0,0,0,0,0,0,0,0,0,0,0,0,0,0,0,0,0,0,0,False
Q05639,463.0,0,0,0.0,,0.0,0,0,0,0,0,0,0,0,0,0,0,0,0,0,0,0,0,0,0,0,0,0,0,False
Q96SZ6,601.0,0,0,0.0,,0.0,0,0,0,0,0,0,0,0,0,0,0,0,0,0,0,0,0,0,0,0,0,0,0,False
Q9NR97,1041.0,0,0,0.0,,0.0,0,0,0,0,0,0,0,0,0,0,0,0,0,0,0,0,0,0,0,0,0,0,0,False
O60828,265.0,1,1,114.0,114.0,0.43018867924528303,1,0,0,0,0,0,0,0,0,0,0,0,0,0,0,0,1,0,0,0,0,0,0,False
O43719,755.0,2,2,421.0,210.5,0.5576158940397351,2,0,0,1,1,0,1,1,0,0,0,0,0,0,0,0,0,0,0,0,0,0,0,False
Q14694,798.0,2,2,306.0,153.0,0.38345864661654133,2,0,1,0,0,1,1,0,0,0,0,0,0,0,1,0,0,0,0,0,0,0,0,False
Q96DP5,389.0,0,0,0.0,,0.0,0,0,0,0,0,0,0,0,0,0,0,0,0,0,0,0,0,0,0,0,0,0,0,False
Q9NVM6,304.0,1,1,114.0,114.0,0.375,1,0,0,1,0,0,0,0,0,0,0,0,0,0,0,0,1,0,0,0,0,0,0,False
Q9UKV8,859.0,1,1,23.0,23.0,0.02677532013969732,1,0,0,0,0,1,0,0,0,1,0,0,0,0,0,0,0,0,0,0,0,0,0,False
P60228,445.0,0,0,0.0,,0.0,0,0,0,0,0,0,0,0,0,0,0,0,0,0,0,0,0,0,0,0,0,0,0,False
P14866,589.0,3,3,128.0,42.666666666666664,0.21731748726655348,3+,0,1,1,0,1,0,1,0,1,0,1,0,0,0,0,0,0,0,0,0,0,0,False
O75792,299.0,0,0,0.0,,0.0,0,0,0,0,0,0,0,0,0,0,0,0,0,0,0,0,0,0,0,0,0,0,0,False
Q15428,464.0,1,1,246.0,246.0,0.5301724137931034,1,0,0,1,0,0,0,0,0,1,0,0,0,0,0,0,0,0,0,0,0,0,0,False
P36954,125.0,0,0,0.0,,0.0,0,0,0,0,0,0,0,0,0,0,0,0,0,0,0,0,0,0,0,0,0,0,0,False
A4D1E9,387.0,1,1,19.0,19.0,0.04909560723514212,1,0,0,0,0,1,0,0,0,0,0,0,1,0,0,0,0,0,0,0,0,0,0,False
Q13155,320.0,0,0,0.0,,0.0,0,0,0,0,0,0,0,0,0,0,0,0,0,0,0,0,0,0,0,0,0,0,0,False
Q9NW13,759.0,3,3,361.0,120.33333333333333,0.4756258234519104,3+,0,1,0,1,1,1,0,0,0,1,0,0,0,0,0,0,0,0,0,0,0,0,False
O60290,1169.0,0,0,0.0,,0.0,0,0,0,0,0,0,0,0,0,0,0,0,0,0,0,0,0,0,0,0,0,0,0,False
Q99969,163.0,0,0,0.0,,0.0,0,0,0,0,0,0,0,0,0,0,0,0,0,0,0,0,0,0,0,0,0,0,0,False
Q9BYC8,188.0,0,0,0.0,,0.0,0,0,0,0,0,0,0,0,0,0,0,0,0,0,0,0,0,0,0,0,0,0,0,False
Q7Z333,2677.0,1,1,1092.0,1092.0,0.40791931266342923,1,0,0,0,0,1,0,0,0,0,0,0,0,0,0,0,1,0,0,0,0,0,0,False
Q9H6R0,707.0,1,1,11.0,11.0,0.015558698727015558,1,0,0,1,0,0,0,0,0,0,0,0,1,0,0,0,0,0,0,0,0,0,0,False
Q9Y5J1,556.0,2,2,186.0,93.0,0.3345323741007194,2,0,0,0,0,0,1,0,0,0,0,0,1,0,0,0,0,0,0,0,0,0,0,False
Q7Z417,695.0,2,2,635.0,317.5,0.9136690647482014,2,0,1,0,0,0,0,0,0,1,0,0,0,0,1,0,0,0,0,0,0,0,0,False
P84098,196.0,1,1,145.0,145.0,0.7397959183673469,1,0,1,0,0,0,0,1,0,0,0,0,0,0,0,0,0,0,0,0,0,0,0,False
Q07021,282.0,1,1,78.0,78.0,0.2765957446808511,1,0,0,0,0,0,1,0,0,0,0,0,0,0,0,0,0,0,0,0,0,0,0,False
P55039,364.0,0,0,0.0,,0.0,0,0,0,0,0,0,0,0,0,0,0,0,0,0,0,0,0,0,0,0,0,0,0,False
Q9NY12,217.0,2,2,115.0,57.5,0.5299539170506913,2,0,0,1,0,0,0,0,0,0,0,0,0,0,0,0,0,0,0,1,0,0,0,False
Q9H6F5,360.0,2,2,310.0,155.0,0.8611111111111112,2,0,1,1,0,0,0,1,0,0,0,1,0,0,0,0,0,0,0,0,0,0,0,False
Q9UMS4,504.0,0,0,0.0,,0.0,0,0,0,0,0,0,0,0,0,0,0,0,0,0,0,0,0,0,0,0,0,0,0,False
P16989,372.0,1,1,88.0,88.0,0.23655913978494625,1,0,0,1,0,0,0,0,0,0,0,0,1,0,0,0,0,0,0,0,0,0,0,False
A0A499FI31,981.0,3,3,247.0,82.33333333333333,0.25178389398572887,3+,0,1,0,1,0,1,0,0,0,0,0,1,0,0,0,1,0,0,0,0,0,0,False
Q9Y6K5,1087.0,0,0,0.0,,0.0,0,0,0,0,0,0,0,0,0,0,0,0,0,0,0,0,0,0,0,0,0,0,0,False
Q4U2R6,128.0,0,0,0.0,,0.0,0,0,0,0,0,0,0,0,0,0,0,0,0,0,0,0,0,0,0,0,0,0,0,False
P04406,335.0,0,0,0.0,,0.0,0,0,0,0,0,0,0,0,0,0,0,0,0,0,0,0,0,0,0,0,0,0,0,False
P41238,236.0,0,0,0.0,,0.0,0,0,0,0,0,0,0,0,0,0,0,0,0,0,0,0,0,0,0,0,0,0,0,False
Q13242,221.0,0,0,0.0,,0.0,0,0,0,0,0,0,0,0,0,0,0,0,0,0,0,0,0,0,0,0,0,0,0,False
Q9NQE9,182.0,0,0,0.0,,0.0,0,0,0,0,0,0,0,0,0,0,0,0,0,0,0,0,0,0,0,0,0,0,0,False
P25398,132.0,0,0,0.0,,0.0,0,0,0,0,0,0,0,0,0,0,0,0,0,0,0,0,0,0,0,0,0,0,0,False
Q13895,437.0,0,0,0.0,,0.0,0,0,0,0,0,0,0,0,0,0,0,0,0,0,0,0,0,0,0,0,0,0,0,False
C9IY40,225.0,0,0,0.0,,0.0,0,0,0,0,0,0,0,0,0,0,0,0,0,0,0,0,0,0,0,0,0,0,0,False
P42285,1042.0,0,0,0.0,,0.0,0,0,0,0,0,0,0,0,0,0,0,0,0,0,0,0,0,0,0,0,0,0,0,False
P49590,506.0,0,0,0.0,,0.0,0,0,0,0,0,0,0,0,0,0,0,0,0,0,0,0,0,0,0,0,0,0,0,False
Q5XG87,792.0,2,2,414.0,207.0,0.5227272727272727,2,0,0,0,0,1,0,0,0,0,0,1,0,0,0,0,0,0,0,0,0,0,0,False
Q9NWX6,298.0,0,0,0.0,,0.0,0,0,0,0,0,0,0,0,0,0,0,0,0,0,0,0,0,0,0,0,0,0,0,False
P54136,660.0,0,0,0.0,,0.0,0,0,0,0,0,0,0,0,0,0,0,0,0,0,0,0,0,0,0,0,0,0,0,False
O43818,475.0,2,2,108.0,54.0,0.22736842105263158,2,0,0,0,0,0,1,1,0,0,0,0,0,0,0,0,0,0,0,0,0,0,0,False
O60739,113.0,0,0,0.0,,0.0,0,0,0,0,0,0,0,0,0,0,0,0,0,0,0,0,0,0,0,0,0,0,0,False
P19525,551.0,1,1,84.0,84.0,0.15245009074410162,1,0,1,0,0,0,0,0,0,0,0,1,0,0,0,0,0,0,0,0,0,0,0,False
Q96EP5,407.0,2,2,119.0,59.5,0.29238329238329236,2,0,0,0,0,1,0,0,0,1,0,0,0,0,1,0,0,0,0,0,0,0,0,False
Q92499,740.0,0,0,0.0,,0.0,0,0,0,0,0,0,0,0,0,0,0,0,0,0,0,0,0,0,0,0,0,0,0,False
Q9Y3B4,125.0,0,0,0.0,,0.0,0,0,0,0,0,0,0,0,0,0,0,0,0,0,0,0,0,0,0,0,0,0,0,False
Q4ZG55,1949.0,1,1,237.0,237.0,0.1216008209338122,1,1,0,0,0,0,0,0,0,0,0,0,0,0,0,0,0,0,0,0,0,1,0,False
Q03701,1054.0,3,4,333.0,83.25,0.3159392789373814,3+,1,0,0,0,1,1,0,0,0,1,1,0,0,0,0,0,0,0,0,0,0,0,False
Q9UGM6,360.0,0,0,0.0,,0.0,0,0,0,0,0,0,0,0,0,0,0,0,0,0,0,0,0,0,0,0,0,0,0,False
Q99848,306.0,1,1,163.0,163.0,0.5326797385620915,1,0,1,0,0,0,0,0,0,0,1,0,0,0,0,0,0,0,0,0,0,0,0,False
O95926,243.0,1,1,92.0,92.0,0.3786008230452675,1,0,1,0,0,0,0,0,0,0,0,1,0,0,0,0,0,0,0,0,0,0,0,False
P31939,592.0,0,0,0.0,,0.0,0,0,0,0,0,0,0,0,0,0,0,0,0,0,0,0,0,0,0,0,0,0,0,False
Q9NYY8,710.0,0,0,0.0,,0.0,0,0,0,0,0,0,0,0,0,0,0,0,0,0,0,0,0,0,0,0,0,0,0,False
Q7Z6V5,191.0,0,0,0.0,,0.0,0,0,0,0,0,0,0,0,0,0,0,0,0,0,0,0,0,0,0,0,0,0,0,False
Q9UKF6,684.0,0,0,0.0,,0.0,0,0,0,0,0,0,0,0,0,0,0,0,0,0,0,0,0,0,0,0,0,0,0,False
Q8NHQ9,600.0,1,1,90.0,90.0,0.15,1,0,0,0,0,1,0,0,0,0,1,0,0,0,0,0,0,0,0,0,0,0,0,False
Q9BWT3,736.0,1,1,66.0,66.0,0.08967391304347826,1,0,1,0,0,0,0,0,0,0,0,1,0,0,0,0,0,0,0,0,0,0,0,False
Q13148,414.0,1,1,141.0,141.0,0.34057971014492755,1,0,0,1,0,0,0,0,0,0,0,0,0,0,1,0,0,0,0,0,0,0,0,False
Q96QD9,318.0,0,0,0.0,,0.0,0,0,0,0,0,0,0,0,0,0,0,0,0,0,0,0,0,0,0,0,0,0,0,False
O00148,427.0,0,0,0.0,,0.0,0,0,0,0,0,0,0,0,0,0,0,0,0,0,0,0,0,0,0,0,0,0,0,False
Q06265,439.0,1,1,31.0,31.0,0.07061503416856492,1,0,0,0,0,1,0,1,0,0,0,0,0,0,0,0,0,0,0,0,0,0,0,False
P09012,282.0,1,1,67.0,67.0,0.2375886524822695,1,0,0,0,1,0,0,0,0,0,0,0,1,0,0,0,0,0,0,0,0,0,0,False
Q13247,344.0,1,1,170.0,170.0,0.4941860465116279,1,0,1,0,0,0,0,0,0,0,0,0,0,0,0,0,0,0,0,0,0,1,0,False
Q9ULR5,123.0,1,1,58.0,58.0,0.4715447154471545,1,0,0,1,0,0,1,0,0,0,0,0,0,0,0,0,0,0,0,0,0,0,0,False
Q8WVK2,155.0,2,2,120.0,60.0,0.7741935483870968,2,0,1,1,0,0,1,0,0,0,0,0,0,0,0,0,0,0,0,0,0,1,0,False
O00566,681.0,2,2,556.0,278.0,0.8164464023494861,2,1,1,0,0,0,1,0,0,0,1,0,0,0,0,0,0,0,0,0,0,0,0,False
Q96EU6,259.0,1,1,115.0,115.0,0.444015444015444,1,0,1,0,0,0,0,1,0,0,0,0,0,0,0,0,0,0,0,0,0,0,0,False
P09234,159.0,1,1,95.0,95.0,0.5974842767295597,1,0,0,1,0,0,0,0,0,0,0,1,0,0,0,0,0,0,0,0,0,0,0,False
Q5JTZ9,985.0,0,0,0.0,,0.0,0,0,0,0,0,0,0,0,0,0,0,0,0,0,0,0,0,0,0,0,0,0,0,False
Q9Y235,224.0,0,0,0.0,,0.0,0,0,0,0,0,0,0,0,0,0,0,0,0,0,0,0,0,0,0,0,0,0,0,False
Q96J94,861.0,0,0,0.0,,0.0,0,0,0,0,0,0,0,0,0,0,0,0,0,0,0,0,0,0,0,0,0,0,0,False
Q9BZI7,483.0,1,1,300.0,300.0,0.6211180124223602,1,0,1,0,0,0,0,0,0,0,0,1,0,0,0,0,0,0,0,0,0,0,0,False
P62273,56.0,0,0,0.0,,0.0,0,0,0,0,0,0,0,0,0,0,0,0,0,0,0,0,0,0,0,0,0,0,0,False
Q92797,1274.0,1,1,18.0,18.0,0.0141287284144427,1,0,0,0,0,1,0,0,0,0,0,0,1,0,0,0,0,0,0,0,0,0,0,False
P08579,225.0,1,1,23.0,23.0,0.10222222222222223,1,0,0,0,1,0,0,0,0,0,1,0,0,0,0,0,0,0,0,0,0,0,0,False
Q9Y3A5,250.0,0,0,0.0,,0.0,0,0,0,0,0,0,0,0,0,0,0,0,0,0,0,0,0,0,0,0,0,0,0,False
Q8IWZ8,645.0,3,3,226.0,75.33333333333333,0.35038759689922483,3+,0,1,0,1,0,0,0,0,1,0,0,1,0,0,0,0,0,0,0,0,0,0,False
P21506,573.0,0,0,0.0,,0.0,0,0,0,0,0,0,0,0,0,0,0,0,0,0,0,0,0,0,0,0,0,0,0,False
Q9UBQ5,218.0,0,0,0.0,,0.0,0,0,0,0,0,0,0,0,0,0,0,0,0,0,0,0,0,0,0,0,0,0,0,False
Q9UBS3,223.0,0,0,0.0,,0.0,0,0,0,0,0,0,0,0,0,0,0,0,0,0,0,0,0,0,0,0,0,0,0,False
P51116,673.0,1,1,266.0,266.0,0.3952451708766716,1,0,1,0,0,0,0,0,0,0,0,0,0,0,1,0,0,0,0,0,0,0,0,False
P22090,263.0,0,0,0.0,,0.0,0,0,0,0,0,0,0,0,0,0,0,0,0,0,0,0,0,0,0,0,0,0,0,False
Q15415,496.0,1,1,451.0,451.0,0.9092741935483871,1,0,1,0,0,0,0,0,0,0,0,0,0,0,0,0,0,0,0,0,0,1,0,False
Q92904,295.0,0,0,0.0,,0.0,0,0,0,0,0,0,0,0,0,0,0,0,0,0,0,0,0,0,0,0,0,0,0,False
Q8IX18,779.0,0,0,0.0,,0.0,0,0,0,0,0,0,0,0,0,0,0,0,0,0,0,0,0,0,0,0,0,0,0,False
P62249,146.0,0,0,0.0,,0.0,0,0,0,0,0,0,0,0,0,0,0,0,0,0,0,0,0,0,0,0,0,0,0,False
Q96Q11,434.0,0,0,0.0,,0.0,0,0,0,0,0,0,0,0,0,0,0,0,0,0,0,0,0,0,0,0,0,0,0,False
Q7Z478,1369.0,3,3,317.0,105.66666666666667,0.23155588020452886,3+,0,1,0,0,1,1,0,0,0,0,0,1,0,0,0,1,0,0,0,0,0,0,False
Q9H5Z1,703.0,0,0,0.0,,0.0,0,0,0,0,0,0,0,0,0,0,0,0,0,0,0,0,0,0,0,0,0,0,0,False
Q9BY77,421.0,0,0,0.0,,0.0,0,0,0,0,0,0,0,0,0,0,0,0,0,0,0,0,0,0,0,0,0,0,0,False
Q8IZ69,625.0,1,1,13.0,13.0,0.0208,1,0,0,1,0,0,0,0,0,0,0,0,1,0,0,0,0,0,0,0,0,0,0,False
Q96DF8,476.0,1,1,105.0,105.0,0.22058823529411764,1,1,0,0,0,0,1,0,0,0,0,0,0,0,0,0,0,0,0,0,0,0,0,False
Q14151,953.0,3,3,738.0,246.0,0.7743966421825813,3+,0,1,0,0,1,0,0,0,1,0,0,0,0,1,0,0,0,0,0,0,0,0,False
Q9UK45,103.0,0,0,0.0,,0.0,0,0,0,0,0,0,0,0,0,0,0,0,0,0,0,0,0,0,0,0,0,0,0,False
Q96H86,408.0,0,0,0.0,,0.0,0,0,0,0,0,0,0,0,0,0,0,0,0,0,0,0,0,0,0,0,0,0,0,False
P41091,472.0,0,0,0.0,,0.0,0,0,0,0,0,0,0,0,0,0,0,0,0,0,0,0,0,0,0,0,0,0,0,False
Q9BQ67,446.0,1,1,24.0,24.0,0.053811659192825115,1,0,0,0,0,0,1,0,0,0,0,0,0,0,0,0,0,0,0,0,0,0,0,False
Q8WUA2,492.0,1,1,172.0,172.0,0.34959349593495936,1,0,0,1,0,0,0,0,0,0,0,0,0,0,0,0,0,0,0,0,0,1,0,False
P82663,173.0,0,0,0.0,,0.0,0,0,0,0,0,0,0,0,0,0,0,0,0,0,0,0,0,0,0,0,0,0,0,False
P61353,136.0,0,0,0.0,,0.0,0,0,0,0,0,0,0,0,0,0,0,0,0,0,0,0,0,0,0,0,0,0,0,False
P09661,255.0,0,0,0.0,,0.0,0,0,0,0,0,0,0,0,0,0,0,0,0,0,0,0,0,0,0,0,0,0,0,False
Q9H9Z2,209.0,0,0,0.0,,0.0,0,0,0,0,0,0,0,0,0,0,0,0,0,0,0,0,0,0,0,0,0,0,0,False
P19474,475.0,1,1,112.0,112.0,0.23578947368421052,1,0,0,0,0,0,0,0,0,0,0,0,0,0,0,0,1,0,0,0,0,0,0,False
O43159,456.0,1,1,138.0,138.0,0.3026315789473684,1,0,0,1,0,0,0,0,0,0,1,0,0,0,0,0,0,0,0,0,0,0,0,False
Q96EY7,689.0,1,1,74.0,74.0,0.10740203193033382,1,0,0,0,0,0,0,0,0,0,0,1,0,0,0,0,0,0,0,0,0,0,0,False
P57772,596.0,0,0,0.0,,0.0,0,0,0,0,0,0,0,0,0,0,0,0,0,0,0,0,0,0,0,0,0,0,0,False
Q12849,480.0,1,1,94.0,94.0,0.19583333333333333,1,0,0,1,0,0,0,0,0,0,0,0,0,0,1,0,0,0,0,0,0,0,0,False
Q9NQZ2,479.0,2,2,340.0,170.0,0.7098121085594989,2,0,1,1,0,0,1,0,0,0,1,0,0,0,0,0,0,0,0,0,0,0,0,False
O95218,330.0,2,2,273.0,136.5,0.8272727272727273,2,0,0,1,0,1,1,0,0,0,0,0,0,0,0,0,0,0,0,0,0,1,0,False
O75616,437.0,0,0,0.0,,0.0,0,0,0,0,0,0,0,0,0,0,0,0,0,0,0,0,0,0,0,0,0,0,0,False
Q9UKK6,140.0,0,0,0.0,,0.0,0,0,0,0,0,0,0,0,0,0,0,0,0,0,0,0,0,0,0,0,0,0,0,False
P38935,993.0,3,4,203.0,50.75,0.20443101711983888,3+,1,0,1,1,0,0,1,0,0,0,1,1,0,0,0,0,0,0,0,0,0,0,False
Q96MP5,696.0,0,0,0.0,,0.0,0,0,0,0,0,0,0,0,0,0,0,0,0,0,0,0,0,0,0,0,0,0,0,False
Q9BXT8,1623.0,1,1,31.0,31.0,0.019100431300061615,1,0,0,0,1,0,1,0,0,0,0,0,0,0,0,0,0,0,0,0,0,0,0,False
O15397,1037.0,1,1,61.0,61.0,0.058823529411764705,1,0,0,0,0,1,1,0,0,0,0,0,0,0,0,0,0,0,0,0,0,0,0,False
Q9P031,241.0,1,1,164.0,164.0,0.6804979253112033,1,0,1,0,0,0,0,0,0,1,0,0,0,0,0,0,0,0,0,0,0,0,0,False
P05198,315.0,1,1,57.0,57.0,0.18095238095238095,1,0,0,1,0,0,1,0,0,0,0,0,0,0,0,0,0,0,0,0,0,0,0,False
P82909,103.0,0,0,0.0,,0.0,0,0,0,0,0,0,0,0,0,0,0,0,0,0,0,0,0,0,0,0,0,0,0,False
Q76MJ5,926.0,1,1,61.0,61.0,0.06587473002159827,1,0,0,0,0,1,0,0,0,0,0,0,1,0,0,0,0,0,0,0,0,0,0,False
O43776,548.0,1,1,53.0,53.0,0.09671532846715329,1,0,0,1,0,0,0,0,0,0,0,1,0,0,0,0,0,0,0,0,0,0,0,False
Q5TAX3,1644.0,3,4,447.0,111.75,0.2718978102189781,3+,0,0,1,1,1,1,0,0,0,0,1,1,0,0,0,1,0,0,0,0,0,0,False
Q8NAV1,312.0,2,2,133.0,66.5,0.42628205128205127,2,0,1,1,0,0,1,0,0,0,0,0,0,0,0,0,0,0,0,0,0,1,0,False
Q86YF9,867.0,2,2,203.0,101.5,0.23414071510957324,2,0,0,0,0,0,0,0,0,0,0,0,1,0,0,0,1,0,0,0,0,0,0,False
Q9HA77,564.0,0,0,0.0,,0.0,0,0,0,0,0,0,0,0,0,0,0,0,0,0,0,0,0,0,0,0,0,0,0,False
O43347,362.0,0,0,0.0,,0.0,0,0,0,0,0,0,0,0,0,0,0,0,0,0,0,0,0,0,0,0,0,0,0,False
Q15646,514.0,0,0,0.0,,0.0,0,0,0,0,0,0,0,0,0,0,0,0,0,0,0,0,0,0,0,0,0,0,0,False
A4D1B5,854.0,0,0,0.0,,0.0,0,0,0,0,0,0,0,0,0,0,0,0,0,0,0,0,0,0,0,0,0,0,0,False
Q504Q3,1202.0,0,0,0.0,,0.0,0,0,0,0,0,0,0,0,0,0,0,0,0,0,0,0,0,0,0,0,0,0,0,False
Q96K80,434.0,3,3,172.0,57.333333333333336,0.39631336405529954,3+,0,0,1,0,1,0,0,0,0,0,0,1,0,1,0,0,0,0,0,0,0,0,False
Q96EL3,112.0,0,0,0.0,,0.0,0,0,0,0,0,0,0,0,0,0,0,0,0,0,0,0,0,0,0,0,0,0,0,False
Q14146,1524.0,0,0,0.0,,0.0,0,0,0,0,0,0,0,0,0,0,0,0,0,0,0,0,0,0,0,0,0,0,0,False
Q9H9J2,332.0,0,0,0.0,,0.0,0,0,0,0,0,0,0,0,0,0,0,0,0,0,0,0,0,0,0,0,0,0,0,False
O60573,245.0,1,1,37.0,37.0,0.1510204081632653,1,0,0,1,0,0,0,0,0,0,0,0,1,0,0,0,0,0,0,0,0,0,0,False
P82933,396.0,0,0,0.0,,0.0,0,0,0,0,0,0,0,0,0,0,0,0,0,0,0,0,0,0,0,0,0,0,0,False
O00425,579.0,1,1,22.0,22.0,0.037996545768566495,1,0,0,0,1,0,0,0,0,0,0,0,1,0,0,0,0,0,0,0,0,0,0,False
Q9NY93,547.0,1,1,40.0,40.0,0.07312614259597806,1,0,0,0,0,1,0,1,0,0,0,0,0,0,0,0,0,0,0,0,0,0,0,False
P48200,963.0,0,0,0.0,,0.0,0,0,0,0,0,0,0,0,0,0,0,0,0,0,0,0,0,0,0,0,0,0,0,False
Q07955,248.0,2,2,73.0,36.5,0.29435483870967744,2,0,0,1,1,0,0,0,0,0,0,0,1,0,0,0,0,0,0,0,0,1,0,False
Q9BX63,1249.0,3,3,516.0,172.0,0.41313050440352284,3+,0,0,1,0,1,1,0,0,0,0,1,0,0,0,0,0,0,0,0,0,0,0,False
P42766,123.0,1,1,120.0,120.0,0.975609756097561,1,0,1,0,0,0,0,1,0,0,0,0,0,0,0,0,0,0,0,0,0,0,0,False
O60518,1105.0,0,0,0.0,,0.0,0,0,0,0,0,0,0,0,0,0,0,0,0,0,0,0,0,0,0,0,0,0,0,False
Q92759,462.0,0,0,0.0,,0.0,0,0,0,0,0,0,0,0,0,0,0,0,0,0,0,0,0,0,0,0,0,0,0,False
O43422,761.0,1,1,61.0,61.0,0.08015768725361366,1,0,0,1,0,0,1,0,0,0,0,0,0,0,0,0,0,0,0,0,0,0,0,False
Q96RS0,853.0,3,3,513.0,171.0,0.6014067995310668,3+,0,0,0,0,1,1,0,0,1,0,1,0,0,0,0,0,0,0,0,0,0,0,False
Q9BRD0,619.0,3,4,487.0,121.75,0.7867528271405493,3+,0,1,1,0,1,1,0,0,1,0,1,0,0,0,0,1,0,0,0,0,0,0,False
P42704,1394.0,0,0,0.0,,0.0,0,0,0,0,0,0,0,0,0,0,0,0,0,0,0,0,0,0,0,0,0,0,0,False
Q9UK59,544.0,2,2,158.0,79.0,0.29044117647058826,2,0,0,1,0,0,1,0,0,0,0,0,0,0,0,0,0,0,0,0,0,0,0,False
Q99728,777.0,2,2,370.0,185.0,0.47619047619047616,2,0,0,0,0,0,0,0,0,0,0,1,0,0,0,0,0,0,0,0,0,0,0,False
Q9NRN9,209.0,0,0,0.0,,0.0,0,0,0,0,0,0,0,0,0,0,0,0,0,0,0,0,0,0,0,0,0,0,0,False
P05455,408.0,1,1,213.0,213.0,0.5220588235294118,1,0,1,0,0,0,0,0,0,0,0,0,0,0,0,0,1,0,0,0,0,0,0,False
Q9GZL7,423.0,0,0,0.0,,0.0,0,0,0,0,0,0,0,0,0,0,0,0,0,0,0,0,0,0,0,0,0,0,0,False
Q32P41,509.0,0,0,0.0,,0.0,0,0,0,0,0,0,0,0,0,0,0,0,0,0,0,0,0,0,0,0,0,0,0,False
Q96BP3,646.0,1,1,46.0,46.0,0.07120743034055728,1,0,0,0,0,0,1,0,0,0,0,0,0,0,0,0,0,0,0,0,0,0,0,False
Q96IC2,774.0,0,0,0.0,,0.0,0,0,0,0,0,0,0,0,0,0,0,0,0,0,0,0,0,0,0,0,0,0,0,False
P60900,246.0,0,0,0.0,,0.0,0,0,0,0,0,0,0,0,0,0,0,0,0,0,0,0,0,0,0,0,0,0,0,False
Q13573,536.0,1,1,96.0,96.0,0.1791044776119403,1,0,0,0,0,0,0,0,0,0,0,1,0,0,0,0,0,0,0,0,0,0,0,False
Q96FV9,657.0,2,2,75.0,37.5,0.1141552511415525,2,1,1,0,0,0,1,0,0,0,0,0,0,0,0,0,0,0,0,0,0,0,0,False
O75691,2785.0,3,4,170.0,42.5,0.06104129263913824,3+,0,0,1,0,1,1,0,0,0,1,0,0,0,0,0,0,0,0,0,0,0,0,False
Q9NYH9,597.0,0,0,0.0,,0.0,0,0,0,0,0,0,0,0,0,0,0,0,0,0,0,0,0,0,0,0,0,0,0,False
P49588,968.0,0,0,0.0,,0.0,0,0,0,0,0,0,0,0,0,0,0,0,0,0,0,0,0,0,0,0,0,0,0,False
O60563,726.0,2,2,466.0,233.0,0.6418732782369146,2,0,0,0,0,0,0,0,0,1,0,0,1,0,0,0,0,0,0,0,0,0,0,False
Q9ULM6,557.0,0,0,0.0,,0.0,0,0,0,0,0,0,0,0,0,0,0,0,0,0,0,0,0,0,0,0,0,0,0,False
P56192,900.0,0,0,0.0,,0.0,0,0,0,0,0,0,0,0,0,0,0,0,0,0,0,0,0,0,0,0,0,0,0,False
Q15434,407.0,0,0,0.0,,0.0,0,0,0,0,0,0,0,0,0,0,0,0,0,0,0,0,0,0,0,0,0,0,0,False
Q15185,160.0,1,1,57.0,57.0,0.35625,1,0,0,0,0,0,1,0,0,0,0,0,0,0,0,0,0,0,0,0,0,0,0,False
P49790,1475.0,2,2,1389.0,694.5,0.9416949152542373,2,0,1,0,0,1,0,0,0,0,0,0,1,0,1,0,0,0,0,0,0,0,0,False
O15105,426.0,1,1,69.0,69.0,0.1619718309859155,1,0,0,0,0,0,0,0,0,0,0,1,0,0,0,0,0,0,0,0,0,0,0,False
Q9Y473,711.0,0,0,0.0,,0.0,0,0,0,0,0,0,0,0,0,0,0,0,0,0,0,0,0,0,0,0,0,0,0,False
O75113,896.0,0,0,0.0,,0.0,0,0,0,0,0,0,0,0,0,0,0,0,0,0,0,0,0,0,0,0,0,0,0,False
Q14562,1220.0,2,2,208.0,104.0,0.17049180327868851,2,0,0,1,1,0,1,0,0,0,0,0,0,0,0,0,0,0,0,0,0,1,0,False
Q6P1Q9,378.0,0,0,0.0,,0.0,0,0,0,0,0,0,0,0,0,0,0,0,0,0,0,0,0,0,0,0,0,0,0,False
Q8TDI0,1954.0,3,6,716.0,119.33333333333333,0.3664278403275333,3+,0,0,0,0,1,1,0,0,0,1,1,1,0,0,0,0,0,0,0,0,0,0,False
Q6ZRS2,3230.0,3,10,2020.0,202.0,0.6253869969040248,3+,0,0,0,1,1,1,1,0,1,0,1,1,0,0,0,0,0,0,0,0,0,0,False
O15047,1707.0,3,5,1110.0,222.0,0.6502636203866432,3+,0,0,1,0,1,1,0,0,0,0,1,1,0,1,0,0,0,0,0,0,0,0,False
Q9UEG4,869.0,2,2,88.0,44.0,0.10126582278481013,2,0,0,1,0,1,1,0,0,0,0,0,0,0,0,0,0,0,1,0,0,0,0,False
Q8IXZ2,948.0,1,1,794.0,794.0,0.8375527426160337,1,0,1,0,0,0,0,0,0,0,0,0,0,0,0,0,0,0,0,0,0,1,0,False
Q9UKV3,1341.0,1,1,1213.0,1213.0,0.9045488441461595,1,0,0,1,0,0,0,0,0,0,0,0,0,0,0,0,0,0,0,0,0,1,0,False
Q06830,199.0,0,0,0.0,,0.0,0,0,0,0,0,0,0,0,0,0,0,0,0,0,0,0,0,0,0,0,0,0,0,False
Q92900,1129.0,1,1,24.0,24.0,0.021257750221434897,1,0,0,1,0,0,0,0,0,0,0,0,1,0,0,0,0,0,0,0,0,0,0,False
P55199,621.0,1,1,26.0,26.0,0.04186795491143317,1,0,0,0,0,0,0,0,0,0,1,0,0,0,0,0,0,0,0,0,0,0,0,False
Q9Y3Z3,626.0,0,0,0.0,,0.0,0,0,0,0,0,0,0,0,0,0,0,0,0,0,0,0,0,0,0,0,0,0,0,False
Q9UPR6,939.0,3,4,309.0,77.25,0.329073482428115,3+,0,1,1,1,1,0,1,0,1,0,0,1,0,0,0,0,0,0,0,0,0,0,False
O00418,725.0,1,1,103.0,103.0,0.14206896551724138,1,0,0,0,0,0,0,0,0,1,0,0,0,0,0,0,0,0,0,0,0,0,0,False
Q86US8,1419.0,2,2,457.0,228.5,0.32205778717406625,2,0,0,0,1,1,1,0,0,0,0,1,0,0,0,0,0,0,0,0,0,0,0,False
Q8WYQ5,773.0,2,2,157.0,78.5,0.20310478654592498,2,0,0,1,0,1,1,0,0,0,0,1,0,0,0,0,0,0,0,0,0,0,0,False
Q9NVP1,670.0,1,1,156.0,156.0,0.23283582089552238,1,0,0,1,0,0,0,0,0,0,0,0,1,0,0,0,0,0,0,0,0,0,0,False
Q9UNW9,492.0,1,1,191.0,191.0,0.3882113821138211,1,0,0,0,1,0,0,0,0,0,0,0,1,0,0,0,0,0,0,0,0,0,0,False
O75530,441.0,0,0,0.0,,0.0,0,0,0,0,0,0,0,0,0,0,0,0,0,0,0,0,0,0,0,0,0,0,0,False
Q9H0J9,701.0,0,0,0.0,,0.0,0,0,0,0,0,0,0,0,0,0,0,0,0,0,0,0,0,0,0,0,0,0,0,False
Q9UHL0,483.0,0,0,0.0,,0.0,0,0,0,0,0,0,0,0,0,0,0,0,0,0,0,0,0,0,0,0,0,0,0,False
Q96C86,337.0,0,0,0.0,,0.0,0,0,0,0,0,0,0,0,0,0,0,0,0,0,0,0,0,0,0,0,0,0,0,False
Q9NRX1,252.0,0,0,0.0,,0.0,0,0,0,0,0,0,0,0,0,0,0,0,0,0,0,0,0,0,0,0,0,0,0,False
Q96DI7,357.0,0,0,0.0,,0.0,0,0,0,0,0,0,0,0,0,0,0,0,0,0,0,0,0,0,0,0,0,0,0,False
Q8N5C6,995.0,1,1,111.0,111.0,0.11155778894472362,1,0,0,0,0,1,0,0,0,0,0,1,0,0,0,0,0,0,0,0,0,0,0,False
Q9P2K8,1649.0,2,2,206.0,103.0,0.1249241964827168,2,0,0,0,0,1,1,0,0,0,0,0,0,0,0,0,1,0,0,0,0,0,0,False
Q9BSC4,688.0,1,1,265.0,265.0,0.3851744186046512,1,0,1,0,0,0,0,0,0,0,0,0,0,0,0,0,0,0,0,0,0,1,0,False
O60583,730.0,1,1,388.0,388.0,0.5315068493150685,1,0,0,0,0,0,0,0,0,0,0,0,0,0,1,0,0,0,0,0,0,0,0,False
Q5FWF4,1079.0,1,1,254.0,254.0,0.23540315106580167,1,0,1,0,0,0,0,0,0,0,0,1,0,0,0,0,0,0,0,0,0,0,0,False
Q15032,1099.0,3,5,459.0,91.8,0.4176524112829845,3+,0,0,1,0,1,0,0,0,1,0,1,1,0,1,0,0,0,0,0,0,0,0,False
P14868,501.0,0,0,0.0,,0.0,0,0,0,0,0,0,0,0,0,0,0,0,0,0,0,0,0,0,0,0,0,0,0,False
O43432,1585.0,3,6,677.0,112.83333333333333,0.42712933753943216,3+,1,1,0,0,1,1,0,0,1,0,1,1,0,1,0,0,0,0,0,0,0,0,False
Q8NC60,698.0,1,1,43.0,43.0,0.06160458452722063,1,0,0,0,0,1,0,0,0,0,0,0,0,0,0,0,1,0,0,0,0,0,0,False
Q96RP9,751.0,0,0,0.0,,0.0,0,0,0,0,0,0,0,0,0,0,0,0,0,0,0,0,0,0,0,0,0,0,0,False
Q9Y2X3,529.0,1,1,143.0,143.0,0.27032136105860116,1,0,1,0,0,0,0,0,0,0,0,1,0,0,0,0,0,0,0,0,0,0,0,False
O15234,703.0,3,3,652.0,217.33333333333334,0.9274537695590327,3+,0,1,0,0,1,1,0,0,1,0,0,0,0,1,0,0,0,0,0,0,0,0,False
Q14CZ7,662.0,0,0,0.0,,0.0,0,0,0,0,0,0,0,0,0,0,0,0,0,0,0,0,0,0,0,0,0,0,0,False
Q9NXL6,827.0,1,1,79.0,79.0,0.09552599758162031,1,1,0,0,0,0,0,0,0,0,0,0,0,0,1,0,0,0,0,0,0,0,0,False
Q9UBK2,798.0,2,2,641.0,320.5,0.8032581453634086,2,0,0,1,0,0,0,0,0,0,0,0,0,0,0,0,0,0,0,0,0,1,0,False
Q96KR1,1074.0,3,3,526.0,175.33333333333334,0.4897579143389199,3+,0,1,1,1,0,0,0,0,1,0,1,0,0,0,0,1,0,0,0,0,0,0,False
Q17RY0,729.0,1,1,336.0,336.0,0.4609053497942387,1,0,0,0,0,1,0,0,0,1,0,0,0,0,0,0,0,0,0,0,0,0,0,False
Q96J01,351.0,0,0,0.0,,0.0,0,0,0,0,0,0,0,0,0,0,0,0,0,0,0,0,0,0,0,0,0,0,0,False
Q9UNX3,145.0,1,1,135.0,135.0,0.9310344827586207,1,0,1,0,0,0,0,0,0,0,1,0,0,0,0,0,0,0,0,0,0,0,0,False
Q9H089,658.0,1,1,106.0,106.0,0.16109422492401215,1,0,0,1,0,0,1,0,0,0,0,0,0,0,0,0,0,0,0,0,0,0,0,False
Q9P2N5,1060.0,3,6,547.0,91.16666666666667,0.5160377358490567,3+,0,0,1,1,1,1,0,0,1,0,1,1,0,0,0,0,0,0,1,0,1,0,False
Q9HAV4,1204.0,0,0,0.0,,0.0,0,0,0,0,0,0,0,0,0,0,0,0,0,0,0,0,0,0,0,0,0,0,0,False
Q15024,291.0,0,0,0.0,,0.0,0,0,0,0,0,0,0,0,0,0,0,0,0,0,0,0,0,0,0,0,0,0,0,False
O95620,317.0,0,0,0.0,,0.0,0,0,0,0,0,0,0,0,0,0,0,0,0,0,0,0,0,0,0,0,0,0,0,False
P51531,1590.0,3,3,1027.0,342.3333333333333,0.6459119496855346,3+,0,1,0,0,1,0,0,0,1,0,1,0,0,0,0,1,0,0,0,0,0,0,False
P31942,346.0,2,2,149.0,74.5,0.430635838150289,2,0,0,1,1,0,0,0,0,1,0,0,0,0,0,0,0,0,0,1,0,0,0,False
O14981,1849.0,0,0,0.0,,0.0,0,0,0,0,0,0,0,0,0,0,0,0,0,0,0,0,0,0,0,0,0,0,0,False
P78332,1123.0,3,3,384.0,128.0,0.3419412288512912,3+,0,0,1,0,1,0,0,0,1,0,0,0,0,0,0,1,0,0,0,0,0,0,False
O94906,941.0,1,1,99.0,99.0,0.10520722635494155,1,1,0,0,0,0,1,0,0,0,0,0,0,0,0,0,0,0,0,0,0,0,0,False
P49770,351.0,0,0,0.0,,0.0,0,0,0,0,0,0,0,0,0,0,0,0,0,0,0,0,0,0,0,0,0,0,0,False
Q8TBF4,217.0,1,1,88.0,88.0,0.4055299539170507,1,0,0,1,0,0,0,0,0,0,0,1,0,0,0,0,0,0,0,0,0,0,0,False
Q15633,366.0,0,0,0.0,,0.0,0,0,0,0,0,0,0,0,0,0,0,0,0,0,0,0,0,0,0,0,0,0,0,False
Q5T8P6,1007.0,3,4,375.0,93.75,0.3723932472691162,3+,0,0,1,1,0,1,0,0,0,0,1,1,0,0,0,0,0,0,0,0,1,0,False
A7MD48,611.0,1,1,523.0,523.0,0.855973813420622,1,0,1,0,0,0,0,0,0,0,0,0,0,0,0,0,0,0,0,0,0,1,0,False
Q5VZF2,373.0,1,1,37.0,37.0,0.09919571045576407,1,0,0,1,0,0,0,0,0,1,0,0,0,0,0,0,0,0,0,0,0,0,0,False
Q8IZP6,322.0,0,0,0.0,,0.0,0,0,0,0,0,0,0,0,0,0,0,0,0,0,0,0,0,0,0,0,0,0,0,False
Q86U38,636.0,1,1,20.0,20.0,0.031446540880503145,1,1,0,0,0,0,1,0,0,0,0,0,0,0,0,0,0,0,0,0,0,0,0,False
A0A0A0MQW0,576.0,2,2,174.0,87.0,0.3020833333333333,2,0,0,1,1,0,0,0,0,0,0,1,0,0,0,0,0,0,0,0,0,0,0,False
P37108,136.0,2,2,105.0,52.5,0.7720588235294118,2,0,1,1,0,0,0,0,0,0,1,0,1,0,0,0,0,0,0,0,0,0,0,False
Q9GZS3,305.0,0,0,0.0,,0.0,0,0,0,0,0,0,0,0,0,0,0,0,0,0,0,0,0,0,0,0,0,0,0,False
Q92620,1227.0,3,3,473.0,157.66666666666666,0.3854930725346373,3+,0,0,1,0,1,0,0,0,1,0,0,0,0,0,0,1,0,0,0,0,1,0,False
Q9NX01,149.0,0,0,0.0,,0.0,0,0,0,0,0,0,0,0,0,0,0,0,0,0,0,0,0,0,0,0,0,0,0,False
Q8WYQ9,949.0,2,2,880.0,440.0,0.9272918861959958,2,0,1,0,0,1,0,0,0,0,0,0,1,0,1,0,0,0,0,0,0,0,0,False
Q8NCV1,583.0,0,0,0.0,,0.0,0,0,0,0,0,0,0,0,0,0,0,0,0,0,0,0,0,0,0,0,0,0,0,False
Q92901,407.0,0,0,0.0,,0.0,0,0,0,0,0,0,0,0,0,0,0,0,0,0,0,0,0,0,0,0,0,0,0,False
Q9ULX3,412.0,1,1,37.0,37.0,0.08980582524271845,1,0,0,0,0,1,1,0,0,0,0,0,0,0,0,0,0,0,0,0,0,0,0,False
P83876,142.0,0,0,0.0,,0.0,0,0,0,0,0,0,0,0,0,0,0,0,0,0,0,0,0,0,0,0,0,0,0,False
O43823,692.0,2,2,393.0,196.5,0.5679190751445087,2,0,1,0,0,1,0,0,0,0,0,1,1,0,0,0,0,0,0,0,0,0,0,False
Q96L12,384.0,1,1,43.0,43.0,0.11197916666666667,1,0,0,0,0,1,1,0,0,0,0,0,0,0,0,0,0,0,0,0,0,0,0,False
Q9H0W8,520.0,1,1,75.0,75.0,0.14423076923076922,1,0,0,0,0,0,0,0,0,0,0,0,1,0,0,0,0,0,0,0,0,0,0,False
P62280,158.0,0,0,0.0,,0.0,0,0,0,0,0,0,0,0,0,0,0,0,0,0,0,0,0,0,0,0,0,0,0,False
Q15427,424.0,1,1,209.0,209.0,0.49292452830188677,1,0,0,1,0,0,0,0,0,1,0,0,0,0,0,0,0,0,0,0,0,0,0,False
P41214,584.0,1,1,46.0,46.0,0.07876712328767123,1,0,0,0,0,1,1,0,0,0,0,0,0,0,0,0,0,0,0,0,0,0,0,False
P62979,156.0,1,1,43.0,43.0,0.27564102564102566,1,0,1,0,0,0,0,0,0,0,1,0,0,0,0,0,0,0,0,0,0,0,0,False
P62308,76.0,0,0,0.0,,0.0,0,0,0,0,0,0,0,0,0,0,0,0,0,0,0,0,0,0,0,0,0,0,0,False
Q9HC10,1997.0,2,2,168.0,84.0,0.08412618928392589,2,0,0,0,0,1,0,0,0,0,0,0,0,0,1,1,0,0,0,0,0,0,0,False
P82675,430.0,1,1,81.0,81.0,0.1883720930232558,1,1,0,0,0,0,0,1,0,0,0,0,0,0,0,0,0,0,0,0,0,0,0,False
O75319,330.0,0,0,0.0,,0.0,0,0,0,0,0,0,0,0,0,0,0,0,0,0,0,0,0,0,0,0,0,0,0,False
O15514,142.0,0,0,0.0,,0.0,0,0,0,0,0,0,0,0,0,0,0,0,0,0,0,0,0,0,0,0,0,0,0,False
Q92600,299.0,0,0,0.0,,0.0,0,0,0,0,0,0,0,0,0,0,0,0,0,0,0,0,0,0,0,0,0,0,0,False
Q9P0L1,754.0,1,1,59.0,59.0,0.07824933687002653,1,0,0,1,0,0,1,0,0,0,0,0,0,0,0,0,0,0,0,0,0,0,0,False
Q8WTS6,366.0,0,0,0.0,,0.0,0,0,0,0,0,0,0,0,0,0,0,0,0,0,0,0,0,0,0,0,0,0,0,False
Q96HR8,494.0,3,4,275.0,68.75,0.5566801619433198,3+,0,0,1,0,1,0,0,0,1,0,0,1,0,0,0,1,0,0,0,0,0,0,False
Q9BRX2,385.0,0,0,0.0,,0.0,0,0,0,0,0,0,0,0,0,0,0,0,0,0,0,0,0,0,0,0,0,0,0,False
Q96NC0,199.0,1,1,81.0,81.0,0.40703517587939697,1,0,1,0,0,0,0,0,0,0,0,0,0,0,0,0,1,0,0,0,0,0,0,False
Q9ULW3,272.0,1,1,33.0,33.0,0.1213235294117647,1,0,0,0,0,0,1,0,0,0,0,0,0,0,0,0,0,0,0,0,0,0,0,False
Q96PU8,341.0,0,0,0.0,,0.0,0,0,0,0,0,0,0,0,0,0,0,0,0,0,0,0,0,0,0,0,0,0,0,False
V9GYA0,39.0,0,0,0.0,,0.0,0,0,0,0,0,0,0,0,0,0,0,0,0,0,0,0,0,0,0,0,0,0,0,False
Q96H79,300.0,0,0,0.0,,0.0,0,0,0,0,0,0,0,0,0,0,0,0,0,0,0,0,0,0,0,0,0,0,0,False
Q5C9Z4,860.0,2,2,251.0,125.5,0.29186046511627906,2,0,0,1,0,1,1,1,0,0,0,0,0,0,0,0,0,0,0,0,0,0,0,False
Q9NZB2,1118.0,3,4,301.0,75.25,0.2692307692307692,3+,0,0,0,0,0,0,0,0,1,0,1,0,0,1,0,0,0,0,0,0,0,0,False
P49589,748.0,1,1,89.0,89.0,0.11898395721925134,1,0,0,0,0,1,0,0,0,0,0,1,0,0,0,0,0,0,0,0,0,0,0,False
Q9C0D7,883.0,2,2,244.0,122.0,0.27633069082672707,2,0,0,1,0,1,1,0,0,0,0,1,0,0,0,0,0,0,0,0,0,0,0,False
Q13405,166.0,1,1,31.0,31.0,0.18674698795180722,1,0,1,0,0,0,0,0,0,1,0,0,0,0,0,0,0,0,0,0,0,0,0,False
Q53EL6,469.0,1,1,75.0,75.0,0.15991471215351813,1,0,0,0,0,1,0,0,0,0,0,0,0,0,1,0,0,0,0,0,0,0,0,False
Q9UK39,431.0,1,1,53.0,53.0,0.12296983758700696,1,0,0,0,0,1,0,0,0,0,0,1,0,0,0,0,0,0,0,0,0,0,0,False
Q8IZD4,617.0,1,1,87.0,87.0,0.14100486223662884,1,0,0,0,1,0,0,0,0,0,0,1,0,0,0,0,0,0,0,0,0,0,0,False
Q96LB4,118.0,1,1,49.0,49.0,0.4152542372881356,1,0,0,0,0,0,0,1,0,0,0,0,0,0,0,0,0,0,0,0,0,0,0,False
Q5VWX1,349.0,1,1,52.0,52.0,0.1489971346704871,1,0,0,0,0,1,0,0,0,0,0,0,0,0,0,0,0,0,0,1,0,0,0,False
Q9H974,415.0,0,0,0.0,,0.0,0,0,0,0,0,0,0,0,0,0,0,0,0,0,0,0,0,0,0,0,0,0,0,False
Q8N442,669.0,0,0,0.0,,0.0,0,0,0,0,0,0,0,0,0,0,0,0,0,0,0,0,0,0,0,0,0,0,0,False
Q9H361,631.0,0,0,0.0,,0.0,0,0,0,0,0,0,0,0,0,0,0,0,0,0,0,0,0,0,0,0,0,0,0,False
Q8TBY0,533.0,1,1,11.0,11.0,0.020637898686679174,1,0,0,1,0,0,0,0,0,1,0,0,0,0,0,0,0,0,0,0,0,0,0,False
Q9NSD9,589.0,0,0,0.0,,0.0,0,0,0,0,0,0,0,0,0,0,0,0,0,0,0,0,0,0,0,0,0,0,0,False
Q5W0B1,726.0,2,2,581.0,290.5,0.800275482093664,2,0,0,0,0,0,0,0,0,0,0,1,0,0,0,0,1,0,0,0,0,0,0,False
Q5T200,1668.0,1,1,1410.0,1410.0,0.8453237410071942,1,0,0,1,0,0,0,0,0,0,0,0,0,0,0,0,0,0,0,0,0,1,0,False
Q2TBE0,894.0,1,1,533.0,533.0,0.5961968680089486,1,0,0,0,0,1,0,0,0,0,0,0,0,0,0,0,1,0,0,0,0,0,0,False
Q96GW9,593.0,0,0,0.0,,0.0,0,0,0,0,0,0,0,0,0,0,0,0,0,0,0,0,0,0,0,0,0,0,0,False
P47974,494.0,3,4,285.0,71.25,0.5769230769230769,3+,0,0,1,0,1,0,0,0,0,0,1,1,0,1,0,0,0,0,0,0,0,0,False
F8W8I6,385.0,0,0,0.0,,0.0,0,0,0,0,0,0,0,0,0,0,0,0,0,0,0,0,0,0,0,0,0,0,0,False
Q9BVS4,552.0,1,1,161.0,161.0,0.2916666666666667,1,0,0,1,0,0,1,0,0,0,0,0,0,0,0,0,0,0,0,0,0,0,0,False
P49792,3224.0,3,4,1196.0,299.0,0.3709677419354839,3+,0,1,0,0,1,1,0,0,1,0,1,0,0,0,0,0,0,0,0,0,0,0,False
Q8TF42,649.0,0,0,0.0,,0.0,0,0,0,0,0,0,0,0,0,0,0,0,0,0,0,0,0,0,0,0,0,0,0,False
Q8NCE0,465.0,0,0,0.0,,0.0,0,0,0,0,0,0,0,0,0,0,0,0,0,0,0,0,0,0,0,0,0,0,0,False
Q68D06,897.0,0,0,0.0,,0.0,0,0,0,0,0,0,0,0,0,0,0,0,0,0,0,0,0,0,0,0,0,0,0,False
Q9BYG3,293.0,1,1,78.0,78.0,0.26621160409556316,1,0,0,1,0,0,0,0,0,0,1,0,0,0,0,0,0,0,0,0,0,0,0,False
Q8TEQ6,1508.0,3,4,250.0,62.5,0.16578249336870027,3+,0,0,0,0,0,1,0,0,0,1,1,0,0,0,0,0,0,0,0,0,0,0,False
Q8IUH3,476.0,0,0,0.0,,0.0,0,0,0,0,0,0,0,0,0,0,0,0,0,0,0,0,0,0,0,0,0,0,0,False
Q9H2H8,161.0,0,0,0.0,,0.0,0,0,0,0,0,0,0,0,0,0,0,0,0,0,0,0,0,0,0,0,0,0,0,False
P83369,360.0,2,2,122.0,61.0,0.3388888888888889,2,0,0,1,0,1,0,0,0,0,0,1,0,0,0,0,0,0,0,1,0,0,0,False
O95104,1147.0,3,6,819.0,136.5,0.7140366172624237,3+,0,0,1,0,1,0,0,0,1,0,0,1,0,1,0,1,0,0,0,0,1,0,False
O43541,496.0,1,1,32.0,32.0,0.06451612903225806,1,0,0,0,0,0,0,0,0,0,0,0,1,0,0,0,0,0,0,0,0,0,0,False
Q9NRX2,175.0,0,0,0.0,,0.0,0,0,0,0,0,0,0,0,0,0,0,0,0,0,0,0,0,0,0,0,0,0,0,False
O60841,1220.0,1,1,626.0,626.0,0.5131147540983606,1,0,0,1,0,0,0,0,0,0,0,1,0,0,0,0,0,0,0,0,0,0,0,False
Q9UKZ1,510.0,2,2,83.0,41.5,0.1627450980392157,2,0,0,0,0,1,0,0,0,0,0,0,1,0,1,0,0,0,0,0,0,0,0,False
Q86SE8,214.0,2,2,123.0,61.5,0.5747663551401869,2,0,1,1,0,0,1,0,0,0,1,0,0,0,0,0,0,0,0,0,0,0,0,False
Q14974,876.0,0,0,0.0,,0.0,0,0,0,0,0,0,0,0,0,0,0,0,0,0,0,0,0,0,0,0,0,0,0,False
Q9NZI8,577.0,0,0,0.0,,0.0,0,0,0,0,0,0,0,0,0,0,0,0,0,0,0,0,0,0,0,0,0,0,0,False
Q5SZQ8,465.0,3,3,248.0,82.66666666666667,0.5333333333333333,3+,0,1,0,1,0,0,0,0,1,0,0,1,0,0,0,0,0,0,0,0,0,0,False
Q9HC44,474.0,1,1,311.0,311.0,0.6561181434599156,1,0,0,0,0,1,0,0,0,1,0,0,0,0,0,0,0,0,0,0,0,0,0,False
Q9NP77,194.0,0,0,0.0,,0.0,0,0,0,0,0,0,0,0,0,0,0,0,0,0,0,0,0,0,0,0,0,0,0,False
Q15269,919.0,1,1,31.0,31.0,0.03373231773667029,1,0,0,0,0,1,1,0,0,0,0,0,0,0,0,0,0,0,0,0,0,0,0,False
Q15424,915.0,2,2,792.0,396.0,0.8655737704918033,2,0,1,0,0,1,0,0,0,0,0,0,0,0,0,0,0,0,0,1,0,1,0,False
P25311,298.0,0,0,0.0,,0.0,0,0,0,0,0,0,0,0,0,0,0,0,0,0,0,0,0,0,0,0,0,0,0,False
O75127,700.0,1,1,52.0,52.0,0.07428571428571429,1,0,0,0,0,1,0,0,0,0,0,0,1,0,0,0,0,0,0,0,0,0,0,False
P52435,117.0,0,0,0.0,,0.0,0,0,0,0,0,0,0,0,0,0,0,0,0,0,0,0,0,0,0,0,0,0,0,False
Q8N6W0,485.0,0,0,0.0,,0.0,0,0,0,0,0,0,0,0,0,0,0,0,0,0,0,0,0,0,0,0,0,0,0,False
Q96EF6,278.0,0,0,0.0,,0.0,0,0,0,0,0,0,0,0,0,0,0,0,0,0,0,0,0,0,0,0,0,0,0,False
Q96SR6,550.0,0,0,0.0,,0.0,0,0,0,0,0,0,0,0,0,0,0,0,0,0,0,0,0,0,0,0,0,0,0,False
Q3MHD2,195.0,0,0,0.0,,0.0,0,0,0,0,0,0,0,0,0,0,0,0,0,0,0,0,0,0,0,0,0,0,0,False
Q71RC2,724.0,1,1,265.0,265.0,0.3660220994475138,1,0,0,1,0,0,0,0,0,0,0,0,0,0,1,0,0,0,0,0,0,0,0,False
Q6V9R5,426.0,0,0,0.0,,0.0,0,0,0,0,0,0,0,0,0,0,0,0,0,0,0,0,0,0,0,0,0,0,0,False
Q9NQ29,371.0,2,2,226.0,113.0,0.6091644204851752,2,1,1,0,0,0,0,0,0,0,0,1,0,0,0,0,0,0,0,0,0,1,0,False
Q9UBU9,619.0,0,0,0.0,,0.0,0,0,0,0,0,0,0,0,0,0,0,0,0,0,0,0,0,0,0,0,0,0,0,False
Q9HCJ3,691.0,2,2,213.0,106.5,0.30824891461649784,2,0,0,1,0,1,0,0,0,0,0,1,1,0,0,0,0,0,0,0,0,0,0,False
O14979,420.0,1,1,90.0,90.0,0.21428571428571427,1,0,0,1,0,0,0,0,0,0,0,0,0,0,0,0,0,0,0,1,0,0,0,False
Q8TDG4,1101.0,1,1,116.0,116.0,0.10535876475930972,1,0,0,1,0,0,0,0,0,0,0,1,0,0,0,0,0,0,0,0,0,0,0,False
Q9Y3D5,142.0,0,0,0.0,,0.0,0,0,0,0,0,0,0,0,0,0,0,0,0,0,0,0,0,0,0,0,0,0,0,False
Q6I9Y2,204.0,1,1,128.0,128.0,0.6274509803921569,1,0,1,0,0,0,0,0,0,1,0,0,0,0,0,0,0,0,0,0,0,0,0,False
Q96IZ7,334.0,1,1,297.0,297.0,0.8892215568862275,1,0,0,0,0,0,0,0,0,0,0,0,0,0,0,0,0,0,0,0,0,1,0,False
A0AV96,593.0,1,1,95.0,95.0,0.16020236087689713,1,0,0,0,0,1,0,0,0,1,0,0,0,0,0,0,0,0,0,0,0,0,0,False
Q8TBZ5,544.0,0,0,0.0,,0.0,0,0,0,0,0,0,0,0,0,0,0,0,0,0,0,0,0,0,0,0,0,0,0,False
O75394,65.0,0,0,0.0,,0.0,0,0,0,0,0,0,0,0,0,0,0,0,0,0,0,0,0,0,0,0,0,0,0,False
Q8TAD8,396.0,2,2,192.0,96.0,0.48484848484848486,2,0,0,0,0,0,1,0,0,0,0,0,0,0,0,0,0,0,0,0,0,1,0,False
P61221,599.0,0,0,0.0,,0.0,0,0,0,0,0,0,0,0,0,0,0,0,0,0,0,0,0,0,0,0,0,0,0,False
P62312,80.0,0,0,0.0,,0.0,0,0,0,0,0,0,0,0,0,0,0,0,0,0,0,0,0,0,0,0,0,0,0,False
P62266,143.0,0,0,0.0,,0.0,0,0,0,0,0,0,0,0,0,0,0,0,0,0,0,0,0,0,0,0,0,0,0,False
O14776,1098.0,3,4,897.0,224.25,0.8169398907103825,3+,0,0,0,0,0,0,0,0,0,0,1,1,0,0,0,1,0,1,0,0,0,0,False
O15455,904.0,0,0,0.0,,0.0,0,0,0,0,0,0,0,0,0,0,0,0,0,0,0,0,0,0,0,0,0,0,0,False
A0A0A0MQZ6,189.0,1,1,131.0,131.0,0.6931216931216931,1,0,0,0,0,0,0,0,0,0,1,0,0,0,0,0,0,0,0,0,0,0,0,False
O95391,586.0,2,2,170.0,85.0,0.2901023890784983,2,1,0,1,0,0,1,0,0,0,0,1,0,0,0,0,0,0,0,0,0,0,0,False
Q8TA86,221.0,2,2,100.0,50.0,0.45248868778280543,2,0,0,0,0,0,0,1,0,0,1,0,0,0,0,0,0,0,0,0,0,0,0,False
Q14296,549.0,1,1,10.0,10.0,0.018214936247723135,1,0,0,0,0,1,0,0,0,0,0,0,1,0,0,0,0,0,0,0,0,0,0,False
Q9H814,394.0,2,2,177.0,88.5,0.44923857868020306,2,0,1,0,0,0,0,0,0,1,0,0,0,0,0,0,1,0,0,0,0,0,0,False
A0A087WT20,597.0,1,1,86.0,86.0,0.1440536013400335,1,0,1,0,0,0,0,0,0,0,1,0,0,0,0,0,0,0,0,0,0,0,0,False
Q8N5L8,163.0,0,0,0.0,,0.0,0,0,0,0,0,0,0,0,0,0,0,0,0,0,0,0,0,0,0,0,0,0,0,False
Q9H898,229.0,0,0,0.0,,0.0,0,0,0,0,0,0,0,0,0,0,0,0,0,0,0,0,0,0,0,0,0,0,0,False
O94913,1555.0,3,4,700.0,175.0,0.45016077170418006,3+,0,1,0,1,1,1,0,0,1,0,0,1,0,0,0,0,0,0,0,0,1,0,False
Q96L21,214.0,0,0,0.0,,0.0,0,0,0,0,0,0,0,0,0,0,0,0,0,0,0,0,0,0,0,0,0,0,0,False
Q96CM3,377.0,0,0,0.0,,0.0,0,0,0,0,0,0,0,0,0,0,0,0,0,0,0,0,0,0,0,0,0,0,0,False
Q9H1E1,156.0,0,0,0.0,,0.0,0,0,0,0,0,0,0,0,0,0,0,0,0,0,0,0,0,0,0,0,0,0,0,False
Q86U44,580.0,1,1,112.0,112.0,0.19310344827586207,1,0,0,0,0,1,0,0,0,0,0,1,0,0,0,0,0,0,0,0,0,0,0,False
Q8WWH5,349.0,1,1,73.0,73.0,0.20916905444126074,1,0,0,1,0,0,0,0,0,0,0,0,1,0,0,0,0,0,0,0,0,0,0,False
Q9P2I0,782.0,2,2,192.0,96.0,0.24552429667519182,2,0,0,0,1,1,1,0,0,0,0,1,0,0,0,0,0,0,0,0,0,0,0,False
Q7Z3Z4,852.0,0,0,0.0,,0.0,0,0,0,0,0,0,0,0,0,0,0,0,0,0,0,0,0,0,0,0,0,0,0,False
H0Y2Q1,191.0,0,0,0.0,,0.0,0,0,0,0,0,0,0,0,0,0,0,0,0,0,0,0,0,0,0,0,0,0,0,False
Q9BRS8,491.0,2,2,190.0,95.0,0.3869653767820774,2,0,1,0,0,1,1,0,0,0,0,1,0,0,0,0,0,0,0,0,0,0,0,False
P15918,1043.0,0,0,0.0,,0.0,0,0,0,0,0,0,0,0,0,0,0,0,0,0,0,0,0,0,0,0,0,0,0,False
Q08AF3,891.0,0,0,0.0,,0.0,0,0,0,0,0,0,0,0,0,0,0,0,0,0,0,0,0,0,0,0,0,0,0,False
Q6ZRY4,209.0,1,1,18.0,18.0,0.0861244019138756,1,0,0,1,0,0,0,0,0,0,0,0,0,0,1,0,0,0,0,0,0,0,0,False
Q86TB9,770.0,2,2,281.0,140.5,0.36493506493506495,2,0,0,0,0,1,1,0,0,0,0,1,0,0,0,0,0,0,0,0,0,0,0,False
O43809,227.0,0,0,0.0,,0.0,0,0,0,0,0,0,0,0,0,0,0,0,0,0,0,0,0,0,0,0,0,0,0,False
P62314,119.0,1,1,32.0,32.0,0.2689075630252101,1,0,0,1,0,0,0,0,0,0,0,0,0,0,0,0,0,0,0,1,0,0,0,False
Q05481,1191.0,1,1,579.0,579.0,0.48614609571788414,1,0,1,0,0,0,0,0,0,1,0,0,0,0,0,0,0,0,0,0,0,0,0,False
Q96N77,438.0,0,0,0.0,,0.0,0,0,0,0,0,0,0,0,0,0,0,0,0,0,0,0,0,0,0,0,0,0,0,False
Q2NL82,804.0,2,2,224.0,112.0,0.27860696517412936,2,0,0,1,0,1,1,1,0,0,0,0,0,0,0,0,0,0,0,0,0,0,0,False
Q14197,206.0,0,0,0.0,,0.0,0,0,0,0,0,0,0,0,0,0,0,0,0,0,0,0,0,0,0,0,0,0,0,False
Q15287,305.0,3,3,224.0,74.66666666666667,0.7344262295081967,3+,0,0,1,0,0,0,1,0,0,0,0,0,0,0,0,0,0,0,0,0,1,0,False
Q1KMD3,747.0,3,3,308.0,102.66666666666667,0.41231593038821956,3+,0,0,1,0,1,1,0,0,1,0,0,1,0,0,0,0,0,0,0,0,0,0,False
P62487,172.0,0,0,0.0,,0.0,0,0,0,0,0,0,0,0,0,0,0,0,0,0,0,0,0,0,0,0,0,0,0,False
P51608,486.0,3,3,396.0,132.0,0.8148148148148148,3+,0,1,0,0,1,0,0,1,0,0,1,1,0,0,0,0,0,0,0,0,0,0,False
Q93091,150.0,0,0,0.0,,0.0,0,0,0,0,0,0,0,0,0,0,0,0,0,0,0,0,0,0,0,0,0,0,0,False
A0A499FIA3,238.0,0,0,0.0,,0.0,0,0,0,0,0,0,0,0,0,0,0,0,0,0,0,0,0,0,0,0,0,0,0,False
P62310,102.0,0,0,0.0,,0.0,0,0,0,0,0,0,0,0,0,0,0,0,0,0,0,0,0,0,0,0,0,0,0,False
Q96MH2,286.0,1,1,189.0,189.0,0.6608391608391608,1,0,1,0,0,0,0,0,0,0,0,0,0,0,0,0,1,0,0,0,0,0,0,False
P12724,160.0,0,0,0.0,,0.0,0,0,0,0,0,0,0,0,0,0,0,0,0,0,0,0,0,0,0,0,0,0,0,False
P17480,764.0,1,1,668.0,668.0,0.8743455497382199,1,0,0,0,0,0,0,0,0,0,0,0,0,0,0,0,1,0,0,0,0,0,0,False
Q96QU8,1125.0,0,0,0.0,,0.0,0,0,0,0,0,0,0,0,0,0,0,0,0,0,0,0,0,0,0,0,0,0,0,False
Q9BVS5,477.0,0,0,0.0,,0.0,0,0,0,0,0,0,0,0,0,0,0,0,0,0,0,0,0,0,0,0,0,0,0,False
Q9UQ80,394.0,1,1,33.0,33.0,0.08375634517766498,1,0,0,0,0,0,0,0,0,0,1,0,0,0,0,0,0,0,0,0,0,0,0,False
P46781,194.0,0,0,0.0,,0.0,0,0,0,0,0,0,0,0,0,0,0,0,0,0,0,0,0,0,0,0,0,0,0,False
Q15696,482.0,2,2,273.0,136.5,0.5663900414937759,2,0,0,1,0,1,0,0,0,0,0,0,0,0,0,0,1,0,0,0,0,1,0,False
Q7Z570,1209.0,3,6,473.0,78.83333333333333,0.391232423490488,3+,0,1,0,0,1,0,1,0,0,1,1,1,0,0,0,0,0,0,0,0,0,0,False
P10153,161.0,0,0,0.0,,0.0,0,0,0,0,0,0,0,0,0,0,0,0,0,0,0,0,0,0,0,0,0,0,0,False
Q9BXU2,312.0,0,0,0.0,,0.0,0,0,0,0,0,0,0,0,0,0,0,0,0,0,0,0,0,0,0,0,0,0,0,False
P17039,623.0,0,0,0.0,,0.0,0,0,0,0,0,0,0,0,0,0,0,0,0,0,0,0,0,0,0,0,0,0,0,False
O75526,392.0,2,2,52.0,26.0,0.1326530612244898,2,0,0,0,1,0,0,0,0,0,0,0,1,0,0,0,1,0,0,0,0,0,0,False
O75817,140.0,0,0,0.0,,0.0,0,0,0,0,0,0,0,0,0,0,0,0,0,0,0,0,0,0,0,0,0,0,0,False
Q92989,425.0,0,0,0.0,,0.0,0,0,0,0,0,0,0,0,0,0,0,0,0,0,0,0,0,0,0,0,0,0,0,False
Q9BX10,602.0,1,1,42.0,42.0,0.06976744186046512,1,0,0,0,0,1,0,0,0,0,0,0,1,0,0,0,0,0,0,0,0,0,0,False
O95400,341.0,1,1,17.0,17.0,0.04985337243401759,1,0,0,0,0,0,1,0,0,0,0,0,0,0,0,0,0,0,0,0,0,0,0,False
Q9BRZ2,755.0,2,2,174.0,87.0,0.2304635761589404,2,0,0,0,0,0,1,0,0,0,0,0,0,0,0,0,1,0,0,0,0,0,0,False
Q9H5L6,903.0,0,0,0.0,,0.0,0,0,0,0,0,0,0,0,0,0,0,0,0,0,0,0,0,0,0,0,0,0,0,False
Q15365,356.0,0,0,0.0,,0.0,0,0,0,0,0,0,0,0,0,0,0,0,0,0,0,0,0,0,0,0,0,0,0,False
Q9NYK5,338.0,0,0,0.0,,0.0,0,0,0,0,0,0,0,0,0,0,0,0,0,0,0,0,0,0,0,0,0,0,0,False
Q15393,1217.0,0,0,0.0,,0.0,0,0,0,0,0,0,0,0,0,0,0,0,0,0,0,0,0,0,0,0,0,0,0,False
Q16637,294.0,3,3,110.0,36.666666666666664,0.3741496598639456,3+,0,0,1,0,0,0,0,0,0,1,0,1,0,0,0,0,0,0,0,0,0,0,False
Q9HC36,420.0,0,0,0.0,,0.0,0,0,0,0,0,0,0,0,0,0,0,0,0,0,0,0,0,0,0,0,0,0,0,False
Q96AZ6,181.0,0,0,0.0,,0.0,0,0,0,0,0,0,0,0,0,0,0,0,0,0,0,0,0,0,0,0,0,0,0,False
O43447,177.0,0,0,0.0,,0.0,0,0,0,0,0,0,0,0,0,0,0,0,0,0,0,0,0,0,0,0,0,0,0,False
Q9BRJ7,211.0,0,0,0.0,,0.0,0,0,0,0,0,0,0,0,0,0,0,0,0,0,0,0,0,0,0,0,0,0,0,False
Q9BTL3,118.0,1,1,47.0,47.0,0.3983050847457627,1,0,1,0,0,0,0,0,0,1,0,0,0,0,0,0,0,0,0,0,0,0,0,False
O60294,686.0,0,0,0.0,,0.0,0,0,0,0,0,0,0,0,0,0,0,0,0,0,0,0,0,0,0,0,0,0,0,False
Q9NZJ5,1116.0,2,2,227.0,113.5,0.20340501792114696,2,0,0,0,0,0,0,0,0,0,0,1,1,0,0,0,0,0,0,0,0,0,0,False
Q01780,885.0,1,1,142.0,142.0,0.16045197740112993,1,0,0,0,0,1,0,0,0,0,0,1,0,0,0,0,0,0,0,0,0,0,0,False
P47897,775.0,0,0,0.0,,0.0,0,0,0,0,0,0,0,0,0,0,0,0,0,0,0,0,0,0,0,0,0,0,0,False
Q16600,458.0,0,0,0.0,,0.0,0,0,0,0,0,0,0,0,0,0,0,0,0,0,0,0,0,0,0,0,0,0,0,False
P26368,475.0,1,1,83.0,83.0,0.17473684210526316,1,0,0,0,0,1,0,0,0,0,0,0,0,0,0,0,0,0,0,0,0,1,0,False
P13639,858.0,0,0,0.0,,0.0,0,0,0,0,0,0,0,0,0,0,0,0,0,0,0,0,0,0,0,0,0,0,0,False
F5H0R1,912.0,1,1,82.0,82.0,0.08991228070175439,1,0,0,0,1,0,0,0,0,0,0,0,1,0,0,0,0,0,0,0,0,0,0,False
Q96DU9,382.0,0,0,0.0,,0.0,0,0,0,0,0,0,0,0,0,0,0,0,0,0,0,0,0,0,0,0,0,0,0,False
Q9UNX4,943.0,2,2,97.0,48.5,0.10286320254506894,2,0,0,1,0,1,1,0,0,0,1,0,0,0,0,0,0,0,0,0,0,0,0,False
Q96DV4,380.0,0,0,0.0,,0.0,0,0,0,0,0,0,0,0,0,0,0,0,0,0,0,0,0,0,0,0,0,0,0,False
O14893,280.0,0,0,0.0,,0.0,0,0,0,0,0,0,0,0,0,0,0,0,0,0,0,0,0,0,0,0,0,0,0,False
Q7L2J0,689.0,3,3,205.0,68.33333333333333,0.29753265602322204,3+,0,0,1,0,1,0,0,1,0,0,1,0,0,1,0,0,0,0,0,0,0,0,False
O15235,138.0,0,0,0.0,,0.0,0,0,0,0,0,0,0,0,0,0,0,0,0,0,0,0,0,0,0,0,0,0,0,False
Q6L8Q7,609.0,1,1,112.0,112.0,0.1839080459770115,1,0,0,0,0,1,0,0,0,0,0,1,0,0,0,0,0,0,0,0,0,0,0,False
Q9BWF3,364.0,1,1,127.0,127.0,0.3489010989010989,1,0,0,1,0,0,0,0,0,1,0,0,0,0,0,0,0,0,0,0,0,0,0,False
Q9UI30,125.0,0,0,0.0,,0.0,0,0,0,0,0,0,0,0,0,0,0,0,0,0,0,0,0,0,0,0,0,0,0,False
O14746,1132.0,1,1,17.0,17.0,0.015017667844522967,1,0,0,0,0,1,0,0,0,0,0,0,1,0,0,0,0,0,0,0,0,0,0,False
Q96IZ6,378.0,0,0,0.0,,0.0,0,0,0,0,0,0,0,0,0,0,0,0,0,0,0,0,0,0,0,0,0,0,0,False
Q8IUX4,373.0,0,0,0.0,,0.0,0,0,0,0,0,0,0,0,0,0,0,0,0,0,0,0,0,0,0,0,0,0,0,False
O95149,360.0,0,0,0.0,,0.0,0,0,0,0,0,0,0,0,0,0,0,0,0,0,0,0,0,0,0,0,0,0,0,False
Q969S3,477.0,1,1,74.0,74.0,0.15513626834381553,1,0,0,0,0,1,1,0,0,0,0,0,0,0,0,0,0,0,0,0,0,0,0,False
Q32MZ4,808.0,1,1,787.0,787.0,0.974009900990099,1,0,1,0,0,0,0,0,0,0,0,1,0,0,0,0,0,0,0,0,0,0,0,False
Q9UL03,887.0,0,0,0.0,,0.0,0,0,0,0,0,0,0,0,0,0,0,0,0,0,0,0,0,0,0,0,0,0,0,False
O43290,800.0,1,1,630.0,630.0,0.7875,1,0,1,0,0,0,0,0,0,0,0,0,0,0,0,0,0,0,0,1,0,0,0,False
Q9BQ04,359.0,1,1,105.0,105.0,0.2924791086350975,1,0,0,0,0,1,0,0,0,1,0,0,0,0,0,0,0,0,0,0,0,0,0,False
O15116,133.0,0,0,0.0,,0.0,0,0,0,0,0,0,0,0,0,0,0,0,0,0,0,0,0,0,0,0,0,0,0,False
Q8WW27,367.0,0,0,0.0,,0.0,0,0,0,0,0,0,0,0,0,0,0,0,0,0,0,0,0,0,0,0,0,0,0,False
Q9BUQ8,820.0,1,1,358.0,358.0,0.43658536585365854,1,0,0,0,0,1,0,0,0,0,0,0,0,0,0,0,0,0,0,0,0,1,0,False
Q9BQC6,102.0,0,0,0.0,,0.0,0,0,0,0,0,0,0,0,0,0,0,0,0,0,0,0,0,0,0,0,0,0,0,False
O15446,510.0,2,2,317.0,158.5,0.6215686274509804,2,1,1,0,0,0,0,0,0,0,0,0,1,0,0,0,1,0,0,0,0,0,0,False
Q8IY37,1157.0,3,4,238.0,59.5,0.20570440795159897,3+,0,0,1,1,1,1,0,0,0,0,0,1,0,0,0,1,0,0,0,0,0,0,False
Q6ZNH5,498.0,0,0,0.0,,0.0,0,0,0,0,0,0,0,0,0,0,0,0,0,0,0,0,0,0,0,0,0,0,0,False
Q9HA38,289.0,1,1,11.0,11.0,0.03806228373702422,1,0,0,1,0,0,0,0,0,0,0,0,1,0,0,0,0,0,0,0,0,0,0,False
Q8TDE3,154.0,0,0,0.0,,0.0,0,0,0,0,0,0,0,0,0,0,0,0,0,0,0,0,0,0,0,0,0,0,0,False
Q12972,351.0,0,0,0.0,,0.0,0,0,0,0,0,0,0,0,0,0,0,0,0,0,0,0,0,0,0,0,0,0,0,False
Q96PK6,669.0,1,1,346.0,346.0,0.5171898355754858,1,0,0,0,0,1,0,0,0,1,0,0,0,0,0,0,0,0,0,0,0,0,0,False
Q96G46,650.0,0,0,0.0,,0.0,0,0,0,0,0,0,0,0,0,0,0,0,0,0,0,0,0,0,0,0,0,0,0,False
Q00341,1268.0,0,0,0.0,,0.0,0,0,0,0,0,0,0,0,0,0,0,0,0,0,0,0,0,0,0,0,0,0,0,False
P52594,562.0,1,1,423.0,423.0,0.7526690391459074,1,0,0,0,0,0,0,0,0,1,0,0,0,0,0,0,0,0,0,0,0,0,0,False
Q9UHB9,627.0,1,1,27.0,27.0,0.0430622009569378,1,0,0,0,0,0,0,0,0,0,0,0,0,0,1,0,0,0,0,0,0,0,0,False
Q8N5Y2,521.0,2,2,196.0,98.0,0.3761996161228407,2,0,0,1,0,1,1,0,0,0,0,1,0,0,0,0,0,0,0,0,0,0,0,False
Q9H2W6,279.0,0,0,0.0,,0.0,0,0,0,0,0,0,0,0,0,0,0,0,0,0,0,0,0,0,0,0,0,0,0,False
Q7L0Y3,403.0,1,1,48.0,48.0,0.11910669975186104,1,0,0,0,0,0,0,0,0,0,1,0,0,0,0,0,0,0,0,0,0,0,0,False
Q7Z7L1,901.0,0,0,0.0,,0.0,0,0,0,0,0,0,0,0,0,0,0,0,0,0,0,0,0,0,0,0,0,0,0,False
Q86YN6,1023.0,3,3,253.0,84.33333333333333,0.24731182795698925,3+,0,0,1,0,1,1,0,0,0,0,1,0,0,0,0,0,0,0,0,0,0,0,False
Q53GS9,565.0,1,1,101.0,101.0,0.17876106194690267,1,0,0,0,0,0,0,0,0,0,0,0,0,0,0,0,0,0,0,1,0,0,0,False
Q14103,355.0,2,2,143.0,71.5,0.4028169014084507,2,0,1,1,0,0,0,0,0,0,0,0,1,0,0,0,0,0,0,1,0,0,0,False
O60930,286.0,0,0,0.0,,0.0,0,0,0,0,0,0,0,0,0,0,0,0,0,0,0,0,0,0,0,0,0,0,0,False
Q8N8L2,437.0,0,0,0.0,,0.0,0,0,0,0,0,0,0,0,0,0,0,0,0,0,0,0,0,0,0,0,0,0,0,False
Q969Y2,492.0,0,0,0.0,,0.0,0,0,0,0,0,0,0,0,0,0,0,0,0,0,0,0,0,0,0,0,0,0,0,False
Q07666,443.0,3,3,110.0,36.666666666666664,0.24830699774266365,3+,0,0,0,0,1,0,0,0,0,0,0,1,0,1,0,0,0,0,1,0,0,0,False
P43897,325.0,0,0,0.0,,0.0,0,0,0,0,0,0,0,0,0,0,0,0,0,0,0,0,0,0,0,0,0,0,0,False
Q13064,507.0,1,1,199.0,199.0,0.39250493096646943,1,0,0,0,0,0,0,0,0,1,0,0,0,0,0,0,0,0,0,0,0,0,0,False
A0A384DVK4,778.0,3,3,472.0,157.33333333333334,0.6066838046272494,3+,0,0,0,0,0,0,1,0,0,1,1,0,0,0,0,0,0,0,0,0,0,0,False
Q8NBJ9,832.0,0,0,0.0,,0.0,0,0,0,0,0,0,0,0,0,0,0,0,0,0,0,0,0,0,0,0,0,0,0,False
Q9UBP6,276.0,0,0,0.0,,0.0,0,0,0,0,0,0,0,0,0,0,0,0,0,0,0,0,0,0,0,0,0,0,0,False
P78317,190.0,0,0,0.0,,0.0,0,0,0,0,0,0,0,0,0,0,0,0,0,0,0,0,0,0,0,0,0,0,0,False
Q92665,395.0,1,1,31.0,31.0,0.07848101265822785,1,0,1,0,0,0,0,0,0,0,0,0,0,0,0,0,1,0,0,0,0,0,0,False
Q9NPD3,245.0,0,0,0.0,,0.0,0,0,0,0,0,0,0,0,0,0,0,0,0,0,0,0,0,0,0,0,0,0,0,False
Q12996,717.0,1,1,68.0,68.0,0.09483960948396095,1,0,0,1,0,0,0,0,0,0,0,1,0,0,0,0,0,0,0,0,0,0,0,False
Q13151,305.0,1,1,124.0,124.0,0.4065573770491803,1,0,0,1,0,0,0,0,0,0,0,0,0,0,0,0,0,0,0,1,0,0,0,False
Q5ST30,1063.0,0,0,0.0,,0.0,0,0,0,0,0,0,0,0,0,0,0,0,0,0,0,0,0,0,0,0,0,0,0,False
O95363,451.0,0,0,0.0,,0.0,0,0,0,0,0,0,0,0,0,0,0,0,0,0,0,0,0,0,0,0,0,0,0,False
F8W8D3,277.0,0,0,0.0,,0.0,0,0,0,0,0,0,0,0,0,0,0,0,0,0,0,0,0,0,0,0,0,0,0,False
Q15022,739.0,2,2,98.0,49.0,0.13261163734776726,2,0,0,0,0,0,1,0,0,0,0,0,0,0,1,0,0,0,0,0,0,0,0,False
Q8N8U3,475.0,1,1,197.0,197.0,0.4147368421052632,1,0,0,0,0,1,0,0,0,0,0,1,0,0,0,0,0,0,0,0,0,0,0,False
Q9HAZ1,481.0,2,2,112.0,56.0,0.23284823284823286,2,0,0,0,0,0,0,1,0,0,0,0,0,0,0,0,1,0,0,0,0,0,0,False
O75643,2136.0,1,1,49.0,49.0,0.02294007490636704,1,0,0,0,1,0,1,0,0,0,0,0,0,0,0,0,0,0,0,0,0,0,0,False
Q8N2A8,252.0,0,0,0.0,,0.0,0,0,0,0,0,0,0,0,0,0,0,0,0,0,0,0,0,0,0,0,0,0,0,False
Q5PRF9,694.0,2,2,159.0,79.5,0.22910662824207492,2,0,0,0,0,1,0,0,0,0,0,1,0,0,1,0,0,0,0,0,0,0,0,False
P82912,194.0,0,0,0.0,,0.0,0,0,0,0,0,0,0,0,0,0,0,0,0,0,0,0,0,0,0,0,0,0,0,False
O94762,991.0,0,0,0.0,,0.0,0,0,0,0,0,0,0,0,0,0,0,0,0,0,0,0,0,0,0,0,0,0,0,False
Q9BUL9,199.0,1,1,22.0,22.0,0.11055276381909548,1,0,0,1,0,0,0,0,0,1,0,0,0,0,0,0,0,0,0,0,0,0,0,False
Q7Z6E9,1792.0,3,4,1361.0,340.25,0.7594866071428571,3+,0,0,0,0,1,0,0,0,1,0,1,1,0,0,0,0,0,0,0,0,1,0,False
Q9Y3T9,749.0,2,2,235.0,117.5,0.3137516688918558,2,0,0,1,0,1,1,0,0,0,0,0,0,0,0,0,0,0,0,0,0,0,0,False
O75818,363.0,0,0,0.0,,0.0,0,0,0,0,0,0,0,0,0,0,0,0,0,0,0,0,0,0,0,0,0,0,0,False
Q93062,196.0,1,1,52.0,52.0,0.2653061224489796,1,0,0,1,0,0,0,0,0,1,0,0,0,0,0,0,0,0,0,0,0,0,0,False
Q96EL2,167.0,0,0,0.0,,0.0,0,0,0,0,0,0,0,0,0,0,0,0,0,0,0,0,0,0,0,0,0,0,0,False
O75569,313.0,0,0,0.0,,0.0,0,0,0,0,0,0,0,0,0,0,0,0,0,0,0,0,0,0,0,0,0,0,0,False
Q96I24,572.0,1,1,80.0,80.0,0.13986013986013987,1,0,0,0,0,1,0,0,0,1,0,0,0,0,0,0,0,0,0,0,0,0,0,False
P19338,710.0,3,4,374.0,93.5,0.5267605633802817,3+,0,0,1,0,1,1,0,0,0,0,0,0,0,0,0,1,0,0,1,0,0,0,False
Q9Y265,456.0,0,0,0.0,,0.0,0,0,0,0,0,0,0,0,0,0,0,0,0,0,0,0,0,0,0,0,0,0,0,False
Q96E39,390.0,2,2,296.0,148.0,0.7589743589743589,2,0,1,0,1,0,0,0,0,0,0,0,1,0,0,0,0,0,0,1,0,0,0,False
P62244,130.0,0,0,0.0,,0.0,0,0,0,0,0,0,0,0,0,0,0,0,0,0,0,0,0,0,0,0,0,0,0,False
P16383,781.0,2,2,277.0,138.5,0.3546734955185659,2,0,0,0,0,0,1,0,0,0,0,0,0,0,0,0,0,0,0,1,0,0,0,False
Q13435,895.0,3,8,704.0,88.0,0.7865921787709497,3+,0,1,1,1,1,1,0,0,1,0,1,1,0,0,0,0,0,0,0,0,0,0,False
Q8NC26,417.0,0,0,0.0,,0.0,0,0,0,0,0,0,0,0,0,0,0,0,0,0,0,0,0,0,0,0,0,0,0,False
Q96BK5,328.0,1,1,224.0,224.0,0.6829268292682927,1,0,0,1,0,0,0,0,0,0,0,1,0,0,0,0,0,0,0,0,0,0,0,False
Q9H649,340.0,0,0,0.0,,0.0,0,0,0,0,0,0,0,0,0,0,0,0,0,0,0,0,0,0,0,0,0,0,0,False
Q7KZ85,1726.0,3,4,554.0,138.5,0.320973348783314,3+,0,0,0,0,1,1,0,0,1,0,0,0,0,0,0,0,0,0,0,0,0,0,False
Q969L4,123.0,0,0,0.0,,0.0,0,0,0,0,0,0,0,0,0,0,0,0,0,0,0,0,0,0,0,0,0,0,0,False
Q9H0S4,455.0,0,0,0.0,,0.0,0,0,0,0,0,0,0,0,0,0,0,0,0,0,0,0,0,0,0,0,0,0,0,False
Q15910,746.0,2,2,67.0,33.5,0.08981233243967829,2,0,0,0,0,0,1,0,0,0,0,0,0,0,0,0,0,0,0,0,0,0,0,False
Q9Y3D9,190.0,0,0,0.0,,0.0,0,0,0,0,0,0,0,0,0,0,0,0,0,0,0,0,0,0,0,0,0,0,0,False
Q8NAF0,562.0,3,5,176.0,35.2,0.31316725978647686,3+,0,0,1,1,1,0,0,0,0,0,0,1,0,0,0,0,0,0,1,0,0,0,False
Q9Y6M1,599.0,0,0,0.0,,0.0,0,0,0,0,0,0,0,0,0,0,0,0,0,0,0,0,0,0,0,0,0,0,0,False
Q9Y2Z4,477.0,0,0,0.0,,0.0,0,0,0,0,0,0,0,0,0,0,0,0,0,0,0,0,0,0,0,0,0,0,0,False
Q6ZP01,1051.0,2,2,798.0,399.0,0.7592768791627021,2,0,1,0,0,1,0,0,0,1,0,0,0,0,0,0,0,0,0,0,0,0,0,False
Q96SI9,672.0,2,2,119.0,59.5,0.17708333333333334,2,0,1,0,1,0,0,0,0,0,0,0,0,0,0,0,0,0,0,1,1,0,0,False
Q9Y3A4,280.0,2,2,95.0,47.5,0.3392857142857143,2,1,1,0,0,0,1,1,0,0,0,0,0,0,0,0,0,0,0,0,0,0,0,False
P57678,1058.0,0,0,0.0,,0.0,0,0,0,0,0,0,0,0,0,0,0,0,0,0,0,0,0,0,0,0,0,0,0,False
Q8TF46,1054.0,0,0,0.0,,0.0,0,0,0,0,0,0,0,0,0,0,0,0,0,0,0,0,0,0,0,0,0,0,0,False
Q15050,365.0,1,1,193.0,193.0,0.5287671232876713,1,0,1,0,0,0,0,0,0,0,1,0,0,0,0,0,0,0,0,0,0,0,0,False
P05387,115.0,2,2,54.0,27.0,0.46956521739130436,2,1,1,0,0,0,1,0,0,0,0,0,1,0,0,0,0,0,0,0,0,0,0,False
P49411,455.0,0,0,0.0,,0.0,0,0,0,0,0,0,0,0,0,0,0,0,0,0,0,0,0,0,0,0,0,0,0,False
Q07864,2286.0,1,1,37.0,37.0,0.016185476815398076,1,0,0,0,0,1,1,0,0,0,0,0,0,0,0,0,0,0,0,0,0,0,0,False
Q9NQT5,275.0,0,0,0.0,,0.0,0,0,0,0,0,0,0,0,0,0,0,0,0,0,0,0,0,0,0,0,0,0,0,False
Q9H9L3,353.0,1,1,163.0,163.0,0.46175637393767704,1,0,0,1,0,0,0,0,0,0,0,1,0,0,0,0,0,0,0,0,0,0,0,False
Q9BWU0,742.0,2,2,496.0,248.0,0.6684636118598383,2,0,1,0,0,1,0,0,0,0,0,1,0,0,0,0,0,0,0,0,0,0,0,False
Q8TDD1,881.0,1,1,294.0,294.0,0.3337116912599319,1,0,1,0,0,0,0,0,0,0,0,0,0,0,0,0,0,0,0,1,0,0,0,False
Q14258,630.0,1,1,169.0,169.0,0.26825396825396824,1,0,0,0,0,0,0,0,0,0,0,0,0,0,0,0,1,0,0,0,0,0,0,False
Q96MX3,618.0,2,2,100.0,50.0,0.16181229773462782,2,0,1,0,1,0,0,0,0,0,0,1,1,0,0,0,0,0,0,0,0,0,0,False
Q7Z7H8,261.0,1,1,18.0,18.0,0.06896551724137931,1,0,0,1,0,0,0,0,0,0,0,0,1,0,0,0,0,0,0,0,0,0,0,False
Q8WWY3,499.0,1,1,29.0,29.0,0.05811623246492986,1,0,0,0,0,1,1,0,0,0,0,0,0,0,0,0,0,0,0,0,0,0,0,False
P62875,67.0,0,0,0.0,,0.0,0,0,0,0,0,0,0,0,0,0,0,0,0,0,0,0,0,0,0,0,0,0,0,False
Q9BUR4,548.0,2,2,114.0,57.0,0.20802919708029197,2,0,0,0,0,0,1,0,0,0,0,0,1,0,0,0,0,0,0,0,0,0,0,False
Q6AZW8,331.0,0,0,0.0,,0.0,0,0,0,0,0,0,0,0,0,0,0,0,0,0,0,0,0,0,0,0,0,0,0,False
Q02040,695.0,2,2,390.0,195.0,0.5611510791366906,2,0,0,0,0,0,0,0,0,0,0,0,1,0,0,0,0,0,0,0,0,1,0,False
P52272,730.0,2,2,182.0,91.0,0.2493150684931507,2,0,0,0,1,0,0,0,0,1,0,1,0,0,0,0,0,0,0,0,0,0,0,False
Q3MIT2,529.0,0,0,0.0,,0.0,0,0,0,0,0,0,0,0,0,0,0,0,0,0,0,0,0,0,0,0,0,0,0,False
Q92615,738.0,1,1,276.0,276.0,0.37398373983739835,1,0,0,1,0,0,0,0,0,0,0,1,0,0,0,0,0,0,0,0,0,0,0,False
Q69YN2,538.0,1,1,15.0,15.0,0.027881040892193308,1,0,1,0,0,0,0,0,0,0,0,0,1,0,0,0,0,0,0,0,0,0,0,False
Q86W42,341.0,0,0,0.0,,0.0,0,0,0,0,0,0,0,0,0,0,0,0,0,0,0,0,0,0,0,0,0,0,0,False
P49759,484.0,1,1,117.0,117.0,0.24173553719008264,1,0,0,0,0,0,0,1,0,0,0,0,0,0,0,0,0,0,0,0,0,0,0,False
Q86XZ4,545.0,1,1,475.0,475.0,0.8715596330275229,1,0,1,0,0,0,0,0,0,0,0,1,0,0,0,0,0,0,0,0,0,0,0,False
Q8NDV7,1962.0,3,3,1972.0,657.3333333333334,1.0050968399592253,3+,0,1,0,0,1,0,0,0,0,0,0,1,0,1,0,0,0,0,0,0,0,0,False
Q9NV31,184.0,0,0,0.0,,0.0,0,0,0,0,0,0,0,0,0,0,0,0,0,0,0,0,0,0,0,0,0,0,0,False
Q7Z6J9,526.0,1,1,58.0,58.0,0.11026615969581749,1,0,0,0,0,1,0,0,0,1,0,0,0,0,0,0,0,0,0,0,0,0,0,False
Q6P9B9,1019.0,3,3,55.0,18.333333333333332,0.053974484789008834,3+,1,0,1,1,0,0,0,0,1,0,0,1,0,1,0,0,0,0,0,0,0,0,False
Q9NRA8,985.0,2,2,232.0,116.0,0.23553299492385787,2,1,1,0,0,0,0,0,0,1,0,1,0,0,0,0,0,0,0,0,0,0,0,False
Q9UBC3,853.0,2,2,219.0,109.5,0.2567409144196952,2,0,0,0,0,0,0,0,0,0,0,1,0,0,0,0,0,0,0,0,0,0,1,False
O94992,359.0,1,1,327.0,327.0,0.9108635097493036,1,0,1,0,0,0,0,0,0,0,0,1,0,0,0,0,0,0,0,0,0,0,0,False
P98175,930.0,3,3,507.0,169.0,0.5451612903225806,3+,0,0,1,1,0,1,0,0,0,0,1,0,0,0,0,1,0,0,0,0,0,0,False
A4D1E1,1349.0,3,3,651.0,217.0,0.4825796886582654,3+,0,1,0,0,1,0,1,0,1,0,0,0,0,0,0,0,0,0,0,0,0,0,False
Q9Y295,367.0,1,1,10.0,10.0,0.027247956403269755,1,0,0,1,0,0,0,0,0,0,0,0,1,0,0,0,0,0,0,0,0,0,0,False
Q53H54,448.0,0,0,0.0,,0.0,0,0,0,0,0,0,0,0,0,0,0,0,0,0,0,0,0,0,0,0,0,0,0,False
Q6ZN04,569.0,2,2,279.0,139.5,0.4903339191564148,2,0,0,1,0,0,0,0,0,0,0,0,0,0,1,0,0,0,0,0,0,0,0,False
Q9UJV9,622.0,1,1,121.0,121.0,0.1945337620578778,1,0,0,0,0,1,0,0,0,0,0,1,0,0,0,0,0,0,0,0,0,0,0,False
Q6GMV3,140.0,0,0,0.0,,0.0,0,0,0,0,0,0,0,0,0,0,0,0,0,0,0,0,0,0,0,0,0,0,0,False
Q5T1V6,619.0,0,0,0.0,,0.0,0,0,0,0,0,0,0,0,0,0,0,0,0,0,0,0,0,0,0,0,0,0,0,False
B0QYK0,618.0,2,2,492.0,246.0,0.7961165048543689,2,0,1,1,0,0,0,0,0,0,0,0,0,0,0,0,0,0,0,1,0,0,0,False
Q6ZSC3,357.0,0,0,0.0,,0.0,0,0,0,0,0,0,0,0,0,0,0,0,0,0,0,0,0,0,0,0,0,0,0,False
Q53S33,107.0,0,0,0.0,,0.0,0,0,0,0,0,0,0,0,0,0,0,0,0,0,0,0,0,0,0,0,0,0,0,False
Q6P161,138.0,0,0,0.0,,0.0,0,0,0,0,0,0,0,0,0,0,0,0,0,0,0,0,0,0,0,0,0,0,0,False
P26641,437.0,1,1,68.0,68.0,0.15560640732265446,1,0,1,0,0,0,0,0,0,0,0,0,0,0,0,0,1,0,0,0,0,0,0,False
Q14147,1143.0,1,1,90.0,90.0,0.07874015748031496,1,0,0,0,0,1,0,1,0,0,0,0,0,0,0,0,0,0,0,0,0,0,0,False
Q8N5A5,531.0,3,3,187.0,62.333333333333336,0.352165725047081,3+,0,0,1,1,1,1,0,0,0,0,0,0,0,0,0,1,0,0,0,0,0,1,False
Q8IYY4,767.0,3,3,405.0,135.0,0.5280312907431551,3+,0,0,0,0,0,0,0,0,0,0,1,1,0,0,0,1,0,0,0,0,0,0,False
Q9NUL7,540.0,0,0,0.0,,0.0,0,0,0,0,0,0,0,0,0,0,0,0,0,0,0,0,0,0,0,0,0,0,0,False
Q9H0L4,616.0,2,2,199.0,99.5,0.32305194805194803,2,0,0,0,0,1,0,0,0,0,0,0,1,0,0,0,0,0,0,0,0,0,0,False
Q00577,322.0,2,2,98.0,49.0,0.30434782608695654,2,0,1,1,0,0,1,0,0,0,0,0,0,0,1,0,0,0,0,0,0,0,0,False
P84022,425.0,0,0,0.0,,0.0,0,0,0,0,0,0,0,0,0,0,0,0,0,0,0,0,0,0,0,0,0,0,0,False
Q71DI3,136.0,0,0,0.0,,0.0,0,0,0,0,0,0,0,0,0,0,0,0,0,0,0,0,0,0,0,0,0,0,0,False
Q9NQ50,206.0,1,1,88.0,88.0,0.42718446601941745,1,0,1,0,0,0,0,1,0,0,0,0,0,0,0,0,0,0,0,0,0,0,0,False
F8W6I7,307.0,1,1,110.0,110.0,0.3583061889250814,1,0,1,0,0,0,0,0,0,0,0,0,0,0,1,0,0,0,0,0,0,0,0,False
P52815,198.0,0,0,0.0,,0.0,0,0,0,0,0,0,0,0,0,0,0,0,0,0,0,0,0,0,0,0,0,0,0,False
Q7Z4G4,463.0,0,0,0.0,,0.0,0,0,0,0,0,0,0,0,0,0,0,0,0,0,0,0,0,0,0,0,0,0,0,False
Q86WX3,136.0,1,1,93.0,93.0,0.6838235294117647,1,0,0,0,0,0,0,1,0,0,0,0,0,0,0,0,0,0,0,0,0,0,0,False
Q86XU0,584.0,0,0,0.0,,0.0,0,0,0,0,0,0,0,0,0,0,0,0,0,0,0,0,0,0,0,0,0,0,0,False
Q8WXA9,508.0,1,1,358.0,358.0,0.7047244094488189,1,0,0,1,0,0,0,0,0,0,0,0,0,0,0,0,0,0,0,0,0,1,0,False
Q2NKX8,1250.0,1,1,462.0,462.0,0.3696,1,0,0,0,0,1,0,0,0,0,0,0,0,0,0,0,0,0,0,0,0,1,0,False
Q9NPJ4,139.0,0,0,0.0,,0.0,0,0,0,0,0,0,0,0,0,0,0,0,0,0,0,0,0,0,0,0,0,0,0,False
Q7Z5W3,292.0,0,0,0.0,,0.0,0,0,0,0,0,0,0,0,0,0,0,0,0,0,0,0,0,0,0,0,0,0,0,False
O75533,1304.0,0,0,0.0,,0.0,0,0,0,0,0,0,0,0,0,0,0,0,0,0,0,0,0,0,0,0,0,0,0,False
Q9BZC1,486.0,1,1,148.0,148.0,0.3045267489711934,1,0,0,0,1,0,0,0,0,1,0,0,0,0,0,0,0,0,0,0,0,0,0,False
Q92973,898.0,2,2,99.0,49.5,0.11024498886414254,2,0,1,0,0,1,1,0,0,0,0,0,0,1,0,0,0,0,0,0,0,0,0,False
Q6PKG0,1096.0,3,5,226.0,45.2,0.2062043795620438,3+,0,0,0,1,1,1,0,0,0,0,0,1,0,0,0,0,0,0,1,0,0,0,False
O15523,660.0,2,2,145.0,72.5,0.2196969696969697,2,0,0,1,0,1,0,0,0,1,0,0,0,0,0,0,0,0,0,0,0,1,0,False
O43143,795.0,2,2,80.0,40.0,0.10062893081761007,2,0,0,1,0,1,0,0,0,1,0,0,0,0,0,0,1,0,0,0,0,0,0,False
P03950,147.0,0,0,0.0,,0.0,0,0,0,0,0,0,0,0,0,0,0,0,0,0,0,0,0,0,0,0,0,0,0,False
P49450,140.0,0,0,0.0,,0.0,0,0,0,0,0,0,0,0,0,0,0,0,0,0,0,0,0,0,0,0,0,0,0,False
Q13523,1007.0,1,1,576.0,576.0,0.5719960278053625,1,0,0,0,0,0,0,0,0,0,0,0,0,0,0,0,0,0,0,0,0,1,0,False
Q7Z7F7,128.0,0,0,0.0,,0.0,0,0,0,0,0,0,0,0,0,0,0,0,0,0,0,0,0,0,0,0,0,0,0,False
Q9BQ52,826.0,0,0,0.0,,0.0,0,0,0,0,0,0,0,0,0,0,0,0,0,0,0,0,0,0,0,0,0,0,0,False
Q5TBB1,312.0,1,1,66.0,66.0,0.21153846153846154,1,0,0,1,0,0,0,0,0,0,1,0,0,0,0,0,0,0,0,0,0,0,0,False
P82979,210.0,1,1,67.0,67.0,0.319047619047619,1,0,1,0,0,0,1,0,0,0,0,0,0,0,0,0,0,0,0,0,0,0,0,False
Q9NQM4,214.0,0,0,0.0,,0.0,0,0,0,0,0,0,0,0,0,0,0,0,0,0,0,0,0,0,0,0,0,0,0,False
Q8N3Z6,543.0,2,2,329.0,164.5,0.6058931860036832,2,0,0,0,0,1,1,0,0,0,1,0,0,0,0,0,0,0,0,0,0,0,0,False
A2RTX5,802.0,1,1,51.0,51.0,0.06359102244389027,1,0,0,0,0,1,0,0,0,0,0,0,1,0,0,0,0,0,0,0,0,0,0,False
Q9NZE8,188.0,0,0,0.0,,0.0,0,0,0,0,0,0,0,0,0,0,0,0,0,0,0,0,0,0,0,0,0,0,0,False
P52597,415.0,0,0,0.0,,0.0,0,0,0,0,0,0,0,0,0,0,0,0,0,0,0,0,0,0,0,0,0,0,0,False
Q9NVN8,582.0,2,2,140.0,70.0,0.24054982817869416,2,0,0,0,0,1,0,0,0,0,1,0,0,0,0,0,1,0,0,0,0,0,0,False
Q8TAQ5,688.0,1,1,47.0,47.0,0.06831395348837209,1,0,0,1,0,0,1,0,0,0,0,0,0,0,0,0,0,0,0,0,0,0,0,False
Q8WU90,426.0,2,2,383.0,191.5,0.8990610328638498,2,0,1,0,0,1,1,0,0,0,0,1,0,0,0,0,0,0,0,0,0,0,0,False
Q8TDN6,353.0,1,1,78.0,78.0,0.22096317280453256,1,0,0,1,0,0,0,0,0,0,1,0,0,0,0,0,0,0,0,0,0,0,0,False
P68104,462.0,0,0,0.0,,0.0,0,0,0,0,0,0,0,0,0,0,0,0,0,0,0,0,0,0,0,0,0,0,0,False
F8W727,153.0,0,0,0.0,,0.0,0,0,0,0,0,0,0,0,0,0,0,0,0,0,0,0,0,0,0,0,0,0,0,False
Q9Y388,322.0,1,1,204.0,204.0,0.6335403726708074,1,0,0,1,0,0,0,0,0,0,0,0,0,0,0,0,0,0,0,0,0,1,0,False
Q14684,758.0,1,1,124.0,124.0,0.16358839050131926,1,0,0,0,0,1,0,0,0,0,1,0,0,0,0,0,0,0,0,0,0,0,0,False
Q86U06,439.0,2,2,147.0,73.5,0.3348519362186788,2,0,0,1,0,0,0,0,0,0,0,0,1,0,0,0,0,0,0,0,0,1,0,False
Q9BV44,507.0,1,1,35.0,35.0,0.06903353057199212,1,0,0,1,0,0,0,0,0,0,1,0,0,0,0,0,0,0,0,0,0,0,0,False
Q6IEG0,339.0,1,1,89.0,89.0,0.26253687315634217,1,0,0,0,0,1,0,0,0,0,0,0,0,0,0,0,0,0,0,0,0,1,0,False
Q8TBZ8,553.0,0,0,0.0,,0.0,0,0,0,0,0,0,0,0,0,0,0,0,0,0,0,0,0,0,0,0,0,0,0,False
Q17RN3,349.0,0,0,0.0,,0.0,0,0,0,0,0,0,0,0,0,0,0,0,0,0,0,0,0,0,0,0,0,0,0,False
P60321,138.0,0,0,0.0,,0.0,0,0,0,0,0,0,0,0,0,0,0,0,0,0,0,0,0,0,0,0,0,0,0,False
Q9BYC9,149.0,0,0,0.0,,0.0,0,0,0,0,0,0,0,0,0,0,0,0,0,0,0,0,0,0,0,0,0,0,0,False
P51508,661.0,0,0,0.0,,0.0,0,0,0,0,0,0,0,0,0,0,0,0,0,0,0,0,0,0,0,0,0,0,0,False
P06748,294.0,3,3,126.0,42.0,0.42857142857142855,3+,0,0,1,0,1,1,0,0,0,0,1,0,0,0,0,0,0,0,0,0,0,0,False
Q8NEF9,429.0,1,1,234.0,234.0,0.5454545454545454,1,0,0,0,0,0,0,0,0,0,0,0,0,0,0,0,1,0,0,0,0,0,0,False
Q13485,552.0,3,3,196.0,65.33333333333333,0.35507246376811596,3+,0,0,0,0,0,0,0,0,1,0,0,1,0,0,0,0,0,0,0,0,0,0,False
P51398,398.0,0,0,0.0,,0.0,0,0,0,0,0,0,0,0,0,0,0,0,0,0,0,0,0,0,0,0,0,0,0,False
P27635,214.0,0,0,0.0,,0.0,0,0,0,0,0,0,0,0,0,0,0,0,0,0,0,0,0,0,0,0,0,0,0,False
Q969H6,163.0,0,0,0.0,,0.0,0,0,0,0,0,0,0,0,0,0,0,0,0,0,0,0,0,0,0,0,0,0,0,False
P60323,173.0,1,1,16.0,16.0,0.09248554913294797,1,0,0,1,0,0,0,0,0,1,0,0,0,0,0,0,0,0,0,0,0,0,0,False
P35789,620.0,0,0,0.0,,0.0,0,0,0,0,0,0,0,0,0,0,0,0,0,0,0,0,0,0,0,0,0,0,0,False
P62316,118.0,0,0,0.0,,0.0,0,0,0,0,0,0,0,0,0,0,0,0,0,0,0,0,0,0,0,0,0,0,0,False
P53803,58.0,0,0,0.0,,0.0,0,0,0,0,0,0,0,0,0,0,0,0,0,0,0,0,0,0,0,0,0,0,0,False
P52756,815.0,3,3,580.0,193.33333333333334,0.7116564417177914,3+,0,0,1,1,0,0,0,0,1,0,0,0,0,0,0,1,0,0,0,0,1,0,False
H7BXY3,1166.0,1,1,13.0,13.0,0.011149228130360206,1,0,0,0,1,0,1,0,0,0,0,0,0,0,0,0,0,0,0,0,0,0,0,False
Q04637,1599.0,3,5,653.0,130.6,0.4083802376485303,3+,1,0,0,1,1,1,0,0,0,0,1,0,0,0,0,0,0,0,1,0,0,0,False
Q9UPY3,1922.0,3,4,320.0,80.0,0.16649323621227888,3+,1,1,0,1,0,1,0,0,1,0,0,0,0,0,0,0,0,0,0,0,0,0,False
P49761,490.0,1,1,117.0,117.0,0.23877551020408164,1,0,0,0,0,0,0,0,0,0,0,0,0,0,0,0,0,0,0,0,0,1,0,False
Q5T619,568.0,1,1,226.0,226.0,0.397887323943662,1,0,0,1,0,0,0,0,0,0,0,0,0,0,1,0,0,0,0,0,0,0,0,False
P07998,156.0,0,0,0.0,,0.0,0,0,0,0,0,0,0,0,0,0,0,0,0,0,0,0,0,0,0,0,0,0,0,False
Q9UDW3,170.0,0,0,0.0,,0.0,0,0,0,0,0,0,0,0,0,0,0,0,0,0,0,0,0,0,0,0,0,0,0,False
Q6ZN17,250.0,1,1,70.0,70.0,0.28,1,0,0,1,0,0,0,0,0,0,0,1,0,0,0,0,0,0,0,0,0,0,0,False
Q96MT3,831.0,2,2,334.0,167.0,0.4019253910950662,2,0,0,0,0,0,0,0,0,0,0,0,0,0,0,0,0,0,0,0,0,1,0,False
Q9UJV8,347.0,1,1,17.0,17.0,0.04899135446685879,1,0,0,1,0,0,0,0,0,0,0,0,1,0,0,0,0,0,0,0,0,0,0,False
Q14157,1087.0,3,3,874.0,291.3333333333333,0.8040478380864765,3+,0,0,0,0,0,0,0,0,1,0,1,0,0,0,0,0,0,0,1,0,0,0,False
Q8WW36,166.0,1,1,31.0,31.0,0.18674698795180722,1,0,0,1,0,0,0,0,0,0,0,0,0,0,0,0,0,0,0,1,0,0,0,False
Q5T9H5,84.0,1,1,22.0,22.0,0.2619047619047619,1,0,1,0,0,0,0,0,0,0,0,0,1,0,0,0,0,0,0,0,0,0,0,False
Q969Q0,106.0,1,1,95.0,95.0,0.8962264150943396,1,0,1,0,0,0,0,1,0,0,0,0,0,0,0,0,0,0,0,0,0,0,0,False
P46778,160.0,1,1,46.0,46.0,0.2875,1,0,1,0,0,0,0,0,0,0,1,0,0,0,0,0,0,0,0,0,0,0,0,False
P05386,114.0,2,2,61.0,30.5,0.5350877192982456,2,1,1,0,0,0,1,0,0,0,0,0,1,0,0,0,0,0,0,0,0,0,0,False
Q9NR30,783.0,2,2,219.0,109.5,0.2796934865900383,2,0,0,1,0,0,0,0,0,0,0,0,0,0,0,0,1,0,0,1,0,0,0,False
Q8TEX9,1081.0,2,2,58.0,29.0,0.05365402405180388,2,0,0,0,0,1,1,0,0,0,0,0,0,0,0,0,0,0,0,0,0,0,0,False
A2RUC4,315.0,0,0,0.0,,0.0,0,0,0,0,0,0,0,0,0,0,0,0,0,0,0,0,0,0,0,0,0,0,0,False
P22626,353.0,1,1,149.0,149.0,0.42209631728045327,1,0,1,0,0,0,0,0,0,0,0,0,0,0,1,0,0,0,0,0,0,0,0,False
Q7KZF4,910.0,0,0,0.0,,0.0,0,0,0,0,0,0,0,0,0,0,0,0,0,0,0,0,0,0,0,0,0,0,0,False
Q86TS9,123.0,1,1,27.0,27.0,0.21951219512195122,1,0,0,0,0,0,0,0,0,0,0,0,0,0,0,0,1,0,0,0,0,0,0,False
Q8NHU6,1098.0,0,0,0.0,,0.0,0,0,0,0,0,0,0,0,0,0,0,0,0,0,0,0,0,0,0,0,0,0,0,False
Q8NI27,1593.0,3,4,552.0,138.0,0.3465160075329567,3+,1,0,1,0,1,1,0,0,0,0,1,1,0,0,0,0,0,0,0,0,0,0,False
Q8IWR0,971.0,1,1,139.0,139.0,0.1431513903192585,1,0,0,0,0,1,0,0,0,1,0,0,0,0,0,0,0,0,0,0,0,0,0,False
Q86UA1,669.0,0,0,0.0,,0.0,0,0,0,0,0,0,0,0,0,0,0,0,0,0,0,0,0,0,0,0,0,0,0,False
Q03468,1493.0,3,3,621.0,207.0,0.4159410582719357,3+,0,0,1,0,1,1,0,0,0,1,0,0,0,1,0,0,0,0,0,0,0,0,False
Q9H0Z9,239.0,1,1,32.0,32.0,0.13389121338912133,1,0,0,0,0,1,0,0,0,1,0,0,0,0,0,0,0,0,0,0,0,0,0,False
Q13283,466.0,3,3,172.0,57.333333333333336,0.36909871244635195,3+,0,0,1,1,0,1,0,0,0,0,0,1,0,0,0,0,0,0,1,0,0,0,False
Q9HAU5,1272.0,3,4,439.0,109.75,0.345125786163522,3+,0,1,0,1,0,1,0,0,0,0,1,0,0,0,0,0,0,0,0,0,1,0,False
P62854,115.0,1,1,18.0,18.0,0.1565217391304348,1,0,1,0,0,0,0,0,0,0,0,1,0,0,0,0,0,0,0,0,0,0,0,False
J3KP02,692.0,2,2,405.0,202.5,0.5852601156069365,2,0,0,0,0,0,0,0,0,1,0,1,0,0,0,0,0,0,0,0,0,0,0,False
Q14204,4646.0,1,1,99.0,99.0,0.021308652604390875,1,0,0,0,0,0,0,0,0,0,0,0,0,0,0,0,1,0,0,0,0,0,0,False
P18583,2426.0,3,4,1569.0,392.25,0.6467436108821105,3+,0,0,0,0,1,1,0,0,0,1,0,1,0,0,0,0,0,0,0,0,1,0,False
P26599,557.0,2,2,105.0,52.5,0.18850987432675045,2,0,1,0,0,0,0,0,0,0,0,0,1,0,0,0,0,0,0,0,0,0,0,False
O75437,659.0,0,0,0.0,,0.0,0,0,0,0,0,0,0,0,0,0,0,0,0,0,0,0,0,0,0,0,0,0,0,False
Q6NZI2,390.0,1,1,193.0,193.0,0.4948717948717949,1,0,0,0,0,0,0,0,0,0,0,1,0,0,0,0,0,0,0,0,0,0,0,False
O95985,862.0,0,0,0.0,,0.0,0,0,0,0,0,0,0,0,0,0,0,0,0,0,0,0,0,0,0,0,0,0,0,False
P23246,707.0,3,4,524.0,131.0,0.7411598302687411,3+,0,0,1,0,1,0,0,0,1,0,1,0,0,0,0,0,0,0,0,0,0,0,False
P78362,688.0,3,3,304.0,101.33333333333333,0.4418604651162791,3+,0,0,0,0,0,1,0,0,0,0,0,1,0,1,0,0,0,0,0,0,0,0,False
Q32P51,320.0,1,1,123.0,123.0,0.384375,1,0,1,0,0,0,0,0,0,0,0,0,0,0,1,0,0,0,0,0,0,0,0,False
O00410,1097.0,2,2,56.0,28.0,0.05104831358249772,2,0,0,0,0,1,1,0,0,0,0,0,0,0,0,0,0,0,0,0,0,0,0,False
P49642,420.0,0,0,0.0,,0.0,0,0,0,0,0,0,0,0,0,0,0,0,0,0,0,0,0,0,0,0,0,0,0,False
Q8IY31,132.0,0,0,0.0,,0.0,0,0,0,0,0,0,0,0,0,0,0,0,0,0,0,0,0,0,0,0,0,0,0,False
Q12904,312.0,1,1,31.0,31.0,0.09935897435897435,1,0,0,1,0,0,0,0,0,0,1,0,0,0,0,0,0,0,0,0,0,0,0,False
Q9UL40,294.0,0,0,0.0,,0.0,0,0,0,0,0,0,0,0,0,0,0,0,0,0,0,0,0,0,0,0,0,0,0,False
Q9HCS7,855.0,1,1,71.0,71.0,0.08304093567251462,1,0,0,0,0,0,1,0,0,0,0,0,0,0,0,0,0,0,0,0,0,0,0,False
Q92879,486.0,2,2,186.0,93.0,0.38271604938271603,2,0,0,0,1,0,0,0,0,0,0,0,1,0,1,0,0,0,0,0,0,0,0,False
O75179,2603.0,3,7,1266.0,180.85714285714286,0.4863618901267768,3+,0,1,0,0,1,1,0,0,0,0,1,1,0,0,0,1,0,1,0,0,0,0,False
P61964,334.0,0,0,0.0,,0.0,0,0,0,0,0,0,0,0,0,0,0,0,0,0,0,0,0,0,0,0,0,0,0,False
Q6P2E9,1401.0,2,2,428.0,214.0,0.30549607423269093,2,0,0,0,0,0,0,0,0,0,0,1,0,0,0,0,0,0,0,0,0,0,0,True
Q9H4L7,1026.0,1,1,372.0,372.0,0.36257309941520466,1,0,0,0,0,1,0,0,0,0,0,0,0,0,1,0,0,0,0,0,0,0,0,False
Q9UGY1,213.0,2,2,139.0,69.5,0.6525821596244131,2,0,1,1,0,0,0,1,0,0,0,0,0,0,0,0,1,0,0,0,0,0,0,False
P68431,136.0,0,0,0.0,,0.0,0,0,0,0,0,0,0,0,0,0,0,0,0,0,0,0,0,0,0,0,0,0,0,False
Q86XP3,938.0,2,2,373.0,186.5,0.3976545842217484,2,0,0,0,0,1,1,0,0,0,0,0,0,0,1,0,0,0,0,0,0,0,0,False
B0QYY4,370.0,1,1,47.0,47.0,0.12702702702702703,1,0,0,1,0,0,0,0,0,0,0,0,1,0,0,0,0,0,0,0,0,0,0,False
Q7Z2Z2,1120.0,1,1,78.0,78.0,0.06964285714285715,1,0,0,0,0,1,0,0,0,0,0,1,0,0,0,0,0,0,0,0,0,0,0,False
P26358,1616.0,2,2,362.0,181.0,0.22400990099009901,2,0,0,0,0,0,0,0,0,0,1,0,0,0,0,0,1,0,0,0,0,0,0,False
Q9NV66,732.0,1,1,77.0,77.0,0.1051912568306011,1,0,0,0,0,1,1,0,0,0,0,0,0,0,0,0,0,0,0,0,0,0,0,False
Q9NTZ6,932.0,3,3,396.0,132.0,0.4248927038626609,3+,0,1,0,1,0,0,0,0,0,0,1,1,0,1,0,0,0,0,0,0,0,0,False
Q8IYB8,786.0,0,0,0.0,,0.0,0,0,0,0,0,0,0,0,0,0,0,0,0,0,0,0,0,0,0,0,0,0,0,False
Q9UN86,482.0,3,3,227.0,75.66666666666667,0.470954356846473,3+,0,0,1,1,0,1,0,0,0,0,1,1,0,0,0,0,0,0,0,0,0,0,False
Q9BXY0,300.0,1,1,155.0,155.0,0.5166666666666667,1,0,0,1,0,0,1,0,0,0,0,0,0,0,0,0,0,0,0,0,0,0,0,False
Q9NR50,452.0,0,0,0.0,,0.0,0,0,0,0,0,0,0,0,0,0,0,0,0,0,0,0,0,0,0,0,0,0,0,False
P62495,437.0,0,0,0.0,,0.0,0,0,0,0,0,0,0,0,0,0,0,0,0,0,0,0,0,0,0,0,0,0,0,False
Q9H7N4,1312.0,2,2,1079.0,539.5,0.8224085365853658,2,0,0,0,0,0,0,0,0,0,0,0,1,0,0,0,0,0,0,0,0,1,0,False
P36776,959.0,3,3,190.0,63.333333333333336,0.1981230448383733,3+,0,0,0,0,0,1,0,0,0,0,1,0,0,0,0,0,0,0,1,0,0,0,False
Q9BZE4,634.0,2,2,278.0,139.0,0.4384858044164038,2,0,1,1,0,0,1,0,0,0,1,0,0,0,0,0,0,0,0,0,0,0,0,False
Q8IWZ3,2542.0,3,5,1300.0,260.0,0.5114083398898505,3+,0,1,0,0,1,0,0,0,0,0,1,1,0,1,0,1,0,0,0,0,0,1,False
Q9BZE1,423.0,0,0,0.0,,0.0,0,0,0,0,0,0,0,0,0,0,0,0,0,0,0,0,0,0,0,0,0,0,0,False
P55884,814.0,2,2,229.0,114.5,0.28132678132678135,2,0,0,1,0,0,1,0,0,0,1,0,0,0,0,0,0,0,0,0,0,0,0,False
P11387,765.0,2,2,414.0,207.0,0.5411764705882353,2,0,0,0,0,0,0,0,0,0,0,0,1,0,0,0,1,0,0,0,0,0,0,False
O14602,144.0,1,1,28.0,28.0,0.19444444444444445,1,0,1,0,0,0,1,0,0,0,0,0,0,0,0,0,0,0,0,0,0,0,0,False
P30050,165.0,0,0,0.0,,0.0,0,0,0,0,0,0,0,0,0,0,0,0,0,0,0,0,0,0,0,0,0,0,0,False
Q96P70,1041.0,1,1,64.0,64.0,0.06147934678194044,1,0,0,0,0,1,1,0,0,0,0,0,0,0,0,0,0,0,0,0,0,0,0,False
Q5T280,376.0,1,1,50.0,50.0,0.13297872340425532,1,0,0,1,0,0,0,1,0,0,0,0,0,0,0,0,0,0,0,0,0,0,0,False
P49760,499.0,1,1,138.0,138.0,0.27655310621242485,1,0,0,0,0,0,0,0,0,0,0,0,0,0,0,0,0,0,0,0,0,1,0,False
Q12905,390.0,2,2,57.0,28.5,0.14615384615384616,2,0,1,0,0,1,1,0,0,0,0,0,0,0,0,0,0,0,0,1,0,0,0,False
Q86Y13,1208.0,2,2,131.0,65.5,0.10844370860927152,2,0,0,0,0,0,0,0,0,0,0,1,1,0,0,0,0,0,0,0,0,0,0,False
Q9UPR3,1016.0,3,3,360.0,120.0,0.3543307086614173,3+,0,0,0,1,0,1,0,0,0,0,0,1,0,1,0,0,0,0,0,0,0,0,False
P62891,51.0,0,0,0.0,,0.0,0,0,0,0,0,0,0,0,0,0,0,0,0,0,0,0,0,0,0,0,0,0,0,False
Q9UQ84,846.0,1,1,431.0,431.0,0.5094562647754137,1,0,0,0,0,0,0,0,0,0,0,1,0,0,0,0,0,0,0,0,0,0,0,False
Q9H583,2144.0,1,1,21.0,21.0,0.009794776119402986,1,0,0,0,0,1,0,0,0,0,1,0,0,0,0,0,0,0,0,0,0,0,0,False
Q16695,136.0,0,0,0.0,,0.0,0,0,0,0,0,0,0,0,0,0,0,0,0,0,0,0,0,0,0,0,0,0,0,False
P09874,1014.0,1,1,65.0,65.0,0.0641025641025641,1,0,0,0,0,1,0,0,0,0,0,0,1,0,0,0,0,0,0,0,0,0,0,False
E9PE20,66.0,0,0,0.0,,0.0,0,0,0,0,0,0,0,0,0,0,0,0,0,0,0,0,0,0,0,0,0,0,0,False
P07814,1512.0,1,1,259.0,259.0,0.1712962962962963,1,0,0,0,1,0,0,0,0,0,0,0,0,0,0,0,1,0,0,0,0,0,0,False
Q9Y3B9,282.0,2,2,195.0,97.5,0.6914893617021277,2,0,1,1,0,0,1,0,0,0,1,0,0,0,0,0,0,0,0,0,0,0,0,False
Q9NVH2,962.0,1,1,26.0,26.0,0.02702702702702703,1,0,0,0,0,0,0,0,0,0,0,0,0,0,0,0,0,1,0,0,0,0,0,False
Q9H0U6,180.0,0,0,0.0,,0.0,0,0,0,0,0,0,0,0,0,0,0,0,0,0,0,0,0,0,0,0,0,0,0,False
Q8WVM0,346.0,0,0,0.0,,0.0,0,0,0,0,0,0,0,0,0,0,0,0,0,0,0,0,0,0,0,0,0,0,0,False
Q9UPN6,1271.0,3,4,523.0,130.75,0.4114870180959874,3+,0,1,0,0,1,0,0,0,0,0,1,0,0,0,0,0,0,0,0,0,1,1,False
Q9UGC7,380.0,0,0,0.0,,0.0,0,0,0,0,0,0,0,0,0,0,0,0,0,0,0,0,0,0,0,0,0,0,0,False
P12270,2363.0,2,2,2729.0,1364.5,1.1548878544223444,2,0,1,0,0,1,0,0,0,0,0,1,0,0,0,0,0,0,0,0,0,0,0,False
Q5T5J6,900.0,1,1,302.0,302.0,0.33555555555555555,1,0,0,0,0,1,0,0,0,0,0,1,0,0,0,0,0,0,0,0,0,0,0,False
Q7Z2T5,733.0,1,1,60.0,60.0,0.08185538881309687,1,0,0,0,0,1,0,0,0,0,0,0,1,0,0,0,0,0,0,0,0,0,0,False
Q08211,1270.0,2,2,117.0,58.5,0.09212598425196851,2,0,0,0,1,1,1,0,0,0,0,0,0,0,0,0,0,0,0,1,0,0,0,False
Q05823,741.0,0,0,0.0,,0.0,0,0,0,0,0,0,0,0,0,0,0,0,0,0,0,0,0,0,0,0,0,0,0,False
Q9BWJ5,86.0,0,0,0.0,,0.0,0,0,0,0,0,0,0,0,0,0,0,0,0,0,0,0,0,0,0,0,0,0,0,False
Q5TC82,1133.0,2,2,329.0,164.5,0.2903795233892321,2,0,0,0,0,1,0,0,0,1,0,1,0,0,0,0,0,0,0,0,0,0,0,False
Q96JY0,434.0,1,1,83.0,83.0,0.1912442396313364,1,0,0,1,0,0,0,0,0,1,0,0,0,0,0,0,0,0,0,0,0,0,0,False
Q96FB5,475.0,0,0,0.0,,0.0,0,0,0,0,0,0,0,0,0,0,0,0,0,0,0,0,0,0,0,0,0,0,0,False
Q9NR48,2969.0,3,6,1720.0,286.6666666666667,0.5793196362411587,3+,0,0,0,0,0,1,1,0,1,1,1,0,0,0,0,0,0,0,0,0,1,0,False
P55265,1226.0,1,1,159.0,159.0,0.12969004893964112,1,0,1,0,0,0,0,0,0,0,0,1,0,0,0,0,0,0,0,0,0,0,0,False
Q5VZ19,366.0,0,0,0.0,,0.0,0,0,0,0,0,0,0,0,0,0,0,0,0,0,0,0,0,0,0,0,0,0,0,False
Q9Y3Y2,248.0,2,2,93.0,46.5,0.375,2,0,0,0,0,0,0,0,0,0,0,0,1,0,0,0,0,0,0,1,0,0,0,False
Q9Y2W6,561.0,0,0,0.0,,0.0,0,0,0,0,0,0,0,0,0,0,0,0,0,0,0,0,0,0,0,0,0,0,0,False
Q9BYD2,267.0,0,0,0.0,,0.0,0,0,0,0,0,0,0,0,0,0,0,0,0,0,0,0,0,0,0,0,0,0,0,False
Q5JPI9,236.0,0,0,0.0,,0.0,0,0,0,0,0,0,0,0,0,0,0,0,0,0,0,0,0,0,0,0,0,0,0,False
Q8IV42,348.0,0,0,0.0,,0.0,0,0,0,0,0,0,0,0,0,0,0,0,0,0,0,0,0,0,0,0,0,0,0,False
O60508,579.0,2,2,138.0,69.0,0.23834196891191708,2,0,0,0,0,0,0,0,0,0,0,0,0,0,1,0,1,0,0,0,0,0,0,False
Q9H0R6,528.0,0,0,0.0,,0.0,0,0,0,0,0,0,0,0,0,0,0,0,0,0,0,0,0,0,0,0,0,0,0,False
Q9BW92,718.0,0,0,0.0,,0.0,0,0,0,0,0,0,0,0,0,0,0,0,0,0,0,0,0,0,0,0,0,0,0,False
Q14152,1382.0,1,1,832.0,832.0,0.6020260492040521,1,0,0,0,0,0,0,0,0,0,0,0,0,0,0,0,0,0,0,1,0,0,0,False
O94874,794.0,1,1,92.0,92.0,0.11586901763224182,1,0,0,0,0,0,0,0,0,0,0,1,0,0,0,0,0,0,0,0,0,0,0,False
H9KV63,1113.0,0,0,0.0,,0.0,0,0,0,0,0,0,0,0,0,0,0,0,0,0,0,0,0,0,0,0,0,0,0,False
Q99590,1463.0,2,2,1196.0,598.0,0.8174982911825017,2,0,0,0,0,0,0,0,0,0,0,1,0,0,0,0,0,0,0,1,0,0,0,False
Q9UNY4,1162.0,1,1,113.0,113.0,0.0972461273666093,1,0,0,0,0,1,0,0,0,0,0,0,0,0,0,0,1,0,0,0,0,0,0,False
Q5T481,1227.0,2,2,302.0,151.0,0.24612876935615322,2,0,0,0,0,0,0,0,0,1,0,0,1,0,0,0,0,0,0,0,0,0,0,False
Q00013,466.0,0,0,0.0,,0.0,0,0,0,0,0,0,0,0,0,0,0,0,0,0,0,0,0,0,0,0,0,0,0,False
O60832,514.0,1,1,124.0,124.0,0.24124513618677043,1,0,0,1,0,0,0,0,0,0,1,0,0,0,0,0,0,0,0,0,0,0,0,False
O75940,238.0,1,1,75.0,75.0,0.31512605042016806,1,0,0,1,0,0,0,0,0,0,1,0,0,0,0,0,0,0,0,0,0,0,0,False
O60506,623.0,2,2,126.0,63.0,0.20224719101123595,2,0,0,1,0,1,0,0,0,1,0,0,0,0,0,0,0,0,0,1,0,0,0,False
Q9UHI6,824.0,2,2,128.0,64.0,0.1553398058252427,2,0,0,0,0,1,0,0,0,1,0,0,0,0,0,0,1,0,0,0,0,0,0,False
Q96IP4,442.0,1,1,27.0,27.0,0.06108597285067873,1,0,0,1,0,0,0,0,0,1,0,0,0,0,0,0,0,0,0,0,0,0,0,False
Q9H668,368.0,0,0,0.0,,0.0,0,0,0,0,0,0,0,0,0,0,0,0,0,0,0,0,0,0,0,0,0,0,0,False
Q14690,1871.0,2,2,226.0,113.0,0.1207910208444682,2,0,0,0,1,1,0,0,0,0,1,0,0,0,0,0,1,0,0,0,0,0,0,False
Q5T5C7,536.0,0,0,0.0,,0.0,0,0,0,0,0,0,0,0,0,0,0,0,0,0,0,0,0,0,0,0,0,0,0,False
A0A0A0MRM9,708.0,1,1,662.0,662.0,0.9350282485875706,1,0,1,0,0,0,0,0,0,0,0,0,0,0,0,0,1,0,0,0,0,0,0,False
X6R7H2,631.0,1,1,196.0,196.0,0.31061806656101426,1,0,0,1,0,0,0,0,0,0,0,0,0,0,0,0,0,0,0,0,0,1,0,False
Q5VTL8,546.0,1,1,311.0,311.0,0.5695970695970696,1,0,0,1,0,0,0,0,0,0,0,0,0,0,0,0,0,0,0,0,0,1,0,False
Q5T8I9,393.0,0,0,0.0,,0.0,0,0,0,0,0,0,0,0,0,0,0,0,0,0,0,0,0,0,0,0,0,0,0,False
O75607,178.0,1,1,22.0,22.0,0.12359550561797752,1,0,0,1,0,0,1,0,0,0,0,0,0,0,0,0,0,0,0,0,0,0,0,False
O00442,366.0,0,0,0.0,,0.0,0,0,0,0,0,0,0,0,0,0,0,0,0,0,0,0,0,0,0,0,0,0,0,False
Q9NUP7,481.0,0,0,0.0,,0.0,0,0,0,0,0,0,0,0,0,0,0,0,0,0,0,0,0,0,0,0,0,0,0,False
Q9UKA9,531.0,1,1,52.0,52.0,0.09792843691148775,1,0,1,0,0,0,0,0,0,0,0,0,1,0,0,0,0,0,0,0,0,0,0,False
Q8N983,215.0,0,0,0.0,,0.0,0,0,0,0,0,0,0,0,0,0,0,0,0,0,0,0,0,0,0,0,0,0,0,False
Q9Y2Z2,717.0,0,0,0.0,,0.0,0,0,0,0,0,0,0,0,0,0,0,0,0,0,0,0,0,0,0,0,0,0,0,False
P46777,297.0,1,1,65.0,65.0,0.21885521885521886,1,0,1,0,0,0,0,0,0,0,1,0,0,0,0,0,0,0,0,0,0,0,0,False
Q9NXZ2,648.0,0,0,0.0,,0.0,0,0,0,0,0,0,0,0,0,0,0,0,0,0,0,0,0,0,0,0,0,0,0,False
Q4VXA5,237.0,0,0,0.0,,0.0,0,0,0,0,0,0,0,0,0,0,0,0,0,0,0,0,0,0,0,0,0,0,0,False
Q5JSQ8,128.0,0,0,0.0,,0.0,0,0,0,0,0,0,0,0,0,0,0,0,0,0,0,0,0,0,0,0,0,0,0,False
A2PYH4,1435.0,1,1,79.0,79.0,0.05505226480836237,1,0,0,0,0,1,0,0,0,0,0,1,0,0,0,0,0,0,0,0,0,0,0,False
Q06787,632.0,1,1,25.0,25.0,0.03955696202531646,1,0,1,0,0,0,0,0,0,0,0,0,0,0,0,0,0,0,0,1,0,0,0,False
Q9H9Y2,349.0,1,1,46.0,46.0,0.1318051575931232,1,0,0,1,0,0,0,0,0,0,1,0,0,0,0,0,0,0,0,0,0,0,0,False
Q5JSJ4,861.0,0,0,0.0,,0.0,0,0,0,0,0,0,0,0,0,0,0,0,0,0,0,0,0,0,0,0,0,0,0,False
Q9NUK0,354.0,0,0,0.0,,0.0,0,0,0,0,0,0,0,0,0,0,0,0,0,0,0,0,0,0,0,0,0,0,0,False
Q6IPR3,259.0,1,1,13.0,13.0,0.05019305019305019,1,0,0,1,0,0,1,0,0,0,0,0,0,0,0,0,0,0,0,0,0,0,0,False
Q16206,610.0,2,2,223.0,111.5,0.3655737704918033,2,0,0,1,0,1,1,0,0,0,0,1,0,0,0,0,0,0,0,0,0,0,0,False
Q8NC51,408.0,3,3,164.0,54.666666666666664,0.4019607843137255,3+,0,1,1,0,0,1,0,0,0,0,0,0,0,0,0,0,0,0,1,0,0,0,False
Q7L3T8,475.0,0,0,0.0,,0.0,0,0,0,0,0,0,0,0,0,0,0,0,0,0,0,0,0,0,0,0,0,0,0,False
Q9ULC4,181.0,0,0,0.0,,0.0,0,0,0,0,0,0,0,0,0,0,0,0,0,0,0,0,0,0,0,0,0,0,0,False
O15541,343.0,1,1,68.0,68.0,0.19825072886297376,1,0,0,1,0,0,1,0,0,0,0,0,0,0,0,0,0,0,0,0,0,0,0,False
Q8IXM3,137.0,0,0,0.0,,0.0,0,0,0,0,0,0,0,0,0,0,0,0,0,0,0,0,0,0,0,0,0,0,0,False
P61326,146.0,0,0,0.0,,0.0,0,0,0,0,0,0,0,0,0,0,0,0,0,0,0,0,0,0,0,0,0,0,0,False
Q99459,802.0,2,2,188.0,94.0,0.2344139650872818,2,1,0,0,0,1,1,1,0,0,0,0,0,0,0,0,0,0,0,0,0,0,0,False
Q9Y399,296.0,0,0,0.0,,0.0,0,0,0,0,0,0,0,0,0,0,0,0,0,0,0,0,0,0,0,0,0,0,0,False
Q13325,482.0,1,1,27.0,27.0,0.056016597510373446,1,0,0,0,0,0,0,0,0,1,0,0,0,0,0,0,0,0,0,0,0,0,0,False
P09914,478.0,0,0,0.0,,0.0,0,0,0,0,0,0,0,0,0,0,0,0,0,0,0,0,0,0,0,0,0,0,0,False
Q5T764,474.0,0,0,0.0,,0.0,0,0,0,0,0,0,0,0,0,0,0,0,0,0,0,0,0,0,0,0,0,0,0,False
O14879,490.0,0,0,0.0,,0.0,0,0,0,0,0,0,0,0,0,0,0,0,0,0,0,0,0,0,0,0,0,0,0,False
P09913,472.0,0,0,0.0,,0.0,0,0,0,0,0,0,0,0,0,0,0,0,0,0,0,0,0,0,0,0,0,0,0,False
O95793,577.0,2,2,213.0,106.5,0.36915077989601386,2,0,1,1,0,0,0,0,0,0,0,1,1,0,0,0,0,0,0,0,0,0,0,False
Q9GZR2,422.0,1,1,181.0,181.0,0.42890995260663506,1,0,0,0,0,1,0,0,0,0,1,0,0,0,0,0,0,0,0,0,0,0,0,False
Q6P1L8,145.0,0,0,0.0,,0.0,0,0,0,0,0,0,0,0,0,0,0,0,0,0,0,0,0,0,0,0,0,0,0,False
Q96GM8,510.0,1,1,13.0,13.0,0.025490196078431372,1,1,0,0,0,0,0,1,0,0,0,0,0,0,0,0,0,0,0,0,0,0,0,False
Q9NPJ8,142.0,0,0,0.0,,0.0,0,0,0,0,0,0,0,0,0,0,0,0,0,0,0,0,0,0,0,0,0,0,0,False
Q9NVS2,196.0,0,0,0.0,,0.0,0,0,0,0,0,0,0,0,0,0,0,0,0,0,0,0,0,0,0,0,0,0,0,False
Q8N2G6,241.0,0,0,0.0,,0.0,0,0,0,0,0,0,0,0,0,0,0,0,0,0,0,0,0,0,0,0,0,0,0,False
O94829,963.0,0,0,0.0,,0.0,0,0,0,0,0,0,0,0,0,0,0,0,0,0,0,0,0,0,0,0,0,0,0,False
A3KFL2,285.0,0,0,0.0,,0.0,0,0,0,0,0,0,0,0,0,0,0,0,0,0,0,0,0,0,0,0,0,0,0,False
Q96IZ5,413.0,0,0,0.0,,0.0,0,0,0,0,0,0,0,0,0,0,0,0,0,0,0,0,0,0,0,0,0,0,0,False
Q9BR11,485.0,0,0,0.0,,0.0,0,0,0,0,0,0,0,0,0,0,0,0,0,0,0,0,0,0,0,0,0,0,0,False
P67809,324.0,2,2,210.0,105.0,0.6481481481481481,2,0,0,1,0,0,0,0,0,0,0,0,0,0,1,0,0,0,0,1,0,0,0,False
Q14249,297.0,0,0,0.0,,0.0,0,0,0,0,0,0,0,0,0,0,0,0,0,0,0,0,0,0,0,0,0,0,0,False
Q9H3H1,467.0,0,0,0.0,,0.0,0,0,0,0,0,0,0,0,0,0,0,0,0,0,0,0,0,0,0,0,0,0,0,False
Q9UNP9,301.0,1,1,20.0,20.0,0.0664451827242525,1,0,0,1,0,0,1,0,0,0,0,0,0,0,0,0,0,0,0,0,0,0,0,False
P55795,449.0,2,2,96.0,48.0,0.21380846325167038,2,0,1,1,0,0,0,0,0,0,0,0,0,0,1,0,0,0,0,1,0,0,0,False
Q9BTM9,101.0,0,0,0.0,,0.0,0,0,0,0,0,0,0,0,0,0,0,0,0,0,0,0,0,0,0,0,0,0,0,False
Q13310,644.0,1,1,82.0,82.0,0.12732919254658384,1,0,1,0,0,0,0,0,0,0,0,1,0,0,0,0,0,0,0,0,0,0,0,False
Q96GJ1,504.0,0,0,0.0,,0.0,0,0,0,0,0,0,0,0,0,0,0,0,0,0,0,0,0,0,0,0,0,0,0,False
A6ND22,99.0,0,0,0.0,,0.0,0,0,0,0,0,0,0,0,0,0,0,0,0,0,0,0,0,0,0,0,0,0,0,False
Q9Y3A2,253.0,1,1,248.0,248.0,0.9802371541501976,1,0,1,0,0,0,0,0,0,0,1,0,0,0,0,0,0,0,0,0,0,0,0,False
Q12874,501.0,1,1,40.0,40.0,0.07984031936127745,1,0,0,0,1,0,1,0,0,0,0,0,0,0,0,0,0,0,0,0,0,0,0,False
Q86U90,279.0,1,1,115.0,115.0,0.4121863799283154,1,0,1,0,0,0,0,0,0,0,0,1,0,0,0,0,0,0,0,0,0,0,0,False
Q13823,731.0,1,1,252.0,252.0,0.3447332421340629,1,0,0,0,0,1,0,0,0,0,0,0,0,0,0,0,1,0,0,0,0,0,0,False
Q5D1E8,599.0,2,2,161.0,80.5,0.2687813021702838,2,0,0,1,0,1,0,0,0,1,0,0,0,0,1,0,0,0,0,0,0,0,0,False
P82914,257.0,0,0,0.0,,0.0,0,0,0,0,0,0,0,0,0,0,0,0,0,0,0,0,0,0,0,0,0,0,0,False
Q9H9G7,860.0,0,0,0.0,,0.0,0,0,0,0,0,0,0,0,0,0,0,0,0,0,0,0,0,0,0,0,0,0,0,False
Q9UL18,857.0,0,0,0.0,,0.0,0,0,0,0,0,0,0,0,0,0,0,0,0,0,0,0,0,0,0,0,0,0,0,False
Q9HCK5,861.0,0,0,0.0,,0.0,0,0,0,0,0,0,0,0,0,0,0,0,0,0,0,0,0,0,0,0,0,0,0,False
Q8TD26,2715.0,3,5,517.0,103.4,0.19042357274401472,3+,0,0,0,0,1,1,0,0,0,1,1,0,0,1,0,0,0,0,0,0,0,0,False
P50750,372.0,0,0,0.0,,0.0,0,0,0,0,0,0,0,0,0,0,0,0,0,0,0,0,0,0,0,0,0,0,0,False
P46100,2492.0,3,4,1733.0,433.25,0.6954253611556982,3+,0,0,1,0,1,1,0,0,0,0,1,0,0,0,0,1,0,0,0,0,0,0,False
P54577,528.0,0,0,0.0,,0.0,0,0,0,0,0,0,0,0,0,0,0,0,0,0,0,0,0,0,0,0,0,0,0,False
Q9BQ39,737.0,2,2,192.0,96.0,0.26051560379918587,2,0,0,1,0,0,0,0,0,0,0,0,0,0,0,0,1,0,0,0,0,1,0,False
A0A7P0MRT9,323.0,0,0,0.0,,0.0,0,0,0,0,0,0,0,0,0,0,0,0,0,0,0,0,0,0,0,0,0,0,0,False
P62701,263.0,0,0,0.0,,0.0,0,0,0,0,0,0,0,0,0,0,0,0,0,0,0,0,0,0,0,0,0,0,0,False
Q9Y237,131.0,1,1,33.0,33.0,0.25190839694656486,1,0,0,0,0,0,0,0,0,0,0,0,0,0,1,0,0,0,0,0,0,0,0,False
Q08170,494.0,1,1,317.0,317.0,0.6417004048582996,1,0,0,1,0,0,0,0,0,0,0,0,0,0,0,0,0,0,0,0,0,1,0,False
Q9NX07,287.0,1,1,41.0,41.0,0.14285714285714285,1,0,1,0,0,0,0,0,0,1,0,0,0,0,0,0,0,0,0,0,0,0,0,False
Q9H694,974.0,1,1,460.0,460.0,0.4722792607802875,1,0,0,0,0,1,0,0,0,0,0,1,0,0,0,0,0,0,0,0,0,0,0,False
P62906,217.0,0,0,0.0,,0.0,0,0,0,0,0,0,0,0,0,0,0,0,0,0,0,0,0,0,0,0,0,0,0,False
O43172,522.0,1,1,19.0,19.0,0.03639846743295019,1,0,0,1,0,0,0,0,0,0,1,0,0,0,0,0,0,0,0,0,0,0,0,False
P56537,245.0,0,0,0.0,,0.0,0,0,0,0,0,0,0,0,0,0,0,0,0,0,0,0,0,0,0,0,0,0,0,False
Q14692,1282.0,3,3,644.0,214.66666666666666,0.5023400936037441,3+,0,0,0,0,1,1,0,0,0,1,0,0,0,0,0,0,0,0,0,0,0,0,False
O43390,633.0,3,4,200.0,50.0,0.315955766192733,3+,0,0,1,0,1,1,0,0,0,0,0,0,0,0,0,0,0,0,1,0,0,0,False
O15213,610.0,2,2,151.0,75.5,0.24754098360655738,2,0,0,0,0,0,0,0,0,0,1,0,0,0,0,0,0,0,0,0,0,0,0,False
P20042,333.0,1,1,143.0,143.0,0.4294294294294294,1,0,0,1,0,0,1,0,0,0,0,0,0,0,0,0,0,0,0,0,0,0,0,False
Q09161,790.0,1,1,53.0,53.0,0.0670886075949367,1,1,0,0,0,0,0,0,0,0,0,1,0,0,0,0,0,0,0,0,0,0,0,False
Q969E8,191.0,1,1,51.0,51.0,0.2670157068062827,1,0,0,1,0,0,1,0,0,0,0,0,0,0,0,0,0,0,0,0,0,0,0,False
Q9UKD2,239.0,0,0,0.0,,0.0,0,0,0,0,0,0,0,0,0,0,0,0,0,0,0,0,0,0,0,0,0,0,0,False
Q9NX05,1096.0,3,3,198.0,66.0,0.18065693430656934,3+,0,0,0,0,0,0,0,0,1,0,0,0,0,1,0,0,0,0,0,0,0,0,False
Q5JVS0,413.0,2,2,261.0,130.5,0.6319612590799032,2,0,1,1,0,0,1,0,0,0,0,0,0,0,0,0,0,0,0,1,0,0,0,False
Q6BEB4,398.0,2,2,237.0,118.5,0.5954773869346733,2,0,0,1,0,1,0,0,0,1,0,0,0,0,1,0,0,0,0,0,0,0,0,False
Q9H1J1,476.0,1,1,216.0,216.0,0.453781512605042,1,0,1,0,0,0,0,0,0,0,0,0,0,0,0,0,1,0,0,0,0,0,0,False
J3KPD3,267.0,1,1,120.0,120.0,0.449438202247191,1,0,0,1,0,0,0,0,0,1,0,0,0,0,0,0,0,0,0,0,0,0,0,False
Q13825,339.0,1,1,61.0,61.0,0.17994100294985252,1,0,0,0,0,0,0,0,0,0,0,1,0,0,0,0,0,0,0,0,0,0,0,False
Q96T58,3664.0,3,4,3171.0,792.75,0.8654475982532751,3+,0,0,1,1,1,0,0,0,0,0,1,0,0,1,0,0,0,0,0,0,1,0,False
Q96T21,854.0,3,4,526.0,131.5,0.6159250585480094,3+,0,0,1,0,1,1,0,0,0,0,1,1,0,0,0,0,0,0,0,0,0,0,False
Q5VYS8,1495.0,2,2,338.0,169.0,0.22608695652173913,2,0,1,0,1,0,1,1,0,0,0,0,0,0,0,0,0,0,0,0,0,0,0,False
O60812,293.0,1,1,110.0,110.0,0.37542662116040953,1,0,0,0,0,1,1,0,0,0,0,0,0,0,0,0,0,0,0,0,0,0,0,False
P61978,463.0,2,2,94.0,47.0,0.20302375809935205,2,0,1,0,1,0,1,0,0,0,0,0,0,0,0,0,0,0,0,1,0,0,0,False
P98179,157.0,1,1,69.0,69.0,0.4394904458598726,1,0,0,1,0,0,0,0,0,0,0,0,0,0,0,0,0,0,0,1,0,0,0,False
P05388,317.0,1,1,39.0,39.0,0.12302839116719243,1,1,0,0,0,0,0,0,0,0,0,0,1,0,0,0,0,0,0,0,0,0,0,False
Q8TEA1,469.0,0,0,0.0,,0.0,0,0,0,0,0,0,0,0,0,0,0,0,0,0,0,0,0,0,0,0,0,0,0,False
Q9H4T2,348.0,1,1,134.0,134.0,0.3850574712643678,1,0,1,0,0,0,0,0,0,0,0,0,0,0,0,0,1,0,0,0,0,0,0,False
P22314,1058.0,0,0,0.0,,0.0,0,0,0,0,0,0,0,0,0,0,0,0,0,0,0,0,0,0,0,0,0,0,0,False
Q5SY16,702.0,1,1,44.0,44.0,0.06267806267806268,1,0,0,0,0,1,0,0,0,0,0,0,1,0,0,0,0,0,0,0,0,0,0,False
Q6PF06,316.0,1,1,60.0,60.0,0.189873417721519,1,0,0,0,0,0,0,1,0,0,0,0,0,0,0,0,0,0,0,0,0,0,0,False
Q9Y2L1,958.0,1,1,18.0,18.0,0.018789144050104383,1,0,0,0,1,0,1,0,0,0,0,0,0,0,0,0,0,0,0,0,0,0,0,False
Q9GZS1,419.0,0,0,0.0,,0.0,0,0,0,0,0,0,0,0,0,0,0,0,0,0,0,0,0,0,0,0,0,0,0,False
O14717,391.0,0,0,0.0,,0.0,0,0,0,0,0,0,0,0,0,0,0,0,0,0,0,0,0,0,0,0,0,0,0,False
Q9P2E9,1410.0,1,1,1373.0,1373.0,0.973758865248227,1,0,0,0,0,0,0,0,0,0,0,0,0,0,0,0,1,0,0,0,0,0,0,False
Q5VUC9,145.0,1,1,43.0,43.0,0.296551724137931,1,0,0,1,0,0,0,0,0,0,1,0,0,0,0,0,0,0,0,0,0,0,0,False
Q8N1G4,583.0,1,1,28.0,28.0,0.048027444253859346,1,0,0,0,0,0,0,0,0,0,0,0,0,0,0,0,1,0,0,0,0,0,0,False
Q99633,342.0,0,0,0.0,,0.0,0,0,0,0,0,0,0,0,0,0,0,0,0,0,0,0,0,0,0,0,0,0,0,False
O60293,1989.0,3,5,901.0,180.2,0.452991452991453,3+,0,0,0,0,1,1,0,0,0,0,1,1,0,0,0,0,0,0,1,0,1,0,False
P51843,470.0,0,0,0.0,,0.0,0,0,0,0,0,0,0,0,0,0,0,0,0,0,0,0,0,0,0,0,0,0,0,False
Q8WU68,220.0,0,0,0.0,,0.0,0,0,0,0,0,0,0,0,0,0,0,0,0,0,0,0,0,0,0,0,0,0,0,False
Q8N0Z8,303.0,0,0,0.0,,0.0,0,0,0,0,0,0,0,0,0,0,0,0,0,0,0,0,0,0,0,0,0,0,0,False
Q9BX46,236.0,1,1,82.0,82.0,0.3474576271186441,1,0,0,0,0,1,0,0,0,1,0,0,0,0,0,0,0,0,0,0,0,0,0,False
Q9UHK0,495.0,3,3,310.0,103.33333333333333,0.6262626262626263,3+,0,1,0,0,1,0,0,0,0,1,1,1,0,0,0,0,0,0,0,0,0,0,False
Q5T6F2,1119.0,2,2,973.0,486.5,0.8695263628239499,2,0,0,0,0,0,0,0,0,1,0,0,0,0,0,0,0,0,0,1,0,0,0,False
Q86TM3,631.0,0,0,0.0,,0.0,0,0,0,0,0,0,0,0,0,0,0,0,0,0,0,0,0,0,0,0,0,0,0,False
A0A0C4DFX0,200.0,0,0,0.0,,0.0,0,0,0,0,0,0,0,0,0,0,0,0,0,0,0,0,0,0,0,0,0,0,0,False
Q12986,1120.0,1,1,158.0,158.0,0.14107142857142857,1,0,0,0,0,1,0,0,0,1,0,0,0,0,0,0,0,0,0,0,0,0,0,False
O60870,393.0,3,3,194.0,64.66666666666667,0.49363867684478374,3+,0,1,1,0,1,1,0,0,0,1,0,1,0,0,0,0,0,0,0,0,0,0,False
P47813,144.0,1,1,28.0,28.0,0.19444444444444445,1,0,1,0,0,0,1,0,0,0,0,0,0,0,0,0,0,0,0,0,0,0,0,False
O43324,174.0,0,0,0.0,,0.0,0,0,0,0,0,0,0,0,0,0,0,0,0,0,0,0,0,0,0,0,0,0,0,False
O95373,1038.0,1,1,78.0,78.0,0.07514450867052024,1,0,0,0,0,1,1,0,0,0,0,0,0,0,0,0,0,0,0,0,0,0,0,False
A0A0A0MRW7,336.0,0,0,0.0,,0.0,0,0,0,0,0,0,0,0,0,0,0,0,0,0,0,0,0,0,0,0,0,0,0,False
O15198,467.0,1,1,47.0,47.0,0.1006423982869379,1,0,0,0,0,0,0,0,0,1,0,0,0,0,0,0,0,0,0,0,0,0,0,False
Q9BRS2,568.0,2,2,108.0,54.0,0.19014084507042253,2,0,0,0,0,1,1,0,0,0,1,0,0,0,0,0,0,0,0,0,0,0,0,False
O95786,925.0,0,0,0.0,,0.0,0,0,0,0,0,0,0,0,0,0,0,0,0,0,0,0,0,0,0,0,0,0,0,False
Q96I25,401.0,1,1,122.0,122.0,0.30423940149625933,1,0,0,1,0,0,0,0,0,0,0,0,0,0,0,0,1,0,0,0,0,0,0,False
Q12926,359.0,1,1,35.0,35.0,0.09749303621169916,1,0,0,1,0,0,0,0,0,0,0,0,0,0,0,0,0,0,0,0,0,0,1,False
Q8N567,271.0,1,1,102.0,102.0,0.3763837638376384,1,0,0,0,0,1,0,0,0,0,1,0,0,0,0,0,0,0,0,0,0,0,0,False
Q7L8L6,764.0,1,1,83.0,83.0,0.10863874345549739,1,0,0,0,0,1,0,0,0,1,0,0,0,0,0,0,0,0,0,0,0,0,0,False
Q01081,240.0,1,1,61.0,61.0,0.25416666666666665,1,0,0,1,0,0,0,0,0,0,0,0,0,0,0,0,0,0,0,0,0,1,0,False
Q9BYN8,205.0,1,1,107.0,107.0,0.5219512195121951,1,1,0,0,0,0,0,0,0,0,0,0,0,0,0,0,1,0,0,0,0,0,0,False
P62753,249.0,1,1,114.0,114.0,0.4578313253012048,1,0,0,1,0,0,0,1,0,0,0,0,0,0,0,0,0,0,0,0,0,0,0,False
Q9H5H4,540.0,1,1,174.0,174.0,0.32222222222222224,1,0,0,0,0,1,0,0,0,0,0,0,0,0,0,0,0,0,0,0,0,1,0,False
Q9NWH9,1034.0,1,1,851.0,851.0,0.8230174081237911,1,0,1,0,0,0,0,0,0,0,0,0,0,0,1,0,0,0,0,0,0,0,0,False
Q9NWZ8,242.0,1,1,94.0,94.0,0.3884297520661157,1,1,0,0,0,0,1,0,0,0,0,0,0,0,0,0,0,0,0,0,0,0,0,False
Q8WV60,388.0,0,0,0.0,,0.0,0,0,0,0,0,0,0,0,0,0,0,0,0,0,0,0,0,0,0,0,0,0,0,False
Q9NYK1,1049.0,0,0,0.0,,0.0,0,0,0,0,0,0,0,0,0,0,0,0,0,0,0,0,0,0,0,0,0,0,0,False
O75475,530.0,1,1,463.0,463.0,0.8735849056603774,1,0,0,0,0,0,0,0,0,0,0,0,0,0,0,0,1,0,0,0,0,0,0,False
Q16594,264.0,2,2,123.0,61.5,0.4659090909090909,2,0,0,0,0,0,1,0,0,0,0,1,0,0,0,0,0,0,0,0,0,0,0,False
J3KPI1,630.0,1,1,431.0,431.0,0.6841269841269841,1,0,0,1,0,0,0,0,0,0,0,0,0,0,1,0,0,0,0,0,0,0,0,False
Q58A45,887.0,3,3,364.0,121.33333333333333,0.41037204058624577,3+,0,0,1,0,1,0,0,0,0,0,1,1,0,0,0,0,0,0,0,0,0,0,False
O75648,421.0,0,0,0.0,,0.0,0,0,0,0,0,0,0,0,0,0,0,0,0,0,0,0,0,0,0,0,0,0,0,False
Q6UX04,472.0,1,1,296.0,296.0,0.6271186440677966,1,0,0,0,0,0,0,0,0,0,0,0,0,0,0,0,1,0,0,0,0,0,0,False
Q9H2K0,278.0,0,0,0.0,,0.0,0,0,0,0,0,0,0,0,0,0,0,0,0,0,0,0,0,0,0,0,0,0,0,False
Q92664,365.0,1,1,16.0,16.0,0.043835616438356165,1,0,0,0,0,1,0,1,0,0,0,0,0,0,0,0,0,0,0,0,0,0,0,False
O00567,594.0,1,1,157.0,157.0,0.26430976430976433,1,0,0,1,0,0,0,0,0,0,0,1,0,0,0,0,0,0,0,0,0,0,0,False
Q2M296,383.0,0,0,0.0,,0.0,0,0,0,0,0,0,0,0,0,0,0,0,0,0,0,0,0,0,0,0,0,0,0,False
O96006,694.0,0,0,0.0,,0.0,0,0,0,0,0,0,0,0,0,0,0,0,0,0,0,0,0,0,0,0,0,0,0,False
Q9NS39,739.0,1,1,15.0,15.0,0.02029769959404601,1,0,0,0,0,1,0,1,0,0,0,0,0,0,0,0,0,0,0,0,0,0,0,False
P14678,240.0,2,2,148.0,74.0,0.6166666666666667,2,0,0,1,0,1,0,0,0,0,0,0,1,0,0,0,0,0,0,0,0,0,0,False
Q16540,153.0,0,0,0.0,,0.0,0,0,0,0,0,0,0,0,0,0,0,0,0,0,0,0,0,0,0,0,0,0,0,False
Q8NE18,718.0,1,1,18.0,18.0,0.025069637883008356,1,0,0,0,0,1,0,0,0,0,1,0,0,0,0,0,0,0,0,0,0,0,0,False
Q9UKK3,1724.0,1,1,248.0,248.0,0.14385150812064965,1,0,0,0,0,1,0,0,0,1,0,0,0,0,0,0,0,0,0,0,0,0,0,False
Q9HD40,501.0,0,0,0.0,,0.0,0,0,0,0,0,0,0,0,0,0,0,0,0,0,0,0,0,0,0,0,0,0,0,False
P62995,288.0,2,2,118.0,59.0,0.4097222222222222,2,0,0,1,0,1,0,0,0,0,0,0,1,0,0,0,0,0,0,0,0,1,0,False
Q9NR90,486.0,0,0,0.0,,0.0,0,0,0,0,0,0,0,0,0,0,0,0,0,0,0,0,0,0,0,0,0,0,0,False
A0A5K1VW79,999.0,3,3,532.0,177.33333333333334,0.5325325325325325,3+,0,0,0,0,1,0,0,0,1,0,0,0,0,1,0,0,0,0,0,0,0,0,False
P46087,812.0,3,3,401.0,133.66666666666666,0.4938423645320197,3+,0,0,1,0,1,1,1,0,0,0,1,0,0,0,0,0,0,0,0,0,0,0,False
E9PBY2,654.0,0,0,0.0,,0.0,0,0,0,0,0,0,0,0,0,0,0,0,0,0,0,0,0,0,0,0,0,0,0,False
Q9P2P1,1898.0,2,2,233.0,116.5,0.12276080084299262,2,0,0,0,1,1,1,0,0,0,0,0,1,0,0,0,0,0,0,0,0,0,0,False
Q9P0J6,103.0,0,0,0.0,,0.0,0,0,0,0,0,0,0,0,0,0,0,0,0,0,0,0,0,0,0,0,0,0,0,False
J3KPK3,459.0,1,1,414.0,414.0,0.9019607843137255,1,0,1,0,0,0,0,0,0,0,0,0,0,0,0,0,0,0,0,1,0,0,0,False
Q8WWM7,1075.0,3,3,852.0,284.0,0.7925581395348837,3+,0,1,1,0,1,0,0,0,1,0,1,1,0,0,0,0,0,0,0,0,0,0,False
O60287,2271.0,0,0,0.0,,0.0,0,0,0,0,0,0,0,0,0,0,0,0,0,0,0,0,0,0,0,0,0,0,0,False
Q5GAN3,156.0,0,0,0.0,,0.0,0,0,0,0,0,0,0,0,0,0,0,0,0,0,0,0,0,0,0,0,0,0,0,False
O43310,598.0,3,3,174.0,58.0,0.2909698996655518,3+,0,0,0,0,1,0,1,0,1,0,0,0,0,0,0,0,0,0,0,0,0,0,False
A6NDE4,496.0,1,1,451.0,451.0,0.9092741935483871,1,0,1,0,0,0,0,0,0,0,0,0,0,0,0,0,0,0,0,1,0,0,0,False
O43148,476.0,1,1,163.0,163.0,0.34243697478991597,1,0,1,0,0,0,0,0,0,0,0,0,0,0,0,0,1,0,0,0,0,0,0,False
A0A140T8Y2,407.0,1,1,33.0,33.0,0.08108108108108109,1,0,0,0,0,1,1,0,0,0,0,0,0,0,0,0,0,0,0,0,0,0,0,False
O60231,1041.0,1,1,315.0,315.0,0.3025936599423631,1,0,0,1,0,0,0,0,0,0,0,0,0,0,0,0,1,0,0,0,0,0,0,False
Q2Q1W2,868.0,1,1,172.0,172.0,0.19815668202764977,1,0,0,0,0,0,0,0,0,0,0,1,0,0,0,0,0,0,0,0,0,0,0,False
Q96M93,576.0,0,0,0.0,,0.0,0,0,0,0,0,0,0,0,0,0,0,0,0,0,0,0,0,0,0,0,0,0,0,False
Q9HCE5,456.0,2,2,107.0,53.5,0.23464912280701755,2,0,0,1,0,1,1,0,0,0,0,0,0,0,0,0,0,0,0,1,0,0,0,False
Q53F19,620.0,2,2,458.0,229.0,0.7387096774193549,2,0,0,0,0,0,0,0,0,0,0,1,0,0,0,0,0,0,0,0,0,1,0,False
A0A0A0MRZ1,733.0,2,2,309.0,154.5,0.42155525238744884,2,0,0,1,0,1,0,0,0,0,0,1,0,0,0,0,1,0,0,0,0,0,0,False
P41250,739.0,0,0,0.0,,0.0,0,0,0,0,0,0,0,0,0,0,0,0,0,0,0,0,0,0,0,0,0,0,0,False
Q8N163,923.0,2,2,193.0,96.5,0.20910075839653305,2,0,0,0,0,1,1,0,0,0,0,0,0,0,0,0,0,0,0,0,0,0,0,False
Q6ZN19,808.0,0,0,0.0,,0.0,0,0,0,0,0,0,0,0,0,0,0,0,0,0,0,0,0,0,0,0,0,0,0,False
Q96L91,3159.0,3,11,1398.0,127.0909090909091,0.44254510921177587,3+,0,0,1,0,1,1,0,0,0,0,1,1,0,0,0,0,0,0,0,0,0,0,False
Q14444,709.0,3,3,473.0,157.66666666666666,0.6671368124118476,3+,0,1,0,0,1,0,0,0,0,0,1,0,0,1,0,0,0,0,0,0,0,0,False
Q96B26,276.0,0,0,0.0,,0.0,0,0,0,0,0,0,0,0,0,0,0,0,0,0,0,0,0,0,0,0,0,0,0,False
Q8IYL2,757.0,1,1,27.0,27.0,0.035667107001321,1,0,0,0,0,1,0,0,0,0,0,0,0,0,1,0,0,0,0,0,0,0,0,False
Q8N5X7,224.0,1,1,26.0,26.0,0.11607142857142858,1,0,0,1,0,0,0,0,0,0,0,0,1,0,0,0,0,0,0,0,0,0,0,False
A0A0C4DH24,114.0,0,0,0.0,,0.0,0,0,0,0,0,0,0,0,0,0,0,0,0,0,0,0,0,0,0,0,0,0,0,False
A0A2U3TZN1,101.0,0,0,0.0,,0.0,0,0,0,0,0,0,0,0,0,0,0,0,0,0,0,0,0,0,0,0,0,0,0,False
P40429,203.0,1,1,35.0,35.0,0.1724137931034483,1,0,0,1,0,0,0,0,0,0,1,0,0,0,0,0,0,0,0,0,0,0,0,False
Q7Z6M4,381.0,1,1,60.0,60.0,0.15748031496062992,1,0,0,1,0,0,1,0,0,0,0,0,0,0,0,0,0,0,0,0,0,0,0,False
Q9BUJ2,856.0,3,5,509.0,101.8,0.594626168224299,3+,0,1,0,0,1,0,0,0,1,0,1,0,0,0,0,0,0,0,1,0,0,0,False
Q9UPU9,718.0,1,1,171.0,171.0,0.2381615598885794,1,0,0,0,0,1,0,0,0,0,0,0,0,0,1,0,0,0,0,0,0,0,0,False
Q5MCW4,686.0,0,0,0.0,,0.0,0,0,0,0,0,0,0,0,0,0,0,0,0,0,0,0,0,0,0,0,0,0,0,False
Q969W8,418.0,0,0,0.0,,0.0,0,0,0,0,0,0,0,0,0,0,0,0,0,0,0,0,0,0,0,0,0,0,0,False
P24534,225.0,1,1,32.0,32.0,0.14222222222222222,1,0,0,1,0,0,1,0,0,0,0,0,0,0,0,0,0,0,0,0,0,0,0,False
Q9NYF8,920.0,2,2,805.0,402.5,0.875,2,0,1,0,0,1,1,0,0,0,0,0,0,0,0,0,0,0,0,1,0,0,0,False
Q66PJ3,237.0,1,1,129.0,129.0,0.5443037974683544,1,0,1,0,0,0,0,0,0,0,0,0,0,0,0,0,0,0,0,0,0,1,0,False
Q13595,282.0,2,2,135.0,67.5,0.4787234042553192,2,0,0,1,0,0,0,0,0,0,0,0,1,0,0,0,0,0,0,0,0,1,0,False
P63167,89.0,0,0,0.0,,0.0,0,0,0,0,0,0,0,0,0,0,0,0,0,0,0,0,0,0,0,0,0,0,0,False
P29728,719.0,0,0,0.0,,0.0,0,0,0,0,0,0,0,0,0,0,0,0,0,0,0,0,0,0,0,0,0,0,0,False
Q9HD33,250.0,0,0,0.0,,0.0,0,0,0,0,0,0,0,0,0,0,0,0,0,0,0,0,0,0,0,0,0,0,0,False
P55010,431.0,2,2,202.0,101.0,0.46867749419953597,2,0,1,0,1,0,1,0,0,0,0,0,0,0,0,0,0,0,0,0,0,0,0,False
Q9H0A6,362.0,0,0,0.0,,0.0,0,0,0,0,0,0,0,0,0,0,0,0,0,0,0,0,0,0,0,0,0,0,0,False
H0Y3K3,84.0,0,0,0.0,,0.0,0,0,0,0,0,0,0,0,0,0,0,0,0,0,0,0,0,0,0,0,0,0,0,False
Q9UIF8,2168.0,3,7,1464.0,209.14285714285714,0.6752767527675276,3+,0,0,1,0,1,1,1,0,0,1,1,0,0,0,0,0,0,0,0,0,0,0,False
Q9Y291,106.0,1,1,26.0,26.0,0.24528301886792453,1,0,1,0,0,0,0,1,0,0,0,0,0,0,0,0,0,0,0,0,0,0,0,False
J3KPP4,489.0,1,1,227.0,227.0,0.46421267893660534,1,0,1,0,0,0,0,0,0,0,0,0,0,0,0,0,0,0,0,0,0,1,0,False
Q9ULR0,285.0,1,1,105.0,105.0,0.3684210526315789,1,0,1,0,0,0,1,0,0,0,0,0,0,0,0,0,0,0,0,0,0,0,0,False
Q6P2D0,407.0,0,0,0.0,,0.0,0,0,0,0,0,0,0,0,0,0,0,0,0,0,0,0,0,0,0,0,0,0,0,False
P31943,449.0,2,2,96.0,48.0,0.21380846325167038,2,0,1,1,0,0,0,0,0,0,0,0,0,0,1,0,0,0,0,1,0,0,0,False
X6RAY8,357.0,0,0,0.0,,0.0,0,0,0,0,0,0,0,0,0,0,0,0,0,0,0,0,0,0,0,0,0,0,0,False
Q8IY21,1712.0,2,2,87.0,43.5,0.05081775700934579,2,0,0,0,1,1,0,0,0,0,1,0,0,0,0,0,0,0,0,0,0,0,0,False
P09543,421.0,0,0,0.0,,0.0,0,0,0,0,0,0,0,0,0,0,0,0,0,0,0,0,0,0,0,0,0,0,0,False
P49406,292.0,0,0,0.0,,0.0,0,0,0,0,0,0,0,0,0,0,0,0,0,0,0,0,0,0,0,0,0,0,0,False
Q8TE96,717.0,0,0,0.0,,0.0,0,0,0,0,0,0,0,0,0,0,0,0,0,0,0,0,0,0,0,0,0,0,0,False
A0A0B4J1V9,884.0,1,1,154.0,154.0,0.17420814479638008,1,0,0,1,0,0,0,0,0,0,0,1,0,0,0,0,0,0,0,0,0,0,0,False
P83731,157.0,1,1,92.0,92.0,0.5859872611464968,1,0,1,0,0,0,0,0,0,0,1,0,0,0,0,0,0,0,0,0,0,0,0,False
O14647,1828.0,3,4,967.0,241.75,0.5289934354485777,3+,0,0,0,0,1,1,0,0,1,0,1,0,0,0,0,0,0,0,0,0,1,0,False
P35269,517.0,1,1,294.0,294.0,0.5686653771760155,1,0,0,0,0,0,0,0,0,0,0,0,0,0,1,0,0,0,0,0,0,0,0,False
P46199,727.0,2,2,117.0,58.5,0.1609353507565337,2,0,1,0,1,0,0,1,0,0,0,1,0,0,0,0,0,0,0,0,0,0,0,False
P49207,117.0,0,0,0.0,,0.0,0,0,0,0,0,0,0,0,0,0,0,0,0,0,0,0,0,0,0,0,0,0,0,False
Q9BPZ3,127.0,1,1,50.0,50.0,0.3937007874015748,1,0,0,1,0,0,1,0,0,0,0,0,0,0,0,0,0,0,0,0,0,0,0,False
Q9BVP2,549.0,2,2,211.0,105.5,0.3843351548269581,2,0,1,0,0,1,1,0,0,0,1,0,0,0,0,0,0,0,0,0,0,0,0,False
A8MXP9,895.0,2,2,357.0,178.5,0.39888268156424583,2,0,0,0,0,0,1,0,0,0,0,1,0,0,0,0,0,0,0,0,0,0,0,False
Q8N9N2,400.0,0,0,0.0,,0.0,0,0,0,0,0,0,0,0,0,0,0,0,0,0,0,0,0,0,0,0,0,0,0,False
Q5T760,491.0,2,2,306.0,153.0,0.6232179226069247,2,0,0,1,0,1,0,0,0,0,0,0,1,0,0,0,0,0,0,0,0,1,0,False
P51825,1210.0,1,1,1054.0,1054.0,0.8710743801652893,1,0,1,0,0,0,0,0,0,0,0,0,0,0,1,0,0,0,0,0,0,0,0,False
Q14764,893.0,1,1,138.0,138.0,0.15453527435610304,1,0,0,0,0,1,0,0,0,0,0,0,0,0,0,0,1,0,0,0,0,0,0,False
Q99613,913.0,1,1,190.0,190.0,0.20810514786418402,1,1,0,0,0,0,1,0,0,0,0,0,0,0,0,0,0,0,0,0,0,0,0,False
Q96QR8,312.0,2,2,86.0,43.0,0.27564102564102566,2,1,0,1,0,0,0,0,0,0,0,1,0,0,1,0,0,0,0,0,0,0,0,False
P78406,368.0,0,0,0.0,,0.0,0,0,0,0,0,0,0,0,0,0,0,0,0,0,0,0,0,0,0,0,0,0,0,False
Q9P2E3,1918.0,3,3,241.0,80.33333333333333,0.1256517205422315,3+,0,0,0,0,1,1,0,0,1,0,1,0,0,0,0,0,0,0,0,0,0,0,False
P50914,215.0,1,1,123.0,123.0,0.5720930232558139,1,0,1,0,0,0,0,0,0,0,1,0,0,0,0,0,0,0,0,0,0,0,0,False
Q9Y4F3,1742.0,2,2,201.0,100.5,0.11538461538461539,2,0,0,1,0,1,0,0,0,0,0,1,0,0,1,0,0,0,0,0,0,0,0,False
Q9BSV6,310.0,1,1,88.0,88.0,0.2838709677419355,1,0,0,1,0,0,0,0,0,0,0,0,1,0,0,0,0,0,0,0,0,0,0,False
P62241,208.0,1,1,35.0,35.0,0.16826923076923078,1,1,0,0,0,0,0,0,0,0,1,0,0,0,0,0,0,0,0,0,0,0,0,False
Q9NUM4,274.0,0,0,0.0,,0.0,0,0,0,0,0,0,0,0,0,0,0,0,0,0,0,0,0,0,0,0,0,0,0,False
A0A5H1ZRQ2,731.0,3,5,182.0,36.4,0.24897400820793433,3+,0,0,1,0,1,0,0,0,1,0,0,1,0,0,0,1,0,0,0,0,0,0,False
Q8NEJ9,315.0,2,2,123.0,61.5,0.3904761904761905,2,0,0,1,0,1,0,1,0,0,0,1,0,0,0,0,0,0,0,0,0,0,0,False
A2A2Q9,398.0,0,0,0.0,,0.0,0,0,0,0,0,0,0,0,0,0,0,0,0,0,0,0,0,0,0,0,0,0,0,False
Q8N8A6,666.0,1,1,142.0,142.0,0.2132132132132132,1,0,0,0,0,1,0,0,0,0,0,0,0,0,0,0,1,0,0,0,0,0,0,False
P82930,218.0,0,0,0.0,,0.0,0,0,0,0,0,0,0,0,0,0,0,0,0,0,0,0,0,0,0,0,0,0,0,False
Q52LJ0,433.0,1,1,99.0,99.0,0.22863741339491916,1,0,0,1,0,0,0,0,0,0,0,0,0,0,0,0,0,0,0,1,0,0,0,False
H9KVA5,152.0,0,0,0.0,,0.0,0,0,0,0,0,0,0,0,0,0,0,0,0,0,0,0,0,0,0,0,0,0,0,False
Q15397,648.0,1,1,168.0,168.0,0.25925925925925924,1,0,0,1,0,0,0,0,0,0,1,0,0,0,0,0,0,0,0,0,0,0,0,False
Q9NVR2,710.0,0,0,0.0,,0.0,0,0,0,0,0,0,0,0,0,0,0,0,0,0,0,0,0,0,0,0,0,0,0,False
Q8TAA1,199.0,0,0,0.0,,0.0,0,0,0,0,0,0,0,0,0,0,0,0,0,0,0,0,0,0,0,0,0,0,0,False
Q92945,711.0,3,4,316.0,79.0,0.4444444444444444,3+,0,1,0,1,1,0,0,0,1,0,0,1,0,0,0,0,0,0,1,0,0,0,False
P57081,412.0,0,0,0.0,,0.0,0,0,0,0,0,0,0,0,0,0,0,0,0,0,0,0,0,0,0,0,0,0,0,False
Q9BRP8,204.0,1,1,113.0,113.0,0.553921568627451,1,0,0,1,0,0,0,0,0,0,0,0,1,0,0,0,0,0,0,0,0,0,0,False
Q3L8U1,2897.0,3,4,842.0,210.5,0.2906454953400069,3+,0,0,0,1,1,0,0,0,1,1,1,1,0,0,0,0,0,0,0,0,0,0,False
Q6P6C2,394.0,2,2,61.0,30.5,0.1548223350253807,2,0,0,1,0,1,1,0,0,0,0,0,1,0,0,0,0,0,0,0,0,0,0,False
Q8IXT5,1001.0,1,1,334.0,334.0,0.3336663336663337,1,0,0,0,1,0,0,0,0,1,0,0,0,0,0,0,0,0,0,0,0,0,0,False
P82932,125.0,0,0,0.0,,0.0,0,0,0,0,0,0,0,0,0,0,0,0,0,0,0,0,0,0,0,0,0,0,0,False
P57721,371.0,0,0,0.0,,0.0,0,0,0,0,0,0,0,0,0,0,0,0,0,0,0,0,0,0,0,0,0,0,0,False
Q5TBQ0,296.0,1,1,24.0,24.0,0.08108108108108109,1,0,0,0,0,1,0,1,0,0,0,0,0,0,0,0,0,0,0,0,0,0,0,False
P57052,281.0,1,1,115.0,115.0,0.4092526690391459,1,0,0,0,0,1,0,0,0,1,0,0,0,0,0,0,0,0,0,0,0,0,0,False
F8WDU6,201.0,0,0,0.0,,0.0,0,0,0,0,0,0,0,0,0,0,0,0,0,0,0,0,0,0,0,0,0,0,0,False
B1AHD1,132.0,0,0,0.0,,0.0,0,0,0,0,0,0,0,0,0,0,0,0,0,0,0,0,0,0,0,0,0,0,0,False
B5MCF9,571.0,2,2,177.0,88.5,0.30998248686514884,2,0,0,1,0,1,1,0,0,0,0,1,0,0,0,0,0,0,0,0,0,0,0,False
Q9UBB9,837.0,2,2,160.0,80.0,0.1911589008363202,2,0,0,1,0,0,1,0,0,0,0,1,0,0,0,0,0,0,0,0,0,0,0,False
Q15061,677.0,1,1,78.0,78.0,0.11521418020679468,1,0,0,1,0,0,1,0,0,0,0,0,0,0,0,0,0,0,0,0,0,0,0,False
B5MCY1,1934.0,0,0,0.0,,0.0,0,0,0,0,0,0,0,0,0,0,0,0,0,0,0,0,0,0,0,0,0,0,0,False
Q86XN8,651.0,3,3,425.0,141.66666666666666,0.65284178187404,3+,0,0,1,0,1,0,0,0,0,0,1,1,0,0,0,0,0,0,0,0,0,0,False
Q15796,467.0,1,1,19.0,19.0,0.04068522483940043,1,0,0,0,0,0,0,0,0,0,0,0,0,0,1,0,0,0,0,0,0,0,0,False
Q9NQZ3,744.0,0,0,0.0,,0.0,0,0,0,0,0,0,0,0,0,0,0,0,0,0,0,0,0,0,0,0,0,0,0,False
Q12906,894.0,3,3,330.0,110.0,0.3691275167785235,3+,1,0,0,1,1,1,0,0,0,1,0,0,0,0,0,0,0,0,1,0,0,0,False
Q9NRJ5,637.0,2,2,131.0,65.5,0.20565149136577707,2,0,0,1,0,1,0,0,0,0,0,1,1,0,0,0,0,0,0,0,0,0,0,False
Q9UPQ9,1833.0,2,2,1717.0,858.5,0.9367157665030006,2,0,1,0,0,1,0,0,0,0,0,0,1,0,1,0,0,0,0,0,0,0,0,False
Q9NVR5,837.0,2,2,218.0,109.0,0.26045400238948624,2,0,1,0,0,1,0,0,0,1,0,1,0,0,0,0,0,0,0,0,0,0,0,False
P62081,194.0,0,0,0.0,,0.0,0,0,0,0,0,0,0,0,0,0,0,0,0,0,0,0,0,0,0,0,0,0,0,False
Q9HC16,384.0,0,0,0.0,,0.0,0,0,0,0,0,0,0,0,0,0,0,0,0,0,0,0,0,0,0,0,0,0,0,False
Q9BY44,585.0,1,1,120.0,120.0,0.20512820512820512,1,0,0,1,0,0,0,0,0,0,0,1,0,0,0,0,0,0,0,0,0,0,0,False
O14980,1071.0,0,0,0.0,,0.0,0,0,0,0,0,0,0,0,0,0,0,0,0,0,0,0,0,0,0,0,0,0,0,False
B5MCH7,343.0,0,0,0.0,,0.0,0,0,0,0,0,0,0,0,0,0,0,0,0,0,0,0,0,0,0,0,0,0,0,False
Q5U5Q3,659.0,3,3,389.0,129.66666666666666,0.590288315629742,3+,0,0,1,0,1,0,0,0,0,0,1,1,0,1,0,0,0,0,0,0,0,0,False
Q8N201,2190.0,2,2,61.0,30.5,0.027853881278538814,2,0,0,0,0,0,1,0,0,0,0,0,0,0,0,0,1,0,0,0,0,0,0,False
Q99575,1024.0,2,2,90.0,45.0,0.087890625,2,0,1,0,0,1,0,1,0,0,1,0,0,0,0,0,0,0,0,0,0,0,0,False
Q16762,297.0,0,0,0.0,,0.0,0,0,0,0,0,0,0,0,0,0,0,0,0,0,0,0,0,0,0,0,0,0,0,False
B5MCU0,990.0,3,6,576.0,96.0,0.5818181818181818,3+,0,0,1,0,1,0,0,0,0,0,1,1,0,0,0,1,0,0,0,0,0,0,False
G5E9G0,351.0,1,1,41.0,41.0,0.1168091168091168,1,1,0,0,0,0,0,0,0,0,1,0,0,0,0,0,0,0,0,0,0,0,0,False
Q8IZ13,594.0,0,0,0.0,,0.0,0,0,0,0,0,0,0,0,0,0,0,0,0,0,0,0,0,0,0,0,0,0,0,False
P42696,430.0,2,2,186.0,93.0,0.4325581395348837,2,0,1,1,0,0,0,0,0,0,1,1,0,0,0,0,0,0,0,0,0,0,0,False
Q14966,1978.0,2,2,1452.0,726.0,0.7340748230535895,2,0,1,0,1,0,0,0,0,0,0,1,0,0,0,0,0,0,0,0,0,1,0,False
A0A7N4I394,994.0,3,3,648.0,216.0,0.6519114688128773,3+,0,0,0,0,0,0,0,0,0,0,0,0,0,0,0,1,0,0,0,0,1,1,False
Q13901,141.0,0,0,0.0,,0.0,0,0,0,0,0,0,0,0,0,0,0,0,0,0,0,0,0,0,0,0,0,0,0,False
Q8N5P1,291.0,1,1,193.0,193.0,0.6632302405498282,1,0,1,0,0,0,0,0,0,1,0,0,0,0,0,0,0,0,0,0,0,0,0,False
Q9Y4B4,1467.0,2,2,310.0,155.0,0.2113156100886162,2,0,0,0,0,1,1,0,0,0,0,1,0,0,0,0,0,0,0,0,0,0,0,False
Q8WVV9,542.0,2,2,56.0,28.0,0.1033210332103321,2,0,0,1,0,0,1,0,0,0,0,0,0,0,1,0,0,0,0,0,0,0,0,False
B8ZZ98,158.0,2,2,120.0,60.0,0.759493670886076,2,0,1,1,0,0,1,0,0,0,0,0,0,0,0,0,0,0,0,0,0,1,0,False
Q9Y4Y9,91.0,0,0,0.0,,0.0,0,0,0,0,0,0,0,0,0,0,0,0,0,0,0,0,0,0,0,0,0,0,0,False
Q96N16,626.0,1,1,583.0,583.0,0.9313099041533547,1,0,0,0,0,0,0,0,0,0,0,0,0,0,0,0,1,0,0,0,0,0,0,False
P61129,1189.0,3,5,513.0,102.6,0.4314550042052145,3+,0,0,1,0,1,0,0,0,1,0,1,0,0,1,0,1,0,0,0,0,0,0,False
C9JAB2,235.0,1,1,114.0,114.0,0.4851063829787234,1,0,0,1,0,0,0,0,0,0,0,0,0,0,0,0,0,0,0,0,0,1,0,False
O75923,2080.0,2,2,83.0,41.5,0.03990384615384615,2,0,0,0,0,1,0,1,0,0,0,0,1,0,0,0,0,0,0,0,0,0,0,False
B8ZZV5,101.0,0,0,0.0,,0.0,0,0,0,0,0,0,0,0,0,0,0,0,0,0,0,0,0,0,0,0,0,0,0,False
B8ZZK4,79.0,0,0,0.0,,0.0,0,0,0,0,0,0,0,0,0,0,0,0,0,0,0,0,0,0,0,0,0,0,0,False
B9A037,69.0,0,0,0.0,,0.0,0,0,0,0,0,0,0,0,0,0,0,0,0,0,0,0,0,0,0,0,0,0,0,False
E7ETU5,370.0,1,1,26.0,26.0,0.07027027027027027,1,0,0,1,0,0,0,0,0,0,0,0,0,0,0,0,0,0,0,0,1,0,0,False
Q8NDG6,1382.0,1,1,43.0,43.0,0.031114327062228653,1,0,0,0,0,1,0,0,0,0,0,0,1,0,0,0,0,0,0,0,0,0,0,False
F6XMP4,155.0,0,0,0.0,,0.0,0,0,0,0,0,0,0,0,0,0,0,0,0,0,0,0,0,0,0,0,0,0,0,False
P26639,723.0,0,0,0.0,,0.0,0,0,0,0,0,0,0,0,0,0,0,0,0,0,0,0,0,0,0,0,0,0,0,False
E7EX53,133.0,0,0,0.0,,0.0,0,0,0,0,0,0,0,0,0,0,0,0,0,0,0,0,0,0,0,0,0,0,0,False
E7EWR4,597.0,1,1,50.0,50.0,0.08375209380234507,1,0,0,0,0,1,0,0,0,1,0,0,0,0,0,0,0,0,0,0,0,0,0,False
Q2VPK5,515.0,2,2,38.0,19.0,0.07378640776699029,2,0,0,0,0,1,0,0,0,0,0,0,1,0,0,0,0,0,0,0,0,0,0,False
F6YDS7,81.0,0,0,0.0,,0.0,0,0,0,0,0,0,0,0,0,0,0,0,0,0,0,0,0,0,0,0,0,0,0,False
O95628,575.0,2,2,222.0,111.0,0.38608695652173913,2,0,0,1,0,1,0,0,0,1,1,0,0,0,0,0,0,0,0,0,0,0,0,False
F6XX82,94.0,0,0,0.0,,0.0,0,0,0,0,0,0,0,0,0,0,0,0,0,0,0,0,0,0,0,0,0,0,0,False
P62750,156.0,1,1,67.0,67.0,0.42948717948717946,1,0,1,0,0,0,0,1,0,0,0,0,0,0,0,0,0,0,0,0,0,0,0,False
P78346,268.0,0,0,0.0,,0.0,0,0,0,0,0,0,0,0,0,0,0,0,0,0,0,0,0,0,0,0,0,0,0,False
Q96QC0,940.0,3,4,463.0,115.75,0.4925531914893617,3+,0,0,1,0,1,0,0,0,0,0,1,1,0,1,0,0,0,0,1,0,0,0,False
C9JQX9,83.0,0,0,0.0,,0.0,0,0,0,0,0,0,0,0,0,0,0,0,0,0,0,0,0,0,0,0,0,0,0,False
Q96EH5,51.0,0,0,0.0,,0.0,0,0,0,0,0,0,0,0,0,0,0,0,0,0,0,0,0,0,0,0,0,0,0,False
Q7Z2W9,205.0,0,0,0.0,,0.0,0,0,0,0,0,0,0,0,0,0,0,0,0,0,0,0,0,0,0,0,0,0,0,False
H0Y450,441.0,0,0,0.0,,0.0,0,0,0,0,0,0,0,0,0,0,0,0,0,0,0,0,0,0,0,0,0,0,0,False
E7ENR5,236.0,0,0,0.0,,0.0,0,0,0,0,0,0,0,0,0,0,0,0,0,0,0,0,0,0,0,0,0,0,0,False
J3QT46,619.0,1,1,114.0,114.0,0.1841680129240711,1,0,0,1,0,0,0,0,0,0,0,1,0,0,0,0,0,0,0,0,0,0,0,False
Q7Z7A3,348.0,1,1,105.0,105.0,0.3017241379310345,1,0,0,0,0,0,0,0,0,0,0,1,0,0,0,0,0,0,0,0,0,0,0,False
Q8NB42,609.0,0,0,0.0,,0.0,0,0,0,0,0,0,0,0,0,0,0,0,0,0,0,0,0,0,0,0,0,0,0,False
C9JGP4,144.0,0,0,0.0,,0.0,0,0,0,0,0,0,0,0,0,0,0,0,0,0,0,0,0,0,0,0,0,0,0,False
Q9H3J6,166.0,1,1,36.0,36.0,0.21686746987951808,1,0,1,0,0,0,0,0,0,0,1,0,0,0,0,0,0,0,0,0,0,0,0,False
Q5T8Z2,184.0,0,0,0.0,,0.0,0,0,0,0,0,0,0,0,0,0,0,0,0,0,0,0,0,0,0,0,0,0,0,False
Q14576,367.0,0,0,0.0,,0.0,0,0,0,0,0,0,0,0,0,0,0,0,0,0,0,0,0,0,0,0,0,0,0,False
Q5SZ64,190.0,0,0,0.0,,0.0,0,0,0,0,0,0,0,0,0,0,0,0,0,0,0,0,0,0,0,0,0,0,0,False
O77932,396.0,0,0,0.0,,0.0,0,0,0,0,0,0,0,0,0,0,0,0,0,0,0,0,0,0,0,0,0,0,0,False
C9J323,145.0,1,1,18.0,18.0,0.12413793103448276,1,0,0,1,0,0,0,0,0,0,0,0,1,0,0,0,0,0,0,0,0,0,0,False
Q96LT9,517.0,2,2,71.0,35.5,0.13733075435203096,2,0,0,0,1,0,1,0,0,1,0,0,0,0,0,0,0,0,0,0,0,0,0,False
C9J2Y9,1167.0,0,0,0.0,,0.0,0,0,0,0,0,0,0,0,0,0,0,0,0,0,0,0,0,0,0,0,0,0,0,False
P27824,592.0,3,3,175.0,58.333333333333336,0.2956081081081081,3+,1,0,1,0,1,1,0,0,0,0,0,0,0,0,0,0,0,0,0,0,0,0,False
Q16630,551.0,3,4,381.0,95.25,0.691470054446461,3+,0,0,1,0,1,0,0,0,0,0,1,0,0,1,0,0,0,0,0,0,1,0,False
H7BZW6,143.0,0,0,0.0,,0.0,0,0,0,0,0,0,0,0,0,0,0,0,0,0,0,0,0,0,0,0,0,0,0,False
C9J9B2,264.0,1,1,24.0,24.0,0.09090909090909091,1,0,0,1,0,0,0,0,0,0,0,0,1,0,0,0,0,0,0,0,0,0,0,False
Q15072,292.0,0,0,0.0,,0.0,0,0,0,0,0,0,0,0,0,0,0,0,0,0,0,0,0,0,0,0,0,0,0,False
Q9Y3F4,350.0,0,0,0.0,,0.0,0,0,0,0,0,0,0,0,0,0,0,0,0,0,0,0,0,0,0,0,0,0,0,False
Q9UI43,246.0,0,0,0.0,,0.0,0,0,0,0,0,0,0,0,0,0,0,0,0,0,0,0,0,0,0,0,0,0,0,False
O00571,662.0,2,2,192.0,96.0,0.29003021148036257,2,0,0,1,0,1,0,0,0,0,0,0,0,0,0,0,0,0,0,1,0,1,0,False
Q5TA45,600.0,0,0,0.0,,0.0,0,0,0,0,0,0,0,0,0,0,0,0,0,0,0,0,0,0,0,0,0,0,0,False
P52434,150.0,0,0,0.0,,0.0,0,0,0,0,0,0,0,0,0,0,0,0,0,0,0,0,0,0,0,0,0,0,0,False
Q5GAN6,216.0,0,0,0.0,,0.0,0,0,0,0,0,0,0,0,0,0,0,0,0,0,0,0,0,0,0,0,0,0,0,False
P0CF97,657.0,0,0,0.0,,0.0,0,0,0,0,0,0,0,0,0,0,0,0,0,0,0,0,0,0,0,0,0,0,0,False
X6RDA4,248.0,1,1,35.0,35.0,0.14112903225806453,1,0,0,1,0,0,0,0,0,0,0,0,1,0,0,0,0,0,0,0,0,0,0,False
Q96P11,429.0,0,0,0.0,,0.0,0,0,0,0,0,0,0,0,0,0,0,0,0,0,0,0,0,0,0,0,0,0,0,False
Q00839,825.0,3,5,276.0,55.2,0.33454545454545453,3+,0,0,1,0,1,1,0,0,0,1,0,1,0,0,0,0,0,0,1,0,0,0,False
P31944,242.0,0,0,0.0,,0.0,0,0,0,0,0,0,0,0,0,0,0,0,0,0,0,0,0,0,0,0,0,0,0,False
Q15366,365.0,0,0,0.0,,0.0,0,0,0,0,0,0,0,0,0,0,0,0,0,0,0,0,0,0,0,0,0,0,0,False
Q96I27,306.0,0,0,0.0,,0.0,0,0,0,0,0,0,0,0,0,0,0,0,0,0,0,0,0,0,0,0,0,0,0,False
Q9UI10,523.0,1,1,94.0,94.0,0.17973231357552583,1,0,0,0,0,1,0,0,0,0,1,0,0,0,0,0,0,0,0,0,0,0,0,False
B1APK8,227.0,0,0,0.0,,0.0,0,0,0,0,0,0,0,0,0,0,0,0,0,0,0,0,0,0,0,0,0,0,0,False
Q7L2E3,1194.0,1,1,13.0,13.0,0.010887772194304857,1,0,0,0,1,0,1,0,0,0,0,0,0,0,0,0,0,0,0,0,0,0,0,False
Q01085,375.0,1,1,14.0,14.0,0.037333333333333336,1,0,0,0,0,1,0,0,0,0,0,0,1,0,0,0,0,0,0,0,0,0,0,False
P57723,403.0,1,1,58.0,58.0,0.14392059553349876,1,0,0,1,0,0,0,0,0,0,0,1,0,0,0,0,0,0,0,0,0,0,0,False
X6RDS5,153.0,0,0,0.0,,0.0,0,0,0,0,0,0,0,0,0,0,0,0,0,0,0,0,0,0,0,0,0,0,0,False
Q6R2W3,1325.0,1,1,77.0,77.0,0.05811320754716981,1,0,0,0,0,1,1,0,0,0,0,0,0,0,0,0,0,0,0,0,0,0,0,False
C9JCE0,148.0,1,1,64.0,64.0,0.43243243243243246,1,0,0,0,0,0,0,0,0,0,0,0,0,0,1,0,0,0,0,0,0,0,0,False
A2IDC7,194.0,0,0,0.0,,0.0,0,0,0,0,0,0,0,0,0,0,0,0,0,0,0,0,0,0,0,0,0,0,0,False
H0Y503,135.0,0,0,0.0,,0.0,0,0,0,0,0,0,0,0,0,0,0,0,0,0,0,0,0,0,0,0,0,0,0,False
H7C0T8,184.0,0,0,0.0,,0.0,0,0,0,0,0,0,0,0,0,0,0,0,0,0,0,0,0,0,0,0,0,0,0,False
Q8IY81,847.0,2,2,454.0,227.0,0.5360094451003542,2,0,0,0,0,1,1,1,0,0,0,0,0,0,0,0,0,0,0,0,0,0,0,False
Q15637,639.0,1,1,314.0,314.0,0.49139280125195617,1,0,0,1,0,0,0,0,0,0,0,1,0,0,0,0,0,0,0,0,0,0,0,False
Q8NDF8,572.0,2,2,188.0,94.0,0.32867132867132864,2,0,0,0,0,1,0,0,0,0,0,1,0,0,0,0,0,0,0,0,0,0,0,False
O14787,897.0,1,1,17.0,17.0,0.0189520624303233,1,0,0,0,0,1,1,0,0,0,0,0,0,0,0,0,0,0,0,0,0,0,0,False
Q5VVQ1,163.0,0,0,0.0,,0.0,0,0,0,0,0,0,0,0,0,0,0,0,0,0,0,0,0,0,0,0,0,0,0,False
A0A7P0N5L0,480.0,1,1,73.0,73.0,0.15208333333333332,1,0,0,0,0,1,1,0,0,0,0,0,0,0,0,0,0,0,0,0,0,0,0,False
Q6PIY7,484.0,0,0,0.0,,0.0,0,0,0,0,0,0,0,0,0,0,0,0,0,0,0,0,0,0,0,0,0,0,0,False
P21128,410.0,0,0,0.0,,0.0,0,0,0,0,0,0,0,0,0,0,0,0,0,0,0,0,0,0,0,0,0,0,0,False
F2Z2G3,333.0,0,0,0.0,,0.0,0,0,0,0,0,0,0,0,0,0,0,0,0,0,0,0,0,0,0,0,0,0,0,False
Q49AG3,693.0,0,0,0.0,,0.0,0,0,0,0,0,0,0,0,0,0,0,0,0,0,0,0,0,0,0,0,0,0,0,False
E7EV40,204.0,1,1,60.0,60.0,0.29411764705882354,1,0,0,1,0,0,0,0,0,0,0,0,1,0,0,0,0,0,0,0,0,0,0,False
Q8NE35,698.0,3,3,314.0,104.66666666666667,0.4498567335243553,3+,0,0,0,0,1,0,0,0,0,0,1,1,0,0,0,0,0,0,0,0,0,0,False
Q9H3H3,292.0,0,0,0.0,,0.0,0,0,0,0,0,0,0,0,0,0,0,0,0,0,0,0,0,0,0,0,0,0,0,False
Q14240,407.0,0,0,0.0,,0.0,0,0,0,0,0,0,0,0,0,0,0,0,0,0,0,0,0,0,0,0,0,0,0,False
E7ETU7,375.0,0,0,0.0,,0.0,0,0,0,0,0,0,0,0,0,0,0,0,0,0,0,0,0,0,0,0,0,0,0,False
Q5RKV6,272.0,1,1,134.0,134.0,0.49264705882352944,1,0,1,0,0,0,0,0,0,0,0,1,0,0,0,0,0,0,0,0,0,0,0,False
Q5VVC8,167.0,0,0,0.0,,0.0,0,0,0,0,0,0,0,0,0,0,0,0,0,0,0,0,0,0,0,0,0,0,0,False
F5H702,113.0,0,0,0.0,,0.0,0,0,0,0,0,0,0,0,0,0,0,0,0,0,0,0,0,0,0,0,0,0,0,False
P0C7P1,496.0,1,1,451.0,451.0,0.9092741935483871,1,0,1,0,0,0,0,0,0,0,0,0,0,0,0,0,0,0,0,1,0,0,0,False
F6QDS0,479.0,0,0,0.0,,0.0,0,0,0,0,0,0,0,0,0,0,0,0,0,0,0,0,0,0,0,0,0,0,0,False
H7C1D4,185.0,0,0,0.0,,0.0,0,0,0,0,0,0,0,0,0,0,0,0,0,0,0,0,0,0,0,0,0,0,0,False
Q9HCE1,1003.0,0,0,0.0,,0.0,0,0,0,0,0,0,0,0,0,0,0,0,0,0,0,0,0,0,0,0,0,0,0,False
Q9H9A5,744.0,2,2,233.0,116.5,0.3131720430107527,2,0,0,0,0,0,0,0,0,0,0,1,0,0,0,0,0,0,0,0,0,0,1,False
P26378,385.0,0,0,0.0,,0.0,0,0,0,0,0,0,0,0,0,0,0,0,0,0,0,0,0,0,0,0,0,0,0,False
A0A087WXN2,151.0,0,0,0.0,,0.0,0,0,0,0,0,0,0,0,0,0,0,0,0,0,0,0,0,0,0,0,0,0,0,False
P32969,192.0,0,0,0.0,,0.0,0,0,0,0,0,0,0,0,0,0,0,0,0,0,0,0,0,0,0,0,0,0,0,False
Q53R41,847.0,0,0,0.0,,0.0,0,0,0,0,0,0,0,0,0,0,0,0,0,0,0,0,0,0,0,0,0,0,0,False
P62304,92.0,0,0,0.0,,0.0,0,0,0,0,0,0,0,0,0,0,0,0,0,0,0,0,0,0,0,0,0,0,0,False
Q8TCS8,783.0,0,0,0.0,,0.0,0,0,0,0,0,0,0,0,0,0,0,0,0,0,0,0,0,0,0,0,0,0,0,False
Q9BTE6,412.0,0,0,0.0,,0.0,0,0,0,0,0,0,0,0,0,0,0,0,0,0,0,0,0,0,0,0,0,0,0,False
E7ERQ6,390.0,0,0,0.0,,0.0,0,0,0,0,0,0,0,0,0,0,0,0,0,0,0,0,0,0,0,0,0,0,0,False
Q76FK4,1167.0,2,2,986.0,493.0,0.8449014567266495,2,0,0,0,0,1,0,0,0,1,0,0,0,0,0,0,1,0,0,0,0,0,0,False
C9JZ88,88.0,0,0,0.0,,0.0,0,0,0,0,0,0,0,0,0,0,0,0,0,0,0,0,0,0,0,0,0,0,0,False
E9PE17,129.0,0,0,0.0,,0.0,0,0,0,0,0,0,0,0,0,0,0,0,0,0,0,0,0,0,0,0,0,0,0,False
A0A0A0MSS9,486.0,0,0,0.0,,0.0,0,0,0,0,0,0,0,0,0,0,0,0,0,0,0,0,0,0,0,0,0,0,0,False
O75460,977.0,2,2,80.0,40.0,0.08188331627430911,2,0,0,0,0,1,0,0,0,1,0,0,1,0,0,0,0,0,0,0,0,0,0,False
D4PHA4,493.0,3,3,283.0,94.33333333333333,0.5740365111561866,3+,0,1,0,0,1,1,0,0,0,0,0,0,0,0,0,1,0,0,0,0,0,0,False
Q8WW01,171.0,1,1,19.0,19.0,0.1111111111111111,1,0,0,1,0,0,0,0,0,0,0,0,1,0,0,0,0,0,0,0,0,0,0,False
F6S9K0,191.0,0,0,0.0,,0.0,0,0,0,0,0,0,0,0,0,0,0,0,0,0,0,0,0,0,0,0,0,0,0,False
Q9H7B2,306.0,1,1,70.0,70.0,0.22875816993464052,1,0,0,1,0,0,0,0,0,0,1,0,0,0,0,0,0,0,0,0,0,0,0,False
Q96Q15,3661.0,2,2,262.0,131.0,0.07156514613493581,2,0,0,0,0,0,0,0,0,1,0,1,0,0,0,0,0,0,0,0,0,0,0,False
Q9BRX9,315.0,0,0,0.0,,0.0,0,0,0,0,0,0,0,0,0,0,0,0,0,0,0,0,0,0,0,0,0,0,0,False
Q9Y676,258.0,0,0,0.0,,0.0,0,0,0,0,0,0,0,0,0,0,0,0,0,0,0,0,0,0,0,0,0,0,0,False
Q02878,288.0,1,1,84.0,84.0,0.2916666666666667,1,0,1,0,0,0,0,0,0,0,1,0,0,0,0,0,0,0,0,0,0,0,0,False
P62269,152.0,0,0,0.0,,0.0,0,0,0,0,0,0,0,0,0,0,0,0,0,0,0,0,0,0,0,0,0,0,0,False
B1AHC9,559.0,0,0,0.0,,0.0,0,0,0,0,0,0,0,0,0,0,0,0,0,0,0,0,0,0,0,0,0,0,0,False
C9JIZ0,75.0,0,0,0.0,,0.0,0,0,0,0,0,0,0,0,0,0,0,0,0,0,0,0,0,0,0,0,0,0,0,False
P61218,127.0,1,1,34.0,34.0,0.2677165354330709,1,0,0,1,0,0,1,0,0,0,0,0,0,0,0,0,0,0,0,0,0,0,0,False
Q96K58,619.0,0,0,0.0,,0.0,0,0,0,0,0,0,0,0,0,0,0,0,0,0,0,0,0,0,0,0,0,0,0,False
H0Y6A1,361.0,0,0,0.0,,0.0,0,0,0,0,0,0,0,0,0,0,0,0,0,0,0,0,0,0,0,0,0,0,0,False
A0A0A0MSV7,84.0,0,0,0.0,,0.0,0,0,0,0,0,0,0,0,0,0,0,0,0,0,0,0,0,0,0,0,0,0,0,False
P79522,188.0,1,1,69.0,69.0,0.3670212765957447,1,0,0,0,0,1,0,0,0,0,0,1,0,0,0,0,0,0,0,0,0,0,0,False
H7C2C3,144.0,0,0,0.0,,0.0,0,0,0,0,0,0,0,0,0,0,0,0,0,0,0,0,0,0,0,0,0,0,0,False
P78316,857.0,2,2,410.0,205.0,0.47841306884480744,2,1,1,0,0,0,0,1,0,0,0,1,0,0,0,0,0,0,0,0,0,0,0,False
Q6P158,1386.0,1,1,42.0,42.0,0.030303030303030304,1,0,0,0,0,1,0,0,0,0,0,0,0,0,1,0,0,0,0,0,0,0,0,False
H0Y6E7,292.0,3,3,66.0,22.0,0.22602739726027396,3+,0,0,0,1,0,0,0,0,0,0,0,1,0,0,0,0,0,0,1,0,0,0,False
Q9UMY1,257.0,2,2,334.0,167.0,1.2996108949416343,2,0,1,1,0,0,0,0,0,0,1,1,0,0,0,0,0,0,0,0,0,0,0,False
Q96EG3,531.0,0,0,0.0,,0.0,0,0,0,0,0,0,0,0,0,0,0,0,0,0,0,0,0,0,0,0,0,0,0,False
Q6NXG1,681.0,0,0,0.0,,0.0,0,0,0,0,0,0,0,0,0,0,0,0,0,0,0,0,0,0,0,0,0,0,0,False
H7C2G5,117.0,0,0,0.0,,0.0,0,0,0,0,0,0,0,0,0,0,0,0,0,0,0,0,0,0,0,0,0,0,0,False
J3KQ82,459.0,1,1,414.0,414.0,0.9019607843137255,1,0,1,0,0,0,0,0,0,0,0,0,0,0,0,0,0,0,0,0,0,1,0,False
Q7L775,607.0,0,0,0.0,,0.0,0,0,0,0,0,0,0,0,0,0,0,0,0,0,0,0,0,0,0,0,0,0,0,False
Q9H7Z6,458.0,1,1,46.0,46.0,0.10043668122270742,1,0,0,1,0,0,0,0,0,0,0,0,1,0,0,0,0,0,0,0,0,0,0,False
Q8NAT2,981.0,1,1,153.0,153.0,0.1559633027522936,1,0,0,0,0,1,0,0,0,0,0,1,0,0,0,0,0,0,0,0,0,0,0,False
A0A0G2JJZ9,328.0,0,0,0.0,,0.0,0,0,0,0,0,0,0,0,0,0,0,0,0,0,0,0,0,0,0,0,0,0,0,False
P41252,1262.0,0,0,0.0,,0.0,0,0,0,0,0,0,0,0,0,0,0,0,0,0,0,0,0,0,0,0,0,0,0,False
C9J0L0,50.0,0,0,0.0,,0.0,0,0,0,0,0,0,0,0,0,0,0,0,0,0,0,0,0,0,0,0,0,0,0,False
A0A0A0MSN9,333.0,2,2,170.0,85.0,0.5105105105105106,2,0,0,1,0,1,0,0,0,0,0,1,0,0,0,0,0,0,0,0,0,1,0,False
O75534,798.0,0,0,0.0,,0.0,0,0,0,0,0,0,0,0,0,0,0,0,0,0,0,0,0,0,0,0,0,0,0,False
P15170,499.0,1,1,55.0,55.0,0.11022044088176353,1,0,0,1,0,0,1,0,0,0,0,0,0,0,0,0,0,0,0,0,0,0,0,False
P51991,378.0,1,1,167.0,167.0,0.4417989417989418,1,0,0,1,0,0,0,0,0,0,0,0,0,0,0,0,0,0,0,1,0,0,0,False
A6NDY0,278.0,1,1,84.0,84.0,0.302158273381295,1,0,0,1,0,0,1,0,0,0,0,0,0,0,0,0,0,0,0,0,0,0,0,False
Q9H633,154.0,0,0,0.0,,0.0,0,0,0,0,0,0,0,0,0,0,0,0,0,0,0,0,0,0,0,0,0,0,0,False
Q96H35,190.0,0,0,0.0,,0.0,0,0,0,0,0,0,0,0,0,0,0,0,0,0,0,0,0,0,0,0,0,0,0,False
E7EUN9,458.0,0,0,0.0,,0.0,0,0,0,0,0,0,0,0,0,0,0,0,0,0,0,0,0,0,0,0,0,0,0,False
A0A7I2XXS4,543.0,0,0,0.0,,0.0,0,0,0,0,0,0,0,0,0,0,0,0,0,0,0,0,0,0,0,0,0,0,0,False
Q13428,1488.0,1,1,1434.0,1434.0,0.9637096774193549,1,0,0,0,0,0,0,0,0,0,0,0,0,0,1,0,0,0,0,0,0,0,0,False
E7ESC6,1088.0,0,0,0.0,,0.0,0,0,0,0,0,0,0,0,0,0,0,0,0,0,0,0,0,0,0,0,0,0,0,False
Q9BQ75,279.0,1,1,55.0,55.0,0.1971326164874552,1,0,1,0,0,0,0,0,0,0,1,0,0,0,0,0,0,0,0,0,0,0,0,False
Q9P1Y6,1649.0,3,5,1217.0,243.4,0.7380230442692541,3+,0,0,0,0,0,0,0,0,1,1,0,0,0,1,0,0,0,0,0,0,1,0,False
P62633,177.0,0,0,0.0,,0.0,0,0,0,0,0,0,0,0,0,0,0,0,0,0,0,0,0,0,0,0,0,0,0,False
P08865,295.0,0,0,0.0,,0.0,0,0,0,0,0,0,0,0,0,0,0,0,0,0,0,0,0,0,0,0,0,0,0,False
Q6ZMS7,546.0,0,0,0.0,,0.0,0,0,0,0,0,0,0,0,0,0,0,0,0,0,0,0,0,0,0,0,0,0,0,False
Q5QJE6,756.0,2,2,730.0,365.0,0.9656084656084656,2,0,1,0,0,1,0,0,0,0,1,0,0,0,1,0,0,0,0,0,0,0,0,False
F6VEC6,435.0,0,0,0.0,,0.0,0,0,0,0,0,0,0,0,0,0,0,0,0,0,0,0,0,0,0,0,0,0,0,False
Q8IYT2,770.0,0,0,0.0,,0.0,0,0,0,0,0,0,0,0,0,0,0,0,0,0,0,0,0,0,0,0,0,0,0,False
X6RJ73,173.0,0,0,0.0,,0.0,0,0,0,0,0,0,0,0,0,0,0,0,0,0,0,0,0,0,0,0,0,0,0,False
Q8TCP9,573.0,0,0,0.0,,0.0,0,0,0,0,0,0,0,0,0,0,0,0,0,0,0,0,0,0,0,0,0,0,0,False
C9J847,114.0,0,0,0.0,,0.0,0,0,0,0,0,0,0,0,0,0,0,0,0,0,0,0,0,0,0,0,0,0,0,False
Q13601,381.0,1,1,157.0,157.0,0.4120734908136483,1,0,0,0,0,0,0,0,0,0,1,0,0,0,0,0,0,0,0,0,0,0,0,False
Q9HBD1,1191.0,2,2,201.0,100.5,0.16876574307304787,2,0,0,1,0,1,0,0,0,1,0,0,0,0,0,0,0,0,0,0,0,0,1,False
Q5VZU3,215.0,0,0,0.0,,0.0,0,0,0,0,0,0,0,0,0,0,0,0,0,0,0,0,0,0,0,0,0,0,0,False
C9J1C5,52.0,0,0,0.0,,0.0,0,0,0,0,0,0,0,0,0,0,0,0,0,0,0,0,0,0,0,0,0,0,0,False
Q15477,1246.0,0,0,0.0,,0.0,0,0,0,0,0,0,0,0,0,0,0,0,0,0,0,0,0,0,0,0,0,0,0,False
Q8NE71,845.0,2,2,374.0,187.0,0.44260355029585796,2,0,0,0,0,0,0,0,0,0,1,0,0,0,0,0,1,0,0,0,0,0,0,False
C9JVJ0,101.0,0,0,0.0,,0.0,0,0,0,0,0,0,0,0,0,0,0,0,0,0,0,0,0,0,0,0,0,0,0,False
E9PHM2,860.0,0,0,0.0,,0.0,0,0,0,0,0,0,0,0,0,0,0,0,0,0,0,0,0,0,0,0,0,0,0,False
O95059,124.0,0,0,0.0,,0.0,0,0,0,0,0,0,0,0,0,0,0,0,0,0,0,0,0,0,0,0,0,0,0,False
Q5CZA5,627.0,0,0,0.0,,0.0,0,0,0,0,0,0,0,0,0,0,0,0,0,0,0,0,0,0,0,0,0,0,0,False
X6RJY0,320.0,1,1,308.0,308.0,0.9625,1,0,1,0,0,0,0,0,0,0,0,0,0,0,0,0,1,0,0,0,0,0,0,False
F8VVL1,160.0,1,1,38.0,38.0,0.2375,1,0,1,0,0,0,0,0,0,0,1,0,0,0,0,0,0,0,0,0,0,0,0,False
Q9Y333,95.0,0,0,0.0,,0.0,0,0,0,0,0,0,0,0,0,0,0,0,0,0,0,0,0,0,0,0,0,0,0,False
Q5T7F5,372.0,1,1,68.0,68.0,0.1827956989247312,1,0,1,0,0,0,0,0,0,1,0,0,0,0,0,0,0,0,0,0,0,0,0,False
Q9H0H0,1196.0,0,0,0.0,,0.0,0,0,0,0,0,0,0,0,0,0,0,0,0,0,0,0,0,0,0,0,0,0,0,False
Q8WXF0,261.0,1,1,164.0,164.0,0.6283524904214559,1,0,0,1,0,0,0,0,0,0,0,0,0,0,0,0,0,0,0,0,0,1,0,False
Q9NWK9,470.0,1,1,105.0,105.0,0.22340425531914893,1,0,0,0,0,0,1,0,0,0,0,0,0,0,0,0,0,0,0,0,0,0,0,True
P25786,263.0,0,0,0.0,,0.0,0,0,0,0,0,0,0,0,0,0,0,0,0,0,0,0,0,0,0,0,0,0,0,False
F6TAI2,324.0,1,1,95.0,95.0,0.2932098765432099,1,0,0,0,0,1,0,0,0,1,0,0,0,0,0,0,0,0,0,0,0,0,0,False
Q8WUQ7,758.0,2,2,334.0,167.0,0.44063324538258575,2,0,0,0,0,0,0,0,0,0,0,0,0,0,0,0,1,0,0,0,0,1,0,False
Q9Y3B7,192.0,0,0,0.0,,0.0,0,0,0,0,0,0,0,0,0,0,0,0,0,0,0,0,0,0,0,0,0,0,0,False
Q96CB8,462.0,2,2,309.0,154.5,0.6688311688311688,2,0,0,0,0,0,0,0,0,0,0,0,0,0,1,0,1,0,0,0,0,0,0,False
E7ETK0,131.0,1,1,49.0,49.0,0.37404580152671757,1,0,1,0,0,0,0,1,0,0,0,0,0,0,0,0,0,0,0,0,0,0,0,False
P0C7T5,689.0,0,0,0.0,,0.0,0,0,0,0,0,0,0,0,0,0,0,0,0,0,0,0,0,0,0,0,0,0,0,False
Q96BT7,664.0,0,0,0.0,,0.0,0,0,0,0,0,0,0,0,0,0,0,0,0,0,0,0,0,0,0,0,0,0,0,False
Q5QPL9,237.0,1,1,33.0,33.0,0.13924050632911392,1,0,0,0,0,1,0,0,0,0,0,0,0,0,1,0,0,0,0,0,0,0,0,False
Q587J7,1177.0,0,0,0.0,,0.0,0,0,0,0,0,0,0,0,0,0,0,0,0,0,0,0,0,0,0,0,0,0,0,False
P54253,815.0,2,2,56.0,28.0,0.0687116564417178,2,0,0,0,0,1,0,0,0,1,0,0,0,0,0,0,0,0,0,0,0,0,0,False
Q9UHC7,482.0,2,2,55.0,27.5,0.11410788381742738,2,0,0,1,0,0,0,0,0,0,0,0,1,0,1,0,0,0,0,0,0,0,0,False
A0A0C4DG89,1032.0,3,3,460.0,153.33333333333334,0.44573643410852715,3+,0,0,1,0,1,1,0,0,0,0,1,0,0,0,0,0,0,0,0,0,1,0,False
C9JE40,543.0,2,2,126.0,63.0,0.23204419889502761,2,0,0,0,0,0,1,0,0,1,0,0,0,0,0,0,0,0,0,0,0,0,0,False
Q5JW28,199.0,0,0,0.0,,0.0,0,0,0,0,0,0,0,0,0,0,0,0,0,0,0,0,0,0,0,0,0,0,0,False
B0QY89,607.0,0,0,0.0,,0.0,0,0,0,0,0,0,0,0,0,0,0,0,0,0,0,0,0,0,0,0,0,0,0,False
Q9H2U1,1008.0,2,2,185.0,92.5,0.18353174603174602,2,0,0,1,0,1,0,0,0,0,0,1,0,0,0,0,1,0,0,0,0,0,0,False
H7C4E7,151.0,0,0,0.0,,0.0,0,0,0,0,0,0,0,0,0,0,0,0,0,0,0,0,0,0,0,0,0,0,0,False
C9J4W5,115.0,0,0,0.0,,0.0,0,0,0,0,0,0,0,0,0,0,0,0,0,0,0,0,0,0,0,0,0,0,0,False
Q9BWE0,567.0,1,1,48.0,48.0,0.08465608465608465,1,0,0,0,1,0,0,0,0,0,0,0,1,0,0,0,0,0,0,0,0,0,0,False
F8WAS2,213.0,0,0,0.0,,0.0,0,0,0,0,0,0,0,0,0,0,0,0,0,0,0,0,0,0,0,0,0,0,0,False
Q8N7X1,1067.0,1,1,680.0,680.0,0.6373008434864105,1,0,0,0,0,1,0,0,0,0,0,0,0,0,0,0,0,0,0,0,0,1,0,False
Q6PI26,577.0,1,1,100.0,100.0,0.1733102253032929,1,0,0,1,0,0,0,0,0,0,0,1,0,0,0,0,0,0,0,0,0,0,0,False
P56182,461.0,2,2,174.0,87.0,0.3774403470715835,2,1,0,1,0,0,1,0,0,0,0,0,0,0,0,0,0,0,0,1,0,0,0,False
Q86TG7,708.0,3,3,119.0,39.666666666666664,0.16807909604519775,3+,0,0,0,0,0,1,0,0,0,0,0,1,0,0,0,0,0,0,0,0,0,0,False
H0Y863,132.0,0,0,0.0,,0.0,0,0,0,0,0,0,0,0,0,0,0,0,0,0,0,0,0,0,0,0,0,0,0,False
Q96EK7,910.0,1,1,176.0,176.0,0.1934065934065934,1,0,0,0,0,0,0,0,0,0,0,1,0,0,0,0,0,0,0,0,0,0,0,False
C9J7E5,957.0,0,0,0.0,,0.0,0,0,0,0,0,0,0,0,0,0,0,0,0,0,0,0,0,0,0,0,0,0,0,False
C9J6P4,1024.0,1,1,414.0,414.0,0.404296875,1,0,0,0,0,1,0,0,0,0,0,1,0,0,0,0,0,0,0,0,0,0,0,False
Q8IZH2,1706.0,3,3,137.0,45.666666666666664,0.08030480656506447,3+,0,0,0,0,1,0,0,0,1,0,1,1,0,0,0,0,0,0,0,0,0,0,False
O15042,1029.0,3,5,706.0,141.2,0.6861030126336248,3+,0,1,1,1,1,1,0,0,1,0,1,0,0,0,0,0,0,0,0,0,1,0,False
Q99497,189.0,0,0,0.0,,0.0,0,0,0,0,0,0,0,0,0,0,0,0,0,0,0,0,0,0,0,0,0,0,0,False
Q9C0B1,505.0,0,0,0.0,,0.0,0,0,0,0,0,0,0,0,0,0,0,0,0,0,0,0,0,0,0,0,0,0,0,False
C9J0B9,218.0,0,0,0.0,,0.0,0,0,0,0,0,0,0,0,0,0,0,0,0,0,0,0,0,0,0,0,0,0,0,False
P38398,1863.0,1,1,1550.0,1550.0,0.8319914117015567,1,0,0,0,0,0,0,0,0,0,0,0,0,0,1,0,0,0,0,0,0,0,0,False
C9JYQ9,121.0,0,0,0.0,,0.0,0,0,0,0,0,0,0,0,0,0,0,0,0,0,0,0,0,0,0,0,0,0,0,False
Q5RL73,367.0,0,0,0.0,,0.0,0,0,0,0,0,0,0,0,0,0,0,0,0,0,0,0,0,0,0,0,0,0,0,False
Q5T7N2,865.0,2,2,491.0,245.5,0.5676300578034682,2,0,1,0,0,1,1,0,0,0,0,0,0,0,1,0,0,0,0,0,0,0,0,False
H7C5K7,360.0,0,0,0.0,,0.0,0,0,0,0,0,0,0,0,0,0,0,0,0,0,0,0,0,0,0,0,0,0,0,False
H7C5L9,329.0,0,0,0.0,,0.0,0,0,0,0,0,0,0,0,0,0,0,0,0,0,0,0,0,0,0,0,0,0,0,False
Q8TAS1,419.0,0,0,0.0,,0.0,0,0,0,0,0,0,0,0,0,0,0,0,0,0,0,0,0,0,0,0,0,0,0,False
Q13769,683.0,0,0,0.0,,0.0,0,0,0,0,0,0,0,0,0,0,0,0,0,0,0,0,0,0,0,0,0,0,0,False
C9JP00,348.0,1,1,36.0,36.0,0.10344827586206896,1,0,0,1,0,0,0,0,0,0,0,0,1,0,0,0,0,0,0,0,0,0,0,False
Q00059,246.0,1,1,190.0,190.0,0.7723577235772358,1,0,0,0,0,0,0,0,0,1,0,0,0,0,0,0,0,0,0,0,0,0,0,False
Q969Z0,631.0,0,0,0.0,,0.0,0,0,0,0,0,0,0,0,0,0,0,0,0,0,0,0,0,0,0,0,0,0,0,False
E9PFF5,490.0,1,1,155.0,155.0,0.3163265306122449,1,0,1,0,0,0,0,0,0,0,0,0,0,0,0,0,0,0,0,1,0,0,0,False
P47914,159.0,1,1,134.0,134.0,0.8427672955974843,1,0,1,0,0,0,0,0,0,0,1,0,0,0,0,0,0,0,0,0,0,0,0,False
O60783,128.0,0,0,0.0,,0.0,0,0,0,0,0,0,0,0,0,0,0,0,0,0,0,0,0,0,0,0,0,0,0,False
P62945,25.0,1,1,24.0,24.0,0.96,1,0,1,0,0,0,0,1,0,0,0,0,0,0,0,0,0,0,0,0,0,0,0,False
Q08J23,767.0,0,0,0.0,,0.0,0,0,0,0,0,0,0,0,0,0,0,0,0,0,0,0,0,0,0,0,0,0,0,False
E9PB61,264.0,2,2,84.0,42.0,0.3181818181818182,2,0,0,1,0,0,0,0,0,0,0,0,0,0,0,0,0,0,0,1,0,0,0,False
H0Y8P4,545.0,0,0,0.0,,0.0,0,0,0,0,0,0,0,0,0,0,0,0,0,0,0,0,0,0,0,0,0,0,0,False
Q499Z4,452.0,0,0,0.0,,0.0,0,0,0,0,0,0,0,0,0,0,0,0,0,0,0,0,0,0,0,0,0,0,0,False
E7ET15,1028.0,3,5,706.0,141.2,0.6867704280155642,3+,0,1,1,1,1,1,0,0,1,0,1,0,0,0,0,0,0,0,0,0,1,0,False
H0Y8X3,171.0,0,0,0.0,,0.0,0,0,0,0,0,0,0,0,0,0,0,0,0,0,0,0,0,0,0,0,0,0,0,False
Q5H9U9,1706.0,1,1,25.0,25.0,0.014654161781946073,1,0,0,0,1,0,0,1,0,0,0,0,0,0,0,0,0,0,0,0,0,0,0,False
Q4G0J3,582.0,2,2,274.0,137.0,0.47079037800687284,2,0,0,1,1,0,0,0,0,0,0,1,0,0,0,0,1,0,0,0,0,0,0,False
D6R9X9,74.0,0,0,0.0,,0.0,0,0,0,0,0,0,0,0,0,0,0,0,0,0,0,0,0,0,0,0,0,0,0,False
D6R9W6,518.0,2,2,166.0,83.0,0.3204633204633205,2,0,0,1,0,0,0,0,0,0,0,0,1,0,0,0,0,0,0,1,0,0,0,False
F6VAP0,555.0,1,1,95.0,95.0,0.17117117117117117,1,0,0,0,0,1,0,0,0,1,0,0,0,0,0,0,0,0,0,0,0,0,0,False
A0A0B4J203,849.0,2,2,105.0,52.5,0.12367491166077739,2,0,0,1,0,1,1,0,0,0,0,1,0,0,0,0,0,0,0,0,0,0,0,False
D6R954,199.0,1,1,78.0,78.0,0.39195979899497485,1,0,0,0,0,0,0,1,0,0,0,0,0,0,0,0,0,0,0,0,0,0,0,False
H0Y9C1,435.0,0,0,0.0,,0.0,0,0,0,0,0,0,0,0,0,0,0,0,0,0,0,0,0,0,0,0,0,0,0,False
D6RCB9,135.0,0,0,0.0,,0.0,0,0,0,0,0,0,0,0,0,0,0,0,0,0,0,0,0,0,0,0,0,0,0,False
Q9BTF0,503.0,1,1,88.0,88.0,0.1749502982107356,1,0,1,0,0,0,0,0,0,0,0,1,0,0,0,0,0,0,0,0,0,0,0,False
Q9NP92,439.0,1,1,17.0,17.0,0.0387243735763098,1,1,0,0,0,0,1,0,0,0,0,0,0,0,0,0,0,0,0,0,0,0,0,False
O43660,514.0,0,0,0.0,,0.0,0,0,0,0,0,0,0,0,0,0,0,0,0,0,0,0,0,0,0,0,0,0,0,False
Q8NI36,895.0,0,0,0.0,,0.0,0,0,0,0,0,0,0,0,0,0,0,0,0,0,0,0,0,0,0,0,0,0,0,False
Q9NQI0,724.0,1,1,215.0,215.0,0.2969613259668508,1,0,0,0,0,1,0,0,0,0,0,0,0,0,0,0,0,0,0,1,0,0,0,False
P09132,144.0,0,0,0.0,,0.0,0,0,0,0,0,0,0,0,0,0,0,0,0,0,0,0,0,0,0,0,0,0,0,False
Q99729,332.0,1,1,84.0,84.0,0.25301204819277107,1,0,0,1,0,0,0,0,0,0,0,0,0,0,0,0,0,0,0,1,0,0,0,False
Q92540,1137.0,3,4,449.0,112.25,0.39489885664028146,3+,0,0,0,0,1,0,0,0,1,1,1,0,0,0,0,0,0,0,0,0,0,0,False
P06730,217.0,0,0,0.0,,0.0,0,0,0,0,0,0,0,0,0,0,0,0,0,0,0,0,0,0,0,0,0,0,0,False
D6RJF2,200.0,0,0,0.0,,0.0,0,0,0,0,0,0,0,0,0,0,0,0,0,0,0,0,0,0,0,0,0,0,0,False
Q8IU60,420.0,1,1,114.0,114.0,0.2714285714285714,1,0,0,0,0,1,0,0,0,1,0,0,0,0,0,0,0,0,0,0,0,0,0,False
Q9P2J5,1176.0,1,1,15.0,15.0,0.012755102040816327,1,0,0,0,0,1,1,0,0,0,0,0,0,0,0,0,0,0,0,0,0,0,0,False
H0YA61,80.0,0,0,0.0,,0.0,0,0,0,0,0,0,0,0,0,0,0,0,0,0,0,0,0,0,0,0,0,0,0,False
O00584,256.0,0,0,0.0,,0.0,0,0,0,0,0,0,0,0,0,0,0,0,0,0,0,0,0,0,0,0,0,0,0,False
D6RG13,223.0,0,0,0.0,,0.0,0,0,0,0,0,0,0,0,0,0,0,0,0,0,0,0,0,0,0,0,0,0,0,False
Q15797,465.0,1,1,84.0,84.0,0.18064516129032257,1,0,0,0,0,0,0,0,0,1,0,0,0,0,0,0,0,0,0,0,0,0,0,False
P53999,127.0,1,1,60.0,60.0,0.47244094488188976,1,0,0,1,0,0,0,0,0,0,1,0,0,0,0,0,0,0,0,0,0,0,0,False
D6REA0,516.0,0,0,0.0,,0.0,0,0,0,0,0,0,0,0,0,0,0,0,0,0,0,0,0,0,0,0,0,0,0,False
Q969S9,779.0,0,0,0.0,,0.0,0,0,0,0,0,0,0,0,0,0,0,0,0,0,0,0,0,0,0,0,0,0,0,False
D6RJB1,162.0,0,0,0.0,,0.0,0,0,0,0,0,0,0,0,0,0,0,0,0,0,0,0,0,0,0,0,0,0,0,False
D6RIC3,150.0,0,0,0.0,,0.0,0,0,0,0,0,0,0,0,0,0,0,0,0,0,0,0,0,0,0,0,0,0,0,False
G3XAN0,64.0,0,0,0.0,,0.0,0,0,0,0,0,0,0,0,0,0,0,0,0,0,0,0,0,0,0,0,0,0,0,False
Q9H2T7,1088.0,0,0,0.0,,0.0,0,0,0,0,0,0,0,0,0,0,0,0,0,0,0,0,0,0,0,0,0,0,0,False
P62888,115.0,0,0,0.0,,0.0,0,0,0,0,0,0,0,0,0,0,0,0,0,0,0,0,0,0,0,0,0,0,0,False
G5EA06,358.0,1,1,112.0,112.0,0.3128491620111732,1,0,1,0,0,0,0,0,0,0,0,1,0,0,0,0,0,0,0,0,0,0,0,False
Q8TC59,973.0,1,1,32.0,32.0,0.0328879753340185,1,0,0,0,0,1,0,0,0,0,0,0,1,0,0,0,0,0,0,0,0,0,0,False
Q2WGJ9,1857.0,3,4,209.0,52.25,0.11254711900915455,3+,0,0,0,0,1,0,0,0,0,1,0,1,0,0,1,0,0,0,0,0,0,0,False
E5RHF4,198.0,1,1,31.0,31.0,0.15656565656565657,1,0,1,0,0,0,0,0,0,0,0,0,0,0,0,0,0,0,0,1,0,0,0,False
H0YB34,148.0,0,0,0.0,,0.0,0,0,0,0,0,0,0,0,0,0,0,0,0,0,0,0,0,0,0,0,0,0,0,False
Q5TAP6,766.0,1,1,408.0,408.0,0.5326370757180157,1,1,0,0,0,0,0,0,0,0,0,0,0,0,0,0,1,0,0,0,0,0,0,False
E5RJP0,122.0,0,0,0.0,,0.0,0,0,0,0,0,0,0,0,0,0,0,0,0,0,0,0,0,0,0,0,0,0,0,False
E7ESL0,212.0,1,1,8.0,8.0,0.03773584905660377,1,0,0,1,0,0,0,0,0,0,0,0,1,0,0,0,0,0,0,0,0,0,0,False
E5RJM0,639.0,1,1,336.0,336.0,0.5258215962441315,1,0,0,0,0,1,0,0,0,1,0,0,0,0,0,0,0,0,0,0,0,0,0,False
Q9NV88,658.0,0,0,0.0,,0.0,0,0,0,0,0,0,0,0,0,0,0,0,0,0,0,0,0,0,0,0,0,0,0,False
Q8N8Q3,282.0,0,0,0.0,,0.0,0,0,0,0,0,0,0,0,0,0,0,0,0,0,0,0,0,0,0,0,0,0,0,False
Q96DE0,195.0,0,0,0.0,,0.0,0,0,0,0,0,0,0,0,0,0,0,0,0,0,0,0,0,0,0,0,0,0,0,False
E7ERJ7,604.0,0,0,0.0,,0.0,0,0,0,0,0,0,0,0,0,0,0,0,0,0,0,0,0,0,0,0,0,0,0,False
O15372,352.0,2,2,84.0,42.0,0.23863636363636365,2,0,0,0,0,0,0,0,0,1,0,0,0,0,1,0,0,0,0,0,0,0,0,False
E7EPX0,491.0,1,1,68.0,68.0,0.1384928716904277,1,0,0,0,0,1,0,0,0,0,0,0,1,0,0,0,0,0,0,0,0,0,0,False
H0YBR2,502.0,0,0,0.0,,0.0,0,0,0,0,0,0,0,0,0,0,0,0,0,0,0,0,0,0,0,0,0,0,0,False
Q86SE5,291.0,1,1,68.0,68.0,0.23367697594501718,1,0,0,0,0,1,1,0,0,0,0,0,0,0,0,0,0,0,0,0,0,0,0,False
E5RGH2,147.0,0,0,0.0,,0.0,0,0,0,0,0,0,0,0,0,0,0,0,0,0,0,0,0,0,0,0,0,0,0,False
Q8IV48,349.0,0,0,0.0,,0.0,0,0,0,0,0,0,0,0,0,0,0,0,0,0,0,0,0,0,0,0,0,0,0,False
Q75QN2,995.0,0,0,0.0,,0.0,0,0,0,0,0,0,0,0,0,0,0,0,0,0,0,0,0,0,0,0,0,0,0,False
E5RK86,108.0,0,0,0.0,,0.0,0,0,0,0,0,0,0,0,0,0,0,0,0,0,0,0,0,0,0,0,0,0,0,False
Q9UFF9,292.0,0,0,0.0,,0.0,0,0,0,0,0,0,0,0,0,0,0,0,0,0,0,0,0,0,0,0,0,0,0,False
E5RJI7,147.0,0,0,0.0,,0.0,0,0,0,0,0,0,0,0,0,0,0,0,0,0,0,0,0,0,0,0,0,0,0,False
Q6IS14,154.0,0,0,0.0,,0.0,0,0,0,0,0,0,0,0,0,0,0,0,0,0,0,0,0,0,0,0,0,0,0,False
E5RJZ9,265.0,1,1,12.0,12.0,0.045283018867924525,1,0,0,0,0,1,0,0,0,1,0,0,0,0,0,0,0,0,0,0,0,0,0,False
P49756,843.0,2,2,497.0,248.5,0.5895610913404508,2,0,0,1,1,0,0,0,0,0,0,0,1,0,0,0,0,0,0,0,0,1,0,False
E9PJD9,91.0,0,0,0.0,,0.0,0,0,0,0,0,0,0,0,0,0,0,0,0,0,0,0,0,0,0,0,0,0,0,False
E9PJG9,54.0,0,0,0.0,,0.0,0,0,0,0,0,0,0,0,0,0,0,0,0,0,0,0,0,0,0,0,0,0,0,False
Q9UHX1,559.0,2,2,171.0,85.5,0.30590339892665475,2,0,0,1,0,1,1,0,0,0,0,0,1,0,0,0,0,0,0,0,0,0,0,False
E9PIF2,835.0,2,2,341.0,170.5,0.40838323353293415,2,0,0,1,0,1,0,0,0,0,1,1,0,0,0,0,0,0,0,0,0,0,0,False
E9PRK2,241.0,0,0,0.0,,0.0,0,0,0,0,0,0,0,0,0,0,0,0,0,0,0,0,0,0,0,0,0,0,0,False
Q9BZE2,481.0,0,0,0.0,,0.0,0,0,0,0,0,0,0,0,0,0,0,0,0,0,0,0,0,0,0,0,0,0,0,False
Q16560,246.0,1,1,70.0,70.0,0.2845528455284553,1,0,0,0,0,1,0,0,0,0,0,0,0,0,0,0,0,0,0,0,0,1,0,False
H0YD25,96.0,0,0,0.0,,0.0,0,0,0,0,0,0,0,0,0,0,0,0,0,0,0,0,0,0,0,0,0,0,0,False
A1L020,520.0,2,2,105.0,52.5,0.20192307692307693,2,0,0,1,0,1,0,0,0,0,0,0,1,0,0,0,0,0,0,0,0,0,0,False
E9PN81,247.0,0,0,0.0,,0.0,0,0,0,0,0,0,0,0,0,0,0,0,0,0,0,0,0,0,0,0,0,0,0,False
Q9H0A0,1025.0,1,1,37.0,37.0,0.03609756097560975,1,0,0,1,0,0,0,0,0,0,1,0,0,0,0,0,0,0,0,0,0,0,0,False
E9PMM9,218.0,1,1,49.0,49.0,0.22477064220183487,1,0,0,1,0,0,0,0,0,0,0,0,0,0,0,0,0,0,0,1,0,0,0,False
E9PL19,596.0,2,2,171.0,85.5,0.28691275167785235,2,0,0,1,0,1,1,0,0,0,0,0,1,0,0,0,0,0,0,0,0,0,0,False
E9PL09,231.0,0,0,0.0,,0.0,0,0,0,0,0,0,0,0,0,0,0,0,0,0,0,0,0,0,0,0,0,0,0,False
P29692,281.0,1,1,21.0,21.0,0.07473309608540925,1,0,0,1,0,0,1,0,0,0,0,0,0,0,0,0,0,0,0,0,0,0,0,False
P78344,907.0,1,1,42.0,42.0,0.04630650496141125,1,0,0,0,1,0,0,0,0,0,0,0,1,0,0,0,0,0,0,0,0,0,0,False
Q9Y2W1,955.0,3,3,909.0,303.0,0.9518324607329843,3+,0,1,0,0,1,1,0,0,0,0,0,0,0,0,0,1,0,0,1,0,0,0,False
H0YDK8,900.0,2,2,470.0,235.0,0.5222222222222223,2,0,0,1,0,1,0,0,0,0,0,1,0,0,1,0,0,0,0,0,0,0,0,False
P13489,461.0,0,0,0.0,,0.0,0,0,0,0,0,0,0,0,0,0,0,0,0,0,0,0,0,0,0,0,0,0,0,False
Q96HW7,963.0,0,0,0.0,,0.0,0,0,0,0,0,0,0,0,0,0,0,0,0,0,0,0,0,0,0,0,0,0,0,False
P62851,125.0,1,1,40.0,40.0,0.32,1,0,1,0,0,0,0,0,0,0,1,0,0,0,0,0,0,0,0,0,0,0,0,False
E9PKU4,235.0,0,0,0.0,,0.0,0,0,0,0,0,0,0,0,0,0,0,0,0,0,0,0,0,0,0,0,0,0,0,False
P62861,133.0,1,1,31.0,31.0,0.23308270676691728,1,0,1,0,0,0,0,1,0,0,0,0,0,0,0,0,0,0,0,0,0,0,0,False
P08240,638.0,1,1,125.0,125.0,0.19592476489028213,1,0,0,0,0,1,0,0,0,0,1,0,0,0,0,0,0,0,0,0,0,0,0,False
P62277,151.0,0,0,0.0,,0.0,0,0,0,0,0,0,0,0,0,0,0,0,0,0,0,0,0,0,0,0,0,0,0,False
Q7L2H7,374.0,0,0,0.0,,0.0,0,0,0,0,0,0,0,0,0,0,0,0,0,0,0,0,0,0,0,0,0,0,0,False
E9PQK6,123.0,0,0,0.0,,0.0,0,0,0,0,0,0,0,0,0,0,0,0,0,0,0,0,0,0,0,0,0,0,0,False
E9PI14,86.0,0,0,0.0,,0.0,0,0,0,0,0,0,0,0,0,0,0,0,0,0,0,0,0,0,0,0,0,0,0,False
Q8N9N8,165.0,1,1,60.0,60.0,0.36363636363636365,1,0,1,0,0,0,1,0,0,0,0,0,0,0,0,0,0,0,0,0,0,0,0,False
Q14498,530.0,1,1,125.0,125.0,0.2358490566037736,1,0,0,1,0,0,0,0,0,0,0,0,0,0,0,0,0,0,0,0,0,1,0,False
A0ACM8QBP7,382.0,0,0,0.0,,0.0,0,0,0,0,0,0,0,0,0,0,0,0,0,0,0,0,0,0,0,0,0,0,0,False
Q12872,951.0,3,5,656.0,131.2,0.6898002103049422,3+,0,1,1,1,0,1,0,0,0,0,0,0,0,1,0,0,0,1,0,0,1,0,False
Q96CB9,384.0,0,0,0.0,,0.0,0,0,0,0,0,0,0,0,0,0,0,0,0,0,0,0,0,0,0,0,0,0,0,False
Q5VTE6,544.0,0,0,0.0,,0.0,0,0,0,0,0,0,0,0,0,0,0,0,0,0,0,0,0,0,0,0,0,0,0,False
P21399,889.0,0,0,0.0,,0.0,0,0,0,0,0,0,0,0,0,0,0,0,0,0,0,0,0,0,0,0,0,0,0,False
Q8ND04,991.0,1,1,47.0,47.0,0.04742684157416751,1,0,0,0,0,0,0,0,0,0,0,0,1,0,0,0,0,0,0,0,0,0,0,False
P51513,507.0,1,1,137.0,137.0,0.2702169625246548,1,0,0,0,1,0,0,0,0,0,0,0,0,0,0,0,0,0,0,0,0,0,1,False
A0A0C4DGG8,1043.0,3,5,607.0,121.4,0.5819750719079578,3+,0,1,0,1,1,0,0,0,0,0,1,1,0,0,0,0,0,0,0,0,1,0,False
Q86Y79,214.0,0,0,0.0,,0.0,0,0,0,0,0,0,0,0,0,0,0,0,0,0,0,0,0,0,0,0,0,0,0,False
F5H1K3,237.0,0,0,0.0,,0.0,0,0,0,0,0,0,0,0,0,0,0,0,0,0,0,0,0,0,0,0,0,0,0,False
Q8IWX8,916.0,3,5,617.0,123.4,0.6735807860262009,3+,1,1,0,1,0,0,0,0,1,0,0,1,1,0,0,0,0,0,0,0,1,0,False
Q96HJ9,113.0,0,0,0.0,,0.0,0,0,0,0,0,0,0,0,0,0,0,0,0,0,0,0,0,0,0,0,0,0,0,False
Q96FC9,970.0,2,2,184.0,92.0,0.18969072164948453,2,0,0,0,0,1,1,1,0,0,0,0,0,0,0,0,0,0,0,0,0,0,0,False
Q9BZJ0,848.0,1,1,113.0,113.0,0.1332547169811321,1,0,0,0,0,1,1,0,0,0,0,0,0,0,0,0,0,0,0,0,0,0,0,False
F5GYR3,275.0,1,1,84.0,84.0,0.3054545454545455,1,0,0,0,0,1,1,0,0,0,0,0,0,0,0,0,0,0,0,0,0,0,0,False
Q15233,471.0,3,3,221.0,73.66666666666667,0.4692144373673036,3+,0,0,1,0,1,0,0,0,1,0,0,1,0,0,0,1,0,0,0,0,0,0,False
Q8N1W1,1705.0,3,3,596.0,198.66666666666666,0.3495601173020528,3+,0,0,0,0,0,1,0,0,1,0,0,0,0,0,0,1,0,0,0,0,0,0,False
Q99717,465.0,1,1,50.0,50.0,0.10752688172043011,1,0,0,0,0,0,0,0,0,1,0,0,0,0,0,0,0,0,0,0,0,0,0,False
Q9Y4C8,960.0,2,2,264.0,132.0,0.275,2,0,0,0,1,0,1,0,0,0,0,1,0,0,0,0,0,0,0,0,0,0,0,False
H0YG84,90.0,0,0,0.0,,0.0,0,0,0,0,0,0,0,0,0,0,0,0,0,0,0,0,0,0,0,0,0,0,0,False
O15226,690.0,0,0,0.0,,0.0,0,0,0,0,0,0,0,0,0,0,0,0,0,0,0,0,0,0,0,0,0,0,0,False
O60942,597.0,2,2,27.0,13.5,0.04522613065326633,2,0,0,1,0,0,1,1,0,0,0,0,0,0,0,0,0,0,0,0,0,0,0,False
H0YGD3,207.0,0,0,0.0,,0.0,0,0,0,0,0,0,0,0,0,0,0,0,0,0,0,0,0,0,0,0,0,0,0,False
Q9UPS6,1966.0,3,4,1502.0,375.5,0.7639877924720244,3+,0,0,0,0,1,1,0,0,0,0,1,0,0,1,0,0,0,0,0,0,0,0,False
H0YGG4,152.0,0,0,0.0,,0.0,0,0,0,0,0,0,0,0,0,0,0,0,0,0,0,0,0,0,0,0,0,0,0,False
O60522,2096.0,1,1,25.0,25.0,0.011927480916030535,1,0,0,0,1,0,1,0,0,0,0,0,0,0,0,0,0,0,0,0,0,0,0,False
H0YGJ7,106.0,0,0,0.0,,0.0,0,0,0,0,0,0,0,0,0,0,0,0,0,0,0,0,0,0,0,0,0,0,0,False
P56270,477.0,2,2,254.0,127.0,0.5324947589098532,2,0,0,0,0,1,0,0,0,0,0,1,1,0,0,0,0,0,0,0,0,0,0,False
Q7Z5Q1,589.0,3,3,104.0,34.666666666666664,0.1765704584040747,3+,0,0,0,0,1,0,0,0,1,0,0,1,0,1,0,0,0,0,0,0,0,0,False
O95453,639.0,1,1,36.0,36.0,0.056338028169014086,1,0,1,0,0,0,0,0,0,0,0,1,0,0,0,0,0,0,0,0,0,0,0,False
Q9Y5A9,579.0,2,2,300.0,150.0,0.5181347150259067,2,0,0,0,0,1,0,0,0,0,0,0,1,0,1,0,0,0,0,0,0,0,0,False
Q9NP64,241.0,1,1,82.0,82.0,0.34024896265560167,1,0,0,0,0,1,0,0,0,0,1,0,0,0,0,0,0,0,0,0,0,0,0,False
Q9Y2P0,537.0,0,0,0.0,,0.0,0,0,0,0,0,0,0,0,0,0,0,0,0,0,0,0,0,0,0,0,0,0,0,False
H0YGT4,134.0,1,1,52.0,52.0,0.3880597014925373,1,0,0,0,0,0,0,0,0,0,0,1,0,0,0,0,0,0,0,0,0,0,0,False
Q2VIR3,472.0,0,0,0.0,,0.0,0,0,0,0,0,0,0,0,0,0,0,0,0,0,0,0,0,0,0,0,0,0,0,False
H0YGW8,298.0,0,0,0.0,,0.0,0,0,0,0,0,0,0,0,0,0,0,0,0,0,0,0,0,0,0,0,0,0,0,False
Q13360,481.0,0,0,0.0,,0.0,0,0,0,0,0,0,0,0,0,0,0,0,0,0,0,0,0,0,0,0,0,0,0,False
Q8IYX4,353.0,0,0,0.0,,0.0,0,0,0,0,0,0,0,0,0,0,0,0,0,0,0,0,0,0,0,0,0,0,0,False
F8VQP2,1073.0,2,2,597.0,298.5,0.5563839701770736,2,0,1,1,0,0,0,0,0,1,0,0,0,0,0,0,0,0,0,0,0,1,0,False
O75123,536.0,0,0,0.0,,0.0,0,0,0,0,0,0,0,0,0,0,0,0,0,0,0,0,0,0,0,0,0,0,0,False
Q5JTH9,1297.0,2,2,226.0,113.0,0.17424826522744796,2,0,0,0,0,1,1,1,0,0,0,0,0,0,0,0,0,0,0,0,0,0,0,False
P62826,216.0,0,0,0.0,,0.0,0,0,0,0,0,0,0,0,0,0,0,0,0,0,0,0,0,0,0,0,0,0,0,False
H0YH84,186.0,1,1,43.0,43.0,0.23118279569892472,1,0,0,0,0,1,0,0,0,0,0,0,0,0,0,0,0,0,0,0,0,0,1,False
A0A0G2JKY3,1061.0,0,0,0.0,,0.0,0,0,0,0,0,0,0,0,0,0,0,0,0,0,0,0,0,0,0,0,0,0,0,False
F8VZA0,365.0,0,0,0.0,,0.0,0,0,0,0,0,0,0,0,0,0,0,0,0,0,0,0,0,0,0,0,0,0,0,False
O43716,136.0,0,0,0.0,,0.0,0,0,0,0,0,0,0,0,0,0,0,0,0,0,0,0,0,0,0,0,0,0,0,False
Q9UIF9,1905.0,3,4,994.0,248.5,0.5217847769028872,3+,0,0,1,0,1,1,0,0,0,1,1,0,0,1,0,0,0,0,0,0,0,0,False
Q07020,188.0,0,0,0.0,,0.0,0,0,0,0,0,0,0,0,0,0,0,0,0,0,0,0,0,0,0,0,0,0,0,False
F8VZY7,263.0,0,0,0.0,,0.0,0,0,0,0,0,0,0,0,0,0,0,0,0,0,0,0,0,0,0,0,0,0,0,False
A0A0B4J254,67.0,0,0,0.0,,0.0,0,0,0,0,0,0,0,0,0,0,0,0,0,0,0,0,0,0,0,0,0,0,0,False
H0YHU8,144.0,0,0,0.0,,0.0,0,0,0,0,0,0,0,0,0,0,0,0,0,0,0,0,0,0,0,0,0,0,0,False
P86452,979.0,2,2,98.0,49.0,0.10010214504596528,2,0,0,0,0,1,0,0,0,0,1,0,1,0,0,0,0,0,0,0,0,0,0,False
F8VU11,892.0,3,3,684.0,228.0,0.7668161434977578,3+,0,0,0,0,0,0,0,0,0,0,0,1,0,0,0,1,0,0,0,0,0,0,False
H0YI55,253.0,1,1,31.0,31.0,0.1225296442687747,1,0,0,0,1,0,0,0,0,0,0,0,1,0,0,0,0,0,0,0,0,0,0,False
F8VS19,96.0,0,0,0.0,,0.0,0,0,0,0,0,0,0,0,0,0,0,0,0,0,0,0,0,0,0,0,0,0,0,False
F8VXY6,228.0,1,1,35.0,35.0,0.15350877192982457,1,0,0,1,0,0,1,0,0,0,0,0,0,0,0,0,0,0,0,0,0,0,0,False
P00973,400.0,0,0,0.0,,0.0,0,0,0,0,0,0,0,0,0,0,0,0,0,0,0,0,0,0,0,0,0,0,0,False
H0YIP0,219.0,0,0,0.0,,0.0,0,0,0,0,0,0,0,0,0,0,0,0,0,0,0,0,0,0,0,0,0,0,0,False
Q9Y6G3,142.0,0,0,0.0,,0.0,0,0,0,0,0,0,0,0,0,0,0,0,0,0,0,0,0,0,0,0,0,0,0,False
F8VP89,275.0,1,1,106.0,106.0,0.38545454545454544,1,0,0,1,0,0,0,0,0,0,0,0,0,0,0,0,0,0,0,0,0,1,0,False
Q5GAN4,147.0,0,0,0.0,,0.0,0,0,0,0,0,0,0,0,0,0,0,0,0,0,0,0,0,0,0,0,0,0,0,False
G3V2H6,54.0,0,0,0.0,,0.0,0,0,0,0,0,0,0,0,0,0,0,0,0,0,0,0,0,0,0,0,0,0,0,False
G3V2M5,61.0,0,0,0.0,,0.0,0,0,0,0,0,0,0,0,0,0,0,0,0,0,0,0,0,0,0,0,0,0,0,False
G3V2P5,207.0,0,0,0.0,,0.0,0,0,0,0,0,0,0,0,0,0,0,0,0,0,0,0,0,0,0,0,0,0,0,False
O15037,678.0,1,1,14.0,14.0,0.02064896755162242,1,0,0,0,0,1,0,0,0,0,0,0,1,0,0,0,0,0,0,0,0,0,0,False
A0A0A0MTQ0,185.0,0,0,0.0,,0.0,0,0,0,0,0,0,0,0,0,0,0,0,0,0,0,0,0,0,0,0,0,0,0,False
Q9GZT3,109.0,0,0,0.0,,0.0,0,0,0,0,0,0,0,0,0,0,0,0,0,0,0,0,0,0,0,0,0,0,0,False
G3V3F2,158.0,0,0,0.0,,0.0,0,0,0,0,0,0,0,0,0,0,0,0,0,0,0,0,0,0,0,0,0,0,0,False
Q13243,272.0,1,1,95.0,95.0,0.3492647058823529,1,0,0,1,0,0,0,0,0,0,0,0,0,0,0,0,0,0,0,0,0,1,0,False
G3V414,235.0,0,0,0.0,,0.0,0,0,0,0,0,0,0,0,0,0,0,0,0,0,0,0,0,0,0,0,0,0,0,False
P60153,205.0,0,0,0.0,,0.0,0,0,0,0,0,0,0,0,0,0,0,0,0,0,0,0,0,0,0,0,0,0,0,False
Q9HCK8,2581.0,3,9,849.0,94.33333333333333,0.3289422704378148,3+,0,0,0,1,1,1,1,1,1,0,1,1,0,0,0,0,0,0,0,0,0,0,False
A0A0C4DGK8,146.0,0,0,0.0,,0.0,0,0,0,0,0,0,0,0,0,0,0,0,0,0,0,0,0,0,0,0,0,0,0,False
G3V529,816.0,2,2,194.0,97.0,0.23774509803921567,2,0,0,1,0,1,0,0,0,0,1,0,0,0,0,0,1,0,0,0,0,0,0,False
G3V5I6,420.0,0,0,0.0,,0.0,0,0,0,0,0,0,0,0,0,0,0,0,0,0,0,0,0,0,0,0,0,0,0,False
G3V5U1,153.0,0,0,0.0,,0.0,0,0,0,0,0,0,0,0,0,0,0,0,0,0,0,0,0,0,0,0,0,0,0,False
G3V5X7,2519.0,0,0,0.0,,0.0,0,0,0,0,0,0,0,0,0,0,0,0,0,0,0,0,0,0,0,0,0,0,0,False
H0YKX1,171.0,1,1,87.0,87.0,0.5087719298245614,1,0,0,0,0,0,0,0,0,0,0,0,0,0,0,0,1,0,0,0,0,0,0,False
Q8IZ73,545.0,0,0,0.0,,0.0,0,0,0,0,0,0,0,0,0,0,0,0,0,0,0,0,0,0,0,0,0,0,0,False
H0YLQ7,131.0,1,1,58.0,58.0,0.44274809160305345,1,0,0,0,0,0,0,0,0,0,0,0,0,0,0,0,1,0,0,0,0,0,0,False
H0YM60,36.0,0,0,0.0,,0.0,0,0,0,0,0,0,0,0,0,0,0,0,0,0,0,0,0,0,0,0,0,0,0,False
H0YMF4,112.0,0,0,0.0,,0.0,0,0,0,0,0,0,0,0,0,0,0,0,0,0,0,0,0,0,0,0,0,0,0,False
H0YMJ6,179.0,0,0,0.0,,0.0,0,0,0,0,0,0,0,0,0,0,0,0,0,0,0,0,0,0,0,0,0,0,0,False
H0YN88,136.0,0,0,0.0,,0.0,0,0,0,0,0,0,0,0,0,0,0,0,0,0,0,0,0,0,0,0,0,0,0,False
H3BM89,333.0,1,1,131.0,131.0,0.3933933933933934,1,0,0,1,0,0,0,0,0,0,1,0,0,0,0,0,0,0,0,0,0,0,0,False
H3BMQ2,146.0,1,1,116.0,116.0,0.7945205479452054,1,0,1,0,0,0,0,0,0,0,1,0,0,0,0,0,0,0,0,0,0,0,0,False
Q9H6T0,727.0,1,1,25.0,25.0,0.0343878954607978,1,0,0,0,0,1,0,0,0,0,0,0,1,0,0,0,0,0,0,0,0,0,0,False
A8K979,691.0,0,0,0.0,,0.0,0,0,0,0,0,0,0,0,0,0,0,0,0,0,0,0,0,0,0,0,0,0,0,False
H3BN59,261.0,0,0,0.0,,0.0,0,0,0,0,0,0,0,0,0,0,0,0,0,0,0,0,0,0,0,0,0,0,0,False
Q12788,808.0,1,1,24.0,24.0,0.0297029702970297,1,0,1,0,0,0,1,0,0,0,0,0,0,0,0,0,0,0,0,0,0,0,0,False
H3BNJ4,201.0,1,1,76.0,76.0,0.3781094527363184,1,0,0,0,0,0,1,0,0,0,0,0,0,0,0,0,0,0,0,0,0,0,0,False
Q14137,746.0,1,1,114.0,114.0,0.15281501340482573,1,0,0,1,0,0,1,0,0,0,0,0,0,0,0,0,0,0,0,0,0,0,0,False
H3BPD0,197.0,2,2,134.0,67.0,0.6802030456852792,2,0,0,1,0,0,1,0,0,0,0,0,1,0,0,0,0,0,0,0,0,0,0,False
H3BPE7,527.0,1,1,509.0,509.0,0.9658444022770398,1,0,1,0,0,0,0,0,0,0,0,0,0,0,0,0,0,0,0,1,0,0,0,False
H3BPG5,128.0,2,2,70.0,35.0,0.546875,2,0,0,1,0,0,0,1,0,0,0,0,0,0,0,0,0,0,0,0,0,1,0,False
Q96F86,508.0,1,1,71.0,71.0,0.13976377952755906,1,0,0,0,1,0,0,0,0,1,0,0,0,0,0,0,0,0,0,0,0,0,0,False
A5YKK6,2376.0,2,2,69.0,34.5,0.02904040404040404,2,0,0,0,0,1,0,0,0,0,0,1,0,0,0,0,0,0,0,0,0,0,1,False
H3BQK0,484.0,0,0,0.0,,0.0,0,0,0,0,0,0,0,0,0,0,0,0,0,0,0,0,0,0,0,0,0,0,0,False
Q9Y2V2,147.0,1,1,8.0,8.0,0.05442176870748299,1,0,0,0,0,1,0,0,0,0,0,0,1,0,0,0,0,0,0,0,0,0,0,False
H3BSB3,131.0,0,0,0.0,,0.0,0,0,0,0,0,0,0,0,0,0,0,0,0,0,0,0,0,0,0,0,0,0,0,False
H3BSG4,173.0,1,1,33.0,33.0,0.1907514450867052,1,0,0,0,0,0,0,0,0,0,0,0,1,0,0,0,0,0,0,0,0,0,0,False
H3BSW6,586.0,2,2,38.0,19.0,0.06484641638225255,2,0,0,0,0,1,0,0,0,0,0,0,1,0,0,0,0,0,0,0,0,0,0,False
P61970,127.0,0,0,0.0,,0.0,0,0,0,0,0,0,0,0,0,0,0,0,0,0,0,0,0,0,0,0,0,0,0,False
H3BTT8,252.0,0,0,0.0,,0.0,0,0,0,0,0,0,0,0,0,0,0,0,0,0,0,0,0,0,0,0,0,0,0,False
D6RA96,785.0,0,0,0.0,,0.0,0,0,0,0,0,0,0,0,0,0,0,0,0,0,0,0,0,0,0,0,0,0,0,False
Q9BUB4,502.0,0,0,0.0,,0.0,0,0,0,0,0,0,0,0,0,0,0,0,0,0,0,0,0,0,0,0,0,0,0,False
H3BUK8,54.0,0,0,0.0,,0.0,0,0,0,0,0,0,0,0,0,0,0,0,0,0,0,0,0,0,0,0,0,0,0,False
Q96J87,481.0,1,1,109.0,109.0,0.22661122661122662,1,0,1,0,0,0,0,0,0,0,0,1,0,0,0,0,0,0,0,0,0,0,0,False
I3L0N7,115.0,1,1,59.0,59.0,0.5130434782608696,1,0,1,0,0,0,1,0,0,0,0,0,0,0,0,0,0,0,0,0,0,0,0,False
I3L1L6,617.0,0,0,0.0,,0.0,0,0,0,0,0,0,0,0,0,0,0,0,0,0,0,0,0,0,0,0,0,0,0,False
I3L1N3,78.0,0,0,0.0,,0.0,0,0,0,0,0,0,0,0,0,0,0,0,0,0,0,0,0,0,0,0,0,0,0,False
Q96SZ4,780.0,1,1,72.0,72.0,0.09230769230769231,1,0,0,0,0,1,0,0,0,0,0,1,0,0,0,0,0,0,0,0,0,0,0,False
Q92667,903.0,2,2,321.0,160.5,0.3554817275747508,2,0,0,1,0,1,1,0,0,0,0,1,0,0,0,0,0,0,0,0,0,0,0,False
I3L397,146.0,0,0,0.0,,0.0,0,0,0,0,0,0,0,0,0,0,0,0,0,0,0,0,0,0,0,0,0,0,0,False
I3L3C4,158.0,0,0,0.0,,0.0,0,0,0,0,0,0,0,0,0,0,0,0,0,0,0,0,0,0,0,0,0,0,0,False
Q6P2Q9,2335.0,0,0,0.0,,0.0,0,0,0,0,0,0,0,0,0,0,0,0,0,0,0,0,0,0,0,0,0,0,0,False
A0A140TA76,344.0,2,2,150.0,75.0,0.436046511627907,2,0,1,0,1,0,1,0,0,1,0,0,0,0,0,0,0,0,0,0,0,0,0,False
I3L4V1,148.0,0,0,0.0,,0.0,0,0,0,0,0,0,0,0,0,0,0,0,0,0,0,0,0,0,0,0,0,0,0,False
A6NM28,416.0,0,0,0.0,,0.0,0,0,0,0,0,0,0,0,0,0,0,0,0,0,0,0,0,0,0,0,0,0,0,False
J3KRL2,102.0,0,0,0.0,,0.0,0,0,0,0,0,0,0,0,0,0,0,0,0,0,0,0,0,0,0,0,0,0,0,False
D3DTZ5,76.0,0,0,0.0,,0.0,0,0,0,0,0,0,0,0,0,0,0,0,0,0,0,0,0,0,0,0,0,0,0,False
O14730,519.0,0,0,0.0,,0.0,0,0,0,0,0,0,0,0,0,0,0,0,0,0,0,0,0,0,0,0,0,0,0,False
J3KSP2,21.0,0,0,0.0,,0.0,0,0,0,0,0,0,0,0,0,0,0,0,0,0,0,0,0,0,0,0,0,0,0,False
Q96QE5,360.0,0,0,0.0,,0.0,0,0,0,0,0,0,0,0,0,0,0,0,0,0,0,0,0,0,0,0,0,0,0,False
P0CB38,370.0,0,0,0.0,,0.0,0,0,0,0,0,0,0,0,0,0,0,0,0,0,0,0,0,0,0,0,0,0,0,False
J3QKW2,183.0,0,0,0.0,,0.0,0,0,0,0,0,0,0,0,0,0,0,0,0,0,0,0,0,0,0,0,0,0,0,False
J3QL05,130.0,1,1,47.0,47.0,0.36153846153846153,1,0,1,0,0,0,0,0,0,0,0,0,0,0,0,0,0,0,0,0,0,1,0,False
J3QL17,468.0,0,0,0.0,,0.0,0,0,0,0,0,0,0,0,0,0,0,0,0,0,0,0,0,0,0,0,0,0,0,False
P60842,406.0,0,0,0.0,,0.0,0,0,0,0,0,0,0,0,0,0,0,0,0,0,0,0,0,0,0,0,0,0,0,False
J3QLD1,290.0,0,0,0.0,,0.0,0,0,0,0,0,0,0,0,0,0,0,0,0,0,0,0,0,0,0,0,0,0,0,False
P61254,145.0,1,1,38.0,38.0,0.2620689655172414,1,0,1,0,0,0,0,0,0,0,1,0,0,0,0,0,0,0,0,0,0,0,0,False
J3QQT2,171.0,0,0,0.0,,0.0,0,0,0,0,0,0,0,0,0,0,0,0,0,0,0,0,0,0,0,0,0,0,0,False
J3QQT9,34.0,0,0,0.0,,0.0,0,0,0,0,0,0,0,0,0,0,0,0,0,0,0,0,0,0,0,0,0,0,0,False
J3QQZ8,52.0,0,0,0.0,,0.0,0,0,0,0,0,0,0,0,0,0,0,0,0,0,0,0,0,0,0,0,0,0,0,False
J3QR28,271.0,0,0,0.0,,0.0,0,0,0,0,0,0,0,0,0,0,0,0,0,0,0,0,0,0,0,0,0,0,0,False
J3QRD6,70.0,0,0,0.0,,0.0,0,0,0,0,0,0,0,0,0,0,0,0,0,0,0,0,0,0,0,0,0,0,0,False
Q9Y3E5,179.0,0,0,0.0,,0.0,0,0,0,0,0,0,0,0,0,0,0,0,0,0,0,0,0,0,0,0,0,0,0,False
Q9Y3U8,105.0,0,0,0.0,,0.0,0,0,0,0,0,0,0,0,0,0,0,0,0,0,0,0,0,0,0,0,0,0,0,False
J3QS41,1943.0,3,3,392.0,130.66666666666666,0.20174987133299022,3+,0,0,0,0,1,0,0,0,1,0,1,0,0,0,0,0,0,0,0,0,0,0,False
K7EIJ1,223.0,0,0,0.0,,0.0,0,0,0,0,0,0,0,0,0,0,0,0,0,0,0,0,0,0,0,0,0,0,0,False
Q9C0B9,1178.0,3,4,720.0,180.0,0.6112054329371817,3+,0,0,1,1,0,1,0,0,0,0,1,1,0,0,0,0,0,0,0,0,0,0,False
K7EIU6,117.0,0,0,0.0,,0.0,0,0,0,0,0,0,0,0,0,0,0,0,0,0,0,0,0,0,0,0,0,0,0,False
A8MQ14,1090.0,0,0,0.0,,0.0,0,0,0,0,0,0,0,0,0,0,0,0,0,0,0,0,0,0,0,0,0,0,0,False
K7EJ78,129.0,1,1,27.0,27.0,0.20930232558139536,1,0,1,0,0,0,0,1,0,0,0,0,0,0,0,0,0,0,0,0,0,0,0,False
Q15029,972.0,1,1,34.0,34.0,0.03497942386831276,1,0,0,0,0,1,1,0,0,0,0,0,0,0,0,0,0,0,0,0,0,0,0,False
K7EJB9,349.0,1,1,234.0,234.0,0.670487106017192,1,0,1,0,0,0,1,0,0,0,0,0,0,0,0,0,0,0,0,0,0,0,0,False
O95707,220.0,1,1,60.0,60.0,0.2727272727272727,1,0,0,1,0,0,0,1,0,0,0,0,0,0,0,0,0,0,0,0,0,0,0,False
K7EK40,64.0,0,0,0.0,,0.0,0,0,0,0,0,0,0,0,0,0,0,0,0,0,0,0,0,0,0,0,0,0,0,False
D6W5Y5,297.0,1,1,68.0,68.0,0.22895622895622897,1,0,0,1,0,0,0,0,0,0,0,0,0,0,0,0,0,0,0,1,0,0,0,False
K7EKC9,86.0,0,0,0.0,,0.0,0,0,0,0,0,0,0,0,0,0,0,0,0,0,0,0,0,0,0,0,0,0,0,False
K7EKH9,261.0,1,1,97.0,97.0,0.3716475095785441,1,0,0,0,0,0,0,0,0,0,0,0,0,0,0,0,1,0,0,0,0,0,0,False
O00411,1230.0,1,1,99.0,99.0,0.08048780487804878,1,0,0,0,0,1,0,0,0,0,0,1,0,0,0,0,0,0,0,0,0,0,0,False
K7EL49,112.0,0,0,0.0,,0.0,0,0,0,0,0,0,0,0,0,0,0,0,0,0,0,0,0,0,0,0,0,0,0,False
K7EL95,136.0,0,0,0.0,,0.0,0,0,0,0,0,0,0,0,0,0,0,0,0,0,0,0,0,0,0,0,0,0,0,False
K7ELC4,79.0,0,0,0.0,,0.0,0,0,0,0,0,0,0,0,0,0,0,0,0,0,0,0,0,0,0,0,0,0,0,False
Q9BTD8,480.0,1,1,332.0,332.0,0.6916666666666667,1,0,0,1,0,0,0,0,0,0,0,1,0,0,0,0,0,0,0,0,0,0,0,False
Q9H840,131.0,0,0,0.0,,0.0,0,0,0,0,0,0,0,0,0,0,0,0,0,0,0,0,0,0,0,0,0,0,0,False
K7ENA8,289.0,0,0,0.0,,0.0,0,0,0,0,0,0,0,0,0,0,0,0,0,0,0,0,0,0,0,0,0,0,0,False
Q9NXH9,659.0,0,0,0.0,,0.0,0,0,0,0,0,0,0,0,0,0,0,0,0,0,0,0,0,0,0,0,0,0,0,False
K7EPB9,110.0,1,1,91.0,91.0,0.8272727272727273,1,0,0,0,0,0,1,0,0,0,0,0,0,0,0,0,0,0,0,0,0,0,0,False
K7EPH2,378.0,0,0,0.0,,0.0,0,0,0,0,0,0,0,0,0,0,0,0,0,0,0,0,0,0,0,0,0,0,0,False
Q9UKJ3,1502.0,3,3,1334.0,444.6666666666667,0.8881491344873502,3+,0,1,1,0,1,0,0,0,1,0,0,0,0,0,0,1,0,0,0,0,1,0,False
Q14587,947.0,0,0,0.0,,0.0,0,0,0,0,0,0,0,0,0,0,0,0,0,0,0,0,0,0,0,0,0,0,0,False
K7EQP2,53.0,0,0,0.0,,0.0,0,0,0,0,0,0,0,0,0,0,0,0,0,0,0,0,0,0,0,0,0,0,0,False
K7ER00,548.0,0,0,0.0,,0.0,0,0,0,0,0,0,0,0,0,0,0,0,0,0,0,0,0,0,0,0,0,0,0,False
K7ERG4,78.0,0,0,0.0,,0.0,0,0,0,0,0,0,0,0,0,0,0,0,0,0,0,0,0,0,0,0,0,0,0,False
M0QXD5,236.0,0,0,0.0,,0.0,0,0,0,0,0,0,0,0,0,0,0,0,0,0,0,0,0,0,0,0,0,0,0,False
O00267,1087.0,3,3,416.0,138.66666666666666,0.3827046918123275,3+,0,1,0,1,1,1,0,0,0,0,0,0,0,1,0,0,0,0,0,0,0,0,False
M0QXG5,101.0,0,0,0.0,,0.0,0,0,0,0,0,0,0,0,0,0,0,0,0,0,0,0,0,0,0,0,0,0,0,False
P39019,145.0,0,0,0.0,,0.0,0,0,0,0,0,0,0,0,0,0,0,0,0,0,0,0,0,0,0,0,0,0,0,False
Q9Y4Z0,139.0,1,1,40.0,40.0,0.28776978417266186,1,0,0,1,0,0,0,0,0,0,0,0,0,0,0,0,0,0,0,1,0,0,0,False
M0QY97,910.0,3,3,727.0,242.33333333333334,0.798901098901099,3+,0,0,1,0,1,0,0,0,0,0,1,0,0,1,0,0,0,0,1,0,0,0,False
M0QYX4,139.0,0,0,0.0,,0.0,0,0,0,0,0,0,0,0,0,0,0,0,0,0,0,0,0,0,0,0,0,0,0,False
M0QZ34,200.0,1,1,98.0,98.0,0.49,1,0,0,0,0,0,0,1,0,0,0,0,0,0,0,0,0,0,0,0,0,0,0,False
M0QZ76,72.0,0,0,0.0,,0.0,0,0,0,0,0,0,0,0,0,0,0,0,0,0,0,0,0,0,0,0,0,0,0,False
M0QZC5,118.0,0,0,0.0,,0.0,0,0,0,0,0,0,0,0,0,0,0,0,0,0,0,0,0,0,0,0,0,0,0,False
Q92979,244.0,0,0,0.0,,0.0,0,0,0,0,0,0,0,0,0,0,0,0,0,0,0,0,0,0,0,0,0,0,0,False
Q9ULX6,646.0,3,3,267.0,89.0,0.413312693498452,3+,0,1,1,0,1,1,0,0,1,0,0,1,0,0,0,0,0,0,0,0,0,0,False
M0R050,197.0,0,0,0.0,,0.0,0,0,0,0,0,0,0,0,0,0,0,0,0,0,0,0,0,0,0,0,0,0,0,False
A6NNF4,616.0,0,0,0.0,,0.0,0,0,0,0,0,0,0,0,0,0,0,0,0,0,0,0,0,0,0,0,0,0,0,False
M0R117,154.0,0,0,0.0,,0.0,0,0,0,0,0,0,0,0,0,0,0,0,0,0,0,0,0,0,0,0,0,0,0,False
P0DKX0,622.0,0,0,0.0,,0.0,0,0,0,0,0,0,0,0,0,0,0,0,0,0,0,0,0,0,0,0,0,0,0,False
M0R1H0,178.0,1,1,62.0,62.0,0.34831460674157305,1,0,0,1,0,0,0,0,0,0,0,0,0,0,0,0,0,0,0,1,0,0,0,False
Q15717,326.0,0,0,0.0,,0.0,0,0,0,0,0,0,0,0,0,0,0,0,0,0,0,0,0,0,0,0,0,0,0,False
M0R226,184.0,1,1,52.0,52.0,0.2826086956521739,1,0,0,0,0,1,0,0,0,0,0,0,0,0,1,0,0,0,0,0,0,0,0,False
G5E9R9,263.0,0,0,0.0,,0.0,0,0,0,0,0,0,0,0,0,0,0,0,0,0,0,0,0,0,0,0,0,0,0,False
Q9NW07,568.0,3,3,201.0,67.0,0.3538732394366197,3+,0,0,1,0,1,1,0,0,0,0,0,1,0,0,0,0,0,0,0,0,0,0,False
M0R2C6,588.0,1,1,34.0,34.0,0.05782312925170068,1,0,0,0,0,1,0,0,0,1,0,0,0,0,0,0,0,0,0,0,0,0,0,False
P62857,69.0,0,0,0.0,,0.0,0,0,0,0,0,0,0,0,0,0,0,0,0,0,0,0,0,0,0,0,0,0,0,False
Q9GZY0,626.0,1,1,77.0,77.0,0.12300319488817892,1,0,1,0,0,0,0,0,0,0,0,1,0,0,0,0,0,0,0,0,0,0,0,False
M0R2S1,138.0,0,0,0.0,,0.0,0,0,0,0,0,0,0,0,0,0,0,0,0,0,0,0,0,0,0,0,0,0,0,False
Q8WTR7,871.0,0,0,0.0,,0.0,0,0,0,0,0,0,0,0,0,0,0,0,0,0,0,0,0,0,0,0,0,0,0,False
P08621,437.0,2,2,204.0,102.0,0.4668192219679634,2,0,1,0,0,1,0,0,0,0,0,0,0,0,0,0,1,0,0,1,0,0,0,False
Q9Y230,463.0,0,0,0.0,,0.0,0,0,0,0,0,0,0,0,0,0,0,0,0,0,0,0,0,0,0,0,0,0,0,False
R4GMQ7,143.0,0,0,0.0,,0.0,0,0,0,0,0,0,0,0,0,0,0,0,0,0,0,0,0,0,0,0,0,0,0,False
R4GMW4,75.0,0,0,0.0,,0.0,0,0,0,0,0,0,0,0,0,0,0,0,0,0,0,0,0,0,0,0,0,0,0,False
A6NHQ2,334.0,1,1,75.0,75.0,0.2245508982035928,1,0,0,1,0,0,0,0,0,0,0,0,0,0,0,0,0,0,0,1,0,0,0,False
R4GMX9,53.0,0,0,0.0,,0.0,0,0,0,0,0,0,0,0,0,0,0,0,0,0,0,0,0,0,0,0,0,0,0,False
Q96T37,977.0,3,4,499.0,124.75,0.510747185261003,3+,0,1,0,1,1,0,0,0,0,0,0,1,0,0,0,0,0,0,0,0,1,0,False
R4GNH1,168.0,1,1,160.0,160.0,0.9523809523809523,1,0,0,0,0,0,0,0,0,0,0,0,0,0,0,0,1,0,0,0,0,0,0,False
Q9UKT8,454.0,0,0,0.0,,0.0,0,0,0,0,0,0,0,0,0,0,0,0,0,0,0,0,0,0,0,0,0,0,0,False
Q5TEC6,136.0,0,0,0.0,,0.0,0,0,0,0,0,0,0,0,0,0,0,0,0,0,0,0,0,0,0,0,0,0,0,False
Q96B70,501.0,2,2,251.0,125.5,0.500998003992016,2,0,1,0,0,0,0,0,0,0,0,1,1,0,0,0,0,0,0,0,0,0,0,False
A6NFI3,1004.0,3,3,331.0,110.33333333333333,0.3296812749003984,3+,0,0,1,1,1,1,0,0,0,0,0,1,0,0,0,0,0,0,0,0,0,0,False
Q96EH8,262.0,0,0,0.0,,0.0,0,0,0,0,0,0,0,0,0,0,0,0,0,0,0,0,0,0,0,0,0,0,0,False
A0A024R214,626.0,1,1,193.0,193.0,0.3083067092651757,1,0,0,0,0,1,0,0,0,0,0,1,0,0,0,0,0,0,0,0,0,0,0,False
A0A087WUV0,522.0,1,1,90.0,90.0,0.1724137931034483,1,0,0,1,0,0,1,0,0,0,0,0,0,0,0,0,0,0,0,0,0,0,0,False
A0A087WVF4,1798.0,3,3,872.0,290.6666666666667,0.4849833147942158,3+,0,0,0,0,1,1,0,0,0,0,0,0,0,1,0,0,0,0,0,0,1,0,False
Q9Y2R4,599.0,2,2,140.0,70.0,0.2337228714524207,2,0,0,1,0,0,0,0,0,0,1,0,0,0,0,0,0,0,0,0,0,0,0,False
Q86XI8,627.0,0,0,0.0,,0.0,0,0,0,0,0,0,0,0,0,0,0,0,0,0,0,0,0,0,0,0,0,0,0,False
Q3SXZ3,478.0,0,0,0.0,,0.0,0,0,0,0,0,0,0,0,0,0,0,0,0,0,0,0,0,0,0,0,0,0,0,False
A0A024RCN4,479.0,1,1,136.0,136.0,0.2839248434237996,1,0,0,1,0,0,0,0,0,0,0,1,0,0,0,0,0,0,0,0,0,0,0,False
A0A087WYR5,438.0,0,0,0.0,,0.0,0,0,0,0,0,0,0,0,0,0,0,0,0,0,0,0,0,0,0,0,0,0,0,False
O94761,1208.0,2,2,79.0,39.5,0.06539735099337748,2,0,0,0,0,1,1,0,0,0,0,0,1,0,0,0,0,0,0,0,0,0,0,False
A0A087X0J2,248.0,0,0,0.0,,0.0,0,0,0,0,0,0,0,0,0,0,0,0,0,0,0,0,0,0,0,0,0,0,0,False
A0A0D9SF53,733.0,2,2,188.0,94.0,0.25648021828103684,2,0,0,1,0,1,0,0,0,0,0,0,0,0,0,0,0,0,0,1,0,1,0,False
S4R469,234.0,1,1,47.0,47.0,0.20085470085470086,1,0,0,1,0,0,0,0,0,0,0,0,1,0,0,0,0,0,0,0,0,0,0,False
A0A0D9SFM0,1687.0,2,2,112.0,56.0,0.06639004149377593,2,0,0,0,0,1,1,0,0,0,1,0,0,0,0,0,0,0,0,0,0,0,0,False
A0A1W2PPH5,198.0,1,1,64.0,64.0,0.32323232323232326,1,0,0,0,0,0,0,0,0,0,0,1,0,0,0,0,0,0,0,0,0,0,0,False
A0A286YFD1,2093.0,0,0,0.0,,0.0,0,0,0,0,0,0,0,0,0,0,0,0,0,0,0,0,0,0,0,0,0,0,0,False
A0A2R8Y4L2,320.0,1,1,123.0,123.0,0.384375,1,0,1,0,0,0,0,0,0,0,0,0,0,0,0,0,0,0,0,1,0,0,0,False
Q9HBD4,1679.0,3,3,1016.0,338.6666666666667,0.6051220964860036,3+,0,1,0,0,1,0,0,0,0,0,0,0,0,1,0,1,0,0,0,0,0,0,False
A0A2R8Y6W8,807.0,2,2,84.0,42.0,0.10408921933085502,2,0,0,1,1,0,1,0,0,0,0,0,0,0,0,0,0,0,0,0,0,0,0,False
Q14839,1912.0,3,6,816.0,136.0,0.42677824267782427,3+,0,0,0,0,1,1,0,0,0,0,1,1,0,0,0,0,0,0,0,0,1,0,False
Q9BYX4,1025.0,2,2,125.0,62.5,0.12195121951219512,2,0,0,1,1,0,1,0,0,0,0,0,0,0,1,0,0,0,0,0,0,0,0,False
A6NKG5,1358.0,3,3,222.0,74.0,0.1634756995581738,3+,0,0,0,0,1,1,0,0,0,0,0,0,0,1,0,0,0,0,0,0,0,0,False
Q9ULG1,1556.0,3,3,544.0,181.33333333333334,0.3496143958868895,3+,0,0,0,0,1,0,0,0,0,1,1,0,0,0,0,0,0,0,0,0,0,0,False
P38919,411.0,0,0,0.0,,0.0,0,0,0,0,0,0,0,0,0,0,0,0,0,0,0,0,0,0,0,0,0,0,0,False
Q99608,321.0,1,1,63.0,63.0,0.19626168224299065,1,0,0,0,0,0,0,0,0,0,0,0,1,0,0,0,0,0,0,0,0,0,0,False
A0A494C0I1,1111.0,0,0,0.0,,0.0,0,0,0,0,0,0,0,0,0,0,0,0,0,0,0,0,0,0,0,0,0,0,0,False
A0A494C1N8,1116.0,0,0,0.0,,0.0,0,0,0,0,0,0,0,0,0,0,0,0,0,0,0,0,0,0,0,0,0,0,0,False
A0A590UJW6,1086.0,2,2,880.0,440.0,0.8103130755064457,2,0,1,0,1,0,0,0,0,0,0,0,1,0,1,0,0,0,0,0,0,0,0,False
A0A5F9ZHS7,289.0,0,0,0.0,,0.0,0,0,0,0,0,0,0,0,0,0,0,0,0,0,0,0,0,0,0,0,0,0,0,False
A0A7I2V5M7,476.0,3,3,172.0,57.333333333333336,0.36134453781512604,3+,0,0,1,1,0,1,0,0,0,0,0,1,0,0,0,0,0,0,1,0,0,0,False
A0A804HKV4,723.0,0,0,0.0,,0.0,0,0,0,0,0,0,0,0,0,0,0,0,0,0,0,0,0,0,0,0,0,0,0,False
A0A8I5KX04,1686.0,3,4,700.0,175.0,0.4151838671411625,3+,0,1,0,1,1,1,0,0,1,0,0,1,0,0,0,0,0,0,0,0,1,0,False
A0A8I5KNN2,808.0,2,2,219.0,109.5,0.27103960396039606,2,0,0,1,0,0,0,0,0,0,0,0,0,0,0,0,1,0,0,1,0,0,0,False
A0A8I5KY89,167.0,0,0,0.0,,0.0,0,0,0,0,0,0,0,0,0,0,0,0,0,0,0,0,0,0,0,0,0,0,0,False
A0A8I5KWK6,331.0,0,0,0.0,,0.0,0,0,0,0,0,0,0,0,0,0,0,0,0,0,0,0,0,0,0,0,0,0,0,False
A0A8I5KSH6,925.0,2,2,391.0,195.5,0.4227027027027027,2,0,0,1,0,1,0,0,0,0,1,1,0,0,0,0,0,0,0,0,0,0,0,False
A0A8I5KVU2,1735.0,2,2,1074.0,537.0,0.6190201729106628,2,0,0,1,0,1,0,0,0,0,0,1,0,0,0,0,0,0,0,0,0,0,0,False
A0A8Q3WL03,351.0,0,0,0.0,,0.0,0,0,0,0,0,0,0,0,0,0,0,0,0,0,0,0,0,0,0,0,0,0,0,False
A0A8V8TR54,2114.0,3,10,791.0,79.1,0.3741721854304636,3+,0,0,0,0,1,1,1,0,0,0,1,1,0,0,0,0,0,0,0,0,0,0,False
A0A994J6B2,331.0,0,0,0.0,,0.0,0,0,0,0,0,0,0,0,0,0,0,0,0,0,0,0,0,0,0,0,0,0,0,False
A0ABB0MN55,322.0,1,1,124.0,124.0,0.38509316770186336,1,0,0,1,0,0,0,0,0,0,0,0,0,0,0,0,0,0,0,1,0,0,0,False
A0A994J7T5,750.0,3,3,73.0,24.333333333333332,0.09733333333333333,3+,0,0,1,1,1,0,1,0,0,0,0,1,0,1,0,0,0,0,0,0,0,0,False
A0AA34QW03,678.0,2,2,126.0,63.0,0.18584070796460178,2,0,0,1,0,1,0,0,0,1,0,0,0,0,0,0,0,0,0,1,0,0,0,False
Q5T890,1561.0,1,1,637.0,637.0,0.4080717488789238,1,0,0,0,0,1,0,0,0,0,0,0,0,0,0,0,1,0,0,0,0,0,0,False
A0ABB0MV08,369.0,1,1,149.0,149.0,0.4037940379403794,1,0,1,0,0,0,0,0,0,0,0,0,0,0,1,0,0,0,0,0,0,0,0,False
A0ABB0MVJ3,604.0,0,0,0.0,,0.0,0,0,0,0,0,0,0,0,0,0,0,0,0,0,0,0,0,0,0,0,0,0,0,False
A0ACI8QGH0,324.0,0,0,0.0,,0.0,0,0,0,0,0,0,0,0,0,0,0,0,0,0,0,0,0,0,0,0,0,0,0,False
A0ACI8Q0P4,829.0,3,3,495.0,165.0,0.5971049457177322,3+,0,0,1,1,0,0,0,0,1,0,0,0,0,0,0,1,0,0,0,0,1,0,False
A0ACI8UUW5,527.0,0,0,0.0,,0.0,0,0,0,0,0,0,0,0,0,0,0,0,0,0,0,0,0,0,0,0,0,0,0,False
A0ACI8P9Y7,1707.0,1,1,26.0,26.0,0.015231400117164616,1,0,0,0,1,0,0,0,0,0,1,0,0,0,0,0,0,0,0,0,0,0,0,False
A0ACI8RQX4,1349.0,1,1,286.0,286.0,0.21200889547813195,1,0,0,0,0,1,0,0,0,1,0,0,0,0,0,0,0,0,0,0,0,0,0,False
A0ACI8RL22,1967.0,2,2,310.0,155.0,0.157600406710727,2,1,0,0,0,1,0,0,0,0,0,1,0,0,0,0,0,0,0,0,0,0,0,False
A0ACI8PJP7,596.0,1,1,432.0,432.0,0.7248322147651006,1,0,1,0,0,0,0,0,0,0,0,0,0,0,1,0,0,0,0,0,0,0,0,False
A0ACI8PI13,378.0,0,0,0.0,,0.0,0,0,0,0,0,0,0,0,0,0,0,0,0,0,0,0,0,0,0,0,0,0,0,False
A0ACI8S0C5,927.0,1,1,155.0,155.0,0.16720604099244876,1,0,0,0,0,1,0,0,0,0,0,0,0,0,0,0,1,0,0,0,0,0,0,False
A0ACI8PIT5,456.0,0,0,0.0,,0.0,0,0,0,0,0,0,0,0,0,0,0,0,0,0,0,0,0,0,0,0,0,0,0,False
A0ACI8UGJ8,626.0,1,1,50.0,50.0,0.07987220447284345,1,0,0,0,0,1,0,0,0,1,0,0,0,0,0,0,0,0,0,0,0,0,0,False
A0ACI8Q806,498.0,1,1,246.0,246.0,0.4939759036144578,1,0,0,0,0,1,0,0,0,1,0,0,0,0,0,0,0,0,0,0,0,0,0,False
A0ACI8QTQ5,1388.0,3,4,470.0,117.5,0.33861671469740634,3+,0,0,1,0,1,1,0,0,1,0,0,0,0,0,0,0,0,0,0,0,1,0,False
A0ACI8RI26,764.0,2,2,402.0,201.0,0.5261780104712042,2,0,0,1,1,0,1,0,0,0,1,0,0,0,0,0,0,0,0,0,0,0,0,False
A0ACI8PUZ8,1375.0,3,3,317.0,105.66666666666667,0.23054545454545455,3+,0,1,0,0,1,1,0,0,0,0,0,1,0,0,0,1,0,0,0,0,0,0,False
A0ACI8PR05,399.0,1,1,179.0,179.0,0.44862155388471175,1,0,1,0,0,0,0,0,0,0,0,0,0,0,0,0,1,0,0,0,0,0,0,False
A0ACI8RSP0,320.0,1,1,31.0,31.0,0.096875,1,0,1,0,0,0,0,0,0,0,0,0,0,0,0,0,0,0,0,1,0,0,0,False
A0ACI8PX57,378.0,1,1,181.0,181.0,0.47883597883597884,1,0,1,0,0,0,0,0,0,0,0,0,0,0,0,0,0,0,0,1,0,0,0,False
A0ACI8RLL6,729.0,1,1,44.0,44.0,0.06035665294924554,1,0,0,0,0,1,0,0,0,0,0,0,1,0,0,0,0,0,0,0,0,0,0,False
A0ACI8R3H8,616.0,0,0,0.0,,0.0,0,0,0,0,0,0,0,0,0,0,0,0,0,0,0,0,0,0,0,0,0,0,0,False
A0ACI8QH16,558.0,0,0,0.0,,0.0,0,0,0,0,0,0,0,0,0,0,0,0,0,0,0,0,0,0,0,0,0,0,0,False
A0ACI8PT71,1306.0,0,0,0.0,,0.0,0,0,0,0,0,0,0,0,0,0,0,0,0,0,0,0,0,0,0,0,0,0,0,False
A0ACI8RWF6,608.0,0,0,0.0,,0.0,0,0,0,0,0,0,0,0,0,0,0,0,0,0,0,0,0,0,0,0,0,0,0,False
A0ACI8S5H4,1122.0,0,0,0.0,,0.0,0,0,0,0,0,0,0,0,0,0,0,0,0,0,0,0,0,0,0,0,0,0,0,False
A0ACI8QV99,461.0,0,0,0.0,,0.0,0,0,0,0,0,0,0,0,0,0,0,0,0,0,0,0,0,0,0,0,0,0,0,False
A0ACI8PVP6,744.0,1,1,173.0,173.0,0.2325268817204301,1,0,0,1,0,0,0,0,0,0,0,1,0,0,0,0,0,0,0,0,0,0,0,False
A0ACI8RTZ8,489.0,1,1,62.0,62.0,0.12678936605316973,1,0,0,0,0,1,0,1,0,0,0,0,0,0,0,0,0,0,0,0,0,0,0,False
A0ACI8Q0B4,287.0,0,0,0.0,,0.0,0,0,0,0,0,0,0,0,0,0,0,0,0,0,0,0,0,0,0,0,0,0,0,False
A0ACI8RMB5,1003.0,3,3,116.0,38.666666666666664,0.1156530408773679,3+,0,0,1,1,1,1,0,0,0,1,0,1,0,0,0,0,0,0,0,0,0,0,False
A0ACI8Q010,418.0,0,0,0.0,,0.0,0,0,0,0,0,0,0,0,0,0,0,0,0,0,0,0,0,0,0,0,0,0,0,False
A0ACI8R7Y8,131.0,0,0,0.0,,0.0,0,0,0,0,0,0,0,0,0,0,0,0,0,0,0,0,0,0,0,0,0,0,0,False
A0ACI8QLY8,321.0,2,2,116.0,58.0,0.3613707165109034,2,1,0,1,0,0,0,0,0,0,0,0,1,0,0,0,0,0,0,1,0,0,0,False
A0ACI8S180,136.0,0,0,0.0,,0.0,0,0,0,0,0,0,0,0,0,0,0,0,0,0,0,0,0,0,0,0,0,0,0,False
A0ACI8QBP4,358.0,0,0,0.0,,0.0,0,0,0,0,0,0,0,0,0,0,0,0,0,0,0,0,0,0,0,0,0,0,0,False
A0ACI8QA17,371.0,1,1,22.0,22.0,0.05929919137466307,1,0,0,1,0,0,0,1,0,0,0,0,0,0,0,0,0,0,0,0,0,0,0,False
A0ACI8QUJ1,752.0,1,1,25.0,25.0,0.03324468085106383,1,0,0,0,0,1,0,0,0,0,0,0,1,0,0,0,0,0,0,0,0,0,0,False
A0ACI8SAU3,2066.0,1,1,496.0,496.0,0.24007744433688286,1,0,0,0,0,1,0,0,0,0,0,0,0,0,0,0,1,0,0,0,0,0,0,False
A0ACI8QHW6,749.0,2,2,45.0,22.5,0.06008010680907877,2,0,0,0,1,1,0,0,0,0,0,0,1,0,0,0,0,0,0,0,0,0,0,False
A0ACI8SBH9,480.0,0,0,0.0,,0.0,0,0,0,0,0,0,0,0,0,0,0,0,0,0,0,0,0,0,0,0,0,0,0,False
A0ACI8RHW9,182.0,0,0,0.0,,0.0,0,0,0,0,0,0,0,0,0,0,0,0,0,0,0,0,0,0,0,0,0,0,0,False
A0ACI8RX58,750.0,3,4,503.0,125.75,0.6706666666666666,3+,0,1,1,0,1,1,0,0,0,0,1,0,0,0,0,0,0,0,1,0,0,0,False
A0ACI8RCQ9,534.0,1,1,40.0,40.0,0.0749063670411985,1,0,0,0,1,0,1,0,0,0,0,0,0,0,0,0,0,0,0,0,0,0,0,False
A0ACI8QNN6,701.0,1,1,156.0,156.0,0.2225392296718973,1,0,0,1,0,0,0,0,0,0,0,0,1,0,0,0,0,0,0,0,0,0,0,False
A0ACI8RR28,918.0,3,3,218.0,72.66666666666667,0.2374727668845316,3+,0,0,1,1,0,0,0,0,0,0,0,1,0,0,0,0,0,0,1,0,0,0,False
A0ACI8QU73,864.0,2,2,194.0,97.0,0.22453703703703703,2,0,0,1,0,1,0,0,0,0,1,0,0,0,0,0,1,0,0,0,0,0,0,False
A0ACI8R7A3,356.0,1,1,77.0,77.0,0.21629213483146068,1,0,0,0,0,1,0,0,0,0,0,1,0,0,0,0,0,0,0,0,0,0,0,False
A0ACI8QY88,715.0,3,3,314.0,104.66666666666667,0.43916083916083914,3+,0,0,0,0,1,0,0,0,0,0,1,1,0,0,0,0,0,0,0,0,0,0,True
A0ACI8SEY7,629.0,1,1,121.0,121.0,0.19236883942766295,1,0,0,0,0,1,0,0,0,0,0,1,0,0,0,0,0,0,0,0,0,0,0,False
A0ACI8S113,1253.0,3,3,473.0,157.66666666666666,0.37749401436552277,3+,0,0,1,0,1,0,0,0,1,0,0,0,0,0,0,1,0,0,0,0,1,0,False
A0ACI8S5T8,488.0,1,1,94.0,94.0,0.19262295081967212,1,0,0,1,0,0,0,0,0,0,0,0,0,0,1,0,0,0,0,0,0,0,0,False
A0ACI8SSD0,670.0,0,0,0.0,,0.0,0,0,0,0,0,0,0,0,0,0,0,0,0,0,0,0,0,0,0,0,0,0,0,False
A0ACI8SJI5,941.0,0,0,0.0,,0.0,0,0,0,0,0,0,0,0,0,0,0,0,0,0,0,0,0,0,0,0,0,0,0,False
A0ACI8SJX5,1048.0,1,1,162.0,162.0,0.15458015267175573,1,0,0,1,0,0,0,0,0,0,0,0,0,0,0,0,1,0,0,0,0,0,0,False
A0ACI8SL57,162.0,1,1,111.0,111.0,0.6851851851851852,1,0,1,0,0,0,0,1,0,0,0,0,0,0,0,0,0,0,0,0,0,0,0,False
A0ACI8SMB7,682.0,0,0,0.0,,0.0,0,0,0,0,0,0,0,0,0,0,0,0,0,0,0,0,0,0,0,0,0,0,0,False
A0ACI8SNF6,153.0,1,1,38.0,38.0,0.24836601307189543,1,0,1,0,0,0,0,0,0,0,1,0,0,0,0,0,0,0,0,0,0,0,0,False
A0ACI8SPJ0,2147.0,1,1,49.0,49.0,0.022822543083372147,1,0,0,0,1,0,1,0,0,0,0,0,0,0,0,0,0,0,0,0,0,0,0,False
A0ACI8SQV4,211.0,1,1,69.0,69.0,0.32701421800947866,1,0,0,0,0,1,0,0,0,0,0,0,0,0,0,0,0,0,0,1,0,0,0,False
A0ACI8SRT4,223.0,0,0,0.0,,0.0,0,0,0,0,0,0,0,0,0,0,0,0,0,0,0,0,0,0,0,0,0,0,0,False
A0ACI8SRJ7,322.0,1,1,20.0,20.0,0.062111801242236024,1,0,0,1,0,0,1,0,0,0,0,0,0,0,0,0,0,0,0,0,0,0,0,False
P51814,821.0,2,2,69.0,34.5,0.08404384896467722,2,0,0,1,0,0,0,0,0,1,0,0,0,0,0,0,0,0,0,0,0,0,0,False
A0ACI8SUQ9,100.0,0,0,0.0,,0.0,0,0,0,0,0,0,0,0,0,0,0,0,0,0,0,0,0,0,0,0,0,0,0,False
A0ACI8SXP5,451.0,2,2,119.0,59.5,0.2638580931263858,2,0,0,0,0,1,0,0,0,1,0,0,0,0,1,0,0,0,0,0,0,0,0,False
A0ACI8SYT5,674.0,1,1,142.0,142.0,0.21068249258160238,1,0,0,0,0,1,0,0,0,0,0,0,0,0,0,0,1,0,0,0,0,0,0,False
A0ACI8SZ27,721.0,1,1,77.0,77.0,0.10679611650485436,1,0,0,0,0,1,0,0,0,0,1,0,0,0,0,0,0,0,0,0,0,0,0,False
A0ACI8T088,675.0,0,0,0.0,,0.0,0,0,0,0,0,0,0,0,0,0,0,0,0,0,0,0,0,0,0,0,0,0,0,False
A0ACI8T0E0,161.0,0,0,0.0,,0.0,0,0,0,0,0,0,0,0,0,0,0,0,0,0,0,0,0,0,0,0,0,0,0,False
A0ACI8T1C0,544.0,0,0,0.0,,0.0,0,0,0,0,0,0,0,0,0,0,0,0,0,0,0,0,0,0,0,0,0,0,0,False
A0ACI8T471,409.0,0,0,0.0,,0.0,0,0,0,0,0,0,0,0,0,0,0,0,0,0,0,0,0,0,0,0,0,0,0,False
A0ACI8T6P5,600.0,0,0,0.0,,0.0,0,0,0,0,0,0,0,0,0,0,0,0,0,0,0,0,0,0,0,0,0,0,0,False
A0ACI8T823,380.0,1,1,101.0,101.0,0.2657894736842105,1,0,0,0,0,1,0,0,0,0,0,1,0,0,0,0,0,0,0,0,0,0,0,False
A0ACI8T7F0,1068.0,0,0,0.0,,0.0,0,0,0,0,0,0,0,0,0,0,0,0,0,0,0,0,0,0,0,0,0,0,0,False
A0ACI8T9E2,234.0,1,1,45.0,45.0,0.19230769230769232,1,0,0,1,0,0,0,0,0,0,0,0,0,0,0,0,0,0,0,1,0,0,0,False
A0ACI8TCF1,435.0,0,0,0.0,,0.0,0,0,0,0,0,0,0,0,0,0,0,0,0,0,0,0,0,0,0,0,0,0,0,False
A0ACI8TFG6,1552.0,1,1,259.0,259.0,0.16688144329896906,1,0,0,0,1,0,0,0,0,0,0,0,0,0,0,0,1,0,0,0,0,0,0,False
A0ACI8TEP7,818.0,0,0,0.0,,0.0,0,0,0,0,0,0,0,0,0,0,0,0,0,0,0,0,0,0,0,0,0,0,0,False
A0ACI8TH72,1111.0,0,0,0.0,,0.0,0,0,0,0,0,0,0,0,0,0,0,0,0,0,0,0,0,0,0,0,0,0,0,False
A0ACI8TIT4,488.0,0,0,0.0,,0.0,0,0,0,0,0,0,0,0,0,0,0,0,0,0,0,0,0,0,0,0,0,0,0,False
A0ACI8TJ61,193.0,0,0,0.0,,0.0,0,0,0,0,0,0,0,0,0,0,0,0,0,0,0,0,0,0,0,0,0,0,0,False
A0ACI8TJP2,2207.0,0,0,0.0,,0.0,0,0,0,0,0,0,0,0,0,0,0,0,0,0,0,0,0,0,0,0,0,0,0,False
A0ACI8TLS0,550.0,1,1,52.0,52.0,0.09454545454545454,1,0,0,1,0,0,0,1,0,0,0,0,0,0,0,0,0,0,0,0,0,0,0,False
A0ACI8TLG3,1044.0,0,0,0.0,,0.0,0,0,0,0,0,0,0,0,0,0,0,0,0,0,0,0,0,0,0,0,0,0,0,False
A0ACI8TLM1,106.0,1,1,38.0,38.0,0.3584905660377358,1,0,1,0,0,0,0,0,0,0,0,0,0,0,0,0,0,0,0,0,0,1,0,False
A0ACI8TML7,1201.0,1,1,113.0,113.0,0.09408825978351373,1,0,0,0,0,1,0,0,0,0,0,0,0,0,0,0,1,0,0,0,0,0,0,False
A0ACI8TNP0,654.0,0,0,0.0,,0.0,0,0,0,0,0,0,0,0,0,0,0,0,0,0,0,0,0,0,0,0,0,0,0,False
A0ACI8TN08,998.0,2,2,342.0,171.0,0.342685370741483,2,0,0,0,0,1,0,0,0,1,0,0,0,0,1,0,0,0,0,0,0,0,0,False
A0ACI8TMU3,1055.0,2,2,185.0,92.5,0.17535545023696683,2,0,0,1,0,1,0,0,0,0,0,1,0,0,0,0,1,0,0,0,0,0,0,False
A0ACI8TNW3,757.0,0,0,0.0,,0.0,0,0,0,0,0,0,0,0,0,0,0,0,0,0,0,0,0,0,0,0,0,0,0,False
A0ACI8TQP9,2591.0,2,2,518.0,259.0,0.19992280972597454,2,0,0,0,0,1,0,0,0,0,0,1,0,0,0,0,0,0,0,0,0,1,0,False
A0ACI8TQS2,3008.0,3,12,1271.0,105.91666666666667,0.42253989361702127,3+,0,1,0,1,1,1,1,0,1,0,1,1,0,0,0,0,0,0,0,0,0,1,False
A0ACI8TSN5,252.0,1,1,65.0,65.0,0.25793650793650796,1,0,1,0,0,0,0,0,0,0,1,0,0,0,0,0,0,0,0,0,0,0,0,False
A0ACI8TS68,376.0,0,0,0.0,,0.0,0,0,0,0,0,0,0,0,0,0,0,0,0,0,0,0,0,0,0,0,0,0,0,False
A0ACI8TS18,1048.0,1,1,315.0,315.0,0.3005725190839695,1,0,0,1,0,0,0,0,0,0,0,0,0,0,0,0,1,0,0,0,0,0,0,False
A0ACI8TUA9,638.0,3,4,200.0,50.0,0.31347962382445144,3+,0,0,1,0,1,1,0,0,0,0,0,0,0,0,0,0,0,0,1,0,0,0,False
A0ACI8TSY6,1461.0,3,3,265.0,88.33333333333333,0.18138261464750172,3+,0,1,1,1,0,0,0,0,1,0,0,1,0,0,0,1,0,0,0,0,0,0,False
A0ACI8TTG6,937.0,0,0,0.0,,0.0,0,0,0,0,0,0,0,0,0,0,0,0,0,0,0,0,0,0,0,0,0,0,0,False
A0ACI8TUB7,259.0,2,2,63.0,31.5,0.24324324324324326,2,0,0,0,0,0,1,0,0,0,0,0,0,0,0,0,0,0,0,0,0,0,0,False
A0ACI8TXE9,1448.0,2,2,742.0,371.0,0.5124309392265194,2,0,1,1,0,0,0,0,0,0,0,1,0,0,0,0,0,0,0,0,0,0,0,False
A0ACI8TWM6,905.0,1,1,295.0,295.0,0.3259668508287293,1,0,1,0,0,0,0,0,0,0,0,0,0,0,0,0,0,0,0,1,0,0,0,False
A0ACI8TZ93,399.0,1,1,14.0,14.0,0.03508771929824561,1,0,0,0,0,1,0,0,0,0,0,0,1,0,0,0,0,0,0,0,0,0,0,False
A0ACI8TZD7,856.0,2,2,128.0,64.0,0.14953271028037382,2,0,0,0,0,1,0,0,0,1,0,0,0,0,0,0,1,0,0,0,0,0,0,False
A0ACI8TZE9,712.0,1,1,265.0,265.0,0.37219101123595505,1,0,0,1,0,0,0,0,0,0,0,0,0,0,1,0,0,0,0,0,0,0,0,False
A0ACI8U1B9,902.0,3,3,330.0,110.0,0.36585365853658536,3+,1,0,0,1,1,1,0,0,0,1,0,0,0,0,0,0,0,0,1,0,0,0,False
A0ACI8U399,786.0,2,2,402.0,201.0,0.5114503816793893,2,0,0,1,0,0,0,0,0,0,1,1,0,0,0,0,0,0,0,0,0,0,0,False
A0ACI8U6C5,1066.0,3,3,201.0,67.0,0.18855534709193245,3+,0,0,0,0,1,1,0,0,0,1,0,1,0,0,0,0,0,0,0,0,0,0,False
A0ACI8U804,2104.0,1,1,22.0,22.0,0.010456273764258554,1,0,0,0,0,1,0,0,0,0,0,0,0,0,0,1,0,0,0,0,0,0,0,False
A0ACI8U7J9,978.0,2,2,423.0,211.5,0.4325153374233129,2,0,0,0,0,0,0,0,0,0,0,1,0,0,0,0,0,0,0,0,0,0,0,False
A0ACI8UB86,209.0,1,1,75.0,75.0,0.3588516746411483,1,1,0,0,0,0,0,0,0,0,1,0,0,0,0,0,0,0,0,0,0,0,0,False
A0ACI8UBI1,253.0,0,0,0.0,,0.0,0,0,0,0,0,0,0,0,0,0,0,0,0,0,0,0,0,0,0,0,0,0,0,False
A0ACI8UDX5,454.0,0,0,0.0,,0.0,0,0,0,0,0,0,0,0,0,0,0,0,0,0,0,0,0,0,0,0,0,0,0,False
A0ACI8UEC4,719.0,0,0,0.0,,0.0,0,0,0,0,0,0,0,0,0,0,0,0,0,0,0,0,0,0,0,0,0,0,0,False
A0ACI8UES1,422.0,2,2,86.0,43.0,0.2037914691943128,2,0,1,1,0,0,0,0,0,0,0,0,0,0,1,0,0,0,0,1,0,0,0,False
A0ACI8UJW4,514.0,0,0,0.0,,0.0,0,0,0,0,0,0,0,0,0,0,0,0,0,0,0,0,0,0,0,0,0,0,0,False
A0ACI8UNX3,1077.0,3,3,206.0,68.66666666666667,0.19127205199628597,3+,0,0,1,0,1,0,0,0,0,1,0,1,0,0,0,1,0,0,0,0,0,0,False
A0ACI8UQC4,506.0,0,0,0.0,,0.0,0,0,0,0,0,0,0,0,0,0,0,0,0,0,0,0,0,0,0,0,0,0,0,False
A0ACI8UMC2,837.0,1,1,32.0,32.0,0.038231780167264036,1,0,0,0,0,0,1,0,0,0,0,0,0,0,0,0,0,0,0,0,0,0,0,False
A0ACI8USR5,685.0,1,1,44.0,44.0,0.06423357664233577,1,0,0,0,1,0,0,0,0,0,0,1,0,0,0,0,0,0,0,0,0,0,0,False
A0ACI8USX5,720.0,0,0,0.0,,0.0,0,0,0,0,0,0,0,0,0,0,0,0,0,0,0,0,0,0,0,0,0,0,0,False
A0ACI8UTL7,402.0,1,1,344.0,344.0,0.8557213930348259,1,0,1,0,0,0,0,0,0,0,0,0,0,0,0,0,0,0,0,1,0,0,0,False
A0ACI8V0W0,822.0,0,0,0.0,,0.0,0,0,0,0,0,0,0,0,0,0,0,0,0,0,0,0,0,0,0,0,0,0,0,False
A0ACI8UZB3,1252.0,1,1,98.0,98.0,0.07827476038338659,1,0,0,1,0,0,0,0,0,0,0,0,0,0,0,0,0,0,0,0,0,1,0,False
A0ACI8V5N8,552.0,1,1,40.0,40.0,0.07246376811594203,1,0,0,0,0,1,0,1,0,0,0,0,0,0,0,0,0,0,0,0,0,0,0,False
A0ACI8V583,621.0,2,2,409.0,204.5,0.6586151368760065,2,0,1,0,0,1,0,0,0,0,0,0,0,0,0,0,1,0,0,0,0,1,0,False
A0ACI8VA32,1280.0,0,0,0.0,,0.0,0,0,0,0,0,0,0,0,0,0,0,0,0,0,0,0,0,0,0,0,0,0,0,False
A0ACI8V6J3,1329.0,0,0,0.0,,0.0,0,0,0,0,0,0,0,0,0,0,0,0,0,0,0,0,0,0,0,0,0,0,0,False
A0ACI8V831,462.0,0,0,0.0,,0.0,0,0,0,0,0,0,0,0,0,0,0,0,0,0,0,0,0,0,0,0,0,0,0,False
A0ACI8VCM9,1180.0,3,4,722.0,180.5,0.611864406779661,3+,0,0,1,1,0,1,0,0,0,0,1,1,0,0,0,0,0,0,0,0,0,0,False
A0ACI8VFS1,923.0,2,2,321.0,160.5,0.3477789815817985,2,0,0,1,0,1,1,0,0,0,0,1,0,0,0,0,0,0,0,0,0,0,0,False
A0ACI8VAV8,1149.0,1,1,413.0,413.0,0.35944299390774587,1,0,0,0,0,1,0,0,0,0,0,1,0,0,0,0,0,0,0,0,0,0,0,False
A0ACI8VGW3,659.0,0,0,0.0,,0.0,0,0,0,0,0,0,0,0,0,0,0,0,0,0,0,0,0,0,0,0,0,0,0,False
A0ACI8VCL2,816.0,0,0,0.0,,0.0,0,0,0,0,0,0,0,0,0,0,0,0,0,0,0,0,0,0,0,0,0,0,0,False
A0ACI8VD15,1437.0,1,1,208.0,208.0,0.14474599860821155,1,0,0,1,0,0,1,0,0,0,0,0,0,0,0,0,0,0,0,0,0,0,0,False
A0ACI8VQD2,1043.0,2,2,264.0,132.0,0.25311601150527324,2,0,0,0,1,0,1,0,0,0,0,1,0,0,0,0,0,0,0,0,0,0,0,False
A0ACI8VSD4,674.0,1,1,87.0,87.0,0.129080118694362,1,0,0,0,1,0,0,0,0,0,0,1,0,0,0,0,0,0,0,0,0,0,0,False
A0A087WZ13,739.0,2,2,214.0,107.0,0.2895805142083897,2,0,0,0,0,1,0,0,0,0,0,0,1,0,1,0,0,0,0,0,0,0,0,False
A0ACI8PHD2,261.0,2,2,84.0,42.0,0.3218390804597701,2,0,0,1,0,0,0,0,0,0,0,0,0,0,0,0,0,0,0,1,0,0,0,False
A2A288,527.0,1,1,85.0,85.0,0.16129032258064516,1,0,0,0,0,1,0,0,0,0,0,1,0,0,0,0,0,0,0,0,0,0,0,False
A6NC42,116.0,0,0,0.0,,0.0,0,0,0,0,0,0,0,0,0,0,0,0,0,0,0,0,0,0,0,0,0,0,0,False
A6NEQ0,496.0,1,1,451.0,451.0,0.9092741935483871,1,0,1,0,0,0,0,0,0,0,0,0,0,0,0,0,0,0,0,1,0,0,0,False
A6NFN3,312.0,1,1,37.0,37.0,0.11858974358974358,1,0,0,0,0,1,0,0,0,1,0,0,0,0,0,0,0,0,0,0,0,0,0,False
A6NJ78,407.0,0,0,0.0,,0.0,0,0,0,0,0,0,0,0,0,0,0,0,0,0,0,0,0,0,0,0,0,0,0,False
A6NMK7,179.0,0,0,0.0,,0.0,0,0,0,0,0,0,0,0,0,0,0,0,0,0,0,0,0,0,0,0,0,0,0,False
A6PVI3,153.0,0,0,0.0,,0.0,0,0,0,0,0,0,0,0,0,0,0,0,0,0,0,0,0,0,0,0,0,0,0,False
O15056,1496.0,2,2,142.0,71.0,0.09491978609625669,2,0,0,0,0,1,0,0,0,0,0,1,1,0,0,0,0,0,0,0,0,0,0,False
O15504,423.0,1,1,339.0,339.0,0.8014184397163121,1,0,0,0,0,0,0,0,0,0,0,0,0,0,1,0,0,0,0,0,0,0,0,False
O43251,390.0,2,2,154.0,77.0,0.39487179487179486,2,0,1,1,0,0,0,0,0,0,0,0,1,0,0,0,0,0,0,1,0,0,0,False
O43395,683.0,2,2,151.0,75.5,0.22108345534407028,2,0,1,0,0,0,0,0,0,0,1,0,0,0,0,0,0,0,0,0,0,1,0,False
O43426,1573.0,2,2,571.0,285.5,0.36300063572790847,2,0,1,0,0,1,0,0,0,0,0,1,1,0,0,0,0,0,0,0,0,0,0,False
O43709,281.0,1,1,43.0,43.0,0.15302491103202848,1,0,0,0,0,1,0,1,0,0,0,0,0,0,0,0,0,0,0,0,0,0,0,False
O60318,1980.0,3,3,508.0,169.33333333333334,0.25656565656565655,3+,0,0,0,0,0,0,0,0,1,0,0,1,0,0,0,0,0,0,0,0,0,0,False
O60603,784.0,1,1,110.0,110.0,0.14030612244897958,1,0,0,0,0,0,0,0,0,0,0,0,0,0,1,0,0,0,0,0,0,0,0,False
O75152,810.0,3,3,460.0,153.33333333333334,0.5679012345679012,3+,0,0,0,0,0,1,0,0,0,0,0,1,0,0,0,1,0,0,0,0,0,0,False
O75494,262.0,1,1,156.0,156.0,0.5954198473282443,1,0,0,1,0,0,0,0,0,0,0,0,0,0,0,0,0,0,0,0,0,1,0,False
O75525,346.0,1,1,12.0,12.0,0.03468208092485549,1,0,0,0,0,0,0,0,0,1,0,0,0,0,0,0,0,0,0,0,0,0,0,False
O75821,320.0,0,0,0.0,,0.0,0,0,0,0,0,0,0,0,0,0,0,0,0,0,0,0,0,0,0,0,0,0,0,False
O94886,807.0,0,0,0.0,,0.0,0,0,0,0,0,0,0,0,0,0,0,0,0,0,0,0,0,0,0,0,0,0,0,False
O95163,1332.0,1,1,52.0,52.0,0.03903903903903904,1,0,0,0,0,0,0,0,0,0,0,1,0,0,0,0,0,0,0,0,0,0,0,False
O95319,508.0,2,2,183.0,91.5,0.36023622047244097,2,0,0,0,1,0,0,0,0,0,0,0,1,0,0,0,0,0,0,0,0,0,1,False
O95396,460.0,0,0,0.0,,0.0,0,0,0,0,0,0,0,0,0,0,0,0,0,0,0,0,0,0,0,0,0,0,0,False
O95639,269.0,0,0,0.0,,0.0,0,0,0,0,0,0,0,0,0,0,0,0,0,0,0,0,0,0,0,0,0,0,0,False
O95758,552.0,0,0,0.0,,0.0,0,0,0,0,0,0,0,0,0,0,0,0,0,0,0,0,0,0,0,0,0,0,0,False
O95777,96.0,0,0,0.0,,0.0,0,0,0,0,0,0,0,0,0,0,0,0,0,0,0,0,0,0,0,0,0,0,0,False
O95900,331.0,0,0,0.0,,0.0,0,0,0,0,0,0,0,0,0,0,0,0,0,0,0,0,0,0,0,0,0,0,0,False
O95989,172.0,0,0,0.0,,0.0,0,0,0,0,0,0,0,0,0,0,0,0,0,0,0,0,0,0,0,0,0,0,0,False
P07910,306.0,1,1,110.0,110.0,0.35947712418300654,1,0,0,0,0,1,1,0,0,0,0,0,0,0,0,0,0,0,0,0,0,0,0,False
P09651,372.0,1,1,175.0,175.0,0.47043010752688175,1,0,1,0,0,0,0,0,0,0,0,0,0,0,0,0,0,0,0,1,0,0,0,False
P0DJD3,496.0,1,1,451.0,451.0,0.9092741935483871,1,0,1,0,0,0,0,0,0,0,0,0,0,0,0,0,0,0,0,1,0,0,0,False
P10155,538.0,0,0,0.0,,0.0,0,0,0,0,0,0,0,0,0,0,0,0,0,0,0,0,0,0,0,0,0,0,0,False
P11940,636.0,0,0,0.0,,0.0,0,0,0,0,0,0,0,0,0,0,0,0,0,0,0,0,0,0,0,0,0,0,0,False
P18615,380.0,3,3,263.0,87.66666666666667,0.6921052631578948,3+,0,0,1,0,1,0,0,0,0,1,0,0,0,0,0,0,0,0,0,0,1,0,False
P22087,321.0,1,1,75.0,75.0,0.2336448598130841,1,0,0,1,0,0,0,0,0,0,0,0,0,0,0,0,0,0,0,1,0,0,0,False
P23396,243.0,0,0,0.0,,0.0,0,0,0,0,0,0,0,0,0,0,0,0,0,0,0,0,0,0,0,0,0,0,0,False
P23588,611.0,2,2,518.0,259.0,0.8477905073649754,2,0,1,0,0,1,0,0,0,0,0,0,0,0,0,0,1,0,0,0,0,1,0,False
P26651,326.0,1,1,276.0,276.0,0.8466257668711656,1,0,1,0,0,0,0,0,0,0,0,0,0,0,0,0,0,0,0,0,0,1,0,False
P29558,406.0,1,1,26.0,26.0,0.06403940886699508,1,0,0,1,0,0,0,0,0,0,0,0,0,0,0,0,0,0,0,0,1,0,0,False
P31483,386.0,0,0,0.0,,0.0,0,0,0,0,0,0,0,0,0,0,0,0,0,0,0,0,0,0,0,0,0,0,0,False
P31941,199.0,0,0,0.0,,0.0,0,0,0,0,0,0,0,0,0,0,0,0,0,0,0,0,0,0,0,0,0,0,0,False
P33240,577.0,1,1,50.0,50.0,0.08665511265164645,1,0,0,0,0,1,0,0,0,1,0,0,0,0,0,0,0,0,0,0,0,0,0,False
P35637,526.0,1,1,508.0,508.0,0.9657794676806084,1,0,1,0,0,0,0,0,0,0,0,0,0,0,0,0,0,0,0,1,0,0,0,False
P38159,391.0,1,1,333.0,333.0,0.8516624040920716,1,0,1,0,0,0,0,0,0,0,0,0,0,0,0,0,0,0,0,1,0,0,0,False
P42694,1942.0,3,3,392.0,130.66666666666666,0.20185375901132852,3+,0,0,0,0,1,0,0,0,1,0,1,0,0,0,0,0,0,0,0,0,0,0,False
P43243,847.0,2,2,309.0,154.5,0.36481700118063753,2,0,0,0,0,0,1,0,0,0,0,1,0,0,0,0,0,0,0,0,0,0,0,False
P51114,621.0,1,1,215.0,215.0,0.3462157809983897,1,0,1,0,0,0,0,0,0,0,0,0,0,0,0,0,0,0,0,1,0,0,0,False
P52824,942.0,1,1,14.0,14.0,0.014861995753715499,1,0,0,0,0,0,0,0,0,1,0,0,0,0,0,0,0,0,0,0,0,0,0,False
P55769,128.0,0,0,0.0,,0.0,0,0,0,0,0,0,0,0,0,0,0,0,0,0,0,0,0,0,0,0,0,0,0,False
P62306,86.0,0,0,0.0,,0.0,0,0,0,0,0,0,0,0,0,0,0,0,0,0,0,0,0,0,0,0,0,0,0,False
P63162,240.0,2,2,148.0,74.0,0.6166666666666667,2,0,0,1,0,1,0,0,0,0,0,0,1,0,0,0,0,0,0,0,0,0,0,False
P78563,741.0,2,2,46.0,23.0,0.0620782726045884,2,0,0,1,1,0,0,0,0,0,0,0,1,0,1,0,0,0,0,0,0,0,0,False
P84103,164.0,1,1,81.0,81.0,0.49390243902439024,1,0,0,1,0,0,0,0,0,0,0,0,0,0,0,0,0,0,0,0,0,1,0,False
Q01130,221.0,1,1,139.0,139.0,0.6289592760180995,1,0,1,0,0,0,0,0,0,0,0,0,0,0,0,0,0,0,0,0,0,1,0,False
Q01844,656.0,3,3,530.0,176.66666666666666,0.8079268292682927,3+,0,1,1,0,1,0,0,0,0,0,0,0,0,1,0,0,0,0,1,0,0,0,False
Q05519,484.0,2,2,299.0,149.5,0.6177685950413223,2,0,0,1,0,1,0,0,0,0,0,0,1,0,0,0,0,0,0,0,0,1,0,False
Q07352,338.0,1,1,124.0,124.0,0.3668639053254438,1,0,0,1,0,0,0,0,0,1,0,0,0,0,0,0,0,0,0,0,0,0,0,False
Q08117,197.0,0,0,0.0,,0.0,0,0,0,0,0,0,0,0,0,0,0,0,0,0,0,0,0,0,0,0,0,0,0,False
Q13117,558.0,0,0,0.0,,0.0,0,0,0,0,0,0,0,0,0,0,0,0,0,0,0,0,0,0,0,0,0,0,0,False
Q14011,172.0,1,1,68.0,68.0,0.3953488372093023,1,0,0,1,0,0,0,0,0,0,0,0,0,0,0,0,0,0,0,1,0,0,0,False
Q14206,197.0,0,0,0.0,,0.0,0,0,0,0,0,0,0,0,0,0,0,0,0,0,0,0,0,0,0,0,0,0,0,False
Q14493,270.0,0,0,0.0,,0.0,0,0,0,0,0,0,0,0,0,0,0,0,0,0,0,0,0,0,0,0,0,0,0,False
Q14657,143.0,1,1,49.0,49.0,0.34265734265734266,1,0,0,0,0,0,0,0,0,0,0,1,0,0,0,0,0,0,0,0,0,0,0,False
Q14671,1186.0,3,3,474.0,158.0,0.3996627318718381,3+,0,0,1,0,1,0,0,0,0,0,1,0,0,1,0,0,0,0,0,0,0,0,False
Q15007,396.0,2,2,345.0,172.5,0.8712121212121212,2,0,0,0,0,0,0,0,0,0,0,1,0,0,1,0,0,0,0,0,0,0,0,False
Q15020,963.0,3,3,247.0,82.33333333333333,0.2564901349948079,3+,0,1,0,1,0,1,0,0,0,0,0,1,0,0,0,1,0,0,0,0,0,0,False
Q15056,248.0,1,1,15.0,15.0,0.06048387096774194,1,0,0,1,0,0,0,0,0,0,0,0,0,0,1,0,0,0,0,0,0,0,0,False
Q15459,793.0,3,5,395.0,79.0,0.49810844892812106,3+,1,1,0,0,1,1,0,0,0,0,1,1,0,0,0,0,0,0,0,0,0,0,False
Q16587,644.0,0,0,0.0,,0.0,0,0,0,0,0,0,0,0,0,0,0,0,0,0,0,0,0,0,0,0,0,0,0,False
Q16629,238.0,1,1,117.0,117.0,0.49159663865546216,1,0,0,1,0,0,0,0,0,0,0,0,0,0,0,0,0,0,0,0,0,1,0,False
Q460N5,1801.0,0,0,0.0,,0.0,0,0,0,0,0,0,0,0,0,0,0,0,0,0,0,0,0,0,0,0,0,0,0,False
Q53GL7,1025.0,1,1,152.0,152.0,0.14829268292682926,1,0,0,0,0,1,1,0,0,0,0,0,0,0,0,0,0,0,0,0,0,0,0,False
Q5HYM0,836.0,1,1,74.0,74.0,0.08851674641148326,1,0,0,0,0,1,0,0,0,0,0,0,0,0,0,0,1,0,0,0,0,0,0,False
Q5JQF8,200.0,0,0,0.0,,0.0,0,0,0,0,0,0,0,0,0,0,0,0,0,0,0,0,0,0,0,0,0,0,0,False
Q5VUG0,894.0,1,1,98.0,98.0,0.10961968680089486,1,0,0,0,0,0,1,0,0,0,0,0,0,0,0,0,0,0,0,0,0,0,0,False
Q5VV42,579.0,0,0,0.0,,0.0,0,0,0,0,0,0,0,0,0,0,0,0,0,0,0,0,0,0,0,0,0,0,0,False
Q5VV67,1664.0,3,3,525.0,175.0,0.3155048076923077,3+,0,0,1,0,1,0,0,0,0,0,1,0,0,1,0,0,0,0,0,0,1,0,False
Q659C4,914.0,3,3,218.0,72.66666666666667,0.23851203501094093,3+,0,0,1,1,0,0,0,0,0,0,0,1,0,0,0,0,0,0,1,0,0,0,False
Q69YN4,1812.0,3,3,218.0,72.66666666666667,0.12030905077262694,3+,0,0,0,0,0,1,0,0,0,0,1,0,0,1,0,0,0,0,0,0,0,0,False
Q6IN84,353.0,0,0,0.0,,0.0,0,0,0,0,0,0,0,0,0,0,0,0,0,0,0,0,0,0,0,0,0,0,0,False
Q6P087,351.0,0,0,0.0,,0.0,0,0,0,0,0,0,0,0,0,0,0,0,0,0,0,0,0,0,0,0,0,0,0,False
Q6PJT7,736.0,1,1,84.0,84.0,0.11413043478260869,1,0,0,0,0,1,0,0,0,0,0,1,0,0,0,0,0,0,0,0,0,0,0,False
Q6XE24,437.0,1,1,24.0,24.0,0.05491990846681922,1,0,0,1,0,0,0,0,0,0,0,0,1,0,0,0,0,0,0,0,0,0,0,False
Q7Z2E3,356.0,0,0,0.0,,0.0,0,0,0,0,0,0,0,0,0,0,0,0,0,0,0,0,0,0,0,0,0,0,0,False
Q7Z2W4,902.0,1,1,292.0,292.0,0.3237250554323725,1,0,0,0,0,1,0,0,0,0,0,1,0,0,0,0,0,0,0,0,0,0,0,False
Q7Z3E1,657.0,0,0,0.0,,0.0,0,0,0,0,0,0,0,0,0,0,0,0,0,0,0,0,0,0,0,0,0,0,0,False
Q7Z739,585.0,2,2,174.0,87.0,0.29743589743589743,2,0,0,0,0,1,0,0,0,0,0,1,1,0,0,0,0,0,0,0,0,0,0,False
Q86SG3,579.0,0,0,0.0,,0.0,0,0,0,0,0,0,0,0,0,0,0,0,0,0,0,0,0,0,0,0,0,0,0,False
Q86VM9,953.0,2,2,966.0,483.0,1.0136411332633788,2,0,1,0,0,1,0,0,0,0,0,1,0,0,0,0,0,0,0,0,0,1,0,False
Q86W50,562.0,1,1,114.0,114.0,0.20284697508896798,1,0,0,0,0,1,0,0,0,0,0,0,1,0,0,0,0,0,0,0,0,0,0,False
Q8IX01,1082.0,2,2,85.0,42.5,0.07855822550831792,2,0,0,0,1,0,1,0,0,0,0,0,1,0,0,0,0,0,0,0,0,0,0,False
Q8IX12,1150.0,3,4,859.0,214.75,0.7469565217391304,3+,0,1,0,0,1,0,0,0,0,0,1,1,0,0,0,0,0,0,0,0,1,0,False
Q8IXM6,262.0,0,0,0.0,,0.0,0,0,0,0,0,0,0,0,0,0,0,0,0,0,0,0,0,0,0,0,0,0,0,False
Q8IYB3,904.0,2,2,742.0,371.0,0.8207964601769911,2,0,0,1,0,1,0,0,0,0,0,0,1,0,0,0,0,0,0,0,0,1,0,False
Q8IZD0,417.0,2,2,306.0,153.0,0.7338129496402878,2,0,0,0,0,0,0,1,0,0,0,0,0,0,1,0,0,0,0,0,0,0,0,False
Q8N1G2,835.0,1,1,68.0,68.0,0.081437125748503,1,0,1,0,0,0,0,0,0,1,0,0,0,0,0,0,0,0,0,0,0,0,0,False
Q8N2M8,674.0,2,2,528.0,264.0,0.7833827893175074,2,0,1,0,0,1,0,0,0,0,0,1,0,0,0,0,0,0,0,0,0,1,0,False
Q8N3J2,472.0,0,0,0.0,,0.0,0,0,0,0,0,0,0,0,0,0,0,0,0,0,0,0,0,0,0,0,0,0,0,False
Q8N5C7,304.0,0,0,0.0,,0.0,0,0,0,0,0,0,0,0,0,0,0,0,0,0,0,0,0,0,0,0,0,0,0,False
Q8N684,471.0,3,4,286.0,71.5,0.6072186836518046,3+,0,0,1,0,1,0,0,0,1,0,0,1,0,0,0,0,0,0,0,0,1,0,False
Q8N9W6,283.0,0,0,0.0,,0.0,0,0,0,0,0,0,0,0,0,0,0,0,0,0,0,0,0,0,0,0,0,0,0,False
Q8TB72,1066.0,2,2,436.0,218.0,0.4090056285178236,2,0,0,1,0,1,0,0,0,0,0,1,0,0,1,0,0,0,0,0,0,0,0,False
Q8TBZ6,339.0,2,2,125.0,62.5,0.3687315634218289,2,0,0,0,0,0,1,1,0,0,0,0,0,0,0,0,0,0,0,0,0,0,0,False
Q8TC92,643.0,1,1,228.0,228.0,0.3545878693623639,1,0,0,0,0,1,0,0,0,0,0,0,0,0,0,0,1,0,0,0,0,0,0,False
Q8TCB7,284.0,0,0,0.0,,0.0,0,0,0,0,0,0,0,0,0,0,0,0,0,0,0,0,0,0,0,0,0,0,0,False
Q8WXF1,523.0,3,3,220.0,73.33333333333333,0.42065009560229444,3+,0,0,1,0,1,0,0,0,0,0,0,1,0,1,0,1,0,0,0,0,0,0,False
Q96AE4,644.0,3,3,127.0,42.333333333333336,0.1972049689440994,3+,0,0,0,1,1,0,0,0,1,0,0,0,0,1,0,0,0,0,1,0,0,0,False
Q96AK3,386.0,0,0,0.0,,0.0,0,0,0,0,0,0,0,0,0,0,0,0,0,0,0,0,0,0,0,0,0,0,0,False
Q96DH6,328.0,1,1,77.0,77.0,0.2347560975609756,1,0,0,0,0,1,0,0,0,0,0,1,0,0,0,0,0,0,0,0,0,0,0,False
Q96EV2,1170.0,3,4,992.0,248.0,0.8478632478632478,3+,0,0,0,0,0,1,0,0,1,0,1,1,0,0,0,0,0,0,0,0,0,0,False
Q96EY9,367.0,0,0,0.0,,0.0,0,0,0,0,0,0,0,0,0,0,0,0,0,0,0,0,0,0,0,0,0,0,0,False
Q96FX7,289.0,0,0,0.0,,0.0,0,0,0,0,0,0,0,0,0,0,0,0,0,0,0,0,0,0,0,0,0,0,0,False
Q96JM7,780.0,2,2,141.0,70.5,0.18076923076923077,2,0,0,0,0,0,0,0,0,0,0,1,0,0,0,0,1,0,0,0,0,0,0,False
Q96MU7,727.0,3,5,535.0,107.0,0.7359009628610729,3+,0,0,1,0,1,0,1,0,1,0,0,0,0,1,0,0,0,0,0,0,0,0,False
Q96N46,770.0,1,1,378.0,378.0,0.4909090909090909,1,0,0,0,0,0,0,0,0,0,0,0,0,0,0,0,0,0,0,0,0,1,0,False
Q96PZ0,661.0,1,1,29.0,29.0,0.04387291981845688,1,0,0,0,0,1,1,0,0,0,0,0,0,0,0,0,0,0,0,0,0,0,0,False
Q96Q83,286.0,0,0,0.0,,0.0,0,0,0,0,0,0,0,0,0,0,0,0,0,0,0,0,0,0,0,0,0,0,0,False
Q96S44,253.0,0,0,0.0,,0.0,0,0,0,0,0,0,0,0,0,0,0,0,0,0,0,0,0,0,0,0,0,0,0,False
Q99714,261.0,0,0,0.0,,0.0,0,0,0,0,0,0,0,0,0,0,0,0,0,0,0,0,0,0,0,0,0,0,0,False
Q99973,2627.0,0,0,0.0,,0.0,0,0,0,0,0,0,0,0,0,0,0,0,0,0,0,0,0,0,0,0,0,0,0,False
Q9BQG2,462.0,0,0,0.0,,0.0,0,0,0,0,0,0,0,0,0,0,0,0,0,0,0,0,0,0,0,0,0,0,0,False
Q9BRA0,125.0,0,0,0.0,,0.0,0,0,0,0,0,0,0,0,0,0,0,0,0,0,0,0,0,0,0,0,0,0,0,False
Q9BU70,441.0,0,0,0.0,,0.0,0,0,0,0,0,0,0,0,0,0,0,0,0,0,0,0,0,0,0,0,0,0,0,False
Q9BXP5,876.0,3,3,280.0,93.33333333333333,0.319634703196347,3+,1,0,0,0,1,1,1,0,1,0,0,0,0,0,0,0,0,0,0,0,0,0,False
Q9BXR0,403.0,0,0,0.0,,0.0,0,0,0,0,0,0,0,0,0,0,0,0,0,0,0,0,0,0,0,0,0,0,0,False
Q9BXT6,1211.0,1,1,51.0,51.0,0.042113955408753095,1,0,0,0,0,0,0,0,0,0,0,0,0,0,0,0,0,0,0,0,0,0,1,False
Q9BXV9,100.0,1,1,25.0,25.0,0.25,1,0,0,0,0,0,1,0,0,0,0,0,0,0,0,0,0,0,0,0,0,0,0,False
Q9BYJ9,559.0,2,2,211.0,105.5,0.3774597495527728,2,0,0,0,0,1,0,0,0,0,0,1,0,0,0,0,0,0,0,0,0,0,0,False
Q9BZB8,566.0,1,1,193.0,193.0,0.3409893992932862,1,0,0,0,0,1,0,0,0,0,0,1,0,0,0,0,0,0,0,0,0,0,0,False
Q9C0B0,810.0,2,2,440.0,220.0,0.5432098765432098,2,0,0,1,0,1,0,0,0,0,0,1,0,0,1,0,0,0,0,0,0,0,0,False
Q9GZX7,198.0,0,0,0.0,,0.0,0,0,0,0,0,0,0,0,0,0,0,0,0,0,0,0,0,0,0,0,0,0,0,False
Q9H0K6,701.0,0,0,0.0,,0.0,0,0,0,0,0,0,0,0,0,0,0,0,0,0,0,0,0,0,0,0,0,0,0,False
Q9H1K1,167.0,0,0,0.0,,0.0,0,0,0,0,0,0,0,0,0,0,0,0,0,0,0,0,0,0,0,0,0,0,0,False
Q9H4Z3,704.0,1,1,35.0,35.0,0.04971590909090909,1,0,0,0,0,0,0,0,0,0,0,0,0,0,1,0,0,0,0,0,0,0,0,False
Q9H5U6,513.0,1,1,43.0,43.0,0.08382066276803118,1,0,0,0,0,0,0,1,0,0,0,0,0,0,0,0,0,0,0,0,0,0,0,False
Q9H6E5,874.0,1,1,82.0,82.0,0.09382151029748284,1,0,0,0,1,0,0,0,0,0,0,0,1,0,0,0,0,0,0,0,0,0,0,False
Q9H825,291.0,0,0,0.0,,0.0,0,0,0,0,0,0,0,0,0,0,0,0,0,0,0,0,0,0,0,0,0,0,0,False
Q9H9T3,547.0,0,0,0.0,,0.0,0,0,0,0,0,0,0,0,0,0,0,0,0,0,0,0,0,0,0,0,0,0,0,False
Q9HCJ0,1936.0,1,1,1912.0,1912.0,0.987603305785124,1,0,1,0,0,0,0,0,0,0,0,0,0,0,1,0,0,0,0,0,0,0,0,False
Q9NPF4,335.0,0,0,0.0,,0.0,0,0,0,0,0,0,0,0,0,0,0,0,0,0,0,0,0,0,0,0,0,0,0,False
Q9NQ94,594.0,1,1,39.0,39.0,0.06565656565656566,1,0,0,1,0,0,0,0,0,0,0,0,1,0,0,0,0,0,0,0,0,0,0,False
Q9NR56,388.0,1,1,128.0,128.0,0.32989690721649484,1,0,0,1,0,0,0,0,0,0,0,1,0,0,0,0,0,0,0,0,0,0,0,False
Q9NRW3,190.0,0,0,0.0,,0.0,0,0,0,0,0,0,0,0,0,0,0,0,0,0,0,0,0,0,0,0,0,0,0,False
Q9NWB1,397.0,0,0,0.0,,0.0,0,0,0,0,0,0,0,0,0,0,0,0,0,0,0,0,0,0,0,0,0,0,0,False
Q9NX74,493.0,0,0,0.0,,0.0,0,0,0,0,0,0,0,0,0,0,0,0,0,0,0,0,0,0,0,0,0,0,0,False
Q9NXG2,353.0,1,1,85.0,85.0,0.24079320113314448,1,0,0,1,0,0,0,0,0,0,0,0,1,0,0,0,0,0,0,0,0,0,0,False
Q9NXW9,302.0,0,0,0.0,,0.0,0,0,0,0,0,0,0,0,0,0,0,0,0,0,0,0,0,0,0,0,0,0,0,False
Q9P2K5,600.0,2,2,198.0,99.0,0.33,2,0,0,1,1,0,0,0,0,0,0,1,0,0,1,0,0,0,0,0,0,0,0,False
Q9UET6,329.0,0,0,0.0,,0.0,0,0,0,0,0,0,0,0,0,0,0,0,0,0,0,0,0,0,0,0,0,0,0,False
Q9UGR2,977.0,0,0,0.0,,0.0,0,0,0,0,0,0,0,0,0,0,0,0,0,0,0,0,0,0,0,0,0,0,0,False
Q9UH17,382.0,0,0,0.0,,0.0,0,0,0,0,0,0,0,0,0,0,0,0,0,0,0,0,0,0,0,0,0,0,0,False
Q9UJJ7,312.0,1,1,33.0,33.0,0.10576923076923077,1,0,0,0,0,1,0,0,0,0,0,0,1,0,0,0,0,0,0,0,0,0,0,False
Q9UKM9,306.0,1,1,33.0,33.0,0.10784313725490197,1,0,0,0,0,1,0,0,0,0,0,0,0,0,1,0,0,0,0,0,0,0,0,False
Q9UPT8,1303.0,3,6,1172.0,195.33333333333334,0.8994627782041443,3+,0,0,1,0,1,1,0,0,0,0,1,1,0,1,0,0,0,0,1,0,0,0,False
Q9UQ35,2752.0,2,2,2713.0,1356.5,0.985828488372093,2,0,1,1,0,0,0,0,0,0,0,1,0,0,0,0,0,0,0,1,0,0,0,False
Q9Y221,180.0,0,0,0.0,,0.0,0,0,0,0,0,0,0,0,0,0,0,0,0,0,0,0,0,0,0,0,0,0,0,False
Q9Y2U8,911.0,1,1,380.0,380.0,0.41712403951701427,1,0,0,0,0,0,0,0,0,0,0,1,0,0,0,0,0,0,0,0,0,0,0,False
Q9Y3C4,175.0,0,0,0.0,,0.0,0,0,0,0,0,0,0,0,0,0,0,0,0,0,0,0,0,0,0,0,0,0,0,False
Q9Y534,153.0,0,0,0.0,,0.0,0,0,0,0,0,0,0,0,0,0,0,0,0,0,0,0,0,0,0,0,0,0,0,False
Q9Y580,266.0,1,1,119.0,119.0,0.4473684210526316,1,0,0,1,0,0,0,0,0,1,0,0,0,0,0,0,0,0,0,0,0,0,0,False
Q9Y606,427.0,0,0,0.0,,0.0,0,0,0,0,0,0,0,0,0,0,0,0,0,0,0,0,0,0,0,0,0,0,0,False
Q9Y697,457.0,0,0,0.0,,0.0,0,0,0,0,0,0,0,0,0,0,0,0,0,0,0,0,0,0,0,0,0,0,0,False
