uniprot_accession,rna_primary_class,rna_secondary_class,confidence,evidence_source,evidence_matched,sequence_length,dominant_amino_acid,dominant_amino_acid_fraction
Q9UJK0,pre-rRNA,,very high,literature based (Gerstberger S3),Gerstberger S3 consensus RNA target: pre-rRNA; putative RNA target: none; PubMed: by homology,312,A,0.12179487179487179
Q9Y2T7,mRNA,,very high,literature based (Gerstberger S3),Gerstberger S3 consensus RNA target: mRNA; putative RNA target: none; PubMed: established RBP,364,P,0.15934065934065933
Q13395,mRNA,,very high,literature based (Gerstberger S3),Gerstberger S3 consensus RNA target: mRNA; putative RNA target: none; PubMed: established RBP,1621,L,0.1443553362122147
P82664,ribosomal protein,,very high,literature based (Gerstberger S3),Gerstberger S3 consensus RNA target: ribosomal protein; putative RNA target: none; PubMed: established RBP,201,L,0.11940298507462686
P82673,ribosomal protein,,very high,literature based (Gerstberger S3),Gerstberger S3 consensus RNA target: ribosomal protein; putative RNA target: none; PubMed: established RBP,323,L,0.1021671826625387
O60306,mRNA,,very high,literature based (Gerstberger S3),Gerstberger S3 consensus RNA target: mRNA; putative RNA target: none; PubMed: 16949364,1485,L,0.10235690235690235
Q9H6S0,mRNA,,very high,literature based (Gerstberger S3),Gerstberger S3 consensus RNA target: mRNA; putative RNA target: none; PubMed: established RBP,1430,L,0.1027972027972028
Q8N1G1,pre-rRNA,,very high,literature based (Gerstberger S3),Gerstberger S3 consensus RNA target: pre-rRNA; putative RNA target: none; PubMed: Rex1p,1221,S,0.10237510237510238
Q9H000,mRNA,,very high,literature based (Gerstberger S3),Gerstberger S3 consensus RNA target: mRNA; putative RNA target: none; PubMed: by homology,416,S,0.0985576923076923
Q9BRR8,mRNA,,very high,literature based (Gerstberger S3),Gerstberger S3 consensus RNA target: mRNA; putative RNA target: none; PubMed: 11991638,931,S,0.09989258861439312
P46782,ribosomal protein,,very high,literature based (Gerstberger S3),Gerstberger S3 consensus RNA target: ribosomal protein; putative RNA target: none; PubMed: established RBP,204,A,0.11764705882352941
Q9UNQ2,pre-rRNA,,very high,literature based (Gerstberger S3),Gerstberger S3 consensus RNA target: pre-rRNA; putative RNA target: none; PubMed: DIM1 yeast homolog,313,L,0.10862619808306709
Q9BQI3,mRNA,,very high,literature based (Gerstberger S3),"Gerstberger S3 consensus RNA target: mRNA; putative RNA target: none; PubMed: The protein encoded by this gene acts at the level of translation initiation to downregulate protein synthesis in response to stress. The encoded protein is a kinase that can be inactivated by hemin. Two transcript variants encoding different isoforms have been found for this gene. [provided by RefSeq, Aug 2008]",630,L,0.10793650793650794
Q9NW64,mRNA,,very high,literature based (Gerstberger S3),"Gerstberger S3 consensus RNA target: mRNA; putative RNA target: none; PubMed: by homology, ECM2, This gene encodes an RNA binding protein. The encoded protein may play a role in cell division and may be involved in pre-mRNA splicing. Related pseudogenes exist on chromosomes 6, 7, 9, 13, 16, 18, and X. [provided by RefSeq, Mar 2009]",420,P,0.11428571428571428
Q9H501,pre-rRNA,,very high,literature based (Gerstberger S3),Gerstberger S3 consensus RNA target: pre-rRNA; putative RNA target: none; PubMed: Nucleolar protein involved in pre-rRNA processing; depletion causes severely decreased 18S rRNA levels,851,K,0.14571092831962398
Q9UJA5,tRNA,,very high,literature based (Gerstberger S3),"Gerstberger S3 consensus RNA target: tRNA; putative RNA target: none; PubMed: This gene encodes a member of the tRNA methyltransferase 6 protein family. A similar protein in yeast is part of a two component methyltransferase, which is involved in the posttranslational modification that produces the modified nucleoside 1-methyladenosine in tRNAs. Modified 1-methyladenosine influences initiator methionine stability and may be involved in the replication of human immunodeficiency virus type 1. Alternative splicing results in multiple transcript variants. [provided by RefSeq, Jul 2013]",497,E,0.09456740442655935
Q8N8D1,snRNA,,very high,literature based (Gerstberger S3),"Gerstberger S3 consensus RNA target: snRNA; putative RNA target: none; PubMed: This gene encodes a 59 kDa protein that is associated with the U11 small nuclear ribonucleoprotein (snRNP), which is a component of the minor U12-type spliceosome responsible for catalyzing pre-mRNA splicing of U12-type introns. [provided by RefSeq, Dec 2010]",485,P,0.15051546391752577
P26640,tRNA,,very high,literature based (Gerstberger S3),Gerstberger S3 consensus RNA target: tRNA; putative RNA target: none; PubMed: established RBP,1264,L,0.10917721518987342
A0A0A0MQR7,mRNA,,very high,literature based (Gerstberger S3),Gerstberger S3 consensus RNA target: mRNA; putative RNA target: none; PubMed: Pol II complex,204,E,0.10294117647058823
P62318,snRNA,,very high,literature based (Gerstberger S3),Gerstberger S3 consensus RNA target: snRNA; putative RNA target: none; PubMed: established RBP,126,G,0.11904761904761904
Q9Y3I0,tRNA,,very high,literature based (Gerstberger S3),Gerstberger S3 consensus RNA target: tRNA; putative RNA target: none; PubMed: 21311021,505,G,0.09702970297029703
O00178,mRNA,,very high,literature based (Gerstberger S3),Gerstberger S3 consensus RNA target: mRNA; putative RNA target: none; PubMed: 21515746,669,G,0.09417040358744394
Q6NTF7,ncRNA,,very high,literature based (Gerstberger S3),Gerstberger S3 consensus RNA target: ncRNA; putative RNA target: none; PubMed: 22859935,200,L,0.105
O15371,mRNA,,very high,literature based (Gerstberger S3),Gerstberger S3 consensus RNA target: mRNA; putative RNA target: none; PubMed: 24092755,548,E,0.08576642335766424
Q7RTV0,mRNA,,very high,literature based (Gerstberger S3),"Gerstberger S3 consensus RNA target: mRNA; putative RNA target: none; PubMed: This gene encodes a subunit of the splicing factor 3b protein complex. Splicing factor 3b, together with splicing factor 3a and a 12S RNA unit, forms the U2 small nuclear ribonucleoproteins complex (U2 snRNP). The splicing factor 3b/3a complex binds pre-mRNA upstream of the intron's branch site in a sequence-independent manner and may anchor the U2 snRNP to the pre-mRNA. The protein encoded by this gene contains a PHD-finger-like domain that is flanked by highly basic N- and C-termini. This protein belongs to the PHD-finger superfamily and may act as a chromatin-associated protein. This gene has several pseudogenes on different chromosomes. [provided by RefSeq, Jul 2008]",110,C,0.11818181818181818
O75132,unknown,,unknown,,,1171,S,0.12894961571306576
Q13686,mRNA,,very high,literature based (Gerstberger S3),"Gerstberger S3 consensus RNA target: mRNA; putative RNA target: none; PubMed: 15469826 ,18603530",389,L,0.09511568123393316
Q86U42,mRNA,,very high,literature based (Gerstberger S3),Gerstberger S3 consensus RNA target: mRNA; putative RNA target: none; PubMed: 22502866,306,E,0.13398692810457516
P61011,ncRNA,,very high,literature based (Gerstberger S3),"Gerstberger S3 consensus RNA target: ncRNA; putative RNA target: none; PubMed: doi:10.1038/nrg2843, 11680843",504,K,0.09523809523809523
Q9H307,mRNA,,very high,literature based (Gerstberger S3),Gerstberger S3 consensus RNA target: mRNA; putative RNA target: none; PubMed: 12051732,717,E,0.1506276150627615
Q4VXU2,mRNA,,very high,literature based (Gerstberger S3),Gerstberger S3 consensus RNA target: mRNA; putative RNA target: none; PubMed: 18716053,619,A,0.08239095315024232
Q05048,mRNA,,very high,literature based (Gerstberger S3),Gerstberger S3 consensus RNA target: mRNA; putative RNA target: none; PubMed: established RBP,431,S,0.09048723897911833
Q05639,tRNA,,very high,literature based (Gerstberger S3),Gerstberger S3 consensus RNA target: tRNA; putative RNA target: none; PubMed: established RBP,463,K,0.09935205183585313
Q96SZ6,tRNA,,very high,literature based (Gerstberger S3),"Gerstberger S3 consensus RNA target: tRNA; putative RNA target: none; PubMed: This gene encodes a regulator of cyclin-dependent kinase 5 activity. This protein has also been reported to modify RNA by adding a methylthio-group and may thus have a dual function as an RNA methylthiotransferase and as an inhibitor of cyclin-dependent kinase 5 activity. Alternative splicing results in multiple transcript variants that encode different isoforms. [provided by RefSeq, May 2013",601,L,0.11314475873544093
Q9NR97,ncRNA,,very high,literature based (Gerstberger S3),Gerstberger S3 consensus RNA target: ncRNA; putative RNA target: none; PubMed: 16111635,1041,L,0.15561959654178675
O60828,mRNA,,very high,literature based (Gerstberger S3),Gerstberger S3 consensus RNA target: mRNA; putative RNA target: none; PubMed: 16162498,265,D,0.12830188679245283
O43719,mRNA,,very high,literature based (Gerstberger S3),"Gerstberger S3 consensus RNA target: mRNA; putative RNA target: none; PubMed: The protein encoded by this gene functions as a cofactor for the stimulation of transcriptional elongation by HIV-1 Tat, which binds to the HIV-1 promoter through Tat-TAR interaction. This protein may also serve as a dual-function factor to couple transcription and splicing and to facilitate their reciprocal activation. Alternatively spliced transcript variants have been found for this gene.[provided by RefSeq, Sep 2009]",755,E,0.1814569536423841
Q14694,mRNA,,very high,literature based (Gerstberger S3),"Gerstberger S3 consensus RNA target: mRNA; putative RNA target: none; PubMed: 22681889, 22658674, 23912277, 15003521",798,S,0.09398496240601503
Q96DP5,tRNA,,very high,literature based (Gerstberger S3),"Gerstberger S3 consensus RNA target: tRNA; putative RNA target: none; PubMed: The protein encoded by this nuclear gene localizes to the mitochondrion, where it catalyzes the formylation of methionyl-tRNA. [provided by RefSeq, Jun 2011]",389,L,0.10796915167095116
Q9NVM6,unknown,,very high,literature based (Gerstberger S3),Gerstberger S3 consensus RNA target: unknown; putative RNA target: none; PubMed: by domain,304,E,0.12828947368421054
Q9UKV8,ncRNA,,very high,literature based (Gerstberger S3),Gerstberger S3 consensus RNA target: ncRNA; putative RNA target: none; PubMed: established RBP,859,V,0.08149010477299184
P60228,mRNA,,very high,literature based (Gerstberger S3),Gerstberger S3 consensus RNA target: mRNA; putative RNA target: none; PubMed: 17468741,445,L,0.11685393258426967
P14866,mRNA,,very high,literature based (Gerstberger S3),Gerstberger S3 consensus RNA target: mRNA; putative RNA target: none; PubMed: established RBP,589,G,0.12054329371816638
O75792,diverse,,very high,literature based (Gerstberger S3),Gerstberger S3 consensus RNA target: diverse; putative RNA target: none; PubMed: established RBP,299,L,0.10367892976588629
Q15428,snRNA,,very high,literature based (Gerstberger S3),"Gerstberger S3 consensus RNA target: snRNA; putative RNA target: none; PubMed: This gene encodes subunit 2 of the splicing factor 3a protein complex. The splicing factor 3a heterotrimer includes subunits 1, 2 and 3 and is necessary for the in vitro conversion of 15S U2 snRNP into an active 17S particle that performs pre-mRNA splicing. Subunit 2 interacts with subunit 1 through its amino-terminus while the single zinc finger domain of subunit 2 plays a role in its binding to the 15S U2 snRNP. Subunit 2 may also function independently of its RNA splicing function as a microtubule-binding protein. [provided by RefSeq, Jul 2008]",464,P,0.2521551724137931
P36954,mRNA,,very high,literature based (Gerstberger S3),Gerstberger S3 consensus RNA target: mRNA; putative RNA target: none; PubMed: Pol II complex,125,E,0.096
A4D1E9,unknown,,very high,literature based (Gerstberger S3),Gerstberger S3 consensus RNA target: unknown; putative RNA target: none; PubMed: established RBP,387,L,0.11886304909560723
Q13155,tRNA,,very high,literature based (Gerstberger S3),Gerstberger S3 consensus RNA target: tRNA; putative RNA target: none; PubMed: established RBP,320,L,0.125
Q9NW13,snRNA,,very high,literature based (Gerstberger S3),"Gerstberger S3 consensus RNA target: snRNA; putative RNA target: none; PubMed: The protein encoded by this gene is a specific nucleolar component of the spliceosomal small nuclear ribonucleoprotein (snRNP)complexes . It specifically associates with U1, U2, U4, U5, and U6 small nuclear RNAs (snRNAs), possibly coordinating their transition through the nucleolus. Mutation in this gene causes alopecia, progressive neurological defects, and endocrinopathy (ANE syndrome), a pleiotropic and clinically heterogeneous disorder. Alternatively spliced transcript variants encoding different isoforms have been found for this gene. [provided by RefSeq, Oct 2009]",759,K,0.1370223978919631
O60290,unknown,,unknown,,,1169,L,0.10265183917878529
Q99969,unknown,,unknown,,,163,L,0.10429447852760736
Q9BYC8,ribosomal protein,,very high,literature based (Gerstberger S3),Gerstberger S3 consensus RNA target: ribosomal protein; putative RNA target: none; PubMed: established RBP,188,R,0.09042553191489362
Q7Z333,mRNA,,very high,literature based (Gerstberger S3),"Gerstberger S3 consensus RNA target: mRNA; putative RNA target: none; PubMed: This gene encodes a protein named for its homology to the Sen1p protein of fungi which has RNA helicase activity encoded by a domain at the C-terminal end of the protein. The protein encoded by this gene contains a DNA/RNA helicase domain at its C-terminal end which suggests that it may be involved in both DNA and RNA processing. Mutations in this gene have been associated with ataxia-ocular apraxia-2 (AOA2) and an autosomal dominant form of juvenile amyotrophic lateral sclerosis (ALS4). [provided by RefSeq, Jul 2008]",2677,S,0.09376167351512887
Q9H6R0,mRNA,,very high,literature based (Gerstberger S3),Gerstberger S3 consensus RNA target: mRNA; putative RNA target: none; PubMed: by homology,707,L,0.10183875530410184
Q9Y5J1,snoRNA,,very high,literature based (Gerstberger S3),Gerstberger S3 consensus RNA target: snoRNA; putative RNA target: none; PubMed: established RBP,556,S,0.08093525179856115
Q7Z417,mRNA,,very high,literature based (Gerstberger S3),Gerstberger S3 consensus RNA target: mRNA; putative RNA target: none; PubMed: 12837692,695,S,0.1223021582733813
P84098,ribosomal protein,,very high,literature based (Gerstberger S3),Gerstberger S3 consensus RNA target: ribosomal protein; putative RNA target: none; PubMed: established RBP,196,K,0.16326530612244897
Q07021,mRNA,,very high,literature based (Gerstberger S3),Gerstberger S3 consensus RNA target: mRNA; putative RNA target: none; PubMed: 22904065,282,L,0.1099290780141844
P55039,mRNA,,very high,literature based (Gerstberger S3),Gerstberger S3 consensus RNA target: mRNA; putative RNA target: none; PubMed: RBG1 yeast homolog,364,L,0.10164835164835165
Q9NY12,snoRNA,,very high,literature based (Gerstberger S3),Gerstberger S3 consensus RNA target: snoRNA; putative RNA target: none; PubMed: established RBP,217,G,0.33640552995391704
Q9H6F5,unknown,,very high,literature based (Gerstberger S3),Gerstberger S3 consensus RNA target: unknown; putative RNA target: none; PubMed: established RBP,360,P,0.14166666666666666
Q9UMS4,mRNA,,very high,literature based (Gerstberger S3),Gerstberger S3 consensus RNA target: mRNA; putative RNA target: none; PubMed: 22967061,504,L,0.0992063492063492
P16989,mRNA,,very high,literature based (Gerstberger S3),Gerstberger S3 consensus RNA target: mRNA; putative RNA target: none; PubMed: established RBP,372,A,0.13709677419354838
A0A499FI31,snRNA,,very high,literature based (Gerstberger S3),"Gerstberger S3 consensus RNA target: snRNA; putative RNA target: none; PubMed: It also associates transiently with U6 and U4/U6 snRNPs during the recycling phase of the spliceosome cycle. This encoded protein is thought to be involved in the regulation of mRNA splicing. [provided by RefSeq, Jul 2008]",981,E,0.11926605504587157
Q9Y6K5,ncRNA,,very high,literature based (Gerstberger S3),"Gerstberger S3 consensus RNA target: ncRNA; putative RNA target: none; PubMed: This gene encodes an enzyme included in the 2', 5' oligoadenylate synthase family. This enzyme is induced by interferons and catalyzes the 2', 5' oligomers of adenosine in order to bind and activate RNase L. This enzyme family plays a significant role in the inhibition of cellular protein synthesis and viral infection resistance. [provided by RefSeq, Jul 2008]",1087,L,0.11591536338546458
Q4U2R6,ribosomal protein,,very high,literature based (Gerstberger S3),Gerstberger S3 consensus RNA target: ribosomal protein; putative RNA target: none; PubMed: established RBP,128,R,0.1328125
P04406,mRNA,,very high,literature based (Gerstberger S3),"Gerstberger S3 consensus RNA target: mRNA; putative RNA target: none; PubMed: 7531693, 21236242",335,G,0.09850746268656717
P41238,mRNA,,very high,literature based (Gerstberger S3),"Gerstberger S3 consensus RNA target: mRNA; putative RNA target: none; PubMed: This gene encodes a member of the cytidine deaminase enzyme family. The encoded protein forms a multiple-protein editing holoenzyme with APOBEC1 complementation factor (ACF) and APOBEC1 stimulating protein (ASP). This holoenzyme is involved in the editing of C-to-U nucleotide bases in apolipoprotein B and neurofibromatosis-1 mRNAs. [provided by RefSeq, Jul 2008]",236,L,0.09745762711864407
Q13242,mRNA,,very high,literature based (Gerstberger S3),Gerstberger S3 consensus RNA target: mRNA; putative RNA target: none; PubMed: established RBP,221,R,0.13574660633484162
Q9NQE9,tRNA,,very high,literature based (Gerstberger S3),Gerstberger S3 consensus RNA target: tRNA; putative RNA target: none; PubMed: 17870088,182,L,0.08791208791208792
P25398,ribosomal protein,,very high,literature based (Gerstberger S3),Gerstberger S3 consensus RNA target: ribosomal protein; putative RNA target: none; PubMed: established RBP,132,K,0.12121212121212122
Q13895,pre-rRNA,,very high,literature based (Gerstberger S3),Gerstberger S3 consensus RNA target: pre-rRNA; putative RNA target: none; PubMed: 20805244,437,L,0.11212814645308924
C9IY40,ribosomal protein,,very high,literature based (Gerstberger S3),Gerstberger S3 consensus RNA target: ribosomal protein; putative RNA target: none; PubMed: established RBP,225,A,0.11555555555555555
P42285,diverse,,very high,literature based (Gerstberger S3),Gerstberger S3 consensus RNA target: diverse; putative RNA target: none; PubMed: 11719186,1042,L,0.09117082533589252
P49590,tRNA,,very high,literature based (Gerstberger S3),Gerstberger S3 consensus RNA target: tRNA; putative RNA target: none; PubMed: established RBP,506,L,0.11264822134387352
Q5XG87,diverse,,very high,literature based (Gerstberger S3),"Gerstberger S3 consensus RNA target: diverse; putative RNA target: none; PubMed: 21878619, TRAMP complex",792,S,0.11616161616161616
Q9NWX6,tRNA,,very high,literature based (Gerstberger S3),Gerstberger S3 consensus RNA target: tRNA; putative RNA target: none; PubMed: tRNAHis guanylyltransferase; adds a guanosine residue to the 5' end of tRNAH is after transcription and RNase P cleavage; can also catalyze reverse (3'-5') polymerization with certain substrates in a template-dependent reaction; couples nuclear division and migration to cell budding and cytokinesis; essential enzyme conserved among eukaryotes.,298,L,0.08053691275167785
P54136,tRNA,,very high,literature based (Gerstberger S3),Gerstberger S3 consensus RNA target: tRNA; putative RNA target: none; PubMed: established RBP,660,L,0.10757575757575757
O43818,snoRNA,,very high,literature based (Gerstberger S3),"Gerstberger S3 consensus RNA target: snoRNA; putative RNA target: none; PubMed: This gene encodes a member of the WD-repeat protein family. The encoded protein is a component of the nucleolar small nuclear ribonucleoprotein particle (snoRNP) and is essential for 18s rRNA processing during ribosome synthesis. It contains seven WD domains required for nucleolar localization and specific interaction with the U3 small nucleolar RNA (U3 snoRNA). [provided by RefSeq, Oct 2012]",475,A,0.1031578947368421
O60739,mRNA,,very high,literature based (Gerstberger S3),Gerstberger S3 consensus RNA target: mRNA; putative RNA target: none; PubMed: established RBP,113,K,0.10619469026548672
P19525,ncRNA,,very high,literature based (Gerstberger S3),"Gerstberger S3 consensus RNA target: ncRNA; putative RNA target: none; PubMed: The protein encoded by this gene is a serine/threonine protein kinase that is activated by autophosphorylation after binding to dsRNA. The activated form of the encoded protein can phosphorylate translation initiation factor EIF2S1, which in turn inhibits protein synthesis. This protein is also activated by manganese ions and heparin. Three transcript variants encoding two different isoforms have been found for this gene. [provided by RefSeq, Oct 2011]",551,K,0.10707803992740472
Q96EP5,mRNA,,very high,literature based (Gerstberger S3),Gerstberger S3 consensus RNA target: mRNA; putative RNA target: none; PubMed: established RBP,407,P,0.16461916461916462
Q92499,mRNA,,very high,literature based (Gerstberger S3),Gerstberger S3 consensus RNA target: mRNA; putative RNA target: none; PubMed: established RBP,740,G,0.0918918918918919
Q9Y3B4,mRNA,,very high,literature based (Gerstberger S3),Gerstberger S3 consensus RNA target: mRNA; putative RNA target: none; PubMed: established RBP,125,K,0.096
Q4ZG55,unknown,,unknown,,,1949,L,0.11493073370959467
Q03701,pre-rRNA,,very high,literature based (Gerstberger S3),Gerstberger S3 consensus RNA target: pre-rRNA; putative RNA target: none; PubMed: MAK21 yeast homolog,1054,K,0.10910815939278938
Q9UGM6,tRNA,,very high,literature based (Gerstberger S3),Gerstberger S3 consensus RNA target: tRNA; putative RNA target: none; PubMed: established RBP,360,L,0.10555555555555556
Q99848,pre-rRNA,,very high,literature based (Gerstberger S3),Gerstberger S3 consensus RNA target: pre-rRNA; putative RNA target: none; PubMed: 19170763,306,K,0.1437908496732026
O95926,mRNA,,very high,literature based (Gerstberger S3),Gerstberger S3 consensus RNA target: mRNA; putative RNA target: none; PubMed: established RBP,243,E,0.14814814814814814
P31939,unknown,,unknown,,,592,A,0.11148648648648649
Q9NYY8,mRNA,,very high,literature based (Gerstberger S3),Gerstberger S3 consensus RNA target: mRNA; putative RNA target: none; PubMed: 15501674,710,L,0.1352112676056338
Q7Z6V5,tRNA,,very high,literature based (Gerstberger S3),Gerstberger S3 consensus RNA target: tRNA; putative RNA target: none; PubMed: established RBP,191,E,0.1099476439790576
Q9UKF6,mRNA,,very high,literature based (Gerstberger S3),Gerstberger S3 consensus RNA target: mRNA; putative RNA target: none; PubMed: established RBP,684,L,0.097953216374269
Q8NHQ9,pre-rRNA,,very high,literature based (Gerstberger S3),Gerstberger S3 consensus RNA target: pre-rRNA; putative RNA target: none; PubMed: SPB4 yeast homolog,600,L,0.105
Q9BWT3,mRNA,,very high,literature based (Gerstberger S3),Gerstberger S3 consensus RNA target: mRNA; putative RNA target: none; PubMed: established RBP,736,S,0.09103260869565218
Q13148,mRNA,,high,GO based,go_biological_process: mRNA; go_biological_process: rna splicing; go_molecular_function: mRNA; go_molecular_function: pre-mRNA,414,G,0.13285024154589373
Q96QD9,mRNA,,very high,literature based (Gerstberger S3),Gerstberger S3 consensus RNA target: mRNA; putative RNA target: none; PubMed: RNA export 19836239,318,R,0.11320754716981132
O00148,mRNA,,very high,literature based (Gerstberger S3),Gerstberger S3 consensus RNA target: mRNA; putative RNA target: none; PubMed: established RBP,427,L,0.0936768149882904
Q06265,diverse,,very high,literature based (Gerstberger S3),Gerstberger S3 consensus RNA target: diverse; putative RNA target: none; PubMed: established RBP,439,E,0.10250569476082004
P09012,snRNA,,very high,literature based (Gerstberger S3),Gerstberger S3 consensus RNA target: snRNA; putative RNA target: none; PubMed: established RBP,282,P,0.12411347517730496
Q13247,mRNA,,very high,literature based (Gerstberger S3),Gerstberger S3 consensus RNA target: mRNA; putative RNA target: none; PubMed: established RBP,344,S,0.21511627906976744
Q9ULR5,mRNA,,very high,literature based (Gerstberger S3),Gerstberger S3 consensus RNA target: mRNA; putative RNA target: none; PubMed: 20739757,123,E,0.14634146341463414
Q8WVK2,snRNA,,very high,literature based (Gerstberger S3),Gerstberger S3 consensus RNA target: snRNA; putative RNA target: none; PubMed: established RBP,155,R,0.25161290322580643
O00566,snoRNA,,very high,literature based (Gerstberger S3),Gerstberger S3 consensus RNA target: snoRNA; putative RNA target: none; PubMed: 9478208,681,E,0.14977973568281938
Q96EU6,pre-rRNA,,very high,literature based (Gerstberger S3),"Gerstberger S3 consensus RNA target: pre-rRNA; putative RNA target: none; PubMed: RRP36 functions at an early stage in the processing of 35S preribosomal RNA into the mature 18S species (Gerus et al., 2010 [PubMed 20038530]).[supplied by OMIM, Jul 2010]",259,R,0.10810810810810811
P09234,snRNA,,very high,literature based (Gerstberger S3),Gerstberger S3 consensus RNA target: snRNA; putative RNA target: none; PubMed: established RBP,159,P,0.25157232704402516
Q5JTZ9,tRNA,,very high,literature based (Gerstberger S3),Gerstberger S3 consensus RNA target: tRNA; putative RNA target: none; PubMed: established RBP,985,L,0.12284263959390863
Q9Y235,mRNA,,very high,literature based (Gerstberger S3),Gerstberger S3 consensus RNA target: mRNA; putative RNA target: none; PubMed: 17187054,224,E,0.12946428571428573
Q96J94,ncRNA,,very high,literature based (Gerstberger S3),Gerstberger S3 consensus RNA target: ncRNA; putative RNA target: none; PubMed: established RBP,861,L,0.0975609756097561
Q9BZI7,mRNA,,very high,literature based (Gerstberger S3),"Gerstberger S3 consensus RNA target: mRNA; putative RNA target: none; PubMed: This gene encodes a protein that is part of a post-splicing multiprotein complex involved in both mRNA nuclear export and mRNA surveillance. The encoded protein is one of two functional homologs to yeast Upf3p. mRNA surveillance detects exported mRNAs with truncated open reading frames and initiates nonsense-mediated mRNA decay (NMD). When translation ends upstream from the last exon-exon junction, this triggers NMD to degrade mRNAs containing premature stop codons. This protein binds to the mRNA and remains bound after nuclear export, acting as a nucleocytoplasmic shuttling protein. It forms with Y14 a complex that binds specifically 20 nt upstream of exon-exon junctions. This gene is located on the long arm of chromosome 13. Two splice variants encoding different isoforms have been found for this gene. [provided by RefSeq, Jul 2008]",483,K,0.15527950310559005
P62273,ribosomal protein,,very high,literature based (Gerstberger S3),Gerstberger S3 consensus RNA target: ribosomal protein; putative RNA target: none; PubMed: established RBP,56,R,0.125
Q92797,mRNA,,very high,literature based (Gerstberger S3),Gerstberger S3 consensus RNA target: mRNA; putative RNA target: none; PubMed: established RBP,1274,L,0.12951334379905807
P08579,snRNA,,very high,literature based (Gerstberger S3),Gerstberger S3 consensus RNA target: snRNA; putative RNA target: none; PubMed: established RBP,225,K,0.1111111111111111
Q9Y3A5,pre-rRNA,,very high,literature based (Gerstberger S3),Gerstberger S3 consensus RNA target: pre-rRNA; putative RNA target: none; PubMed: 23831625,250,K,0.132
Q8IWZ8,mRNA,,very high,literature based (Gerstberger S3),"Gerstberger S3 consensus RNA target: mRNA; putative RNA target: none; PubMed: SF4 is a member of the SURP family of splicing factors.[supplied by OMIM, Sep 2003]",645,E,0.09922480620155039
P21506,unknown,,unknown,,,573,S,0.08900523560209424
Q9UBQ5,mRNA,,very high,literature based (Gerstberger S3),Gerstberger S3 consensus RNA target: mRNA; putative RNA target: none; PubMed: 15180986,218,L,0.11467889908256881
Q9UBS3,unknown,,unknown,,,223,F,0.10762331838565023
P51116,mRNA,,very high,literature based (Gerstberger S3),Gerstberger S3 consensus RNA target: mRNA; putative RNA target: none; PubMed: established RBP,673,R,0.10104011887072809
P22090,ribosomal protein,,very high,literature based (Gerstberger S3),Gerstberger S3 consensus RNA target: ribosomal protein; putative RNA target: none; PubMed: established RBP,263,K,0.09885931558935361
Q15415,mRNA,,very high,literature based (Gerstberger S3),Gerstberger S3 consensus RNA target: mRNA; putative RNA target: none; PubMed: by homology,496,S,0.14919354838709678
Q92904,mRNA,,very high,literature based (Gerstberger S3),Gerstberger S3 consensus RNA target: mRNA; putative RNA target: none; PubMed: established RBP,295,V,0.10847457627118644
Q8IX18,mRNA,,very high,literature based (Gerstberger S3),Gerstberger S3 consensus RNA target: mRNA; putative RNA target: none; PubMed: PRP16 yeast homolog,779,L,0.09370988446726572
P62249,ribosomal protein,,very high,literature based (Gerstberger S3),Gerstberger S3 consensus RNA target: ribosomal protein; putative RNA target: none; PubMed: established RBP,146,K,0.1095890410958904
Q96Q11,tRNA,,very high,literature based (Gerstberger S3),Gerstberger S3 consensus RNA target: tRNA; putative RNA target: none; PubMed: established RBP,434,L,0.1152073732718894
Q7Z478,mRNA,,very high,literature based (Gerstberger S3),Gerstberger S3 consensus RNA target: mRNA; putative RNA target: none; PubMed: 23047696,1369,L,0.10810810810810811
Q9H5Z1,mRNA,,very high,literature based (Gerstberger S3),Gerstberger S3 consensus RNA target: mRNA; putative RNA target: none; PubMed: by homology,703,V,0.09388335704125178
Q9BY77,mRNA,,very high,literature based (Gerstberger S3),"Gerstberger S3 consensus RNA target: mRNA; putative RNA target: none; PubMed: This gene encodes an RRM (RNA recognition motif)-containing protein that participates in the regulation of translation by recruiting ribosomal protein S6 kinase beta-1 to mRNAs. Alternative splicing results in multiple transcript variants. [provided by RefSeq, Jul 2013]",421,L,0.09738717339667459
Q8IZ69,tRNA,,very high,literature based (Gerstberger S3),"Gerstberger S3 consensus RNA target: tRNA; putative RNA target: none; PubMed: The protein encoded by this gene is of unknown function. However, it is orthologous to the mouse Trmt2a gene and contains an RNA methyltransferase domain. Expression of this gene varies during the cell cycle, with aberrant expression being a possible biomarker in certain breast cancers. Several transcript variants encoding two different isoforms have been found for this gene. [provided by RefSeq, Apr 2012]",625,L,0.0976
Q96DF8,mRNA,,very high,literature based (Gerstberger S3),"Gerstberger S3 consensus RNA target: mRNA; putative RNA target: none; PubMed: 11991638, The encoded protein may be a component of C complex spliceosomes, and the orthologous protein in the mouse localizes to the nucleus. [provided by RefSeq, Jul 2008]",476,A,0.10714285714285714
Q14151,mRNA,,very high,literature based (Gerstberger S3),Gerstberger S3 consensus RNA target: mRNA; putative RNA target: none; PubMed: 17200140,953,E,0.13431269674711438
Q9UK45,snRNA,,very high,literature based (Gerstberger S3),Gerstberger S3 consensus RNA target: snRNA; putative RNA target: none; PubMed: established RBP,103,D,0.10679611650485436
Q96H86,unknown,,unknown,,,408,P,0.1053921568627451
P41091,tRNA,,very high,literature based (Gerstberger S3),"Gerstberger S3 consensus RNA target: tRNA; putative RNA target: none; PubMed: The translation initiation factor EIF2 catalyzes the first regulated step of protein synthesis initiation, promoting the binding of the initiator tRNA to 40S ribosomal subunits. Binding occurs as a ternary complex of methionyl-tRNA, EIF2, and GTP. EIF2 is composed of 3 nonidentical subunits, the 36-kD EIF2-alpha subunit (EIF2S1), the 38-kD EIF2-beta subunit (EIF2S2; MIM 603908), and the 52-kD EIF2-gamma subunit (EIF2S3; MIM 300161). The rate of formation of the ternary complex is modulated by the phosphorylation state of EIF2-alpha (Ernst et al., 1987 [PubMed 2948954]).[supplied by OMIM, Feb 2010]",472,L,0.09533898305084745
Q9BQ67,pre-rRNA,,very high,literature based (Gerstberger S3),"Gerstberger S3 consensus RNA target: pre-rRNA; putative RNA target: none; PubMed: RRB1 yeast homolog This gene encodes a glutamate-rich protein that contains five WD-repeat motifs. The encoded protein may play a critical role in ribosome biogenesis and may also play a role in histone methylation through interactions with CUL4-DDB1 ubiquitin E3 ligase. [provided by RefSeq, Feb 2012]",446,E,0.09641255605381166
Q8WUA2,mRNA,,very high,literature based (Gerstberger S3),Gerstberger S3 consensus RNA target: mRNA; putative RNA target: none; PubMed: 11978968,492,K,0.11382113821138211
P82663,ribosomal protein,,very high,literature based (Gerstberger S3),Gerstberger S3 consensus RNA target: ribosomal protein; putative RNA target: none; PubMed: established RBP,173,K,0.09826589595375723
P61353,ribosomal protein,,very high,literature based (Gerstberger S3),Gerstberger S3 consensus RNA target: ribosomal protein; putative RNA target: none; PubMed: established RBP,136,K,0.16911764705882354
P09661,snRNA,,very high,literature based (Gerstberger S3),Gerstberger S3 consensus RNA target: snRNA; putative RNA target: none; PubMed: 2928112,255,L,0.13333333333333333
Q9H9Z2,mRNA,,very high,literature based (Gerstberger S3),Gerstberger S3 consensus RNA target: mRNA; putative RNA target: none; PubMed: established RBP,209,G,0.10047846889952153
P19474,ncRNA,,very high,literature based (Gerstberger S3),"Gerstberger S3 consensus RNA target: ncRNA; putative RNA target: none; PubMed: This gene encodes a member of the tripartite motif (TRIM) family. The TRIM motif includes three zinc-binding domains, a RING, a B-box type 1 and a B-box type 2, and a coiled-coil region. The encoded protein is part of the RoSSA ribonucleoprotein, which includes a single polypeptide and one of four small RNA molecules. The RoSSA particle localizes to both the cytoplasm and the nucleus. RoSSA interacts with autoantigens in patients with Sjogren syndrome and systemic lupus erythematosus. Alternatively spliced transcript variants for this gene have been described but the full-length nature of only one has been determined. [provided by RefSeq, Jul 2008]",475,L,0.10736842105263159
O43159,pre-rRNA,,very high,literature based (Gerstberger S3),Gerstberger S3 consensus RNA target: pre-rRNA; putative RNA target: none; PubMed: RRP8 homolog.  Nucleolar S-adenosylmethionine-dependent rRNA methyltransferase; methylates adenine (m1A) of the large subunit (LSU) rRNA at position 645; involved in pre-rRNA cleavage at site A2; mutation is synthetically lethal with a gar1 mutation; deletion disrupts telomere maintenance by influencing the expression of neighboring gene STN1,456,A,0.09429824561403509
Q96EY7,mRNA,,very high,literature based (Gerstberger S3),Gerstberger S3 consensus RNA target: mRNA; putative RNA target: none; PubMed: 19427859,689,L,0.10595065312046444
P57772,tRNA,,very high,literature based (Gerstberger S3),Gerstberger S3 consensus RNA target: tRNA; putative RNA target: none; PubMed: established RBP,596,L,0.10234899328859061
Q12849,mRNA,,very high,literature based (Gerstberger S3),"Gerstberger S3 consensus RNA target: mRNA; putative RNA target: none; PubMed: The protein encoded by this gene is a cellular protein that binds RNAs containing the G-rich element. The protein is localized in the cytoplasm, and has been shown to stimulate translation of viral mRNAs in vitro. Multiple transcript variants encoding different isoforms have been found for this gene. [provided by RefSeq, Jul 2008]",480,A,0.10625
Q9NQZ2,snoRNA,,very high,literature based (Gerstberger S3),Gerstberger S3 consensus RNA target: snoRNA; putative RNA target: none; PubMed: established RBP,479,E,0.12734864300626306
O95218,mRNA,,very high,literature based (Gerstberger S3),Gerstberger S3 consensus RNA target: mRNA; putative RNA target: none; PubMed: 19052380,330,S,0.24242424242424243
O75616,pre-rRNA,,very high,literature based (Gerstberger S3),Gerstberger S3 consensus RNA target: pre-rRNA; putative RNA target: none; PubMed: 20604745,437,L,0.12356979405034325
Q9UKK6,mRNA,,very high,literature based (Gerstberger S3),"Gerstberger S3 consensus RNA target: mRNA; putative RNA target: none; PubMed: The protein encoded by this gene is located in the nuclear envelope. It has protein similarity to nuclear transport factor 2. This protein functions as a nuclear export factor in both RAN (Ras-related nuclear protein)- and CRM1 (required for chromosome region maintenance)-dependent pathways. It is found to stimulate the export of U1 snRNA in RAN- and CRM1-dependent pathways and the export of tRNA and mRNA in a CRM1-independent pathway. The encoded protein heterodimerizes with Tap protein and may regulate the ability of Tap protein to mediate nuclear mRNA export. The use of alternate polyadenylation sites has been found for this gene. [provided by RefSeq, Jul 2008]",140,S,0.1
P38935,tRNA,,very high,literature based (Gerstberger S3),"Gerstberger S3 consensus RNA target: tRNA; putative RNA target: none; PubMed: 19299493, IGHMBP2 associates physically with tRNAs and in particular with tRNA(Tyr), which are present in the modifier and with the ABT1 protein.",993,L,0.11178247734138973
Q96MP5,unknown,,unknown,,,696,L,0.11206896551724138
Q9BXT8,mRNA,,very high,literature based (Gerstberger S3),Gerstberger S3 consensus RNA target: mRNA; putative RNA target: none; PubMed: 11675789,1623,L,0.09919901417128774
O15397,ncRNA,,very high,literature based (Gerstberger S3),Gerstberger S3 consensus RNA target: ncRNA; putative RNA target: none; PubMed: 24596094,1037,L,0.11764705882352941
Q9P031,unknown,,very high,literature based (Gerstberger S3),Gerstberger S3 consensus RNA target: unknown; putative RNA target: none; PubMed: established RBP,241,K,0.14522821576763487
P05198,tRNA,,very high,literature based (Gerstberger S3),"Gerstberger S3 consensus RNA target: tRNA; putative RNA target: none; PubMed: The translation initiation factor EIF2 catalyzes the first regulated step of protein synthesis initiation, promoting the binding of the initiator tRNA to 40S ribosomal subunits. Binding occurs as a ternary complex of methionyl-tRNA, EIF2, and GTP. EIF2 is composed of 3 nonidentical subunits, the 36-kD EIF2-alpha subunit (EIF2S1), the 38-kD EIF2-beta subunit (EIF2S2; MIM 603908), and the 52-kD EIF2-gamma subunit (EIF2S3; MIM 300161). The rate of formation of the ternary complex is modulated by the phosphorylation state of EIF2-alpha (Ernst et al., 1987 [PubMed 2948954]).[supplied by OMIM, Feb 2010]",315,E,0.12063492063492064
P82909,ribosomal protein,,very high,literature based (Gerstberger S3),Gerstberger S3 consensus RNA target: ribosomal protein; putative RNA target: none; PubMed: established RBP,103,S,0.1262135922330097
Q76MJ5,mRNA,,very high,literature based (Gerstberger S3),"Gerstberger S3 consensus RNA target: mRNA; putative RNA target: none; PubMed: 18242182,  21146530",926,L,0.13714902807775378
O43776,tRNA,,very high,literature based (Gerstberger S3),Gerstberger S3 consensus RNA target: tRNA; putative RNA target: none; PubMed: established RBP,548,L,0.09854014598540146
Q5TAX3,ncRNA,,very high,literature based (Gerstberger S3),Gerstberger S3 consensus RNA target: ncRNA; putative RNA target: none; PubMed: 19701194,1644,K,0.08759124087591241
Q8NAV1,snRNA,,very high,literature based (Gerstberger S3),Gerstberger S3 consensus RNA target: snRNA; putative RNA target: none; PubMed: Unique component of the U4/U6.U5 tri-snRNP particle; tri-snRNP is required for conformational changes which result in the catalytic activation of the spliceosome; dispensable for spliceosome assembly,312,R,0.15705128205128205
Q86YF9,mRNA,,very high,literature based (Gerstberger S3),Gerstberger S3 consensus RNA target: mRNA; putative RNA target: none; PubMed: 12511597,867,E,0.11303344867358708
Q9HA77,tRNA,,very high,literature based (Gerstberger S3),Gerstberger S3 consensus RNA target: tRNA; putative RNA target: none; PubMed: established RBP,564,A,0.10106382978723404
O43347,mRNA,,very high,literature based (Gerstberger S3),Gerstberger S3 consensus RNA target: mRNA; putative RNA target: none; PubMed: established RBP,362,G,0.10497237569060773
Q15646,ncRNA,,very high,literature based (Gerstberger S3),Gerstberger S3 consensus RNA target: ncRNA; putative RNA target: none; PubMed: 22531715,514,L,0.11673151750972763
A4D1B5,unknown,,unknown,,,854,L,0.13934426229508196
Q504Q3,mRNA,,very high,literature based (Gerstberger S3),Gerstberger S3 consensus RNA target: mRNA; putative RNA target: none; PubMed: established RBP,1202,L,0.11397670549084858
Q96K80,unknown,,very high,literature based (Gerstberger S3),Gerstberger S3 consensus RNA target: unknown; putative RNA target: none; PubMed: by homology,434,P,0.10599078341013825
Q96EL3,ribosomal protein,,very high,literature based (Gerstberger S3),Gerstberger S3 consensus RNA target: ribosomal protein; putative RNA target: none; PubMed: established RBP,112,A,0.11607142857142858
Q14146,pre-rRNA,,very high,literature based (Gerstberger S3),Gerstberger S3 consensus RNA target: pre-rRNA; putative RNA target: none; PubMed: by homology,1524,L,0.16666666666666666
Q9H9J2,ribosomal protein,,very high,literature based (Gerstberger S3),Gerstberger S3 consensus RNA target: ribosomal protein; putative RNA target: none; PubMed: established RBP,332,L,0.12951807228915663
O60573,mRNA,,very high,literature based (Gerstberger S3),Gerstberger S3 consensus RNA target: mRNA; putative RNA target: none; PubMed: 17369309,245,K,0.07346938775510205
P82933,ribosomal protein,,very high,literature based (Gerstberger S3),Gerstberger S3 consensus RNA target: ribosomal protein; putative RNA target: none; PubMed: established RBP,396,L,0.09343434343434344
O00425,mRNA,,very high,literature based (Gerstberger S3),Gerstberger S3 consensus RNA target: mRNA; putative RNA target: none; PubMed: established RBP,579,K,0.08117443868739206
Q9NY93,pre-rRNA,,very high,literature based (Gerstberger S3),Gerstberger S3 consensus RNA target: pre-rRNA; putative RNA target: none; PubMed: yeast homolog DBP9,547,L,0.1480804387568556
P48200,mRNA,,very high,literature based (Gerstberger S3),Gerstberger S3 consensus RNA target: mRNA; putative RNA target: none; PubMed: ACO3,963,L,0.0976116303219107
Q07955,mRNA,,very high,literature based (Gerstberger S3),Gerstberger S3 consensus RNA target: mRNA; putative RNA target: none; PubMed: established RBP,248,R,0.17338709677419356
Q9BX63,unknown,,unknown,,,1249,S,0.09607686148919135
P42766,ribosomal protein,,very high,literature based (Gerstberger S3),Gerstberger S3 consensus RNA target: ribosomal protein; putative RNA target: none; PubMed: established RBP,123,K,0.21138211382113822
O60518,mRNA,,very high,literature based (Gerstberger S3),Gerstberger S3 consensus RNA target: mRNA; putative RNA target: none; PubMed: by homology,1105,L,0.12398190045248869
Q92759,unknown,,unknown,,,462,L,0.14935064935064934
O43422,unknown,,unknown,,,761,L,0.11432325886990802
Q96RS0,snRNA,,very high,literature based (Gerstberger S3),Gerstberger S3 consensus RNA target: snRNA; putative RNA target: none; PubMed: 19386620,853,E,0.10316529894490035
Q9BRD0,mRNA,,very high,literature based (Gerstberger S3),Gerstberger S3 consensus RNA target: mRNA; putative RNA target: none; PubMed: 11884590,619,R,0.12277867528271405
P42704,mRNA,,very high,literature based (Gerstberger S3),Gerstberger S3 consensus RNA target: mRNA; putative RNA target: none; PubMed: 22045337,1394,L,0.13558106169296988
Q9UK59,mRNA,,very high,literature based (Gerstberger S3),"Gerstberger S3 consensus RNA target: mRNA; putative RNA target: none; PubMed: The protein encoded by this gene is an RNA lariat debranching enzyme that hydrolyzes 2'-5' prime branched phosphodiester bonds. The encoded protein specifically targets the bonds at the branch point of excised lariat intron RNA, converting them to linear molecules that are then degraded. This protein may also be involved in retroviral replication. [provided by RefSeq, Nov 2011]",544,L,0.08639705882352941
Q99728,ncRNA,,very high,literature based (Gerstberger S3),Gerstberger S3 consensus RNA target: ncRNA; putative RNA target: none; PubMed: 12419249,777,S,0.11325611325611326
Q9NRN9,unknown,,very high,literature based (Gerstberger S3),Gerstberger S3 consensus RNA target: unknown; putative RNA target: none; PubMed: established RBP,209,L,0.10047846889952153
P05455,tRNA,,very high,literature based (Gerstberger S3),"Gerstberger S3 consensus RNA target: tRNA; putative RNA target: none; PubMed: The protein encoded by this gene is involved in diverse aspects of RNA metabolism, including binding and protecting poly(U) termini of nascent RNA polymerase III transcripts from exonuclease digestion, processing 5' and 3' ends of pre-tRNA precursors, acting as an RNA chaperone, and binding viral RNAs associated with hepatitis C virus. Autoantibodies reacting with this protein are found in the sera of patients with Sjogren syndrome and systemic lupus erythematosus. [provided by RefSeq, Nov 2011]",408,K,0.14950980392156862
Q9GZL7,pre-rRNA,,very high,literature based (Gerstberger S3),Gerstberger S3 consensus RNA target: pre-rRNA; putative RNA target: none; PubMed: 16043514,423,S,0.11583924349881797
Q32P41,tRNA,,very high,literature based (Gerstberger S3),"Gerstberger S3 consensus RNA target: tRNA; putative RNA target: none; PubMed: tRNAs contain as many as 13 or 14 nucleotides that are modified posttranscriptionally by enzymes that are highly specific for particular nucleotides in the tRNA structure. TRMT5 methylates the N1 position of guanosine-37 (G37) in selected tRNAs using S-adenosyl methionine (Brule et al., 2004 [PubMed 15248782]).[supplied by OMIM, Mar 2008]",509,L,0.10805500982318271
Q96BP3,mRNA,,very high,literature based (Gerstberger S3),Gerstberger S3 consensus RNA target: mRNA; putative RNA target: none; PubMed: 18397323,646,V,0.08359133126934984
Q96IC2,pre-rRNA,,very high,literature based (Gerstberger S3),"Gerstberger S3 consensus RNA target: pre-rRNA; putative RNA target: none; PubMed: by homology, Rex1p",774,L,0.1434108527131783
P60900,unknown,,very high,literature based (Gerstberger S3),Gerstberger S3 consensus RNA target: unknown; putative RNA target: none; PubMed: 7681138,246,V,0.08536585365853659
Q13573,mRNA,,very high,literature based (Gerstberger S3),"Gerstberger S3 consensus RNA target: mRNA; putative RNA target: none; PubMed: It can also function as a splicing factor by interacting with poly(A)-binding protein 2 to directly control the expression of muscle-specific genes at the transcriptional level. Finally, the protein may be involved in oncogenesis since it interacts with a region of SKI oncoproteins that is required for transforming activity. [provided by RefSeq, Jul 2008]",536,K,0.09888059701492537
Q96FV9,mRNA,,very high,literature based (Gerstberger S3),Gerstberger S3 consensus RNA target: mRNA; putative RNA target: none; PubMed: 17190602,657,E,0.1126331811263318
O75691,snoRNA,,very high,literature based (Gerstberger S3),Gerstberger S3 consensus RNA target: snoRNA; putative RNA target: none; PubMed: established RBP,2785,L,0.14183123877917414
Q9NYH9,snoRNA,,very high,literature based (Gerstberger S3),Gerstberger S3 consensus RNA target: snoRNA; putative RNA target: none; PubMed: established RBP,597,E,0.11222780569514237
P49588,tRNA,,very high,literature based (Gerstberger S3),Gerstberger S3 consensus RNA target: tRNA; putative RNA target: none; PubMed: established RBP,968,L,0.09504132231404959
O60563,ncRNA,,very high,literature based (Gerstberger S3),"Gerstberger S3 consensus RNA target: ncRNA; putative RNA target: none; PubMed: This gene encodes a member of the highly conserved cyclin C subfamily. The encoded protein tightly associates with cyclin-dependent kinase 9, and is a major subunit of positive transcription elongation factor b (p-TEFb). In humans, there are multiple forms of positive transcription elongation factor b, which may include one of several different cyclins along with cyclin-dependent kinase 9. The complex containing the encoded cyclin and cyclin-dependent kinase 9 acts as a cofactor of human immunodeficiency virus type 1 (HIV-1) Tat protein, and is both necessary and sufficient for full activation of viral transcription. This cyclin and its kinase partner are also involved in triggering transcript elongation through phosphorylation of the carboxy-terminal domain of the largest RNA polymerase II subunit. Overexpression of this gene is implicated in tumor growth. Alternative splicing results in multiple transcript variants. [provided by RefSeq, Apr 2013]",726,S,0.12396694214876033
Q9ULM6,mRNA,,very high,literature based (Gerstberger S3),Gerstberger S3 consensus RNA target: mRNA; putative RNA target: none; PubMed: established RBP,557,L,0.13824057450628366
P56192,tRNA,,very high,literature based (Gerstberger S3),Gerstberger S3 consensus RNA target: tRNA; putative RNA target: none; PubMed: established RBP,900,L,0.12111111111111111
Q15434,mRNA,,very high,literature based (Gerstberger S3),"Gerstberger S3 consensus RNA target: mRNA; putative RNA target: none; PubMed: The protein encoded by this gene is a member of a small family of proteins which bind single stranded DNA/RNA. These proteins are characterized by the presence of two sets of ribonucleoprotein consensus sequence (RNP-CS) that contain conserved motifs, RNP1 and RNP2, originally described in RNA binding proteins, and required for DNA binding. The RBMS proteins have been implicated in such diverse functions as DNA replication, gene transcription, cell cycle progression and apoptosis. This protein was isolated by phenotypic complementation of cdc2 and cdc13 mutants of yeast and is thought to suppress cdc2 and cdc13 mutants through the induction of translation of cdc2. [provided by RefSeq, Jul 2008]",407,S,0.11793611793611794
Q15185,ncRNA,,very high,literature based (Gerstberger S3),Gerstberger S3 consensus RNA target: ncRNA; putative RNA target: none; PubMed: 12135483,160,D,0.16875
P49790,diverse,,very high,literature based (Gerstberger S3),Gerstberger S3 consensus RNA target: diverse; putative RNA target: none; PubMed: 11567018,1475,S,0.18101694915254238
O15105,ncRNA,,very high,literature based (Gerstberger S3),Gerstberger S3 consensus RNA target: ncRNA; putative RNA target: none; PubMed: 20705240,426,G,0.11502347417840375
Q9Y473,unknown,,unknown,,,711,K,0.10267229254571027
O75113,unknown,,very high,literature based (Gerstberger S3),Gerstberger S3 consensus RNA target: unknown; putative RNA target: none; PubMed: 17114934,896,L,0.10491071428571429
Q14562,mRNA,,very high,literature based (Gerstberger S3),"Gerstberger S3 consensus RNA target: mRNA; putative RNA target: none; PubMed: This protein facilitates nuclear export of spliced mRNA by releasing the RNA from the spliceosome. [provided by RefSeq, Jul 2008]",1220,L,0.08934426229508197
Q6P1Q9,tRNA,,very high,literature based (Gerstberger S3),Gerstberger S3 consensus RNA target: tRNA; putative RNA target: none; PubMed: by homology,378,L,0.08465608465608465
Q8TDI0,unknown,,unknown,,,1954,E,0.09825997952917093
Q6ZRS2,unknown,,unknown,,,3230,P,0.1411764705882353
O15047,ncRNA,,very high,literature based (Gerstberger S3),Gerstberger S3 consensus RNA target: ncRNA; putative RNA target: none; PubMed: 15775977,1707,P,0.12302284710017575
Q9UEG4,unknown,,unknown,,,869,S,0.09666283084004602
Q8IXZ2,mRNA,,very high,literature based (Gerstberger S3),Gerstberger S3 consensus RNA target: mRNA; putative RNA target: none; PubMed: 19364924,948,S,0.14451476793248946
Q9UKV3,mRNA,,very high,literature based (Gerstberger S3),"Gerstberger S3 consensus RNA target: mRNA; putative RNA target: none; PubMed: This protein has also been shown to be a component of a splicing-dependent multiprotein exon junction complex (EJC) that is deposited at splice junctions on mRNAs, as a consequence of pre-mRNA splicing. It may thus be involved in mRNA metabolism associated with splicing.",1341,E,0.14839671886651754
Q06830,mRNA,,very high,literature based (Gerstberger S3),"Gerstberger S3 consensus RNA target: mRNA; putative RNA target: none; PubMed: 22658674, 22681889, 22877757",199,K,0.09547738693467336
Q92900,mRNA,,very high,literature based (Gerstberger S3),"Gerstberger S3 consensus RNA target: mRNA; putative RNA target: none; PubMed: This gene encodes a protein that is part of a post-splicing multiprotein complex involved in both mRNA nuclear export and mRNA surveillance. mRNA surveillance detects exported mRNAs with truncated open reading frames and initiates nonsense-mediated mRNA decay (NMD). When translation ends upstream from the last exon-exon junction, this triggers NMD to degrade mRNAs containing premature stop codons. This protein is located only in the cytoplasm. When translation ends, it interacts with the protein that is a functional homolog of yeast Upf2p to trigger mRNA decapping. Use of multiple polyadenylation sites has been noted for this gene. [provided by RefSeq, Jul 2008]",1129,L,0.09477413640389726
P55199,snRNA,,high,GO based; UniProt annotation/metadata,go_biological_process: snRNA; subcellular_location: snRNA,621,S,0.10144927536231885
Q9Y3Z3,diverse,,very high,literature based (Gerstberger S3),Gerstberger S3 consensus RNA target: diverse; putative RNA target: none; PubMed: established RBP,626,L,0.08626198083067092
Q9UPR6,unknown,,very high,literature based (Gerstberger S3),Gerstberger S3 consensus RNA target: unknown; putative RNA target: none; PubMed: established RBP,939,P,0.12247071352502663
O00418,mRNA,,very high,literature based (Gerstberger S3),Gerstberger S3 consensus RNA target: mRNA; putative RNA target: none; PubMed: phosphorylates EEF2 thereby inhibiting translation,725,E,0.0896551724137931
Q86US8,mRNA,,very high,literature based (Gerstberger S3),"Gerstberger S3 consensus RNA target: mRNA; putative RNA target: none; PubMed: This gene encodes a component of the telomerase ribonucleoprotein complex responsible for the replication and maintenance of chromosome ends. The encoded protein also plays a role in the nonsense-mediated mRNA decay (NMD) pathway, providing the endonuclease activity near the premature translation termination codon that is needed to initiate NMD. Alternatively spliced transcript variants encoding distinct protein isoforms have been described. [provided by RefSeq, Feb 2014]",1419,L,0.102184637068358
Q8WYQ5,ncRNA,,very high,literature based (Gerstberger S3),Gerstberger S3 consensus RNA target: ncRNA; putative RNA target: none; PubMed: established RBP,773,E,0.09961190168175937
Q9NVP1,pre-rRNA,,very high,literature based (Gerstberger S3),Gerstberger S3 consensus RNA target: pre-rRNA; putative RNA target: none; PubMed: yeast homolog HAS1; ATP-dependent RNA helicase; involved in the biogenesis of 40S and 60S ribosome subunits; localizes to both the nuclear periphery and nucleolus; highly enriched in nuclear pore complex fractions; constituent of 66S pre-ribosomal particles,670,K,0.11194029850746269
Q9UNW9,mRNA,,very high,literature based (Gerstberger S3),Gerstberger S3 consensus RNA target: mRNA; putative RNA target: none; PubMed: established RBP,492,A,0.18292682926829268
O75530,ncRNA,,very high,literature based (Gerstberger S3),Gerstberger S3 consensus RNA target: ncRNA; putative RNA target: none; PubMed: 24320048,441,S,0.08843537414965986
Q9H0J9,unknown,,very high,literature based (Gerstberger S3),Gerstberger S3 consensus RNA target: unknown; putative RNA target: none; PubMed: by homology,701,S,0.09415121255349501
Q9UHL0,mRNA,,very high,literature based (Gerstberger S3),Gerstberger S3 consensus RNA target: mRNA; putative RNA target: none; PubMed: 19875492,483,L,0.10559006211180125
Q96C86,mRNA,,very high,literature based (Gerstberger S3),Gerstberger S3 consensus RNA target: mRNA; putative RNA target: none; PubMed: established RBP,337,L,0.1394658753709199
Q9NRX1,pre-rRNA,,very high,literature based (Gerstberger S3),"Gerstberger S3 consensus RNA target: pre-rRNA; putative RNA target: none; PubMed: 21075849, 12736301",252,A,0.09523809523809523
Q96DI7,snRNA,,very high,literature based (Gerstberger S3),Gerstberger S3 consensus RNA target: snRNA; putative RNA target: none; PubMed: established RBP,357,G,0.0896358543417367
Q8N5C6,unknown,,very high,literature based (Gerstberger S3),"Gerstberger S3 consensus RNA target: unknown; putative RNA target: none; PubMed: various cellular processes including bulk mRNA degradation, miRNA-mediated repression, translational repression",995,L,0.09246231155778895
Q9P2K8,tRNA,,very high,literature based (Gerstberger S3),"Gerstberger S3 consensus RNA target: tRNA; putative RNA target: none; PubMed: This gene encodes a member of a family of kinases that phosphorylate the alpha subunit of eukaryotic translation initiation factor-2 (EIF2), resulting in the downregulaton of protein synthesis. The encoded protein responds to amino acid deprivation by binding uncharged transfer RNAs. It may also be activated by glucose deprivation and viral infection. Mutations in this gene have been found in individuals suffering from autosomal recessive pulmonary venoocclusive-disease-2. [provided by RefSeq, Mar 2014]",1649,L,0.10612492419648271
Q9BSC4,pre-rRNA,,very high,literature based (Gerstberger S3),Gerstberger S3 consensus RNA target: pre-rRNA; putative RNA target: none; PubMed: ENP2 yeast homolog,688,L,0.11046511627906977
O60583,ncRNA,,very high,literature based (Gerstberger S3),"Gerstberger S3 consensus RNA target: ncRNA; putative RNA target: none; PubMed: The protein encoded by this gene belongs to the highly conserved cyclin family, whose members are characterized by a dramatic periodicity in protein abundance through the cell cycle. Cyclins function as regulators of CDK kinases. Different cyclins exhibit distinct expression and degradation patterns which contribute to the temporal coordination of each mitotic event. This cyclin and its kinase partner CDK9 were found to be subunits of the transcription elongation factor p-TEFb. The p-TEFb complex containing this cyclin was reported to interact with, and act as a negative regulator of human immunodeficiency virus type 1 (HIV-1) Tat protein. A pseudogene of this gene is found on chromosome 1. Alternate splicing results in multiple transcript variants.[provided by RefSeq, Dec 2010]",730,S,0.1547945205479452
Q5FWF4,unknown,,unknown,,,1079,L,0.09267840593141798
Q15032,unknown,,very high,literature based (Gerstberger S3),Gerstberger S3 consensus RNA target: unknown; putative RNA target: none; PubMed: by domain,1099,S,0.12192902638762511
P14868,tRNA,,very high,literature based (Gerstberger S3),Gerstberger S3 consensus RNA target: tRNA; putative RNA target: none; PubMed: established RBP,501,E,0.08183632734530938
O43432,mRNA,,very high,literature based (Gerstberger S3),Gerstberger S3 consensus RNA target: mRNA; putative RNA target: none; PubMed: 10872469,1585,E,0.09526813880126182
Q8NC60,pre-rRNA,,very high,literature based (Gerstberger S3),Gerstberger S3 consensus RNA target: pre-rRNA; putative RNA target: none; PubMed: 22447445,698,L,0.12177650429799428
Q96RP9,mRNA,,very high,literature based (Gerstberger S3),"Gerstberger S3 consensus RNA target: mRNA; putative RNA target: none; PubMed: This gene encodes one of the mitochondrial translation elongation factors. Its role in the regulation of normal mitochondrial function and in different disease states attributed to mitochondrial dysfunction is not known. [provided by RefSeq, Jul 2008]",751,G,0.085219707057257
Q9Y2X3,snoRNA,,very high,literature based (Gerstberger S3),Gerstberger S3 consensus RNA target: snoRNA; putative RNA target: none; PubMed: 10606270,529,K,0.13610586011342155
O15234,mRNA,,very high,literature based (Gerstberger S3),"Gerstberger S3 consensus RNA target: mRNA; putative RNA target: none; PubMed: The product of this gene is a core component of the exon junction complex (EJC), a protein complex that is deposited on spliced mRNAs at exon-exon junctions and functions in nonsense-mediated mRNA decay (NMD). The encoded protein binds RNA and interacts with two other EJC core components. It is predominantly located in the cytoplasm, but shuttles into the nucleus where it localizes to nuclear speckles. [provided by RefSeq, Jul 2008]",703,P,0.14366998577524892
Q14CZ7,mRNA,,very high,literature based (Gerstberger S3),Gerstberger S3 consensus RNA target: mRNA; putative RNA target: none; PubMed: 15501674,662,L,0.1540785498489426
Q9NXL6,ncRNA,,very high,literature based (Gerstberger S3),Gerstberger S3 consensus RNA target: ncRNA; putative RNA target: none; PubMed: 15850781,827,L,0.10640870616686819
Q9UBK2,unknown,,very high,literature based (Gerstberger S3),Gerstberger S3 consensus RNA target: unknown; putative RNA target: none; PubMed: by domain,798,S,0.14035087719298245
Q96KR1,unknown,,very high,literature based (Gerstberger S3),Gerstberger S3 consensus RNA target: unknown; putative RNA target: none; PubMed: established RBP,1074,A,0.12197392923649907
Q17RY0,mRNA,,very high,literature based (Gerstberger S3),Gerstberger S3 consensus RNA target: mRNA; putative RNA target: none; PubMed: established RBP,729,S,0.10699588477366255
Q96J01,mRNA,,very high,literature based (Gerstberger S3),"Gerstberger S3 consensus RNA target: mRNA; putative RNA target: none; PubMed: This gene encodes a component of the nuclear THO transcription elongation complex, which is part of the larger transcription export (TREX) complex that couples messenger RNA processing and export. In humans, the transcription export complex is recruited to the 5'-end of messenger RNAs in a splicing- and cap-dependent manner. Studies of a related complex in mouse suggest that the metazoan transcription export complex is involved in cell differentiation and development. A pseudogene of this gene has been defined on chromosome 5. [provided by RefSeq, May 2013]",351,S,0.09686609686609686
Q9UNX3,ribosomal protein,,very high,literature based (Gerstberger S3),Gerstberger S3 consensus RNA target: ribosomal protein; putative RNA target: none; PubMed: established RBP,145,K,0.16551724137931034
Q9H089,pre-rRNA,,very high,literature based (Gerstberger S3),Gerstberger S3 consensus RNA target: pre-rRNA; putative RNA target: none; PubMed: 15660131,658,E,0.09422492401215805
Q9P2N5,mRNA,,very high,literature based (Gerstberger S3),Gerstberger S3 consensus RNA target: mRNA; putative RNA target: none; PubMed: by homology,1060,S,0.09622641509433963
Q9HAV4,ncRNA,,very high,literature based (Gerstberger S3),Gerstberger S3 consensus RNA target: ncRNA; putative RNA target: none; PubMed: 21297638,1204,L,0.13704318936877077
Q15024,diverse,,very high,literature based (Gerstberger S3),Gerstberger S3 consensus RNA target: diverse; putative RNA target: none; PubMed: established RBP,291,V,0.12027491408934708
O95620,tRNA,,very high,literature based (Gerstberger S3),Gerstberger S3 consensus RNA target: tRNA; putative RNA target: none; PubMed: by homology,317,I,0.08201892744479496
P51531,unknown,,unknown,,,1590,E,0.09811320754716982
P31942,mRNA,,very high,literature based (Gerstberger S3),Gerstberger S3 consensus RNA target: mRNA; putative RNA target: none; PubMed: established RBP,346,G,0.24277456647398843
O14981,unknown,,unknown,,,1849,L,0.1276365603028664
P78332,mRNA,,very high,literature based (Gerstberger S3),Gerstberger S3 consensus RNA target: mRNA; putative RNA target: none; PubMed: by homology,1123,R,0.10418521816562779
O94906,snRNA,,very high,literature based (Gerstberger S3),Gerstberger S3 consensus RNA target: snRNA; putative RNA target: none; PubMed: established RBP,941,A,0.10520722635494155
P49770,mRNA,,very high,literature based (Gerstberger S3),Gerstberger S3 consensus RNA target: mRNA; putative RNA target: none; PubMed: eiF2B complex,351,E,0.10256410256410256
Q8TBF4,snRNA,,very high,literature based (Gerstberger S3),"Gerstberger S3 consensus RNA target: snRNA; putative RNA target: none; PubMed: It was identified as one of the protein components of U11/U12 snRNPs. This protein and many other U11/U12 snRNP proteins are highly conserved in organisms known to contain U12-type introns. These proteins have been shown to be essential for cell viability, suggesting the key roles in U12-type splicing.",217,K,0.1336405529953917
Q15633,mRNA,,very high,literature based (Gerstberger S3),Gerstberger S3 consensus RNA target: mRNA; putative RNA target: none; PubMed: established RBP,366,L,0.10655737704918032
Q5T8P6,mRNA,,very high,literature based (Gerstberger S3),Gerstberger S3 consensus RNA target: mRNA; putative RNA target: none; PubMed: by homology,1007,P,0.09632571996027806
A7MD48,mRNA,,very high,literature based (Gerstberger S3),"Gerstberger S3 consensus RNA target: mRNA; putative RNA target: none; PubMed: SRRM4 promotes alternative splicing and inclusion of neural-specific exons in target mRNAs (Calarco et al., 2009 [PubMed 19737518]).[supplied by OMIM, Oct 2009]",611,S,0.265139116202946
Q5VZF2,mRNA,,very high,literature based (Gerstberger S3),Gerstberger S3 consensus RNA target: mRNA; putative RNA target: none; PubMed: established RBP,373,A,0.1126005361930295
Q8IZP6,snRNA,,very high,literature based (Gerstberger S3),Gerstberger S3 consensus RNA target: snRNA; putative RNA target: none; PubMed: by homology,322,R,0.09006211180124224
Q86U38,pre-rRNA,,very high,literature based (Gerstberger S3),Gerstberger S3 consensus RNA target: pre-rRNA; putative RNA target: none; PubMed: 1795697,636,L,0.1540880503144654
A0A0A0MQW0,mRNA,,very high,literature based (Gerstberger S3),Gerstberger S3 consensus RNA target: mRNA; putative RNA target: none; PubMed: by domain,576,G,0.1579861111111111
P37108,ncRNA,,very high,literature based (Gerstberger S3),Gerstberger S3 consensus RNA target: ncRNA; putative RNA target: none; PubMed: established RBP,136,A,0.17647058823529413
Q9GZS3,mRNA,,very high,literature based (Gerstberger S3),Gerstberger S3 consensus RNA target: mRNA; putative RNA target: none; PubMed: 16024656,305,S,0.09836065573770492
Q92620,mRNA,,very high,literature based (Gerstberger S3),"Gerstberger S3 consensus RNA target: mRNA; putative RNA target: none; PubMed: This protein resembles yeast Prp16 more closely than other DEAD/H family members. It is an ATPase and essential for the catalytic step II in pre-mRNA splicing process. [provided by RefSeq, Jul 2008]",1227,E,0.0945395273023635
Q9NX01,snRNA,,very high,literature based (Gerstberger S3),"Gerstberger S3 consensus RNA target: snRNA; putative RNA target: none; PubMed: 23519793, TXNL4A (thioredoxin-like 4A) is an essential protein conserved from yeast to humans and is a component of the pre-mRNA splicing machinery. TXNL4B was identified as a TXNL4-family protein that also interacts with Prp6, an integral component of the U4/U6ÃƒÆ’Ã¢â‚¬Å¡Ãƒâ€šÃ‚Â·U5 tri-snRNP complex, and has been shown to function in pre-mRNA splicing. A",149,D,0.10738255033557047
Q8WYQ9,unknown,,very high,literature based (Gerstberger S3),Gerstberger S3 consensus RNA target: unknown; putative RNA target: none; PubMed: established RBP,949,S,0.16332982086406744
Q8NCV1,mRNA,,very high,literature based (Gerstberger S3),Gerstberger S3 consensus RNA target: mRNA; putative RNA target: none; PubMed: by homology,583,L,0.13379073756432247
Q92901,ribosomal protein,,very high,literature based (Gerstberger S3),Gerstberger S3 consensus RNA target: ribosomal protein; putative RNA target: none; PubMed: established RBP,407,K,0.12039312039312039
Q9ULX3,pre-rRNA,,very high,literature based (Gerstberger S3),"Gerstberger S3 consensus RNA target: pre-rRNA; putative RNA target: none; PubMed: In yeast, over 200 protein and RNA cofactors are required for ribosome assembly, and these are generally conserved in eukaryotes. These factors orchestrate modification and cleavage of the initial 35S precursor rRNA transcript into the mature 18S, 5.8S, and 25S rRNAs, folding of the rRNA, and binding of ribosomal proteins and 5S RNA. Nob1 is involved in pre-rRNA processing. In a late cytoplasmic processing step, Nob1 cleaves a 20S rRNA intermediate at cleavage site D to produce the mature 18S rRNA (Lamanna and Karbstein, 2009 [PubMed 19706509]).[supplied by OMIM, Nov 2010]",412,L,0.09223300970873786
P83876,snRNA,,very high,literature based (Gerstberger S3),"Gerstberger S3 consensus RNA target: snRNA; putative RNA target: none; PubMed: 23519793, TXNL4A (thioredoxin-like 4A) is an essential protein conserved from yeast to humans and is a component of the pre-mRNA splicing machinery. TXNL4B was identified as a TXNL4-family protein that also interacts with Prp6, an integral component of the U4/U6ÃƒÆ’Ã¢â‚¬Å¡Ãƒâ€šÃ‚Â·U5 tri-snRNP complex, and has been shown to function in pre-mRNA splicing. A",142,V,0.09859154929577464
O43823,mRNA,,very high,literature based (Gerstberger S3),"Gerstberger S3 consensus RNA target: mRNA; putative RNA target: none; PubMed: 22658674, 22681889",692,G,0.10404624277456648
Q96L12,unknown,,very high,literature based (Gerstberger S3),Gerstberger S3 consensus RNA target: unknown; putative RNA target: none; PubMed: by homology,384,K,0.09895833333333333
Q9H0W8,mRNA,,very high,literature based (Gerstberger S3),Gerstberger S3 consensus RNA target: mRNA; putative RNA target: none; PubMed: 19417104,520,P,0.1076923076923077
P62280,ribosomal protein,,high,GO based; UniProt annotation/metadata,uniprot_protein_name: ribosomal protein; uniprot_protein_name: small ribosomal subunit; go_molecular_function: structural constituent of ribosome,158,K,0.13291139240506328
Q15427,mRNA,,very high,literature based (Gerstberger S3),"Gerstberger S3 consensus RNA target: mRNA; putative RNA target: none; PubMed: This gene encodes one of four subunits of the splicing factor 3B. The protein encoded by this gene cross-links to a region in the pre-mRNA immediately upstream of the branchpoint sequence in pre-mRNA in the prespliceosomal complex A. It also may be involved in the assembly of the B, C and E spliceosomal complexes. In addition to RNA-binding activity, this protein interacts directly and highly specifically with subunit 2 of the splicing factor 3B. This protein contains two N-terminal RNA-recognition motifs (RRMs), consistent with the observation that it binds directly to pre-mRNA. [provided by RefSeq, Jul 2008]",424,P,0.22641509433962265
P41214,tRNA,,very high,literature based (Gerstberger S3),"Gerstberger S3 consensus RNA target: tRNA; putative RNA target: none; PubMed: EIF2D This gene encodes a translation initiation factor involved in the recruitment and delivery of aminoacyl-tRNAs to the P-site of the eukaryotic ribosome in a GTP-independent manner. This gene was previously referred to as ligatin, but is now known to localize to the cytoplasm and localize and function with translation factors. Multiple transcript variants encoding different isoforms have been found for this gene. [provided by RefSeq, Jan 2011]",584,L,0.12157534246575342
P62979,ribosomal protein,,very high,literature based (Gerstberger S3),Gerstberger S3 consensus RNA target: ribosomal protein; putative RNA target: none; PubMed: established RBP,156,K,0.16025641025641027
P62308,snRNA,,very high,literature based (Gerstberger S3),Gerstberger S3 consensus RNA target: snRNA; putative RNA target: none; PubMed: established RBP,76,L,0.10526315789473684
Q9HC10,unknown,,unknown,,,1997,L,0.09664496745117676
P82675,ribosomal protein,,very high,literature based (Gerstberger S3),Gerstberger S3 consensus RNA target: ribosomal protein; putative RNA target: none; PubMed: established RBP,430,G,0.09534883720930233
O75319,mRNA,,very high,literature based (Gerstberger S3),"Gerstberger S3 consensus RNA target: mRNA; putative RNA target: none; PubMed: This gene product is localized to the nucleus and binds directly to RNA and splicing factors, and thus it is suggested to participate in nuclear mRNA metabolism. [provided by RefSeq, Sep 2008]",330,R,0.08787878787878788
O15514,mRNA,,very high,literature based (Gerstberger S3),Gerstberger S3 consensus RNA target: mRNA; putative RNA target: none; PubMed: Pol II complex,142,E,0.14788732394366197
Q92600,mRNA,,very high,literature based (Gerstberger S3),"Gerstberger S3 consensus RNA target: mRNA; putative RNA target: none; PubMed: UniProtKB/Swiss-Prot: RCD1_HUMAN, Q92600",299,L,0.15384615384615385
Q9P0L1,unknown,,unknown,,,754,E,0.09946949602122016
Q8WTS6,ncRNA,,very high,literature based (Gerstberger S3),Gerstberger S3 consensus RNA target: ncRNA; putative RNA target: none; PubMed: 20227666,366,G,0.10655737704918032
Q96HR8,snoRNA,,very high,literature based (Gerstberger S3),Gerstberger S3 consensus RNA target: snoRNA; putative RNA target: none; PubMed: 17135485,494,P,0.1437246963562753
Q9BRX2,mRNA,,very high,literature based (Gerstberger S3),Gerstberger S3 consensus RNA target: mRNA; putative RNA target: none; PubMed: 20406461,385,V,0.0987012987012987
Q96NC0,snRNA,,very high,literature based (Gerstberger S3),Gerstberger S3 consensus RNA target: snRNA; putative RNA target: none; PubMed: Snu23 yeast homolog,199,K,0.1708542713567839
Q9ULW3,mRNA,,very high,literature based (Gerstberger S3),"Gerstberger S3 consensus RNA target: mRNA; putative RNA target: none; PubMed: by domain, 22658674, 22681889",272,R,0.1323529411764706
Q96PU8,mRNA,,very high,literature based (Gerstberger S3),Gerstberger S3 consensus RNA target: mRNA; putative RNA target: none; PubMed: established RBP,341,P,0.0967741935483871
V9GYA0,mRNA,,very high,literature based (Gerstberger S3),Gerstberger S3 consensus RNA target: mRNA; putative RNA target: none; PubMed: by homology,39,A,0.15384615384615385
Q96H79,unknown,,very high,literature based (Gerstberger S3),Gerstberger S3 consensus RNA target: unknown; putative RNA target: none; PubMed: established RBP,300,L,0.12333333333333334
Q5C9Z4,pre-rRNA,,very high,literature based (Gerstberger S3),Gerstberger S3 consensus RNA target: pre-rRNA; putative RNA target: none; PubMed: yeast homolog SGD1,860,L,0.10930232558139535
Q9NZB2,mRNA,,very high,literature based (Gerstberger S3),Gerstberger S3 consensus RNA target: mRNA; putative RNA target: none; PubMed: 19015244,1118,A,0.09212880143112702
P49589,tRNA,,very high,literature based (Gerstberger S3),Gerstberger S3 consensus RNA target: tRNA; putative RNA target: none; PubMed: established RBP,748,L,0.10160427807486631
Q9C0D7,unknown,,very high,literature based (Gerstberger S3),Gerstberger S3 consensus RNA target: unknown; putative RNA target: none; PubMed: 18178554,883,S,0.11098527746319366
Q13405,ribosomal protein,,very high,literature based (Gerstberger S3),Gerstberger S3 consensus RNA target: ribosomal protein; putative RNA target: none; PubMed: established RBP,166,P,0.10843373493975904
Q53EL6,mRNA,,very high,literature based (Gerstberger S3),Gerstberger S3 consensus RNA target: mRNA; putative RNA target: none; PubMed: 24681950,469,L,0.1044776119402985
Q9UK39,mRNA,,very high,literature based (Gerstberger S3),Gerstberger S3 consensus RNA target: mRNA; putative RNA target: none; PubMed: 22547059,431,L,0.12529002320185614
Q8IZD4,mRNA,,very high,literature based (Gerstberger S3),"Gerstberger S3 consensus RNA target: mRNA; putative RNA target: none; PubMed: DCP1B is a core component of the mRNA decapping complex, a key factor in the regulation of mRNA decay (Lykke-Andersen, 2002 [PubMed 12417715]).[supplied by OMIM, Mar 2008]",617,L,0.09724473257698542
Q96LB4,unknown,,unknown,,,118,K,0.1271186440677966
Q5VWX1,mRNA,,very high,literature based (Gerstberger S3),Gerstberger S3 consensus RNA target: mRNA; putative RNA target: none; PubMed: established RBP,349,E,0.10601719197707736
Q9H974,tRNA,,very high,literature based (Gerstberger S3),"Gerstberger S3 consensus RNA target: tRNA; putative RNA target: none; PubMed: This gene encodes a subunit of tRNA-guanine transglycosylase. tRNA-guanine transglycosylase is a heterodimeric enzyme complex that plays a critical role in tRNA modification by synthesizing the 7-deazaguanosine queuosine, which is found in tRNAs that code for asparagine, aspartic acid, histidine, and tyrosine. The encoded protein may play a role in the queuosine 5'-monophosphate salvage pathway. Alternatively spliced transcript variants encoding multiple isoforms have been observed for this gene. [provided by RefSeq, Feb 2012]",415,L,0.1180722891566265
Q8N442,mRNA,,very high,literature based (Gerstberger S3),Gerstberger S3 consensus RNA target: mRNA; putative RNA target: none; PubMed: 18442968,669,L,0.10164424514200299
Q9H361,mRNA,,very high,literature based (Gerstberger S3),Gerstberger S3 consensus RNA target: mRNA; putative RNA target: none; PubMed: 11328870,631,A,0.10142630744849446
Q8TBY0,mRNA,,very high,literature based (Gerstberger S3),Gerstberger S3 consensus RNA target: mRNA; putative RNA target: none; PubMed: by homology,533,E,0.07879924953095685
Q9NSD9,tRNA,,very high,literature based (Gerstberger S3),Gerstberger S3 consensus RNA target: tRNA; putative RNA target: none; PubMed: established RBP,589,L,0.0967741935483871
Q5W0B1,unknown,,unknown,,,726,S,0.15426997245179064
Q5T200,unknown,,very high,literature based (Gerstberger S3),Gerstberger S3 consensus RNA target: unknown; putative RNA target: none; PubMed: by homology,1668,R,0.16786570743405277
Q2TBE0,mRNA,,very high,literature based (Gerstberger S3),"Gerstberger S3 consensus RNA target: mRNA; putative RNA target: none; PubMed: by domain, 11884590",894,K,0.12080536912751678
Q96GW9,tRNA,,very high,literature based (Gerstberger S3),Gerstberger S3 consensus RNA target: tRNA; putative RNA target: none; PubMed: established RBP,593,L,0.1163575042158516
P47974,mRNA,,very high,literature based (Gerstberger S3),Gerstberger S3 consensus RNA target: mRNA; putative RNA target: none; PubMed: established RBP,494,S,0.14979757085020243
F8W8I6,mRNA,,very high,literature based (Gerstberger S3),Gerstberger S3 consensus RNA target: mRNA; putative RNA target: none; PubMed: established RBP,385,G,0.09610389610389611
Q9BVS4,pre-rRNA,,very high,literature based (Gerstberger S3),Gerstberger S3 consensus RNA target: pre-rRNA; putative RNA target: none; PubMed: 19564402,552,E,0.1068840579710145
P49792,mRNA,,very high,literature based (Gerstberger S3),Gerstberger S3 consensus RNA target: mRNA; putative RNA target: none; PubMed: 23630457,3224,S,0.10018610421836228
Q8TF42,unknown,,unknown,,,649,L,0.1016949152542373
Q8NCE0,tRNA,,very high,literature based (Gerstberger S3),Gerstberger S3 consensus RNA target: tRNA; putative RNA target: none; PubMed: established RBP,465,E,0.09032258064516129
Q68D06,tRNA,diverse,high,GO based,go_biological_process: tRNA; go_molecular_function: tRNA,897,L,0.09921962095875139
Q9BYG3,pre-rRNA,,very high,literature based (Gerstberger S3),"Gerstberger S3 consensus RNA target: pre-rRNA; putative RNA target: none; PubMed: This gene encodes a protein that interacts with the forkhead-associated domain of the Ki-67 antigen. The encoded protein may bind RNA and may play a role in mitosis and cell cycle progression. Multiple pseudogenes exist on chromosomes 5, 10, 12, 15, and 19.[provided by RefSeq, Jan 2009]",293,K,0.11945392491467577
Q8TEQ6,snRNA,,very high,literature based (Gerstberger S3),Gerstberger S3 consensus RNA target: snRNA; putative RNA target: none; PubMed: established RBP,1508,L,0.10742705570291777
Q8IUH3,mRNA,,very high,literature based (Gerstberger S3),Gerstberger S3 consensus RNA target: mRNA; putative RNA target: none; PubMed: 12220514,476,S,0.09663865546218488
Q9H2H8,mRNA,,very high,literature based (Gerstberger S3),Gerstberger S3 consensus RNA target: mRNA; putative RNA target: none; PubMed: 11991638,161,G,0.09316770186335403
P83369,snRNA,,very high,literature based (Gerstberger S3),Gerstberger S3 consensus RNA target: snRNA; putative RNA target: none; PubMed: established RBP,360,R,0.1361111111111111
O95104,mRNA,,very high,literature based (Gerstberger S3),"Gerstberger S3 consensus RNA target: mRNA; putative RNA target: none; PubMed: This gene likely encodes a member of the arginine/serine-rich splicing factor family. A similar protein in Rat appears to bind the large subunit of RNA polymerase II and provide a link between transcription and pre-mRNA splicing. Alternatively spliced transcript variants have been described. [provided by RefSeq, Feb 2009]",1147,P,0.16564952048823017
O43541,ncRNA,,very high,literature based (Gerstberger S3),Gerstberger S3 consensus RNA target: ncRNA; putative RNA target: none; PubMed: 20705240,496,G,0.11693548387096774
Q9NRX2,ribosomal protein,,very high,literature based (Gerstberger S3),Gerstberger S3 consensus RNA target: ribosomal protein; putative RNA target: none; PubMed: established RBP,175,L,0.14285714285714285
O60841,tRNA,,very high,literature based (Gerstberger S3),Gerstberger S3 consensus RNA target: tRNA; putative RNA target: none; PubMed: 17568775,1220,K,0.15
Q9UKZ1,mRNA,,very high,literature based (Gerstberger S3),Gerstberger S3 consensus RNA target: mRNA; putative RNA target: none; PubMed: established RBP,510,L,0.12156862745098039
Q86SE8,pre-rRNA,,very high,literature based (Gerstberger S3),Gerstberger S3 consensus RNA target: pre-rRNA; putative RNA target: none; PubMed: by homology,214,E,0.16822429906542055
Q14974,mRNA,,very high,literature based (Gerstberger S3),Gerstberger S3 consensus RNA target: mRNA; putative RNA target: none; PubMed: 9144189,876,L,0.11529680365296803
Q9NZI8,mRNA,,very high,literature based (Gerstberger S3),Gerstberger S3 consensus RNA target: mRNA; putative RNA target: none; PubMed: established RBP,577,A,0.09358752166377816
Q5SZQ8,mRNA,,very high,literature based (Gerstberger S3),Gerstberger S3 consensus RNA target: mRNA; putative RNA target: none; PubMed: established RBP,465,A,0.12903225806451613
Q9HC44,unknown,,unknown,,,474,S,0.1350210970464135
Q9NP77,mRNA,,very high,literature based (Gerstberger S3),Gerstberger S3 consensus RNA target: mRNA; putative RNA target: none; PubMed: 12944462,194,L,0.09278350515463918
Q15269,snoRNA,,very high,literature based (Gerstberger S3),Gerstberger S3 consensus RNA target: snoRNA; putative RNA target: none; PubMed: UTP1 yeast homolog,919,L,0.1044613710554951
Q15424,mRNA,,very high,literature based (Gerstberger S3),"Gerstberger S3 consensus RNA target: mRNA; putative RNA target: none; PubMed: 17200140, 9671816",915,E,0.126775956284153
P25311,unknown,,very high,literature based (Gerstberger S3),Gerstberger S3 consensus RNA target: unknown; putative RNA target: none; PubMed: 10462714,298,L,0.087248322147651
O75127,tRNA,,very high,literature based (Gerstberger S3),Gerstberger S3 consensus RNA target: tRNA; putative RNA target: none; PubMed: 21857155,700,L,0.13428571428571429
P52435,mRNA,,very high,literature based (Gerstberger S3),Gerstberger S3 consensus RNA target: mRNA; putative RNA target: none; PubMed: Pol II complex,117,L,0.10256410256410256
Q8N6W0,mRNA,,very high,literature based (Gerstberger S3),Gerstberger S3 consensus RNA target: mRNA; putative RNA target: none; PubMed: established RBP,485,P,0.09896907216494845
Q96EF6,unknown,,very high,literature based (Gerstberger S3),Gerstberger S3 consensus RNA target: unknown; putative RNA target: none; PubMed: established RBP,278,L,0.10431654676258993
Q96SR6,unknown,,unknown,,,550,K,0.11818181818181818
Q3MHD2,mRNA,,very high,literature based (Gerstberger S3),Gerstberger S3 consensus RNA target: mRNA; putative RNA target: none; PubMed: established RBP,195,S,0.10256410256410256
Q71RC2,mRNA,,very high,literature based (Gerstberger S3),Gerstberger S3 consensus RNA target: mRNA; putative RNA target: none; PubMed: 21098120,724,S,0.10497237569060773
Q6V9R5,unknown,,unknown,,,426,K,0.0892018779342723
Q9NQ29,mRNA,,very high,literature based (Gerstberger S3),"Gerstberger S3 consensus RNA target: mRNA; putative RNA target: none; PubMed: The LUC7L gene may represent a mammalian heterochromatic gene, encoding a putative RNA-binding protein similar to the yeast Luc7p subunit of the U1 snRNP splicing complex that is normally required for 5-prime splice site selection (Tufarelli et al., 2001 [PubMed 11170747]).[supplied by OMIM, Mar 2008]",371,R,0.1778975741239892
Q9UBU9,mRNA,,very high,literature based (Gerstberger S3),"Gerstberger S3 consensus RNA target: mRNA; putative RNA target: none; PubMed: This gene is one member of a family of nuclear RNA export factor genes. Common domain features of this family are a noncanonical RNP-type RNA-binding domain (RBD), 4 leucine-rich repeats (LRRs), a nuclear transport factor 2 (NTF2)-like domain that allows heterodimerization with NTF2-related export protein-1 (NXT1), and a ubiquitin-associated domain that mediates interactions with nucleoporins. The LRRs and NTF2-like domains are required for export activity. Alternative splicing seems to be a common mechanism in this gene family. The encoded protein of this gene shuttles between the nucleus and the cytoplasm and binds in vivo to poly(A)+ RNA. It is the vertebrate homologue of the yeast protein Mex67p. The encoded protein overcomes the mRNA export block caused by the presence of saturating amounts of CTE (constitutive transport element) RNA of type D retroviruses. Alternative splicing results in multiple transcript variants. [provided by RefSeq, Jul 2008]",619,L,0.09854604200323101
Q9HCJ3,mRNA,,very high,literature based (Gerstberger S3),Gerstberger S3 consensus RNA target: mRNA; putative RNA target: none; PubMed: 16051233,691,L,0.11143270622286541
O14979,mRNA,,very high,literature based (Gerstberger S3),Gerstberger S3 consensus RNA target: mRNA; putative RNA target: none; PubMed: established RBP,420,G,0.12142857142857143
Q8TDG4,unknown,,unknown,,,1101,L,0.12352406902815623
Q9Y3D5,ribosomal protein,,very high,literature based (Gerstberger S3),Gerstberger S3 consensus RNA target: ribosomal protein; putative RNA target: none; PubMed: established RBP,142,K,0.1056338028169014
Q6I9Y2,mRNA,,very high,literature based (Gerstberger S3),Gerstberger S3 consensus RNA target: mRNA; putative RNA target: none; PubMed: 19059247,204,E,0.13725490196078433
Q96IZ7,mRNA,,very high,literature based (Gerstberger S3),"Gerstberger S3 consensus RNA target: mRNA; putative RNA target: none; PubMed: This gene encodes a member of the serine and arginine rich-related protein family. The encoded protein is involved in both constitutive and alternative mRNA splicing. This gene may be associated with schizophrenia. A pseudogene of this gene is located on chromosome 9. Alternative splicing results in multiple transcript variants encoding different isoforms. [provided by RefSeq, Nov 2012]",334,R,0.17365269461077845
A0AV96,mRNA,,very high,literature based (Gerstberger S3),Gerstberger S3 consensus RNA target: mRNA; putative RNA target: none; PubMed: by homology,593,A,0.1433389544688027
Q8TBZ5,unknown,,unknown,,,544,K,0.0974264705882353
O75394,ribosomal protein,,very high,literature based (Gerstberger S3),Gerstberger S3 consensus RNA target: ribosomal protein; putative RNA target: none; PubMed: established RBP,65,K,0.13846153846153847
Q8TAD8,ncRNA,,very high,literature based (Gerstberger S3),"Gerstberger S3 consensus RNA target: ncRNA; putative RNA target: none; PubMed: This gene encodes a protein that contains a coiled-coil motif and C-terminal forkhead-associated (FHA) domain. The encoded protein functions as a transcriptional coactivator that increases c-Myc activity and inhibits transforming growth factor beta (TGF-beta) and nuclear factor kappa-B (NF-kB) signaling. The encoded protein also regulates the stability of cyclin D1 mRNA, and may play a role in cell proliferation and cancer progression. Mutations in this gene are a cause of psychomotor retardation, epilepsy, and craniofacial dysmorphism (PMRED). [provided by RefSeq, Mar 2012]",396,R,0.14898989898989898
P61221,ncRNA,,very high,literature based (Gerstberger S3),"Gerstberger S3 consensus RNA target: ncRNA; putative RNA target: none; PubMed: Alternatively referred to as the RNase L inhibitor, this protein functions to block the activity of ribonuclease L. Activation of ribonuclease L leads to inhibition of protein synthesis in the 2-5A/RNase L system, the central pathway for viral interferon action. Two transcript variants encoding the same protein have been found for this gene. [provided by RefSeq, Jul 2008]",599,L,0.09515859766277128
P62312,snRNA,,very high,literature based (Gerstberger S3),Gerstberger S3 consensus RNA target: snRNA; putative RNA target: none; PubMed: established RBP,80,L,0.1
P62266,ribosomal protein,,very high,literature based (Gerstberger S3),Gerstberger S3 consensus RNA target: ribosomal protein; putative RNA target: none; PubMed: established RBP,143,K,0.13986013986013987
O14776,mRNA,,very high,literature based (Gerstberger S3),"Gerstberger S3 consensus RNA target: mRNA; putative RNA target: none; PubMed: 18187414, 23436654",1098,P,0.10837887067395265
O15455,ncRNA,,very high,literature based (Gerstberger S3),"Gerstberger S3 consensus RNA target: ncRNA; putative RNA target: none; PubMed: This receptor is most abundantly expressed in placenta and pancreas, and is restricted to the dendritic subpopulation of the leukocytes. It recognizes dsRNA associated with viral infection, and induces the activation of NF-kappaB and the production of type I interferons. It may thus play a role in host defense against viruses. Use of alternative polyadenylation sites to generate different length transcripts has been noted for this gene. [provided by RefSeq, Jul 2008]",904,L,0.16150442477876106
A0A0A0MQZ6,pre-rRNA,,very high,literature based (Gerstberger S3),"Gerstberger S3 consensus RNA target: pre-rRNA; putative RNA target: none; PubMed: This gene encodes a nucleolar protein involved in cell cycle regulation and proliferation. This gene was identified based on sequence similarity to a highly conserved Saccharomyces cerevisiae gene encoding a pre-ribosomal protein, which is involved in large ribosomal subunit biogenesis. The encoded protein is found at elevated levels in diabetic nephropathy. Alternative splicing results in multiple transcript variants. Several related pseudogenes have been identified. [provided by RefSeq, Nov 2012]",189,K,0.19576719576719576
O95391,mRNA,,very high,literature based (Gerstberger S3),Gerstberger S3 consensus RNA target: mRNA; putative RNA target: none; PubMed: 15728250,586,K,0.12457337883959044
Q8TA86,snRNA,,very high,literature based (Gerstberger S3),Gerstberger S3 consensus RNA target: snRNA; putative RNA target: none; PubMed: 15541726,221,K,0.167420814479638
Q14296,mRNA,,very high,literature based (Gerstberger S3),Gerstberger S3 consensus RNA target: mRNA; putative RNA target: none; PubMed: established RBP,549,L,0.16757741347905283
Q9H814,snRNA,,very high,literature based (Gerstberger S3),Gerstberger S3 consensus RNA target: snRNA; putative RNA target: none; PubMed: 20430857,394,E,0.1065989847715736
A0A087WT20,pre-rRNA,,very high,literature based (Gerstberger S3),Gerstberger S3 consensus RNA target: pre-rRNA; putative RNA target: none; PubMed: SOF1 yeast homolog,597,R,0.08207705192629816
Q8N5L8,ncRNA,,very high,literature based (Gerstberger S3),Gerstberger S3 consensus RNA target: ncRNA; putative RNA target: none; PubMed: by homology,163,R,0.1165644171779141
Q9H898,unknown,,unknown,,,229,L,0.10480349344978165
O94913,mRNA,,very high,literature based (Gerstberger S3),Gerstberger S3 consensus RNA target: mRNA; putative RNA target: none; PubMed: 19110458,1555,P,0.09131832797427653
Q96L21,ribosomal protein,,very high,literature based (Gerstberger S3),Gerstberger S3 consensus RNA target: ribosomal protein; putative RNA target: none; PubMed: established RBP,214,K,0.102803738317757
Q96CM3,mRNA,,very high,literature based (Gerstberger S3),"Gerstberger S3 consensus RNA target: mRNA; putative RNA target: none; PubMed: by domain, 22658674, 22681889",377,L,0.11936339522546419
Q9H1E1,diverse,,very high,literature based (Gerstberger S3),Gerstberger S3 consensus RNA target: diverse; putative RNA target: none; PubMed: established RBP,156,K,0.11538461538461539
Q86U44,mRNA,,very high,literature based (Gerstberger S3),Gerstberger S3 consensus RNA target: mRNA; putative RNA target: none; PubMed: 24481042,580,L,0.1
Q8WWH5,tRNA,,very high,literature based (Gerstberger S3),Gerstberger S3 consensus RNA target: tRNA; putative RNA target: none; PubMed: by domain,349,A,0.10888252148997135
Q9P2I0,mRNA,,very high,literature based (Gerstberger S3),Gerstberger S3 consensus RNA target: mRNA; putative RNA target: none; PubMed: established RBP,782,L,0.10741687979539642
Q7Z3Z4,ncRNA,,very high,literature based (Gerstberger S3),Gerstberger S3 consensus RNA target: ncRNA; putative RNA target: none; PubMed: established RBP,852,L,0.10211267605633803
H0Y2Q1,tRNA,,very high,literature based (Gerstberger S3),Gerstberger S3 consensus RNA target: tRNA; putative RNA target: none; PubMed: 16043508,191,G,0.10471204188481675
Q9BRS8,mRNA,,very high,literature based (Gerstberger S3),Gerstberger S3 consensus RNA target: mRNA; putative RNA target: none; PubMed: 24469459,491,S,0.09979633401221996
P15918,unknown,,unknown,,,1043,L,0.09300095877277086
Q08AF3,unknown,,unknown,,,891,L,0.1122334455667789
Q6ZRY4,mRNA,,very high,literature based (Gerstberger S3),Gerstberger S3 consensus RNA target: mRNA; putative RNA target: none; PubMed: established RBP,209,A,0.14354066985645933
Q86TB9,mRNA,,very high,literature based (Gerstberger S3),Gerstberger S3 consensus RNA target: mRNA; putative RNA target: none; PubMed: 20852261,770,L,0.12467532467532468
O43809,mRNA,,very high,literature based (Gerstberger S3),"Gerstberger S3 consensus RNA target: mRNA; putative RNA target: none; PubMed: The protein encoded by this gene is one subunit of a cleavage factor required for 3' RNA cleavage and polyadenylation processing. The interaction of the protein with the RNA is one of the earliest steps in the assembly of the 3' end processing complex and facilitates the recruitment of other processing factors. This gene encodes the 25kD subunit of the protein complex, which is composed of four polypeptides. [provided by RefSeq, Jul 2008]",227,L,0.11894273127753303
P62314,snRNA,,very high,literature based (Gerstberger S3),Gerstberger S3 consensus RNA target: snRNA; putative RNA target: none; PubMed: established RBP,119,R,0.13445378151260504
Q05481,unknown,,unknown,,,1191,K,0.16204869857262805
Q96N77,unknown,,unknown,,,438,E,0.09817351598173515
Q2NL82,pre-rRNA,,very high,literature based (Gerstberger S3),Gerstberger S3 consensus RNA target: pre-rRNA; putative RNA target: none; PubMed: 20805244,804,L,0.09825870646766169
Q14197,tRNA,,very high,literature based (Gerstberger S3),Gerstberger S3 consensus RNA target: tRNA; putative RNA target: none; PubMed: 20186120,206,R,0.11165048543689321
Q15287,mRNA,,very high,literature based (Gerstberger S3),"Gerstberger S3 consensus RNA target: mRNA; putative RNA target: none; PubMed: This gene encodes a protein that is part of a post-splicing multiprotein complex involved in both mRNA nuclear export and mRNA surveillance. mRNA surveillance detects exported mRNAs with truncated open reading frames and initiates nonsense-mediated mRNA decay (NMD). When translation ends upstream from the last exon-exon junction, this triggers NMD to degrade mRNAs containing premature stop codons. This protein binds to the mRNA and remains bound after nuclear export, acting as a nucleocytoplasmic shuttling protein. This protein contains many serine residues. Several transcript variants encoding different isoforms have been found for this gene. [provided by RefSeq, Nov 2013]",305,S,0.2360655737704918
Q1KMD3,mRNA,,very high,literature based (Gerstberger S3),Gerstberger S3 consensus RNA target: mRNA; putative RNA target: none; PubMed: established RBP,747,E,0.13520749665327977
P62487,mRNA,,very high,literature based (Gerstberger S3),Gerstberger S3 consensus RNA target: mRNA; putative RNA target: none; PubMed: Pol II complex,172,V,0.10465116279069768
P51608,mRNA,,very high,literature based (Gerstberger S3),Gerstberger S3 consensus RNA target: mRNA; putative RNA target: none; PubMed: 21070191,486,K,0.1337448559670782
Q93091,diverse,,very high,literature based (Gerstberger S3),Gerstberger S3 consensus RNA target: diverse; putative RNA target: none; PubMed: established RBP,150,L,0.12
A0A499FIA3,unknown,,unknown,,,238,L,0.12184873949579832
P62310,snRNA,,very high,literature based (Gerstberger S3),Gerstberger S3 consensus RNA target: snRNA; putative RNA target: none; PubMed: established RBP,102,E,0.10784313725490197
Q96MH2,ncRNA,,very high,literature based (Gerstberger S3),Gerstberger S3 consensus RNA target: ncRNA; putative RNA target: none; PubMed: 21853533,286,E,0.12237762237762238
P12724,diverse,,very high,literature based (Gerstberger S3),Gerstberger S3 consensus RNA target: diverse; putative RNA target: none; PubMed: established RBP,160,R,0.1125
P17480,pre-rRNA,,very high,literature based (Gerstberger S3),"Gerstberger S3 consensus RNA target: pre-rRNA; putative RNA target: none; PubMed: This gene encodes a member of the HMG-box DNA-binding protein family. The encoded protein plays a critical role in ribosomal RNA transcription as a key component of the pre-initiation complex, mediating the recruitment of RNA polymerase I to rDNA promoter regions. The encoded protein may also play important roles in chromatin remodeling and pre-rRNA processing, and its activity is regulated by both phosphorylation and acetylation. Alternatively spliced transcript variants encoding multiple isoforms have been observed for this gene. Pseudogenes of this gene are located on the short arm of chromosomes 3, 11 and X and the long arm of chromosome 11. [provided by RefSeq, Aug 2011]",764,K,0.13743455497382198
Q96QU8,mRNA,,very high,literature based (Gerstberger S3),Gerstberger S3 consensus RNA target: mRNA; putative RNA target: none; PubMed: by homology,1125,L,0.1448888888888889
Q9BVS5,tRNA,,very high,literature based (Gerstberger S3),Gerstberger S3 consensus RNA target: tRNA; putative RNA target: none; PubMed: 23097428,477,L,0.1069182389937107
Q9UQ80,pre-rRNA,,very high,literature based (Gerstberger S3),"Gerstberger S3 consensus RNA target: pre-rRNA; putative RNA target: none; PubMed: This gene encodes an RNA-binding protein that is involved in growth regulation. This protein is present in pre-ribosomal ribonucleoprotein complexes and may be involved in ribosome assembly and the regulation of intermediate and late steps of rRNA processing. This protein can interact with the cytoplasmic domain of the ErbB3 receptor and may contribute to transducing growth regulatory signals. This protein is also a transcriptional co-repressor of androgen receptor-regulated genes and other cell cycle regulatory genes through its interactions with histone deacetylases. This protein has been implicated in growth inhibition and the induction of differentiation of human cancer cells. Six pseudogenes, located on chromosomes 3, 6, 9, 18, 20 and X, have been identified. [provided by RefSeq, Jul 2008]",394,K,0.1065989847715736
P46781,ribosomal protein,,very high,literature based (Gerstberger S3),Gerstberger S3 consensus RNA target: ribosomal protein; putative RNA target: none; PubMed: established RBP,194,R,0.13917525773195877
Q15696,mRNA,,very high,literature based (Gerstberger S3),"Gerstberger S3 consensus RNA target: mRNA; putative RNA target: none; PubMed: This gene encodes an essential splicing factor. The encoded protein associates with the U2 auxiliary factor heterodimer, which is required for the recognition of a functional 3' splice site in pre-mRNA splicing, and may play a role in network interactions during spliceosome assembly. [provided by RefSeq, Jul 2008",482,R,0.14730290456431536
Q7Z570,unknown,,unknown,,,1209,S,0.09594706368899918
P10153,diverse,,very high,literature based (Gerstberger S3),Gerstberger S3 consensus RNA target: diverse; putative RNA target: none; PubMed: established RBP,161,N,0.10559006211180125
Q9BXU2,mRNA,,medium,GO based,go_molecular_function: mRNA,312,A,0.11538461538461539
P17039,unknown,,unknown,,,623,K,0.11235955056179775
O75526,mRNA,,very high,literature based (Gerstberger S3),Gerstberger S3 consensus RNA target: mRNA; putative RNA target: none; PubMed: by homology,392,G,0.17091836734693877
O75817,ncRNA,,very high,literature based (Gerstberger S3),Gerstberger S3 consensus RNA target: ncRNA; putative RNA target: none; PubMed: established RBP,140,R,0.10714285714285714
Q92989,mRNA,,very high,literature based (Gerstberger S3),Gerstberger S3 consensus RNA target: mRNA; putative RNA target: none; PubMed: established RBP,425,V,0.10823529411764705
Q9BX10,mRNA,,very high,literature based (Gerstberger S3),Gerstberger S3 consensus RNA target: mRNA; putative RNA target: none; PubMed: 21515746,602,L,0.10631229235880399
O95400,snRNA,,very high,literature based (Gerstberger S3),Gerstberger S3 consensus RNA target: snRNA; putative RNA target: none; PubMed: 15840814,341,G,0.11730205278592376
Q9BRZ2,unknown,,very high,literature based (Gerstberger S3),Gerstberger S3 consensus RNA target: unknown; putative RNA target: none; PubMed: 21074459,755,L,0.1152317880794702
Q9H5L6,unknown,,unknown,,,903,L,0.12846068660022147
Q15365,mRNA,,very high,literature based (Gerstberger S3),Gerstberger S3 consensus RNA target: mRNA; putative RNA target: none; PubMed: established RBP,356,G,0.10112359550561797
Q9NYK5,ribosomal protein,,very high,literature based (Gerstberger S3),Gerstberger S3 consensus RNA target: ribosomal protein; putative RNA target: none; PubMed: established RBP,338,L,0.08875739644970414
Q15393,mRNA,,very high,literature based (Gerstberger S3),"Gerstberger S3 consensus RNA target: mRNA; putative RNA target: none; PubMed: This gene encodes subunit 3 of the splicing factor 3b protein complex. Splicing factor 3b, together with splicing factor 3a and a 12S RNA unit, forms the U2 small nuclear ribonucleoproteins complex (U2 snRNP). The splicing factor 3b/3a complex binds pre-mRNA upstream of the intron's branch site in a sequence independent manner and may anchor the U2 snRNP to the pre-mRNA. Splicing factor 3b is also a component of the minor U12-type spliceosome. Subunit 3 has also been identified as a component of the STAGA (SPT3-TAF(II)31-GCN5L acetylase) transcription coactivator-HAT (histone acetyltransferase) complex, and the TFTC (TATA-binding-protein-free TAF(II)-containing complex). These complexes may function in chromatin modification, transcription, splicing, and DNA repair. [provided by RefSeq, Jul 2008]",1217,L,0.10024650780608052
Q16637,snRNA,,very high,literature based (Gerstberger S3),Gerstberger S3 consensus RNA target: snRNA; putative RNA target: none; PubMed: established RBP,294,P,0.1326530612244898
Q9HC36,pre-rRNA,,very high,literature based (Gerstberger S3),Gerstberger S3 consensus RNA target: pre-rRNA; putative RNA target: none; PubMed: 24036117,420,L,0.10238095238095238
Q96AZ6,ncRNA,,very high,literature based (Gerstberger S3),Gerstberger S3 consensus RNA target: ncRNA; putative RNA target: none; PubMed: 12594219,181,L,0.1270718232044199
O43447,mRNA,,very high,literature based (Gerstberger S3),"Gerstberger S3 consensus RNA target: mRNA; putative RNA target: none; PubMed: The protein encoded by this gene is a member of the peptidyl-prolyl cis-trans isomerase (PPIase) family. PPIases catalyze the cis-trans isomerization of proline imidic peptide bonds in oligopeptides and accelerate the folding of proteins. This protein is a specific component of the complex that includes pre-mRNA processing factors PRPF3, PRPF4, and PRPF18, as well as U4/U5/U6 tri-snRNP. This protein has been shown to possess PPIase activity and may act as a protein chaperone that mediates the interactions between different proteins inside the spliceosome. [provided by RefSeq, Jul 2008]",177,G,0.11864406779661017
Q9BRJ7,snoRNA,,very high,literature based (Gerstberger S3),Gerstberger S3 consensus RNA target: snoRNA; putative RNA target: none; PubMed: 21337011,211,L,0.16113744075829384
Q9BTL3,mRNA,,very high,literature based (Gerstberger S3),Gerstberger S3 consensus RNA target: mRNA; putative RNA target: none; PubMed: FAM103A1 mRNA capping,118,R,0.11864406779661017
O60294,tRNA,,very high,literature based (Gerstberger S3),Gerstberger S3 consensus RNA target: tRNA; putative RNA target: none; PubMed: PPM2 yeast homolog,686,L,0.1151603498542274
Q9NZJ5,mRNA,,very high,literature based (Gerstberger S3),"Gerstberger S3 consensus RNA target: mRNA; putative RNA target: none; PubMed: The protein encoded by this gene phosphorylates the alpha subunit of eukaryotic translation-initiation factor 2 (EIF2), leading to its inactivation, and thus to a rapid reduction of translational initiation and repression of global protein synthesis. It is a type I membrane protein located in the endoplasmic reticulum (ER), where it is induced by ER stress caused by malfolded proteins. Mutations in this gene are associated with Wolcott-Rallison syndrome. [provided by RefSeq, Jan 2010]",1116,S,0.1003584229390681
Q01780,diverse,,very high,literature based (Gerstberger S3),Gerstberger S3 consensus RNA target: diverse; putative RNA target: none; PubMed: established RBP,885,L,0.09378531073446328
P47897,tRNA,,very high,literature based (Gerstberger S3),Gerstberger S3 consensus RNA target: tRNA; putative RNA target: none; PubMed: established RBP,775,L,0.10580645161290322
Q16600,unknown,,very high,literature based (Gerstberger S3),"Gerstberger S3 consensus RNA target: unknown; putative RNA target: none; PubMed: MOK2 proteins are DNA- and RNA-binding proteins that are mainly associated with nuclear RNP components, including the nucleoli and extranucleolar structures (Arranz et al., 1997 [PubMed 9121460]).[supplied by OMIM, Mar 2008]",458,S,0.11572052401746726
P26368,mRNA,,very high,literature based (Gerstberger S3),Gerstberger S3 consensus RNA target: mRNA; putative RNA target: none; PubMed: binds polypyrimidine tracts in introns,475,R,0.08421052631578947
P13639,tRNA,,very high,literature based (Gerstberger S3),Gerstberger S3 consensus RNA target: tRNA; putative RNA target: none; PubMed: established RBP,858,L,0.08508158508158509
F5H0R1,snRNA,,very high,literature based (Gerstberger S3),"Gerstberger S3 consensus RNA target: snRNA; putative RNA target: none; PubMed: 23874977, 9628908",912,L,0.1206140350877193
Q96DU9,mRNA,,very high,literature based (Gerstberger S3),Gerstberger S3 consensus RNA target: mRNA; putative RNA target: none; PubMed: by homology,382,K,0.08900523560209424
Q9UNX4,snoRNA,,very high,literature based (Gerstberger S3),Gerstberger S3 consensus RNA target: snoRNA; putative RNA target: none; PubMed: UTP12 yeast homolog,943,L,0.10922587486744433
Q96DV4,ribosomal protein,,very high,literature based (Gerstberger S3),Gerstberger S3 consensus RNA target: ribosomal protein; putative RNA target: none; PubMed: established RBP,380,R,0.10263157894736842
O14893,snRNA,,very high,literature based (Gerstberger S3),Gerstberger S3 consensus RNA target: snRNA; putative RNA target: none; PubMed: established RBP,280,L,0.11785714285714285
Q7L2J0,ncRNA,,very high,literature based (Gerstberger S3),Gerstberger S3 consensus RNA target: ncRNA; putative RNA target: none; PubMed: 17643375,689,G,0.11901306240928883
O15235,ribosomal protein,,high,GO based; UniProt annotation/metadata,uniprot_protein_name: ribosomal protein; uniprot_protein_name: small ribosomal subunit; go_molecular_function: structural constituent of ribosome,138,L,0.11594202898550725
Q6L8Q7,mRNA,,very high,literature based (Gerstberger S3),Gerstberger S3 consensus RNA target: mRNA; putative RNA target: none; PubMed: 21666256,609,L,0.09688013136288999
Q9BWF3,mRNA,,very high,literature based (Gerstberger S3),Gerstberger S3 consensus RNA target: mRNA; putative RNA target: none; PubMed: 18723113,364,A,0.14285714285714285
Q9UI30,tRNA,,very high,literature based (Gerstberger S3),Gerstberger S3 consensus RNA target: tRNA; putative RNA target: none; PubMed: Catalytic subunit of adoMet-dependent tRNA methyltransferase complex; required for the methylation of the guanosine nucleotide at position 10 (m2G10) in tRNAs; contains a THUMP domain and a methyltransferase domain; another complex member is Trm112p,125,E,0.136
O14746,ncRNA,,very high,literature based (Gerstberger S3),"Gerstberger S3 consensus RNA target: ncRNA; putative RNA target: none; PubMed: Telomerase is a ribonucleoprotein polymerase that maintains telomere ends by addition of the telomere repeat TTAGGG. The enzyme consists of a protein component with reverse transcriptase activity, encoded by this gene, and an RNA component which serves as a template for the telomere repeat. Telomerase expression plays a role in cellular senescence, as it is normally repressed in postnatal somatic cells resulting in progressive shortening of telomeres. Deregulation of telomerase expression in somatic cells may be involved in oncogenesis. Studies in mouse suggest that telomerase also participates in chromosomal repair, since de novo synthesis of telomere repeats may occur at double-stranded breaks. Alternatively spliced variants encoding different isoforms of telomerase reverse transcriptase have been identified; the full-length sequence of some variants has not been determined. Alternative splicing at this locus is thought to be one mechanism of regulation of telomerase activity. [provided by RefSeq, Jul 2008]",1132,L,0.12985865724381626
Q96IZ6,tRNA,,very high,literature based (Gerstberger S3),Gerstberger S3 consensus RNA target: tRNA; putative RNA target: none; PubMed: by homology,378,L,0.0873015873015873
Q8IUX4,mRNA,,very high,literature based (Gerstberger S3),Gerstberger S3 consensus RNA target: mRNA; putative RNA target: none; PubMed: 24651717,373,F,0.0777479892761394
O95149,snRNA,,very high,literature based (Gerstberger S3),"Gerstberger S3 consensus RNA target: snRNA; putative RNA target: none; PubMed: The nuclear import of the spliceosomal snRNPs U1, U2, U4 and U5, is dependent on the presence of a complex nuclear localization signal. The latter is composed of the 5'-2,2,7-terminal trimethylguanosine (m3G) cap structure of the U snRNA and the Sm core domain. The protein encoded by this gene interacts specifically with m3G-cap and functions as an snRNP-specific nuclear import receptor. Alternatively spliced transcript variants encoding the same protein have been identified for this gene. [provided by RefSeq, Jul 2008]",360,L,0.10555555555555556
Q969S3,unknown,,very high,literature based (Gerstberger S3),Gerstberger S3 consensus RNA target: unknown; putative RNA target: none; PubMed: established RBP,477,E,0.10062893081761007
Q32MZ4,ncRNA,,very high,literature based (Gerstberger S3),"Gerstberger S3 consensus RNA target: ncRNA; putative RNA target: none; PubMed: 24567534, 21102652",808,E,0.15222772277227722
Q9UL03,snRNA,,very high,literature based (Gerstberger S3),"Gerstberger S3 consensus RNA target: snRNA; putative RNA target: none; PubMed: DEAD box proteins, characterized by the conserved motif Asp-Glu-Ala-Asp (DEAD), are putative RNA helicases. The protein encoded by this gene is a DEAD box protein that is part of a complex that interacts with the C-terminus of RNA polymerase II and is involved in 3' end processing of snRNAs. In addition, this gene is a candidate tumor suppressor and located in the critical region of loss of heterozygosity (LOH). Three transcript variants encoding two different isoforms have been found for this gene. [provided by RefSeq, Jul 2008]",887,L,0.1104847801578354
O43290,snRNA,,very high,literature based (Gerstberger S3),"Gerstberger S3 consensus RNA target: snRNA; putative RNA target: none; PubMed: The SART1(259) protein is found to be essential for the recruitment of the tri-snRNP to the pre-spliceosome in the spliceosome assembly pathway. [provided by RefSeq, Jul 2008]",800,E,0.13625
Q9BQ04,mRNA,,very high,literature based (Gerstberger S3),Gerstberger S3 consensus RNA target: mRNA; putative RNA target: none; PubMed: by homology,359,A,0.12256267409470752
O15116,snRNA,,very high,literature based (Gerstberger S3),Gerstberger S3 consensus RNA target: snRNA; putative RNA target: none; PubMed: established RBP,133,L,0.13533834586466165
Q8WW27,mRNA,,very high,literature based (Gerstberger S3),Gerstberger S3 consensus RNA target: mRNA; putative RNA target: none; PubMed: established RBP,367,L,0.08991825613079019
Q9BUQ8,snRNA,,very high,literature based (Gerstberger S3),"Gerstberger S3 consensus RNA target: snRNA; putative RNA target: none; PubMed: 9539711, The protein encoded by this gene is a component of the U5 snRNP complex; it may facilitate conformational changes in the spliceosome during nuclear pre-mRNA splicing. An alternatively spliced transcript variant has been found for this gene, but its biological validity has not been determined. [provided by RefSeq, Jul 2008]",820,R,0.12195121951219512
Q9BQC6,ribosomal protein,,very high,literature based (Gerstberger S3),Gerstberger S3 consensus RNA target: ribosomal protein; putative RNA target: none; PubMed: established RBP,102,R,0.14705882352941177
O15446,pre-rRNA,,very high,literature based (Gerstberger S3),Gerstberger S3 consensus RNA target: pre-rRNA; putative RNA target: none; PubMed: 16809778,510,P,0.1392156862745098
Q8IY37,snoRNA,,very high,literature based (Gerstberger S3),Gerstberger S3 consensus RNA target: snoRNA; putative RNA target: none; PubMed: ECM16,1157,L,0.10198789974070872
Q6ZNH5,unknown,,unknown,,,498,G,0.11044176706827309
Q9HA38,ncRNA,,very high,literature based (Gerstberger S3),"Gerstberger S3 consensus RNA target: ncRNA; putative RNA target: none; PubMed: 16844115, 22513872",289,P,0.09342560553633218
Q8TDE3,diverse,,very high,literature based (Gerstberger S3),Gerstberger S3 consensus RNA target: diverse; putative RNA target: none; PubMed: established RBP,154,P,0.09740259740259741
Q12972,diverse,,very high,literature based (Gerstberger S3),"Gerstberger S3 consensus RNA target: diverse; putative RNA target: none; PubMed: 10432294, This gene, through alternative splicing, encodes three different isoforms. Two of the protein isoforms encoded by this gene are specific inhibitors of type 1 serine/threonine protein phosphatases and can bind but not cleave RNA. The third protein isoform lacks the phosphatase inhibitory function but is a single-strand endoribonuclease comparable to RNase E of E. coli. This isoform requires magnesium for its function and cleaves specific sites in A+U-rich regions of RNA. [provided by RefSeq, Jul 2008]",351,L,0.09686609686609686
Q96PK6,mRNA,,very high,literature based (Gerstberger S3),"Gerstberger S3 consensus RNA target: mRNA; putative RNA target: none; PubMed: This gene encodes a ribonucleoprotein that functions as a general nuclear coactivator, and an RNA splicing modulator. This protein contains two RNA recognition motifs (RRM) at the N-terminus, and multiple hexapeptide repeat domain at the C-terminus that interacts with thyroid hormone receptor-binding protein (TRBP), and is required for transcription activation. Alternatively spliced transcript variants encoding different isoforms (with opposing effects on transcription) have been described for this gene. [provided by RefSeq, Oct 2011]",669,A,0.19581464872944693
Q96G46,tRNA,,very high,literature based (Gerstberger S3),Gerstberger S3 consensus RNA target: tRNA; putative RNA target: none; PubMed: by homology,650,L,0.10153846153846154
Q00341,mRNA,,very high,literature based (Gerstberger S3),Gerstberger S3 consensus RNA target: mRNA; putative RNA target: none; PubMed: established RBP,1268,E,0.10015772870662461
P52594,mRNA,,very high,literature based (Gerstberger S3),Gerstberger S3 consensus RNA target: mRNA; putative RNA target: none; PubMed: 7634337,562,S,0.14590747330960854
Q9UHB9,ncRNA,,very high,literature based (Gerstberger S3),Gerstberger S3 consensus RNA target: ncRNA; putative RNA target: none; PubMed: established RBP,627,L,0.11483253588516747
Q8N5Y2,ncRNA,,very high,literature based (Gerstberger S3),Gerstberger S3 consensus RNA target: ncRNA; putative RNA target: none; PubMed: 11014199,521,E,0.09788867562380038
Q9H2W6,ribosomal protein,,very high,literature based (Gerstberger S3),Gerstberger S3 consensus RNA target: ribosomal protein; putative RNA target: none; PubMed: established RBP,279,L,0.15053763440860216
Q7L0Y3,ncRNA,,very high,literature based (Gerstberger S3),"Gerstberger S3 consensus RNA target: ncRNA; putative RNA target: none; PubMed: 21857155 This gene encodes the precursor of a subunit of the mitochondrial ribonuclease P, which is involved in 5' processing of mitochondrial tRNAs. The encoded protein may confer RNA-binding capacity to mitochondrial ribonuclease P and may be essential for transcript processing, RNA modification, translation and mitochondrial respiration. [provided by RefSeq, Nov 2012]",403,L,0.11166253101736973
Q7Z7L1,tRNA,,medium,GO based,go_molecular_function: tRNA,901,L,0.10543840177580466
Q86YN6,unknown,,very high,literature based (Gerstberger S3),Gerstberger S3 consensus RNA target: unknown; putative RNA target: none; PubMed: by domain,1023,S,0.11632453567937438
Q53GS9,snRNA,,very high,literature based (Gerstberger S3),Gerstberger S3 consensus RNA target: snRNA; putative RNA target: none; PubMed: 11350945,565,L,0.09380530973451327
Q14103,mRNA,,high,GO based; UniProt annotation/metadata,uniprot_protein_name: hnrnp; go_biological_process: mRNA; go_molecular_function: mRNA,355,G,0.16338028169014085
O60930,diverse,,very high,literature based (Gerstberger S3),Gerstberger S3 consensus RNA target: diverse; putative RNA target: none; PubMed: established RBP,286,A,0.0979020979020979
Q8N8L2,unknown,,unknown,,,437,K,0.11212814645308924
Q969Y2,tRNA,,very high,literature based (Gerstberger S3),Gerstberger S3 consensus RNA target: tRNA; putative RNA target: none; PubMed: 18852288,492,L,0.15040650406504066
Q07666,mRNA,,very high,literature based (Gerstberger S3),Gerstberger S3 consensus RNA target: mRNA; putative RNA target: none; PubMed: established RBP,443,P,0.1309255079006772
P43897,mRNA,,very high,literature based (Gerstberger S3),Gerstberger S3 consensus RNA target: mRNA; putative RNA target: none; PubMed: 22904065,325,L,0.13230769230769232
Q13064,mRNA,,very high,literature based (Gerstberger S3),Gerstberger S3 consensus RNA target: mRNA; putative RNA target: none; PubMed: by homology,507,A,0.11045364891518737
A0A384DVK4,unknown,,very high,literature based (Gerstberger S3),Gerstberger S3 consensus RNA target: unknown; putative RNA target: none; PubMed: by domain,778,S,0.10925449871465295
Q8NBJ9,ncRNA,,very high,literature based (Gerstberger S3),Gerstberger S3 consensus RNA target: ncRNA; putative RNA target: none; PubMed: by homology,832,L,0.11658653846153846
Q9UBP6,tRNA,,very high,literature based (Gerstberger S3),Gerstberger S3 consensus RNA target: tRNA; putative RNA target: none; PubMed: 12403464,276,L,0.10144927536231885
P78317,unknown,,unknown,,,190,R,0.11578947368421053
Q92665,ribosomal protein,,very high,literature based (Gerstberger S3),Gerstberger S3 consensus RNA target: ribosomal protein; putative RNA target: none; PubMed: established RBP,395,E,0.09367088607594937
Q9NPD3,diverse,,very high,literature based (Gerstberger S3),Gerstberger S3 consensus RNA target: diverse; putative RNA target: none; PubMed: established RBP,245,A,0.15510204081632653
Q12996,mRNA,,very high,literature based (Gerstberger S3),Gerstberger S3 consensus RNA target: mRNA; putative RNA target: none; PubMed: established RBP,717,E,0.08926080892608089
Q13151,mRNA,,very high,literature based (Gerstberger S3),Gerstberger S3 consensus RNA target: mRNA; putative RNA target: none; PubMed: established RBP,305,G,0.26229508196721313
Q5ST30,tRNA,,very high,literature based (Gerstberger S3),Gerstberger S3 consensus RNA target: tRNA; putative RNA target: none; PubMed: established RBP,1063,L,0.12605832549388524
O95363,tRNA,,very high,literature based (Gerstberger S3),Gerstberger S3 consensus RNA target: tRNA; putative RNA target: none; PubMed: established RBP,451,L,0.10643015521064302
F8W8D3,mRNA,,very high,literature based (Gerstberger S3),Gerstberger S3 consensus RNA target: mRNA; putative RNA target: none; PubMed: established RBP,277,R,0.11191335740072202
Q15022,ncRNA,,very high,literature based (Gerstberger S3),Gerstberger S3 consensus RNA target: ncRNA; putative RNA target: none; PubMed: 20616235,739,S,0.08389715832205684
Q8N8U3,unknown,,very high,literature based (Gerstberger S3),Gerstberger S3 consensus RNA target: unknown; putative RNA target: none; PubMed: established RBP,475,E,0.11578947368421053
Q9HAZ1,mRNA,,very high,literature based (Gerstberger S3),Gerstberger S3 consensus RNA target: mRNA; putative RNA target: none; PubMed: 19168442,481,R,0.10187110187110188
O75643,snRNA,,very high,literature based (Gerstberger S3),Gerstberger S3 consensus RNA target: snRNA; putative RNA target: none; PubMed: established RBP,2136,L,0.11610486891385768
Q8N2A8,ncRNA,,very high,literature based (Gerstberger S3),Gerstberger S3 consensus RNA target: ncRNA; putative RNA target: none; PubMed: established RBP,252,L,0.1349206349206349
Q5PRF9,mRNA,,very high,literature based (Gerstberger S3),Gerstberger S3 consensus RNA target: mRNA; putative RNA target: none; PubMed: 16221671,694,L,0.11095100864553314
P82912,ribosomal protein,,very high,literature based (Gerstberger S3),Gerstberger S3 consensus RNA target: ribosomal protein; putative RNA target: none; PubMed: established RBP,194,A,0.14432989690721648
O94762,unknown,,unknown,,,991,A,0.09687184661957618
Q9BUL9,ncRNA,,very high,literature based (Gerstberger S3),Gerstberger S3 consensus RNA target: ncRNA; putative RNA target: none; PubMed: 12003489,199,A,0.135678391959799
Q7Z6E9,mRNA,,very high,literature based (Gerstberger S3),Gerstberger S3 consensus RNA target: mRNA; putative RNA target: none; PubMed: 16396680,1792,S,0.12946428571428573
Q9Y3T9,pre-rRNA,,very high,literature based (Gerstberger S3),"Gerstberger S3 consensus RNA target: pre-rRNA; putative RNA target: none; PubMed: NOC 2 homolog yeast, 22658674, 22681889",749,L,0.11882510013351134
O75818,ncRNA,,very high,literature based (Gerstberger S3),Gerstberger S3 consensus RNA target: ncRNA; putative RNA target: none; PubMed: 15096576,363,L,0.12396694214876033
Q93062,mRNA,,very high,literature based (Gerstberger S3),Gerstberger S3 consensus RNA target: mRNA; putative RNA target: none; PubMed: established RBP,196,P,0.1326530612244898
Q96EL2,ribosomal protein,,very high,literature based (Gerstberger S3),Gerstberger S3 consensus RNA target: ribosomal protein; putative RNA target: none; PubMed: established RBP,167,L,0.12574850299401197
O75569,ncRNA,,very high,literature based (Gerstberger S3),"Gerstberger S3 consensus RNA target: ncRNA; putative RNA target: none; PubMed: This gene encodes a protein kinase activated by double-stranded RNA which mediates the effects of interferon in response to viral infection. Mutations in this gene have been associated with dystonia. Alternative splicing results in multiple transcript variants. [provided by RefSeq, Nov 2008]",313,L,0.08945686900958466
Q96I24,mRNA,,very high,literature based (Gerstberger S3),Gerstberger S3 consensus RNA target: mRNA; putative RNA target: none; PubMed: 21252297,572,G,0.11363636363636363
P19338,snoRNA,,very high,literature based (Gerstberger S3),Gerstberger S3 consensus RNA target: snoRNA; putative RNA target: none; PubMed: established RBP,710,E,0.14507042253521127
Q9Y265,mRNA,,very high,literature based (Gerstberger S3),Gerstberger S3 consensus RNA target: mRNA; putative RNA target: none; PubMed: 20371770,456,E,0.09649122807017543
Q96E39,mRNA,,very high,literature based (Gerstberger S3),Gerstberger S3 consensus RNA target: mRNA; putative RNA target: none; PubMed: by homology,390,S,0.1641025641025641
P62244,ribosomal protein,,very high,literature based (Gerstberger S3),Gerstberger S3 consensus RNA target: ribosomal protein; putative RNA target: none; PubMed: established RBP,130,L,0.09230769230769231
P16383,mRNA,,very high,literature based (Gerstberger S3),Gerstberger S3 consensus RNA target: mRNA; putative RNA target: none; PubMed: 24304693,781,S,0.11267605633802817
Q13435,mRNA,,very high,literature based (Gerstberger S3),"Gerstberger S3 consensus RNA target: mRNA; putative RNA target: none; PubMed: This gene encodes subunit 2 of the splicing factor 3b protein complex. Splicing factor 3b, together with splicing factor 3a and a 12S RNA unit, forms the U2 small nuclear ribonucleoproteins complex (U2 snRNP). The splicing factor 3b/3a complex binds pre-mRNA upstream of the intron's branch site in a sequence-independent manner and may anchor the U2 snRNP to the pre-mRNA. Splicing factor 3b is also a component of the minor U12-type spliceosome. Subunit 2 associates with pre-mRNA upstream of the branch site at the anchoring site. Subunit 2 also interacts directly with subunit 4 of the splicing factor 3b complex. Subunit 2 is a highly hydrophilic protein with a proline-rich N-terminus and a glutamate-rich stretch in the C-terminus. [provided by RefSeq, Jul 2008]",895,E,0.12290502793296089
Q8NC26,unknown,,unknown,,,417,K,0.09352517985611511
Q96BK5,ncRNA,,very high,literature based (Gerstberger S3),Gerstberger S3 consensus RNA target: ncRNA; putative RNA target: none; PubMed: 21119197,328,K,0.15548780487804878
Q9H649,unknown,,very high,literature based (Gerstberger S3),Gerstberger S3 consensus RNA target: unknown; putative RNA target: none; PubMed: established RBP,340,L,0.13823529411764707
Q7KZ85,mRNA,,very high,literature based (Gerstberger S3),Gerstberger S3 consensus RNA target: mRNA; putative RNA target: none; PubMed: 24050178,1726,E,0.11413673232908458
Q969L4,snRNA,,very high,literature based (Gerstberger S3),Gerstberger S3 consensus RNA target: snRNA; putative RNA target: none; PubMed: 11574479,123,V,0.10569105691056911
Q9H0S4,pre-rRNA,,very high,literature based (Gerstberger S3),Gerstberger S3 consensus RNA target: pre-rRNA; putative RNA target: none; PubMed: RRP3 yeast homolog,455,L,0.1010989010989011
Q15910,ncRNA,,very high,literature based (Gerstberger S3),Gerstberger S3 consensus RNA target: ncRNA; putative RNA target: none; PubMed: 24320048,746,E,0.08310991957104558
Q9Y3D9,ribosomal protein,,very high,literature based (Gerstberger S3),Gerstberger S3 consensus RNA target: ribosomal protein; putative RNA target: none; PubMed: established RBP,190,E,0.09473684210526316
Q8NAF0,unknown,,very high,literature based (Gerstberger S3),Gerstberger S3 consensus RNA target: unknown; putative RNA target: none; PubMed: established RBP,562,A,0.13701067615658363
Q9Y6M1,mRNA,,very high,literature based (Gerstberger S3),Gerstberger S3 consensus RNA target: mRNA; putative RNA target: none; PubMed: established RBP,599,I,0.08347245409015025
Q9Y2Z4,tRNA,,very high,literature based (Gerstberger S3),Gerstberger S3 consensus RNA target: tRNA; putative RNA target: none; PubMed: established RBP,477,L,0.13626834381551362
Q6ZP01,mRNA,,very high,literature based (Gerstberger S3),Gerstberger S3 consensus RNA target: mRNA; putative RNA target: none; PubMed: by homology,1051,S,0.12464319695528069
Q96SI9,mRNA,,very high,literature based (Gerstberger S3),Gerstberger S3 consensus RNA target: mRNA; putative RNA target: none; PubMed: by homology,672,L,0.09821428571428571
Q9Y3A4,pre-rRNA,,very high,literature based (Gerstberger S3),Gerstberger S3 consensus RNA target: pre-rRNA; putative RNA target: none; PubMed: Essential protein involved in rRNA processing and ribosome biogenesis; protein abundance increases in response to DNA replication stress,280,E,0.10357142857142858
P57678,snRNA,,very high,literature based (Gerstberger S3),Gerstberger S3 consensus RNA target: snRNA; putative RNA target: none; PubMed: established RBP,1058,L,0.15217391304347827
Q8TF46,diverse,,very high,literature based (Gerstberger S3),Gerstberger S3 consensus RNA target: diverse; putative RNA target: none; PubMed: established RBP,1054,L,0.09297912713472485
Q15050,pre-rRNA,,very high,literature based (Gerstberger S3),Gerstberger S3 consensus RNA target: pre-rRNA; putative RNA target: none; PubMed: RRS1 yeast homolog 17938242,365,R,0.11232876712328767
P05387,ribosomal protein,,very high,literature based (Gerstberger S3),Gerstberger S3 consensus RNA target: ribosomal protein; putative RNA target: none; PubMed: established RBP,115,A,0.17391304347826086
P49411,mRNA,,very high,literature based (Gerstberger S3),Gerstberger S3 consensus RNA target: mRNA; putative RNA target: none; PubMed: 19524667,455,L,0.11868131868131868
Q07864,unknown,,unknown,,,2286,L,0.0984251968503937
Q9NQT5,diverse,,very high,literature based (Gerstberger S3),Gerstberger S3 consensus RNA target: diverse; putative RNA target: none; PubMed: established RBP,275,G,0.11636363636363636
Q9H9L3,pre-rRNA,,very high,literature based (Gerstberger S3),Gerstberger S3 consensus RNA target: pre-rRNA; putative RNA target: none; PubMed: 18065403,353,K,0.12464589235127478
Q9BWU0,unknown,,very high,literature based (Gerstberger S3),Gerstberger S3 consensus RNA target: unknown; putative RNA target: none; PubMed: by domain,742,E,0.12533692722371967
Q8TDD1,pre-rRNA,,very high,literature based (Gerstberger S3),Gerstberger S3 consensus RNA target: pre-rRNA; putative RNA target: none; PubMed: yeast homolog DBP10,881,R,0.10329171396140749
Q14258,mRNA,,very high,literature based (Gerstberger S3),Gerstberger S3 consensus RNA target: mRNA; putative RNA target: none; PubMed: 23912277,630,L,0.09365079365079365
Q96MX3,unknown,,unknown,,,618,P,0.12944983818770225
Q7Z7H8,ribosomal protein,,very high,literature based (Gerstberger S3),Gerstberger S3 consensus RNA target: ribosomal protein; putative RNA target: none; PubMed: established RBP,261,L,0.14942528735632185
Q8WWY3,snRNA,,very high,literature based (Gerstberger S3),Gerstberger S3 consensus RNA target: snRNA; putative RNA target: none; PubMed: 11867543,499,E,0.11022044088176353
P62875,mRNA,,very high,literature based (Gerstberger S3),Gerstberger S3 consensus RNA target: mRNA; putative RNA target: none; PubMed: Pol II complex,67,L,0.1791044776119403
Q9BUR4,ncRNA,,very high,literature based (Gerstberger S3),"Gerstberger S3 consensus RNA target: ncRNA; putative RNA target: none; PubMed: This gene encodes an essential component of the telomerase holoenzyme complex, a ribonucleoprotein complex required for telomere synthesis. This protein is enriched in Cajal bodies, nuclear sites of RNP processing that are important for telomerase function. It interacts with dyskerin, TERT and TERC, other components of active telomerase, and with small Cajal body RNAs (scaRNAs), which are involved in modifying splicing RNAs. This mRNA also functions as a p53 antisense transcript, that regulates endogenous p53 mRNA levels and further induction of p53 protein by targeting the 5' untranslated region of p53 mRNA. Alternatively spliced transcript variants which differ only in the 5' UTR have been found for this gene. [provided by RefSeq, Mar 2011]",548,S,0.10766423357664233
Q6AZW8,unknown,,unknown,,,331,K,0.12386706948640483
Q02040,mRNA,,very high,literature based (Gerstberger S3),Gerstberger S3 consensus RNA target: mRNA; putative RNA target: none; PubMed: 19840947,695,R,0.1251798561151079
P52272,mRNA,,very high,literature based (Gerstberger S3),Gerstberger S3 consensus RNA target: mRNA; putative RNA target: none; PubMed: established RBP,730,G,0.1780821917808219
Q3MIT2,tRNA,,very high,literature based (Gerstberger S3),Gerstberger S3 consensus RNA target: tRNA; putative RNA target: none; PubMed: 17900615,529,L,0.1001890359168242
Q92615,mRNA,,very high,literature based (Gerstberger S3),Gerstberger S3 consensus RNA target: mRNA; putative RNA target: none; PubMed: 20573744,738,P,0.10975609756097561
Q69YN2,mRNA,,very high,literature based (Gerstberger S3),"Gerstberger S3 consensus RNA target: mRNA; putative RNA target: none; PubMed: by domain, 11884590",538,L,0.09107806691449814
Q86W42,mRNA,,very high,literature based (Gerstberger S3),Gerstberger S3 consensus RNA target: mRNA; putative RNA target: none; PubMed: 15998806,341,L,0.12023460410557185
P49759,mRNA,,very high,literature based (Gerstberger S3),"Gerstberger S3 consensus RNA target: mRNA; putative RNA target: none; PubMed: This gene encodes a member of the CDC2-like (or LAMMER) family of dual specificity protein kinases. In the nucleus, the encoded protein phosphorylates serine/arginine-rich proteins involved in pre-mRNA processing, releasing them into the nucleoplasm. The choice of splice sites during pre-mRNA processing may be regulated by the concentration of transacting factors, including serine/arginine rich proteins. Therefore, the encoded protein may play an indirect role in governing splice site selection. Multiple transcript variants encoding different isoforms have been found for this gene. [provided by RefSeq, Jun 2009]",484,S,0.09504132231404959
Q86XZ4,mRNA,,very high,literature based (Gerstberger S3),Gerstberger S3 consensus RNA target: mRNA; putative RNA target: none; PubMed: by homology,545,S,0.13761467889908258
Q8NDV7,mRNA,,very high,literature based (Gerstberger S3),Gerstberger S3 consensus RNA target: mRNA; putative RNA target: none; PubMed: established RBP,1962,S,0.15137614678899083
Q9NV31,snoRNA,,very high,literature based (Gerstberger S3),"Gerstberger S3 consensus RNA target: snoRNA; putative RNA target: none; PubMed: This gene encodes the human homolog of the yeast Imp3 protein. The protein localizes to the nucleoli and interacts with the U3 snoRNP complex. The protein contains an S4 domain. [provided by RefSeq, Jul 2008]",184,L,0.14673913043478262
Q7Z6J9,tRNA,,very high,literature based (Gerstberger S3),Gerstberger S3 consensus RNA target: tRNA; putative RNA target: none; PubMed: established RBP,526,L,0.10836501901140684
Q6P9B9,snRNA,,very high,literature based (Gerstberger S3),Gerstberger S3 consensus RNA target: snRNA; putative RNA target: none; PubMed: established RBP,1019,L,0.155053974484789
Q9NRA8,mRNA,,very high,literature based (Gerstberger S3),"Gerstberger S3 consensus RNA target: mRNA; putative RNA target: none; PubMed: The protein encoded by this gene is a nucleocytoplasmic shuttle protein for the translation initiation factor eIF4E. This shuttle protein interacts with the importin alpha-beta complex to mediate nuclear import of eIF4E. It is predominantly cytoplasmic; its own nuclear import is regulated by a nuclear localization signal and nuclear export signals. Multiple transcript variants encoding different isoforms have been found for this gene. [provided by RefSeq, Aug 2009]",985,S,0.11878172588832488
Q9UBC3,diverse,,very high,literature based (Gerstberger S3),Gerstberger S3 consensus RNA target: diverse; putative RNA target: none; PubMed: 20952535,853,S,0.08792497069167643
O94992,ncRNA,,very high,literature based (Gerstberger S3),Gerstberger S3 consensus RNA target: ncRNA; putative RNA target: none; PubMed: 14580347,359,E,0.14206128133704735
P98175,mRNA,,very high,literature based (Gerstberger S3),Gerstberger S3 consensus RNA target: mRNA; putative RNA target: none; PubMed: established RBP,930,S,0.1010752688172043
A4D1E1,unknown,,unknown,,,1349,S,0.12083024462564863
Q9Y295,mRNA,,very high,literature based (Gerstberger S3),"Gerstberger S3 consensus RNA target: mRNA; putative RNA target: none; PubMed: RBG1, 19819225",367,L,0.10354223433242507
Q53H54,tRNA,,very high,literature based (Gerstberger S3),"Gerstberger S3 consensus RNA target: tRNA; putative RNA target: none; PubMed: Wybutosine (yW) is a hypermodified guanosine at the 3-prime position adjacent to the anticodon of phenylalanine tRNA that stabilizes codon-anticodon interactions during decoding on the ribosome. TRMT12 is the human homolog of a yeast gene essential for yW synthesis (Noma and Suzuki, 2006).[supplied by OMIM, Mar 2008]",448,L,0.10714285714285714
Q6ZN04,mRNA,,very high,literature based (Gerstberger S3),Gerstberger S3 consensus RNA target: mRNA; putative RNA target: none; PubMed: established RBP,569,S,0.140597539543058
Q9UJV9,mRNA,,very high,literature based (Gerstberger S3),Gerstberger S3 consensus RNA target: mRNA; putative RNA target: none; PubMed: by homology,622,L,0.09646302250803858
Q6GMV3,tRNA,,very high,literature based (Gerstberger S3),Gerstberger S3 consensus RNA target: tRNA; putative RNA target: none; PubMed: established RBP,140,A,0.1357142857142857
Q5T1V6,mRNA,,very high,literature based (Gerstberger S3),Gerstberger S3 consensus RNA target: mRNA; putative RNA target: none; PubMed: PRP28 yeast homolog,619,L,0.11147011308562198
B0QYK0,mRNA,,very high,literature based (Gerstberger S3),Gerstberger S3 consensus RNA target: mRNA; putative RNA target: none; PubMed: established RBP,618,G,0.18770226537216828
Q6ZSC3,mRNA,,very high,literature based (Gerstberger S3),Gerstberger S3 consensus RNA target: mRNA; putative RNA target: none; PubMed: by homology,357,L,0.12044817927170869
Q53S33,unknown,,unknown,,,107,A,0.102803738317757
Q6P161,ribosomal protein,,very high,literature based (Gerstberger S3),Gerstberger S3 consensus RNA target: ribosomal protein; putative RNA target: none; PubMed: established RBP,138,L,0.10869565217391304
P26641,tRNA,,very high,literature based (Gerstberger S3),"Gerstberger S3 consensus RNA target: tRNA; putative RNA target: none; PubMed: This gene encodes a subunit of the elongation factor-1 complex, which is responsible for the enzymatic delivery of aminoacyl tRNAs to the ribosome. This subunit contains an N-terminal glutathione transferase domain, which may be involved in regulating the assembly of multisubunit complexes containing this elongation factor and aminoacyl-tRNA synthetases. [provided by RefSeq, Jul 2008]",437,A,0.09610983981693363
Q14147,mRNA,,very high,literature based (Gerstberger S3),Gerstberger S3 consensus RNA target: mRNA; putative RNA target: none; PubMed: 23828042,1143,L,0.12073490813648294
Q8N5A5,unknown,,very high,literature based (Gerstberger S3),Gerstberger S3 consensus RNA target: unknown; putative RNA target: none; PubMed: by domain,531,A,0.11864406779661017
Q8IYY4,mRNA,,very high,literature based (Gerstberger S3),Gerstberger S3 consensus RNA target: mRNA; putative RNA target: none; PubMed: by homology,767,E,0.10951760104302477
Q9NUL7,pre-rRNA,,very high,literature based (Gerstberger S3),Gerstberger S3 consensus RNA target: pre-rRNA; putative RNA target: none; PubMed: RRP3 yeast homolog,540,L,0.1537037037037037
Q9H0L4,mRNA,,very high,literature based (Gerstberger S3),Gerstberger S3 consensus RNA target: mRNA; putative RNA target: none; PubMed: established RBP,616,G,0.14935064935064934
Q00577,mRNA,,very high,literature based (Gerstberger S3),Gerstberger S3 consensus RNA target: mRNA; putative RNA target: none; PubMed: 11032866,322,G,0.15217391304347827
P84022,ncRNA,,very high,literature based (Gerstberger S3),Gerstberger S3 consensus RNA target: ncRNA; putative RNA target: none; PubMed: 20705240,425,L,0.08705882352941176
Q71DI3,unknown,,unknown,,,136,A,0.1323529411764706
Q9NQ50,ribosomal protein,,very high,literature based (Gerstberger S3),Gerstberger S3 consensus RNA target: ribosomal protein; putative RNA target: none; PubMed: established RBP,206,L,0.1262135922330097
F8W6I7,mRNA,,very high,literature based (Gerstberger S3),Gerstberger S3 consensus RNA target: mRNA; putative RNA target: none; PubMed: established RBP,307,G,0.18241042345276873
P52815,ribosomal protein,,very high,literature based (Gerstberger S3),Gerstberger S3 consensus RNA target: ribosomal protein; putative RNA target: none; PubMed: established RBP,198,A,0.14646464646464646
Q7Z4G4,tRNA,,very high,literature based (Gerstberger S3),Gerstberger S3 consensus RNA target: tRNA; putative RNA target: none; PubMed: Catalytic subunit of adoMet-dependent tRNA methyltransferase complex; required for the methylation of the guanosine nucleotide at position 10 (m2G10) in tRNAs; contains a THUMP domain and a methyltransferase domain; another complex member is Trm112p,463,L,0.10367170626349892
Q86WX3,unknown,,very high,literature based (Gerstberger S3),Gerstberger S3 consensus RNA target: unknown; putative RNA target: none; PubMed: 16289379,136,R,0.125
Q86XU0,unknown,,unknown,,,584,K,0.11472602739726027
Q8WXA9,mRNA,,very high,literature based (Gerstberger S3),"Gerstberger S3 consensus RNA target: mRNA; putative RNA target: none; PubMed: This gene encodes a member of a family of serine/arginine-rich (SR) splicing proteins containing RNA recognition motif (RRM) domains. The encoded protein interacts with other SR proteins to modulate splice site selection. Alternatively spliced transcript variants encoding multiple isoforms have been observed for this gene. [provided by RefSeq, Jul 2012]",508,R,0.14960629921259844
Q2NKX8,unknown,,unknown,,,1250,L,0.1072
Q9NPJ4,mRNA,,very high,literature based (Gerstberger S3),Gerstberger S3 consensus RNA target: mRNA; putative RNA target: none; PubMed: 23085078,139,S,0.11510791366906475
Q7Z5W3,ncRNA,,very high,literature based (Gerstberger S3),Gerstberger S3 consensus RNA target: ncRNA; putative RNA target: none; PubMed: 23063121,292,L,0.136986301369863
O75533,mRNA,,very high,literature based (Gerstberger S3),"Gerstberger S3 consensus RNA target: mRNA; putative RNA target: none; PubMed: This gene encodes subunit 1 of the splicing factor 3b protein complex. Splicing factor 3b, together with splicing factor 3a and a 12S RNA unit, forms the U2 small nuclear ribonucleoproteins complex (U2 snRNP). The splicing factor 3b/3a complex binds pre-mRNA upstream of the intron's branch site in a sequence independent manner and may anchor the U2 snRNP to the pre-mRNA. Splicing factor 3b is also a component of the minor U12-type spliceosome. The carboxy-terminal two-thirds of subunit 1 have 22 non-identical, tandem HEAT repeats that form rod-like, helical structures. Alternative splicing results in multiple transcript variants encoding different isoforms. [provided by RefSeq, Jul 2008]",1304,L,0.09279141104294479
Q9BZC1,mRNA,,very high,literature based (Gerstberger S3),Gerstberger S3 consensus RNA target: mRNA; putative RNA target: none; PubMed: established RBP,486,A,0.13168724279835392
Q92973,mRNA,,very high,literature based (Gerstberger S3),Gerstberger S3 consensus RNA target: mRNA; putative RNA target: none; PubMed: 19124606,898,L,0.12806236080178174
Q6PKG0,mRNA,,very high,literature based (Gerstberger S3),Gerstberger S3 consensus RNA target: mRNA; putative RNA target: none; PubMed: 24532714,1096,P,0.10218978102189781
O15523,mRNA,,very high,literature based (Gerstberger S3),Gerstberger S3 consensus RNA target: mRNA; putative RNA target: none; PubMed: established RBP,660,G,0.11969696969696969
O43143,mRNA,,very high,literature based (Gerstberger S3),"Gerstberger S3 consensus RNA target: mRNA; putative RNA target: none; PubMed: The protein encoded by this gene is a putative ATP-dependent RNA helicase implicated in pre-mRNA splicing. [provided by RefSeq, Jul 2008]",795,L,0.0930817610062893
P03950,diverse,,very high,literature based (Gerstberger S3),Gerstberger S3 consensus RNA target: diverse; putative RNA target: none; PubMed: established RBP,147,L,0.09523809523809523
P49450,unknown,,unknown,,,140,R,0.15
Q13523,snRNA,,very high,literature based (Gerstberger S3),Gerstberger S3 consensus RNA target: snRNA; putative RNA target: none; PubMed: Splicing factor; component of the U4/U6-U5 snRNP complex,1007,K,0.12711022840119166
Q7Z7F7,ribosomal protein,,very high,literature based (Gerstberger S3),Gerstberger S3 consensus RNA target: ribosomal protein; putative RNA target: none; PubMed: established RBP,128,R,0.171875
Q9BQ52,tRNA,,very high,literature based (Gerstberger S3),Gerstberger S3 consensus RNA target: tRNA; putative RNA target: none; PubMed: established RBP,826,L,0.10774818401937046
Q5TBB1,diverse,,very high,literature based (Gerstberger S3),Gerstberger S3 consensus RNA target: diverse; putative RNA target: none; PubMed: established RBP,312,K,0.14743589743589744
P82979,mRNA,,very high,literature based (Gerstberger S3),Gerstberger S3 consensus RNA target: mRNA; putative RNA target: none; PubMed: 20844015,210,E,0.1619047619047619
Q9NQM4,unknown,,very high,literature based (Gerstberger S3),Gerstberger S3 consensus RNA target: unknown; putative RNA target: none; PubMed: established RBP,214,E,0.14953271028037382
Q8N3Z6,diverse,,very high,literature based (Gerstberger S3),Gerstberger S3 consensus RNA target: diverse; putative RNA target: none; PubMed: 21878619,543,S,0.10313075506445672
A2RTX5,tRNA,,very high,literature based (Gerstberger S3),Gerstberger S3 consensus RNA target: tRNA; putative RNA target: none; PubMed: by domain,802,E,0.10099750623441396
Q9NZE8,ribosomal protein,,very high,literature based (Gerstberger S3),Gerstberger S3 consensus RNA target: ribosomal protein; putative RNA target: none; PubMed: established RBP,188,R,0.10638297872340426
P52597,mRNA,,high,GO based; UniProt annotation/metadata,uniprot_protein_name: hnrnp; go_biological_process: mRNA; go_biological_process: mrna splicing; go_biological_process: rna splicing; go_biological_process: spliceosome,415,G,0.12289156626506025
Q9NVN8,pre-rRNA,,very high,literature based (Gerstberger S3),Gerstberger S3 consensus RNA target: pre-rRNA; putative RNA target: none; PubMed: NUG1 yeast homolog,582,K,0.09278350515463918
Q8TAQ5,unknown,,unknown,,,688,E,0.10174418604651163
Q8WU90,unknown,,very high,literature based (Gerstberger S3),Gerstberger S3 consensus RNA target: unknown; putative RNA target: none; PubMed: by homology,426,K,0.1431924882629108
Q8TDN6,pre-rRNA,,very high,literature based (Gerstberger S3),Gerstberger S3 consensus RNA target: pre-rRNA; putative RNA target: none; PubMed: established RBP,353,K,0.12181303116147309
P68104,tRNA,,very high,literature based (Gerstberger S3),Gerstberger S3 consensus RNA target: tRNA; putative RNA target: none; PubMed: 12354112,462,K,0.10173160173160173
F8W727,ribosomal protein,,very high,literature based (Gerstberger S3),Gerstberger S3 consensus RNA target: ribosomal protein; putative RNA target: none; PubMed: established RBP,153,K,0.11764705882352941
Q9Y388,mRNA,,very high,literature based (Gerstberger S3),Gerstberger S3 consensus RNA target: mRNA; putative RNA target: none; PubMed: by homology,322,K,0.13664596273291926
Q14684,pre-rRNA,,very high,literature based (Gerstberger S3),"Gerstberger S3 consensus RNA target: pre-rRNA; putative RNA target: none; PubMed: 20926688, Essential evolutionarily conserved nucleolar protein; necessary for biogenesis of 60S ribosomal subunits and for processing of pre-rRNAs to mature rRNA; associated with several distinct 66S pre-ribosomal particles",758,K,0.10158311345646438
Q86U06,mRNA,,very high,literature based (Gerstberger S3),"Gerstberger S3 consensus RNA target: mRNA; putative RNA target: none; PubMed: This gene encodes a member of the U2AF-like family of RNA binding proteins. This protein interacts with some steroid nuclear receptors, localizes to the promoter of a steroid- responsive gene, and increases transcription of steroid-responsive transcriptional reporters in a hormone-dependent manner. It is also implicated in the steroid receptor-dependent regulation of alternative splicing. Multiple transcript variants encoding different isoforms have been found for this gene. [provided by RefSeq, Jul 2008]",439,R,0.11617312072892938
Q9BV44,tRNA,,very high,literature based (Gerstberger S3),Gerstberger S3 consensus RNA target: tRNA; putative RNA target: none; PubMed: by homology,507,L,0.08481262327416174
Q6IEG0,snRNA,,very high,literature based (Gerstberger S3),Gerstberger S3 consensus RNA target: snRNA; putative RNA target: none; PubMed: established RBP,339,E,0.12094395280235988
Q8TBZ8,unknown,,unknown,,,553,K,0.09403254972875226
Q17RN3,unknown,,very high,literature based (Gerstberger S3),Gerstberger S3 consensus RNA target: unknown; putative RNA target: none; PubMed: established RBP,349,L,0.16045845272206305
P60321,mRNA,,very high,literature based (Gerstberger S3),Gerstberger S3 consensus RNA target: mRNA; putative RNA target: none; PubMed: established RBP,138,G,0.12318840579710146
Q9BYC9,ribosomal protein,,very high,literature based (Gerstberger S3),Gerstberger S3 consensus RNA target: ribosomal protein; putative RNA target: none; PubMed: established RBP,149,R,0.12751677852348994
P51508,unknown,,unknown,,,661,K,0.10287443267776097
P06748,pre-rRNA,,very high,literature based (Gerstberger S3),Gerstberger S3 consensus RNA target: pre-rRNA; putative RNA target: none; PubMed: 12058066,294,D,0.11564625850340136
Q8NEF9,pre-rRNA,,very high,literature based (Gerstberger S3),Gerstberger S3 consensus RNA target: pre-rRNA; putative RNA target: none; PubMed: during translational initiation and general transcription regulation.,429,K,0.13752913752913754
Q13485,ncRNA,,very high,literature based (Gerstberger S3),Gerstberger S3 consensus RNA target: ncRNA; putative RNA target: none; PubMed: 20705240,552,A,0.08695652173913043
P51398,ribosomal protein,,very high,literature based (Gerstberger S3),"Gerstberger S3 consensus RNA target: ribosomal protein; putative RNA target: none; PubMed: Mammalian mitochondrial ribosomal proteins are encoded by nuclear genes and help in protein synthesis within the mitochondrion. Mitochondrial ribosomes (mitoribosomes) consist of a small 28S subunit and a large 39S subunit. They have an estimated 75% protein to rRNA composition compared to prokaryotic ribosomes, where this ratio is reversed. Another difference between mammalian mitoribosomes and prokaryotic ribosomes is that the latter contain a 5S rRNA. Among different species, the proteins comprising the mitoribosome differ greatly in sequence, and sometimes in biochemical properties, which prevents easy recognition by sequence homology. This gene encodes a 28S subunit protein that also participates in apoptotic pathways which are initiated by tumor necrosis factor-alpha, Fas ligand, and gamma interferon. This protein potentially binds ATP/GTP and might be a functional partner of the mitoribosomal protein S27. Multiple alternatively spliced transcript variants encoding distinct isoforms have been found for this gene. Pseudogenes corresponding to this gene are found on chromosomes 1q and 2q. [provided by RefSeq, Dec 2010]",398,L,0.12562814070351758
P27635,ribosomal protein,,very high,literature based (Gerstberger S3),Gerstberger S3 consensus RNA target: ribosomal protein; putative RNA target: none; PubMed: established RBP,214,K,0.10747663551401869
Q969H6,ncRNA,,very high,literature based (Gerstberger S3),Gerstberger S3 consensus RNA target: ncRNA; putative RNA target: none; PubMed: established RBP,163,L,0.12883435582822086
P60323,mRNA,,very high,literature based (Gerstberger S3),Gerstberger S3 consensus RNA target: mRNA; putative RNA target: none; PubMed: established RBP,173,G,0.10982658959537572
P35789,unknown,,unknown,,,620,K,0.15161290322580645
P62316,snRNA,mRNA,high,GO based; UniProt annotation/metadata,uniprot_protein_name: snRNP; uniprot_protein_name: small nuclear ribonucleoprotein; go_biological_process: snRNP,118,K,0.1440677966101695
P53803,mRNA,,very high,literature based (Gerstberger S3),Gerstberger S3 consensus RNA target: mRNA; putative RNA target: none; PubMed: Pol II complex,58,R,0.1206896551724138
P52756,mRNA,,very high,literature based (Gerstberger S3),"Gerstberger S3 consensus RNA target: mRNA; putative RNA target: none; PubMed: This gene is a candidate tumor suppressor gene which encodes a nuclear RNA binding protein that is a component of the spliceosome A complex. The encoded protein plays a role in the induction of cell cycle arrest and apoptosis through pre-mRNA splicing of multiple target genes including the tumor suppressor protein p53. This gene is located within the tumor suppressor region 3p21.3, and may play a role in the inhibition of tumor transformation and progression of several malignancies including lung cancer. [provided by RefSeq, Oct 2011]",815,S,0.09815950920245399
H7BXY3,mRNA,,very high,literature based (Gerstberger S3),Gerstberger S3 consensus RNA target: mRNA; putative RNA target: none; PubMed: 21204022,1166,L,0.12864493996569468
Q04637,mRNA,,very high,literature based (Gerstberger S3),"Gerstberger S3 consensus RNA target: mRNA; putative RNA target: none; PubMed: The protein encoded by this gene is a component of the multi-subunit protein complex EIF4F. This complex facilitates the recruitment of mRNA to the ribosome, which is a rate-limiting step during the initiation phase of protein synthesis. The recognition of the mRNA cap and the ATP-dependent unwinding of 5'-terminal secondary structure is catalyzed by factors in this complex. The subunit encoded by this gene is a large scaffolding protein that contains binding sites for other members of the EIF4F complex. A domain at its N-terminus can also interact with the poly(A)-binding protein, which may mediate the circularization of mRNA during translation. Alternative splicing results in multiple transcript variants, some of which are derived from alternative promoter usage. [provided by RefSeq, Aug 2010]",1599,E,0.10444027517198248
Q9UPY3,ncRNA,diverse; mRNA; tRNA,high,GO based,go_biological_process: miRNA; go_molecular_function: miRNA,1922,L,0.10249739854318418
P49761,mRNA,,very high,literature based (Gerstberger S3),Gerstberger S3 consensus RNA target: mRNA; putative RNA target: none; PubMed: 9637771,490,R,0.12244897959183673
Q5T619,unknown,,unknown,,,568,S,0.09683098591549295
P07998,diverse,,very high,literature based (Gerstberger S3),Gerstberger S3 consensus RNA target: diverse; putative RNA target: none; PubMed: established RBP,156,S,0.11538461538461539
Q9UDW3,snRNA,,very high,literature based (Gerstberger S3),"Gerstberger S3 consensus RNA target: snRNA; putative RNA target: none; PubMed: SNRNP20, 19878916",170,L,0.11176470588235295
Q6ZN17,mRNA,,very high,literature based (Gerstberger S3),Gerstberger S3 consensus RNA target: mRNA; putative RNA target: none; PubMed: established RBP,250,G,0.116
Q96MT3,unknown,,unknown,,,831,S,0.11311672683513839
Q9UJV8,mRNA,,very high,literature based (Gerstberger S3),Gerstberger S3 consensus RNA target: mRNA; putative RNA target: none; PubMed: by homology,347,G,0.11239193083573487
Q14157,mRNA,,very high,literature based (Gerstberger S3),"Gerstberger S3 consensus RNA target: mRNA; putative RNA target: none; PubMed: 22681889, 22658674, 23912277, RGG rich",1087,S,0.15915363385464582
Q8WW36,mRNA,,very high,literature based (Gerstberger S3),Gerstberger S3 consensus RNA target: mRNA; putative RNA target: none; PubMed: by homology,166,G,0.1566265060240964
Q5T9H5,mRNA,,very high,literature based (Gerstberger S3),Gerstberger S3 consensus RNA target: mRNA; putative RNA target: none; PubMed: established RBP,84,P,0.16666666666666666
Q969Q0,ribosomal protein,,very high,literature based (Gerstberger S3),Gerstberger S3 consensus RNA target: ribosomal protein; putative RNA target: none; PubMed: established RBP,106,K,0.19811320754716982
P46778,ribosomal protein,,very high,literature based (Gerstberger S3),Gerstberger S3 consensus RNA target: ribosomal protein; putative RNA target: none; PubMed: established RBP,160,K,0.15
P05386,ribosomal protein,,very high,literature based (Gerstberger S3),Gerstberger S3 consensus RNA target: ribosomal protein; putative RNA target: none; PubMed: established RBP,114,A,0.19298245614035087
Q9NR30,pre-rRNA,,very high,literature based (Gerstberger S3),"Gerstberger S3 consensus RNA target: pre-rRNA; putative RNA target: none; PubMed: This gene encodes a DEAD box protein, which is an antigen recognized by autoimmune antibodies from a patient with watermelon stomach disease. This protein unwinds double-stranded RNA, folds single-stranded RNA, and may play important roles in ribosomal RNA biogenesis, RNA editing, RNA transport, and general transcription. [provided by RefSeq, Jul 2008]",783,K,0.11621966794380588
Q8TEX9,mRNA,,very high,literature based (Gerstberger S3),Gerstberger S3 consensus RNA target: mRNA; putative RNA target: none; PubMed: by homology,1081,L,0.17391304347826086
A2RUC4,tRNA,,very high,literature based (Gerstberger S3),Gerstberger S3 consensus RNA target: tRNA; putative RNA target: none; PubMed: 20972222,315,L,0.10158730158730159
P22626,mRNA,,very high,literature based (Gerstberger S3),Gerstberger S3 consensus RNA target: mRNA; putative RNA target: none; PubMed: established RBP,353,G,0.24362606232294617
Q7KZF4,mRNA,,very high,literature based (Gerstberger S3),Gerstberger S3 consensus RNA target: mRNA; putative RNA target: none; PubMed: 18603592,910,A,0.0912087912087912
Q86TS9,ribosomal protein,,very high,literature based (Gerstberger S3),Gerstberger S3 consensus RNA target: ribosomal protein; putative RNA target: none; PubMed: established RBP,123,L,0.13008130081300814
Q8NHU6,mRNA,,very high,literature based (Gerstberger S3),Gerstberger S3 consensus RNA target: mRNA; putative RNA target: none; PubMed: 21436445,1098,L,0.0965391621129326
Q8NI27,mRNA,,very high,literature based (Gerstberger S3),"Gerstberger S3 consensus RNA target: mRNA; putative RNA target: none; PubMed: The TREX multiprotein complex binds specifically to spliced mRNAs to facilitate mRNA export. The protein encoded by this gene is a member of the THO complex, a subset of the TREX complex. The encoded protein interacts with the THOC1 protein.[provided by RefSeq, Jun 2010]",1593,K,0.11738857501569366
Q8IWR0,unknown,,very high,literature based (Gerstberger S3),Gerstberger S3 consensus RNA target: unknown; putative RNA target: none; PubMed: by homology,971,S,0.0854788877445932
Q86UA1,snRNA,,very high,literature based (Gerstberger S3),Gerstberger S3 consensus RNA target: snRNA; putative RNA target: none; PubMed: U1 snRNP protein involved in splicing; contains multiple tetriatricopeptide repeats,669,E,0.11210762331838565
Q03468,unknown,,unknown,,,1493,L,0.08573342263898191
Q9H0Z9,mRNA,,very high,literature based (Gerstberger S3),"Gerstberger S3 consensus RNA target: mRNA; putative RNA target: none; PubMed: 24375645, 19817877",239,A,0.15481171548117154
Q13283,mRNA,,very high,literature based (Gerstberger S3),Gerstberger S3 consensus RNA target: mRNA; putative RNA target: none; PubMed: established RBP,466,P,0.10515021459227468
Q9HAU5,mRNA,,very high,literature based (Gerstberger S3),"Gerstberger S3 consensus RNA target: mRNA; putative RNA target: none; PubMed: This gene encodes a protein that is part of a post-splicing multiprotein complex involved in both mRNA nuclear export and mRNA surveillance. mRNA surveillance detects exported mRNAs with truncated open reading frames and initiates nonsense-mediated mRNA decay (NMD). When translation ends upstream from the last exon-exon junction, this triggers NMD to degrade mRNAs containing premature stop codons. This protein is located in the perinuclear area. It interacts with translation release factors and the proteins that are functional homologs of yeast Upf1p and Upf3p. Two splice variants have been found for this gene; both variants encode the same protein. [provided by RefSeq, Jul 2008]",1272,E,0.12028301886792453
P62854,ribosomal protein,,very high,literature based (Gerstberger S3),Gerstberger S3 consensus RNA target: ribosomal protein; putative RNA target: none; PubMed: established RBP,115,R,0.1391304347826087
J3KP02,unknown,,unknown,,,692,E,0.13005780346820808
Q14204,mRNA,,very high,literature based (Gerstberger S3),"Gerstberger S3 consensus RNA target: mRNA; putative RNA target: none; PubMed: 22658674, 22681889",4646,L,0.11149375807145932
P18583,mRNA,,very high,literature based (Gerstberger S3),"Gerstberger S3 consensus RNA target: mRNA; putative RNA target: none; PubMed: This gene encodes a protein that contains multiple simple repeats. The encoded protein binds RNA and promotes pre-mRNA splicing, particularly of transcripts with poor splice sites. The protein also recognizes a specific DNA sequence found in the human hepatitis B virus (HBV) and represses HBV core promoter activity. There is a pseudogene for this gene on chromosome 1. Alternative splicing results in multiple transcript variants. [provided by RefSeq, Jul 2013]",2426,S,0.13891178895300907
P26599,mRNA,,very high,literature based (Gerstberger S3),Gerstberger S3 consensus RNA target: mRNA; putative RNA target: none; PubMed: established RBP,557,A,0.1059245960502693
O75437,unknown,,unknown,,,659,K,0.1441578148710167
Q6NZI2,pre-rRNA,,very high,literature based (Gerstberger S3),"Gerstberger S3 consensus RNA target: pre-rRNA; putative RNA target: none; PubMed: This protein regulates rRNA transcription by promoting the dissociation of transcription complexes and the reinitiation of polymerase I on nascent rRNA transcripts. This protein also localizes to caveolae at the plasma membrane and is thought to play a critical role in the formation of caveolae and the stabilization of caveolins. This protein translocates from caveolae to the cytoplasm after insulin stimulation. Caveolae contain truncated forms of this protein and may be the site of phosphorylation-dependent proteolysis. This protein is also thought to modify lipid metabolism and insulin-regulated gene expression. Mutations in this gene result in a disorder characterized by generalized lipodystrophy and muscular dystrophy. [provided by RefSeq, Nov 2009]",390,E,0.14358974358974358
O95985,mRNA,,very high,literature based (Gerstberger S3),Gerstberger S3 consensus RNA target: mRNA; putative RNA target: none; PubMed: 23912948,862,L,0.08932714617169374
P23246,mRNA,,very high,literature based (Gerstberger S3),Gerstberger S3 consensus RNA target: mRNA; putative RNA target: none; PubMed: established RBP,707,P,0.16265912305516267
P78362,mRNA,,very high,literature based (Gerstberger S3),Gerstberger S3 consensus RNA target: mRNA; putative RNA target: none; PubMed: 9472028,688,E,0.11046511627906977
Q32P51,mRNA,,very high,literature based (Gerstberger S3),Gerstberger S3 consensus RNA target: mRNA; putative RNA target: none; PubMed: established RBP,320,G,0.196875
O00410,mRNA,,very high,literature based (Gerstberger S3),"Gerstberger S3 consensus RNA target: mRNA; putative RNA target: none; PubMed: Nucleocytoplasmic transport, a signal- and energy-dependent process, takes place through nuclear pore complexes embedded in the nuclear envelope. The import of proteins containing a nuclear localization signal (NLS) requires the NLS import receptor, a heterodimer of importin alpha and beta subunits also known as karyopherins. Importin alpha binds the NLS-containing cargo in the cytoplasm and importin beta docks the complex at the cytoplasmic side of the nuclear pore complex. In the presence of nucleoside triphosphates and the small GTP binding protein Ran, the complex moves into the nuclear pore complex and the importin subunits dissociate. Importin alpha enters the nucleoplasm with its passenger protein and importin beta remains at the pore. Interactions between importin beta and the FG repeats of nucleoporins are essential in translocation through the pore complex. The protein encoded by this gene is a member of the importin beta family. [provided by RefSeq, Jul 2008]",1097,L,0.11759343664539654
P49642,diverse,,very high,literature based (Gerstberger S3),"Gerstberger S3 consensus RNA target: diverse; putative RNA target: none; PubMed: DNA primase is, in fact, a type of RNA polymerase which creates an RNA primer",420,K,0.09761904761904762
Q8IY31,unknown,,unknown,,,132,E,0.13636363636363635
Q12904,tRNA,,very high,literature based (Gerstberger S3),"Gerstberger S3 consensus RNA target: tRNA; putative RNA target: none; PubMed: The protein encoded by this gene is a cytokine that is specifically induced by apoptosis, and it is involved in the control of angiogenesis, inflammation, and wound healing. The release of this cytokine renders the tumor-associated vasculature sensitive to tumor necrosis factor. The precursor protein is identical to the p43 subunit, which is associated with the multi-tRNA synthetase complex, and it modulates aminoacylation activity of tRNA synthetase in normal cells. This protein is also involved in the stimulation of inflammatory responses after proteolytic cleavage in tumor cells. Multiple transcript variants encoding different isoforms have been found for this gene. A pseudogene has been identified on chromosome 20. [provided by RefSeq, Dec 2008]",312,K,0.11858974358974358
Q9UL40,unknown,,very high,literature based (Gerstberger S3),Gerstberger S3 consensus RNA target: unknown; putative RNA target: none; PubMed: established RBP,294,K,0.1054421768707483
Q9HCS7,mRNA,,very high,literature based (Gerstberger S3),Gerstberger S3 consensus RNA target: mRNA; putative RNA target: none; PubMed: 17981804,855,L,0.10292397660818714
Q92879,mRNA,,very high,literature based (Gerstberger S3),Gerstberger S3 consensus RNA target: mRNA; putative RNA target: none; PubMed: established RBP,486,A,0.10699588477366255
O75179,unknown,,very high,literature based (Gerstberger S3),Gerstberger S3 consensus RNA target: unknown; putative RNA target: none; PubMed: established RBP,2603,S,0.10449481367652709
P61964,ncRNA,,very high,literature based (Gerstberger S3),Gerstberger S3 consensus RNA target: ncRNA; putative RNA target: none; PubMed: 21423168,334,S,0.11976047904191617
Q6P2E9,mRNA,,very high,literature based (Gerstberger S3),Gerstberger S3 consensus RNA target: mRNA; putative RNA target: none; PubMed: established RBP,1401,L,0.11848679514632406
Q9H4L7,unknown,,unknown,,,1026,L,0.1101364522417154
Q9UGY1,pre-rRNA,,very high,literature based (Gerstberger S3),Gerstberger S3 consensus RNA target: pre-rRNA; putative RNA target: none; PubMed: 16515785,213,R,0.14084507042253522
P68431,unknown,,unknown,,,136,A,0.1323529411764706
Q86XP3,mRNA,,very high,literature based (Gerstberger S3),"Gerstberger S3 consensus RNA target: mRNA; putative RNA target: none; PubMed: by homology , 16397294",938,G,0.10021321961620469
B0QYY4,mRNA,,very high,literature based (Gerstberger S3),Gerstberger S3 consensus RNA target: mRNA; putative RNA target: none; PubMed: established RBP,370,P,0.1
Q7Z2Z2,tRNA,,very high,literature based (Gerstberger S3),Gerstberger S3 consensus RNA target: tRNA; putative RNA target: none; PubMed: established RBP,1120,E,0.09107142857142857
P26358,ncRNA,,very high,literature based (Gerstberger S3),"Gerstberger S3 consensus RNA target: ncRNA; putative RNA target: none; PubMed: 24107992, 24481530",1616,E,0.08972772277227722
Q9NV66,tRNA,,very high,literature based (Gerstberger S3),"Gerstberger S3 consensus RNA target: tRNA; putative RNA target: none; PubMed: Wybutosine (yW) is a hypermodified guanosine found in phenylalanine tRNA adjacent to the anticodon that stabilizes codon-anticodon interactions in the ribosome. In yeast, the homolog of this gene is essential for the synthesis of wybutosine. [provided by RefSeq, Dec 2012]  17150819",732,E,0.09016393442622951
Q9NTZ6,mRNA,,very high,literature based (Gerstberger S3),Gerstberger S3 consensus RNA target: mRNA; putative RNA target: none; PubMed: by homology,932,P,0.13948497854077252
Q8IYB8,mRNA,,very high,literature based (Gerstberger S3),Gerstberger S3 consensus RNA target: mRNA; putative RNA target: none; PubMed: 15919122,786,L,0.10814249363867684
Q9UN86,mRNA,,very high,literature based (Gerstberger S3),Gerstberger S3 consensus RNA target: mRNA; putative RNA target: none; PubMed: established RBP,482,E,0.12033195020746888
Q9BXY0,pre-rRNA,,very high,literature based (Gerstberger S3),Gerstberger S3 consensus RNA target: pre-rRNA; putative RNA target: none; PubMed: Essential nuclear protein; constituent of 66S pre-ribosomal particles; required for maturation of 25S and 5.8S rRNAs; required for maintenance of M1 satellite double-stranded RNA of the L-A virus,300,E,0.12666666666666668
O15523,mRNA,,very high,literature based (Gerstberger S3),Gerstberger S3 consensus RNA target: mRNA; putative RNA target: none; PubMed: established RBP,660,G,0.11969696969696969
Q9NR50,mRNA,,very high,literature based (Gerstberger S3),Gerstberger S3 consensus RNA target: mRNA; putative RNA target: none; PubMed: eiF2B complex,452,L,0.10398230088495575
P62495,mRNA,,very high,literature based (Gerstberger S3),"Gerstberger S3 consensus RNA target: mRNA; putative RNA target: none; PubMed: This gene encodes a class-1 polypeptide chain release factor. The encoded protein plays an essential role in directing termination of mRNA translation from the termination codons UAA, UAG and UGA. This protein is a component of the SURF complex which promotes degradation of prematurely terminated mRNAs via the mechanism of nonsense-mediated mRNA decay (NMD). Alternate splicing results in multiple transcript variants. Pseudogenes of this gene are found on chromosomes 6, 7, and X. [provided by RefSeq, Aug 2013]",437,L,0.09839816933638444
Q9H7N4,mRNA,,very high,literature based (Gerstberger S3),Gerstberger S3 consensus RNA target: mRNA; putative RNA target: none; PubMed: 11461075,1312,S,0.13567073170731708
P36776,diverse,,very high,literature based (Gerstberger S3),Gerstberger S3 consensus RNA target: diverse; putative RNA target: none; PubMed: 14739292,959,L,0.10218978102189781
Q9BZE4,pre-rRNA,,very high,literature based (Gerstberger S3),Gerstberger S3 consensus RNA target: pre-rRNA; putative RNA target: none; PubMed: NOG1 yeast homolog,634,K,0.10883280757097792
Q8IWZ3,unknown,,very high,literature based (Gerstberger S3),Gerstberger S3 consensus RNA target: unknown; putative RNA target: none; PubMed: established RBP,2542,S,0.1011014948859166
Q9BZE1,ribosomal protein,,very high,literature based (Gerstberger S3),Gerstberger S3 consensus RNA target: ribosomal protein; putative RNA target: none; PubMed: established RBP,423,L,0.12056737588652482
P55884,mRNA,,very high,literature based (Gerstberger S3),Gerstberger S3 consensus RNA target: mRNA; putative RNA target: none; PubMed: 17190833,814,E,0.09828009828009827
P11387,unknown,,very high,literature based (Gerstberger S3),"Gerstberger S3 consensus RNA target: unknown; putative RNA target: none; PubMed: 12270136, 9659906",765,K,0.17516339869281045
O14602,mRNA,,very high,literature based (Gerstberger S3),Gerstberger S3 consensus RNA target: mRNA; putative RNA target: none; PubMed: 10678173,144,D,0.13194444444444445
P30050,ribosomal protein,,very high,literature based (Gerstberger S3),Gerstberger S3 consensus RNA target: ribosomal protein; putative RNA target: none; PubMed: established RBP,165,I,0.10303030303030303
Q96P70,mRNA,,very high,literature based (Gerstberger S3),Gerstberger S3 consensus RNA target: mRNA; putative RNA target: none; PubMed: 23851686,1041,L,0.10951008645533142
Q5T280,unknown,,very high,literature based (Gerstberger S3),Gerstberger S3 consensus RNA target: unknown; putative RNA target: none; PubMed: established RBP,376,L,0.09308510638297872
P49760,mRNA,,very high,literature based (Gerstberger S3),"Gerstberger S3 consensus RNA target: mRNA; putative RNA target: none; PubMed: This gene encodes a member of the CLK family of dual specificity protein kinases. CLK family members have been shown to interact with, and phosphorylate, serine- and arginine-rich (SR) proteins of the spliceosomal complex, which is a part of the regulatory mechanism that enables the SR proteins to control RNA splicing.",499,R,0.14428857715430862
Q12905,mRNA,,very high,literature based (Gerstberger S3),Gerstberger S3 consensus RNA target: mRNA; putative RNA target: none; PubMed: 23129811,390,L,0.10512820512820513
Q86Y13,mRNA,,very high,literature based (Gerstberger S3),Gerstberger S3 consensus RNA target: mRNA; putative RNA target: none; PubMed: 12538761,1208,L,0.10844370860927152
Q9UPR3,mRNA,,very high,literature based (Gerstberger S3),"Gerstberger S3 consensus RNA target: mRNA; putative RNA target: none; PubMed: This gene encodes a protein involved in nonsense-mediated mRNA decay (NMD) as part of the mRNA surveillance complex. The protein has kinase activity and is thought to function in NMD by phosphorylating the regulator of nonsense transcripts 1 protein. Alternatively spliced transcript variants have been described, but their full-length nature has yet to be determined. [provided by RefSeq, Mar 2013]",1016,L,0.12598425196850394
P62891,ribosomal protein,,very high,literature based (Gerstberger S3),Gerstberger S3 consensus RNA target: ribosomal protein; putative RNA target: none; PubMed: established RBP,51,K,0.17647058823529413
Q9UQ84,diverse,,very high,literature based (Gerstberger S3),Gerstberger S3 consensus RNA target: diverse; putative RNA target: none; PubMed: RNase H activity,846,S,0.11583924349881797
Q9H583,snoRNA,,very high,literature based (Gerstberger S3),Gerstberger S3 consensus RNA target: snoRNA; putative RNA target: none; PubMed: UTP10 yeast homolog,2144,L,0.14972014925373134
Q16695,unknown,,unknown,,,136,R,0.1323529411764706
P09874,mRNA,,very high,literature based (Gerstberger S3),"Gerstberger S3 consensus RNA target: mRNA; putative RNA target: none; PubMed: 24510188, 23219533",1014,K,0.1242603550295858
E9PE20,ncRNA,,very high,literature based (Gerstberger S3),Gerstberger S3 consensus RNA target: ncRNA; putative RNA target: none; PubMed: established RBP,66,L,0.12121212121212122
P07814,tRNA,,very high,literature based (Gerstberger S3),Gerstberger S3 consensus RNA target: tRNA; putative RNA target: none; PubMed: established RBP,1512,K,0.09788359788359788
Q9Y3B9,pre-rRNA,,very high,literature based (Gerstberger S3),"Gerstberger S3 consensus RNA target: pre-rRNA; putative RNA target: none; PubMed: This gene encodes a protein that co-purifies with human nucleoli. A similar protein in budding yeast is a component of pre-60S ribosomal particles, and is required for the early maturation steps of the 60S subunit. [provided by RefSeq, Jul 2008]Nucleolar protein; constituent of pre-60S ribosomal particles; required for proper processing of the 27S pre-rRNA at the A3 and B1 sites to yield mature 5.8S and 25S rRNAs (1, 2",282,K,0.13829787234042554
Q9NVH2,snRNA,,very high,literature based (Gerstberger S3),Gerstberger S3 consensus RNA target: snRNA; putative RNA target: none; PubMed: established RBP,962,L,0.12785862785862787
Q9H0U6,ribosomal protein,,very high,literature based (Gerstberger S3),Gerstberger S3 consensus RNA target: ribosomal protein; putative RNA target: none; PubMed: established RBP,180,R,0.1111111111111111
Q8WVM0,pre-rRNA,,very high,literature based (Gerstberger S3),Gerstberger S3 consensus RNA target: pre-rRNA; putative RNA target: none; PubMed: 17031457,346,L,0.11849710982658959
Q9UPN6,mRNA,,very high,literature based (Gerstberger S3),Gerstberger S3 consensus RNA target: mRNA; putative RNA target: none; PubMed: 18550522,1271,P,0.12037765538945712
Q9UGC7,mRNA,,very high,literature based (Gerstberger S3),"Gerstberger S3 consensus RNA target: mRNA; putative RNA target: none; PubMed: MTRF1L is a nuclear-encoded protein that functions as a releasing factor that recognizes termination codons and releases mitochondrial ribosomes from the synthesized protein (summary by Nozaki et al., 2008 [PubMed 18429816]).[supplied by OMIM, Nov 2010]",380,L,0.11578947368421053
P12270,mRNA,,very high,literature based (Gerstberger S3),"Gerstberger S3 consensus RNA target: mRNA; putative RNA target: none; PubMed: This gene encodes a large coiled-coil protein that forms intranuclear filaments attached to the inner surface of nuclear pore complexes (NPCs). The protein directly interacts with several components of the NPC. It is required for the nuclear export of mRNAs and some proteins. Oncogenic fusions of the 5' end of this gene with several different kinase genes occur in some neoplasias. [provided by RefSeq, Jul 2008]",2363,E,0.13753702920016928
Q5T5J6,mRNA,,very high,literature based (Gerstberger S3),"Gerstberger S3 consensus RNA target: mRNA; putative RNA target: none; PubMed: RNA endoribonuclease involved in perinuclear mRNP quality control; involved in perinuclear mRNP quality control via the turnover of aberrant, unprocessed pre-mRNAs; interacts with subunits of THO/TREX, TREX-2, and RNA polymerase II; contains a PIN (PilT N terminus) domain",900,S,0.11222222222222222
Q7Z2T5,tRNA,,very high,literature based (Gerstberger S3),"Gerstberger S3 consensus RNA target: tRNA; putative RNA target: none; PubMed: This gene encodes a protein that has some similarity to N2,N2-dimethylguanosine tRNA methyltransferase from other organisms. Studies of the mouse ortholog have shown that this protein plays a role in motor coordination and exploratory behavior, and it may also be involved in modulating postnatal neuronal functions. Alternatively spliced transcripts have been identified for this gene. [provided by RefSeq, Jan 2011]",733,A,0.08594815825375171
Q08211,ncRNA,,very high,literature based (Gerstberger S3),"Gerstberger S3 consensus RNA target: ncRNA; putative RNA target: none; PubMed: This protein localizes to both the nucleus and the cytoplasm and functions as a transcriptional regulator. This protein may also be involved in the expression and nuclear export of retroviral RNAs. Alternate splicing results in multiple transcript variants. Pseudogenes of this gene are found on chromosomes 11 and 13.[provided by RefSeq, Feb 2010]",1270,G,0.09370078740157481
Q05823,ncRNA,,very high,literature based (Gerstberger S3),"Gerstberger S3 consensus RNA target: ncRNA; putative RNA target: none; PubMed: This gene encodes a component of the interferon-regulated 2-5A system that functions in the antiviral and antiproliferative roles of interferons. Mutations in this gene have been associated with predisposition to prostate cancer and this gene is a candidate for the hereditary prostate cancer 1 (HPC1) allele. [provided by RefSeq, Jul 2008]",741,L,0.11470985155195682
Q9BWJ5,mRNA,,very high,literature based (Gerstberger S3),Gerstberger S3 consensus RNA target: mRNA; putative RNA target: none; PubMed: 15146077,86,L,0.08139534883720931
Q5TC82,mRNA,,very high,literature based (Gerstberger S3),"Gerstberger S3 consensus RNA target: mRNA; putative RNA target: none; PubMed: RC3H1, or roquin, encodes a highly conserved member of the RING type ubiquitin ligase protein family (Vinuesa et al., 2005 [PubMed 15917799]). The roquin protein is distinguished by the presence of a CCCH zinc finger found in RNA-binding proteins, and localization to cytosolic RNA granules implicated in regulating mRNA translation and stability.[supplied by OMIM, Mar 2008]",1133,P,0.11385701676963812
Q96JY0,ncRNA,,very high,literature based (Gerstberger S3),Gerstberger S3 consensus RNA target: ncRNA; putative RNA target: none; PubMed: established RBP,434,S,0.10829493087557604
Q96FB5,unknown,,very high,literature based (Gerstberger S3),Gerstberger S3 consensus RNA target: unknown; putative RNA target: none; PubMed: by domain,475,L,0.1705263157894737
Q9NR48,ncRNA,,very high,literature based (Gerstberger S3),Gerstberger S3 consensus RNA target: ncRNA; putative RNA target: none; PubMed: 22541069,2969,S,0.11316941731222634
P55265,mRNA,,very high,literature based (Gerstberger S3),"Gerstberger S3 consensus RNA target: mRNA; putative RNA target: none; PubMed: This gene encodes the enzyme responsible for RNA editing by site-specific deamination of adenosines. This enzyme destabilizes double-stranded RNA through conversion of adenosine to inosine. Mutations in this gene have been associated with dyschromatosis symmetrica hereditaria. Alternative splicing results in multiple transcript variants. [provided by RefSeq, Jul 2010]",1226,S,0.09053833605220228
Q5VZ19,unknown,,very high,literature based (Gerstberger S3),Gerstberger S3 consensus RNA target: unknown; putative RNA target: none; PubMed: established RBP,366,L,0.13387978142076504
Q9Y3Y2,mRNA,,very high,literature based (Gerstberger S3),Gerstberger S3 consensus RNA target: mRNA; putative RNA target: none; PubMed: 23299939,248,G,0.18951612903225806
Q9Y2W6,ncRNA,,very high,literature based (Gerstberger S3),Gerstberger S3 consensus RNA target: ncRNA; putative RNA target: none; PubMed: 23714778,561,L,0.0962566844919786
Q9BYD2,ribosomal protein,,very high,literature based (Gerstberger S3),Gerstberger S3 consensus RNA target: ribosomal protein; putative RNA target: none; PubMed: established RBP,267,L,0.11610486891385768
Q5JPI9,tRNA,,very high,literature based (Gerstberger S3),Gerstberger S3 consensus RNA target: tRNA; putative RNA target: none; PubMed: by homology,236,G,0.11016949152542373
Q8IV42,tRNA,,very high,literature based (Gerstberger S3),Gerstberger S3 consensus RNA target: tRNA; putative RNA target: none; PubMed: 15317934,348,L,0.11206896551724138
O60508,mRNA,,very high,literature based (Gerstberger S3),"Gerstberger S3 consensus RNA target: mRNA; putative RNA target: none; PubMed: Pre-mRNA splicing occurs in two sequential transesterification steps. The protein encoded by this gene is found to be essential for the catalytic step II in pre-mRNA splicing process. It is found in the spliceosome, and contains seven WD repeats, which function in protein-protein interactions. This protein has a sequence similarity to yeast Prp17 protein, which functions in two different cellular processes: pre-mRNA splicing and cell cycle progression. It suggests that this protein may play a role in cell cycle progression. [provided by RefSeq, Jul 2008]",579,K,0.08635578583765112
Q9H0R6,tRNA,,very high,literature based (Gerstberger S3),Gerstberger S3 consensus RNA target: tRNA; putative RNA target: none; PubMed: 19805282,528,L,0.10227272727272728
Q9BW92,tRNA,,very high,literature based (Gerstberger S3),Gerstberger S3 consensus RNA target: tRNA; putative RNA target: none; PubMed: established RBP,718,L,0.12674094707520892
Q14152,mRNA,,very high,literature based (Gerstberger S3),Gerstberger S3 consensus RNA target: mRNA; putative RNA target: none; PubMed: 23766293,1382,R,0.16280752532561504
Q71DI3,unknown,,unknown,,,136,A,0.1323529411764706
P68431,unknown,,unknown,,,136,A,0.1323529411764706
O94874,unknown,,unknown,,,794,L,0.10579345088161209
H9KV63,ncRNA,,very high,literature based (Gerstberger S3),Gerstberger S3 consensus RNA target: ncRNA; putative RNA target: none; PubMed: 22996915,1113,L,0.10062893081761007
Q99590,mRNA,,very high,literature based (Gerstberger S3),Gerstberger S3 consensus RNA target: mRNA; putative RNA target: none; PubMed: 9447963,1463,S,0.1339712918660287
Q9UNY4,mRNA,,very high,literature based (Gerstberger S3),Gerstberger S3 consensus RNA target: mRNA; putative RNA target: none; PubMed: 12927788,1162,L,0.11273666092943202
Q5T481,mRNA,,very high,literature based (Gerstberger S3),Gerstberger S3 consensus RNA target: mRNA; putative RNA target: none; PubMed: established RBP,1227,P,0.10431947840260798
Q00013,unknown,,unknown,,,466,S,0.08583690987124463
O60832,snoRNA,,very high,literature based (Gerstberger S3),Gerstberger S3 consensus RNA target: snoRNA; putative RNA target: none; PubMed: established RBP,514,K,0.12062256809338522
O75940,mRNA,,very high,literature based (Gerstberger S3),"Gerstberger S3 consensus RNA target: mRNA; putative RNA target: none; PubMed: This gene is a paralog of SMN1 gene, which encodes the survival motor neuron protein, mutations in which are cause of autosomal recessive proximal spinal muscular atrophy. The protein encoded by this gene is a nuclear protein that has been identified as a constituent of the spliceosome complex. This gene is differentially expressed, with abundant levels in skeletal muscle, and may share similar cellular function as the SMN1 gene. [provided by RefSeq, Jul 2008]",238,K,0.12605042016806722
O60506,mRNA,,very high,literature based (Gerstberger S3),Gerstberger S3 consensus RNA target: mRNA; putative RNA target: none; PubMed: established RBP,623,G,0.12199036918138041
Q9UHI6,snRNA,,very high,literature based (Gerstberger S3),"Gerstberger S3 consensus RNA target: snRNA; putative RNA target: none; PubMed: 22445758 This gene encodes a DEAD box protein, which has an ATPase activity and is a component of the survival of motor neurons (SMN) complex. This protein interacts directly with SMN, the spinal muscular atrophy gene product, and may play a catalytic role in the function of the SMN complex on RNPs. [provided by RefSeq, Jul 2008]",824,S,0.0970873786407767
Q96IP4,unknown,,very high,literature based (Gerstberger S3),Gerstberger S3 consensus RNA target: unknown; putative RNA target: none; PubMed: 19833706,442,L,0.10633484162895927
Q9H668,unknown,,very high,literature based (Gerstberger S3),"Gerstberger S3 consensus RNA target: unknown; putative RNA target: none; PubMed: by domain, OBFC1 and C17ORF68 (MIM 613129) are subunits of an alpha accessory factor (AAF) that stimulates the activity of DNA polymerase-alpha-primase (see MIM 176636), the enzyme that initiates DNA replication (Casteel et al., 2009 [PubMed 19119139]). OBFC1 also appears to function in a telomere-associated complex with C17ORF68 and TEN1 (C17ORF106; MIM 613130) (Miyake et al., 2009 [PubMed 19854130]).[supplied by OMIM, Nov 2009]",368,L,0.10869565217391304
Q14690,snoRNA,,very high,literature based (Gerstberger S3),Gerstberger S3 consensus RNA target: snoRNA; putative RNA target: none; PubMed: 19332556,1871,L,0.11598075895243186
Q5T5C7,tRNA,,very high,literature based (Gerstberger S3),Gerstberger S3 consensus RNA target: tRNA; putative RNA target: none; PubMed: established RBP,536,L,0.09514925373134328
A0A0A0MRM9,snoRNA,,very high,literature based (Gerstberger S3),Gerstberger S3 consensus RNA target: snoRNA; putative RNA target: none; PubMed: 19129172,708,S,0.16666666666666666
X6R7H2,mRNA,,very high,literature based (Gerstberger S3),Gerstberger S3 consensus RNA target: mRNA; putative RNA target: none; PubMed: by homology,631,S,0.1600633914421553
Q5VTL8,snRNA,,very high,literature based (Gerstberger S3),Gerstberger S3 consensus RNA target: snRNA; putative RNA target: none; PubMed: Unique component of the U4/U6.U5 tri-snRNP particle; tri-snRNP is required for conformational changes which result in the catalytic activation of the spliceosome; dispensable for spliceosome assembly,546,R,0.16483516483516483
Q5T8I9,ncRNA,,very high,literature based (Gerstberger S3),Gerstberger S3 consensus RNA target: ncRNA; putative RNA target: none; PubMed: 17604629,393,L,0.10178117048346055
O75607,pre-rRNA,,very high,literature based (Gerstberger S3),Gerstberger S3 consensus RNA target: pre-rRNA; putative RNA target: none; PubMed: 15596447,178,E,0.12359550561797752
O00442,tRNA,,very high,literature based (Gerstberger S3),Gerstberger S3 consensus RNA target: tRNA; putative RNA target: none; PubMed: 19690099,366,G,0.10655737704918032
Q9NUP7,tRNA,,very high,literature based (Gerstberger S3),Gerstberger S3 consensus RNA target: tRNA; putative RNA target: none; PubMed: 2'-O-methyltransferase; responsible for modification of tRNA at position 4; C-terminal domain has similarity to Rossmann-fold (RFM) superfamily of RNA methyltransferases,481,L,0.10395010395010396
Q9UKA9,mRNA,,very high,literature based (Gerstberger S3),Gerstberger S3 consensus RNA target: mRNA; putative RNA target: none; PubMed: established RBP,531,L,0.10734463276836158
Q8N983,ribosomal protein,,very high,literature based (Gerstberger S3),Gerstberger S3 consensus RNA target: ribosomal protein; putative RNA target: none; PubMed: established RBP,215,P,0.10232558139534884
Q9Y2Z2,tRNA,,very high,literature based (Gerstberger S3),"Gerstberger S3 consensus RNA target: tRNA; putative RNA target: none; PubMed: This gene encodes a mitochondrial protein thought to be involved in mitochondrial tRNA modification. The encoded protein may also play a role in the expression of the non-syndromic and aminoglycoside-induced deafness phenotypes associated with a specific mutation in the mitochondrial 12S rRNA gene. Multiple transcript variants encoding different isoforms have been found for this gene. [provided by RefSeq, Jul 2008]",717,L,0.11297071129707113
P46777,ribosomal protein,,very high,literature based (Gerstberger S3),Gerstberger S3 consensus RNA target: ribosomal protein; putative RNA target: none; PubMed: established RBP,297,K,0.11784511784511785
Q9NXZ2,mRNA,,very high,literature based (Gerstberger S3),Gerstberger S3 consensus RNA target: mRNA; putative RNA target: none; PubMed: yeast homolog DBP2,648,L,0.07407407407407407
Q4VXA5,mRNA,,very high,literature based (Gerstberger S3),Gerstberger S3 consensus RNA target: mRNA; putative RNA target: none; PubMed: 22731819,237,L,0.10970464135021098
Q5JSQ8,mRNA,,very high,literature based (Gerstberger S3),Gerstberger S3 consensus RNA target: mRNA; putative RNA target: none; PubMed: by homology,128,L,0.125
A2PYH4,unknown,,unknown,,,1435,L,0.09337979094076655
Q06787,mRNA,,very high,literature based (Gerstberger S3),Gerstberger S3 consensus RNA target: mRNA; putative RNA target: none; PubMed: established RBP,632,E,0.08702531645569621
Q9H9Y2,pre-rRNA,,very high,literature based (Gerstberger S3),"Gerstberger S3 consensus RNA target: pre-rRNA; putative RNA target: none; PubMed: RPF1 yeast homolog , 11864606",349,K,0.10315186246418338
Q5JSJ4,mRNA,,very high,literature based (Gerstberger S3),Gerstberger S3 consensus RNA target: mRNA; putative RNA target: none; PubMed: by homology,861,L,0.1173054587688734
Q9NUK0,mRNA,,very high,literature based (Gerstberger S3),Gerstberger S3 consensus RNA target: mRNA; putative RNA target: none; PubMed: established RBP,354,A,0.11299435028248588
Q6IPR3,tRNA,,very high,literature based (Gerstberger S3),"Gerstberger S3 consensus RNA target: tRNA; putative RNA target: none; PubMed: Wybutosine (yW) is a hypermodified guanosine found in phenylalanine tRNA adjacent to the anticodon that stabilizes codon-anticodon interactions in the ribosome. In yeast, the homolog of this gene is essential for the synthesis of wybutosine. [provided by RefSeq, Dec 2012]  17150819",259,L,0.10038610038610038
Q16206,mRNA,,very high,literature based (Gerstberger S3),Gerstberger S3 consensus RNA target: mRNA; putative RNA target: none; PubMed: by domain,610,E,0.11147540983606558
Q8NC51,mRNA,,very high,literature based (Gerstberger S3),Gerstberger S3 consensus RNA target: mRNA; putative RNA target: none; PubMed: established RBP,408,G,0.13725490196078433
Q7L3T8,tRNA,,very high,literature based (Gerstberger S3),Gerstberger S3 consensus RNA target: tRNA; putative RNA target: none; PubMed: established RBP,475,L,0.12631578947368421
Q9ULC4,unknown,,very high,literature based (Gerstberger S3),Gerstberger S3 consensus RNA target: unknown; putative RNA target: none; PubMed: by domain,181,K,0.10497237569060773
O15541,snRNA,,very high,literature based (Gerstberger S3),"Gerstberger S3 consensus RNA target: snRNA; putative RNA target: none; PubMed: by homology, 11884590, Cwc24",343,E,0.10495626822157435
Q8IXM3,ribosomal protein,,very high,literature based (Gerstberger S3),Gerstberger S3 consensus RNA target: ribosomal protein; putative RNA target: none; PubMed: established RBP,137,G,0.0948905109489051
P61326,mRNA,,very high,literature based (Gerstberger S3),Gerstberger S3 consensus RNA target: mRNA; putative RNA target: none; PubMed: established RBP,146,E,0.08904109589041095
Q99459,mRNA,,very high,literature based (Gerstberger S3),"Gerstberger S3 consensus RNA target: mRNA; putative RNA target: none; PubMed: The protein encoded by this gene shares a significant similarity with Schizosaccharomyces pombe cdc5 gene product, which is a cell cycle regulator important for G2/M transition. This protein has been demonstrated to act as a positive regulator of cell cycle G2/M progression. It was also found to be an essential component of a non-snRNA spliceosome, which contains at least five additional protein factors and is required for the second catalytic step of pre-mRNA splicing. [provided by RefSeq, Jul 2008]",802,E,0.11346633416458853
Q9Y399,ribosomal protein,,very high,literature based (Gerstberger S3),Gerstberger S3 consensus RNA target: ribosomal protein; putative RNA target: none; PubMed: established RBP,296,L,0.10810810810810811
Q13325,tRNA,,very high,literature based (Gerstberger S3),Gerstberger S3 consensus RNA target: tRNA; putative RNA target: none; PubMed: 23317505,482,L,0.12033195020746888
P09914,ncRNA,,very high,literature based (Gerstberger S3),Gerstberger S3 consensus RNA target: ncRNA; putative RNA target: none; PubMed: 21642987,478,L,0.1192468619246862
Q5T764,ncRNA,,very high,literature based (Gerstberger S3),Gerstberger S3 consensus RNA target: ncRNA; putative RNA target: none; PubMed: 24371270,474,L,0.11392405063291139
O14879,ncRNA,,very high,literature based (Gerstberger S3),Gerstberger S3 consensus RNA target: ncRNA; putative RNA target: none; PubMed: by homology,490,L,0.11224489795918367
P09913,ncRNA,,very high,literature based (Gerstberger S3),Gerstberger S3 consensus RNA target: ncRNA; putative RNA target: none; PubMed: 22825553,472,L,0.11652542372881355
O95793,mRNA,,very high,literature based (Gerstberger S3),Gerstberger S3 consensus RNA target: mRNA; putative RNA target: none; PubMed: established RBP,577,P,0.09012131715771231
Q9GZR2,pre-rRNA,,very high,literature based (Gerstberger S3),Gerstberger S3 consensus RNA target: pre-rRNA; putative RNA target: none; PubMed: Rex4p yeast homolog,422,K,0.13744075829383887
Q6P1L8,ribosomal protein,,very high,literature based (Gerstberger S3),Gerstberger S3 consensus RNA target: ribosomal protein; putative RNA target: none; PubMed: established RBP,145,V,0.09655172413793103
Q96GM8,unknown,,very high,literature based (Gerstberger S3),Gerstberger S3 consensus RNA target: unknown; putative RNA target: none; PubMed: by domain,510,A,0.09019607843137255
Q9NPJ8,mRNA,,very high,literature based (Gerstberger S3),"Gerstberger S3 consensus RNA target: mRNA; putative RNA target: none; PubMed: The protein encoded by this gene contains a nuclear transport factor 2 (NTF2) domain, which plays an important role in the trafficking of macromolecules, ions, and small molecules between the cytoplasm and nucleus. This protein may also have a role in mRNA nuclear export. Alternatively spliced transcript variants encoding different isoforms have been noted for this gene. [provided by RefSeq, Jun 2011]",142,T,0.09859154929577464
Q9NVS2,ribosomal protein,,very high,literature based (Gerstberger S3),Gerstberger S3 consensus RNA target: ribosomal protein; putative RNA target: none; PubMed: established RBP,196,L,0.10714285714285714
Q8N2G6,unknown,,very high,literature based (Gerstberger S3),Gerstberger S3 consensus RNA target: unknown; putative RNA target: none; PubMed: established RBP,241,L,0.0995850622406639
O94829,mRNA,,very high,literature based (Gerstberger S3),"Gerstberger S3 consensus RNA target: mRNA; putative RNA target: none; PubMed: This gene encodes a member of the importin-beta family of nuclear transport proteins. The encoded protein mediates the import of specific cargo proteins from the cytoplasm to the nucleus and is dependent on the Ras-related nuclear protein-GTPase system. The encoded protein is also involved in nuclear export of the eukaryotic translation initiation factor 1A.[provided by RefSeq, Mar 2009]",963,L,0.14018691588785046
A3KFL2,diverse,,very high,literature based (Gerstberger S3),Gerstberger S3 consensus RNA target: diverse; putative RNA target: none; PubMed: established RBP,285,L,0.10877192982456141
Q96IZ5,mRNA,,very high,literature based (Gerstberger S3),Gerstberger S3 consensus RNA target: mRNA; putative RNA target: none; PubMed: by homology,413,E,0.10411622276029056
Q9BR11,unknown,,unknown,,,485,L,0.1360824742268041
P67809,mRNA,,very high,literature based (Gerstberger S3),Gerstberger S3 consensus RNA target: mRNA; putative RNA target: none; PubMed: established RBP,324,G,0.12037037037037036
Q14249,diverse,,very high,literature based (Gerstberger S3),Gerstberger S3 consensus RNA target: diverse; putative RNA target: none; PubMed: established RBP,297,A,0.12121212121212122
Q9H3H1,tRNA,,very high,literature based (Gerstberger S3),Gerstberger S3 consensus RNA target: tRNA; putative RNA target: none; PubMed: 24126054,467,L,0.1006423982869379
Q9UNP9,mRNA,,very high,literature based (Gerstberger S3),"Gerstberger S3 consensus RNA target: mRNA; putative RNA target: none; PubMed: The protein encoded by this gene is a member of the peptidyl-prolyl cis-trans isomerase (PPIase) family. PPIases catalyze the cis-trans isomerization of proline imidic peptide bonds in oligopeptides and accelerate the folding of proteins. This protein contains a highly conserved cyclophilin (CYP) domain as well as an RNA-binding domain. It was shown to possess PPIase and protein folding activities, and it also exhibits RNA-binding activity. Alternative splicing results in multiple transcript variants. A related pseudogene, which is also located on chromosome 1, has been identified. [provided by RefSeq, Aug 2010]",301,G,0.09966777408637874
P55795,mRNA,,very high,literature based (Gerstberger S3),Gerstberger S3 consensus RNA target: mRNA; putative RNA target: none; PubMed: established RBP,449,G,0.1447661469933185
Q9BTM9,tRNA,,very high,literature based (Gerstberger S3),Gerstberger S3 consensus RNA target: tRNA; putative RNA target: none; PubMed: 19017811,101,L,0.16831683168316833
Q13310,mRNA,,very high,literature based (Gerstberger S3),"Gerstberger S3 consensus RNA target: mRNA; putative RNA target: none; PubMed: PABPC4 contains 4 RNA-binding domains and proline-rich C terminus. PABPC4 is localized primarily to the cytoplasm. It is suggested that PABPC4 might be necessary for regulation of stability of labile mRNA species in activated T cells. PABPC4 was also identified as an antigen, APP1 (activated-platelet protein-1), expressed on thrombin-activated rabbit platelets. PABPC4 may also be involved in the regulation of protein translation in platelets and megakaryocytes or may participate in the binding or stabilization of polyadenylates in platelet dense granules. Alternatively spliced transcript variants encoding different isoforms have been found for this gene. [provided by RefSeq, Oct 2008]",644,A,0.11335403726708075
Q96GJ1,tRNA,,very high,literature based (Gerstberger S3),"Gerstberger S3 consensus RNA target: tRNA; putative RNA target: none; PubMed: This gene encodes a homolog of the TRM2 gene in S. cerevisiae. The yeast gene encodes a tRNA methyltransferase that plays a role in tRNA maturation. The yeast protein also has endo-exonuclease activity and may be involved in DNA double strand break repair. Alternative splicing results in multiple transcripts encoding different isoforms. [provided by RefSeq, Nov 2009]",504,L,0.11507936507936507
A6ND22,ribosomal protein,,very high,literature based (Gerstberger S3),Gerstberger S3 consensus RNA target: ribosomal protein; putative RNA target: none; PubMed: established RBP,99,L,0.15151515151515152
Q9Y3A2,snoRNA,,very high,literature based (Gerstberger S3),Gerstberger S3 consensus RNA target: snoRNA; putative RNA target: none; PubMed: established RBP,253,K,0.17391304347826086
Q12874,snRNA,,very high,literature based (Gerstberger S3),"Gerstberger S3 consensus RNA target: snRNA; putative RNA target: none; PubMed: This gene encodes subunit 3 of the splicing factor 3a protein complex. The splicing factor 3a heterotrimer includes subunits 1, 2 and 3 and is necessary for the in vitro conversion of 15S U2 snRNP into an active 17S particle that performs pre-mRNA splicing. Subunit 3 interacts with subunit 1 through its amino-terminus while the zinc finger domain of subunit 3 plays a role in its binding to the 15S U2 snRNP. This gene has a pseudogene on chromosome 20. [provided by RefSeq, Jul 2008]",501,E,0.1317365269461078
Q86U90,tRNA,,very high,literature based (Gerstberger S3),Gerstberger S3 consensus RNA target: tRNA; putative RNA target: none; PubMed: 23258706,279,A,0.13620071684587814
Q13823,pre-rRNA,,very high,literature based (Gerstberger S3),Gerstberger S3 consensus RNA target: pre-rRNA; putative RNA target: none; PubMed: NOG2 yeast homolog,731,K,0.1094391244870041
Q5D1E8,ncRNA,,very high,literature based (Gerstberger S3),Gerstberger S3 consensus RNA target: ncRNA; putative RNA target: none; PubMed: 23355615,599,P,0.11686143572621036
P82914,ribosomal protein,,very high,literature based (Gerstberger S3),Gerstberger S3 consensus RNA target: ribosomal protein; putative RNA target: none; PubMed: established RBP,257,K,0.12062256809338522
Q9H9G7,ncRNA,,very high,literature based (Gerstberger S3),Gerstberger S3 consensus RNA target: ncRNA; putative RNA target: none; PubMed: established RBP,860,V,0.08837209302325581
Q9UL18,ncRNA,,very high,literature based (Gerstberger S3),Gerstberger S3 consensus RNA target: ncRNA; putative RNA target: none; PubMed: established RBP,857,V,0.08284714119019837
Q9HCK5,ncRNA,,very high,literature based (Gerstberger S3),Gerstberger S3 consensus RNA target: ncRNA; putative RNA target: none; PubMed: established RBP,861,V,0.08943089430894309
Q8TD26,mRNA,,medium,UniProt annotation/metadata,subcellular_location: mRNA,2715,E,0.09429097605893186
P50750,ncRNA,,very high,literature based (Gerstberger S3),"Gerstberger S3 consensus RNA target: ncRNA; putative RNA target: none; PubMed: The protein encoded by this gene is a member of the cyclin-dependent protein kinase (CDK) family. CDK family members are highly similar to the gene products of S. cerevisiae cdc28, and S. pombe cdc2, and known as important cell cycle regulators. This kinase was found to be a component of the multiprotein complex TAK/P-TEFb, which is an elongation factor for RNA polymerase II-directed transcription and functions by phosphorylating the C-terminal domain of the largest subunit of RNA polymerase II. This protein forms a complex with and is regulated by its regulatory subunit cyclin T or cyclin K. HIV-1 Tat protein was found to interact with this protein and cyclin T, which suggested a possible involvement of this protein in AIDS. [provided by RefSeq, Jul 2008]",372,L,0.12096774193548387
P46100,unknown,,unknown,,,2492,K,0.11797752808988764
P54577,tRNA,,very high,literature based (Gerstberger S3),Gerstberger S3 consensus RNA target: tRNA; putative RNA target: none; PubMed: established RBP,528,K,0.11553030303030302
Q9BQ39,pre-rRNA,,very high,literature based (Gerstberger S3),"Gerstberger S3 consensus RNA target: pre-rRNA; putative RNA target: none; PubMed: This gene encodes a DEAD box enzyme that may be involved in ribosomal RNA synthesis or processing. This gene and DDX21, also called RH-II/GuA, have similar genomic structures and are in tandem orientation on chromosome 10, suggesting that the two genes arose by gene duplication in evolution. This gene has pseudogenes on chromosomes 2, 3 and 4. Alternative splicing of this gene generates multiple transcript variants, but the full length nature of all the other variants but one has not been defined. [provided by RefSeq, Jul 2008]",737,S,0.10719131614654002
A0A7P0MRT9,mRNA,,very high,literature based (Gerstberger S3),Gerstberger S3 consensus RNA target: mRNA; putative RNA target: none; PubMed: 19059401,323,G,0.08668730650154799
P62701,ribosomal protein,,very high,literature based (Gerstberger S3),Gerstberger S3 consensus RNA target: ribosomal protein; putative RNA target: none; PubMed: established RBP,263,K,0.10266159695817491
Q9Y237,pre-rRNA,,very high,literature based (Gerstberger S3),Gerstberger S3 consensus RNA target: pre-rRNA; putative RNA target: none; PubMed: 19369196,131,G,0.16030534351145037
Q08170,mRNA,,very high,literature based (Gerstberger S3),Gerstberger S3 consensus RNA target: mRNA; putative RNA target: none; PubMed: established RBP,494,S,0.2408906882591093
Q9NX07,tRNA,,very high,literature based (Gerstberger S3),Gerstberger S3 consensus RNA target: tRNA; putative RNA target: none; PubMed: 10606267,287,Y,0.08710801393728224
Q9H694,mRNA,,very high,literature based (Gerstberger S3),Gerstberger S3 consensus RNA target: mRNA; putative RNA target: none; PubMed: established RBP,974,S,0.12628336755646818
P62906,ribosomal protein,,very high,literature based (Gerstberger S3),Gerstberger S3 consensus RNA target: ribosomal protein; putative RNA target: none; PubMed: established RBP,217,K,0.14285714285714285
O43172,snRNA,,very high,literature based (Gerstberger S3),"Gerstberger S3 consensus RNA target: snRNA; putative RNA target: none; PubMed: Splicing factor; component of the U4/U6-U5 snRNP complex, yeast homolog PRP4",522,L,0.09195402298850575
P56537,mRNA,,very high,literature based (Gerstberger S3),"Gerstberger S3 consensus RNA target: mRNA; putative RNA target: none; PubMed: The encoded protein, which is insoluble and found both in the nucleus and in the cytoplasm, can function as a translation initiation factor and prevent the association of the 40S and 60S ribosomal subunits. Multiple non-protein coding transcript variants and variants encoding two different isoforms have been found for this gene. [provided by RefSeq, Jun 2012]",245,V,0.11836734693877551
Q14692,pre-rRNA,,very high,literature based (Gerstberger S3),Gerstberger S3 consensus RNA target: pre-rRNA; putative RNA target: none; PubMed: established RBP,1282,K,0.1029641185647426
O43390,mRNA,,very high,literature based (Gerstberger S3),Gerstberger S3 consensus RNA target: mRNA; putative RNA target: none; PubMed: established RBP,633,G,0.12164296998420221
O15213,snoRNA,,very high,literature based (Gerstberger S3),Gerstberger S3 consensus RNA target: snoRNA; putative RNA target: none; PubMed: UTP7 yeast homolog,610,L,0.09508196721311475
P20042,tRNA,,very high,literature based (Gerstberger S3),"Gerstberger S3 consensus RNA target: tRNA; putative RNA target: none; PubMed: The translation initiation factor EIF2 catalyzes the first regulated step of protein synthesis initiation, promoting the binding of the initiator tRNA to 40S ribosomal subunits. Binding occurs as a ternary complex of methionyl-tRNA, EIF2, and GTP. EIF2 is composed of 3 nonidentical subunits, the 36-kD EIF2-alpha subunit (EIF2S1), the 38-kD EIF2-beta subunit (EIF2S2; MIM 603908), and the 52-kD EIF2-gamma subunit (EIF2S3; MIM 300161). The rate of formation of the ternary complex is modulated by the phosphorylation state of EIF2-alpha (Ernst et al., 1987 [PubMed 2948954]).[supplied by OMIM, Feb 2010]",333,K,0.14114114114114115
Q09161,mRNA,,very high,literature based (Gerstberger S3),"Gerstberger S3 consensus RNA target: mRNA; putative RNA target: none; PubMed: The product of this gene is a component of the nuclear cap-binding protein complex (CBC), which binds to the monomethylated 5' cap of nascent pre-mRNA in the nucleoplasm. The encoded protein promotes high-affinity mRNA-cap binding and associates with the CTD of RNA polymerase II. The CBC promotes pre-mRNA splicing, 3'-end processing, RNA nuclear export, and nonsense-mediated mRNA decay. [provided by RefSeq, Jul 2008]",790,L,0.11012658227848102
Q969E8,pre-rRNA,,very high,literature based (Gerstberger S3),Gerstberger S3 consensus RNA target: pre-rRNA; putative RNA target: none; PubMed: by homology,191,A,0.1256544502617801
Q9UKD2,mRNA,,very high,literature based (Gerstberger S3),"Gerstberger S3 consensus RNA target: mRNA; putative RNA target: none; PubMed: This gene encodes a protein sharing a low level of sequence similarity with ribosomal protein P0. While the precise function of the encoded protein is currently unknown, it appears to be involved in mRNA turnover and ribosome assembly. [provided by RefSeq, Jul 2008]",239,K,0.10460251046025104
Q9NX05,unknown,,very high,literature based (Gerstberger S3),Gerstberger S3 consensus RNA target: unknown; putative RNA target: none; PubMed: established RBP,1096,L,0.10766423357664233
Q5JVS0,mRNA,,very high,literature based (Gerstberger S3),Gerstberger S3 consensus RNA target: mRNA; putative RNA target: none; PubMed: 20436279,413,R,0.12832929782082325
Q6BEB4,unknown,,unknown,,,398,A,0.15829145728643215
Q9H1J1,mRNA,,very high,literature based (Gerstberger S3),"Gerstberger S3 consensus RNA target: mRNA; putative RNA target: none; PubMed: This gene encodes a protein that is part of a post-splicing multiprotein complex involved in both mRNA nuclear export and mRNA surveillance. The encoded protein is one of two functional homologs to yeast Upf3p. mRNA surveillance detects exported mRNAs with truncated open reading frames and initiates nonsense-mediated mRNA decay (NMD). When translation ends upstream from the last exon-exon junction, this triggers NMD to degrade mRNAs containing premature stop codons. This protein binds to the mRNA and remains bound after nuclear export, acting as a nucleocytoplasmic shuttling protein. It forms with Y14 a complex that binds specifically 20 nt upstream of exon-exon junctions. This gene is located on the long arm of chromosome 13. Two splice variants encoding different isoforms have been found for this gene. [provided by RefSeq, Jul 2008]",476,E,0.14915966386554622
J3KPD3,mRNA,,very high,literature based (Gerstberger S3),Gerstberger S3 consensus RNA target: mRNA; putative RNA target: none; PubMed: 21855801,267,S,0.15355805243445692
Q13825,mRNA,,very high,literature based (Gerstberger S3),Gerstberger S3 consensus RNA target: mRNA; putative RNA target: none; PubMed: established RBP,339,A,0.15339233038348082
Q96T58,mRNA,,very high,literature based (Gerstberger S3),Gerstberger S3 consensus RNA target: mRNA; putative RNA target: none; PubMed: 21637295,3664,S,0.10780567685589519
Q96T21,mRNA,,very high,literature based (Gerstberger S3),"Gerstberger S3 consensus RNA target: mRNA; putative RNA target: none; PubMed: The incorporation of selenocysteine into a protein requires the concerted action of an mRNA element called a sec insertion sequence (SECIS), a selenocysteine-specific translation elongation factor and a SECIS binding protein. With these elements in place, a UGA codon can be decoded as selenocysteine. The gene described in this record encodes a nuclear protein that functions as a SECIS binding protein. Mutations in this gene have been associated with a reduction in activity of a specific thyroxine deiodinase, a selenocysteine-containing enzyme, and abnormal thyroid hormone metabolism. Alternate splicing results in multiple transcript variants. [provided by RefSeq, Sep 2013]",854,S,0.10187353629976581
Q5VYS8,ncRNA,,very high,literature based (Gerstberger S3),Gerstberger S3 consensus RNA target: ncRNA; putative RNA target: none; PubMed: 22898984,1495,E,0.09230769230769231
O60812,mRNA,,very high,literature based (Gerstberger S3),Gerstberger S3 consensus RNA target: mRNA; putative RNA target: none; PubMed: established RBP,293,S,0.10580204778156997
P61978,mRNA,,very high,literature based (Gerstberger S3),Gerstberger S3 consensus RNA target: mRNA; putative RNA target: none; PubMed: established RBP,463,G,0.12095032397408208
P98179,mRNA,,very high,literature based (Gerstberger S3),Gerstberger S3 consensus RNA target: mRNA; putative RNA target: none; PubMed: established RBP,157,G,0.20382165605095542
P05388,ribosomal protein,,very high,literature based (Gerstberger S3),Gerstberger S3 consensus RNA target: ribosomal protein; putative RNA target: none; PubMed: established RBP,317,A,0.11987381703470032
Q8TEA1,unknown,,very high,literature based (Gerstberger S3),Gerstberger S3 consensus RNA target: unknown; putative RNA target: none; PubMed: established RBP,469,L,0.11940298507462686
Q9H4T2,unknown,,unknown,,,348,E,0.10344827586206896
P22314,mRNA,,very high,literature based (Gerstberger S3),"Gerstberger S3 consensus RNA target: mRNA; putative RNA target: none; PubMed: 22681889, 22658674, 23912277",1058,L,0.10113421550094517
Q5SY16,pre-rRNA,,very high,literature based (Gerstberger S3),Gerstberger S3 consensus RNA target: pre-rRNA; putative RNA target: none; PubMed: 21063389,702,L,0.11538461538461539
Q6PF06,tRNA,,very high,literature based (Gerstberger S3),Gerstberger S3 consensus RNA target: tRNA; putative RNA target: none; PubMed: by homology,316,L,0.10759493670886076
P68431,unknown,,unknown,,,136,A,0.1323529411764706
Q9Y2L1,diverse,,very high,literature based (Gerstberger S3),Gerstberger S3 consensus RNA target: diverse; putative RNA target: none; PubMed: established RBP,958,L,0.09498956158663883
Q9GZS1,pre-rRNA,,very high,literature based (Gerstberger S3),Gerstberger S3 consensus RNA target: pre-rRNA; putative RNA target: none; PubMed: Pol I complex,419,L,0.10739856801909307
O14717,tRNA,,very high,literature based (Gerstberger S3),Gerstberger S3 consensus RNA target: tRNA; putative RNA target: none; PubMed: established RBP,391,L,0.1329923273657289
Q9P2E9,mRNA,,very high,literature based (Gerstberger S3),Gerstberger S3 consensus RNA target: mRNA; putative RNA target: none; PubMed: 23318453,1410,A,0.12907801418439716
Q5VUC9,ncRNA,,very high,literature based (Gerstberger S3),Gerstberger S3 consensus RNA target: ncRNA; putative RNA target: none; PubMed: 11455963,145,K,0.11724137931034483
Q8N1G4,unknown,,very high,literature based (Gerstberger S3),Gerstberger S3 consensus RNA target: unknown; putative RNA target: none; PubMed: established RBP,583,L,0.16123499142367068
Q99633,mRNA,,very high,literature based (Gerstberger S3),"Gerstberger S3 consensus RNA target: mRNA; putative RNA target: none; PubMed: Pre-mRNA splicing occurs in 2 sequential transesterification steps. The protein encoded by this gene is found to be essential for the catalytic step II in pre-mRNA splicing process. It is found in the spliceosome, and contains seven WD repeats, which function in protein-protein interactions. This protein has a sequence similarity to the yeast splicing factor Prp18. [provided by RefSeq, Jul 2008]",342,L,0.11403508771929824
O60293,unknown,,very high,literature based (Gerstberger S3),Gerstberger S3 consensus RNA target: unknown; putative RNA target: none; PubMed: established RBP,1989,L,0.10558069381598793
P51843,mRNA,,very high,literature based (Gerstberger S3),Gerstberger S3 consensus RNA target: mRNA; putative RNA target: none; PubMed: 10848616,470,L,0.1148936170212766
Q8WU68,mRNA,,very high,literature based (Gerstberger S3),Gerstberger S3 consensus RNA target: mRNA; putative RNA target: none; PubMed: established RBP,220,R,0.1
Q8N0Z8,tRNA,,very high,literature based (Gerstberger S3),Gerstberger S3 consensus RNA target: tRNA; putative RNA target: none; PubMed: by homology,303,A,0.1188118811881188
Q9BX46,mRNA,,very high,literature based (Gerstberger S3),Gerstberger S3 consensus RNA target: mRNA; putative RNA target: none; PubMed: 24356969,236,A,0.2330508474576271
Q9UHK0,snoRNA,,very high,literature based (Gerstberger S3),Gerstberger S3 consensus RNA target: snoRNA; putative RNA target: none; PubMed: 17636026,495,P,0.10707070707070707
Q5T6F2,mRNA,,very high,literature based (Gerstberger S3),"Gerstberger S3 consensus RNA target: mRNA; putative RNA target: none; PubMed: 22658674, 22681889, 23912277, RGG rich",1119,S,0.1644325290437891
Q86TM3,mRNA,,very high,literature based (Gerstberger S3),Gerstberger S3 consensus RNA target: mRNA; putative RNA target: none; PubMed: yeast homolog DBP2,631,I,0.08399366085578447
A0A0C4DFX0,pre-rRNA,,very high,literature based (Gerstberger S3),"Gerstberger S3 consensus RNA target: pre-rRNA; putative RNA target: none; PubMed: The nucleolus is a dense subnuclear membraneless organelle that assembles around clusters of rRNA genes and functions in ribosome biogenesis. This gene encodes a nucleolar RNA-associated protein that is highly conserved between species. RNase treatment of permeabilized cells indicates that the nucleolar localization is RNA dependent. Further studies suggest that the protein is associated with ribosome biogenesis through an interaction with pre-rRNA primary transcripts. Alternative splicing has been observed at this locus and two splice variants encoding distinct isoforms have been identified. [provided by RefSeq, Jul 2008]",200,L,0.115
Q12986,mRNA,,very high,literature based (Gerstberger S3),Gerstberger S3 consensus RNA target: mRNA; putative RNA target: none; PubMed: 19369336,1120,S,0.09107142857142857
O60870,snRNA,,very high,literature based (Gerstberger S3),"Gerstberger S3 consensus RNA target: snRNA; putative RNA target: none; PubMed: 12411573 , 17045609",393,K,0.12213740458015267
P47813,mRNA,,very high,literature based (Gerstberger S3),Gerstberger S3 consensus RNA target: mRNA; putative RNA target: none; PubMed: 10678173,144,D,0.13194444444444445
O43324,tRNA,,very high,literature based (Gerstberger S3),"Gerstberger S3 consensus RNA target: tRNA; putative RNA target: none; PubMed: This gene encodes a multifunctional protein that localizes to both the cytoplasm and nucleus. In the cytoplasm, the encoded protein is an auxiliary component of the macromolecular aminoacyl-tRNA synthase complex. However, its mouse homolog has been shown to translocate to the nucleus in response to DNA damage, and it plays a positive role in ATM/ATR-mediated p53 activation. Alternative splicing results in multiple transcript variants. Read-through transcription also exists between this gene and the neighboring downstream MUTED (muted homolog) gene. An EEF1E1-related pseudogene has been identified on chromosome 2. [provided by RefSeq, Dec 2010]",174,L,0.14367816091954022
O95373,mRNA,,very high,literature based (Gerstberger S3),Gerstberger S3 consensus RNA target: mRNA; putative RNA target: none; PubMed: 9214382,1038,L,0.11271676300578035
A0A0A0MRW7,diverse,,very high,literature based (Gerstberger S3),Gerstberger S3 consensus RNA target: diverse; putative RNA target: none; PubMed: 24362567,336,V,0.10119047619047619
O15198,ncRNA,,very high,literature based (Gerstberger S3),Gerstberger S3 consensus RNA target: ncRNA; putative RNA target: none; PubMed: 20705240,467,S,0.11134903640256959
Q9BRS2,pre-rRNA,,very high,literature based (Gerstberger S3),Gerstberger S3 consensus RNA target: pre-rRNA; putative RNA target: none; PubMed: 22072790,568,K,0.10035211267605634
O95786,ncRNA,,very high,literature based (Gerstberger S3),"Gerstberger S3 consensus RNA target: ncRNA; putative RNA target: none; PubMed: RIG-I, established RBP",925,L,0.09405405405405405
Q96I25,mRNA,,very high,literature based (Gerstberger S3),"Gerstberger S3 consensus RNA target: mRNA; putative RNA target: none; PubMed: This gene encodes an RNA binding protein. The encoded protein is part of the spliceosome complex and functions in the second catalytic step of mRNA splicing. Alternatively spliced transcript variants have been described. Related pseudogenes exist on chromosomes 9 and 15. [provided by RefSeq, Mar 2009]",401,E,0.10473815461346633
Q12926,mRNA,,very high,literature based (Gerstberger S3),Gerstberger S3 consensus RNA target: mRNA; putative RNA target: none; PubMed: established RBP,359,N,0.08356545961002786
Q8N567,unknown,,very high,literature based (Gerstberger S3),Gerstberger S3 consensus RNA target: unknown; putative RNA target: none; PubMed: established RBP,271,K,0.12177121771217712
Q7L8L6,mRNA,,very high,literature based (Gerstberger S3),Gerstberger S3 consensus RNA target: mRNA; putative RNA target: none; PubMed: 15501674,764,L,0.14397905759162305
Q01081,mRNA,,very high,literature based (Gerstberger S3),Gerstberger S3 consensus RNA target: mRNA; putative RNA target: none; PubMed: binds polypyrimidine tracts in introns,240,R,0.15
Q9BYN8,ribosomal protein,,very high,literature based (Gerstberger S3),Gerstberger S3 consensus RNA target: ribosomal protein; putative RNA target: none; PubMed: established RBP,205,R,0.16097560975609757
P62753,ribosomal protein,,very high,literature based (Gerstberger S3),Gerstberger S3 consensus RNA target: ribosomal protein; putative RNA target: none; PubMed: established RBP,249,K,0.14457831325301204
Q9H5H4,unknown,,very high,literature based (Gerstberger S3),Gerstberger S3 consensus RNA target: unknown; putative RNA target: none; PubMed: established RBP,540,S,0.12407407407407407
Q9NWH9,mRNA,,very high,literature based (Gerstberger S3),"Gerstberger S3 consensus RNA target: mRNA; putative RNA target: none; PubMed: 22658674, 22681889, 17630952",1034,E,0.13249516441005801
Q9NWZ8,snRNA,,very high,literature based (Gerstberger S3),Gerstberger S3 consensus RNA target: snRNA; putative RNA target: none; PubMed: established RBP,242,A,0.10743801652892562
Q8WV60,mRNA,,very high,literature based (Gerstberger S3),Gerstberger S3 consensus RNA target: mRNA; putative RNA target: none; PubMed: 18729827,388,L,0.13659793814432988
Q9NYK1,ncRNA,,very high,literature based (Gerstberger S3),Gerstberger S3 consensus RNA target: ncRNA; putative RNA target: none; PubMed: 16111635,1049,L,0.1563393708293613
O75475,mRNA,,very high,literature based (Gerstberger S3),Gerstberger S3 consensus RNA target: mRNA; putative RNA target: none; PubMed: 22615581,530,K,0.15849056603773584
Q16637,snRNA,,very high,literature based (Gerstberger S3),Gerstberger S3 consensus RNA target: snRNA; putative RNA target: none; PubMed: established RBP,294,P,0.1326530612244898
Q16594,snoRNA,,very high,literature based (Gerstberger S3),Gerstberger S3 consensus RNA target: snoRNA; putative RNA target: none; PubMed: 17636026,264,S,0.10606060606060606
J3KPI1,mRNA,,very high,literature based (Gerstberger S3),"Gerstberger S3 consensus RNA target: mRNA; putative RNA target: none; PubMed: 22530054, 22530054",630,S,0.1111111111111111
Q58A45,mRNA,,very high,literature based (Gerstberger S3),Gerstberger S3 consensus RNA target: mRNA; putative RNA target: none; PubMed: established RBP,887,L,0.0935738444193912
O75648,tRNA,,very high,literature based (Gerstberger S3),"Gerstberger S3 consensus RNA target: tRNA; putative RNA target: none; PubMed: This nuclear gene encodes a mitochondrial tRNA-modifying enzyme. The encoded protein catalyzes the 2-thiolation of uridine on the wobble positions of tRNA(Lys), tRNA(Glu), and tRNA(Gln), resulting in the formation of 5-taurinomethyl-2-thiouridine moieties. Mutations in this gene may cause transient infantile liver failure. Polymorphisms in this gene may also influence the severity of deafness caused by mitochondrial 12S ribosomal RNA mutations. Alternative splicing results in multiple transcript variants. [provided by RefSeq, Sep 2013]",421,L,0.09738717339667459
Q6UX04,mRNA,,very high,literature based (Gerstberger S3),"Gerstberger S3 consensus RNA target: mRNA; putative RNA target: none; PubMed: by homology, 22365833",472,E,0.1271186440677966
Q9H2K0,mRNA,,very high,literature based (Gerstberger S3),Gerstberger S3 consensus RNA target: mRNA; putative RNA target: none; PubMed: 12095986,278,K,0.10431654676258993
Q92664,pre-rRNA,,very high,literature based (Gerstberger S3),Gerstberger S3 consensus RNA target: pre-rRNA; putative RNA target: none; PubMed: TFIIIA,365,K,0.1178082191780822
O00567,snoRNA,,very high,literature based (Gerstberger S3),Gerstberger S3 consensus RNA target: snoRNA; putative RNA target: none; PubMed: 19331828,594,K,0.10942760942760943
Q2M296,mRNA,,very high,literature based (Gerstberger S3),Gerstberger S3 consensus RNA target: mRNA; putative RNA target: none; PubMed: by domain,383,V,0.09660574412532637
O96006,unknown,,unknown,,,694,L,0.10518731988472622
Q9NS39,mRNA,,very high,literature based (Gerstberger S3),Gerstberger S3 consensus RNA target: mRNA; putative RNA target: none; PubMed: 10836796,739,L,0.10960757780784844
Q92499,mRNA,,very high,literature based (Gerstberger S3),Gerstberger S3 consensus RNA target: mRNA; putative RNA target: none; PubMed: established RBP,740,G,0.0918918918918919
P14678,snRNA,,very high,literature based (Gerstberger S3),Gerstberger S3 consensus RNA target: snRNA; putative RNA target: none; PubMed: established RBP,240,P,0.19583333333333333
Q16540,ribosomal protein,,very high,literature based (Gerstberger S3),Gerstberger S3 consensus RNA target: ribosomal protein; putative RNA target: none; PubMed: established RBP,153,R,0.11764705882352941
Q8NE18,pre-rRNA,,very high,literature based (Gerstberger S3),Gerstberger S3 consensus RNA target: pre-rRNA; putative RNA target: none; PubMed: by homology,718,L,0.11002785515320335
Q9UKK3,ncRNA,,very high,literature based (Gerstberger S3),Gerstberger S3 consensus RNA target: ncRNA; putative RNA target: none; PubMed: 11479319,1724,L,0.10846867749419954
Q9HD40,tRNA,,very high,literature based (Gerstberger S3),"Gerstberger S3 consensus RNA target: tRNA; putative RNA target: none; PubMed: The amino acid selenocysteine is the only amino acid that does not have its own tRNA synthetase. Instead, this amino acid is synthesized on its cognate tRNA in a three step process. The protein encoded by this gene catalyzes the third step in the process, the conversion of O-phosphoseryl-tRNA(Sec) to selenocysteinyl-tRNA(Sec).[provided by RefSeq, Mar 2011]",501,L,0.10778443113772455
P62995,mRNA,,very high,literature based (Gerstberger S3),"Gerstberger S3 consensus RNA target: mRNA; putative RNA target: none; PubMed: This gene is a member of the transformer 2 homolog family and encodes a protein with several RRM (RNA recognition motif) domains. This phosphorylated nuclear protein binds to specific RNA sequences and plays a role in the regulation of pre-mRNA splicing. Alternatively spliced transcript variants have been found for this gene. [provided by RefSeq, Sep 2013]",288,R,0.2222222222222222
Q9NR90,mRNA,,very high,literature based (Gerstberger S3),Gerstberger S3 consensus RNA target: mRNA; putative RNA target: none; PubMed: established RBP,486,P,0.13168724279835392
A0A5K1VW79,mRNA,,very high,literature based (Gerstberger S3),Gerstberger S3 consensus RNA target: mRNA; putative RNA target: none; PubMed: established RBP,999,P,0.15715715715715717
P46087,pre-rRNA,,very high,literature based (Gerstberger S3),Gerstberger S3 consensus RNA target: pre-rRNA; putative RNA target: none; PubMed: 23913415,812,K,0.09236453201970443
E9PBY2,mRNA,,medium,GO based,go_molecular_function: mRNA,654,P,0.1437308868501529
Q9P2P1,unknown,,very high,literature based (Gerstberger S3),Gerstberger S3 consensus RNA target: unknown; putative RNA target: none; PubMed: 17114934,1898,L,0.12486828240252898
Q9P0J6,ribosomal protein,,very high,literature based (Gerstberger S3),Gerstberger S3 consensus RNA target: ribosomal protein; putative RNA target: none; PubMed: established RBP,103,L,0.14563106796116504
J3KPK3,mRNA,,very high,literature based (Gerstberger S3),Gerstberger S3 consensus RNA target: mRNA; putative RNA target: none; PubMed: by homology,459,S,0.1437908496732026
Q8WWM7,mRNA,,very high,literature based (Gerstberger S3),Gerstberger S3 consensus RNA target: mRNA; putative RNA target: none; PubMed: 17392519,1075,P,0.15441860465116278
O60287,pre-rRNA,,very high,literature based (Gerstberger S3),Gerstberger S3 consensus RNA target: pre-rRNA; putative RNA target: none; PubMed: by homology,2271,L,0.15808014090708938
Q5GAN3,unknown,,very high,literature based (Gerstberger S3),Gerstberger S3 consensus RNA target: unknown; putative RNA target: none; PubMed: established RBP,156,L,0.10256410256410256
O43310,mRNA,,very high,literature based (Gerstberger S3),Gerstberger S3 consensus RNA target: mRNA; putative RNA target: none; PubMed: established RBP,598,L,0.09197324414715718
A6NDE4,mRNA,,very high,literature based (Gerstberger S3),Gerstberger S3 consensus RNA target: mRNA; putative RNA target: none; PubMed: by homology,496,S,0.14717741935483872
O43148,mRNA,,very high,literature based (Gerstberger S3),Gerstberger S3 consensus RNA target: mRNA; putative RNA target: none; PubMed: 7275966,476,K,0.11554621848739496
A0A140T8Y2,pre-rRNA,,very high,literature based (Gerstberger S3),Gerstberger S3 consensus RNA target: pre-rRNA; putative RNA target: none; PubMed: by homology,407,E,0.10810810810810811
O60231,snRNA,,very high,literature based (Gerstberger S3),"Gerstberger S3 consensus RNA target: snRNA; putative RNA target: none; PubMed: 20423332, PRP8 yeast homolog",1041,E,0.11719500480307397
Q2Q1W2,ncRNA,,very high,literature based (Gerstberger S3),Gerstberger S3 consensus RNA target: ncRNA; putative RNA target: none; PubMed: 24602972,868,G,0.10023041474654378
Q96M93,mRNA,,very high,literature based (Gerstberger S3),Gerstberger S3 consensus RNA target: mRNA; putative RNA target: none; PubMed: by homology,576,L,0.1076388888888889
Q9HCE5,mRNA,,very high,literature based (Gerstberger S3),Gerstberger S3 consensus RNA target: mRNA; putative RNA target: none; PubMed: 24481042,456,E,0.10307017543859649
Q53F19,unknown,,very high,literature based (Gerstberger S3),Gerstberger S3 consensus RNA target: unknown; putative RNA target: none; PubMed: established RBP,620,E,0.12258064516129032
A0A0A0MRZ1,unknown,,very high,literature based (Gerstberger S3),Gerstberger S3 consensus RNA target: unknown; putative RNA target: none; PubMed: by homology,733,S,0.10368349249658936
P41250,tRNA,,very high,literature based (Gerstberger S3),Gerstberger S3 consensus RNA target: tRNA; putative RNA target: none; PubMed: established RBP,739,L,0.09607577807848444
Q8N163,mRNA,,very high,literature based (Gerstberger S3),"Gerstberger S3 consensus RNA target: mRNA; putative RNA target: none; PubMed: 22658674, 22681889",923,L,0.12892741061755147
Q6ZN19,unknown,,unknown,,,808,K,0.09405940594059406
Q96L91,unknown,,unknown,,,3159,Q,0.10794555238999684
Q14444,mRNA,,very high,literature based (Gerstberger S3),Gerstberger S3 consensus RNA target: mRNA; putative RNA target: none; PubMed: 17210633,709,Q,0.11283497884344147
Q96B26,diverse,,very high,literature based (Gerstberger S3),Gerstberger S3 consensus RNA target: diverse; putative RNA target: none; PubMed: established RBP,276,L,0.10507246376811594
Q8IYL2,tRNA,,very high,literature based (Gerstberger S3),"Gerstberger S3 consensus RNA target: tRNA; putative RNA target: none; PubMed: The protein encoded by this gene is a putative tRNA methyltransferase found in the cytoplasm. Defects in this gene may be a cause of partial epilepsy with pericentral spikes (PEPS), but that has not been proven definitively. [provided by RefSeq, May 2012]",757,L,0.09379128137384413
Q8N5X7,mRNA,,very high,literature based (Gerstberger S3),"Gerstberger S3 consensus RNA target: mRNA; putative RNA target: none; PubMed: EIF4E3 belongs to the EIF4E family of translational initiation factors that interact with the 5-prime cap structure of mRNA and recruit mRNA to the ribosome (Joshi et al., 2004 [PubMed 15153109]).[supplied by OMIM, Mar 2008]",224,A,0.12053571428571429
Q86XP3,mRNA,,very high,literature based (Gerstberger S3),"Gerstberger S3 consensus RNA target: mRNA; putative RNA target: none; PubMed: by homology , 16397294",938,G,0.10021321961620469
A0A0C4DH24,unknown,,unknown,,,114,S,0.17543859649122806
A0A2U3TZN1,mRNA,,very high,literature based (Gerstberger S3),"Gerstberger S3 consensus RNA target: mRNA; putative RNA target: none; PubMed: by homology, 12558503",101,A,0.09900990099009901
P40429,ribosomal protein,,very high,literature based (Gerstberger S3),Gerstberger S3 consensus RNA target: ribosomal protein; putative RNA target: none; PubMed: established RBP,203,K,0.13793103448275862
Q7Z6M4,pre-rRNA,,very high,literature based (Gerstberger S3),Gerstberger S3 consensus RNA target: pre-rRNA; putative RNA target: none; PubMed: 22949673,381,L,0.13123359580052493
Q9BUJ2,mRNA,,very high,literature based (Gerstberger S3),Gerstberger S3 consensus RNA target: mRNA; putative RNA target: none; PubMed: established RBP,856,G,0.10981308411214953
Q9UPU9,mRNA,,very high,literature based (Gerstberger S3),"Gerstberger S3 consensus RNA target: mRNA; putative RNA target: none; PubMed: Sterile alpha motifs (SAMs) in proteins such as SAMD4A are part of an RNA-binding domain that functions as a posttranscriptional regulator by binding to an RNA sequence motif known as the Smaug recognition element, which was named after the Drosophila Smaug protein (Baez and Boccaccio, 2005 [PubMed 16221671]).[supplied by OMIM, Mar 2008]",718,L,0.11142061281337047
Q5MCW4,unknown,,unknown,,,686,K,0.11224489795918367
Q969W8,unknown,,unknown,,,418,E,0.10287081339712918
P24534,tRNA,,very high,literature based (Gerstberger S3),Gerstberger S3 consensus RNA target: tRNA; putative RNA target: none; PubMed: established RBP,225,D,0.1111111111111111
Q9NYF8,mRNA,,very high,literature based (Gerstberger S3),Gerstberger S3 consensus RNA target: mRNA; putative RNA target: none; PubMed: 23778535,920,S,0.1641304347826087
Q66PJ3,mRNA,,very high,literature based (Gerstberger S3),Gerstberger S3 consensus RNA target: mRNA; putative RNA target: none; PubMed: 11884129,237,S,0.18565400843881857
Q13595,mRNA,,very high,literature based (Gerstberger S3),"Gerstberger S3 consensus RNA target: mRNA; putative RNA target: none; PubMed: This gene is a member of the transformer 2 homolog family and encodes a protein with several RRM (RNA recognition motif) domains. This phosphorylated nuclear protein binds to specific RNA sequences and plays a role in the regulation of pre-mRNA splicing. Alternatively spliced transcript variants have been found for this gene. [provided by RefSeq, Sep 2013]",282,R,0.2127659574468085
P63167,mRNA,,very high,literature based (Gerstberger S3),Gerstberger S3 consensus RNA target: mRNA; putative RNA target: none; PubMed: 10683380,89,K,0.11235955056179775
P29728,ncRNA,,very high,literature based (Gerstberger S3),"Gerstberger S3 consensus RNA target: ncRNA; putative RNA target: none; PubMed: This gene encodes a member of the 2-5A synthetase family, essential proteins involved in the innate immune response to viral infection. The encoded protein is induced by interferons and uses adenosine triphosphate in 2'-specific nucleotidyl transfer reactions to synthesize 2',5'-oligoadenylates (2-5As). These molecules activate latent RNase L, which results in viral RNA degradation and the inhibition of viral replication. The three known members of this gene family are located in a cluster on chromosome 12. Alternatively spliced transcript variants encoding different isoforms have been described. [provided by RefSeq, Jul 2008]",719,L,0.11404728789986092
Q9HD33,ribosomal protein,,very high,literature based (Gerstberger S3),Gerstberger S3 consensus RNA target: ribosomal protein; putative RNA target: none; PubMed: established RBP,250,L,0.14
P55010,mRNA,,very high,literature based (Gerstberger S3),Gerstberger S3 consensus RNA target: mRNA; putative RNA target: none; PubMed: 24499181,431,E,0.11832946635730858
Q9H0A6,unknown,,unknown,,,362,L,0.1132596685082873
H0Y3K3,mRNA,,very high,literature based (Gerstberger S3),Gerstberger S3 consensus RNA target: mRNA; putative RNA target: none; PubMed: by homology,84,P,0.11904761904761904
Q9UIF8,ncRNA,,very high,literature based (Gerstberger S3),Gerstberger S3 consensus RNA target: ncRNA; putative RNA target: none; PubMed: by homology,2168,S,0.11070110701107011
Q9Y291,ribosomal protein,,very high,literature based (Gerstberger S3),Gerstberger S3 consensus RNA target: ribosomal protein; putative RNA target: none; PubMed: established RBP,106,K,0.1509433962264151
J3KPP4,mRNA,,very high,literature based (Gerstberger S3),Gerstberger S3 consensus RNA target: mRNA; putative RNA target: none; PubMed: established RBP,489,R,0.1656441717791411
Q9ULR0,mRNA,,very high,literature based (Gerstberger S3),Gerstberger S3 consensus RNA target: mRNA; putative RNA target: none; PubMed: established RBP,285,E,0.17894736842105263
Q6P2D0,unknown,,unknown,,,407,K,0.10565110565110565
P31943,mRNA,,very high,literature based (Gerstberger S3),Gerstberger S3 consensus RNA target: mRNA; putative RNA target: none; PubMed: established RBP,449,G,0.14699331848552338
X6RAY8,ribosomal protein,,very high,literature based (Gerstberger S3),Gerstberger S3 consensus RNA target: ribosomal protein; putative RNA target: none; PubMed: established RBP,357,L,0.11484593837535013
Q8IY21,ncRNA,,very high,literature based (Gerstberger S3),"Gerstberger S3 consensus RNA target: ncRNA; putative RNA target: none; PubMed: 21791617, MTR4 yeast homolog",1712,L,0.12207943925233646
P09543,mRNA,,very high,literature based (Gerstberger S3),Gerstberger S3 consensus RNA target: mRNA; putative RNA target: none; PubMed: 19021295,421,L,0.1187648456057007
P49406,ribosomal protein,,very high,literature based (Gerstberger S3),Gerstberger S3 consensus RNA target: ribosomal protein; putative RNA target: none; PubMed: established RBP,292,P,0.08904109589041095
Q8TE96,mRNA,,very high,literature based (Gerstberger S3),Gerstberger S3 consensus RNA target: mRNA; putative RNA target: none; PubMed: PRP43 yeast homolog,717,L,0.14783821478382148
A0A0B4J1V9,unknown,,unknown,,,884,L,0.1085972850678733
P83731,ribosomal protein,,very high,literature based (Gerstberger S3),Gerstberger S3 consensus RNA target: ribosomal protein; putative RNA target: none; PubMed: established RBP,157,K,0.17197452229299362
O14647,unknown,,unknown,,,1828,K,0.1061269146608315
Q15633,mRNA,ncRNA,high,GO based,go_biological_process: mRNA; go_molecular_function: mRNA; go_molecular_function: pre-mRNA,366,L,0.10655737704918032
P35269,mRNA,,very high,literature based (Gerstberger S3),Gerstberger S3 consensus RNA target: mRNA; putative RNA target: none; PubMed: 12354769,517,E,0.12572533849129594
P46199,tRNA,,very high,literature based (Gerstberger S3),Gerstberger S3 consensus RNA target: tRNA; putative RNA target: none; PubMed: 12095986,727,K,0.09491059147180192
P49207,ribosomal protein,,very high,literature based (Gerstberger S3),Gerstberger S3 consensus RNA target: ribosomal protein; putative RNA target: none; PubMed: established RBP,117,R,0.13675213675213677
Q9BPZ3,mRNA,,very high,literature based (Gerstberger S3),Gerstberger S3 consensus RNA target: mRNA; putative RNA target: none; PubMed: 15175342,127,E,0.18110236220472442
Q9BVP2,pre-rRNA,,very high,literature based (Gerstberger S3),Gerstberger S3 consensus RNA target: pre-rRNA; putative RNA target: none; PubMed: NUG1 yeast homolog,549,K,0.122040072859745
A8MXP9,mRNA,,very high,literature based (Gerstberger S3),Gerstberger S3 consensus RNA target: mRNA; putative RNA target: none; PubMed: 21858232,895,S,0.09608938547486033
Q8N9N2,unknown,,very high,literature based (Gerstberger S3),Gerstberger S3 consensus RNA target: unknown; putative RNA target: none; PubMed: established RBP,400,L,0.09
Q5T760,mRNA,,very high,literature based (Gerstberger S3),Gerstberger S3 consensus RNA target: mRNA; putative RNA target: none; PubMed: established RBP,491,S,0.1425661914460285
P51825,mRNA,,very high,literature based (Gerstberger S3),Gerstberger S3 consensus RNA target: mRNA; putative RNA target: none; PubMed: 21330300,1210,S,0.1628099173553719
Q14764,ncRNA,,very high,literature based (Gerstberger S3),"Gerstberger S3 consensus RNA target: ncRNA; putative RNA target: none; PubMed: This gene encodes the major component of the vault complex. Vaults are multi-subunit ribonucleoprotein structures that may be involved in nucleo-cytoplasmic transport. The encoded protein may play a role in multiple cellular processes by regulating the MAP kinase, JAK/STAT and phosphoinositide 3-kinase/Akt signaling pathways. The encoded protein also plays a role in multidrug resistance, and expression of this gene may be a prognostic marker for several types of cancer. Alternatively spliced transcript variants have been observed for this gene. [provided by RefSeq, May 2012]",893,L,0.10302351623740201
Q99613,mRNA,,very high,literature based (Gerstberger S3),Gerstberger S3 consensus RNA target: mRNA; putative RNA target: none; PubMed: 24092755,913,E,0.11171960569550932
Q96QR8,mRNA,,very high,literature based (Gerstberger S3),Gerstberger S3 consensus RNA target: mRNA; putative RNA target: none; PubMed: 11032866,312,G,0.1891025641025641
P78406,mRNA,,very high,literature based (Gerstberger S3),"Gerstberger S3 consensus RNA target: mRNA; putative RNA target: none; PubMed: Mutations in the Schizosaccharomyces pombe Rae1 and Saccharomyces cerevisiae Gle2 genes have been shown to result in accumulation of poly(A)-containing mRNA in the nucleus, suggesting that the encoded proteins are involved in RNA export. The protein encoded by this gene is a homolog of yeast Rae1. It contains four WD40 motifs, and has been shown to localize to distinct foci in the nucleoplasm, to the nuclear rim, and to meshwork-like structures throughout the cytoplasm. This gene is thought to be involved in nucleocytoplasmic transport, and in directly or indirectly attaching cytoplasmic mRNPs to the cytoskeleton. Alternatively spliced transcript variants encoding the same protein have been found for this gene. [provided by RefSeq, Jul 2008]",368,S,0.08967391304347826
Q9P2E3,unknown,,very high,literature based (Gerstberger S3),Gerstberger S3 consensus RNA target: unknown; putative RNA target: none; PubMed: established RBP,1918,L,0.10166840458811262
P50914,ribosomal protein,,very high,literature based (Gerstberger S3),Gerstberger S3 consensus RNA target: ribosomal protein; putative RNA target: none; PubMed: established RBP,215,A,0.20930232558139536
Q9Y4F3,ncRNA,,very high,literature based (Gerstberger S3),Gerstberger S3 consensus RNA target: ncRNA; putative RNA target: none; PubMed: 22442484,1742,L,0.10849598163030999
Q9BSV6,tRNA,,very high,literature based (Gerstberger S3),Gerstberger S3 consensus RNA target: tRNA; putative RNA target: none; PubMed: established RBP,310,A,0.12580645161290321
P62241,ribosomal protein,,very high,literature based (Gerstberger S3),Gerstberger S3 consensus RNA target: ribosomal protein; putative RNA target: none; PubMed: established RBP,208,K,0.14903846153846154
Q9NUM4,unknown,,unknown,,,274,V,0.09854014598540146
A0A5H1ZRQ2,mRNA,,very high,literature based (Gerstberger S3),Gerstberger S3 consensus RNA target: mRNA; putative RNA target: none; PubMed: 12138182,731,G,0.09986320109439124
Q8NEJ9,mRNA,,very high,literature based (Gerstberger S3),"Gerstberger S3 consensus RNA target: mRNA; putative RNA target: none; PubMed: 22727665, Neuroguidin is an EIF4E (MIM 133440)-binding protein that interacts with CPEB (MIM 607342) and functions as a translational regulatory protein during development of the vertebrate nervous system (Jung et al., 2006 [PubMed 16705177]).[supplied by OMIM, Mar 2008]",315,L,0.11428571428571428
A2A2Q9,snRNA,,very high,literature based (Gerstberger S3),Gerstberger S3 consensus RNA target: snRNA; putative RNA target: none; PubMed: 11720285,398,L,0.11809045226130653
Q8N8A6,pre-rRNA,,very high,literature based (Gerstberger S3),Gerstberger S3 consensus RNA target: pre-rRNA; putative RNA target: none; PubMed: yeast homolog DBP6,666,A,0.11861861861861862
P82930,ribosomal protein,,very high,literature based (Gerstberger S3),Gerstberger S3 consensus RNA target: ribosomal protein; putative RNA target: none; PubMed: established RBP,218,R,0.13302752293577982
Q52LJ0,tRNA,,very high,literature based (Gerstberger S3),Gerstberger S3 consensus RNA target: tRNA; putative RNA target: none; PubMed: 21311021,433,G,0.21939953810623555
H9KVA5,mRNA,,very high,literature based (Gerstberger S3),Gerstberger S3 consensus RNA target: mRNA; putative RNA target: none; PubMed: established RBP,152,C,0.10526315789473684
Q15397,mRNA,,very high,literature based (Gerstberger S3),Gerstberger S3 consensus RNA target: mRNA; putative RNA target: none; PubMed: mRNA based on relationship tp PUF 21266351,648,K,0.13580246913580246
Q9NVR2,snRNA,,very high,literature based (Gerstberger S3),Gerstberger S3 consensus RNA target: snRNA; putative RNA target: none; PubMed: established RBP,710,L,0.12253521126760564
Q8TAA1,unknown,,very high,literature based (Gerstberger S3),Gerstberger S3 consensus RNA target: unknown; putative RNA target: none; PubMed: established RBP,199,S,0.12562814070351758
Q92945,mRNA,,very high,literature based (Gerstberger S3),Gerstberger S3 consensus RNA target: mRNA; putative RNA target: none; PubMed: established RBP,711,G,0.18565400843881857
P57081,tRNA,,very high,literature based (Gerstberger S3),Gerstberger S3 consensus RNA target: tRNA; putative RNA target: none; PubMed: 12403464,412,L,0.11407766990291263
Q9BRP8,mRNA,,very high,literature based (Gerstberger S3),Gerstberger S3 consensus RNA target: mRNA; putative RNA target: none; PubMed: 18026120,204,E,0.1323529411764706
Q3L8U1,unknown,,unknown,,,2897,S,0.10459095616154643
Q6P6C2,mRNA,,very high,literature based (Gerstberger S3),Gerstberger S3 consensus RNA target: mRNA; putative RNA target: none; PubMed: 23177736,394,A,0.10913705583756345
Q8IXT5,mRNA,,medium,GO based,go_biological_process: rna splicing,1001,R,0.12687312687312688
P82932,ribosomal protein,,very high,literature based (Gerstberger S3),Gerstberger S3 consensus RNA target: ribosomal protein; putative RNA target: none; PubMed: established RBP,125,L,0.112
P57721,mRNA,,very high,literature based (Gerstberger S3),Gerstberger S3 consensus RNA target: mRNA; putative RNA target: none; PubMed: established RBP,371,G,0.09433962264150944
Q5TBQ0,mRNA,,very high,literature based (Gerstberger S3),Gerstberger S3 consensus RNA target: mRNA; putative RNA target: none; PubMed: established RBP,296,S,0.0945945945945946
P57052,mRNA,,very high,literature based (Gerstberger S3),Gerstberger S3 consensus RNA target: mRNA; putative RNA target: none; PubMed: by homology,281,S,0.13167259786476868
F8WDU6,tRNA,,very high,literature based (Gerstberger S3),"Gerstberger S3 consensus RNA target: tRNA; putative RNA target: none; PubMed: This gene encodes a protein belonging to the RAN-GTPase exportin family that mediates export of tRNA from the nucleus to the cytoplasm. Translocation of tRNA to the cytoplasm occurs once exportin has bound both tRNA and GTP-bound RAN. [provided by RefSeq, Jul 2008",201,L,0.11940298507462686
B1AHD1,snRNA,,very high,literature based (Gerstberger S3),"Gerstberger S3 consensus RNA target: snRNA; putative RNA target: none; PubMed: Originally named because of its sequence similarity to the Saccharomyces cerevisiae NHP2 (non-histone protein 2), this protein appears to be a highly conserved nuclear protein that is a component of the [U4/U6.U5] tri-snRNP. It binds to the 5' stem-loop of U4 snRNA. Two transcript variants encoding the same protein have been found for this gene. [provided by RefSeq, Jul 2008]",132,L,0.13636363636363635
B5MCF9,pre-rRNA,,very high,literature based (Gerstberger S3),"Gerstberger S3 consensus RNA target: pre-rRNA; putative RNA target: none; PubMed: This gene encodes a nuclear protein that contains a breast cancer associated gene 1 (BRCA1) C-terminal interaction domain. The encoded protein interacts with BOP1 and WDR12 to form the PeBoW complex, which plays a critical role in cell proliferation via pre-rRNA processing and 60S ribosomal subunit maturation. Expression of this gene may play an important role in breast cancer proliferation and tumorigenicity. Alternatively spliced transcript variants encoding multiple isoforms have been observed for this gene. Pseudogenes of this gene are located on the long arm of chromosome 4 and the short arm of chromosome 9. [provided by RefSeq, Aug 2011]",571,E,0.1243432574430823
Q9UBB9,mRNA,,very high,literature based (Gerstberger S3),"Gerstberger S3 consensus RNA target: mRNA; putative RNA target: none; PubMed: TFIP11 is a nuclear speckle-localized protein that may play a role in spliceosome disassembly in Cajal bodies (Stanek et al., 2008 [PubMed 18367544]).[supplied by OMIM, Apr 2009]",837,E,0.0884109916367981
Q15061,pre-rRNA,,very high,literature based (Gerstberger S3),Gerstberger S3 consensus RNA target: pre-rRNA; putative RNA target: none; PubMed: UTP5 Subunit of U3-containing Small Subunit (SSU) processome complex involved in production of 18S rRNA and assembly of small ribosomal subunit [Source: SGD; acc: S000002806],677,L,0.1019202363367799
B5MCY1,unknown,,very high,literature based (Gerstberger S3),Gerstberger S3 consensus RNA target: unknown; putative RNA target: none; PubMed: established RBP,1934,L,0.10858324715615306
Q86XN8,mRNA,,very high,literature based (Gerstberger S3),Gerstberger S3 consensus RNA target: mRNA; putative RNA target: none; PubMed: established RBP,651,A,0.15821812596006143
Q15796,ncRNA,,very high,literature based (Gerstberger S3),Gerstberger S3 consensus RNA target: ncRNA; putative RNA target: none; PubMed: 20705240,467,L,0.08993576017130621
Q9NQZ3,mRNA,,very high,literature based (Gerstberger S3),Gerstberger S3 consensus RNA target: mRNA; putative RNA target: none; PubMed: established RBP,744,P,0.11290322580645161
Q12906,mRNA,,very high,literature based (Gerstberger S3),"Gerstberger S3 consensus RNA target: mRNA; putative RNA target: none; PubMed: This gene encodes a double-stranded RNA (dsRNA) binding protein that complexes with other proteins, dsRNAs, small noncoding RNAs, and mRNAs to regulate gene expression and stabilize mRNAs. This protein was first discovered to be a subunit of the nuclear factor of activated T-cells (NFAT); a transcription factor required for T-cell expression of interleukin 2. NFAT is a heterodimer of 45 kDa and 90 kDa proteins, the larger of which is the product of this gene. These proteins have been shown to affect the redistribution of nuclear mRNA to the cytoplasm. Knockdown of NF45 or NF90 protein retards cell growth; possibly by inhibition of mRNA stabilization. In contrast, an isoform (NF110) of this gene that is predominantly restricted to the nucleus has only minor effects on cell growth when its levels are reduced. Alternative splicing results in multiple transcript variants encoding distinct isoforms.[provided by RefSeq, Nov 2008]",894,G,0.1331096196868009
Q9NRJ5,mRNA,,very high,literature based (Gerstberger S3),Gerstberger S3 consensus RNA target: mRNA; putative RNA target: none; PubMed: established RBP,637,L,0.11459968602825746
Q9UPQ9,mRNA,,very high,literature based (Gerstberger S3),Gerstberger S3 consensus RNA target: mRNA; putative RNA target: none; PubMed: established RBP,1833,S,0.1347517730496454
Q9NVR5,unknown,,very high,literature based (Gerstberger S3),Gerstberger S3 consensus RNA target: unknown; putative RNA target: none; PubMed: by domain,837,S,0.0979689366786141
O15235,ribosomal protein,,very high,literature based (Gerstberger S3),Gerstberger S3 consensus RNA target: ribosomal protein; putative RNA target: none; PubMed: established RBP,138,L,0.11594202898550725
P62081,ribosomal protein,,very high,literature based (Gerstberger S3),Gerstberger S3 consensus RNA target: ribosomal protein; putative RNA target: none; PubMed: established RBP,194,K,0.12371134020618557
Q9HC16,mRNA,,very high,literature based (Gerstberger S3),"Gerstberger S3 consensus RNA target: mRNA; putative RNA target: none; PubMed: 16887808, 24651717",384,L,0.08333333333333333
Q9BY44,tRNA,,very high,literature based (Gerstberger S3),Gerstberger S3 consensus RNA target: tRNA; putative RNA target: none; PubMed: 12133843,585,K,0.09401709401709402
Q71DI3,unknown,,unknown,,,136,A,0.1323529411764706
O14980,mRNA,,very high,literature based (Gerstberger S3),Gerstberger S3 consensus RNA target: mRNA; putative RNA target: none; PubMed: CRM1,1071,L,0.1157796451914099
B5MCH7,mRNA,,very high,literature based (Gerstberger S3),Gerstberger S3 consensus RNA target: mRNA; putative RNA target: none; PubMed: 21745818,343,L,0.13119533527696792
Q5U5Q3,mRNA,,very high,literature based (Gerstberger S3),Gerstberger S3 consensus RNA target: mRNA; putative RNA target: none; PubMed: established RBP,659,A,0.11532625189681335
Q8N201,snRNA,,very high,literature based (Gerstberger S3),Gerstberger S3 consensus RNA target: snRNA; putative RNA target: none; PubMed: established RBP,2190,L,0.15388127853881278
Q99575,ncRNA,,very high,literature based (Gerstberger S3),"Gerstberger S3 consensus RNA target: ncRNA; putative RNA target: none; PubMed: This gene encodes the protein subunit of two different small nucleolar ribonucleoprotein complexes: the endoribonuclease for mitochondrial RNA processing complex and the ribonuclease P complex. The encoded protein is a ribonuclease that localizes to the nucleus and functions in pre-RNA processing. This protein is also an autoantigen in patients suffering from connective tissue diseases. Alternative splicing results in multiple transcript variants. [provided by RefSeq, Mar 2009]",1024,L,0.08984375
Q16762,pre-rRNA,,very high,literature based (Gerstberger S3),"Gerstberger S3 consensus RNA target: pre-rRNA; putative RNA target: none; PubMed: This is one of two neighboring genes encoding similar proteins that each contain two rhodanese domains. The encoded protein is localized to the mitochondria and catalyzes the conversion of thiosulfate and cyanide to thiocyanate and sulfite. In addition, the protein interacts with 5S ribosomal RNA and facilitates its import into the mitochondria. Alternative splicing results in multiple transcript variants. [provided by RefSeq, Jul 2012",297,L,0.09090909090909091
B5MCU0,unknown,,very high,literature based (Gerstberger S3),Gerstberger S3 consensus RNA target: unknown; putative RNA target: none; PubMed: by domain,990,S,0.12121212121212122
G5E9G0,ribosomal protein,,very high,literature based (Gerstberger S3),Gerstberger S3 consensus RNA target: ribosomal protein; putative RNA target: none; PubMed: established RBP,351,K,0.1396011396011396
Q8IZ13,unknown,,unknown,,,594,L,0.11447811447811448
P42696,mRNA,,very high,literature based (Gerstberger S3),Gerstberger S3 consensus RNA target: mRNA; putative RNA target: none; PubMed: by homology,430,K,0.14186046511627906
Q14966,mRNA,,very high,literature based (Gerstberger S3),Gerstberger S3 consensus RNA target: mRNA; putative RNA target: none; PubMed: 8647861,1978,S,0.1102123356926188
A0A7N4I394,snRNA,,very high,literature based (Gerstberger S3),Gerstberger S3 consensus RNA target: snRNA; putative RNA target: none; PubMed: U1 snRNP protein involved in splicing; contains multiple tetriatricopeptide repeats,994,E,0.11167002012072434
Q13901,pre-rRNA,,very high,literature based (Gerstberger S3),Gerstberger S3 consensus RNA target: pre-rRNA; putative RNA target: none; PubMed: 17412707,141,K,0.12056737588652482
Q8N5P1,unknown,,very high,literature based (Gerstberger S3),Gerstberger S3 consensus RNA target: unknown; putative RNA target: none; PubMed: by homology,291,K,0.15120274914089346
Q9Y4B4,unknown,,unknown,,,1467,L,0.09747784594410361
Q8WVV9,mRNA,,very high,literature based (Gerstberger S3),Gerstberger S3 consensus RNA target: mRNA; putative RNA target: none; PubMed: established RBP,542,S,0.08856088560885608
B8ZZ98,mRNA,snRNA,medium,GO based,go_biological_process: mRNA; go_biological_process: rna splicing,158,R,0.24050632911392406
Q9Y4Y9,snRNA,,very high,literature based (Gerstberger S3),Gerstberger S3 consensus RNA target: snRNA; putative RNA target: none; PubMed: established RBP,91,L,0.12087912087912088
Q96N16,mRNA,,very high,literature based (Gerstberger S3),Gerstberger S3 consensus RNA target: mRNA; putative RNA target: none; PubMed: 14718537,626,E,0.14376996805111822
P61129,unknown,,very high,literature based (Gerstberger S3),Gerstberger S3 consensus RNA target: unknown; putative RNA target: none; PubMed: by homology,1189,S,0.10260723296888141
C9JAB2,mRNA,,very high,literature based (Gerstberger S3),Gerstberger S3 consensus RNA target: mRNA; putative RNA target: none; PubMed: established RBP,235,R,0.24680851063829787
O75923,unknown,,unknown,,,2080,L,0.10192307692307692
B8ZZV5,ribosomal protein,,very high,literature based (Gerstberger S3),Gerstberger S3 consensus RNA target: ribosomal protein; putative RNA target: none; PubMed: established RBP,101,R,0.0891089108910891
B8ZZK4,ribosomal protein,,very high,literature based (Gerstberger S3),Gerstberger S3 consensus RNA target: ribosomal protein; putative RNA target: none; PubMed: established RBP,79,K,0.16455696202531644
B9A037,snRNA,,very high,literature based (Gerstberger S3),Gerstberger S3 consensus RNA target: snRNA; putative RNA target: none; PubMed: established RBP,69,L,0.14492753623188406
E7ETU5,mRNA,,very high,literature based (Gerstberger S3),"Gerstberger S3 consensus RNA target: mRNA; putative RNA target: none; PubMed: This gene encodes a member of a small family of proteins which bind single stranded DNA/RNA. These proteins are characterized by the presence of two sets of ribonucleoprotein consensus sequence (RNP-CS) that contain conserved motifs, RNP1 and RNP2, originally described in RNA binding proteins, and required for DNA binding. These proteins have been implicated in such diverse functions as DNA replication, gene transcription, cell cycle progression and apoptosis. Several transcript variants, resulting from alternative splicing and encoding different isoforms, have been described. A pseudogene for this locus is found on chromosome 12. [provided by RefSeq, Feb 2009]",370,S,0.11081081081081082
Q8NDG6,ncRNA,,very high,literature based (Gerstberger S3),Gerstberger S3 consensus RNA target: ncRNA; putative RNA target: none; PubMed: 20059948,1382,L,0.11070911722141824
F6XMP4,mRNA,,very high,literature based (Gerstberger S3),"Gerstberger S3 consensus RNA target: mRNA; putative RNA target: none; PubMed: by homology, 16000379",155,S,0.12903225806451613
P26639,tRNA,,very high,literature based (Gerstberger S3),Gerstberger S3 consensus RNA target: tRNA; putative RNA target: none; PubMed: established RBP,723,E,0.09820193637621023
E7EX53,ribosomal protein,,very high,literature based (Gerstberger S3),Gerstberger S3 consensus RNA target: ribosomal protein; putative RNA target: none; PubMed: established RBP,133,R,0.15037593984962405
E7EWR4,mRNA,,very high,literature based (Gerstberger S3),Gerstberger S3 consensus RNA target: mRNA; putative RNA target: none; PubMed: established RBP,597,G,0.12562814070351758
Q2VPK5,tRNA,,very high,literature based (Gerstberger S3),"Gerstberger S3 consensus RNA target: tRNA; putative RNA target: none; PubMed: 23874237, 18391219",515,A,0.09902912621359224
F6YDS7,ribosomal protein,,very high,literature based (Gerstberger S3),Gerstberger S3 consensus RNA target: ribosomal protein; putative RNA target: none; PubMed: established RBP,81,A,0.1111111111111111
O95628,mRNA,,very high,literature based (Gerstberger S3),Gerstberger S3 consensus RNA target: mRNA; putative RNA target: none; PubMed: established RBP,575,S,0.11826086956521739
Q8IX18,mRNA,,very high,literature based (Gerstberger S3),Gerstberger S3 consensus RNA target: mRNA; putative RNA target: none; PubMed: PRP16 yeast homolog,779,L,0.09370988446726572
F6XX82,ribosomal protein,,very high,literature based (Gerstberger S3),Gerstberger S3 consensus RNA target: ribosomal protein; putative RNA target: none; PubMed: established RBP,94,A,0.1276595744680851
P62750,ribosomal protein,,very high,literature based (Gerstberger S3),Gerstberger S3 consensus RNA target: ribosomal protein; putative RNA target: none; PubMed: established RBP,156,K,0.19230769230769232
P78346,ncRNA,,very high,literature based (Gerstberger S3),Gerstberger S3 consensus RNA target: ncRNA; putative RNA target: none; PubMed: RPP1 yeast homolog,268,L,0.1044776119402985
Q96QC0,unknown,,very high,literature based (Gerstberger S3),Gerstberger S3 consensus RNA target: unknown; putative RNA target: none; PubMed: 12574161,940,G,0.16489361702127658
C9JQX9,mRNA,,very high,literature based (Gerstberger S3),"Gerstberger S3 consensus RNA target: mRNA; putative RNA target: none; PubMed: The product of this gene is a component of the nuclear cap-binding protein complex (CBC), which binds to the monomethylated 5' cap of nascent pre-mRNA in the nucleoplasm. The encoded protein has an RNP domain commonly found in RNA binding proteins, and contains the cap-binding activity. The CBC promotes pre-mRNA splicing, 3'-end processing, RNA nuclear export, and nonsense-mediated mRNA decay. Multiple transcript variants encoding different isoforms have been found for this gene. [provided by RefSeq, Jul 2008]",83,G,0.1566265060240964
Q96EH5,ribosomal protein,,very high,literature based (Gerstberger S3),Gerstberger S3 consensus RNA target: ribosomal protein; putative RNA target: none; PubMed: established RBP,51,K,0.17647058823529413
Q7Z2W9,ribosomal protein,,very high,literature based (Gerstberger S3),Gerstberger S3 consensus RNA target: ribosomal protein; putative RNA target: none; PubMed: established RBP,205,L,0.11707317073170732
H0Y450,tRNA,,very high,literature based (Gerstberger S3),Gerstberger S3 consensus RNA target: tRNA; putative RNA target: none; PubMed: established RBP,441,L,0.13378684807256236
E7ENR5,snoRNA,,very high,literature based (Gerstberger S3),"Gerstberger S3 consensus RNA target: snoRNA; putative RNA target: none; PubMed: IMP4 forms a ternary complex with IMP3 (MIM 612980) and MPP10 (MPHOSPHO10; MIM 605503) that interacts with U3 small nucleolar RNA (snoRNA), which is required for the early cleavage steps in pre-rRNA processing (Granneman et al., 2003 [PubMed 12655004]).[supplied by OMIM, Aug 2009]",236,V,0.1016949152542373
J3QT46,mRNA,,very high,literature based (Gerstberger S3),"Gerstberger S3 consensus RNA target: mRNA; putative RNA target: none; PubMed: HBS1 yeast homolog: GTPase with similarity to translation release factors; together with binding partner Dom34p, facilitates ribosomal subunit dissociation and peptidyl-tRNA release when translation is stalled; genetically implicated in mRNA no-go decay; HBS1 has a paralog, SKI7, that arose from the whole genome duplication",619,G,0.0840064620355412
Q7Z7A3,tRNA,,very high,literature based (Gerstberger S3),"Gerstberger S3 consensus RNA target: tRNA; putative RNA target: none; PubMed: 23874237, 18391219",348,A,0.1752873563218391
Q8NB42,unknown,,unknown,,,609,E,0.09523809523809523
C9JGP4,diverse,,very high,literature based (Gerstberger S3),"Gerstberger S3 consensus RNA target: diverse; putative RNA target: none; PubMed: The protein encoded by this gene is similar in sequence to 3'/5' exonucleolytic subunits of the RNA exosome. The exosome is a large multimeric ribonucleotide complex responsible for degrading various RNA substrates. Several transcript variants, some protein-coding and some not, have been found for this gene. [provided by RefSeq, Mar 2012]",144,K,0.09722222222222222
Q9H3J6,mRNA,,very high,literature based (Gerstberger S3),Gerstberger S3 consensus RNA target: mRNA; putative RNA target: none; PubMed: established RBP,166,K,0.14457831325301204
Q5T8Z2,unknown,,unknown,,,184,K,0.08695652173913043
Q14576,mRNA,,very high,literature based (Gerstberger S3),Gerstberger S3 consensus RNA target: mRNA; putative RNA target: none; PubMed: established RBP,367,G,0.10626702997275204
Q5SZ64,mRNA,,very high,literature based (Gerstberger S3),"Gerstberger S3 consensus RNA target: mRNA; putative RNA target: none; PubMed: This gene encodes one of four subunits of the splicing factor 3B. The protein encoded by this gene cross-links to a region in the pre-mRNA immediately upstream of the branchpoint sequence in pre-mRNA in the prespliceosomal complex A. It also may be involved in the assembly of the B, C and E spliceosomal complexes. In addition to RNA-binding activity, this protein interacts directly and highly specifically with subunit 2 of the splicing factor 3B. This protein contains two N-terminal RNA-recognition motifs (RRMs), consistent with the observation that it binds directly to pre-mRNA. [provided by RefSeq, Jul 2008]",190,A,0.11052631578947368
O77932,diverse,,very high,literature based (Gerstberger S3),Gerstberger S3 consensus RNA target: diverse; putative RNA target: none; PubMed: RAI1; DOM3L; DOM3Z,396,P,0.11616161616161616
C9J323,mRNA,,very high,literature based (Gerstberger S3),Gerstberger S3 consensus RNA target: mRNA; putative RNA target: none; PubMed: established RBP,145,S,0.09655172413793103
Q96LT9,snRNA,,very high,literature based (Gerstberger S3),"Gerstberger S3 consensus RNA target: snRNA; putative RNA target: none; PubMed: Two types of spliceosomes catalyze splicing of pre-mRNAs. The major U2-type spliceosome is found in all eukaryotes and removes U2-type introns, which represent more than 99% of pre-mRNA introns. The minor U12-type spliceosome is found in some eukaryotes and removes U12-type introns, which are rare and have distinct splice consensus signals. The U12-type spliceosome consists of several small nuclear RNAs and associated proteins. This gene encodes a 65K protein that is a component of the U12-type spliceosome. This protein contains two RNA recognition motifs (RRMs), suggesting that it may contact one of the small nuclear RNAs of the minor spliceosome. [provided by RefSeq, Jul 2008]",517,P,0.09477756286266925
C9J2Y9,mRNA,,very high,literature based (Gerstberger S3),"Gerstberger S3 consensus RNA target: mRNA; putative RNA target: none; PubMed: This gene encodes the second largest subunit of RNA polymerase II, the polymerase responsible for synthesizing messenger RNA in eukaryotes. This subunit, in combination with at least two other polymerase subunits, forms a structure within the polymerase that maintains contact in the active site of the enzyme between the DNA template and the newly synthesized RNA. [provided by RefSeq, Jul 2008]",1167,L,0.0856898029134533
P27824,unknown,,very high,literature based (Gerstberger S3),"Gerstberger S3 consensus RNA target: unknown; putative RNA target: none; PubMed: 22658674, 22681889",592,E,0.11824324324324324
Q16630,mRNA,,very high,literature based (Gerstberger S3),Gerstberger S3 consensus RNA target: mRNA; putative RNA target: none; PubMed: established RBP,551,P,0.1851179673321234
H7BZW6,mRNA,,very high,literature based (Gerstberger S3),Gerstberger S3 consensus RNA target: mRNA; putative RNA target: none; PubMed: 22388736,143,S,0.08391608391608392
C9J9B2,mRNA,,very high,literature based (Gerstberger S3),"Gerstberger S3 consensus RNA target: mRNA; putative RNA target: none; PubMed: This gene encodes an RNA-binding protein that belongs to the c-myc gene single-strand binding protein family. These proteins are characterized by the presence of two sets of ribonucleoprotein consensus sequence (RNP-CS) that contain conserved motifs, RNP1 and RNP2, originally described in RNA binding proteins, and required for DNA binding. These proteins have been implicated in such diverse functions as DNA replication, gene transcription, cell cycle progression and apoptosis. The encoded protein was isolated by virtue of its binding to an upstream element of the alpha2(I) collagen promoter. The observation that this protein localizes mostly in the cytoplasm suggests that it may be involved in a cytoplasmic function such as controlling RNA metabolism, rather than transcription. Multiple alternatively spliced transcript variants encoding different isoforms have been found for this gene. [provided by RefSeq, Apr 2010]",264,P,0.09090909090909091
Q15072,unknown,,unknown,,,292,K,0.1232876712328767
Q9Y3F4,mRNA,,very high,literature based (Gerstberger S3),Gerstberger S3 consensus RNA target: mRNA; putative RNA target: none; PubMed: 23918805,350,L,0.08571428571428572
Q9UI43,pre-rRNA,,very high,literature based (Gerstberger S3),Gerstberger S3 consensus RNA target: pre-rRNA; putative RNA target: none; PubMed: MRM2 yeast homolog,246,L,0.11788617886178862
O00571,mRNA,,very high,literature based (Gerstberger S3),Gerstberger S3 consensus RNA target: mRNA; putative RNA target: none; PubMed: established RBP,662,G,0.1148036253776435
Q5TA45,mRNA,,very high,literature based (Gerstberger S3),Gerstberger S3 consensus RNA target: mRNA; putative RNA target: none; PubMed: established RBP,600,L,0.10333333333333333
P52434,mRNA,,very high,literature based (Gerstberger S3),Gerstberger S3 consensus RNA target: mRNA; putative RNA target: none; PubMed: Pol II complex,150,D,0.12
Q5GAN6,unknown,,very high,literature based (Gerstberger S3),Gerstberger S3 consensus RNA target: unknown; putative RNA target: none; PubMed: established RBP,216,L,0.125
P0CF97,unknown,,unknown,,,657,L,0.1293759512937595
X6RDA4,ncRNA,,very high,literature based (Gerstberger S3),Gerstberger S3 consensus RNA target: ncRNA; putative RNA target: none; PubMed: 22102035,248,A,0.11290322580645161
Q96P11,pre-rRNA,,very high,literature based (Gerstberger S3),Gerstberger S3 consensus RNA target: pre-rRNA; putative RNA target: none; PubMed: by homology,429,L,0.14685314685314685
Q00839,mRNA,,very high,literature based (Gerstberger S3),Gerstberger S3 consensus RNA target: mRNA; putative RNA target: none; PubMed: established RBP,825,G,0.13575757575757577
P31944,unknown,,unknown,,,242,E,0.11570247933884298
Q15366,mRNA,,very high,literature based (Gerstberger S3),Gerstberger S3 consensus RNA target: mRNA; putative RNA target: none; PubMed: established RBP,365,S,0.1095890410958904
Q96I27,unknown,,unknown,,,306,K,0.11437908496732026
Q9UI10,mRNA,,very high,literature based (Gerstberger S3),Gerstberger S3 consensus RNA target: mRNA; putative RNA target: none; PubMed: eiF2B complex,523,L,0.10707456978967496
B1APK8,unknown,,unknown,,,227,L,0.1145374449339207
Q7L2E3,mRNA,,very high,literature based (Gerstberger S3),Gerstberger S3 consensus RNA target: mRNA; putative RNA target: none; PubMed: 21204022,1194,L,0.12814070351758794
Q01085,mRNA,,very high,literature based (Gerstberger S3),Gerstberger S3 consensus RNA target: mRNA; putative RNA target: none; PubMed: established RBP,375,G,0.096
P57723,mRNA,,very high,literature based (Gerstberger S3),Gerstberger S3 consensus RNA target: mRNA; putative RNA target: none; PubMed: established RBP,403,A,0.10669975186104218
X6RDS5,ribosomal protein,,very high,literature based (Gerstberger S3),Gerstberger S3 consensus RNA target: ribosomal protein; putative RNA target: none; PubMed: established RBP,153,A,0.09803921568627451
Q6R2W3,unknown,,unknown,,,1325,L,0.1079245283018868
C9JCE0,mRNA,,very high,literature based (Gerstberger S3),Gerstberger S3 consensus RNA target: mRNA; putative RNA target: none; PubMed: 21330300,148,S,0.17567567567567569
A2IDC7,ribosomal protein,,very high,literature based (Gerstberger S3),Gerstberger S3 consensus RNA target: ribosomal protein; putative RNA target: none; PubMed: established RBP,194,L,0.11855670103092783
H0Y503,mRNA,,very high,literature based (Gerstberger S3),Gerstberger S3 consensus RNA target: mRNA; putative RNA target: none; PubMed: by homology,135,E,0.16296296296296298
H7C0T8,tRNA,,very high,literature based (Gerstberger S3),"Gerstberger S3 consensus RNA target: tRNA; putative RNA target: none; PubMed: The exact function of this gene is not known. It encodes a protein with a DALR anticodon binding domain similar to that of class Ia aminoacyl tRNA synthetases. This gene is located in a cluster of genes (with a complex sense-anti-sense genome architecture) on chromosome 3, and contains two micro RNA (miRNA) precursors (mir-425 and mir-191) in one of its introns. Preferential expression of this gene (the miRNAs and other genes in the cluster) in testis suggests a role of this gene in spermatogenesis (PMID:19906709). [provided by RefSeq, Feb 2013]",184,L,0.16304347826086957
Q8IY81,pre-rRNA,,very high,literature based (Gerstberger S3),Gerstberger S3 consensus RNA target: pre-rRNA; putative RNA target: none; PubMed: SPB1 yeast homolog,847,E,0.1050767414403778
Q15637,mRNA,,very high,literature based (Gerstberger S3),"Gerstberger S3 consensus RNA target: mRNA; putative RNA target: none; PubMed: This gene encodes a nuclear pre-mRNA splicing factor. The encoded protein specifically recognizes the intron branch point sequence and is required for the early stages of spliceosome assembly. Alternate splicing results in multiple transcript variants. [provided by RefSeq, May 2010]",639,P,0.2081377151799687
Q8NDF8,diverse,,very high,literature based (Gerstberger S3),"Gerstberger S3 consensus RNA target: diverse; putative RNA target: none; PubMed: 21878619, TRAMP complex",572,S,0.11188811188811189
O14787,mRNA,,very high,literature based (Gerstberger S3),Gerstberger S3 consensus RNA target: mRNA; putative RNA target: none; PubMed: 9298975,897,L,0.13043478260869565
Q5VVQ1,tRNA,,very high,literature based (Gerstberger S3),Gerstberger S3 consensus RNA target: tRNA; putative RNA target: none; PubMed: 22773104,163,S,0.09815950920245399
A0A7P0N5L0,unknown,,very high,literature based (Gerstberger S3),Gerstberger S3 consensus RNA target: unknown; putative RNA target: none; PubMed: by domain,480,L,0.12291666666666666
Q6PIY7,mRNA,,very high,literature based (Gerstberger S3),Gerstberger S3 consensus RNA target: mRNA; putative RNA target: none; PubMed: 18172165,484,L,0.11983471074380166
P21128,snoRNA,,very high,literature based (Gerstberger S3),Gerstberger S3 consensus RNA target: snoRNA; putative RNA target: none; PubMed: established RBP,410,E,0.0951219512195122
F2Z2G3,mRNA,,very high,literature based (Gerstberger S3),Gerstberger S3 consensus RNA target: mRNA; putative RNA target: none; PubMed: established RBP,333,P,0.11411411411411411
Q49AG3,unknown,,unknown,,,693,L,0.11832611832611832
E7EV40,mRNA,,very high,literature based (Gerstberger S3),Gerstberger S3 consensus RNA target: mRNA; putative RNA target: none; PubMed: established RBP,204,S,0.10784313725490197
Q8NE35,mRNA,,very high,literature based (Gerstberger S3),Gerstberger S3 consensus RNA target: mRNA; putative RNA target: none; PubMed: established RBP,698,P,0.12464183381088825
Q9H3H3,unknown,,very high,literature based (Gerstberger S3),"Gerstberger S3 consensus RNA target: unknown; putative RNA target: none; PubMed: 22658674, 22681889",292,A,0.136986301369863
Q14240,mRNA,,very high,literature based (Gerstberger S3),Gerstberger S3 consensus RNA target: mRNA; putative RNA target: none; PubMed: established RBP,407,L,0.08845208845208845
E7ETU7,ribosomal protein,,very high,literature based (Gerstberger S3),Gerstberger S3 consensus RNA target: ribosomal protein; putative RNA target: none; PubMed: established RBP,375,G,0.10933333333333334
Q5RKV6,diverse,,very high,literature based (Gerstberger S3),Gerstberger S3 consensus RNA target: diverse; putative RNA target: none; PubMed: established RBP,272,A,0.17647058823529413
Q5VVC8,ribosomal protein,,very high,literature based (Gerstberger S3),Gerstberger S3 consensus RNA target: ribosomal protein; putative RNA target: none; PubMed: established RBP,167,G,0.10778443113772455
F5H702,ribosomal protein,,very high,literature based (Gerstberger S3),Gerstberger S3 consensus RNA target: ribosomal protein; putative RNA target: none; PubMed: established RBP,113,L,0.1415929203539823
P0C7P1,mRNA,,very high,literature based (Gerstberger S3),Gerstberger S3 consensus RNA target: mRNA; putative RNA target: none; PubMed: by homology,496,S,0.14717741935483872
F6QDS0,mRNA,,very high,literature based (Gerstberger S3),Gerstberger S3 consensus RNA target: mRNA; putative RNA target: none; PubMed: established RBP,479,L,0.10020876826722339
H7C1D4,tRNA,,very high,literature based (Gerstberger S3),Gerstberger S3 consensus RNA target: tRNA; putative RNA target: none; PubMed: 22773104,185,L,0.11351351351351352
Q9HCE1,mRNA,,very high,literature based (Gerstberger S3),Gerstberger S3 consensus RNA target: mRNA; putative RNA target: none; PubMed: established RBP,1003,L,0.13260219341974078
Q9H9A5,mRNA,,very high,literature based (Gerstberger S3),Gerstberger S3 consensus RNA target: mRNA; putative RNA target: none; PubMed: established RBP,744,L,0.11021505376344086
P26378,mRNA,,very high,literature based (Gerstberger S3),Gerstberger S3 consensus RNA target: mRNA; putative RNA target: none; PubMed: established RBP,385,S,0.09350649350649351
A0A087WXN2,mRNA,,very high,literature based (Gerstberger S3),Gerstberger S3 consensus RNA target: mRNA; putative RNA target: none; PubMed: 17803939,151,L,0.12582781456953643
P52597,mRNA,,very high,literature based (Gerstberger S3),Gerstberger S3 consensus RNA target: mRNA; putative RNA target: none; PubMed: established RBP,415,G,0.12289156626506025
P32969,ribosomal protein,,very high,literature based (Gerstberger S3),Gerstberger S3 consensus RNA target: ribosomal protein; putative RNA target: none; PubMed: established RBP,192,V,0.10416666666666667
Q53R41,mRNA,,very high,literature based (Gerstberger S3),Gerstberger S3 consensus RNA target: mRNA; putative RNA target: none; PubMed: 15501674,847,L,0.14521841794569068
P62304,snRNA,,very high,literature based (Gerstberger S3),Gerstberger S3 consensus RNA target: snRNA; putative RNA target: none; PubMed: established RBP,92,Q,0.09782608695652174
Q8TCS8,diverse,,very high,literature based (Gerstberger S3),Gerstberger S3 consensus RNA target: diverse; putative RNA target: none; PubMed: established RBP,783,V,0.08556832694763729
Q9BTE6,tRNA,,very high,literature based (Gerstberger S3),Gerstberger S3 consensus RNA target: tRNA; putative RNA target: none; PubMed: established RBP,412,L,0.10436893203883495
E7ERQ6,mRNA,,very high,literature based (Gerstberger S3),Gerstberger S3 consensus RNA target: mRNA; putative RNA target: none; PubMed: established RBP,390,P,0.12051282051282051
Q76FK4,pre-rRNA,,very high,literature based (Gerstberger S3),Gerstberger S3 consensus RNA target: pre-rRNA; putative RNA target: none; PubMed: 16963496,1167,K,0.11910882604970009
C9JZ88,ribosomal protein,,very high,literature based (Gerstberger S3),Gerstberger S3 consensus RNA target: ribosomal protein; putative RNA target: none; PubMed: established RBP,88,R,0.14772727272727273
E9PE17,ribosomal protein,,very high,literature based (Gerstberger S3),Gerstberger S3 consensus RNA target: ribosomal protein; putative RNA target: none; PubMed: established RBP,129,V,0.12403100775193798
A0A0A0MSS9,mRNA,,very high,literature based (Gerstberger S3),Gerstberger S3 consensus RNA target: mRNA; putative RNA target: none; PubMed: established RBP,486,P,0.13168724279835392
O75460,mRNA,,very high,literature based (Gerstberger S3),Gerstberger S3 consensus RNA target: mRNA; putative RNA target: none; PubMed: IRE1 RNA endonuclease,977,L,0.10951893551688843
D4PHA4,unknown,,unknown,,,493,S,0.10547667342799188
Q8WW01,tRNA,,very high,literature based (Gerstberger S3),Gerstberger S3 consensus RNA target: tRNA; putative RNA target: none; PubMed: established RBP,171,G,0.1111111111111111
F6S9K0,mRNA,,very high,literature based (Gerstberger S3),Gerstberger S3 consensus RNA target: mRNA; putative RNA target: none; PubMed: established RBP,191,P,0.09424083769633508
Q9H7B2,pre-rRNA,,very high,literature based (Gerstberger S3),Gerstberger S3 consensus RNA target: pre-rRNA; putative RNA target: none; PubMed: 12048200,306,K,0.15359477124183007
Q96Q15,mRNA,,very high,literature based (Gerstberger S3),"Gerstberger S3 consensus RNA target: mRNA; putative RNA target: none; PubMed: This gene encodes a protein involved in nonsense-mediated mRNA decay (NMD) as part of the mRNA surveillance complex. The protein has kinase activity and is thought to function in NMD by phosphorylating the regulator of nonsense transcripts 1 protein. Alternatively spliced transcript variants have been described, but their full-length nature has yet to be determined. [provided by RefSeq, Mar 2013]",3661,L,0.12127833925157061
Q9BRX9,mRNA,,very high,literature based (Gerstberger S3),"Gerstberger S3 consensus RNA target: mRNA; putative RNA target: none; PubMed: This gene encodes a member of the WD-40 protein family. The protein is proposed to function as a molecular scaffold for various multimeric protein complexes. The protein associates with several components of the extracellular signal-regulated kinase (ERK) pathway, and promotes ERK activity in response to serum or other signals. The protein also interacts with egl nine homolog 3 (EGLN3, also known as PHD3) and regulates expression of hypoxia-inducible factor 1, and has been purified as part of the spliceosome. Alternative splicing results in multiple transcript variants. [provided by RefSeq, Oct 2009]",315,L,0.10476190476190476
Q9Y676,ribosomal protein,,very high,literature based (Gerstberger S3),Gerstberger S3 consensus RNA target: ribosomal protein; putative RNA target: none; PubMed: established RBP,258,P,0.1124031007751938
Q02878,ribosomal protein,,very high,literature based (Gerstberger S3),Gerstberger S3 consensus RNA target: ribosomal protein; putative RNA target: none; PubMed: established RBP,288,K,0.18055555555555555
P62269,ribosomal protein,,very high,literature based (Gerstberger S3),Gerstberger S3 consensus RNA target: ribosomal protein; putative RNA target: none; PubMed: established RBP,152,R,0.13157894736842105
B1AHC9,mRNA,,very high,literature based (Gerstberger S3),Gerstberger S3 consensus RNA target: mRNA; putative RNA target: none; PubMed: 22190748,559,L,0.12164579606440072
C9JIZ0,snoRNA,,very high,literature based (Gerstberger S3),"Gerstberger S3 consensus RNA target: snoRNA; putative RNA target: none; PubMed: Previous names: LSM8 homolog, U6 small nuclear RNA associated",75,V,0.12
P61218,mRNA,,very high,literature based (Gerstberger S3),Gerstberger S3 consensus RNA target: mRNA; putative RNA target: none; PubMed: Pol II complex,127,E,0.14173228346456693
Q96K58,unknown,,unknown,,,619,A,0.10339256865912763
H0Y6A1,mRNA,,very high,literature based (Gerstberger S3),"Gerstberger S3 consensus RNA target: mRNA; putative RNA target: none; PubMed: This gene is one member of a family of nuclear RNA export factor genes. Common domain features of this family are a noncanonical RNP-type RNA-binding domain (RBD), 4 leucine-rich repeats (LRRs), a nuclear transport factor 2 (NTF2)-like domain that allows heterodimerization with NTF2-related export protein-1 (NXT1), and a ubiquitin-associated domain that mediates interactions with nucleoporins. The LRRs and NTF2-like domains are required for export activity. Alternative splicing seems to be a common mechanism in this gene family. The encoded protein of this gene has shortened LRR and ubiquitin-associated domains and its RDB is unable to bind RNA. It is located in the nucleoplasm but is not associated with either the nuclear envelope or the nucleolus. [provided by RefSeq, Jul 2008]",361,L,0.0997229916897507
A0A0A0MSV7,mRNA,,very high,literature based (Gerstberger S3),Gerstberger S3 consensus RNA target: mRNA; putative RNA target: none; PubMed: established RBP,84,V,0.10714285714285714
P79522,unknown,,very high,literature based (Gerstberger S3),Gerstberger S3 consensus RNA target: unknown; putative RNA target: none; PubMed: by homolohy,188,P,0.2074468085106383
H7C2C3,mRNA,,very high,literature based (Gerstberger S3),"Gerstberger S3 consensus RNA target: mRNA; putative RNA target: none; PubMed: by domain, 22658674, 22681889",144,L,0.13194444444444445
P78316,pre-rRNA,,very high,literature based (Gerstberger S3),"Gerstberger S3 consensus RNA target: pre-rRNA; putative RNA target: none; PubMed: NOP14 plays a role in the processing of the pre-18S rRNA and small ribosomal subunit assembly (Liu and Thiele, 2001 [PubMed 11694595]).[supplied by OMIM, Jun 2009]",857,L,0.12135355892648775
Q6P158,mRNA,,very high,literature based (Gerstberger S3),Gerstberger S3 consensus RNA target: mRNA; putative RNA target: none; PubMed: by homology,1386,L,0.09884559884559885
H0Y6E7,mRNA,,very high,literature based (Gerstberger S3),Gerstberger S3 consensus RNA target: mRNA; putative RNA target: none; PubMed: established RBP,292,G,0.14383561643835616
Q9UMY1,unknown,,very high,literature based (Gerstberger S3),Gerstberger S3 consensus RNA target: unknown; putative RNA target: none; PubMed: established RBP,257,K,0.1245136186770428
Q96EG3,unknown,,unknown,,,531,R,0.12617702448210924
Q6NXG1,mRNA,,very high,literature based (Gerstberger S3),"Gerstberger S3 consensus RNA target: mRNA; putative RNA target: none; PubMed: ESPR1 is an epithelial cell-type-specific splicing regulator (Warzecha et al., 2009 [PubMed 19285943]).[supplied by OMIM, Aug 2009]",681,L,0.09397944199706314
H7C2G5,mRNA,,very high,literature based (Gerstberger S3),Gerstberger S3 consensus RNA target: mRNA; putative RNA target: none; PubMed: 19005571,117,S,0.09401709401709402
J3KQ82,mRNA,,very high,literature based (Gerstberger S3),Gerstberger S3 consensus RNA target: mRNA; putative RNA target: none; PubMed: by homology,459,S,0.14814814814814814
Q7L775,unknown,,unknown,,,607,L,0.12520593080724876
Q9H7Z6,ncRNA,,very high,literature based (Gerstberger S3),Gerstberger S3 consensus RNA target: ncRNA; putative RNA target: none; PubMed: 11014199,458,K,0.09388646288209607
Q8NAT2,ncRNA,,very high,literature based (Gerstberger S3),Gerstberger S3 consensus RNA target: ncRNA; putative RNA target: none; PubMed: 21383078,981,S,0.10601427115188583
A0A0G2JJZ9,mRNA,,very high,literature based (Gerstberger S3),Gerstberger S3 consensus RNA target: mRNA; putative RNA target: none; PubMed: established RBP,328,L,0.0975609756097561
P41252,tRNA,,very high,literature based (Gerstberger S3),Gerstberger S3 consensus RNA target: tRNA; putative RNA target: none; PubMed: established RBP,1262,L,0.10935023771790808
C9J0L0,unknown,,very high,literature based (Gerstberger S3),Gerstberger S3 consensus RNA target: unknown; putative RNA target: none; PubMed: by homology,50,C,0.14
A0A0A0MSN9,mRNA,,very high,literature based (Gerstberger S3),"Gerstberger S3 consensus RNA target: mRNA; putative RNA target: none; PubMed: 18303858, The protein encoded by this gene is part of a complex termed negative elongation factor (NELF) which represses RNA polymerase II transcript elongation. This protein bears similarity to nuclear RNA-binding proteins; however, it has not been demonstrated that this protein binds RNA. The protein contains a tract of alternating basic and acidic residues, largely arginine (R) and aspartic acid (D). The gene localizes to the major histocompatibility complex (MHC) class III region on chromosome 6. [provided by RefSeq, Jul 2008]",333,R,0.14414414414414414
O75534,mRNA,,very high,literature based (Gerstberger S3),Gerstberger S3 consensus RNA target: mRNA; putative RNA target: none; PubMed: 17947529,798,V,0.08771929824561403
Q9H0Z9,mRNA,,very high,literature based (Gerstberger S3),"Gerstberger S3 consensus RNA target: mRNA; putative RNA target: none; PubMed: 24375645, 19817877",239,A,0.15481171548117154
P15170,mRNA,,very high,literature based (Gerstberger S3),"Gerstberger S3 consensus RNA target: mRNA; putative RNA target: none; PubMed: 23019593, 15326224",499,E,0.11222444889779559
P51991,mRNA,,very high,literature based (Gerstberger S3),Gerstberger S3 consensus RNA target: mRNA; putative RNA target: none; PubMed: established RBP,378,G,0.2724867724867725
A6NDY0,mRNA,,very high,literature based (Gerstberger S3),Gerstberger S3 consensus RNA target: mRNA; putative RNA target: none; PubMed: 15083517,278,E,0.1223021582733813
Q9H633,ncRNA,,very high,literature based (Gerstberger S3),"Gerstberger S3 consensus RNA target: ncRNA; putative RNA target: none; PubMed: RPP21 is a protein subunit of nuclear ribonuclease P, which processes the 5-prime leader sequence of precursor tRNAs (Jarrous et al., 2001 [PubMed 11497433]).[supplied by OMIM, Jan 2009]",154,R,0.11688311688311688
Q96H35,mRNA,,very high,literature based (Gerstberger S3),Gerstberger S3 consensus RNA target: mRNA; putative RNA target: none; PubMed: by homology,190,K,0.11578947368421053
E7EUN9,tRNA,,very high,literature based (Gerstberger S3),"Gerstberger S3 consensus RNA target: tRNA; putative RNA target: none; PubMed: This gene encodes a cytoplasmic protein that catalyzes the conversion of uridine residues to dihydrouridine in the D-loop of tRNA. The resulting modified bases confer enhanced regional flexibility to tRNA. The encoded protein may increase the rate of translation by inhibiting an interferon-induced protein kinase. This gene has been implicated in pulmonary carcinogenesis. Alternatively spliced transcript variants have been described for this gene. [provided by RefSeq, Nov 2012]",458,L,0.10262008733624454
A0A7I2XXS4,tRNA,,very high,literature based (Gerstberger S3),Gerstberger S3 consensus RNA target: tRNA; putative RNA target: none; PubMed: by homology,543,L,0.09576427255985268
Q13428,pre-rRNA,,very high,literature based (Gerstberger S3),Gerstberger S3 consensus RNA target: pre-rRNA; putative RNA target: none; PubMed: 15930015,1488,A,0.1478494623655914
E7ESC6,mRNA,,very high,literature based (Gerstberger S3),"Gerstberger S3 consensus RNA target: mRNA; putative RNA target: none; PubMed: The transport of protein and large RNAs through the nuclear pore complexes (NPC) is an energy-dependent and regulated process. The import of proteins with a nuclear localization signal (NLS) is accomplished by recognition of one or more clusters of basic amino acids by the importin-alpha/beta complex; see MIM 600685 and MIM 602738. The small GTPase RAN (MIM 601179) plays a key role in NLS-dependent protein import. RAN-binding protein-16 is a member of the importin-beta superfamily of nuclear transport receptors.[supplied by OMIM, Jul 2002]",1088,L,0.14522058823529413
Q9BQ75,pre-rRNA,,very high,literature based (Gerstberger S3),Gerstberger S3 consensus RNA target: pre-rRNA; putative RNA target: none; PubMed: established RBP,279,L,0.12903225806451613
Q9P1Y6,mRNA,,very high,literature based (Gerstberger S3),Gerstberger S3 consensus RNA target: mRNA; putative RNA target: none; PubMed: by homology,1649,S,0.12674348089751364
P62633,mRNA,,very high,literature based (Gerstberger S3),"Gerstberger S3 consensus RNA target: mRNA; putative RNA target: none; PubMed: This gene encodes a nucleic-acid binding protein with seven zinc-finger domains. The protein has a preference for binding single stranded DNA and RNA. The protein functions in cap-independent translation of ornithine decarboxylase mRNA, and may also function in sterol-mediated transcriptional regulation. A CCTG expansion in the first intron of this gene results in myotonic dystrophy type 2. Multiple transcript variants encoding different isoforms have been found for this gene. [provided by RefSeq, Jul 2008]",177,G,0.13559322033898305
P08865,ribosomal protein,,very high,literature based (Gerstberger S3),Gerstberger S3 consensus RNA target: ribosomal protein; putative RNA target: none; PubMed: established RBP,295,A,0.12542372881355932
Q6ZMS7,unknown,,unknown,,,546,R,0.09706959706959707
Q5QJE6,pre-rRNA,,very high,literature based (Gerstberger S3),"Gerstberger S3 consensus RNA target: pre-rRNA; putative RNA target: none; PubMed: by domain, This gene is thought to be involved in chromatin remodeling and gene transcription. The encoded nuclear protein binds to and enhances the transcriptional activity of the estrogen receptor alpha, and also interacts with terminal deoxynucleotidyltransferase. The expression profile of this gene is a potential biomarker for chronic obstructive pulmonary disease. [provided by RefSeq, Dec 2010]",756,S,0.12566137566137567
F6VEC6,tRNA,,very high,literature based (Gerstberger S3),Gerstberger S3 consensus RNA target: tRNA; putative RNA target: none; PubMed: established RBP,435,L,0.12643678160919541
Q8IYT2,mRNA,,very high,literature based (Gerstberger S3),Gerstberger S3 consensus RNA target: mRNA; putative RNA target: none; PubMed: 20713356,770,L,0.13246753246753246
X6RJ73,ribosomal protein,,very high,literature based (Gerstberger S3),Gerstberger S3 consensus RNA target: ribosomal protein; putative RNA target: none; PubMed: established RBP,173,R,0.10404624277456648
Q8TCP9,unknown,,unknown,,,573,L,0.14136125654450263
C9J847,mRNA,,very high,literature based (Gerstberger S3),Gerstberger S3 consensus RNA target: mRNA; putative RNA target: none; PubMed: 21330300,114,D,0.09649122807017543
Q13601,snoRNA,,very high,literature based (Gerstberger S3),Gerstberger S3 consensus RNA target: snoRNA; putative RNA target: none; PubMed: established RBP,381,K,0.16010498687664043
Q9HBD1,mRNA,,very high,literature based (Gerstberger S3),"Gerstberger S3 consensus RNA target: mRNA; putative RNA target: none; PubMed: by homology, roquin 2",1191,S,0.10243492863140219
Q5VZU3,pre-rRNA,,very high,literature based (Gerstberger S3),Gerstberger S3 consensus RNA target: pre-rRNA; putative RNA target: none; PubMed: 10790377,215,L,0.12093023255813953
C9J1C5,ribosomal protein,,very high,literature based (Gerstberger S3),Gerstberger S3 consensus RNA target: ribosomal protein; putative RNA target: none; PubMed: established RBP,52,V,0.11538461538461539
Q15477,mRNA,,very high,literature based (Gerstberger S3),Gerstberger S3 consensus RNA target: mRNA; putative RNA target: none; PubMed: established RBP,1246,L,0.13162118780096307
Q8NE71,mRNA,,very high,literature based (Gerstberger S3),Gerstberger S3 consensus RNA target: mRNA; putative RNA target: none; PubMed: 19570978,845,E,0.1242603550295858
C9JVJ0,unknown,,unknown,,,101,S,0.12871287128712872
E9PHM2,tRNA,,very high,literature based (Gerstberger S3),Gerstberger S3 consensus RNA target: tRNA; putative RNA target: none; PubMed: established RBP,860,L,0.1
O95059,ncRNA,,very high,literature based (Gerstberger S3),Gerstberger S3 consensus RNA target: ncRNA; putative RNA target: none; PubMed: 10024167,124,L,0.16129032258064516
Q5CZA5,unknown,,unknown,,,627,E,0.09250398724082935
X6RJY0,snoRNA,,very high,literature based (Gerstberger S3),Gerstberger S3 consensus RNA target: snoRNA; putative RNA target: none; PubMed: established RBP,320,E,0.15625
F8VVL1,mRNA,,very high,literature based (Gerstberger S3),"Gerstberger S3 consensus RNA target: mRNA; putative RNA target: none; PubMed: This gene encodes a protein whose expression was found to increase in cultured cells at high density but not during growth arrest. This gene was also shown to have increased expression in cells overexpressing HER-2/neu proto-oncogene. The protein contains an SUI1 domain. In budding yeast, SUI1 is a translation initiation factor that along with eIF-2 and the initiator tRNA-Met, directs the ribosome to the proper translation start site. Proteins similar to SUI have been found in mammals, insects, and plants. [provided by RefSeq, Jul 2008]",160,K,0.1375
Q9Y333,snRNA,,very high,literature based (Gerstberger S3),Gerstberger S3 consensus RNA target: snRNA; putative RNA target: none; PubMed: established RBP,95,L,0.12631578947368421
Q5T7F5,mRNA,,very high,literature based (Gerstberger S3),Gerstberger S3 consensus RNA target: mRNA; putative RNA target: none; PubMed: 20713356,372,S,0.09946236559139784
Q9H0H0,snRNA,,very high,literature based (Gerstberger S3),Gerstberger S3 consensus RNA target: snRNA; putative RNA target: none; PubMed: established RBP,1196,L,0.1454849498327759
Q8WXF0,mRNA,,very high,literature based (Gerstberger S3),Gerstberger S3 consensus RNA target: mRNA; putative RNA target: none; PubMed: established RBP,261,S,0.18773946360153257
Q9NWK9,snoRNA,,very high,literature based (Gerstberger S3),Gerstberger S3 consensus RNA target: snoRNA; putative RNA target: none; PubMed: 17636026,470,E,0.12978723404255318
P25786,unknown,,very high,literature based (Gerstberger S3),Gerstberger S3 consensus RNA target: unknown; putative RNA target: none; PubMed: 7681138,263,L,0.09125475285171103
F6TAI2,mRNA,,very high,literature based (Gerstberger S3),Gerstberger S3 consensus RNA target: mRNA; putative RNA target: none; PubMed: established RBP,324,G,0.12037037037037036
Q8WUQ7,mRNA,,very high,literature based (Gerstberger S3),Gerstberger S3 consensus RNA target: mRNA; putative RNA target: none; PubMed: established RBP,758,R,0.12532981530343007
Q9Y3B7,ribosomal protein,,very high,literature based (Gerstberger S3),Gerstberger S3 consensus RNA target: ribosomal protein; putative RNA target: none; PubMed: established RBP,192,A,0.13020833333333334
Q96CB8,snRNA,,very high,literature based (Gerstberger S3),Gerstberger S3 consensus RNA target: snRNA; putative RNA target: none; PubMed: established RBP,462,S,0.15367965367965367
E7ETK0,ribosomal protein,,very high,literature based (Gerstberger S3),Gerstberger S3 consensus RNA target: ribosomal protein; putative RNA target: none; PubMed: established RBP,131,K,0.16793893129770993
P0C7T5,mRNA,,very high,literature based (Gerstberger S3),Gerstberger S3 consensus RNA target: mRNA; putative RNA target: none; PubMed: established RBP,689,S,0.1204644412191582
Q96BT7,tRNA,,very high,literature based (Gerstberger S3),"Gerstberger S3 consensus RNA target: tRNA; putative RNA target: none; PubMed: 20123966, 21285950",664,S,0.08885542168674698
Q5QPL9,mRNA,,very high,literature based (Gerstberger S3),Gerstberger S3 consensus RNA target: mRNA; putative RNA target: none; PubMed: established RBP,237,G,0.14345991561181434
Q587J7,ncRNA,,very high,literature based (Gerstberger S3),Gerstberger S3 consensus RNA target: ncRNA; putative RNA target: none; PubMed: 24067652,1177,L,0.10960067969413764
P54253,mRNA,,very high,literature based (Gerstberger S3),"Gerstberger S3 consensus RNA target: mRNA; putative RNA target: none; PubMed: 15615787, 11136710",815,S,0.10920245398773006
Q9UHC7,mRNA,,very high,literature based (Gerstberger S3),Gerstberger S3 consensus RNA target: mRNA; putative RNA target: none; PubMed: 22128154,482,E,0.1037344398340249
A0A0C4DG89,snRNA,,very high,literature based (Gerstberger S3),"Gerstberger S3 consensus RNA target: snRNA; putative RNA target: none; PubMed: 14713954, The protein encoded by this gene is a component of the 17S U2 snRNP complex; it plays an important role in pre-mRNA splicing. [provided by RefSeq, Jul 2008]",1032,E,0.10562015503875968
C9JE40,mRNA,,very high,literature based (Gerstberger S3),Gerstberger S3 consensus RNA target: mRNA; putative RNA target: none; PubMed: 17936923,543,L,0.14548802946593
Q5JW28,unknown,,unknown,,,199,K,0.1306532663316583
B0QY89,mRNA,,very high,literature based (Gerstberger S3),Gerstberger S3 consensus RNA target: mRNA; putative RNA target: none; PubMed: 17322308,607,L,0.09555189456342669
Q9H2U1,mRNA,,very high,literature based (Gerstberger S3),"Gerstberger S3 consensus RNA target: mRNA; putative RNA target: none; PubMed: The protein encoded by this gene has been shown to enhance the deadenylation and decay of mRNAs with 3'-UTR AU-rich elements (ARE-mRNA). The protein has also been shown to resolve into single strands the highly stable tetramolecular DNA configuration (G4) that can form spontaneously in guanine-rich regions of DNA. Alternative splicing results in multiple transcript variants encoding different isoforms. [provided by RefSeq, Jul 2008]",1008,L,0.09523809523809523
H7C4E7,mRNA,,very high,literature based (Gerstberger S3),Gerstberger S3 consensus RNA target: mRNA; putative RNA target: none; PubMed: 12767259,151,R,0.11258278145695365
C9J4W5,mRNA,,very high,literature based (Gerstberger S3),Gerstberger S3 consensus RNA target: mRNA; putative RNA target: none; PubMed: by homology,115,K,0.10434782608695652
Q9BWE0,unknown,,very high,literature based (Gerstberger S3),Gerstberger S3 consensus RNA target: unknown; putative RNA target: none; PubMed: established RBP,567,R,0.12345679012345678
F8WAS2,unknown,,unknown,,,213,V,0.10328638497652583
Q8N7X1,mRNA,,very high,literature based (Gerstberger S3),Gerstberger S3 consensus RNA target: mRNA; putative RNA target: none; PubMed: by homology,1067,G,0.1836925960637301
Q6PI26,snoRNA,,very high,literature based (Gerstberger S3),Gerstberger S3 consensus RNA target: snoRNA; putative RNA target: none; PubMed: 19383767,577,L,0.10745233968804159
P56182,pre-rRNA,,very high,literature based (Gerstberger S3),"Gerstberger S3 consensus RNA target: pre-rRNA; putative RNA target: none; PubMed: The protein encoded by this gene is the putative homolog of the yeast ribosomal RNA processing protein RRP1. The encoded protein is involved in the late stages of nucleologenesis at the end of mitosis, and may be required for the generation of 28S rRNA. [provided by RefSeq, Jul 2008]",461,R,0.11279826464208242
Q86TG7,unknown,,very high,literature based (Gerstberger S3),"Gerstberger S3 consensus RNA target: unknown; putative RNA target: none; PubMed: 22658674, 22681889",708,P,0.1172316384180791
H0Y863,pre-rRNA,,very high,literature based (Gerstberger S3),Gerstberger S3 consensus RNA target: pre-rRNA; putative RNA target: none; PubMed: 18332121,132,K,0.12121212121212122
Q96EK7,unknown,,very high,literature based (Gerstberger S3),Gerstberger S3 consensus RNA target: unknown; putative RNA target: none; PubMed: established RBP,910,L,0.09340659340659341
C9J7E5,mRNA,,very high,literature based (Gerstberger S3),Gerstberger S3 consensus RNA target: mRNA; putative RNA target: none; PubMed: 12628928,957,L,0.14106583072100312
C9J6P4,ncRNA,,very high,literature based (Gerstberger S3),Gerstberger S3 consensus RNA target: ncRNA; putative RNA target: none; PubMed: 20451500,1024,S,0.109375
Q8IZH2,diverse,,very high,literature based (Gerstberger S3),Gerstberger S3 consensus RNA target: diverse; putative RNA target: none; PubMed: established RBP,1706,S,0.08440797186400938
O15042,snRNA,,low,UniProt annotation/metadata,uniprot_protein_name: snRNP,1029,E,0.11661807580174927
Q99497,mRNA,,very high,literature based (Gerstberger S3),Gerstberger S3 consensus RNA target: mRNA; putative RNA target: none; PubMed: 18626009,189,A,0.12698412698412698
Q9C0B1,mRNA,,very high,literature based (Gerstberger S3),Gerstberger S3 consensus RNA target: mRNA; putative RNA target: none; PubMed: 23653210,505,L,0.11089108910891089
C9J0B9,mRNA,,very high,literature based (Gerstberger S3),Gerstberger S3 consensus RNA target: mRNA; putative RNA target: none; PubMed: established RBP,218,K,0.09174311926605505
P38398,ncRNA,,very high,literature based (Gerstberger S3),Gerstberger S3 consensus RNA target: ncRNA; putative RNA target: none; PubMed: 12419249,1863,S,0.1202361782071927
C9JYQ9,ribosomal protein,,very high,literature based (Gerstberger S3),Gerstberger S3 consensus RNA target: ribosomal protein; putative RNA target: none; PubMed: established RBP,121,K,0.1322314049586777
Q5RL73,mRNA,,very high,literature based (Gerstberger S3),Gerstberger S3 consensus RNA target: mRNA; putative RNA target: none; PubMed: by homology,367,K,0.08174386920980926
Q5T7N2,mRNA,,very high,literature based (Gerstberger S3),Gerstberger S3 consensus RNA target: mRNA; putative RNA target: none; PubMed: 22162396,865,E,0.15606936416184972
H7C5K7,unknown,,very high,literature based (Gerstberger S3),"Gerstberger S3 consensus RNA target: unknown; putative RNA target: none; PubMed: This gene encodes a member of the poly(ADP-ribose) polymerase superfamily. Studies of the mouse ortholog have shown that the encoded protein catalyzes histone poly(ADP-ribosyl)ation and may be involved in T-cell function. Alternative splicing results in multiple transcript variants. [provided by RefSeq, May 2010]",360,S,0.08055555555555556
H7C5L9,ribosomal protein,,very high,literature based (Gerstberger S3),Gerstberger S3 consensus RNA target: ribosomal protein; putative RNA target: none; PubMed: established RBP,329,L,0.0972644376899696
Q8TAS1,mRNA,,very high,literature based (Gerstberger S3),Gerstberger S3 consensus RNA target: mRNA; putative RNA target: none; PubMed: by homology,419,L,0.11933174224343675
Q13769,mRNA,,very high,literature based (Gerstberger S3),Gerstberger S3 consensus RNA target: mRNA; putative RNA target: none; PubMed: 18373705,683,L,0.11859443631039532
C9JP00,mRNA,,very high,literature based (Gerstberger S3),Gerstberger S3 consensus RNA target: mRNA; putative RNA target: none; PubMed: established RBP,348,A,0.13793103448275862
Q00059,mRNA,,very high,literature based (Gerstberger S3),"Gerstberger S3 consensus RNA target: mRNA; putative RNA target: none; PubMed: 22658674, 22681889",246,K,0.12601626016260162
Q969Z0,mRNA,,very high,literature based (Gerstberger S3),Gerstberger S3 consensus RNA target: mRNA; putative RNA target: none; PubMed: by homology,631,L,0.17432646592709986
E9PFF5,mRNA,,very high,literature based (Gerstberger S3),Gerstberger S3 consensus RNA target: mRNA; putative RNA target: none; PubMed: established RBP,490,R,0.09795918367346938
P47914,ribosomal protein,,very high,literature based (Gerstberger S3),Gerstberger S3 consensus RNA target: ribosomal protein; putative RNA target: none; PubMed: established RBP,159,K,0.20125786163522014
O60783,ribosomal protein,,very high,literature based (Gerstberger S3),Gerstberger S3 consensus RNA target: ribosomal protein; putative RNA target: none; PubMed: established RBP,128,R,0.1640625
P62945,ribosomal protein,,very high,literature based (Gerstberger S3),Gerstberger S3 consensus RNA target: ribosomal protein; putative RNA target: none; PubMed: established RBP,25,R,0.4
Q08J23,tRNA,,very high,literature based (Gerstberger S3),"Gerstberger S3 consensus RNA target: tRNA; putative RNA target: none; PubMed: This gene encodes a methyltransferase that catalyzes the methylation of cytosine to 5-methylcytosine (m5C) at position 34 of intron-containing tRNA(Leu)(CAA) precursors. This modification is necessary to stabilize the anticodon-codon pairing and correctly translate the mRNA. Alternatively spliced transcript variants encoding different isoforms have been noted for this gene.[provided by RefSeq, Mar 2011]",767,L,0.09647979139504563
E9PB61,mRNA,,very high,literature based (Gerstberger S3),Gerstberger S3 consensus RNA target: mRNA; putative RNA target: none; PubMed: 17190602,264,G,0.19318181818181818
H0Y8P4,snoRNA,,very high,literature based (Gerstberger S3),Gerstberger S3 consensus RNA target: snoRNA; putative RNA target: none; PubMed: established RBP,545,L,0.09908256880733946
Q499Z4,unknown,,unknown,,,452,R,0.13053097345132744
E7ET15,snRNA,,very high,literature based (Gerstberger S3),Gerstberger S3 consensus RNA target: snRNA; putative RNA target: none; PubMed: established RBP,1028,E,0.11673151750972763
H0Y8X3,mRNA,,very high,literature based (Gerstberger S3),Gerstberger S3 consensus RNA target: mRNA; putative RNA target: none; PubMed: by homology,171,L,0.0935672514619883
Q5H9U9,ncRNA,,very high,literature based (Gerstberger S3),Gerstberger S3 consensus RNA target: ncRNA; putative RNA target: none; PubMed: by homology,1706,L,0.12602579132473624
Q4G0J3,ncRNA,,very high,literature based (Gerstberger S3),"Gerstberger S3 consensus RNA target: ncRNA; putative RNA target: none; PubMed: This gene encodes a protein which is found in the 7SK snRNP (small nuclear ribonucleoprotein). This snRNP complex inhibits a cyclin-dependent kinase, positive transcription elongation factor b, which is required for paused RNA polymerase II at a promoter to begin transcription elongation. A pseudogene of this gene is located on chromosome 3. Alternative splicing results in multiple transcript variants. [provided by RefSeq, May 2012]",582,K,0.15463917525773196
D6R9X9,ribosomal protein,,very high,literature based (Gerstberger S3),Gerstberger S3 consensus RNA target: ribosomal protein; putative RNA target: none; PubMed: established RBP,74,K,0.14864864864864866
D6R9W6,mRNA,,very high,literature based (Gerstberger S3),Gerstberger S3 consensus RNA target: mRNA; putative RNA target: none; PubMed: by homology,518,E,0.10231660231660232
F6VAP0,mRNA,,very high,literature based (Gerstberger S3),Gerstberger S3 consensus RNA target: mRNA; putative RNA target: none; PubMed: by homology,555,A,0.13333333333333333
A0A0B4J203,mRNA,,very high,literature based (Gerstberger S3),"Gerstberger S3 consensus RNA target: mRNA; putative RNA target: none; PubMed: This gene encodes a subunit of the CPSF (cleavage and polyadenylation specificity factor) complex that polyadenylates the 3' end of mRNA precursors. This gene, the homolog of yeast Fip1 (factor interacting with PAP), binds to U-rich sequences of pre-mRNA and stimulates poly(A) polymerase activity.",849,S,0.09658421672555949
D6R954,tRNA,,very high,literature based (Gerstberger S3),Gerstberger S3 consensus RNA target: tRNA; putative RNA target: none; PubMed: by homology,199,K,0.1407035175879397
H0Y9C1,mRNA,,very high,literature based (Gerstberger S3),Gerstberger S3 consensus RNA target: mRNA; putative RNA target: none; PubMed: established RBP,435,L,0.13333333333333333
D6RCB9,snoRNA,,very high,literature based (Gerstberger S3),Gerstberger S3 consensus RNA target: snoRNA; putative RNA target: none; PubMed: established RBP,135,K,0.1037037037037037
Q9BTF0,tRNA,,very high,literature based (Gerstberger S3),Gerstberger S3 consensus RNA target: tRNA; putative RNA target: none; PubMed: by homology,503,L,0.09940357852882704
Q9NP92,ribosomal protein,,very high,literature based (Gerstberger S3),Gerstberger S3 consensus RNA target: ribosomal protein; putative RNA target: none; PubMed: established RBP,439,A,0.10250569476082004
O43660,mRNA,,very high,literature based (Gerstberger S3),"Gerstberger S3 consensus RNA target: mRNA; putative RNA target: none; PubMed: This gene encodes a core component of the cell division cycle 5-like (CDC5L) complex. The CDC5L complex is part of the spliceosome and is required for pre-mRNA splicing. The encoded protein plays a critical role in alternative splice site selection. Alternatively spliced transcript variants encoding multiple isoforms have been observed for this gene. [provided by RefSeq, Jan 2011]",514,V,0.07976653696498054
Q8TBY0,mRNA,,very high,literature based (Gerstberger S3),Gerstberger S3 consensus RNA target: mRNA; putative RNA target: none; PubMed: by homology,533,E,0.07879924953095685
Q8NI36,pre-rRNA,,very high,literature based (Gerstberger S3),"Gerstberger S3 consensus RNA target: pre-rRNA; putative RNA target: none; PubMed: UTP21yeast homolog,  U3 small nucleolar RNA-associated protein 21",895,L,0.11843575418994413
Q9NQI0,mRNA,,very high,literature based (Gerstberger S3),Gerstberger S3 consensus RNA target: mRNA; putative RNA target: none; PubMed: established RBP,724,G,0.11187845303867404
P09132,ncRNA,,very high,literature based (Gerstberger S3),"Gerstberger S3 consensus RNA target: ncRNA; putative RNA target: none; PubMed: The signal recognition particle (SRP) binds to the signal peptide of proteins as they are being translated. The binding of the SRP halts translation and the complex is then transported to the endoplasmic reticulum's cytoplasmic surface. The SRP then aids translocation of the protein through the ER membrane. The SRP is a ribonucleoprotein that is composed of a small RNA and several proteins. One of these proteins is the SRP19 protein [1] (Sec65 in yeast [2,3]).",144,K,0.11805555555555555
Q99729,mRNA,,very high,literature based (Gerstberger S3),Gerstberger S3 consensus RNA target: mRNA; putative RNA target: none; PubMed: established RBP,332,G,0.1716867469879518
Q92540,mRNA,,very high,literature based (Gerstberger S3),"Gerstberger S3 consensus RNA target: mRNA; putative RNA target: none; PubMed: This gene encodes a protein that is essential for nonsense-mediated mRNA decay (NMD); a process whereby transcripts with premature termination codons are targeted for rapid degradation by a mRNA decay complex. The mRNA decay complex consists, in part, of this protein along with proteins SMG5 and UPF1. The N-terminal domain of this protein is thought to mediate its association with SMG5 or UPF1 while the C-terminal domain interacts with the mRNA decay complex. This protein may therefore couple changes in UPF1 phosphorylation state to the degradation of NMD-candidate transcripts. Alternative splicing results in multiple transcript variants encoding distinct isoforms. [provided by RefSeq, Aug 2011]",1137,S,0.11345646437994723
Q9NQI0,mRNA,,very high,literature based (Gerstberger S3),Gerstberger S3 consensus RNA target: mRNA; putative RNA target: none; PubMed: established RBP,724,G,0.11187845303867404
P06730,mRNA,,very high,literature based (Gerstberger S3),"Gerstberger S3 consensus RNA target: mRNA; putative RNA target: none; PubMed: The protein encoded by this gene is a component of the eukaryotic translation initiation factor 4F complex, which recognizes the 7-methylguanosine cap structure at the 5' end of cellular mRNAs. The encoded protein aids in translation initiation by recruiting ribosomes to the mRNA. Association of this protein with the 4F complex is the rate-limiting step in translation initiation. Three transcript variants encoding different isoforms have been found for this gene. [provided by RefSeq, Jan 2012]",217,T,0.08294930875576037
D6RJF2,mRNA,,very high,literature based (Gerstberger S3),"Gerstberger S3 consensus RNA target: mRNA; putative RNA target: none; PubMed: The protein encoded by this gene interacts with poly(A)-binding protein and with the cap-binding complex eIF4A. It is involved in translational initiation and protein biosynthesis. Overexpression of this gene in COS7 cells stimulates translation. Alternative splicing occurs at this locus and three transcript variants encoding three distinct isoforms have been identified. [provided by RefSeq, Jul 2008]",200,L,0.125
Q8IU60,mRNA,,very high,literature based (Gerstberger S3),"Gerstberger S3 consensus RNA target: mRNA; putative RNA target: none; PubMed: The protein encoded by this gene is a key component of an mRNA-decapping complex required for degradation of mRNAs, both in normal mRNA turnover, and in nonsense-mediated mRNA decay (NMD). It removes the 7-methyl guanine cap structure from mRNA, prior to its degradation from the 5' end. Alternatively spliced transcript variants encoding different isoforms have been noted for this gene.[provided by RefSeq, Jun 2011]",420,L,0.0880952380952381
Q9P2J5,tRNA,,very high,literature based (Gerstberger S3),Gerstberger S3 consensus RNA target: tRNA; putative RNA target: none; PubMed: established RBP,1176,L,0.09523809523809523
H0YA61,mRNA,,very high,literature based (Gerstberger S3),Gerstberger S3 consensus RNA target: mRNA; putative RNA target: none; PubMed: 24356969,80,A,0.1375
O00584,diverse,,very high,literature based (Gerstberger S3),Gerstberger S3 consensus RNA target: diverse; putative RNA target: none; PubMed: established RBP,256,L,0.11328125
D6RG13,ribosomal protein,,very high,literature based (Gerstberger S3),Gerstberger S3 consensus RNA target: ribosomal protein; putative RNA target: none; PubMed: established RBP,223,K,0.13004484304932734
Q15797,ncRNA,,very high,literature based (Gerstberger S3),Gerstberger S3 consensus RNA target: ncRNA; putative RNA target: none; PubMed: 20705240,465,S,0.1032258064516129
P53999,mRNA,,very high,literature based (Gerstberger S3),Gerstberger S3 consensus RNA target: mRNA; putative RNA target: none; PubMed: 20305379,127,S,0.16535433070866143
D6REA0,tRNA,,very high,literature based (Gerstberger S3),Gerstberger S3 consensus RNA target: tRNA; putative RNA target: none; PubMed: 19805282,516,L,0.1124031007751938
Q969S9,mRNA,,very high,literature based (Gerstberger S3),"Gerstberger S3 consensus RNA target: mRNA; putative RNA target: none; PubMed: This gene encodes one of the mitochondrial translation elongation factors, which is a GTPase that plays a role at the termination of mitochondrial translation by mediating the disassembly of ribosomes from messenger RNA . Its role in the regulation of normal mitochondrial function and in disease states attributed to mitochondrial dysfunction is not known. Alternative splicing results in multiple transcript variants encoding distinct isoforms. [provided by RefSeq, Jul 2013]",779,L,0.11938382541720154
D6RJB1,mRNA,,very high,literature based (Gerstberger S3),"Gerstberger S3 consensus RNA target: mRNA; putative RNA target: none; PubMed: Importins, including IPO11, are a members of the karyopherin/importin-beta family of transport receptors (see KPNB1; 602738) that mediate nucleocytoplasmic transport of protein and RNA cargoes (Plafker and Macara, 2000 [PubMed 11032817]).[supplied by OMIM, Sep 2008]",162,L,0.12962962962962962
D6RIC3,pre-rRNA,,very high,literature based (Gerstberger S3),Gerstberger S3 consensus RNA target: pre-rRNA; putative RNA target: none; PubMed: 11583614,150,R,0.12666666666666668
Q8IXT5,mRNA,,very high,literature based (Gerstberger S3),Gerstberger S3 consensus RNA target: mRNA; putative RNA target: none; PubMed: by homology,1001,R,0.12687312687312688
G3XAN0,ribosomal protein,,very high,literature based (Gerstberger S3),Gerstberger S3 consensus RNA target: ribosomal protein; putative RNA target: none; PubMed: established RBP,64,T,0.125
Q9H2T7,mRNA,,very high,literature based (Gerstberger S3),"Gerstberger S3 consensus RNA target: mRNA; putative RNA target: none; PubMed: The transport of protein and large RNAs through the nuclear pore complexes (NPC) is an energy-dependent and regulated process. The import of proteins with a nuclear localization signal (NLS) is accomplished by recognition of one or more clusters of basic amino acids by the importin-alpha/beta complex; see MIM 600685 and MIM 602738. The small GTPase RAN (MIM 601179) plays a key role in NLS-dependent protein import. RAN-binding protein-17 is a member of the importin-beta superfamily of nuclear transport receptors.[supplied by OMIM, Jul 2002]",1088,L,0.1488970588235294
P62888,ribosomal protein,,very high,literature based (Gerstberger S3),Gerstberger S3 consensus RNA target: ribosomal protein; putative RNA target: none; PubMed: established RBP,115,K,0.12173913043478261
G5EA06,ribosomal protein,,very high,literature based (Gerstberger S3),Gerstberger S3 consensus RNA target: ribosomal protein; putative RNA target: none; PubMed: established RBP,358,L,0.13687150837988826
Q8TC59,ncRNA,,very high,literature based (Gerstberger S3),Gerstberger S3 consensus RNA target: ncRNA; putative RNA target: none; PubMed: established RBP,973,L,0.10380267214799589
Q2WGJ9,unknown,,unknown,,,1857,K,0.0888529886914378
E5RHF4,ribosomal protein,,very high,literature based (Gerstberger S3),Gerstberger S3 consensus RNA target: ribosomal protein; putative RNA target: none; PubMed: established RBP,198,G,0.12626262626262627
Q6PKG0,mRNA,,very high,literature based (Gerstberger S3),Gerstberger S3 consensus RNA target: mRNA; putative RNA target: none; PubMed: 24532714,1096,P,0.10218978102189781
H0YB34,unknown,,very high,literature based (Gerstberger S3),Gerstberger S3 consensus RNA target: unknown; putative RNA target: none; PubMed: 8530410,148,A,0.10135135135135136
Q5TAP6,snoRNA,,very high,literature based (Gerstberger S3),Gerstberger S3 consensus RNA target: snoRNA; putative RNA target: none; PubMed: established RBP,766,E,0.13446475195822455
E5RJP0,unknown,,unknown,,,122,L,0.10655737704918032
E7ESL0,ribosomal protein,,very high,literature based (Gerstberger S3),Gerstberger S3 consensus RNA target: ribosomal protein; putative RNA target: none; PubMed: established RBP,212,L,0.10377358490566038
E5RJM0,mRNA,,very high,literature based (Gerstberger S3),Gerstberger S3 consensus RNA target: mRNA; putative RNA target: none; PubMed: established RBP,639,S,0.11424100156494522
Q9NV88,snRNA,,very high,literature based (Gerstberger S3),"Gerstberger S3 consensus RNA target: snRNA; putative RNA target: none; PubMed: 22252320, This protein complex binds the C-terminal domain of RNA polymerase II and likely plays a role in small nuclear RNA processing",658,L,0.12462006079027356
Q8N8Q3,tRNA,,very high,literature based (Gerstberger S3),Gerstberger S3 consensus RNA target: tRNA; putative RNA target: none; PubMed: 23912683,282,L,0.13120567375886524
Q96DE0,snoRNA,,very high,literature based (Gerstberger S3),Gerstberger S3 consensus RNA target: snoRNA; putative RNA target: none; PubMed: 21337011,195,L,0.1641025641025641
E7ERJ7,mRNA,,very high,literature based (Gerstberger S3),"Gerstberger S3 consensus RNA target: mRNA; putative RNA target: none; PubMed: This gene encodes a poly(A) binding protein. The protein shuttles between the nucleus and cytoplasm and binds to the 3' poly(A) tail of eukaryotic messenger RNAs via RNA-recognition motifs. The binding of this protein to poly(A) promotes ribosome recruitment and translation initiation; it is also required for poly(A) shortening which is the first step in mRNA decay. The gene is part of a small gene family including three protein-coding genes and several pseudogenes.[provided by RefSeq, Aug 2010]",604,A,0.1076158940397351
O15372,mRNA,,very high,literature based (Gerstberger S3),Gerstberger S3 consensus RNA target: mRNA; putative RNA target: none; PubMed: established RBP,352,L,0.09659090909090909
E7EPX0,mRNA,,very high,literature based (Gerstberger S3),Gerstberger S3 consensus RNA target: mRNA; putative RNA target: none; PubMed: established RBP,491,K,0.09572301425661914
H0YBR2,mRNA,,very high,literature based (Gerstberger S3),"Gerstberger S3 consensus RNA target: mRNA; putative RNA target: none; PubMed: ESPR1 is an epithelial cell-type-specific splicing regulator (Warzecha et al., 2009 [PubMed 19285943]).[supplied by OMIM, Aug 2009]",502,A,0.08366533864541832
Q86SE5,mRNA,,very high,literature based (Gerstberger S3),Gerstberger S3 consensus RNA target: mRNA; putative RNA target: none; PubMed: established RBP,291,K,0.09278350515463918
E5RGH2,mRNA,,very high,literature based (Gerstberger S3),Gerstberger S3 consensus RNA target: mRNA; putative RNA target: none; PubMed: established RBP,147,E,0.09523809523809523
Q8IV48,pre-rRNA,,very high,literature based (Gerstberger S3),Gerstberger S3 consensus RNA target: pre-rRNA; putative RNA target: none; PubMed: established RBP,349,K,0.09455587392550144
Q75QN2,snRNA,,very high,literature based (Gerstberger S3),Gerstberger S3 consensus RNA target: snRNA; putative RNA target: none; PubMed: established RBP,995,L,0.12964824120603016
E5RK86,ribosomal protein,,very high,literature based (Gerstberger S3),Gerstberger S3 consensus RNA target: ribosomal protein; putative RNA target: none; PubMed: established RBP,108,L,0.16666666666666666
Q9UFF9,mRNA,,very high,literature based (Gerstberger S3),Gerstberger S3 consensus RNA target: mRNA; putative RNA target: none; PubMed: established RBP,292,L,0.11643835616438356
E5RJI7,ribosomal protein,,very high,literature based (Gerstberger S3),Gerstberger S3 consensus RNA target: ribosomal protein; putative RNA target: none; PubMed: established RBP,147,L,0.10884353741496598
O75569,ncRNA,,very high,literature based (Gerstberger S3),"Gerstberger S3 consensus RNA target: ncRNA; putative RNA target: none; PubMed: This gene encodes a protein kinase activated by double-stranded RNA which mediates the effects of interferon in response to viral infection. Mutations in this gene have been associated with dystonia. Alternative splicing results in multiple transcript variants. [provided by RefSeq, Nov 2008]",313,L,0.08945686900958466
Q6IS14,mRNA,,very high,literature based (Gerstberger S3),Gerstberger S3 consensus RNA target: mRNA; putative RNA target: none; PubMed: by homology,154,G,0.09090909090909091
E5RJZ9,mRNA,,very high,literature based (Gerstberger S3),Gerstberger S3 consensus RNA target: mRNA; putative RNA target: none; PubMed: established RBP,265,G,0.10566037735849057
P49756,mRNA,,very high,literature based (Gerstberger S3),Gerstberger S3 consensus RNA target: mRNA; putative RNA target: none; PubMed: 18663000,843,E,0.17556346381969157
E9PJD9,ribosomal protein,,very high,literature based (Gerstberger S3),Gerstberger S3 consensus RNA target: ribosomal protein; putative RNA target: none; PubMed: established RBP,91,K,0.14285714285714285
E9PJG9,ncRNA,,very high,literature based (Gerstberger S3),Gerstberger S3 consensus RNA target: ncRNA; putative RNA target: none; PubMed: established RBP,54,R,0.2037037037037037
Q9UHX1,mRNA,,very high,literature based (Gerstberger S3),Gerstberger S3 consensus RNA target: mRNA; putative RNA target: none; PubMed: established RBP,559,A,0.1252236135957066
E9PIF2,pre-rRNA,,very high,literature based (Gerstberger S3),Gerstberger S3 consensus RNA target: pre-rRNA; putative RNA target: none; PubMed: 23153376,835,K,0.11377245508982035
E9PRK2,tRNA,,very high,literature based (Gerstberger S3),Gerstberger S3 consensus RNA target: tRNA; putative RNA target: none; PubMed: established RBP,241,L,0.0954356846473029
Q9BZE2,tRNA,,very high,literature based (Gerstberger S3),"Gerstberger S3 consensus RNA target: tRNA; putative RNA target: none; PubMed: The protein encoded by this gene catalyzes the formation of tRNA pseudouridine from tRNA uridine at position 39 in the anticodon stem and loop of transfer RNAs. Two transcript variants encoding different isoforms have been found for this gene. [provided by RefSeq, Dec 2012]",481,E,0.08731808731808732
Q16560,snRNA,,very high,literature based (Gerstberger S3),Gerstberger S3 consensus RNA target: snRNA; putative RNA target: none; PubMed: established RBP,246,R,0.16260162601626016
H0YD25,unknown,,unknown,,,96,L,0.16666666666666666
A1L020,mRNA,,very high,literature based (Gerstberger S3),Gerstberger S3 consensus RNA target: mRNA; putative RNA target: none; PubMed: established RBP,520,G,0.12307692307692308
E9PN81,diverse,,very high,literature based (Gerstberger S3),Gerstberger S3 consensus RNA target: diverse; putative RNA target: none; PubMed: established RBP,247,G,0.10931174089068826
Q9H0A0,pre-rRNA,,very high,literature based (Gerstberger S3),Gerstberger S3 consensus RNA target: pre-rRNA; putative RNA target: none; PubMed: KRE33 yeast homolog,1025,L,0.13170731707317074
E9PMM9,ribosomal protein,,very high,literature based (Gerstberger S3),Gerstberger S3 consensus RNA target: ribosomal protein; putative RNA target: none; PubMed: established RBP,218,G,0.18807339449541285
E9PL19,mRNA,,medium,GO based,go_biological_process: mRNA; go_biological_process: mrna splicing; go_biological_process: rna splicing; go_biological_process: spliceosome,596,A,0.12416107382550336
E9PL09,ribosomal protein,,very high,literature based (Gerstberger S3),Gerstberger S3 consensus RNA target: ribosomal protein; putative RNA target: none; PubMed: established RBP,231,V,0.09956709956709957
P29692,tRNA,,very high,literature based (Gerstberger S3),"Gerstberger S3 consensus RNA target: tRNA; putative RNA target: none; PubMed: This gene encodes a subunit of the elongation factor-1 complex, which is responsible for the enzymatic delivery of aminoacyl tRNAs to the ribosome. This subunit, delta, functions as guanine nucleotide exchange factor. It is reported that following HIV-1 infection, this subunit interacts with HIV-1 Tat. This interaction results in repression of translation of host cell proteins and enhanced translation of viral proteins. Several alternatively spliced transcript variants encoding multiple isoforms have been found for this gene. Related pseudogenes have been defined on chromosomes 1, 6, 7, 9, 11, 13, 17, 19.[provided by RefSeq, Aug 2010]",281,A,0.10320284697508897
P78344,mRNA,,very high,literature based (Gerstberger S3),"Gerstberger S3 consensus RNA target: mRNA; putative RNA target: none; PubMed: Translation initiation is mediated by specific recognition of the cap structure by eukaryotic translation initiation factor 4F (eIF4F), which is a cap binding protein complex that consists of three subunits: eIF4A, eIF4E and eIF4G. The protein encoded by this gene shares similarity with the C-terminal region of eIF4G that contains the binding sites for eIF4A and eIF3; eIF4G, in addition, contains a binding site for eIF4E at the N-terminus. Unlike eIF4G, which supports cap-dependent and independent translation, this gene product functions as a general repressor of translation by forming translationally inactive complexes. In vitro and in vivo studies indicate that translation of this mRNA initiates exclusively at a non-AUG (GUG) codon. Alternatively spliced transcript variants encoding different isoforms of this gene have been described. [provided by RefSeq, Jul 2008]",907,L,0.12458654906284454
Q9Y2W1,mRNA,,very high,literature based (Gerstberger S3),Gerstberger S3 consensus RNA target: mRNA; putative RNA target: none; PubMed: 22424773,955,S,0.16335078534031414
H0YDK8,mRNA,,very high,literature based (Gerstberger S3),Gerstberger S3 consensus RNA target: mRNA; putative RNA target: none; PubMed: established RBP,900,A,0.1111111111111111
P13489,diverse,,very high,literature based (Gerstberger S3),Gerstberger S3 consensus RNA target: diverse; putative RNA target: none; PubMed: inhibitor of ANG,461,L,0.19956616052060738
Q96HW7,snRNA,,very high,literature based (Gerstberger S3),Gerstberger S3 consensus RNA target: snRNA; putative RNA target: none; PubMed: established RBP,963,L,0.13187954309449637
Q92989,mRNA,,very high,literature based (Gerstberger S3),Gerstberger S3 consensus RNA target: mRNA; putative RNA target: none; PubMed: established RBP,425,V,0.10823529411764705
P62851,ribosomal protein,,very high,literature based (Gerstberger S3),Gerstberger S3 consensus RNA target: ribosomal protein; putative RNA target: none; PubMed: established RBP,125,K,0.216
E9PKU4,ribosomal protein,,very high,literature based (Gerstberger S3),Gerstberger S3 consensus RNA target: ribosomal protein; putative RNA target: none; PubMed: established RBP,235,G,0.13617021276595745
P62861,ribosomal protein,,very high,literature based (Gerstberger S3),Gerstberger S3 consensus RNA target: ribosomal protein; putative RNA target: none; PubMed: established RBP,133,A,0.11278195488721804
P08240,ncRNA,,very high,literature based (Gerstberger S3),Gerstberger S3 consensus RNA target: ncRNA; putative RNA target: none; PubMed: established RBP,638,L,0.10031347962382445
P62277,ribosomal protein,,very high,literature based (Gerstberger S3),Gerstberger S3 consensus RNA target: ribosomal protein; putative RNA target: none; PubMed: established RBP,151,L,0.12582781456953643
Q7L2H7,mRNA,,very high,literature based (Gerstberger S3),"Gerstberger S3 consensus RNA target: mRNA; putative RNA target: none; PubMed: This gene encodes a protein that is part of the eurkaryotic translation initiation factor 3 complete (eIF-3) required for protein synthesis. Elevated levels of the encoded protein are present in cancer cell lines. Inactivation of the encoded protein has been shown to interfere with translation of herpes virus mRNAs by preventing the association of mRNAs with the ribosomes. A pseudogene of this gene is located on the X chromosome. [provided by RefSeq, Dec 2011]",374,L,0.13101604278074866
E9PQK6,mRNA,,very high,literature based (Gerstberger S3),"Gerstberger S3 consensus RNA target: mRNA; putative RNA target: none; PubMed: 22658674, 22681889",123,L,0.11382113821138211
E9PI14,ribosomal protein,,very high,literature based (Gerstberger S3),Gerstberger S3 consensus RNA target: ribosomal protein; putative RNA target: none; PubMed: established RBP,86,G,0.10465116279069768
Q8N9N8,mRNA,,very high,literature based (Gerstberger S3),Gerstberger S3 consensus RNA target: mRNA; putative RNA target: none; PubMed: 10678173,165,E,0.15151515151515152
Q14498,mRNA,,very high,literature based (Gerstberger S3),"Gerstberger S3 consensus RNA target: mRNA; putative RNA target: none; PubMed: by homology, This gene encodes a member of the U2AF65 family of proteins. The encoded protein is found in the nucleus, where it co-localizes with core spliceosomal proteins. It has been shown to play a role in both steroid hormone receptor-mediated transcription and alternative splicing, and it is also a transcriptional coregulator of the viral oncoprotein v-Rel. Multiple transcript variants have been observed for this gene. A related pseudogene has been identified on chromosome X. [provided by RefSeq, Aug 2011]",530,R,0.10943396226415095
A0ACM8QBP7,pre-rRNA,,very high,literature based (Gerstberger S3),Gerstberger S3 consensus RNA target: pre-rRNA; putative RNA target: none; PubMed: MTG1 yeast homolog,382,L,0.12041884816753927
Q9UPY3,ncRNA,,very high,literature based (Gerstberger S3),Gerstberger S3 consensus RNA target: ncRNA; putative RNA target: none; PubMed: established RBP,1922,L,0.10249739854318418
Q12872,mRNA,,very high,literature based (Gerstberger S3),"Gerstberger S3 consensus RNA target: mRNA; putative RNA target: none; PubMed: This gene encodes a human homolog of Drosophila splicing regulatory protein. This gene autoregulates its expression by control of splicing of its first two introns. In addition, it also regulates the splicing of fibronectin and CD45 genes. Two transcript variants encoding different isoforms have been identified. [provided by RefSeq, May 2012]",951,S,0.11146161934805468
Q96CB9,pre-rRNA,,very high,literature based (Gerstberger S3),"Gerstberger S3 consensus RNA target: pre-rRNA; putative RNA target: none; PubMed: 22949673, 24516400",384,L,0.125
Q5VTE6,mRNA,,very high,literature based (Gerstberger S3),Gerstberger S3 consensus RNA target: mRNA; putative RNA target: none; PubMed: by homology,544,L,0.10477941176470588
P21399,mRNA,,very high,literature based (Gerstberger S3),"Gerstberger S3 consensus RNA target: mRNA; putative RNA target: none; PubMed: The protein encoded by this gene is a bifunctional, cytosolic protein that functions as an essential enzyme in the TCA cycle and interacts with mRNA to control the levels of iron inside cells. When cellular iron levels are high, this protein binds to a 4Fe-4S cluster and functions as an aconitase. Aconitases are iron-sulfur proteins that function to catalyze the conversion of citrate to isocitrate. When cellular iron levels are low, the protein binds to iron-responsive elements (IREs), which are stem-loop structures found in the 5' UTR of ferritin mRNA, and in the 3' UTR of transferrin receptor mRNA. When the protein binds to IRE, it results in repression of translation of ferritin mRNA, and inhibition of degradation of the otherwise rapidly degraded transferrin receptor mRNA. The encoded protein has been identified as a moonlighting protein based on its ability to perform mechanistically distinct functions. Alternative splicing results in multiple transcript variants [provided by RefSeq, Jan 2014]",889,L,0.08998875140607424
Q8ND04,mRNA,,very high,literature based (Gerstberger S3),Gerstberger S3 consensus RNA target: mRNA; putative RNA target: none; PubMed: 19417104,991,L,0.1029263370332997
P51513,mRNA,,very high,literature based (Gerstberger S3),Gerstberger S3 consensus RNA target: mRNA; putative RNA target: none; PubMed: established RBP,507,A,0.14990138067061143
A0A0C4DGG8,mRNA,,very high,literature based (Gerstberger S3),"Gerstberger S3 consensus RNA target: mRNA; putative RNA target: none; PubMed: 24608801, 19073175",1043,E,0.09971236816874401
Q86Y79,tRNA,,very high,literature based (Gerstberger S3),Gerstberger S3 consensus RNA target: tRNA; putative RNA target: none; PubMed: established RBP,214,L,0.1588785046728972
F5H1K3,tRNA,,very high,literature based (Gerstberger S3),Gerstberger S3 consensus RNA target: tRNA; putative RNA target: none; PubMed: 14504659,237,L,0.13924050632911392
Q8IWX8,mRNA,,very high,literature based (Gerstberger S3),Gerstberger S3 consensus RNA target: mRNA; putative RNA target: none; PubMed: 24078636,916,P,0.1408296943231441
Q96HJ9,mRNA,,very high,literature based (Gerstberger S3),Gerstberger S3 consensus RNA target: mRNA; putative RNA target: none; PubMed: established RBP,113,L,0.13274336283185842
Q96FC9,unknown,,unknown,,,970,L,0.10515463917525773
Q9BZJ0,mRNA,,very high,literature based (Gerstberger S3),"Gerstberger S3 consensus RNA target: mRNA; putative RNA target: none; PubMed: The crooked neck (crn) gene of Drosophila is essential for embryogenesis and is thought to be involved in cell cycle progression and pre-mRNA splicing. A protein encoded by this human locus has been found to localize to pre-mRNA splicing complexes in the nucleus and is necessary for pre-mRNA splicing. Alternatively spliced transcript variants have been described. [provided by RefSeq, Jul 2013]",848,E,0.11320754716981132
F5GYR3,pre-rRNA,,medium,GO based,go_biological_process: ribosome biogenesis,275,E,0.12363636363636364
Q15233,ncRNA,,very high,literature based (Gerstberger S3),Gerstberger S3 consensus RNA target: ncRNA; putative RNA target: none; PubMed: 19217333,471,E,0.11252653927813164
Q8N1W1,mRNA,,very high,literature based (Gerstberger S3),Gerstberger S3 consensus RNA target: mRNA; putative RNA target: none; PubMed: 19488899,1705,S,0.11085043988269795
Q99717,ncRNA,,very high,literature based (Gerstberger S3),Gerstberger S3 consensus RNA target: ncRNA; putative RNA target: none; PubMed: 20705240,465,S,0.10967741935483871
Q9Y4C8,pre-rRNA,,very high,literature based (Gerstberger S3),Gerstberger S3 consensus RNA target: pre-rRNA; putative RNA target: none; PubMed: MRD1 yeast homolog,960,E,0.11666666666666667
H0YG84,mRNA,,very high,literature based (Gerstberger S3),Gerstberger S3 consensus RNA target: mRNA; putative RNA target: none; PubMed: 14704337,90,F,0.1
O15226,unknown,,very high,literature based (Gerstberger S3),Gerstberger S3 consensus RNA target: unknown; putative RNA target: none; PubMed: established RBP,690,K,0.0927536231884058
O60942,mRNA,,very high,literature based (Gerstberger S3),Gerstberger S3 consensus RNA target: mRNA; putative RNA target: none; PubMed: 21636784,597,L,0.08375209380234507
H0YGD3,unknown,,unknown,,,207,K,0.1111111111111111
Q9UPS6,ncRNA,,very high,literature based (Gerstberger S3),"Gerstberger S3 consensus RNA target: ncRNA; putative RNA target: none; PubMed: 21955586, 21874018 , 15556860",1966,P,0.15615462868769076
H0YGG4,mRNA,,very high,literature based (Gerstberger S3),Gerstberger S3 consensus RNA target: mRNA; putative RNA target: none; PubMed: eiF2B complex,152,L,0.1118421052631579
O60522,ncRNA,,very high,literature based (Gerstberger S3),Gerstberger S3 consensus RNA target: ncRNA; putative RNA target: none; PubMed: 19345099,2096,L,0.10543893129770993
H0YGJ7,mRNA,,very high,literature based (Gerstberger S3),Gerstberger S3 consensus RNA target: mRNA; putative RNA target: none; PubMed: 17588516,106,L,0.12264150943396226
P56270,unknown,,very high,literature based (Gerstberger S3),Gerstberger S3 consensus RNA target: unknown; putative RNA target: none; PubMed: established RBP,477,A,0.20335429769392033
Q7Z5Q1,mRNA,,very high,literature based (Gerstberger S3),Gerstberger S3 consensus RNA target: mRNA; putative RNA target: none; PubMed: established RBP,589,P,0.10526315789473684
O95453,mRNA,,very high,literature based (Gerstberger S3),Gerstberger S3 consensus RNA target: mRNA; putative RNA target: none; PubMed: established RBP,639,E,0.0892018779342723
Q9Y5A9,mRNA,,very high,literature based (Gerstberger S3),Gerstberger S3 consensus RNA target: mRNA; putative RNA target: none; PubMed: established RBP,579,S,0.11398963730569948
Q9NP64,unknown,,very high,literature based (Gerstberger S3),Gerstberger S3 consensus RNA target: unknown; putative RNA target: none; PubMed: established RBP,241,K,0.17427385892116182
Q9Y2P0,unknown,,unknown,,,537,S,0.08752327746741155
H0YGT4,unknown,,unknown,,,134,L,0.12686567164179105
Q2VIR3,tRNA,,very high,literature based (Gerstberger S3),Gerstberger S3 consensus RNA target: tRNA; putative RNA target: none; PubMed: by homology,472,L,0.09533898305084745
H0YGW8,tRNA,,very high,literature based (Gerstberger S3),Gerstberger S3 consensus RNA target: tRNA; putative RNA target: none; PubMed: by homology,298,L,0.1040268456375839
Q13360,unknown,,unknown,,,481,K,0.09771309771309772
Q8IYX4,mRNA,,very high,literature based (Gerstberger S3),Gerstberger S3 consensus RNA target: mRNA; putative RNA target: none; PubMed: established RBP,353,L,0.141643059490085
F8VQP2,mRNA,,very high,literature based (Gerstberger S3),"Gerstberger S3 consensus RNA target: mRNA; putative RNA target: none; PubMed: 17392519, 10814712",1073,S,0.13327120223671948
O75123,unknown,,unknown,,,536,E,0.09328358208955224
Q5JTH9,pre-rRNA,,very high,literature based (Gerstberger S3),Gerstberger S3 consensus RNA target: pre-rRNA; putative RNA target: none; PubMed: RRP12 homolog yeast Nucleolar protein; constituent of pre-60S ribosomal particles; required for proper processing of the 27S pre-rRNA at the A3 and B1 sites to yield mature 5.8S and 25S rRNAs,1297,L,0.1195065535851966
P62826,mRNA,,very high,literature based (Gerstberger S3),Gerstberger S3 consensus RNA target: mRNA; putative RNA target: none; PubMed: RNA export,216,V,0.10185185185185185
H0YH84,mRNA,,very high,literature based (Gerstberger S3),Gerstberger S3 consensus RNA target: mRNA; putative RNA target: none; PubMed: established RBP,186,L,0.12365591397849462
A0A0G2JKY3,tRNA,,very high,literature based (Gerstberger S3),Gerstberger S3 consensus RNA target: tRNA; putative RNA target: none; PubMed: established RBP,1061,L,0.12723845428840716
F8VZA0,pre-rRNA,,very high,literature based (Gerstberger S3),"Gerstberger S3 consensus RNA target: pre-rRNA; putative RNA target: none; PubMed: Pseudouridine synthase; catalyzes pseudouridylation at positions 35 and 56 in U2 snRNA, position 50 in 5S rRNA, position 13 in cytoplasmic tRNAs, and position 35 in pre-tRNA(Tyr); conserved in archaea, vertebrates, and some bacteria",365,K,0.11232876712328767
O43716,tRNA,,very high,literature based (Gerstberger S3),Gerstberger S3 consensus RNA target: tRNA; putative RNA target: none; PubMed: established RBP,136,L,0.11764705882352941
Q9UIF9,ncRNA,,very high,literature based (Gerstberger S3),"Gerstberger S3 consensus RNA target: ncRNA; putative RNA target: none; PubMed: 18600236, 19578370",1905,S,0.10026246719160105
Q07020,ribosomal protein,,very high,literature based (Gerstberger S3),Gerstberger S3 consensus RNA target: ribosomal protein; putative RNA target: none; PubMed: established RBP,188,R,0.1595744680851064
F8VZY7,mRNA,,medium,GO based,go_biological_process: mRNA; go_biological_process: mrna splicing; go_biological_process: rna splicing; go_biological_process: spliceosome,263,A,0.11406844106463879
A0A0B4J254,snRNA,,very high,literature based (Gerstberger S3),Gerstberger S3 consensus RNA target: snRNA; putative RNA target: none; PubMed: established RBP,67,L,0.1791044776119403
H0YHU8,mRNA,,low,UniProt annotation/metadata,uniprot_protein_name: spliceosome,144,K,0.11805555555555555
P86452,unknown,,unknown,,,979,S,0.1062308478038815
F8VU11,snRNA,,very high,literature based (Gerstberger S3),Gerstberger S3 consensus RNA target: snRNA; putative RNA target: none; PubMed: U1 snRNP protein involved in splicing; contains multiple tetriatricopeptide repeats,892,E,0.1132286995515695
H0YI55,mRNA,,very high,literature based (Gerstberger S3),"Gerstberger S3 consensus RNA target: mRNA; putative RNA target: none; PubMed: 22681889, 22658674, 15527981",253,P,0.12648221343873517
F8VS19,unknown,,unknown,,,96,K,0.125
F8VXY6,mRNA,snRNA,medium,GO based,go_biological_process: mRNA; go_biological_process: mrna splicing; go_biological_process: spliceosome,228,K,0.12719298245614036
P00973,ncRNA,,very high,literature based (Gerstberger S3),"Gerstberger S3 consensus RNA target: ncRNA; putative RNA target: none; PubMed: This gene encodes a member of the 2-5A synthetase family, essential proteins involved in the innate immune response to viral infection. The encoded protein is induced by interferons and uses adenosine triphosphate in 2'-specific nucleotidyl transfer reactions to synthesize 2',5'-oligoadenylates (2-5As). These molecules activate latent RNase L, which results in viral RNA degradation and the inhibition of viral replication. The three known members of this gene family are located in a cluster on chromosome 12. Mutations in this gene have been associated with host susceptibility to viral infection. Alternatively spliced transcript variants encoding different isoforms have been described. [provided by RefSeq, Jul 2008]",400,L,0.1075
H0YIP0,tRNA,,high,GO based; UniProt annotation/metadata,uniprot_protein_name: tRNA; go_biological_process: tRNA; go_molecular_function: tRNA,219,L,0.1232876712328767
Q9Y6G3,ribosomal protein,,very high,literature based (Gerstberger S3),Gerstberger S3 consensus RNA target: ribosomal protein; putative RNA target: none; PubMed: established RBP,142,P,0.09154929577464789
F8VP89,mRNA,,very high,literature based (Gerstberger S3),Gerstberger S3 consensus RNA target: mRNA; putative RNA target: none; PubMed: 12885229,275,D,0.16
Q5GAN4,unknown,,very high,literature based (Gerstberger S3),Gerstberger S3 consensus RNA target: unknown; putative RNA target: none; PubMed: established RBP,147,V,0.09523809523809523
G3V2H6,mRNA,,very high,literature based (Gerstberger S3),Gerstberger S3 consensus RNA target: mRNA; putative RNA target: none; PubMed: established RBP,54,V,0.12962962962962962
G3V2M5,pre-rRNA,,very high,literature based (Gerstberger S3),Gerstberger S3 consensus RNA target: pre-rRNA; putative RNA target: none; PubMed: FCF1 yeast homolog,61,C,0.09836065573770492
G3V2P5,mRNA,,very high,literature based (Gerstberger S3),Gerstberger S3 consensus RNA target: mRNA; putative RNA target: none; PubMed: established RBP,207,R,0.11594202898550725
O15037,mRNA,,very high,literature based (Gerstberger S3),Gerstberger S3 consensus RNA target: mRNA; putative RNA target: none; PubMed: by homology,678,G,0.10914454277286136
A0A0A0MTQ0,ncRNA,,very high,literature based (Gerstberger S3),"Gerstberger S3 consensus RNA target: ncRNA; putative RNA target: none; PubMed: MRPP3 yeast homolog, 18984158",185,L,0.10810810810810811
Q9GZT3,ncRNA,,very high,literature based (Gerstberger S3),"Gerstberger S3 consensus RNA target: ncRNA; putative RNA target: none; PubMed: Steroid receptor RNA activator (SRA, or SRA1; MIM 603819) is a complex RNA molecule containing multiple stable stem-loop structures that functions in coactivation of nuclear receptors. SLIRP interacts with stem-loop structure-7 of SRA (STR7) and modulates nuclear receptor transactivation (Hatchell et al., 2006 [PubMed 16762838]).[supplied by OMIM, Mar 2008]",109,A,0.11009174311926606
G3V3F2,unknown,,unknown,,,158,S,0.12658227848101267
Q13243,mRNA,,very high,literature based (Gerstberger S3),Gerstberger S3 consensus RNA target: mRNA; putative RNA target: none; PubMed: established RBP,272,R,0.20588235294117646
G3V414,mRNA,,very high,literature based (Gerstberger S3),Gerstberger S3 consensus RNA target: mRNA; putative RNA target: none; PubMed: by homology,235,L,0.12340425531914893
P60153,unknown,,very high,literature based (Gerstberger S3),Gerstberger S3 consensus RNA target: unknown; putative RNA target: none; PubMed: established RBP,205,E,0.1073170731707317
Q9HCK8,mRNA,,medium,GO based,go_biological_process: mRNA,2581,L,0.09298721425803952
A0A0C4DGK8,mRNA,,very high,literature based (Gerstberger S3),"Gerstberger S3 consensus RNA target: mRNA; putative RNA target: none; PubMed: 19401441, 19188445,11286553",146,K,0.136986301369863
G3V529,pre-rRNA,,very high,literature based (Gerstberger S3),Gerstberger S3 consensus RNA target: pre-rRNA; putative RNA target: none; PubMed: MAK5 yeast homolog,816,K,0.10661764705882353
G3V5I6,mRNA,,very high,literature based (Gerstberger S3),"Gerstberger S3 consensus RNA target: mRNA; putative RNA target: none; PubMed: ZC3H14 belongs to a family of poly(A)-binding proteins that influence gene expression by regulating mRNA stability, nuclear export, and translation (Kelly et al., 2007 [PubMed 17630287]).[supplied by OMIM, Mar 2010]",420,P,0.10714285714285714
G3V5U1,tRNA,,very high,literature based (Gerstberger S3),Gerstberger S3 consensus RNA target: tRNA; putative RNA target: none; PubMed: established RBP,153,A,0.0718954248366013
Q9UPU9,mRNA,,high,GO based,go_biological_process: mRNA; go_molecular_function: mRNA,718,L,0.11142061281337047
G3V5X7,ncRNA,,very high,literature based (Gerstberger S3),"Gerstberger S3 consensus RNA target: ncRNA; putative RNA target: none; PubMed: This gene product is a component of the ribonucleoprotein complex responsible for telomerase activity which catalyzes the addition of new telomeres on the chromosome ends. The telomerase-associated proteins are conserved from ciliates to humans. [provided by RefSeq, Jul 2008]",2519,L,0.14370782056371575
H0YKX1,mRNA,,very high,literature based (Gerstberger S3),Gerstberger S3 consensus RNA target: mRNA; putative RNA target: none; PubMed: RNA pol II complex,171,E,0.12280701754385964
Q8IZ73,tRNA,,very high,literature based (Gerstberger S3),"Gerstberger S3 consensus RNA target: tRNA; putative RNA target: none; PubMed: PUS9, RIB2 yeast homolog",545,L,0.09174311926605505
H0YLQ7,unknown,,unknown,,,131,A,0.16030534351145037
H0YM60,snoRNA,,very high,literature based (Gerstberger S3),Gerstberger S3 consensus RNA target: snoRNA; putative RNA target: none; PubMed: established RBP,36,L,0.1111111111111111
H0YMF4,ribosomal protein,,very high,literature based (Gerstberger S3),Gerstberger S3 consensus RNA target: ribosomal protein; putative RNA target: none; PubMed: established RBP,112,R,0.11607142857142858
H0YMJ6,diverse,,very high,literature based (Gerstberger S3),Gerstberger S3 consensus RNA target: diverse; putative RNA target: none; PubMed: by homology,179,P,0.10614525139664804
H0YN88,ribosomal protein,,very high,literature based (Gerstberger S3),Gerstberger S3 consensus RNA target: ribosomal protein; putative RNA target: none; PubMed: established RBP,136,R,0.10294117647058823
H3BM89,ribosomal protein,,very high,literature based (Gerstberger S3),Gerstberger S3 consensus RNA target: ribosomal protein; putative RNA target: none; PubMed: established RBP,333,K,0.15915915915915915
H3BMQ2,pre-rRNA,,very high,literature based (Gerstberger S3),"Gerstberger S3 consensus RNA target: pre-rRNA; putative RNA target: none; PubMed: This gene encodes a protein sharing a low level of sequence similarity with human ribosomal protein L24. Although this gene has been referred to as RPL24, L30, and 60S ribosomal protein L30 isolog in the sequence databases, it is distinct from the human genes officially named RPL24 (which itself has been referred to as ribosomal protein L30) and RPL30. The protein encoded by this gene localizes to the nucleolus and is thought to play a role in the biogenesis of the 60S ribosomal subunit. The precise function of this gene is currently unknown. This gene utilizes alternative polyadenylation signals and has multiple pseudogenes. [provided by RefSeq, Jul 2012",146,K,0.18493150684931506
Q9H6T0,mRNA,,very high,literature based (Gerstberger S3),"Gerstberger S3 consensus RNA target: mRNA; putative RNA target: none; PubMed: ESPR2 is an epithelial cell-type-specific splicing regulator (Warzecha et al., 2009 [PubMed 19285943]).[supplied by OMIM, Aug 2009]",727,L,0.11691884456671252
A8K979,unknown,,very high,literature based (Gerstberger S3),Gerstberger S3 consensus RNA target: unknown; putative RNA target: none; PubMed: established RBP,691,S,0.11432706222865413
H3BN59,mRNA,,very high,literature based (Gerstberger S3),Gerstberger S3 consensus RNA target: mRNA; putative RNA target: none; PubMed: established RBP,261,L,0.11494252873563218
Q12788,snoRNA,,very high,literature based (Gerstberger S3),Gerstberger S3 consensus RNA target: snoRNA; putative RNA target: none; PubMed: UTP13 yeast homolog,808,L,0.125
H3BNJ4,unknown,,very high,literature based (Gerstberger S3),Gerstberger S3 consensus RNA target: unknown; putative RNA target: none; PubMed: established RBP,201,R,0.1044776119402985
Q14137,pre-rRNA,,very high,literature based (Gerstberger S3),Gerstberger S3 consensus RNA target: pre-rRNA; putative RNA target: none; PubMed: established RBP,746,L,0.1032171581769437
H3BPD0,unknown,,very high,literature based (Gerstberger S3),Gerstberger S3 consensus RNA target: unknown; putative RNA target: none; PubMed: by homology,197,P,0.13705583756345177
H3BPE7,mRNA,,very high,literature based (Gerstberger S3),Gerstberger S3 consensus RNA target: mRNA; putative RNA target: none; PubMed: established RBP,527,G,0.2884250474383302
H3BPG5,mRNA,,very high,literature based (Gerstberger S3),"Gerstberger S3 consensus RNA target: mRNA; putative RNA target: none; PubMed: This gene encodes a protein that is part of a post-splicing multiprotein complex involved in both mRNA nuclear export and mRNA surveillance. mRNA surveillance detects exported mRNAs with truncated open reading frames and initiates nonsense-mediated mRNA decay (NMD). When translation ends upstream from the last exon-exon junction, this triggers NMD to degrade mRNAs containing premature stop codons. This protein binds to the mRNA and remains bound after nuclear export, acting as a nucleocytoplasmic shuttling protein. This protein contains many serine residues. Several transcript variants encoding different isoforms have been found for this gene. [provided by RefSeq, Nov 2013]",128,R,0.203125
Q96F86,mRNA,,very high,literature based (Gerstberger S3),Gerstberger S3 consensus RNA target: mRNA; putative RNA target: none; PubMed: established RBP,508,L,0.08858267716535433
A5YKK6,mRNA,,very high,literature based (Gerstberger S3),Gerstberger S3 consensus RNA target: mRNA; putative RNA target: none; PubMed: established RBP,2376,L,0.12037037037037036
H3BQK0,unknown,,unknown,,,484,L,0.10330578512396695
Q9Y2V2,mRNA,,very high,literature based (Gerstberger S3),Gerstberger S3 consensus RNA target: mRNA; putative RNA target: none; PubMed: 21078874,147,P,0.1360544217687075
H3BSB3,pre-rRNA,,very high,literature based (Gerstberger S3),Gerstberger S3 consensus RNA target: pre-rRNA; putative RNA target: none; PubMed: 16396833,131,E,0.17557251908396945
H3BSG4,tRNA,,very high,literature based (Gerstberger S3),Gerstberger S3 consensus RNA target: tRNA; putative RNA target: none; PubMed: PUS6 yeast homolog,173,P,0.15606936416184972
H3BSW6,tRNA,,high,GO based; UniProt annotation/metadata,uniprot_protein_name: tRNA; go_biological_process: tRNA; go_molecular_function: tRNA,586,A,0.09897610921501707
P61970,mRNA,,very high,literature based (Gerstberger S3),Gerstberger S3 consensus RNA target: mRNA; putative RNA target: none; PubMed: by domain,127,Q,0.10236220472440945
H3BTT8,snRNA,,very high,literature based (Gerstberger S3),Gerstberger S3 consensus RNA target: snRNA; putative RNA target: none; PubMed: 23022480,252,L,0.10317460317460317
D6RA96,unknown,,unknown,,,785,L,0.09936305732484077
Q9BUB4,tRNA,,very high,literature based (Gerstberger S3),"Gerstberger S3 consensus RNA target: tRNA; putative RNA target: none; PubMed: The protein encoded by this gene, tRNA-specific adenosine deaminase 1, is responsible for the deamination of adenosine 37 to inosine in eukaryotic tRNA. Alternatively spliced transcript variants have been described. [provided by RefSeq, Jul 2010]",502,A,0.08565737051792828
H3BUK8,ribosomal protein,,very high,literature based (Gerstberger S3),Gerstberger S3 consensus RNA target: ribosomal protein; putative RNA target: none; PubMed: established RBP,54,A,0.18518518518518517
Q96J87,mRNA,,very high,literature based (Gerstberger S3),Gerstberger S3 consensus RNA target: mRNA; putative RNA target: none; PubMed: established RBP,481,A,0.13721413721413722
I3L0N7,mRNA,,very high,literature based (Gerstberger S3),Gerstberger S3 consensus RNA target: mRNA; putative RNA target: none; PubMed: 10668804,115,E,0.1565217391304348
I3L1L6,mRNA,,very high,literature based (Gerstberger S3),Gerstberger S3 consensus RNA target: mRNA; putative RNA target: none; PubMed: by homology,617,L,0.09724473257698542
I3L1N3,unknown,,unknown,,,78,L,0.15384615384615385
Q96SZ4,unknown,,unknown,,,780,S,0.1
Q92667,mRNA,,very high,literature based (Gerstberger S3),Gerstberger S3 consensus RNA target: mRNA; putative RNA target: none; PubMed: 23077346,903,S,0.10409745293466224
I3L397,mRNA,,very high,literature based (Gerstberger S3),Gerstberger S3 consensus RNA target: mRNA; putative RNA target: none; PubMed: 24220243,146,G,0.0958904109589041
I3L3C4,unknown,,very high,literature based (Gerstberger S3),Gerstberger S3 consensus RNA target: unknown; putative RNA target: none; PubMed: by domain,158,L,0.16455696202531644
Q6P2Q9,snRNA,,very high,literature based (Gerstberger S3),Gerstberger S3 consensus RNA target: snRNA; putative RNA target: none; PubMed: established RBP,2335,L,0.10364025695931478
A0A140TA76,mRNA,,very high,literature based (Gerstberger S3),Gerstberger S3 consensus RNA target: mRNA; putative RNA target: none; PubMed: 16484376,344,S,0.10465116279069768
I3L4V1,unknown,,unknown,,,148,L,0.12162162162162163
A6NM28,unknown,,unknown,,,416,S,0.10336538461538461
J3KRL2,tRNA,,very high,literature based (Gerstberger S3),Gerstberger S3 consensus RNA target: tRNA; putative RNA target: none; PubMed: established RBP,102,I,0.12745098039215685
D3DTZ5,mRNA,,very high,literature based (Gerstberger S3),"Gerstberger S3 consensus RNA target: mRNA; putative RNA target: none; PubMed: This gene encodes the small subunit of DRB (5,6-dichloro-1-beta-d-ribofuranosylbenzimidazole) sensitivity-inducing factor (DSIF) complex, which regulates mRNA processing and transcription elongation by RNA polymerase II. The encoded protein is localized to the nucleus and interacts with the large subunit (SUPT5H) to form the DSIF complex. Related pseudogenes have been identified on chromosomes 2 and 12. Alternatively spliced transcript variants have been found for this gene. [provided by RefSeq, Nov 2012]",76,S,0.13157894736842105
O14730,pre-rRNA,,very high,literature based (Gerstberger S3),Gerstberger S3 consensus RNA target: pre-rRNA; putative RNA target: none; PubMed: 22418843,519,E,0.09826589595375723
J3KSP2,ribosomal protein,,very high,literature based (Gerstberger S3),Gerstberger S3 consensus RNA target: ribosomal protein; putative RNA target: none; PubMed: established RBP,21,K,0.19047619047619047
Q96QE5,mRNA,,very high,literature based (Gerstberger S3),Gerstberger S3 consensus RNA target: mRNA; putative RNA target: none; PubMed: 21278163,360,L,0.11944444444444445
P0CB38,mRNA,,medium,GO based,go_molecular_function: mRNA,370,K,0.1
J3QKW2,ribosomal protein,,very high,literature based (Gerstberger S3),Gerstberger S3 consensus RNA target: ribosomal protein; putative RNA target: none; PubMed: established RBP,183,A,0.09289617486338798
J3QL05,mRNA,,very high,literature based (Gerstberger S3),Gerstberger S3 consensus RNA target: mRNA; putative RNA target: none; PubMed: established RBP,130,R,0.2
J3QL17,mRNA,,very high,literature based (Gerstberger S3),Gerstberger S3 consensus RNA target: mRNA; putative RNA target: none; PubMed: 19875492,468,L,0.10683760683760683
P60842,mRNA,,very high,literature based (Gerstberger S3),Gerstberger S3 consensus RNA target: mRNA; putative RNA target: none; PubMed: established RBP,406,L,0.08866995073891626
J3QLD1,mRNA,,very high,literature based (Gerstberger S3),Gerstberger S3 consensus RNA target: mRNA; putative RNA target: none; PubMed: 22532700,290,L,0.12758620689655173
P61254,ribosomal protein,,very high,literature based (Gerstberger S3),Gerstberger S3 consensus RNA target: ribosomal protein; putative RNA target: none; PubMed: established RBP,145,K,0.16551724137931034
J3QQT2,ribosomal protein,,very high,literature based (Gerstberger S3),Gerstberger S3 consensus RNA target: ribosomal protein; putative RNA target: none; PubMed: established RBP,171,K,0.11695906432748537
J3QQT9,ribosomal protein,,very high,literature based (Gerstberger S3),Gerstberger S3 consensus RNA target: ribosomal protein; putative RNA target: none; PubMed: established RBP,34,K,0.20588235294117646
J3QQZ8,unknown,,unknown,,,52,L,0.1346153846153846
J3QR28,pre-rRNA,,very high,literature based (Gerstberger S3),Gerstberger S3 consensus RNA target: pre-rRNA; putative RNA target: none; PubMed: 22916032,271,L,0.11439114391143912
J3QRD6,pre-rRNA,,very high,literature based (Gerstberger S3),Gerstberger S3 consensus RNA target: pre-rRNA; putative RNA target: none; PubMed: 22195017,70,L,0.11428571428571428
Q9Y3E5,tRNA,,very high,literature based (Gerstberger S3),Gerstberger S3 consensus RNA target: tRNA; putative RNA target: none; PubMed: established RBP,179,L,0.11731843575418995
Q9Y3U8,ribosomal protein,,very high,literature based (Gerstberger S3),Gerstberger S3 consensus RNA target: ribosomal protein; putative RNA target: none; PubMed: established RBP,105,K,0.1619047619047619
J3QS41,mRNA,,very high,literature based (Gerstberger S3),Gerstberger S3 consensus RNA target: mRNA; putative RNA target: none; PubMed: 21765940,1943,L,0.10190427174472465
K7EIJ1,tRNA,,very high,literature based (Gerstberger S3),Gerstberger S3 consensus RNA target: tRNA; putative RNA target: none; PubMed: 18573253,223,L,0.1031390134529148
Q9C0B9,unknown,,very high,literature based (Gerstberger S3),Gerstberger S3 consensus RNA target: unknown; putative RNA target: none; PubMed: established RBP,1178,S,0.10696095076400679
K7EIU6,mRNA,,high,GO based; UniProt annotation/metadata,uniprot_protein_name: spliceosome; go_biological_process: rna splicing,117,F,0.1282051282051282
A8MQ14,unknown,,unknown,,,1090,K,0.09908256880733946
K7EJ78,ribosomal protein,,very high,literature based (Gerstberger S3),Gerstberger S3 consensus RNA target: ribosomal protein; putative RNA target: none; PubMed: established RBP,129,K,0.10077519379844961
Q15029,tRNA,,very high,literature based (Gerstberger S3),Gerstberger S3 consensus RNA target: tRNA; putative RNA target: none; PubMed: established RBP,972,L,0.09362139917695474
K7EJB9,mRNA,,very high,literature based (Gerstberger S3),"Gerstberger S3 consensus RNA target: mRNA; putative RNA target: none; PubMed: 18413143, 7809119",349,E,0.14613180515759314
O95707,ncRNA,,very high,literature based (Gerstberger S3),"Gerstberger S3 consensus RNA target: ncRNA; putative RNA target: none; PubMed: This gene encodes one of the protein subunits of the small nucleolar ribonucleoprotein complexes: the endoribonuclease for mitochondrial RNA processing complex and the ribonuclease P complex. The encoded protein is localized to the nucleus and associates directly with the RNA component of these complexes. This protein is involved in processing of precursor RNAs. Alternative splicing results in multiple transcript variants. [provided by RefSeq, Mar 2009]",220,K,0.12727272727272726
K7EK40,mRNA,,very high,literature based (Gerstberger S3),Gerstberger S3 consensus RNA target: mRNA; putative RNA target: none; PubMed: by homology,64,K,0.203125
D6W5Y5,mRNA,,very high,literature based (Gerstberger S3),Gerstberger S3 consensus RNA target: mRNA; putative RNA target: none; PubMed: established RBP,297,G,0.16498316498316498
K7EKC9,mRNA,,very high,literature based (Gerstberger S3),Gerstberger S3 consensus RNA target: mRNA; putative RNA target: none; PubMed: 12169693,86,R,0.11627906976744186
K7EKH9,unknown,,unknown,,,261,A,0.1417624521072797
O00411,mRNA,,very high,literature based (Gerstberger S3),"Gerstberger S3 consensus RNA target: mRNA; putative RNA target: none; PubMed: This gene encodes a mitochondrial DNA-directed RNA polymerase. The gene product is responsible for mitochondrial gene expression as well as for providing RNA primers for initiation of replication of the mitochondrial genome. Although this polypeptide has the same function as the three nuclear DNA-directed RNA polymerases, it is more closely related to RNA polymerases of phage and mitochondrial polymerases of lower eukaryotes. [provided by RefSeq, Jul 2008]",1230,L,0.13008130081300814
K7EL49,unknown,,unknown,,,112,K,0.10714285714285714
K7EL95,tRNA,,very high,literature based (Gerstberger S3),"Gerstberger S3 consensus RNA target: tRNA; putative RNA target: none; PubMed: This gene encodes the catalytic subunit of tRNA-guanine transglycosylase. tRNA-guanine transglycosylase is a heterodimeric enzyme complex that plays a critical role in tRNA modification by synthesizing the 7-deazaguanosine queuosine, which is found in tRNAs that code for asparagine, aspartic acid, histidine and tyrosine. A pseudogene of this gene is located on the long arm of chromosome X. [provided by RefSeq, Feb 2012]",136,L,0.10294117647058823
K7ELC4,ribosomal protein,,very high,literature based (Gerstberger S3),Gerstberger S3 consensus RNA target: ribosomal protein; putative RNA target: none; PubMed: established RBP,79,K,0.13924050632911392
Q9BTD8,mRNA,,very high,literature based (Gerstberger S3),"Gerstberger S3 consensus RNA target: mRNA; putative RNA target: none; PubMed: by homology,  19170760",480,P,0.15833333333333333
Q9H840,snRNA,,very high,literature based (Gerstberger S3),Gerstberger S3 consensus RNA target: snRNA; putative RNA target: none; PubMed: established RBP,131,L,0.09923664122137404
K7ENA8,mRNA,,very high,literature based (Gerstberger S3),Gerstberger S3 consensus RNA target: mRNA; putative RNA target: none; PubMed: 16766523,289,K,0.08996539792387544
Q9NXH9,tRNA,,very high,literature based (Gerstberger S3),Gerstberger S3 consensus RNA target: tRNA; putative RNA target: none; PubMed: 1098286,659,A,0.10925644916540213
K7EPB9,unknown,,unknown,,,110,E,0.22727272727272727
K7EPH2,tRNA,,very high,literature based (Gerstberger S3),Gerstberger S3 consensus RNA target: tRNA; putative RNA target: none; PubMed: established RBP,378,L,0.12169312169312169
Q9UKJ3,unknown,,very high,literature based (Gerstberger S3),Gerstberger S3 consensus RNA target: unknown; putative RNA target: none; PubMed: established RBP,1502,S,0.14513981358189082
Q14587,unknown,,unknown,,,947,K,0.1003167898627244
K7EQP2,mRNA,,very high,literature based (Gerstberger S3),Gerstberger S3 consensus RNA target: mRNA; putative RNA target: none; PubMed: 20921384,53,K,0.1509433962264151
K7ER00,tRNA,,high,GO based; UniProt annotation/metadata,uniprot_protein_name: tRNA; go_biological_process: tRNA; go_molecular_function: tRNA,548,L,0.11313868613138686
K7ERG4,snRNA,,very high,literature based (Gerstberger S3),Gerstberger S3 consensus RNA target: snRNA; putative RNA target: none; PubMed: established RBP,78,L,0.10256410256410256
Q13360,unknown,,unknown,,,481,K,0.09771309771309772
M0QXD5,snoRNA,,very high,literature based (Gerstberger S3),Gerstberger S3 consensus RNA target: snoRNA; putative RNA target: none; PubMed: 17636026,236,P,0.09745762711864407
O00267,mRNA,,very high,literature based (Gerstberger S3),Gerstberger S3 consensus RNA target: mRNA; putative RNA target: none; PubMed: 23041311,1087,E,0.09383624655013799
M0QXG5,mRNA,,very high,literature based (Gerstberger S3),Gerstberger S3 consensus RNA target: mRNA; putative RNA target: none; PubMed: 16159877,101,E,0.12871287128712872
P39019,ribosomal protein,pre-rRNA,high,GO based; UniProt annotation/metadata,uniprot_protein_name: ribosomal protein; uniprot_protein_name: small ribosomal subunit; go_molecular_function: structural constituent of ribosome,145,G,0.10344827586206896
Q9Y4Z0,snRNA,,very high,literature based (Gerstberger S3),Gerstberger S3 consensus RNA target: snRNA; putative RNA target: none; PubMed: established RBP,139,G,0.17266187050359713
M0QY97,unknown,,very high,literature based (Gerstberger S3),Gerstberger S3 consensus RNA target: unknown; putative RNA target: none; PubMed: by homology,910,P,0.15824175824175823
M0QYX4,unknown,,unknown,,,139,L,0.17985611510791366
M0QZ34,pre-rRNA,,very high,literature based (Gerstberger S3),Gerstberger S3 consensus RNA target: pre-rRNA; putative RNA target: none; PubMed: 15686447,200,R,0.13
M0QZ76,ribosomal protein,,very high,literature based (Gerstberger S3),Gerstberger S3 consensus RNA target: ribosomal protein; putative RNA target: none; PubMed: established RBP,72,K,0.18055555555555555
M0QZC5,ribosomal protein,,very high,literature based (Gerstberger S3),Gerstberger S3 consensus RNA target: ribosomal protein; putative RNA target: none; PubMed: established RBP,118,K,0.1271186440677966
Q92979,pre-rRNA,,very high,literature based (Gerstberger S3),Gerstberger S3 consensus RNA target: pre-rRNA; putative RNA target: none; PubMed: established RBP,244,L,0.10655737704918032
Q9ULX6,mRNA,,very high,literature based (Gerstberger S3),"Gerstberger S3 consensus RNA target: mRNA; putative RNA target: none; PubMed: 22658674, 22681889",646,G,0.11764705882352941
P39019,ribosomal protein,,very high,literature based (Gerstberger S3),Gerstberger S3 consensus RNA target: ribosomal protein; putative RNA target: none; PubMed: established RBP,145,G,0.10344827586206896
M0R050,diverse,,very high,literature based (Gerstberger S3),Gerstberger S3 consensus RNA target: diverse; putative RNA target: none; PubMed: established RBP,197,L,0.1218274111675127
A6NNF4,unknown,,unknown,,,616,K,0.1444805194805195
M0R117,ribosomal protein,,very high,literature based (Gerstberger S3),Gerstberger S3 consensus RNA target: ribosomal protein; putative RNA target: none; PubMed: established RBP,154,R,0.11688311688311688
P0DKX0,unknown,,unknown,,,622,K,0.15112540192926044
M0R1H0,snoRNA,,very high,literature based (Gerstberger S3),Gerstberger S3 consensus RNA target: snoRNA; putative RNA target: none; PubMed: established RBP,178,G,0.29213483146067415
Q15717,mRNA,,very high,literature based (Gerstberger S3),Gerstberger S3 consensus RNA target: mRNA; putative RNA target: none; PubMed: established RBP,326,G,0.08895705521472393
M0R226,ribosomal protein,,very high,literature based (Gerstberger S3),Gerstberger S3 consensus RNA target: ribosomal protein; putative RNA target: none; PubMed: established RBP,184,S,0.14130434782608695
G5E9R9,ncRNA,,very high,literature based (Gerstberger S3),Gerstberger S3 consensus RNA target: ncRNA; putative RNA target: none; PubMed: 23698747,263,L,0.10266159695817491
Q9NW07,unknown,,unknown,,,568,P,0.1443661971830986
M0R2C6,tRNA,,very high,literature based (Gerstberger S3),Gerstberger S3 consensus RNA target: tRNA; putative RNA target: none; PubMed: established RBP,588,L,0.10204081632653061
P62857,ribosomal protein,,very high,literature based (Gerstberger S3),Gerstberger S3 consensus RNA target: ribosomal protein; putative RNA target: none; PubMed: established RBP,69,R,0.15942028985507245
Q9GZY0,mRNA,,very high,literature based (Gerstberger S3),"Gerstberger S3 consensus RNA target: mRNA; putative RNA target: none; PubMed: This gene encodes a member of a family of nuclear RNA export proteins. The encoded protein is associated with the nuclear envelope and aids in the export of mRNAs. There is a closely related paralog of this gene located adjacent on chromosome X and on the opposite strand. [provided by RefSeq, Aug 2013]",626,S,0.10063897763578275
M0R2S1,ribosomal protein,,very high,literature based (Gerstberger S3),"Gerstberger S3 consensus RNA target: ribosomal protein; putative RNA target: none; PubMed: This gene encodes a fusion protein consisting of ubiquitin at the N terminus and ribosomal protein L40 at the C terminus, a C-terminal extension protein (CEP).",138,K,0.10869565217391304
Q8WTR7,snRNA,,very high,literature based (Gerstberger S3),Gerstberger S3 consensus RNA target: snRNA; putative RNA target: none; PubMed: 16914750,871,S,0.08840413318025259
P08621,snRNA,,very high,literature based (Gerstberger S3),Gerstberger S3 consensus RNA target: snRNA; putative RNA target: none; PubMed: established RBP,437,R,0.21052631578947367
Q9Y230,mRNA,,very high,literature based (Gerstberger S3),Gerstberger S3 consensus RNA target: mRNA; putative RNA target: none; PubMed: 20371770,463,E,0.09071274298056156
R4GMQ7,diverse,,very high,literature based (Gerstberger S3),Gerstberger S3 consensus RNA target: diverse; putative RNA target: none; PubMed: established RBP,143,V,0.1048951048951049
R4GMW4,ncRNA,,very high,literature based (Gerstberger S3),Gerstberger S3 consensus RNA target: ncRNA; putative RNA target: none; PubMed: Function: Component of the CCR4-NOT complex which is one of the major cellular mRNA deadenylases,75,L,0.12
A6NHQ2,snoRNA,,very high,literature based (Gerstberger S3),Gerstberger S3 consensus RNA target: snoRNA; putative RNA target: none; PubMed: by homology,334,G,0.20059880239520958
R4GMX9,snRNA,,very high,literature based (Gerstberger S3),Gerstberger S3 consensus RNA target: snRNA; putative RNA target: none; PubMed: Snu23 yeast homolog,53,V,0.11320754716981132
Q96T37,mRNA,,very high,literature based (Gerstberger S3),"Gerstberger S3 consensus RNA target: mRNA; putative RNA target: none; PubMed: Members of the SPEN (Split-end) family of proteins, including RBM15, have repressor function in several signaling pathways and may bind to RNA through interaction with spliceosome components (Hiriart et al., 2005 [PubMed 16129689]).[supplied by OMIM, Feb 2009]",977,R,0.12077789150460594
R4GNH1,unknown,,unknown,,,168,E,0.16071428571428573
Q9UKT8,unknown,,unknown,,,454,L,0.14757709251101322
Q5TEC6,unknown,,unknown,,,136,R,0.1323529411764706
Q96B70,unknown,,very high,literature based (Gerstberger S3),Gerstberger S3 consensus RNA target: unknown; putative RNA target: none; PubMed: by homology,501,A,0.14770459081836326
A6NFI3,unknown,,unknown,,,1004,E,0.12151394422310757
Q96EH8,unknown,,unknown,,,262,A,0.1183206106870229
A0A024R214,mRNA,,high,GO based; UniProt annotation/metadata,uniprot_protein_name: polyadenylation; go_biological_process: mRNA; go_molecular_function: mRNA,626,S,0.13099041533546327
A0A087WUV0,unknown,,unknown,,,522,E,0.10727969348659004
A0A087WVF4,unknown,,unknown,,,1798,S,0.11401557285873193
Q9Y2R4,pre-rRNA,,very high,literature based (Gerstberger S3),Gerstberger S3 consensus RNA target: pre-rRNA; putative RNA target: none; PubMed: ROK1 yeast homolog,599,K,0.10851419031719532
Q86XI8,unknown,,unknown,,,627,L,0.11802232854864433
Q3SXZ3,unknown,,unknown,,,478,K,0.14435146443514643
P68431,unknown,,unknown,,,136,A,0.1323529411764706
A0A024RCN4,unknown,,unknown,,,479,E,0.11482254697286012
A0A087WYR5,unknown,,unknown,,,438,S,0.1050228310502283
P68431,unknown,,unknown,,,136,A,0.1323529411764706
O94761,unknown,,unknown,,,1208,L,0.1076158940397351
P68431,unknown,,unknown,,,136,A,0.1323529411764706
A0A087X0J2,diverse,,medium,GO based,go_molecular_function: ribonuclease; go_molecular_function: rna-dna hybrid,248,L,0.1532258064516129
P68431,unknown,,unknown,,,136,A,0.1323529411764706
P68431,unknown,,unknown,,,136,A,0.1323529411764706
P68431,unknown,,unknown,,,136,A,0.1323529411764706
P68431,unknown,,unknown,,,136,A,0.1323529411764706
A0A0D9SF53,unknown,,unknown,,,733,S,0.11596180081855388
S4R469,mRNA,,medium,GO based,go_biological_process: mRNA; go_biological_process: mrna splicing; go_biological_process: rna splicing; go_biological_process: spliceosome,234,G,0.10683760683760683
A0A0D9SFM0,unknown,,unknown,,,1687,L,0.0983995257854179
A0A1W2PPH5,unknown,,unknown,,,198,E,0.11616161616161616
A0A286YFD1,unknown,,unknown,,,2093,L,0.10989010989010989
A0A2R8Y4L2,mRNA,,high,GO based,go_biological_process: mRNA; go_biological_process: mrna splicing; go_biological_process: spliceosome; go_molecular_function: mRNA,320,G,0.196875
Q9HBD4,unknown,,unknown,,,1679,E,0.09112567004169149
A0A2R8Y6W8,unknown,,unknown,,,807,K,0.080545229244114
Q14839,unknown,,unknown,,,1912,E,0.11140167364016737
Q9BYX4,ncRNA,,very high,literature based (Gerstberger S3),Gerstberger S3 consensus RNA target: ncRNA; putative RNA target: none; PubMed: MDA5  23273991,1025,E,0.10341463414634146
A6NKG5,unknown,,unknown,,,1358,L,0.1170839469808542
Q9ULG1,unknown,,unknown,,,1556,L,0.11053984575835475
P38919,mRNA,pre-rRNA,high,GO based; UniProt annotation/metadata,uniprot_protein_name: translation initiation; go_biological_process: mRNA; go_biological_process: mrna splicing; go_biological_process: spliceosome; go_biological_process: mrna export; go_molecular_function: mRNA; subcellular_location: mRNA; subcellular_location: exon junction,411,L,0.08759124087591241
Q99608,unknown,,unknown,,,321,A,0.10903426791277258
A0A494C0I1,unknown,,unknown,,,1111,S,0.0891089108910891
A0A494C1N8,unknown,,unknown,,,1116,S,0.08870967741935484
A0A590UJW6,unknown,,unknown,,,1086,S,0.15193370165745856
A0A5F9ZHS7,unknown,,unknown,,,289,L,0.14186851211072665
A0A7I2V5M7,unknown,,unknown,,,476,P,0.10294117647058823
A0A804HKV4,mRNA,,medium,GO based,go_molecular_function: mRNA,723,P,0.1272475795297372
A0A8I5KX04,mRNA,,high,GO based; UniProt annotation/metadata,uniprot_protein_name: mRNA; uniprot_protein_name: pre-mRNA; go_biological_process: mRNA; go_molecular_function: mRNA,1686,P,0.08896797153024912
A0A8I5KNN2,pre-rRNA,,medium,GO based,go_biological_process: rRNA processing,808,K,0.11386138613861387
A0A8I5KY89,unknown,,unknown,,,167,S,0.16766467065868262
A0A8I5KWK6,unknown,,unknown,,,331,G,0.10876132930513595
A0A8I5KSH6,unknown,,unknown,,,925,K,0.11027027027027027
A0A8I5KVU2,mRNA,,medium,GO based,go_molecular_function: mRNA,1735,S,0.11585014409221903
A0A8Q3WL03,unknown,,unknown,,,351,P,0.1168091168091168
A0A8V8TR54,unknown,,unknown,,,2114,E,0.10832544938505204
A0A994J6B2,unknown,,unknown,,,331,H,0.09667673716012085
A0ABB0MN55,mRNA,,medium,GO based,go_molecular_function: mRNA,322,G,0.2577639751552795
A0A994J7T5,mRNA,,medium,GO based,go_biological_process: mRNA,750,S,0.10133333333333333
A0AA34QW03,mRNA,,medium,GO based,go_biological_process: mRNA; go_biological_process: mrna splicing; go_biological_process: spliceosome,678,G,0.11651917404129794
Q5T890,unknown,,unknown,,,1561,S,0.09993593850096093
A0ABB0MV08,mRNA,,medium,GO based,go_biological_process: mRNA; go_biological_process: rna splicing,369,G,0.23577235772357724
A0ABB0MVJ3,unknown,,unknown,,,604,S,0.09437086092715231
A0ACI8QGH0,unknown,,unknown,,,324,L,0.1111111111111111
A0ACI8Q0P4,unknown,,unknown,,,829,S,0.09891435464414958
A0ACI8UUW5,unknown,,unknown,,,527,E,0.09487666034155598
A0ACI8P9Y7,unknown,,unknown,,,1707,L,0.1259519625073228
A0ACI8RQX4,unknown,,unknown,,,1349,S,0.11193476649369903
A0ACI8RL22,unknown,,unknown,,,1967,L,0.11743772241992882
A0ACI8PJP7,mRNA,,high,UniProt annotation/metadata,uniprot_protein_name: mRNA,596,S,0.11577181208053691
A0ACI8PI13,mRNA,,low,UniProt annotation/metadata,uniprot_protein_name: translation initiation,378,I,0.0873015873015873
A0ACI8S0C5,unknown,,unknown,,,927,L,0.12513484358144553
A0ACI8PIT5,unknown,,unknown,,,456,L,0.09649122807017543
A0ACI8UGJ8,unknown,,unknown,,,626,G,0.12779552715654952
A0ACI8Q806,unknown,,unknown,,,498,P,0.2469879518072289
A0ACI8QTQ5,diverse,,low,UniProt annotation/metadata,uniprot_protein_name: ribonuclease,1388,P,0.09870317002881844
A0ACI8RI26,unknown,,unknown,,,764,E,0.1806282722513089
A0ACI8PUZ8,unknown,,unknown,,,1375,L,0.10836363636363637
A0ACI8PR05,unknown,,unknown,,,399,L,0.12531328320802004
A0ACI8RSP0,ribosomal protein,,high,UniProt annotation/metadata,uniprot_protein_name: ribosomal protein; uniprot_protein_name: mitochondrial ribosomal,320,L,0.1125
A0ACI8PX57,unknown,,unknown,,,378,G,0.24603174603174602
A0ACI8RLL6,unknown,,unknown,,,729,L,0.11659807956104253
A0ACI8R3H8,unknown,,unknown,,,616,G,0.08766233766233766
A0ACI8QH16,tRNA,,high,UniProt annotation/metadata,uniprot_protein_name: tRNA,558,L,0.1003584229390681
A0ACI8PT71,unknown,,unknown,,,1306,E,0.09800918836140889
A0ACI8RWF6,unknown,,unknown,,,608,L,0.09375
A0ACI8S5H4,unknown,,unknown,,,1122,L,0.0855614973262032
A0ACI8QV99,unknown,,unknown,,,461,L,0.13232104121475055
A0ACI8PVP6,unknown,,unknown,,,744,L,0.10752688172043011
A0ACI8RTZ8,unknown,,unknown,,,489,L,0.1165644171779141
A0ACI8Q0B4,unknown,,unknown,,,287,E,0.11498257839721254
A0ACI8RMB5,unknown,,unknown,,,1003,L,0.10767696909272183
A0ACI8Q010,unknown,,unknown,,,418,G,0.09808612440191387
A0ACI8R7Y8,unknown,,unknown,,,131,K,0.0916030534351145
A0ACI8QLY8,unknown,,unknown,,,321,G,0.1806853582554517
A0ACI8S180,ribosomal protein,,high,UniProt annotation/metadata,uniprot_protein_name: ribosomal protein,136,K,0.10294117647058823
A0ACI8QBP4,unknown,,unknown,,,358,K,0.0893854748603352
A0ACI8QA17,unknown,,unknown,,,371,E,0.09973045822102426
A0ACI8QUJ1,unknown,,unknown,,,752,L,0.11835106382978723
A0ACI8SAU3,unknown,,unknown,,,2066,S,0.11181026137463698
A0ACI8QHW6,unknown,,unknown,,,749,R,0.10947930574098798
A0ACI8SBH9,unknown,,unknown,,,480,E,0.12083333333333333
A0ACI8RHW9,unknown,,unknown,,,182,S,0.10989010989010989
A0ACI8RX58,unknown,,unknown,,,750,E,0.13733333333333334
A0ACI8RCQ9,unknown,,unknown,,,534,E,0.12921348314606743
A0ACI8QNN6,unknown,,unknown,,,701,K,0.10841654778887304
A0ACI8RR28,unknown,,unknown,,,918,E,0.09586056644880174
A0ACI8QU73,unknown,,unknown,,,864,K,0.11226851851851852
A0ACI8R7A3,unknown,,unknown,,,356,G,0.12359550561797752
A0ACI8QY88,mRNA,,low,UniProt annotation/metadata,uniprot_protein_name: polyadenylation,715,P,0.12307692307692308
A0ACI8SEY7,unknown,,unknown,,,629,L,0.10015898251192369
A0ACI8S113,unknown,,unknown,,,1253,E,0.09257781324820431
A0ACI8S5T8,unknown,,unknown,,,488,A,0.10655737704918032
A0ACI8SSD0,unknown,,unknown,,,670,K,0.10597014925373134
A0ACI8SJI5,unknown,,unknown,,,941,L,0.11158342189160468
A0ACI8SJX5,unknown,,unknown,,,1048,L,0.10019083969465649
A0ACI8SL57,ribosomal protein,,high,UniProt annotation/metadata,uniprot_protein_name: ribosomal protein,162,K,0.17901234567901234
A0ACI8SMB7,unknown,,unknown,,,682,L,0.12609970674486803
A0ACI8SNF6,ribosomal protein,,high,UniProt annotation/metadata,uniprot_protein_name: ribosomal protein,153,K,0.1568627450980392
A0ACI8SPJ0,snRNA,,low,UniProt annotation/metadata,uniprot_protein_name: small nuclear ribonucleoprotein,2147,L,0.11644154634373545
A0ACI8SQV4,unknown,,unknown,,,211,G,0.17535545023696683
A0ACI8SRT4,ribosomal protein,,high,UniProt annotation/metadata,uniprot_protein_name: ribosomal protein; uniprot_protein_name: mitochondrial ribosomal,223,V,0.09417040358744394
A0ACI8SRJ7,unknown,,unknown,,,322,G,0.09937888198757763
P51814,unknown,,unknown,,,821,K,0.10596833130328867
A0ACI8SUQ9,snRNA,,low,UniProt annotation/metadata,uniprot_protein_name: small nuclear ribonucleoprotein,100,Q,0.09
A0ACI8SXP5,unknown,,unknown,,,451,P,0.15521064301552107
A0ACI8SYT5,unknown,,unknown,,,674,A,0.11869436201780416
A0ACI8SZ27,unknown,,unknown,,,721,L,0.11095700416088766
A0ACI8T088,unknown,,unknown,,,675,K,0.0962962962962963
A0ACI8T0E0,ribosomal protein,,high,UniProt annotation/metadata,uniprot_protein_name: ribosomal protein,161,R,0.16770186335403728
A0ACI8T1C0,unknown,,unknown,,,544,K,0.13602941176470587
A0ACI8T471,unknown,,unknown,,,409,K,0.10268948655256724
A0ACI8T6P5,unknown,,unknown,,,600,L,0.13
A0ACI8T823,unknown,,unknown,,,380,G,0.10789473684210527
A0ACI8T7F0,tRNA,,high,UniProt annotation/metadata,uniprot_protein_name: tRNA,1068,L,0.12827715355805244
A0ACI8T9E2,unknown,,unknown,,,234,G,0.1623931623931624
A0ACI8TCF1,unknown,,unknown,,,435,L,0.09425287356321839
A0ACI8TFG6,tRNA,,high,UniProt annotation/metadata,uniprot_protein_name: tRNA,1552,K,0.09536082474226804
A0ACI8TEP7,unknown,,unknown,,,818,L,0.1039119804400978
A0ACI8TH72,unknown,,unknown,,,1111,L,0.09000900090009001
A0ACI8TIT4,unknown,,unknown,,,488,L,0.10450819672131148
A0ACI8TJ61,unknown,,unknown,,,193,L,0.10880829015544041
A0ACI8TJP2,unknown,,unknown,,,2207,L,0.1105573176257363
A0ACI8TLS0,unknown,,unknown,,,550,E,0.09090909090909091
A0ACI8TLG3,tRNA,,high,UniProt annotation/metadata,uniprot_protein_name: tRNA,1044,L,0.09386973180076628
A0ACI8TLM1,unknown,,unknown,,,106,R,0.18867924528301888
A0ACI8TML7,unknown,,unknown,,,1201,L,0.11407160699417153
A0ACI8TNP0,unknown,,unknown,,,654,E,0.10244648318042814
A0ACI8TN08,unknown,,unknown,,,998,S,0.10320641282565131
A0ACI8TMU3,unknown,,unknown,,,1055,L,0.09573459715639811
A0ACI8TNW3,unknown,,unknown,,,757,L,0.12285336856010567
A0ACI8TQP9,unknown,,unknown,,,2591,L,0.10420686993438827
A0ACI8TQS2,unknown,,unknown,,,3008,E,0.0851063829787234
A0ACI8TSN5,ribosomal protein,,high,UniProt annotation/metadata,uniprot_protein_name: ribosomal protein,252,K,0.13095238095238096
A0ACI8TS68,mRNA,,low,UniProt annotation/metadata,uniprot_protein_name: translation initiation,376,L,0.08776595744680851
A0ACI8TS18,unknown,,unknown,,,1048,E,0.11641221374045801
A0ACI8TUA9,unknown,,unknown,,,638,G,0.12225705329153605
A0ACI8TSY6,unknown,,unknown,,,1461,L,0.10335386721423682
A0ACI8TTG6,tRNA,,high,UniProt annotation/metadata,uniprot_protein_name: tRNA,937,L,0.096051227321238
A0ACI8TUB7,unknown,,unknown,,,259,E,0.15057915057915058
A0ACI8TXE9,unknown,,unknown,,,1448,S,0.1111878453038674
A0ACI8TWM6,unknown,,unknown,,,905,R,0.10276243093922652
A0ACI8TZ93,unknown,,unknown,,,399,G,0.09273182957393483
A0ACI8TZD7,unknown,,unknown,,,856,L,0.0969626168224299
A0ACI8TZE9,unknown,,unknown,,,712,S,0.10814606741573034
A0ACI8U1B9,unknown,,unknown,,,902,G,0.1319290465631929
A0ACI8U399,unknown,,unknown,,,786,K,0.10814249363867684
A0ACI8U6C5,unknown,,unknown,,,1066,E,0.09568480300187618
A0ACI8U804,unknown,,unknown,,,2104,L,0.09125475285171103
A0ACI8U7J9,unknown,,unknown,,,978,L,0.11349693251533742
A0ACI8UB86,unknown,,unknown,,,209,K,0.12440191387559808
A0ACI8UBI1,unknown,,unknown,,,253,L,0.11857707509881422
A0ACI8UDX5,unknown,,unknown,,,454,L,0.1013215859030837
A0ACI8UEC4,unknown,,unknown,,,719,L,0.10152990264255911
A0ACI8UES1,unknown,,unknown,,,422,G,0.14218009478672985
A0ACI8UJW4,unknown,,unknown,,,514,L,0.10311284046692606
A0ACI8UNX3,unknown,,unknown,,,1077,E,0.10492107706592387
A0ACI8UQC4,unknown,,unknown,,,506,L,0.09288537549407115
A0ACI8UMC2,unknown,,unknown,,,837,L,0.10991636798088411
A0ACI8USR5,unknown,,unknown,,,685,L,0.11970802919708029
A0ACI8USX5,unknown,,unknown,,,720,V,0.09305555555555556
A0ACI8UTL7,unknown,,unknown,,,402,S,0.15671641791044777
A0ACI8V0W0,unknown,,unknown,,,822,L,0.10583941605839416
A0ACI8UZB3,unknown,,unknown,,,1252,L,0.0902555910543131
A0ACI8V5N8,unknown,,unknown,,,552,L,0.14855072463768115
A0ACI8V583,mRNA,,low,UniProt annotation/metadata,uniprot_protein_name: translation initiation,621,D,0.12721417069243157
A0ACI8VA32,unknown,,unknown,,,1280,L,0.1328125
A0ACI8V6J3,unknown,,unknown,,,1329,A,0.10082768999247554
A0ACI8V831,tRNA,,high,UniProt annotation/metadata,uniprot_protein_name: tRNA,462,L,0.09523809523809523
A0ACI8VCM9,unknown,,unknown,,,1180,S,0.10677966101694915
A0ACI8VFS1,unknown,,unknown,,,923,S,0.10400866738894908
A0ACI8VAV8,unknown,,unknown,,,1149,S,0.12358572671888599
A0ACI8VGW3,unknown,,unknown,,,659,K,0.09104704097116843
A0ACI8VCL2,tRNA,,high,UniProt annotation/metadata,uniprot_protein_name: tRNA,816,L,0.10784313725490197
A0ACI8VD15,unknown,,unknown,,,1437,L,0.10508002783576896
A0ACI8VQD2,unknown,,unknown,,,1043,E,0.11217641418983701
A0ACI8VSD4,mRNA,,high,UniProt annotation/metadata,uniprot_protein_name: mRNA,674,P,0.09940652818991098
A0A087WZ13,unknown,,unknown,,,739,L,0.15020297699594046
A0ACI8PHD2,unknown,,unknown,,,261,G,0.19540229885057472
A2A288,mRNA,diverse,high,GO based; UniProt annotation/metadata,go_biological_process: mRNA; go_molecular_function: mRNA; subcellular_location: mRNA,527,P,0.12144212523719165
A6NC42,mRNA,,medium,GO based,go_molecular_function: mRNA,116,L,0.12931034482758622
A6NEQ0,mRNA,,high,GO based,go_biological_process: mRNA; go_biological_process: mrna splicing; go_biological_process: spliceosome; go_molecular_function: mRNA,496,S,0.14516129032258066
A6NFN3,mRNA,,high,GO based,go_biological_process: mRNA; go_biological_process: mrna splicing; go_biological_process: rna splicing; go_biological_process: spliceosome; go_molecular_function: mRNA,312,P,0.1282051282051282
A6NJ78,ribosomal protein,,medium,GO based,go_biological_process: small ribosomal subunit,407,L,0.11056511056511056
A6NMK7,mRNA,,low,UniProt annotation/metadata,uniprot_protein_name: polyadenylation,179,K,0.11731843575418995
A6PVI3,mRNA,,high,GO based; UniProt annotation/metadata,uniprot_protein_name: cap-binding; go_biological_process: mRNA; go_biological_process: mrna splicing; go_biological_process: spliceosome,153,G,0.09803921568627451
O15056,unknown,,unknown,,,1496,L,0.10026737967914438
O15504,mRNA,,medium,GO based,go_biological_process: mRNA,423,S,0.16784869976359337
O43251,mRNA,,high,GO based,go_biological_process: mRNA; go_biological_process: mrna splicing; go_biological_process: rna splicing; go_biological_process: spliceosome; go_molecular_function: mRNA,390,A,0.13076923076923078
O43395,snRNA,,very high,literature based (Gerstberger S3),Gerstberger S3 consensus RNA target: snRNA; putative RNA target: none; PubMed: established RBP,683,K,0.11566617862371889
O43426,unknown,,unknown,,,1573,S,0.10616656071201526
O43709,pre-rRNA,,high,GO based; UniProt annotation/metadata,uniprot_protein_name: 18S rRNA; go_biological_process: rRNA processing,281,R,0.09608540925266904
O60318,mRNA,,medium,GO based,go_biological_process: mRNA; go_biological_process: mrna export,1980,L,0.10808080808080808
O60603,unknown,,unknown,,,784,L,0.15433673469387754
O75152,mRNA,,high,GO based,go_biological_process: mRNA; go_biological_process: mrna export; go_molecular_function: mRNA,810,S,0.10740740740740741
O75494,mRNA,snRNA,high,GO based,go_biological_process: mRNA; go_biological_process: mrna splicing; go_biological_process: rna splicing; go_biological_process: spliceosomal; go_biological_process: spliceosome; go_molecular_function: mRNA,262,R,0.1946564885496183
O75525,mRNA,,high,GO based,go_biological_process: mRNA; go_biological_process: mrna splicing; go_biological_process: spliceosome; go_molecular_function: mRNA,346,G,0.09826589595375723
O75821,mRNA,,very high,literature based (Gerstberger S3),Gerstberger S3 consensus RNA target: mRNA; putative RNA target: none; PubMed: 16766523,320,K,0.090625
O94886,unknown,,unknown,,,807,L,0.1288723667905824
O95163,tRNA,,high,GO based,go_biological_process: tRNA; go_molecular_function: tRNA,1332,L,0.11636636636636637
O95319,mRNA,,very high,literature based (Gerstberger S3),Gerstberger S3 consensus RNA target: mRNA; putative RNA target: none; PubMed: established RBP,508,A,0.12401574803149606
O95396,tRNA,,medium,GO based,go_biological_process: tRNA,460,L,0.15
O95639,mRNA,,very high,literature based (Gerstberger S3),Gerstberger S3 consensus RNA target: mRNA; putative RNA target: none; PubMed: established RBP,269,P,0.08921933085501858
O95758,mRNA,,very high,literature based (Gerstberger S3),Gerstberger S3 consensus RNA target: mRNA; putative RNA target: none; PubMed: established RBP,552,L,0.1105072463768116
O95777,snRNA,mRNA,high,GO based; UniProt annotation/metadata,uniprot_protein_name: snRNA; uniprot_protein_name: U6 snRNA; go_biological_process: snRNP; go_molecular_function: snRNA; go_molecular_function: U6 snRNA,96,V,0.11458333333333333
O95900,tRNA,,very high,literature based (Gerstberger S3),Gerstberger S3 consensus RNA target: tRNA; putative RNA target: none; PubMed: by domain,331,L,0.14501510574018128
O95989,mRNA,,high,GO based; UniProt annotation/metadata,uniprot_protein_name: mRNA; go_molecular_function: mRNA,172,E,0.11046511627906977
P07910,mRNA,ncRNA,high,GO based; UniProt annotation/metadata,uniprot_protein_name: hnrnp; go_biological_process: mRNA; go_biological_process: mrna splicing; go_biological_process: rna splicing; go_biological_process: spliceosome; go_molecular_function: mRNA,306,S,0.1111111111111111
P09651,mRNA,ncRNA,high,GO based; UniProt annotation/metadata,uniprot_protein_name: hnrnp; go_biological_process: mRNA; go_biological_process: mrna splicing; go_biological_process: rna splicing; go_biological_process: spliceosome; go_molecular_function: mRNA; go_molecular_function: pre-mRNA; subcellular_location: mRNA,372,G,0.25
P0DJD3,mRNA,,high,GO based,go_biological_process: mRNA; go_biological_process: mrna splicing; go_biological_process: spliceosome; go_molecular_function: mRNA,496,S,0.14717741935483872
P10155,unknown,,unknown,,,538,L,0.10966542750929369
P11940,mRNA,,high,GO based,go_biological_process: mRNA; go_biological_process: mrna splicing; go_biological_process: spliceosome; go_molecular_function: mRNA,636,A,0.10534591194968554
P18615,mRNA,,very high,literature based (Gerstberger S3),"Gerstberger S3 consensus RNA target: mRNA; putative RNA target: none; PubMed: 18303858, The protein encoded by this gene is part of a complex termed negative elongation factor (NELF) which represses RNA polymerase II transcript elongation. This protein bears similarity to nuclear RNA-binding proteins; however, it has not been demonstrated that this protein binds RNA. The protein contains a tract of alternating basic and acidic residues, largely arginine (R) and aspartic acid (D). The gene localizes to the major histocompatibility complex (MHC) class III region on chromosome 6. [provided by RefSeq, Jul 2008]",380,R,0.13157894736842105
P22087,snRNA,snoRNA; mRNA; pre-rRNA,high,GO based; UniProt annotation/metadata,uniprot_protein_name: snRNA; uniprot_protein_name: U6 snRNA; go_molecular_function: snRNA; go_molecular_function: U6 snRNA,321,G,0.20249221183800623
P23396,ribosomal protein,mRNA,high,GO based; UniProt annotation/metadata,uniprot_protein_name: ribosomal protein; uniprot_protein_name: small ribosomal subunit; go_molecular_function: structural constituent of ribosome; go_molecular_function: small ribosomal subunit,243,V,0.102880658436214
P23588,mRNA,,high,GO based; UniProt annotation/metadata,uniprot_protein_name: translation initiation; go_molecular_function: translation initiation,611,R,0.1276595744680851
P26651,mRNA,ncRNA,high,GO based; UniProt annotation/metadata,uniprot_protein_name: mRNA; uniprot_protein_name: mrna decay; go_biological_process: mRNA; go_biological_process: mrna localization; go_biological_process: mrna stability; go_molecular_function: mRNA,326,S,0.17484662576687116
P29558,mRNA,,very high,literature based (Gerstberger S3),"Gerstberger S3 consensus RNA target: mRNA; putative RNA target: none; PubMed: This gene encodes a member of a small family of proteins which bind single stranded DNA/RNA. These proteins are characterized by the presence of two sets of ribonucleoprotein consensus sequence (RNP-CS) that contain conserved motifs, RNP1 and RNP2, originally described in RNA binding proteins, and required for DNA binding. These proteins have been implicated in such diverse functions as DNA replication, gene transcription, cell cycle progression and apoptosis. Several transcript variants, resulting from alternative splicing and encoding different isoforms, have been described. A pseudogene for this locus is found on chromosome 12. [provided by RefSeq, Feb 2009]",406,S,0.10344827586206896
P31483,mRNA,,very high,literature based (Gerstberger S3),Gerstberger S3 consensus RNA target: mRNA; putative RNA target: none; PubMed: established RBP,386,G,0.09585492227979274
P31941,unknown,,unknown,,,199,L,0.10050251256281408
P33240,mRNA,,very high,literature based (Gerstberger S3),Gerstberger S3 consensus RNA target: mRNA; putative RNA target: none; PubMed: established RBP,577,G,0.12478336221837089
P35637,mRNA,,very high,literature based (Gerstberger S3),Gerstberger S3 consensus RNA target: mRNA; putative RNA target: none; PubMed: established RBP,526,G,0.2889733840304182
P38159,mRNA,,very high,literature based (Gerstberger S3),Gerstberger S3 consensus RNA target: mRNA; putative RNA target: none; PubMed: established RBP,391,S,0.16112531969309463
P42694,mRNA,,very high,literature based (Gerstberger S3),Gerstberger S3 consensus RNA target: mRNA; putative RNA target: none; PubMed: 21765940,1942,L,0.101956745623069
P43243,mRNA,,very high,literature based (Gerstberger S3),Gerstberger S3 consensus RNA target: mRNA; putative RNA target: none; PubMed: 21858232,847,S,0.09681227863046045
P51114,mRNA,,very high,literature based (Gerstberger S3),Gerstberger S3 consensus RNA target: mRNA; putative RNA target: none; PubMed: established RBP,621,E,0.10144927536231885
P52824,unknown,,unknown,,,942,L,0.1029723991507431
P55769,snRNA,snoRNA; mRNA,high,GO based; UniProt annotation/metadata,uniprot_protein_name: snRNP; uniprot_protein_name: small nuclear ribonucleoprotein; go_biological_process: snRNP; go_molecular_function: snRNA; go_molecular_function: U4 snRNA,128,L,0.125
P62306,snRNA,mRNA,high,GO based; UniProt annotation/metadata,uniprot_protein_name: snRNP; uniprot_protein_name: small nuclear ribonucleoprotein; go_biological_process: snRNP,86,L,0.12790697674418605
P63162,snRNA,mRNA,high,GO based; UniProt annotation/metadata,uniprot_protein_name: snRNP; uniprot_protein_name: small nuclear ribonucleoprotein; go_molecular_function: snRNP,240,P,0.2
P78563,mRNA,tRNA,high,GO based,go_biological_process: mRNA; go_molecular_function: mRNA,741,S,0.10256410256410256
P84103,mRNA,,very high,literature based (Gerstberger S3),Gerstberger S3 consensus RNA target: mRNA; putative RNA target: none; PubMed: established RBP,164,R,0.24390243902439024
Q01130,mRNA,,very high,literature based (Gerstberger S3),Gerstberger S3 consensus RNA target: mRNA; putative RNA target: none; PubMed: established RBP,221,R,0.2398190045248869
Q01844,unknown,,unknown,,,656,G,0.19969512195121952
Q05519,mRNA,,high,GO based; UniProt annotation/metadata,go_biological_process: mRNA; go_biological_process: rna splicing; subcellular_location: spliceosome,484,S,0.14049586776859505
Q07352,mRNA,,high,GO based; UniProt annotation/metadata,uniprot_protein_name: mRNA; uniprot_protein_name: mrna decay; go_biological_process: mRNA; go_biological_process: mrna localization; go_biological_process: mrna stability; go_molecular_function: mRNA,338,S,0.14497041420118342
Q08117,unknown,,unknown,,,197,L,0.13705583756345177
Q13117,mRNA,,very high,literature based (Gerstberger S3),Gerstberger S3 consensus RNA target: mRNA; putative RNA target: none; PubMed: established RBP,558,P,0.13620071684587814
Q14011,mRNA,,very high,literature based (Gerstberger S3),Gerstberger S3 consensus RNA target: mRNA; putative RNA target: none; PubMed: established RBP,172,G,0.19767441860465115
Q14206,unknown,,unknown,,,197,P,0.1065989847715736
Q14493,mRNA,,very high,literature based (Gerstberger S3),Gerstberger S3 consensus RNA target: mRNA; putative RNA target: none; PubMed: established RBP,270,R,0.11481481481481481
Q14657,tRNA,,medium,GO based,go_biological_process: tRNA; go_biological_process: tRNA processing,143,A,0.13986013986013987
Q14671,mRNA,,very high,literature based (Gerstberger S3),Gerstberger S3 consensus RNA target: mRNA; putative RNA target: none; PubMed: established RBP,1186,S,0.09865092748735245
Q15007,mRNA,,high,GO based; UniProt annotation/metadata,uniprot_protein_name: mRNA; uniprot_protein_name: pre-mRNA; go_biological_process: mRNA; go_biological_process: mrna splicing; go_biological_process: rna splicing; go_biological_process: spliceosome,396,S,0.11868686868686869
Q15020,snRNA,,very high,literature based (Gerstberger S3),"Gerstberger S3 consensus RNA target: snRNA; putative RNA target: none; PubMed: It also associates transiently with U6 and U4/U6 snRNPs during the recycling phase of the spliceosome cycle. This encoded protein is thought to be involved in the regulation of mRNA splicing. [provided by RefSeq, Jul 2008]",963,E,0.12045690550363447
Q15056,mRNA,,high,GO based; UniProt annotation/metadata,uniprot_protein_name: translation initiation; go_molecular_function: translation initiation,248,G,0.14112903225806453
Q15459,snRNA,,very high,literature based (Gerstberger S3),"Gerstberger S3 consensus RNA target: snRNA; putative RNA target: none; PubMed: This gene encodes subunit 1 of the splicing factor 3a protein complex. The splicing factor 3a heterotrimer includes subunits 1, 2 and 3 and is necessary for the in vitro conversion of 15S U2 snRNP into an active 17S particle that performs pre-mRNA splicing. Subunit 1 belongs to the SURP protein family; named for the SURP (also called SWAP or Suppressor-of-White-APricot) motifs that are thought to mediate RNA binding. Subunit 1 has tandemly repeated SURP motifs in its amino-terminal half while its carboxy-terminal half contains a proline-rich region and a ubiquitin-like domain. Binding studies with truncated subunit 1 derivatives demonstrated that the two SURP motifs are necessary for binding to subunit 3 while contacts with subunit 2 may occur through sequences carboxy-terminal to the SURP motifs. Alternative splicing results in multiple transcript variants encoding different isoforms. [provided by RefSeq, Jul 2008]",793,P,0.14754098360655737
Q16587,unknown,,unknown,,,644,E,0.08229813664596274
Q16629,mRNA,,very high,literature based (Gerstberger S3),Gerstberger S3 consensus RNA target: mRNA; putative RNA target: none; PubMed: established RBP,238,R,0.24369747899159663
Q460N5,unknown,,unknown,,,1801,L,0.09217101610216547
Q53GL7,unknown,,unknown,,,1025,L,0.13951219512195123
Q5HYM0,diverse,mRNA,high,GO based; UniProt annotation/metadata,uniprot_protein_name: ribonuclease; go_molecular_function: rna endonuclease,836,S,0.1076555023923445
Q5JQF8,mRNA,,medium,GO based,go_molecular_function: mRNA,200,A,0.08
Q5VUG0,unknown,,unknown,,,894,L,0.0883668903803132
Q5VV42,tRNA,,high,GO based; UniProt annotation/metadata,uniprot_protein_name: tRNA; go_biological_process: tRNA; go_molecular_function: tRNA,579,L,0.0846286701208981
Q5VV67,mRNA,,very high,literature based (Gerstberger S3),Gerstberger S3 consensus RNA target: mRNA; putative RNA target: none; PubMed: by homology,1664,P,0.14182692307692307
Q659C4,mRNA,,medium,GO based,go_biological_process: mRNA,914,E,0.0962800875273523
Q69YN4,mRNA,,medium,GO based,go_biological_process: mRNA; go_biological_process: rna splicing,1812,L,0.12417218543046357
Q6IN84,pre-rRNA,,very high,literature based (Gerstberger S3),Gerstberger S3 consensus RNA target: pre-rRNA; putative RNA target: none; PubMed: 24036117,353,L,0.14447592067988668
Q6P087,mRNA,,high,GO based; UniProt annotation/metadata,uniprot_protein_name: mRNA; go_biological_process: mRNA,351,L,0.1623931623931624
Q6PJT7,mRNA,,high,GO based,go_biological_process: mRNA; go_biological_process: spliceosome; go_biological_process: mrna stability; go_molecular_function: mRNA; go_molecular_function: pre-mRNA,736,S,0.10190217391304347
Q6XE24,mRNA,,very high,literature based (Gerstberger S3),"Gerstberger S3 consensus RNA target: mRNA; putative RNA target: none; PubMed: This gene encodes an RNA-binding protein that belongs to the c-myc gene single-strand binding protein family. These proteins are characterized by the presence of two sets of ribonucleoprotein consensus sequence (RNP-CS) that contain conserved motifs, RNP1 and RNP2, originally described in RNA binding proteins, and required for DNA binding. These proteins have been implicated in such diverse functions as DNA replication, gene transcription, cell cycle progression and apoptosis. The encoded protein was isolated by virtue of its binding to an upstream element of the alpha2(I) collagen promoter. The observation that this protein localizes mostly in the cytoplasm suggests that it may be involved in a cytoplasmic function such as controlling RNA metabolism, rather than transcription. Multiple alternatively spliced transcript variants encoding different isoforms have been found for this gene. [provided by RefSeq, Apr 2010]",437,P,0.10297482837528604
Q7Z2E3,diverse,,very high,literature based (Gerstberger S3),Gerstberger S3 consensus RNA target: diverse; putative RNA target: none; PubMed: 24362567,356,V,0.09550561797752809
Q7Z2W4,mRNA,,medium,GO based,go_biological_process: mRNA,902,S,0.10753880266075388
Q7Z3E1,unknown,,unknown,,,657,S,0.0852359208523592
Q7Z739,mRNA,,high,GO based,go_biological_process: mRNA; go_biological_process: mrna stability; go_molecular_function: mRNA,585,P,0.09914529914529914
Q86SG3,mRNA,,very high,literature based (Gerstberger S3),Gerstberger S3 consensus RNA target: mRNA; putative RNA target: none; PubMed: established RBP,579,P,0.11744386873920552
Q86VM9,mRNA,,medium,GO based,go_molecular_function: mRNA,953,S,0.1385099685204617
Q86W50,snRNA,mRNA,high,GO based; UniProt annotation/metadata,uniprot_protein_name: small nuclear rna; go_biological_process: snRNA; go_molecular_function: snRNA; go_molecular_function: U6 snRNA; uniprot_domains: snRNA; uniprot_domains: U6 snRNA,562,L,0.099644128113879
Q8IX01,mRNA,,very high,literature based (Gerstberger S3),"Gerstberger S3 consensus RNA target: mRNA; putative RNA target: none; PubMed: This gene encodes a member of the arginine/serine-rich family of splicing factors. The encoded protein functions in mRNA processing. Alternatively spliced transcript variants have been described. [provided by RefSeq, Feb 2009]",1082,L,0.09242144177449169
Q8IX12,mRNA,,very high,literature based (Gerstberger S3),"Gerstberger S3 consensus RNA target: mRNA; putative RNA target: none; PubMed: 24608801, 19073175",1150,E,0.10173913043478261
Q8IXM6,unknown,,unknown,,,262,L,0.22519083969465647
Q8IYB3,mRNA,,very high,literature based (Gerstberger S3),Gerstberger S3 consensus RNA target: mRNA; putative RNA target: none; PubMed: 16159877,904,S,0.1670353982300885
Q8IZD0,unknown,,unknown,,,417,S,0.1630695443645084
Q8N1G2,mRNA,,very high,literature based (Gerstberger S3),Gerstberger S3 consensus RNA target: mRNA; putative RNA target: none; PubMed: 20713356,835,L,0.08622754491017964
Q8N2M8,mRNA,,medium,GO based,go_biological_process: mRNA; go_biological_process: rna splicing,674,R,0.16023738872403562
Q8N3J2,snRNA,mRNA,high,GO based; UniProt annotation/metadata,uniprot_protein_name: snRNA; go_biological_process: snRNA; go_molecular_function: snRNA; go_molecular_function: U2 snRNA,472,L,0.11440677966101695
Q8N5C7,tRNA,,high,GO based; UniProt annotation/metadata,uniprot_protein_name: tRNA; go_biological_process: tRNA; go_biological_process: tRNA modification; go_molecular_function: tRNA,304,K,0.10855263157894737
Q8N684,mRNA,,very high,literature based (Gerstberger S3),Gerstberger S3 consensus RNA target: mRNA; putative RNA target: none; PubMed: established RBP,471,P,0.12738853503184713
Q8N9W6,mRNA,,very high,literature based (Gerstberger S3),Gerstberger S3 consensus RNA target: mRNA; putative RNA target: none; PubMed: established RBP,283,P,0.127208480565371
Q8TB72,mRNA,,very high,literature based (Gerstberger S3),Gerstberger S3 consensus RNA target: mRNA; putative RNA target: none; PubMed: established RBP,1066,S,0.10600375234521577
Q8TBZ6,tRNA,,high,GO based; UniProt annotation/metadata,uniprot_protein_name: tRNA; uniprot_protein_name: tRNA methyltransferase; go_biological_process: tRNA; go_molecular_function: tRNA,339,K,0.10914454277286136
Q8TC92,mRNA,,very high,literature based (Gerstberger S3),Gerstberger S3 consensus RNA target: mRNA; putative RNA target: none; PubMed: by domain,643,E,0.10730948678071539
Q8TCB7,tRNA,,high,GO based; UniProt annotation/metadata,uniprot_protein_name: tRNA; go_biological_process: tRNA; go_biological_process: tRNA modification; go_molecular_function: tRNA,284,L,0.11619718309859155
Q8WXF1,ncRNA,,very high,literature based (Gerstberger S3),Gerstberger S3 consensus RNA target: ncRNA; putative RNA target: none; PubMed: 22102035,523,E,0.1147227533460803
Q96AE4,mRNA,,very high,literature based (Gerstberger S3),Gerstberger S3 consensus RNA target: mRNA; putative RNA target: none; PubMed: 21855647,644,G,0.15683229813664595
Q96AK3,unknown,,unknown,,,386,R,0.08290155440414508
Q96DH6,mRNA,,medium,GO based,go_molecular_function: mRNA,328,G,0.12804878048780488
Q96EV2,mRNA,,very high,literature based (Gerstberger S3),Gerstberger S3 consensus RNA target: mRNA; putative RNA target: none; PubMed: by homology,1170,P,0.1564102564102564
Q96EY9,tRNA,,very high,literature based (Gerstberger S3),Gerstberger S3 consensus RNA target: tRNA; putative RNA target: none; PubMed: established RBP,367,A,0.14168937329700274
Q96FX7,mRNA,tRNA,high,GO based; UniProt annotation/metadata,uniprot_protein_name: mRNA; go_biological_process: mRNA; go_molecular_function: mRNA,289,G,0.10380622837370242
Q96JM7,unknown,,unknown,,,780,E,0.0858974358974359
Q96MU7,mRNA,,high,GO based,go_biological_process: mRNA; go_biological_process: mrna splicing; go_biological_process: spliceosome; go_biological_process: mrna export; go_molecular_function: mRNA,727,E,0.13480055020632736
Q96N46,unknown,,unknown,,,770,S,0.13246753246753246
Q96PZ0,pre-rRNA,,very high,literature based (Gerstberger S3),Gerstberger S3 consensus RNA target: pre-rRNA; putative RNA target: none; PubMed: 18332121,661,K,0.08774583963691376
Q96Q83,mRNA,,medium,GO based,go_molecular_function: mRNA,286,R,0.09090909090909091
Q96S44,tRNA,,medium,GO based,go_biological_process: tRNA; go_biological_process: tRNA processing,253,A,0.11067193675889328
Q99714,tRNA,diverse; ncRNA,high,GO based,go_biological_process: tRNA; go_molecular_function: tRNA,261,A,0.13409961685823754
Q99973,ncRNA,,very high,literature based (Gerstberger S3),"Gerstberger S3 consensus RNA target: ncRNA; putative RNA target: none; PubMed: This gene product is a component of the ribonucleoprotein complex responsible for telomerase activity which catalyzes the addition of new telomeres on the chromosome ends. The telomerase-associated proteins are conserved from ciliates to humans. [provided by RefSeq, Jul 2008]",2627,L,0.14236771983250857
Q9BQG2,mRNA,,medium,GO based,go_biological_process: mRNA,462,L,0.1038961038961039
Q9BRA0,snoRNA,,very high,literature based (Gerstberger S3),"Gerstberger S3 consensus RNA target: snoRNA; putative RNA target: none; PubMed: Previous names: LSM8 homolog, U6 small nuclear RNA associated",125,L,0.104
Q9BU70,tRNA,,high,GO based; UniProt annotation/metadata,uniprot_protein_name: tRNA; uniprot_protein_name: tRNA methyltransferase; go_biological_process: tRNA; go_molecular_function: tRNA,441,S,0.08843537414965986
Q9BXP5,ncRNA,,very high,literature based (Gerstberger S3),"Gerstberger S3 consensus RNA target: ncRNA; putative RNA target: none; PubMed: 19632182, 22244333",876,E,0.11529680365296803
Q9BXR0,tRNA,,high,GO based; UniProt annotation/metadata,uniprot_protein_name: tRNA; go_biological_process: tRNA; go_molecular_function: tRNA,403,L,0.10669975186104218
Q9BXT6,ncRNA,,medium,GO based,go_biological_process: piRNA,1211,L,0.09744013212221304
Q9BXV9,tRNA,,medium,GO based,go_biological_process: tRNA,100,D,0.14
Q9BYJ9,mRNA,,high,GO based,go_biological_process: mRNA; go_biological_process: mrna stability; go_molecular_function: mRNA,559,S,0.11806797853309481
Q9BZB8,mRNA,,very high,literature based (Gerstberger S3),Gerstberger S3 consensus RNA target: mRNA; putative RNA target: none; PubMed: established RBP,566,S,0.12897526501766785
Q9C0B0,unknown,,very high,literature based (Gerstberger S3),Gerstberger S3 consensus RNA target: unknown; putative RNA target: none; PubMed: by homology,810,S,0.11234567901234568
Q9GZX7,mRNA,,medium,GO based,go_biological_process: mRNA,198,R,0.13131313131313133
Q9H0K6,pre-rRNA,,very high,literature based (Gerstberger S3),"Gerstberger S3 consensus RNA target: pre-rRNA; putative RNA target: none; PubMed: Pseudouridine synthase; catalyzes pseudouridylation at positions 35 and 56 in U2 snRNA, position 50 in 5S rRNA, position 13 in cytoplasmic tRNAs, and position 35 in pre-tRNA(Tyr); conserved in archaea, vertebrates, and some bacteria",701,K,0.09843081312410841
Q9H1K1,unknown,,unknown,,,167,A,0.1437125748502994
Q9H4Z3,mRNA,,high,GO based; UniProt annotation/metadata,uniprot_protein_name: mRNA; go_biological_process: mRNA; go_molecular_function: mRNA,704,S,0.10369318181818182
Q9H5U6,pre-rRNA,,medium,UniProt annotation/metadata,subcellular_location: ribosome biogenesis,513,L,0.08771929824561403
Q9H6E5,snRNA,mRNA,high,GO based; UniProt annotation/metadata,uniprot_protein_name: snRNA; uniprot_protein_name: U6 snRNA; go_biological_process: snRNA; go_biological_process: U6 snRNA; go_molecular_function: snRNA; go_molecular_function: U6 snRNA; uniprot_domains: snRNA; uniprot_domains: U6 snRNA,874,L,0.12242562929061784
Q9H825,tRNA,mRNA,high,GO based; UniProt annotation/metadata,uniprot_protein_name: tRNA; go_biological_process: tRNA; go_biological_process: tRNA modification; go_molecular_function: tRNA,291,S,0.09965635738831616
Q9H9T3,tRNA,,high,GO based; UniProt annotation/metadata,uniprot_protein_name: tRNA; go_biological_process: tRNA; go_molecular_function: tRNA,547,L,0.08775137111517367
Q9HCJ0,mRNA,ncRNA,high,GO based; UniProt annotation/metadata,go_biological_process: mRNA; uniprot_domains: mRNA,1936,S,0.14256198347107438
Q9NPF4,tRNA,,high,GO based; UniProt annotation/metadata,uniprot_protein_name: tRNA; go_biological_process: tRNA; go_biological_process: tRNA modification; go_molecular_function: tRNA,335,G,0.10149253731343283
Q9NQ94,mRNA,,very high,literature based (Gerstberger S3),Gerstberger S3 consensus RNA target: mRNA; putative RNA target: none; PubMed: 10669759,594,A,0.10101010101010101
Q9NR56,mRNA,,very high,literature based (Gerstberger S3),Gerstberger S3 consensus RNA target: mRNA; putative RNA target: none; PubMed: established RBP,388,A,0.14948453608247422
Q9NRW3,unknown,,unknown,,,190,F,0.07368421052631578
Q9NWB1,mRNA,,high,GO based,go_biological_process: mRNA; go_biological_process: mrna splicing; go_biological_process: rna splicing; go_biological_process: spliceosome; go_molecular_function: mRNA,397,A,0.14609571788413098
Q9NX74,tRNA,,very high,literature based (Gerstberger S3),"Gerstberger S3 consensus RNA target: tRNA; putative RNA target: none; PubMed: This gene encodes a cytoplasmic protein that catalyzes the conversion of uridine residues to dihydrouridine in the D-loop of tRNA. The resulting modified bases confer enhanced regional flexibility to tRNA. The encoded protein may increase the rate of translation by inhibiting an interferon-induced protein kinase. This gene has been implicated in pulmonary carcinogenesis. Alternatively spliced transcript variants have been described for this gene. [provided by RefSeq, Nov 2012]",493,L,0.09939148073022312
Q9NXG2,tRNA,,medium,GO based,go_biological_process: tRNA; go_biological_process: tRNA modification,353,K,0.10198300283286119
Q9NXW9,unknown,,unknown,,,302,L,0.10927152317880795
Q9P2K5,mRNA,,very high,literature based (Gerstberger S3),Gerstberger S3 consensus RNA target: mRNA; putative RNA target: none; PubMed: by domain,600,G,0.16333333333333333
Q9UET6,tRNA,,high,GO based; UniProt annotation/metadata,uniprot_protein_name: tRNA; go_biological_process: tRNA; go_biological_process: tRNA modification; go_molecular_function: tRNA; go_molecular_function: tRNA methyltransferase,329,L,0.10030395136778116
Q9UGR2,ncRNA,,high,GO based,go_biological_process: miRNA; go_molecular_function: miRNA,977,L,0.10849539406345957
Q9UH17,unknown,,unknown,,,382,L,0.09947643979057591
Q9UJJ7,unknown,,unknown,,,312,L,0.11538461538461539
Q9UKM9,mRNA,,very high,literature based (Gerstberger S3),Gerstberger S3 consensus RNA target: mRNA; putative RNA target: none; PubMed: established RBP,306,G,0.13071895424836602
Q9UPT8,unknown,,very high,literature based (Gerstberger S3),Gerstberger S3 consensus RNA target: unknown; putative RNA target: none; PubMed: by homology,1303,P,0.14504988488104376
Q9UQ35,mRNA,,very high,literature based (Gerstberger S3),Gerstberger S3 consensus RNA target: mRNA; putative RNA target: none; PubMed: 10668804,2752,S,0.23328488372093023
Q9Y221,pre-rRNA,,very high,literature based (Gerstberger S3),Gerstberger S3 consensus RNA target: pre-rRNA; putative RNA target: none; PubMed: 22195017,180,L,0.08888888888888889
Q9Y2U8,snRNA,,medium,GO based,go_molecular_function: snRNP,911,L,0.09879253567508232
Q9Y3C4,tRNA,,medium,GO based,go_biological_process: tRNA,175,L,0.12571428571428572
Q9Y534,mRNA,,very high,literature based (Gerstberger S3),Gerstberger S3 consensus RNA target: mRNA; putative RNA target: none; PubMed: 12767259,153,P,0.13725490196078433
Q9Y580,mRNA,,very high,literature based (Gerstberger S3),Gerstberger S3 consensus RNA target: mRNA; putative RNA target: none; PubMed: 21855801,266,S,0.15037593984962405
Q9Y606,tRNA,,very high,literature based (Gerstberger S3),Gerstberger S3 consensus RNA target: tRNA; putative RNA target: none; PubMed: 23707380,427,G,0.09836065573770492
Q9Y697,unknown,,unknown,,,457,A,0.09846827133479212
