uniprot_accession,rna_class,uniprot_length,signature_for_fraction,signature_residues,property_fraction,method
A0A024R214|ensembl_protein_id=ENSP00000478598|entry=A0A024R214_HUMAN|source=pfam38|protein_name=Cytoplasmic,mRNA,,cation_pi_rich_neighborhood,193,,CAST
A0A024RCN4|ensembl_protein_id=ENSP00000481707|entry=A0A024RCN4_HUMAN|source=pfam38|protein_name=Zinc,unknown,,cation_pi_rich_neighborhood,136,,CAST
A0A087WT20|ensembl_protein_id=ENSP00000297579|entry=A0A087WT20_HUMAN|source=pfam27|protein_name=DDB1-,pre-rRNA,,basic_enriched_region,86,,CAST
A0A087WUV0|ensembl_protein_id=ENSP00000478941|entry=ZN892_HUMAN|source=pfam38|protein_name=Zinc,unknown,,acidic_region,90,,CAST
A0A087WVF4|ensembl_protein_id=ENSP00000479403|entry=A0A087WVF4_HUMAN|source=pfam38|protein_name=Chromodomain,unknown,,acidic_region,93,,CAST
A0A087WVF4|ensembl_protein_id=ENSP00000479403|entry=A0A087WVF4_HUMAN|source=pfam38|protein_name=Chromodomain,unknown,,gs_rich_neutral_region,275,,CAST
A0A087WVF4|ensembl_protein_id=ENSP00000479403|entry=A0A087WVF4_HUMAN|source=pfam38|protein_name=Chromodomain,unknown,,sr_rs_repeat_region,504,,CAST
A0A087WZ13|ensembl_protein_id=ENSP00000482277|entry=A0A087WZ13_HUMAN|source=rbpdb|protein_name=Ribonucleoprotein,unknown,,disorder_rich_spacer_region,44,,CAST
A0A087WZ13|ensembl_protein_id=ENSP00000482277|entry=A0A087WZ13_HUMAN|source=rbpdb|protein_name=Ribonucleoprotein,unknown,,gs_rich_neutral_region,170,,CAST
A0A0A0MQW0|ensembl_protein_id=ENSP00000267836|entry=A0A0A0MQW0_HUMAN|source=pfam27|protein_name=Myelin,mRNA,,cation_pi_rich_neighborhood,174,,CAST
A0A0A0MQZ6|ensembl_protein_id=ENSP00000296802|entry=A0A0A0MQZ6_HUMAN|source=pfam27|protein_name=NSA2,pre-rRNA,,basic_enriched_region,131,,CAST
A0A0A0MRM9|ensembl_protein_id=ENSP00000359024|entry=A0A0A0MRM9_HUMAN|source=pfam27|protein_name=Nucleolar,snoRNA,,mixed_charge_polyampholyte,662,,CAST
A0A0A0MRZ1|ensembl_protein_id=ENSP00000373873|entry=A0A0A0MRZ1_HUMAN|source=pfam27|protein_name=Unk,unknown,,cation_pi_rich_neighborhood,241,,CAST
A0A0A0MRZ1|ensembl_protein_id=ENSP00000373873|entry=A0A0A0MRZ1_HUMAN|source=pfam27|protein_name=Unk,unknown,,mixed_charge_polyampholyte,68,,CAST
A0A0A0MSN9|ensembl_protein_id=ENSP00000407528|entry=A0A0A0MSN9_HUMAN|source=pfam27|protein_name=Negative,mRNA,,cation_pi_rich_neighborhood,93,,CAST
A0A0A0MSN9|ensembl_protein_id=ENSP00000407528|entry=A0A0A0MSN9_HUMAN|source=pfam27|protein_name=Negative,mRNA,,sr_rs_repeat_region,77,,CAST
A0A0B4J1V9|ensembl_protein_id=ENSP00000377601|entry=A0A0B4J1V9_HUMAN|source=pfam38|protein_name=Proliferation-associated,unknown,,cation_pi_rich_neighborhood,154,,CAST
A0A0B4J203|ensembl_protein_id=ENSP00000423325|entry=A0A0B4J203_HUMAN|source=pfam27|protein_name=receptor,mRNA,,acidic_region,54,,CAST
A0A0B4J203|ensembl_protein_id=ENSP00000423325|entry=A0A0B4J203_HUMAN|source=pfam27|protein_name=receptor,mRNA,,cation_pi_rich_neighborhood,51,,CAST
A0A0C4DG89|ensembl_protein_id=ENSP00000416534|entry=A0A0C4DG89_HUMAN|source=pfam27;pfam38|protein_name=Probable,snRNA,,acidic_region,24,,CAST
A0A0C4DG89|ensembl_protein_id=ENSP00000416534|entry=A0A0C4DG89_HUMAN|source=pfam27;pfam38|protein_name=Probable,snRNA,,cation_pi_rich_neighborhood,241,,CAST
A0A0C4DG89|ensembl_protein_id=ENSP00000416534|entry=A0A0C4DG89_HUMAN|source=pfam27;pfam38|protein_name=Probable,snRNA,,sr_rs_repeat_region,195,,CAST
A0A0C4DGG8|ensembl_protein_id=ENSP00000439252|entry=A0A0C4DGG8_HUMAN|source=pfam27|protein_name=Cell,mRNA,,cation_pi_rich_neighborhood,324,,CAST
A0A0C4DGG8|ensembl_protein_id=ENSP00000439252|entry=A0A0C4DGG8_HUMAN|source=pfam27|protein_name=Cell,mRNA,,disorder_rich_spacer_region,218,,CAST
A0A0C4DGG8|ensembl_protein_id=ENSP00000439252|entry=A0A0C4DGG8_HUMAN|source=pfam27|protein_name=Cell,mRNA,,sr_rs_repeat_region,65,,CAST
A0A0D9SF53|ensembl_protein_id=ENSP00000486306|entry=A0A0D9SF53_HUMAN|source=pfam38|protein_name=RNA,unknown,,other,117,,CAST
A0A0D9SF53|ensembl_protein_id=ENSP00000486306|entry=A0A0D9SF53_HUMAN|source=pfam38|protein_name=RNA,unknown,,sr_rs_repeat_region,71,,CAST
A0A0D9SFM0|ensembl_protein_id=ENSP00000486723|entry=A0A0D9SFM0_HUMAN|source=pfam38|protein_name=E3,unknown,,acidic_region,33,,CAST
A0A0D9SFM0|ensembl_protein_id=ENSP00000486723|entry=A0A0D9SFM0_HUMAN|source=pfam38|protein_name=E3,unknown,,basic_enriched_region,79,,CAST
A0A140T8Y2|ensembl_protein_id=ENSP00000372942|entry=A0A140T8Y2_HUMAN|source=pfam27|protein_name=Guanine,pre-rRNA,,acidic_region,33,,CAST
A0A140TA76|ensembl_protein_id=ENSP00000460896|entry=A0A140TA76_HUMAN|source=pfam27|protein_name=LSM14A,mRNA,,acidic_region,63,,CAST
A0A140TA76|ensembl_protein_id=ENSP00000460896|entry=A0A140TA76_HUMAN|source=pfam27|protein_name=LSM14A,mRNA,,aromatic_sticker_region,87,,CAST
A0A1W2PPH5|ensembl_protein_id=ENSP00000491332|entry=TFLM_HUMAN|source=pfam38|protein_name=TATA-box-binding,unknown,,cation_pi_rich_neighborhood,64,,CAST
A0A2R8Y4L2|ensembl_protein_id=ENSP00000493805|entry=RA1L3_HUMAN|source=pfam38|protein_name=Heterogeneous,mRNA,,other,123,,CAST
A0A2R8Y6W8|ensembl_protein_id=ENSP00000495619|entry=A0A2R8Y6W8_HUMAN|source=pfam38|protein_name=General,unknown,,acidic_region,84,,CAST
A0A384DVK4|ensembl_protein_id=ENSP00000314018|entry=A0A384DVK4_HUMAN|source=pfam27|protein_name=R3H,unknown,,basic_enriched_region,68,,CAST
A0A384DVK4|ensembl_protein_id=ENSP00000314018|entry=A0A384DVK4_HUMAN|source=pfam27|protein_name=R3H,unknown,,cation_pi_rich_neighborhood,373,,CAST
A0A384DVK4|ensembl_protein_id=ENSP00000314018|entry=A0A384DVK4_HUMAN|source=pfam27|protein_name=R3H,unknown,,other,31,,CAST
A0A499FI31|ensembl_protein_id=ENSP00000228284|entry=A0A499FI31_HUMAN|source=pfam27|protein_name=Spliceosome,snRNA,,acidic_region,99,,CAST
A0A499FI31|ensembl_protein_id=ENSP00000228284|entry=A0A499FI31_HUMAN|source=pfam27|protein_name=Spliceosome,snRNA,,disorder_rich_spacer_region,39,,CAST
A0A499FI31|ensembl_protein_id=ENSP00000228284|entry=A0A499FI31_HUMAN|source=pfam27|protein_name=Spliceosome,snRNA,,mixed_charge_polyampholyte,109,,CAST
A0A590UJW6|ensembl_protein_id=ENSP00000499622|entry=A0A590UJW6_HUMAN|source=pfam38|protein_name=Zinc,unknown,,disorder_rich_spacer_region,17,,CAST
A0A590UJW6|ensembl_protein_id=ENSP00000499622|entry=A0A590UJW6_HUMAN|source=pfam38|protein_name=Zinc,unknown,,gs_rich_neutral_region,863,,CAST
A0A5H1ZRQ2|ensembl_protein_id=ENSP00000380033|entry=A0A5H1ZRQ2_HUMAN|source=pfam27;pfam38|protein_name=RNA,mRNA,,aromatic_sticker_region,91,,CAST
A0A5H1ZRQ2|ensembl_protein_id=ENSP00000380033|entry=A0A5H1ZRQ2_HUMAN|source=pfam27;pfam38|protein_name=RNA,mRNA,,disorder_rich_spacer_region,68,,CAST
A0A5H1ZRQ2|ensembl_protein_id=ENSP00000380033|entry=A0A5H1ZRQ2_HUMAN|source=pfam27;pfam38|protein_name=RNA,mRNA,,mixed_charge_polyampholyte,23,,CAST
A0A5K1VW79|ensembl_protein_id=ENSP00000371838|entry=A0A5K1VW79_HUMAN|source=pfam27|protein_name=Cytoplasmic,mRNA,,aromatic_sticker_region,185,,CAST
A0A5K1VW79|ensembl_protein_id=ENSP00000371838|entry=A0A5K1VW79_HUMAN|source=pfam27|protein_name=Cytoplasmic,mRNA,,gs_rich_neutral_region,347,,CAST
A0A7I2V5M7|ensembl_protein_id=ENSP00000504525|entry=A0A7I2V5M7_HUMAN|source=pfam38|protein_name=Ras,unknown,,acidic_region,102,,CAST
A0A7I2V5M7|ensembl_protein_id=ENSP00000504525|entry=A0A7I2V5M7_HUMAN|source=pfam38|protein_name=Ras,unknown,,disorder_rich_spacer_region,38,,CAST
A0A7I2V5M7|ensembl_protein_id=ENSP00000504525|entry=A0A7I2V5M7_HUMAN|source=pfam38|protein_name=Ras,unknown,,other,32,,CAST
A0A7N4I394|ensembl_protein_id=ENSP00000386458|entry=A0A7N4I394_HUMAN|source=pfam27|protein_name=Pre-mRNA-processing,snRNA,,mixed_charge_polyampholyte,277,,CAST
A0A7N4I394|ensembl_protein_id=ENSP00000386458|entry=A0A7N4I394_HUMAN|source=pfam27|protein_name=Pre-mRNA-processing,snRNA,,other,155,,CAST
A0A7N4I394|ensembl_protein_id=ENSP00000386458|entry=A0A7N4I394_HUMAN|source=pfam27|protein_name=Pre-mRNA-processing,snRNA,,sr_rs_repeat_region,216,,CAST
A0A7P0N5L0|ensembl_protein_id=ENSP00000397555|entry=A0A7P0N5L0_HUMAN|source=pfam27|protein_name=R3H,unknown,,acidic_region,73,,CAST
A0A8I5KNN2|ensembl_protein_id=ENSP00000508611|entry=A0A8I5KNN2_HUMAN|source=pfam38|protein_name=Nucleolar,pre-rRNA,,mixed_charge_polyampholyte,168,,CAST
A0A8I5KNN2|ensembl_protein_id=ENSP00000508611|entry=A0A8I5KNN2_HUMAN|source=pfam38|protein_name=Nucleolar,pre-rRNA,,other,51,,CAST
A0A8I5KSH6|ensembl_protein_id=ENSP00000509891|entry=A0A8I5KSH6_HUMAN|source=pfam38|protein_name=ATP-dependent,unknown,,basic_enriched_region,39,,CAST
A0A8I5KSH6|ensembl_protein_id=ENSP00000509891|entry=A0A8I5KSH6_HUMAN|source=pfam38|protein_name=ATP-dependent,unknown,,cation_pi_rich_neighborhood,352,,CAST
A0A8I5KVU2|ensembl_protein_id=ENSP00000510165|entry=A0A8I5KVU2_HUMAN|source=pfam38|protein_name=La,mRNA,,cation_pi_rich_neighborhood,1074,,CAST
A0A8I5KX04|ensembl_protein_id=ENSP00000508500|entry=A0A8I5KX04_HUMAN|source=pfam38|protein_name=Pre-mRNA,mRNA,,acidic_region,68,,CAST
A0A8I5KX04|ensembl_protein_id=ENSP00000508500|entry=A0A8I5KX04_HUMAN|source=pfam38|protein_name=Pre-mRNA,mRNA,,aromatic_sticker_region,148,,CAST
A0A8I5KX04|ensembl_protein_id=ENSP00000508500|entry=A0A8I5KX04_HUMAN|source=pfam38|protein_name=Pre-mRNA,mRNA,,disorder_rich_spacer_region,49,,CAST
A0A8I5KX04|ensembl_protein_id=ENSP00000508500|entry=A0A8I5KX04_HUMAN|source=pfam38|protein_name=Pre-mRNA,mRNA,,sr_rs_repeat_region,435,,CAST
A0A8V8TR54|ensembl_protein_id=ENSP00000515165|entry=A0A8V8TR54_HUMAN|source=pfam38|protein_name=Chromodomain,unknown,,acidic_region,328,,CAST
A0A8V8TR54|ensembl_protein_id=ENSP00000515165|entry=A0A8V8TR54_HUMAN|source=pfam38|protein_name=Chromodomain,unknown,,cation_pi_rich_neighborhood,189,,CAST
A0A8V8TR54|ensembl_protein_id=ENSP00000515165|entry=A0A8V8TR54_HUMAN|source=pfam38|protein_name=Chromodomain,unknown,,disorder_rich_spacer_region,171,,CAST
A0A8V8TR54|ensembl_protein_id=ENSP00000515165|entry=A0A8V8TR54_HUMAN|source=pfam38|protein_name=Chromodomain,unknown,,other,103,,CAST
A0A994J7T5|ensembl_protein_id=ENSP00000516122|entry=A0A994J7T5_HUMAN|source=pfam38|protein_name=Adenosine,mRNA,,disorder_rich_spacer_region,25,,CAST
A0A994J7T5|ensembl_protein_id=ENSP00000516122|entry=A0A994J7T5_HUMAN|source=pfam38|protein_name=Adenosine,mRNA,,gs_rich_neutral_region,21,,CAST
A0A994J7T5|ensembl_protein_id=ENSP00000516122|entry=A0A994J7T5_HUMAN|source=pfam38|protein_name=Adenosine,mRNA,,other,27,,CAST
A0AA34QW03|ensembl_protein_id=ENSP00000518240|entry=A0AA34QW03_HUMAN|source=pfam38|protein_name=Synaptotagmin,mRNA,,aromatic_sticker_region,35,,CAST
A0AA34QW03|ensembl_protein_id=ENSP00000518240|entry=A0AA34QW03_HUMAN|source=pfam38|protein_name=Synaptotagmin,mRNA,,other,91,,CAST
A0ABB0MN55|ensembl_protein_id=ENSP00000516066|entry=A0ABB0MN55_HUMAN|source=pfam38|protein_name=Heterogeneous,mRNA,,other,124,,CAST
A0ABB0MV08|ensembl_protein_id=ENSP00000520548|entry=A0ABB0MV08_HUMAN|source=pfam38|protein_name=Heterogeneous,mRNA,,gs_rich_neutral_region,149,,CAST
A0ACI8P9Y7|ensembl_protein_id=ENSP00000524653|entry=A0ACI8P9Y7_HUMAN|source=pfam38|protein_name=DExD/H-box,unknown,,basic_enriched_region,26,,CAST
A0ACI8PHD2|ensembl_protein_id=ENSP00000534814|entry=A0ACI8PHD2_HUMAN|source=rbpdb|protein_name=Aly/REF,unknown,,other,84,,CAST
A0ACI8PJP7|ensembl_protein_id=ENSP00000534057|entry=A0ACI8PJP7_HUMAN|source=pfam38|protein_name=Decapping,mRNA,,gs_rich_neutral_region,432,,CAST
A0ACI8PR05|ensembl_protein_id=ENSP00000537452|entry=A0ACI8PR05_HUMAN|source=pfam38|protein_name=Family,unknown,,mixed_charge_polyampholyte,179,,CAST
A0ACI8PUZ8|ensembl_protein_id=ENSP00000537332|entry=A0ACI8PUZ8_HUMAN|source=pfam38|protein_name=DExH-box,unknown,,acidic_region,80,,CAST
A0ACI8PUZ8|ensembl_protein_id=ENSP00000537332|entry=A0ACI8PUZ8_HUMAN|source=pfam38|protein_name=DExH-box,unknown,,disorder_rich_spacer_region,46,,CAST
A0ACI8PUZ8|ensembl_protein_id=ENSP00000537332|entry=A0ACI8PUZ8_HUMAN|source=pfam38|protein_name=DExH-box,unknown,,mixed_charge_polyampholyte,191,,CAST
A0ACI8PVP6|ensembl_protein_id=ENSP00000548034|entry=A0ACI8PVP6_HUMAN|source=pfam38|protein_name=Zinc,unknown,,cation_pi_rich_neighborhood,173,,CAST
A0ACI8PX57|ensembl_protein_id=ENSP00000539612|entry=A0ACI8PX57_HUMAN|source=pfam38|protein_name=Heterogeneous,unknown,,other,181,,CAST
A0ACI8Q0P4|ensembl_protein_id=ENSP00000522757|entry=A0ACI8Q0P4_HUMAN|source=pfam38|protein_name=RNA,unknown,,aromatic_sticker_region,260,,CAST
A0ACI8Q0P4|ensembl_protein_id=ENSP00000522757|entry=A0ACI8Q0P4_HUMAN|source=pfam38|protein_name=RNA,unknown,,mixed_charge_polyampholyte,142,,CAST
A0ACI8Q0P4|ensembl_protein_id=ENSP00000522757|entry=A0ACI8Q0P4_HUMAN|source=pfam38|protein_name=RNA,unknown,,sr_rs_repeat_region,93,,CAST
A0ACI8Q806|ensembl_protein_id=ENSP00000536991|entry=A0ACI8Q806_HUMAN|source=pfam38|protein_name=Splicing,unknown,,aromatic_sticker_region,246,,CAST
A0ACI8QA17|ensembl_protein_id=ENSP00000558771|entry=A0ACI8QA17_HUMAN|source=pfam38|protein_name=A-kinase,unknown,,other,22,,CAST
A0ACI8QHW6|ensembl_protein_id=ENSP00000564499|entry=A0ACI8QHW6_HUMAN|source=pfam38|protein_name=Myeloid,unknown,,disorder_rich_spacer_region,45,,CAST
A0ACI8QLY8|ensembl_protein_id=ENSP00000555178|entry=A0ACI8QLY8_HUMAN|source=pfam38|protein_name=Heterogeneous,unknown,,disorder_rich_spacer_region,32,,CAST
A0ACI8QLY8|ensembl_protein_id=ENSP00000555178|entry=A0ACI8QLY8_HUMAN|source=pfam38|protein_name=Heterogeneous,unknown,,other,84,,CAST
A0ACI8QNN6|ensembl_protein_id=ENSP00000568225|entry=A0ACI8QNN6_HUMAN|source=pfam38|protein_name=DEAD-box,unknown,,disorder_rich_spacer_region,156,,CAST
A0ACI8QTQ5|ensembl_protein_id=ENSP00000537007|entry=A0ACI8QTQ5_HUMAN|source=pfam38|protein_name=Drosha,diverse,,acidic_region,192,,CAST
A0ACI8QTQ5|ensembl_protein_id=ENSP00000537007|entry=A0ACI8QTQ5_HUMAN|source=pfam38|protein_name=Drosha,diverse,,aromatic_sticker_region,179,,CAST
A0ACI8QTQ5|ensembl_protein_id=ENSP00000537007|entry=A0ACI8QTQ5_HUMAN|source=pfam38|protein_name=Drosha,diverse,,sr_rs_repeat_region,99,,CAST
A0ACI8QU73|ensembl_protein_id=ENSP00000570373|entry=A0ACI8QU73_HUMAN|source=pfam38|protein_name=DEAD-box,unknown,,basic_enriched_region,85,,CAST
A0ACI8QU73|ensembl_protein_id=ENSP00000570373|entry=A0ACI8QU73_HUMAN|source=pfam38|protein_name=DEAD-box,unknown,,mixed_charge_polyampholyte,109,,CAST
A0ACI8QUJ1|ensembl_protein_id=ENSP00000559174|entry=A0ACI8QUJ1_HUMAN|source=pfam38|protein_name=Epithelial,unknown,,disorder_rich_spacer_region,25,,CAST
A0ACI8QY88|ensembl_protein_id=ENSP00000573927|entry=A0ACI8QY88_HUMAN|source=pfam38|protein_name=Cytoplasmic,mRNA,,cation_pi_rich_neighborhood,280,,CAST
A0ACI8QY88|ensembl_protein_id=ENSP00000573927|entry=A0ACI8QY88_HUMAN|source=pfam38|protein_name=Cytoplasmic,mRNA,,disorder_rich_spacer_region,34,,CAST
A0ACI8R7A3|ensembl_protein_id=ENSP00000572770|entry=A0ACI8R7A3_HUMAN|source=pfam38|protein_name=Musashi,unknown,,cation_pi_rich_neighborhood,77,,CAST
A0ACI8RCQ9|ensembl_protein_id=ENSP00000566975|entry=A0ACI8RCQ9_HUMAN|source=pfam38|protein_name=Splicing,unknown,,acidic_region,40,,CAST
A0ACI8RI26|ensembl_protein_id=ENSP00000537057|entry=A0ACI8RI26_HUMAN|source=pfam38|protein_name=HIV-1,unknown,,acidic_region,373,,CAST
A0ACI8RI26|ensembl_protein_id=ENSP00000537057|entry=A0ACI8RI26_HUMAN|source=pfam38|protein_name=HIV-1,unknown,,basic_enriched_region,29,,CAST
A0ACI8RL22|ensembl_protein_id=ENSP00000531075|entry=A0ACI8RL22_HUMAN|source=pfam38|protein_name=GREB1,unknown,,cation_pi_rich_neighborhood,310,,CAST
A0ACI8RLL6|ensembl_protein_id=ENSP00000540321|entry=A0ACI8RLL6_HUMAN|source=pfam38|protein_name=Nucleolar,unknown,,disorder_rich_spacer_region,44,,CAST
A0ACI8RMB5|ensembl_protein_id=ENSP00000550092|entry=A0ACI8RMB5_HUMAN|source=pfam38|protein_name=DEAH-box,unknown,,acidic_region,60,,CAST
A0ACI8RMB5|ensembl_protein_id=ENSP00000550092|entry=A0ACI8RMB5_HUMAN|source=pfam38|protein_name=DEAH-box,unknown,,basic_enriched_region,44,,CAST
A0ACI8RMB5|ensembl_protein_id=ENSP00000550092|entry=A0ACI8RMB5_HUMAN|source=pfam38|protein_name=DEAH-box,unknown,,disorder_rich_spacer_region,12,,CAST
A0ACI8RQX4|ensembl_protein_id=ENSP00000529365|entry=A0ACI8RQX4_HUMAN|source=pfam38|protein_name=Zinc,unknown,,aromatic_sticker_region,286,,CAST
A0ACI8RR28|ensembl_protein_id=ENSP00000569980|entry=A0ACI8RR28_HUMAN|source=pfam38|protein_name=La,unknown,,disorder_rich_spacer_region,68,,CAST
A0ACI8RR28|ensembl_protein_id=ENSP00000569980|entry=A0ACI8RR28_HUMAN|source=pfam38|protein_name=La,unknown,,other,150,,CAST
A0ACI8RSP0|ensembl_protein_id=ENSP00000537904|entry=A0ACI8RSP0_HUMAN|source=pfam38|protein_name=Mitochondrial,ribosomal protein,,other,31,,CAST
A0ACI8RTZ8|ensembl_protein_id=ENSP00000548255|entry=A0ACI8RTZ8_HUMAN|source=pfam38|protein_name=DEAD-box,unknown,,other,62,,CAST
A0ACI8RX58|ensembl_protein_id=ENSP00000566199|entry=A0ACI8RX58_HUMAN|source=pfam38|protein_name=Nucleolin,unknown,,acidic_region,229,,CAST
A0ACI8RX58|ensembl_protein_id=ENSP00000566199|entry=A0ACI8RX58_HUMAN|source=pfam38|protein_name=Nucleolin,unknown,,cation_pi_rich_neighborhood,224,,CAST
A0ACI8RX58|ensembl_protein_id=ENSP00000566199|entry=A0ACI8RX58_HUMAN|source=pfam38|protein_name=Nucleolin,unknown,,other,50,,CAST
A0ACI8S0C5|ensembl_protein_id=ENSP00000536292|entry=A0ACI8S0C5_HUMAN|source=pfam38|protein_name=Chromodomain,unknown,,mixed_charge_polyampholyte,155,,CAST
A0ACI8S113|ensembl_protein_id=ENSP00000574846|entry=A0ACI8S113_HUMAN|source=pfam38|protein_name=DEAH-box,unknown,,aromatic_sticker_region,86,,CAST
A0ACI8S113|ensembl_protein_id=ENSP00000574846|entry=A0ACI8S113_HUMAN|source=pfam38|protein_name=DEAH-box,unknown,,mixed_charge_polyampholyte,43,,CAST
A0ACI8S113|ensembl_protein_id=ENSP00000574846|entry=A0ACI8S113_HUMAN|source=pfam38|protein_name=DEAH-box,unknown,,sr_rs_repeat_region,344,,CAST
A0ACI8S5T8|ensembl_protein_id=ENSP00000578589|entry=A0ACI8S5T8_HUMAN|source=pfam38|protein_name=G-rich,unknown,,gs_rich_neutral_region,94,,CAST
A0ACI8SAU3|ensembl_protein_id=ENSP00000563294|entry=A0ACI8SAU3_HUMAN|source=pfam38|protein_name=FA,unknown,,mixed_charge_polyampholyte,496,,CAST
A0ACI8SEY7|ensembl_protein_id=ENSP00000574643|entry=A0ACI8SEY7_HUMAN|source=pfam38|protein_name=DEAD-box,unknown,,cation_pi_rich_neighborhood,121,,CAST
A0ACI8SJX5|ensembl_protein_id=ENSP00000581777|entry=A0ACI8SJX5_HUMAN|source=pfam38|protein_name=Helicase,unknown,,mixed_charge_polyampholyte,162,,CAST
A0ACI8SL57|ensembl_protein_id=ENSP00000582458|entry=A0ACI8SL57_HUMAN|source=pfam38|protein_name=Ribosomal,ribosomal protein,,other,111,,CAST
A0ACI8SNF6|ensembl_protein_id=ENSP00000583750|entry=A0ACI8SNF6_HUMAN|source=pfam38|protein_name=Ribosomal,ribosomal protein,,basic_enriched_region,38,,CAST
A0ACI8SPJ0|ensembl_protein_id=ENSP00000584299|entry=A0ACI8SPJ0_HUMAN|source=pfam38|protein_name=Small,snRNA,,acidic_region,49,,CAST
A0ACI8SQV4|ensembl_protein_id=ENSP00000585151|entry=A0ACI8SQV4_HUMAN|source=pfam38|protein_name=RNA,unknown,,other,69,,CAST
A0ACI8SRJ7|ensembl_protein_id=ENSP00000585595|entry=A0ACI8SRJ7_HUMAN|source=pfam38|protein_name=Peptidylprolyl,unknown,,acidic_region,20,,CAST
A0ACI8SXP5|ensembl_protein_id=ENSP00000588446|entry=A0ACI8SXP5_HUMAN|source=pfam38|protein_name=DAZ,unknown,,aromatic_sticker_region,98,,CAST
A0ACI8SXP5|ensembl_protein_id=ENSP00000588446|entry=A0ACI8SXP5_HUMAN|source=pfam38|protein_name=DAZ,unknown,,gs_rich_neutral_region,21,,CAST
A0ACI8SYT5|ensembl_protein_id=ENSP00000589125|entry=A0ACI8SYT5_HUMAN|source=pfam38|protein_name=DEAD-box,unknown,,mixed_charge_polyampholyte,142,,CAST
A0ACI8SZ27|ensembl_protein_id=ENSP00000589452|entry=A0ACI8SZ27_HUMAN|source=pfam38|protein_name=DEAD-box,unknown,,basic_enriched_region,77,,CAST
A0ACI8T823|ensembl_protein_id=ENSP00000594055|entry=A0ACI8T823_HUMAN|source=pfam38|protein_name=Musashi,unknown,,cation_pi_rich_neighborhood,101,,CAST
A0ACI8T9E2|ensembl_protein_id=ENSP00000595223|entry=A0ACI8T9E2_HUMAN|source=pfam38|protein_name=Heterogeneous,unknown,,other,45,,CAST
A0ACI8TFG6|ensembl_protein_id=ENSP00000597971|entry=A0ACI8TFG6_HUMAN|source=pfam38|protein_name=Glutamyl-prolyl-tRNA,tRNA,,mixed_charge_polyampholyte,259,,CAST
A0ACI8TLM1|ensembl_protein_id=ENSP00000601044|entry=A0ACI8TLM1_HUMAN|source=pfam38|protein_name=Serine,unknown,,sr_rs_repeat_region,38,,CAST
A0ACI8TLS0|ensembl_protein_id=ENSP00000600860|entry=A0ACI8TLS0_HUMAN|source=pfam38|protein_name=Zinc,unknown,,other,52,,CAST
A0ACI8TML7|ensembl_protein_id=ENSP00000601183|entry=A0ACI8TML7_HUMAN|source=pfam38|protein_name=Transcription,unknown,,mixed_charge_polyampholyte,113,,CAST
A0ACI8TMU3|ensembl_protein_id=ENSP00000602450|entry=A0ACI8TMU3_HUMAN|source=pfam38|protein_name=DEAH-box,unknown,,cation_pi_rich_neighborhood,46,,CAST
A0ACI8TMU3|ensembl_protein_id=ENSP00000602450|entry=A0ACI8TMU3_HUMAN|source=pfam38|protein_name=DEAH-box,unknown,,mixed_charge_polyampholyte,139,,CAST
A0ACI8TN08|ensembl_protein_id=ENSP00000602445|entry=A0ACI8TN08_HUMAN|source=pfam38|protein_name=SNF2,unknown,,aromatic_sticker_region,294,,CAST
A0ACI8TN08|ensembl_protein_id=ENSP00000602445|entry=A0ACI8TN08_HUMAN|source=pfam38|protein_name=SNF2,unknown,,gs_rich_neutral_region,48,,CAST
A0ACI8TQP9|ensembl_protein_id=ENSP00000603010|entry=A0ACI8TQP9_HUMAN|source=pfam38|protein_name=DNA,unknown,,cation_pi_rich_neighborhood,265,,CAST
A0ACI8TQP9|ensembl_protein_id=ENSP00000603010|entry=A0ACI8TQP9_HUMAN|source=pfam38|protein_name=DNA,unknown,,sr_rs_repeat_region,253,,CAST
A0ACI8TQS2|ensembl_protein_id=ENSP00000603358|entry=A0ACI8TQS2_HUMAN|source=pfam38|protein_name=Chromodomain,unknown,,acidic_region,238,,CAST
A0ACI8TQS2|ensembl_protein_id=ENSP00000603358|entry=A0ACI8TQS2_HUMAN|source=pfam38|protein_name=Chromodomain,unknown,,aromatic_sticker_region,511,,CAST
A0ACI8TQS2|ensembl_protein_id=ENSP00000603358|entry=A0ACI8TQS2_HUMAN|source=pfam38|protein_name=Chromodomain,unknown,,cation_pi_rich_neighborhood,277,,CAST
A0ACI8TQS2|ensembl_protein_id=ENSP00000603358|entry=A0ACI8TQS2_HUMAN|source=pfam38|protein_name=Chromodomain,unknown,,disorder_rich_spacer_region,124,,CAST
A0ACI8TQS2|ensembl_protein_id=ENSP00000603358|entry=A0ACI8TQS2_HUMAN|source=pfam38|protein_name=Chromodomain,unknown,,other,121,,CAST
A0ACI8TS18|ensembl_protein_id=ENSP00000604701|entry=A0ACI8TS18_HUMAN|source=pfam38|protein_name=DEAH-box,unknown,,mixed_charge_polyampholyte,315,,CAST
A0ACI8TSN5|ensembl_protein_id=ENSP00000603908|entry=A0ACI8TSN5_HUMAN|source=pfam38|protein_name=Ribosomal,ribosomal protein,,basic_enriched_region,65,,CAST
A0ACI8TSY6|ensembl_protein_id=ENSP00000605202|entry=A0ACI8TSY6_HUMAN|source=pfam38|protein_name=YTH,unknown,,aromatic_sticker_region,204,,CAST
A0ACI8TSY6|ensembl_protein_id=ENSP00000605202|entry=A0ACI8TSY6_HUMAN|source=pfam38|protein_name=YTH,unknown,,disorder_rich_spacer_region,21,,CAST
A0ACI8TSY6|ensembl_protein_id=ENSP00000605202|entry=A0ACI8TSY6_HUMAN|source=pfam38|protein_name=YTH,unknown,,mixed_charge_polyampholyte,40,,CAST
A0ACI8TUA9|ensembl_protein_id=ENSP00000604834|entry=A0ACI8TUA9_HUMAN|source=pfam38|protein_name=Heterogeneous,unknown,,acidic_region,36,,CAST
A0ACI8TUA9|ensembl_protein_id=ENSP00000604834|entry=A0ACI8TUA9_HUMAN|source=pfam38|protein_name=Heterogeneous,unknown,,other,164,,CAST
A0ACI8TUB7|ensembl_protein_id=ENSP00000605829|entry=A0ACI8TUB7_HUMAN|source=pfam38|protein_name=General,unknown,,acidic_region,63,,CAST
A0ACI8TWM6|ensembl_protein_id=ENSP00000607088|entry=A0ACI8TWM6_HUMAN|source=pfam38|protein_name=DEAD-box,unknown,,other,295,,CAST
A0ACI8TXE9|ensembl_protein_id=ENSP00000606511|entry=A0ACI8TXE9_HUMAN|source=pfam38|protein_name=BLM,unknown,,cation_pi_rich_neighborhood,742,,CAST
A0ACI8TZ93|ensembl_protein_id=ENSP00000607153|entry=A0ACI8TZ93_HUMAN|source=pfam38|protein_name=TIA1,unknown,,disorder_rich_spacer_region,14,,CAST
A0ACI8TZD7|ensembl_protein_id=ENSP00000607569|entry=A0ACI8TZD7_HUMAN|source=pfam38|protein_name=DEAD-box,unknown,,aromatic_sticker_region,28,,CAST
A0ACI8TZD7|ensembl_protein_id=ENSP00000607569|entry=A0ACI8TZD7_HUMAN|source=pfam38|protein_name=DEAD-box,unknown,,mixed_charge_polyampholyte,100,,CAST
A0ACI8TZE9|ensembl_protein_id=ENSP00000608341|entry=A0ACI8TZE9_HUMAN|source=pfam38|protein_name=La,unknown,,gs_rich_neutral_region,265,,CAST
A0ACI8U1B9|ensembl_protein_id=ENSP00000608475|entry=A0ACI8U1B9_HUMAN|source=pfam38|protein_name=Interleukin,unknown,,acidic_region,60,,CAST
A0ACI8U1B9|ensembl_protein_id=ENSP00000608475|entry=A0ACI8U1B9_HUMAN|source=pfam38|protein_name=Interleukin,unknown,,basic_enriched_region,28,,CAST
A0ACI8U1B9|ensembl_protein_id=ENSP00000608475|entry=A0ACI8U1B9_HUMAN|source=pfam38|protein_name=Interleukin,unknown,,other,242,,CAST
A0ACI8U399|ensembl_protein_id=ENSP00000609319|entry=A0ACI8U399_HUMAN|source=pfam38|protein_name=DEAD-box,unknown,,basic_enriched_region,228,,CAST
A0ACI8U399|ensembl_protein_id=ENSP00000609319|entry=A0ACI8U399_HUMAN|source=pfam38|protein_name=DEAD-box,unknown,,cation_pi_rich_neighborhood,174,,CAST
A0ACI8U6C5|ensembl_protein_id=ENSP00000611011|entry=A0ACI8U6C5_HUMAN|source=pfam38|protein_name=SNF2,unknown,,acidic_region,98,,CAST
A0ACI8U6C5|ensembl_protein_id=ENSP00000611011|entry=A0ACI8U6C5_HUMAN|source=pfam38|protein_name=SNF2,unknown,,basic_enriched_region,43,,CAST
A0ACI8U6C5|ensembl_protein_id=ENSP00000611011|entry=A0ACI8U6C5_HUMAN|source=pfam38|protein_name=SNF2,unknown,,disorder_rich_spacer_region,60,,CAST
A0ACI8U7J9|ensembl_protein_id=ENSP00000613263|entry=A0ACI8U7J9_HUMAN|source=pfam38|protein_name=PPFIA,unknown,,cation_pi_rich_neighborhood,423,,CAST
A0ACI8U804|ensembl_protein_id=ENSP00000612016|entry=A0ACI8U804_HUMAN|source=pfam38|protein_name=Myoferlin,unknown,,other,22,,CAST
A0ACI8UB86|ensembl_protein_id=ENSP00000613338|entry=A0ACI8UB86_HUMAN|source=pfam38|protein_name=PRKR,unknown,,basic_enriched_region,75,,CAST
A0ACI8UES1|ensembl_protein_id=ENSP00000617206|entry=A0ACI8UES1_HUMAN|source=pfam38|protein_name=Heterogeneous,unknown,,gs_rich_neutral_region,38,,CAST
A0ACI8UES1|ensembl_protein_id=ENSP00000617206|entry=A0ACI8UES1_HUMAN|source=pfam38|protein_name=Heterogeneous,unknown,,other,48,,CAST
A0ACI8UGJ8|ensembl_protein_id=ENSP00000536781|entry=A0ACI8UGJ8_HUMAN|source=pfam38|protein_name=Cleavage,unknown,,aromatic_sticker_region,50,,CAST
A0ACI8UMC2|ensembl_protein_id=ENSP00000621520|entry=A0ACI8UMC2_HUMAN|source=pfam38|protein_name=VPS41,unknown,,acidic_region,32,,CAST
A0ACI8UNX3|ensembl_protein_id=ENSP00000620363|entry=A0ACI8UNX3_HUMAN|source=pfam38|protein_name=SNF2,unknown,,basic_enriched_region,47,,CAST
A0ACI8UNX3|ensembl_protein_id=ENSP00000620363|entry=A0ACI8UNX3_HUMAN|source=pfam38|protein_name=SNF2,unknown,,disorder_rich_spacer_region,46,,CAST
A0ACI8UNX3|ensembl_protein_id=ENSP00000620363|entry=A0ACI8UNX3_HUMAN|source=pfam38|protein_name=SNF2,unknown,,mixed_charge_polyampholyte,113,,CAST
A0ACI8USR5|ensembl_protein_id=ENSP00000624463|entry=A0ACI8USR5_HUMAN|source=pfam38|protein_name=DExH-box,unknown,,cation_pi_rich_neighborhood,44,,CAST
A0ACI8UTL7|ensembl_protein_id=ENSP00000624934|entry=A0ACI8UTL7_HUMAN|source=pfam38|protein_name=RNA,unknown,,other,344,,CAST
A0ACI8UZB3|ensembl_protein_id=ENSP00000628264|entry=A0ACI8UZB3_HUMAN|source=pfam38|protein_name=DEAH-box,unknown,,sr_rs_repeat_region,98,,CAST
A0ACI8V583|ensembl_protein_id=ENSP00000631750|entry=A0ACI8V583_HUMAN|source=pfam38|protein_name=Eukaryotic,mRNA,,mixed_charge_polyampholyte,245,,CAST
A0ACI8V583|ensembl_protein_id=ENSP00000631750|entry=A0ACI8V583_HUMAN|source=pfam38|protein_name=Eukaryotic,mRNA,,sr_rs_repeat_region,164,,CAST
A0ACI8V5N8|ensembl_protein_id=ENSP00000630191|entry=A0ACI8V5N8_HUMAN|source=pfam38|protein_name=DEAD-box,unknown,,other,40,,CAST
A0ACI8VAV8|ensembl_protein_id=ENSP00000634858|entry=A0ACI8VAV8_HUMAN|source=pfam38|protein_name=Zinc,unknown,,cation_pi_rich_neighborhood,413,,CAST
A0ACI8VCM9|ensembl_protein_id=ENSP00000633500|entry=A0ACI8VCM9_HUMAN|source=pfam38|protein_name=Zinc,unknown,,acidic_region,44,,CAST
A0ACI8VCM9|ensembl_protein_id=ENSP00000633500|entry=A0ACI8VCM9_HUMAN|source=pfam38|protein_name=Zinc,unknown,,cation_pi_rich_neighborhood,592,,CAST
A0ACI8VCM9|ensembl_protein_id=ENSP00000633500|entry=A0ACI8VCM9_HUMAN|source=pfam38|protein_name=Zinc,unknown,,disorder_rich_spacer_region,86,,CAST
A0ACI8VD15|ensembl_protein_id=ENSP00000636235|entry=A0ACI8VD15_HUMAN|source=pfam38|protein_name=WRN,unknown,,acidic_region,208,,CAST
A0ACI8VFS1|ensembl_protein_id=ENSP00000634496|entry=A0ACI8VFS1_HUMAN|source=pfam38|protein_name=A-kinase,unknown,,acidic_region,156,,CAST
A0ACI8VFS1|ensembl_protein_id=ENSP00000634496|entry=A0ACI8VFS1_HUMAN|source=pfam38|protein_name=A-kinase,unknown,,cation_pi_rich_neighborhood,165,,CAST
A0ACI8VQD2|ensembl_protein_id=ENSP00000640467|entry=A0ACI8VQD2_HUMAN|source=pfam38|protein_name=RNA,unknown,,acidic_region,59,,CAST
A0ACI8VQD2|ensembl_protein_id=ENSP00000640467|entry=A0ACI8VQD2_HUMAN|source=pfam38|protein_name=RNA,unknown,,cation_pi_rich_neighborhood,205,,CAST
A0ACI8VSD4|ensembl_protein_id=ENSP00000641622|entry=A0ACI8VSD4_HUMAN|source=pfam38|protein_name=Decapping,mRNA,,cation_pi_rich_neighborhood,87,,CAST
A0AV96|ensembl_protein_id=ENSP00000295971|entry=RBM47_HUMAN|source=pfam38|protein_name=RNA-binding,mRNA,,aromatic_sticker_region,95,,CAST
A1L020|ensembl_protein_id=ENSP00000432845|entry=MEX3A_HUMAN|source=pfam27|protein_name=RNA-binding,mRNA,,disorder_rich_spacer_region,105,,CAST
A2A288|ensembl_protein_id=ENSP00000386616|entry=ZC12D_HUMAN|source=rbpdb|protein_name=Probable,mRNA,,cation_pi_rich_neighborhood,85,,CAST
A2PYH4|ensembl_protein_id=ENSP00000359454|entry=HFM1_HUMAN|source=pfam38|protein_name=Probable,unknown,,cation_pi_rich_neighborhood,79,,CAST
A2RTX5|ensembl_protein_id=ENSP00000338093|entry=SYTC2_HUMAN|source=pfam27|protein_name=Threonine--tRNA,tRNA,,disorder_rich_spacer_region,51,,CAST
A4D1E1|ensembl_protein_id=ENSP00000329638|entry=Z804B_HUMAN|source=pfam38|protein_name=Zinc,unknown,,aromatic_sticker_region,618,,CAST
A4D1E1|ensembl_protein_id=ENSP00000329638|entry=Z804B_HUMAN|source=pfam38|protein_name=Zinc,unknown,,other,33,,CAST
A4D1E9|ensembl_protein_id=ENSP00000222511|entry=GTPBA_HUMAN|source=pfam27|protein_name=GTP-binding,unknown,,disorder_rich_spacer_region,19,,CAST
A5YKK6|ensembl_protein_id=ENSP00000455635|entry=CNOT1_HUMAN|source=pfam27|protein_name=CCR4-NOT,mRNA,,cation_pi_rich_neighborhood,50,,CAST
A5YKK6|ensembl_protein_id=ENSP00000455635|entry=CNOT1_HUMAN|source=pfam27|protein_name=CCR4-NOT,mRNA,,other,19,,CAST
A6NDE4|ensembl_protein_id=ENSP00000372484|entry=RBY1B_HUMAN|source=pfam27|protein_name=RNA-binding,mRNA,,other,451,,CAST
A6NDY0|ensembl_protein_id=ENSP00000408598|entry=EPAB2_HUMAN|source=pfam27|protein_name=Embryonic,mRNA,,acidic_region,84,,CAST
A6NEQ0|ensembl_protein_id=ENSP00000372105|entry=RBY1E_HUMAN|source=rbpdb|protein_name=RNA-binding,mRNA,,other,451,,CAST
A6NFI3|ensembl_protein_id=ENSP00000477706|entry=ZN316_HUMAN|source=pfam38|protein_name=Zinc,unknown,,acidic_region,250,,CAST
A6NFI3|ensembl_protein_id=ENSP00000477706|entry=ZN316_HUMAN|source=pfam38|protein_name=Zinc,unknown,,disorder_rich_spacer_region,81,,CAST
A6NFN3|ensembl_protein_id=ENSP00000462007|entry=RFOX3_HUMAN|source=rbpdb|protein_name=RNA,mRNA,,aromatic_sticker_region,37,,CAST
A6NHQ2|ensembl_protein_id=ENSP00000473383|entry=FBLL1_HUMAN|source=pfam27|protein_name=RNA,snoRNA,,other,75,,CAST
A6NKG5|ensembl_protein_id=ENSP00000497482|entry=RTL1_HUMAN|source=pfam38|protein_name=Retrotransposon-like,unknown,,acidic_region,62,,CAST
A6NKG5|ensembl_protein_id=ENSP00000497482|entry=RTL1_HUMAN|source=pfam38|protein_name=Retrotransposon-like,unknown,,gs_rich_neutral_region,160,,CAST
A7MD48|ensembl_protein_id=ENSP00000267260|entry=SRRM4_HUMAN|source=pfam27|protein_name=Serine/arginine,mRNA,,sr_rs_repeat_region,523,,CAST
A8MXP9|ensembl_protein_id=ENSP00000378279|entry=A8MXP9_HUMAN|source=pfam27|protein_name=Matrin-3,mRNA,,acidic_region,239,,CAST
A8MXP9|ensembl_protein_id=ENSP00000378279|entry=A8MXP9_HUMAN|source=pfam27|protein_name=Matrin-3,mRNA,,cation_pi_rich_neighborhood,118,,CAST
B0QYK0|ensembl_protein_id=ENSP00000330516|entry=B0QYK0_HUMAN|source=pfam27|protein_name=RNA-binding,mRNA,,other,492,,CAST
B0QYY4|ensembl_protein_id=ENSP00000352328|entry=B0QYY4_HUMAN|source=pfam27|protein_name=RNA,mRNA,,disorder_rich_spacer_region,47,,CAST
B5MCF9|ensembl_protein_id=ENSP00000384252|entry=B5MCF9_HUMAN|source=pfam27|protein_name=Pescadillo,pre-rRNA,,acidic_region,34,,CAST
B5MCF9|ensembl_protein_id=ENSP00000384252|entry=B5MCF9_HUMAN|source=pfam27|protein_name=Pescadillo,pre-rRNA,,cation_pi_rich_neighborhood,143,,CAST
B5MCU0|ensembl_protein_id=ENSP00000385839|entry=B5MCU0_HUMAN|source=pfam27|protein_name=R3H,unknown,,cation_pi_rich_neighborhood,284,,CAST
B5MCU0|ensembl_protein_id=ENSP00000385839|entry=B5MCU0_HUMAN|source=pfam27|protein_name=R3H,unknown,,disorder_rich_spacer_region,92,,CAST
B5MCU0|ensembl_protein_id=ENSP00000385839|entry=B5MCU0_HUMAN|source=pfam27|protein_name=R3H,unknown,,mixed_charge_polyampholyte,200,,CAST
B8ZZ98|ensembl_protein_id=ENSP00000386608|entry=B8ZZ98_HUMAN|source=pfam38|protein_name=U4/U6.U5,mRNA,,acidic_region,35,,CAST
B8ZZ98|ensembl_protein_id=ENSP00000386608|entry=B8ZZ98_HUMAN|source=pfam38|protein_name=U4/U6.U5,mRNA,,sr_rs_repeat_region,85,,CAST
C9J323|ensembl_protein_id=ENSP00000391359|entry=C9J323_HUMAN|source=pfam27|protein_name=Cleavage,mRNA,,disorder_rich_spacer_region,18,,CAST
C9J6P4|ensembl_protein_id=ENSP00000418385|entry=C9J6P4_HUMAN|source=pfam27|protein_name=Zinc,ncRNA,,cation_pi_rich_neighborhood,414,,CAST
C9J9B2|ensembl_protein_id=ENSP00000391934|entry=C9J9B2_HUMAN|source=pfam27|protein_name=RNA,mRNA,,disorder_rich_spacer_region,24,,CAST
C9JAB2|ensembl_protein_id=ENSP00000386806|entry=C9JAB2_HUMAN|source=pfam27|protein_name=Serine/arginine-rich,mRNA,,sr_rs_repeat_region,114,,CAST
C9JCE0|ensembl_protein_id=ENSP00000395268|entry=C9JCE0_HUMAN|source=pfam27|protein_name=ALF,mRNA,,gs_rich_neutral_region,64,,CAST
C9JE40|ensembl_protein_id=ENSP00000416673|entry=PATL2_HUMAN|source=pfam27|protein_name=Protein,mRNA,,acidic_region,45,,CAST
C9JE40|ensembl_protein_id=ENSP00000416673|entry=PATL2_HUMAN|source=pfam27|protein_name=Protein,mRNA,,aromatic_sticker_region,81,,CAST
C9JP00|ensembl_protein_id=ENSP00000420327|entry=C9JP00_HUMAN|source=pfam27|protein_name=Muscleblind,mRNA,,disorder_rich_spacer_region,36,,CAST
D4PHA4|ensembl_protein_id=ENSP00000401596|entry=D4PHA4_HUMAN|source=pfam38|protein_name=Vasculin,unknown,,acidic_region,147,,CAST
D4PHA4|ensembl_protein_id=ENSP00000401596|entry=D4PHA4_HUMAN|source=pfam38|protein_name=Vasculin,unknown,,mixed_charge_polyampholyte,136,,CAST
D6R954|ensembl_protein_id=ENSP00000423628|entry=D6R954_HUMAN|source=pfam27|protein_name=tRNA,tRNA,,other,78,,CAST
D6R9W6|ensembl_protein_id=ENSP00000422850|entry=D6R9W6_HUMAN|source=pfam27|protein_name=La,mRNA,,disorder_rich_spacer_region,16,,CAST
D6R9W6|ensembl_protein_id=ENSP00000422850|entry=D6R9W6_HUMAN|source=pfam27|protein_name=La,mRNA,,other,150,,CAST
D6W5Y5|ensembl_protein_id=ENSP00000465558|entry=D6W5Y5_HUMAN|source=pfam27;pfam38|protein_name=Cold-inducible,mRNA,,other,68,,CAST
E5RHF4|ensembl_protein_id=ENSP00000428581|entry=E5RHF4_HUMAN|source=pfam27|protein_name=Large,ribosomal protein,,other,31,,CAST
E5RJM0|ensembl_protein_id=ENSP00000429048|entry=E5RJM0_HUMAN|source=pfam27|protein_name=Cytoplasmic,mRNA,,aromatic_sticker_region,336,,CAST
E5RJZ9|ensembl_protein_id=ENSP00000431022|entry=E5RJZ9_HUMAN|source=pfam27|protein_name=KH,mRNA,,aromatic_sticker_region,12,,CAST
E7EPX0|ensembl_protein_id=ENSP00000429973|entry=E7EPX0_HUMAN|source=pfam27|protein_name=Double-stranded,mRNA,,disorder_rich_spacer_region,68,,CAST
E7ESL0|ensembl_protein_id=ENSP00000429039|entry=E7ESL0_HUMAN|source=pfam27|protein_name=Large,ribosomal protein,,disorder_rich_spacer_region,8,,CAST
E7ET15|ensembl_protein_id=ENSP00000422011|entry=E7ET15_HUMAN|source=pfam27|protein_name=U2,snRNA,,acidic_region,29,,CAST
E7ET15|ensembl_protein_id=ENSP00000422011|entry=E7ET15_HUMAN|source=pfam27|protein_name=U2,snRNA,,aromatic_sticker_region,46,,CAST
E7ET15|ensembl_protein_id=ENSP00000422011|entry=E7ET15_HUMAN|source=pfam27|protein_name=U2,snRNA,,cation_pi_rich_neighborhood,72,,CAST
E7ET15|ensembl_protein_id=ENSP00000422011|entry=E7ET15_HUMAN|source=pfam27|protein_name=U2,snRNA,,sr_rs_repeat_region,559,,CAST
E7ETK0|ensembl_protein_id=ENSP00000415549|entry=E7ETK0_HUMAN|source=pfam27|protein_name=40S,ribosomal protein,,other,49,,CAST
E7ETU5|ensembl_protein_id=ENSP00000387280|entry=E7ETU5_HUMAN|source=pfam27|protein_name=RNA,mRNA,,other,26,,CAST
E7EV40|ensembl_protein_id=ENSP00000398109|entry=E7EV40_HUMAN|source=pfam27|protein_name=Deleted,mRNA,,disorder_rich_spacer_region,60,,CAST
E7EWR4|ensembl_protein_id=ENSP00000387996|entry=E7EWR4_HUMAN|source=pfam27|protein_name=Cleavage,mRNA,,aromatic_sticker_region,50,,CAST
E9PB61|ensembl_protein_id=ENSP00000421592|entry=E9PB61_HUMAN|source=pfam27|protein_name=Aly/REF,mRNA,,other,84,,CAST
E9PFF5|ensembl_protein_id=ENSP00000420643|entry=E9PFF5_HUMAN|source=pfam27|protein_name=FMR1,mRNA,,other,155,,CAST
E9PIF2|ensembl_protein_id=ENSP00000432032|entry=E9PIF2_HUMAN|source=pfam27|protein_name=ATP-dependent,pre-rRNA,,basic_enriched_region,39,,CAST
E9PIF2|ensembl_protein_id=ENSP00000432032|entry=E9PIF2_HUMAN|source=pfam27|protein_name=ATP-dependent,pre-rRNA,,cation_pi_rich_neighborhood,302,,CAST
E9PL19|ensembl_protein_id=ENSP00000433403|entry=E9PL19_HUMAN|source=pfam38|protein_name=Poly(U)-binding-splicing,mRNA,,acidic_region,97,,CAST
E9PL19|ensembl_protein_id=ENSP00000433403|entry=E9PL19_HUMAN|source=pfam38|protein_name=Poly(U)-binding-splicing,mRNA,,disorder_rich_spacer_region,74,,CAST
E9PMM9|ensembl_protein_id=ENSP00000433034|entry=E9PMM9_HUMAN|source=pfam27|protein_name=Small,ribosomal protein,,other,49,,CAST
F5GYR3|ensembl_protein_id=ENSP00000440754|entry=F5GYR3_HUMAN|source=pfam38|protein_name=NOP2,pre-rRNA,,acidic_region,84,,CAST
F5H0R1|ensembl_protein_id=ENSP00000308000|entry=F5H0R1_HUMAN|source=pfam27|protein_name=Speckle,snRNA,,disorder_rich_spacer_region,82,,CAST
F6TAI2|ensembl_protein_id=ENSP00000414671|entry=F6TAI2_HUMAN|source=pfam27|protein_name=Musashi,mRNA,,aromatic_sticker_region,95,,CAST
F6VAP0|ensembl_protein_id=ENSP00000423243|entry=F6VAP0_HUMAN|source=pfam27|protein_name=RNA,mRNA,,aromatic_sticker_region,95,,CAST
F8VP89|ensembl_protein_id=ENSP00000450324|entry=F8VP89_HUMAN|source=pfam27|protein_name=Eukaryotic,mRNA,,sr_rs_repeat_region,106,,CAST
F8VQP2|ensembl_protein_id=ENSP00000445583|entry=F8VQP2_HUMAN|source=pfam27|protein_name=Ataxin,mRNA,,aromatic_sticker_region,62,,CAST
F8VQP2|ensembl_protein_id=ENSP00000445583|entry=F8VQP2_HUMAN|source=pfam27|protein_name=Ataxin,mRNA,,sr_rs_repeat_region,535,,CAST
F8VU11|ensembl_protein_id=ENSP00000448073|entry=F8VU11_HUMAN|source=pfam27|protein_name=Pre-mRNA-processing,snRNA,,disorder_rich_spacer_region,98,,CAST
F8VU11|ensembl_protein_id=ENSP00000448073|entry=F8VU11_HUMAN|source=pfam27|protein_name=Pre-mRNA-processing,snRNA,,mixed_charge_polyampholyte,586,,CAST
F8VVL1|ensembl_protein_id=ENSP00000413661|entry=F8VVL1_HUMAN|source=pfam27|protein_name=Density-regulated,mRNA,,basic_enriched_region,38,,CAST
F8VXY6|ensembl_protein_id=ENSP00000448780|entry=F8VXY6_HUMAN|source=pfam38|protein_name=Zinc,mRNA,,acidic_region,35,,CAST
F8W6I7|ensembl_protein_id=ENSP00000333504|entry=F8W6I7_HUMAN|source=pfam27|protein_name=Heterogeneous,mRNA,,gs_rich_neutral_region,110,,CAST
G3V529|ensembl_protein_id=ENSP00000452145|entry=G3V529_HUMAN|source=pfam27|protein_name=ATP-dependent,pre-rRNA,,basic_enriched_region,85,,CAST
G3V529|ensembl_protein_id=ENSP00000452145|entry=G3V529_HUMAN|source=pfam27|protein_name=ATP-dependent,pre-rRNA,,mixed_charge_polyampholyte,109,,CAST
G5E9G0|ensembl_protein_id=ENSP00000386101|entry=G5E9G0_HUMAN|source=pfam27|protein_name=Large,ribosomal protein,,basic_enriched_region,41,,CAST
G5EA06|ensembl_protein_id=ENSP00000428120|entry=G5EA06_HUMAN|source=pfam27|protein_name=Small,ribosomal protein,,cation_pi_rich_neighborhood,112,,CAST
H0Y6E7|ensembl_protein_id=ENSP00000405117|entry=H0Y6E7_HUMAN|source=pfam27|protein_name=RNA,mRNA,,disorder_rich_spacer_region,36,,CAST
H0Y6E7|ensembl_protein_id=ENSP00000405117|entry=H0Y6E7_HUMAN|source=pfam27|protein_name=RNA,mRNA,,other,30,,CAST
H0YDK8|ensembl_protein_id=ENSP00000433850|entry=H0YDK8_HUMAN|source=pfam27|protein_name=Pumilio,mRNA,,cation_pi_rich_neighborhood,229,,CAST
H0YDK8|ensembl_protein_id=ENSP00000433850|entry=H0YDK8_HUMAN|source=pfam27|protein_name=Pumilio,mRNA,,gs_rich_neutral_region,241,,CAST
H0YGT4|ensembl_protein_id=ENSP00000444749|entry=H0YGT4_HUMAN|source=pfam38|protein_name=Centrosomal,unknown,,cation_pi_rich_neighborhood,52,,CAST
H0YH84|ensembl_protein_id=ENSP00000446507|entry=H0YH84_HUMAN|source=pfam27|protein_name=CCR4-NOT,mRNA,,other,43,,CAST
H0YI55|ensembl_protein_id=ENSP00000448567|entry=H0YI55_HUMAN|source=pfam27|protein_name=Zinc,mRNA,,disorder_rich_spacer_region,31,,CAST
H0YKX1|ensembl_protein_id=ENSP00000452973|entry=H0YKX1_HUMAN|source=pfam27|protein_name=RTF1,mRNA,,mixed_charge_polyampholyte,87,,CAST
H0YLQ7|ensembl_protein_id=ENSP00000453298|entry=H0YLQ7_HUMAN|source=pfam38|protein_name=DnaJ,unknown,,mixed_charge_polyampholyte,58,,CAST
H3BM89|ensembl_protein_id=ENSP00000454281|entry=H3BM89_HUMAN|source=pfam27|protein_name=Large,ribosomal protein,,basic_enriched_region,131,,CAST
H3BMQ2|ensembl_protein_id=ENSP00000454492|entry=H3BMQ2_HUMAN|source=pfam27|protein_name=Probable,pre-rRNA,,basic_enriched_region,116,,CAST
H3BNJ4|ensembl_protein_id=ENSP00000454882|entry=H3BNJ4_HUMAN|source=pfam27|protein_name=Zinc,unknown,,acidic_region,76,,CAST
H3BPD0|ensembl_protein_id=ENSP00000455260|entry=H3BPD0_HUMAN|source=pfam27|protein_name=Zinc,unknown,,acidic_region,96,,CAST
H3BPD0|ensembl_protein_id=ENSP00000455260|entry=H3BPD0_HUMAN|source=pfam27|protein_name=Zinc,unknown,,disorder_rich_spacer_region,38,,CAST
H3BPE7|ensembl_protein_id=ENSP00000455282|entry=H3BPE7_HUMAN|source=pfam27|protein_name=RNA-binding,mRNA,,other,509,,CAST
H3BPG5|ensembl_protein_id=ENSP00000455306|entry=H3BPG5_HUMAN|source=pfam27|protein_name=RNA-binding,mRNA,,other,28,,CAST
H3BPG5|ensembl_protein_id=ENSP00000455306|entry=H3BPG5_HUMAN|source=pfam27|protein_name=RNA-binding,mRNA,,sr_rs_repeat_region,42,,CAST
H3BSG4|ensembl_protein_id=ENSP00000456692|entry=H3BSG4_HUMAN|source=pfam27|protein_name=RNA,tRNA,,disorder_rich_spacer_region,33,,CAST
H3BSW6|ensembl_protein_id=ENSP00000456908|entry=H3BSW6_HUMAN|source=pfam38|protein_name=Cytoplasmic,tRNA,,disorder_rich_spacer_region,38,,CAST
H7BXY3|ensembl_protein_id=ENSP00000343442|entry=H7BXY3_HUMAN|source=pfam27|protein_name=ATP-dependent,mRNA,,acidic_region,13,,CAST
I3L0N7|ensembl_protein_id=ENSP00000458230|entry=I3L0N7_HUMAN|source=pfam27|protein_name=Serine/arginine,mRNA,,acidic_region,59,,CAST
"J3KP02|ensembl_protein_id=ENSP00000348936|entry=J3KP02_HUMAN|source=pfam38|protein_name=Leucine,",unknown,,aromatic_sticker_region,87,,CAST
"J3KP02|ensembl_protein_id=ENSP00000348936|entry=J3KP02_HUMAN|source=pfam38|protein_name=Leucine,",unknown,,cation_pi_rich_neighborhood,318,,CAST
J3KPD3|ensembl_protein_id=ENSP00000364639|entry=J3KPD3_HUMAN|source=pfam27|protein_name=RNA-binding,mRNA,,aromatic_sticker_region,120,,CAST
J3KPI1|ensembl_protein_id=ENSP00000370314|entry=J3KPI1_HUMAN|source=pfam27|protein_name=SECIS,mRNA,,gs_rich_neutral_region,431,,CAST
J3KPK3|ensembl_protein_id=ENSP00000372104|entry=J3KPK3_HUMAN|source=pfam27|protein_name=RNA,mRNA,,other,414,,CAST
J3KPP4|ensembl_protein_id=ENSP00000376919|entry=J3KPP4_HUMAN|source=pfam27|protein_name=Luc7-like,mRNA,,sr_rs_repeat_region,227,,CAST
J3KQ82|ensembl_protein_id=ENSP00000406005|entry=J3KQ82_HUMAN|source=pfam27|protein_name=RNA,mRNA,,sr_rs_repeat_region,414,,CAST
J3QL05|ensembl_protein_id=ENSP00000463317|entry=J3QL05_HUMAN|source=pfam27|protein_name=Serine/arginine-rich,mRNA,,sr_rs_repeat_region,47,,CAST
J3QS41|ensembl_protein_id=ENSP00000464512|entry=J3QS41_HUMAN|source=pfam27|protein_name=ATP-dependent,mRNA,,aromatic_sticker_region,185,,CAST
J3QS41|ensembl_protein_id=ENSP00000464512|entry=J3QS41_HUMAN|source=pfam27|protein_name=ATP-dependent,mRNA,,cation_pi_rich_neighborhood,207,,CAST
J3QT46|ensembl_protein_id=ENSP00000389826|entry=J3QT46_HUMAN|source=pfam27|protein_name=HBS1,mRNA,,cation_pi_rich_neighborhood,114,,CAST
K7EJ78|ensembl_protein_id=ENSP00000465055|entry=K7EJ78_HUMAN|source=pfam27|protein_name=40S,ribosomal protein,,other,27,,CAST
K7EJB9|ensembl_protein_id=ENSP00000465105|entry=K7EJB9_HUMAN|source=pfam27|protein_name=Calreticulin,mRNA,,acidic_region,234,,CAST
K7EKH9|ensembl_protein_id=ENSP00000465629|entry=K7EKH9_HUMAN|source=pfam38|protein_name=Glial,unknown,,mixed_charge_polyampholyte,97,,CAST
K7EPB9|ensembl_protein_id=ENSP00000467319|entry=K7EPB9_HUMAN|source=pfam38|protein_name=Tropomyosin,unknown,,acidic_region,91,,CAST
M0QY97|ensembl_protein_id=ENSP00000469684|entry=M0QY97_HUMAN|source=pfam27|protein_name=Zinc,unknown,,cation_pi_rich_neighborhood,185,,CAST
M0QY97|ensembl_protein_id=ENSP00000469684|entry=M0QY97_HUMAN|source=pfam27|protein_name=Zinc,unknown,,gs_rich_neutral_region,480,,CAST
M0QY97|ensembl_protein_id=ENSP00000469684|entry=M0QY97_HUMAN|source=pfam27|protein_name=Zinc,unknown,,other,62,,CAST
M0QZ34|ensembl_protein_id=ENSP00000470263|entry=M0QZ34_HUMAN|source=pfam27|protein_name=NOP53,pre-rRNA,,other,98,,CAST
M0R1H0|ensembl_protein_id=ENSP00000471867|entry=M0R1H0_HUMAN|source=pfam27|protein_name=Fibrillarin,snoRNA,,other,62,,CAST
M0R226|ensembl_protein_id=ENSP00000472266|entry=M0R226_HUMAN|source=pfam27|protein_name=Large,ribosomal protein,,gs_rich_neutral_region,52,,CAST
M0R2C6|ensembl_protein_id=ENSP00000472465|entry=M0R2C6_HUMAN|source=pfam27|protein_name=serine--tRNA,tRNA,,aromatic_sticker_region,34,,CAST
O00267|ensembl_protein_id=ENSP00000469090|entry=SPT5H_HUMAN|source=pfam27|protein_name=Transcription,mRNA,,acidic_region,138,,CAST
O00267|ensembl_protein_id=ENSP00000469090|entry=SPT5H_HUMAN|source=pfam27|protein_name=Transcription,mRNA,,gs_rich_neutral_region,278,,CAST
O00410|ensembl_protein_id=ENSP00000350219|entry=IPO5_HUMAN|source=pfam27|protein_name=Importin-5,mRNA,,acidic_region,56,,CAST
O00411|ensembl_protein_id=ENSP00000465759|entry=RPOM_HUMAN|source=pfam27|protein_name=DNA-directed,mRNA,,cation_pi_rich_neighborhood,99,,CAST
O00418|ensembl_protein_id=ENSP00000263026|entry=EF2K_HUMAN|source=pfam27|protein_name=Eukaryotic,mRNA,,aromatic_sticker_region,103,,CAST
O00425|ensembl_protein_id=ENSP00000258729|entry=IF2B3_HUMAN|source=pfam27|protein_name=Insulin-like,mRNA,,disorder_rich_spacer_region,22,,CAST
O00566|ensembl_protein_id=ENSP00000244230|entry=MPP10_HUMAN|source=pfam27|protein_name=U3,snoRNA,,acidic_region,430,,CAST
O00566|ensembl_protein_id=ENSP00000244230|entry=MPP10_HUMAN|source=pfam27|protein_name=U3,snoRNA,,basic_enriched_region,126,,CAST
O00567|ensembl_protein_id=ENSP00000370589|entry=NOP56_HUMAN|source=pfam27|protein_name=Nucleolar,snoRNA,,cation_pi_rich_neighborhood,157,,CAST
O00571|ensembl_protein_id=ENSP00000392494|entry=DDX3X_HUMAN|source=pfam27|protein_name=ATP-dependent,mRNA,,other,117,,CAST
O00571|ensembl_protein_id=ENSP00000392494|entry=DDX3X_HUMAN|source=pfam27|protein_name=ATP-dependent,mRNA,,sr_rs_repeat_region,75,,CAST
O14602|ensembl_protein_id=ENSP00000354722|entry=IF1AY_HUMAN|source=pfam27|protein_name=Eukaryotic,mRNA,,acidic_region,28,,CAST
O14647|ensembl_protein_id=ENSP00000377747|entry=CHD2_HUMAN|source=pfam38|protein_name=ATP-dependent,unknown,,acidic_region,141,,CAST
O14647|ensembl_protein_id=ENSP00000377747|entry=CHD2_HUMAN|source=pfam38|protein_name=ATP-dependent,unknown,,aromatic_sticker_region,171,,CAST
O14647|ensembl_protein_id=ENSP00000377747|entry=CHD2_HUMAN|source=pfam38|protein_name=ATP-dependent,unknown,,cation_pi_rich_neighborhood,275,,CAST
O14647|ensembl_protein_id=ENSP00000377747|entry=CHD2_HUMAN|source=pfam38|protein_name=ATP-dependent,unknown,,sr_rs_repeat_region,380,,CAST
O14746|ensembl_protein_id=ENSP00000309572|entry=TERT_HUMAN|source=pfam27|protein_name=Telomerase,ncRNA,,disorder_rich_spacer_region,17,,CAST
O14776|ensembl_protein_id=ENSP00000296702|entry=TCRG1_HUMAN|source=pfam27|protein_name=Transcription,mRNA,,cation_pi_rich_neighborhood,101,,CAST
O14776|ensembl_protein_id=ENSP00000296702|entry=TCRG1_HUMAN|source=pfam27|protein_name=Transcription,mRNA,,disorder_rich_spacer_region,186,,CAST
O14776|ensembl_protein_id=ENSP00000296702|entry=TCRG1_HUMAN|source=pfam27|protein_name=Transcription,mRNA,,mixed_charge_polyampholyte,553,,CAST
O14776|ensembl_protein_id=ENSP00000296702|entry=TCRG1_HUMAN|source=pfam27|protein_name=Transcription,mRNA,,other,57,,CAST
O14787|ensembl_protein_id=ENSP00000397379|entry=TNPO2_HUMAN|source=pfam27|protein_name=Transportin-2,mRNA,,acidic_region,17,,CAST
O14979|ensembl_protein_id=ENSP00000295470|entry=HNRDL_HUMAN|source=pfam27;pfam38|protein_name=Heterogeneous,mRNA,,other,90,,CAST
O15037|ensembl_protein_id=ENSP00000450799|entry=KHNYN_HUMAN|source=pfam27|protein_name=Protein,mRNA,,disorder_rich_spacer_region,14,,CAST
O15042|ensembl_protein_id=ENSP00000418563|entry=SR140_HUMAN|source=pfam38|protein_name=U2,snRNA,,acidic_region,29,,CAST
O15042|ensembl_protein_id=ENSP00000418563|entry=SR140_HUMAN|source=pfam38|protein_name=U2,snRNA,,aromatic_sticker_region,46,,CAST
O15042|ensembl_protein_id=ENSP00000418563|entry=SR140_HUMAN|source=pfam38|protein_name=U2,snRNA,,cation_pi_rich_neighborhood,72,,CAST
O15042|ensembl_protein_id=ENSP00000418563|entry=SR140_HUMAN|source=pfam38|protein_name=U2,snRNA,,sr_rs_repeat_region,559,,CAST
O15047|ensembl_protein_id=ENSP00000262519|entry=SET1A_HUMAN|source=pfam27|protein_name=Histone-lysine,ncRNA,,acidic_region,54,,CAST
O15047|ensembl_protein_id=ENSP00000262519|entry=SET1A_HUMAN|source=pfam27|protein_name=Histone-lysine,ncRNA,,cation_pi_rich_neighborhood,130,,CAST
O15047|ensembl_protein_id=ENSP00000262519|entry=SET1A_HUMAN|source=pfam27|protein_name=Histone-lysine,ncRNA,,disorder_rich_spacer_region,32,,CAST
O15047|ensembl_protein_id=ENSP00000262519|entry=SET1A_HUMAN|source=pfam27|protein_name=Histone-lysine,ncRNA,,gs_rich_neutral_region,894,,CAST
O15056|ensembl_protein_id=ENSP00000347792|entry=SYNJ2_HUMAN|source=rbpdb|protein_name=Polyphosphatidylinositol,unknown,,cation_pi_rich_neighborhood,126,,CAST
O15056|ensembl_protein_id=ENSP00000347792|entry=SYNJ2_HUMAN|source=rbpdb|protein_name=Polyphosphatidylinositol,unknown,,disorder_rich_spacer_region,16,,CAST
O15105|ensembl_protein_id=ENSP00000262158|entry=SMAD7_HUMAN|source=pfam27|protein_name=SMAD,ncRNA,,cation_pi_rich_neighborhood,69,,CAST
O15198|ensembl_protein_id=ENSP00000369154|entry=SMAD9_HUMAN|source=pfam27|protein_name=SMAD,ncRNA,,aromatic_sticker_region,47,,CAST
O15213|ensembl_protein_id=ENSP00000363746|entry=WDR46_HUMAN|source=pfam27|protein_name=WD,snoRNA,,basic_enriched_region,151,,CAST
O15234|ensembl_protein_id=ENSP00000264645|entry=CASC3_HUMAN|source=pfam27|protein_name=Protein,mRNA,,acidic_region,171,,CAST
O15234|ensembl_protein_id=ENSP00000264645|entry=CASC3_HUMAN|source=pfam27|protein_name=Protein,mRNA,,aromatic_sticker_region,334,,CAST
O15234|ensembl_protein_id=ENSP00000264645|entry=CASC3_HUMAN|source=pfam27|protein_name=Protein,mRNA,,gs_rich_neutral_region,147,,CAST
O15371|ensembl_protein_id=ENSP00000216190|entry=EIF3D_HUMAN|source=pfam27|protein_name=Eukaryotic,mRNA,,acidic_region,20,,CAST
O15371|ensembl_protein_id=ENSP00000216190|entry=EIF3D_HUMAN|source=pfam27|protein_name=Eukaryotic,mRNA,,aromatic_sticker_region,142,,CAST
O15372|ensembl_protein_id=ENSP00000429931|entry=EIF3H_HUMAN|source=pfam27|protein_name=Eukaryotic,mRNA,,aromatic_sticker_region,50,,CAST
O15372|ensembl_protein_id=ENSP00000429931|entry=EIF3H_HUMAN|source=pfam27|protein_name=Eukaryotic,mRNA,,gs_rich_neutral_region,34,,CAST
O15397|ensembl_protein_id=ENSP00000256079|entry=IPO8_HUMAN|source=pfam27|protein_name=Importin-8,ncRNA,,acidic_region,61,,CAST
O15446|ensembl_protein_id=ENSP00000310966|entry=RPA34_HUMAN|source=pfam27|protein_name=DNA-directed,pre-rRNA,,disorder_rich_spacer_region,19,,CAST
O15446|ensembl_protein_id=ENSP00000310966|entry=RPA34_HUMAN|source=pfam27|protein_name=DNA-directed,pre-rRNA,,mixed_charge_polyampholyte,298,,CAST
O15504|ensembl_protein_id=ENSP00000258742|entry=NUP42_HUMAN|source=rbpdb|protein_name=Nucleoporin,mRNA,,gs_rich_neutral_region,339,,CAST
O15523|ensembl_protein_id=ENSP00000336725|entry=DDX3Y_HUMAN|source=pfam38|protein_name=ATP-dependent,mRNA,,aromatic_sticker_region,70,,CAST
O15523|ensembl_protein_id=ENSP00000336725|entry=DDX3Y_HUMAN|source=pfam38|protein_name=ATP-dependent,mRNA,,sr_rs_repeat_region,75,,CAST
O15541|ensembl_protein_id=ENSP00000360497|entry=R113A_HUMAN|source=pfam27|protein_name=E3,snRNA,,acidic_region,68,,CAST
O43143|ensembl_protein_id=ENSP00000336741|entry=DHX15_HUMAN|source=pfam27;pfam38|protein_name=ATP-dependent,mRNA,,aromatic_sticker_region,28,,CAST
O43143|ensembl_protein_id=ENSP00000336741|entry=DHX15_HUMAN|source=pfam27;pfam38|protein_name=ATP-dependent,mRNA,,mixed_charge_polyampholyte,52,,CAST
O43148|ensembl_protein_id=ENSP00000372804|entry=MCES_HUMAN|source=pfam27|protein_name=mRNA,mRNA,,mixed_charge_polyampholyte,163,,CAST
O43159|ensembl_protein_id=ENSP00000254605|entry=RRP8_HUMAN|source=pfam27|protein_name=Ribosomal,pre-rRNA,,basic_enriched_region,138,,CAST
O43172|ensembl_protein_id=ENSP00000363313|entry=PRP4_HUMAN|source=pfam27|protein_name=U4/U6,snRNA,,basic_enriched_region,19,,CAST
O43251|ensembl_protein_id=ENSP00000262829|entry=RFOX2_HUMAN|source=rbpdb|protein_name=RNA,mRNA,,disorder_rich_spacer_region,47,,CAST
O43251|ensembl_protein_id=ENSP00000262829|entry=RFOX2_HUMAN|source=rbpdb|protein_name=RNA,mRNA,,other,107,,CAST
O43290|ensembl_protein_id=ENSP00000310448|entry=SNUT1_HUMAN|source=pfam27|protein_name=U4/U6.U5,snRNA,,other,630,,CAST
O43310|ensembl_protein_id=ENSP00000372459|entry=CTIF_HUMAN|source=pfam27|protein_name=CBP80/20-dependent,mRNA,,aromatic_sticker_region,162,,CAST
O43310|ensembl_protein_id=ENSP00000372459|entry=CTIF_HUMAN|source=pfam27|protein_name=CBP80/20-dependent,mRNA,,other,12,,CAST
O43390|ensembl_protein_id=ENSP00000363741|entry=HNRPR_HUMAN|source=pfam27|protein_name=Heterogeneous,mRNA,,acidic_region,36,,CAST
O43390|ensembl_protein_id=ENSP00000363741|entry=HNRPR_HUMAN|source=pfam27|protein_name=Heterogeneous,mRNA,,other,164,,CAST
O43395|ensembl_protein_id=ENSP00000315379|entry=PRPF3_HUMAN|source=rbpdb|protein_name=U4/U6,snRNA,,basic_enriched_region,94,,CAST
O43395|ensembl_protein_id=ENSP00000315379|entry=PRPF3_HUMAN|source=rbpdb|protein_name=U4/U6,snRNA,,sr_rs_repeat_region,57,,CAST
O43422|ensembl_protein_id=ENSP00000260045|entry=P52K_HUMAN|source=pfam38|protein_name=52,unknown,,acidic_region,61,,CAST
O43426|ensembl_protein_id=ENSP00000349903|entry=SYNJ1_HUMAN|source=rbpdb|protein_name=Polyphosphatidylinositol,unknown,,cation_pi_rich_neighborhood,548,,CAST
O43426|ensembl_protein_id=ENSP00000349903|entry=SYNJ1_HUMAN|source=rbpdb|protein_name=Polyphosphatidylinositol,unknown,,disorder_rich_spacer_region,23,,CAST
O43432|ensembl_protein_id=ENSP00000264211|entry=IF4G3_HUMAN|source=pfam27|protein_name=Eukaryotic,mRNA,,acidic_region,179,,CAST
O43432|ensembl_protein_id=ENSP00000264211|entry=IF4G3_HUMAN|source=pfam27|protein_name=Eukaryotic,mRNA,,aromatic_sticker_region,139,,CAST
O43432|ensembl_protein_id=ENSP00000264211|entry=IF4G3_HUMAN|source=pfam27|protein_name=Eukaryotic,mRNA,,cation_pi_rich_neighborhood,172,,CAST
O43432|ensembl_protein_id=ENSP00000264211|entry=IF4G3_HUMAN|source=pfam27|protein_name=Eukaryotic,mRNA,,disorder_rich_spacer_region,31,,CAST
O43432|ensembl_protein_id=ENSP00000264211|entry=IF4G3_HUMAN|source=pfam27|protein_name=Eukaryotic,mRNA,,gs_rich_neutral_region,156,,CAST
O43541|ensembl_protein_id=ENSP00000288840|entry=SMAD6_HUMAN|source=pfam27|protein_name=SMAD,ncRNA,,disorder_rich_spacer_region,32,,CAST
O43709|ensembl_protein_id=ENSP00000265758|entry=BUD23_HUMAN|source=modomics|protein_name=18S,pre-rRNA,,other,43,,CAST
O43719|ensembl_protein_id=ENSP00000218364|entry=HTSF1_HUMAN|source=pfam27|protein_name=17S,mRNA,,acidic_region,373,,CAST
O43719|ensembl_protein_id=ENSP00000218364|entry=HTSF1_HUMAN|source=pfam27|protein_name=17S,mRNA,,other,48,,CAST
O43776|ensembl_protein_id=ENSP00000256854|entry=SYNC_HUMAN|source=pfam27|protein_name=Asparagine--tRNA,tRNA,,cation_pi_rich_neighborhood,53,,CAST
O43818|ensembl_protein_id=ENSP00000232888|entry=U3IP2_HUMAN|source=pfam27|protein_name=U3,snoRNA,,acidic_region,75,,CAST
O43818|ensembl_protein_id=ENSP00000232888|entry=U3IP2_HUMAN|source=pfam27|protein_name=U3,snoRNA,,other,33,,CAST
O43823|ensembl_protein_id=ENSP00000269701|entry=AKAP8_HUMAN|source=pfam27|protein_name=A-kinase,mRNA,,cation_pi_rich_neighborhood,381,,CAST
O43823|ensembl_protein_id=ENSP00000269701|entry=AKAP8_HUMAN|source=pfam27|protein_name=A-kinase,mRNA,,disorder_rich_spacer_region,12,,CAST
O60231|ensembl_protein_id=ENSP00000373071|entry=DHX16_HUMAN|source=pfam27|protein_name=Pre-mRNA-splicing,snRNA,,mixed_charge_polyampholyte,315,,CAST
O60293|ensembl_protein_id=ENSP00000368017|entry=ZC3H1_HUMAN|source=pfam27|protein_name=Zinc,unknown,,acidic_region,26,,CAST
O60293|ensembl_protein_id=ENSP00000368017|entry=ZC3H1_HUMAN|source=pfam27|protein_name=Zinc,unknown,,cation_pi_rich_neighborhood,258,,CAST
O60293|ensembl_protein_id=ENSP00000368017|entry=ZC3H1_HUMAN|source=pfam27|protein_name=Zinc,unknown,,disorder_rich_spacer_region,75,,CAST
O60293|ensembl_protein_id=ENSP00000368017|entry=ZC3H1_HUMAN|source=pfam27|protein_name=Zinc,unknown,,other,218,,CAST
O60293|ensembl_protein_id=ENSP00000368017|entry=ZC3H1_HUMAN|source=pfam27|protein_name=Zinc,unknown,,sr_rs_repeat_region,324,,CAST
O60306|ensembl_protein_id=ENSP00000156471|entry=AQR_HUMAN|source=pfam27|protein_name=RNA,mRNA,,acidic_region,18,,CAST
O60306|ensembl_protein_id=ENSP00000156471|entry=AQR_HUMAN|source=pfam27|protein_name=RNA,mRNA,,other,83,,CAST
O60318|ensembl_protein_id=ENSP00000291688|entry=GANP_HUMAN|source=rbpdb|protein_name=Germinal-center,mRNA,,aromatic_sticker_region,429,,CAST
O60318|ensembl_protein_id=ENSP00000291688|entry=GANP_HUMAN|source=rbpdb|protein_name=Germinal-center,mRNA,,disorder_rich_spacer_region,79,,CAST
O60506|ensembl_protein_id=ENSP00000358635|entry=HNRPQ_HUMAN|source=pfam27|protein_name=Heterogeneous,mRNA,,aromatic_sticker_region,35,,CAST
O60506|ensembl_protein_id=ENSP00000358635|entry=HNRPQ_HUMAN|source=pfam27|protein_name=Heterogeneous,mRNA,,other,91,,CAST
O60508|ensembl_protein_id=ENSP00000357928|entry=PRP17_HUMAN|source=pfam27|protein_name=Pre-mRNA-processing,mRNA,,gs_rich_neutral_region,56,,CAST
O60508|ensembl_protein_id=ENSP00000357928|entry=PRP17_HUMAN|source=pfam27|protein_name=Pre-mRNA-processing,mRNA,,mixed_charge_polyampholyte,82,,CAST
O60522|ensembl_protein_id=ENSP00000443299|entry=TDRD6_HUMAN|source=pfam27|protein_name=Tudor,ncRNA,,acidic_region,25,,CAST
O60563|ensembl_protein_id=ENSP00000261900|entry=CCNT1_HUMAN|source=pfam27|protein_name=Cyclin-T1,ncRNA,,aromatic_sticker_region,448,,CAST
O60563|ensembl_protein_id=ENSP00000261900|entry=CCNT1_HUMAN|source=pfam27|protein_name=Cyclin-T1,ncRNA,,disorder_rich_spacer_region,18,,CAST
O60573|ensembl_protein_id=ENSP00000258416|entry=IF4E2_HUMAN|source=pfam27|protein_name=Eukaryotic,mRNA,,disorder_rich_spacer_region,37,,CAST
O60583|ensembl_protein_id=ENSP00000264157|entry=CCNT2_HUMAN|source=pfam27|protein_name=Cyclin-T2,ncRNA,,gs_rich_neutral_region,388,,CAST
O60603|ensembl_protein_id=ENSP00000260010|entry=TLR2_HUMAN|source=rbpdb|protein_name=Toll-like,unknown,,gs_rich_neutral_region,110,,CAST
O60812|ensembl_protein_id=ENSP00000365370|entry=HNRC1_HUMAN|source=pfam27|protein_name=Heterogeneous,mRNA,,acidic_region,110,,CAST
O60828|ensembl_protein_id=ENSP00000218224|entry=PQBP1_HUMAN|source=pfam27|protein_name=Polyglutamine-binding,mRNA,,mixed_charge_polyampholyte,114,,CAST
O60832|ensembl_protein_id=ENSP00000358563|entry=DKC1_HUMAN|source=pfam27|protein_name=H/ACA,snoRNA,,basic_enriched_region,124,,CAST
O60841|ensembl_protein_id=ENSP00000289371|entry=IF2P_HUMAN|source=pfam27|protein_name=Eukaryotic,tRNA,,cation_pi_rich_neighborhood,626,,CAST
O60870|ensembl_protein_id=ENSP00000368881|entry=KIN17_HUMAN|source=pfam27|protein_name=DNA/RNA-binding,snRNA,,acidic_region,60,,CAST
O60870|ensembl_protein_id=ENSP00000368881|entry=KIN17_HUMAN|source=pfam27|protein_name=DNA/RNA-binding,snRNA,,basic_enriched_region,68,,CAST
O60870|ensembl_protein_id=ENSP00000368881|entry=KIN17_HUMAN|source=pfam27|protein_name=DNA/RNA-binding,snRNA,,disorder_rich_spacer_region,66,,CAST
O60942|ensembl_protein_id=ENSP00000442609|entry=MCE1_HUMAN|source=pfam27|protein_name=mRNA-capping,mRNA,,acidic_region,17,,CAST
O60942|ensembl_protein_id=ENSP00000442609|entry=MCE1_HUMAN|source=pfam27|protein_name=mRNA-capping,mRNA,,other,10,,CAST
O75127|ensembl_protein_id=ENSP00000292478|entry=PTCD1_HUMAN|source=pfam27|protein_name=Pentatricopeptide,tRNA,,disorder_rich_spacer_region,52,,CAST
O75132|ensembl_protein_id=ENSP00000216268|entry=ZBED4_HUMAN|source=pfam38|protein_name=Zinc,unknown,,aromatic_sticker_region,618,,CAST
O75152|ensembl_protein_id=ENSP00000333253|entry=ZC11A_HUMAN|source=rbpdb|protein_name=Zinc,mRNA,,acidic_region,16,,CAST
O75152|ensembl_protein_id=ENSP00000333253|entry=ZC11A_HUMAN|source=rbpdb|protein_name=Zinc,mRNA,,disorder_rich_spacer_region,82,,CAST
O75152|ensembl_protein_id=ENSP00000333253|entry=ZC11A_HUMAN|source=rbpdb|protein_name=Zinc,mRNA,,mixed_charge_polyampholyte,362,,CAST
O75179|ensembl_protein_id=ENSP00000351416|entry=ANR17_HUMAN|source=pfam27|protein_name=Ankyrin,unknown,,acidic_region,33,,CAST
O75179|ensembl_protein_id=ENSP00000351416|entry=ANR17_HUMAN|source=pfam27|protein_name=Ankyrin,unknown,,cation_pi_rich_neighborhood,928,,CAST
O75179|ensembl_protein_id=ENSP00000351416|entry=ANR17_HUMAN|source=pfam27|protein_name=Ankyrin,unknown,,disorder_rich_spacer_region,64,,CAST
O75179|ensembl_protein_id=ENSP00000351416|entry=ANR17_HUMAN|source=pfam27|protein_name=Ankyrin,unknown,,mixed_charge_polyampholyte,202,,CAST
O75179|ensembl_protein_id=ENSP00000351416|entry=ANR17_HUMAN|source=pfam27|protein_name=Ankyrin,unknown,,other,39,,CAST
O75460|ensembl_protein_id=ENSP00000401445|entry=ERN1_HUMAN|source=pfam27|protein_name=Serine/threonine-protein,mRNA,,aromatic_sticker_region,29,,CAST
O75460|ensembl_protein_id=ENSP00000401445|entry=ERN1_HUMAN|source=pfam27|protein_name=Serine/threonine-protein,mRNA,,disorder_rich_spacer_region,51,,CAST
O75475|ensembl_protein_id=ENSP00000370109|entry=PSIP1_HUMAN|source=pfam27|protein_name=PC4,mRNA,,mixed_charge_polyampholyte,463,,CAST
O75494|ensembl_protein_id=ENSP00000342913|entry=SRS10_HUMAN|source=rbpdb|protein_name=Serine/arginine-rich,mRNA,,sr_rs_repeat_region,156,,CAST
O75525|ensembl_protein_id=ENSP00000348108|entry=KHDR3_HUMAN|source=rbpdb|protein_name=KH,mRNA,,aromatic_sticker_region,12,,CAST
O75526|ensembl_protein_id=ENSP00000304139|entry=RMXL2_HUMAN|source=pfam27;pfam38|protein_name=RNA-binding,mRNA,,disorder_rich_spacer_region,29,,CAST
O75526|ensembl_protein_id=ENSP00000304139|entry=RMXL2_HUMAN|source=pfam27;pfam38|protein_name=RNA-binding,mRNA,,mixed_charge_polyampholyte,23,,CAST
O75607|ensembl_protein_id=ENSP00000359128|entry=NPM3_HUMAN|source=pfam27|protein_name=Nucleoplasmin-3,pre-rRNA,,acidic_region,22,,CAST
O75643|ensembl_protein_id=ENSP00000317123|entry=U520_HUMAN|source=pfam27|protein_name=U5,snRNA,,acidic_region,49,,CAST
O75691|ensembl_protein_id=ENSP00000261637|entry=UTP20_HUMAN|source=pfam27|protein_name=Small,snoRNA,,acidic_region,107,,CAST
O75691|ensembl_protein_id=ENSP00000261637|entry=UTP20_HUMAN|source=pfam27|protein_name=Small,snoRNA,,basic_enriched_region,63,,CAST
O75923|ensembl_protein_id=ENSP00000386881|entry=DYSF_HUMAN|source=pfam38|protein_name=Dysferlin,unknown,,disorder_rich_spacer_region,22,,CAST
O75923|ensembl_protein_id=ENSP00000386881|entry=DYSF_HUMAN|source=pfam38|protein_name=Dysferlin,unknown,,other,61,,CAST
O75940|ensembl_protein_id=ENSP00000358605|entry=SPF30_HUMAN|source=pfam27|protein_name=Survival,mRNA,,basic_enriched_region,75,,CAST
O94761|ensembl_protein_id=ENSP00000482313|entry=RECQ4_HUMAN|source=pfam38|protein_name=ATP-dependent,unknown,,acidic_region,49,,CAST
O94761|ensembl_protein_id=ENSP00000482313|entry=RECQ4_HUMAN|source=pfam38|protein_name=ATP-dependent,unknown,,disorder_rich_spacer_region,30,,CAST
O94874|ensembl_protein_id=ENSP00000358283|entry=UFL1_HUMAN|source=pfam38|protein_name=E3,unknown,,cation_pi_rich_neighborhood,92,,CAST
O94906|ensembl_protein_id=ENSP00000266079|entry=PRP6_HUMAN|source=pfam27|protein_name=Pre-mRNA-processing,snRNA,,acidic_region,99,,CAST
O94913|ensembl_protein_id=ENSP00000298281|entry=PCF11_HUMAN|source=pfam27|protein_name=Pre-mRNA,mRNA,,acidic_region,68,,CAST
O94913|ensembl_protein_id=ENSP00000298281|entry=PCF11_HUMAN|source=pfam27|protein_name=Pre-mRNA,mRNA,,aromatic_sticker_region,148,,CAST
O94913|ensembl_protein_id=ENSP00000298281|entry=PCF11_HUMAN|source=pfam27|protein_name=Pre-mRNA,mRNA,,disorder_rich_spacer_region,49,,CAST
O94913|ensembl_protein_id=ENSP00000298281|entry=PCF11_HUMAN|source=pfam27|protein_name=Pre-mRNA,mRNA,,sr_rs_repeat_region,435,,CAST
O94992|ensembl_protein_id=ENSP00000328773|entry=HEXI1_HUMAN|source=pfam27|protein_name=Protein,ncRNA,,cation_pi_rich_neighborhood,327,,CAST
O95104|ensembl_protein_id=ENSP00000286835|entry=SCAF4_HUMAN|source=pfam27|protein_name=SR-related,mRNA,,aromatic_sticker_region,112,,CAST
O95104|ensembl_protein_id=ENSP00000286835|entry=SCAF4_HUMAN|source=pfam27|protein_name=SR-related,mRNA,,disorder_rich_spacer_region,27,,CAST
O95104|ensembl_protein_id=ENSP00000286835|entry=SCAF4_HUMAN|source=pfam27|protein_name=SR-related,mRNA,,gs_rich_neutral_region,327,,CAST
O95104|ensembl_protein_id=ENSP00000286835|entry=SCAF4_HUMAN|source=pfam27|protein_name=SR-related,mRNA,,mixed_charge_polyampholyte,284,,CAST
O95104|ensembl_protein_id=ENSP00000286835|entry=SCAF4_HUMAN|source=pfam27|protein_name=SR-related,mRNA,,sr_rs_repeat_region,69,,CAST
O95163|ensembl_protein_id=ENSP00000363779|entry=ELP1_HUMAN|source=modomics|protein_name=Elongator,tRNA,,cation_pi_rich_neighborhood,52,,CAST
O95218|ensembl_protein_id=ENSP00000254821|entry=ZRAB2_HUMAN|source=pfam27|protein_name=Zinc,mRNA,,acidic_region,91,,CAST
O95218|ensembl_protein_id=ENSP00000254821|entry=ZRAB2_HUMAN|source=pfam27|protein_name=Zinc,mRNA,,sr_rs_repeat_region,182,,CAST
O95319|ensembl_protein_id=ENSP00000382743|entry=CELF2_HUMAN|source=rbpdb|protein_name=CUGBP,mRNA,,disorder_rich_spacer_region,19,,CAST
O95319|ensembl_protein_id=ENSP00000382743|entry=CELF2_HUMAN|source=rbpdb|protein_name=CUGBP,mRNA,,other,164,,CAST
O95373|ensembl_protein_id=ENSP00000369042|entry=IPO7_HUMAN|source=pfam27|protein_name=Importin-7,mRNA,,acidic_region,78,,CAST
O95391|ensembl_protein_id=ENSP00000297151|entry=SLU7_HUMAN|source=pfam27|protein_name=Pre-mRNA-splicing,mRNA,,acidic_region,71,,CAST
O95391|ensembl_protein_id=ENSP00000297151|entry=SLU7_HUMAN|source=pfam27|protein_name=Pre-mRNA-splicing,mRNA,,cation_pi_rich_neighborhood,99,,CAST
O95400|ensembl_protein_id=ENSP00000304903|entry=CD2B2_HUMAN|source=pfam27|protein_name=CD2,snRNA,,acidic_region,17,,CAST
O95453|ensembl_protein_id=ENSP00000444381|entry=PARN_HUMAN|source=pfam27|protein_name=Poly(A)-specific,mRNA,,cation_pi_rich_neighborhood,36,,CAST
O95628|ensembl_protein_id=ENSP00000388491|entry=CNOT4_HUMAN|source=pfam27|protein_name=CCR4-NOT,mRNA,,aromatic_sticker_region,191,,CAST
O95628|ensembl_protein_id=ENSP00000388491|entry=CNOT4_HUMAN|source=pfam27|protein_name=CCR4-NOT,mRNA,,basic_enriched_region,31,,CAST
O95707|ensembl_protein_id=ENSP00000465213|entry=RPP29_HUMAN|source=pfam27|protein_name=Ribonuclease,ncRNA,,other,60,,CAST
O95793|ensembl_protein_id=ENSP00000360893|entry=STAU1_HUMAN|source=pfam27|protein_name=Double-stranded,mRNA,,cation_pi_rich_neighborhood,151,,CAST
O95793|ensembl_protein_id=ENSP00000360893|entry=STAU1_HUMAN|source=pfam27|protein_name=Double-stranded,mRNA,,disorder_rich_spacer_region,62,,CAST
O95926|ensembl_protein_id=ENSP00000236273|entry=SYF2_HUMAN|source=pfam27|protein_name=Pre-mRNA-splicing,mRNA,,cation_pi_rich_neighborhood,92,,CAST
P05198|ensembl_protein_id=ENSP00000256383|entry=IF2A_HUMAN|source=pfam27|protein_name=Eukaryotic,tRNA,,acidic_region,57,,CAST
P05386|ensembl_protein_id=ENSP00000346037|entry=RLA1_HUMAN|source=pfam27|protein_name=Large,ribosomal protein,,acidic_region,19,,CAST
P05386|ensembl_protein_id=ENSP00000346037|entry=RLA1_HUMAN|source=pfam27|protein_name=Large,ribosomal protein,,disorder_rich_spacer_region,42,,CAST
P05387|ensembl_protein_id=ENSP00000322419|entry=RLA2_HUMAN|source=pfam27|protein_name=Large,ribosomal protein,,acidic_region,18,,CAST
P05387|ensembl_protein_id=ENSP00000322419|entry=RLA2_HUMAN|source=pfam27|protein_name=Large,ribosomal protein,,disorder_rich_spacer_region,36,,CAST
P05388|ensembl_protein_id=ENSP00000366471|entry=RLA0_HUMAN|source=pfam27|protein_name=Large,ribosomal protein,,disorder_rich_spacer_region,39,,CAST
P05455|ensembl_protein_id=ENSP00000260956|entry=LA_HUMAN|source=pfam27|protein_name=Lupus,tRNA,,mixed_charge_polyampholyte,213,,CAST
P06748|ensembl_protein_id=ENSP00000341168|entry=NPM_HUMAN|source=pfam27|protein_name=Nucleophosmin,pre-rRNA,,acidic_region,41,,CAST
P06748|ensembl_protein_id=ENSP00000341168|entry=NPM_HUMAN|source=pfam27|protein_name=Nucleophosmin,pre-rRNA,,cation_pi_rich_neighborhood,85,,CAST
P07814|ensembl_protein_id=ENSP00000355890|entry=SYEP_HUMAN|source=pfam27|protein_name=Bifunctional,tRNA,,mixed_charge_polyampholyte,259,,CAST
P07910|ensembl_protein_id=ENSP00000404848|entry=HNRPC_HUMAN|source=rbpdb|protein_name=Heterogeneous,mRNA,,acidic_region,110,,CAST
P08240|ensembl_protein_id=ENSP00000435508|entry=SRPRA_HUMAN|source=pfam27|protein_name=Signal,ncRNA,,basic_enriched_region,125,,CAST
P08579|ensembl_protein_id=ENSP00000246071|entry=RU2B_HUMAN|source=pfam27|protein_name=U2,snRNA,,basic_enriched_region,23,,CAST
P08621|ensembl_protein_id=ENSP00000472998|entry=RU17_HUMAN|source=pfam27|protein_name=U1,snRNA,,mixed_charge_polyampholyte,40,,CAST
P08621|ensembl_protein_id=ENSP00000472998|entry=RU17_HUMAN|source=pfam27|protein_name=U1,snRNA,,other,164,,CAST
P09012|ensembl_protein_id=ENSP00000243563|entry=SNRPA_HUMAN|source=pfam27|protein_name=U1,snRNA,,disorder_rich_spacer_region,67,,CAST
P09234|ensembl_protein_id=ENSP00000244520|entry=RU1C_HUMAN|source=pfam27|protein_name=U1,snRNA,,cation_pi_rich_neighborhood,95,,CAST
P09651|ensembl_protein_id=ENSP00000341826|entry=ROA1_HUMAN|source=rbpdb|protein_name=Heterogeneous,mRNA,,other,175,,CAST
P09874|ensembl_protein_id=ENSP00000355759|entry=PARP1_HUMAN|source=pfam27|protein_name=Poly,mRNA,,disorder_rich_spacer_region,65,,CAST
P0C7P1|ensembl_protein_id=ENSP00000399181|entry=RBY1D_HUMAN|source=pfam27|protein_name=RNA-binding,mRNA,,other,451,,CAST
P0DJD3|ensembl_protein_id=ENSP00000372154|entry=RBY1A_HUMAN|source=rbpdb|protein_name=RNA-binding,mRNA,,other,451,,CAST
P11387|ensembl_protein_id=ENSP00000354522|entry=TOP1_HUMAN|source=pfam27|protein_name=DNA,unknown,,disorder_rich_spacer_region,81,,CAST
P11387|ensembl_protein_id=ENSP00000354522|entry=TOP1_HUMAN|source=pfam27|protein_name=DNA,unknown,,mixed_charge_polyampholyte,333,,CAST
P12270|ensembl_protein_id=ENSP00000356448|entry=TPR_HUMAN|source=pfam27|protein_name=Nucleoprotein,mRNA,,cation_pi_rich_neighborhood,2729,,CAST
P14678|ensembl_protein_id=ENSP00000370746|entry=RSMB_HUMAN|source=pfam27|protein_name=Small,snRNA,,disorder_rich_spacer_region,148,,CAST
P14866|ensembl_protein_id=ENSP00000221419|entry=HNRPL_HUMAN|source=pfam27|protein_name=Heterogeneous,mRNA,,aromatic_sticker_region,48,,CAST
P14866|ensembl_protein_id=ENSP00000221419|entry=HNRPL_HUMAN|source=pfam27|protein_name=Heterogeneous,mRNA,,cation_pi_rich_neighborhood,54,,CAST
P14866|ensembl_protein_id=ENSP00000221419|entry=HNRPL_HUMAN|source=pfam27|protein_name=Heterogeneous,mRNA,,other,26,,CAST
P15170|ensembl_protein_id=ENSP00000408399|entry=ERF3A_HUMAN|source=pfam27|protein_name=Eukaryotic,mRNA,,acidic_region,55,,CAST
P16383|ensembl_protein_id=ENSP00000318690|entry=GCFC2_HUMAN|source=pfam27|protein_name=Intron,mRNA,,acidic_region,158,,CAST
P16383|ensembl_protein_id=ENSP00000318690|entry=GCFC2_HUMAN|source=pfam27|protein_name=Intron,mRNA,,other,119,,CAST
P16989|ensembl_protein_id=ENSP00000228251|entry=YBOX3_HUMAN|source=pfam27|protein_name=Y-box-binding,mRNA,,disorder_rich_spacer_region,88,,CAST
P17480|ensembl_protein_id=ENSP00000302640|entry=UBF1_HUMAN|source=pfam27|protein_name=Nucleolar,pre-rRNA,,mixed_charge_polyampholyte,668,,CAST
P18583|ensembl_protein_id=ENSP00000348984|entry=SON_HUMAN|source=pfam27|protein_name=Protein,mRNA,,acidic_region,46,,CAST
P18583|ensembl_protein_id=ENSP00000348984|entry=SON_HUMAN|source=pfam27|protein_name=Protein,mRNA,,basic_enriched_region,37,,CAST
P18583|ensembl_protein_id=ENSP00000348984|entry=SON_HUMAN|source=pfam27|protein_name=Protein,mRNA,,disorder_rich_spacer_region,90,,CAST
P18583|ensembl_protein_id=ENSP00000348984|entry=SON_HUMAN|source=pfam27|protein_name=Protein,mRNA,,sr_rs_repeat_region,1396,,CAST
P18615|ensembl_protein_id=ENSP00000364574|entry=NELFE_HUMAN|source=rbpdb|protein_name=Negative,mRNA,,basic_enriched_region,27,,CAST
P18615|ensembl_protein_id=ENSP00000364574|entry=NELFE_HUMAN|source=rbpdb|protein_name=Negative,mRNA,,sr_rs_repeat_region,236,,CAST
P19338|ensembl_protein_id=ENSP00000318195|entry=NUCL_HUMAN|source=pfam27|protein_name=Nucleolin,snoRNA,,acidic_region,189,,CAST
P19338|ensembl_protein_id=ENSP00000318195|entry=NUCL_HUMAN|source=pfam27|protein_name=Nucleolin,snoRNA,,mixed_charge_polyampholyte,135,,CAST
P19338|ensembl_protein_id=ENSP00000318195|entry=NUCL_HUMAN|source=pfam27|protein_name=Nucleolin,snoRNA,,other,50,,CAST
P19474|ensembl_protein_id=ENSP00000254436|entry=RO52_HUMAN|source=pfam27|protein_name=E3,ncRNA,,mixed_charge_polyampholyte,112,,CAST
"P19525|ensembl_protein_id=ENSP00000233057|entry=E2AK2_HUMAN|source=pfam27;pfam38|protein_name=Interferon-induced,",ncRNA,,cation_pi_rich_neighborhood,84,,CAST
P20042|ensembl_protein_id=ENSP00000364119|entry=IF2B_HUMAN|source=pfam27|protein_name=Eukaryotic,tRNA,,acidic_region,143,,CAST
P22087|ensembl_protein_id=ENSP00000221801|entry=FBRL_HUMAN|source=modomics|protein_name=rRNA,snRNA,,other,75,,CAST
P22626|ensembl_protein_id=ENSP00000346694|entry=ROA2_HUMAN|source=pfam27|protein_name=Heterogeneous,mRNA,,gs_rich_neutral_region,149,,CAST
P23246|ensembl_protein_id=ENSP00000349748|entry=SFPQ_HUMAN|source=pfam27|protein_name=Splicing,mRNA,,aromatic_sticker_region,46,,CAST
P23246|ensembl_protein_id=ENSP00000349748|entry=SFPQ_HUMAN|source=pfam27|protein_name=Splicing,mRNA,,cation_pi_rich_neighborhood,478,,CAST
P23588|ensembl_protein_id=ENSP00000262056|entry=IF4B_HUMAN|source=rbpdb|protein_name=Eukaryotic,mRNA,,mixed_charge_polyampholyte,240,,CAST
P23588|ensembl_protein_id=ENSP00000262056|entry=IF4B_HUMAN|source=rbpdb|protein_name=Eukaryotic,mRNA,,sr_rs_repeat_region,278,,CAST
P24534|ensembl_protein_id=ENSP00000376056|entry=EF1B_HUMAN|source=pfam27|protein_name=Elongation,tRNA,,acidic_region,32,,CAST
P26358|ensembl_protein_id=ENSP00000352516|entry=DNMT1_HUMAN|source=pfam27|protein_name=DNA,ncRNA,,basic_enriched_region,34,,CAST
P26358|ensembl_protein_id=ENSP00000352516|entry=DNMT1_HUMAN|source=pfam27|protein_name=DNA,ncRNA,,mixed_charge_polyampholyte,328,,CAST
P26368|ensembl_protein_id=ENSP00000307863|entry=U2AF2_HUMAN|source=pfam27|protein_name=Splicing,mRNA,,sr_rs_repeat_region,83,,CAST
P26599|ensembl_protein_id=ENSP00000349428|entry=PTBP1_HUMAN|source=pfam27|protein_name=Polypyrimidine,mRNA,,disorder_rich_spacer_region,105,,CAST
P26640|ensembl_protein_id=ENSP00000211402|entry=SYVC_HUMAN|source=pfam27;pfam38|protein_name=Valine--tRNA,tRNA,,basic_enriched_region,45,,CAST
P26640|ensembl_protein_id=ENSP00000211402|entry=SYVC_HUMAN|source=pfam27;pfam38|protein_name=Valine--tRNA,tRNA,,disorder_rich_spacer_region,60,,CAST
P26641|ensembl_protein_id=ENSP00000331901|entry=EF1G_HUMAN|source=pfam27|protein_name=Elongation,tRNA,,mixed_charge_polyampholyte,68,,CAST
P26651|ensembl_protein_id=ENSP00000469647|entry=TTP_HUMAN|source=rbpdb|protein_name=mRNA,mRNA,,sr_rs_repeat_region,276,,CAST
P27824|ensembl_protein_id=ENSP00000391646|entry=CALX_HUMAN|source=pfam27|protein_name=Calnexin,unknown,,acidic_region,175,,CAST
P29558|ensembl_protein_id=ENSP00000294904|entry=RBMS1_HUMAN|source=rbpdb|protein_name=RNA-binding,mRNA,,other,26,,CAST
P29692|ensembl_protein_id=ENSP00000433611|entry=EF1D_HUMAN|source=pfam27|protein_name=Elongation,tRNA,,acidic_region,21,,CAST
P31942|ensembl_protein_id=ENSP00000265866|entry=HNRH3_HUMAN|source=pfam27;pfam38|protein_name=Heterogeneous,mRNA,,aromatic_sticker_region,73,,CAST
P31942|ensembl_protein_id=ENSP00000265866|entry=HNRH3_HUMAN|source=pfam27;pfam38|protein_name=Heterogeneous,mRNA,,other,76,,CAST
P31943|ensembl_protein_id=ENSP00000377082|entry=HNRH1_HUMAN|source=pfam27|protein_name=Heterogeneous,mRNA,,gs_rich_neutral_region,48,,CAST
P31943|ensembl_protein_id=ENSP00000377082|entry=HNRH1_HUMAN|source=pfam27|protein_name=Heterogeneous,mRNA,,other,48,,CAST
P33240|ensembl_protein_id=ENSP00000362063|entry=CSTF2_HUMAN|source=rbpdb|protein_name=Cleavage,mRNA,,aromatic_sticker_region,50,,CAST
P35269|ensembl_protein_id=ENSP00000377969|entry=T2FA_HUMAN|source=pfam27|protein_name=General,mRNA,,gs_rich_neutral_region,294,,CAST
P35637|ensembl_protein_id=ENSP00000254108|entry=FUS_HUMAN|source=rbpdb|protein_name=RNA-binding,mRNA,,other,508,,CAST
P36776|ensembl_protein_id=ENSP00000353826|entry=LONM_HUMAN|source=pfam27|protein_name=Lon,diverse,,acidic_region,68,,CAST
P36776|ensembl_protein_id=ENSP00000353826|entry=LONM_HUMAN|source=pfam27|protein_name=Lon,diverse,,cation_pi_rich_neighborhood,71,,CAST
P36776|ensembl_protein_id=ENSP00000353826|entry=LONM_HUMAN|source=pfam27|protein_name=Lon,diverse,,other,51,,CAST
P37108|ensembl_protein_id=ENSP00000267884|entry=SRP14_HUMAN|source=pfam27|protein_name=Signal,ncRNA,,basic_enriched_region,77,,CAST
P37108|ensembl_protein_id=ENSP00000267884|entry=SRP14_HUMAN|source=pfam27|protein_name=Signal,ncRNA,,disorder_rich_spacer_region,28,,CAST
P38159|ensembl_protein_id=ENSP00000359645|entry=RBMX_HUMAN|source=rbpdb|protein_name=RNA-binding,mRNA,,other,333,,CAST
P38398|ensembl_protein_id=ENSP00000418960|entry=BRCA1_HUMAN|source=pfam27|protein_name=Breast,ncRNA,,gs_rich_neutral_region,1550,,CAST
P38935|ensembl_protein_id=ENSP00000255078|entry=SMBP2_HUMAN|source=pfam27;pfam38|protein_name=DNA-binding,tRNA,,cation_pi_rich_neighborhood,57,,CAST
P38935|ensembl_protein_id=ENSP00000255078|entry=SMBP2_HUMAN|source=pfam27;pfam38|protein_name=DNA-binding,tRNA,,disorder_rich_spacer_region,116,,CAST
P38935|ensembl_protein_id=ENSP00000255078|entry=SMBP2_HUMAN|source=pfam27;pfam38|protein_name=DNA-binding,tRNA,,other,30,,CAST
P40429|ensembl_protein_id=ENSP00000375730|entry=RL13A_HUMAN|source=pfam27|protein_name=Large,ribosomal protein,,basic_enriched_region,35,,CAST
P41214|ensembl_protein_id=ENSP00000271764|entry=EIF2D_HUMAN|source=pfam27|protein_name=Eukaryotic,tRNA,,acidic_region,46,,CAST
P42694|ensembl_protein_id=ENSP00000351524|entry=HELZ_HUMAN|source=rbpdb|protein_name=ATP-dependent,mRNA,,aromatic_sticker_region,185,,CAST
P42694|ensembl_protein_id=ENSP00000351524|entry=HELZ_HUMAN|source=rbpdb|protein_name=ATP-dependent,mRNA,,cation_pi_rich_neighborhood,207,,CAST
P42696|ensembl_protein_id=ENSP00000386226|entry=RBM34_HUMAN|source=pfam38|protein_name=RNA-binding,mRNA,,basic_enriched_region,76,,CAST
P42696|ensembl_protein_id=ENSP00000386226|entry=RBM34_HUMAN|source=pfam38|protein_name=RNA-binding,mRNA,,cation_pi_rich_neighborhood,110,,CAST
P42766|ensembl_protein_id=ENSP00000259469|entry=RL35_HUMAN|source=pfam27|protein_name=Large,ribosomal protein,,other,120,,CAST
P43243|ensembl_protein_id=ENSP00000354346|entry=MATR3_HUMAN|source=rbpdb|protein_name=Matrin-3,mRNA,,acidic_region,191,,CAST
P43243|ensembl_protein_id=ENSP00000354346|entry=MATR3_HUMAN|source=rbpdb|protein_name=Matrin-3,mRNA,,cation_pi_rich_neighborhood,118,,CAST
P46087|ensembl_protein_id=ENSP00000371858|entry=NOP2_HUMAN|source=pfam27|protein_name=28S,pre-rRNA,,acidic_region,107,,CAST
P46087|ensembl_protein_id=ENSP00000371858|entry=NOP2_HUMAN|source=pfam27|protein_name=28S,pre-rRNA,,cation_pi_rich_neighborhood,217,,CAST
P46087|ensembl_protein_id=ENSP00000371858|entry=NOP2_HUMAN|source=pfam27|protein_name=28S,pre-rRNA,,other,77,,CAST
P46100|ensembl_protein_id=ENSP00000362441|entry=ATRX_HUMAN|source=pfam38|protein_name=Chromatin,unknown,,acidic_region,32,,CAST
P46100|ensembl_protein_id=ENSP00000362441|entry=ATRX_HUMAN|source=pfam38|protein_name=Chromatin,unknown,,cation_pi_rich_neighborhood,72,,CAST
P46100|ensembl_protein_id=ENSP00000362441|entry=ATRX_HUMAN|source=pfam38|protein_name=Chromatin,unknown,,mixed_charge_polyampholyte,1629,,CAST
P46199|ensembl_protein_id=ENSP00000378099|entry=IF2M_HUMAN|source=pfam27|protein_name=Translation,tRNA,,cation_pi_rich_neighborhood,52,,CAST
P46199|ensembl_protein_id=ENSP00000378099|entry=IF2M_HUMAN|source=pfam27|protein_name=Translation,tRNA,,other,65,,CAST
P46777|ensembl_protein_id=ENSP00000359345|entry=RL5_HUMAN|source=pfam27|protein_name=Large,ribosomal protein,,basic_enriched_region,65,,CAST
P46778|ensembl_protein_id=ENSP00000346027|entry=RL21_HUMAN|source=pfam27|protein_name=Large,ribosomal protein,,basic_enriched_region,46,,CAST
P47813|ensembl_protein_id=ENSP00000368927|entry=IF1AX_HUMAN|source=pfam27|protein_name=Eukaryotic,mRNA,,acidic_region,28,,CAST
P47914|ensembl_protein_id=ENSP00000420673|entry=RL29_HUMAN|source=pfam27|protein_name=Large,ribosomal protein,,basic_enriched_region,134,,CAST
P47974|ensembl_protein_id=ENSP00000282388|entry=TISD_HUMAN|source=pfam27|protein_name=mRNA,mRNA,,cation_pi_rich_neighborhood,178,,CAST
P47974|ensembl_protein_id=ENSP00000282388|entry=TISD_HUMAN|source=pfam27|protein_name=mRNA,mRNA,,disorder_rich_spacer_region,68,,CAST
P47974|ensembl_protein_id=ENSP00000282388|entry=TISD_HUMAN|source=pfam27|protein_name=mRNA,mRNA,,gs_rich_neutral_region,39,,CAST
P49589|ensembl_protein_id=ENSP00000278224|entry=SYCC_HUMAN|source=pfam27|protein_name=Cysteine--tRNA,tRNA,,cation_pi_rich_neighborhood,89,,CAST
P49756|ensembl_protein_id=ENSP00000431150|entry=RBM25_HUMAN|source=pfam27|protein_name=RNA-binding,mRNA,,disorder_rich_spacer_region,48,,CAST
P49756|ensembl_protein_id=ENSP00000431150|entry=RBM25_HUMAN|source=pfam27|protein_name=RNA-binding,mRNA,,sr_rs_repeat_region,449,,CAST
P49759|ensembl_protein_id=ENSP00000326830|entry=CLK1_HUMAN|source=pfam27|protein_name=Dual,mRNA,,other,117,,CAST
P49760|ensembl_protein_id=ENSP00000354856|entry=CLK2_HUMAN|source=pfam27|protein_name=Dual,mRNA,,sr_rs_repeat_region,138,,CAST
P49761|ensembl_protein_id=ENSP00000344112|entry=CLK3_HUMAN|source=pfam27|protein_name=Dual,mRNA,,sr_rs_repeat_region,117,,CAST
P49790|ensembl_protein_id=ENSP00000262077|entry=NU153_HUMAN|source=pfam27|protein_name=Nuclear,diverse,,disorder_rich_spacer_region,13,,CAST
P49790|ensembl_protein_id=ENSP00000262077|entry=NU153_HUMAN|source=pfam27|protein_name=Nuclear,diverse,,gs_rich_neutral_region,1376,,CAST
P49792|ensembl_protein_id=ENSP00000283195|entry=RBP2_HUMAN|source=pfam27|protein_name=E3,mRNA,,acidic_region,37,,CAST
P49792|ensembl_protein_id=ENSP00000283195|entry=RBP2_HUMAN|source=pfam27|protein_name=E3,mRNA,,aromatic_sticker_region,578,,CAST
P49792|ensembl_protein_id=ENSP00000283195|entry=RBP2_HUMAN|source=pfam27|protein_name=E3,mRNA,,cation_pi_rich_neighborhood,581,,CAST
P50914|ensembl_protein_id=ENSP00000379506|entry=RL14_HUMAN|source=pfam27|protein_name=Large,ribosomal protein,,basic_enriched_region,123,,CAST
P51114|ensembl_protein_id=ENSP00000307633|entry=FXR1_HUMAN|source=rbpdb|protein_name=RNA-binding,mRNA,,other,215,,CAST
P51116|ensembl_protein_id=ENSP00000250113|entry=FXR2_HUMAN|source=pfam27|protein_name=RNA-binding,mRNA,,gs_rich_neutral_region,266,,CAST
P51513|ensembl_protein_id=ENSP00000438875|entry=NOVA1_HUMAN|source=pfam27|protein_name=RNA-binding,mRNA,,other,137,,CAST
P51531|ensembl_protein_id=ENSP00000265773|entry=SMCA2_HUMAN|source=pfam38|protein_name=SWI/SNF-related,unknown,,aromatic_sticker_region,173,,CAST
P51531|ensembl_protein_id=ENSP00000265773|entry=SMCA2_HUMAN|source=pfam38|protein_name=SWI/SNF-related,unknown,,cation_pi_rich_neighborhood,369,,CAST
P51531|ensembl_protein_id=ENSP00000265773|entry=SMCA2_HUMAN|source=pfam38|protein_name=SWI/SNF-related,unknown,,mixed_charge_polyampholyte,485,,CAST
P51608|ensembl_protein_id=ENSP00000301948|entry=MECP2_HUMAN|source=pfam27|protein_name=Methyl-CpG-binding,mRNA,,cation_pi_rich_neighborhood,357,,CAST
P51608|ensembl_protein_id=ENSP00000301948|entry=MECP2_HUMAN|source=pfam27|protein_name=Methyl-CpG-binding,mRNA,,disorder_rich_spacer_region,30,,CAST
P51608|ensembl_protein_id=ENSP00000301948|entry=MECP2_HUMAN|source=pfam27|protein_name=Methyl-CpG-binding,mRNA,,other,9,,CAST
P51814|ensembl_protein_id=ENSP00000585765|entry=ZNF41_HUMAN|source=pfam38|protein_name=Zinc,unknown,,aromatic_sticker_region,69,,CAST
P51825|ensembl_protein_id=ENSP00000378578|entry=AFF1_HUMAN|source=pfam27|protein_name=AF4/FMR2,mRNA,,gs_rich_neutral_region,1054,,CAST
P51991|ensembl_protein_id=ENSP00000408487|entry=ROA3_HUMAN|source=pfam27|protein_name=Heterogeneous,mRNA,,other,167,,CAST
P52272|ensembl_protein_id=ENSP00000325376|entry=HNRPM_HUMAN|source=pfam27|protein_name=Heterogeneous,mRNA,,aromatic_sticker_region,55,,CAST
P52272|ensembl_protein_id=ENSP00000325376|entry=HNRPM_HUMAN|source=pfam27|protein_name=Heterogeneous,mRNA,,cation_pi_rich_neighborhood,127,,CAST
P52594|ensembl_protein_id=ENSP00000312059|entry=AGFG1_HUMAN|source=pfam27|protein_name=Arf-GAP,mRNA,,aromatic_sticker_region,423,,CAST
P52756|ensembl_protein_id=ENSP00000343054|entry=RBM5_HUMAN|source=pfam27|protein_name=RNA-binding,mRNA,,aromatic_sticker_region,260,,CAST
P52756|ensembl_protein_id=ENSP00000343054|entry=RBM5_HUMAN|source=pfam27|protein_name=RNA-binding,mRNA,,mixed_charge_polyampholyte,227,,CAST
P52756|ensembl_protein_id=ENSP00000343054|entry=RBM5_HUMAN|source=pfam27|protein_name=RNA-binding,mRNA,,sr_rs_repeat_region,93,,CAST
P52824|ensembl_protein_id=ENSP00000273814|entry=DGKQ_HUMAN|source=rbpdb|protein_name=Diacylglycerol,unknown,,aromatic_sticker_region,14,,CAST
P53999|ensembl_protein_id=ENSP00000426850|entry=TCP4_HUMAN|source=pfam27|protein_name=Activated,mRNA,,basic_enriched_region,60,,CAST
P54253|ensembl_protein_id=ENSP00000416360|entry=ATX1_HUMAN|source=pfam27|protein_name=Ataxin-1,mRNA,,aromatic_sticker_region,56,,CAST
P55010|ensembl_protein_id=ENSP00000376477|entry=IF5_HUMAN|source=pfam27|protein_name=Eukaryotic,mRNA,,acidic_region,202,,CAST
P55199|ensembl_protein_id=ENSP00000262809|entry=ELL_HUMAN|source=pfam38|protein_name=RNA,snRNA,,basic_enriched_region,26,,CAST
P55265|ensembl_protein_id=ENSP00000357459|entry=DSRAD_HUMAN|source=pfam27|protein_name=Double-stranded,mRNA,,cation_pi_rich_neighborhood,159,,CAST
P55795|ensembl_protein_id=ENSP00000361927|entry=HNRH2_HUMAN|source=pfam27;pfam38|protein_name=Heterogeneous,mRNA,,gs_rich_neutral_region,48,,CAST
P55795|ensembl_protein_id=ENSP00000361927|entry=HNRH2_HUMAN|source=pfam27;pfam38|protein_name=Heterogeneous,mRNA,,other,48,,CAST
P55884|ensembl_protein_id=ENSP00000354125|entry=EIF3B_HUMAN|source=pfam27|protein_name=Eukaryotic,mRNA,,acidic_region,166,,CAST
P55884|ensembl_protein_id=ENSP00000354125|entry=EIF3B_HUMAN|source=pfam27|protein_name=Eukaryotic,mRNA,,basic_enriched_region,63,,CAST
P56182|ensembl_protein_id=ENSP00000417464|entry=RRP1_HUMAN|source=pfam27|protein_name=Ribosomal,pre-rRNA,,acidic_region,62,,CAST
P56182|ensembl_protein_id=ENSP00000417464|entry=RRP1_HUMAN|source=pfam27|protein_name=Ribosomal,pre-rRNA,,other,112,,CAST
P56270|ensembl_protein_id=ENSP00000443956|entry=MAZ_HUMAN|source=pfam27|protein_name=Myc-associated,unknown,,cation_pi_rich_neighborhood,219,,CAST
P56270|ensembl_protein_id=ENSP00000443956|entry=MAZ_HUMAN|source=pfam27|protein_name=Myc-associated,unknown,,disorder_rich_spacer_region,35,,CAST
P57052|ensembl_protein_id=ENSP00000383421|entry=RBM11_HUMAN|source=pfam27|protein_name=Splicing,mRNA,,aromatic_sticker_region,115,,CAST
P57723|ensembl_protein_id=ENSP00000395030|entry=PCBP4_HUMAN|source=pfam27|protein_name=Poly(rC)-binding,mRNA,,cation_pi_rich_neighborhood,58,,CAST
P60323|ensembl_protein_id=ENSP00000341992|entry=NANO3_HUMAN|source=pfam27|protein_name=Nanos,mRNA,,aromatic_sticker_region,16,,CAST
P61129|ensembl_protein_id=ENSP00000386764|entry=ZC3H6_HUMAN|source=pfam27|protein_name=Zinc,unknown,,aromatic_sticker_region,100,,CAST
P61129|ensembl_protein_id=ENSP00000386764|entry=ZC3H6_HUMAN|source=pfam27|protein_name=Zinc,unknown,,cation_pi_rich_neighborhood,63,,CAST
P61129|ensembl_protein_id=ENSP00000386764|entry=ZC3H6_HUMAN|source=pfam27|protein_name=Zinc,unknown,,gs_rich_neutral_region,116,,CAST
P61129|ensembl_protein_id=ENSP00000386764|entry=ZC3H6_HUMAN|source=pfam27|protein_name=Zinc,unknown,,mixed_charge_polyampholyte,234,,CAST
P61218|ensembl_protein_id=ENSP00000403852|entry=RPAB2_HUMAN|source=pfam27|protein_name=DNA-directed,mRNA,,acidic_region,34,,CAST
P61254|ensembl_protein_id=ENSP00000463784|entry=RL26_HUMAN|source=pfam27|protein_name=Large,ribosomal protein,,basic_enriched_region,38,,CAST
P61978|ensembl_protein_id=ENSP00000365458|entry=HNRPK_HUMAN|source=pfam27|protein_name=Heterogeneous,mRNA,,acidic_region,43,,CAST
P61978|ensembl_protein_id=ENSP00000365458|entry=HNRPK_HUMAN|source=pfam27|protein_name=Heterogeneous,mRNA,,other,51,,CAST
P62241|ensembl_protein_id=ENSP00000379888|entry=RS8_HUMAN|source=pfam27|protein_name=Small,ribosomal protein,,basic_enriched_region,35,,CAST
P62314|ensembl_protein_id=ENSP00000300413|entry=SMD1_HUMAN|source=pfam27;pfam38|protein_name=Small,snRNA,,other,32,,CAST
P62750|ensembl_protein_id=ENSP00000389103|entry=RL23A_HUMAN|source=pfam27|protein_name=Large,ribosomal protein,,other,67,,CAST
P62753|ensembl_protein_id=ENSP00000369757|entry=RS6_HUMAN|source=pfam27|protein_name=Small,ribosomal protein,,other,114,,CAST
P62851|ensembl_protein_id=ENSP00000435096|entry=RS25_HUMAN|source=pfam27|protein_name=Small,ribosomal protein,,basic_enriched_region,40,,CAST
P62854|ensembl_protein_id=ENSP00000348849|entry=RS26_HUMAN|source=pfam27|protein_name=Small,ribosomal protein,,cation_pi_rich_neighborhood,18,,CAST
P62861|ensembl_protein_id=ENSP00000435370|entry=RS30_HUMAN|source=pfam27|protein_name=Ubiquitin-like,ribosomal protein,,other,31,,CAST
P62945|ensembl_protein_id=ENSP00000420821|entry=RS32_HUMAN|source=pfam27|protein_name=Small,ribosomal protein,,other,24,,CAST
P62979|ensembl_protein_id=ENSP00000272317|entry=RS27A_HUMAN|source=pfam27|protein_name=Ubiquitin-ribosomal,ribosomal protein,,basic_enriched_region,43,,CAST
P62995|ensembl_protein_id=ENSP00000371626|entry=TRA2B_HUMAN|source=pfam27|protein_name=Transformer-2,mRNA,,disorder_rich_spacer_region,8,,CAST
P62995|ensembl_protein_id=ENSP00000371626|entry=TRA2B_HUMAN|source=pfam27|protein_name=Transformer-2,mRNA,,sr_rs_repeat_region,110,,CAST
P63162|ensembl_protein_id=ENSP00000306223|entry=RSMN_HUMAN|source=rbpdb|protein_name=Small,snRNA,,disorder_rich_spacer_region,148,,CAST
P67809|ensembl_protein_id=ENSP00000361626|entry=YBOX1_HUMAN|source=pfam27|protein_name=Y-box-binding,mRNA,,gs_rich_neutral_region,23,,CAST
P67809|ensembl_protein_id=ENSP00000361626|entry=YBOX1_HUMAN|source=pfam27|protein_name=Y-box-binding,mRNA,,other,187,,CAST
P78316|ensembl_protein_id=ENSP00000405068|entry=NOP14_HUMAN|source=pfam27|protein_name=Nucleolar,pre-rRNA,,cation_pi_rich_neighborhood,330,,CAST
P78316|ensembl_protein_id=ENSP00000405068|entry=NOP14_HUMAN|source=pfam27|protein_name=Nucleolar,pre-rRNA,,other,80,,CAST
P78332|ensembl_protein_id=ENSP00000266022|entry=RBM6_HUMAN|source=pfam27|protein_name=RNA-binding,mRNA,,aromatic_sticker_region,92,,CAST
P78332|ensembl_protein_id=ENSP00000266022|entry=RBM6_HUMAN|source=pfam27|protein_name=RNA-binding,mRNA,,mixed_charge_polyampholyte,292,,CAST
P78344|ensembl_protein_id=ENSP00000433664|entry=IF4G2_HUMAN|source=pfam27|protein_name=Eukaryotic,mRNA,,disorder_rich_spacer_region,42,,CAST
P78362|ensembl_protein_id=ENSP00000349863|entry=SRPK2_HUMAN|source=pfam27|protein_name=SRSF,mRNA,,acidic_region,181,,CAST
P78362|ensembl_protein_id=ENSP00000349863|entry=SRPK2_HUMAN|source=pfam27|protein_name=SRSF,mRNA,,disorder_rich_spacer_region,32,,CAST
P78362|ensembl_protein_id=ENSP00000349863|entry=SRPK2_HUMAN|source=pfam27|protein_name=SRSF,mRNA,,gs_rich_neutral_region,91,,CAST
P78563|ensembl_protein_id=ENSP00000015877|entry=RED1_HUMAN|source=modomics|protein_name=Double-stranded,mRNA,,disorder_rich_spacer_region,25,,CAST
P78563|ensembl_protein_id=ENSP00000015877|entry=RED1_HUMAN|source=modomics|protein_name=Double-stranded,mRNA,,gs_rich_neutral_region,21,,CAST
P79522|ensembl_protein_id=ENSP00000404669|entry=PRR3_HUMAN|source=pfam27|protein_name=Proline-rich,unknown,,cation_pi_rich_neighborhood,69,,CAST
P82673|ensembl_protein_id=ENSP00000081029|entry=RT35_HUMAN|source=pfam27|protein_name=Small,ribosomal protein,,acidic_region,85,,CAST
P82675|ensembl_protein_id=ENSP00000272418|entry=RT05_HUMAN|source=pfam27;pfam38|protein_name=Small,ribosomal protein,,other,81,,CAST
P82979|ensembl_protein_id=ENSP00000337632|entry=SARNP_HUMAN|source=pfam27|protein_name=SAP,mRNA,,acidic_region,67,,CAST
P83369|ensembl_protein_id=ENSP00000286307|entry=LSM11_HUMAN|source=pfam27|protein_name=U7,snRNA,,cation_pi_rich_neighborhood,93,,CAST
P83369|ensembl_protein_id=ENSP00000286307|entry=LSM11_HUMAN|source=pfam27|protein_name=U7,snRNA,,other,29,,CAST
P83731|ensembl_protein_id=ENSP00000377640|entry=RL24_HUMAN|source=pfam27|protein_name=Large,ribosomal protein,,basic_enriched_region,92,,CAST
P84098|ensembl_protein_id=ENSP00000225430|entry=RL19_HUMAN|source=pfam27|protein_name=Large,ribosomal protein,,other,145,,CAST
P84103|ensembl_protein_id=ENSP00000362820|entry=SRSF3_HUMAN|source=rbpdb|protein_name=Serine/arginine-rich,mRNA,,sr_rs_repeat_region,81,,CAST
P86452|ensembl_protein_id=ENSP00000447879|entry=ZBED6_HUMAN|source=pfam38|protein_name=Zinc,unknown,,basic_enriched_region,44,,CAST
P86452|ensembl_protein_id=ENSP00000447879|entry=ZBED6_HUMAN|source=pfam38|protein_name=Zinc,unknown,,disorder_rich_spacer_region,54,,CAST
P98175|ensembl_protein_id=ENSP00000328848|entry=RBM10_HUMAN|source=pfam27|protein_name=RNA-binding,mRNA,,acidic_region,107,,CAST
P98175|ensembl_protein_id=ENSP00000328848|entry=RBM10_HUMAN|source=pfam27|protein_name=RNA-binding,mRNA,,cation_pi_rich_neighborhood,182,,CAST
P98175|ensembl_protein_id=ENSP00000328848|entry=RBM10_HUMAN|source=pfam27|protein_name=RNA-binding,mRNA,,mixed_charge_polyampholyte,218,,CAST
P98179|ensembl_protein_id=ENSP00000365950|entry=RBM3_HUMAN|source=pfam27|protein_name=RNA-binding,mRNA,,other,69,,CAST
Q00059|ensembl_protein_id=ENSP00000420588|entry=TFAM_HUMAN|source=pfam27|protein_name=Transcription,mRNA,,aromatic_sticker_region,190,,CAST
Q00577|ensembl_protein_id=ENSP00000332706|entry=PURA_HUMAN|source=pfam27|protein_name=Transcriptional,mRNA,,acidic_region,50,,CAST
Q00577|ensembl_protein_id=ENSP00000332706|entry=PURA_HUMAN|source=pfam27|protein_name=Transcriptional,mRNA,,gs_rich_neutral_region,48,,CAST
Q00839|ensembl_protein_id=ENSP00000393151|entry=HNRPU_HUMAN|source=pfam27|protein_name=Heterogeneous,mRNA,,acidic_region,108,,CAST
Q00839|ensembl_protein_id=ENSP00000393151|entry=HNRPU_HUMAN|source=pfam27|protein_name=Heterogeneous,mRNA,,basic_enriched_region,42,,CAST
Q00839|ensembl_protein_id=ENSP00000393151|entry=HNRPU_HUMAN|source=pfam27|protein_name=Heterogeneous,mRNA,,disorder_rich_spacer_region,39,,CAST
Q00839|ensembl_protein_id=ENSP00000393151|entry=HNRPU_HUMAN|source=pfam27|protein_name=Heterogeneous,mRNA,,other,87,,CAST
Q01081|ensembl_protein_id=ENSP00000369629|entry=U2AF1_HUMAN|source=pfam27|protein_name=Splicing,mRNA,,sr_rs_repeat_region,61,,CAST
Q01085|ensembl_protein_id=ENSP00000394902|entry=TIAR_HUMAN|source=pfam27|protein_name=Nucleolysin,mRNA,,disorder_rich_spacer_region,14,,CAST
Q01130|ensembl_protein_id=ENSP00000353089|entry=SRSF2_HUMAN|source=rbpdb|protein_name=Serine/arginine-rich,mRNA,,sr_rs_repeat_region,139,,CAST
Q01780|ensembl_protein_id=ENSP00000307307|entry=EXOSX_HUMAN|source=pfam27|protein_name=Exosome,diverse,,cation_pi_rich_neighborhood,142,,CAST
Q01844|ensembl_protein_id=ENSP00000327456|entry=EWS_HUMAN|source=rbpdb|protein_name=RNA-binding,unknown,,gs_rich_neutral_region,298,,CAST
Q01844|ensembl_protein_id=ENSP00000327456|entry=EWS_HUMAN|source=rbpdb|protein_name=RNA-binding,unknown,,other,232,,CAST
Q02040|ensembl_protein_id=ENSP00000324827|entry=AK17A_HUMAN|source=pfam27|protein_name=A-kinase,mRNA,,disorder_rich_spacer_region,169,,CAST
Q02040|ensembl_protein_id=ENSP00000324827|entry=AK17A_HUMAN|source=pfam27|protein_name=A-kinase,mRNA,,sr_rs_repeat_region,221,,CAST
Q02878|ensembl_protein_id=ENSP00000403172|entry=RL6_HUMAN|source=pfam27|protein_name=Large,ribosomal protein,,basic_enriched_region,84,,CAST
Q03468|ensembl_protein_id=ENSP00000348089|entry=ERCC6_HUMAN|source=pfam38|protein_name=DNA,unknown,,acidic_region,140,,CAST
Q03468|ensembl_protein_id=ENSP00000348089|entry=ERCC6_HUMAN|source=pfam38|protein_name=DNA,unknown,,basic_enriched_region,100,,CAST
Q03468|ensembl_protein_id=ENSP00000348089|entry=ERCC6_HUMAN|source=pfam38|protein_name=DNA,unknown,,gs_rich_neutral_region,381,,CAST
Q03701|ensembl_protein_id=ENSP00000234170|entry=CEBPZ_HUMAN|source=pfam27|protein_name=CCAAT/enhancer-binding,pre-rRNA,,acidic_region,156,,CAST
Q03701|ensembl_protein_id=ENSP00000234170|entry=CEBPZ_HUMAN|source=pfam27|protein_name=CCAAT/enhancer-binding,pre-rRNA,,basic_enriched_region,22,,CAST
Q03701|ensembl_protein_id=ENSP00000234170|entry=CEBPZ_HUMAN|source=pfam27|protein_name=CCAAT/enhancer-binding,pre-rRNA,,cation_pi_rich_neighborhood,155,,CAST
Q04637|ensembl_protein_id=ENSP00000343450|entry=IF4G1_HUMAN|source=pfam27|protein_name=Eukaryotic,mRNA,,acidic_region,205,,CAST
Q04637|ensembl_protein_id=ENSP00000343450|entry=IF4G1_HUMAN|source=pfam27|protein_name=Eukaryotic,mRNA,,cation_pi_rich_neighborhood,281,,CAST
Q04637|ensembl_protein_id=ENSP00000343450|entry=IF4G1_HUMAN|source=pfam27|protein_name=Eukaryotic,mRNA,,other,167,,CAST
Q05481|ensembl_protein_id=ENSP00000300619|entry=ZNF91_HUMAN|source=pfam38|protein_name=Zinc,unknown,,aromatic_sticker_region,579,,CAST
Q05519|ensembl_protein_id=ENSP00000359987|entry=SRS11_HUMAN|source=rbpdb|protein_name=Serine/arginine-rich,mRNA,,disorder_rich_spacer_region,21,,CAST
Q05519|ensembl_protein_id=ENSP00000359987|entry=SRS11_HUMAN|source=rbpdb|protein_name=Serine/arginine-rich,mRNA,,sr_rs_repeat_region,278,,CAST
Q06265|ensembl_protein_id=ENSP00000243498|entry=EXOS9_HUMAN|source=pfam27|protein_name=Exosome,diverse,,other,31,,CAST
Q06787|ensembl_protein_id=ENSP00000359506|entry=FMR1_HUMAN|source=pfam27|protein_name=Fragile,mRNA,,other,25,,CAST
Q07021|ensembl_protein_id=ENSP00000225698|entry=C1QBP_HUMAN|source=pfam27|protein_name=Complement,mRNA,,acidic_region,78,,CAST
Q07352|ensembl_protein_id=ENSP00000337386|entry=TISB_HUMAN|source=rbpdb|protein_name=mRNA,mRNA,,aromatic_sticker_region,124,,CAST
Q07666|ensembl_protein_id=ENSP00000313829|entry=KHDR1_HUMAN|source=pfam27|protein_name=KH,mRNA,,disorder_rich_spacer_region,31,,CAST
Q07666|ensembl_protein_id=ENSP00000313829|entry=KHDR1_HUMAN|source=pfam27|protein_name=KH,mRNA,,gs_rich_neutral_region,10,,CAST
Q07666|ensembl_protein_id=ENSP00000313829|entry=KHDR1_HUMAN|source=pfam27|protein_name=KH,mRNA,,other,69,,CAST
Q07864|ensembl_protein_id=ENSP00000322570|entry=DPOE1_HUMAN|source=pfam38|protein_name=DNA,unknown,,acidic_region,37,,CAST
Q07955|ensembl_protein_id=ENSP00000258962|entry=SRSF1_HUMAN|source=pfam27|protein_name=Serine/arginine-rich,mRNA,,disorder_rich_spacer_region,23,,CAST
Q07955|ensembl_protein_id=ENSP00000258962|entry=SRSF1_HUMAN|source=pfam27|protein_name=Serine/arginine-rich,mRNA,,sr_rs_repeat_region,50,,CAST
Q08170|ensembl_protein_id=ENSP00000362900|entry=SRSF4_HUMAN|source=pfam27|protein_name=Serine/arginine-rich,mRNA,,sr_rs_repeat_region,317,,CAST
Q08211|ensembl_protein_id=ENSP00000356520|entry=DHX9_HUMAN|source=pfam27;pfam38|protein_name=ATP-dependent,ncRNA,,acidic_region,16,,CAST
Q08211|ensembl_protein_id=ENSP00000356520|entry=DHX9_HUMAN|source=pfam27;pfam38|protein_name=ATP-dependent,ncRNA,,other,101,,CAST
Q09161|ensembl_protein_id=ENSP00000364289|entry=NCBP1_HUMAN|source=pfam27|protein_name=Nuclear,mRNA,,cation_pi_rich_neighborhood,53,,CAST
Q12788|ensembl_protein_id=ENSP00000454836|entry=TBL3_HUMAN|source=pfam27|protein_name=Transducin,snoRNA,,acidic_region,24,,CAST
Q12849|ensembl_protein_id=ENSP00000254799|entry=GRSF1_HUMAN|source=pfam27|protein_name=G-rich,mRNA,,gs_rich_neutral_region,94,,CAST
Q12872|ensembl_protein_id=ENSP00000437738|entry=SFSWA_HUMAN|source=pfam27|protein_name=Splicing,mRNA,,acidic_region,129,,CAST
Q12872|ensembl_protein_id=ENSP00000437738|entry=SFSWA_HUMAN|source=pfam27|protein_name=Splicing,mRNA,,gs_rich_neutral_region,29,,CAST
Q12872|ensembl_protein_id=ENSP00000437738|entry=SFSWA_HUMAN|source=pfam27|protein_name=Splicing,mRNA,,other,54,,CAST
Q12872|ensembl_protein_id=ENSP00000437738|entry=SFSWA_HUMAN|source=pfam27|protein_name=Splicing,mRNA,,sr_rs_repeat_region,444,,CAST
Q12874|ensembl_protein_id=ENSP00000362110|entry=SF3A3_HUMAN|source=pfam27|protein_name=Splicing,snRNA,,acidic_region,40,,CAST
Q12904|ensembl_protein_id=ENSP00000350699|entry=AIMP1_HUMAN|source=pfam27|protein_name=Aminoacyl,tRNA,,basic_enriched_region,31,,CAST
Q12905|ensembl_protein_id=ENSP00000355011|entry=ILF2_HUMAN|source=pfam27|protein_name=Interleukin,mRNA,,acidic_region,37,,CAST
Q12905|ensembl_protein_id=ENSP00000355011|entry=ILF2_HUMAN|source=pfam27|protein_name=Interleukin,mRNA,,other,20,,CAST
Q12906|ensembl_protein_id=ENSP00000384660|entry=ILF3_HUMAN|source=pfam27|protein_name=Interleukin,mRNA,,acidic_region,60,,CAST
Q12906|ensembl_protein_id=ENSP00000384660|entry=ILF3_HUMAN|source=pfam27|protein_name=Interleukin,mRNA,,basic_enriched_region,28,,CAST
Q12906|ensembl_protein_id=ENSP00000384660|entry=ILF3_HUMAN|source=pfam27|protein_name=Interleukin,mRNA,,other,242,,CAST
Q12926|ensembl_protein_id=ENSP00000369460|entry=ELAV2_HUMAN|source=pfam27|protein_name=ELAV-like,mRNA,,other,35,,CAST
Q12986|ensembl_protein_id=ENSP00000368856|entry=NFX1_HUMAN|source=pfam27|protein_name=Transcriptional,mRNA,,aromatic_sticker_region,158,,CAST
Q12996|ensembl_protein_id=ENSP00000315791|entry=CSTF3_HUMAN|source=pfam27|protein_name=Cleavage,mRNA,,cation_pi_rich_neighborhood,68,,CAST
Q13064|ensembl_protein_id=ENSP00000313881|entry=MKRN3_HUMAN|source=pfam27|protein_name=E3,mRNA,,aromatic_sticker_region,199,,CAST
Q13148|ensembl_protein_id=ENSP00000240185|entry=TADBP_HUMAN|source=pfam38|protein_name=TAR,mRNA,,gs_rich_neutral_region,141,,CAST
Q13151|ensembl_protein_id=ENSP00000316042|entry=ROA0_HUMAN|source=pfam27|protein_name=Heterogeneous,mRNA,,other,124,,CAST
Q13243|ensembl_protein_id=ENSP00000451391|entry=SRSF5_HUMAN|source=pfam27|protein_name=Serine/arginine-rich,mRNA,,sr_rs_repeat_region,95,,CAST
Q13247|ensembl_protein_id=ENSP00000244020|entry=SRSF6_HUMAN|source=pfam27|protein_name=Serine/arginine-rich,mRNA,,sr_rs_repeat_region,170,,CAST
Q13283|ensembl_protein_id=ENSP00000348578|entry=G3BP1_HUMAN|source=pfam27|protein_name=Ras,mRNA,,acidic_region,102,,CAST
Q13283|ensembl_protein_id=ENSP00000348578|entry=G3BP1_HUMAN|source=pfam27|protein_name=Ras,mRNA,,disorder_rich_spacer_region,38,,CAST
Q13283|ensembl_protein_id=ENSP00000348578|entry=G3BP1_HUMAN|source=pfam27|protein_name=Ras,mRNA,,other,32,,CAST
Q13310|ensembl_protein_id=ENSP00000361949|entry=PABP4_HUMAN|source=pfam27|protein_name=Polyadenylate-binding,mRNA,,cation_pi_rich_neighborhood,82,,CAST
Q13325|ensembl_protein_id=ENSP00000360860|entry=IFIT5_HUMAN|source=pfam27|protein_name=Interferon-induced,tRNA,,aromatic_sticker_region,27,,CAST
Q13395|ensembl_protein_id=ENSP00000040877|entry=TARB1_HUMAN|source=pfam27|protein_name=tRNA,mRNA,,cation_pi_rich_neighborhood,212,,CAST
Q13405|ensembl_protein_id=ENSP00000279242|entry=RM49_HUMAN|source=pfam27|protein_name=Large,ribosomal protein,,aromatic_sticker_region,31,,CAST
Q13428|ensembl_protein_id=ENSP00000409944|entry=TCOF_HUMAN|source=pfam27|protein_name=Treacle,pre-rRNA,,gs_rich_neutral_region,1434,,CAST
Q13435|ensembl_protein_id=ENSP00000318861|entry=SF3B2_HUMAN|source=pfam27|protein_name=Splicing,mRNA,,acidic_region,42,,CAST
Q13435|ensembl_protein_id=ENSP00000318861|entry=SF3B2_HUMAN|source=pfam27|protein_name=Splicing,mRNA,,aromatic_sticker_region,51,,CAST
Q13435|ensembl_protein_id=ENSP00000318861|entry=SF3B2_HUMAN|source=pfam27|protein_name=Splicing,mRNA,,cation_pi_rich_neighborhood,490,,CAST
Q13435|ensembl_protein_id=ENSP00000318861|entry=SF3B2_HUMAN|source=pfam27|protein_name=Splicing,mRNA,,disorder_rich_spacer_region,121,,CAST
Q13485|ensembl_protein_id=ENSP00000341551|entry=SMAD4_HUMAN|source=pfam27|protein_name=SMAD,ncRNA,,aromatic_sticker_region,157,,CAST
Q13485|ensembl_protein_id=ENSP00000341551|entry=SMAD4_HUMAN|source=pfam27|protein_name=SMAD,ncRNA,,disorder_rich_spacer_region,39,,CAST
Q13523|ensembl_protein_id=ENSP00000337194|entry=PRP4K_HUMAN|source=pfam27|protein_name=Serine/threonine-protein,snRNA,,sr_rs_repeat_region,576,,CAST
Q13573|ensembl_protein_id=ENSP00000261531|entry=SNW1_HUMAN|source=pfam27|protein_name=SNW,mRNA,,cation_pi_rich_neighborhood,96,,CAST
Q13595|ensembl_protein_id=ENSP00000376290|entry=TRA2A_HUMAN|source=pfam27|protein_name=Transformer-2,mRNA,,disorder_rich_spacer_region,17,,CAST
Q13595|ensembl_protein_id=ENSP00000376290|entry=TRA2A_HUMAN|source=pfam27|protein_name=Transformer-2,mRNA,,sr_rs_repeat_region,118,,CAST
Q13601|ensembl_protein_id=ENSP00000411740|entry=KRR1_HUMAN|source=pfam27|protein_name=KRR1,snoRNA,,basic_enriched_region,157,,CAST
Q13823|ensembl_protein_id=ENSP00000362153|entry=NOG2_HUMAN|source=pfam27|protein_name=Nucleolar,pre-rRNA,,mixed_charge_polyampholyte,252,,CAST
Q13825|ensembl_protein_id=ENSP00000364883|entry=AUHM_HUMAN|source=pfam27|protein_name=Methylglutaconyl-CoA,mRNA,,cation_pi_rich_neighborhood,61,,CAST
Q14011|ensembl_protein_id=ENSP00000322887|entry=CIRBP_HUMAN|source=rbpdb|protein_name=Cold-inducible,mRNA,,other,68,,CAST
Q14103|ensembl_protein_id=ENSP00000313199|entry=HNRPD_HUMAN|source=pfam38|protein_name=Heterogeneous,mRNA,,disorder_rich_spacer_region,65,,CAST
Q14103|ensembl_protein_id=ENSP00000313199|entry=HNRPD_HUMAN|source=pfam38|protein_name=Heterogeneous,mRNA,,other,78,,CAST
Q14137|ensembl_protein_id=ENSP00000455106|entry=BOP1_HUMAN|source=pfam27|protein_name=Ribosome,pre-rRNA,,acidic_region,114,,CAST
Q14147|ensembl_protein_id=ENSP00000331907|entry=DHX34_HUMAN|source=pfam27;pfam38|protein_name=Probable,mRNA,,other,90,,CAST
Q14151|ensembl_protein_id=ENSP00000252542|entry=SAFB2_HUMAN|source=pfam27|protein_name=Scaffold,mRNA,,aromatic_sticker_region,58,,CAST
Q14151|ensembl_protein_id=ENSP00000252542|entry=SAFB2_HUMAN|source=pfam27|protein_name=Scaffold,mRNA,,gs_rich_neutral_region,680,,CAST
Q14152|ensembl_protein_id=ENSP00000358140|entry=EIF3A_HUMAN|source=pfam27|protein_name=Eukaryotic,mRNA,,other,832,,CAST
Q14157|ensembl_protein_id=ENSP00000345308|entry=UBP2L_HUMAN|source=pfam27|protein_name=Ubiquitin-associated,mRNA,,aromatic_sticker_region,150,,CAST
Q14157|ensembl_protein_id=ENSP00000345308|entry=UBP2L_HUMAN|source=pfam27|protein_name=Ubiquitin-associated,mRNA,,cation_pi_rich_neighborhood,42,,CAST
Q14157|ensembl_protein_id=ENSP00000345308|entry=UBP2L_HUMAN|source=pfam27|protein_name=Ubiquitin-associated,mRNA,,other,682,,CAST
Q14204|ensembl_protein_id=ENSP00000348965|entry=DYHC1_HUMAN|source=pfam27|protein_name=Cytoplasmic,mRNA,,mixed_charge_polyampholyte,99,,CAST
Q14258|ensembl_protein_id=ENSP00000323889|entry=TRI25_HUMAN|source=pfam27|protein_name=E3,mRNA,,mixed_charge_polyampholyte,169,,CAST
Q14296|ensembl_protein_id=ENSP00000297532|entry=FASTK_HUMAN|source=pfam27|protein_name=Fas-activated,mRNA,,disorder_rich_spacer_region,10,,CAST
Q14444|ensembl_protein_id=ENSP00000374296|entry=CAPR1_HUMAN|source=pfam27|protein_name=Caprin-1,mRNA,,cation_pi_rich_neighborhood,422,,CAST
Q14444|ensembl_protein_id=ENSP00000374296|entry=CAPR1_HUMAN|source=pfam27|protein_name=Caprin-1,mRNA,,gs_rich_neutral_region,51,,CAST
Q14498|ensembl_protein_id=ENSP00000436747|entry=RBM39_HUMAN|source=pfam27|protein_name=RNA-binding,mRNA,,sr_rs_repeat_region,125,,CAST
Q14562|ensembl_protein_id=ENSP00000262415|entry=DHX8_HUMAN|source=pfam27|protein_name=ATP-dependent,mRNA,,acidic_region,110,,CAST
Q14562|ensembl_protein_id=ENSP00000262415|entry=DHX8_HUMAN|source=pfam27|protein_name=ATP-dependent,mRNA,,sr_rs_repeat_region,98,,CAST
Q14657|ensembl_protein_id=ENSP00000349923|entry=LAGE3_HUMAN|source=modomics|protein_name=EKC/KEOPS,tRNA,,cation_pi_rich_neighborhood,49,,CAST
Q14671|ensembl_protein_id=ENSP00000257075|entry=PUM1_HUMAN|source=rbpdb|protein_name=Pumilio,mRNA,,cation_pi_rich_neighborhood,224,,CAST
Q14671|ensembl_protein_id=ENSP00000257075|entry=PUM1_HUMAN|source=rbpdb|protein_name=Pumilio,mRNA,,gs_rich_neutral_region,250,,CAST
Q14684|ensembl_protein_id=ENSP00000339145|entry=RRP1B_HUMAN|source=pfam27|protein_name=Ribosomal,pre-rRNA,,basic_enriched_region,124,,CAST
Q14690|ensembl_protein_id=ENSP00000358812|entry=RRP5_HUMAN|source=pfam27|protein_name=Protein,snoRNA,,basic_enriched_region,29,,CAST
Q14690|ensembl_protein_id=ENSP00000358812|entry=RRP5_HUMAN|source=pfam27|protein_name=Protein,snoRNA,,mixed_charge_polyampholyte,197,,CAST
Q14692|ensembl_protein_id=ENSP00000363642|entry=BMS1_HUMAN|source=pfam27|protein_name=Ribosome,pre-rRNA,,acidic_region,444,,CAST
Q14692|ensembl_protein_id=ENSP00000363642|entry=BMS1_HUMAN|source=pfam27|protein_name=Ribosome,pre-rRNA,,basic_enriched_region,200,,CAST
Q14694|ensembl_protein_id=ENSP00000219473|entry=UBP10_HUMAN|source=pfam27|protein_name=Ubiquitin,mRNA,,acidic_region,18,,CAST
Q14694|ensembl_protein_id=ENSP00000219473|entry=UBP10_HUMAN|source=pfam27|protein_name=Ubiquitin,mRNA,,gs_rich_neutral_region,288,,CAST
Q14764|ensembl_protein_id=ENSP00000378760|entry=MVP_HUMAN|source=pfam27|protein_name=Major,ncRNA,,mixed_charge_polyampholyte,138,,CAST
Q14839|ensembl_protein_id=ENSP00000496634|entry=CHD4_HUMAN|source=pfam38|protein_name=ATP-dependent,unknown,,acidic_region,36,,CAST
Q14839|ensembl_protein_id=ENSP00000496634|entry=CHD4_HUMAN|source=pfam38|protein_name=ATP-dependent,unknown,,cation_pi_rich_neighborhood,629,,CAST
Q14839|ensembl_protein_id=ENSP00000496634|entry=CHD4_HUMAN|source=pfam38|protein_name=ATP-dependent,unknown,,disorder_rich_spacer_region,50,,CAST
Q14839|ensembl_protein_id=ENSP00000496634|entry=CHD4_HUMAN|source=pfam38|protein_name=ATP-dependent,unknown,,sr_rs_repeat_region,101,,CAST
Q14966|ensembl_protein_id=ENSP00000386433|entry=ZN638_HUMAN|source=pfam27|protein_name=Zinc,mRNA,,cation_pi_rich_neighborhood,832,,CAST
Q14966|ensembl_protein_id=ENSP00000386433|entry=ZN638_HUMAN|source=pfam27|protein_name=Zinc,mRNA,,sr_rs_repeat_region,620,,CAST
Q15007|ensembl_protein_id=ENSP00000336911|entry=FL2D_HUMAN|source=modomics|protein_name=Pre-mRNA-splicing,mRNA,,cation_pi_rich_neighborhood,190,,CAST
Q15007|ensembl_protein_id=ENSP00000336911|entry=FL2D_HUMAN|source=modomics|protein_name=Pre-mRNA-splicing,mRNA,,gs_rich_neutral_region,155,,CAST
Q15020|ensembl_protein_id=ENSP00000414453|entry=SART3_HUMAN|source=rbpdb|protein_name=Spliceosome,snRNA,,acidic_region,99,,CAST
Q15020|ensembl_protein_id=ENSP00000414453|entry=SART3_HUMAN|source=rbpdb|protein_name=Spliceosome,snRNA,,disorder_rich_spacer_region,39,,CAST
Q15020|ensembl_protein_id=ENSP00000414453|entry=SART3_HUMAN|source=rbpdb|protein_name=Spliceosome,snRNA,,mixed_charge_polyampholyte,109,,CAST
Q15022|ensembl_protein_id=ENSP00000316578|entry=SUZ12_HUMAN|source=pfam27|protein_name=Polycomb,ncRNA,,acidic_region,36,,CAST
Q15022|ensembl_protein_id=ENSP00000316578|entry=SUZ12_HUMAN|source=pfam27|protein_name=Polycomb,ncRNA,,gs_rich_neutral_region,62,,CAST
Q15029|ensembl_protein_id=ENSP00000465058|entry=U5S1_HUMAN|source=pfam27|protein_name=116,tRNA,,acidic_region,34,,CAST
Q15032|ensembl_protein_id=ENSP00000264160|entry=R3HD1_HUMAN|source=pfam27|protein_name=R3H,unknown,,aromatic_sticker_region,137,,CAST
Q15032|ensembl_protein_id=ENSP00000264160|entry=R3HD1_HUMAN|source=pfam27|protein_name=R3H,unknown,,cation_pi_rich_neighborhood,59,,CAST
Q15032|ensembl_protein_id=ENSP00000264160|entry=R3HD1_HUMAN|source=pfam27|protein_name=R3H,unknown,,disorder_rich_spacer_region,92,,CAST
Q15032|ensembl_protein_id=ENSP00000264160|entry=R3HD1_HUMAN|source=pfam27|protein_name=R3H,unknown,,gs_rich_neutral_region,171,,CAST
Q15050|ensembl_protein_id=ENSP00000322396|entry=RRS1_HUMAN|source=pfam27|protein_name=Ribosome,pre-rRNA,,basic_enriched_region,193,,CAST
Q15056|ensembl_protein_id=ENSP00000265753|entry=IF4H_HUMAN|source=rbpdb|protein_name=Eukaryotic,mRNA,,gs_rich_neutral_region,15,,CAST
Q15061|ensembl_protein_id=ENSP00000384302|entry=WDR43_HUMAN|source=pfam27|protein_name=WD,pre-rRNA,,acidic_region,78,,CAST
Q15185|ensembl_protein_id=ENSP00000262033|entry=TEBP_HUMAN|source=pfam27|protein_name=Prostaglandin,ncRNA,,acidic_region,57,,CAST
Q15233|ensembl_protein_id=ENSP00000441364|entry=NONO_HUMAN|source=pfam27|protein_name=Non-POU,ncRNA,,aromatic_sticker_region,53,,CAST
Q15233|ensembl_protein_id=ENSP00000441364|entry=NONO_HUMAN|source=pfam27|protein_name=Non-POU,ncRNA,,disorder_rich_spacer_region,29,,CAST
Q15233|ensembl_protein_id=ENSP00000441364|entry=NONO_HUMAN|source=pfam27|protein_name=Non-POU,ncRNA,,mixed_charge_polyampholyte,139,,CAST
Q15269|ensembl_protein_id=ENSP00000291576|entry=PWP2_HUMAN|source=pfam27|protein_name=Periodic,snoRNA,,acidic_region,31,,CAST
Q15287|ensembl_protein_id=ENSP00000301730|entry=RNPS1_HUMAN|source=pfam38|protein_name=RNA-binding,mRNA,,other,28,,CAST
Q15287|ensembl_protein_id=ENSP00000301730|entry=RNPS1_HUMAN|source=pfam38|protein_name=RNA-binding,mRNA,,sr_rs_repeat_region,196,,CAST
Q15397|ensembl_protein_id=ENSP00000380982|entry=PUM3_HUMAN|source=pfam27|protein_name=Pumilio,mRNA,,basic_enriched_region,168,,CAST
Q15415|ensembl_protein_id=ENSP00000250831|entry=RBY1F_HUMAN|source=pfam27|protein_name=RNA-binding,mRNA,,sr_rs_repeat_region,451,,CAST
Q15424|ensembl_protein_id=ENSP00000292123|entry=SAFB1_HUMAN|source=pfam27|protein_name=Scaffold,mRNA,,other,54,,CAST
Q15424|ensembl_protein_id=ENSP00000292123|entry=SAFB1_HUMAN|source=pfam27|protein_name=Scaffold,mRNA,,sr_rs_repeat_region,738,,CAST
Q15427|ensembl_protein_id=ENSP00000271628|entry=SF3B4_HUMAN|source=pfam38|protein_name=Splicing,mRNA,,aromatic_sticker_region,209,,CAST
Q15428|ensembl_protein_id=ENSP00000221494|entry=SF3A2_HUMAN|source=pfam27|protein_name=Splicing,snRNA,,aromatic_sticker_region,246,,CAST
Q15459|ensembl_protein_id=ENSP00000215793|entry=SF3A1_HUMAN|source=rbpdb|protein_name=Splicing,snRNA,,acidic_region,138,,CAST
Q15459|ensembl_protein_id=ENSP00000215793|entry=SF3A1_HUMAN|source=rbpdb|protein_name=Splicing,snRNA,,cation_pi_rich_neighborhood,134,,CAST
Q15459|ensembl_protein_id=ENSP00000215793|entry=SF3A1_HUMAN|source=rbpdb|protein_name=Splicing,snRNA,,disorder_rich_spacer_region,123,,CAST
Q15637|ensembl_protein_id=ENSP00000396793|entry=SF01_HUMAN|source=pfam27|protein_name=Splicing,mRNA,,cation_pi_rich_neighborhood,314,,CAST
Q15696|ensembl_protein_id=ENSP00000303015|entry=U2AFM_HUMAN|source=pfam27|protein_name=U2,mRNA,,mixed_charge_polyampholyte,139,,CAST
Q15696|ensembl_protein_id=ENSP00000303015|entry=U2AFM_HUMAN|source=pfam27|protein_name=U2,mRNA,,sr_rs_repeat_region,134,,CAST
Q15796|ensembl_protein_id=ENSP00000384449|entry=SMAD2_HUMAN|source=pfam27|protein_name=SMAD,ncRNA,,gs_rich_neutral_region,19,,CAST
Q15797|ensembl_protein_id=ENSP00000426568|entry=SMAD1_HUMAN|source=pfam27|protein_name=SMAD,ncRNA,,aromatic_sticker_region,84,,CAST
Q15910|ensembl_protein_id=ENSP00000320147|entry=EZH2_HUMAN|source=pfam27|protein_name=Histone-lysine,ncRNA,,acidic_region,67,,CAST
Q16206|ensembl_protein_id=ENSP00000359965|entry=ENOX2_HUMAN|source=pfam27|protein_name=Ecto-NOX,mRNA,,acidic_region,171,,CAST
Q16206|ensembl_protein_id=ENSP00000359965|entry=ENOX2_HUMAN|source=pfam27|protein_name=Ecto-NOX,mRNA,,cation_pi_rich_neighborhood,52,,CAST
Q16560|ensembl_protein_id=ENSP00000432595|entry=U1SBP_HUMAN|source=pfam27|protein_name=U11/U12,snRNA,,sr_rs_repeat_region,70,,CAST
Q16594|ensembl_protein_id=ENSP00000370193|entry=TAF9_HUMAN|source=pfam27|protein_name=Transcription,snoRNA,,acidic_region,15,,CAST
Q16594|ensembl_protein_id=ENSP00000370193|entry=TAF9_HUMAN|source=pfam27|protein_name=Transcription,snoRNA,,cation_pi_rich_neighborhood,108,,CAST
Q16629|ensembl_protein_id=ENSP00000325905|entry=SRSF7_HUMAN|source=rbpdb|protein_name=Serine/arginine-rich,mRNA,,sr_rs_repeat_region,117,,CAST
Q16630|ensembl_protein_id=ENSP00000391774|entry=CPSF6_HUMAN|source=pfam27|protein_name=Cleavage,mRNA,,cation_pi_rich_neighborhood,181,,CAST
Q16630|ensembl_protein_id=ENSP00000391774|entry=CPSF6_HUMAN|source=pfam27|protein_name=Cleavage,mRNA,,gs_rich_neutral_region,49,,CAST
Q16630|ensembl_protein_id=ENSP00000391774|entry=CPSF6_HUMAN|source=pfam27|protein_name=Cleavage,mRNA,,sr_rs_repeat_region,151,,CAST
Q16637|ensembl_protein_id=ENSP00000305857|entry=SMN_HUMAN|source=pfam27|protein_name=Survival,snRNA,,basic_enriched_region,20,,CAST
Q16637|ensembl_protein_id=ENSP00000305857|entry=SMN_HUMAN|source=pfam27|protein_name=Survival,snRNA,,disorder_rich_spacer_region,90,,CAST
Q17RY0|ensembl_protein_id=ENSP00000265085|entry=CPEB4_HUMAN|source=pfam38|protein_name=Cytoplasmic,mRNA,,aromatic_sticker_region,336,,CAST
Q1KMD3|ensembl_protein_id=ENSP00000301785|entry=HNRL2_HUMAN|source=pfam27|protein_name=Heterogeneous,mRNA,,acidic_region,170,,CAST
Q1KMD3|ensembl_protein_id=ENSP00000301785|entry=HNRL2_HUMAN|source=pfam27|protein_name=Heterogeneous,mRNA,,aromatic_sticker_region,110,,CAST
Q1KMD3|ensembl_protein_id=ENSP00000301785|entry=HNRL2_HUMAN|source=pfam27|protein_name=Heterogeneous,mRNA,,disorder_rich_spacer_region,28,,CAST
Q2NKX8|ensembl_protein_id=ENSP00000334675|entry=ERC6L_HUMAN|source=pfam38|protein_name=DNA,unknown,,sr_rs_repeat_region,462,,CAST
Q2NL82|ensembl_protein_id=ENSP00000301364|entry=TSR1_HUMAN|source=pfam27|protein_name=Pre-rRNA-processing,pre-rRNA,,acidic_region,159,,CAST
Q2NL82|ensembl_protein_id=ENSP00000301364|entry=TSR1_HUMAN|source=pfam27|protein_name=Pre-rRNA-processing,pre-rRNA,,other,65,,CAST
Q2Q1W2|ensembl_protein_id=ENSP00000373272|entry=LIN41_HUMAN|source=pfam27|protein_name=E3,ncRNA,,cation_pi_rich_neighborhood,172,,CAST
Q2TBE0|ensembl_protein_id=ENSP00000282251|entry=C19L2_HUMAN|source=pfam27|protein_name=CWF19-like,mRNA,,mixed_charge_polyampholyte,533,,CAST
Q2VPK5|ensembl_protein_id=ENSP00000388320|entry=CTU2_HUMAN|source=pfam27|protein_name=Cytoplasmic,tRNA,,disorder_rich_spacer_region,38,,CAST
Q2WGJ9|ensembl_protein_id=ENSP00000428280|entry=FR1L6_HUMAN|source=pfam38|protein_name=Fer-1-like,unknown,,basic_enriched_region,138,,CAST
Q2WGJ9|ensembl_protein_id=ENSP00000428280|entry=FR1L6_HUMAN|source=pfam38|protein_name=Fer-1-like,unknown,,disorder_rich_spacer_region,50,,CAST
Q2WGJ9|ensembl_protein_id=ENSP00000428280|entry=FR1L6_HUMAN|source=pfam38|protein_name=Fer-1-like,unknown,,other,21,,CAST
Q32MZ4|ensembl_protein_id=ENSP00000310109|entry=LRRF1_HUMAN|source=pfam27|protein_name=Leucine-rich,ncRNA,,cation_pi_rich_neighborhood,787,,CAST
Q32P51|ensembl_protein_id=ENSP00000350090|entry=RA1L2_HUMAN|source=pfam27;pfam38|protein_name=Heterogeneous,mRNA,,gs_rich_neutral_region,123,,CAST
Q3L8U1|ensembl_protein_id=ENSP00000381522|entry=CHD9_HUMAN|source=pfam38|protein_name=ATP-dependent,unknown,,aromatic_sticker_region,237,,CAST
Q3L8U1|ensembl_protein_id=ENSP00000381522|entry=CHD9_HUMAN|source=pfam38|protein_name=ATP-dependent,unknown,,basic_enriched_region,187,,CAST
Q3L8U1|ensembl_protein_id=ENSP00000381522|entry=CHD9_HUMAN|source=pfam38|protein_name=ATP-dependent,unknown,,cation_pi_rich_neighborhood,252,,CAST
Q3L8U1|ensembl_protein_id=ENSP00000381522|entry=CHD9_HUMAN|source=pfam38|protein_name=ATP-dependent,unknown,,disorder_rich_spacer_region,166,,CAST
Q4G0J3|ensembl_protein_id=ENSP00000422626|entry=LARP7_HUMAN|source=pfam27|protein_name=La-related,ncRNA,,cation_pi_rich_neighborhood,242,,CAST
Q4G0J3|ensembl_protein_id=ENSP00000422626|entry=LARP7_HUMAN|source=pfam27|protein_name=La-related,ncRNA,,mixed_charge_polyampholyte,32,,CAST
Q4VXU2|ensembl_protein_id=ENSP00000217073|entry=PAP1L_HUMAN|source=pfam27|protein_name=Polyadenylate-binding,mRNA,,cation_pi_rich_neighborhood,55,,CAST
Q4ZG55|ensembl_protein_id=ENSP00000234142|entry=GREB1_HUMAN|source=pfam38|protein_name=Protein,unknown,,sr_rs_repeat_region,237,,CAST
Q52LJ0|ensembl_protein_id=ENSP00000380734|entry=FA98B_HUMAN|source=pfam27|protein_name=tRNA-splicing,tRNA,,other,99,,CAST
Q53EL6|ensembl_protein_id=ENSP00000280154|entry=PDCD4_HUMAN|source=pfam27|protein_name=Programmed,mRNA,,gs_rich_neutral_region,75,,CAST
Q53F19|ensembl_protein_id=ENSP00000373657|entry=NCBP3_HUMAN|source=pfam27|protein_name=Nuclear,unknown,,cation_pi_rich_neighborhood,234,,CAST
Q53F19|ensembl_protein_id=ENSP00000373657|entry=NCBP3_HUMAN|source=pfam27|protein_name=Nuclear,unknown,,sr_rs_repeat_region,224,,CAST
Q53GL7|ensembl_protein_id=ENSP00000325618|entry=PAR10_HUMAN|source=rbpdb|protein_name=Protein,unknown,,acidic_region,152,,CAST
Q53GS9|ensembl_protein_id=ENSP00000312981|entry=UBP39_HUMAN|source=pfam27|protein_name=Ubiquitin,snRNA,,other,101,,CAST
Q58A45|ensembl_protein_id=ENSP00000370345|entry=PAN3_HUMAN|source=pfam27|protein_name=PAN2-PAN3,mRNA,,cation_pi_rich_neighborhood,269,,CAST
Q58A45|ensembl_protein_id=ENSP00000370345|entry=PAN3_HUMAN|source=pfam27|protein_name=PAN2-PAN3,mRNA,,disorder_rich_spacer_region,95,,CAST
Q5C9Z4|ensembl_protein_id=ENSP00000275820|entry=NOM1_HUMAN|source=pfam27|protein_name=Nucleolar,pre-rRNA,,acidic_region,128,,CAST
Q5C9Z4|ensembl_protein_id=ENSP00000275820|entry=NOM1_HUMAN|source=pfam27|protein_name=Nucleolar,pre-rRNA,,other,123,,CAST
Q5D1E8|ensembl_protein_id=ENSP00000362179|entry=ZC12A_HUMAN|source=pfam27|protein_name=Endoribonuclease,ncRNA,,aromatic_sticker_region,38,,CAST
Q5D1E8|ensembl_protein_id=ENSP00000362179|entry=ZC12A_HUMAN|source=pfam27|protein_name=Endoribonuclease,ncRNA,,gs_rich_neutral_region,123,,CAST
Q5FWF4|ensembl_protein_id=ENSP00000264159|entry=ZRAB3_HUMAN|source=pfam38|protein_name=DNA,unknown,,cation_pi_rich_neighborhood,254,,CAST
Q5H9U9|ensembl_protein_id=ENSP00000422423|entry=DDX6L_HUMAN|source=pfam27|protein_name=Probable,ncRNA,,other,25,,CAST
Q5HYM0|ensembl_protein_id=ENSP00000340839|entry=ZC12B_HUMAN|source=rbpdb|protein_name=Probable,diverse,,mixed_charge_polyampholyte,74,,CAST
Q5JTH9|ensembl_protein_id=ENSP00000446184|entry=RRP12_HUMAN|source=pfam27|protein_name=RRP12-like,pre-rRNA,,acidic_region,154,,CAST
Q5JTH9|ensembl_protein_id=ENSP00000446184|entry=RRP12_HUMAN|source=pfam27|protein_name=RRP12-like,pre-rRNA,,other,72,,CAST
Q5JVS0|ensembl_protein_id=ENSP00000364398|entry=HABP4_HUMAN|source=pfam27|protein_name=Intracellular,mRNA,,acidic_region,100,,CAST
Q5JVS0|ensembl_protein_id=ENSP00000364398|entry=HABP4_HUMAN|source=pfam27|protein_name=Intracellular,mRNA,,other,161,,CAST
Q5PRF9|ensembl_protein_id=ENSP00000317224|entry=SMAG2_HUMAN|source=pfam27;pfam38|protein_name=Protein,mRNA,,cation_pi_rich_neighborhood,58,,CAST
Q5PRF9|ensembl_protein_id=ENSP00000317224|entry=SMAG2_HUMAN|source=pfam27;pfam38|protein_name=Protein,mRNA,,gs_rich_neutral_region,101,,CAST
Q5QJE6|ensembl_protein_id=ENSP00000411010|entry=TDIF2_HUMAN|source=pfam27|protein_name=Deoxynucleotidyltransferase,pre-rRNA,,basic_enriched_region,170,,CAST
Q5QJE6|ensembl_protein_id=ENSP00000411010|entry=TDIF2_HUMAN|source=pfam27|protein_name=Deoxynucleotidyltransferase,pre-rRNA,,gs_rich_neutral_region,560,,CAST
Q5QPL9|ensembl_protein_id=ENSP00000415973|entry=Q5QPL9_HUMAN|source=pfam27|protein_name=RALY,mRNA,,gs_rich_neutral_region,33,,CAST
Q5RKV6|ensembl_protein_id=ENSP00000398597|entry=EXOS6_HUMAN|source=pfam27|protein_name=Exosome,diverse,,cation_pi_rich_neighborhood,134,,CAST
Q5SY16|ensembl_protein_id=ENSP00000366934|entry=NOL9_HUMAN|source=pfam27|protein_name=Polynucleotide,pre-rRNA,,disorder_rich_spacer_region,44,,CAST
Q5SZQ8|ensembl_protein_id=ENSP00000290585|entry=CELF3_HUMAN|source=pfam27|protein_name=CUGBP,mRNA,,aromatic_sticker_region,206,,CAST
Q5SZQ8|ensembl_protein_id=ENSP00000290585|entry=CELF3_HUMAN|source=pfam27|protein_name=CUGBP,mRNA,,disorder_rich_spacer_region,42,,CAST
Q5T200|ensembl_protein_id=ENSP00000282007|entry=ZC3HD_HUMAN|source=pfam27|protein_name=Zinc,unknown,,sr_rs_repeat_region,1410,,CAST
Q5T280|ensembl_protein_id=ENSP00000354812|entry=SPOUT_HUMAN|source=pfam27|protein_name=28S,unknown,,other,50,,CAST
Q5T481|ensembl_protein_id=ENSP00000358532|entry=RBM20_HUMAN|source=pfam27|protein_name=RNA-binding,mRNA,,aromatic_sticker_region,255,,CAST
Q5T481|ensembl_protein_id=ENSP00000358532|entry=RBM20_HUMAN|source=pfam27|protein_name=RNA-binding,mRNA,,disorder_rich_spacer_region,47,,CAST
Q5T5J6|ensembl_protein_id=ENSP00000356471|entry=SWT1_HUMAN|source=pfam27|protein_name=Transcriptional,mRNA,,cation_pi_rich_neighborhood,302,,CAST
Q5T619|ensembl_protein_id=ENSP00000344129|entry=ZN648_HUMAN|source=pfam38|protein_name=Zinc,unknown,,gs_rich_neutral_region,226,,CAST
Q5T6F2|ensembl_protein_id=ENSP00000368540|entry=UBAP2_HUMAN|source=pfam27|protein_name=Ubiquitin-associated,mRNA,,aromatic_sticker_region,270,,CAST
Q5T6F2|ensembl_protein_id=ENSP00000368540|entry=UBAP2_HUMAN|source=pfam27|protein_name=Ubiquitin-associated,mRNA,,other,703,,CAST
Q5T760|ensembl_protein_id=ENSP00000378568|entry=Q5T760_HUMAN|source=pfam27|protein_name=Serine,mRNA,,disorder_rich_spacer_region,21,,CAST
Q5T760|ensembl_protein_id=ENSP00000378568|entry=Q5T760_HUMAN|source=pfam27|protein_name=Serine,mRNA,,sr_rs_repeat_region,285,,CAST
Q5T7F5|ensembl_protein_id=ENSP00000414233|entry=Q5T7F5_HUMAN|source=pfam27|protein_name=Cap-specific,mRNA,,aromatic_sticker_region,68,,CAST
Q5T7N2|ensembl_protein_id=ENSP00000419901|entry=LITD1_HUMAN|source=pfam27|protein_name=LINE-1,mRNA,,acidic_region,120,,CAST
Q5T7N2|ensembl_protein_id=ENSP00000419901|entry=LITD1_HUMAN|source=pfam27|protein_name=LINE-1,mRNA,,gs_rich_neutral_region,371,,CAST
Q5T890|ensembl_protein_id=ENSP00000520479|entry=ER6L2_HUMAN|source=pfam38|protein_name=DNA,unknown,,mixed_charge_polyampholyte,637,,CAST
Q5T8P6|ensembl_protein_id=ENSP00000267229|entry=RBM26_HUMAN|source=pfam27|protein_name=RNA-binding,mRNA,,acidic_region,37,,CAST
Q5T8P6|ensembl_protein_id=ENSP00000267229|entry=RBM26_HUMAN|source=pfam27|protein_name=RNA-binding,mRNA,,cation_pi_rich_neighborhood,129,,CAST
Q5T8P6|ensembl_protein_id=ENSP00000267229|entry=RBM26_HUMAN|source=pfam27|protein_name=RNA-binding,mRNA,,disorder_rich_spacer_region,95,,CAST
Q5T8P6|ensembl_protein_id=ENSP00000267229|entry=RBM26_HUMAN|source=pfam27|protein_name=RNA-binding,mRNA,,sr_rs_repeat_region,114,,CAST
Q5T9H5|ensembl_protein_id=ENSP00000345924|entry=Q5T9H5_HUMAN|source=pfam27|protein_name=Nanos,mRNA,,disorder_rich_spacer_region,22,,CAST
Q5TAP6|ensembl_protein_id=ENSP00000428619|entry=UT14C_HUMAN|source=pfam27|protein_name=U3,snoRNA,,mixed_charge_polyampholyte,408,,CAST
Q5TAX3|ensembl_protein_id=ENSP00000257177|entry=TUT4_HUMAN|source=pfam27|protein_name=Terminal,ncRNA,,acidic_region,20,,CAST
Q5TAX3|ensembl_protein_id=ENSP00000257177|entry=TUT4_HUMAN|source=pfam27|protein_name=Terminal,ncRNA,,cation_pi_rich_neighborhood,100,,CAST
Q5TAX3|ensembl_protein_id=ENSP00000257177|entry=TUT4_HUMAN|source=pfam27|protein_name=Terminal,ncRNA,,disorder_rich_spacer_region,74,,CAST
Q5TAX3|ensembl_protein_id=ENSP00000257177|entry=TUT4_HUMAN|source=pfam27|protein_name=Terminal,ncRNA,,mixed_charge_polyampholyte,253,,CAST
Q5TBB1|ensembl_protein_id=ENSP00000337623|entry=RNH2B_HUMAN|source=pfam27|protein_name=Ribonuclease,diverse,,basic_enriched_region,66,,CAST
Q5TBQ0|ensembl_protein_id=ENSP00000383172|entry=Q5TBQ0_HUMAN|source=pfam27|protein_name=LSM,mRNA,,other,24,,CAST
Q5TC82|ensembl_protein_id=ENSP00000356667|entry=RC3H1_HUMAN|source=pfam27|protein_name=Roquin-1,mRNA,,aromatic_sticker_region,217,,CAST
Q5TC82|ensembl_protein_id=ENSP00000356667|entry=RC3H1_HUMAN|source=pfam27|protein_name=Roquin-1,mRNA,,cation_pi_rich_neighborhood,112,,CAST
Q5U5Q3|ensembl_protein_id=ENSP00000385610|entry=MEX3C_HUMAN|source=pfam27|protein_name=RNA-binding,mRNA,,cation_pi_rich_neighborhood,171,,CAST
Q5U5Q3|ensembl_protein_id=ENSP00000385610|entry=MEX3C_HUMAN|source=pfam27|protein_name=RNA-binding,mRNA,,disorder_rich_spacer_region,25,,CAST
Q5U5Q3|ensembl_protein_id=ENSP00000385610|entry=MEX3C_HUMAN|source=pfam27|protein_name=RNA-binding,mRNA,,gs_rich_neutral_region,193,,CAST
Q5VTL8|ensembl_protein_id=ENSP00000359042|entry=PR38B_HUMAN|source=pfam27|protein_name=Pre-mRNA-splicing,snRNA,,sr_rs_repeat_region,311,,CAST
Q5VUC9|ensembl_protein_id=ENSP00000367443|entry=Q5VUC9_HUMAN|source=pfam27|protein_name=Ribonuclease,ncRNA,,basic_enriched_region,43,,CAST
Q5VUG0|ensembl_protein_id=ENSP00000355109|entry=SMBT2_HUMAN|source=rbpdb|protein_name=Scm-like,unknown,,acidic_region,98,,CAST
Q5VV67|ensembl_protein_id=ENSP00000278070|entry=PPRC1_HUMAN|source=rbpdb|protein_name=Peroxisome,mRNA,,cation_pi_rich_neighborhood,295,,CAST
Q5VV67|ensembl_protein_id=ENSP00000278070|entry=PPRC1_HUMAN|source=rbpdb|protein_name=Peroxisome,mRNA,,gs_rich_neutral_region,34,,CAST
Q5VV67|ensembl_protein_id=ENSP00000278070|entry=PPRC1_HUMAN|source=rbpdb|protein_name=Peroxisome,mRNA,,sr_rs_repeat_region,196,,CAST
Q5VWX1|ensembl_protein_id=ENSP00000281156|entry=KHDR2_HUMAN|source=pfam27|protein_name=KH,mRNA,,other,52,,CAST
Q5VYS8|ensembl_protein_id=ENSP00000365130|entry=TUT7_HUMAN|source=pfam27|protein_name=Terminal,ncRNA,,acidic_region,248,,CAST
Q5VYS8|ensembl_protein_id=ENSP00000365130|entry=TUT7_HUMAN|source=pfam27|protein_name=Terminal,ncRNA,,other,90,,CAST
Q5VZF2|ensembl_protein_id=ENSP00000267287|entry=MBNL2_HUMAN|source=pfam27|protein_name=Muscleblind-like,mRNA,,aromatic_sticker_region,37,,CAST
Q5W0B1|ensembl_protein_id=ENSP00000282003|entry=OBI1_HUMAN|source=pfam38|protein_name=ORC,unknown,,cation_pi_rich_neighborhood,476,,CAST
Q5W0B1|ensembl_protein_id=ENSP00000282003|entry=OBI1_HUMAN|source=pfam38|protein_name=ORC,unknown,,mixed_charge_polyampholyte,105,,CAST
Q5XG87|ensembl_protein_id=ENSP00000230859|entry=PAPD7_HUMAN|source=pfam27|protein_name=Terminal,diverse,,cation_pi_rich_neighborhood,414,,CAST
Q659C4|ensembl_protein_id=ENSP00000321997|entry=LAR1B_HUMAN|source=rbpdb|protein_name=La-related,mRNA,,disorder_rich_spacer_region,68,,CAST
Q659C4|ensembl_protein_id=ENSP00000321997|entry=LAR1B_HUMAN|source=rbpdb|protein_name=La-related,mRNA,,other,150,,CAST
Q66PJ3|ensembl_protein_id=ENSP00000376230|entry=AR6P4_HUMAN|source=pfam27|protein_name=ADP-ribosylation,mRNA,,sr_rs_repeat_region,129,,CAST
Q69YN2|ensembl_protein_id=ENSP00000326411|entry=C19L1_HUMAN|source=pfam27|protein_name=CWF19-like,mRNA,,disorder_rich_spacer_region,15,,CAST
Q69YN4|ensembl_protein_id=ENSP00000297591|entry=VIR_HUMAN|source=modomics|protein_name=Protein,mRNA,,acidic_region,123,,CAST
Q69YN4|ensembl_protein_id=ENSP00000297591|entry=VIR_HUMAN|source=modomics|protein_name=Protein,mRNA,,cation_pi_rich_neighborhood,64,,CAST
Q69YN4|ensembl_protein_id=ENSP00000297591|entry=VIR_HUMAN|source=modomics|protein_name=Protein,mRNA,,gs_rich_neutral_region,31,,CAST
Q6BEB4|ensembl_protein_id=ENSP00000364430|entry=SP5_HUMAN|source=pfam38|protein_name=Transcription,unknown,,aromatic_sticker_region,143,,CAST
Q6BEB4|ensembl_protein_id=ENSP00000364430|entry=SP5_HUMAN|source=pfam38|protein_name=Transcription,unknown,,gs_rich_neutral_region,94,,CAST
Q6I9Y2|ensembl_protein_id=ENSP00000295899|entry=THOC7_HUMAN|source=pfam27|protein_name=THO,mRNA,,aromatic_sticker_region,128,,CAST
Q6IEG0|ensembl_protein_id=ENSP00000339834|entry=SNR48_HUMAN|source=pfam27|protein_name=U11/U12,snRNA,,sr_rs_repeat_region,89,,CAST
Q6IPR3|ensembl_protein_id=ENSP00000359904|entry=TYW3_HUMAN|source=pfam27|protein_name=tRNA,tRNA,,acidic_region,13,,CAST
"Q6L8Q7|ensembl_protein_id=ENSP00000309142|entry=PDE12_HUMAN|source=pfam27|protein_name=2',5'-phosphodiesterase",mRNA,,cation_pi_rich_neighborhood,112,,CAST
Q6NZI2|ensembl_protein_id=ENSP00000349541|entry=CAVN1_HUMAN|source=pfam27|protein_name=Caveolae-associated,pre-rRNA,,cation_pi_rich_neighborhood,193,,CAST
Q6P158|ensembl_protein_id=ENSP00000405111|entry=DHX57_HUMAN|source=pfam38|protein_name=Putative,mRNA,,gs_rich_neutral_region,42,,CAST
Q6P2E9|ensembl_protein_id=ENSP00000351811|entry=EDC4_HUMAN|source=pfam27|protein_name=Enhancer,mRNA,,cation_pi_rich_neighborhood,428,,CAST
Q6P6C2|ensembl_protein_id=ENSP00000382091|entry=ALKB5_HUMAN|source=pfam27|protein_name=RNA,mRNA,,acidic_region,29,,CAST
Q6P6C2|ensembl_protein_id=ENSP00000382091|entry=ALKB5_HUMAN|source=pfam27|protein_name=RNA,mRNA,,disorder_rich_spacer_region,32,,CAST
Q6P9B9|ensembl_protein_id=ENSP00000327889|entry=INT5_HUMAN|source=pfam27|protein_name=Integrator,snRNA,,aromatic_sticker_region,21,,CAST
Q6P9B9|ensembl_protein_id=ENSP00000327889|entry=INT5_HUMAN|source=pfam27|protein_name=Integrator,snRNA,,disorder_rich_spacer_region,19,,CAST
Q6P9B9|ensembl_protein_id=ENSP00000327889|entry=INT5_HUMAN|source=pfam27|protein_name=Integrator,snRNA,,gs_rich_neutral_region,15,,CAST
Q6PF06|ensembl_protein_id=ENSP00000366982|entry=TM10B_HUMAN|source=pfam27|protein_name=tRNA,tRNA,,other,60,,CAST
Q6PI26|ensembl_protein_id=ENSP00000417452|entry=SHQ1_HUMAN|source=pfam27|protein_name=Protein,snoRNA,,cation_pi_rich_neighborhood,100,,CAST
Q6PJT7|ensembl_protein_id=ENSP00000251038|entry=ZC3HE_HUMAN|source=rbpdb|protein_name=Zinc,mRNA,,cation_pi_rich_neighborhood,84,,CAST
Q6PKG0|ensembl_protein_id=ENSP00000336721|entry=LARP1_HUMAN|source=pfam27|protein_name=La-related,mRNA,,acidic_region,87,,CAST
Q6PKG0|ensembl_protein_id=ENSP00000336721|entry=LARP1_HUMAN|source=pfam27|protein_name=La-related,mRNA,,disorder_rich_spacer_region,113,,CAST
Q6PKG0|ensembl_protein_id=ENSP00000336721|entry=LARP1_HUMAN|source=pfam27|protein_name=La-related,mRNA,,other,26,,CAST
Q6R2W3|ensembl_protein_id=ENSP00000395259|entry=SCND3_HUMAN|source=pfam38|protein_name=SCAN,unknown,,acidic_region,77,,CAST
Q6UX04|ensembl_protein_id=ENSP00000370460|entry=CWC27_HUMAN|source=pfam27|protein_name=Spliceosome-associated,mRNA,,mixed_charge_polyampholyte,296,,CAST
Q6XE24|ensembl_protein_id=ENSP00000273139|entry=RBMS3_HUMAN|source=rbpdb|protein_name=RNA-binding,mRNA,,disorder_rich_spacer_region,24,,CAST
Q6ZN04|ensembl_protein_id=ENSP00000329918|entry=MEX3B_HUMAN|source=pfam27|protein_name=RNA-binding,mRNA,,gs_rich_neutral_region,279,,CAST
Q6ZN17|ensembl_protein_id=ENSP00000344401|entry=LN28B_HUMAN|source=pfam27|protein_name=Protein,mRNA,,cation_pi_rich_neighborhood,70,,CAST
Q6ZP01|ensembl_protein_id=ENSP00000321179|entry=RBM44_HUMAN|source=pfam27|protein_name=RNA-binding,mRNA,,aromatic_sticker_region,798,,CAST
Q6ZRS2|ensembl_protein_id=ENSP00000262518|entry=SRCAP_HUMAN|source=pfam38|protein_name=Chromatin,unknown,,acidic_region,431,,CAST
Q6ZRS2|ensembl_protein_id=ENSP00000262518|entry=SRCAP_HUMAN|source=pfam38|protein_name=Chromatin,unknown,,aromatic_sticker_region,17,,CAST
Q6ZRS2|ensembl_protein_id=ENSP00000262518|entry=SRCAP_HUMAN|source=pfam38|protein_name=Chromatin,unknown,,cation_pi_rich_neighborhood,1033,,CAST
Q6ZRS2|ensembl_protein_id=ENSP00000262518|entry=SRCAP_HUMAN|source=pfam38|protein_name=Chromatin,unknown,,disorder_rich_spacer_region,464,,CAST
Q6ZRS2|ensembl_protein_id=ENSP00000262518|entry=SRCAP_HUMAN|source=pfam38|protein_name=Chromatin,unknown,,other,75,,CAST
Q6ZRY4|ensembl_protein_id=ENSP00000300069|entry=RBPS2_HUMAN|source=pfam27|protein_name=RNA-binding,mRNA,,gs_rich_neutral_region,18,,CAST
Q71RC2|ensembl_protein_id=ENSP00000293618|entry=LARP4_HUMAN|source=pfam27|protein_name=La-related,mRNA,,gs_rich_neutral_region,265,,CAST
Q76FK4|ensembl_protein_id=ENSP00000401177|entry=NOL8_HUMAN|source=pfam27;pfam38|protein_name=Nucleolar,pre-rRNA,,aromatic_sticker_region,359,,CAST
Q76FK4|ensembl_protein_id=ENSP00000401177|entry=NOL8_HUMAN|source=pfam27;pfam38|protein_name=Nucleolar,pre-rRNA,,mixed_charge_polyampholyte,627,,CAST
Q76MJ5|ensembl_protein_id=ENSP00000256797|entry=ERN2_HUMAN|source=pfam27|protein_name=Serine/threonine-protein,mRNA,,disorder_rich_spacer_region,61,,CAST
Q7KZ85|ensembl_protein_id=ENSP00000319104|entry=SPT6H_HUMAN|source=pfam27|protein_name=Transcription,mRNA,,acidic_region,343,,CAST
Q7KZ85|ensembl_protein_id=ENSP00000319104|entry=SPT6H_HUMAN|source=pfam27|protein_name=Transcription,mRNA,,aromatic_sticker_region,211,,CAST
Q7L0Y3|ensembl_protein_id=ENSP00000312356|entry=TM10C_HUMAN|source=pfam27|protein_name=tRNA,ncRNA,,basic_enriched_region,48,,CAST
Q7L2E3|ensembl_protein_id=ENSP00000394682|entry=DHX30_HUMAN|source=pfam38|protein_name=ATP-dependent,mRNA,,acidic_region,13,,CAST
Q7L2J0|ensembl_protein_id=ENSP00000308546|entry=MEPCE_HUMAN|source=pfam27|protein_name=7SK,ncRNA,,cation_pi_rich_neighborhood,138,,CAST
Q7L2J0|ensembl_protein_id=ENSP00000308546|entry=MEPCE_HUMAN|source=pfam27|protein_name=7SK,ncRNA,,gs_rich_neutral_region,61,,CAST
Q7L2J0|ensembl_protein_id=ENSP00000308546|entry=MEPCE_HUMAN|source=pfam27|protein_name=7SK,ncRNA,,other,6,,CAST
Q7L8L6|ensembl_protein_id=ENSP00000369618|entry=FAKD5_HUMAN|source=pfam27|protein_name=Non-canonical,mRNA,,aromatic_sticker_region,83,,CAST
Q7Z2T5|ensembl_protein_id=ENSP00000356476|entry=TRM1L_HUMAN|source=pfam27|protein_name=tRNA,tRNA,,disorder_rich_spacer_region,60,,CAST
Q7Z2W4|ensembl_protein_id=ENSP00000242351|entry=ZCCHV_HUMAN|source=rbpdb|protein_name=Zinc,mRNA,,cation_pi_rich_neighborhood,292,,CAST
Q7Z2Z2|ensembl_protein_id=ENSP00000352418|entry=EFL1_HUMAN|source=pfam27|protein_name=Elongation,tRNA,,cation_pi_rich_neighborhood,78,,CAST
Q7Z333|ensembl_protein_id=ENSP00000224140|entry=SETX_HUMAN|source=pfam27|protein_name=Helicase,mRNA,,mixed_charge_polyampholyte,1092,,CAST
Q7Z417|ensembl_protein_id=ENSP00000225388|entry=NUFP2_HUMAN|source=pfam27|protein_name=FMR1-interacting,mRNA,,aromatic_sticker_region,91,,CAST
Q7Z417|ensembl_protein_id=ENSP00000225388|entry=NUFP2_HUMAN|source=pfam27|protein_name=FMR1-interacting,mRNA,,gs_rich_neutral_region,544,,CAST
Q7Z478|ensembl_protein_id=ENSP00000251636|entry=DHX29_HUMAN|source=pfam27|protein_name=ATP-dependent,mRNA,,acidic_region,80,,CAST
Q7Z478|ensembl_protein_id=ENSP00000251636|entry=DHX29_HUMAN|source=pfam27|protein_name=ATP-dependent,mRNA,,disorder_rich_spacer_region,46,,CAST
Q7Z478|ensembl_protein_id=ENSP00000251636|entry=DHX29_HUMAN|source=pfam27|protein_name=ATP-dependent,mRNA,,mixed_charge_polyampholyte,191,,CAST
Q7Z570|ensembl_protein_id=ENSP00000303252|entry=Z804A_HUMAN|source=pfam38|protein_name=Zinc,unknown,,basic_enriched_region,165,,CAST
Q7Z570|ensembl_protein_id=ENSP00000303252|entry=Z804A_HUMAN|source=pfam38|protein_name=Zinc,unknown,,cation_pi_rich_neighborhood,234,,CAST
Q7Z570|ensembl_protein_id=ENSP00000303252|entry=Z804A_HUMAN|source=pfam38|protein_name=Zinc,unknown,,disorder_rich_spacer_region,31,,CAST
Q7Z570|ensembl_protein_id=ENSP00000303252|entry=Z804A_HUMAN|source=pfam38|protein_name=Zinc,unknown,,other,43,,CAST
Q7Z5Q1|ensembl_protein_id=ENSP00000443985|entry=CPEB2_HUMAN|source=pfam38|protein_name=Cytoplasmic,mRNA,,aromatic_sticker_region,61,,CAST
Q7Z5Q1|ensembl_protein_id=ENSP00000443985|entry=CPEB2_HUMAN|source=pfam38|protein_name=Cytoplasmic,mRNA,,disorder_rich_spacer_region,33,,CAST
Q7Z5Q1|ensembl_protein_id=ENSP00000443985|entry=CPEB2_HUMAN|source=pfam38|protein_name=Cytoplasmic,mRNA,,gs_rich_neutral_region,10,,CAST
Q7Z6E9|ensembl_protein_id=ENSP00000317872|entry=RBBP6_HUMAN|source=pfam27|protein_name=E3,mRNA,,aromatic_sticker_region,61,,CAST
Q7Z6E9|ensembl_protein_id=ENSP00000317872|entry=RBBP6_HUMAN|source=pfam27|protein_name=E3,mRNA,,cation_pi_rich_neighborhood,79,,CAST
Q7Z6E9|ensembl_protein_id=ENSP00000317872|entry=RBBP6_HUMAN|source=pfam27|protein_name=E3,mRNA,,disorder_rich_spacer_region,74,,CAST
Q7Z6E9|ensembl_protein_id=ENSP00000317872|entry=RBBP6_HUMAN|source=pfam27|protein_name=E3,mRNA,,sr_rs_repeat_region,1147,,CAST
Q7Z6J9|ensembl_protein_id=ENSP00000327487|entry=SEN54_HUMAN|source=pfam27|protein_name=tRNA-splicing,tRNA,,aromatic_sticker_region,58,,CAST
Q7Z6M4|ensembl_protein_id=ENSP00000375840|entry=MTEF4_HUMAN|source=pfam27|protein_name=Transcription,pre-rRNA,,acidic_region,60,,CAST
Q7Z739|ensembl_protein_id=ENSP00000473496|entry=YTHD3_HUMAN|source=rbpdb;modomics|protein_name=YTH,mRNA,,cation_pi_rich_neighborhood,109,,CAST
Q7Z739|ensembl_protein_id=ENSP00000473496|entry=YTHD3_HUMAN|source=rbpdb;modomics|protein_name=YTH,mRNA,,disorder_rich_spacer_region,65,,CAST
Q7Z7A3|ensembl_protein_id=ENSP00000390011|entry=CTU1_HUMAN|source=pfam27|protein_name=Cytoplasmic,tRNA,,cation_pi_rich_neighborhood,105,,CAST
Q7Z7H8|ensembl_protein_id=ENSP00000324100|entry=RM10_HUMAN|source=pfam27|protein_name=Large,ribosomal protein,,disorder_rich_spacer_region,18,,CAST
Q86SE5|ensembl_protein_id=ENSP00000430128|entry=RALYL_HUMAN|source=pfam27|protein_name=RNA-binding,mRNA,,acidic_region,68,,CAST
Q86SE8|ensembl_protein_id=ENSP00000289820|entry=NPM2_HUMAN|source=pfam27|protein_name=Nucleoplasmin-2,pre-rRNA,,acidic_region,70,,CAST
Q86SE8|ensembl_protein_id=ENSP00000289820|entry=NPM2_HUMAN|source=pfam27|protein_name=Nucleoplasmin-2,pre-rRNA,,basic_enriched_region,53,,CAST
Q86TB9|ensembl_protein_id=ENSP00000300146|entry=PATL1_HUMAN|source=pfam27|protein_name=Protein,mRNA,,acidic_region,97,,CAST
Q86TB9|ensembl_protein_id=ENSP00000300146|entry=PATL1_HUMAN|source=pfam27|protein_name=Protein,mRNA,,cation_pi_rich_neighborhood,184,,CAST
Q86TG7|ensembl_protein_id=ENSP00000417587|entry=PEG10_HUMAN|source=pfam27|protein_name=Retrotransposon-derived,unknown,,acidic_region,83,,CAST
Q86TG7|ensembl_protein_id=ENSP00000417587|entry=PEG10_HUMAN|source=pfam27|protein_name=Retrotransposon-derived,unknown,,disorder_rich_spacer_region,36,,CAST
Q86TS9|ensembl_protein_id=ENSP00000347277|entry=RM52_HUMAN|source=pfam27|protein_name=Large,ribosomal protein,,mixed_charge_polyampholyte,27,,CAST
Q86U06|ensembl_protein_id=ENSP00000339220|entry=RBM23_HUMAN|source=pfam27|protein_name=Probable,mRNA,,disorder_rich_spacer_region,55,,CAST
Q86U06|ensembl_protein_id=ENSP00000339220|entry=RBM23_HUMAN|source=pfam27|protein_name=Probable,mRNA,,sr_rs_repeat_region,92,,CAST
Q86U38|ensembl_protein_id=ENSP00000267425|entry=NOP9_HUMAN|source=pfam27;pfam38|protein_name=Nucleolar,pre-rRNA,,acidic_region,20,,CAST
Q86U42|ensembl_protein_id=ENSP00000216727|entry=PABP2_HUMAN|source=pfam27|protein_name=Polyadenylate-binding,mRNA,,acidic_region,96,,CAST
Q86U42|ensembl_protein_id=ENSP00000216727|entry=PABP2_HUMAN|source=pfam27|protein_name=Polyadenylate-binding,mRNA,,disorder_rich_spacer_region,48,,CAST
Q86U44|ensembl_protein_id=ENSP00000298717|entry=MTA70_HUMAN|source=pfam27|protein_name=N(6)-adenosine-methyltransferase,mRNA,,cation_pi_rich_neighborhood,112,,CAST
Q86U90|ensembl_protein_id=ENSP00000362135|entry=YRDC_HUMAN|source=pfam27|protein_name=Threonylcarbamoyl-AMP,tRNA,,cation_pi_rich_neighborhood,115,,CAST
Q86US8|ensembl_protein_id=ENSP00000263073|entry=EST1A_HUMAN|source=pfam27|protein_name=Telomerase-binding,mRNA,,acidic_region,78,,CAST
Q86US8|ensembl_protein_id=ENSP00000263073|entry=EST1A_HUMAN|source=pfam27|protein_name=Telomerase-binding,mRNA,,cation_pi_rich_neighborhood,379,,CAST
Q86VM9|ensembl_protein_id=ENSP00000301011|entry=ZCH18_HUMAN|source=rbpdb|protein_name=Zinc,mRNA,,cation_pi_rich_neighborhood,539,,CAST
Q86VM9|ensembl_protein_id=ENSP00000301011|entry=ZCH18_HUMAN|source=rbpdb|protein_name=Zinc,mRNA,,sr_rs_repeat_region,427,,CAST
Q86W50|ensembl_protein_id=ENSP00000263092|entry=MET16_HUMAN|source=modomics|protein_name=RNA,snRNA,,disorder_rich_spacer_region,114,,CAST
Q86WX3|ensembl_protein_id=ENSP00000333948|entry=AROS_HUMAN|source=pfam27|protein_name=Active,unknown,,other,93,,CAST
Q86XN8|ensembl_protein_id=ENSP00000384398|entry=MEX3D_HUMAN|source=pfam27|protein_name=RNA-binding,mRNA,,cation_pi_rich_neighborhood,245,,CAST
Q86XN8|ensembl_protein_id=ENSP00000384398|entry=MEX3D_HUMAN|source=pfam27|protein_name=RNA-binding,mRNA,,disorder_rich_spacer_region,180,,CAST
Q86XP3|ensembl_protein_id=ENSP00000352308|entry=DDX42_HUMAN|source=pfam27|protein_name=ATP-dependent,mRNA,,acidic_region,117,,CAST
Q86XP3|ensembl_protein_id=ENSP00000352308|entry=DDX42_HUMAN|source=pfam27|protein_name=ATP-dependent,mRNA,,gs_rich_neutral_region,256,,CAST
Q86XZ4|ensembl_protein_id=ENSP00000326841|entry=SPAS2_HUMAN|source=pfam27|protein_name=Spermatogenesis-associated,mRNA,,cation_pi_rich_neighborhood,475,,CAST
Q86Y13|ensembl_protein_id=ENSP00000355028|entry=DZIP3_HUMAN|source=pfam27|protein_name=E3,mRNA,,cation_pi_rich_neighborhood,119,,CAST
Q86Y13|ensembl_protein_id=ENSP00000355028|entry=DZIP3_HUMAN|source=pfam27|protein_name=E3,mRNA,,disorder_rich_spacer_region,12,,CAST
Q86YF9|ensembl_protein_id=ENSP00000257312|entry=DZIP1_HUMAN|source=pfam27|protein_name=Cilium,mRNA,,disorder_rich_spacer_region,31,,CAST
Q86YF9|ensembl_protein_id=ENSP00000257312|entry=DZIP1_HUMAN|source=pfam27|protein_name=Cilium,mRNA,,mixed_charge_polyampholyte,172,,CAST
Q86YN6|ensembl_protein_id=ENSP00000312649|entry=PRGC2_HUMAN|source=pfam27|protein_name=Peroxisome,unknown,,acidic_region,151,,CAST
Q86YN6|ensembl_protein_id=ENSP00000312649|entry=PRGC2_HUMAN|source=pfam27|protein_name=Peroxisome,unknown,,cation_pi_rich_neighborhood,102,,CAST
Q8IU60|ensembl_protein_id=ENSP00000425770|entry=DCP2_HUMAN|source=pfam27|protein_name=m7GpppN-mRNA,mRNA,,aromatic_sticker_region,114,,CAST
Q8IWR0|ensembl_protein_id=ENSP00000347999|entry=Z3H7A_HUMAN|source=pfam27|protein_name=Zinc,unknown,,aromatic_sticker_region,139,,CAST
Q8IWX8|ensembl_protein_id=ENSP00000439856|entry=CHERP_HUMAN|source=pfam27|protein_name=Calcium,mRNA,,aromatic_sticker_region,426,,CAST
Q8IWX8|ensembl_protein_id=ENSP00000439856|entry=CHERP_HUMAN|source=pfam27|protein_name=Calcium,mRNA,,disorder_rich_spacer_region,30,,CAST
Q8IWX8|ensembl_protein_id=ENSP00000439856|entry=CHERP_HUMAN|source=pfam27|protein_name=Calcium,mRNA,,other,47,,CAST
Q8IWX8|ensembl_protein_id=ENSP00000439856|entry=CHERP_HUMAN|source=pfam27|protein_name=Calcium,mRNA,,sr_rs_repeat_region,114,,CAST
Q8IWZ3|ensembl_protein_id=ENSP00000354085|entry=ANKH1_HUMAN|source=pfam27|protein_name=Ankyrin,unknown,,cation_pi_rich_neighborhood,946,,CAST
Q8IWZ3|ensembl_protein_id=ENSP00000354085|entry=ANKH1_HUMAN|source=pfam27|protein_name=Ankyrin,unknown,,disorder_rich_spacer_region,87,,CAST
Q8IWZ3|ensembl_protein_id=ENSP00000354085|entry=ANKH1_HUMAN|source=pfam27|protein_name=Ankyrin,unknown,,gs_rich_neutral_region,48,,CAST
Q8IWZ3|ensembl_protein_id=ENSP00000354085|entry=ANKH1_HUMAN|source=pfam27|protein_name=Ankyrin,unknown,,mixed_charge_polyampholyte,143,,CAST
Q8IWZ3|ensembl_protein_id=ENSP00000354085|entry=ANKH1_HUMAN|source=pfam27|protein_name=Ankyrin,unknown,,other,76,,CAST
Q8IWZ8|ensembl_protein_id=ENSP00000247001|entry=SUGP1_HUMAN|source=pfam27|protein_name=SURP,mRNA,,aromatic_sticker_region,182,,CAST
Q8IWZ8|ensembl_protein_id=ENSP00000247001|entry=SUGP1_HUMAN|source=pfam27|protein_name=SURP,mRNA,,disorder_rich_spacer_region,44,,CAST
Q8IX01|ensembl_protein_id=ENSP00000332373|entry=SUGP2_HUMAN|source=rbpdb|protein_name=SURP,mRNA,,acidic_region,46,,CAST
Q8IX01|ensembl_protein_id=ENSP00000332373|entry=SUGP2_HUMAN|source=rbpdb|protein_name=SURP,mRNA,,disorder_rich_spacer_region,39,,CAST
Q8IX12|ensembl_protein_id=ENSP00000265872|entry=CCAR1_HUMAN|source=rbpdb|protein_name=Cell,mRNA,,cation_pi_rich_neighborhood,490,,CAST
Q8IX12|ensembl_protein_id=ENSP00000265872|entry=CCAR1_HUMAN|source=rbpdb|protein_name=Cell,mRNA,,disorder_rich_spacer_region,67,,CAST
Q8IX12|ensembl_protein_id=ENSP00000265872|entry=CCAR1_HUMAN|source=rbpdb|protein_name=Cell,mRNA,,sr_rs_repeat_region,302,,CAST
Q8IXT5|ensembl_protein_id=ENSP00000382239|entry=RB12B_HUMAN|source=pfam38|protein_name=RNA-binding,mRNA,,aromatic_sticker_region,334,,CAST
Q8IXZ2|ensembl_protein_id=ENSP00000262577|entry=ZC3H3_HUMAN|source=pfam27|protein_name=Zinc,mRNA,,sr_rs_repeat_region,794,,CAST
Q8IY21|ensembl_protein_id=ENSP00000377344|entry=DDX60_HUMAN|source=pfam27;pfam38|protein_name=Probable,ncRNA,,basic_enriched_region,87,,CAST
Q8IY37|ensembl_protein_id=ENSP00000311135|entry=DHX37_HUMAN|source=pfam27|protein_name=Probable,snoRNA,,acidic_region,60,,CAST
Q8IY37|ensembl_protein_id=ENSP00000311135|entry=DHX37_HUMAN|source=pfam27|protein_name=Probable,snoRNA,,disorder_rich_spacer_region,42,,CAST
Q8IY37|ensembl_protein_id=ENSP00000311135|entry=DHX37_HUMAN|source=pfam27|protein_name=Probable,snoRNA,,mixed_charge_polyampholyte,136,,CAST
Q8IY81|ensembl_protein_id=ENSP00000396673|entry=SPB1_HUMAN|source=pfam27|protein_name=pre-rRNA,pre-rRNA,,acidic_region,313,,CAST
Q8IY81|ensembl_protein_id=ENSP00000396673|entry=SPB1_HUMAN|source=pfam27|protein_name=pre-rRNA,pre-rRNA,,other,141,,CAST
Q8IYB3|ensembl_protein_id=ENSP00000326261|entry=SRRM1_HUMAN|source=rbpdb|protein_name=Serine/arginine,mRNA,,disorder_rich_spacer_region,31,,CAST
Q8IYB3|ensembl_protein_id=ENSP00000326261|entry=SRRM1_HUMAN|source=rbpdb|protein_name=Serine/arginine,mRNA,,sr_rs_repeat_region,711,,CAST
Q8IYL2|ensembl_protein_id=ENSP00000374387|entry=TRM44_HUMAN|source=pfam27|protein_name=Probable,tRNA,,gs_rich_neutral_region,27,,CAST
Q8IYY4|ensembl_protein_id=ENSP00000332148|entry=DZI1L_HUMAN|source=pfam27|protein_name=Cilium,mRNA,,cation_pi_rich_neighborhood,108,,CAST
Q8IYY4|ensembl_protein_id=ENSP00000332148|entry=DZI1L_HUMAN|source=pfam27|protein_name=Cilium,mRNA,,disorder_rich_spacer_region,50,,CAST
Q8IYY4|ensembl_protein_id=ENSP00000332148|entry=DZI1L_HUMAN|source=pfam27|protein_name=Cilium,mRNA,,mixed_charge_polyampholyte,247,,CAST
Q8IZ69|ensembl_protein_id=ENSP00000252136|entry=TRM2A_HUMAN|source=pfam27|protein_name=tRNA,tRNA,,disorder_rich_spacer_region,13,,CAST
Q8IZD0|ensembl_protein_id=ENSP00000329144|entry=SAM14_HUMAN|source=rbpdb|protein_name=Sterile,unknown,,gs_rich_neutral_region,268,,CAST
Q8IZD0|ensembl_protein_id=ENSP00000329144|entry=SAM14_HUMAN|source=rbpdb|protein_name=Sterile,unknown,,other,38,,CAST
Q8IZD4|ensembl_protein_id=ENSP00000280665|entry=DCP1B_HUMAN|source=pfam27|protein_name=mRNA-decapping,mRNA,,cation_pi_rich_neighborhood,87,,CAST
Q8IZH2|ensembl_protein_id=ENSP00000418404|entry=XRN1_HUMAN|source=pfam27|protein_name=5'-3',diverse,,aromatic_sticker_region,27,,CAST
Q8IZH2|ensembl_protein_id=ENSP00000418404|entry=XRN1_HUMAN|source=pfam27|protein_name=5'-3',diverse,,cation_pi_rich_neighborhood,94,,CAST
Q8IZH2|ensembl_protein_id=ENSP00000418404|entry=XRN1_HUMAN|source=pfam27|protein_name=5'-3',diverse,,disorder_rich_spacer_region,16,,CAST
Q8N163|ensembl_protein_id=ENSP00000373930|entry=CCAR2_HUMAN|source=pfam27|protein_name=Cell,mRNA,,acidic_region,193,,CAST
Q8N1G1|ensembl_protein_id=ENSP00000170168|entry=REXO1_HUMAN|source=pfam27|protein_name=RNA,pre-rRNA,,cation_pi_rich_neighborhood,562,,CAST
Q8N1G1|ensembl_protein_id=ENSP00000170168|entry=REXO1_HUMAN|source=pfam27|protein_name=RNA,pre-rRNA,,disorder_rich_spacer_region,11,,CAST
Q8N1G2|ensembl_protein_id=ENSP00000362550|entry=CMTR1_HUMAN|source=modomics|protein_name=Cap-specific,mRNA,,aromatic_sticker_region,68,,CAST
Q8N1G4|ensembl_protein_id=ENSP00000367498|entry=LRC47_HUMAN|source=pfam27|protein_name=Leucine-rich,unknown,,mixed_charge_polyampholyte,28,,CAST
Q8N1W1|ensembl_protein_id=ENSP00000441913|entry=ARG28_HUMAN|source=pfam27|protein_name=Rho,mRNA,,acidic_region,56,,CAST
Q8N1W1|ensembl_protein_id=ENSP00000441913|entry=ARG28_HUMAN|source=pfam27|protein_name=Rho,mRNA,,aromatic_sticker_region,436,,CAST
Q8N1W1|ensembl_protein_id=ENSP00000441913|entry=ARG28_HUMAN|source=pfam27|protein_name=Rho,mRNA,,mixed_charge_polyampholyte,104,,CAST
Q8N201|ensembl_protein_id=ENSP00000385722|entry=INT1_HUMAN|source=pfam27|protein_name=Integrator,snRNA,,acidic_region,37,,CAST
Q8N201|ensembl_protein_id=ENSP00000385722|entry=INT1_HUMAN|source=pfam27|protein_name=Integrator,snRNA,,mixed_charge_polyampholyte,24,,CAST
Q8N2M8|ensembl_protein_id=ENSP00000221455|entry=CLASR_HUMAN|source=rbpdb|protein_name=CLK4-associating,mRNA,,cation_pi_rich_neighborhood,138,,CAST
Q8N2M8|ensembl_protein_id=ENSP00000221455|entry=CLASR_HUMAN|source=rbpdb|protein_name=CLK4-associating,mRNA,,sr_rs_repeat_region,390,,CAST
Q8N3Z6|ensembl_protein_id=ENSP00000337839|entry=ZCHC7_HUMAN|source=pfam27|protein_name=Zinc,diverse,,acidic_region,169,,CAST
Q8N3Z6|ensembl_protein_id=ENSP00000337839|entry=ZCHC7_HUMAN|source=pfam27|protein_name=Zinc,diverse,,basic_enriched_region,160,,CAST
Q8N567|ensembl_protein_id=ENSP00000369546|entry=ZCHC9_HUMAN|source=pfam27|protein_name=Zinc,unknown,,basic_enriched_region,102,,CAST
Q8N5A5|ensembl_protein_id=ENSP00000332013|entry=ZGPAT_HUMAN|source=pfam27|protein_name=Zinc,unknown,,acidic_region,62,,CAST
Q8N5A5|ensembl_protein_id=ENSP00000332013|entry=ZGPAT_HUMAN|source=pfam27|protein_name=Zinc,unknown,,mixed_charge_polyampholyte,70,,CAST
Q8N5A5|ensembl_protein_id=ENSP00000332013|entry=ZGPAT_HUMAN|source=pfam27|protein_name=Zinc,unknown,,other,55,,CAST
Q8N5C6|ensembl_protein_id=ENSP00000263736|entry=SRBD1_HUMAN|source=pfam27|protein_name=S1,unknown,,cation_pi_rich_neighborhood,111,,CAST
Q8N5P1|ensembl_protein_id=ENSP00000386488|entry=ZC3H8_HUMAN|source=pfam27|protein_name=Zinc,unknown,,aromatic_sticker_region,193,,CAST
Q8N5X7|ensembl_protein_id=ENSP00000374476|entry=IF4E3_HUMAN|source=pfam27|protein_name=Eukaryotic,mRNA,,disorder_rich_spacer_region,26,,CAST
Q8N5Y2|ensembl_protein_id=ENSP00000312244|entry=MS3L1_HUMAN|source=pfam27|protein_name=MSL,ncRNA,,acidic_region,69,,CAST
Q8N5Y2|ensembl_protein_id=ENSP00000312244|entry=MS3L1_HUMAN|source=pfam27|protein_name=MSL,ncRNA,,cation_pi_rich_neighborhood,127,,CAST
Q8N684|ensembl_protein_id=ENSP00000345412|entry=CPSF7_HUMAN|source=rbpdb|protein_name=Cleavage,mRNA,,aromatic_sticker_region,90,,CAST
Q8N684|ensembl_protein_id=ENSP00000345412|entry=CPSF7_HUMAN|source=rbpdb|protein_name=Cleavage,mRNA,,disorder_rich_spacer_region,18,,CAST
Q8N684|ensembl_protein_id=ENSP00000345412|entry=CPSF7_HUMAN|source=rbpdb|protein_name=Cleavage,mRNA,,sr_rs_repeat_region,178,,CAST
Q8N7X1|ensembl_protein_id=ENSP00000417451|entry=RMXL3_HUMAN|source=pfam27;pfam38|protein_name=RNA-binding,mRNA,,sr_rs_repeat_region,680,,CAST
Q8N8A6|ensembl_protein_id=ENSP00000380495|entry=DDX51_HUMAN|source=pfam27|protein_name=ATP-dependent,pre-rRNA,,mixed_charge_polyampholyte,142,,CAST
Q8N8D1|ensembl_protein_id=ENSP00000204549|entry=PDCD7_HUMAN|source=pfam27|protein_name=Programmed,snRNA,,cation_pi_rich_neighborhood,295,,CAST
Q8N8U3|ensembl_protein_id=ENSP00000316794|entry=RTL3_HUMAN|source=pfam27|protein_name=Retrotransposon,unknown,,cation_pi_rich_neighborhood,197,,CAST
Q8N9N8|ensembl_protein_id=ENSP00000436644|entry=EIF1A_HUMAN|source=pfam27|protein_name=Probable,mRNA,,acidic_region,60,,CAST
Q8NAF0|ensembl_protein_id=ENSP00000320188|entry=ZN579_HUMAN|source=pfam27|protein_name=Zinc,unknown,,disorder_rich_spacer_region,150,,CAST
Q8NAF0|ensembl_protein_id=ENSP00000320188|entry=ZN579_HUMAN|source=pfam27|protein_name=Zinc,unknown,,other,26,,CAST
Q8NAT2|ensembl_protein_id=ENSP00000406052|entry=TDRD5_HUMAN|source=pfam27|protein_name=Tudor,ncRNA,,cation_pi_rich_neighborhood,153,,CAST
Q8NAV1|ensembl_protein_id=ENSP00000257181|entry=PR38A_HUMAN|source=pfam27|protein_name=Pre-mRNA-splicing,snRNA,,acidic_region,35,,CAST
Q8NAV1|ensembl_protein_id=ENSP00000257181|entry=PR38A_HUMAN|source=pfam27|protein_name=Pre-mRNA-splicing,snRNA,,sr_rs_repeat_region,98,,CAST
Q8NC51|ensembl_protein_id=ENSP00000360029|entry=SERB1_HUMAN|source=pfam27|protein_name=SERPINE1,mRNA,,acidic_region,111,,CAST
Q8NC51|ensembl_protein_id=ENSP00000360029|entry=SERB1_HUMAN|source=pfam27|protein_name=SERPINE1,mRNA,,other,53,,CAST
Q8NC60|ensembl_protein_id=ENSP00000264230|entry=NOA1_HUMAN|source=pfam27|protein_name=Nitric,pre-rRNA,,mixed_charge_polyampholyte,43,,CAST
Q8ND04|ensembl_protein_id=ENSP00000438748|entry=SMG8_HUMAN|source=pfam27|protein_name=Nonsense-mediated,mRNA,,disorder_rich_spacer_region,47,,CAST
Q8NDF8|ensembl_protein_id=ENSP00000396995|entry=PAPD5_HUMAN|source=pfam27|protein_name=Terminal,diverse,,cation_pi_rich_neighborhood,188,,CAST
Q8NDG6|ensembl_protein_id=ENSP00000387303|entry=TDRD9_HUMAN|source=pfam38|protein_name=ATP-dependent,ncRNA,,disorder_rich_spacer_region,43,,CAST
Q8NDV7|ensembl_protein_id=ENSP00000326900|entry=TNR6A_HUMAN|source=pfam27|protein_name=Trinucleotide,mRNA,,disorder_rich_spacer_region,186,,CAST
Q8NDV7|ensembl_protein_id=ENSP00000326900|entry=TNR6A_HUMAN|source=pfam27|protein_name=Trinucleotide,mRNA,,gs_rich_neutral_region,1786,,CAST
Q8NE18|ensembl_protein_id=ENSP00000371201|entry=NSUN7_HUMAN|source=pfam27|protein_name=Protein,pre-rRNA,,basic_enriched_region,18,,CAST
Q8NE35|ensembl_protein_id=ENSP00000398310|entry=CPEB3_HUMAN|source=pfam27|protein_name=Cytoplasmic,mRNA,,cation_pi_rich_neighborhood,280,,CAST
Q8NE35|ensembl_protein_id=ENSP00000398310|entry=CPEB3_HUMAN|source=pfam27|protein_name=Cytoplasmic,mRNA,,disorder_rich_spacer_region,34,,CAST
Q8NE71|ensembl_protein_id=ENSP00000412553|entry=ABCF1_HUMAN|source=pfam27|protein_name=ATP-binding,mRNA,,basic_enriched_region,71,,CAST
Q8NE71|ensembl_protein_id=ENSP00000412553|entry=ABCF1_HUMAN|source=pfam27|protein_name=ATP-binding,mRNA,,mixed_charge_polyampholyte,303,,CAST
Q8NEF9|ensembl_protein_id=ENSP00000341324|entry=SRFB1_HUMAN|source=pfam27|protein_name=Serum,pre-rRNA,,mixed_charge_polyampholyte,234,,CAST
Q8NEJ9|ensembl_protein_id=ENSP00000380340|entry=NGDN_HUMAN|source=pfam27|protein_name=Neuroguidin,mRNA,,cation_pi_rich_neighborhood,103,,CAST
Q8NEJ9|ensembl_protein_id=ENSP00000380340|entry=NGDN_HUMAN|source=pfam27|protein_name=Neuroguidin,mRNA,,other,20,,CAST
Q8NHQ9|ensembl_protein_id=ENSP00000238146|entry=DDX55_HUMAN|source=pfam27;pfam38|protein_name=ATP-dependent,pre-rRNA,,basic_enriched_region,90,,CAST
Q8NI27|ensembl_protein_id=ENSP00000347959|entry=THOC2_HUMAN|source=pfam27|protein_name=THO,mRNA,,acidic_region,27,,CAST
Q8NI27|ensembl_protein_id=ENSP00000347959|entry=THOC2_HUMAN|source=pfam27|protein_name=THO,mRNA,,cation_pi_rich_neighborhood,454,,CAST
Q8NI27|ensembl_protein_id=ENSP00000347959|entry=THOC2_HUMAN|source=pfam27|protein_name=THO,mRNA,,disorder_rich_spacer_region,71,,CAST
Q8TA86|ensembl_protein_id=ENSP00000297157|entry=RP9_HUMAN|source=pfam27|protein_name=Retinitis,snRNA,,basic_enriched_region,71,,CAST
Q8TA86|ensembl_protein_id=ENSP00000297157|entry=RP9_HUMAN|source=pfam27|protein_name=Retinitis,snRNA,,other,29,,CAST
Q8TAD8|ensembl_protein_id=ENSP00000296215|entry=SNIP1_HUMAN|source=pfam27|protein_name=Smad,ncRNA,,acidic_region,26,,CAST
Q8TAD8|ensembl_protein_id=ENSP00000296215|entry=SNIP1_HUMAN|source=pfam27|protein_name=Smad,ncRNA,,sr_rs_repeat_region,166,,CAST
Q8TAQ5|ensembl_protein_id=ENSP00000338770|entry=ZN420_HUMAN|source=pfam38|protein_name=Zinc,unknown,,acidic_region,47,,CAST
Q8TB72|ensembl_protein_id=ENSP00000338173|entry=PUM2_HUMAN|source=rbpdb|protein_name=Pumilio,mRNA,,cation_pi_rich_neighborhood,219,,CAST
Q8TB72|ensembl_protein_id=ENSP00000338173|entry=PUM2_HUMAN|source=rbpdb|protein_name=Pumilio,mRNA,,gs_rich_neutral_region,217,,CAST
Q8TBF4|ensembl_protein_id=ENSP00000266529|entry=ZCRB1_HUMAN|source=pfam27|protein_name=Zinc,snRNA,,cation_pi_rich_neighborhood,88,,CAST
Q8TBY0|ensembl_protein_id=ENSP00000281722|entry=RBM46_HUMAN|source=pfam38|protein_name=Probable,mRNA,,aromatic_sticker_region,11,,CAST
Q8TBZ6|ensembl_protein_id=ENSP00000273962|entry=TM10A_HUMAN|source=modomics|protein_name=tRNA,tRNA,,acidic_region,47,,CAST
Q8TBZ6|ensembl_protein_id=ENSP00000273962|entry=TM10A_HUMAN|source=modomics|protein_name=tRNA,tRNA,,other,78,,CAST
Q8TC59|ensembl_protein_id=ENSP00000428267|entry=PIWL2_HUMAN|source=pfam27|protein_name=Piwi-like,ncRNA,,disorder_rich_spacer_region,32,,CAST
Q8TC92|ensembl_protein_id=ENSP00000261488|entry=ENOX1_HUMAN|source=rbpdb|protein_name=Ecto-NOX,mRNA,,mixed_charge_polyampholyte,228,,CAST
Q8TD26|ensembl_protein_id=ENSP00000362330|entry=CHD6_HUMAN|source=pfam38|protein_name=ATP-dependent,mRNA,,acidic_region,86,,CAST
Q8TD26|ensembl_protein_id=ENSP00000362330|entry=CHD6_HUMAN|source=pfam38|protein_name=ATP-dependent,mRNA,,basic_enriched_region,154,,CAST
Q8TD26|ensembl_protein_id=ENSP00000362330|entry=CHD6_HUMAN|source=pfam38|protein_name=ATP-dependent,mRNA,,cation_pi_rich_neighborhood,67,,CAST
Q8TD26|ensembl_protein_id=ENSP00000362330|entry=CHD6_HUMAN|source=pfam38|protein_name=ATP-dependent,mRNA,,gs_rich_neutral_region,210,,CAST
Q8TDD1|ensembl_protein_id=ENSP00000323858|entry=DDX54_HUMAN|source=pfam27|protein_name=ATP-dependent,pre-rRNA,,other,294,,CAST
Q8TDG4|ensembl_protein_id=ENSP00000295488|entry=HELQ_HUMAN|source=pfam38|protein_name=Helicase,unknown,,cation_pi_rich_neighborhood,116,,CAST
Q8TDI0|ensembl_protein_id=ENSP00000262450|entry=CHD5_HUMAN|source=pfam38|protein_name=ATP-dependent,unknown,,acidic_region,292,,CAST
Q8TDI0|ensembl_protein_id=ENSP00000262450|entry=CHD5_HUMAN|source=pfam38|protein_name=ATP-dependent,unknown,,basic_enriched_region,283,,CAST
Q8TDI0|ensembl_protein_id=ENSP00000262450|entry=CHD5_HUMAN|source=pfam38|protein_name=ATP-dependent,unknown,,cation_pi_rich_neighborhood,118,,CAST
Q8TDI0|ensembl_protein_id=ENSP00000262450|entry=CHD5_HUMAN|source=pfam38|protein_name=ATP-dependent,unknown,,disorder_rich_spacer_region,23,,CAST
Q8TDN6|ensembl_protein_id=ENSP00000338862|entry=BRX1_HUMAN|source=pfam27|protein_name=Ribosome,pre-rRNA,,basic_enriched_region,78,,CAST
Q8TEQ6|ensembl_protein_id=ENSP00000285873|entry=GEMI5_HUMAN|source=pfam27|protein_name=Gem-associated,snRNA,,acidic_region,35,,CAST
Q8TEQ6|ensembl_protein_id=ENSP00000285873|entry=GEMI5_HUMAN|source=pfam27|protein_name=Gem-associated,snRNA,,basic_enriched_region,47,,CAST
Q8TEQ6|ensembl_protein_id=ENSP00000285873|entry=GEMI5_HUMAN|source=pfam27|protein_name=Gem-associated,snRNA,,cation_pi_rich_neighborhood,168,,CAST
Q8TEX9|ensembl_protein_id=ENSP00000346453|entry=IPO4_HUMAN|source=pfam27|protein_name=Importin-4,mRNA,,acidic_region,58,,CAST
Q8WU90|ensembl_protein_id=ENSP00000338788|entry=ZC3HF_HUMAN|source=pfam27|protein_name=Zinc,unknown,,acidic_region,209,,CAST
Q8WU90|ensembl_protein_id=ENSP00000338788|entry=ZC3HF_HUMAN|source=pfam27|protein_name=Zinc,unknown,,cation_pi_rich_neighborhood,174,,CAST
Q8WUA2|ensembl_protein_id=ENSP00000253329|entry=PPIL4_HUMAN|source=pfam27|protein_name=Peptidyl-prolyl,mRNA,,sr_rs_repeat_region,172,,CAST
Q8WUQ7|ensembl_protein_id=ENSP00000415078|entry=CATIN_HUMAN|source=pfam27|protein_name=Splicing,mRNA,,mixed_charge_polyampholyte,152,,CAST
Q8WUQ7|ensembl_protein_id=ENSP00000415078|entry=CATIN_HUMAN|source=pfam27|protein_name=Splicing,mRNA,,sr_rs_repeat_region,182,,CAST
Q8WVK2|ensembl_protein_id=ENSP00000244227|entry=SNR27_HUMAN|source=pfam27|protein_name=U4/U6.U5,snRNA,,acidic_region,35,,CAST
Q8WVK2|ensembl_protein_id=ENSP00000244227|entry=SNR27_HUMAN|source=pfam27|protein_name=U4/U6.U5,snRNA,,sr_rs_repeat_region,85,,CAST
Q8WVV9|ensembl_protein_id=ENSP00000386575|entry=HNRLL_HUMAN|source=pfam27|protein_name=Heterogeneous,mRNA,,acidic_region,36,,CAST
Q8WVV9|ensembl_protein_id=ENSP00000386575|entry=HNRLL_HUMAN|source=pfam27|protein_name=Heterogeneous,mRNA,,gs_rich_neutral_region,20,,CAST
Q8WW01|ensembl_protein_id=ENSP00000402002|entry=SEN15_HUMAN|source=pfam27|protein_name=tRNA-splicing,tRNA,,disorder_rich_spacer_region,19,,CAST
Q8WW36|ensembl_protein_id=ENSP00000345633|entry=ZCH13_HUMAN|source=pfam27|protein_name=Zinc,mRNA,,other,31,,CAST
Q8WWH5|ensembl_protein_id=ENSP00000298746|entry=TRUB1_HUMAN|source=pfam27|protein_name=Pseudouridylate,tRNA,,disorder_rich_spacer_region,73,,CAST
Q8WWM7|ensembl_protein_id=ENSP00000372133|entry=ATX2L_HUMAN|source=pfam27|protein_name=Ataxin-2-like,mRNA,,aromatic_sticker_region,64,,CAST
Q8WWM7|ensembl_protein_id=ENSP00000372133|entry=ATX2L_HUMAN|source=pfam27|protein_name=Ataxin-2-like,mRNA,,cation_pi_rich_neighborhood,707,,CAST
Q8WWM7|ensembl_protein_id=ENSP00000372133|entry=ATX2L_HUMAN|source=pfam27|protein_name=Ataxin-2-like,mRNA,,disorder_rich_spacer_region,81,,CAST
Q8WWY3|ensembl_protein_id=ENSP00000324122|entry=PRP31_HUMAN|source=pfam27|protein_name=U4/U6,snRNA,,acidic_region,29,,CAST
Q8WXA9|ensembl_protein_id=ENSP00000334538|entry=SREK1_HUMAN|source=pfam27|protein_name=Splicing,mRNA,,sr_rs_repeat_region,358,,CAST
Q8WXF0|ensembl_protein_id=ENSP00000414302|entry=SRS12_HUMAN|source=pfam27|protein_name=Serine/arginine-rich,mRNA,,sr_rs_repeat_region,164,,CAST
Q8WXF1|ensembl_protein_id=ENSP00000343966|entry=PSPC1_HUMAN|source=rbpdb|protein_name=Paraspeckle,ncRNA,,disorder_rich_spacer_region,35,,CAST
Q8WXF1|ensembl_protein_id=ENSP00000343966|entry=PSPC1_HUMAN|source=rbpdb|protein_name=Paraspeckle,ncRNA,,gs_rich_neutral_region,24,,CAST
Q8WXF1|ensembl_protein_id=ENSP00000343966|entry=PSPC1_HUMAN|source=rbpdb|protein_name=Paraspeckle,ncRNA,,mixed_charge_polyampholyte,161,,CAST
Q8WYQ5|ensembl_protein_id=ENSP00000263209|entry=DGCR8_HUMAN|source=pfam27|protein_name=Microprocessor,ncRNA,,acidic_region,102,,CAST
Q8WYQ5|ensembl_protein_id=ENSP00000263209|entry=DGCR8_HUMAN|source=pfam27|protein_name=Microprocessor,ncRNA,,cation_pi_rich_neighborhood,55,,CAST
Q8WYQ9|ensembl_protein_id=ENSP00000268616|entry=ZCH14_HUMAN|source=pfam27|protein_name=Zinc,unknown,,disorder_rich_spacer_region,17,,CAST
Q8WYQ9|ensembl_protein_id=ENSP00000268616|entry=ZCH14_HUMAN|source=pfam27|protein_name=Zinc,unknown,,gs_rich_neutral_region,863,,CAST
Q92540|ensembl_protein_id=ENSP00000425133|entry=SMG7_HUMAN|source=pfam27|protein_name=Nonsense-mediated,mRNA,,aromatic_sticker_region,220,,CAST
Q92540|ensembl_protein_id=ENSP00000425133|entry=SMG7_HUMAN|source=pfam27|protein_name=Nonsense-mediated,mRNA,,basic_enriched_region,84,,CAST
Q92540|ensembl_protein_id=ENSP00000425133|entry=SMG7_HUMAN|source=pfam27|protein_name=Nonsense-mediated,mRNA,,cation_pi_rich_neighborhood,145,,CAST
Q92615|ensembl_protein_id=ENSP00000326128|entry=LAR4B_HUMAN|source=pfam27|protein_name=La-related,mRNA,,cation_pi_rich_neighborhood,276,,CAST
Q92620|ensembl_protein_id=ENSP00000268482|entry=PRP16_HUMAN|source=pfam27|protein_name=Pre-mRNA-splicing,mRNA,,aromatic_sticker_region,86,,CAST
Q92620|ensembl_protein_id=ENSP00000268482|entry=PRP16_HUMAN|source=pfam27|protein_name=Pre-mRNA-splicing,mRNA,,mixed_charge_polyampholyte,43,,CAST
Q92620|ensembl_protein_id=ENSP00000268482|entry=PRP16_HUMAN|source=pfam27|protein_name=Pre-mRNA-splicing,mRNA,,sr_rs_repeat_region,344,,CAST
Q92664|ensembl_protein_id=ENSP00000370532|entry=TF3A_HUMAN|source=pfam27|protein_name=Transcription,pre-rRNA,,other,16,,CAST
Q92665|ensembl_protein_id=ENSP00000315397|entry=RT31_HUMAN|source=pfam27|protein_name=Small,ribosomal protein,,mixed_charge_polyampholyte,31,,CAST
Q92667|ensembl_protein_id=ENSP00000459895|entry=AKAP1_HUMAN|source=pfam27|protein_name=A-kinase,mRNA,,acidic_region,156,,CAST
Q92667|ensembl_protein_id=ENSP00000459895|entry=AKAP1_HUMAN|source=pfam27|protein_name=A-kinase,mRNA,,cation_pi_rich_neighborhood,165,,CAST
Q92797|ensembl_protein_id=ENSP00000245934|entry=SYMPK_HUMAN|source=pfam27|protein_name=Symplekin,mRNA,,disorder_rich_spacer_region,18,,CAST
Q92879|ensembl_protein_id=ENSP00000351409|entry=CELF1_HUMAN|source=pfam27|protein_name=CUGBP,mRNA,,disorder_rich_spacer_region,19,,CAST
Q92879|ensembl_protein_id=ENSP00000351409|entry=CELF1_HUMAN|source=pfam27|protein_name=CUGBP,mRNA,,gs_rich_neutral_region,167,,CAST
Q92900|ensembl_protein_id=ENSP00000262803|entry=RENT1_HUMAN|source=pfam27|protein_name=Regulator,mRNA,,disorder_rich_spacer_region,24,,CAST
Q92945|ensembl_protein_id=ENSP00000381216|entry=FUBP2_HUMAN|source=pfam27|protein_name=Far,mRNA,,aromatic_sticker_region,223,,CAST
Q92945|ensembl_protein_id=ENSP00000381216|entry=FUBP2_HUMAN|source=pfam27|protein_name=Far,mRNA,,disorder_rich_spacer_region,62,,CAST
Q92945|ensembl_protein_id=ENSP00000381216|entry=FUBP2_HUMAN|source=pfam27|protein_name=Far,mRNA,,other,31,,CAST
Q92973|ensembl_protein_id=ENSP00000336712|entry=TNPO1_HUMAN|source=pfam27|protein_name=Transportin-1,mRNA,,acidic_region,52,,CAST
Q92973|ensembl_protein_id=ENSP00000336712|entry=TNPO1_HUMAN|source=pfam27|protein_name=Transportin-1,mRNA,,other,47,,CAST
Q93062|ensembl_protein_id=ENSP00000318102|entry=RBPMS_HUMAN|source=pfam27|protein_name=RNA-binding,mRNA,,aromatic_sticker_region,52,,CAST
Q969E8|ensembl_protein_id=ENSP00000364293|entry=TSR2_HUMAN|source=pfam27|protein_name=Pre-rRNA-processing,pre-rRNA,,acidic_region,51,,CAST
Q969Q0|ensembl_protein_id=ENSP00000346012|entry=RL36L_HUMAN|source=pfam27|protein_name=Ribosomal,ribosomal protein,,other,95,,CAST
Q969S3|ensembl_protein_id=ENSP00000310042|entry=ZN622_HUMAN|source=pfam27|protein_name=Cytoplasmic,unknown,,acidic_region,74,,CAST
Q96AE4|ensembl_protein_id=ENSP00000294623|entry=FUBP1_HUMAN|source=rbpdb|protein_name=Far,mRNA,,aromatic_sticker_region,83,,CAST
Q96AE4|ensembl_protein_id=ENSP00000294623|entry=FUBP1_HUMAN|source=rbpdb|protein_name=Far,mRNA,,gs_rich_neutral_region,16,,CAST
Q96AE4|ensembl_protein_id=ENSP00000294623|entry=FUBP1_HUMAN|source=rbpdb|protein_name=Far,mRNA,,other,28,,CAST
Q96B70|ensembl_protein_id=ENSP00000477636|entry=LENG9_HUMAN|source=pfam38|protein_name=Leukocyte,unknown,,cation_pi_rich_neighborhood,226,,CAST
Q96B70|ensembl_protein_id=ENSP00000477636|entry=LENG9_HUMAN|source=pfam38|protein_name=Leukocyte,unknown,,disorder_rich_spacer_region,25,,CAST
Q96BK5|ensembl_protein_id=ENSP00000318966|entry=PINX1_HUMAN|source=pfam27|protein_name=PIN2/TERF1-interacting,ncRNA,,cation_pi_rich_neighborhood,224,,CAST
Q96BP3|ensembl_protein_id=ENSP00000261308|entry=PPWD1_HUMAN|source=pfam27|protein_name=Peptidylprolyl,mRNA,,acidic_region,46,,CAST
Q96CB8|ensembl_protein_id=ENSP00000415433|entry=INT12_HUMAN|source=pfam27|protein_name=Integrator,snRNA,,gs_rich_neutral_region,177,,CAST
Q96CB8|ensembl_protein_id=ENSP00000415433|entry=INT12_HUMAN|source=pfam27|protein_name=Integrator,snRNA,,mixed_charge_polyampholyte,132,,CAST
Q96DF8|ensembl_protein_id=ENSP00000252137|entry=ESS2_HUMAN|source=pfam27|protein_name=Splicing,mRNA,,acidic_region,105,,CAST
Q96DH6|ensembl_protein_id=ENSP00000284073|entry=MSI2H_HUMAN|source=rbpdb|protein_name=RNA-binding,mRNA,,cation_pi_rich_neighborhood,77,,CAST
Q96E39|ensembl_protein_id=ENSP00000318415|entry=RMXL1_HUMAN|source=pfam27;pfam38|protein_name=RNA,mRNA,,disorder_rich_spacer_region,11,,CAST
Q96E39|ensembl_protein_id=ENSP00000318415|entry=RMXL1_HUMAN|source=pfam27;pfam38|protein_name=RNA,mRNA,,other,285,,CAST
Q96EK7|ensembl_protein_id=ENSP00000417970|entry=F120B_HUMAN|source=pfam27|protein_name=Constitutive,unknown,,cation_pi_rich_neighborhood,176,,CAST
Q96EP5|ensembl_protein_id=ENSP00000233078|entry=DAZP1_HUMAN|source=pfam27|protein_name=DAZ-associated,mRNA,,aromatic_sticker_region,98,,CAST
Q96EP5|ensembl_protein_id=ENSP00000233078|entry=DAZP1_HUMAN|source=pfam27|protein_name=DAZ-associated,mRNA,,gs_rich_neutral_region,21,,CAST
Q96EU6|ensembl_protein_id=ENSP00000244496|entry=RRP36_HUMAN|source=pfam27|protein_name=Ribosomal,pre-rRNA,,other,115,,CAST
Q96EV2|ensembl_protein_id=ENSP00000287912|entry=RBM33_HUMAN|source=rbpdb|protein_name=RNA-binding,mRNA,,acidic_region,254,,CAST
Q96EV2|ensembl_protein_id=ENSP00000287912|entry=RBM33_HUMAN|source=rbpdb|protein_name=RNA-binding,mRNA,,aromatic_sticker_region,354,,CAST
Q96EV2|ensembl_protein_id=ENSP00000287912|entry=RBM33_HUMAN|source=rbpdb|protein_name=RNA-binding,mRNA,,cation_pi_rich_neighborhood,337,,CAST
Q96EV2|ensembl_protein_id=ENSP00000287912|entry=RBM33_HUMAN|source=rbpdb|protein_name=RNA-binding,mRNA,,disorder_rich_spacer_region,47,,CAST
Q96EY7|ensembl_protein_id=ENSP00000254630|entry=PTCD3_HUMAN|source=pfam27|protein_name=Small,mRNA,,cation_pi_rich_neighborhood,74,,CAST
Q96F86|ensembl_protein_id=ENSP00000455580|entry=EDC3_HUMAN|source=pfam27|protein_name=Enhancer,mRNA,,aromatic_sticker_region,71,,CAST
Q96FC9|ensembl_protein_id=ENSP00000440402|entry=DDX11_HUMAN|source=pfam38|protein_name=ATP-dependent,unknown,,acidic_region,160,,CAST
Q96FC9|ensembl_protein_id=ENSP00000440402|entry=DDX11_HUMAN|source=pfam38|protein_name=ATP-dependent,unknown,,other,24,,CAST
Q96FV9|ensembl_protein_id=ENSP00000261600|entry=THOC1_HUMAN|source=pfam27|protein_name=THO,mRNA,,acidic_region,75,,CAST
Q96GM8|ensembl_protein_id=ENSP00000361162|entry=TOE1_HUMAN|source=pfam27|protein_name=Target,unknown,,other,13,,CAST
Q96HR8|ensembl_protein_id=ENSP00000274054|entry=NAF1_HUMAN|source=pfam27|protein_name=H/ACA,snoRNA,,aromatic_sticker_region,65,,CAST
Q96HR8|ensembl_protein_id=ENSP00000274054|entry=NAF1_HUMAN|source=pfam27|protein_name=H/ACA,snoRNA,,disorder_rich_spacer_region,126,,CAST
Q96HR8|ensembl_protein_id=ENSP00000274054|entry=NAF1_HUMAN|source=pfam27|protein_name=H/ACA,snoRNA,,mixed_charge_polyampholyte,84,,CAST
Q96I24|ensembl_protein_id=ENSP00000318177|entry=FUBP3_HUMAN|source=pfam27|protein_name=Far,mRNA,,aromatic_sticker_region,80,,CAST
Q96I25|ensembl_protein_id=ENSP00000369218|entry=SPF45_HUMAN|source=pfam27|protein_name=Splicing,mRNA,,mixed_charge_polyampholyte,122,,CAST
Q96IP4|ensembl_protein_id=ENSP00000358769|entry=TET5A_HUMAN|source=pfam27|protein_name=Terminal,unknown,,aromatic_sticker_region,27,,CAST
Q96IZ7|ensembl_protein_id=ENSP00000295930|entry=RSRC1_HUMAN|source=pfam27|protein_name=Serine/Arginine-related,mRNA,,sr_rs_repeat_region,297,,CAST
Q96J87|ensembl_protein_id=ENSP00000457863|entry=CELF6_HUMAN|source=pfam27|protein_name=CUGBP,mRNA,,cation_pi_rich_neighborhood,109,,CAST
Q96JM7|ensembl_protein_id=ENSP00000354526|entry=LMBL3_HUMAN|source=rbpdb|protein_name=Lethal(3)malignant,unknown,,cation_pi_rich_neighborhood,58,,CAST
Q96JM7|ensembl_protein_id=ENSP00000354526|entry=LMBL3_HUMAN|source=rbpdb|protein_name=Lethal(3)malignant,unknown,,mixed_charge_polyampholyte,83,,CAST
Q96JY0|ensembl_protein_id=ENSP00000356846|entry=MAEL_HUMAN|source=pfam27|protein_name=Protein,ncRNA,,aromatic_sticker_region,83,,CAST
Q96K80|ensembl_protein_id=ENSP00000257940|entry=ZC3HA_HUMAN|source=pfam27|protein_name=Zinc,unknown,,disorder_rich_spacer_region,129,,CAST
Q96K80|ensembl_protein_id=ENSP00000257940|entry=ZC3HA_HUMAN|source=pfam27|protein_name=Zinc,unknown,,gs_rich_neutral_region,43,,CAST
Q96KR1|ensembl_protein_id=ENSP00000265069|entry=ZFR_HUMAN|source=pfam27|protein_name=Zinc,unknown,,aromatic_sticker_region,269,,CAST
Q96KR1|ensembl_protein_id=ENSP00000265069|entry=ZFR_HUMAN|source=pfam27|protein_name=Zinc,unknown,,cation_pi_rich_neighborhood,205,,CAST
Q96KR1|ensembl_protein_id=ENSP00000265069|entry=ZFR_HUMAN|source=pfam27|protein_name=Zinc,unknown,,mixed_charge_polyampholyte,52,,CAST
Q96L12|ensembl_protein_id=ENSP00000269881|entry=CALR3_HUMAN|source=pfam27|protein_name=Calreticulin-3,unknown,,acidic_region,43,,CAST
Q96L91|ensembl_protein_id=ENSP00000374212|entry=EP400_HUMAN|source=pfam38|protein_name=E1A-binding,unknown,,acidic_region,160,,CAST
Q96L91|ensembl_protein_id=ENSP00000374212|entry=EP400_HUMAN|source=pfam38|protein_name=E1A-binding,unknown,,cation_pi_rich_neighborhood,961,,CAST
Q96L91|ensembl_protein_id=ENSP00000374212|entry=EP400_HUMAN|source=pfam38|protein_name=E1A-binding,unknown,,disorder_rich_spacer_region,277,,CAST
Q96LB4|ensembl_protein_id=ENSP00000281087|entry=VATG3_HUMAN|source=pfam38|protein_name=V-type,unknown,,other,49,,CAST
Q96LT9|ensembl_protein_id=ENSP00000391432|entry=RNPC3_HUMAN|source=pfam27|protein_name=RNA-binding,snRNA,,acidic_region,33,,CAST
Q96LT9|ensembl_protein_id=ENSP00000391432|entry=RNPC3_HUMAN|source=pfam27|protein_name=RNA-binding,snRNA,,aromatic_sticker_region,38,,CAST
Q96MH2|ensembl_protein_id=ENSP00000302276|entry=HEXI2_HUMAN|source=pfam27|protein_name=Protein,ncRNA,,mixed_charge_polyampholyte,189,,CAST
Q96MT3|ensembl_protein_id=ENSP00000345064|entry=PRIC1_HUMAN|source=pfam38|protein_name=Prickle-like,unknown,,sr_rs_repeat_region,334,,CAST
Q96MU7|ensembl_protein_id=ENSP00000339245|entry=YTDC1_HUMAN|source=rbpdb|protein_name=YTH,mRNA,,aromatic_sticker_region,82,,CAST
Q96MU7|ensembl_protein_id=ENSP00000339245|entry=YTDC1_HUMAN|source=rbpdb|protein_name=YTH,mRNA,,gs_rich_neutral_region,344,,CAST
Q96MU7|ensembl_protein_id=ENSP00000339245|entry=YTDC1_HUMAN|source=rbpdb|protein_name=YTH,mRNA,,other,109,,CAST
Q96MX3|ensembl_protein_id=ENSP00000324056|entry=ZNF48_HUMAN|source=pfam38|protein_name=Zinc,unknown,,cation_pi_rich_neighborhood,65,,CAST
Q96MX3|ensembl_protein_id=ENSP00000324056|entry=ZNF48_HUMAN|source=pfam38|protein_name=Zinc,unknown,,disorder_rich_spacer_region,35,,CAST
Q96N16|ensembl_protein_id=ENSP00000386711|entry=JKIP1_HUMAN|source=pfam27|protein_name=Janus,mRNA,,mixed_charge_polyampholyte,583,,CAST
Q96N46|ensembl_protein_id=ENSP00000296015|entry=TTC14_HUMAN|source=rbpdb|protein_name=Tetratricopeptide,unknown,,sr_rs_repeat_region,378,,CAST
Q96NC0|ensembl_protein_id=ENSP00000274712|entry=ZMAT2_HUMAN|source=pfam38|protein_name=Zinc,snRNA,,mixed_charge_polyampholyte,81,,CAST
Q96P70|ensembl_protein_id=ENSP00000354742|entry=IPO9_HUMAN|source=pfam27|protein_name=Importin-9,mRNA,,acidic_region,64,,CAST
Q96PK6|ensembl_protein_id=ENSP00000311747|entry=RBM14_HUMAN|source=pfam27|protein_name=RNA-binding,mRNA,,aromatic_sticker_region,346,,CAST
Q96PZ0|ensembl_protein_id=ENSP00000348722|entry=PUS7_HUMAN|source=modomics|protein_name=Pseudouridylate,pre-rRNA,,acidic_region,29,,CAST
Q96Q15|ensembl_protein_id=ENSP00000402515|entry=SMG1_HUMAN|source=pfam27|protein_name=Serine/threonine-protein,mRNA,,aromatic_sticker_region,150,,CAST
Q96Q15|ensembl_protein_id=ENSP00000402515|entry=SMG1_HUMAN|source=pfam27|protein_name=Serine/threonine-protein,mRNA,,cation_pi_rich_neighborhood,112,,CAST
Q96QC0|ensembl_protein_id=ENSP00000389299|entry=PP1RA_HUMAN|source=pfam27|protein_name=Serine/threonine-protein,unknown,,cation_pi_rich_neighborhood,91,,CAST
Q96QC0|ensembl_protein_id=ENSP00000389299|entry=PP1RA_HUMAN|source=pfam27|protein_name=Serine/threonine-protein,unknown,,disorder_rich_spacer_region,49,,CAST
Q96QC0|ensembl_protein_id=ENSP00000389299|entry=PP1RA_HUMAN|source=pfam27|protein_name=Serine/threonine-protein,unknown,,gs_rich_neutral_region,39,,CAST
Q96QC0|ensembl_protein_id=ENSP00000389299|entry=PP1RA_HUMAN|source=pfam27|protein_name=Serine/threonine-protein,unknown,,other,284,,CAST
Q96QR8|ensembl_protein_id=ENSP00000379051|entry=PURB_HUMAN|source=pfam27|protein_name=Transcriptional,mRNA,,cation_pi_rich_neighborhood,62,,CAST
Q96QR8|ensembl_protein_id=ENSP00000379051|entry=PURB_HUMAN|source=pfam27|protein_name=Transcriptional,mRNA,,gs_rich_neutral_region,24,,CAST
Q96RS0|ensembl_protein_id=ENSP00000260129|entry=TGS1_HUMAN|source=pfam27|protein_name=Trimethylguanosine,snRNA,,acidic_region,104,,CAST
Q96RS0|ensembl_protein_id=ENSP00000260129|entry=TGS1_HUMAN|source=pfam27|protein_name=Trimethylguanosine,snRNA,,aromatic_sticker_region,80,,CAST
Q96RS0|ensembl_protein_id=ENSP00000260129|entry=TGS1_HUMAN|source=pfam27|protein_name=Trimethylguanosine,snRNA,,cation_pi_rich_neighborhood,329,,CAST
Q96SI9|ensembl_protein_id=ENSP00000321347|entry=STRBP_HUMAN|source=pfam27;pfam38|protein_name=Spermatid,mRNA,,other,119,,CAST
Q96SZ4|ensembl_protein_id=ENSP00000459520|entry=ZSC10_HUMAN|source=pfam38|protein_name=Zinc,unknown,,cation_pi_rich_neighborhood,72,,CAST
Q96T21|ensembl_protein_id=ENSP00000364959|entry=SEBP2_HUMAN|source=pfam27|protein_name=Selenocysteine,mRNA,,acidic_region,73,,CAST
Q96T21|ensembl_protein_id=ENSP00000364959|entry=SEBP2_HUMAN|source=pfam27|protein_name=Selenocysteine,mRNA,,cation_pi_rich_neighborhood,430,,CAST
Q96T21|ensembl_protein_id=ENSP00000364959|entry=SEBP2_HUMAN|source=pfam27|protein_name=Selenocysteine,mRNA,,disorder_rich_spacer_region,23,,CAST
Q96T37|ensembl_protein_id=ENSP00000473638|entry=RBM15_HUMAN|source=pfam27|protein_name=RNA-binding,mRNA,,disorder_rich_spacer_region,9,,CAST
Q96T37|ensembl_protein_id=ENSP00000473638|entry=RBM15_HUMAN|source=pfam27|protein_name=RNA-binding,mRNA,,sr_rs_repeat_region,490,,CAST
Q96T58|ensembl_protein_id=ENSP00000364912|entry=MINT_HUMAN|source=pfam27|protein_name=Msx2-interacting,mRNA,,cation_pi_rich_neighborhood,1255,,CAST
Q96T58|ensembl_protein_id=ENSP00000364912|entry=MINT_HUMAN|source=pfam27|protein_name=Msx2-interacting,mRNA,,gs_rich_neutral_region,1821,,CAST
Q96T58|ensembl_protein_id=ENSP00000364912|entry=MINT_HUMAN|source=pfam27|protein_name=Msx2-interacting,mRNA,,sr_rs_repeat_region,95,,CAST
Q99459|ensembl_protein_id=ENSP00000360532|entry=CDC5L_HUMAN|source=pfam27|protein_name=Cell,mRNA,,acidic_region,58,,CAST
Q99459|ensembl_protein_id=ENSP00000360532|entry=CDC5L_HUMAN|source=pfam27|protein_name=Cell,mRNA,,other,130,,CAST
Q99575|ensembl_protein_id=ENSP00000385787|entry=POP1_HUMAN|source=pfam27|protein_name=Ribonucleases,ncRNA,,basic_enriched_region,27,,CAST
Q99575|ensembl_protein_id=ENSP00000385787|entry=POP1_HUMAN|source=pfam27|protein_name=Ribonucleases,ncRNA,,other,63,,CAST
Q99590|ensembl_protein_id=ENSP00000358374|entry=SCAFB_HUMAN|source=pfam27|protein_name=Protein,mRNA,,cation_pi_rich_neighborhood,91,,CAST
Q99590|ensembl_protein_id=ENSP00000358374|entry=SCAFB_HUMAN|source=pfam27|protein_name=Protein,mRNA,,other,1105,,CAST
Q99608|ensembl_protein_id=ENSP00000497916|entry=NECD_HUMAN|source=pfam38|protein_name=Necdin,unknown,,disorder_rich_spacer_region,63,,CAST
Q99613|ensembl_protein_id=ENSP00000378953|entry=EIF3C_HUMAN|source=pfam27|protein_name=Eukaryotic,mRNA,,acidic_region,190,,CAST
Q99717|ensembl_protein_id=ENSP00000441954|entry=SMAD5_HUMAN|source=pfam27|protein_name=SMAD,ncRNA,,aromatic_sticker_region,50,,CAST
Q99728|ensembl_protein_id=ENSP00000260947|entry=BARD1_HUMAN|source=pfam27|protein_name=BRCA1-associated,ncRNA,,cation_pi_rich_neighborhood,370,,CAST
Q99729|ensembl_protein_id=ENSP00000425031|entry=ROAA_HUMAN|source=pfam27|protein_name=Heterogeneous,mRNA,,other,84,,CAST
Q99848|ensembl_protein_id=ENSP00000236051|entry=EBP2_HUMAN|source=pfam27|protein_name=Probable,pre-rRNA,,basic_enriched_region,163,,CAST
Q9BPZ3|ensembl_protein_id=ENSP00000378275|entry=PAIP2_HUMAN|source=pfam27|protein_name=Polyadenylate-binding,mRNA,,acidic_region,50,,CAST
Q9BQ04|ensembl_protein_id=ENSP00000310471|entry=RBM4B_HUMAN|source=pfam27|protein_name=RNA-binding,mRNA,,aromatic_sticker_region,105,,CAST
Q9BQ39|ensembl_protein_id=ENSP00000362687|entry=DDX50_HUMAN|source=pfam27;pfam38|protein_name=ATP-dependent,pre-rRNA,,mixed_charge_polyampholyte,125,,CAST
Q9BQ39|ensembl_protein_id=ENSP00000362687|entry=DDX50_HUMAN|source=pfam27;pfam38|protein_name=ATP-dependent,pre-rRNA,,sr_rs_repeat_region,67,,CAST
Q9BQ67|ensembl_protein_id=ENSP00000253237|entry=GRWD1_HUMAN|source=pfam27|protein_name=Glutamate-rich,pre-rRNA,,acidic_region,24,,CAST
Q9BQ75|ensembl_protein_id=ENSP00000410396|entry=CMS1_HUMAN|source=pfam27|protein_name=Protein,pre-rRNA,,basic_enriched_region,55,,CAST
Q9BQI3|ensembl_protein_id=ENSP00000199389|entry=E2AK1_HUMAN|source=pfam27|protein_name=Eukaryotic,mRNA,,cation_pi_rich_neighborhood,111,,CAST
Q9BRD0|ensembl_protein_id=ENSP00000260210|entry=BUD13_HUMAN|source=pfam27|protein_name=BUD13,mRNA,,acidic_region,29,,CAST
Q9BRD0|ensembl_protein_id=ENSP00000260210|entry=BUD13_HUMAN|source=pfam27|protein_name=BUD13,mRNA,,aromatic_sticker_region,259,,CAST
Q9BRD0|ensembl_protein_id=ENSP00000260210|entry=BUD13_HUMAN|source=pfam27|protein_name=BUD13,mRNA,,cation_pi_rich_neighborhood,93,,CAST
Q9BRD0|ensembl_protein_id=ENSP00000260210|entry=BUD13_HUMAN|source=pfam27|protein_name=BUD13,mRNA,,mixed_charge_polyampholyte,106,,CAST
Q9BRP8|ensembl_protein_id=ENSP00000381271|entry=PYM1_HUMAN|source=pfam27|protein_name=Partner,mRNA,,disorder_rich_spacer_region,113,,CAST
Q9BRR8|ensembl_protein_id=ENSP00000170564|entry=GPTC1_HUMAN|source=pfam27|protein_name=G,mRNA,,basic_enriched_region,66,,CAST
Q9BRR8|ensembl_protein_id=ENSP00000170564|entry=GPTC1_HUMAN|source=pfam27|protein_name=G,mRNA,,cation_pi_rich_neighborhood,147,,CAST
Q9BRS2|ensembl_protein_id=ENSP00000369162|entry=RIOK1_HUMAN|source=pfam27|protein_name=Serine/threonine-protein,pre-rRNA,,acidic_region,58,,CAST
Q9BRS2|ensembl_protein_id=ENSP00000369162|entry=RIOK1_HUMAN|source=pfam27|protein_name=Serine/threonine-protein,pre-rRNA,,basic_enriched_region,50,,CAST
Q9BRS8|ensembl_protein_id=ENSP00000299213|entry=LARP6_HUMAN|source=pfam27|protein_name=La-related,mRNA,,acidic_region,90,,CAST
Q9BRS8|ensembl_protein_id=ENSP00000299213|entry=LARP6_HUMAN|source=pfam27|protein_name=La-related,mRNA,,cation_pi_rich_neighborhood,100,,CAST
Q9BRZ2|ensembl_protein_id=ENSP00000305161|entry=TRI56_HUMAN|source=pfam27|protein_name=E3,unknown,,acidic_region,76,,CAST
Q9BRZ2|ensembl_protein_id=ENSP00000305161|entry=TRI56_HUMAN|source=pfam27|protein_name=E3,unknown,,mixed_charge_polyampholyte,98,,CAST
Q9BSC4|ensembl_protein_id=ENSP00000263837|entry=NOL10_HUMAN|source=pfam27|protein_name=Nucleolar,pre-rRNA,,sr_rs_repeat_region,265,,CAST
Q9BSV6|ensembl_protein_id=ENSP00000379667|entry=SEN34_HUMAN|source=pfam27|protein_name=tRNA-splicing,tRNA,,disorder_rich_spacer_region,88,,CAST
Q9BTD8|ensembl_protein_id=ENSP00000466044|entry=RBM42_HUMAN|source=pfam27|protein_name=RNA-binding,mRNA,,cation_pi_rich_neighborhood,332,,CAST
Q9BTF0|ensembl_protein_id=ENSP00000423933|entry=THUM2_HUMAN|source=pfam27|protein_name=U6,tRNA,,cation_pi_rich_neighborhood,88,,CAST
Q9BTL3|ensembl_protein_id=ENSP00000307181|entry=RAMAC_HUMAN|source=pfam27|protein_name=RNA,mRNA,,aromatic_sticker_region,47,,CAST
Q9BUJ2|ensembl_protein_id=ENSP00000375863|entry=HNRL1_HUMAN|source=pfam27|protein_name=Heterogeneous,mRNA,,aromatic_sticker_region,147,,CAST
Q9BUJ2|ensembl_protein_id=ENSP00000375863|entry=HNRL1_HUMAN|source=pfam27|protein_name=Heterogeneous,mRNA,,cation_pi_rich_neighborhood,108,,CAST
Q9BUJ2|ensembl_protein_id=ENSP00000375863|entry=HNRL1_HUMAN|source=pfam27|protein_name=Heterogeneous,mRNA,,other,254,,CAST
Q9BUL9|ensembl_protein_id=ENSP00000317691|entry=RPP25_HUMAN|source=pfam27|protein_name=Ribonuclease,ncRNA,,aromatic_sticker_region,22,,CAST
Q9BUQ8|ensembl_protein_id=ENSP00000310723|entry=DDX23_HUMAN|source=pfam27;pfam38|protein_name=Probable,snRNA,,sr_rs_repeat_region,358,,CAST
Q9BUR4|ensembl_protein_id=ENSP00000324203|entry=TCAB1_HUMAN|source=pfam27|protein_name=Telomerase,ncRNA,,acidic_region,64,,CAST
Q9BUR4|ensembl_protein_id=ENSP00000324203|entry=TCAB1_HUMAN|source=pfam27|protein_name=Telomerase,ncRNA,,disorder_rich_spacer_region,50,,CAST
Q9BV44|ensembl_protein_id=ENSP00000339532|entry=THUM3_HUMAN|source=pfam27|protein_name=tRNA,tRNA,,basic_enriched_region,35,,CAST
Q9BVP2|ensembl_protein_id=ENSP00000378278|entry=GNL3_HUMAN|source=pfam27|protein_name=Guanine,pre-rRNA,,acidic_region,76,,CAST
Q9BVP2|ensembl_protein_id=ENSP00000378278|entry=GNL3_HUMAN|source=pfam27|protein_name=Guanine,pre-rRNA,,basic_enriched_region,135,,CAST
Q9BVS4|ensembl_protein_id=ENSP00000283109|entry=RIOK2_HUMAN|source=pfam27|protein_name=Serine/threonine-protein,pre-rRNA,,acidic_region,161,,CAST
Q9BWE0|ensembl_protein_id=ENSP00000417291|entry=REPI1_HUMAN|source=pfam27|protein_name=DNA-binding,unknown,,disorder_rich_spacer_region,48,,CAST
Q9BWF3|ensembl_protein_id=ENSP00000309166|entry=RBM4_HUMAN|source=pfam27|protein_name=RNA-binding,mRNA,,aromatic_sticker_region,127,,CAST
Q9BWT3|ensembl_protein_id=ENSP00000238714|entry=PAPOG_HUMAN|source=pfam27|protein_name=Poly(A),mRNA,,cation_pi_rich_neighborhood,66,,CAST
Q9BWU0|ensembl_protein_id=ENSP00000323837|entry=NADAP_HUMAN|source=pfam27|protein_name=Kanadaptin,unknown,,cation_pi_rich_neighborhood,496,,CAST
Q9BX10|ensembl_protein_id=ENSP00000304893|entry=GTPB2_HUMAN|source=pfam27|protein_name=GTP-binding,mRNA,,disorder_rich_spacer_region,42,,CAST
Q9BX46|ensembl_protein_id=ENSP00000368341|entry=RBM24_HUMAN|source=pfam38|protein_name=RNA-binding,mRNA,,aromatic_sticker_region,82,,CAST
Q9BX63|ensembl_protein_id=ENSP00000259008|entry=FANCJ_HUMAN|source=pfam38|protein_name=Fanconi,unknown,,acidic_region,60,,CAST
Q9BX63|ensembl_protein_id=ENSP00000259008|entry=FANCJ_HUMAN|source=pfam38|protein_name=Fanconi,unknown,,cation_pi_rich_neighborhood,456,,CAST
Q9BXP5|ensembl_protein_id=ENSP00000478341|entry=SRRT_HUMAN|source=rbpdb|protein_name=Serrate,ncRNA,,acidic_region,138,,CAST
Q9BXP5|ensembl_protein_id=ENSP00000478341|entry=SRRT_HUMAN|source=rbpdb|protein_name=Serrate,ncRNA,,aromatic_sticker_region,69,,CAST
Q9BXP5|ensembl_protein_id=ENSP00000478341|entry=SRRT_HUMAN|source=rbpdb|protein_name=Serrate,ncRNA,,other,73,,CAST
Q9BXT6|ensembl_protein_id=ENSP00000262794|entry=M10L1_HUMAN|source=rbpdb|protein_name=RNA,ncRNA,,other,51,,CAST
Q9BXT8|ensembl_protein_id=ENSP00000255324|entry=RNF17_HUMAN|source=pfam27|protein_name=RING,mRNA,,acidic_region,31,,CAST
Q9BXV9|ensembl_protein_id=ENSP00000306320|entry=GON7_HUMAN|source=modomics|protein_name=EKC/KEOPS,tRNA,,acidic_region,25,,CAST
Q9BXY0|ensembl_protein_id=ENSP00000353246|entry=MAK16_HUMAN|source=pfam27|protein_name=Protein,pre-rRNA,,acidic_region,155,,CAST
Q9BY44|ensembl_protein_id=ENSP00000385292|entry=EIF2A_HUMAN|source=pfam27|protein_name=Eukaryotic,tRNA,,cation_pi_rich_neighborhood,120,,CAST
Q9BYG3|ensembl_protein_id=ENSP00000285814|entry=MK67I_HUMAN|source=pfam27;pfam38|protein_name=MKI67,pre-rRNA,,basic_enriched_region,78,,CAST
Q9BYJ9|ensembl_protein_id=ENSP00000359364|entry=YTHD1_HUMAN|source=rbpdb;modomics|protein_name=YTH,mRNA,,cation_pi_rich_neighborhood,211,,CAST
Q9BYN8|ensembl_protein_id=ENSP00000369682|entry=RT26_HUMAN|source=pfam27|protein_name=Small,ribosomal protein,,mixed_charge_polyampholyte,107,,CAST
Q9BYX4|ensembl_protein_id=ENSP00000497271|entry=IFIH1_HUMAN|source=pfam38|protein_name=Interferon-induced,ncRNA,,acidic_region,21,,CAST
Q9BYX4|ensembl_protein_id=ENSP00000497271|entry=IFIH1_HUMAN|source=pfam38|protein_name=Interferon-induced,ncRNA,,gs_rich_neutral_region,104,,CAST
Q9BZB8|ensembl_protein_id=ENSP00000477557|entry=CPEB1_HUMAN|source=rbpdb|protein_name=Cytoplasmic,mRNA,,cation_pi_rich_neighborhood,193,,CAST
Q9BZC1|ensembl_protein_id=ENSP00000335631|entry=CELF4_HUMAN|source=pfam27|protein_name=CUGBP,mRNA,,aromatic_sticker_region,148,,CAST
Q9BZE4|ensembl_protein_id=ENSP00000354040|entry=GTPB4_HUMAN|source=pfam27|protein_name=GTP-binding,pre-rRNA,,acidic_region,91,,CAST
Q9BZE4|ensembl_protein_id=ENSP00000354040|entry=GTPB4_HUMAN|source=pfam27|protein_name=GTP-binding,pre-rRNA,,basic_enriched_region,187,,CAST
Q9BZI7|ensembl_protein_id=ENSP00000245418|entry=REN3B_HUMAN|source=pfam27|protein_name=Regulator,mRNA,,cation_pi_rich_neighborhood,300,,CAST
Q9BZJ0|ensembl_protein_id=ENSP00000440733|entry=CRNL1_HUMAN|source=pfam27|protein_name=Crooked,mRNA,,acidic_region,113,,CAST
Q9C0B0|ensembl_protein_id=ENSP00000464893|entry=UNK_HUMAN|source=rbpdb|protein_name=RING,unknown,,cation_pi_rich_neighborhood,69,,CAST
Q9C0B0|ensembl_protein_id=ENSP00000464893|entry=UNK_HUMAN|source=rbpdb|protein_name=RING,unknown,,gs_rich_neutral_region,371,,CAST
Q9C0B9|ensembl_protein_id=ENSP00000464791|entry=ZCHC2_HUMAN|source=pfam27|protein_name=Zinc,unknown,,acidic_region,44,,CAST
Q9C0B9|ensembl_protein_id=ENSP00000464791|entry=ZCHC2_HUMAN|source=pfam27|protein_name=Zinc,unknown,,cation_pi_rich_neighborhood,590,,CAST
Q9C0B9|ensembl_protein_id=ENSP00000464791|entry=ZCHC2_HUMAN|source=pfam27|protein_name=Zinc,unknown,,disorder_rich_spacer_region,86,,CAST
Q9C0D7|ensembl_protein_id=ENSP00000278590|entry=ZC12C_HUMAN|source=pfam27|protein_name=Probable,unknown,,acidic_region,28,,CAST
Q9C0D7|ensembl_protein_id=ENSP00000278590|entry=ZC12C_HUMAN|source=pfam27|protein_name=Probable,unknown,,cation_pi_rich_neighborhood,216,,CAST
Q9GZR2|ensembl_protein_id=ENSP00000361010|entry=REXO4_HUMAN|source=pfam27|protein_name=RNA,pre-rRNA,,basic_enriched_region,181,,CAST
Q9GZY0|ensembl_protein_id=ENSP00000472530|entry=NXF2_HUMAN|source=pfam27|protein_name=Nuclear,mRNA,,cation_pi_rich_neighborhood,77,,CAST
Q9H089|ensembl_protein_id=ENSP00000265245|entry=LSG1_HUMAN|source=pfam27|protein_name=Large,pre-rRNA,,acidic_region,106,,CAST
Q9H0A0|ensembl_protein_id=ENSP00000433011|entry=NAT10_HUMAN|source=pfam27|protein_name=RNA,pre-rRNA,,basic_enriched_region,37,,CAST
Q9H0L4|ensembl_protein_id=ENSP00000332444|entry=CSTFT_HUMAN|source=pfam27;pfam38|protein_name=Cleavage,mRNA,,disorder_rich_spacer_region,199,,CAST
Q9H0W8|ensembl_protein_id=ENSP00000270066|entry=SMG9_HUMAN|source=pfam27|protein_name=Nonsense-mediated,mRNA,,disorder_rich_spacer_region,75,,CAST
Q9H0Z9|ensembl_protein_id=ENSP00000348538|entry=RBM38_HUMAN|source=pfam38|protein_name=RNA-binding,mRNA,,aromatic_sticker_region,32,,CAST
Q9H1J1|ensembl_protein_id=ENSP00000364448|entry=REN3A_HUMAN|source=pfam27|protein_name=Regulator,mRNA,,mixed_charge_polyampholyte,216,,CAST
Q9H2U1|ensembl_protein_id=ENSP00000417078|entry=DHX36_HUMAN|source=pfam27|protein_name=ATP-dependent,mRNA,,cation_pi_rich_neighborhood,46,,CAST
Q9H2U1|ensembl_protein_id=ENSP00000417078|entry=DHX36_HUMAN|source=pfam27|protein_name=ATP-dependent,mRNA,,mixed_charge_polyampholyte,139,,CAST
Q9H307|ensembl_protein_id=ENSP00000216832|entry=PININ_HUMAN|source=pfam27|protein_name=Pinin,mRNA,,sr_rs_repeat_region,629,,CAST
Q9H3J6|ensembl_protein_id=ENSP00000390647|entry=MTRFR_HUMAN|source=pfam27|protein_name=Mitochondrial,mRNA,,basic_enriched_region,36,,CAST
Q9H4L7|ensembl_protein_id=ENSP00000351947|entry=SMRCD_HUMAN|source=pfam38|protein_name=SWI/SNF-related,unknown,,gs_rich_neutral_region,372,,CAST
Q9H4T2|ensembl_protein_id=ENSP00000366527|entry=ZSC16_HUMAN|source=pfam38|protein_name=Zinc,unknown,,mixed_charge_polyampholyte,134,,CAST
Q9H4Z3|ensembl_protein_id=ENSP00000361486|entry=CAPAM_HUMAN|source=modomics|protein_name=mRNA,mRNA,,gs_rich_neutral_region,35,,CAST
Q9H501|ensembl_protein_id=ENSP00000202816|entry=ESF1_HUMAN|source=pfam27|protein_name=ESF1,pre-rRNA,,basic_enriched_region,170,,CAST
Q9H501|ensembl_protein_id=ENSP00000202816|entry=ESF1_HUMAN|source=pfam27|protein_name=ESF1,pre-rRNA,,cation_pi_rich_neighborhood,768,,CAST
Q9H583|ensembl_protein_id=ENSP00000355541|entry=HEAT1_HUMAN|source=pfam27|protein_name=HEAT,snoRNA,,basic_enriched_region,21,,CAST
Q9H5H4|ensembl_protein_id=ENSP00000369777|entry=ZN768_HUMAN|source=pfam27;pfam38|protein_name=Zinc,unknown,,sr_rs_repeat_region,174,,CAST
Q9H5U6|ensembl_protein_id=ENSP00000303468|entry=ZCHC4_HUMAN|source=modomics|protein_name=rRNA,pre-rRNA,,other,43,,CAST
Q9H694|ensembl_protein_id=ENSP00000362993|entry=BICC1_HUMAN|source=pfam27|protein_name=Protein,mRNA,,cation_pi_rich_neighborhood,460,,CAST
Q9H6E5|ensembl_protein_id=ENSP00000419607|entry=STPAP_HUMAN|source=rbpdb|protein_name=Speckle,snRNA,,disorder_rich_spacer_region,82,,CAST
Q9H6F5|ensembl_protein_id=ENSP00000227520|entry=CCD86_HUMAN|source=pfam27|protein_name=Coiled-coil,unknown,,cation_pi_rich_neighborhood,162,,CAST
Q9H6F5|ensembl_protein_id=ENSP00000227520|entry=CCD86_HUMAN|source=pfam27|protein_name=Coiled-coil,unknown,,other,148,,CAST
Q9H6R0|ensembl_protein_id=ENSP00000225296|entry=DHX33_HUMAN|source=pfam38|protein_name=ATP-dependent,mRNA,,disorder_rich_spacer_region,11,,CAST
Q9H6S0|ensembl_protein_id=ENSP00000161863|entry=YTDC2_HUMAN|source=pfam27|protein_name=3'-5',mRNA,,aromatic_sticker_region,204,,CAST
Q9H6S0|ensembl_protein_id=ENSP00000161863|entry=YTDC2_HUMAN|source=pfam27|protein_name=3'-5',mRNA,,disorder_rich_spacer_region,21,,CAST
Q9H6S0|ensembl_protein_id=ENSP00000161863|entry=YTDC2_HUMAN|source=pfam27|protein_name=3'-5',mRNA,,mixed_charge_polyampholyte,40,,CAST
Q9H6T0|ensembl_protein_id=ENSP00000454554|entry=ESRP2_HUMAN|source=pfam27|protein_name=Epithelial,mRNA,,disorder_rich_spacer_region,25,,CAST
Q9H7B2|ensembl_protein_id=ENSP00000402338|entry=RPF2_HUMAN|source=pfam27|protein_name=Ribosome,pre-rRNA,,basic_enriched_region,70,,CAST
Q9H7N4|ensembl_protein_id=ENSP00000353769|entry=SFR19_HUMAN|source=pfam27|protein_name=Splicing,mRNA,,disorder_rich_spacer_region,28,,CAST
Q9H7N4|ensembl_protein_id=ENSP00000353769|entry=SFR19_HUMAN|source=pfam27|protein_name=Splicing,mRNA,,sr_rs_repeat_region,1051,,CAST
Q9H7Z6|ensembl_protein_id=ENSP00000406037|entry=KAT8_HUMAN|source=pfam27|protein_name=Histone,ncRNA,,disorder_rich_spacer_region,46,,CAST
Q9H814|ensembl_protein_id=ENSP00000297540|entry=PHAX_HUMAN|source=pfam27|protein_name=Phosphorylated,snRNA,,aromatic_sticker_region,91,,CAST
Q9H814|ensembl_protein_id=ENSP00000297540|entry=PHAX_HUMAN|source=pfam27|protein_name=Phosphorylated,snRNA,,mixed_charge_polyampholyte,86,,CAST
Q9H9A5|ensembl_protein_id=ENSP00000399862|entry=CNO10_HUMAN|source=pfam27|protein_name=CCR4-NOT,mRNA,,cation_pi_rich_neighborhood,208,,CAST
Q9H9A5|ensembl_protein_id=ENSP00000399862|entry=CNO10_HUMAN|source=pfam27|protein_name=CCR4-NOT,mRNA,,other,25,,CAST
Q9H9L3|ensembl_protein_id=ENSP00000323424|entry=I20L2_HUMAN|source=pfam27|protein_name=Interferon-stimulated,pre-rRNA,,cation_pi_rich_neighborhood,163,,CAST
Q9H9Y2|ensembl_protein_id=ENSP00000359688|entry=RPF1_HUMAN|source=pfam27|protein_name=Ribosome,pre-rRNA,,basic_enriched_region,46,,CAST
Q9HA38|ensembl_protein_id=ENSP00000311221|entry=ZMAT3_HUMAN|source=pfam27|protein_name=Zinc,ncRNA,,disorder_rich_spacer_region,11,,CAST
Q9HAU5|ensembl_protein_id=ENSP00000348708|entry=RENT2_HUMAN|source=pfam27|protein_name=Regulator,mRNA,,acidic_region,175,,CAST
Q9HAU5|ensembl_protein_id=ENSP00000348708|entry=RENT2_HUMAN|source=pfam27|protein_name=Regulator,mRNA,,cation_pi_rich_neighborhood,81,,CAST
Q9HAU5|ensembl_protein_id=ENSP00000348708|entry=RENT2_HUMAN|source=pfam27|protein_name=Regulator,mRNA,,sr_rs_repeat_region,183,,CAST
Q9HAZ1|ensembl_protein_id=ENSP00000316948|entry=CLK4_HUMAN|source=pfam27|protein_name=Dual,mRNA,,mixed_charge_polyampholyte,81,,CAST
Q9HAZ1|ensembl_protein_id=ENSP00000316948|entry=CLK4_HUMAN|source=pfam27|protein_name=Dual,mRNA,,other,31,,CAST
Q9HBD1|ensembl_protein_id=ENSP00000411767|entry=RC3H2_HUMAN|source=pfam27|protein_name=Roquin-2,mRNA,,aromatic_sticker_region,86,,CAST
Q9HBD1|ensembl_protein_id=ENSP00000411767|entry=RC3H2_HUMAN|source=pfam27|protein_name=Roquin-2,mRNA,,other,115,,CAST
Q9HBD4|ensembl_protein_id=ENSP00000495368|entry=Q9HBD4_HUMAN|source=pfam38|protein_name=SWI/SNF,unknown,,gs_rich_neutral_region,341,,CAST
Q9HBD4|ensembl_protein_id=ENSP00000495368|entry=Q9HBD4_HUMAN|source=pfam38|protein_name=SWI/SNF,unknown,,mixed_charge_polyampholyte,675,,CAST
Q9HC10|ensembl_protein_id=ENSP00000272371|entry=OTOF_HUMAN|source=pfam38|protein_name=Otoferlin,unknown,,gs_rich_neutral_region,149,,CAST
Q9HC10|ensembl_protein_id=ENSP00000272371|entry=OTOF_HUMAN|source=pfam38|protein_name=Otoferlin,unknown,,other,19,,CAST
Q9HC44|ensembl_protein_id=ENSP00000290795|entry=GPBL1_HUMAN|source=pfam38|protein_name=Vasculin-like,unknown,,aromatic_sticker_region,311,,CAST
Q9HCE5|ensembl_protein_id=ENSP00000373474|entry=MET14_HUMAN|source=pfam27|protein_name=N(6)-adenosine-methyltransferase,mRNA,,acidic_region,63,,CAST
Q9HCE5|ensembl_protein_id=ENSP00000373474|entry=MET14_HUMAN|source=pfam27|protein_name=N(6)-adenosine-methyltransferase,mRNA,,other,44,,CAST
Q9HCJ0|ensembl_protein_id=ENSP00000512514|entry=TNR6C_HUMAN|source=rbpdb|protein_name=Trinucleotide,mRNA,,gs_rich_neutral_region,1912,,CAST
Q9HCJ3|ensembl_protein_id=ENSP00000294428|entry=RAVR2_HUMAN|source=pfam27|protein_name=Ribonucleoprotein,mRNA,,cation_pi_rich_neighborhood,182,,CAST
Q9HCJ3|ensembl_protein_id=ENSP00000294428|entry=RAVR2_HUMAN|source=pfam27|protein_name=Ribonucleoprotein,mRNA,,disorder_rich_spacer_region,31,,CAST
Q9HCK8|ensembl_protein_id=ENSP00000451601|entry=CHD8_HUMAN|source=pfam38|protein_name=ATP-dependent,mRNA,,acidic_region,137,,CAST
Q9HCK8|ensembl_protein_id=ENSP00000451601|entry=CHD8_HUMAN|source=pfam38|protein_name=ATP-dependent,mRNA,,aromatic_sticker_region,80,,CAST
Q9HCK8|ensembl_protein_id=ENSP00000451601|entry=CHD8_HUMAN|source=pfam38|protein_name=ATP-dependent,mRNA,,cation_pi_rich_neighborhood,341,,CAST
Q9HCK8|ensembl_protein_id=ENSP00000451601|entry=CHD8_HUMAN|source=pfam38|protein_name=ATP-dependent,mRNA,,disorder_rich_spacer_region,77,,CAST
Q9HCK8|ensembl_protein_id=ENSP00000451601|entry=CHD8_HUMAN|source=pfam38|protein_name=ATP-dependent,mRNA,,other,214,,CAST
Q9HCS7|ensembl_protein_id=ENSP00000351137|entry=SYF1_HUMAN|source=pfam27|protein_name=Pre-mRNA-splicing,mRNA,,acidic_region,71,,CAST
Q9NP64|ensembl_protein_id=ENSP00000444742|entry=ZCC17_HUMAN|source=pfam27|protein_name=Zinc,unknown,,basic_enriched_region,82,,CAST
Q9NP92|ensembl_protein_id=ENSP00000424328|entry=RT30_HUMAN|source=pfam27|protein_name=Large,ribosomal protein,,acidic_region,17,,CAST
Q9NQ29|ensembl_protein_id=ENSP00000293872|entry=LUC7L_HUMAN|source=pfam27|protein_name=Putative,mRNA,,cation_pi_rich_neighborhood,77,,CAST
Q9NQ29|ensembl_protein_id=ENSP00000293872|entry=LUC7L_HUMAN|source=pfam27|protein_name=Putative,mRNA,,sr_rs_repeat_region,149,,CAST
Q9NQ50|ensembl_protein_id=ENSP00000333401|entry=RM40_HUMAN|source=pfam27|protein_name=Large,ribosomal protein,,other,88,,CAST
Q9NQ94|ensembl_protein_id=ENSP00000363105|entry=A1CF_HUMAN|source=rbpdb|protein_name=APOBEC1,mRNA,,disorder_rich_spacer_region,39,,CAST
Q9NQI0|ensembl_protein_id=ENSP00000424838|entry=DDX4_HUMAN|source=pfam38|protein_name=Probable,mRNA,,other,215,,CAST
Q9NQZ2|ensembl_protein_id=ENSP00000254803|entry=SAS10_HUMAN|source=pfam27|protein_name=Something,snoRNA,,acidic_region,189,,CAST
Q9NQZ2|ensembl_protein_id=ENSP00000254803|entry=SAS10_HUMAN|source=pfam27|protein_name=Something,snoRNA,,basic_enriched_region,151,,CAST
Q9NR30|ensembl_protein_id=ENSP00000346120|entry=DDX21_HUMAN|source=pfam27|protein_name=Nucleolar,pre-rRNA,,mixed_charge_polyampholyte,168,,CAST
Q9NR30|ensembl_protein_id=ENSP00000346120|entry=DDX21_HUMAN|source=pfam27|protein_name=Nucleolar,pre-rRNA,,other,51,,CAST
Q9NR48|ensembl_protein_id=ENSP00000357330|entry=ASH1L_HUMAN|source=pfam27|protein_name=Histone-lysine,ncRNA,,acidic_region,81,,CAST
Q9NR48|ensembl_protein_id=ENSP00000357330|entry=ASH1L_HUMAN|source=pfam27|protein_name=Histone-lysine,ncRNA,,aromatic_sticker_region,21,,CAST
Q9NR48|ensembl_protein_id=ENSP00000357330|entry=ASH1L_HUMAN|source=pfam27|protein_name=Histone-lysine,ncRNA,,basic_enriched_region,116,,CAST
Q9NR48|ensembl_protein_id=ENSP00000357330|entry=ASH1L_HUMAN|source=pfam27|protein_name=Histone-lysine,ncRNA,,cation_pi_rich_neighborhood,107,,CAST
Q9NR48|ensembl_protein_id=ENSP00000357330|entry=ASH1L_HUMAN|source=pfam27|protein_name=Histone-lysine,ncRNA,,other,40,,CAST
Q9NR48|ensembl_protein_id=ENSP00000357330|entry=ASH1L_HUMAN|source=pfam27|protein_name=Histone-lysine,ncRNA,,sr_rs_repeat_region,1355,,CAST
Q9NR56|ensembl_protein_id=ENSP00000282486|entry=MBNL1_HUMAN|source=rbpdb|protein_name=Muscleblind-like,mRNA,,cation_pi_rich_neighborhood,128,,CAST
Q9NRA8|ensembl_protein_id=ENSP00000328103|entry=4ET_HUMAN|source=pfam27|protein_name=Eukaryotic,mRNA,,aromatic_sticker_region,124,,CAST
Q9NRA8|ensembl_protein_id=ENSP00000328103|entry=4ET_HUMAN|source=pfam27|protein_name=Eukaryotic,mRNA,,cation_pi_rich_neighborhood,108,,CAST
Q9NRJ5|ensembl_protein_id=ENSP00000384700|entry=PAPOB_HUMAN|source=pfam27|protein_name=Poly(A),mRNA,,cation_pi_rich_neighborhood,115,,CAST
Q9NRJ5|ensembl_protein_id=ENSP00000384700|entry=PAPOB_HUMAN|source=pfam27|protein_name=Poly(A),mRNA,,disorder_rich_spacer_region,16,,CAST
Q9NS39|ensembl_protein_id=ENSP00000370713|entry=RED2_HUMAN|source=pfam27|protein_name=Inactive,mRNA,,other,15,,CAST
Q9NTZ6|ensembl_protein_id=ENSP00000352668|entry=RBM12_HUMAN|source=pfam27;pfam38|protein_name=RNA-binding,mRNA,,cation_pi_rich_neighborhood,111,,CAST
Q9NTZ6|ensembl_protein_id=ENSP00000352668|entry=RBM12_HUMAN|source=pfam27;pfam38|protein_name=RNA-binding,mRNA,,disorder_rich_spacer_region,81,,CAST
Q9NTZ6|ensembl_protein_id=ENSP00000352668|entry=RBM12_HUMAN|source=pfam27;pfam38|protein_name=RNA-binding,mRNA,,gs_rich_neutral_region,204,,CAST
Q9NV66|ensembl_protein_id=ENSP00000352645|entry=TYW1_HUMAN|source=pfam27|protein_name=S-adenosyl-L-methionine-dependent,tRNA,,acidic_region,77,,CAST
Q9NVH2|ensembl_protein_id=ENSP00000355961|entry=INT7_HUMAN|source=pfam27|protein_name=Integrator,snRNA,,other,26,,CAST
Q9NVM6|ensembl_protein_id=ENSP00000220496|entry=DJC17_HUMAN|source=pfam27|protein_name=DnaJ,unknown,,mixed_charge_polyampholyte,114,,CAST
Q9NVN8|ensembl_protein_id=ENSP00000338573|entry=GNL3L_HUMAN|source=pfam27|protein_name=Guanine,pre-rRNA,,basic_enriched_region,81,,CAST
Q9NVN8|ensembl_protein_id=ENSP00000338573|entry=GNL3L_HUMAN|source=pfam27|protein_name=Guanine,pre-rRNA,,mixed_charge_polyampholyte,59,,CAST
Q9NVP1|ensembl_protein_id=ENSP00000263239|entry=DDX18_HUMAN|source=pfam27|protein_name=ATP-dependent,pre-rRNA,,disorder_rich_spacer_region,156,,CAST
Q9NVR5|ensembl_protein_id=ENSP00000384862|entry=KTU_HUMAN|source=pfam27|protein_name=Protein,unknown,,aromatic_sticker_region,50,,CAST
Q9NVR5|ensembl_protein_id=ENSP00000384862|entry=KTU_HUMAN|source=pfam27|protein_name=Protein,unknown,,cation_pi_rich_neighborhood,168,,CAST
Q9NW07|ensembl_protein_id=ENSP00000472305|entry=ZN358_HUMAN|source=pfam38|protein_name=Zinc,unknown,,acidic_region,78,,CAST
Q9NW07|ensembl_protein_id=ENSP00000472305|entry=ZN358_HUMAN|source=pfam38|protein_name=Zinc,unknown,,disorder_rich_spacer_region,123,,CAST
Q9NW13|ensembl_protein_id=ENSP00000223073|entry=RBM28_HUMAN|source=pfam27|protein_name=RNA-binding,snRNA,,acidic_region,148,,CAST
Q9NW13|ensembl_protein_id=ENSP00000223073|entry=RBM28_HUMAN|source=pfam27|protein_name=RNA-binding,snRNA,,basic_enriched_region,213,,CAST
Q9NW64|ensembl_protein_id=ENSP00000199814|entry=RBM22_HUMAN|source=pfam27|protein_name=Pre-mRNA-splicing,mRNA,,aromatic_sticker_region,81,,CAST
Q9NWH9|ensembl_protein_id=ENSP00000369887|entry=SLTM_HUMAN|source=pfam27|protein_name=SAFB-like,mRNA,,gs_rich_neutral_region,851,,CAST
Q9NWK9|ensembl_protein_id=ENSP00000414344|entry=BCD1_HUMAN|source=pfam27|protein_name=Box,snoRNA,,acidic_region,105,,CAST
Q9NWZ8|ensembl_protein_id=ENSP00000369895|entry=GEMI8_HUMAN|source=pfam27|protein_name=Gem-associated,snRNA,,acidic_region,94,,CAST
Q9NX05|ensembl_protein_id=ENSP00000364324|entry=F120C_HUMAN|source=pfam27|protein_name=Constitutive,unknown,,aromatic_sticker_region,146,,CAST
Q9NX05|ensembl_protein_id=ENSP00000364324|entry=F120C_HUMAN|source=pfam27|protein_name=Constitutive,unknown,,gs_rich_neutral_region,52,,CAST
Q9NX07|ensembl_protein_id=ENSP00000362936|entry=TSAP1_HUMAN|source=pfam27;pfam38|protein_name=tRNA,tRNA,,aromatic_sticker_region,41,,CAST
Q9NXG2|ensembl_protein_id=ENSP00000370741|entry=THUM1_HUMAN|source=rbpdb;modomics|protein_name=THUMP,tRNA,,disorder_rich_spacer_region,85,,CAST
Q9NXL6|ensembl_protein_id=ENSP00000264852|entry=SIDT1_HUMAN|source=pfam27|protein_name=SID1,ncRNA,,gs_rich_neutral_region,79,,CAST
Q9NY12|ensembl_protein_id=ENSP00000226796|entry=GAR1_HUMAN|source=pfam27|protein_name=H/ACA,snoRNA,,other,115,,CAST
Q9NY93|ensembl_protein_id=ENSP00000258772|entry=DDX56_HUMAN|source=pfam27|protein_name=Probable,pre-rRNA,,other,40,,CAST
Q9NYF8|ensembl_protein_id=ENSP00000376159|entry=BCLF1_HUMAN|source=pfam27|protein_name=Bcl-2-associated,mRNA,,acidic_region,22,,CAST
Q9NYF8|ensembl_protein_id=ENSP00000376159|entry=BCLF1_HUMAN|source=pfam27|protein_name=Bcl-2-associated,mRNA,,other,783,,CAST
Q9NZB2|ensembl_protein_id=ENSP00000277165|entry=F120A_HUMAN|source=pfam27|protein_name=Constitutive,mRNA,,aromatic_sticker_region,89,,CAST
Q9NZB2|ensembl_protein_id=ENSP00000277165|entry=F120A_HUMAN|source=pfam27|protein_name=Constitutive,mRNA,,cation_pi_rich_neighborhood,82,,CAST
Q9NZB2|ensembl_protein_id=ENSP00000277165|entry=F120A_HUMAN|source=pfam27|protein_name=Constitutive,mRNA,,gs_rich_neutral_region,130,,CAST
Q9NZJ5|ensembl_protein_id=ENSP00000307235|entry=E2AK3_HUMAN|source=pfam27|protein_name=Eukaryotic,mRNA,,cation_pi_rich_neighborhood,167,,CAST
Q9NZJ5|ensembl_protein_id=ENSP00000307235|entry=E2AK3_HUMAN|source=pfam27|protein_name=Eukaryotic,mRNA,,disorder_rich_spacer_region,60,,CAST
Q9P031|ensembl_protein_id=ENSP00000256151|entry=TAP26_HUMAN|source=pfam27|protein_name=Thyroid,unknown,,aromatic_sticker_region,164,,CAST
Q9P0L1|ensembl_protein_id=ENSP00000273320|entry=ZKSC7_HUMAN|source=pfam38|protein_name=Zinc,unknown,,acidic_region,59,,CAST
Q9P1Y6|ensembl_protein_id=ENSP00000410626|entry=PHRF1_HUMAN|source=pfam27|protein_name=PHD,mRNA,,aromatic_sticker_region,37,,CAST
Q9P1Y6|ensembl_protein_id=ENSP00000410626|entry=PHRF1_HUMAN|source=pfam27|protein_name=PHD,mRNA,,basic_enriched_region,99,,CAST
Q9P1Y6|ensembl_protein_id=ENSP00000410626|entry=PHRF1_HUMAN|source=pfam27|protein_name=PHD,mRNA,,gs_rich_neutral_region,80,,CAST
Q9P1Y6|ensembl_protein_id=ENSP00000410626|entry=PHRF1_HUMAN|source=pfam27|protein_name=PHD,mRNA,,sr_rs_repeat_region,1001,,CAST
Q9P2E3|ensembl_protein_id=ENSP00000379412|entry=ZNFX1_HUMAN|source=pfam27|protein_name=NFX1-type,unknown,,acidic_region,57,,CAST
Q9P2E3|ensembl_protein_id=ENSP00000379412|entry=ZNFX1_HUMAN|source=pfam27|protein_name=NFX1-type,unknown,,aromatic_sticker_region,79,,CAST
Q9P2E3|ensembl_protein_id=ENSP00000379412|entry=ZNFX1_HUMAN|source=pfam27|protein_name=NFX1-type,unknown,,cation_pi_rich_neighborhood,105,,CAST
Q9P2E9|ensembl_protein_id=ENSP00000367038|entry=RRBP1_HUMAN|source=pfam27|protein_name=Ribosome-binding,mRNA,,mixed_charge_polyampholyte,1373,,CAST
Q9P2I0|ensembl_protein_id=ENSP00000298875|entry=CPSF2_HUMAN|source=pfam27|protein_name=Cleavage,mRNA,,acidic_region,47,,CAST
Q9P2I0|ensembl_protein_id=ENSP00000298875|entry=CPSF2_HUMAN|source=pfam27|protein_name=Cleavage,mRNA,,cation_pi_rich_neighborhood,145,,CAST
Q9P2J5|ensembl_protein_id=ENSP00000426005|entry=SYLC_HUMAN|source=pfam27|protein_name=Leucine--tRNA,tRNA,,acidic_region,15,,CAST
Q9P2K5|ensembl_protein_id=ENSP00000452913|entry=MYEF2_HUMAN|source=rbpdb|protein_name=Myelin,mRNA,,cation_pi_rich_neighborhood,51,,CAST
Q9P2K5|ensembl_protein_id=ENSP00000452913|entry=MYEF2_HUMAN|source=rbpdb|protein_name=Myelin,mRNA,,gs_rich_neutral_region,147,,CAST
Q9P2K8|ensembl_protein_id=ENSP00000263791|entry=E2AK4_HUMAN|source=pfam27|protein_name=eIF-2-alpha,tRNA,,acidic_region,124,,CAST
Q9P2K8|ensembl_protein_id=ENSP00000263791|entry=E2AK4_HUMAN|source=pfam27|protein_name=eIF-2-alpha,tRNA,,mixed_charge_polyampholyte,82,,CAST
Q9P2N5|ensembl_protein_id=ENSP00000265271|entry=RBM27_HUMAN|source=pfam27|protein_name=RNA-binding,mRNA,,acidic_region,73,,CAST
Q9P2N5|ensembl_protein_id=ENSP00000265271|entry=RBM27_HUMAN|source=pfam27|protein_name=RNA-binding,mRNA,,aromatic_sticker_region,42,,CAST
Q9P2N5|ensembl_protein_id=ENSP00000265271|entry=RBM27_HUMAN|source=pfam27|protein_name=RNA-binding,mRNA,,cation_pi_rich_neighborhood,74,,CAST
Q9P2N5|ensembl_protein_id=ENSP00000265271|entry=RBM27_HUMAN|source=pfam27|protein_name=RNA-binding,mRNA,,disorder_rich_spacer_region,131,,CAST
Q9P2N5|ensembl_protein_id=ENSP00000265271|entry=RBM27_HUMAN|source=pfam27|protein_name=RNA-binding,mRNA,,other,125,,CAST
Q9P2N5|ensembl_protein_id=ENSP00000265271|entry=RBM27_HUMAN|source=pfam27|protein_name=RNA-binding,mRNA,,sr_rs_repeat_region,102,,CAST
Q9P2P1|ensembl_protein_id=ENSP00000371994|entry=NYNRI_HUMAN|source=pfam27;pfam38|protein_name=Protein,unknown,,acidic_region,46,,CAST
Q9P2P1|ensembl_protein_id=ENSP00000371994|entry=NYNRI_HUMAN|source=pfam27;pfam38|protein_name=Protein,unknown,,disorder_rich_spacer_region,187,,CAST
Q9UBB9|ensembl_protein_id=ENSP00000384297|entry=TFP11_HUMAN|source=pfam27|protein_name=Tuftelin-interacting,mRNA,,acidic_region,102,,CAST
Q9UBB9|ensembl_protein_id=ENSP00000384297|entry=TFP11_HUMAN|source=pfam27|protein_name=Tuftelin-interacting,mRNA,,cation_pi_rich_neighborhood,58,,CAST
Q9UBC3|ensembl_protein_id=ENSP00000328547|entry=DNM3B_HUMAN|source=pfam27|protein_name=DNA,diverse,,cation_pi_rich_neighborhood,193,,CAST
Q9UBC3|ensembl_protein_id=ENSP00000328547|entry=DNM3B_HUMAN|source=pfam27|protein_name=DNA,diverse,,other,26,,CAST
Q9UBK2|ensembl_protein_id=ENSP00000264867|entry=PRGC1_HUMAN|source=pfam27|protein_name=Peroxisome,unknown,,sr_rs_repeat_region,641,,CAST
Q9UEG4|ensembl_protein_id=ENSP00000262525|entry=ZN629_HUMAN|source=pfam38|protein_name=Zinc,unknown,,acidic_region,54,,CAST
Q9UEG4|ensembl_protein_id=ENSP00000262525|entry=ZN629_HUMAN|source=pfam38|protein_name=Zinc,unknown,,other,34,,CAST
Q9UGY1|ensembl_protein_id=ENSP00000352021|entry=NOL12_HUMAN|source=pfam27|protein_name=Nucleolar,pre-rRNA,,mixed_charge_polyampholyte,62,,CAST
Q9UGY1|ensembl_protein_id=ENSP00000352021|entry=NOL12_HUMAN|source=pfam27|protein_name=Nucleolar,pre-rRNA,,other,77,,CAST
Q9UHB9|ensembl_protein_id=ENSP00000312066|entry=SRP68_HUMAN|source=pfam27|protein_name=Signal,ncRNA,,gs_rich_neutral_region,27,,CAST
Q9UHC7|ensembl_protein_id=ENSP00000416369|entry=MKRN1_HUMAN|source=pfam27|protein_name=E3,mRNA,,disorder_rich_spacer_region,40,,CAST
Q9UHC7|ensembl_protein_id=ENSP00000416369|entry=MKRN1_HUMAN|source=pfam27|protein_name=E3,mRNA,,gs_rich_neutral_region,15,,CAST
Q9UHI6|ensembl_protein_id=ENSP00000358716|entry=DDX20_HUMAN|source=pfam27|protein_name=Probable,snRNA,,aromatic_sticker_region,28,,CAST
Q9UHI6|ensembl_protein_id=ENSP00000358716|entry=DDX20_HUMAN|source=pfam27|protein_name=Probable,snRNA,,mixed_charge_polyampholyte,100,,CAST
Q9UHK0|ensembl_protein_id=ENSP00000368459|entry=NUFP1_HUMAN|source=pfam27|protein_name=FMR1-interacting,snoRNA,,basic_enriched_region,149,,CAST
Q9UHK0|ensembl_protein_id=ENSP00000368459|entry=NUFP1_HUMAN|source=pfam27|protein_name=FMR1-interacting,snoRNA,,cation_pi_rich_neighborhood,95,,CAST
Q9UHK0|ensembl_protein_id=ENSP00000368459|entry=NUFP1_HUMAN|source=pfam27|protein_name=FMR1-interacting,snoRNA,,disorder_rich_spacer_region,66,,CAST
Q9UHX1|ensembl_protein_id=ENSP00000431960|entry=PUF60_HUMAN|source=pfam27|protein_name=Poly(U)-binding-splicing,mRNA,,acidic_region,97,,CAST
Q9UHX1|ensembl_protein_id=ENSP00000431960|entry=PUF60_HUMAN|source=pfam27|protein_name=Poly(U)-binding-splicing,mRNA,,disorder_rich_spacer_region,74,,CAST
Q9UI10|ensembl_protein_id=ENSP00000394397|entry=EI2BD_HUMAN|source=pfam27|protein_name=Translation,mRNA,,basic_enriched_region,94,,CAST
Q9UIF8|ensembl_protein_id=ENSP00000376533|entry=BAZ2B_HUMAN|source=pfam27|protein_name=Bromodomain,ncRNA,,acidic_region,152,,CAST
Q9UIF8|ensembl_protein_id=ENSP00000376533|entry=BAZ2B_HUMAN|source=pfam27|protein_name=Bromodomain,ncRNA,,basic_enriched_region,84,,CAST
Q9UIF8|ensembl_protein_id=ENSP00000376533|entry=BAZ2B_HUMAN|source=pfam27|protein_name=Bromodomain,ncRNA,,cation_pi_rich_neighborhood,1000,,CAST
Q9UIF8|ensembl_protein_id=ENSP00000376533|entry=BAZ2B_HUMAN|source=pfam27|protein_name=Bromodomain,ncRNA,,other,228,,CAST
Q9UIF9|ensembl_protein_id=ENSP00000446880|entry=BAZ2A_HUMAN|source=pfam27|protein_name=Bromodomain,ncRNA,,acidic_region,36,,CAST
Q9UIF9|ensembl_protein_id=ENSP00000446880|entry=BAZ2A_HUMAN|source=pfam27|protein_name=Bromodomain,ncRNA,,basic_enriched_region,172,,CAST
Q9UIF9|ensembl_protein_id=ENSP00000446880|entry=BAZ2A_HUMAN|source=pfam27|protein_name=Bromodomain,ncRNA,,cation_pi_rich_neighborhood,262,,CAST
Q9UIF9|ensembl_protein_id=ENSP00000446880|entry=BAZ2A_HUMAN|source=pfam27|protein_name=Bromodomain,ncRNA,,gs_rich_neutral_region,524,,CAST
Q9UJA5|ensembl_protein_id=ENSP00000203001|entry=TRM6_HUMAN|source=pfam27|protein_name=tRNA,tRNA,,acidic_region,84,,CAST
Q9UJA5|ensembl_protein_id=ENSP00000203001|entry=TRM6_HUMAN|source=pfam27|protein_name=tRNA,tRNA,,cation_pi_rich_neighborhood,79,,CAST
Q9UJJ7|ensembl_protein_id=ENSP00000007264|entry=RUSD1_HUMAN|source=modomics|protein_name=Pseudouridylate,unknown,,disorder_rich_spacer_region,33,,CAST
Q9UJV8|ensembl_protein_id=ENSP00000345168|entry=PURG_HUMAN|source=pfam27|protein_name=Purine-rich,mRNA,,disorder_rich_spacer_region,17,,CAST
Q9UJV9|ensembl_protein_id=ENSP00000330349|entry=DDX41_HUMAN|source=pfam27|protein_name=Probable,mRNA,,cation_pi_rich_neighborhood,121,,CAST
Q9UK39|ensembl_protein_id=ENSP00000280614|entry=NOCT_HUMAN|source=pfam27|protein_name=Nocturnin,mRNA,,cation_pi_rich_neighborhood,53,,CAST
Q9UK59|ensembl_protein_id=ENSP00000260803|entry=DBR1_HUMAN|source=pfam27|protein_name=Lariat,mRNA,,acidic_region,158,,CAST
Q9UKA9|ensembl_protein_id=ENSP00000359217|entry=PTBP2_HUMAN|source=pfam27|protein_name=Polypyrimidine,mRNA,,disorder_rich_spacer_region,52,,CAST
Q9UKJ3|ensembl_protein_id=ENSP00000467556|entry=GPTC8_HUMAN|source=pfam27;pfam38|protein_name=G,unknown,,aromatic_sticker_region,54,,CAST
Q9UKJ3|ensembl_protein_id=ENSP00000467556|entry=GPTC8_HUMAN|source=pfam27;pfam38|protein_name=G,unknown,,mixed_charge_polyampholyte,150,,CAST
Q9UKJ3|ensembl_protein_id=ENSP00000467556|entry=GPTC8_HUMAN|source=pfam27;pfam38|protein_name=G,unknown,,sr_rs_repeat_region,1130,,CAST
Q9UKK3|ensembl_protein_id=ENSP00000371419|entry=PARP4_HUMAN|source=pfam27|protein_name=Protein,ncRNA,,aromatic_sticker_region,248,,CAST
Q9UKM9|ensembl_protein_id=ENSP00000246194|entry=RALY_HUMAN|source=rbpdb|protein_name=RNA-binding,mRNA,,gs_rich_neutral_region,33,,CAST
Q9UKV3|ensembl_protein_id=ENSP00000262710|entry=ACINU_HUMAN|source=pfam27|protein_name=Apoptotic,mRNA,,sr_rs_repeat_region,1213,,CAST
Q9UKV8|ensembl_protein_id=ENSP00000220592|entry=AGO2_HUMAN|source=pfam27|protein_name=Protein,ncRNA,,aromatic_sticker_region,23,,CAST
Q9UKZ1|ensembl_protein_id=ENSP00000289382|entry=CNO11_HUMAN|source=pfam27|protein_name=CCR4-NOT,mRNA,,disorder_rich_spacer_region,26,,CAST
Q9UKZ1|ensembl_protein_id=ENSP00000289382|entry=CNO11_HUMAN|source=pfam27|protein_name=CCR4-NOT,mRNA,,gs_rich_neutral_region,57,,CAST
Q9ULG1|ensembl_protein_id=ENSP00000497609|entry=INO80_HUMAN|source=pfam38|protein_name=Chromatin-remodeling,unknown,,basic_enriched_region,268,,CAST
Q9ULG1|ensembl_protein_id=ENSP00000497609|entry=INO80_HUMAN|source=pfam38|protein_name=Chromatin-remodeling,unknown,,cation_pi_rich_neighborhood,276,,CAST
Q9ULR0|ensembl_protein_id=ENSP00000376973|entry=ISY1_HUMAN|source=pfam27|protein_name=Pre-mRNA-splicing,mRNA,,acidic_region,105,,CAST
Q9ULR5|ensembl_protein_id=ENSP00000244221|entry=PAI2B_HUMAN|source=pfam27|protein_name=Polyadenylate-binding,mRNA,,acidic_region,58,,CAST
Q9ULW3|ensembl_protein_id=ENSP00000274849|entry=ABT1_HUMAN|source=pfam27|protein_name=Activator,mRNA,,acidic_region,33,,CAST
Q9ULX3|ensembl_protein_id=ENSP00000268802|entry=NOB1_HUMAN|source=pfam27|protein_name=RNA-binding,pre-rRNA,,acidic_region,37,,CAST
Q9ULX6|ensembl_protein_id=ENSP00000470952|entry=AKP8L_HUMAN|source=pfam27|protein_name=A-kinase,mRNA,,acidic_region,68,,CAST
Q9ULX6|ensembl_protein_id=ENSP00000470952|entry=AKP8L_HUMAN|source=pfam27|protein_name=A-kinase,mRNA,,aromatic_sticker_region,86,,CAST
Q9ULX6|ensembl_protein_id=ENSP00000470952|entry=AKP8L_HUMAN|source=pfam27|protein_name=A-kinase,mRNA,,disorder_rich_spacer_region,113,,CAST
Q9UMY1|ensembl_protein_id=ENSP00000405674|entry=UTP16_HUMAN|source=pfam27|protein_name=U3,unknown,,basic_enriched_region,178,,CAST
Q9UMY1|ensembl_protein_id=ENSP00000405674|entry=UTP16_HUMAN|source=pfam27|protein_name=U3,unknown,,cation_pi_rich_neighborhood,156,,CAST
Q9UN86|ensembl_protein_id=ENSP00000352738|entry=G3BP2_HUMAN|source=pfam27;pfam38|protein_name=Ras,mRNA,,acidic_region,92,,CAST
Q9UN86|ensembl_protein_id=ENSP00000352738|entry=G3BP2_HUMAN|source=pfam27;pfam38|protein_name=Ras,mRNA,,cation_pi_rich_neighborhood,82,,CAST
Q9UN86|ensembl_protein_id=ENSP00000352738|entry=G3BP2_HUMAN|source=pfam27;pfam38|protein_name=Ras,mRNA,,disorder_rich_spacer_region,53,,CAST
Q9UNP9|ensembl_protein_id=ENSP00000361918|entry=PPIE_HUMAN|source=pfam27|protein_name=Peptidyl-prolyl,mRNA,,acidic_region,20,,CAST
Q9UNW9|ensembl_protein_id=ENSP00000263257|entry=NOVA2_HUMAN|source=pfam27|protein_name=RNA-binding,mRNA,,disorder_rich_spacer_region,191,,CAST
Q9UNX3|ensembl_protein_id=ENSP00000265100|entry=RL26L_HUMAN|source=pfam27;pfam38|protein_name=Ribosomal,ribosomal protein,,basic_enriched_region,135,,CAST
Q9UNX4|ensembl_protein_id=ENSP00000308179|entry=WDR3_HUMAN|source=pfam27|protein_name=WD,snoRNA,,acidic_region,67,,CAST
Q9UNX4|ensembl_protein_id=ENSP00000308179|entry=WDR3_HUMAN|source=pfam27|protein_name=WD,snoRNA,,basic_enriched_region,30,,CAST
Q9UNY4|ensembl_protein_id=ENSP00000358478|entry=TTF2_HUMAN|source=pfam27|protein_name=Transcription,mRNA,,mixed_charge_polyampholyte,113,,CAST
Q9UPN6|ensembl_protein_id=ENSP00000356154|entry=SCAF8_HUMAN|source=pfam27|protein_name=SR-related,mRNA,,cation_pi_rich_neighborhood,164,,CAST
Q9UPN6|ensembl_protein_id=ENSP00000356154|entry=SCAF8_HUMAN|source=pfam27|protein_name=SR-related,mRNA,,other,89,,CAST
Q9UPN6|ensembl_protein_id=ENSP00000356154|entry=SCAF8_HUMAN|source=pfam27|protein_name=SR-related,mRNA,,sr_rs_repeat_region,270,,CAST
Q9UPQ9|ensembl_protein_id=ENSP00000384795|entry=TNR6B_HUMAN|source=pfam27|protein_name=Trinucleotide,mRNA,,disorder_rich_spacer_region,43,,CAST
Q9UPQ9|ensembl_protein_id=ENSP00000384795|entry=TNR6B_HUMAN|source=pfam27|protein_name=Trinucleotide,mRNA,,gs_rich_neutral_region,1674,,CAST
Q9UPR3|ensembl_protein_id=ENSP00000355261|entry=SMG5_HUMAN|source=pfam27|protein_name=Nonsense-mediated,mRNA,,acidic_region,133,,CAST
Q9UPR3|ensembl_protein_id=ENSP00000355261|entry=SMG5_HUMAN|source=pfam27|protein_name=Nonsense-mediated,mRNA,,disorder_rich_spacer_region,54,,CAST
Q9UPR3|ensembl_protein_id=ENSP00000355261|entry=SMG5_HUMAN|source=pfam27|protein_name=Nonsense-mediated,mRNA,,gs_rich_neutral_region,173,,CAST
Q9UPR6|ensembl_protein_id=ENSP00000262961|entry=ZFR2_HUMAN|source=pfam27|protein_name=Zinc,unknown,,aromatic_sticker_region,215,,CAST
Q9UPR6|ensembl_protein_id=ENSP00000262961|entry=ZFR2_HUMAN|source=pfam27|protein_name=Zinc,unknown,,disorder_rich_spacer_region,36,,CAST
Q9UPR6|ensembl_protein_id=ENSP00000262961|entry=ZFR2_HUMAN|source=pfam27|protein_name=Zinc,unknown,,other,58,,CAST
Q9UPS6|ensembl_protein_id=ENSP00000442924|entry=SET1B_HUMAN|source=pfam27|protein_name=Histone-lysine,ncRNA,,acidic_region,348,,CAST
Q9UPS6|ensembl_protein_id=ENSP00000442924|entry=SET1B_HUMAN|source=pfam27|protein_name=Histone-lysine,ncRNA,,cation_pi_rich_neighborhood,385,,CAST
Q9UPS6|ensembl_protein_id=ENSP00000442924|entry=SET1B_HUMAN|source=pfam27|protein_name=Histone-lysine,ncRNA,,gs_rich_neutral_region,769,,CAST
Q9UPT8|ensembl_protein_id=ENSP00000253048|entry=ZC3H4_HUMAN|source=rbpdb|protein_name=Zinc,unknown,,acidic_region,39,,CAST
Q9UPT8|ensembl_protein_id=ENSP00000253048|entry=ZC3H4_HUMAN|source=rbpdb|protein_name=Zinc,unknown,,cation_pi_rich_neighborhood,185,,CAST
Q9UPT8|ensembl_protein_id=ENSP00000253048|entry=ZC3H4_HUMAN|source=rbpdb|protein_name=Zinc,unknown,,disorder_rich_spacer_region,37,,CAST
Q9UPT8|ensembl_protein_id=ENSP00000253048|entry=ZC3H4_HUMAN|source=rbpdb|protein_name=Zinc,unknown,,gs_rich_neutral_region,499,,CAST
Q9UPT8|ensembl_protein_id=ENSP00000253048|entry=ZC3H4_HUMAN|source=rbpdb|protein_name=Zinc,unknown,,other,412,,CAST
Q9UPU9|ensembl_protein_id=ENSP00000375919|entry=SMAG1_HUMAN|source=pfam27|protein_name=Protein,mRNA,,gs_rich_neutral_region,171,,CAST
Q9UPY3|ensembl_protein_id=ENSP00000343745|entry=DICER_HUMAN|source=pfam38|protein_name=Endoribonuclease,ncRNA,,acidic_region,129,,CAST
Q9UPY3|ensembl_protein_id=ENSP00000343745|entry=DICER_HUMAN|source=pfam38|protein_name=Endoribonuclease,ncRNA,,aromatic_sticker_region,191,,CAST
Q9UQ35|ensembl_protein_id=ENSP00000301740|entry=SRRM2_HUMAN|source=rbpdb|protein_name=Serine/arginine,mRNA,,cation_pi_rich_neighborhood,103,,CAST
Q9UQ35|ensembl_protein_id=ENSP00000301740|entry=SRRM2_HUMAN|source=rbpdb|protein_name=Serine/arginine,mRNA,,other,2610,,CAST
Q9UQ80|ensembl_protein_id=ENSP00000302886|entry=PA2G4_HUMAN|source=pfam27|protein_name=Proliferation-associated,pre-rRNA,,basic_enriched_region,33,,CAST
Q9UQ84|ensembl_protein_id=ENSP00000355506|entry=EXO1_HUMAN|source=pfam27|protein_name=Exonuclease,diverse,,cation_pi_rich_neighborhood,431,,CAST
Q9Y237|ensembl_protein_id=ENSP00000362773|entry=PIN4_HUMAN|source=pfam27|protein_name=Peptidyl-prolyl,pre-rRNA,,gs_rich_neutral_region,33,,CAST
Q9Y291|ensembl_protein_id=ENSP00000376732|entry=RT33_HUMAN|source=pfam27|protein_name=Small,ribosomal protein,,other,26,,CAST
Q9Y295|ensembl_protein_id=ENSP00000329715|entry=DRG1_HUMAN|source=pfam27|protein_name=Developmentally-regulated,mRNA,,disorder_rich_spacer_region,10,,CAST
Q9Y2L1|ensembl_protein_id=ENSP00000367011|entry=RRP44_HUMAN|source=pfam27|protein_name=Exosome,diverse,,acidic_region,18,,CAST
Q9Y2R4|ensembl_protein_id=ENSP00000480030|entry=DDX52_HUMAN|source=pfam38|protein_name=Probable,pre-rRNA,,basic_enriched_region,140,,CAST
Q9Y2T7|ensembl_protein_id=ENSP00000007699|entry=YBOX2_HUMAN|source=pfam27|protein_name=Y-box-binding,mRNA,,cation_pi_rich_neighborhood,168,,CAST
Q9Y2T7|ensembl_protein_id=ENSP00000007699|entry=YBOX2_HUMAN|source=pfam27|protein_name=Y-box-binding,mRNA,,disorder_rich_spacer_region,80,,CAST
Q9Y2U8|ensembl_protein_id=ENSP00000308369|entry=MAN1_HUMAN|source=rbpdb|protein_name=Inner,snRNA,,cation_pi_rich_neighborhood,380,,CAST
Q9Y2V2|ensembl_protein_id=ENSP00000455855|entry=CHSP1_HUMAN|source=pfam27|protein_name=Calcium-regulated,mRNA,,disorder_rich_spacer_region,8,,CAST
Q9Y2W1|ensembl_protein_id=ENSP00000433825|entry=TR150_HUMAN|source=pfam27|protein_name=Thyroid,mRNA,,acidic_region,26,,CAST
Q9Y2W1|ensembl_protein_id=ENSP00000433825|entry=TR150_HUMAN|source=pfam27|protein_name=Thyroid,mRNA,,mixed_charge_polyampholyte,25,,CAST
Q9Y2W1|ensembl_protein_id=ENSP00000433825|entry=TR150_HUMAN|source=pfam27|protein_name=Thyroid,mRNA,,other,858,,CAST
Q9Y2X3|ensembl_protein_id=ENSP00000264279|entry=NOP58_HUMAN|source=pfam27|protein_name=Nucleolar,snoRNA,,cation_pi_rich_neighborhood,143,,CAST
Q9Y388|ensembl_protein_id=ENSP00000339090|entry=RBMX2_HUMAN|source=pfam27;pfam38|protein_name=RNA-binding,mRNA,,sr_rs_repeat_region,204,,CAST
Q9Y3A2|ensembl_protein_id=ENSP00000362105|entry=UTP11_HUMAN|source=pfam27|protein_name=Probable,snoRNA,,basic_enriched_region,248,,CAST
Q9Y3A4|ensembl_protein_id=ENSP00000321449|entry=RRP7A_HUMAN|source=pfam27|protein_name=Ribosomal,pre-rRNA,,acidic_region,24,,CAST
Q9Y3A4|ensembl_protein_id=ENSP00000321449|entry=RRP7A_HUMAN|source=pfam27|protein_name=Ribosomal,pre-rRNA,,other,71,,CAST
Q9Y3B9|ensembl_protein_id=ENSP00000355899|entry=RRP15_HUMAN|source=pfam27|protein_name=RRP15-like,pre-rRNA,,acidic_region,50,,CAST
Q9Y3B9|ensembl_protein_id=ENSP00000355899|entry=RRP15_HUMAN|source=pfam27|protein_name=RRP15-like,pre-rRNA,,basic_enriched_region,145,,CAST
Q9Y3T9|ensembl_protein_id=ENSP00000317992|entry=NOC2L_HUMAN|source=pfam27|protein_name=Nucleolar,pre-rRNA,,acidic_region,235,,CAST
Q9Y3Y2|ensembl_protein_id=ENSP00000357683|entry=CHTOP_HUMAN|source=pfam27|protein_name=Chromatin,mRNA,,disorder_rich_spacer_region,41,,CAST
Q9Y3Y2|ensembl_protein_id=ENSP00000357683|entry=CHTOP_HUMAN|source=pfam27|protein_name=Chromatin,mRNA,,other,52,,CAST
Q9Y4B4|ensembl_protein_id=ENSP00000386520|entry=ARIP4_HUMAN|source=pfam38|protein_name=Helicase,unknown,,acidic_region,229,,CAST
Q9Y4B4|ensembl_protein_id=ENSP00000386520|entry=ARIP4_HUMAN|source=pfam38|protein_name=Helicase,unknown,,cation_pi_rich_neighborhood,81,,CAST
Q9Y4C8|ensembl_protein_id=ENSP00000442053|entry=RBM19_HUMAN|source=pfam27|protein_name=Probable,pre-rRNA,,acidic_region,59,,CAST
Q9Y4C8|ensembl_protein_id=ENSP00000442053|entry=RBM19_HUMAN|source=pfam27|protein_name=Probable,pre-rRNA,,cation_pi_rich_neighborhood,205,,CAST
Q9Y4F3|ensembl_protein_id=ENSP00000379654|entry=MARF1_HUMAN|source=pfam27|protein_name=Meiosis,ncRNA,,cation_pi_rich_neighborhood,192,,CAST
Q9Y4F3|ensembl_protein_id=ENSP00000379654|entry=MARF1_HUMAN|source=pfam27|protein_name=Meiosis,ncRNA,,gs_rich_neutral_region,9,,CAST
Q9Y4Z0|ensembl_protein_id=ENSP00000469468|entry=LSM4_HUMAN|source=pfam27|protein_name=U6,snRNA,,other,40,,CAST
Q9Y580|ensembl_protein_id=ENSP00000439918|entry=RBM7_HUMAN|source=rbpdb|protein_name=RNA-binding,mRNA,,aromatic_sticker_region,119,,CAST
Q9Y5A9|ensembl_protein_id=ENSP00000444660|entry=YTHD2_HUMAN|source=pfam27|protein_name=YTH,mRNA,,disorder_rich_spacer_region,38,,CAST
Q9Y5A9|ensembl_protein_id=ENSP00000444660|entry=YTHD2_HUMAN|source=pfam27|protein_name=YTH,mRNA,,gs_rich_neutral_region,262,,CAST
Q9Y5J1|ensembl_protein_id=ENSP00000225298|entry=UTP18_HUMAN|source=pfam27|protein_name=U3,snoRNA,,acidic_region,150,,CAST
Q9Y5J1|ensembl_protein_id=ENSP00000225298|entry=UTP18_HUMAN|source=pfam27|protein_name=U3,snoRNA,,disorder_rich_spacer_region,36,,CAST
R4GNH1|ensembl_protein_id=ENSP00000473648|entry=R4GNH1_HUMAN|source=pfam38|protein_name=Golgin,unknown,,mixed_charge_polyampholyte,160,,CAST
S4R469|ensembl_protein_id=ENSP00000486468|entry=S4R469_HUMAN|source=pfam38|protein_name=RNA,mRNA,,disorder_rich_spacer_region,47,,CAST
X6R7H2|ensembl_protein_id=ENSP00000359029|entry=X6R7H2_HUMAN|source=pfam27|protein_name=Peroxisome,mRNA,,sr_rs_repeat_region,196,,CAST
X6RDA4|ensembl_protein_id=ENSP00000393069|entry=X6RDA4_HUMAN|source=pfam27|protein_name=Paraspeckle,ncRNA,,disorder_rich_spacer_region,35,,CAST
X6RJY0|ensembl_protein_id=ENSP00000413187|entry=X6RJY0_HUMAN|source=pfam27|protein_name=UTP14A,snoRNA,,mixed_charge_polyampholyte,308,,CAST
