uniprot_accession,rna_class,uniprot_length,signature_for_fraction,signature_residues,property_fraction,method
A0A024R214,mRNA,626.0,aromatic_sticker_region,228,0.36421725239616615,AlcoR
A0A024R214,mRNA,626.0,cation_pi_rich_neighborhood,82,0.13099041533546327,AlcoR
A0A024R214,mRNA,626.0,disorder_rich_spacer_region,12,0.019169329073482427,AlcoR
A0A024R214,mRNA,626.0,other,12,0.019169329073482427,AlcoR
A0A024R214,mRNA,626.0,unmapped_physicochemical_properties,23,0.036741214057507986,AlcoR
A0A024RCN4,unknown,479.0,aromatic_sticker_region,20,0.04175365344467641,AlcoR
A0A024RCN4,unknown,479.0,other,11,0.022964509394572025,AlcoR
A0A087WUV0,unknown,522.0,aromatic_sticker_region,66,0.12643678160919541,AlcoR
A0A087WUV0,unknown,522.0,cation_pi_rich_neighborhood,14,0.02681992337164751,AlcoR
A0A087WUV0,unknown,522.0,mixed_charge_polyampholyte,13,0.02490421455938697,AlcoR
A0A087WXN2,mRNA,151.0,disorder_rich_spacer_region,44,0.2913907284768212,AlcoR
A0A087WZ13,unknown,739.0,aromatic_sticker_region,112,0.15155615696887687,AlcoR
A0A087WZ13,unknown,739.0,cation_pi_rich_neighborhood,252,0.34100135317997293,AlcoR
A0A087WZ13,unknown,739.0,mixed_charge_polyampholyte,93,0.12584573748308525,AlcoR
A0A087X0J2,diverse,248.0,aromatic_sticker_region,248,1.0,AlcoR
A0A0A0MQW0,mRNA,576.0,cation_pi_rich_neighborhood,366,0.6354166666666666,AlcoR
A0A0A0MQZ6,pre-rRNA,189.0,other,189,1.0,AlcoR
A0A0A0MRM9,snoRNA,708.0,acidic_region,15,0.0211864406779661,AlcoR
A0A0A0MRM9,snoRNA,708.0,disorder_rich_spacer_region,55,0.07768361581920905,AlcoR
A0A0A0MRZ1,unknown,733.0,disorder_rich_spacer_region,24,0.03274215552523874,AlcoR
A0A0A0MSN9,mRNA,333.0,disorder_rich_spacer_region,19,0.057057057057057055,AlcoR
A0A0A0MSN9,mRNA,333.0,other,85,0.2552552552552553,AlcoR
A0A0A0MSN9,mRNA,333.0,unmapped_physicochemical_properties,16,0.04804804804804805,AlcoR
A0A0A0MSS9,mRNA,486.0,aromatic_sticker_region,22,0.04526748971193416,AlcoR
A0A0A0MSV7,mRNA,84.0,aromatic_sticker_region,73,0.8690476190476191,AlcoR
A0A0B4J254,snRNA,67.0,aromatic_sticker_region,67,1.0,AlcoR
A0A0C4DG89,snRNA,1032.0,other,132,0.12790697674418605,AlcoR
A0A0C4DGG8,mRNA,1043.0,acidic_region,129,0.1236816874400767,AlcoR
A0A0C4DGG8,mRNA,1043.0,aromatic_sticker_region,73,0.06999041227229147,AlcoR
A0A0C4DGG8,mRNA,1043.0,cation_pi_rich_neighborhood,295,0.2828379674017258,AlcoR
A0A0C4DGG8,mRNA,1043.0,hydrophobic_region,28,0.026845637583892617,AlcoR
A0A0D9SF53,unknown,733.0,aromatic_sticker_region,252,0.34379263301500684,AlcoR
A0A0D9SF53,unknown,733.0,other,411,0.5607094133697135,AlcoR
A0A0D9SFM0,unknown,1687.0,aromatic_sticker_region,1263,0.7486662714878483,AlcoR
A0A0D9SFM0,unknown,1687.0,cation_pi_rich_neighborhood,112,0.06639004149377593,AlcoR
A0A0G2JKY3,tRNA,1061.0,aromatic_sticker_region,1061,1.0,AlcoR
A0A140T8Y2,pre-rRNA,407.0,aromatic_sticker_region,19,0.04668304668304668,AlcoR
A0A140TA76,mRNA,344.0,other,300,0.872093023255814,AlcoR
A0A1W2PPH5,unknown,198.0,mixed_charge_polyampholyte,198,1.0,AlcoR
A0A286YFD1,unknown,2093.0,aromatic_sticker_region,1948,0.9307214524605829,AlcoR
A0A2R8Y4L2,mRNA,320.0,other,317,0.990625,AlcoR
A0A2R8Y6W8,unknown,807.0,aromatic_sticker_region,133,0.16480793060718713,AlcoR
A0A2U3TZN1,mRNA,101.0,arginine_rich_rna_contact_region,14,0.13861386138613863,AlcoR
A0A2U3TZN1,mRNA,101.0,unmapped_physicochemical_properties,14,0.13861386138613863,AlcoR
A0A384DVK4,unknown,778.0,aromatic_sticker_region,167,0.21465295629820053,AlcoR
A0A384DVK4,unknown,778.0,cation_pi_rich_neighborhood,85,0.10925449871465295,AlcoR
A0A494C0I1,unknown,1111.0,aromatic_sticker_region,327,0.29432943294329433,AlcoR
A0A494C1N8,unknown,1116.0,arginine_rich_rna_contact_region,22,0.01971326164874552,AlcoR
A0A494C1N8,unknown,1116.0,aromatic_sticker_region,462,0.41397849462365593,AlcoR
A0A494C1N8,unknown,1116.0,cation_pi_rich_neighborhood,155,0.1388888888888889,AlcoR
A0A494C1N8,unknown,1116.0,mixed_charge_polyampholyte,127,0.11379928315412187,AlcoR
A0A494C1N8,unknown,1116.0,unmapped_physicochemical_properties,20,0.017921146953405017,AlcoR
A0A499FI31,snRNA,981.0,aromatic_sticker_region,323,0.3292558613659531,AlcoR
A0A499FIA3,unknown,238.0,disorder_rich_spacer_region,25,0.10504201680672269,AlcoR
A0A590UJW6,unknown,1086.0,aromatic_sticker_region,376,0.3462246777163904,AlcoR
A0A590UJW6,unknown,1086.0,disorder_rich_spacer_region,17,0.01565377532228361,AlcoR
A0A590UJW6,unknown,1086.0,other,186,0.1712707182320442,AlcoR
A0A590UJW6,unknown,1086.0,unmapped_physicochemical_properties,23,0.02117863720073665,AlcoR
A0A5F9ZHS7,unknown,289.0,cation_pi_rich_neighborhood,289,1.0,AlcoR
A0A5H1ZRQ2,mRNA,731.0,arginine_rich_rna_contact_region,34,0.046511627906976744,AlcoR
A0A5H1ZRQ2,mRNA,731.0,aromatic_sticker_region,74,0.1012311901504788,AlcoR
A0A5K1VW79,mRNA,999.0,aromatic_sticker_region,369,0.36936936936936937,AlcoR
A0A7I2V5M7,unknown,476.0,other,476,1.0,AlcoR
A0A7I2XXS4,tRNA,543.0,cation_pi_rich_neighborhood,70,0.1289134438305709,AlcoR
A0A7I2XXS4,tRNA,543.0,mixed_charge_polyampholyte,5,0.009208103130755065,AlcoR
A0A7N4I394,snRNA,994.0,aromatic_sticker_region,106,0.10663983903420524,AlcoR
A0A7N4I394,snRNA,994.0,cation_pi_rich_neighborhood,187,0.1881287726358149,AlcoR
A0A7N4I394,snRNA,994.0,mixed_charge_polyampholyte,388,0.3903420523138833,AlcoR
A0A804HKV4,mRNA,723.0,aromatic_sticker_region,713,0.9861687413554634,AlcoR
A0A8I5KSH6,unknown,925.0,mixed_charge_polyampholyte,58,0.0627027027027027,AlcoR
A0A8I5KSH6,unknown,925.0,unmapped_physicochemical_properties,26,0.02810810810810811,AlcoR
A0A8I5KVU2,mRNA,1735.0,aromatic_sticker_region,76,0.04380403458213256,AlcoR
A0A8I5KVU2,mRNA,1735.0,cation_pi_rich_neighborhood,683,0.3936599423631124,AlcoR
A0A8I5KX04,mRNA,1686.0,acidic_region,20,0.011862396204033215,AlcoR
A0A8Q3WL03,unknown,351.0,aromatic_sticker_region,321,0.9145299145299145,AlcoR
A0A8V8TR54,unknown,2114.0,aromatic_sticker_region,201,0.09508041627246926,AlcoR
A0A8V8TR54,unknown,2114.0,cation_pi_rich_neighborhood,424,0.20056764427625354,AlcoR
A0A8V8TR54,unknown,2114.0,unmapped_physicochemical_properties,65,0.03074739829706717,AlcoR
A0A994J6B2,unknown,331.0,aromatic_sticker_region,247,0.7462235649546828,AlcoR
A0A994J6B2,unknown,331.0,cation_pi_rich_neighborhood,68,0.2054380664652568,AlcoR
A0A994J7T5,mRNA,750.0,aromatic_sticker_region,694,0.9253333333333333,AlcoR
A0A994J7T5,mRNA,750.0,mixed_charge_polyampholyte,45,0.06,AlcoR
A0AA34QW03,mRNA,678.0,aromatic_sticker_region,197,0.29056047197640117,AlcoR
A0AA34QW03,mRNA,678.0,cation_pi_rich_neighborhood,54,0.07964601769911504,AlcoR
A0AA34QW03,mRNA,678.0,other,360,0.5309734513274337,AlcoR
A0ABB0MN55,mRNA,322.0,other,322,1.0,AlcoR
A0ABB0MV08,mRNA,369.0,mixed_charge_polyampholyte,182,0.4932249322493225,AlcoR
A0ABB0MV08,mRNA,369.0,other,17,0.04607046070460705,AlcoR
A0ABB0MVJ3,unknown,604.0,aromatic_sticker_region,288,0.4768211920529801,AlcoR
A0ACI8P9Y7,unknown,1707.0,aromatic_sticker_region,549,0.3216168717047452,AlcoR
A0ACI8PHD2,unknown,261.0,other,261,1.0,AlcoR
A0ACI8PIT5,unknown,456.0,aromatic_sticker_region,122,0.2675438596491228,AlcoR
A0ACI8PJP7,mRNA,596.0,acidic_region,18,0.030201342281879196,AlcoR
A0ACI8PJP7,mRNA,596.0,aromatic_sticker_region,106,0.17785234899328858,AlcoR
A0ACI8PJP7,mRNA,596.0,cation_pi_rich_neighborhood,221,0.37080536912751677,AlcoR
A0ACI8PJP7,mRNA,596.0,other,121,0.20302013422818793,AlcoR
A0ACI8PJP7,mRNA,596.0,unmapped_physicochemical_properties,31,0.05201342281879195,AlcoR
A0ACI8PR05,unknown,399.0,aromatic_sticker_region,44,0.11027568922305764,AlcoR
A0ACI8PR05,unknown,399.0,cation_pi_rich_neighborhood,273,0.6842105263157895,AlcoR
A0ACI8PR05,unknown,399.0,unmapped_physicochemical_properties,41,0.10275689223057644,AlcoR
A0ACI8PT71,unknown,1306.0,cation_pi_rich_neighborhood,937,0.7174578866768759,AlcoR
A0ACI8PT71,unknown,1306.0,mixed_charge_polyampholyte,344,0.26339969372128635,AlcoR
A0ACI8PUZ8,unknown,1375.0,acidic_region,10,0.007272727272727273,AlcoR
A0ACI8PUZ8,unknown,1375.0,aromatic_sticker_region,708,0.5149090909090909,AlcoR
A0ACI8PUZ8,unknown,1375.0,cation_pi_rich_neighborhood,128,0.09309090909090909,AlcoR
A0ACI8PUZ8,unknown,1375.0,mixed_charge_polyampholyte,418,0.304,AlcoR
A0ACI8PUZ8,unknown,1375.0,other,8,0.005818181818181818,AlcoR
A0ACI8PVP6,unknown,744.0,acidic_region,7,0.009408602150537635,AlcoR
A0ACI8PX57,unknown,378.0,mixed_charge_polyampholyte,210,0.5555555555555556,AlcoR
A0ACI8PX57,unknown,378.0,other,157,0.41534391534391535,AlcoR
A0ACI8Q010,unknown,418.0,aromatic_sticker_region,356,0.8516746411483254,AlcoR
A0ACI8Q010,unknown,418.0,cation_pi_rich_neighborhood,41,0.09808612440191387,AlcoR
A0ACI8Q0P4,unknown,829.0,aromatic_sticker_region,785,0.9469240048250904,AlcoR
A0ACI8Q0P4,unknown,829.0,cation_pi_rich_neighborhood,38,0.045838359469240045,AlcoR
A0ACI8QA17,unknown,371.0,aromatic_sticker_region,298,0.8032345013477089,AlcoR
A0ACI8QA17,unknown,371.0,cation_pi_rich_neighborhood,72,0.1940700808625337,AlcoR
A0ACI8QBP4,unknown,358.0,aromatic_sticker_region,358,1.0,AlcoR
A0ACI8QGH0,unknown,324.0,aromatic_sticker_region,317,0.9783950617283951,AlcoR
A0ACI8QH16,tRNA,558.0,acidic_region,43,0.07706093189964158,AlcoR
A0ACI8QH16,tRNA,558.0,aromatic_sticker_region,479,0.8584229390681004,AlcoR
A0ACI8QHW6,unknown,749.0,acidic_region,29,0.03871829105473965,AlcoR
A0ACI8QHW6,unknown,749.0,cation_pi_rich_neighborhood,360,0.48064085447263016,AlcoR
A0ACI8QLY8,unknown,321.0,mixed_charge_polyampholyte,207,0.6448598130841121,AlcoR
A0ACI8QLY8,unknown,321.0,other,95,0.29595015576323985,AlcoR
A0ACI8QNN6,unknown,701.0,acidic_region,32,0.0456490727532097,AlcoR
A0ACI8QNN6,unknown,701.0,unmapped_physicochemical_properties,13,0.018544935805991442,AlcoR
A0ACI8QTQ5,diverse,1388.0,aromatic_sticker_region,75,0.05403458213256484,AlcoR
A0ACI8QTQ5,diverse,1388.0,hydrophobic_region,13,0.009365994236311239,AlcoR
A0ACI8QTQ5,diverse,1388.0,unmapped_physicochemical_properties,13,0.009365994236311239,AlcoR
A0ACI8QU73,unknown,864.0,aromatic_sticker_region,203,0.2349537037037037,AlcoR
A0ACI8QU73,unknown,864.0,disorder_rich_spacer_region,60,0.06944444444444445,AlcoR
A0ACI8QU73,unknown,864.0,mixed_charge_polyampholyte,569,0.6585648148148148,AlcoR
A0ACI8QUJ1,unknown,752.0,aromatic_sticker_region,682,0.9069148936170213,AlcoR
A0ACI8QV99,unknown,461.0,acidic_region,19,0.04121475054229935,AlcoR
A0ACI8QV99,unknown,461.0,aromatic_sticker_region,40,0.08676789587852494,AlcoR
A0ACI8QV99,unknown,461.0,hydrophobic_region,4,0.008676789587852495,AlcoR
A0ACI8QV99,unknown,461.0,other,11,0.02386117136659436,AlcoR
A0ACI8QV99,unknown,461.0,unmapped_physicochemical_properties,19,0.04121475054229935,AlcoR
A0ACI8QY88,mRNA,715.0,aromatic_sticker_region,649,0.9076923076923077,AlcoR
A0ACI8R3H8,unknown,616.0,aromatic_sticker_region,388,0.6298701298701299,AlcoR
A0ACI8R3H8,unknown,616.0,other,191,0.31006493506493504,AlcoR
A0ACI8R7A3,unknown,356.0,aromatic_sticker_region,349,0.9803370786516854,AlcoR
A0ACI8R7Y8,unknown,131.0,aromatic_sticker_region,131,1.0,AlcoR
A0ACI8RCQ9,unknown,534.0,acidic_region,22,0.04119850187265917,AlcoR
A0ACI8RCQ9,unknown,534.0,aromatic_sticker_region,43,0.08052434456928839,AlcoR
A0ACI8RCQ9,unknown,534.0,disorder_rich_spacer_region,15,0.028089887640449437,AlcoR
A0ACI8RCQ9,unknown,534.0,hydrophobic_region,14,0.026217228464419477,AlcoR
A0ACI8RCQ9,unknown,534.0,mixed_charge_polyampholyte,60,0.11235955056179775,AlcoR
A0ACI8RHW9,unknown,182.0,aromatic_sticker_region,19,0.1043956043956044,AlcoR
A0ACI8RHW9,unknown,182.0,mixed_charge_polyampholyte,4,0.02197802197802198,AlcoR
A0ACI8RI26,unknown,764.0,acidic_region,212,0.2774869109947644,AlcoR
A0ACI8RI26,unknown,764.0,arginine_rich_rna_contact_region,19,0.024869109947643978,AlcoR
A0ACI8RI26,unknown,764.0,aromatic_sticker_region,23,0.030104712041884817,AlcoR
A0ACI8RL22,unknown,1967.0,arginine_rich_rna_contact_region,4,0.0020335536349771225,AlcoR
A0ACI8RL22,unknown,1967.0,aromatic_sticker_region,1348,0.6853075749872903,AlcoR
A0ACI8RL22,unknown,1967.0,unmapped_physicochemical_properties,12,0.006100660904931368,AlcoR
A0ACI8RLL6,unknown,729.0,aromatic_sticker_region,671,0.9204389574759945,AlcoR
A0ACI8RMB5,unknown,1003.0,aromatic_sticker_region,53,0.05284147557328016,AlcoR
A0ACI8RMB5,unknown,1003.0,cation_pi_rich_neighborhood,147,0.1465603190428714,AlcoR
A0ACI8RR28,unknown,918.0,aromatic_sticker_region,240,0.26143790849673204,AlcoR
A0ACI8RR28,unknown,918.0,cation_pi_rich_neighborhood,77,0.08387799564270153,AlcoR
A0ACI8RR28,unknown,918.0,disorder_rich_spacer_region,13,0.014161220043572984,AlcoR
A0ACI8RR28,unknown,918.0,mixed_charge_polyampholyte,220,0.23965141612200436,AlcoR
A0ACI8RR28,unknown,918.0,other,251,0.27342047930283225,AlcoR
A0ACI8RSP0,ribosomal protein,320.0,other,320,1.0,AlcoR
A0ACI8RTZ8,unknown,489.0,cation_pi_rich_neighborhood,14,0.028629856850715747,AlcoR
A0ACI8RWF6,unknown,608.0,aromatic_sticker_region,576,0.9473684210526315,AlcoR
A0ACI8RX58,unknown,750.0,acidic_region,89,0.11866666666666667,AlcoR
A0ACI8RX58,unknown,750.0,aromatic_sticker_region,38,0.050666666666666665,AlcoR
A0ACI8RX58,unknown,750.0,disorder_rich_spacer_region,29,0.03866666666666667,AlcoR
A0ACI8RX58,unknown,750.0,mixed_charge_polyampholyte,172,0.22933333333333333,AlcoR
A0ACI8RX58,unknown,750.0,other,16,0.021333333333333333,AlcoR
A0ACI8S0C5,unknown,927.0,aromatic_sticker_region,94,0.10140237324703344,AlcoR
A0ACI8S0C5,unknown,927.0,cation_pi_rich_neighborhood,120,0.12944983818770225,AlcoR
A0ACI8S0C5,unknown,927.0,mixed_charge_polyampholyte,343,0.37001078748651567,AlcoR
A0ACI8S113,unknown,1253.0,aromatic_sticker_region,254,0.20271348762968874,AlcoR
A0ACI8S113,unknown,1253.0,mixed_charge_polyampholyte,187,0.14924181963288108,AlcoR
A0ACI8S180,ribosomal protein,136.0,cation_pi_rich_neighborhood,136,1.0,AlcoR
A0ACI8S5H4,unknown,1122.0,arginine_rich_rna_contact_region,19,0.01693404634581105,AlcoR
A0ACI8S5H4,unknown,1122.0,aromatic_sticker_region,361,0.32174688057041,AlcoR
A0ACI8S5H4,unknown,1122.0,cation_pi_rich_neighborhood,51,0.045454545454545456,AlcoR
A0ACI8S5H4,unknown,1122.0,disorder_rich_spacer_region,26,0.023172905525846704,AlcoR
A0ACI8S5H4,unknown,1122.0,hydrophobic_region,19,0.01693404634581105,AlcoR
A0ACI8S5H4,unknown,1122.0,mixed_charge_polyampholyte,18,0.016042780748663103,AlcoR
A0ACI8S5H4,unknown,1122.0,other,166,0.14795008912655971,AlcoR
A0ACI8S5H4,unknown,1122.0,unmapped_physicochemical_properties,23,0.020499108734402853,AlcoR
A0ACI8S5T8,unknown,488.0,aromatic_sticker_region,346,0.7090163934426229,AlcoR
A0ACI8SAU3,unknown,2066.0,acidic_region,78,0.0377541142303969,AlcoR
A0ACI8SAU3,unknown,2066.0,aromatic_sticker_region,676,0.32720232333010646,AlcoR
A0ACI8SAU3,unknown,2066.0,cation_pi_rich_neighborhood,121,0.05856727976766699,AlcoR
A0ACI8SAU3,unknown,2066.0,disorder_rich_spacer_region,26,0.012584704743465635,AlcoR
A0ACI8SAU3,unknown,2066.0,mixed_charge_polyampholyte,222,0.1074540174249758,AlcoR
A0ACI8SAU3,unknown,2066.0,other,107,0.05179090029041626,AlcoR
A0ACI8SAU3,unknown,2066.0,unmapped_physicochemical_properties,56,0.027105517909002903,AlcoR
A0ACI8SBH9,unknown,480.0,mixed_charge_polyampholyte,17,0.035416666666666666,AlcoR
A0ACI8SEY7,unknown,629.0,cation_pi_rich_neighborhood,629,1.0,AlcoR
A0ACI8SPJ0,snRNA,2147.0,aromatic_sticker_region,994,0.46297158826269214,AlcoR
A0ACI8SQV4,unknown,211.0,other,211,1.0,AlcoR
A0ACI8SRT4,ribosomal protein,223.0,aromatic_sticker_region,19,0.08520179372197309,AlcoR
A0ACI8SSD0,unknown,670.0,aromatic_sticker_region,343,0.5119402985074627,AlcoR
A0ACI8SXP5,unknown,451.0,aromatic_sticker_region,248,0.549889135254989,AlcoR
A0ACI8SXP5,unknown,451.0,disorder_rich_spacer_region,17,0.037694013303769404,AlcoR
A0ACI8SYT5,unknown,674.0,aromatic_sticker_region,389,0.5771513353115727,AlcoR
A0ACI8SYT5,unknown,674.0,cation_pi_rich_neighborhood,232,0.34421364985163205,AlcoR
A0ACI8SZ27,unknown,721.0,aromatic_sticker_region,87,0.12066574202496533,AlcoR
A0ACI8T7F0,tRNA,1068.0,aromatic_sticker_region,32,0.0299625468164794,AlcoR
A0ACI8T7F0,tRNA,1068.0,disorder_rich_spacer_region,34,0.031835205992509365,AlcoR
A0ACI8T7F0,tRNA,1068.0,hydrophobic_region,11,0.010299625468164793,AlcoR
A0ACI8T7F0,tRNA,1068.0,unmapped_physicochemical_properties,23,0.02153558052434457,AlcoR
A0ACI8T9E2,unknown,234.0,aromatic_sticker_region,88,0.37606837606837606,AlcoR
A0ACI8T9E2,unknown,234.0,mixed_charge_polyampholyte,68,0.2905982905982906,AlcoR
A0ACI8T9E2,unknown,234.0,other,21,0.08974358974358974,AlcoR
A0ACI8TCF1,unknown,435.0,acidic_region,6,0.013793103448275862,AlcoR
A0ACI8TCF1,unknown,435.0,aromatic_sticker_region,86,0.19770114942528735,AlcoR
A0ACI8TCF1,unknown,435.0,unmapped_physicochemical_properties,18,0.041379310344827586,AlcoR
A0ACI8TEP7,unknown,818.0,aromatic_sticker_region,737,0.9009779951100244,AlcoR
A0ACI8TEP7,unknown,818.0,mixed_charge_polyampholyte,67,0.08190709046454768,AlcoR
A0ACI8TFG6,tRNA,1552.0,aromatic_sticker_region,425,0.27384020618556704,AlcoR
A0ACI8TFG6,tRNA,1552.0,other,13,0.008376288659793814,AlcoR
A0ACI8TH72,unknown,1111.0,aromatic_sticker_region,1020,0.918091809180918,AlcoR
A0ACI8TH72,unknown,1111.0,mixed_charge_polyampholyte,59,0.05310531053105311,AlcoR
A0ACI8TIT4,unknown,488.0,aromatic_sticker_region,488,1.0,AlcoR
A0ACI8TJ61,unknown,193.0,aromatic_sticker_region,193,1.0,AlcoR
A0ACI8TJP2,unknown,2207.0,aromatic_sticker_region,1142,0.5174444947893068,AlcoR
A0ACI8TJP2,unknown,2207.0,cation_pi_rich_neighborhood,301,0.1363842319891255,AlcoR
A0ACI8TJP2,unknown,2207.0,mixed_charge_polyampholyte,12,0.005437245129134572,AlcoR
A0ACI8TLG3,tRNA,1044.0,aromatic_sticker_region,508,0.48659003831417624,AlcoR
A0ACI8TLM1,unknown,106.0,other,106,1.0,AlcoR
A0ACI8TML7,unknown,1201.0,aromatic_sticker_region,316,0.2631140716069942,AlcoR
A0ACI8TML7,unknown,1201.0,cation_pi_rich_neighborhood,316,0.2631140716069942,AlcoR
A0ACI8TML7,unknown,1201.0,mixed_charge_polyampholyte,70,0.058284762697751874,AlcoR
A0ACI8TML7,unknown,1201.0,other,404,0.33638634471273937,AlcoR
A0ACI8TMU3,unknown,1055.0,aromatic_sticker_region,111,0.1052132701421801,AlcoR
A0ACI8TMU3,unknown,1055.0,mixed_charge_polyampholyte,91,0.08625592417061612,AlcoR
A0ACI8TN08,unknown,998.0,aromatic_sticker_region,685,0.6863727454909819,AlcoR
A0ACI8TN08,unknown,998.0,other,291,0.29158316633266534,AlcoR
A0ACI8TNP0,unknown,654.0,aromatic_sticker_region,357,0.5458715596330275,AlcoR
A0ACI8TNP0,unknown,654.0,cation_pi_rich_neighborhood,271,0.41437308868501527,AlcoR
A0ACI8TNW3,unknown,757.0,acidic_region,22,0.02906208718626156,AlcoR
A0ACI8TNW3,unknown,757.0,aromatic_sticker_region,67,0.08850726552179657,AlcoR
A0ACI8TNW3,unknown,757.0,disorder_rich_spacer_region,19,0.02509907529722589,AlcoR
A0ACI8TNW3,unknown,757.0,hydrophobic_region,29,0.03830911492734478,AlcoR
A0ACI8TNW3,unknown,757.0,unmapped_physicochemical_properties,57,0.07529722589167767,AlcoR
A0ACI8TQP9,unknown,2591.0,cation_pi_rich_neighborhood,32,0.012350443844075647,AlcoR
A0ACI8TQS2,unknown,3008.0,aromatic_sticker_region,433,0.1439494680851064,AlcoR
A0ACI8TQS2,unknown,3008.0,cation_pi_rich_neighborhood,332,0.11037234042553191,AlcoR
A0ACI8TQS2,unknown,3008.0,disorder_rich_spacer_region,23,0.007646276595744681,AlcoR
A0ACI8TQS2,unknown,3008.0,unmapped_physicochemical_properties,40,0.013297872340425532,AlcoR
A0ACI8TS18,unknown,1048.0,aromatic_sticker_region,390,0.37213740458015265,AlcoR
A0ACI8TS18,unknown,1048.0,disorder_rich_spacer_region,35,0.033396946564885496,AlcoR
A0ACI8TS18,unknown,1048.0,mixed_charge_polyampholyte,46,0.04389312977099236,AlcoR
A0ACI8TS18,unknown,1048.0,unmapped_physicochemical_properties,32,0.030534351145038167,AlcoR
A0ACI8TS68,mRNA,376.0,acidic_region,19,0.05053191489361702,AlcoR
A0ACI8TS68,mRNA,376.0,aromatic_sticker_region,15,0.0398936170212766,AlcoR
A0ACI8TS68,mRNA,376.0,mixed_charge_polyampholyte,18,0.047872340425531915,AlcoR
A0ACI8TSY6,unknown,1461.0,aromatic_sticker_region,539,0.36892539356605064,AlcoR
A0ACI8TTG6,tRNA,937.0,aromatic_sticker_region,899,0.959445037353255,AlcoR
A0ACI8TUA9,unknown,638.0,cation_pi_rich_neighborhood,54,0.08463949843260188,AlcoR
A0ACI8TUB7,unknown,259.0,acidic_region,101,0.38996138996138996,AlcoR
A0ACI8TUB7,unknown,259.0,cation_pi_rich_neighborhood,114,0.44015444015444016,AlcoR
A0ACI8TWM6,unknown,905.0,arginine_rich_rna_contact_region,88,0.09723756906077348,AlcoR
A0ACI8TWM6,unknown,905.0,aromatic_sticker_region,635,0.7016574585635359,AlcoR
A0ACI8TWM6,unknown,905.0,cation_pi_rich_neighborhood,132,0.14585635359116023,AlcoR
A0ACI8TWM6,unknown,905.0,disorder_rich_spacer_region,19,0.020994475138121547,AlcoR
A0ACI8TXE9,unknown,1448.0,aromatic_sticker_region,243,0.16781767955801105,AlcoR
A0ACI8TXE9,unknown,1448.0,cation_pi_rich_neighborhood,368,0.2541436464088398,AlcoR
A0ACI8TXE9,unknown,1448.0,other,768,0.5303867403314917,AlcoR
A0ACI8TXE9,unknown,1448.0,unmapped_physicochemical_properties,17,0.011740331491712707,AlcoR
A0ACI8TZ93,unknown,399.0,acidic_region,11,0.02756892230576441,AlcoR
A0ACI8TZ93,unknown,399.0,aromatic_sticker_region,362,0.9072681704260651,AlcoR
A0ACI8TZD7,unknown,856.0,aromatic_sticker_region,816,0.9532710280373832,AlcoR
A0ACI8TZE9,unknown,712.0,aromatic_sticker_region,88,0.12359550561797752,AlcoR
A0ACI8TZE9,unknown,712.0,cation_pi_rich_neighborhood,340,0.47752808988764045,AlcoR
A0ACI8TZE9,unknown,712.0,other,216,0.30337078651685395,AlcoR
A0ACI8TZE9,unknown,712.0,unmapped_physicochemical_properties,17,0.023876404494382022,AlcoR
A0ACI8U1B9,unknown,902.0,cation_pi_rich_neighborhood,217,0.24057649667405764,AlcoR
A0ACI8U1B9,unknown,902.0,other,101,0.11197339246119734,AlcoR
A0ACI8U399,unknown,786.0,acidic_region,47,0.05979643765903308,AlcoR
A0ACI8U399,unknown,786.0,aromatic_sticker_region,45,0.05725190839694656,AlcoR
A0ACI8U399,unknown,786.0,cation_pi_rich_neighborhood,353,0.4491094147582697,AlcoR
A0ACI8U399,unknown,786.0,mixed_charge_polyampholyte,282,0.35877862595419846,AlcoR
A0ACI8U6C5,unknown,1066.0,aromatic_sticker_region,663,0.6219512195121951,AlcoR
A0ACI8U6C5,unknown,1066.0,disorder_rich_spacer_region,47,0.04409005628517824,AlcoR
A0ACI8U6C5,unknown,1066.0,mixed_charge_polyampholyte,341,0.3198874296435272,AlcoR
A0ACI8U7J9,unknown,978.0,cation_pi_rich_neighborhood,79,0.08077709611451943,AlcoR
A0ACI8U7J9,unknown,978.0,other,549,0.5613496932515337,AlcoR
A0ACI8U7J9,unknown,978.0,unmapped_physicochemical_properties,54,0.05521472392638037,AlcoR
A0ACI8U804,unknown,2104.0,aromatic_sticker_region,535,0.25427756653992395,AlcoR
A0ACI8U804,unknown,2104.0,hydrophobic_region,14,0.006653992395437262,AlcoR
A0ACI8UB86,unknown,209.0,disorder_rich_spacer_region,59,0.2822966507177033,AlcoR
A0ACI8UDX5,unknown,454.0,acidic_region,19,0.04185022026431718,AlcoR
A0ACI8UDX5,unknown,454.0,disorder_rich_spacer_region,18,0.039647577092511016,AlcoR
A0ACI8UEC4,unknown,719.0,cation_pi_rich_neighborhood,159,0.2211404728789986,AlcoR
A0ACI8UES1,unknown,422.0,other,422,1.0,AlcoR
A0ACI8UJW4,unknown,514.0,aromatic_sticker_region,197,0.3832684824902724,AlcoR
A0ACI8UJW4,unknown,514.0,cation_pi_rich_neighborhood,196,0.38132295719844356,AlcoR
A0ACI8UJW4,unknown,514.0,unmapped_physicochemical_properties,23,0.04474708171206226,AlcoR
A0ACI8UMC2,unknown,837.0,aromatic_sticker_region,218,0.26045400238948624,AlcoR
A0ACI8UMC2,unknown,837.0,unmapped_physicochemical_properties,15,0.017921146953405017,AlcoR
A0ACI8UNX3,unknown,1077.0,aromatic_sticker_region,524,0.48653667595171773,AlcoR
A0ACI8UQC4,unknown,506.0,aromatic_sticker_region,41,0.08102766798418973,AlcoR
A0ACI8UQC4,unknown,506.0,cation_pi_rich_neighborhood,156,0.308300395256917,AlcoR
A0ACI8UQC4,unknown,506.0,unmapped_physicochemical_properties,30,0.05928853754940711,AlcoR
A0ACI8USR5,unknown,685.0,aromatic_sticker_region,339,0.4948905109489051,AlcoR
A0ACI8USR5,unknown,685.0,unmapped_physicochemical_properties,23,0.033576642335766425,AlcoR
A0ACI8USX5,unknown,720.0,aromatic_sticker_region,24,0.03333333333333333,AlcoR
A0ACI8USX5,unknown,720.0,cation_pi_rich_neighborhood,66,0.09166666666666666,AlcoR
A0ACI8UUW5,unknown,527.0,aromatic_sticker_region,318,0.603415559772296,AlcoR
A0ACI8UUW5,unknown,527.0,cation_pi_rich_neighborhood,160,0.3036053130929791,AlcoR
A0ACI8UZB3,unknown,1252.0,aromatic_sticker_region,219,0.17492012779552715,AlcoR
A0ACI8UZB3,unknown,1252.0,cation_pi_rich_neighborhood,60,0.04792332268370607,AlcoR
A0ACI8UZB3,unknown,1252.0,other,139,0.1110223642172524,AlcoR
A0ACI8VAV8,unknown,1149.0,aromatic_sticker_region,90,0.0783289817232376,AlcoR
A0ACI8VAV8,unknown,1149.0,cation_pi_rich_neighborhood,136,0.11836379460400348,AlcoR
A0ACI8VCL2,tRNA,816.0,aromatic_sticker_region,42,0.051470588235294115,AlcoR
A0ACI8VCM9,unknown,1180.0,unmapped_physicochemical_properties,42,0.03559322033898305,AlcoR
A0ACI8VD15,unknown,1437.0,aromatic_sticker_region,201,0.13987473903966596,AlcoR
A0ACI8VD15,unknown,1437.0,cation_pi_rich_neighborhood,27,0.018789144050104383,AlcoR
A0ACI8VD15,unknown,1437.0,mixed_charge_polyampholyte,72,0.05010438413361169,AlcoR
A0ACI8VD15,unknown,1437.0,other,25,0.017397355601948505,AlcoR
A0ACI8VD15,unknown,1437.0,unmapped_physicochemical_properties,27,0.018789144050104383,AlcoR
A0ACI8VFS1,unknown,923.0,acidic_region,19,0.020585048754062838,AlcoR
A0ACI8VFS1,unknown,923.0,aromatic_sticker_region,292,0.3163596966413868,AlcoR
A0ACI8VFS1,unknown,923.0,other,13,0.014084507042253521,AlcoR
A0ACI8VFS1,unknown,923.0,unmapped_physicochemical_properties,15,0.016251354279523293,AlcoR
A0ACI8VQD2,unknown,1043.0,acidic_region,49,0.04697986577181208,AlcoR
A0ACI8VQD2,unknown,1043.0,aromatic_sticker_region,36,0.03451581975071908,AlcoR
A0ACI8VQD2,unknown,1043.0,cation_pi_rich_neighborhood,82,0.07861936720997123,AlcoR
A0ACI8VQD2,unknown,1043.0,mixed_charge_polyampholyte,67,0.06423777564717162,AlcoR
A0ACI8VQD2,unknown,1043.0,unmapped_physicochemical_properties,15,0.014381591562799617,AlcoR
A0ACI8VSD4,mRNA,674.0,aromatic_sticker_region,210,0.3115727002967359,AlcoR
A0ACI8VSD4,mRNA,674.0,cation_pi_rich_neighborhood,69,0.10237388724035608,AlcoR
A0ACI8VSD4,mRNA,674.0,other,390,0.5786350148367952,AlcoR
A1L020,mRNA,520.0,aromatic_sticker_region,26,0.05,AlcoR
A1L020,mRNA,520.0,cation_pi_rich_neighborhood,43,0.08269230769230769,AlcoR
A2A288,mRNA,527.0,aromatic_sticker_region,371,0.7039848197343453,AlcoR
A2A288,mRNA,527.0,cation_pi_rich_neighborhood,139,0.2637571157495256,AlcoR
A2IDC7,ribosomal protein,194.0,aromatic_sticker_region,50,0.25773195876288657,AlcoR
A2PYH4,unknown,1435.0,acidic_region,38,0.0264808362369338,AlcoR
A2PYH4,unknown,1435.0,cation_pi_rich_neighborhood,29,0.020209059233449476,AlcoR
A2PYH4,unknown,1435.0,other,26,0.018118466898954706,AlcoR
A2PYH4,unknown,1435.0,unmapped_physicochemical_properties,41,0.02857142857142857,AlcoR
A2RTX5,tRNA,802.0,aromatic_sticker_region,152,0.18952618453865336,AlcoR
A2RTX5,tRNA,802.0,hydrophobic_region,12,0.014962593516209476,AlcoR
A2RTX5,tRNA,802.0,mixed_charge_polyampholyte,34,0.04239401496259352,AlcoR
A3KFL2,diverse,285.0,mixed_charge_polyampholyte,50,0.17543859649122806,AlcoR
A3KFL2,diverse,285.0,unmapped_physicochemical_properties,41,0.14385964912280702,AlcoR
A5YKK6,mRNA,2376.0,aromatic_sticker_region,700,0.2946127946127946,AlcoR
A5YKK6,mRNA,2376.0,other,672,0.2828282828282828,AlcoR
A6NC42,mRNA,116.0,aromatic_sticker_region,50,0.43103448275862066,AlcoR
A6NC42,mRNA,116.0,unmapped_physicochemical_properties,17,0.14655172413793102,AlcoR
A6NDY0,mRNA,278.0,acidic_region,103,0.37050359712230213,AlcoR
A6NDY0,mRNA,278.0,other,169,0.6079136690647482,AlcoR
A6NEQ0,mRNA,496.0,acidic_region,7,0.014112903225806451,AlcoR
A6NEQ0,mRNA,496.0,arginine_rich_rna_contact_region,28,0.056451612903225805,AlcoR
A6NEQ0,mRNA,496.0,aromatic_sticker_region,119,0.2399193548387097,AlcoR
A6NEQ0,mRNA,496.0,cation_pi_rich_neighborhood,26,0.05241935483870968,AlcoR
A6NEQ0,mRNA,496.0,other,188,0.3790322580645161,AlcoR
A6NFI3,unknown,1004.0,aromatic_sticker_region,93,0.09262948207171315,AlcoR
A6NFN3,mRNA,312.0,aromatic_sticker_region,35,0.11217948717948718,AlcoR
A6NFN3,mRNA,312.0,other,272,0.8717948717948718,AlcoR
A6NHQ2,snoRNA,334.0,aromatic_sticker_region,85,0.25449101796407186,AlcoR
A6NJ78,ribosomal protein,407.0,aromatic_sticker_region,307,0.7542997542997543,AlcoR
A6NKG5,unknown,1358.0,aromatic_sticker_region,462,0.3402061855670103,AlcoR
A6NKG5,unknown,1358.0,disorder_rich_spacer_region,19,0.013991163475699559,AlcoR
A6NKG5,unknown,1358.0,hydrophobic_region,1,0.0007363770250368188,AlcoR
A6NKG5,unknown,1358.0,unmapped_physicochemical_properties,50,0.036818851251840944,AlcoR
A6NNF4,unknown,616.0,acidic_region,14,0.022727272727272728,AlcoR
A6NNF4,unknown,616.0,aromatic_sticker_region,33,0.05357142857142857,AlcoR
A6NNF4,unknown,616.0,other,49,0.07954545454545454,AlcoR
A6PVI3,mRNA,153.0,aromatic_sticker_region,59,0.38562091503267976,AlcoR
A7MD48,mRNA,611.0,other,580,0.9492635024549918,AlcoR
A8K979,unknown,691.0,aromatic_sticker_region,14,0.020260492040520984,AlcoR
A8MQ14,unknown,1090.0,aromatic_sticker_region,385,0.3532110091743119,AlcoR
A8MQ14,unknown,1090.0,cation_pi_rich_neighborhood,14,0.012844036697247707,AlcoR
A8MQ14,unknown,1090.0,mixed_charge_polyampholyte,60,0.05504587155963303,AlcoR
A8MQ14,unknown,1090.0,unmapped_physicochemical_properties,15,0.013761467889908258,AlcoR
A8MXP9,mRNA,895.0,mixed_charge_polyampholyte,28,0.03128491620111732,AlcoR
A8MXP9,mRNA,895.0,other,25,0.027932960893854747,AlcoR
B0QYK0,mRNA,618.0,aromatic_sticker_region,167,0.2702265372168285,AlcoR
B0QYK0,mRNA,618.0,other,216,0.34951456310679613,AlcoR
B0QYY4,mRNA,370.0,aromatic_sticker_region,21,0.05675675675675676,AlcoR
B1AHC9,mRNA,559.0,aromatic_sticker_region,82,0.14669051878354203,AlcoR
B1AHC9,mRNA,559.0,unmapped_physicochemical_properties,23,0.04114490161001789,AlcoR
B5MCY1,unknown,1934.0,aromatic_sticker_region,57,0.029472595656670115,AlcoR
B5MCY1,unknown,1934.0,unmapped_physicochemical_properties,16,0.008273009307135471,AlcoR
C9IY40,ribosomal protein,225.0,cation_pi_rich_neighborhood,225,1.0,AlcoR
C9J0B9,mRNA,218.0,aromatic_sticker_region,218,1.0,AlcoR
C9J6P4,ncRNA,1024.0,acidic_region,15,0.0146484375,AlcoR
C9J6P4,ncRNA,1024.0,aromatic_sticker_region,313,0.3056640625,AlcoR
C9J6P4,ncRNA,1024.0,disorder_rich_spacer_region,33,0.0322265625,AlcoR
C9J6P4,ncRNA,1024.0,hydrophobic_region,14,0.013671875,AlcoR
C9J7E5,mRNA,957.0,aromatic_sticker_region,216,0.22570532915360503,AlcoR
C9J7E5,mRNA,957.0,unmapped_physicochemical_properties,24,0.025078369905956112,AlcoR
C9JCE0,mRNA,148.0,disorder_rich_spacer_region,12,0.08108108108108109,AlcoR
C9JCE0,mRNA,148.0,mixed_charge_polyampholyte,29,0.19594594594594594,AlcoR
C9JGP4,diverse,144.0,mixed_charge_polyampholyte,144,1.0,AlcoR
C9JP00,mRNA,348.0,aromatic_sticker_region,110,0.3160919540229885,AlcoR
C9JYQ9,ribosomal protein,121.0,acidic_region,24,0.19834710743801653,AlcoR
C9JZ88,ribosomal protein,88.0,arginine_rich_rna_contact_region,88,1.0,AlcoR
D4PHA4,unknown,493.0,aromatic_sticker_region,454,0.920892494929006,AlcoR
D6RA96,unknown,785.0,aromatic_sticker_region,415,0.5286624203821656,AlcoR
D6RA96,unknown,785.0,cation_pi_rich_neighborhood,46,0.05859872611464968,AlcoR
D6RA96,unknown,785.0,unmapped_physicochemical_properties,31,0.03949044585987261,AlcoR
D6REA0,tRNA,516.0,aromatic_sticker_region,307,0.5949612403100775,AlcoR
D6REA0,tRNA,516.0,mixed_charge_polyampholyte,29,0.0562015503875969,AlcoR
D6REA0,tRNA,516.0,unmapped_physicochemical_properties,30,0.05813953488372093,AlcoR
D6RIC3,pre-rRNA,150.0,aromatic_sticker_region,150,1.0,AlcoR
D6RJB1,mRNA,162.0,aromatic_sticker_region,25,0.15432098765432098,AlcoR
E5RHF4,ribosomal protein,198.0,aromatic_sticker_region,81,0.4090909090909091,AlcoR
E5RHF4,ribosomal protein,198.0,other,116,0.5858585858585859,AlcoR
E5RJM0,mRNA,639.0,acidic_region,16,0.025039123630672927,AlcoR
E7ENR5,snoRNA,236.0,aromatic_sticker_region,113,0.4788135593220339,AlcoR
E7ERJ7,mRNA,604.0,aromatic_sticker_region,95,0.15728476821192053,AlcoR
E7ERJ7,mRNA,604.0,mixed_charge_polyampholyte,224,0.3708609271523179,AlcoR
E7ERQ6,mRNA,390.0,hydrophobic_region,15,0.038461538461538464,AlcoR
E7ESC6,mRNA,1088.0,arginine_rich_rna_contact_region,14,0.012867647058823529,AlcoR
E7ESC6,mRNA,1088.0,aromatic_sticker_region,351,0.3226102941176471,AlcoR
E7ESC6,mRNA,1088.0,hydrophobic_region,31,0.02849264705882353,AlcoR
E7ESC6,mRNA,1088.0,unmapped_physicochemical_properties,50,0.04595588235294118,AlcoR
E7ET15,snRNA,1028.0,aromatic_sticker_region,187,0.1819066147859922,AlcoR
E7ET15,snRNA,1028.0,unmapped_physicochemical_properties,105,0.10214007782101167,AlcoR
E7EWR4,mRNA,597.0,other,487,0.8157453936348409,AlcoR
E9PE17,ribosomal protein,129.0,aromatic_sticker_region,43,0.3333333333333333,AlcoR
E9PHM2,tRNA,860.0,arginine_rich_rna_contact_region,16,0.018604651162790697,AlcoR
E9PHM2,tRNA,860.0,aromatic_sticker_region,461,0.536046511627907,AlcoR
E9PKU4,ribosomal protein,235.0,arginine_rich_rna_contact_region,22,0.09361702127659574,AlcoR
E9PKU4,ribosomal protein,235.0,aromatic_sticker_region,36,0.15319148936170213,AlcoR
E9PKU4,ribosomal protein,235.0,mixed_charge_polyampholyte,29,0.12340425531914893,AlcoR
E9PKU4,ribosomal protein,235.0,other,10,0.0425531914893617,AlcoR
E9PL19,mRNA,596.0,acidic_region,13,0.02181208053691275,AlcoR
E9PN81,diverse,247.0,arginine_rich_rna_contact_region,14,0.05668016194331984,AlcoR
E9PN81,diverse,247.0,cation_pi_rich_neighborhood,80,0.32388663967611336,AlcoR
E9PN81,diverse,247.0,unmapped_physicochemical_properties,32,0.12955465587044535,AlcoR
F5GYR3,pre-rRNA,275.0,acidic_region,24,0.08727272727272728,AlcoR
F5GYR3,pre-rRNA,275.0,aromatic_sticker_region,9,0.03272727272727273,AlcoR
F5H0R1,snRNA,912.0,aromatic_sticker_region,12,0.013157894736842105,AlcoR
F6XMP4,mRNA,155.0,aromatic_sticker_region,155,1.0,AlcoR
F8VP89,mRNA,275.0,other,234,0.850909090909091,AlcoR
F8VP89,mRNA,275.0,unmapped_physicochemical_properties,34,0.12363636363636364,AlcoR
F8VQP2,mRNA,1073.0,aromatic_sticker_region,51,0.047530288909599254,AlcoR
F8VQP2,mRNA,1073.0,cation_pi_rich_neighborhood,39,0.036346691519105315,AlcoR
F8VQP2,mRNA,1073.0,disorder_rich_spacer_region,36,0.033550792171481825,AlcoR
F8VQP2,mRNA,1073.0,mixed_charge_polyampholyte,106,0.09878844361602983,AlcoR
F8VU11,snRNA,892.0,cation_pi_rich_neighborhood,256,0.28699551569506726,AlcoR
F8VZA0,pre-rRNA,365.0,mixed_charge_polyampholyte,365,1.0,AlcoR
F8VZY7,mRNA,263.0,aromatic_sticker_region,99,0.376425855513308,AlcoR
F8W6I7,mRNA,307.0,acidic_region,18,0.05863192182410423,AlcoR
F8W6I7,mRNA,307.0,aromatic_sticker_region,51,0.16612377850162866,AlcoR
F8W6I7,mRNA,307.0,hydrophobic_region,16,0.05211726384364821,AlcoR
F8W6I7,mRNA,307.0,other,40,0.13029315960912052,AlcoR
F8WAS2,unknown,213.0,aromatic_sticker_region,213,1.0,AlcoR
F8WDU6,tRNA,201.0,cation_pi_rich_neighborhood,20,0.09950248756218906,AlcoR
G3V2H6,mRNA,54.0,aromatic_sticker_region,54,1.0,AlcoR
G3V2M5,pre-rRNA,61.0,aromatic_sticker_region,61,1.0,AlcoR
G3V2P5,mRNA,207.0,arginine_rich_rna_contact_region,13,0.06280193236714976,AlcoR
G3V2P5,mRNA,207.0,other,115,0.5555555555555556,AlcoR
G3V529,pre-rRNA,816.0,aromatic_sticker_region,373,0.4571078431372549,AlcoR
G3V529,pre-rRNA,816.0,cation_pi_rich_neighborhood,306,0.375,AlcoR
G3V5X7,ncRNA,2519.0,aromatic_sticker_region,1220,0.48431917427550614,AlcoR
G3V5X7,ncRNA,2519.0,disorder_rich_spacer_region,12,0.004763795156808257,AlcoR
G3V5X7,ncRNA,2519.0,mixed_charge_polyampholyte,20,0.007939658594680429,AlcoR
G3XAN0,ribosomal protein,64.0,cation_pi_rich_neighborhood,64,1.0,AlcoR
G5E9G0,ribosomal protein,351.0,aromatic_sticker_region,111,0.3162393162393162,AlcoR
G5E9R9,ncRNA,263.0,aromatic_sticker_region,258,0.9809885931558935,AlcoR
H0Y2Q1,tRNA,191.0,aromatic_sticker_region,40,0.2094240837696335,AlcoR
H0Y2Q1,tRNA,191.0,disorder_rich_spacer_region,5,0.02617801047120419,AlcoR
H0Y2Q1,tRNA,191.0,hydrophobic_region,15,0.07853403141361257,AlcoR
H0Y2Q1,tRNA,191.0,unmapped_physicochemical_properties,29,0.1518324607329843,AlcoR
H0Y6A1,mRNA,361.0,aromatic_sticker_region,311,0.8614958448753463,AlcoR
H0Y863,pre-rRNA,132.0,mixed_charge_polyampholyte,132,1.0,AlcoR
H0YB34,unknown,148.0,aromatic_sticker_region,6,0.04054054054054054,AlcoR
H0YB34,unknown,148.0,other,141,0.9527027027027027,AlcoR
H0YDK8,mRNA,900.0,aromatic_sticker_region,202,0.22444444444444445,AlcoR
H0YDK8,mRNA,900.0,mixed_charge_polyampholyte,22,0.024444444444444446,AlcoR
H0YDK8,mRNA,900.0,unmapped_physicochemical_properties,23,0.025555555555555557,AlcoR
H0YG84,mRNA,90.0,aromatic_sticker_region,90,1.0,AlcoR
H0YGG4,mRNA,152.0,aromatic_sticker_region,34,0.2236842105263158,AlcoR
H0YGG4,mRNA,152.0,cation_pi_rich_neighborhood,84,0.5526315789473685,AlcoR
H0YGJ7,mRNA,106.0,aromatic_sticker_region,15,0.14150943396226415,AlcoR
H0YGT4,unknown,134.0,cation_pi_rich_neighborhood,13,0.09701492537313433,AlcoR
H0YGT4,unknown,134.0,hydrophobic_region,11,0.08208955223880597,AlcoR
H0YGT4,unknown,134.0,other,16,0.11940298507462686,AlcoR
H0YH84,mRNA,186.0,aromatic_sticker_region,135,0.7258064516129032,AlcoR
H0YH84,mRNA,186.0,cation_pi_rich_neighborhood,44,0.23655913978494625,AlcoR
H0YHU8,mRNA,144.0,aromatic_sticker_region,54,0.375,AlcoR
H0YHU8,mRNA,144.0,cation_pi_rich_neighborhood,75,0.5208333333333334,AlcoR
H0YIP0,tRNA,219.0,other,10,0.045662100456621,AlcoR
H0YKX1,mRNA,171.0,mixed_charge_polyampholyte,171,1.0,AlcoR
H3BN59,mRNA,261.0,cation_pi_rich_neighborhood,101,0.38697318007662834,AlcoR
H3BN59,mRNA,261.0,unmapped_physicochemical_properties,26,0.09961685823754789,AlcoR
H3BPE7,mRNA,527.0,other,437,0.8292220113851992,AlcoR
H3BPG5,mRNA,128.0,other,128,1.0,AlcoR
H3BQK0,unknown,484.0,cation_pi_rich_neighborhood,484,1.0,AlcoR
H3BSB3,pre-rRNA,131.0,acidic_region,85,0.648854961832061,AlcoR
H3BSW6,tRNA,586.0,aromatic_sticker_region,442,0.7542662116040956,AlcoR
H3BSW6,tRNA,586.0,cation_pi_rich_neighborhood,92,0.15699658703071673,AlcoR
H3BSW6,tRNA,586.0,disorder_rich_spacer_region,39,0.06655290102389079,AlcoR
H3BTT8,snRNA,252.0,aromatic_sticker_region,252,1.0,AlcoR
H3BUK8,ribosomal protein,54.0,other,24,0.4444444444444444,AlcoR
H7BXY3,mRNA,1166.0,unmapped_physicochemical_properties,20,0.017152658662092625,AlcoR
I3L4V1,unknown,148.0,hydrophobic_region,13,0.08783783783783784,AlcoR
J3KP02,unknown,692.0,mixed_charge_polyampholyte,51,0.07369942196531792,AlcoR
J3KPI1,mRNA,630.0,aromatic_sticker_region,145,0.23015873015873015,AlcoR
J3KPI1,mRNA,630.0,disorder_rich_spacer_region,15,0.023809523809523808,AlcoR
J3KPI1,mRNA,630.0,hydrophobic_region,13,0.020634920634920634,AlcoR
J3KPI1,mRNA,630.0,other,39,0.06190476190476191,AlcoR
J3KPP4,mRNA,489.0,hydrophobic_region,11,0.022494887525562373,AlcoR
J3KPP4,mRNA,489.0,other,423,0.8650306748466258,AlcoR
J3QKW2,ribosomal protein,183.0,acidic_region,43,0.23497267759562843,AlcoR
J3QKW2,ribosomal protein,183.0,aromatic_sticker_region,22,0.12021857923497267,AlcoR
J3QKW2,ribosomal protein,183.0,hydrophobic_region,2,0.01092896174863388,AlcoR
J3QKW2,ribosomal protein,183.0,unmapped_physicochemical_properties,41,0.22404371584699453,AlcoR
J3QL05,mRNA,130.0,aromatic_sticker_region,51,0.3923076923076923,AlcoR
J3QL05,mRNA,130.0,other,20,0.15384615384615385,AlcoR
J3QL17,mRNA,468.0,acidic_region,36,0.07692307692307693,AlcoR
J3QL17,mRNA,468.0,aromatic_sticker_region,248,0.5299145299145299,AlcoR
J3QS41,mRNA,1943.0,aromatic_sticker_region,986,0.5074626865671642,AlcoR
J3QT46,mRNA,619.0,acidic_region,16,0.025848142164781908,AlcoR
J3QT46,mRNA,619.0,aromatic_sticker_region,50,0.08077544426494346,AlcoR
J3QT46,mRNA,619.0,disorder_rich_spacer_region,13,0.0210016155088853,AlcoR
J3QT46,mRNA,619.0,hydrophobic_region,19,0.030694668820678513,AlcoR
J3QT46,mRNA,619.0,unmapped_physicochemical_properties,38,0.061389337641357025,AlcoR
K7EIU6,mRNA,117.0,arginine_rich_rna_contact_region,3,0.02564102564102564,AlcoR
K7EJB9,mRNA,349.0,aromatic_sticker_region,44,0.12607449856733524,AlcoR
K7EKH9,unknown,261.0,cation_pi_rich_neighborhood,49,0.18773946360153257,AlcoR
K7EL49,unknown,112.0,hydrophobic_region,2,0.017857142857142856,AlcoR
K7ENA8,mRNA,289.0,arginine_rich_rna_contact_region,16,0.05536332179930796,AlcoR
K7ENA8,mRNA,289.0,cation_pi_rich_neighborhood,14,0.04844290657439446,AlcoR
K7ENA8,mRNA,289.0,mixed_charge_polyampholyte,45,0.15570934256055363,AlcoR
K7EQP2,mRNA,53.0,mixed_charge_polyampholyte,53,1.0,AlcoR
K7ER00,tRNA,548.0,aromatic_sticker_region,286,0.5218978102189781,AlcoR
K7ER00,tRNA,548.0,disorder_rich_spacer_region,22,0.040145985401459854,AlcoR
K7ERG4,snRNA,78.0,acidic_region,23,0.2948717948717949,AlcoR
K7ERG4,snRNA,78.0,aromatic_sticker_region,19,0.24358974358974358,AlcoR
K7ERG4,snRNA,78.0,other,20,0.2564102564102564,AlcoR
M0QXD5,snoRNA,236.0,acidic_region,18,0.07627118644067797,AlcoR
M0QXD5,snoRNA,236.0,aromatic_sticker_region,53,0.2245762711864407,AlcoR
M0QXD5,snoRNA,236.0,cation_pi_rich_neighborhood,17,0.07203389830508475,AlcoR
M0QXD5,snoRNA,236.0,disorder_rich_spacer_region,21,0.08898305084745763,AlcoR
M0QXD5,snoRNA,236.0,hydrophobic_region,3,0.012711864406779662,AlcoR
M0QY97,unknown,910.0,other,14,0.015384615384615385,AlcoR
M0R050,diverse,197.0,aromatic_sticker_region,15,0.07614213197969544,AlcoR
M0R226,ribosomal protein,184.0,other,184,1.0,AlcoR
M0R2C6,tRNA,588.0,mixed_charge_polyampholyte,12,0.02040816326530612,AlcoR
O00148,mRNA,427.0,aromatic_sticker_region,63,0.14754098360655737,AlcoR
O00267,mRNA,1087.0,aromatic_sticker_region,46,0.04231830726770929,AlcoR
O00267,mRNA,1087.0,disorder_rich_spacer_region,13,0.011959521619135235,AlcoR
O00267,mRNA,1087.0,hydrophobic_region,29,0.02667893284268629,AlcoR
O00267,mRNA,1087.0,other,57,0.05243790248390064,AlcoR
O00267,mRNA,1087.0,unmapped_physicochemical_properties,37,0.03403863845446182,AlcoR
O00410,mRNA,1097.0,unmapped_physicochemical_properties,19,0.01731996353691887,AlcoR
O00411,mRNA,1230.0,aromatic_sticker_region,61,0.04959349593495935,AlcoR
O00411,mRNA,1230.0,hydrophobic_region,9,0.007317073170731708,AlcoR
O00411,mRNA,1230.0,other,19,0.015447154471544716,AlcoR
O00418,mRNA,725.0,aromatic_sticker_region,162,0.22344827586206897,AlcoR
O00425,mRNA,579.0,other,19,0.03281519861830743,AlcoR
O00442,tRNA,366.0,hydrophobic_region,15,0.040983606557377046,AlcoR
O00571,mRNA,662.0,acidic_region,28,0.04229607250755287,AlcoR
O00571,mRNA,662.0,aromatic_sticker_region,14,0.021148036253776436,AlcoR
O00571,mRNA,662.0,cation_pi_rich_neighborhood,13,0.019637462235649546,AlcoR
O00571,mRNA,662.0,hydrophobic_region,14,0.021148036253776436,AlcoR
O00571,mRNA,662.0,mixed_charge_polyampholyte,67,0.10120845921450151,AlcoR
O00571,mRNA,662.0,other,18,0.027190332326283987,AlcoR
O14746,ncRNA,1132.0,aromatic_sticker_region,142,0.1254416961130742,AlcoR
O14776,mRNA,1098.0,aromatic_sticker_region,101,0.09198542805100182,AlcoR
O14787,mRNA,897.0,aromatic_sticker_region,305,0.34002229654403565,AlcoR
O14879,ncRNA,490.0,aromatic_sticker_region,212,0.4326530612244898,AlcoR
O14979,mRNA,420.0,aromatic_sticker_region,60,0.14285714285714285,AlcoR
O14979,mRNA,420.0,other,354,0.8428571428571429,AlcoR
O14981,unknown,1849.0,aromatic_sticker_region,37,0.020010816657652784,AlcoR
O14981,unknown,1849.0,other,164,0.08869659275283938,AlcoR
O15042,snRNA,1029.0,aromatic_sticker_region,526,0.511175898931001,AlcoR
O15042,snRNA,1029.0,other,283,0.2750242954324587,AlcoR
O15047,ncRNA,1707.0,arginine_rich_rna_contact_region,13,0.007615700058582308,AlcoR
O15056,unknown,1496.0,aromatic_sticker_region,744,0.49732620320855614,AlcoR
O15056,unknown,1496.0,cation_pi_rich_neighborhood,555,0.3709893048128342,AlcoR
O15056,unknown,1496.0,mixed_charge_polyampholyte,90,0.06016042780748663,AlcoR
O15105,ncRNA,426.0,aromatic_sticker_region,269,0.6314553990610329,AlcoR
O15105,ncRNA,426.0,cation_pi_rich_neighborhood,149,0.34976525821596244,AlcoR
O15226,unknown,690.0,aromatic_sticker_region,358,0.518840579710145,AlcoR
O15226,unknown,690.0,mixed_charge_polyampholyte,320,0.463768115942029,AlcoR
O15371,mRNA,548.0,mixed_charge_polyampholyte,17,0.03102189781021898,AlcoR
O15446,pre-rRNA,510.0,cation_pi_rich_neighborhood,457,0.8960784313725491,AlcoR
O15446,pre-rRNA,510.0,mixed_charge_polyampholyte,46,0.09019607843137255,AlcoR
O15455,ncRNA,904.0,aromatic_sticker_region,897,0.9922566371681416,AlcoR
O15504,mRNA,423.0,aromatic_sticker_region,177,0.41843971631205673,AlcoR
O15504,mRNA,423.0,hydrophobic_region,2,0.004728132387706856,AlcoR
O15504,mRNA,423.0,other,138,0.3262411347517731,AlcoR
O15504,mRNA,423.0,unmapped_physicochemical_properties,80,0.18912529550827423,AlcoR
O15523,mRNA,660.0,other,31,0.04696969696969697,AlcoR
O15541,snRNA,343.0,mixed_charge_polyampholyte,69,0.20116618075801748,AlcoR
O43143,mRNA,795.0,acidic_region,37,0.04654088050314465,AlcoR
O43143,mRNA,795.0,aromatic_sticker_region,206,0.2591194968553459,AlcoR
O43143,mRNA,795.0,cation_pi_rich_neighborhood,44,0.055345911949685536,AlcoR
O43143,mRNA,795.0,disorder_rich_spacer_region,45,0.05660377358490566,AlcoR
O43143,mRNA,795.0,mixed_charge_polyampholyte,43,0.05408805031446541,AlcoR
O43143,mRNA,795.0,unmapped_physicochemical_properties,37,0.04654088050314465,AlcoR
O43148,mRNA,476.0,hydrophobic_region,10,0.02100840336134454,AlcoR
O43159,pre-rRNA,456.0,aromatic_sticker_region,31,0.06798245614035088,AlcoR
O43251,mRNA,390.0,aromatic_sticker_region,42,0.1076923076923077,AlcoR
O43251,mRNA,390.0,other,342,0.8769230769230769,AlcoR
O43395,snRNA,683.0,mixed_charge_polyampholyte,27,0.03953147877013177,AlcoR
O43395,snRNA,683.0,other,640,0.9370424597364568,AlcoR
O43426,unknown,1573.0,aromatic_sticker_region,1257,0.7991099809281628,AlcoR
O43426,unknown,1573.0,cation_pi_rich_neighborhood,304,0.19326128417037508,AlcoR
O43541,ncRNA,496.0,arginine_rich_rna_contact_region,17,0.034274193548387094,AlcoR
O43541,ncRNA,496.0,aromatic_sticker_region,21,0.04233870967741935,AlcoR
O43541,ncRNA,496.0,disorder_rich_spacer_region,28,0.056451612903225805,AlcoR
O43541,ncRNA,496.0,other,6,0.012096774193548387,AlcoR
O43541,ncRNA,496.0,unmapped_physicochemical_properties,16,0.03225806451612903,AlcoR
O43660,mRNA,514.0,aromatic_sticker_region,42,0.08171206225680934,AlcoR
O43660,mRNA,514.0,disorder_rich_spacer_region,38,0.07392996108949416,AlcoR
O43709,pre-rRNA,281.0,aromatic_sticker_region,281,1.0,AlcoR
O43716,tRNA,136.0,aromatic_sticker_region,136,1.0,AlcoR
O43719,mRNA,755.0,aromatic_sticker_region,357,0.4728476821192053,AlcoR
O43818,snoRNA,475.0,aromatic_sticker_region,116,0.24421052631578946,AlcoR
O60287,pre-rRNA,2271.0,acidic_region,34,0.014971378247468076,AlcoR
O60287,pre-rRNA,2271.0,aromatic_sticker_region,60,0.026420079260237782,AlcoR
O60287,pre-rRNA,2271.0,cation_pi_rich_neighborhood,13,0.005724350506384853,AlcoR
O60287,pre-rRNA,2271.0,disorder_rich_spacer_region,37,0.016292382210479964,AlcoR
O60287,pre-rRNA,2271.0,hydrophobic_region,39,0.017173051519154558,AlcoR
O60287,pre-rRNA,2271.0,other,18,0.007926023778071334,AlcoR
O60287,pre-rRNA,2271.0,unmapped_physicochemical_properties,74,0.03258476442095993,AlcoR
O60293,unknown,1989.0,acidic_region,34,0.017094017094017096,AlcoR
O60293,unknown,1989.0,aromatic_sticker_region,12,0.006033182503770739,AlcoR
O60293,unknown,1989.0,unmapped_physicochemical_properties,32,0.01608848667672197,AlcoR
O60306,mRNA,1485.0,disorder_rich_spacer_region,57,0.03838383838383838,AlcoR
O60306,mRNA,1485.0,other,12,0.00808080808080808,AlcoR
O60318,mRNA,1980.0,aromatic_sticker_region,504,0.2545454545454545,AlcoR
O60318,mRNA,1980.0,cation_pi_rich_neighborhood,316,0.1595959595959596,AlcoR
O60318,mRNA,1980.0,unmapped_physicochemical_properties,35,0.017676767676767676,AlcoR
O60506,mRNA,623.0,acidic_region,16,0.025682182985553772,AlcoR
O60506,mRNA,623.0,aromatic_sticker_region,57,0.09149277688603531,AlcoR
O60506,mRNA,623.0,cation_pi_rich_neighborhood,32,0.051364365971107544,AlcoR
O60522,ncRNA,2096.0,aromatic_sticker_region,12,0.0057251908396946565,AlcoR
O60522,ncRNA,2096.0,cation_pi_rich_neighborhood,141,0.06727099236641221,AlcoR
O60563,ncRNA,726.0,arginine_rich_rna_contact_region,14,0.01928374655647383,AlcoR
O60563,ncRNA,726.0,aromatic_sticker_region,134,0.18457300275482094,AlcoR
O60563,ncRNA,726.0,disorder_rich_spacer_region,30,0.04132231404958678,AlcoR
O60563,ncRNA,726.0,mixed_charge_polyampholyte,35,0.048209366391184574,AlcoR
O60573,mRNA,245.0,mixed_charge_polyampholyte,120,0.4897959183673469,AlcoR
O60603,unknown,784.0,acidic_region,12,0.015306122448979591,AlcoR
O60603,unknown,784.0,aromatic_sticker_region,552,0.7040816326530612,AlcoR
O60603,unknown,784.0,other,46,0.058673469387755105,AlcoR
O60739,mRNA,113.0,aromatic_sticker_region,106,0.9380530973451328,AlcoR
O60828,mRNA,265.0,aromatic_sticker_region,99,0.37358490566037733,AlcoR
O60828,mRNA,265.0,mixed_charge_polyampholyte,135,0.5094339622641509,AlcoR
O60828,mRNA,265.0,unmapped_physicochemical_properties,23,0.08679245283018867,AlcoR
O60841,tRNA,1220.0,acidic_region,18,0.014754098360655738,AlcoR
O60841,tRNA,1220.0,mixed_charge_polyampholyte,50,0.040983606557377046,AlcoR
O60942,mRNA,597.0,aromatic_sticker_region,403,0.6750418760469011,AlcoR
O75113,unknown,896.0,aromatic_sticker_region,238,0.265625,AlcoR
O75113,unknown,896.0,cation_pi_rich_neighborhood,139,0.15513392857142858,AlcoR
O75113,unknown,896.0,disorder_rich_spacer_region,16,0.017857142857142856,AlcoR
O75113,unknown,896.0,mixed_charge_polyampholyte,11,0.012276785714285714,AlcoR
O75113,unknown,896.0,other,14,0.015625,AlcoR
O75113,unknown,896.0,unmapped_physicochemical_properties,14,0.015625,AlcoR
O75123,unknown,536.0,aromatic_sticker_region,87,0.1623134328358209,AlcoR
O75152,mRNA,810.0,aromatic_sticker_region,189,0.23333333333333334,AlcoR
O75152,mRNA,810.0,cation_pi_rich_neighborhood,395,0.4876543209876543,AlcoR
O75152,mRNA,810.0,disorder_rich_spacer_region,46,0.056790123456790124,AlcoR
O75152,mRNA,810.0,mixed_charge_polyampholyte,29,0.03580246913580247,AlcoR
O75437,unknown,659.0,aromatic_sticker_region,166,0.251896813353566,AlcoR
O75437,unknown,659.0,other,61,0.09256449165402124,AlcoR
O75460,mRNA,977.0,aromatic_sticker_region,493,0.5046059365404298,AlcoR
O75460,mRNA,977.0,hydrophobic_region,20,0.02047082906857728,AlcoR
O75475,mRNA,530.0,acidic_region,13,0.024528301886792454,AlcoR
O75475,mRNA,530.0,disorder_rich_spacer_region,12,0.022641509433962263,AlcoR
O75475,mRNA,530.0,mixed_charge_polyampholyte,240,0.4528301886792453,AlcoR
O75494,mRNA,262.0,mixed_charge_polyampholyte,65,0.2480916030534351,AlcoR
O75494,mRNA,262.0,other,151,0.5763358778625954,AlcoR
O75525,mRNA,346.0,acidic_region,16,0.046242774566473986,AlcoR
O75525,mRNA,346.0,disorder_rich_spacer_region,15,0.04335260115606936,AlcoR
O75525,mRNA,346.0,mixed_charge_polyampholyte,104,0.30057803468208094,AlcoR
O75525,mRNA,346.0,other,173,0.5,AlcoR
O75525,mRNA,346.0,unmapped_physicochemical_properties,26,0.07514450867052024,AlcoR
O75643,snRNA,2136.0,unmapped_physicochemical_properties,16,0.00749063670411985,AlcoR
O75648,tRNA,421.0,aromatic_sticker_region,183,0.4346793349168646,AlcoR
O75691,snoRNA,2785.0,acidic_region,23,0.008258527827648115,AlcoR
O75691,snoRNA,2785.0,arginine_rich_rna_contact_region,17,0.006104129263913824,AlcoR
O75691,snoRNA,2785.0,aromatic_sticker_region,15,0.005385996409335727,AlcoR
O75691,snoRNA,2785.0,mixed_charge_polyampholyte,23,0.008258527827648115,AlcoR
O75792,diverse,299.0,aromatic_sticker_region,201,0.6722408026755853,AlcoR
O75792,diverse,299.0,cation_pi_rich_neighborhood,64,0.2140468227424749,AlcoR
O75792,diverse,299.0,unmapped_physicochemical_properties,18,0.06020066889632107,AlcoR
O75818,ncRNA,363.0,aromatic_sticker_region,14,0.03856749311294766,AlcoR
O75821,mRNA,320.0,acidic_region,48,0.15,AlcoR
O75821,mRNA,320.0,aromatic_sticker_region,25,0.078125,AlcoR
O75821,mRNA,320.0,cation_pi_rich_neighborhood,79,0.246875,AlcoR
O75821,mRNA,320.0,mixed_charge_polyampholyte,130,0.40625,AlcoR
O75923,unknown,2080.0,acidic_region,21,0.010096153846153847,AlcoR
O75923,unknown,2080.0,aromatic_sticker_region,396,0.19038461538461537,AlcoR
O75923,unknown,2080.0,cation_pi_rich_neighborhood,48,0.023076923076923078,AlcoR
O75923,unknown,2080.0,disorder_rich_spacer_region,30,0.014423076923076924,AlcoR
O75923,unknown,2080.0,unmapped_physicochemical_properties,17,0.008173076923076924,AlcoR
O77932,diverse,396.0,aromatic_sticker_region,119,0.3005050505050505,AlcoR
O94761,unknown,1208.0,aromatic_sticker_region,436,0.3609271523178808,AlcoR
O94761,unknown,1208.0,cation_pi_rich_neighborhood,561,0.4644039735099338,AlcoR
O94761,unknown,1208.0,mixed_charge_polyampholyte,110,0.09105960264900662,AlcoR
O94762,unknown,991.0,aromatic_sticker_region,686,0.6922300706357215,AlcoR
O94829,mRNA,963.0,arginine_rich_rna_contact_region,22,0.02284527518172378,AlcoR
O94829,mRNA,963.0,aromatic_sticker_region,375,0.3894080996884735,AlcoR
O94829,mRNA,963.0,cation_pi_rich_neighborhood,97,0.10072689511941849,AlcoR
O94829,mRNA,963.0,disorder_rich_spacer_region,28,0.029075804776739357,AlcoR
O94829,mRNA,963.0,unmapped_physicochemical_properties,20,0.020768431983385256,AlcoR
O94874,unknown,794.0,arginine_rich_rna_contact_region,20,0.02518891687657431,AlcoR
O94874,unknown,794.0,aromatic_sticker_region,374,0.47103274559193953,AlcoR
O94886,unknown,807.0,aromatic_sticker_region,477,0.5910780669144982,AlcoR
O94906,snRNA,941.0,aromatic_sticker_region,62,0.06588735387885228,AlcoR
O94906,snRNA,941.0,mixed_charge_polyampholyte,24,0.025504782146652496,AlcoR
O94913,mRNA,1555.0,aromatic_sticker_region,169,0.10868167202572347,AlcoR
O94992,ncRNA,359.0,arginine_rich_rna_contact_region,17,0.04735376044568245,AlcoR
O94992,ncRNA,359.0,cation_pi_rich_neighborhood,80,0.22284122562674094,AlcoR
O94992,ncRNA,359.0,disorder_rich_spacer_region,65,0.181058495821727,AlcoR
O95059,ncRNA,124.0,aromatic_sticker_region,21,0.1693548387096774,AlcoR
O95059,ncRNA,124.0,cation_pi_rich_neighborhood,96,0.7741935483870968,AlcoR
O95104,mRNA,1147.0,aromatic_sticker_region,17,0.014821272885789015,AlcoR
O95163,tRNA,1332.0,arginine_rich_rna_contact_region,14,0.010510510510510511,AlcoR
O95163,tRNA,1332.0,aromatic_sticker_region,616,0.4624624624624625,AlcoR
O95163,tRNA,1332.0,cation_pi_rich_neighborhood,50,0.03753753753753754,AlcoR
O95319,mRNA,508.0,aromatic_sticker_region,129,0.25393700787401574,AlcoR
O95319,mRNA,508.0,cation_pi_rich_neighborhood,377,0.7421259842519685,AlcoR
O95363,tRNA,451.0,aromatic_sticker_region,14,0.031042128603104215,AlcoR
O95391,mRNA,586.0,aromatic_sticker_region,72,0.12286689419795221,AlcoR
O95391,mRNA,586.0,mixed_charge_polyampholyte,366,0.6245733788395904,AlcoR
O95391,mRNA,586.0,other,33,0.05631399317406143,AlcoR
O95396,tRNA,460.0,cation_pi_rich_neighborhood,227,0.4934782608695652,AlcoR
O95396,tRNA,460.0,disorder_rich_spacer_region,78,0.16956521739130434,AlcoR
O95453,mRNA,639.0,aromatic_sticker_region,308,0.48200312989045385,AlcoR
O95453,mRNA,639.0,mixed_charge_polyampholyte,52,0.081377151799687,AlcoR
O95639,mRNA,269.0,aromatic_sticker_region,22,0.08178438661710037,AlcoR
O95758,mRNA,552.0,aromatic_sticker_region,336,0.6086956521739131,AlcoR
O95758,mRNA,552.0,cation_pi_rich_neighborhood,209,0.3786231884057971,AlcoR
O95777,snRNA,96.0,cation_pi_rich_neighborhood,96,1.0,AlcoR
O95900,tRNA,331.0,aromatic_sticker_region,269,0.8126888217522659,AlcoR
O95985,mRNA,862.0,acidic_region,12,0.013921113689095127,AlcoR
O95985,mRNA,862.0,aromatic_sticker_region,146,0.16937354988399073,AlcoR
O95985,mRNA,862.0,hydrophobic_region,12,0.013921113689095127,AlcoR
O95985,mRNA,862.0,unmapped_physicochemical_properties,57,0.06612529002320186,AlcoR
O96006,unknown,694.0,aromatic_sticker_region,361,0.5201729106628242,AlcoR
P04406,mRNA,335.0,other,18,0.05373134328358209,AlcoR
P08240,ncRNA,638.0,cation_pi_rich_neighborhood,633,0.9921630094043887,AlcoR
P08865,ribosomal protein,295.0,aromatic_sticker_region,200,0.6779661016949152,AlcoR
P09913,ncRNA,472.0,aromatic_sticker_region,134,0.2838983050847458,AlcoR
P09913,ncRNA,472.0,mixed_charge_polyampholyte,132,0.2796610169491525,AlcoR
P09914,ncRNA,478.0,aromatic_sticker_region,48,0.100418410041841,AlcoR
P09914,ncRNA,478.0,disorder_rich_spacer_region,36,0.07531380753138076,AlcoR
P09914,ncRNA,478.0,mixed_charge_polyampholyte,39,0.08158995815899582,AlcoR
P0C7T5,mRNA,689.0,aromatic_sticker_region,178,0.25834542815674894,AlcoR
P0CB38,mRNA,370.0,acidic_region,18,0.04864864864864865,AlcoR
P0CB38,mRNA,370.0,arginine_rich_rna_contact_region,21,0.05675675675675676,AlcoR
P0CB38,mRNA,370.0,aromatic_sticker_region,53,0.14324324324324325,AlcoR
P0CB38,mRNA,370.0,disorder_rich_spacer_region,13,0.03513513513513514,AlcoR
P0CB38,mRNA,370.0,other,13,0.03513513513513514,AlcoR
P0DJD3,mRNA,496.0,disorder_rich_spacer_region,15,0.03024193548387097,AlcoR
P10155,unknown,538.0,aromatic_sticker_region,192,0.35687732342007433,AlcoR
P10155,unknown,538.0,disorder_rich_spacer_region,16,0.02973977695167286,AlcoR
P10155,unknown,538.0,unmapped_physicochemical_properties,22,0.040892193308550186,AlcoR
P13639,tRNA,858.0,aromatic_sticker_region,141,0.16433566433566432,AlcoR
P14866,mRNA,589.0,aromatic_sticker_region,154,0.2614601018675722,AlcoR
P15170,mRNA,499.0,aromatic_sticker_region,234,0.46893787575150303,AlcoR
P15918,unknown,1043.0,arginine_rich_rna_contact_region,42,0.040268456375838924,AlcoR
P15918,unknown,1043.0,aromatic_sticker_region,143,0.137104506232023,AlcoR
P15918,unknown,1043.0,mixed_charge_polyampholyte,12,0.011505273250239693,AlcoR
P15918,unknown,1043.0,other,27,0.02588686481303931,AlcoR
P16383,mRNA,781.0,unmapped_physicochemical_properties,21,0.026888604353393086,AlcoR
P16989,mRNA,372.0,other,372,1.0,AlcoR
P17039,unknown,623.0,aromatic_sticker_region,16,0.025682182985553772,AlcoR
P17039,unknown,623.0,cation_pi_rich_neighborhood,14,0.02247191011235955,AlcoR
P17480,pre-rRNA,764.0,arginine_rich_rna_contact_region,14,0.01832460732984293,AlcoR
P18583,mRNA,2426.0,disorder_rich_spacer_region,30,0.01236603462489695,AlcoR
P19525,ncRNA,551.0,aromatic_sticker_region,56,0.10163339382940109,AlcoR
P19525,ncRNA,551.0,cation_pi_rich_neighborhood,105,0.19056261343012704,AlcoR
P21128,snoRNA,410.0,aromatic_sticker_region,120,0.2926829268292683,AlcoR
P21399,mRNA,889.0,aromatic_sticker_region,6,0.006749156355455568,AlcoR
P21506,unknown,573.0,aromatic_sticker_region,58,0.1012216404886562,AlcoR
P22314,mRNA,1058.0,aromatic_sticker_region,41,0.038752362948960305,AlcoR
P22314,mRNA,1058.0,cation_pi_rich_neighborhood,67,0.06332703213610585,AlcoR
P25311,unknown,298.0,unmapped_physicochemical_properties,13,0.0436241610738255,AlcoR
P25398,ribosomal protein,132.0,cation_pi_rich_neighborhood,42,0.3181818181818182,AlcoR
P26358,ncRNA,1616.0,aromatic_sticker_region,52,0.03217821782178218,AlcoR
P26358,ncRNA,1616.0,mixed_charge_polyampholyte,29,0.017945544554455444,AlcoR
P26599,mRNA,557.0,cation_pi_rich_neighborhood,15,0.026929982046678635,AlcoR
P26599,mRNA,557.0,unmapped_physicochemical_properties,29,0.05206463195691203,AlcoR
P26639,tRNA,723.0,acidic_region,13,0.017980636237897647,AlcoR
P26639,tRNA,723.0,arginine_rich_rna_contact_region,12,0.016597510373443983,AlcoR
P26639,tRNA,723.0,aromatic_sticker_region,22,0.030428769017980636,AlcoR
P26639,tRNA,723.0,mixed_charge_polyampholyte,105,0.14522821576763487,AlcoR
P26639,tRNA,723.0,other,36,0.04979253112033195,AlcoR
P26639,tRNA,723.0,unmapped_physicochemical_properties,15,0.02074688796680498,AlcoR
P26641,tRNA,437.0,aromatic_sticker_region,17,0.038901601830663615,AlcoR
P26641,tRNA,437.0,mixed_charge_polyampholyte,12,0.02745995423340961,AlcoR
P29692,tRNA,281.0,disorder_rich_spacer_region,15,0.05338078291814947,AlcoR
P29692,tRNA,281.0,other,29,0.10320284697508897,AlcoR
P29728,ncRNA,719.0,aromatic_sticker_region,44,0.061196105702364396,AlcoR
P29728,ncRNA,719.0,other,16,0.022253129346314324,AlcoR
P31483,mRNA,386.0,aromatic_sticker_region,72,0.18652849740932642,AlcoR
P31483,mRNA,386.0,unmapped_physicochemical_properties,14,0.03626943005181347,AlcoR
P31943,mRNA,449.0,aromatic_sticker_region,67,0.1492204899777283,AlcoR
P31943,mRNA,449.0,mixed_charge_polyampholyte,77,0.1714922048997773,AlcoR
P31943,mRNA,449.0,other,132,0.29398663697104677,AlcoR
P31944,unknown,242.0,aromatic_sticker_region,197,0.8140495867768595,AlcoR
P31944,unknown,242.0,unmapped_physicochemical_properties,37,0.15289256198347106,AlcoR
P32969,ribosomal protein,192.0,unmapped_physicochemical_properties,22,0.11458333333333333,AlcoR
P33240,mRNA,577.0,acidic_region,16,0.02772963604852686,AlcoR
P33240,mRNA,577.0,mixed_charge_polyampholyte,17,0.029462738301559793,AlcoR
P35789,unknown,620.0,unmapped_physicochemical_properties,12,0.01935483870967742,AlcoR
P38398,ncRNA,1863.0,aromatic_sticker_region,133,0.07139023081052066,AlcoR
P38398,ncRNA,1863.0,cation_pi_rich_neighborhood,611,0.32796564680622653,AlcoR
P38398,ncRNA,1863.0,unmapped_physicochemical_properties,17,0.00912506709608159,AlcoR
P40429,ribosomal protein,203.0,arginine_rich_rna_contact_region,75,0.3694581280788177,AlcoR
P40429,ribosomal protein,203.0,other,20,0.09852216748768473,AlcoR
P41250,tRNA,739.0,acidic_region,54,0.07307171853856563,AlcoR
P41250,tRNA,739.0,aromatic_sticker_region,125,0.16914749661705006,AlcoR
P41250,tRNA,739.0,mixed_charge_polyampholyte,63,0.08525033829499323,AlcoR
P41250,tRNA,739.0,other,19,0.02571041948579161,AlcoR
P41250,tRNA,739.0,unmapped_physicochemical_properties,33,0.044654939106901215,AlcoR
P41252,tRNA,1262.0,acidic_region,24,0.01901743264659271,AlcoR
P41252,tRNA,1262.0,aromatic_sticker_region,161,0.12757527733755944,AlcoR
P42285,diverse,1042.0,aromatic_sticker_region,313,0.30038387715930903,AlcoR
P42285,diverse,1042.0,hydrophobic_region,13,0.012476007677543186,AlcoR
P42285,diverse,1042.0,mixed_charge_polyampholyte,21,0.02015355086372361,AlcoR
P42285,diverse,1042.0,unmapped_physicochemical_properties,19,0.018234165067178502,AlcoR
P42694,mRNA,1942.0,aromatic_sticker_region,730,0.37590113285272914,AlcoR
P43243,mRNA,847.0,aromatic_sticker_region,426,0.5029515938606848,AlcoR
P43243,mRNA,847.0,cation_pi_rich_neighborhood,342,0.4037780401416765,AlcoR
P43897,mRNA,325.0,aromatic_sticker_region,325,1.0,AlcoR
P46087,pre-rRNA,812.0,aromatic_sticker_region,314,0.3866995073891626,AlcoR
P46087,pre-rRNA,812.0,mixed_charge_polyampholyte,326,0.4014778325123153,AlcoR
P46100,unknown,2492.0,aromatic_sticker_region,84,0.033707865168539325,AlcoR
P46100,unknown,2492.0,cation_pi_rich_neighborhood,234,0.09390048154093097,AlcoR
P49411,mRNA,455.0,aromatic_sticker_region,21,0.046153846153846156,AlcoR
P49411,mRNA,455.0,disorder_rich_spacer_region,16,0.035164835164835165,AlcoR
P49411,mRNA,455.0,unmapped_physicochemical_properties,45,0.0989010989010989,AlcoR
P49588,tRNA,968.0,hydrophobic_region,13,0.013429752066115703,AlcoR
P49588,tRNA,968.0,mixed_charge_polyampholyte,25,0.025826446280991736,AlcoR
P49588,tRNA,968.0,unmapped_physicochemical_properties,52,0.05371900826446281,AlcoR
P49589,tRNA,748.0,acidic_region,12,0.016042780748663103,AlcoR
P49589,tRNA,748.0,aromatic_sticker_region,47,0.06283422459893048,AlcoR
P49589,tRNA,748.0,disorder_rich_spacer_region,31,0.04144385026737968,AlcoR
P49589,tRNA,748.0,hydrophobic_region,20,0.026737967914438502,AlcoR
P49590,tRNA,506.0,arginine_rich_rna_contact_region,12,0.023715415019762844,AlcoR
P49642,diverse,420.0,other,17,0.04047619047619048,AlcoR
P49760,mRNA,499.0,other,499,1.0,AlcoR
P49761,mRNA,490.0,aromatic_sticker_region,317,0.6469387755102041,AlcoR
P49770,mRNA,351.0,unmapped_physicochemical_properties,31,0.08831908831908832,AlcoR
P49790,diverse,1475.0,arginine_rich_rna_contact_region,35,0.023728813559322035,AlcoR
P49790,diverse,1475.0,aromatic_sticker_region,16,0.010847457627118645,AlcoR
P49790,diverse,1475.0,disorder_rich_spacer_region,27,0.01830508474576271,AlcoR
P49790,diverse,1475.0,other,14,0.009491525423728813,AlcoR
P49792,mRNA,3224.0,aromatic_sticker_region,214,0.0663771712158809,AlcoR
P49792,mRNA,3224.0,cation_pi_rich_neighborhood,26,0.008064516129032258,AlcoR
P50750,ncRNA,372.0,aromatic_sticker_region,290,0.7795698924731183,AlcoR
P50914,ribosomal protein,215.0,arginine_rich_rna_contact_region,33,0.15348837209302327,AlcoR
P50914,ribosomal protein,215.0,aromatic_sticker_region,26,0.12093023255813953,AlcoR
P51114,mRNA,621.0,acidic_region,12,0.01932367149758454,AlcoR
P51116,mRNA,673.0,aromatic_sticker_region,303,0.45022288261515603,AlcoR
P51116,mRNA,673.0,other,155,0.2303120356612184,AlcoR
P51508,unknown,661.0,aromatic_sticker_region,60,0.0907715582450832,AlcoR
P51825,mRNA,1210.0,cation_pi_rich_neighborhood,48,0.03966942148760331,AlcoR
P51825,mRNA,1210.0,disorder_rich_spacer_region,37,0.030578512396694214,AlcoR
P51825,mRNA,1210.0,other,62,0.0512396694214876,AlcoR
P51843,mRNA,470.0,aromatic_sticker_region,77,0.16382978723404254,AlcoR
P51843,mRNA,470.0,cation_pi_rich_neighborhood,66,0.14042553191489363,AlcoR
P51991,mRNA,378.0,other,378,1.0,AlcoR
P52272,mRNA,730.0,aromatic_sticker_region,13,0.01780821917808219,AlcoR
P52597,mRNA,415.0,aromatic_sticker_region,18,0.043373493975903614,AlcoR
P52815,ribosomal protein,198.0,disorder_rich_spacer_region,18,0.09090909090909091,AlcoR
P52815,ribosomal protein,198.0,unmapped_physicochemical_properties,38,0.1919191919191919,AlcoR
P54136,tRNA,660.0,aromatic_sticker_region,36,0.05454545454545454,AlcoR
P54253,mRNA,815.0,aromatic_sticker_region,244,0.29938650306748466,AlcoR
P54253,mRNA,815.0,cation_pi_rich_neighborhood,136,0.1668711656441718,AlcoR
P54577,tRNA,528.0,aromatic_sticker_region,26,0.04924242424242424,AlcoR
P55010,mRNA,431.0,other,3,0.0069605568445475635,AlcoR
P56182,pre-rRNA,461.0,aromatic_sticker_region,161,0.3492407809110629,AlcoR
P56182,pre-rRNA,461.0,unmapped_physicochemical_properties,39,0.08459869848156182,AlcoR
P56270,unknown,477.0,arginine_rich_rna_contact_region,29,0.06079664570230608,AlcoR
P56270,unknown,477.0,aromatic_sticker_region,53,0.1111111111111111,AlcoR
P56270,unknown,477.0,cation_pi_rich_neighborhood,135,0.2830188679245283,AlcoR
P56270,unknown,477.0,disorder_rich_spacer_region,20,0.041928721174004195,AlcoR
P57052,mRNA,281.0,aromatic_sticker_region,39,0.1387900355871886,AlcoR
P57081,tRNA,412.0,arginine_rich_rna_contact_region,23,0.055825242718446605,AlcoR
P57081,tRNA,412.0,aromatic_sticker_region,51,0.12378640776699029,AlcoR
P57081,tRNA,412.0,hydrophobic_region,12,0.02912621359223301,AlcoR
P57678,snRNA,1058.0,aromatic_sticker_region,6,0.005671077504725898,AlcoR
P57772,tRNA,596.0,aromatic_sticker_region,12,0.020134228187919462,AlcoR
P57772,tRNA,596.0,hydrophobic_region,15,0.025167785234899327,AlcoR
P60842,mRNA,406.0,aromatic_sticker_region,51,0.12561576354679804,AlcoR
P60842,mRNA,406.0,cation_pi_rich_neighborhood,120,0.2955665024630542,AlcoR
P61129,unknown,1189.0,acidic_region,43,0.03616484440706476,AlcoR
P61129,unknown,1189.0,aromatic_sticker_region,88,0.07401177460050462,AlcoR
P61129,unknown,1189.0,disorder_rich_spacer_region,18,0.015138772077375946,AlcoR
P61129,unknown,1189.0,other,11,0.009251471825063078,AlcoR
P61129,unknown,1189.0,unmapped_physicochemical_properties,38,0.031959629941127,AlcoR
P61970,mRNA,127.0,aromatic_sticker_region,127,1.0,AlcoR
P62241,ribosomal protein,208.0,aromatic_sticker_region,20,0.09615384615384616,AlcoR
P62241,ribosomal protein,208.0,disorder_rich_spacer_region,15,0.07211538461538461,AlcoR
P62241,ribosomal protein,208.0,other,22,0.10576923076923077,AlcoR
P62241,ribosomal protein,208.0,unmapped_physicochemical_properties,25,0.1201923076923077,AlcoR
P62249,ribosomal protein,146.0,aromatic_sticker_region,146,1.0,AlcoR
P62269,ribosomal protein,152.0,aromatic_sticker_region,126,0.8289473684210527,AlcoR
P62277,ribosomal protein,151.0,aromatic_sticker_region,66,0.4370860927152318,AlcoR
P62277,ribosomal protein,151.0,other,84,0.5562913907284768,AlcoR
P62304,snRNA,92.0,acidic_region,12,0.13043478260869565,AlcoR
P62304,snRNA,92.0,hydrophobic_region,9,0.09782608695652174,AlcoR
P62316,snRNA,118.0,acidic_region,14,0.11864406779661017,AlcoR
P62633,mRNA,177.0,mixed_charge_polyampholyte,96,0.5423728813559322,AlcoR
P62701,ribosomal protein,263.0,aromatic_sticker_region,12,0.045627376425855515,AlcoR
P62750,ribosomal protein,156.0,arginine_rich_rna_contact_region,12,0.07692307692307693,AlcoR
P62753,ribosomal protein,249.0,disorder_rich_spacer_region,16,0.0642570281124498,AlcoR
P62826,mRNA,216.0,aromatic_sticker_region,216,1.0,AlcoR
P62851,ribosomal protein,125.0,disorder_rich_spacer_region,18,0.144,AlcoR
P62851,ribosomal protein,125.0,unmapped_physicochemical_properties,43,0.344,AlcoR
P62861,ribosomal protein,133.0,arginine_rich_rna_contact_region,48,0.3609022556390977,AlcoR
P62861,ribosomal protein,133.0,aromatic_sticker_region,37,0.2781954887218045,AlcoR
P62861,ribosomal protein,133.0,unmapped_physicochemical_properties,15,0.11278195488721804,AlcoR
P62875,mRNA,67.0,hydrophobic_region,11,0.16417910447761194,AlcoR
P62888,ribosomal protein,115.0,other,7,0.06086956521739131,AlcoR
P62891,ribosomal protein,51.0,arginine_rich_rna_contact_region,16,0.3137254901960784,AlcoR
P62995,mRNA,288.0,other,242,0.8402777777777778,AlcoR
P67809,mRNA,324.0,mixed_charge_polyampholyte,16,0.04938271604938271,AlcoR
P67809,mRNA,324.0,other,15,0.046296296296296294,AlcoR
P68104,tRNA,462.0,aromatic_sticker_region,39,0.08441558441558442,AlcoR
P68104,tRNA,462.0,cation_pi_rich_neighborhood,49,0.10606060606060606,AlcoR
P68104,tRNA,462.0,unmapped_physicochemical_properties,58,0.12554112554112554,AlcoR
P78316,pre-rRNA,857.0,disorder_rich_spacer_region,15,0.01750291715285881,AlcoR
P78317,unknown,190.0,cation_pi_rich_neighborhood,52,0.2736842105263158,AlcoR
P78346,ncRNA,268.0,disorder_rich_spacer_region,12,0.04477611940298507,AlcoR
P78563,mRNA,741.0,aromatic_sticker_region,307,0.4143049932523617,AlcoR
P82675,ribosomal protein,430.0,mixed_charge_polyampholyte,44,0.10232558139534884,AlcoR
P82912,ribosomal protein,194.0,aromatic_sticker_region,25,0.12886597938144329,AlcoR
P82979,mRNA,210.0,disorder_rich_spacer_region,15,0.07142857142857142,AlcoR
P82979,mRNA,210.0,other,18,0.08571428571428572,AlcoR
P84022,ncRNA,425.0,aromatic_sticker_region,78,0.18352941176470589,AlcoR
P84022,ncRNA,425.0,other,33,0.07764705882352942,AlcoR
P84103,mRNA,164.0,aromatic_sticker_region,59,0.3597560975609756,AlcoR
P86452,unknown,979.0,other,390,0.3983656792645557,AlcoR
Q00059,mRNA,246.0,aromatic_sticker_region,125,0.508130081300813,AlcoR
Q00059,mRNA,246.0,mixed_charge_polyampholyte,81,0.32926829268292684,AlcoR
Q00341,mRNA,1268.0,unmapped_physicochemical_properties,14,0.011041009463722398,AlcoR
Q00839,mRNA,825.0,other,357,0.43272727272727274,AlcoR
Q01085,mRNA,375.0,aromatic_sticker_region,181,0.4826666666666667,AlcoR
Q01130,mRNA,221.0,disorder_rich_spacer_region,15,0.06787330316742081,AlcoR
Q01130,mRNA,221.0,other,133,0.6018099547511312,AlcoR
Q01844,unknown,656.0,aromatic_sticker_region,240,0.36585365853658536,AlcoR
Q01844,unknown,656.0,cation_pi_rich_neighborhood,49,0.07469512195121951,AlcoR
Q01844,unknown,656.0,other,164,0.25,AlcoR
Q04637,mRNA,1599.0,aromatic_sticker_region,98,0.06128830519074421,AlcoR
Q05048,mRNA,431.0,aromatic_sticker_region,190,0.4408352668213457,AlcoR
Q05519,mRNA,484.0,cation_pi_rich_neighborhood,103,0.2128099173553719,AlcoR
Q05519,mRNA,484.0,other,375,0.7747933884297521,AlcoR
Q05639,tRNA,463.0,aromatic_sticker_region,21,0.04535637149028078,AlcoR
Q05639,tRNA,463.0,hydrophobic_region,15,0.032397408207343416,AlcoR
Q06265,diverse,439.0,aromatic_sticker_region,16,0.03644646924829157,AlcoR
Q06265,diverse,439.0,cation_pi_rich_neighborhood,62,0.14123006833712984,AlcoR
Q06265,diverse,439.0,hydrophobic_region,19,0.04328018223234624,AlcoR
Q06265,diverse,439.0,unmapped_physicochemical_properties,22,0.05011389521640091,AlcoR
Q06787,mRNA,632.0,aromatic_sticker_region,75,0.11867088607594936,AlcoR
Q06787,mRNA,632.0,mixed_charge_polyampholyte,62,0.0981012658227848,AlcoR
Q07021,mRNA,282.0,acidic_region,30,0.10638297872340426,AlcoR
Q07352,mRNA,338.0,aromatic_sticker_region,231,0.6834319526627219,AlcoR
Q07352,mRNA,338.0,other,99,0.29289940828402367,AlcoR
Q07666,mRNA,443.0,disorder_rich_spacer_region,24,0.05417607223476298,AlcoR
Q07666,mRNA,443.0,other,416,0.9390519187358917,AlcoR
Q07864,unknown,2286.0,acidic_region,12,0.005249343832020997,AlcoR
Q07864,unknown,2286.0,arginine_rich_rna_contact_region,22,0.009623797025371828,AlcoR
Q07864,unknown,2286.0,aromatic_sticker_region,85,0.03718285214348206,AlcoR
Q07864,unknown,2286.0,unmapped_physicochemical_properties,33,0.014435695538057743,AlcoR
Q08117,unknown,197.0,aromatic_sticker_region,167,0.8477157360406091,AlcoR
Q08170,mRNA,494.0,other,167,0.33805668016194335,AlcoR
Q08211,ncRNA,1270.0,unmapped_physicochemical_properties,18,0.014173228346456693,AlcoR
Q08AF3,unknown,891.0,mixed_charge_polyampholyte,13,0.014590347923681257,AlcoR
Q08AF3,unknown,891.0,unmapped_physicochemical_properties,14,0.015712682379349047,AlcoR
Q09161,mRNA,790.0,aromatic_sticker_region,13,0.016455696202531647,AlcoR
Q12788,snoRNA,808.0,acidic_region,3,0.0037128712871287127,AlcoR
Q12788,snoRNA,808.0,aromatic_sticker_region,58,0.07178217821782178,AlcoR
Q12788,snoRNA,808.0,unmapped_physicochemical_properties,18,0.022277227722772276,AlcoR
Q12872,mRNA,951.0,other,12,0.012618296529968454,AlcoR
Q12905,mRNA,390.0,other,390,1.0,AlcoR
Q12906,mRNA,894.0,unmapped_physicochemical_properties,21,0.02348993288590604,AlcoR
Q12996,mRNA,717.0,aromatic_sticker_region,588,0.8200836820083682,AlcoR
Q12996,mRNA,717.0,mixed_charge_polyampholyte,121,0.16875871687587168,AlcoR
Q13064,mRNA,507.0,aromatic_sticker_region,299,0.5897435897435898,AlcoR
Q13117,mRNA,558.0,aromatic_sticker_region,281,0.503584229390681,AlcoR
Q13148,mRNA,414.0,aromatic_sticker_region,197,0.4758454106280193,AlcoR
Q13151,mRNA,305.0,other,305,1.0,AlcoR
Q13325,tRNA,482.0,aromatic_sticker_region,251,0.520746887966805,AlcoR
Q13325,tRNA,482.0,unmapped_physicochemical_properties,18,0.03734439834024896,AlcoR
Q13360,unknown,481.0,mixed_charge_polyampholyte,20,0.04158004158004158,AlcoR
Q13405,ribosomal protein,166.0,arginine_rich_rna_contact_region,12,0.07228915662650602,AlcoR
Q13405,ribosomal protein,166.0,aromatic_sticker_region,27,0.16265060240963855,AlcoR
Q13405,ribosomal protein,166.0,hydrophobic_region,14,0.08433734939759036,AlcoR
Q13405,ribosomal protein,166.0,mixed_charge_polyampholyte,22,0.13253012048192772,AlcoR
Q13428,pre-rRNA,1488.0,acidic_region,38,0.025537634408602152,AlcoR
Q13428,pre-rRNA,1488.0,cation_pi_rich_neighborhood,748,0.5026881720430108,AlcoR
Q13428,pre-rRNA,1488.0,disorder_rich_spacer_region,42,0.028225806451612902,AlcoR
Q13428,pre-rRNA,1488.0,other,39,0.02620967741935484,AlcoR
Q13428,pre-rRNA,1488.0,unmapped_physicochemical_properties,21,0.014112903225806451,AlcoR
Q13523,snRNA,1007.0,aromatic_sticker_region,44,0.04369414101290963,AlcoR
Q13523,snRNA,1007.0,cation_pi_rich_neighborhood,65,0.06454816285998013,AlcoR
Q13523,snRNA,1007.0,hydrophobic_region,14,0.013902681231380337,AlcoR
Q13523,snRNA,1007.0,other,72,0.07149950347567031,AlcoR
Q13523,snRNA,1007.0,unmapped_physicochemical_properties,25,0.024826216484607744,AlcoR
Q13595,mRNA,282.0,aromatic_sticker_region,25,0.08865248226950355,AlcoR
Q13769,mRNA,683.0,other,20,0.029282576866764276,AlcoR
Q13769,mRNA,683.0,unmapped_physicochemical_properties,14,0.020497803806734993,AlcoR
Q13823,pre-rRNA,731.0,unmapped_physicochemical_properties,23,0.03146374829001368,AlcoR
Q13895,pre-rRNA,437.0,aromatic_sticker_region,117,0.26773455377574373,AlcoR
Q13895,pre-rRNA,437.0,mixed_charge_polyampholyte,246,0.562929061784897,AlcoR
Q14011,mRNA,172.0,aromatic_sticker_region,57,0.3313953488372093,AlcoR
Q14137,pre-rRNA,746.0,arginine_rich_rna_contact_region,13,0.01742627345844504,AlcoR
Q14137,pre-rRNA,746.0,aromatic_sticker_region,13,0.01742627345844504,AlcoR
Q14146,pre-rRNA,1524.0,arginine_rich_rna_contact_region,6,0.003937007874015748,AlcoR
Q14146,pre-rRNA,1524.0,aromatic_sticker_region,98,0.06430446194225722,AlcoR
Q14146,pre-rRNA,1524.0,disorder_rich_spacer_region,35,0.022965879265091863,AlcoR
Q14146,pre-rRNA,1524.0,unmapped_physicochemical_properties,16,0.010498687664041995,AlcoR
Q14147,mRNA,1143.0,aromatic_sticker_region,70,0.06124234470691164,AlcoR
Q14147,mRNA,1143.0,cation_pi_rich_neighborhood,14,0.012248468941382326,AlcoR
Q14147,mRNA,1143.0,disorder_rich_spacer_region,32,0.02799650043744532,AlcoR
Q14147,mRNA,1143.0,unmapped_physicochemical_properties,73,0.06386701662292213,AlcoR
Q14151,mRNA,953.0,acidic_region,97,0.10178384050367262,AlcoR
Q14151,mRNA,953.0,arginine_rich_rna_contact_region,119,0.1248688352570829,AlcoR
Q14151,mRNA,953.0,aromatic_sticker_region,86,0.09024134312696747,AlcoR
Q14151,mRNA,953.0,disorder_rich_spacer_region,35,0.03672612801678909,AlcoR
Q14151,mRNA,953.0,mixed_charge_polyampholyte,63,0.06610703043022036,AlcoR
Q14152,mRNA,1382.0,mixed_charge_polyampholyte,606,0.4384949348769899,AlcoR
Q14152,mRNA,1382.0,other,422,0.3053545586107091,AlcoR
Q14204,mRNA,4646.0,acidic_region,55,0.011838140335772707,AlcoR
Q14204,mRNA,4646.0,arginine_rich_rna_contact_region,64,0.013775290572535515,AlcoR
Q14204,mRNA,4646.0,aromatic_sticker_region,319,0.0686612139474817,AlcoR
Q14204,mRNA,4646.0,hydrophobic_region,42,0.009040034438226431,AlcoR
Q14204,mRNA,4646.0,mixed_charge_polyampholyte,218,0.046922083512699095,AlcoR
Q14204,mRNA,4646.0,other,13,0.0027981058975462764,AlcoR
Q14204,mRNA,4646.0,unmapped_physicochemical_properties,80,0.017219113215669393,AlcoR
Q14249,diverse,297.0,aromatic_sticker_region,64,0.21548821548821548,AlcoR
Q14249,diverse,297.0,disorder_rich_spacer_region,31,0.10437710437710437,AlcoR
Q14249,diverse,297.0,hydrophobic_region,17,0.05723905723905724,AlcoR
Q14249,diverse,297.0,unmapped_physicochemical_properties,22,0.07407407407407407,AlcoR
Q14258,mRNA,630.0,unmapped_physicochemical_properties,24,0.0380952380952381,AlcoR
Q14493,mRNA,270.0,aromatic_sticker_region,85,0.3148148148148148,AlcoR
Q14493,mRNA,270.0,disorder_rich_spacer_region,36,0.13333333333333333,AlcoR
Q14562,mRNA,1220.0,acidic_region,73,0.05983606557377049,AlcoR
Q14562,mRNA,1220.0,arginine_rich_rna_contact_region,20,0.01639344262295082,AlcoR
Q14562,mRNA,1220.0,aromatic_sticker_region,16,0.013114754098360656,AlcoR
Q14562,mRNA,1220.0,cation_pi_rich_neighborhood,139,0.1139344262295082,AlcoR
Q14562,mRNA,1220.0,disorder_rich_spacer_region,14,0.011475409836065573,AlcoR
Q14562,mRNA,1220.0,hydrophobic_region,13,0.010655737704918032,AlcoR
Q14562,mRNA,1220.0,mixed_charge_polyampholyte,42,0.03442622950819672,AlcoR
Q14562,mRNA,1220.0,other,55,0.045081967213114756,AlcoR
Q14562,mRNA,1220.0,unmapped_physicochemical_properties,37,0.030327868852459017,AlcoR
Q14576,mRNA,367.0,aromatic_sticker_region,360,0.9809264305177112,AlcoR
Q14576,mRNA,367.0,disorder_rich_spacer_region,1,0.0027247956403269754,AlcoR
Q14587,unknown,947.0,acidic_region,12,0.012671594508975714,AlcoR
Q14587,unknown,947.0,aromatic_sticker_region,226,0.23864836325237593,AlcoR
Q14657,tRNA,143.0,cation_pi_rich_neighborhood,143,1.0,AlcoR
Q14671,mRNA,1186.0,aromatic_sticker_region,521,0.43929173693086004,AlcoR
Q14671,mRNA,1186.0,cation_pi_rich_neighborhood,14,0.011804384485666104,AlcoR
Q14671,mRNA,1186.0,other,103,0.08684654300168634,AlcoR
Q14684,pre-rRNA,758.0,aromatic_sticker_region,280,0.36939313984168864,AlcoR
Q14684,pre-rRNA,758.0,cation_pi_rich_neighborhood,52,0.06860158311345646,AlcoR
Q14684,pre-rRNA,758.0,disorder_rich_spacer_region,58,0.07651715039577836,AlcoR
Q14684,pre-rRNA,758.0,mixed_charge_polyampholyte,102,0.1345646437994723,AlcoR
Q14684,pre-rRNA,758.0,unmapped_physicochemical_properties,18,0.023746701846965697,AlcoR
Q14690,snoRNA,1871.0,aromatic_sticker_region,21,0.01122394441475147,AlcoR
Q14694,mRNA,798.0,aromatic_sticker_region,19,0.023809523809523808,AlcoR
Q14839,unknown,1912.0,acidic_region,31,0.016213389121338913,AlcoR
Q14839,unknown,1912.0,aromatic_sticker_region,971,0.5078451882845189,AlcoR
Q14839,unknown,1912.0,unmapped_physicochemical_properties,33,0.017259414225941423,AlcoR
Q14966,mRNA,1978.0,acidic_region,304,0.15369059656218403,AlcoR
Q14966,mRNA,1978.0,disorder_rich_spacer_region,17,0.008594539939332659,AlcoR
Q14966,mRNA,1978.0,mixed_charge_polyampholyte,248,0.12537917087967643,AlcoR
Q14974,mRNA,876.0,acidic_region,40,0.045662100456621,AlcoR
Q14974,mRNA,876.0,aromatic_sticker_region,16,0.0182648401826484,AlcoR
Q14974,mRNA,876.0,cation_pi_rich_neighborhood,165,0.18835616438356165,AlcoR
Q14974,mRNA,876.0,unmapped_physicochemical_properties,12,0.0136986301369863,AlcoR
Q15007,mRNA,396.0,aromatic_sticker_region,31,0.07828282828282829,AlcoR
Q15007,mRNA,396.0,cation_pi_rich_neighborhood,99,0.25,AlcoR
Q15029,tRNA,972.0,acidic_region,20,0.0205761316872428,AlcoR
Q15029,tRNA,972.0,aromatic_sticker_region,346,0.3559670781893004,AlcoR
Q15029,tRNA,972.0,mixed_charge_polyampholyte,12,0.012345679012345678,AlcoR
Q15061,pre-rRNA,677.0,acidic_region,52,0.07680945347119646,AlcoR
Q15061,pre-rRNA,677.0,unmapped_physicochemical_properties,14,0.0206794682422452,AlcoR
Q15185,ncRNA,160.0,cation_pi_rich_neighborhood,13,0.08125,AlcoR
Q15269,snoRNA,919.0,aromatic_sticker_region,216,0.235038084874864,AlcoR
Q15269,snoRNA,919.0,mixed_charge_polyampholyte,47,0.051142546245919476,AlcoR
Q15366,mRNA,365.0,cation_pi_rich_neighborhood,241,0.6602739726027397,AlcoR
Q15393,mRNA,1217.0,aromatic_sticker_region,340,0.27937551355792933,AlcoR
Q15424,mRNA,915.0,arginine_rich_rna_contact_region,2,0.002185792349726776,AlcoR
Q15424,mRNA,915.0,cation_pi_rich_neighborhood,442,0.4830601092896175,AlcoR
Q15424,mRNA,915.0,disorder_rich_spacer_region,61,0.06666666666666667,AlcoR
Q15424,mRNA,915.0,mixed_charge_polyampholyte,13,0.014207650273224045,AlcoR
Q15424,mRNA,915.0,other,17,0.018579234972677595,AlcoR
Q15459,snRNA,793.0,aromatic_sticker_region,72,0.09079445145018916,AlcoR
Q15459,snRNA,793.0,cation_pi_rich_neighborhood,516,0.6506935687263556,AlcoR
Q15477,mRNA,1246.0,aromatic_sticker_region,22,0.01765650080256822,AlcoR
Q15477,mRNA,1246.0,unmapped_physicochemical_properties,12,0.009630818619582664,AlcoR
Q15717,mRNA,326.0,other,175,0.5368098159509203,AlcoR
Q15797,ncRNA,465.0,aromatic_sticker_region,15,0.03225806451612903,AlcoR
Q16206,mRNA,610.0,aromatic_sticker_region,41,0.06721311475409836,AlcoR
Q16587,unknown,644.0,aromatic_sticker_region,355,0.5512422360248447,AlcoR
Q16587,unknown,644.0,cation_pi_rich_neighborhood,63,0.09782608695652174,AlcoR
Q16594,snoRNA,264.0,cation_pi_rich_neighborhood,235,0.8901515151515151,AlcoR
Q16629,mRNA,238.0,other,65,0.27310924369747897,AlcoR
Q16637,snRNA,294.0,aromatic_sticker_region,294,1.0,AlcoR
Q17RN3,unknown,349.0,unmapped_physicochemical_properties,14,0.04011461318051576,AlcoR
Q2NKX8,unknown,1250.0,acidic_region,26,0.0208,AlcoR
Q2NKX8,unknown,1250.0,aromatic_sticker_region,24,0.0192,AlcoR
Q2NKX8,unknown,1250.0,hydrophobic_region,13,0.0104,AlcoR
Q2VPK5,tRNA,515.0,aromatic_sticker_region,157,0.3048543689320388,AlcoR
Q2WGJ9,unknown,1857.0,acidic_region,15,0.008077544426494346,AlcoR
Q2WGJ9,unknown,1857.0,aromatic_sticker_region,195,0.1050080775444265,AlcoR
Q32MZ4,ncRNA,808.0,cation_pi_rich_neighborhood,562,0.6955445544554455,AlcoR
Q3L8U1,unknown,2897.0,arginine_rich_rna_contact_region,13,0.0044874007594062825,AlcoR
Q3L8U1,unknown,2897.0,aromatic_sticker_region,1580,0.5453917846047636,AlcoR
Q3L8U1,unknown,2897.0,mixed_charge_polyampholyte,74,0.02554366586123576,AlcoR
Q3L8U1,unknown,2897.0,other,42,0.014497756299620296,AlcoR
Q3L8U1,unknown,2897.0,unmapped_physicochemical_properties,21,0.007248878149810148,AlcoR
Q3SXZ3,unknown,478.0,aromatic_sticker_region,23,0.04811715481171548,AlcoR
Q460N5,unknown,1801.0,mixed_charge_polyampholyte,159,0.08828428650749584,AlcoR
Q460N5,unknown,1801.0,other,217,0.12048861743475847,AlcoR
Q499Z4,unknown,452.0,other,67,0.14823008849557523,AlcoR
Q4VXA5,mRNA,237.0,aromatic_sticker_region,21,0.08860759493670886,AlcoR
Q4VXU2,mRNA,619.0,aromatic_sticker_region,22,0.035541195476575124,AlcoR
Q4ZG55,unknown,1949.0,disorder_rich_spacer_region,11,0.005643919958953309,AlcoR
Q4ZG55,unknown,1949.0,hydrophobic_region,13,0.006670087224217547,AlcoR
Q53EL6,mRNA,469.0,aromatic_sticker_region,71,0.1513859275053305,AlcoR
Q53EL6,mRNA,469.0,mixed_charge_polyampholyte,79,0.16844349680170576,AlcoR
Q53EL6,mRNA,469.0,unmapped_physicochemical_properties,71,0.1513859275053305,AlcoR
Q53F19,unknown,620.0,acidic_region,5,0.008064516129032258,AlcoR
Q53F19,unknown,620.0,unmapped_physicochemical_properties,19,0.03064516129032258,AlcoR
Q53GL7,unknown,1025.0,acidic_region,18,0.0175609756097561,AlcoR
Q53GL7,unknown,1025.0,aromatic_sticker_region,77,0.07512195121951219,AlcoR
Q53R41,mRNA,847.0,aromatic_sticker_region,15,0.01770956316410862,AlcoR
Q58A45,mRNA,887.0,aromatic_sticker_region,263,0.2965050732807215,AlcoR
Q58A45,mRNA,887.0,cation_pi_rich_neighborhood,320,0.36076662908680945,AlcoR
Q5CZA5,unknown,627.0,aromatic_sticker_region,512,0.8165869218500797,AlcoR
Q5FWF4,unknown,1079.0,acidic_region,14,0.012974976830398516,AlcoR
Q5FWF4,unknown,1079.0,aromatic_sticker_region,71,0.06580166821130677,AlcoR
Q5GAN4,unknown,147.0,aromatic_sticker_region,139,0.9455782312925171,AlcoR
Q5HYM0,diverse,836.0,aromatic_sticker_region,135,0.16148325358851676,AlcoR
Q5JPI9,tRNA,236.0,aromatic_sticker_region,236,1.0,AlcoR
Q5JSQ8,mRNA,128.0,other,12,0.09375,AlcoR
Q5JTH9,pre-rRNA,1297.0,acidic_region,56,0.04317656129529684,AlcoR
Q5JTH9,pre-rRNA,1297.0,arginine_rich_rna_contact_region,17,0.013107170393215111,AlcoR
Q5JTH9,pre-rRNA,1297.0,aromatic_sticker_region,447,0.3446414803392444,AlcoR
Q5JTH9,pre-rRNA,1297.0,mixed_charge_polyampholyte,79,0.06090979182729375,AlcoR
Q5JTH9,pre-rRNA,1297.0,other,516,0.39784117193523516,AlcoR
Q5MCW4,unknown,686.0,aromatic_sticker_region,31,0.04518950437317784,AlcoR
Q5MCW4,unknown,686.0,cation_pi_rich_neighborhood,13,0.018950437317784258,AlcoR
Q5MCW4,unknown,686.0,mixed_charge_polyampholyte,14,0.02040816326530612,AlcoR
Q5QJE6,pre-rRNA,756.0,cation_pi_rich_neighborhood,109,0.14417989417989419,AlcoR
Q5QPL9,mRNA,237.0,cation_pi_rich_neighborhood,157,0.6624472573839663,AlcoR
Q5RL73,mRNA,367.0,arginine_rich_rna_contact_region,14,0.03814713896457766,AlcoR
Q5ST30,tRNA,1063.0,aromatic_sticker_region,533,0.5014111006585137,AlcoR
Q5ST30,tRNA,1063.0,hydrophobic_region,16,0.015051740357478834,AlcoR
Q5SZ64,mRNA,190.0,aromatic_sticker_region,190,1.0,AlcoR
Q5SZQ8,mRNA,465.0,disorder_rich_spacer_region,17,0.03655913978494624,AlcoR
Q5T1V6,mRNA,619.0,aromatic_sticker_region,19,0.030694668820678513,AlcoR
Q5T1V6,mRNA,619.0,cation_pi_rich_neighborhood,77,0.12439418416801293,AlcoR
Q5T1V6,mRNA,619.0,disorder_rich_spacer_region,31,0.050080775444264945,AlcoR
Q5T1V6,mRNA,619.0,mixed_charge_polyampholyte,39,0.0630048465266559,AlcoR
Q5T1V6,mRNA,619.0,unmapped_physicochemical_properties,54,0.08723747980613894,AlcoR
Q5T200,unknown,1668.0,other,368,0.22062350119904076,AlcoR
Q5T280,unknown,376.0,aromatic_sticker_region,132,0.35106382978723405,AlcoR
Q5T481,mRNA,1227.0,aromatic_sticker_region,215,0.1752241238793806,AlcoR
Q5T481,mRNA,1227.0,cation_pi_rich_neighborhood,105,0.08557457212713937,AlcoR
Q5T5C7,tRNA,536.0,cation_pi_rich_neighborhood,14,0.026119402985074626,AlcoR
Q5T5C7,tRNA,536.0,other,46,0.08582089552238806,AlcoR
Q5T6F2,mRNA,1119.0,aromatic_sticker_region,24,0.021447721179624665,AlcoR
Q5T6F2,mRNA,1119.0,disorder_rich_spacer_region,31,0.02770330652368186,AlcoR
Q5T760,mRNA,491.0,cation_pi_rich_neighborhood,76,0.15478615071283094,AlcoR
Q5T760,mRNA,491.0,other,359,0.7311608961303462,AlcoR
Q5T7F5,mRNA,372.0,acidic_region,28,0.07526881720430108,AlcoR
Q5T890,unknown,1561.0,aromatic_sticker_region,411,0.26329276105060856,AlcoR
Q5T890,unknown,1561.0,mixed_charge_polyampholyte,604,0.3869314541960282,AlcoR
Q5T890,unknown,1561.0,other,13,0.008327994875080076,AlcoR
Q5T8I9,ncRNA,393.0,aromatic_sticker_region,18,0.04580152671755725,AlcoR
Q5T8P6,mRNA,1007.0,aromatic_sticker_region,131,0.1300893743793446,AlcoR
Q5T8P6,mRNA,1007.0,other,411,0.40814299900695133,AlcoR
Q5T8P6,mRNA,1007.0,unmapped_physicochemical_properties,14,0.013902681231380337,AlcoR
Q5T8Z2,unknown,184.0,aromatic_sticker_region,184,1.0,AlcoR
Q5TA45,mRNA,600.0,aromatic_sticker_region,39,0.065,AlcoR
Q5TA45,mRNA,600.0,hydrophobic_region,19,0.03166666666666667,AlcoR
Q5TAP6,snoRNA,766.0,acidic_region,19,0.024804177545691905,AlcoR
Q5TAP6,snoRNA,766.0,cation_pi_rich_neighborhood,207,0.27023498694516973,AlcoR
Q5TAX3,ncRNA,1644.0,aromatic_sticker_region,17,0.010340632603406326,AlcoR
Q5TEC6,unknown,136.0,aromatic_sticker_region,39,0.2867647058823529,AlcoR
Q5VTE6,mRNA,544.0,arginine_rich_rna_contact_region,8,0.014705882352941176,AlcoR
Q5VUC9,ncRNA,145.0,aromatic_sticker_region,25,0.1724137931034483,AlcoR
Q5VUC9,ncRNA,145.0,other,15,0.10344827586206896,AlcoR
Q5VUG0,unknown,894.0,aromatic_sticker_region,286,0.319910514541387,AlcoR
Q5VUG0,unknown,894.0,unmapped_physicochemical_properties,21,0.02348993288590604,AlcoR
Q5VV42,tRNA,579.0,acidic_region,13,0.022452504317789293,AlcoR
Q5VV42,tRNA,579.0,aromatic_sticker_region,193,0.3333333333333333,AlcoR
Q5VV42,tRNA,579.0,disorder_rich_spacer_region,17,0.02936096718480138,AlcoR
Q5VV67,mRNA,1664.0,arginine_rich_rna_contact_region,2,0.001201923076923077,AlcoR
Q5VV67,mRNA,1664.0,cation_pi_rich_neighborhood,321,0.19290865384615385,AlcoR
Q5VV67,mRNA,1664.0,other,17,0.010216346153846154,AlcoR
Q5VYS8,ncRNA,1495.0,unmapped_physicochemical_properties,18,0.012040133779264214,AlcoR
Q5VZF2,mRNA,373.0,aromatic_sticker_region,366,0.9812332439678284,AlcoR
Q5W0B1,unknown,726.0,disorder_rich_spacer_region,31,0.04269972451790634,AlcoR
Q659C4,mRNA,914.0,arginine_rich_rna_contact_region,16,0.0175054704595186,AlcoR
Q659C4,mRNA,914.0,aromatic_sticker_region,96,0.1050328227571116,AlcoR
Q659C4,mRNA,914.0,disorder_rich_spacer_region,48,0.0525164113785558,AlcoR
Q659C4,mRNA,914.0,unmapped_physicochemical_properties,26,0.028446389496717725,AlcoR
Q66PJ3,mRNA,237.0,other,13,0.05485232067510549,AlcoR
Q68D06,tRNA,897.0,aromatic_sticker_region,18,0.020066889632107024,AlcoR
Q69YN4,mRNA,1812.0,acidic_region,317,0.1749448123620309,AlcoR
Q69YN4,mRNA,1812.0,aromatic_sticker_region,69,0.0380794701986755,AlcoR
Q6GMV3,tRNA,140.0,aromatic_sticker_region,54,0.38571428571428573,AlcoR
Q6IEG0,snRNA,339.0,other,339,1.0,AlcoR
Q6IN84,pre-rRNA,353.0,cation_pi_rich_neighborhood,134,0.37960339943342775,AlcoR
Q6L8Q7,mRNA,609.0,aromatic_sticker_region,32,0.052545155993431854,AlcoR
Q6L8Q7,mRNA,609.0,disorder_rich_spacer_region,16,0.026272577996715927,AlcoR
Q6L8Q7,mRNA,609.0,unmapped_physicochemical_properties,26,0.042692939244663386,AlcoR
Q6NZI2,pre-rRNA,390.0,arginine_rich_rna_contact_region,34,0.08717948717948718,AlcoR
Q6NZI2,pre-rRNA,390.0,cation_pi_rich_neighborhood,42,0.1076923076923077,AlcoR
Q6NZI2,pre-rRNA,390.0,disorder_rich_spacer_region,18,0.046153846153846156,AlcoR
Q6NZI2,pre-rRNA,390.0,mixed_charge_polyampholyte,48,0.12307692307692308,AlcoR
Q6NZI2,pre-rRNA,390.0,unmapped_physicochemical_properties,37,0.09487179487179487,AlcoR
Q6P087,mRNA,351.0,aromatic_sticker_region,35,0.09971509971509972,AlcoR
Q6P1L8,ribosomal protein,145.0,aromatic_sticker_region,48,0.3310344827586207,AlcoR
Q6P1Q9,tRNA,378.0,aromatic_sticker_region,24,0.06349206349206349,AlcoR
Q6P1Q9,tRNA,378.0,mixed_charge_polyampholyte,24,0.06349206349206349,AlcoR
Q6P2D0,unknown,407.0,aromatic_sticker_region,179,0.4398034398034398,AlcoR
Q6P2E9,mRNA,1401.0,aromatic_sticker_region,109,0.07780157030692363,AlcoR
Q6P2E9,mRNA,1401.0,disorder_rich_spacer_region,13,0.009279086366880799,AlcoR
Q6P2Q9,snRNA,2335.0,acidic_region,20,0.008565310492505354,AlcoR
Q6P2Q9,snRNA,2335.0,aromatic_sticker_region,445,0.1905781584582441,AlcoR
Q6P9B9,snRNA,1019.0,aromatic_sticker_region,62,0.06084396467124632,AlcoR
Q6P9B9,snRNA,1019.0,cation_pi_rich_neighborhood,64,0.06280667320902845,AlcoR
Q6P9B9,snRNA,1019.0,disorder_rich_spacer_region,15,0.014720314033366046,AlcoR
Q6PI26,snoRNA,577.0,cation_pi_rich_neighborhood,121,0.2097053726169844,AlcoR
Q6PIY7,mRNA,484.0,aromatic_sticker_region,359,0.7417355371900827,AlcoR
Q6PJT7,mRNA,736.0,aromatic_sticker_region,21,0.028532608695652172,AlcoR
Q6PKG0,mRNA,1096.0,aromatic_sticker_region,34,0.03102189781021898,AlcoR
Q6PKG0,mRNA,1096.0,unmapped_physicochemical_properties,36,0.032846715328467155,AlcoR
Q6R2W3,unknown,1325.0,aromatic_sticker_region,96,0.07245283018867925,AlcoR
Q6R2W3,unknown,1325.0,unmapped_physicochemical_properties,15,0.011320754716981131,AlcoR
Q6UX04,mRNA,472.0,mixed_charge_polyampholyte,460,0.9745762711864406,AlcoR
Q6ZN19,unknown,808.0,aromatic_sticker_region,39,0.04826732673267327,AlcoR
Q6ZN19,unknown,808.0,unmapped_physicochemical_properties,14,0.017326732673267328,AlcoR
Q6ZRS2,unknown,3230.0,acidic_region,16,0.004953560371517028,AlcoR
Q6ZRS2,unknown,3230.0,arginine_rich_rna_contact_region,16,0.004953560371517028,AlcoR
Q6ZRS2,unknown,3230.0,aromatic_sticker_region,27,0.008359133126934985,AlcoR
Q6ZRS2,unknown,3230.0,disorder_rich_spacer_region,136,0.042105263157894736,AlcoR
Q6ZRS2,unknown,3230.0,mixed_charge_polyampholyte,12,0.0037151702786377707,AlcoR
Q6ZRS2,unknown,3230.0,other,28,0.0086687306501548,AlcoR
Q6ZRS2,unknown,3230.0,unmapped_physicochemical_properties,15,0.0046439628482972135,AlcoR
Q6ZRY4,mRNA,209.0,other,119,0.569377990430622,AlcoR
Q6ZSC3,mRNA,357.0,aromatic_sticker_region,75,0.21008403361344538,AlcoR
Q71DI3,unknown,136.0,hydrophobic_region,12,0.08823529411764706,AlcoR
Q71DI3,unknown,136.0,other,15,0.11029411764705882,AlcoR
Q76FK4,pre-rRNA,1167.0,aromatic_sticker_region,12,0.010282776349614395,AlcoR
Q76FK4,pre-rRNA,1167.0,mixed_charge_polyampholyte,151,0.1293916023993145,AlcoR
Q76FK4,pre-rRNA,1167.0,unmapped_physicochemical_properties,14,0.011996572407883462,AlcoR
Q7KZ85,mRNA,1726.0,acidic_region,52,0.030127462340672075,AlcoR
Q7KZ85,mRNA,1726.0,aromatic_sticker_region,13,0.007531865585168019,AlcoR
Q7KZF4,mRNA,910.0,aromatic_sticker_region,481,0.5285714285714286,AlcoR
Q7KZF4,mRNA,910.0,other,24,0.026373626373626374,AlcoR
Q7L2E3,mRNA,1194.0,aromatic_sticker_region,773,0.6474036850921273,AlcoR
Q7L2H7,mRNA,374.0,aromatic_sticker_region,25,0.06684491978609626,AlcoR
Q7L2H7,mRNA,374.0,cation_pi_rich_neighborhood,122,0.32620320855614976,AlcoR
Q7L775,unknown,607.0,acidic_region,14,0.023064250411861616,AlcoR
Q7Z2W4,mRNA,902.0,aromatic_sticker_region,113,0.12527716186252771,AlcoR
Q7Z2Z2,tRNA,1120.0,aromatic_sticker_region,15,0.013392857142857142,AlcoR
Q7Z2Z2,tRNA,1120.0,disorder_rich_spacer_region,12,0.010714285714285714,AlcoR
Q7Z2Z2,tRNA,1120.0,unmapped_physicochemical_properties,19,0.016964285714285713,AlcoR
Q7Z333,mRNA,2677.0,aromatic_sticker_region,424,0.15838625326858424,AlcoR
Q7Z3Z4,ncRNA,852.0,aromatic_sticker_region,45,0.0528169014084507,AlcoR
Q7Z3Z4,ncRNA,852.0,cation_pi_rich_neighborhood,20,0.023474178403755867,AlcoR
Q7Z3Z4,ncRNA,852.0,disorder_rich_spacer_region,13,0.015258215962441314,AlcoR
Q7Z3Z4,ncRNA,852.0,hydrophobic_region,1,0.0011737089201877935,AlcoR
Q7Z417,mRNA,695.0,cation_pi_rich_neighborhood,146,0.21007194244604316,AlcoR
Q7Z478,mRNA,1369.0,aromatic_sticker_region,137,0.10007304601899196,AlcoR
Q7Z478,mRNA,1369.0,cation_pi_rich_neighborhood,186,0.1358655953250548,AlcoR
Q7Z478,mRNA,1369.0,mixed_charge_polyampholyte,540,0.3944485025566107,AlcoR
Q7Z4G4,tRNA,463.0,aromatic_sticker_region,17,0.0367170626349892,AlcoR
Q7Z5Q1,mRNA,589.0,aromatic_sticker_region,202,0.34295415959252973,AlcoR
Q7Z6E9,mRNA,1792.0,aromatic_sticker_region,57,0.03180803571428571,AlcoR
Q7Z6E9,mRNA,1792.0,cation_pi_rich_neighborhood,110,0.06138392857142857,AlcoR
Q7Z6E9,mRNA,1792.0,disorder_rich_spacer_region,33,0.018415178571428572,AlcoR
Q7Z6E9,mRNA,1792.0,other,27,0.015066964285714286,AlcoR
Q7Z6E9,mRNA,1792.0,unmapped_physicochemical_properties,18,0.010044642857142858,AlcoR
Q7Z6M4,pre-rRNA,381.0,cation_pi_rich_neighborhood,377,0.989501312335958,AlcoR
Q7Z739,mRNA,585.0,aromatic_sticker_region,280,0.47863247863247865,AlcoR
Q7Z7H8,ribosomal protein,261.0,hydrophobic_region,18,0.06896551724137931,AlcoR
Q86SG3,mRNA,579.0,aromatic_sticker_region,496,0.8566493955094991,AlcoR
Q86TG7,unknown,708.0,aromatic_sticker_region,86,0.12146892655367232,AlcoR
Q86U06,mRNA,439.0,other,439,1.0,AlcoR
Q86U38,pre-rRNA,636.0,aromatic_sticker_region,559,0.8789308176100629,AlcoR
Q86US8,mRNA,1419.0,aromatic_sticker_region,99,0.06976744186046512,AlcoR
Q86US8,mRNA,1419.0,mixed_charge_polyampholyte,177,0.12473572938689217,AlcoR
Q86US8,mRNA,1419.0,other,302,0.21282593375616632,AlcoR
Q86VM9,mRNA,953.0,other,953,1.0,AlcoR
Q86W50,snRNA,562.0,aromatic_sticker_region,562,1.0,AlcoR
Q86XI8,unknown,627.0,disorder_rich_spacer_region,16,0.025518341307814992,AlcoR
Q86XU0,unknown,584.0,aromatic_sticker_region,26,0.04452054794520548,AlcoR
Q86XU0,unknown,584.0,other,14,0.023972602739726026,AlcoR
Q86Y13,mRNA,1208.0,aromatic_sticker_region,443,0.3667218543046358,AlcoR
Q86Y79,tRNA,214.0,cation_pi_rich_neighborhood,41,0.19158878504672897,AlcoR
Q86YF9,mRNA,867.0,aromatic_sticker_region,250,0.28835063437139563,AlcoR
Q86YN6,unknown,1023.0,disorder_rich_spacer_region,14,0.013685239491691105,AlcoR
Q86YN6,unknown,1023.0,mixed_charge_polyampholyte,22,0.021505376344086023,AlcoR
Q8IU60,mRNA,420.0,aromatic_sticker_region,406,0.9666666666666667,AlcoR
Q8IV42,tRNA,348.0,aromatic_sticker_region,103,0.2959770114942529,AlcoR
Q8IWX8,mRNA,916.0,acidic_region,17,0.018558951965065504,AlcoR
Q8IWX8,mRNA,916.0,aromatic_sticker_region,25,0.027292576419213975,AlcoR
Q8IWX8,mRNA,916.0,other,19,0.02074235807860262,AlcoR
Q8IWZ8,mRNA,645.0,aromatic_sticker_region,12,0.018604651162790697,AlcoR
Q8IWZ8,mRNA,645.0,mixed_charge_polyampholyte,14,0.021705426356589147,AlcoR
Q8IX01,mRNA,1082.0,other,173,0.1598890942698706,AlcoR
Q8IX18,mRNA,779.0,aromatic_sticker_region,487,0.6251604621309371,AlcoR
Q8IX18,mRNA,779.0,cation_pi_rich_neighborhood,83,0.10654685494223363,AlcoR
Q8IXM6,unknown,262.0,aromatic_sticker_region,122,0.46564885496183206,AlcoR
Q8IXT5,mRNA,1001.0,mixed_charge_polyampholyte,15,0.014985014985014986,AlcoR
Q8IY37,snoRNA,1157.0,acidic_region,17,0.014693171996542784,AlcoR
Q8IY37,snoRNA,1157.0,mixed_charge_polyampholyte,243,0.21002592912705273,AlcoR
Q8IY81,pre-rRNA,847.0,arginine_rich_rna_contact_region,65,0.07674144037780402,AlcoR
Q8IYL2,tRNA,757.0,disorder_rich_spacer_region,15,0.019815059445178335,AlcoR
Q8IYX4,mRNA,353.0,aromatic_sticker_region,47,0.13314447592067988,AlcoR
Q8IYX4,mRNA,353.0,disorder_rich_spacer_region,55,0.1558073654390935,AlcoR
Q8IYX4,mRNA,353.0,hydrophobic_region,13,0.036827195467422094,AlcoR
Q8IYX4,mRNA,353.0,other,48,0.1359773371104816,AlcoR
Q8IYX4,mRNA,353.0,unmapped_physicochemical_properties,27,0.0764872521246459,AlcoR
Q8IZ13,unknown,594.0,aromatic_sticker_region,94,0.15824915824915825,AlcoR
Q8IZ13,unknown,594.0,cation_pi_rich_neighborhood,143,0.24074074074074073,AlcoR
Q8IZ69,tRNA,625.0,arginine_rich_rna_contact_region,12,0.0192,AlcoR
Q8IZ69,tRNA,625.0,aromatic_sticker_region,201,0.3216,AlcoR
Q8IZ73,tRNA,545.0,aromatic_sticker_region,250,0.45871559633027525,AlcoR
Q8IZ73,tRNA,545.0,mixed_charge_polyampholyte,99,0.181651376146789,AlcoR
Q8IZD4,mRNA,617.0,aromatic_sticker_region,402,0.6515397082658023,AlcoR
Q8IZD4,mRNA,617.0,cation_pi_rich_neighborhood,131,0.21231766612641814,AlcoR
Q8IZH2,diverse,1706.0,aromatic_sticker_region,529,0.31008206330597887,AlcoR
Q8IZH2,diverse,1706.0,mixed_charge_polyampholyte,144,0.08440797186400938,AlcoR
Q8IZH2,diverse,1706.0,other,856,0.5017584994138335,AlcoR
Q8IZP6,snRNA,322.0,mixed_charge_polyampholyte,245,0.7608695652173914,AlcoR
Q8N163,mRNA,923.0,acidic_region,12,0.013001083423618635,AlcoR
Q8N163,mRNA,923.0,aromatic_sticker_region,126,0.13651137594799567,AlcoR
Q8N163,mRNA,923.0,disorder_rich_spacer_region,27,0.02925243770314193,AlcoR
Q8N1G2,mRNA,835.0,arginine_rich_rna_contact_region,16,0.019161676646706587,AlcoR
Q8N1G2,mRNA,835.0,aromatic_sticker_region,446,0.5341317365269461,AlcoR
Q8N1G2,mRNA,835.0,mixed_charge_polyampholyte,13,0.015568862275449102,AlcoR
Q8N1G4,unknown,583.0,acidic_region,24,0.0411663807890223,AlcoR
Q8N1G4,unknown,583.0,aromatic_sticker_region,20,0.03430531732418525,AlcoR
Q8N1G4,unknown,583.0,cation_pi_rich_neighborhood,152,0.2607204116638079,AlcoR
Q8N1G4,unknown,583.0,mixed_charge_polyampholyte,165,0.2830188679245283,AlcoR
Q8N1W1,mRNA,1705.0,acidic_region,11,0.0064516129032258064,AlcoR
Q8N1W1,mRNA,1705.0,arginine_rich_rna_contact_region,25,0.01466275659824047,AlcoR
Q8N1W1,mRNA,1705.0,aromatic_sticker_region,40,0.02346041055718475,AlcoR
Q8N1W1,mRNA,1705.0,mixed_charge_polyampholyte,50,0.02932551319648094,AlcoR
Q8N201,snRNA,2190.0,aromatic_sticker_region,106,0.048401826484018265,AlcoR
Q8N2A8,ncRNA,252.0,disorder_rich_spacer_region,18,0.07142857142857142,AlcoR
Q8N2G6,unknown,241.0,aromatic_sticker_region,126,0.5228215767634855,AlcoR
Q8N2G6,unknown,241.0,unmapped_physicochemical_properties,21,0.08713692946058091,AlcoR
Q8N2M8,mRNA,674.0,mixed_charge_polyampholyte,185,0.2744807121661721,AlcoR
Q8N442,mRNA,669.0,aromatic_sticker_region,53,0.07922272047832586,AlcoR
Q8N442,mRNA,669.0,mixed_charge_polyampholyte,45,0.06726457399103139,AlcoR
Q8N5C6,unknown,995.0,unmapped_physicochemical_properties,14,0.01407035175879397,AlcoR
Q8N5C7,tRNA,304.0,aromatic_sticker_region,268,0.881578947368421,AlcoR
Q8N5Y2,ncRNA,521.0,cation_pi_rich_neighborhood,15,0.028790786948176585,AlcoR
Q8N684,mRNA,471.0,unmapped_physicochemical_properties,83,0.1762208067940552,AlcoR
Q8N7X1,mRNA,1067.0,aromatic_sticker_region,109,0.1021555763823805,AlcoR
Q8N8Q3,tRNA,282.0,cation_pi_rich_neighborhood,229,0.8120567375886525,AlcoR
Q8N8Q3,tRNA,282.0,mixed_charge_polyampholyte,45,0.1595744680851064,AlcoR
Q8N9N2,unknown,400.0,aromatic_sticker_region,208,0.52,AlcoR
Q8NAT2,ncRNA,981.0,disorder_rich_spacer_region,17,0.017329255861365953,AlcoR
Q8NAT2,ncRNA,981.0,other,13,0.013251783893985729,AlcoR
Q8NAT2,ncRNA,981.0,unmapped_physicochemical_properties,22,0.022426095820591234,AlcoR
Q8NAV1,snRNA,312.0,other,85,0.2724358974358974,AlcoR
Q8NB42,unknown,609.0,acidic_region,12,0.019704433497536946,AlcoR
Q8NB42,unknown,609.0,aromatic_sticker_region,340,0.5582922824302134,AlcoR
Q8NB42,unknown,609.0,mixed_charge_polyampholyte,21,0.034482758620689655,AlcoR
Q8NC26,unknown,417.0,aromatic_sticker_region,12,0.02877697841726619,AlcoR
Q8NC26,unknown,417.0,mixed_charge_polyampholyte,12,0.02877697841726619,AlcoR
Q8NC51,mRNA,408.0,mixed_charge_polyampholyte,114,0.27941176470588236,AlcoR
Q8NC51,mRNA,408.0,other,112,0.27450980392156865,AlcoR
Q8NCV1,mRNA,583.0,aromatic_sticker_region,179,0.307032590051458,AlcoR
Q8NCV1,mRNA,583.0,cation_pi_rich_neighborhood,108,0.18524871355060035,AlcoR
Q8NDF8,diverse,572.0,aromatic_sticker_region,465,0.8129370629370629,AlcoR
Q8NDG6,ncRNA,1382.0,hydrophobic_region,9,0.006512301013024602,AlcoR
Q8NDG6,ncRNA,1382.0,other,16,0.011577424023154847,AlcoR
Q8NDV7,mRNA,1962.0,acidic_region,44,0.022426095820591234,AlcoR
Q8NDV7,mRNA,1962.0,disorder_rich_spacer_region,16,0.00815494393476045,AlcoR
Q8NE35,mRNA,698.0,aromatic_sticker_region,176,0.2521489971346705,AlcoR
Q8NE71,mRNA,845.0,aromatic_sticker_region,63,0.07455621301775148,AlcoR
Q8NE71,mRNA,845.0,cation_pi_rich_neighborhood,113,0.13372781065088757,AlcoR
Q8NEJ9,mRNA,315.0,cation_pi_rich_neighborhood,78,0.24761904761904763,AlcoR
Q8NHQ9,pre-rRNA,600.0,aromatic_sticker_region,71,0.11833333333333333,AlcoR
Q8NI36,pre-rRNA,895.0,aromatic_sticker_region,389,0.4346368715083799,AlcoR
Q8NI36,pre-rRNA,895.0,hydrophobic_region,3,0.0033519553072625698,AlcoR
Q8TB72,mRNA,1066.0,aromatic_sticker_region,38,0.03564727954971857,AlcoR
Q8TBZ6,tRNA,339.0,mixed_charge_polyampholyte,339,1.0,AlcoR
Q8TBZ8,unknown,553.0,aromatic_sticker_region,446,0.8065099457504521,AlcoR
Q8TC59,ncRNA,973.0,aromatic_sticker_region,61,0.06269270298047276,AlcoR
Q8TC92,mRNA,643.0,other,476,0.7402799377916018,AlcoR
Q8TCP9,unknown,573.0,aromatic_sticker_region,223,0.38917975567190227,AlcoR
Q8TCS8,diverse,783.0,cation_pi_rich_neighborhood,61,0.07790549169859515,AlcoR
Q8TCS8,diverse,783.0,mixed_charge_polyampholyte,107,0.13665389527458494,AlcoR
Q8TDD1,pre-rRNA,881.0,other,648,0.735527809307605,AlcoR
Q8TDG4,unknown,1101.0,aromatic_sticker_region,62,0.05631244323342416,AlcoR
Q8TDG4,unknown,1101.0,cation_pi_rich_neighborhood,128,0.11625794732061762,AlcoR
Q8TDI0,unknown,1954.0,aromatic_sticker_region,13,0.006653019447287615,AlcoR
Q8TE96,mRNA,717.0,aromatic_sticker_region,39,0.05439330543933055,AlcoR
Q8TE96,mRNA,717.0,disorder_rich_spacer_region,30,0.04184100418410042,AlcoR
Q8TEA1,unknown,469.0,aromatic_sticker_region,12,0.0255863539445629,AlcoR
Q8TEA1,unknown,469.0,other,18,0.03837953091684435,AlcoR
Q8TEQ6,snRNA,1508.0,aromatic_sticker_region,24,0.015915119363395226,AlcoR
Q8TF46,diverse,1054.0,arginine_rich_rna_contact_region,5,0.004743833017077799,AlcoR
Q8TF46,diverse,1054.0,aromatic_sticker_region,846,0.8026565464895635,AlcoR
Q8WTS6,ncRNA,366.0,arginine_rich_rna_contact_region,12,0.03278688524590164,AlcoR
Q8WTS6,ncRNA,366.0,aromatic_sticker_region,26,0.07103825136612021,AlcoR
Q8WUQ7,mRNA,758.0,arginine_rich_rna_contact_region,43,0.05672823218997362,AlcoR
Q8WUQ7,mRNA,758.0,aromatic_sticker_region,32,0.04221635883905013,AlcoR
Q8WUQ7,mRNA,758.0,disorder_rich_spacer_region,13,0.017150395778364115,AlcoR
Q8WUQ7,mRNA,758.0,mixed_charge_polyampholyte,88,0.11609498680738786,AlcoR
Q8WWH5,tRNA,349.0,unmapped_physicochemical_properties,29,0.0830945558739255,AlcoR
Q8WWY3,snRNA,499.0,other,10,0.02004008016032064,AlcoR
Q8WXA9,mRNA,508.0,arginine_rich_rna_contact_region,28,0.05511811023622047,AlcoR
Q8WXA9,mRNA,508.0,aromatic_sticker_region,42,0.08267716535433071,AlcoR
Q8WXA9,mRNA,508.0,disorder_rich_spacer_region,24,0.047244094488188976,AlcoR
Q8WXA9,mRNA,508.0,other,222,0.43700787401574803,AlcoR
Q8WXA9,mRNA,508.0,unmapped_physicochemical_properties,31,0.0610236220472441,AlcoR
Q8WYQ5,ncRNA,773.0,cation_pi_rich_neighborhood,92,0.11901681759379043,AlcoR
Q92499,mRNA,740.0,aromatic_sticker_region,20,0.02702702702702703,AlcoR
Q92499,mRNA,740.0,unmapped_physicochemical_properties,57,0.07702702702702703,AlcoR
Q92540,mRNA,1137.0,aromatic_sticker_region,593,0.5215479331574319,AlcoR
Q92665,ribosomal protein,395.0,aromatic_sticker_region,12,0.030379746835443037,AlcoR
Q92665,ribosomal protein,395.0,mixed_charge_polyampholyte,292,0.739240506329114,AlcoR
Q92667,mRNA,903.0,aromatic_sticker_region,43,0.047619047619047616,AlcoR
Q92797,mRNA,1274.0,unmapped_physicochemical_properties,21,0.016483516483516484,AlcoR
Q92879,mRNA,486.0,aromatic_sticker_region,223,0.4588477366255144,AlcoR
Q92879,mRNA,486.0,disorder_rich_spacer_region,49,0.10082304526748971,AlcoR
Q92945,mRNA,711.0,aromatic_sticker_region,44,0.06188466947960619,AlcoR
Q92945,mRNA,711.0,cation_pi_rich_neighborhood,44,0.06188466947960619,AlcoR
Q92945,mRNA,711.0,mixed_charge_polyampholyte,12,0.016877637130801686,AlcoR
Q92979,pre-rRNA,244.0,arginine_rich_rna_contact_region,16,0.06557377049180328,AlcoR
Q92979,pre-rRNA,244.0,hydrophobic_region,23,0.0942622950819672,AlcoR
Q93091,diverse,150.0,aromatic_sticker_region,13,0.08666666666666667,AlcoR
Q969S9,mRNA,779.0,acidic_region,17,0.021822849807445442,AlcoR
Q969S9,mRNA,779.0,cation_pi_rich_neighborhood,44,0.05648267008985879,AlcoR
Q969S9,mRNA,779.0,unmapped_physicochemical_properties,38,0.04878048780487805,AlcoR
Q969Y2,tRNA,492.0,cation_pi_rich_neighborhood,175,0.3556910569105691,AlcoR
Q969Y2,tRNA,492.0,hydrophobic_region,8,0.016260162601626018,AlcoR
Q969Y2,tRNA,492.0,unmapped_physicochemical_properties,74,0.15040650406504066,AlcoR
Q969Z0,mRNA,631.0,cation_pi_rich_neighborhood,51,0.08082408874801902,AlcoR
Q96AZ6,ncRNA,181.0,aromatic_sticker_region,25,0.13812154696132597,AlcoR
Q96AZ6,ncRNA,181.0,hydrophobic_region,10,0.055248618784530384,AlcoR
Q96AZ6,ncRNA,181.0,mixed_charge_polyampholyte,17,0.09392265193370165,AlcoR
Q96BT7,tRNA,664.0,aromatic_sticker_region,536,0.8072289156626506,AlcoR
Q96CB9,pre-rRNA,384.0,unmapped_physicochemical_properties,14,0.036458333333333336,AlcoR
Q96DE0,snoRNA,195.0,aromatic_sticker_region,195,1.0,AlcoR
Q96DF8,mRNA,476.0,aromatic_sticker_region,28,0.058823529411764705,AlcoR
Q96DF8,mRNA,476.0,cation_pi_rich_neighborhood,17,0.03571428571428571,AlcoR
Q96DF8,mRNA,476.0,disorder_rich_spacer_region,16,0.03361344537815126,AlcoR
Q96DP5,tRNA,389.0,aromatic_sticker_region,86,0.2210796915167095,AlcoR
Q96E39,mRNA,390.0,mixed_charge_polyampholyte,34,0.08717948717948718,AlcoR
Q96E39,mRNA,390.0,other,226,0.5794871794871795,AlcoR
Q96EH8,unknown,262.0,aromatic_sticker_region,28,0.10687022900763359,AlcoR
Q96EH8,unknown,262.0,disorder_rich_spacer_region,18,0.06870229007633588,AlcoR
Q96EH8,unknown,262.0,other,23,0.08778625954198473,AlcoR
Q96EH8,unknown,262.0,unmapped_physicochemical_properties,31,0.1183206106870229,AlcoR
Q96EK7,unknown,910.0,aromatic_sticker_region,247,0.2714285714285714,AlcoR
Q96EP5,mRNA,407.0,aromatic_sticker_region,11,0.02702702702702703,AlcoR
Q96EP5,mRNA,407.0,other,42,0.10319410319410319,AlcoR
Q96EV2,mRNA,1170.0,aromatic_sticker_region,18,0.015384615384615385,AlcoR
Q96EV2,mRNA,1170.0,disorder_rich_spacer_region,14,0.011965811965811967,AlcoR
Q96EY7,mRNA,689.0,aromatic_sticker_region,354,0.5137880986937591,AlcoR
Q96EY7,mRNA,689.0,cation_pi_rich_neighborhood,38,0.055152394775036286,AlcoR
Q96EY7,mRNA,689.0,disorder_rich_spacer_region,28,0.040638606676342524,AlcoR
Q96EY9,tRNA,367.0,aromatic_sticker_region,222,0.6049046321525886,AlcoR
Q96F86,mRNA,508.0,aromatic_sticker_region,296,0.5826771653543307,AlcoR
Q96F86,mRNA,508.0,cation_pi_rich_neighborhood,91,0.17913385826771652,AlcoR
Q96FC9,unknown,970.0,acidic_region,17,0.01752577319587629,AlcoR
Q96FC9,unknown,970.0,arginine_rich_rna_contact_region,63,0.06494845360824743,AlcoR
Q96FC9,unknown,970.0,aromatic_sticker_region,282,0.2907216494845361,AlcoR
Q96FC9,unknown,970.0,disorder_rich_spacer_region,12,0.012371134020618556,AlcoR
Q96FC9,unknown,970.0,unmapped_physicochemical_properties,26,0.026804123711340205,AlcoR
Q96FX7,mRNA,289.0,aromatic_sticker_region,101,0.3494809688581315,AlcoR
Q96FX7,mRNA,289.0,disorder_rich_spacer_region,35,0.12110726643598616,AlcoR
Q96G46,tRNA,650.0,mixed_charge_polyampholyte,140,0.2153846153846154,AlcoR
Q96G46,tRNA,650.0,unmapped_physicochemical_properties,26,0.04,AlcoR
Q96GW9,tRNA,593.0,aromatic_sticker_region,158,0.26644182124789206,AlcoR
Q96H35,mRNA,190.0,aromatic_sticker_region,177,0.9315789473684211,AlcoR
Q96H79,unknown,300.0,aromatic_sticker_region,44,0.14666666666666667,AlcoR
Q96H79,unknown,300.0,disorder_rich_spacer_region,25,0.08333333333333333,AlcoR
Q96H79,unknown,300.0,other,28,0.09333333333333334,AlcoR
Q96H79,unknown,300.0,unmapped_physicochemical_properties,23,0.07666666666666666,AlcoR
Q96HR8,snoRNA,494.0,aromatic_sticker_region,14,0.02834008097165992,AlcoR
Q96I27,unknown,306.0,aromatic_sticker_region,128,0.41830065359477125,AlcoR
Q96IP4,unknown,442.0,aromatic_sticker_region,104,0.23529411764705882,AlcoR
Q96IZ5,mRNA,413.0,acidic_region,37,0.08958837772397095,AlcoR
Q96IZ5,mRNA,413.0,aromatic_sticker_region,68,0.16464891041162227,AlcoR
Q96IZ5,mRNA,413.0,mixed_charge_polyampholyte,89,0.21549636803874092,AlcoR
Q96J87,mRNA,481.0,disorder_rich_spacer_region,16,0.033264033264033266,AlcoR
Q96JM7,unknown,780.0,aromatic_sticker_region,213,0.27307692307692305,AlcoR
Q96JM7,unknown,780.0,mixed_charge_polyampholyte,329,0.4217948717948718,AlcoR
Q96K58,unknown,619.0,aromatic_sticker_region,439,0.7092084006462036,AlcoR
Q96KR1,unknown,1074.0,arginine_rich_rna_contact_region,23,0.021415270018621976,AlcoR
Q96L91,unknown,3159.0,aromatic_sticker_region,65,0.0205761316872428,AlcoR
Q96L91,unknown,3159.0,disorder_rich_spacer_region,18,0.005698005698005698,AlcoR
Q96L91,unknown,3159.0,other,20,0.006331117442228553,AlcoR
Q96LT9,snRNA,517.0,acidic_region,20,0.03868471953578337,AlcoR
Q96M93,mRNA,576.0,aromatic_sticker_region,91,0.1579861111111111,AlcoR
Q96MU7,mRNA,727.0,mixed_charge_polyampholyte,145,0.19944979367262725,AlcoR
Q96MX3,unknown,618.0,aromatic_sticker_region,46,0.0744336569579288,AlcoR
Q96MX3,unknown,618.0,disorder_rich_spacer_region,16,0.025889967637540454,AlcoR
Q96N46,unknown,770.0,mixed_charge_polyampholyte,542,0.7038961038961039,AlcoR
Q96P11,pre-rRNA,429.0,cation_pi_rich_neighborhood,83,0.19347319347319347,AlcoR
Q96P11,pre-rRNA,429.0,hydrophobic_region,23,0.053613053613053616,AlcoR
Q96P70,mRNA,1041.0,aromatic_sticker_region,90,0.08645533141210375,AlcoR
Q96P70,mRNA,1041.0,unmapped_physicochemical_properties,32,0.03073967339097022,AlcoR
Q96PK6,mRNA,669.0,aromatic_sticker_region,75,0.11210762331838565,AlcoR
Q96Q11,tRNA,434.0,aromatic_sticker_region,251,0.5783410138248848,AlcoR
Q96Q11,tRNA,434.0,mixed_charge_polyampholyte,173,0.3986175115207373,AlcoR
Q96Q15,mRNA,3661.0,aromatic_sticker_region,617,0.16853318765364655,AlcoR
Q96Q15,mRNA,3661.0,unmapped_physicochemical_properties,42,0.011472275334608031,AlcoR
Q96QC0,unknown,940.0,cation_pi_rich_neighborhood,238,0.2531914893617021,AlcoR
Q96QC0,unknown,940.0,disorder_rich_spacer_region,13,0.013829787234042552,AlcoR
Q96QU8,mRNA,1125.0,acidic_region,42,0.037333333333333336,AlcoR
Q96QU8,mRNA,1125.0,arginine_rich_rna_contact_region,12,0.010666666666666666,AlcoR
Q96QU8,mRNA,1125.0,aromatic_sticker_region,209,0.18577777777777776,AlcoR
Q96QU8,mRNA,1125.0,disorder_rich_spacer_region,12,0.010666666666666666,AlcoR
Q96QU8,mRNA,1125.0,hydrophobic_region,20,0.017777777777777778,AlcoR
Q96QU8,mRNA,1125.0,unmapped_physicochemical_properties,45,0.04,AlcoR
Q96RP9,mRNA,751.0,aromatic_sticker_region,21,0.02796271637816245,AlcoR
Q96RP9,mRNA,751.0,cation_pi_rich_neighborhood,14,0.018641810918774968,AlcoR
Q96S44,tRNA,253.0,arginine_rich_rna_contact_region,30,0.11857707509881422,AlcoR
Q96SZ4,unknown,780.0,aromatic_sticker_region,191,0.24487179487179486,AlcoR
Q96T37,mRNA,977.0,arginine_rich_rna_contact_region,20,0.02047082906857728,AlcoR
Q96T37,mRNA,977.0,aromatic_sticker_region,71,0.07267144319344933,AlcoR
Q96T37,mRNA,977.0,mixed_charge_polyampholyte,31,0.03172978505629478,AlcoR
Q96T37,mRNA,977.0,other,168,0.17195496417604914,AlcoR
Q96T58,mRNA,3664.0,aromatic_sticker_region,294,0.08024017467248909,AlcoR
Q96T58,mRNA,3664.0,mixed_charge_polyampholyte,440,0.12008733624454149,AlcoR
Q96T58,mRNA,3664.0,other,238,0.06495633187772926,AlcoR
Q99459,mRNA,802.0,aromatic_sticker_region,160,0.19950124688279303,AlcoR
Q99459,mRNA,802.0,mixed_charge_polyampholyte,123,0.15336658354114713,AlcoR
Q99575,ncRNA,1024.0,arginine_rich_rna_contact_region,57,0.0556640625,AlcoR
Q99575,ncRNA,1024.0,aromatic_sticker_region,163,0.1591796875,AlcoR
Q99613,mRNA,913.0,acidic_region,17,0.018619934282584884,AlcoR
Q99613,mRNA,913.0,aromatic_sticker_region,34,0.03723986856516977,AlcoR
Q99613,mRNA,913.0,unmapped_physicochemical_properties,12,0.013143483023001095,AlcoR
Q99633,mRNA,342.0,aromatic_sticker_region,56,0.16374269005847952,AlcoR
Q99633,mRNA,342.0,mixed_charge_polyampholyte,45,0.13157894736842105,AlcoR
Q99633,mRNA,342.0,other,12,0.03508771929824561,AlcoR
Q99714,tRNA,261.0,aromatic_sticker_region,53,0.20306513409961685,AlcoR
Q99714,tRNA,261.0,cation_pi_rich_neighborhood,29,0.1111111111111111,AlcoR
Q99714,tRNA,261.0,hydrophobic_region,18,0.06896551724137931,AlcoR
Q99714,tRNA,261.0,unmapped_physicochemical_properties,35,0.13409961685823754,AlcoR
Q99973,ncRNA,2627.0,aromatic_sticker_region,1017,0.38713361248572514,AlcoR
Q99973,ncRNA,2627.0,cation_pi_rich_neighborhood,335,0.12752188808526838,AlcoR
Q99973,ncRNA,2627.0,mixed_charge_polyampholyte,39,0.014845831747240197,AlcoR
Q99973,ncRNA,2627.0,other,99,0.037685572896840505,AlcoR
Q9BQ39,pre-rRNA,737.0,aromatic_sticker_region,13,0.017639077340569877,AlcoR
Q9BQC6,ribosomal protein,102.0,aromatic_sticker_region,102,1.0,AlcoR
Q9BQG2,mRNA,462.0,aromatic_sticker_region,18,0.03896103896103896,AlcoR
Q9BQG2,mRNA,462.0,hydrophobic_region,5,0.010822510822510822,AlcoR
Q9BR11,unknown,485.0,aromatic_sticker_region,99,0.20412371134020618,AlcoR
Q9BR11,unknown,485.0,hydrophobic_region,27,0.05567010309278351,AlcoR
Q9BR11,unknown,485.0,other,12,0.024742268041237112,AlcoR
Q9BRP8,mRNA,204.0,disorder_rich_spacer_region,18,0.08823529411764706,AlcoR
Q9BRP8,mRNA,204.0,mixed_charge_polyampholyte,65,0.31862745098039214,AlcoR
Q9BRS2,pre-rRNA,568.0,aromatic_sticker_region,401,0.7059859154929577,AlcoR
Q9BRS8,mRNA,491.0,acidic_region,70,0.1425661914460285,AlcoR
Q9BRS8,mRNA,491.0,arginine_rich_rna_contact_region,15,0.03054989816700611,AlcoR
Q9BRS8,mRNA,491.0,aromatic_sticker_region,110,0.2240325865580448,AlcoR
Q9BRS8,mRNA,491.0,cation_pi_rich_neighborhood,112,0.22810590631364563,AlcoR
Q9BRS8,mRNA,491.0,disorder_rich_spacer_region,95,0.1934826883910387,AlcoR
Q9BSC4,pre-rRNA,688.0,aromatic_sticker_region,22,0.03197674418604651,AlcoR
Q9BSC4,pre-rRNA,688.0,mixed_charge_polyampholyte,15,0.02180232558139535,AlcoR
Q9BSV6,tRNA,310.0,unmapped_physicochemical_properties,26,0.08387096774193549,AlcoR
Q9BTD8,mRNA,480.0,arginine_rich_rna_contact_region,11,0.022916666666666665,AlcoR
Q9BTF0,tRNA,503.0,disorder_rich_spacer_region,13,0.02584493041749503,AlcoR
Q9BUB4,tRNA,502.0,acidic_region,12,0.02390438247011952,AlcoR
Q9BUB4,tRNA,502.0,aromatic_sticker_region,98,0.1952191235059761,AlcoR
Q9BUB4,tRNA,502.0,cation_pi_rich_neighborhood,70,0.1394422310756972,AlcoR
Q9BUB4,tRNA,502.0,disorder_rich_spacer_region,13,0.025896414342629483,AlcoR
Q9BUB4,tRNA,502.0,hydrophobic_region,19,0.037848605577689244,AlcoR
Q9BUB4,tRNA,502.0,mixed_charge_polyampholyte,59,0.11752988047808766,AlcoR
Q9BUB4,tRNA,502.0,unmapped_physicochemical_properties,50,0.099601593625498,AlcoR
Q9BUJ2,mRNA,856.0,arginine_rich_rna_contact_region,12,0.014018691588785047,AlcoR
Q9BUQ8,snRNA,820.0,aromatic_sticker_region,385,0.4695121951219512,AlcoR
Q9BV44,tRNA,507.0,aromatic_sticker_region,464,0.9151873767258383,AlcoR
Q9BV44,tRNA,507.0,unmapped_physicochemical_properties,31,0.0611439842209073,AlcoR
Q9BVP2,pre-rRNA,549.0,acidic_region,52,0.0947176684881603,AlcoR
Q9BVP2,pre-rRNA,549.0,aromatic_sticker_region,21,0.03825136612021858,AlcoR
Q9BWE0,unknown,567.0,acidic_region,16,0.02821869488536155,AlcoR
Q9BWT3,mRNA,736.0,cation_pi_rich_neighborhood,210,0.28532608695652173,AlcoR
Q9BX63,unknown,1249.0,disorder_rich_spacer_region,17,0.013610888710968775,AlcoR
Q9BX63,unknown,1249.0,unmapped_physicochemical_properties,15,0.01200960768614892,AlcoR
Q9BXP5,ncRNA,876.0,acidic_region,54,0.06164383561643835,AlcoR
Q9BXP5,ncRNA,876.0,arginine_rich_rna_contact_region,18,0.02054794520547945,AlcoR
Q9BXP5,ncRNA,876.0,aromatic_sticker_region,67,0.07648401826484018,AlcoR
Q9BXR0,tRNA,403.0,aromatic_sticker_region,57,0.141439205955335,AlcoR
Q9BXR0,tRNA,403.0,disorder_rich_spacer_region,38,0.09429280397022333,AlcoR
Q9BXT6,ncRNA,1211.0,aromatic_sticker_region,144,0.11890999174236168,AlcoR
Q9BXT8,mRNA,1623.0,aromatic_sticker_region,24,0.014787430683918669,AlcoR
Q9BXT8,mRNA,1623.0,unmapped_physicochemical_properties,14,0.00862600123228589,AlcoR
Q9BXU2,mRNA,312.0,aromatic_sticker_region,55,0.1762820512820513,AlcoR
Q9BXU2,mRNA,312.0,cation_pi_rich_neighborhood,15,0.04807692307692308,AlcoR
Q9BXU2,mRNA,312.0,hydrophobic_region,14,0.04487179487179487,AlcoR
Q9BXU2,mRNA,312.0,unmapped_physicochemical_properties,14,0.04487179487179487,AlcoR
Q9BXV9,tRNA,100.0,acidic_region,61,0.61,AlcoR
Q9BXV9,tRNA,100.0,disorder_rich_spacer_region,33,0.33,AlcoR
Q9BY44,tRNA,585.0,hydrophobic_region,28,0.04786324786324787,AlcoR
Q9BYD2,ribosomal protein,267.0,aromatic_sticker_region,267,1.0,AlcoR
Q9BYJ9,mRNA,559.0,aromatic_sticker_region,82,0.14669051878354203,AlcoR
Q9BYX4,ncRNA,1025.0,acidic_region,48,0.04682926829268293,AlcoR
Q9BYX4,ncRNA,1025.0,arginine_rich_rna_contact_region,24,0.023414634146341463,AlcoR
Q9BYX4,ncRNA,1025.0,aromatic_sticker_region,108,0.10536585365853658,AlcoR
Q9BYX4,ncRNA,1025.0,cation_pi_rich_neighborhood,99,0.09658536585365854,AlcoR
Q9BYX4,ncRNA,1025.0,hydrophobic_region,12,0.011707317073170732,AlcoR
Q9BYX4,ncRNA,1025.0,mixed_charge_polyampholyte,14,0.013658536585365854,AlcoR
Q9BYX4,ncRNA,1025.0,other,46,0.0448780487804878,AlcoR
Q9BYX4,ncRNA,1025.0,unmapped_physicochemical_properties,55,0.05365853658536585,AlcoR
Q9BZJ0,mRNA,848.0,acidic_region,21,0.024764150943396228,AlcoR
Q9BZJ0,mRNA,848.0,aromatic_sticker_region,122,0.14386792452830188,AlcoR
Q9BZJ0,mRNA,848.0,cation_pi_rich_neighborhood,33,0.03891509433962264,AlcoR
Q9BZJ0,mRNA,848.0,other,19,0.02240566037735849,AlcoR
Q9C0B1,mRNA,505.0,aromatic_sticker_region,257,0.5089108910891089,AlcoR
Q9C0B9,unknown,1178.0,aromatic_sticker_region,122,0.1035653650254669,AlcoR
Q9C0B9,unknown,1178.0,disorder_rich_spacer_region,87,0.07385398981324279,AlcoR
Q9C0B9,unknown,1178.0,other,47,0.039898132427843805,AlcoR
Q9C0B9,unknown,1178.0,unmapped_physicochemical_properties,134,0.11375212224108659,AlcoR
Q9C0D7,unknown,883.0,unmapped_physicochemical_properties,31,0.035107587768969425,AlcoR
Q9GZR2,pre-rRNA,422.0,disorder_rich_spacer_region,24,0.05687203791469194,AlcoR
Q9H0A0,pre-rRNA,1025.0,aromatic_sticker_region,922,0.8995121951219512,AlcoR
Q9H0A6,unknown,362.0,aromatic_sticker_region,14,0.03867403314917127,AlcoR
Q9H0H0,snRNA,1196.0,aromatic_sticker_region,125,0.10451505016722408,AlcoR
Q9H0H0,snRNA,1196.0,unmapped_physicochemical_properties,51,0.042642140468227424,AlcoR
Q9H0W8,mRNA,520.0,aromatic_sticker_region,14,0.026923076923076925,AlcoR
Q9H1J1,mRNA,476.0,mixed_charge_polyampholyte,38,0.07983193277310924,AlcoR
Q9H1J1,mRNA,476.0,other,17,0.03571428571428571,AlcoR
Q9H2T7,mRNA,1088.0,aromatic_sticker_region,1076,0.9889705882352942,AlcoR
Q9H2U1,mRNA,1008.0,unmapped_physicochemical_properties,19,0.018849206349206348,AlcoR
Q9H2W6,ribosomal protein,279.0,hydrophobic_region,16,0.05734767025089606,AlcoR
Q9H307,mRNA,717.0,acidic_region,26,0.03626220362622036,AlcoR
Q9H307,mRNA,717.0,arginine_rich_rna_contact_region,39,0.05439330543933055,AlcoR
Q9H3H1,tRNA,467.0,arginine_rich_rna_contact_region,12,0.02569593147751606,AlcoR
Q9H3H1,tRNA,467.0,aromatic_sticker_region,23,0.04925053533190578,AlcoR
Q9H3H1,tRNA,467.0,cation_pi_rich_neighborhood,80,0.17130620985010706,AlcoR
Q9H3H1,tRNA,467.0,mixed_charge_polyampholyte,28,0.059957173447537475,AlcoR
Q9H3J6,mRNA,166.0,aromatic_sticker_region,166,1.0,AlcoR
Q9H4L7,unknown,1026.0,aromatic_sticker_region,306,0.2982456140350877,AlcoR
Q9H4L7,unknown,1026.0,hydrophobic_region,2,0.001949317738791423,AlcoR
Q9H4L7,unknown,1026.0,mixed_charge_polyampholyte,12,0.011695906432748537,AlcoR
Q9H4L7,unknown,1026.0,other,381,0.3713450292397661,AlcoR
Q9H4T2,unknown,348.0,aromatic_sticker_region,29,0.08333333333333333,AlcoR
Q9H5H4,unknown,540.0,aromatic_sticker_region,37,0.06851851851851852,AlcoR
Q9H5H4,unknown,540.0,disorder_rich_spacer_region,30,0.05555555555555555,AlcoR
Q9H5H4,unknown,540.0,other,26,0.04814814814814815,AlcoR
Q9H633,ncRNA,154.0,cation_pi_rich_neighborhood,154,1.0,AlcoR
Q9H668,unknown,368.0,aromatic_sticker_region,17,0.04619565217391304,AlcoR
Q9H668,unknown,368.0,hydrophobic_region,12,0.03260869565217391,AlcoR
Q9H6F5,unknown,360.0,other,38,0.10555555555555556,AlcoR
Q9H6R0,mRNA,707.0,cation_pi_rich_neighborhood,127,0.17963224893917965,AlcoR
Q9H6S0,mRNA,1430.0,aromatic_sticker_region,1021,0.713986013986014,AlcoR
Q9H6S0,mRNA,1430.0,cation_pi_rich_neighborhood,300,0.2097902097902098,AlcoR
Q9H7N4,mRNA,1312.0,acidic_region,87,0.0663109756097561,AlcoR
Q9H7N4,mRNA,1312.0,cation_pi_rich_neighborhood,87,0.0663109756097561,AlcoR
Q9H7N4,mRNA,1312.0,disorder_rich_spacer_region,31,0.023628048780487805,AlcoR
Q9H7N4,mRNA,1312.0,unmapped_physicochemical_properties,41,0.03125,AlcoR
Q9H840,snRNA,131.0,aromatic_sticker_region,39,0.29770992366412213,AlcoR
Q9H9G7,ncRNA,860.0,acidic_region,15,0.01744186046511628,AlcoR
Q9H9G7,ncRNA,860.0,aromatic_sticker_region,87,0.10116279069767442,AlcoR
Q9H9G7,ncRNA,860.0,hydrophobic_region,12,0.013953488372093023,AlcoR
Q9H9G7,ncRNA,860.0,unmapped_physicochemical_properties,14,0.01627906976744186,AlcoR
Q9H9J2,ribosomal protein,332.0,aromatic_sticker_region,325,0.9789156626506024,AlcoR
Q9H9L3,pre-rRNA,353.0,acidic_region,15,0.042492917847025496,AlcoR
Q9HAU5,mRNA,1272.0,acidic_region,12,0.009433962264150943,AlcoR
Q9HAU5,mRNA,1272.0,aromatic_sticker_region,186,0.14622641509433962,AlcoR
Q9HAU5,mRNA,1272.0,mixed_charge_polyampholyte,13,0.010220125786163521,AlcoR
Q9HAV4,ncRNA,1204.0,arginine_rich_rna_contact_region,12,0.009966777408637873,AlcoR
Q9HAV4,ncRNA,1204.0,aromatic_sticker_region,84,0.06976744186046512,AlcoR
Q9HAV4,ncRNA,1204.0,cation_pi_rich_neighborhood,79,0.06561461794019934,AlcoR
Q9HAV4,ncRNA,1204.0,hydrophobic_region,12,0.009966777408637873,AlcoR
Q9HAV4,ncRNA,1204.0,unmapped_physicochemical_properties,16,0.013289036544850499,AlcoR
Q9HBD1,mRNA,1191.0,aromatic_sticker_region,12,0.010075566750629723,AlcoR
Q9HBD1,mRNA,1191.0,other,15,0.012594458438287154,AlcoR
Q9HBD4,unknown,1679.0,acidic_region,30,0.01786777843954735,AlcoR
Q9HBD4,unknown,1679.0,aromatic_sticker_region,439,0.2614651578320429,AlcoR
Q9HBD4,unknown,1679.0,cation_pi_rich_neighborhood,309,0.1840381179273377,AlcoR
Q9HBD4,unknown,1679.0,mixed_charge_polyampholyte,384,0.22870756402620607,AlcoR
Q9HBD4,unknown,1679.0,unmapped_physicochemical_properties,15,0.008933889219773675,AlcoR
Q9HC10,unknown,1997.0,acidic_region,57,0.028542814221331998,AlcoR
Q9HC10,unknown,1997.0,aromatic_sticker_region,50,0.02503755633450175,AlcoR
Q9HC10,unknown,1997.0,cation_pi_rich_neighborhood,17,0.008512769153730596,AlcoR
Q9HC10,unknown,1997.0,disorder_rich_spacer_region,15,0.007511266900350526,AlcoR
Q9HC10,unknown,1997.0,hydrophobic_region,13,0.006509764646970456,AlcoR
Q9HC10,unknown,1997.0,mixed_charge_polyampholyte,34,0.01702553830746119,AlcoR
Q9HC10,unknown,1997.0,other,31,0.015523284927391086,AlcoR
Q9HC10,unknown,1997.0,unmapped_physicochemical_properties,19,0.009514271407110666,AlcoR
Q9HC16,mRNA,384.0,aromatic_sticker_region,14,0.036458333333333336,AlcoR
Q9HC36,pre-rRNA,420.0,acidic_region,18,0.04285714285714286,AlcoR
Q9HC36,pre-rRNA,420.0,arginine_rich_rna_contact_region,7,0.016666666666666666,AlcoR
Q9HC36,pre-rRNA,420.0,cation_pi_rich_neighborhood,106,0.2523809523809524,AlcoR
Q9HC36,pre-rRNA,420.0,disorder_rich_spacer_region,17,0.04047619047619048,AlcoR
Q9HC44,unknown,474.0,arginine_rich_rna_contact_region,35,0.07383966244725738,AlcoR
Q9HC44,unknown,474.0,aromatic_sticker_region,65,0.1371308016877637,AlcoR
Q9HCJ3,mRNA,691.0,arginine_rich_rna_contact_region,21,0.030390738060781478,AlcoR
Q9HCJ3,mRNA,691.0,aromatic_sticker_region,73,0.10564399421128799,AlcoR
Q9HCJ3,mRNA,691.0,disorder_rich_spacer_region,20,0.02894356005788712,AlcoR
Q9HCJ3,mRNA,691.0,hydrophobic_region,12,0.017366136034732273,AlcoR
Q9HCJ3,mRNA,691.0,mixed_charge_polyampholyte,20,0.02894356005788712,AlcoR
Q9HCK5,ncRNA,861.0,aromatic_sticker_region,23,0.026713124274099883,AlcoR
Q9HCK8,mRNA,2581.0,aromatic_sticker_region,550,0.21309569934134057,AlcoR
Q9HCK8,mRNA,2581.0,mixed_charge_polyampholyte,548,0.21232080588919022,AlcoR
Q9HCS7,mRNA,855.0,aromatic_sticker_region,14,0.016374269005847954,AlcoR
Q9HD33,ribosomal protein,250.0,arginine_rich_rna_contact_region,70,0.28,AlcoR
Q9HD33,ribosomal protein,250.0,aromatic_sticker_region,14,0.056,AlcoR
Q9HD33,ribosomal protein,250.0,disorder_rich_spacer_region,28,0.112,AlcoR
Q9NP77,mRNA,194.0,aromatic_sticker_region,127,0.654639175257732,AlcoR
Q9NP92,ribosomal protein,439.0,aromatic_sticker_region,173,0.3940774487471526,AlcoR
Q9NPD3,diverse,245.0,cation_pi_rich_neighborhood,245,1.0,AlcoR
Q9NPJ8,mRNA,142.0,hydrophobic_region,13,0.09154929577464789,AlcoR
Q9NQ29,mRNA,371.0,other,257,0.692722371967655,AlcoR
Q9NQ50,ribosomal protein,206.0,acidic_region,13,0.06310679611650485,AlcoR
Q9NQI0,mRNA,724.0,other,214,0.2955801104972376,AlcoR
Q9NQM4,unknown,214.0,unmapped_physicochemical_properties,12,0.056074766355140186,AlcoR
Q9NR48,ncRNA,2969.0,acidic_region,16,0.005389019872010778,AlcoR
Q9NR48,ncRNA,2969.0,other,55,0.018524755810037048,AlcoR
Q9NR90,mRNA,486.0,aromatic_sticker_region,246,0.5061728395061729,AlcoR
Q9NR97,ncRNA,1041.0,aromatic_sticker_region,110,0.10566762728146013,AlcoR
Q9NRA8,mRNA,985.0,disorder_rich_spacer_region,12,0.012182741116751269,AlcoR
Q9NRA8,mRNA,985.0,mixed_charge_polyampholyte,254,0.2578680203045685,AlcoR
Q9NRA8,mRNA,985.0,other,344,0.349238578680203,AlcoR
Q9NRX2,ribosomal protein,175.0,aromatic_sticker_region,35,0.2,AlcoR
Q9NS39,mRNA,739.0,cation_pi_rich_neighborhood,91,0.12313937753721245,AlcoR
Q9NTZ6,mRNA,932.0,aromatic_sticker_region,30,0.032188841201716736,AlcoR
Q9NTZ6,mRNA,932.0,disorder_rich_spacer_region,36,0.03862660944206009,AlcoR
Q9NTZ6,mRNA,932.0,mixed_charge_polyampholyte,22,0.023605150214592276,AlcoR
Q9NTZ6,mRNA,932.0,other,122,0.13090128755364808,AlcoR
Q9NTZ6,mRNA,932.0,unmapped_physicochemical_properties,29,0.03111587982832618,AlcoR
Q9NUM4,unknown,274.0,aromatic_sticker_region,12,0.043795620437956206,AlcoR
Q9NUM4,unknown,274.0,other,4,0.014598540145985401,AlcoR
Q9NUM4,unknown,274.0,unmapped_physicochemical_properties,15,0.05474452554744526,AlcoR
Q9NV66,tRNA,732.0,acidic_region,87,0.11885245901639344,AlcoR
Q9NV66,tRNA,732.0,aromatic_sticker_region,102,0.13934426229508196,AlcoR
Q9NV66,tRNA,732.0,mixed_charge_polyampholyte,21,0.028688524590163935,AlcoR
Q9NV66,tRNA,732.0,other,16,0.02185792349726776,AlcoR
Q9NV88,snRNA,658.0,aromatic_sticker_region,70,0.10638297872340426,AlcoR
Q9NVH2,snRNA,962.0,aromatic_sticker_region,15,0.015592515592515593,AlcoR
Q9NVM6,unknown,304.0,acidic_region,14,0.046052631578947366,AlcoR
Q9NVM6,unknown,304.0,disorder_rich_spacer_region,37,0.12171052631578948,AlcoR
Q9NVM6,unknown,304.0,unmapped_physicochemical_properties,36,0.11842105263157894,AlcoR
Q9NVN8,pre-rRNA,582.0,acidic_region,17,0.029209621993127148,AlcoR
Q9NVN8,pre-rRNA,582.0,arginine_rich_rna_contact_region,15,0.02577319587628866,AlcoR
Q9NVN8,pre-rRNA,582.0,disorder_rich_spacer_region,11,0.018900343642611683,AlcoR
Q9NVN8,pre-rRNA,582.0,hydrophobic_region,12,0.020618556701030927,AlcoR
Q9NVN8,pre-rRNA,582.0,other,20,0.03436426116838488,AlcoR
Q9NVN8,pre-rRNA,582.0,unmapped_physicochemical_properties,42,0.07216494845360824,AlcoR
Q9NVP1,pre-rRNA,670.0,cation_pi_rich_neighborhood,356,0.5313432835820896,AlcoR
Q9NVS2,ribosomal protein,196.0,aromatic_sticker_region,58,0.29591836734693877,AlcoR
Q9NVS2,ribosomal protein,196.0,disorder_rich_spacer_region,40,0.20408163265306123,AlcoR
Q9NVS2,ribosomal protein,196.0,hydrophobic_region,12,0.061224489795918366,AlcoR
Q9NW07,unknown,568.0,aromatic_sticker_region,229,0.40316901408450706,AlcoR
Q9NX05,unknown,1096.0,aromatic_sticker_region,180,0.16423357664233576,AlcoR
Q9NX05,unknown,1096.0,unmapped_physicochemical_properties,16,0.014598540145985401,AlcoR
Q9NX07,tRNA,287.0,aromatic_sticker_region,82,0.2857142857142857,AlcoR
Q9NXL6,ncRNA,827.0,aromatic_sticker_region,254,0.30713422007255137,AlcoR
Q9NXL6,ncRNA,827.0,hydrophobic_region,17,0.020556227327690448,AlcoR
Q9NXL6,ncRNA,827.0,other,388,0.46916565900846435,AlcoR
Q9NXZ2,mRNA,648.0,unmapped_physicochemical_properties,16,0.024691358024691357,AlcoR
Q9NY93,pre-rRNA,547.0,unmapped_physicochemical_properties,17,0.031078610603290677,AlcoR
Q9NYF8,mRNA,920.0,other,18,0.01956521739130435,AlcoR
Q9NYH9,snoRNA,597.0,aromatic_sticker_region,19,0.031825795644891124,AlcoR
Q9NZB2,mRNA,1118.0,aromatic_sticker_region,245,0.21914132379248658,AlcoR
Q9NZB2,mRNA,1118.0,other,298,0.26654740608228983,AlcoR
Q9NZJ5,mRNA,1116.0,aromatic_sticker_region,877,0.78584229390681,AlcoR
Q9P1Y6,mRNA,1649.0,mixed_charge_polyampholyte,18,0.010915706488781079,AlcoR
Q9P2E3,unknown,1918.0,acidic_region,16,0.008342022940563087,AlcoR
Q9P2E3,unknown,1918.0,aromatic_sticker_region,197,0.102711157455683,AlcoR
Q9P2E3,unknown,1918.0,hydrophobic_region,14,0.0072992700729927005,AlcoR
Q9P2E3,unknown,1918.0,mixed_charge_polyampholyte,60,0.03128258602711158,AlcoR
Q9P2E3,unknown,1918.0,other,41,0.02137643378519291,AlcoR
Q9P2E3,unknown,1918.0,unmapped_physicochemical_properties,29,0.015119916579770595,AlcoR
Q9P2E9,mRNA,1410.0,disorder_rich_spacer_region,127,0.09007092198581561,AlcoR
Q9P2I0,mRNA,782.0,unmapped_physicochemical_properties,15,0.01918158567774936,AlcoR
Q9P2J5,tRNA,1176.0,acidic_region,21,0.017857142857142856,AlcoR
Q9P2J5,tRNA,1176.0,aromatic_sticker_region,65,0.055272108843537414,AlcoR
Q9P2J5,tRNA,1176.0,mixed_charge_polyampholyte,23,0.0195578231292517,AlcoR
Q9P2K8,tRNA,1649.0,aromatic_sticker_region,42,0.025469981807155852,AlcoR
Q9P2K8,tRNA,1649.0,unmapped_physicochemical_properties,19,0.011522134627046696,AlcoR
Q9P2N5,mRNA,1060.0,acidic_region,25,0.02358490566037736,AlcoR
Q9P2N5,mRNA,1060.0,aromatic_sticker_region,84,0.07924528301886792,AlcoR
Q9P2N5,mRNA,1060.0,disorder_rich_spacer_region,52,0.04905660377358491,AlcoR
Q9P2N5,mRNA,1060.0,other,54,0.0509433962264151,AlcoR
Q9P2N5,mRNA,1060.0,unmapped_physicochemical_properties,46,0.04339622641509434,AlcoR
Q9P2P1,unknown,1898.0,aromatic_sticker_region,17,0.008956796628029505,AlcoR
Q9UBC3,diverse,853.0,aromatic_sticker_region,416,0.4876905041031653,AlcoR
Q9UBK2,unknown,798.0,cation_pi_rich_neighborhood,103,0.12907268170426064,AlcoR
Q9UBK2,unknown,798.0,mixed_charge_polyampholyte,17,0.021303258145363407,AlcoR
Q9UBP6,tRNA,276.0,aromatic_sticker_region,15,0.05434782608695652,AlcoR
Q9UBQ5,mRNA,218.0,aromatic_sticker_region,22,0.10091743119266056,AlcoR
Q9UBQ5,mRNA,218.0,mixed_charge_polyampholyte,38,0.1743119266055046,AlcoR
Q9UBQ5,mRNA,218.0,unmapped_physicochemical_properties,26,0.11926605504587157,AlcoR
Q9UBS3,unknown,223.0,hydrophobic_region,3,0.013452914798206279,AlcoR
Q9UBS3,unknown,223.0,other,180,0.8071748878923767,AlcoR
Q9UBU9,mRNA,619.0,aromatic_sticker_region,56,0.09046849757673667,AlcoR
Q9UBU9,mRNA,619.0,disorder_rich_spacer_region,30,0.048465266558966075,AlcoR
Q9UBU9,mRNA,619.0,other,251,0.40549273021001614,AlcoR
Q9UBU9,mRNA,619.0,unmapped_physicochemical_properties,27,0.04361873990306947,AlcoR
Q9UEG4,unknown,869.0,aromatic_sticker_region,30,0.03452243958573072,AlcoR
Q9UFF9,mRNA,292.0,aromatic_sticker_region,19,0.06506849315068493,AlcoR
Q9UFF9,mRNA,292.0,cation_pi_rich_neighborhood,14,0.04794520547945205,AlcoR
Q9UGY1,pre-rRNA,213.0,arginine_rich_rna_contact_region,36,0.16901408450704225,AlcoR
Q9UHB9,ncRNA,627.0,cation_pi_rich_neighborhood,14,0.022328548644338118,AlcoR
Q9UHB9,ncRNA,627.0,hydrophobic_region,33,0.05263157894736842,AlcoR
Q9UHB9,ncRNA,627.0,mixed_charge_polyampholyte,23,0.03668261562998405,AlcoR
Q9UHB9,ncRNA,627.0,unmapped_physicochemical_properties,52,0.08293460925039872,AlcoR
Q9UHC7,mRNA,482.0,aromatic_sticker_region,394,0.8174273858921162,AlcoR
Q9UHC7,mRNA,482.0,cation_pi_rich_neighborhood,79,0.16390041493775934,AlcoR
Q9UHI6,snRNA,824.0,aromatic_sticker_region,89,0.10800970873786407,AlcoR
Q9UHI6,snRNA,824.0,cation_pi_rich_neighborhood,54,0.06553398058252427,AlcoR
Q9UHK0,snoRNA,495.0,aromatic_sticker_region,13,0.026262626262626262,AlcoR
Q9UHK0,snoRNA,495.0,disorder_rich_spacer_region,30,0.06060606060606061,AlcoR
Q9UHK0,snoRNA,495.0,other,32,0.06464646464646465,AlcoR
Q9UI10,mRNA,523.0,aromatic_sticker_region,96,0.1835564053537285,AlcoR
Q9UI10,mRNA,523.0,disorder_rich_spacer_region,153,0.2925430210325048,AlcoR
Q9UIF8,ncRNA,2168.0,mixed_charge_polyampholyte,166,0.07656826568265683,AlcoR
Q9UIF9,ncRNA,1905.0,cation_pi_rich_neighborhood,108,0.05669291338582677,AlcoR
Q9UIF9,ncRNA,1905.0,other,484,0.25406824146981627,AlcoR
Q9UJV9,mRNA,622.0,aromatic_sticker_region,106,0.17041800643086816,AlcoR
Q9UJV9,mRNA,622.0,hydrophobic_region,16,0.02572347266881029,AlcoR
Q9UJV9,mRNA,622.0,mixed_charge_polyampholyte,21,0.03376205787781351,AlcoR
Q9UK39,mRNA,431.0,arginine_rich_rna_contact_region,15,0.03480278422273782,AlcoR
Q9UKA9,mRNA,531.0,unmapped_physicochemical_properties,30,0.05649717514124294,AlcoR
Q9UKF6,mRNA,684.0,acidic_region,28,0.04093567251461988,AlcoR
Q9UKF6,mRNA,684.0,aromatic_sticker_region,21,0.03070175438596491,AlcoR
Q9UKF6,mRNA,684.0,other,13,0.019005847953216373,AlcoR
Q9UKF6,mRNA,684.0,unmapped_physicochemical_properties,15,0.021929824561403508,AlcoR
Q9UKJ3,unknown,1502.0,aromatic_sticker_region,35,0.02330226364846871,AlcoR
Q9UKJ3,unknown,1502.0,disorder_rich_spacer_region,81,0.05392809587217044,AlcoR
Q9UKT8,unknown,454.0,aromatic_sticker_region,134,0.29515418502202645,AlcoR
Q9UKT8,unknown,454.0,cation_pi_rich_neighborhood,13,0.028634361233480177,AlcoR
Q9UKT8,unknown,454.0,other,11,0.024229074889867842,AlcoR
Q9UKV8,ncRNA,859.0,aromatic_sticker_region,85,0.0989522700814901,AlcoR
Q9UKV8,ncRNA,859.0,hydrophobic_region,13,0.015133876600698487,AlcoR
Q9UKV8,ncRNA,859.0,mixed_charge_polyampholyte,24,0.027939464493597205,AlcoR
Q9UKV8,ncRNA,859.0,unmapped_physicochemical_properties,43,0.050058207217694994,AlcoR
Q9UL03,snRNA,887.0,arginine_rich_rna_contact_region,13,0.014656144306651634,AlcoR
Q9UL03,snRNA,887.0,aromatic_sticker_region,445,0.5016910935738444,AlcoR
Q9UL03,snRNA,887.0,unmapped_physicochemical_properties,14,0.015783540022547914,AlcoR
Q9UL18,ncRNA,857.0,aromatic_sticker_region,119,0.13885647607934656,AlcoR
Q9UL18,ncRNA,857.0,unmapped_physicochemical_properties,28,0.03267211201866978,AlcoR
Q9UL40,unknown,294.0,aromatic_sticker_region,92,0.3129251700680272,AlcoR
Q9UL40,unknown,294.0,cation_pi_rich_neighborhood,39,0.1326530612244898,AlcoR
Q9ULG1,unknown,1556.0,aromatic_sticker_region,832,0.5347043701799485,AlcoR
Q9ULG1,unknown,1556.0,other,360,0.23136246786632392,AlcoR
Q9ULR0,mRNA,285.0,mixed_charge_polyampholyte,111,0.3894736842105263,AlcoR
Q9ULX3,pre-rRNA,412.0,aromatic_sticker_region,49,0.11893203883495146,AlcoR
Q9ULX6,mRNA,646.0,acidic_region,28,0.043343653250773995,AlcoR
Q9ULX6,mRNA,646.0,aromatic_sticker_region,49,0.07585139318885449,AlcoR
Q9ULX6,mRNA,646.0,disorder_rich_spacer_region,21,0.032507739938080496,AlcoR
Q9ULX6,mRNA,646.0,hydrophobic_region,7,0.010835913312693499,AlcoR
Q9ULX6,mRNA,646.0,mixed_charge_polyampholyte,12,0.018575851393188854,AlcoR
Q9ULX6,mRNA,646.0,other,14,0.021671826625386997,AlcoR
Q9UMS4,mRNA,504.0,aromatic_sticker_region,259,0.5138888888888888,AlcoR
Q9UMS4,mRNA,504.0,hydrophobic_region,5,0.00992063492063492,AlcoR
Q9UNX4,snoRNA,943.0,acidic_region,84,0.08907741251325557,AlcoR
Q9UNX4,snoRNA,943.0,aromatic_sticker_region,290,0.3075291622481442,AlcoR
Q9UNX4,snoRNA,943.0,disorder_rich_spacer_region,13,0.013785790031813362,AlcoR
Q9UNX4,snoRNA,943.0,mixed_charge_polyampholyte,137,0.14528101802757157,AlcoR
Q9UNY4,mRNA,1162.0,disorder_rich_spacer_region,13,0.011187607573149742,AlcoR
Q9UNY4,mRNA,1162.0,other,292,0.2512908777969019,AlcoR
Q9UPN6,mRNA,1271.0,acidic_region,15,0.011801730920535013,AlcoR
Q9UPN6,mRNA,1271.0,cation_pi_rich_neighborhood,83,0.06530291109362707,AlcoR
Q9UPN6,mRNA,1271.0,disorder_rich_spacer_region,21,0.016522423288749016,AlcoR
Q9UPS6,ncRNA,1966.0,aromatic_sticker_region,249,0.1266531027466938,AlcoR
Q9UPS6,ncRNA,1966.0,mixed_charge_polyampholyte,57,0.02899287894201424,AlcoR
Q9UPU9,mRNA,718.0,aromatic_sticker_region,37,0.05153203342618384,AlcoR
Q9UPY3,ncRNA,1922.0,aromatic_sticker_region,361,0.1878251821019771,AlcoR
Q9UPY3,ncRNA,1922.0,mixed_charge_polyampholyte,309,0.1607700312174818,AlcoR
Q9Y230,mRNA,463.0,arginine_rich_rna_contact_region,12,0.02591792656587473,AlcoR
Q9Y265,mRNA,456.0,aromatic_sticker_region,172,0.37719298245614036,AlcoR
Q9Y291,ribosomal protein,106.0,aromatic_sticker_region,106,1.0,AlcoR
Q9Y2L1,diverse,958.0,mixed_charge_polyampholyte,13,0.013569937369519834,AlcoR
Q9Y2T7,mRNA,364.0,aromatic_sticker_region,26,0.07142857142857142,AlcoR
Q9Y2T7,mRNA,364.0,mixed_charge_polyampholyte,16,0.04395604395604396,AlcoR
Q9Y2V2,mRNA,147.0,aromatic_sticker_region,147,1.0,AlcoR
Q9Y2W1,mRNA,955.0,acidic_region,35,0.03664921465968586,AlcoR
Q9Y2W6,ncRNA,561.0,aromatic_sticker_region,459,0.8181818181818182,AlcoR
Q9Y2W6,ncRNA,561.0,mixed_charge_polyampholyte,65,0.11586452762923351,AlcoR
Q9Y333,snRNA,95.0,mixed_charge_polyampholyte,12,0.12631578947368421,AlcoR
Q9Y333,snRNA,95.0,unmapped_physicochemical_properties,12,0.12631578947368421,AlcoR
Q9Y388,mRNA,322.0,acidic_region,14,0.043478260869565216,AlcoR
Q9Y388,mRNA,322.0,arginine_rich_rna_contact_region,17,0.052795031055900624,AlcoR
Q9Y388,mRNA,322.0,other,18,0.055900621118012424,AlcoR
Q9Y399,ribosomal protein,296.0,aromatic_sticker_region,217,0.7331081081081081,AlcoR
Q9Y399,ribosomal protein,296.0,disorder_rich_spacer_region,16,0.05405405405405406,AlcoR
Q9Y399,ribosomal protein,296.0,unmapped_physicochemical_properties,12,0.04054054054054054,AlcoR
Q9Y3A5,pre-rRNA,250.0,arginine_rich_rna_contact_region,16,0.064,AlcoR
Q9Y3A5,pre-rRNA,250.0,hydrophobic_region,13,0.052,AlcoR
Q9Y3A5,pre-rRNA,250.0,mixed_charge_polyampholyte,17,0.068,AlcoR
Q9Y3E5,tRNA,179.0,cation_pi_rich_neighborhood,77,0.4301675977653631,AlcoR
Q9Y3F4,mRNA,350.0,hydrophobic_region,11,0.03142857142857143,AlcoR
Q9Y3U8,ribosomal protein,105.0,cation_pi_rich_neighborhood,14,0.13333333333333333,AlcoR
Q9Y473,unknown,711.0,aromatic_sticker_region,711,1.0,AlcoR
Q9Y4B4,unknown,1467.0,disorder_rich_spacer_region,49,0.033401499659168374,AlcoR
Q9Y4C8,pre-rRNA,960.0,aromatic_sticker_region,211,0.21979166666666666,AlcoR
Q9Y4C8,pre-rRNA,960.0,other,11,0.011458333333333333,AlcoR
Q9Y4F3,ncRNA,1742.0,disorder_rich_spacer_region,71,0.04075774971297359,AlcoR
Q9Y5A9,mRNA,579.0,aromatic_sticker_region,119,0.20552677029360966,AlcoR
Q9Y6G3,ribosomal protein,142.0,aromatic_sticker_region,65,0.45774647887323944,AlcoR
Q9Y6G3,ribosomal protein,142.0,mixed_charge_polyampholyte,70,0.49295774647887325,AlcoR
Q9Y6K5,ncRNA,1087.0,aromatic_sticker_region,12,0.011039558417663294,AlcoR
Q9Y6M1,mRNA,599.0,arginine_rich_rna_contact_region,12,0.02003338898163606,AlcoR
R4GMX9,snRNA,53.0,aromatic_sticker_region,53,1.0,AlcoR
R4GNH1,unknown,168.0,aromatic_sticker_region,24,0.14285714285714285,AlcoR
R4GNH1,unknown,168.0,cation_pi_rich_neighborhood,97,0.5773809523809523,AlcoR
S4R469,mRNA,234.0,aromatic_sticker_region,94,0.4017094017094017,AlcoR
S4R469,mRNA,234.0,disorder_rich_spacer_region,18,0.07692307692307693,AlcoR
X6R7H2,mRNA,631.0,acidic_region,12,0.01901743264659271,AlcoR
X6R7H2,mRNA,631.0,aromatic_sticker_region,24,0.03803486529318542,AlcoR
X6R7H2,mRNA,631.0,disorder_rich_spacer_region,20,0.03169572107765452,AlcoR
X6R7H2,mRNA,631.0,other,33,0.05229793977812995,AlcoR
X6RDA4,ncRNA,248.0,mixed_charge_polyampholyte,150,0.6048387096774194,AlcoR
X6RJY0,snoRNA,320.0,other,11,0.034375,AlcoR
