feature_type,method,feature_value,rna_class,lcr_log2_sequence_count,lcr_observed,lcr_log2_residue_count,protein_log2,protein_observed,protein_table_p_fdr,lcr_direction,protein_direction,concordant,discordant,strong_cell
position,AlcoR,distal_terminal,diverse,-0.4553529288223509,13.0,,-0.3943977332198074,6.0,3.378781611135814e-05,-1.0,-1.0,True,False,False
position,AlcoR,distal_terminal,mRNA,-0.1838070231330394,272.0,,-0.0783493285723308,128.0,3.378781611135814e-05,-1.0,-1.0,True,False,False
position,AlcoR,distal_terminal,ncRNA,-0.3090230437924952,47.0,,-0.1980005204163041,20.0,3.378781611135814e-05,-1.0,-1.0,True,False,False
position,AlcoR,distal_terminal,pre-rRNA,0.3682408551153814,51.0,,-0.0779240684245533,18.0,3.378781611135814e-05,1.0,-1.0,False,True,False
position,AlcoR,distal_terminal,ribosomal protein,-2.2786493947489763,6.0,,-1.6354058327236023,6.0,3.378781611135814e-05,-1.0,-1.0,True,False,True
position,AlcoR,distal_terminal,snRNA,-0.6918455472036528,16.0,,-1.2925181192005937,6.0,3.378781611135814e-05,-1.0,-1.0,True,False,False
position,AlcoR,distal_terminal,snoRNA,0.7021883481641291,29.0,,0.1581432898089713,8.0,3.378781611135814e-05,1.0,1.0,True,False,False
position,AlcoR,distal_terminal,tRNA,-0.3275589952299229,58.0,,0.0248767589455069,31.0,3.378781611135814e-05,-1.0,1.0,False,True,False
position,AlcoR,distal_terminal,unknown,0.3751922326988884,341.0,,0.4455830083110428,124.0,3.378781611135814e-05,1.0,1.0,True,False,False
position,AlcoR,domain_adjacent,diverse,-0.811171966215979,3.0,,-0.5703157247567546,3.0,0.3052038488276357,-1.0,-1.0,True,False,False
position,AlcoR,domain_adjacent,mRNA,0.1177449357225384,99.0,,-0.0063398066656924,76.0,0.3052038488276357,1.0,-1.0,False,True,False
position,AlcoR,domain_adjacent,ncRNA,-0.5189912147226687,12.0,,-0.2364149882033163,11.0,0.3052038488276357,-1.0,-1.0,True,False,False
position,AlcoR,domain_adjacent,pre-rRNA,-0.0850946881925089,11.0,,-0.1018389665164504,10.0,0.3052038488276357,-1.0,-1.0,True,False,False
position,AlcoR,domain_adjacent,ribosomal protein,1.4196082406131878,23.0,,0.5106042706268126,15.0,0.3052038488276357,1.0,1.0,True,False,False
position,AlcoR,domain_adjacent,snRNA,-1.3472248664561888,3.0,,-1.4684361107375414,3.0,0.3052038488276357,-1.0,-1.0,True,False,True
position,AlcoR,domain_adjacent,snoRNA,0.603865533062865,8.0,,0.5671877989931802,6.0,0.3052038488276357,1.0,1.0,True,False,False
position,AlcoR,domain_adjacent,tRNA,-0.255956808888875,18.0,,-0.2978826209207114,14.0,0.3052038488276357,-1.0,-1.0,True,False,False
position,AlcoR,domain_adjacent,unknown,-0.1702530595208073,69.0,,0.1734497015147926,58.0,0.3052038488276357,-1.0,1.0,False,True,False
position,AlcoR,domain_edge,diverse,0.5427778017219093,25.0,,0.1926450779423958,14.0,0.0154669291466091,1.0,1.0,True,False,False
position,AlcoR,domain_edge,mRNA,-0.0168832606363871,294.0,,0.0142215158166241,212.0,0.0154669291466091,-1.0,1.0,False,True,False
position,AlcoR,domain_edge,ncRNA,-0.679614619614539,35.0,,-0.5703157247567546,24.0,0.0154669291466091,-1.0,-1.0,True,False,False
position,AlcoR,domain_edge,pre-rRNA,-0.0015427145019014,38.0,,0.0236919155674083,30.0,0.0154669291466091,-1.0,1.0,False,True,False
position,AlcoR,domain_edge,ribosomal protein,0.8635277054119902,51.0,,0.4662101512683594,40.0,0.0154669291466091,1.0,1.0,True,False,False
position,AlcoR,domain_edge,snRNA,0.0633084298480668,26.0,,-0.1909021352086323,20.0,0.0154669291466091,1.0,-1.0,False,True,False
position,AlcoR,domain_edge,snoRNA,-0.5161158873316594,12.0,,-0.4772063203652734,8.0,0.0154669291466091,-1.0,-1.0,True,False,False
position,AlcoR,domain_edge,tRNA,-0.1084579184184131,65.0,,-0.072816065285938,45.0,0.0154669291466091,-1.0,-1.0,True,False,False
position,AlcoR,domain_edge,unknown,0.016278562585343,256.0,,0.0458616466299404,146.0,0.0154669291466091,1.0,1.0,True,False,False
position,AlcoR,domain_intrinsic,diverse,0.8552181338490233,12.0,,0.6743295034268209,7.0,0.0065923321307237,1.0,1.0,True,False,False
position,AlcoR,domain_intrinsic,mRNA,0.0251431352913356,117.0,,0.0347720274327511,77.0,0.0065923321307237,1.0,1.0,True,False,False
position,AlcoR,domain_intrinsic,ncRNA,0.7718897502501272,37.0,,0.4963312014488263,18.0,0.0065923321307237,1.0,1.0,True,False,False
position,AlcoR,domain_intrinsic,pre-rRNA,-0.2931737060436478,12.0,,-0.2315892531143727,9.0,0.0065923321307237,-1.0,-1.0,True,False,False
position,AlcoR,domain_intrinsic,ribosomal protein,0.6498992258715167,17.0,,0.3264062000065141,13.0,0.0065923321307237,1.0,1.0,True,False,False
position,AlcoR,domain_intrinsic,snRNA,0.7342027328876575,16.0,,-0.4461833038904134,6.0,0.0065923321307237,1.0,-1.0,False,True,False
position,AlcoR,domain_intrinsic,snoRNA,0.2702556331278671,8.0,,0.0044781051191516,4.0,0.0065923321307237,1.0,1.0,True,False,False
position,AlcoR,domain_intrinsic,tRNA,0.7640702457908279,46.0,,0.7243701859264166,28.0,0.0065923321307237,1.0,1.0,True,False,False
position,AlcoR,domain_intrinsic,unknown,-1.1205343199042994,45.0,,-0.7080821763787767,31.0,0.0065923321307237,-1.0,-1.0,True,False,False
position,AlcoR,interdomain_linker,diverse,-0.2865099757626371,3.0,,0.6181293646563556,3.0,0.2961738124983146,-1.0,1.0,False,True,False
position,AlcoR,interdomain_linker,mRNA,0.0791394965540431,67.0,,0.0634607862487986,35.0,0.2961738124983146,1.0,1.0,True,False,False
position,AlcoR,interdomain_linker,ncRNA,-0.2573636301031205,10.0,,0.0775609832936529,6.0,0.2961738124983146,-1.0,1.0,False,True,False
position,AlcoR,interdomain_linker,pre-rRNA,-2.019864316376464,2.0,,-1.2353219719907027,2.0,0.2961738124983146,-1.0,-1.0,True,False,True
position,AlcoR,interdomain_linker,ribosomal protein,,0.0,,,0.0,0.2961738124983146,,,False,False,False
position,AlcoR,interdomain_linker,snRNA,0.7623996247183092,9.0,,0.1350464779544126,4.0,0.2961738124983146,1.0,1.0,True,False,False
position,AlcoR,interdomain_linker,snoRNA,,0.0,,,0.0,0.2961738124983146,,,False,False,False
position,AlcoR,interdomain_linker,tRNA,0.3467076935657403,19.0,,0.0832075464347947,8.0,0.2961738124983146,1.0,1.0,True,False,False
position,AlcoR,interdomain_linker,unknown,0.1766218117172517,61.0,,0.3112687178579347,28.0,0.2961738124983146,1.0,1.0,True,False,False
position,AlcoR,unclassified_no_pfam,diverse,-1.2415225209893268,4.0,,-0.3306453119884713,3.0,0.0166958354936854,-1.0,-1.0,True,False,False
position,AlcoR,unclassified_no_pfam,mRNA,0.2204290896264856,191.0,,0.029797212017459,66.0,0.0166958354936854,1.0,1.0,True,False,False
position,AlcoR,unclassified_no_pfam,ncRNA,0.832017944028643,55.0,,0.93614122870643,21.0,0.0166958354936854,1.0,1.0,True,False,False
position,AlcoR,unclassified_no_pfam,pre-rRNA,-0.1419868474384125,19.0,,-0.5991341479143732,6.0,0.0166958354936854,-1.0,-1.0,True,False,False
position,AlcoR,unclassified_no_pfam,ribosomal protein,-3.9493417694960167,1.0,,-3.1566159122134225,1.0,0.0166958354936854,-1.0,-1.0,True,False,True
position,AlcoR,unclassified_no_pfam,snRNA,0.3098874200208027,17.0,,0.186271801309586,8.0,0.0166958354936854,1.0,1.0,True,False,False
position,AlcoR,unclassified_no_pfam,snoRNA,-1.6565600202681705,3.0,,-0.1931417882385364,3.0,0.0166958354936854,-1.0,-1.0,True,False,False
position,AlcoR,unclassified_no_pfam,tRNA,0.0141323544788695,39.0,,-0.0582122081524278,14.0,0.0166958354936854,1.0,-1.0,False,True,False
position,AlcoR,unclassified_no_pfam,unknown,-0.3039866079359804,113.0,,0.0145707377928013,44.0,0.0166958354936854,-1.0,1.0,False,True,False
position,CAST,distal_terminal,diverse,0.6724807990260947,16.0,,0.5612278519287959,9.0,5.439399338142708e-09,1.0,1.0,True,False,False
position,CAST,distal_terminal,mRNA,-0.099685621503592,305.0,,-0.0075326965309638,197.0,5.439399338142708e-09,-1.0,-1.0,True,False,False
position,CAST,distal_terminal,ncRNA,-0.2414257903350635,39.0,,-0.109891292542075,26.0,5.439399338142708e-09,-1.0,-1.0,True,False,False
position,CAST,distal_terminal,pre-rRNA,-0.0411847074162822,43.0,,-0.0149644391646284,33.0,5.439399338142708e-09,-1.0,-1.0,True,False,False
position,CAST,distal_terminal,ribosomal protein,-4.157594199531593,1.0,,-4.225368509962011,1.0,5.439399338142708e-09,-1.0,-1.0,True,False,True
position,CAST,distal_terminal,snRNA,-0.9484986008086026,21.0,,-0.5212343082631772,17.0,5.439399338142708e-09,-1.0,-1.0,True,False,False
position,CAST,distal_terminal,snoRNA,-0.3661808213430104,15.0,,-0.3898625475902579,9.0,5.439399338142708e-09,-1.0,-1.0,True,False,False
position,CAST,distal_terminal,tRNA,-0.2789004957537263,19.0,,-0.3742318958764937,16.0,5.439399338142708e-09,-1.0,-1.0,True,False,False
position,CAST,distal_terminal,unknown,0.4887688458537064,240.0,,0.4621691812061277,121.0,5.439399338142708e-09,1.0,1.0,True,False,False
position,CAST,domain_adjacent,diverse,-1.626563405187929,2.0,,-1.4184521636916083,2.0,0.0554977096231106,-1.0,-1.0,True,False,True
position,CAST,domain_adjacent,mRNA,0.062850259498258,210.0,,0.0763603081186103,183.0,0.0554977096231106,1.0,1.0,True,False,False
position,CAST,domain_adjacent,ncRNA,-0.1254324952702434,26.0,,-0.1606544062239618,22.0,0.0554977096231106,-1.0,-1.0,True,False,False
position,CAST,domain_adjacent,pre-rRNA,0.4814338471111814,38.0,,0.1752805466572797,33.0,0.0554977096231106,1.0,1.0,True,False,False
position,CAST,domain_adjacent,ribosomal protein,-0.8716759030244606,6.0,,-1.4501610234189466,6.0,0.0554977096231106,-1.0,-1.0,True,False,False
position,CAST,domain_adjacent,snRNA,-0.1162982717443741,23.0,,-0.0261347409128482,21.0,0.0554977096231106,-1.0,-1.0,True,False,False
position,CAST,domain_adjacent,snoRNA,0.3347749744429657,15.0,,0.2154199375104943,12.0,0.0554977096231106,1.0,1.0,True,False,False
position,CAST,domain_adjacent,tRNA,0.5664452093674246,21.0,,0.063940603389,19.0,0.0554977096231106,1.0,1.0,True,False,False
position,CAST,domain_adjacent,unknown,-0.241432523002438,89.0,,0.0189531486156898,78.0,0.0554977096231106,-1.0,1.0,False,True,False
position,CAST,domain_edge,diverse,-0.9868950123766378,2.0,,-0.8468568867082813,2.0,4.568844502944908e-11,-1.0,-1.0,True,False,False
position,CAST,domain_edge,mRNA,0.1380202541481088,142.0,,0.1322557468178951,128.0,4.568844502944908e-11,1.0,1.0,True,False,False
position,CAST,domain_edge,ncRNA,-1.1862038206000445,8.0,,-1.048490747877932,8.0,4.568844502944908e-11,-1.0,-1.0,True,False,True
position,CAST,domain_edge,pre-rRNA,0.0430997279211995,18.0,,-0.1275932942755339,18.0,4.568844502944908e-11,1.0,-1.0,False,True,False
position,CAST,domain_edge,ribosomal protein,2.1830299890656746,32.0,,1.5364717528432243,32.0,4.568844502944908e-11,1.0,1.0,True,False,True
position,CAST,domain_edge,snRNA,0.3217362598972665,20.0,,-0.0395019646506771,14.0,4.568844502944908e-11,1.0,-1.0,False,True,False
position,CAST,domain_edge,snoRNA,0.0675527716457385,8.0,,0.2020527137726651,8.0,4.568844502944908e-11,1.0,1.0,True,False,False
position,CAST,domain_edge,tRNA,-0.6012413198788883,6.0,,-1.027429132350102,6.0,4.568844502944908e-11,-1.0,-1.0,True,False,False
position,CAST,domain_edge,unknown,-0.7555694662701823,40.0,,-0.4854004276342814,37.0,4.568844502944908e-11,-1.0,-1.0,True,False,False
position,CAST,domain_intrinsic,diverse,,0.0,,,0.0,0.0031835129181335,,,False,False,False
position,CAST,domain_intrinsic,mRNA,-0.5509006646475233,15.0,,-0.5324489345569136,15.0,0.0031835129181335,-1.0,-1.0,True,False,False
position,CAST,domain_intrinsic,ncRNA,-0.0473057147783568,3.0,,-0.0351235241401027,3.0,0.0031835129181335,-1.0,-1.0,True,False,False
position,CAST,domain_intrinsic,pre-rRNA,1.012072832300575,6.0,,0.7158489280199826,6.0,0.0031835129181335,1.0,1.0,True,False,False
position,CAST,domain_intrinsic,ribosomal protein,2.736965594166206,8.0,,1.964876475859897,8.0,0.0031835129181335,1.0,1.0,True,False,True
position,CAST,domain_intrinsic,snRNA,0.5537437701104359,4.0,,0.5815478363083916,4.0,0.0031835129181335,1.0,1.0,True,False,False
position,CAST,domain_intrinsic,snoRNA,0.6214883767462701,2.0,,0.6304574367893382,2.0,0.0031835129181335,1.0,1.0,True,False,False
position,CAST,domain_intrinsic,tRNA,0.3677317845004871,2.0,,-0.1839869100545856,2.0,0.0031835129181335,1.0,-1.0,False,True,False
position,CAST,domain_intrinsic,unknown,-0.7162070339994087,7.0,,-0.4590941481889545,7.0,0.0031835129181335,-1.0,-1.0,True,False,False
position,CAST,interdomain_linker,diverse,-1.2534099869453936,1.0,,-0.8063778173532109,1.0,0.0020725888288013,-1.0,-1.0,True,False,False
position,CAST,interdomain_linker,mRNA,0.2453201161316839,92.0,,0.1951026292014199,65.0,0.0020725888288013,1.0,1.0,True,False,False
position,CAST,interdomain_linker,ncRNA,0.0067128234684968,11.0,,0.1619133229194508,9.0,0.0020725888288013,1.0,1.0,True,False,False
position,CAST,interdomain_linker,pre-rRNA,-2.3933402480898684,2.0,,-3.2570392263627763,1.0,0.0020725888288013,-1.0,-1.0,True,False,True
position,CAST,interdomain_linker,ribosomal protein,,0.0,,,0.0,0.0020725888288013,,,False,False,False
position,CAST,interdomain_linker,snRNA,0.820756031691488,17.0,,1.0009771047043932,14.0,0.0020725888288013,1.0,1.0,True,False,False
position,CAST,interdomain_linker,snoRNA,-1.1989622029230174,2.0,,-0.7574682168722645,2.0,0.0020725888288013,-1.0,-1.0,True,False,False
position,CAST,interdomain_linker,tRNA,-0.4527187951688003,4.0,,-0.5719125637161879,4.0,0.0020725888288013,-1.0,-1.0,True,False,False
position,CAST,interdomain_linker,unknown,-0.1345591700973505,37.0,,0.1005127782553074,27.0,0.0020725888288013,-1.0,1.0,False,True,False
position,CAST,unclassified_no_pfam,diverse,0.6731689435852372,6.0,,0.3723710344761076,3.0,0.0011532023256708,1.0,1.0,True,False,False
position,CAST,unclassified_no_pfam,mRNA,-0.0911353591714794,115.0,,-0.1890847133604189,66.0,0.0011532023256708,-1.0,-1.0,True,False,False
position,CAST,unclassified_no_pfam,ncRNA,1.0983510002696242,37.0,,1.109336628642314,23.0,0.0011532023256708,1.0,1.0,True,False,True
position,CAST,unclassified_no_pfam,pre-rRNA,-0.466761317559238,12.0,,-0.2038212566173164,11.0,0.0011532023256708,-1.0,-1.0,True,False,False
position,CAST,unclassified_no_pfam,ribosomal protein,-2.741868555693607,1.0,,-2.829262826693543,1.0,0.0011532023256708,-1.0,-1.0,True,False,True
position,CAST,unclassified_no_pfam,snRNA,0.6598721209717793,24.0,,0.4878482518960434,13.0,0.0011532023256708,1.0,1.0,True,False,False
position,CAST,unclassified_no_pfam,snoRNA,0.4645823217738197,10.0,,0.421280634957054,6.0,0.0011532023256708,1.0,1.0,True,False,False
position,CAST,unclassified_no_pfam,tRNA,0.2108257295280368,10.0,,0.1917987888342865,9.0,0.0011532023256708,1.0,1.0,True,False,False
position,CAST,unclassified_no_pfam,unknown,-0.4478072542391884,47.0,,-0.1063920624131234,31.0,0.0011532023256708,-1.0,-1.0,True,False,False
position,FLPS,distal_terminal,diverse,-0.0484610273025787,73.0,,-0.3259930541642393,17.0,4.481188625384476e-21,-1.0,-1.0,True,False,False
position,FLPS,distal_terminal,mRNA,-0.0271417880099062,1475.0,,0.1475855386219728,370.0,4.481188625384476e-21,-1.0,1.0,False,True,False
position,FLPS,distal_terminal,ncRNA,-0.0723536541061436,246.0,,-0.134944761156173,51.0,4.481188625384476e-21,-1.0,-1.0,True,False,False
position,FLPS,distal_terminal,pre-rRNA,0.09059247818333,227.0,,0.3320873757609321,68.0,4.481188625384476e-21,1.0,1.0,True,False,False
position,FLPS,distal_terminal,ribosomal protein,-2.6439243874591902,14.0,,-2.410402571437025,11.0,4.481188625384476e-21,-1.0,-1.0,True,False,True
position,FLPS,distal_terminal,snRNA,-0.978526312381663,96.0,,-0.3814700798245273,35.0,4.481188625384476e-21,-1.0,-1.0,True,False,False
position,FLPS,distal_terminal,snoRNA,0.0296145748230138,81.0,,0.1252835885459316,20.0,4.481188625384476e-21,1.0,1.0,True,False,False
position,FLPS,distal_terminal,tRNA,-0.5220785521831873,115.0,,-0.3857405172027556,55.0,4.481188625384476e-21,-1.0,-1.0,True,False,False
position,FLPS,distal_terminal,unknown,0.3458767191782239,1147.0,,0.2385760074046236,214.0,4.481188625384476e-21,1.0,1.0,True,False,False
position,FLPS,domain_adjacent,diverse,0.1241658456391612,27.0,,0.1696431876197978,23.0,0.0001429482333509,1.0,1.0,True,False,False
position,FLPS,domain_adjacent,mRNA,0.1440353221761051,545.0,,0.1874938588504041,365.0,0.0001429482333509,1.0,1.0,True,False,False
position,FLPS,domain_adjacent,ncRNA,-0.5744142156223531,57.0,,-0.2559798798206298,45.0,0.0001429482333509,-1.0,-1.0,True,False,False
position,FLPS,domain_adjacent,pre-rRNA,0.1195354339942895,76.0,,0.0855213750126162,55.0,0.0001429482333509,1.0,1.0,True,False,False
position,FLPS,domain_adjacent,ribosomal protein,0.8567243382825867,52.0,,-0.3184439667672833,45.0,0.0001429482333509,1.0,-1.0,False,True,False
position,FLPS,domain_adjacent,snRNA,0.0664429295839239,65.0,,0.0406371265375448,45.0,0.0001429482333509,1.0,1.0,True,False,False
position,FLPS,domain_adjacent,snoRNA,-0.0588153086285975,25.0,,0.1848207155232956,20.0,0.0001429482333509,-1.0,1.0,False,True,False
position,FLPS,domain_adjacent,tRNA,0.2172752500306427,63.0,,-0.4351377617785558,51.0,0.0001429482333509,1.0,-1.0,False,True,False
position,FLPS,domain_adjacent,unknown,-0.3647189762349371,230.0,,-0.1395731038420565,158.0,0.0001429482333509,-1.0,-1.0,True,False,False
position,FLPS,domain_edge,diverse,-0.0072850079885151,16.0,,-0.0347972259337128,14.0,0.0048263383971558,-1.0,-1.0,True,False,False
position,FLPS,domain_edge,mRNA,-0.0558539082574902,308.0,,0.0076867879441102,226.0,0.0048263383971558,-1.0,1.0,False,True,False
position,FLPS,domain_edge,ncRNA,-0.9258865861237308,29.0,,-0.5356266375633145,26.0,0.0048263383971558,-1.0,-1.0,True,False,False
position,FLPS,domain_edge,pre-rRNA,-0.5049554309135041,32.0,,-0.2771811224576268,30.0,0.0048263383971558,-1.0,-1.0,True,False,False
position,FLPS,domain_edge,ribosomal protein,1.949646270119599,72.0,,0.559450552476512,58.0,0.0048263383971558,1.0,1.0,True,False,False
position,FLPS,domain_edge,snRNA,0.0250637697093451,41.0,,0.0147469610406435,31.0,0.0048263383971558,1.0,1.0,True,False,False
position,FLPS,domain_edge,snoRNA,-0.271879927809926,14.0,,0.1820141631394352,14.0,0.0048263383971558,-1.0,1.0,False,True,False
position,FLPS,domain_edge,tRNA,0.386993931123531,46.0,,-0.2382444786860698,41.0,0.0048263383971558,1.0,-1.0,False,True,False
position,FLPS,domain_edge,unknown,-0.0789777384448242,182.0,,0.0456926919266548,126.0,0.0048263383971558,-1.0,1.0,False,True,False
position,FLPS,domain_intrinsic,diverse,0.2042915295334043,17.0,,0.3219584575067379,14.0,0.0001446722720564,1.0,1.0,True,False,False
position,FLPS,domain_intrinsic,mRNA,-0.2618888136782407,245.0,,-0.1703342721683781,156.0,0.0001446722720564,-1.0,-1.0,True,False,False
position,FLPS,domain_intrinsic,ncRNA,-0.302201880361639,41.0,,-0.0719557502063517,28.0,0.0001446722720564,-1.0,-1.0,True,False,False
position,FLPS,domain_intrinsic,pre-rRNA,0.4520482795228176,57.0,,0.3821373310032552,37.0,0.0001446722720564,1.0,1.0,True,False,False
position,FLPS,domain_intrinsic,ribosomal protein,1.658722467112335,54.0,,0.3801533356767529,40.0,0.0001446722720564,1.0,1.0,True,False,False
position,FLPS,domain_intrinsic,snRNA,0.5989803834204457,56.0,,0.0611625238689434,25.0,0.0001446722720564,1.0,1.0,True,False,False
position,FLPS,domain_intrinsic,snoRNA,0.9028598415316222,29.0,,0.431854642663374,13.0,0.0001446722720564,1.0,1.0,True,False,False
position,FLPS,domain_intrinsic,tRNA,1.3969366074758005,85.0,,0.5683141221939014,56.0,0.0001446722720564,1.0,1.0,True,False,False
position,FLPS,domain_intrinsic,unknown,-0.8928030740409921,95.0,,-0.3850069892527934,73.0,0.0001446722720564,-1.0,-1.0,True,False,False
position,FLPS,interdomain_linker,diverse,-0.8451373571379223,9.0,,-0.6043845007679532,5.0,5.5295579785760585e-08,-1.0,-1.0,True,False,False
position,FLPS,interdomain_linker,mRNA,0.239437808786837,380.0,,0.3512748913085096,152.0,5.5295579785760585e-08,1.0,1.0,True,False,False
position,FLPS,interdomain_linker,ncRNA,-0.2997918355133474,45.0,,-0.2327639621180656,17.0,5.5295579785760585e-08,-1.0,-1.0,True,False,False
position,FLPS,interdomain_linker,pre-rRNA,-0.9891708254482108,23.0,,-0.8088005470928468,11.0,5.5295579785760585e-08,-1.0,-1.0,True,False,False
position,FLPS,interdomain_linker,ribosomal protein,-4.228056081914433,1.0,,-4.382690890315059,1.0,5.5295579785760585e-08,-1.0,-1.0,True,False,True
position,FLPS,interdomain_linker,snRNA,0.4926244286642836,57.0,,0.2983182978771317,20.0,5.5295579785760585e-08,1.0,1.0,True,False,False
position,FLPS,interdomain_linker,snoRNA,-0.6275805818219522,11.0,,-0.387573111694805,5.0,5.5295579785760585e-08,-1.0,-1.0,True,False,False
position,FLPS,interdomain_linker,tRNA,-0.7520279527464409,21.0,,-0.97951721282706,13.0,5.5295579785760585e-08,-1.0,-1.0,True,False,False
position,FLPS,interdomain_linker,unknown,0.0275020902211366,197.0,,0.2321798342063253,76.0,5.5295579785760585e-08,1.0,1.0,True,False,False
position,FLPS,unclassified_no_pfam,diverse,0.2430528322704446,34.0,,-0.0245653033227565,7.0,2.7486431314376565e-06,1.0,-1.0,False,True,False
position,FLPS,unclassified_no_pfam,mRNA,-0.0538569413726134,551.0,,-0.2324046435291733,95.0,2.7486431314376565e-06,-1.0,-1.0,True,False,False
position,FLPS,unclassified_no_pfam,ncRNA,0.9103888782736296,185.0,,0.9836189325354991,37.0,2.7486431314376565e-06,1.0,1.0,True,False,False
position,FLPS,unclassified_no_pfam,pre-rRNA,0.0154715727131999,82.0,,-0.4734000773140971,13.0,2.7486431314376565e-06,1.0,-1.0,False,True,False
position,FLPS,unclassified_no_pfam,ribosomal protein,-1.597972113676796,11.0,,-1.703336019318948,6.0,2.7486431314376565e-06,-1.0,-1.0,True,False,True
position,FLPS,unclassified_no_pfam,snRNA,0.8076666875997982,126.0,,0.4630999960434847,21.0,2.7486431314376565e-06,1.0,1.0,True,False,False
position,FLPS,unclassified_no_pfam,snoRNA,-0.272503661084185,25.0,,0.1922460857503917,7.0,2.7486431314376565e-06,-1.0,1.0,False,True,False
position,FLPS,unclassified_no_pfam,tRNA,-0.1923333124002017,55.0,,0.0582916290815274,25.0,2.7486431314376565e-06,-1.0,1.0,False,True,False
position,FLPS,unclassified_no_pfam,unknown,-0.4409038049405899,253.0,,0.2079277079826611,70.0,2.7486431314376565e-06,-1.0,1.0,False,True,False
position,LCRFinder,distal_terminal,diverse,0.0595368569625043,53.0,,-0.7659766808252745,8.0,6.0932251175194974e-05,1.0,-1.0,False,True,False
position,LCRFinder,distal_terminal,mRNA,-0.0694262278252566,1761.0,,0.0598745848497191,314.0,6.0932251175194974e-05,-1.0,1.0,False,True,False
position,LCRFinder,distal_terminal,ncRNA,0.0551997846447641,225.0,,-0.2667440541300023,35.0,6.0932251175194974e-05,1.0,-1.0,False,True,False
position,LCRFinder,distal_terminal,pre-rRNA,0.0245805495863718,178.0,,0.1148404031733507,47.0,6.0932251175194974e-05,1.0,1.0,True,False,False
position,LCRFinder,distal_terminal,ribosomal protein,-1.0223095825761517,14.0,,-1.1810141801041183,6.0,6.0932251175194974e-05,-1.0,-1.0,True,False,True
position,LCRFinder,distal_terminal,snRNA,-0.5621841937687695,130.0,,-0.3247496575655678,30.0,6.0932251175194974e-05,-1.0,-1.0,True,False,False
position,LCRFinder,distal_terminal,snoRNA,-0.0004914723704606,82.0,,0.0162872602694992,19.0,6.0932251175194974e-05,-1.0,1.0,False,True,False
position,LCRFinder,distal_terminal,tRNA,-0.1589721298867153,72.0,,-0.2387296779604056,28.0,6.0932251175194974e-05,-1.0,-1.0,True,False,False
position,LCRFinder,distal_terminal,unknown,0.2568251864677872,969.0,,0.1496311318843529,166.0,6.0932251175194974e-05,1.0,1.0,True,False,False
position,LCRFinder,domain_adjacent,diverse,0.4237008013900222,14.0,,0.0740005814437767,10.0,0.0003103152395588,1.0,1.0,True,False,False
position,LCRFinder,domain_adjacent,mRNA,0.1266110127759731,414.0,,0.2081155069455618,243.0,0.0003103152395588,1.0,1.0,True,False,False
position,LCRFinder,domain_adjacent,ncRNA,-0.9502899735821472,23.0,,-0.8779779036932798,16.0,0.0003103152395588,-1.0,-1.0,True,False,False
position,LCRFinder,domain_adjacent,pre-rRNA,-0.0371403875019463,35.0,,-0.2212595629815054,26.0,0.0003103152395588,-1.0,-1.0,True,False,False
position,LCRFinder,domain_adjacent,ribosomal protein,1.2624198943569616,14.0,,0.3370349872775706,12.0,0.0003103152395588,1.0,1.0,True,False,False
position,LCRFinder,domain_adjacent,snRNA,0.1596090887731862,44.0,,0.1932995098161211,30.0,0.0003103152395588,1.0,1.0,True,False,False
position,LCRFinder,domain_adjacent,snoRNA,0.570542189719293,25.0,,0.0937638362652068,14.0,0.0003103152395588,1.0,1.0,True,False,False
position,LCRFinder,domain_adjacent,tRNA,0.4152639642413822,22.0,,-0.3581104311940086,18.0,0.0003103152395588,1.0,-1.0,False,True,False
position,LCRFinder,domain_adjacent,unknown,-0.4246018816273058,124.0,,-0.2644156362321544,87.0,0.0003103152395588,-1.0,-1.0,True,False,False
position,LCRFinder,domain_edge,diverse,-1.574280030973326,1.0,,-1.7188182474559468,1.0,0.0235745034114736,-1.0,-1.0,True,False,True
position,LCRFinder,domain_edge,mRNA,0.1251411943327452,118.0,,0.2386770240295179,86.0,0.0235745034114736,1.0,1.0,True,False,False
position,LCRFinder,domain_edge,ncRNA,-1.6644778399449038,4.0,,-1.7639061369844846,3.0,0.0235745034114736,-1.0,-1.0,True,False,True
position,LCRFinder,domain_edge,pre-rRNA,-0.0351212198652942,10.0,,-0.3925900151349588,8.0,0.0235745034114736,-1.0,-1.0,True,False,False
position,LCRFinder,domain_edge,ribosomal protein,2.0717939840512174,7.0,,0.8661442532652096,6.0,0.0235745034114736,1.0,1.0,True,False,False
position,LCRFinder,domain_edge,snRNA,-0.3205234387275428,9.0,,-0.1844818198047585,8.0,0.0235745034114736,-1.0,-1.0,True,False,False
position,LCRFinder,domain_edge,snoRNA,-0.6789774096400191,3.0,,-0.5995193190836026,3.0,0.0235745034114736,-1.0,-1.0,True,False,False
position,LCRFinder,domain_edge,tRNA,-0.6498310639805027,3.0,,-1.4139636659275256,3.0,0.0235745034114736,-1.0,-1.0,True,False,False
position,LCRFinder,domain_edge,unknown,0.0452857417952833,49.0,,0.1436782287941182,40.0,0.0235745034114736,1.0,1.0,True,False,False
position,LCRFinder,domain_intrinsic,diverse,0.2694798826951536,6.0,,-0.4811266897366163,3.0,0.0004728540414519,1.0,-1.0,False,True,False
position,LCRFinder,domain_intrinsic,mRNA,-0.269885751585892,150.0,,-0.0591252427080082,89.0,0.0004728540414519,-1.0,-1.0,True,False,False
position,LCRFinder,domain_intrinsic,ncRNA,0.2381757627771437,25.0,,0.2107510149010518,15.0,0.0004728540414519,1.0,1.0,True,False,False
position,LCRFinder,domain_intrinsic,pre-rRNA,0.7091030202522707,28.0,,0.3476018831135549,17.0,0.0004728540414519,1.0,1.0,True,False,False
position,LCRFinder,domain_intrinsic,ribosomal protein,2.610699316191276,17.0,,1.3933424281795248,11.0,0.0004728540414519,1.0,1.0,True,False,True
position,LCRFinder,domain_intrinsic,snRNA,0.7683489727774682,32.0,,-0.3618277613642717,9.0,0.0004728540414519,1.0,-1.0,False,True,False
position,LCRFinder,domain_intrinsic,snoRNA,0.8022124246437521,14.0,,0.2756021592510199,7.0,0.0004728540414519,1.0,1.0,True,False,False
position,LCRFinder,domain_intrinsic,tRNA,1.4834354668829617,22.0,,0.8237278917918046,18.0,0.0004728540414519,1.0,1.0,True,False,False
position,LCRFinder,domain_intrinsic,unknown,-0.7560378376949644,47.0,,-0.5255208090950698,32.0,0.0004728540414519,-1.0,-1.0,True,False,False
position,LCRFinder,interdomain_linker,diverse,-1.755684040858935,3.0,,-1.115477217419936,2.0,0.0006132036704767,-1.0,-1.0,True,False,True
position,LCRFinder,interdomain_linker,mRNA,0.247621103864737,437.0,,0.2861180189468352,117.0,0.0006132036704767,1.0,1.0,True,False,False
position,LCRFinder,interdomain_linker,ncRNA,-0.9714127319143718,22.0,,-0.5756026062273178,9.0,0.0006132036704767,-1.0,-1.0,True,False,False
position,LCRFinder,interdomain_linker,pre-rRNA,-1.42297610721833,13.0,,-1.467320890211586,5.0,0.0006132036704767,-1.0,-1.0,True,False,True
position,LCRFinder,interdomain_linker,ribosomal protein,,0.0,,,0.0,0.0006132036704767,,,False,False,False
position,LCRFinder,interdomain_linker,snRNA,-0.501927448613152,27.0,,0.3257498058397708,15.0,0.0006132036704767,-1.0,1.0,False,True,False
position,LCRFinder,interdomain_linker,snoRNA,-0.8603814195256281,9.0,,-0.5811407897687478,4.0,0.0006132036704767,-1.0,-1.0,True,False,False
position,LCRFinder,interdomain_linker,tRNA,-0.6792319804210617,10.0,,-1.3955851366126713,4.0,0.0006132036704767,-1.0,-1.0,True,False,False
position,LCRFinder,interdomain_linker,unknown,0.0988376147100343,173.0,,0.1255308820838591,52.0,0.0006132036704767,1.0,1.0,True,False,False
position,LCRFinder,unclassified_no_pfam,diverse,0.2324120401464109,16.0,,0.640104054913617,5.0,0.0012066200508746,1.0,1.0,True,False,False
position,LCRFinder,unclassified_no_pfam,mRNA,0.0120862214279014,499.0,,-0.1963972128035035,62.0,0.0012066200508746,1.0,-1.0,False,True,False
position,LCRFinder,unclassified_no_pfam,ncRNA,0.7421270733619606,97.0,,1.010053664663923,20.0,0.0012066200508746,1.0,1.0,True,False,False
position,LCRFinder,unclassified_no_pfam,pre-rRNA,0.2569976784246843,56.0,,-0.5482408855951533,7.0,0.0012066200508746,1.0,-1.0,False,True,False
position,LCRFinder,unclassified_no_pfam,ribosomal protein,,0.0,,,0.0,0.0012066200508746,,,False,False,False
position,LCRFinder,unclassified_no_pfam,snRNA,1.0844279557268082,109.0,,0.7594029832859617,15.0,0.0012066200508746,1.0,1.0,True,False,False
position,LCRFinder,unclassified_no_pfam,snoRNA,-0.3697849979910991,17.0,,0.6598673097350471,7.0,0.0012066200508746,-1.0,1.0,False,True,False
position,LCRFinder,unclassified_no_pfam,tRNA,-0.2581764921396096,18.0,,0.0380680408335193,8.0,0.0012066200508746,-1.0,1.0,False,True,False
position,LCRFinder,unclassified_no_pfam,unknown,-0.8438687939255937,121.0,,-0.2343650630025238,30.0,0.0012066200508746,-1.0,-1.0,True,False,False
position,SEG,distal_terminal,diverse,-0.0432408503942542,1.0,,-0.0479344770637019,1.0,0.1002752125948088,-1.0,-1.0,True,False,False
position,SEG,distal_terminal,mRNA,-0.0685964246711485,141.0,,0.0184080177649938,89.0,0.1002752125948088,-1.0,1.0,False,True,False
position,SEG,distal_terminal,ncRNA,0.3287279269927035,22.0,,-0.5333613042339438,5.0,0.1002752125948088,1.0,-1.0,False,True,False
position,SEG,distal_terminal,pre-rRNA,-1.0432408503942543,5.0,,-0.5333613042339438,5.0,0.1002752125948088,-1.0,-1.0,True,False,False
position,SEG,distal_terminal,ribosomal protein,,0.0,,,0.0,0.1002752125948088,,,False,False,False
position,SEG,distal_terminal,snRNA,-0.7436805685353464,8.0,,-0.7108994897861314,6.0,0.1002752125948088,-1.0,-1.0,True,False,False
position,SEG,distal_terminal,snoRNA,0.1494042275481416,12.0,,0.2150999287700916,6.0,0.1002752125948088,1.0,1.0,True,False,False
position,SEG,distal_terminal,tRNA,0.6937247437719518,5.0,,0.952065522936298,3.0,0.1002752125948088,1.0,1.0,True,False,False
position,SEG,distal_terminal,unknown,0.3244909341062327,60.0,,0.2931024407713649,38.0,0.1002752125948088,1.0,1.0,True,False,False
position,SEG,domain_adjacent,diverse,,0.0,,,0.0,0.5931223282115576,,,False,False,False
position,SEG,domain_adjacent,mRNA,0.1691021976198765,72.0,,0.2306967838211104,62.0,0.5931223282115576,1.0,1.0,True,False,False
position,SEG,domain_adjacent,ncRNA,-1.923378718397088,2.0,,-1.1214635124856671,2.0,0.5931223282115576,-1.0,-1.0,True,False,True
position,SEG,domain_adjacent,pre-rRNA,-0.1578439720341104,4.0,,-0.1214635124856672,4.0,0.5931223282115576,-1.0,-1.0,True,False,False
position,SEG,domain_adjacent,ribosomal protein,1.164084122853252,2.0,,0.685891409571937,2.0,0.5931223282115576,1.0,1.0,True,False,False
position,SEG,domain_adjacent,snRNA,-0.5363555952878404,4.0,,-0.5620361038716485,4.0,0.5931223282115576,-1.0,-1.0,True,False,False
position,SEG,domain_adjacent,snoRNA,0.7717667000744914,8.0,,0.3639633146845747,4.0,0.5931223282115576,1.0,1.0,True,False,False
position,SEG,domain_adjacent,tRNA,,0.0,,,0.0,0.5931223282115576,,,False,False,False
position,SEG,domain_adjacent,unknown,-0.2051496868124671,18.0,,-0.4136442639789776,14.0,0.5931223282115576,-1.0,-1.0,True,False,False
position,SEG,domain_edge,diverse,4.945443836377912,1.0,,4.20945336562895,1.0,0.0019950915418094,1.0,1.0,True,False,True
position,SEG,domain_edge,mRNA,0.1024650045895859,5.0,,0.1219905243786102,5.0,0.0019950915418094,1.0,1.0,True,False,False
position,SEG,domain_edge,ncRNA,,0.0,,,0.0,0.0019950915418094,,,False,False,False
position,SEG,domain_edge,pre-rRNA,,0.0,,,0.0,0.0019950915418094,,,False,False,False
position,SEG,domain_edge,ribosomal protein,,0.0,,,0.0,0.0019950915418094,,,False,False,False
position,SEG,domain_edge,snRNA,,0.0,,,0.0,0.0019950915418094,,,False,False,False
position,SEG,domain_edge,snoRNA,,0.0,,,0.0,0.0019950915418094,,,False,False,False
position,SEG,domain_edge,tRNA,3.360481335656756,1.0,,3.6244908649077936,1.0,0.0019950915418094,1.0,1.0,True,False,True
position,SEG,domain_edge,unknown,-0.5937149747301199,1.0,,-0.6974372299795689,1.0,0.0019950915418094,-1.0,-1.0,True,False,False
position,SEG,domain_intrinsic,diverse,,0.0,,,0.0,0.0511499690626321,,,False,False,False
position,SEG,domain_intrinsic,mRNA,0.1024650045895859,10.0,,0.0630968353250418,9.0,0.0511499690626321,1.0,1.0,True,False,False
position,SEG,domain_intrinsic,ncRNA,,0.0,,,0.0,0.0511499690626321,,,False,False,False
position,SEG,domain_intrinsic,pre-rRNA,,0.0,,,0.0,0.0511499690626321,,,False,False,False
position,SEG,domain_intrinsic,ribosomal protein,3.945443836377912,2.0,,3.302562770020431,2.0,0.0511499690626321,1.0,1.0,True,False,True
position,SEG,domain_intrinsic,snRNA,0.2450041182368195,1.0,,0.0546352565768459,1.0,0.0511499690626321,1.0,1.0,True,False,False
position,SEG,domain_intrinsic,snoRNA,,0.0,,,0.0,0.0511499690626321,,,False,False,False
position,SEG,domain_intrinsic,tRNA,,0.0,,,0.0,0.0511499690626321,,,False,False,False
position,SEG,domain_intrinsic,unknown,-0.0087524740089637,3.0,,-0.019365324866931,3.0,0.0511499690626321,-1.0,-1.0,True,False,False
position,SEG,interdomain_linker,diverse,,0.0,,,0.0,0.9994072659380346,,,False,False,False
position,SEG,interdomain_linker,mRNA,0.3399643183162424,28.0,,0.2381835418831333,21.0,0.9994072659380346,1.0,1.0,True,False,False
position,SEG,interdomain_linker,ncRNA,-1.3899465183160131,1.0,,-0.5520978668155294,1.0,0.9994072659380346,-1.0,-1.0,True,False,False
position,SEG,interdomain_linker,pre-rRNA,-0.6244117719530364,1.0,,-0.5520978668155294,1.0,0.9994072659380346,-1.0,-1.0,True,False,False
position,SEG,interdomain_linker,ribosomal protein,,0.0,,,0.0,0.9994072659380346,,,False,False,False
position,SEG,interdomain_linker,snRNA,-0.0029233952067662,2.0,,0.0073295417984889,2.0,0.9994072659380346,-1.0,1.0,False,True,False
position,SEG,interdomain_linker,snoRNA,,0.0,,,0.0,0.9994072659380346,,,False,False,False
position,SEG,interdomain_linker,tRNA,,0.0,,,0.0,0.9994072659380346,,,False,False,False
position,SEG,interdomain_linker,unknown,-0.2566799874525491,6.0,,-0.0666710396452879,6.0,0.9994072659380346,-1.0,-1.0,True,False,False
position,SEG,unclassified_no_pfam,diverse,,0.0,,,0.0,0.0139645099655793,,,False,False,False
position,SEG,unclassified_no_pfam,mRNA,-0.3313559703686735,31.0,,-0.3042742303234876,20.0,0.0139645099655793,-1.0,-1.0,True,False,False
position,SEG,unclassified_no_pfam,ncRNA,0.961816806112112,9.0,,1.560796189590404,6.0,0.0139645099655793,1.0,1.0,True,False,False
position,SEG,unclassified_no_pfam,pre-rRNA,1.879354645920139,10.0,,0.9758336888692476,4.0,0.0139645099655793,1.0,1.0,True,False,False
position,SEG,unclassified_no_pfam,ribosomal protein,,0.0,,,0.0,0.0139645099655793,,,False,False,False
position,SEG,unclassified_no_pfam,snRNA,1.638346546416344,11.0,,1.3426160195408705,7.0,0.0139645099655793,1.0,1.0,True,False,True
position,SEG,unclassified_no_pfam,snoRNA,-1.5129627768586211,1.0,,-0.5387394839605104,1.0,0.0139645099655793,-1.0,-1.0,True,False,False
position,SEG,unclassified_no_pfam,tRNA,,0.0,,,0.0,0.0139645099655793,,,False,False,False
position,SEG,unclassified_no_pfam,unknown,-1.33787607030053,5.0,,-0.8017738897943043,5.0,0.0139645099655793,-1.0,-1.0,True,False,False
position,SEG_intermediate,distal_terminal,diverse,0.2607182403687126,12.0,,-0.2771715166568446,4.0,3.648980315365772e-07,1.0,-1.0,False,True,False
position,SEG_intermediate,distal_terminal,mRNA,-0.1108374870435953,351.0,,-0.0059631793773505,177.0,3.648980315365772e-07,-1.0,-1.0,True,False,False
position,SEG_intermediate,distal_terminal,ncRNA,-0.1848412036870272,32.0,,-0.9552434217694824,10.0,3.648980315365772e-07,-1.0,-1.0,True,False,False
position,SEG_intermediate,distal_terminal,pre-rRNA,0.0887424993616383,37.0,,0.3077909840643116,26.0,3.648980315365772e-07,1.0,1.0,True,False,False
position,SEG_intermediate,distal_terminal,ribosomal protein,-3.2462417483511703,1.0,,-3.1072465152145323,1.0,3.648980315365772e-07,-1.0,-1.0,True,False,True
position,SEG_intermediate,distal_terminal,snRNA,-0.6992470978290348,25.0,,-0.5852938120191763,14.0,3.648980315365772e-07,-1.0,-1.0,True,False,False
position,SEG_intermediate,distal_terminal,snoRNA,0.3196119294222811,25.0,,-0.1072465152145321,9.0,3.648980315365772e-07,1.0,-1.0,False,True,False
position,SEG_intermediate,distal_terminal,tRNA,-0.0149162022447147,12.0,,-0.1947093564648716,8.0,3.648980315365772e-07,-1.0,-1.0,True,False,False
position,SEG_intermediate,distal_terminal,unknown,0.4046550225547621,194.0,,0.4363751901257243,86.0,3.648980315365772e-07,1.0,1.0,True,False,False
position,SEG_intermediate,domain_adjacent,diverse,0.2712258981871061,4.0,,0.4384204267167946,4.0,0.0607940430652412,1.0,1.0,True,False,False
position,SEG_intermediate,domain_adjacent,mRNA,0.1790525706960758,142.0,,0.2078074985753782,125.0,0.0607940430652412,1.0,1.0,True,False,False
position,SEG_intermediate,domain_adjacent,ncRNA,-0.7820161230898734,7.0,,-0.7542246512256012,7.0,0.0607940430652412,-1.0,-1.0,True,False,False
position,SEG_intermediate,domain_adjacent,pre-rRNA,-0.7178857856701576,7.0,,-0.8697018686455371,7.0,0.0607940430652412,-1.0,-1.0,True,False,False
position,SEG_intermediate,domain_adjacent,ribosomal protein,-0.0658090890904645,3.0,,-0.806692071119737,3.0,0.0607940430652412,-1.0,-1.0,True,False,False
position,SEG_intermediate,domain_adjacent,snRNA,0.1592574665443085,15.0,,0.0233829274379506,13.0,0.0607940430652412,1.0,1.0,True,False,False
position,SEG_intermediate,domain_adjacent,snoRNA,0.4411508996294184,9.0,,0.2457753487743988,7.0,0.0607940430652412,1.0,1.0,True,False,False
position,SEG_intermediate,domain_adjacent,tRNA,-1.004408544426321,2.0,,-1.4791174130912323,2.0,0.0607940430652412,-1.0,-1.0,True,False,True
position,SEG_intermediate,domain_adjacent,unknown,-0.3143854422305675,39.0,,-0.1043726197604219,36.0,0.0607940430652412,-1.0,-1.0,True,False,False
position,SEG_intermediate,domain_edge,diverse,0.197225316743329,1.0,,0.410406050547198,1.0,0.0020859093219557,1.0,1.0,True,False,False
position,SEG_intermediate,domain_edge,mRNA,0.3476222925263773,42.0,,0.301471678994034,34.0,0.0020859093219557,1.0,1.0,True,False,False
position,SEG_intermediate,domain_edge,ncRNA,-1.6633716265912544,1.0,,-1.589593949452802,1.0,0.0020859093219557,-1.0,-1.0,True,False,True
position,SEG_intermediate,domain_edge,pre-rRNA,-1.5992412891715388,1.0,,-1.705071166872738,1.0,0.0020859093219557,-1.0,-1.0,True,False,True
position,SEG_intermediate,domain_edge,ribosomal protein,2.8601903294657585,6.0,,2.1652935527106667,6.0,0.0020859093219557,1.0,1.0,True,False,True
position,SEG_intermediate,domain_edge,snRNA,-0.8216337105079868,2.0,,-0.7050711668727379,2.0,0.0020859093219557,-1.0,-1.0,True,False,False
position,SEG_intermediate,domain_edge,snoRNA,,0.0,,,0.0,0.0020859093219557,,,False,False,False
position,SEG_intermediate,domain_edge,tRNA,0.921590874129902,2.0,,0.4928682107391708,2.0,0.0020859093219557,1.0,1.0,True,False,False
position,SEG_intermediate,domain_edge,unknown,-1.3518601476492305,5.0,,-0.9803839024849684,5.0,0.0020859093219557,-1.0,-1.0,True,False,False
position,SEG_intermediate,domain_intrinsic,diverse,0.8561883989082624,1.0,,1.0664516493298368,1.0,1.4787330331911108e-10,1.0,1.0,True,False,False
position,SEG_intermediate,domain_intrinsic,mRNA,-0.2158070466451378,18.0,,-0.2230549678651481,15.0,1.4787330331911108e-10,-1.0,-1.0,True,False,False
position,SEG_intermediate,domain_intrinsic,ncRNA,-0.0044085444263213,2.0,,0.0664516493298367,2.0,1.4787330331911108e-10,-1.0,1.0,False,True,False
position,SEG_intermediate,domain_intrinsic,pre-rRNA,,0.0,,,0.0,1.4787330331911108e-10,,,False,False,False
position,SEG_intermediate,domain_intrinsic,ribosomal protein,3.934190910909536,8.0,,3.236376650772149,8.0,1.4787330331911108e-10,1.0,1.0,True,False,True
position,SEG_intermediate,domain_intrinsic,snRNA,-0.1626706283430535,2.0,,-1.049025568090099,1.0,1.4787330331911108e-10,-1.0,-1.0,True,False,False
position,SEG_intermediate,domain_intrinsic,snoRNA,-0.1438116010917376,1.0,,0.0664516493298367,1.0,1.4787330331911108e-10,-1.0,1.0,False,True,False
position,SEG_intermediate,domain_intrinsic,tRNA,0.5805539562948349,1.0,,0.1489138095218095,1.0,1.4787330331911108e-10,1.0,1.0,True,False,False
position,SEG_intermediate,domain_intrinsic,unknown,-0.6928970654842974,5.0,,-0.6462663985896923,4.0,1.4787330331911108e-10,-1.0,-1.0,True,False,False
position,SEG_intermediate,interdomain_linker,diverse,,0.0,,,0.0,0.073997635968743,,,False,False,False
position,SEG_intermediate,interdomain_linker,mRNA,0.2649546348565422,78.0,,0.2500515876692256,53.0,0.073997635968743,1.0,1.0,True,False,False
position,SEG_intermediate,interdomain_linker,ncRNA,-0.0541615796234207,6.0,,-0.2814716540904702,4.0,0.073997635968743,-1.0,-1.0,True,False,False
position,SEG_intermediate,interdomain_linker,pre-rRNA,-1.5749937429248613,2.0,,-2.396948871510406,1.0,0.073997635968743,-1.0,-1.0,True,False,True
position,SEG_intermediate,interdomain_linker,ribosomal protein,,0.0,,,0.0,0.073997635968743,,,False,False,False
position,SEG_intermediate,interdomain_linker,snRNA,0.3725388371810029,9.0,,0.7729761299319062,9.0,0.073997635968743,1.0,1.0,True,False,False
position,SEG_intermediate,interdomain_linker,snoRNA,,0.0,,,0.0,0.073997635968743,,,False,False,False
position,SEG_intermediate,interdomain_linker,tRNA,-0.0541615796234209,2.0,,-0.1990094938984973,2.0,0.073997635968743,-1.0,-1.0,True,False,False
position,SEG_intermediate,interdomain_linker,unknown,-0.2572232735111553,21.0,,-0.0872991064014804,15.0,0.073997635968743,-1.0,-1.0,True,False,False
position,SEG_intermediate,unclassified_no_pfam,diverse,-1.3388275834968806,1.0,,-0.2985451674494115,1.0,7.51671526739764e-05,-1.0,-1.0,True,False,False
position,SEG_intermediate,unclassified_no_pfam,mRNA,-0.1213164118552955,88.0,,-0.2095401613906667,39.0,7.51671526739764e-05,-1.0,-1.0,True,False,False
position,SEG_intermediate,unclassified_no_pfam,ncRNA,1.1928928959472962,21.0,,1.7014548325505885,16.0,7.51671526739764e-05,1.0,1.0,True,False,True
position,SEG_intermediate,unclassified_no_pfam,pre-rRNA,1.112633324031837,19.0,,-0.0920942899819852,5.0,7.51671526739764e-05,1.0,-1.0,False,True,False
position,SEG_intermediate,unclassified_no_pfam,ribosomal protein,,0.0,,,0.0,7.51671526739764e-05,,,False,False,False
position,SEG_intermediate,unclassified_no_pfam,snRNA,1.22727588997296,24.0,,0.5859776151306524,8.0,7.51671526739764e-05,1.0,1.0,True,False,False
position,SEG_intermediate,unclassified_no_pfam,snoRNA,-0.7538650827757244,3.0,,0.2864173332717444,3.0,7.51671526739764e-05,-1.0,1.0,False,True,False
position,SEG_intermediate,unclassified_no_pfam,tRNA,0.385537973889692,4.0,,0.3688794934637173,3.0,7.51671526739764e-05,1.0,1.0,True,False,False
position,SEG_intermediate,unclassified_no_pfam,unknown,-1.4024862207191984,14.0,,-0.6893351204815783,10.0,7.51671526739764e-05,-1.0,-1.0,True,False,False
signature,AlcoR,acidic_region,diverse,,0.0,,,0.0,0.0436326917280285,,,False,False,False
signature,AlcoR,acidic_region,mRNA,-0.0756330327821713,63.0,0.3609446033058544,-0.0509837217205345,50.0,0.0436326917280285,-1.0,-1.0,True,False,False
signature,AlcoR,acidic_region,ncRNA,-0.6452549873688413,8.0,-0.970142530115936,-0.8144911033392327,5.0,0.0436326917280285,-1.0,-1.0,True,False,False
signature,AlcoR,acidic_region,pre-rRNA,0.8210630168536955,15.0,0.6964584223399086,0.4575884420975682,10.0,0.0436326917280285,1.0,1.0,True,False,False
signature,AlcoR,acidic_region,ribosomal protein,-0.6452549873688413,4.0,-0.4119395183098046,-1.251896415646531,3.0,0.0436326917280285,-1.0,-1.0,True,False,False
signature,AlcoR,acidic_region,snRNA,-0.1515605442149992,5.0,-1.0563188301168254,-0.1720431079573164,5.0,0.0436326917280285,-1.0,-1.0,True,False,False
signature,AlcoR,acidic_region,snoRNA,1.0625642611378483,8.0,1.721199783962654,1.3490076289436466,7.0,0.0436326917280285,1.0,1.0,True,False,True
signature,AlcoR,acidic_region,tRNA,0.2027419191861085,18.0,0.2112417890933981,0.0391523663568594,12.0,0.0436326917280285,1.0,1.0,True,False,False
signature,AlcoR,acidic_region,unknown,0.0379022069035791,58.0,-0.4173906192475139,0.2324481196193226,41.0,0.0436326917280285,1.0,1.0,True,False,False
signature,AlcoR,arginine_rich_rna_contact_region,diverse,0.8459403202610125,4.0,0.0811657123688646,0.5849625007211562,3.0,0.0154669291466091,1.0,1.0,True,False,False
signature,AlcoR,arginine_rich_rna_contact_region,mRNA,-0.0216093837153378,38.0,-0.1148481174633685,-0.0989890946313669,32.0,0.0154669291466091,-1.0,-1.0,True,False,False
signature,AlcoR,arginine_rich_rna_contact_region,ncRNA,0.3080460731966349,9.0,0.4886934816481133,0.6293566200796096,9.0,0.0154669291466091,1.0,1.0,True,False,False
signature,AlcoR,arginine_rich_rna_contact_region,pre-rRNA,1.2825109810894977,12.0,1.131027854349291,1.1909427827113952,11.0,0.0154669291466091,1.0,1.0,True,False,True
signature,AlcoR,arginine_rich_rna_contact_region,ribosomal protein,1.8385607898954148,13.0,2.965448659816457,0.9289169019385174,9.0,0.0154669291466091,1.0,1.0,True,False,False
signature,AlcoR,arginine_rich_rna_contact_region,snRNA,-1.6901125799791974,1.0,-2.686885121606145,-1.8981203859807865,1.0,0.0154669291466091,-1.0,-1.0,True,False,True
signature,AlcoR,arginine_rich_rna_contact_region,snoRNA,-1.1540596797389877,1.0,-0.5304257307152767,-0.862496476250065,1.0,0.0154669291466091,-1.0,-1.0,True,False,False
signature,AlcoR,arginine_rich_rna_contact_region,tRNA,-0.1838070231330394,8.0,-0.172850212254238,0.0500406824995953,8.0,0.0154669291466091,-1.0,1.0,False,True,False
signature,AlcoR,arginine_rich_rna_contact_region,unknown,-0.8667777276585161,18.0,-0.901001126766923,-0.7218981460772644,14.0,0.0154669291466091,-1.0,-1.0,True,False,False
signature,AlcoR,aromatic_sticker_region,diverse,-0.0258100284331728,26.0,0.1344811987715926,0.0242475462466772,15.0,0.0695341555485165,-1.0,1.0,False,True,False
signature,AlcoR,aromatic_sticker_region,mRNA,-0.0505640754391826,443.0,-0.1758426471940617,-0.0449942049906376,245.0,0.0695341555485165,-1.0,-1.0,True,False,False
signature,AlcoR,aromatic_sticker_region,ncRNA,0.0088745007677735,87.0,-0.0361521497667295,0.0362201879127534,44.0,0.0695341555485165,1.0,1.0,True,False,False
signature,AlcoR,aromatic_sticker_region,pre-rRNA,-0.6267140730233508,38.0,-0.4110232998889482,-0.450692167146651,26.0,0.0695341555485165,-1.0,-1.0,True,False,False
signature,AlcoR,aromatic_sticker_region,ribosomal protein,-0.1121409001935925,40.0,-0.1032810005453692,-0.2167605532571178,30.0,0.0695341555485165,-1.0,-1.0,True,False,False
signature,AlcoR,aromatic_sticker_region,snRNA,0.3226598539066812,48.0,0.0542051936006304,-0.025875933179159,27.0,0.0695341555485165,1.0,-1.0,False,True,False
signature,AlcoR,aromatic_sticker_region,snoRNA,0.1317312485533069,29.0,-0.1957818018811409,0.0622153964456977,14.0,0.0695341555485165,1.0,1.0,True,False,False
signature,AlcoR,aromatic_sticker_region,tRNA,0.0768929241964244,114.0,0.3879296567767263,0.0742882287462725,60.0,0.0695341555485165,1.0,1.0,True,False,False
signature,AlcoR,aromatic_sticker_region,unknown,0.0776077312471121,412.0,0.1264054091339138,0.1426927341809277,188.0,0.0695341555485165,1.0,1.0,True,False,False
signature,AlcoR,basic_enriched_region,diverse,-0.6824386520937761,1.0,-1.1911117586876323,-0.5178483048626193,1.0,0.5235941733509453,-1.0,-1.0,True,False,False
signature,AlcoR,basic_enriched_region,mRNA,-0.7979158695137122,16.0,-0.9065357075591314,-0.6168373994939864,16.0,0.5235941733509453,-1.0,-1.0,True,False,False
signature,AlcoR,basic_enriched_region,ncRNA,0.1947046001206902,6.0,0.726600929693548,0.2635114086620403,5.0,0.5235941733509453,1.0,1.0,True,False,False
signature,AlcoR,basic_enriched_region,pre-rRNA,0.4910976029009151,5.0,1.6421165239117284,0.2136628592114788,4.0,0.5235941733509453,1.0,1.0,True,False,False
signature,AlcoR,basic_enriched_region,ribosomal protein,1.1947046001206902,6.0,2.1897112904695035,0.8261060963547422,6.0,0.5235941733509453,1.0,1.0,True,False,False
signature,AlcoR,basic_enriched_region,snRNA,-0.2184915523339859,2.0,-0.4375887982129674,-0.4159686908434056,2.0,0.5235941733509453,-1.0,-1.0,True,False,False
signature,AlcoR,basic_enriched_region,snoRNA,0.90252384862738,3.0,1.2035233725931138,0.6196552188873158,2.0,0.5235941733509453,1.0,1.0,True,False,False
signature,AlcoR,basic_enriched_region,tRNA,0.2878140045121717,8.0,0.107737213339538,-0.1458795274756613,5.0,0.5235941733509453,1.0,-1.0,False,True,False
signature,AlcoR,basic_enriched_region,unknown,0.2422732206019866,28.0,-0.2515367481776063,0.4123302456398095,22.0,0.5235941733509453,1.0,1.0,True,False,False
signature,AlcoR,cation_pi_rich_neighborhood,diverse,-0.0683298057131036,5.0,-0.5966800418966682,0.0466500932988214,5.0,0.0972962054069684,-1.0,1.0,False,True,False
signature,AlcoR,cation_pi_rich_neighborhood,mRNA,-0.0963441818827002,85.0,-0.2891207638913761,-0.1648137305909582,74.0,0.0972962054069684,-1.0,-1.0,True,False,False
signature,AlcoR,cation_pi_rich_neighborhood,ncRNA,0.4254848069498573,23.0,0.7330442827813496,0.3540786184910686,18.0,0.0972962054069684,1.0,1.0,True,False,False
signature,AlcoR,cation_pi_rich_neighborhood,pre-rRNA,0.1617899776479551,13.0,0.7496279875980854,0.0411956632067131,12.0,0.0972962054069684,1.0,1.0,True,False,False
signature,AlcoR,cation_pi_rich_neighborhood,ribosomal protein,-0.7761490542197931,5.0,-0.6022053601932033,-1.1943580062049737,5.0,0.0972962054069684,-1.0,-1.0,True,False,False
signature,AlcoR,cation_pi_rich_neighborhood,snRNA,-0.1189558787830714,7.0,-0.0364874926350368,-0.3660434655117234,7.0,0.0972962054069684,-1.0,-1.0,True,False,False
signature,AlcoR,cation_pi_rich_neighborhood,snoRNA,-0.0683298057131036,5.0,0.639062265947254,-0.1377744778386061,4.0,0.0972962054069684,-1.0,-1.0,True,False,False
signature,AlcoR,cation_pi_rich_neighborhood,tRNA,-0.4200052439945179,16.0,-0.7134896976036624,-0.3183467234804271,15.0,0.0972962054069684,-1.0,-1.0,True,False,False
signature,AlcoR,cation_pi_rich_neighborhood,unknown,0.1533638047397908,86.0,0.1037543366856609,0.3852934891566077,73.0,0.0972962054069684,1.0,1.0,True,False,False
signature,AlcoR,disorder_rich_spacer_region,diverse,-0.09747615137262,4.0,-0.8817191430663396,-0.8073549220576042,2.0,0.6037655726620306,-1.0,-1.0,True,False,False
signature,AlcoR,disorder_rich_spacer_region,mRNA,0.1620860625543689,83.0,0.2859960246811301,0.1160237963394833,65.0,0.6037655726620306,1.0,1.0,True,False,False
signature,AlcoR,disorder_rich_spacer_region,ncRNA,0.0020595221782945,14.0,0.2871704625369274,0.1115083152169903,11.0,0.6037655726620306,1.0,1.0,True,False,False
signature,AlcoR,disorder_rich_spacer_region,pre-rRNA,0.2135636273720062,11.0,0.1698072471631129,0.0940812434588062,9.0,0.6037655726620306,1.0,1.0,True,False,False
signature,AlcoR,disorder_rich_spacer_region,ribosomal protein,0.1947046001206902,8.0,0.5832861990645904,-0.2410080995037951,7.0,0.6037655726620306,1.0,-1.0,False,True,False
signature,AlcoR,disorder_rich_spacer_region,snRNA,-2.63352905161283,1.0,-3.5464125925380263,-2.70547530803839,1.0,0.6037655726620306,-1.0,-1.0,True,False,True
signature,AlcoR,disorder_rich_spacer_region,snoRNA,0.7098787706849842,7.0,1.2109508429430198,0.3301486016923308,4.0,0.6037655726620306,1.0,1.0,True,False,False
signature,AlcoR,disorder_rich_spacer_region,tRNA,-0.3198685727090677,14.0,0.2395010915763836,0.0500406824995953,14.0,0.6037655726620306,-1.0,1.0,False,True,False
signature,AlcoR,disorder_rich_spacer_region,unknown,-0.1221382056068892,58.0,-0.4148335486867895,0.0209440144256109,41.0,0.6037655726620306,-1.0,1.0,False,True,False
signature,AlcoR,glutamine_rich_region,diverse,,0.0,,,0.0,0.9967223332655162,,,False,False,False
signature,AlcoR,glutamine_rich_region,mRNA,,0.0,,,0.0,0.9967223332655162,,,False,False,False
signature,AlcoR,glutamine_rich_region,ncRNA,,0.0,,,0.0,0.9967223332655162,,,False,False,False
signature,AlcoR,glutamine_rich_region,pre-rRNA,,0.0,,,0.0,0.9967223332655162,,,False,False,False
signature,AlcoR,glutamine_rich_region,ribosomal protein,,0.0,,,0.0,0.9967223332655162,,,False,False,False
signature,AlcoR,glutamine_rich_region,snRNA,,0.0,,,0.0,0.9967223332655162,,,False,False,False
signature,AlcoR,glutamine_rich_region,snoRNA,,0.0,,,0.0,0.9967223332655162,,,False,False,False
signature,AlcoR,glutamine_rich_region,tRNA,,0.0,,,0.0,0.9967223332655162,,,False,False,False
signature,AlcoR,glutamine_rich_region,unknown,1.6637369890402631,1.0,1.4634025396586008,1.9301785505024287,1.0,0.9967223332655162,1.0,1.0,True,False,True
signature,AlcoR,glycine_rich_region,diverse,,0.0,,,0.0,0.9967223332655162,,,False,False,False
signature,AlcoR,glycine_rich_region,mRNA,1.4309028209821686,1.0,1.4789175251134452,1.36044252400593,1.0,0.9967223332655162,1.0,1.0,True,False,True
signature,AlcoR,glycine_rich_region,ncRNA,,0.0,,,0.0,0.9967223332655162,,,False,False,False
signature,AlcoR,glycine_rich_region,pre-rRNA,,0.0,,,0.0,0.9967223332655162,,,False,False,False
signature,AlcoR,glycine_rich_region,ribosomal protein,,0.0,,,0.0,0.9967223332655162,,,False,False,False
signature,AlcoR,glycine_rich_region,snRNA,,0.0,,,0.0,0.9967223332655162,,,False,False,False
signature,AlcoR,glycine_rich_region,snoRNA,,0.0,,,0.0,0.9967223332655162,,,False,False,False
signature,AlcoR,glycine_rich_region,tRNA,,0.0,,,0.0,0.9967223332655162,,,False,False,False
signature,AlcoR,glycine_rich_region,unknown,,0.0,,,0.0,0.9967223332655162,,,False,False,False
signature,AlcoR,gs_rich_neutral_region,diverse,-0.09747615137262,1.0,2.1864186263795973,-0.0641303374197155,1.0,0.1084531386184342,-1.0,-1.0,True,False,False
signature,AlcoR,gs_rich_neutral_region,mRNA,0.2464782498447412,22.0,-0.444189509415431,0.0848080813925028,19.0,0.1084531386184342,1.0,1.0,True,False,False
signature,AlcoR,gs_rich_neutral_region,ncRNA,-0.8052953998793098,2.0,0.8519892801410809,-0.6046987187824183,2.0,0.1084531386184342,-1.0,-1.0,True,False,False
signature,AlcoR,gs_rich_neutral_region,pre-rRNA,,0.0,,,0.0,0.1084531386184342,,,False,False,False
signature,AlcoR,gs_rich_neutral_region,ribosomal protein,-0.8052953998793098,1.0,0.0530951939688861,-1.3051384369235104,1.0,0.1084531386184342,-1.0,-1.0,True,False,False
signature,AlcoR,gs_rich_neutral_region,snRNA,-0.6335290516128299,1.0,-4.94672331508682,-0.9622507234005022,1.0,0.1084531386184342,-1.0,-1.0,True,False,False
signature,AlcoR,gs_rich_neutral_region,snoRNA,,0.0,,,0.0,0.1084531386184342,,,False,False,False
signature,AlcoR,gs_rich_neutral_region,tRNA,-2.127223494766672,1.0,-4.229618788891062,-2.01408965492012,1.0,0.1084531386184342,-1.0,-1.0,True,False,True
signature,AlcoR,gs_rich_neutral_region,unknown,0.4793124179028358,22.0,0.429847824111741,0.798934017224176,21.0,0.1084531386184342,1.0,1.0,True,False,False
signature,AlcoR,hydrophobic_region,diverse,0.8881685556503099,4.0,1.043783145533066,1.0,4.0,0.1019316267086312,1.0,1.0,True,False,False
signature,AlcoR,hydrophobic_region,mRNA,-0.1829145424111727,33.0,-0.0709521930161111,-0.2916341725737629,28.0,0.1019316267086312,-1.0,-1.0,True,False,False
signature,AlcoR,hydrophobic_region,ncRNA,0.6397809257809175,11.0,0.7837225860330846,0.7813597135246596,10.0,0.1019316267086312,1.0,1.0,True,False,False
signature,AlcoR,hydrophobic_region,pre-rRNA,0.7397767157576388,8.0,0.8136486337245249,0.3164736647952542,6.0,0.1019316267086312,1.0,1.0,True,False,False
signature,AlcoR,hydrophobic_region,ribosomal protein,0.7653118078647764,6.0,1.128364743466489,0.0809199953835674,5.0,0.1019316267086312,1.0,1.0,True,False,False
signature,AlcoR,hydrophobic_region,snRNA,-0.6478843445898999,2.0,-1.1004542587494293,-0.8981203859807864,2.0,0.1019316267086312,-1.0,-1.0,True,False,False
signature,AlcoR,hydrophobic_region,snoRNA,-1.1118314443496902,1.0,-2.2696174463036654,-0.862496476250065,1.0,0.1019316267086312,-1.0,-1.0,True,False,False
signature,AlcoR,hydrophobic_region,tRNA,0.858421212256258,16.0,1.3185866435935854,0.8573956045571997,14.0,0.1019316267086312,1.0,1.0,True,False,False
signature,AlcoR,hydrophobic_region,unknown,-0.672546398824169,20.0,-1.079772525896947,-0.3593280666925561,18.0,0.1019316267086312,-1.0,-1.0,True,False,False
signature,AlcoR,mixed_charge_polyampholyte,diverse,0.4289224568539279,7.0,-0.1180585747972805,0.4594316186372972,6.0,0.6255462887774683,1.0,1.0,True,False,False
signature,AlcoR,mixed_charge_polyampholyte,mRNA,-0.0344780639863148,88.0,0.0105587520178261,-0.0952369597702595,70.0,0.6255462887774683,-1.0,-1.0,True,False,False
signature,AlcoR,mixed_charge_polyampholyte,ncRNA,0.0012111275399734,17.0,-0.2550927841713627,0.2407913321619568,15.0,0.6255462887774683,1.0,1.0,True,False,False
signature,AlcoR,mixed_charge_polyampholyte,pre-rRNA,-0.0673926864590501,11.0,0.4584267624265369,0.0654119006275362,11.0,0.6255462887774683,-1.0,1.0,False,True,False
signature,AlcoR,mixed_charge_polyampholyte,ribosomal protein,-0.7643236188230037,5.0,-0.1013084675419681,-1.0446108867002912,5.0,0.6255462887774683,-1.0,-1.0,True,False,False
signature,AlcoR,mixed_charge_polyampholyte,snRNA,-0.3295228647227299,6.0,-0.1562275329060798,-0.4386887673434892,6.0,0.6255462887774683,-1.0,-1.0,True,False,False
signature,AlcoR,mixed_charge_polyampholyte,snoRNA,-0.0565043703163139,5.0,0.847673988512564,0.0119726416660759,4.0,0.6255462887774683,-1.0,1.0,False,True,False
signature,AlcoR,mixed_charge_polyampholyte,tRNA,0.3467076935657403,27.0,-0.212417176531407,0.2464378953030989,20.0,0.6255462887774683,1.0,1.0,True,False,False
signature,AlcoR,mixed_charge_polyampholyte,unknown,0.0057110261293836,77.0,-0.0163740990759199,0.1265757633059321,55.0,0.6255462887774683,1.0,1.0,True,False,False
signature,AlcoR,polar_linker,diverse,,0.0,,,0.0,0.9967223332655162,,,False,False,False
signature,AlcoR,polar_linker,mRNA,0.4309028209821685,1.0,0.0282561161038798,0.3604425240059301,1.0,0.9967223332655162,1.0,1.0,True,False,False
signature,AlcoR,polar_linker,ncRNA,,0.0,,,0.0,0.9967223332655162,,,False,False,False
signature,AlcoR,polar_linker,pre-rRNA,,0.0,,,0.0,0.9967223332655162,,,False,False,False
signature,AlcoR,polar_linker,ribosomal protein,,0.0,,,0.0,0.9967223332655162,,,False,False,False
signature,AlcoR,polar_linker,snRNA,,0.0,,,0.0,0.9967223332655162,,,False,False,False
signature,AlcoR,polar_linker,snoRNA,,0.0,,,0.0,0.9967223332655162,,,False,False,False
signature,AlcoR,polar_linker,tRNA,,0.0,,,0.0,0.9967223332655162,,,False,False,False
signature,AlcoR,polar_linker,unknown,0.6637369890402633,1.0,0.8062902531816094,0.9301785505024286,1.0,0.9967223332655162,1.0,1.0,True,False,False
signature,AlcoR,proline_rich_disordered_region,diverse,,0.0,,,0.0,0.7535458926724484,,,False,False,False
signature,AlcoR,proline_rich_disordered_region,mRNA,0.4309028209821687,12.0,0.7752280858215375,0.2229390002559953,10.0,0.7535458926724484,1.0,1.0,True,False,False
signature,AlcoR,proline_rich_disordered_region,ncRNA,0.8385607898954149,3.0,0.1900014505337908,1.0443941193584534,3.0,0.7535458926724484,1.0,1.0,True,False,False
signature,AlcoR,proline_rich_disordered_region,pre-rRNA,-0.1869743022117225,1.0,-0.504327044191421,-0.268488835925902,1.0,0.7535458926724484,-1.0,-1.0,True,False,False
signature,AlcoR,proline_rich_disordered_region,ribosomal protein,,0.0,,,0.0,0.7535458926724484,,,False,False,False
signature,AlcoR,proline_rich_disordered_region,snRNA,,0.0,,,0.0,0.7535458926724484,,,False,False,False
signature,AlcoR,proline_rich_disordered_region,snoRNA,,0.0,,,0.0,0.7535458926724484,,,False,False,False
signature,AlcoR,proline_rich_disordered_region,tRNA,-1.0683298057131037,1.0,-0.862758792350379,-0.9499593175004046,1.0,0.7535458926724484,-1.0,-1.0,True,False,False
signature,AlcoR,proline_rich_disordered_region,unknown,-0.1138705896232885,7.0,-0.5835185077288916,0.2781018539227355,7.0,0.7535458926724484,-1.0,1.0,False,True,False
signature,AlcoR,rg_rgg_repeat_region,diverse,,0.0,,,0.0,0.0162948128133933,,,False,False,False
signature,AlcoR,rg_rgg_repeat_region,mRNA,0.9115286618885894,30.0,0.954650956079843,0.8261060963547422,29.0,0.0162948128133933,1.0,1.0,True,False,False
signature,AlcoR,rg_rgg_repeat_region,ncRNA,,0.0,,,0.0,0.0162948128133933,,,False,False,False
signature,AlcoR,rg_rgg_repeat_region,pre-rRNA,-1.0282765561926646,1.0,0.1884387460642502,-1.2013746400673648,1.0,0.0162948128133933,-1.0,-1.0,True,False,True
signature,AlcoR,rg_rgg_repeat_region,ribosomal protein,0.4122960351933171,2.0,0.7974718297268285,-0.1738939036452578,2.0,0.0162948128133933,1.0,-1.0,False,True,False
signature,AlcoR,rg_rgg_repeat_region,snRNA,,0.0,,,0.0,0.0162948128133933,,,False,False,False
signature,AlcoR,rg_rgg_repeat_region,snoRNA,,0.0,,,0.0,0.0162948128133933,,,False,False,False
signature,AlcoR,rg_rgg_repeat_region,tRNA,,0.0,,,0.0,0.0162948128133933,,,False,False,False
signature,AlcoR,rg_rgg_repeat_region,unknown,-0.4405996707744724,10.0,-0.8064884984160123,-0.1402107773889693,10.0,0.0162948128133933,-1.0,-1.0,True,False,False
signature,AlcoR,serine_rich_region,diverse,3.9614175376809486,1.0,4.288113729314293,3.874469117916141,1.0,0.1399901769456393,1.0,1.0,True,False,True
signature,AlcoR,serine_rich_region,mRNA,-0.1540596797389875,1.0,-1.8430105697739168,-0.224519976715226,1.0,0.1399901769456393,-1.0,-1.0,True,False,False
signature,AlcoR,serine_rich_region,ncRNA,,0.0,,,0.0,0.1399901769456393,,,False,False,False
signature,AlcoR,serine_rich_region,pre-rRNA,,0.0,,,0.0,0.1399901769456393,,,False,False,False
signature,AlcoR,serine_rich_region,ribosomal protein,,0.0,,,0.0,0.1399901769456393,,,False,False,False
signature,AlcoR,serine_rich_region,snRNA,,0.0,,,0.0,0.1399901769456393,,,False,False,False
signature,AlcoR,serine_rich_region,snoRNA,,0.0,,,0.0,0.1399901769456393,,,False,False,False
signature,AlcoR,serine_rich_region,tRNA,,0.0,,,0.0,0.1399901769456393,,,False,False,False
signature,AlcoR,serine_rich_region,unknown,0.0787744883191072,1.0,0.2569516621911744,0.3452160497812725,1.0,0.1399901769456393,1.0,1.0,True,False,False
signature,AlcoR,sr_rs_repeat_region,diverse,,0.0,,,0.0,0.0007385301786543,,,False,False,False
signature,AlcoR,sr_rs_repeat_region,mRNA,0.8974706209010948,38.0,0.905463231227141,0.7892858228098044,35.0,0.0007385301786543,1.0,1.0,True,False,False
signature,AlcoR,sr_rs_repeat_region,ncRNA,-1.942798923629245,1.0,-2.930394059735459,-1.7815764808664978,1.0,0.0007385301786543,-1.0,-1.0,True,False,True
signature,AlcoR,sr_rs_repeat_region,pre-rRNA,-1.383371515015226,1.0,-0.2834939036143725,-1.509496935429697,1.0,0.0007385301786543,-1.0,-1.0,True,False,True
signature,AlcoR,sr_rs_repeat_region,ribosomal protein,,0.0,,,0.0,0.0007385301786543,,,False,False,False
signature,AlcoR,sr_rs_repeat_region,snRNA,1.813929925358392,6.0,1.661440142339916,1.4458340152365747,6.0,0.0007385301786543,1.0,1.0,True,False,True
signature,AlcoR,sr_rs_repeat_region,snoRNA,,0.0,,,0.0,0.0007385301786543,,,False,False,False
signature,AlcoR,sr_rs_repeat_region,tRNA,,0.0,,,0.0,0.0007385301786543,,,False,False,False
signature,AlcoR,sr_rs_repeat_region,unknown,-0.947697723042084,9.0,-1.2348687253489252,-0.6003361661963511,9.0,0.0007385301786543,-1.0,-1.0,True,False,False
signature,AlcoR,unmapped_physicochemical_properties,diverse,0.4408456242297472,7.0,0.3406398095473203,0.7045441164738286,7.0,0.1732137594280713,1.0,1.0,True,False,False
signature,AlcoR,unmapped_physicochemical_properties,mRNA,-0.0557217605456949,86.0,0.0319098319808553,-0.1794320871866877,65.0,0.1732137594280713,-1.0,-1.0,True,False,False
signature,AlcoR,unmapped_physicochemical_properties,ncRNA,-0.167437950726028,15.0,-0.1802094933429225,-0.1839475683091808,11.0,0.1732137594280713,-1.0,-1.0,True,False,False
signature,AlcoR,unmapped_physicochemical_properties,pre-rRNA,0.5725617035298115,17.0,0.2227621269716562,0.2136628592114788,12.0,0.1732137594280713,1.0,1.0,True,False,False
signature,AlcoR,unmapped_physicochemical_properties,ribosomal protein,-0.0743285463345464,8.0,0.6562269591218993,-0.5364639830299661,7.0,0.1732137594280713,-1.0,-1.0,True,False,False
signature,AlcoR,unmapped_physicochemical_properties,snRNA,0.0974378019319332,8.0,0.0442323670409397,-0.4159686908434055,6.0,0.1732137594280713,1.0,-1.0,False,True,False
signature,AlcoR,unmapped_physicochemical_properties,snoRNA,-2.366509297827857,1.0,-1.817306263655432,-1.9653072818338404,1.0,0.1732137594280713,-1.0,-1.0,True,False,True
signature,AlcoR,unmapped_physicochemical_properties,tRNA,0.0631749774153882,22.0,0.5715890180184123,0.0346927181661594,17.0,0.1732137594280713,1.0,1.0,True,False,False
signature,AlcoR,unmapped_physicochemical_properties,unknown,0.017634193505203,77.0,-0.2385404965906749,0.3452160497812725,63.0,0.1732137594280713,1.0,1.0,True,False,False
signature,CAST,acidic_region,diverse,0.1037075364042688,5.0,0.106537815673222,-0.0085215548458532,4.0,0.0030055654929382,1.0,-1.0,False,True,False
signature,CAST,acidic_region,mRNA,-0.2772681268009419,125.0,-0.3809070380443511,-0.222053999262073,112.0,0.0030055654929382,-1.0,-1.0,True,False,False
signature,CAST,acidic_region,ncRNA,0.2263268230682244,25.0,-0.0289016455137107,0.1117726788718584,20.0,0.0030055654929382,1.0,1.0,True,False,False
signature,CAST,acidic_region,pre-rRNA,0.771132197317398,35.0,0.9605938294914632,0.5408170361445813,32.0,0.0030055654929382,1.0,1.0,True,False,False
signature,CAST,acidic_region,ribosomal protein,-1.0482955570407813,4.0,-1.0303774272042872,-1.6251929152943478,4.0,0.0030055654929382,-1.0,-1.0,True,False,True
signature,CAST,acidic_region,snRNA,0.2279142375407458,22.0,0.1838867024894935,0.4509100637914438,22.0,0.0030055654929382,1.0,1.0,True,False,False
signature,CAST,acidic_region,snoRNA,0.7431178211478014,15.0,1.318354810720752,0.6253505463562493,12.0,0.0030055654929382,1.0,1.0,True,False,False
signature,CAST,acidic_region,tRNA,0.2829103514345918,13.0,0.671207657780868,-0.0736165830677384,13.0,0.0030055654929382,1.0,-1.0,False,True,False
signature,CAST,acidic_region,unknown,0.0131049876233621,80.0,0.0752799138839216,0.1434815385991968,64.0,0.0030055654929382,1.0,1.0,True,False,False
signature,CAST,arginine_rich_rna_contact_region,diverse,-0.2002986504858314,1.0,-1.3635794751321275,-0.1306498527088725,1.0,5.439399338142708e-09,-1.0,-1.0,True,False,False
signature,CAST,arginine_rich_rna_contact_region,mRNA,-1.0552055020234543,18.0,-1.4750998127130572,-1.151537219182696,16.0,5.439399338142708e-09,-1.0,-1.0,True,False,True
signature,CAST,arginine_rich_rna_contact_region,ncRNA,0.4077474633483663,7.0,0.7551961057469279,0.475071208179081,7.0,5.439399338142708e-09,1.0,1.0,True,False,False
signature,CAST,arginine_rich_rna_contact_region,pre-rRNA,1.4671260104272978,14.0,1.7320701935174514,1.226043660339167,14.0,5.439399338142708e-09,1.0,1.0,True,False,True
signature,CAST,arginine_rich_rna_contact_region,ribosomal protein,2.6700660690975733,13.0,4.164189575015532,1.9531185049837256,13.0,5.439399338142708e-09,1.0,1.0,True,False,True
signature,CAST,arginine_rich_rna_contact_region,snRNA,-2.213595473099289,1.0,-2.977058574330034,-2.1306498527088724,1.0,5.439399338142708e-09,-1.0,-1.0,True,False,True
signature,CAST,arginine_rich_rna_contact_region,snoRNA,-1.1458508664634548,1.0,-1.7512890991705234,-1.0817402522279262,1.0,5.439399338142708e-09,-1.0,-1.0,True,False,True
signature,CAST,arginine_rich_rna_contact_region,tRNA,0.9223206361781244,5.0,1.8439558140795125,0.4257434958155127,5.0,5.439399338142708e-09,1.0,1.0,True,False,False
signature,CAST,arginine_rich_rna_contact_region,unknown,0.0310268956206246,20.0,-0.2160929926409525,0.269280754179763,19.0,5.439399338142708e-09,1.0,1.0,True,False,False
signature,CAST,aromatic_aggregation_prone_region,diverse,,0.0,,,0.0,0.8564789876635108,,,False,False,False
signature,CAST,aromatic_aggregation_prone_region,mRNA,0.5118350907004393,2.0,0.6712597160124307,0.5302868207910493,2.0,0.8564789876635108,1.0,1.0,True,False,False
signature,CAST,aromatic_aggregation_prone_region,ncRNA,2.3373581354569684,1.0,1.4997134574138329,2.3495403260952226,1.0,0.8564789876635108,1.0,1.0,True,False,True
signature,CAST,aromatic_aggregation_prone_region,pre-rRNA,,0.0,,,0.0,0.8564789876635108,,,False,False,False
signature,CAST,aromatic_aggregation_prone_region,ribosomal protein,,0.0,,,0.0,0.8564789876635108,,,False,False,False
signature,CAST,aromatic_aggregation_prone_region,snRNA,,0.0,,,0.0,0.8564789876635108,,,False,False,False
signature,CAST,aromatic_aggregation_prone_region,snoRNA,,0.0,,,0.0,0.8564789876635108,,,False,False,False
signature,CAST,aromatic_aggregation_prone_region,tRNA,,0.0,,,0.0,0.8564789876635108,,,False,False,False
signature,CAST,aromatic_aggregation_prone_region,unknown,,0.0,,,0.0,0.8564789876635108,,,False,False,False
signature,CAST,aromatic_sticker_region,diverse,-0.4782833977855966,2.0,-0.941353041843894,-0.2817158268998688,2.0,1.577930493574172e-05,-1.0,-1.0,True,False,False
signature,CAST,aromatic_sticker_region,mRNA,0.4157479865090624,121.0,0.2750743992453897,0.4253172611895067,106.0,1.577930493574172e-05,1.0,1.0,True,False,False
signature,CAST,aromatic_sticker_region,ncRNA,0.2292983895995154,15.0,-0.1492184482474851,0.3240052339880848,14.0,1.577930493574172e-05,1.0,1.0,True,False,False
signature,CAST,aromatic_sticker_region,pre-rRNA,-3.6182136589300713,1.0,-2.141376497082372,-3.732377235909434,1.0,1.577930493574172e-05,-1.0,-1.0,True,False,True
signature,CAST,aromatic_sticker_region,ribosomal protein,-2.308358396343284,1.0,-3.125382553057936,-2.898387187348363,1.0,1.577930493574172e-05,-1.0,-1.0,True,False,True
signature,CAST,aromatic_sticker_region,snRNA,-0.4915802203990543,8.0,-0.9259488325035546,-0.2817158268998688,8.0,1.577930493574172e-05,-1.0,-1.0,True,False,False
signature,CAST,aromatic_sticker_region,snoRNA,-2.42383561376322,1.0,-3.0833931890086324,-2.2328062264189223,1.0,1.577930493574172e-05,-1.0,-1.0,True,False,True
signature,CAST,aromatic_sticker_region,tRNA,-0.6775922060090032,4.0,-1.4249646446718376,-1.047250573262846,4.0,1.577930493574172e-05,-1.0,-1.0,True,False,False
signature,CAST,aromatic_sticker_region,unknown,-0.2113339419484194,41.0,0.1051464778197474,-0.0422498922044797,34.0,1.577930493574172e-05,-1.0,-1.0,True,False,False
signature,CAST,basic_enriched_region,diverse,0.1104021889782768,2.0,0.3811363442697079,0.2053993504231426,2.0,3.4729455443160382e-22,1.0,1.0,True,False,False
signature,CAST,basic_enriched_region,mRNA,-1.7445046625593463,18.0,-2.144279933715799,-1.6455630146083686,18.0,3.4729455443160382e-22,-1.0,-1.0,True,False,True
signature,CAST,basic_enriched_region,ncRNA,0.3705249993921676,11.0,0.1236212772062415,0.3256935841408545,10.0,3.4729455443160382e-22,1.0,1.0,True,False,False
signature,CAST,basic_enriched_region,pre-rRNA,1.970471927833802,32.0,2.1641476490552467,1.6616285370220958,30.0,3.4729455443160382e-22,1.0,1.0,True,False,True
signature,CAST,basic_enriched_region,ribosomal protein,2.2803271904205893,16.0,3.270363970421128,1.5887279899746485,16.0,3.4729455443160382e-22,1.0,1.0,True,False,True
signature,CAST,basic_enriched_region,snRNA,0.4190334612521815,10.0,0.2260879513204453,0.3753243518654551,9.0,3.4729455443160382e-22,1.0,1.0,True,False,False
signature,CAST,basic_enriched_region,snoRNA,1.7498124737218097,12.0,2.369607710452503,1.7137405695413863,11.0,3.4729455443160382e-22,1.0,1.0,True,False,True
signature,CAST,basic_enriched_region,tRNA,-0.5039441185239735,3.0,-0.7636659223274616,-0.975172895218678,3.0,3.4729455443160382e-22,-1.0,-1.0,True,False,False
signature,CAST,basic_enriched_region,unknown,-0.3363441700279048,25.0,-0.1723548860885018,-0.1190356000747945,23.0,3.4729455443160382e-22,-1.0,-1.0,True,False,False
signature,CAST,cation_pi_rich_neighborhood,diverse,1.1489367903972665,10.0,0.7467819057637526,1.032848879574007,8.0,5.17807986226908e-05,1.0,1.0,True,False,True
signature,CAST,cation_pi_rich_neighborhood,mRNA,0.0405815818550477,151.0,-0.1504406918635323,0.0343293261286378,130.0,5.17807986226908e-05,1.0,1.0,True,False,False
signature,CAST,cation_pi_rich_neighborhood,ncRNA,0.0871315059237946,22.0,0.321379460195996,0.1531431132917186,20.0,5.17807986226908e-05,1.0,1.0,True,False,False
signature,CAST,cation_pi_rich_neighborhood,pre-rRNA,-0.8534899469972735,11.0,-0.3489025910804016,-0.9583809107982608,11.0,5.17807986226908e-05,-1.0,-1.0,True,False,False
signature,CAST,cation_pi_rich_neighborhood,ribosomal protein,-2.003066303047784,2.0,-2.3856139646119083,-2.5838224808744874,2.0,5.17807986226908e-05,-1.0,-1.0,True,False,True
signature,CAST,cation_pi_rich_neighborhood,snRNA,-0.4858484089624614,13.0,-0.5317390248827376,-0.5077195017886956,11.0,5.17807986226908e-05,-1.0,-1.0,True,False,False
signature,CAST,cation_pi_rich_neighborhood,snoRNA,-0.796615425580357,5.0,-1.1981497243325538,-0.5963134250576843,5.0,5.17807986226908e-05,-1.0,-1.0,True,False,False
signature,CAST,cation_pi_rich_neighborhood,tRNA,0.3281396054275897,13.0,0.5348064092449127,-0.0322461486478778,13.0,5.17807986226908e-05,1.0,-1.0,False,True,False
signature,CAST,cation_pi_rich_neighborhood,unknown,0.1793496425777258,87.0,0.3272833597771539,0.4136706635149377,75.0,5.17807986226908e-05,1.0,1.0,True,False,False
signature,CAST,disorder_rich_spacer_region,diverse,-1.0878239212274186,2.0,-2.922780876869512,-0.7647301199947196,2.0,0.0024587092791873,-1.0,-1.0,True,False,False
signature,CAST,disorder_rich_spacer_region,mRNA,0.077168784672663,146.0,-0.0391178662759272,0.2143825135314566,128.0,0.0024587092791873,1.0,1.0,True,False,False
signature,CAST,disorder_rich_spacer_region,ncRNA,-0.2871327294508254,16.0,-0.8600699564418823,-0.0594733855558515,15.0,0.0024587092791873,-1.0,-1.0,True,False,False
signature,CAST,disorder_rich_spacer_region,pre-rRNA,-2.2277541823718936,4.0,-1.93663478293102,-2.2153915290042847,4.0,0.0024587092791873,-1.0,-1.0,True,False,True
signature,CAST,disorder_rich_spacer_region,ribosomal protein,-0.5959708248977439,5.0,-0.0726158296363937,-1.0594733855558518,5.0,0.0024587092791873,-1.0,-1.0,True,False,False
signature,CAST,disorder_rich_spacer_region,snRNA,0.0688042576014358,18.0,0.8248023388719791,-0.0642904018536274,13.0,0.0024587092791873,1.0,-1.0,False,True,False
signature,CAST,disorder_rich_spacer_region,snoRNA,-0.448413636483886,6.0,-0.1818537079562276,-0.7158205195137732,4.0,0.0024587092791873,-1.0,-1.0,True,False,False
signature,CAST,disorder_rich_spacer_region,tRNA,0.8003301117995141,17.0,1.6040246954665789,0.1701748517833955,13.0,0.0024587092791873,1.0,1.0,True,False,False
signature,CAST,disorder_rich_spacer_region,unknown,0.1791255346097584,82.0,0.2041314644248573,0.1686326869749898,55.0,0.0024587092791873,1.0,1.0,True,False,False
signature,CAST,glutamine_rich_region,diverse,,0.0,,,0.0,0.9688957168084488,,,False,False,False
signature,CAST,glutamine_rich_region,mRNA,1.0967975914215955,2.0,0.9815998366245814,1.1152493215122052,2.0,0.9688957168084488,1.0,1.0,True,False,True
signature,CAST,glutamine_rich_region,ncRNA,,0.0,,,0.0,0.9688957168084488,,,False,False,False
signature,CAST,glutamine_rich_region,pre-rRNA,,0.0,,,0.0,0.9688957168084488,,,False,False,False
signature,CAST,glutamine_rich_region,ribosomal protein,,0.0,,,0.0,0.9688957168084488,,,False,False,False
signature,CAST,glutamine_rich_region,snRNA,,0.0,,,0.0,0.9688957168084488,,,False,False,False
signature,CAST,glutamine_rich_region,snoRNA,,0.0,,,0.0,0.9688957168084488,,,False,False,False
signature,CAST,glutamine_rich_region,tRNA,,0.0,,,0.0,0.9688957168084488,,,False,False,False
signature,CAST,glutamine_rich_region,unknown,,0.0,,,0.0,0.9688957168084488,,,False,False,False
signature,CAST,gs_rich_neutral_region,diverse,-0.9117935571359193,1.0,1.3094645278727317,-0.8411432355138877,1.0,9.952362535254518e-05,-1.0,-1.0,True,False,False
signature,CAST,gs_rich_neutral_region,mRNA,0.3671553380612483,79.0,0.1587766272576308,0.3858969114558743,76.0,9.952362535254518e-05,1.0,1.0,True,False,False
signature,CAST,gs_rich_neutral_region,ncRNA,0.7957882302491928,15.0,0.9564830934805988,0.764577825374066,14.0,9.952362535254518e-05,1.0,1.0,True,False,False
signature,CAST,gs_rich_neutral_region,pre-rRNA,-1.466761317559238,3.0,-0.1330328152407784,-1.7068421438022965,3.0,9.952362535254518e-05,-1.0,-1.0,True,False,True
signature,CAST,gs_rich_neutral_region,ribosomal protein,-1.7418685556936069,1.0,-2.868085803105973,-2.457814595962382,1.0,9.952362535254518e-05,-1.0,-1.0,True,False,True
signature,CAST,gs_rich_neutral_region,snRNA,-1.9250903797493768,2.0,-3.049101510046814,-1.841143235513888,2.0,9.952362535254518e-05,-1.0,-1.0,True,False,True
signature,CAST,gs_rich_neutral_region,snoRNA,,0.0,,,0.0,9.952362535254518e-05,,,False,False,False
signature,CAST,gs_rich_neutral_region,tRNA,-2.1111023653593257,1.0,-4.480951895197985,-2.6066779818768646,1.0,9.952362535254518e-05,-1.0,-1.0,True,False,True
signature,CAST,gs_rich_neutral_region,unknown,-0.1444151107892536,29.0,-0.3449790178289356,0.1182147799887664,28.0,9.952362535254518e-05,-1.0,1.0,False,True,False
signature,CAST,hydrophobic_region,diverse,,0.0,,,0.0,0.2052425248398132,,,False,False,False
signature,CAST,hydrophobic_region,mRNA,,0.0,,,0.0,0.2052425248398132,,,False,False,False
signature,CAST,hydrophobic_region,ncRNA,,0.0,,,0.0,0.2052425248398132,,,False,False,False
signature,CAST,hydrophobic_region,pre-rRNA,,0.0,,,0.0,0.2052425248398132,,,False,False,False
signature,CAST,hydrophobic_region,ribosomal protein,,0.0,,,0.0,0.2052425248398132,,,False,False,False
signature,CAST,hydrophobic_region,snRNA,,0.0,,,0.0,0.2052425248398132,,,False,False,False
signature,CAST,hydrophobic_region,snoRNA,,0.0,,,0.0,0.2052425248398132,,,False,False,False
signature,CAST,hydrophobic_region,tRNA,,0.0,,,0.0,0.2052425248398132,,,False,False,False
signature,CAST,hydrophobic_region,unknown,2.031026895620625,3.0,2.0022751721367005,2.288139781431079,3.0,0.2052425248398132,1.0,1.0,True,False,True
signature,CAST,mixed_charge_polyampholyte,diverse,-0.9336529910996584,1.0,-2.5663926595905187,-0.8411432355138877,1.0,0.0061487462101696,-1.0,-1.0,True,False,False
signature,CAST,mixed_charge_polyampholyte,mRNA,-0.5661674213008338,42.0,-0.4807945996618571,-0.5401025071003487,40.0,0.0061487462101696,-1.0,-1.0,True,False,False
signature,CAST,mixed_charge_polyampholyte,ncRNA,-0.1329617993230651,8.0,-0.4794142356605904,-0.0427770966835379,8.0,0.0061487462101696,-1.0,-1.0,True,False,False
signature,CAST,mixed_charge_polyampholyte,pre-rRNA,0.6268564658969589,13.0,0.7517334279671155,0.4086350736176395,13.0,0.0061487462101696,1.0,1.0,True,False,False
signature,CAST,mixed_charge_polyampholyte,ribosomal protein,-0.1787654889361898,3.0,-0.8612491053913518,-0.8728520952412258,3.0,0.0061487462101696,-1.0,-1.0,True,False,False
signature,CAST,mixed_charge_polyampholyte,snRNA,0.6380126870080399,12.0,0.5672012457614095,0.6182883831234097,11.0,0.0061487462101696,1.0,1.0,True,False,False
signature,CAST,mixed_charge_polyampholyte,snoRNA,0.928149714980322,7.0,1.660631673926,1.0151212870246629,7.0,0.0061487462101696,1.0,1.0,True,False,False
signature,CAST,mixed_charge_polyampholyte,tRNA,0.1889662955642972,5.0,0.8881130131688577,-0.2847498869895021,5.0,0.0061487462101696,1.0,-1.0,False,True,False
signature,CAST,mixed_charge_polyampholyte,unknown,0.3680618828981952,42.0,0.2771350133672841,0.5587873713747479,38.0,0.0061487462101696,1.0,1.0,True,False,False
signature,CAST,polar_linker,diverse,,0.0,,,0.0,0.0473002031129672,,,False,False,False
signature,CAST,polar_linker,mRNA,,0.0,,,0.0,0.0473002031129672,,,False,False,False
signature,CAST,polar_linker,ncRNA,,0.0,,,0.0,0.0473002031129672,,,False,False,False
signature,CAST,polar_linker,pre-rRNA,,0.0,,,0.0,0.0473002031129672,,,False,False,False
signature,CAST,polar_linker,ribosomal protein,,0.0,,,0.0,0.0473002031129672,,,False,False,False
signature,CAST,polar_linker,snRNA,4.108332621788073,1.0,4.456131129864255,4.1361366879860295,1.0,0.0473002031129672,1.0,1.0,True,False,True
signature,CAST,polar_linker,snoRNA,,0.0,,,0.0,0.0473002031129672,,,False,False,False
signature,CAST,polar_linker,tRNA,,0.0,,,0.0,0.0473002031129672,,,False,False,False
signature,CAST,polar_linker,unknown,,0.0,,,0.0,0.0473002031129672,,,False,False,False
signature,CAST,proline_rich_disordered_region,diverse,,0.0,,,0.0,0.9676098375224516,,,False,False,False
signature,CAST,proline_rich_disordered_region,mRNA,0.0967975914215957,2.0,0.2524537469176745,0.1152493215122053,2.0,0.9676098375224516,1.0,1.0,True,False,False
signature,CAST,proline_rich_disordered_region,ncRNA,,0.0,,,0.0,0.9676098375224516,,,False,False,False
signature,CAST,proline_rich_disordered_region,pre-rRNA,,0.0,,,0.0,0.9676098375224516,,,False,False,False
signature,CAST,proline_rich_disordered_region,ribosomal protein,,0.0,,,0.0,0.9676098375224516,,,False,False,False
signature,CAST,proline_rich_disordered_region,snRNA,,0.0,,,0.0,0.9676098375224516,,,False,False,False
signature,CAST,proline_rich_disordered_region,snoRNA,,0.0,,,0.0,0.9676098375224516,,,False,False,False
signature,CAST,proline_rich_disordered_region,tRNA,,0.0,,,0.0,0.9676098375224516,,,False,False,False
signature,CAST,proline_rich_disordered_region,unknown,1.0310268956206246,2.0,0.6685377749597049,1.288139781431079,2.0,0.9676098375224516,1.0,1.0,True,False,True
signature,CAST,rg_rgg_repeat_region,diverse,-0.7852611512069873,1.0,-2.7929066324881973,-0.6053302984151181,1.0,0.0160793792835855,-1.0,-1.0,True,False,False
signature,CAST,rg_rgg_repeat_region,mRNA,0.3797315546930944,73.0,0.5811918327470722,0.4181764544695118,66.0,0.0160793792835855,1.0,1.0,True,False,False
signature,CAST,rg_rgg_repeat_region,ncRNA,-2.984569959430394,1.0,-3.911568138431204,-2.8069641595847687,1.0,0.0160793792835855,-1.0,-1.0,True,False,True
signature,CAST,rg_rgg_repeat_region,pre-rRNA,-0.9251914123514624,4.0,-1.4780102495658376,-1.0559917074246834,4.0,0.0160793792835855,-1.0,-1.0,True,False,False
signature,CAST,rg_rgg_repeat_region,ribosomal protein,-0.0303736490435188,3.0,-1.1226414025272855,-0.6370391581424563,3.0,0.0160793792835855,-1.0,-1.0,True,False,False
signature,CAST,rg_rgg_repeat_region,snRNA,0.0087969482371589,7.0,0.0821470063519593,0.2020246236424861,7.0,0.0160793792835855,1.0,1.0,True,False,False
signature,CAST,rg_rgg_repeat_region,snoRNA,0.5911147277027513,5.0,-0.7048346681445885,0.4435793020658284,4.0,0.0160793792835855,1.0,1.0,True,False,False
signature,CAST,rg_rgg_repeat_region,tRNA,-1.984569959430394,1.0,-1.9550145249121704,-2.370865044778095,1.0,0.0160793792835855,-1.0,-1.0,True,False,True
signature,CAST,rg_rgg_repeat_region,unknown,-0.2320075102131693,25.0,-0.820362402543735,-0.1313991100827056,20.0,0.0160793792835855,-1.0,-1.0,True,False,False
signature,CAST,serine_rich_region,diverse,,0.0,,,0.0,0.9676098375224516,,,False,False,False
signature,CAST,serine_rich_region,mRNA,1.0967975914215955,3.0,0.9815998366245812,1.1152493215122052,3.0,0.9676098375224516,1.0,1.0,True,False,True
signature,CAST,serine_rich_region,ncRNA,,0.0,,,0.0,0.9676098375224516,,,False,False,False
signature,CAST,serine_rich_region,pre-rRNA,,0.0,,,0.0,0.9676098375224516,,,False,False,False
signature,CAST,serine_rich_region,ribosomal protein,,0.0,,,0.0,0.9676098375224516,,,False,False,False
signature,CAST,serine_rich_region,snRNA,,0.0,,,0.0,0.9676098375224516,,,False,False,False
signature,CAST,serine_rich_region,snoRNA,,0.0,,,0.0,0.9676098375224516,,,False,False,False
signature,CAST,serine_rich_region,tRNA,,0.0,,,0.0,0.9676098375224516,,,False,False,False
signature,CAST,serine_rich_region,unknown,,0.0,,,0.0,0.9676098375224516,,,False,False,False
signature,CAST,sr_rs_repeat_region,diverse,-0.8783705555984688,1.0,-2.5562525380420986,-0.7342280315973755,1.0,3.087637193647017e-07,-1.0,-1.0,True,False,False
signature,CAST,sr_rs_repeat_region,mRNA,0.5562292100588928,88.0,0.3891850043515755,0.5847346048134257,81.0,3.087637193647017e-07,1.0,1.0,True,False,False
signature,CAST,sr_rs_repeat_region,ncRNA,-2.077679363821876,2.0,-0.7192523671205179,-1.935861892767026,2.0,3.087637193647017e-07,-1.0,-1.0,True,False,True
signature,CAST,sr_rs_repeat_region,pre-rRNA,-2.018300816742944,2.0,-2.811932688653094,-2.184889440606941,2.0,3.087637193647017e-07,-1.0,-1.0,True,False,True
signature,CAST,sr_rs_repeat_region,ribosomal protein,,0.0,,,0.0,3.087637193647017e-07,,,False,False,False
signature,CAST,sr_rs_repeat_region,snRNA,0.9156875438456774,14.0,0.9287588638573258,0.8507344691237806,12.0,3.087637193647017e-07,1.0,1.0,True,False,False
signature,CAST,sr_rs_repeat_region,snoRNA,,0.0,,,0.0,3.087637193647017e-07,,,False,False,False
signature,CAST,sr_rs_repeat_region,tRNA,,0.0,,,0.0,3.087637193647017e-07,,,False,False,False
signature,CAST,sr_rs_repeat_region,unknown,-0.5766556816006153,21.0,-0.3437494285363833,-0.3342974247087402,19.0,3.087637193647017e-07,-1.0,-1.0,True,False,False
signature,CAST,unmapped_physicochemical_properties,diverse,2.214738848793013,1.0,0.5548935592204427,2.2292460923775104,1.0,0.6854594919449176,1.0,1.0,True,False,True
signature,CAST,unmapped_physicochemical_properties,mRNA,0.3598319972553895,9.0,0.3343339782931183,0.378283727345999,9.0,0.6854594919449176,1.0,1.0,True,False,False
signature,CAST,unmapped_physicochemical_properties,ncRNA,0.0154300405696059,1.0,-0.57756846367246,0.0276122312078597,1.0,0.6854594919449176,1.0,1.0,True,False,False
signature,CAST,unmapped_physicochemical_properties,pre-rRNA,,0.0,,,0.0,0.6854594919449176,,,False,False,False
signature,CAST,unmapped_physicochemical_properties,ribosomal protein,,0.0,,,0.0,0.6854594919449176,,,False,False,False
signature,CAST,unmapped_physicochemical_properties,snRNA,0.201442026179555,1.0,1.6133144624149844,0.2292460923775104,1.0,0.6854594919449176,1.0,1.0,True,False,False
signature,CAST,unmapped_physicochemical_properties,snoRNA,,0.0,,,0.0,0.6854594919449176,,,False,False,False
signature,CAST,unmapped_physicochemical_properties,tRNA,,0.0,,,0.0,0.6854594919449176,,,False,False,False
signature,CAST,unmapped_physicochemical_properties,unknown,-0.2909011992667377,3.0,-0.7072749644491051,-0.0337883134562835,3.0,0.6854594919449176,-1.0,-1.0,True,False,False
signature,FLPS,acidic_region,diverse,-0.3754575015622908,23.0,-0.7375889533959148,-0.2864583364380871,15.0,5.883316580803908e-19,-1.0,-1.0,True,False,False
signature,FLPS,acidic_region,mRNA,-0.1947841702252992,519.0,-0.3083238925859795,0.0261356003536512,292.0,5.883316580803908e-19,-1.0,1.0,False,True,False
signature,FLPS,acidic_region,ncRNA,-0.1057464225511434,95.0,0.0390391776039803,-0.127831521122398,44.0,5.883316580803908e-19,-1.0,-1.0,True,False,False
signature,FLPS,acidic_region,pre-rRNA,0.8029824642920715,147.0,1.1589341621573293,0.5732559546567351,69.0,5.883316580803908e-19,1.0,1.0,True,False,False
signature,FLPS,acidic_region,ribosomal protein,-1.41157346281241,13.0,-1.7591250550030673,-2.0647647259851927,12.0,5.883316580803908e-19,-1.0,-1.0,True,False,True
signature,FLPS,acidic_region,snRNA,0.503697770023672,106.0,0.4945094528649743,0.3817792085699751,51.0,5.883316580803908e-19,1.0,1.0,True,False,False
signature,FLPS,acidic_region,snoRNA,0.8870116956292534,58.0,1.0694106466873583,0.6673186468012674,25.0,5.883316580803908e-19,1.0,1.0,True,False,False
signature,FLPS,acidic_region,tRNA,-0.5047405185072577,46.0,-0.1888615932389929,-0.6990657539158565,38.0,5.883316580803908e-19,-1.0,-1.0,True,False,False
signature,FLPS,acidic_region,unknown,0.0371930100097335,366.0,0.0896179629837659,0.1766476030087471,176.0,5.883316580803908e-19,1.0,1.0,True,False,False
signature,FLPS,arginine_rich_rna_contact_region,diverse,0.0057711448369309,18.0,0.0799599015458293,-0.1669791884606548,13.0,1.1730787011970845e-05,1.0,-1.0,False,True,False
signature,FLPS,arginine_rich_rna_contact_region,mRNA,-0.4242268620680679,266.0,-0.5044138720112139,-0.2679033247505596,190.0,1.1730787011970845e-05,-1.0,-1.0,True,False,False
signature,FLPS,arginine_rich_rna_contact_region,ncRNA,0.2291885715741433,72.0,0.2809798699003291,0.1309843084639236,42.0,1.1730787011970845e-05,1.0,1.0,True,False,False
signature,FLPS,arginine_rich_rna_contact_region,pre-rRNA,0.7132151518165546,83.0,1.0604233200585378,0.545549025486893,54.0,1.1730787011970845e-05,1.0,1.0,True,False,False
signature,FLPS,arginine_rich_rna_contact_region,ribosomal protein,1.7521354370053868,70.0,2.2305071911678,0.4835577207961137,56.0,1.1730787011970845e-05,1.0,1.0,True,False,False
signature,FLPS,arginine_rich_rna_contact_region,snRNA,-0.2414295700820191,38.0,-0.6427341037664375,-0.0578255123481433,30.0,1.1730787011970845e-05,-1.0,-1.0,True,False,False
signature,FLPS,arginine_rich_rna_contact_region,snoRNA,-0.3292131028758778,15.0,-0.2744532791995719,-0.1911758988913015,11.0,1.1730787011970845e-05,-1.0,-1.0,True,False,False
signature,FLPS,arginine_rich_rna_contact_region,tRNA,0.4344835810128514,53.0,0.9024553533058618,-0.2991351470272212,40.0,1.1730787011970845e-05,1.0,-1.0,False,True,False
signature,FLPS,arginine_rich_rna_contact_region,unknown,-0.0293957095942639,210.0,-0.0648307270895784,0.1724290267612751,140.0,1.1730787011970845e-05,-1.0,1.0,False,True,False
signature,FLPS,aromatic_aggregation_prone_region,diverse,-0.6256506669768853,1.0,-0.4974078596835319,-0.719861718187889,1.0,6.531949188570099e-08,-1.0,-1.0,True,False,False
signature,FLPS,aromatic_aggregation_prone_region,mRNA,-1.1336511858831573,14.0,-1.1757211414824786,-0.8828468226100455,14.0,6.531949188570099e-08,-1.0,-1.0,True,False,False
signature,FLPS,aromatic_aggregation_prone_region,ncRNA,1.5046573553688458,15.0,1.8020310449648265,1.6935789961566252,14.0,6.531949188570099e-08,1.0,1.0,True,False,True
signature,FLPS,aromatic_aggregation_prone_region,pre-rRNA,-1.1233210899018742,2.0,-0.9480247829453904,-1.0617812882627176,2.0,6.531949188570099e-08,-1.0,-1.0,True,False,True
signature,FLPS,aromatic_aggregation_prone_region,ribosomal protein,,0.0,,,0.0,6.531949188570099e-08,,,False,False,False
signature,FLPS,aromatic_aggregation_prone_region,snRNA,-0.9508538938971086,2.0,-0.9934780993516898,-0.8171589195428041,2.0,6.531949188570099e-08,-1.0,-1.0,True,False,False
signature,FLPS,aromatic_aggregation_prone_region,snoRNA,-0.6976005088559001,1.0,-0.6492650347466543,-0.503050329114741,1.0,6.531949188570099e-08,-1.0,-1.0,True,False,False
signature,FLPS,aromatic_aggregation_prone_region,tRNA,-0.1699711832006955,3.0,0.1860484694153401,-0.8885435527795696,3.0,6.531949188570099e-08,-1.0,-1.0,True,False,False
signature,FLPS,aromatic_aggregation_prone_region,unknown,0.8392560817265631,33.0,0.834608390146535,0.9980581202877704,28.0,6.531949188570099e-08,1.0,1.0,True,False,False
signature,FLPS,aromatic_sticker_region,diverse,0.1047900475250121,29.0,0.4598335809883568,-0.2072689094863717,16.0,1.6174954583472806e-17,1.0,-1.0,False,True,False
signature,FLPS,aromatic_sticker_region,mRNA,0.1237464259043308,585.0,0.0361564565373423,0.1622410669184925,324.0,1.6174954583472806e-17,1.0,1.0,True,False,False
signature,FLPS,aromatic_sticker_region,ncRNA,0.2251139812981213,108.0,0.3407090935297414,0.2317068969652803,57.0,1.6174954583472806e-17,1.0,1.0,True,False,False
signature,FLPS,aromatic_sticker_region,pre-rRNA,-1.4435064484699445,28.0,-1.4679081014526214,-1.1568710567824398,21.0,1.6174954583472806e-17,-1.0,-1.0,True,False,True
signature,FLPS,aromatic_sticker_region,ribosomal protein,-0.3223284811620335,25.0,-0.3284840280807116,-1.2042155855088177,22.0,1.6174954583472806e-17,-1.0,-1.0,True,False,False
signature,FLPS,aromatic_sticker_region,snRNA,-0.6521294198206853,43.0,-0.6407099832384004,-0.217103269590947,34.0,1.6174954583472806e-17,-1.0,-1.0,True,False,False
signature,FLPS,aromatic_sticker_region,snoRNA,-0.9182501938730564,15.0,-0.8163804397117183,-0.6685294255258613,10.0,1.6174954583472806e-17,-1.0,-1.0,True,False,False
signature,FLPS,aromatic_sticker_region,tRNA,-0.1545535099843271,53.0,-0.1396919045596167,-0.5014816261619108,44.0,1.6174954583472806e-17,-1.0,-1.0,True,False,False
signature,FLPS,aromatic_sticker_region,unknown,0.1389968961344794,355.0,0.1646098948702641,0.3543476981106124,201.0,1.6174954583472806e-17,1.0,1.0,True,False,False
signature,FLPS,basic_enriched_region,diverse,-0.1139773846529217,15.0,0.1209157469512757,-0.1012160912104442,12.0,2.6607010313799886e-10,-1.0,-1.0,True,False,False
signature,FLPS,basic_enriched_region,mRNA,-0.621977903559194,210.0,-0.792861538985564,-0.3711163995491125,156.0,2.6607010313799886e-10,-1.0,-1.0,True,False,False
signature,FLPS,basic_enriched_region,ncRNA,0.0099043685333761,56.0,0.0004042153394318,0.2053094192175581,39.0,2.6607010313799886e-10,1.0,1.0,True,False,False
signature,FLPS,basic_enriched_region,pre-rRNA,1.0813744390006983,97.0,1.3765318213041553,0.7532615515182308,55.0,2.6607010313799886e-10,1.0,1.0,True,False,False
signature,FLPS,basic_enriched_region,ribosomal protein,1.0515405152666095,39.0,1.507564048589778,-0.0550940453410043,34.0,2.6607010313799886e-10,1.0,-1.0,False,True,False
signature,FLPS,basic_enriched_region,snRNA,-0.0981436937380782,38.0,-0.3100594644949972,0.1234148023220033,30.0,2.6607010313799886e-10,-1.0,1.0,False,True,False
signature,FLPS,basic_enriched_region,snoRNA,1.5510383676342696,50.0,1.8583823407320388,0.990064415778845,22.0,2.6607010313799886e-10,1.0,1.0,True,False,False
signature,FLPS,basic_enriched_region,tRNA,0.276113757495691,43.0,0.4953334929206612,-0.4856266168575616,31.0,2.6607010313799886e-10,1.0,-1.0,False,True,False
signature,FLPS,basic_enriched_region,unknown,0.0362692696272034,199.0,0.1737056167375962,0.2356135799097092,129.0,2.6607010313799886e-10,1.0,1.0,True,False,False
signature,FLPS,cation_pi_rich_neighborhood,diverse,0.1260653785546428,6.0,0.3457246370774116,0.1259173631172423,6.0,0.00037008795931,1.0,1.0,True,False,False
signature,FLPS,cation_pi_rich_neighborhood,mRNA,0.2591704384070608,131.0,0.1421225786556914,0.2985352904795248,106.0,0.00037008795931,1.0,1.0,True,False,False
signature,FLPS,cation_pi_rich_neighborhood,ncRNA,0.0124478180142847,19.0,0.2543574591938474,0.3169656561253089,18.0,0.00037008795931,1.0,1.0,True,False,False
signature,FLPS,cation_pi_rich_neighborhood,pre-rRNA,-1.371605044370346,6.0,-0.8134294720241356,-1.216002206957586,6.0,0.00037008795931,-1.0,-1.0,True,False,True
signature,FLPS,cation_pi_rich_neighborhood,ribosomal protein,-0.0869283447795555,6.0,-0.7629605528914023,-1.3304609315425011,6.0,0.00037008795931,-1.0,-1.0,True,False,False
signature,FLPS,cation_pi_rich_neighborhood,snRNA,-0.1991378483655804,12.0,-0.1962882199367424,-0.0969107203215315,11.0,0.00037008795931,-1.0,-1.0,True,False,False
signature,FLPS,cation_pi_rich_neighborhood,snoRNA,-1.5308469640455282,2.0,-1.1607268217933948,-1.2422337485307655,2.0,0.00037008795931,-1.0,-1.0,True,False,True
signature,FLPS,cation_pi_rich_neighborhood,tRNA,-0.7808252170538758,7.0,-1.1236198574748193,-1.4053345508591462,7.0,0.00037008795931,-1.0,-1.0,True,False,False
signature,FLPS,cation_pi_rich_neighborhood,unknown,-0.0383844928215184,64.0,-0.0144406802313045,0.2328794923388011,55.0,0.00037008795931,-1.0,1.0,False,True,False
signature,FLPS,disorder_rich_spacer_region,diverse,-0.1325270333208059,36.0,-0.2972499980182896,-0.0347972259337126,21.0,8.399017794689579e-18,-1.0,-1.0,True,False,False
signature,FLPS,disorder_rich_spacer_region,mRNA,0.1733554128280238,886.0,-0.0113515232890215,0.2607568075595611,404.0,8.399017794689579e-18,1.0,1.0,True,False,False
signature,FLPS,disorder_rich_spacer_region,ncRNA,-0.0237521725247161,133.0,0.1386800563892842,0.0858617391829557,60.0,8.399017794689579e-18,-1.0,1.0,False,True,False
signature,FLPS,disorder_rich_spacer_region,pre-rRNA,-0.5713037671922261,75.0,-0.419497106766786,-0.3767167960085413,42.0,8.399017794689579e-18,-1.0,-1.0,True,False,False
signature,FLPS,disorder_rich_spacer_region,ribosomal protein,-1.056014139460019,22.0,-1.4142811027979407,-1.635565429928631,19.0,8.399017794689579e-18,-1.0,-1.0,True,False,True
signature,FLPS,disorder_rich_spacer_region,snRNA,-0.0426927609621854,96.0,0.0714093210230491,-0.0325587537377132,45.0,8.399017794689579e-18,-1.0,-1.0,True,False,False
signature,FLPS,disorder_rich_spacer_region,snoRNA,-0.7305456868674083,25.0,-0.6399796804102458,-0.5098635414982328,13.0,8.399017794689579e-18,-1.0,-1.0,True,False,False
signature,FLPS,disorder_rich_spacer_region,tRNA,-0.1098069568207223,80.0,0.1801374221197266,-0.4528385294621103,53.0,8.399017794689579e-18,-1.0,-1.0,True,False,False
signature,FLPS,disorder_rich_spacer_region,unknown,-0.0270710221578867,463.0,0.150359878632271,0.0684127684267386,192.0,8.399017794689579e-18,-1.0,1.0,False,True,False
signature,FLPS,glutamine_rich_region,diverse,0.3948134355828302,1.0,-0.4461028921233127,0.2581119754821119,1.0,0.2713802810766338,1.0,1.0,True,False,False
signature,FLPS,glutamine_rich_region,mRNA,0.3273855080625395,19.0,0.2692476745640174,0.3752347902526909,17.0,0.2713802810766338,1.0,1.0,True,False,False
signature,FLPS,glutamine_rich_region,ncRNA,-0.3817691376799572,2.0,-0.222466811552717,-0.1358022322309778,2.0,0.2713802810766338,-1.0,-1.0,True,False,False
signature,FLPS,glutamine_rich_region,pre-rRNA,,0.0,,,0.0,0.2713802810766338,,,False,False,False
signature,FLPS,glutamine_rich_region,ribosomal protein,0.1818197122486319,1.0,0.0388133369029019,-1.1982663191776313,1.0,0.2713802810766338,1.0,-1.0,False,True,False
signature,FLPS,glutamine_rich_region,snRNA,,0.0,,,0.0,0.2713802810766338,,,False,False,False
signature,FLPS,glutamine_rich_region,snoRNA,,0.0,,,0.0,0.2713802810766338,,,False,False,False
signature,FLPS,glutamine_rich_region,tRNA,-0.7344695813621361,1.0,-0.5175340651879091,-1.4955323598307246,1.0,0.2713802810766338,-1.0,-1.0,True,False,False
signature,FLPS,glutamine_rich_region,unknown,0.2747576835651227,11.0,0.2369498570567473,0.6281085105374647,11.0,0.2713802810766338,1.0,1.0,True,False,False
signature,FLPS,glycine_rich_region,diverse,,0.0,,,0.0,0.7214186238488157,,,False,False,False
signature,FLPS,glycine_rich_region,mRNA,-0.2062964877149231,3.0,-1.1227027591829877,-0.0828714309180388,3.0,0.7214186238488157,-1.0,-1.0,True,False,False
signature,FLPS,glycine_rich_region,ncRNA,,0.0,,,0.0,0.7214186238488157,,,False,False,False
signature,FLPS,glycine_rich_region,pre-rRNA,,0.0,,,0.0,0.7214186238488157,,,False,False,False
signature,FLPS,glycine_rich_region,ribosomal protein,,0.0,,,0.0,0.7214186238488157,,,False,False,False
signature,FLPS,glycine_rich_region,snRNA,1.1988932256075735,1.0,1.6830560244383503,1.2052088934856504,1.0,0.7214186238488157,1.0,1.0,True,False,True
signature,FLPS,glycine_rich_region,snoRNA,,0.0,,,0.0,0.7214186238488157,,,False,False,False
signature,FLPS,glycine_rich_region,tRNA,2.3948134355828303,2.0,3.419639097356652,1.548861759527729,2.0,0.7214186238488157,1.0,1.0,True,False,True
signature,FLPS,glycine_rich_region,unknown,-0.0553909181272083,2.0,0.0004749321162791,0.2130710112586207,2.0,0.7214186238488157,-1.0,1.0,False,True,False
signature,FLPS,gs_rich_neutral_region,diverse,0.0506806044547984,7.0,0.1356524304540175,-0.0254207406682399,6.0,3.860023661151856e-07,1.0,-1.0,False,True,False
signature,FLPS,gs_rich_neutral_region,mRNA,0.4671290525413494,186.0,0.4047262063084075,0.4526997336682934,131.0,3.860023661151856e-07,1.0,1.0,True,False,False
signature,FLPS,gs_rich_neutral_region,ncRNA,-0.5332568908655934,16.0,-0.211506657769949,-0.1969425270448818,14.0,3.860023661151856e-07,-1.0,-1.0,True,False,False
signature,FLPS,gs_rich_neutral_region,pre-rRNA,-1.6693822398066387,6.0,-1.930300642572516,-1.3673403107430684,6.0,3.860023661151856e-07,-1.0,-1.0,True,False,True
signature,FLPS,gs_rich_neutral_region,ribosomal protein,-1.384705540215848,3.0,-1.4118528182121453,-2.481799035327984,3.0,3.860023661151856e-07,-1.0,-1.0,True,False,True
signature,FLPS,gs_rich_neutral_region,snRNA,-0.6224459258857319,11.0,-1.6314895341133528,-0.3857523478569488,10.0,3.860023661151856e-07,-1.0,-1.0,True,False,False
signature,FLPS,gs_rich_neutral_region,snoRNA,-2.8286241594818207,1.0,-3.601167245330261,-2.3935718523162484,1.0,3.860023661151856e-07,-1.0,-1.0,True,False,True
signature,FLPS,gs_rich_neutral_region,tRNA,-0.4265257159104751,11.0,-1.012946603133039,-0.9045959580649356,11.0,3.860023661151856e-07,-1.0,-1.0,True,False,False
signature,FLPS,gs_rich_neutral_region,unknown,-0.2068786713128445,70.0,-0.2056684157185194,0.1828247243905005,59.0,3.860023661151856e-07,-1.0,1.0,False,True,False
signature,FLPS,hydrophobic_region,diverse,1.1138124832195877,19.0,1.5684972560177004,1.0992224964518222,19.0,1.1411893662605142e-05,1.0,1.0,True,False,True
signature,FLPS,hydrophobic_region,mRNA,-0.4050763518294208,132.0,-0.5258073730557549,-0.2121544478630052,120.0,1.1411893662605142e-05,-1.0,-1.0,True,False,False
signature,FLPS,hydrophobic_region,ncRNA,0.2987557621421643,37.0,0.3830556364525076,0.3642713709036653,30.0,1.1411893662605142e-05,1.0,1.0,True,False,False
signature,FLPS,hydrophobic_region,pre-rRNA,0.0686542649921053,26.0,0.2494772155390549,0.0943379136545644,24.0,1.1411893662605142e-05,1.0,1.0,True,False,False
signature,FLPS,hydrophobic_region,ribosomal protein,-0.0251806586708339,10.0,-0.1148914207302352,-1.4351583102091945,9.0,1.1411893662605142e-05,-1.0,-1.0,True,False,False
signature,FLPS,hydrophobic_region,snRNA,0.2411214609968707,26.0,0.181656086104301,-0.0760772169043658,18.0,1.1411893662605142e-05,1.0,-1.0,False,True,False
signature,FLPS,hydrophobic_region,snoRNA,-0.6211023713818566,6.0,-0.27773363648716,-0.6099655330312529,5.0,1.1411893662605142e-05,-1.0,-1.0,True,False,False
signature,FLPS,hydrophobic_region,tRNA,1.1960335714683328,44.0,1.5749619459030708,0.2675756491377126,36.0,1.1411893662605142e-05,1.0,1.0,True,False,False
signature,FLPS,hydrophobic_region,unknown,-0.0131626827379109,104.0,0.0973727925756457,0.2375933303926898,89.0,1.1411893662605142e-05,-1.0,1.0,False,True,False
signature,FLPS,mixed_charge_polyampholyte,diverse,-0.967756643801878,2.0,-1.582952111737902,-1.9263125956553155,1.0,0.0042109330817099,-1.0,-1.0,True,False,False
signature,FLPS,mixed_charge_polyampholyte,mRNA,0.2560467263422772,93.0,0.1138392999182871,0.3128007434938739,74.0,0.0042109330817099,1.0,1.0,True,False,False
signature,FLPS,mixed_charge_polyampholyte,ncRNA,-1.1593767163435094,6.0,-0.5531155422679557,-0.7352643026472491,6.0,0.0042109330817099,-1.0,-1.0,True,False,False
signature,FLPS,mixed_charge_polyampholyte,pre-rRNA,-0.8804645660057108,6.0,-0.8670586979702126,-0.6832696650089877,6.0,0.0042109330817099,-1.0,-1.0,True,False,False
signature,FLPS,mixed_charge_polyampholyte,ribosomal protein,-2.1807503671360764,1.0,-1.634702826392062,-3.3826908903150588,1.0,0.0042109330817099,-1.0,-1.0,True,False,True
signature,FLPS,mixed_charge_polyampholyte,snRNA,0.5143950513355029,14.0,0.819659430926926,0.5613527037109258,12.0,0.0042109330817099,1.0,1.0,True,False,False
signature,FLPS,mixed_charge_polyampholyte,snoRNA,-0.4547439849597366,3.0,-1.0605794479827806,-0.1245387058610111,3.0,0.0042109330817099,-1.0,-1.0,True,False,False
signature,FLPS,mixed_charge_polyampholyte,tRNA,0.2248884341405178,10.0,0.5078473248498133,-0.5100319295258398,9.0,0.0042109330817099,1.0,-1.0,False,True,False
signature,FLPS,mixed_charge_polyampholyte,unknown,-0.0553909181272083,45.0,-0.0819596898590715,0.2321798342063253,38.0,0.0042109330817099,-1.0,1.0,False,True,False
signature,FLPS,polar_linker,diverse,,0.0,,,0.0,0.2236685193451276,,,False,False,False
signature,FLPS,polar_linker,mRNA,0.6010584343426809,21.0,0.2689842528184754,0.6441100746755453,18.0,0.2236685193451276,1.0,1.0,True,False,False
signature,FLPS,polar_linker,ncRNA,0.3324763799861652,3.0,-0.0346189465337662,0.6355733927210597,3.0,0.2236685193451276,1.0,1.0,True,False,False
signature,FLPS,polar_linker,pre-rRNA,-0.9735739703971922,1.0,-1.952797533252309,-0.8973944703618352,1.0,0.2236685193451276,-1.0,-1.0,True,False,False
signature,FLPS,polar_linker,ribosomal protein,,0.0,,,0.0,0.2236685193451276,,,False,False,False
signature,FLPS,polar_linker,snRNA,-0.8011067743924264,1.0,-0.346174153078916,-0.6527721016419216,1.0,0.2236685193451276,-1.0,-1.0,True,False,False
signature,FLPS,polar_linker,snoRNA,,0.0,,,0.0,0.2236685193451276,,,False,False,False
signature,FLPS,polar_linker,tRNA,,0.0,,,0.0,0.2236685193451276,,,False,False,False
signature,FLPS,polar_linker,unknown,-0.470428417406052,6.0,0.2289315952494379,-0.0599474831477952,6.0,0.2236685193451276,-1.0,-1.0,True,False,False
signature,FLPS,proline_rich_disordered_region,diverse,0.5240964525277969,3.0,1.046558577500364,0.4117351645953236,3.0,0.0148382647755365,1.0,1.0,True,False,False
signature,FLPS,proline_rich_disordered_region,mRNA,0.4051382243674241,55.0,0.3785996107756927,0.5568723555354995,52.0,0.0148382647755365,1.0,1.0,True,False,False
signature,FLPS,proline_rich_disordered_region,ncRNA,-1.8374486214561467,2.0,-2.0649656934274376,-1.567141543838922,2.0,0.0148382647755365,-1.0,-1.0,True,False,True
signature,FLPS,proline_rich_disordered_region,pre-rRNA,-2.5585364711183485,1.0,-2.49520623381969,-2.515146906200661,1.0,0.0148382647755365,-1.0,-1.0,True,False,True
signature,FLPS,proline_rich_disordered_region,ribosomal protein,-0.2738597715275577,2.0,-0.3607690131175384,-1.6296056307855755,2.0,0.0148382647755365,-1.0,-1.0,True,False,False
signature,FLPS,proline_rich_disordered_region,snRNA,-0.3860692751135827,4.0,-0.7974349655881007,-0.2705245374807473,4.0,0.0148382647755365,-1.0,-1.0,True,False,False
signature,FLPS,proline_rich_disordered_region,snoRNA,-1.1328158900723746,1.0,-0.8131178460694478,-0.956415947052684,1.0,0.0148382647755365,-1.0,-1.0,True,False,False
signature,FLPS,proline_rich_disordered_region,tRNA,0.809850934861674,8.0,0.2852300639263401,-0.3419091707175126,6.0,0.0148382647755365,1.0,-1.0,False,True,False
signature,FLPS,proline_rich_disordered_region,unknown,-0.3184253239610022,20.0,-0.3235645121039041,-0.0927374182654645,18.0,0.0148382647755365,-1.0,-1.0,True,False,False
signature,FLPS,rg_rgg_repeat_region,diverse,-0.3338845425997754,3.0,-1.0544887273994663,-0.2314724771617857,3.0,1.5169393313171322e-08,-1.0,-1.0,True,False,False
signature,FLPS,rg_rgg_repeat_region,mRNA,0.6484405650770334,118.0,0.4529542272101086,0.7367869516943103,92.0,1.5169393313171322e-08,1.0,1.0,True,False,False
signature,FLPS,rg_rgg_repeat_region,ncRNA,-3.695429616583719,1.0,-2.747574251797083,-3.210349185596032,1.0,1.5169393313171322e-08,-1.0,-1.0,True,False,True
signature,FLPS,rg_rgg_repeat_region,pre-rRNA,-1.094589371358558,5.0,-1.5285646234853136,-0.8364264530704081,5.0,1.5169393313171322e-08,-1.0,-1.0,True,False,False
signature,FLPS,rg_rgg_repeat_region,ribosomal protein,-0.1318407666551297,4.0,-0.5695724983732514,-1.2728132725426853,4.0,1.5169393313171322e-08,-1.0,-1.0,True,False,False
signature,FLPS,rg_rgg_repeat_region,snRNA,0.0778778246462074,10.0,-0.2070747288138144,0.0862678207621431,8.0,1.5169393313171322e-08,1.0,1.0,True,False,False
signature,FLPS,rg_rgg_repeat_region,snoRNA,0.3311312096874158,5.0,0.4688144072301456,0.4003764111902061,4.0,1.5169393313171322e-08,1.0,1.0,True,False,False
signature,FLPS,rg_rgg_repeat_region,tRNA,-3.048130060265898,1.0,-1.865797090050172,-3.5700793131957784,1.0,1.5169393313171322e-08,-1.0,-1.0,True,False,True
signature,FLPS,rg_rgg_repeat_region,unknown,-0.743446911812468,27.0,-0.3590153481692381,-0.5135526386861262,21.0,1.5169393313171322e-08,-1.0,-1.0,True,False,False
signature,FLPS,serine_rich_region,diverse,1.2761689390842113,1.0,2.7061178954157885,1.05457858139698,1.0,0.0872831031702217,1.0,1.0,True,False,True
signature,FLPS,serine_rich_region,mRNA,-1.0391865018796649,4.0,-0.9650213534954228,-0.9157614450827808,4.0,0.0872831031702217,-1.0,-1.0,True,False,False
signature,FLPS,serine_rich_region,ncRNA,1.499586365821424,4.0,1.8879716518978649,1.6606643736838902,4.0,0.0872831031702217,1.0,1.0,True,False,True
signature,FLPS,serine_rich_region,pre-rRNA,-0.2215014838407777,1.0,-1.3052139823205489,-0.2873409886778484,1.0,0.0872831031702217,-1.0,-1.0,True,False,False
signature,FLPS,serine_rich_region,ribosomal protein,,0.0,,,0.0,0.0872831031702217,,,False,False,False
signature,FLPS,serine_rich_region,snRNA,-0.049034287836012,1.0,-2.0876328928930543,-0.0427186199579349,1.0,0.0872831031702217,-1.0,-1.0,True,False,False
signature,FLPS,serine_rich_region,snoRNA,1.2042190972051965,1.0,0.7590805122411645,1.271389970470128,1.0,0.0872831031702217,1.0,1.0,True,False,True
signature,FLPS,serine_rich_region,tRNA,,0.0,,,0.0,0.0872831031702217,,,False,False,False
signature,FLPS,serine_rich_region,unknown,0.5040364904868101,7.0,0.380320502666295,0.7724984198726395,7.0,0.0872831031702217,1.0,1.0,True,False,False
signature,FLPS,sr_rs_repeat_region,diverse,-1.918847043320932,1.0,-1.583602444630132,-1.7527763406606245,1.0,1.6174954583472806e-17,-1.0,-1.0,True,False,True
signature,FLPS,sr_rs_repeat_region,mRNA,0.8318867061729647,134.0,0.6735553411149376,0.92073982263434,100.0,1.6174954583472806e-17,1.0,1.0,True,False,False
signature,FLPS,sr_rs_repeat_region,ncRNA,-3.695429616583719,1.0,-3.2071886692316425,-3.146690548373714,1.0,1.6174954583472806e-17,-1.0,-1.0,True,False,True
signature,FLPS,sr_rs_repeat_region,pre-rRNA,-3.4165174662459203,1.0,-3.671649288507282,-3.0946959107354526,1.0,1.6174954583472806e-17,-1.0,-1.0,True,False,True
signature,FLPS,sr_rs_repeat_region,ribosomal protein,,0.0,,,0.0,1.6174954583472806e-17,,,False,False,False
signature,FLPS,sr_rs_repeat_region,snRNA,0.8434125710091845,17.0,1.0470844579876488,0.957281380042065,14.0,1.6174954583472806e-17,1.0,1.0,True,False,False
signature,FLPS,sr_rs_repeat_region,snoRNA,,0.0,,,0.0,1.6174954583472806e-17,,,False,False,False
signature,FLPS,sr_rs_repeat_region,tRNA,-3.048130060265898,1.0,-4.192927864759105,-3.5064206759734606,1.0,1.6174954583472806e-17,-1.0,-1.0,True,False,True
signature,FLPS,sr_rs_repeat_region,unknown,-1.2504069005323513,19.0,-1.5116619391596011,-0.9353208286340502,15.0,1.6174954583472806e-17,-1.0,-1.0,True,False,False
signature,FLPS,unmapped_physicochemical_properties,diverse,0.5741371350273923,11.0,1.0226566009831966,0.1835650221170579,8.0,0.0006675092519031,1.0,1.0,True,False,False
signature,FLPS,unmapped_physicochemical_properties,mRNA,-0.2006499245737811,128.0,-0.4162815130549209,-0.0863352862216103,104.0,0.0006675092519031,-1.0,-1.0,True,False,False
signature,FLPS,unmapped_physicochemical_properties,ncRNA,0.382517062485761,33.0,0.7107358381558923,0.5445383165674369,27.0,0.0006675092519031,1.0,1.0,True,False,False
signature,FLPS,unmapped_physicochemical_properties,pre-rRNA,-0.7980024058137377,12.0,-0.6975673820359419,-0.6989229293204732,11.0,0.0006675092519031,-1.0,-1.0,True,False,False
signature,FLPS,unmapped_physicochemical_properties,ribosomal protein,-0.0982882069441034,8.0,0.5779621579008095,-1.2728132725426853,8.0,0.0006675092519031,-1.0,-1.0,True,False,False
signature,FLPS,unmapped_physicochemical_properties,snRNA,0.1818197122486319,21.0,-0.4197756750828881,0.2561928222044554,18.0,0.0006675092519031,1.0,1.0,True,False,False
signature,FLPS,unmapped_physicochemical_properties,snoRNA,-1.95724432548892,2.0,-1.816042688820296,-1.5996235888097938,2.0,0.0006675092519031,-1.0,-1.0,True,False,True
signature,FLPS,unmapped_physicochemical_properties,tRNA,0.4448541180824257,22.0,0.9532732565674588,-0.1777618904170181,21.0,0.0006675092519031,1.0,-1.0,False,True,False
signature,FLPS,unmapped_physicochemical_properties,unknown,0.2217186729183082,103.0,0.3515652674019475,0.3979106867122165,79.0,0.0006675092519031,1.0,1.0,True,False,False
signature,LCRFinder,acidic_region,diverse,-1.0493423013243872,9.0,-0.8272732356954666,-0.5647846187835259,7.0,6.0932251175194974e-05,-1.0,-1.0,True,False,False
signature,LCRFinder,acidic_region,mRNA,-0.3745831302525853,522.0,-0.4632320447727905,-0.1544084968745451,206.0,6.0932251175194974e-05,-1.0,-1.0,True,False,False
signature,LCRFinder,acidic_region,ncRNA,0.2754973889828782,96.0,0.4338861966411822,-0.0021899310908244,32.0,6.0932251175194974e-05,1.0,-1.0,False,True,False
signature,LCRFinder,acidic_region,pre-rRNA,1.0959954964144962,137.0,1.3259089778538038,0.4459417878095326,45.0,6.0932251175194974e-05,1.0,1.0,True,False,False
signature,LCRFinder,acidic_region,ribosomal protein,-0.5731932877421562,7.0,-0.435570117818851,-0.7871770401199738,6.0,6.0932251175194974e-05,-1.0,-1.0,True,False,False
signature,LCRFinder,acidic_region,snRNA,0.2044142909213958,81.0,-0.0195807504724942,0.2065910061685115,33.0,6.0932251175194974e-05,1.0,1.0,True,False,False
signature,LCRFinder,acidic_region,snoRNA,0.898427739903055,56.0,1.0833354758069402,0.6216285054473555,22.0,6.0932251175194974e-05,1.0,1.0,True,False,False
signature,LCRFinder,acidic_region,tRNA,-0.0217998413674604,29.0,0.0141519106609391,-0.4823224585915528,18.0,6.0932251175194974e-05,-1.0,-1.0,True,False,False
signature,LCRFinder,acidic_region,unknown,0.1907300890230451,339.0,0.237194794122981,0.1684288405215729,128.0,6.0932251175194974e-05,1.0,1.0,True,False,False
signature,LCRFinder,arginine_rich_rna_contact_region,diverse,-0.4773939358363606,8.0,-0.5407519788405425,-0.5443205162238103,5.0,0.2629458820511953,-1.0,-1.0,True,False,False
signature,LCRFinder,arginine_rich_rna_contact_region,mRNA,0.2189674897206524,471.0,0.1988807309424477,0.1407153366385916,178.0,0.2629458820511953,1.0,1.0,True,False,False
signature,LCRFinder,arginine_rich_rna_contact_region,ncRNA,-0.3581383791789891,37.0,-0.5054990014701198,-0.1743709064735044,20.0,0.2629458820511953,-1.0,-1.0,True,False,False
signature,LCRFinder,arginine_rich_rna_contact_region,pre-rRNA,-0.2601632196156916,32.0,-0.3320327108421373,-0.0805887601528874,22.0,0.2629458820511953,-1.0,-1.0,True,False,False
signature,LCRFinder,arginine_rich_rna_contact_region,ribosomal protein,-0.0537123421482652,6.0,-0.1166273832715493,-0.5443205162238103,5.0,0.2629458820511953,-1.0,-1.0,True,False,False
signature,LCRFinder,arginine_rich_rna_contact_region,snRNA,0.2788629969386056,51.0,0.4396533251963617,0.2530503172611716,24.0,0.2629458820511953,1.0,1.0,True,False,False
signature,LCRFinder,arginine_rich_rna_contact_region,snoRNA,-1.5820913145030542,6.0,-2.30143787946197,-0.7469496827388284,6.0,0.2629458820511953,-1.0,-1.0,True,False,False
signature,LCRFinder,arginine_rich_rna_contact_region,tRNA,-0.0504446283143542,17.0,0.1073189742773582,-0.4459168121628157,13.0,0.2629458820511953,-1.0,-1.0,True,False,False
signature,LCRFinder,arginine_rich_rna_contact_region,unknown,-0.3957224101321288,135.0,-0.373888128351547,-0.0588936890535684,77.0,0.2629458820511953,-1.0,-1.0,True,False,False
signature,LCRFinder,aromatic_aggregation_prone_region,diverse,,0.0,,,0.0,0.4775884662527162,,,False,False,False
signature,LCRFinder,aromatic_aggregation_prone_region,mRNA,-0.0850765130576003,7.0,-0.3574637182118967,0.1161930175045228,7.0,0.4775884662527162,-1.0,1.0,False,True,False
signature,LCRFinder,aromatic_aggregation_prone_region,ncRNA,1.785555080690144,3.0,1.6717794899294862,1.732519689135014,3.0,0.4775884662527162,1.0,1.0,True,False,True
signature,LCRFinder,aromatic_aggregation_prone_region,pre-rRNA,,0.0,,,0.0,0.4775884662527162,,,False,False,False
signature,LCRFinder,aromatic_aggregation_prone_region,ribosomal protein,,0.0,,,0.0,0.4775884662527162,,,False,False,False
signature,LCRFinder,aromatic_aggregation_prone_region,snRNA,,0.0,,,0.0,0.4775884662527162,,,False,False,False
signature,LCRFinder,aromatic_aggregation_prone_region,snoRNA,,0.0,,,0.0,0.4775884662527162,,,False,False,False
signature,LCRFinder,aromatic_aggregation_prone_region,tRNA,,0.0,,,0.0,0.4775884662527162,,,False,False,False
signature,LCRFinder,aromatic_aggregation_prone_region,unknown,0.2956463175939665,4.0,0.8020457827201952,0.3181759600262548,4.0,0.4775884662527162,1.0,1.0,True,False,False
signature,LCRFinder,aromatic_sticker_region,diverse,0.3233582513969965,4.0,0.1938263892521811,-0.1246957474493147,3.0,0.0001211048773305,1.0,-1.0,False,True,False
signature,LCRFinder,aromatic_sticker_region,mRNA,0.2898835468459083,142.0,0.2552777703538291,0.4362821127281038,98.0,0.0001211048773305,1.0,1.0,True,False,False
signature,LCRFinder,aromatic_sticker_region,ncRNA,0.0405153644830224,14.0,0.2057030285332334,-0.0177805435328027,10.0,0.0001211048773305,1.0,-1.0,False,True,False
signature,LCRFinder,aromatic_sticker_region,pre-rRNA,,0.0,,,0.0,0.0001211048773305,,,False,False,False
signature,LCRFinder,aromatic_sticker_region,ribosomal protein,-0.8379226556360644,1.0,-1.2218254149288073,-1.709658248170471,1.0,0.0001211048773305,-1.0,-1.0,True,False,False
signature,LCRFinder,aromatic_sticker_region,snRNA,-1.2708820629121709,5.0,-1.0087494609786734,-0.8533937256319201,5.0,0.0001211048773305,-1.0,-1.0,True,False,False
signature,LCRFinder,aromatic_sticker_region,snoRNA,-1.3663016279908529,2.0,-1.813405794414472,-1.1753218205192826,2.0,0.0001211048773305,-1.0,-1.0,True,False,True
signature,LCRFinder,aromatic_sticker_region,tRNA,-0.7521927816101804,3.0,-0.4157565084437052,-1.989766167363206,2.0,0.0001211048773305,-1.0,-1.0,True,False,False
signature,LCRFinder,aromatic_sticker_region,unknown,-0.0868233192284463,48.0,-0.0906476968497844,0.0008351346345442,36.0,0.0001211048773305,-1.0,1.0,False,True,False
signature,LCRFinder,basic_enriched_region,diverse,-1.0181986502392983,4.0,-1.4824635173574137,-0.677132344649023,4.0,6.0932251175194974e-05,-1.0,-1.0,True,False,False
signature,LCRFinder,basic_enriched_region,mRNA,-0.6857206360110262,183.0,-0.6801998193040197,-0.3385469058080524,112.0,6.0932251175194974e-05,-1.0,-1.0,True,False,False
signature,LCRFinder,basic_enriched_region,ncRNA,-0.0640023398524233,33.0,-0.0014538582467703,-0.219719893648378,17.0,6.0932251175194974e-05,-1.0,-1.0,True,False,False
signature,LCRFinder,basic_enriched_region,pre-rRNA,1.221399879009825,65.0,1.3108879262225503,0.778378904616931,35.0,6.0932251175194974e-05,1.0,1.0,True,False,False
signature,LCRFinder,basic_enriched_region,ribosomal protein,2.212837865506401,21.0,2.237593964565997,0.4927926567932891,9.0,6.0932251175194974e-05,1.0,1.0,True,False,False
signature,LCRFinder,basic_enriched_region,snRNA,0.0198292509510475,31.0,0.1650053676155402,0.1791321778895271,20.0,6.0932251175194974e-05,1.0,1.0,True,False,False
signature,LCRFinder,basic_enriched_region,snoRNA,1.6140695652602144,40.0,1.283113709136665,0.7640946786106834,15.0,6.0932251175194974e-05,1.0,1.0,True,False,False
signature,LCRFinder,basic_enriched_region,tRNA,0.9062503167535246,24.0,1.1086408401596994,-0.1498853417841543,14.0,6.0932251175194974e-05,1.0,-1.0,False,True,False
signature,LCRFinder,basic_enriched_region,unknown,0.2534438191090037,154.0,0.2935089211844404,0.2032860395983042,81.0,6.0932251175194974e-05,1.0,1.0,True,False,False
signature,LCRFinder,cation_pi_rich_neighborhood,diverse,,0.0,,,0.0,0.8692702727052816,,,False,False,False
signature,LCRFinder,cation_pi_rich_neighborhood,mRNA,-0.0850765130576002,2.0,-1.0240399844867047,0.1161930175045225,2.0,0.8692702727052816,-1.0,1.0,False,True,False
signature,LCRFinder,cation_pi_rich_neighborhood,ncRNA,,0.0,,,0.0,0.8692702727052816,,,False,False,False
signature,LCRFinder,cation_pi_rich_neighborhood,pre-rRNA,,0.0,,,0.0,0.8692702727052816,,,False,False,False
signature,LCRFinder,cation_pi_rich_neighborhood,ribosomal protein,,0.0,,,0.0,0.8692702727052816,,,False,False,False
signature,LCRFinder,cation_pi_rich_neighborhood,snRNA,,0.0,,,0.0,0.8692702727052816,,,False,False,False
signature,LCRFinder,cation_pi_rich_neighborhood,snoRNA,,0.0,,,0.0,0.8692702727052816,,,False,False,False
signature,LCRFinder,cation_pi_rich_neighborhood,tRNA,3.437631777269837,1.0,4.7708751893866985,2.304854581528421,1.0,0.8692702727052816,1.0,1.0,True,False,True
signature,LCRFinder,cation_pi_rich_neighborhood,unknown,0.1030012396515707,1.0,-0.3732573984486838,0.1255308820838591,1.0,0.8692702727052816,1.0,1.0,True,False,False
signature,LCRFinder,disorder_rich_spacer_region,diverse,0.3563326447005832,39.0,0.4065577392893353,-0.1942096535657393,12.0,5.3540917810366555e-12,1.0,-1.0,False,True,False
signature,LCRFinder,disorder_rich_spacer_region,mRNA,0.1521512020091669,1230.0,0.1172967232563699,0.2196639125794682,354.0,5.3540917810366555e-12,1.0,1.0,True,False,False
signature,LCRFinder,disorder_rich_spacer_region,ncRNA,0.0681954581170958,136.0,0.2008026171559631,0.114339411520423,46.0,5.3540917810366555e-12,1.0,1.0,True,False,False
signature,LCRFinder,disorder_rich_spacer_region,pre-rRNA,-1.1572500062633588,47.0,-1.1430485065332572,-0.809087732191183,25.0,5.3540917810366555e-12,-1.0,-1.0,True,False,False
signature,LCRFinder,disorder_rich_spacer_region,ribosomal protein,-0.389910763053634,13.0,-0.248377483925987,-0.457244059399533,10.0,5.3540917810366555e-12,-1.0,-1.0,True,False,False
signature,LCRFinder,disorder_rich_spacer_region,snRNA,-0.2158813632785848,99.0,-0.3279140580386598,-0.2004416072772537,33.0,5.3540917810366555e-12,-1.0,-1.0,True,False,False
signature,LCRFinder,disorder_rich_spacer_region,snoRNA,-0.7607484584219426,29.0,-0.536137842731357,-0.922907631748345,10.0,5.3540917810366555e-12,-1.0,-1.0,True,False,False
signature,LCRFinder,disorder_rich_spacer_region,tRNA,-0.2320311032719145,41.0,-0.3536190749745836,-0.5998484548423336,22.0,5.3540917810366555e-12,-1.0,-1.0,True,False,False
signature,LCRFinder,disorder_rich_spacer_region,unknown,-0.1008464054620291,453.0,-0.0575902767088088,-0.0389314280878285,147.0,5.3540917810366555e-12,-1.0,-1.0,True,False,False
signature,LCRFinder,glutamine_rich_region,diverse,,0.0,,,0.0,0.8367766435700599,,,False,False,False
signature,LCRFinder,glutamine_rich_region,mRNA,0.2774935663271079,9.0,0.3324336222975306,0.478763096889231,9.0,0.8367766435700599,1.0,1.0,True,False,False
signature,LCRFinder,glutamine_rich_region,ncRNA,,0.0,,,0.0,0.8367766435700599,,,False,False,False
signature,LCRFinder,glutamine_rich_region,pre-rRNA,,0.0,,,0.0,0.8367766435700599,,,False,False,False
signature,LCRFinder,glutamine_rich_region,ribosomal protein,,0.0,,,0.0,0.8367766435700599,,,False,False,False
signature,LCRFinder,glutamine_rich_region,snRNA,0.3746219797440362,1.0,0.5585097053447428,0.3119440063147403,1.0,0.8367766435700599,1.0,1.0,True,False,False
signature,LCRFinder,glutamine_rich_region,snoRNA,,0.0,,,0.0,0.8367766435700599,,,False,False,False
signature,LCRFinder,glutamine_rich_region,tRNA,,0.0,,,0.0,0.8367766435700599,,,False,False,False
signature,LCRFinder,glutamine_rich_region,unknown,0.2956463175939665,4.0,0.0132109486333889,0.3181759600262548,4.0,0.8367766435700599,1.0,1.0,True,False,False
signature,LCRFinder,glycine_rich_region,diverse,,0.0,,,0.0,0.6521961809030099,,,False,False,False
signature,LCRFinder,glycine_rich_region,mRNA,0.9149234869423996,6.0,0.8649287031245514,1.116193017504523,6.0,0.6521961809030099,1.0,1.0,True,False,False
signature,LCRFinder,glycine_rich_region,ncRNA,,0.0,,,0.0,0.6521961809030099,,,False,False,False
signature,LCRFinder,glycine_rich_region,pre-rRNA,,0.0,,,0.0,0.6521961809030099,,,False,False,False
signature,LCRFinder,glycine_rich_region,ribosomal protein,,0.0,,,0.0,0.6521961809030099,,,False,False,False
signature,LCRFinder,glycine_rich_region,snRNA,,0.0,,,0.0,0.6521961809030099,,,False,False,False
signature,LCRFinder,glycine_rich_region,snoRNA,,0.0,,,0.0,0.6521961809030099,,,False,False,False
signature,LCRFinder,glycine_rich_region,tRNA,,0.0,,,0.0,0.6521961809030099,,,False,False,False
signature,LCRFinder,glycine_rich_region,unknown,,0.0,,,0.0,0.6521961809030099,,,False,False,False
signature,LCRFinder,gs_rich_neutral_region,diverse,0.3566783245970227,6.0,0.7644059138672086,-0.2479275134435855,3.0,0.0001656164170472,1.0,-1.0,False,True,False
signature,LCRFinder,gs_rich_neutral_region,mRNA,0.217850619899706,198.0,0.1517404922414711,0.3707658445901206,102.0,0.0001656164170472,1.0,1.0,True,False,False
signature,LCRFinder,gs_rich_neutral_region,ncRNA,-0.9965538902083492,10.0,-0.5853439534146957,-0.4629404044144358,8.0,0.0001656164170472,-1.0,-1.0,True,False,False
signature,LCRFinder,gs_rich_neutral_region,pre-rRNA,-2.426090959182308,3.0,-2.6112907399359946,-1.9216992811225968,3.0,0.0001656164170472,-1.0,-1.0,True,False,True
signature,LCRFinder,gs_rich_neutral_region,ribosomal protein,-0.3895650831571939,2.0,-0.5319469619414353,-1.8328900141647413,1.0,0.0001656164170472,-1.0,-1.0,True,False,False
signature,LCRFinder,gs_rich_neutral_region,snRNA,-1.1444525853206626,8.0,-1.439980093490568,-0.4911986644559493,7.0,0.0001656164170472,-1.0,-1.0,True,False,False
signature,LCRFinder,gs_rich_neutral_region,snoRNA,,0.0,,,0.0,0.0001656164170472,,,False,False,False
signature,LCRFinder,gs_rich_neutral_region,tRNA,-1.30383520913131,3.0,-1.2826895158633402,-2.1129979333574767,2.0,0.0001656164170472,-1.0,-1.0,True,False,True
signature,LCRFinder,gs_rich_neutral_region,unknown,0.2843663927279637,91.0,0.3823765183425697,0.1995314635276358,45.0,0.0001656164170472,1.0,1.0,True,False,False
signature,LCRFinder,hydrophobic_region,diverse,0.9688622940532032,14.0,1.3145652221253783,0.99538337192963,13.0,0.0027860353040443,1.0,1.0,True,False,False
signature,LCRFinder,hydrophobic_region,mRNA,-0.2735216024707105,215.0,-0.2813650689366571,-0.0653013726499266,138.0,0.0027860353040443,-1.0,-1.0,True,False,False
signature,LCRFinder,hydrophobic_region,ncRNA,0.3932376579113832,40.0,0.3676335487265401,0.3087494533135682,25.0,0.0027860353040443,1.0,1.0,True,False,False
signature,LCRFinder,hydrophobic_region,pre-rRNA,0.0225942779909929,25.0,0.1507924654817513,-0.57147319183287,14.0,0.0027860353040443,1.0,-1.0,False,True,False
signature,LCRFinder,hydrophobic_region,ribosomal protein,-1.9997735350374608,1.0,-1.703751084510225,-2.705056346211462,1.0,0.0027860353040443,-1.0,-1.0,True,False,True
signature,LCRFinder,hydrophobic_region,snRNA,0.2453389627990699,32.0,0.0942873701610647,-0.0007949171179616,18.0,0.0027860353040443,1.0,-1.0,False,True,False
signature,LCRFinder,hydrophobic_region,snoRNA,-0.5281525073922503,8.0,-0.8802939647170451,-0.5857574178391178,6.0,0.0027860353040443,-1.0,-1.0,True,False,False
signature,LCRFinder,hydrophobic_region,tRNA,0.8933112610460265,21.0,1.2101211115093922,0.0148357345958026,16.0,0.0027860353040443,1.0,1.0,True,False,False
signature,LCRFinder,hydrophobic_region,unknown,0.2324524911067724,134.0,0.2609654874300569,0.1930640397693243,82.0,0.0027860353040443,1.0,1.0,True,False,False
signature,LCRFinder,mixed_charge_polyampholyte,diverse,0.4257199690266741,1.0,0.3313681609916432,0.030373649043519,1.0,0.9358709092241246,1.0,1.0,True,False,False
signature,LCRFinder,mixed_charge_polyampholyte,mRNA,-0.1136456652543712,25.0,-0.2657749885200424,0.085166121883898,23.0,0.9358709092241246,-1.0,1.0,False,True,False
signature,LCRFinder,mixed_charge_polyampholyte,ncRNA,0.6574502549424583,5.0,1.3460598158797494,0.4003232587938246,4.0,0.9358709092241246,1.0,1.0,True,False,False
signature,LCRFinder,mixed_charge_polyampholyte,pre-rRNA,-0.3570493147526565,2.0,-0.5082755925713506,-0.6433981186354933,2.0,0.9358709092241246,-1.0,-1.0,True,False,False
signature,LCRFinder,mixed_charge_polyampholyte,ribosomal protein,,0.0,,,0.0,0.9358709092241246,,,False,False,False
signature,LCRFinder,mixed_charge_polyampholyte,snRNA,0.0945140605513011,3.0,0.4715539090653166,0.149672577415863,3.0,0.9358709092241246,1.0,1.0,True,False,False
signature,LCRFinder,mixed_charge_polyampholyte,snoRNA,-0.2639399103611752,1.0,-0.827867116120059,-0.4352899233052932,1.0,0.9358709092241246,-1.0,-1.0,True,False,False
signature,LCRFinder,mixed_charge_polyampholyte,tRNA,-0.2347935647016588,1.0,-0.3813082296683464,-1.2497342701492165,1.0,0.9358709092241246,-1.0,-1.0,True,False,False
signature,LCRFinder,mixed_charge_polyampholyte,unknown,0.1310156158211671,13.0,0.0852221935487773,0.1559045311273777,12.0,0.9358709092241246,1.0,1.0,True,False,False
signature,LCRFinder,polar_linker,diverse,0.4116447838149513,2.0,0.56694755094235,0.3370349872775708,2.0,0.0430350316646039,1.0,1.0,True,False,False
signature,LCRFinder,polar_linker,mRNA,0.3577059767041476,70.0,0.4481067941675246,0.5121216938356619,50.0,0.0430350316646039,1.0,1.0,True,False,False
signature,LCRFinder,polar_linker,ncRNA,-0.3566249302692644,5.0,-0.8182914010581791,-0.2930154029721236,4.0,0.0430350316646039,-1.0,-1.0,True,False,False
signature,LCRFinder,polar_linker,pre-rRNA,-2.37112449996438,1.0,-3.179586798229162,-2.3367367804014414,1.0,0.0430350316646039,-1.0,-1.0,True,False,True
signature,LCRFinder,polar_linker,ribosomal protein,,0.0,,,0.0,0.0430350316646039,,,False,False,False
signature,LCRFinder,polar_linker,snRNA,-1.504523625381578,2.0,-2.5689911062582143,-1.128628585071241,2.0,0.0430350316646039,-1.0,-1.0,True,False,True
signature,LCRFinder,polar_linker,snoRNA,-1.2780150955728982,1.0,-2.499178321777871,-1.128628585071241,1.0,0.0430350316646039,-1.0,-1.0,True,False,True
signature,LCRFinder,polar_linker,tRNA,-1.2488687499133817,1.0,-2.052619435326158,-1.9430729319151645,1.0,0.0430350316646039,-1.0,-1.0,True,False,True
signature,LCRFinder,polar_linker,unknown,-0.1911818647528873,21.0,-0.3373085899554825,-0.2155060357512081,15.0,0.0430350316646039,-1.0,-1.0,True,False,False
signature,LCRFinder,proline_rich_disordered_region,diverse,0.2907903889405656,1.0,0.2031890900729105,0.030373649043519,1.0,0.7082315356139404,1.0,1.0,True,False,False
signature,LCRFinder,proline_rich_disordered_region,mRNA,-0.1919917169741122,26.0,-0.1815457266749492,0.085166121883898,23.0,0.7082315356139404,-1.0,1.0,False,True,False
signature,LCRFinder,proline_rich_disordered_region,ncRNA,-0.7994074200310124,2.0,-0.2645120221195916,-0.5996767412061754,2.0,0.7082315356139404,-1.0,-1.0,True,False,False
signature,LCRFinder,proline_rich_disordered_region,pre-rRNA,,0.0,,,0.0,0.7082315356139404,,,False,False,False
signature,LCRFinder,proline_rich_disordered_region,ribosomal protein,,0.0,,,0.0,0.7082315356139404,,,False,False,False
signature,LCRFinder,proline_rich_disordered_region,snRNA,0.9595844804651924,6.0,1.1757748896505151,0.5647100766947069,4.0,0.7082315356139404,1.0,1.0,True,False,False
signature,LCRFinder,proline_rich_disordered_region,snoRNA,-0.3988694904472837,1.0,-1.277974281926154,-0.4352899233052932,1.0,0.7082315356139404,-1.0,-1.0,True,False,False
signature,LCRFinder,proline_rich_disordered_region,tRNA,1.215239355933389,3.0,0.7535471052467145,0.3352282305719396,3.0,0.7082315356139404,1.0,1.0,True,False,False
signature,LCRFinder,proline_rich_disordered_region,unknown,0.3831091588443061,17.0,0.3141997058283883,0.2713817485473135,13.0,0.7082315356139404,1.0,1.0,True,False,False
signature,LCRFinder,rg_rgg_repeat_region,diverse,,0.0,,,0.0,0.004167767989698,,,False,False,False
signature,LCRFinder,rg_rgg_repeat_region,mRNA,0.3048700052584131,57.0,0.0657849303861873,0.580140117264313,40.0,0.004167767989698,1.0,1.0,True,False,False
signature,LCRFinder,rg_rgg_repeat_region,ncRNA,,0.0,,,0.0,0.004167767989698,,,False,False,False
signature,LCRFinder,rg_rgg_repeat_region,pre-rRNA,,0.0,,,0.0,0.004167767989698,,,False,False,False
signature,LCRFinder,rg_rgg_repeat_region,ribosomal protein,0.4939209081163808,1.0,0.814112158253718,-0.2730184944064158,1.0,0.004167767989698,1.0,-1.0,False,True,False
signature,LCRFinder,rg_rgg_repeat_region,snRNA,-0.2609665940470878,4.0,-0.1335851908689305,-0.1537195660340716,3.0,0.004167767989698,-1.0,-1.0,True,False,False
signature,LCRFinder,rg_rgg_repeat_region,snoRNA,1.2874700306489544,5.0,1.8074942794892104,1.261317933244772,4.0,0.004167767989698,1.0,1.0,True,False,True
signature,LCRFinder,rg_rgg_repeat_region,tRNA,,0.0,,,0.0,0.004167767989698,,,False,False,False
signature,LCRFinder,rg_rgg_repeat_region,unknown,-0.0180141613097952,20.0,0.2448501581916486,-0.4105220181563507,10.0,0.004167767989698,-1.0,-1.0,True,False,False
signature,LCRFinder,serine_rich_region,diverse,1.794364562821067,4.0,1.9643540162212028,-0.369233809665719,1.0,0.2365602306904462,1.0,-1.0,False,True,False
signature,LCRFinder,serine_rich_region,mRNA,-0.0313052566166196,41.0,-0.0733617246764645,0.1619967071176477,32.0,0.2365602306904462,-1.0,1.0,False,True,False
signature,LCRFinder,serine_rich_region,ncRNA,1.289129254570645,12.0,1.0979004883373462,1.170640801526899,9.0,0.2365602306904462,1.0,1.0,True,False,True
signature,LCRFinder,serine_rich_region,pre-rRNA,-0.4034422202371079,3.0,-0.5382547500642203,-0.458043076623575,3.0,0.2365602306904462,-1.0,-1.0,True,False,False
signature,LCRFinder,serine_rich_region,ribosomal protein,,0.0,,,0.0,0.2365602306904462,,,False,False,False
signature,LCRFinder,serine_rich_region,snRNA,-0.5368413456543061,3.0,-0.7052666367568243,-0.2499348812933748,3.0,0.2365602306904462,-1.0,-1.0,True,False,False
signature,LCRFinder,serine_rich_region,snoRNA,,0.0,,,0.0,0.2365602306904462,,,False,False,False
signature,LCRFinder,serine_rich_region,tRNA,0.1338510290927337,2.0,0.0037501121176274,-0.6493417288584543,2.0,0.2365602306904462,1.0,-1.0,False,True,False
signature,LCRFinder,serine_rich_region,unknown,-0.3934245864679281,14.0,-0.02817297213173,-0.2437029275818602,12.0,0.2365602306904462,-1.0,-1.0,True,False,False
signature,LCRFinder,sr_rs_repeat_region,diverse,,0.0,,,0.0,5.079512476541768e-08,,,False,False,False
signature,LCRFinder,sr_rs_repeat_region,mRNA,0.586300739481029,129.0,0.549426877396622,0.7751560996694558,60.0,5.079512476541768e-08,1.0,1.0,True,False,False
signature,LCRFinder,sr_rs_repeat_region,ncRNA,,0.0,,,0.0,5.079512476541768e-08,,,False,False,False
signature,LCRFinder,sr_rs_repeat_region,pre-rRNA,-3.024473975665786,1.0,-2.883339176381174,-2.3367367804014414,1.0,5.079512476541768e-08,-1.0,-1.0,True,False,True
signature,LCRFinder,sr_rs_repeat_region,ribosomal protein,,0.0,,,0.0,5.079512476541768e-08,,,False,False,False
signature,LCRFinder,sr_rs_repeat_region,snRNA,1.301558517554313,22.0,1.3086786586056816,1.1932995098161214,10.0,5.079512476541768e-08,1.0,1.0,True,False,True
signature,LCRFinder,sr_rs_repeat_region,snoRNA,,0.0,,,0.0,5.079512476541768e-08,,,False,False,False
signature,LCRFinder,sr_rs_repeat_region,tRNA,,0.0,,,0.0,5.079512476541768e-08,,,False,False,False
signature,LCRFinder,sr_rs_repeat_region,unknown,-1.914920668345692,10.0,-2.290795238256711,-1.8004685364723645,5.0,5.079512476541768e-08,-1.0,-1.0,True,False,True
signature,LCRFinder,unmapped_physicochemical_properties,diverse,-0.2941721117805905,1.0,-0.4898760179576212,-0.523561956057013,1.0,0.6852362786490016,-1.0,-1.0,True,False,False
signature,LCRFinder,unmapped_physicochemical_properties,mRNA,0.0461680202206521,46.0,0.1593364972178564,0.2555960741699392,38.0,0.6852362786490016,1.0,1.0,True,False,False
signature,LCRFinder,unmapped_physicochemical_properties,ncRNA,-0.7994074200310124,3.0,-1.1381493757919443,-0.5686498455855508,3.0,0.6852362786490016,-1.0,-1.0,True,False,False
signature,LCRFinder,unmapped_physicochemical_properties,pre-rRNA,-0.0769413955599214,4.0,-0.259130443629217,-0.1973337237360249,4.0,0.6852362786490016,-1.0,-1.0,True,False,False
signature,LCRFinder,unmapped_physicochemical_properties,ribosomal protein,,0.0,,,0.0,0.6852362786490016,,,False,False,False
signature,LCRFinder,unmapped_physicochemical_properties,snRNA,-0.6253780202559637,3.0,-0.5172902183800167,-0.4042630276846685,3.0,0.6852362786490016,-1.0,-1.0,True,False,False
signature,LCRFinder,unmapped_physicochemical_properties,snoRNA,-0.98383199116844,1.0,-1.971039389956686,-0.9892255284058248,1.0,0.6852362786490016,-1.0,-1.0,True,False,False
signature,LCRFinder,unmapped_physicochemical_properties,tRNA,-0.9546856455089234,1.0,-1.524480503504973,-1.803669875249748,1.0,0.6852362786490016,-1.0,-1.0,True,False,False
signature,LCRFinder,unmapped_physicochemical_properties,unknown,0.3545400066475353,25.0,0.231188079481843,0.1869314267480023,18.0,0.6852362786490016,1.0,1.0,True,False,False
signature,SEG,acidic_region,diverse,,0.0,,,0.0,3.930364527207149e-08,,,False,False,False
signature,SEG,acidic_region,mRNA,-1.005338284944929,29.0,-1.023776966454108,-0.7089512179966095,26.0,3.930364527207149e-08,-1.0,-1.0,True,False,False
signature,SEG,acidic_region,ncRNA,0.5360529002402099,10.0,0.7082017916056068,0.5145731728297582,5.0,3.930364527207149e-08,1.0,1.0,True,False,False
signature,SEG,acidic_region,pre-rRNA,2.149584553158137,18.0,2.2383781255091475,1.893084796083488,13.0,3.930364527207149e-08,1.0,1.0,True,False,True
signature,SEG,acidic_region,ribosomal protein,0.3015876466031867,1.0,0.1746834501917576,0.0,1.0,3.930364527207149e-08,1.0,0.0,False,False,False
signature,SEG,acidic_region,snRNA,-1.3988520715379054,2.0,-1.61337091590691,-1.2479275134435857,2.0,3.930364527207149e-08,-1.0,-1.0,True,False,True
signature,SEG,acidic_region,snoRNA,1.368701842461724,11.0,1.1116508134679377,1.2630344058337937,6.0,3.930364527207149e-08,1.0,1.0,True,False,True
signature,SEG,acidic_region,tRNA,0.7166251458820306,2.0,0.6459210882410668,1.4150374992788437,2.0,3.930364527207149e-08,1.0,1.0,True,False,False
signature,SEG,acidic_region,unknown,0.5173163376586238,27.0,0.5866424244104719,0.3410369178350669,19.0,3.930364527207149e-08,1.0,1.0,True,False,False
signature,SEG,arginine_rich_rna_contact_region,diverse,,0.0,,,0.0,0.9994072659380346,,,False,False,False
signature,SEG,arginine_rich_rna_contact_region,mRNA,0.3330779327310024,11.0,0.4129068309158636,0.2695477127924684,9.0,0.9994072659380346,1.0,1.0,True,False,False
signature,SEG,arginine_rich_rna_contact_region,ncRNA,-0.0489096004809465,1.0,-0.6165633573161485,0.7016587254302533,1.0,0.9994072659380346,-1.0,1.0,False,True,False
signature,SEG,arginine_rich_rna_contact_region,pre-rRNA,,0.0,,,0.0,0.9994072659380346,,,False,False,False
signature,SEG,arginine_rich_rna_contact_region,ribosomal protein,,0.0,,,0.0,0.9994072659380346,,,False,False,False
signature,SEG,arginine_rich_rna_contact_region,snRNA,1.338113522628301,2.0,1.0150256847100827,1.261086134044272,2.0,0.9994072659380346,1.0,1.0,True,False,True
signature,SEG,arginine_rich_rna_contact_region,snoRNA,,0.0,,,0.0,0.9994072659380346,,,False,False,False
signature,SEG,arginine_rich_rna_contact_region,tRNA,,0.0,,,0.0,0.9994072659380346,,,False,False,False
signature,SEG,arginine_rich_rna_contact_region,unknown,-1.5006055703386385,1.0,-1.4154947047887474,-1.397876948120661,1.0,0.9994072659380346,-1.0,-1.0,True,False,True
signature,SEG,aromatic_aggregation_prone_region,diverse,,0.0,,,0.0,0.9994072659380346,,,False,False,False
signature,SEG,aromatic_aggregation_prone_region,mRNA,0.7805369097022237,1.0,0.7636233492278508,0.8000624294912481,1.0,0.9994072659380346,1.0,1.0,True,False,False
signature,SEG,aromatic_aggregation_prone_region,ncRNA,,0.0,,,0.0,0.9994072659380346,,,False,False,False
signature,SEG,aromatic_aggregation_prone_region,pre-rRNA,,0.0,,,0.0,0.9994072659380346,,,False,False,False
signature,SEG,aromatic_aggregation_prone_region,ribosomal protein,,0.0,,,0.0,0.9994072659380346,,,False,False,False
signature,SEG,aromatic_aggregation_prone_region,snRNA,,0.0,,,0.0,0.9994072659380346,,,False,False,False
signature,SEG,aromatic_aggregation_prone_region,snoRNA,,0.0,,,0.0,0.9994072659380346,,,False,False,False
signature,SEG,aromatic_aggregation_prone_region,tRNA,,0.0,,,0.0,0.9994072659380346,,,False,False,False
signature,SEG,aromatic_aggregation_prone_region,unknown,,0.0,,,0.0,0.9994072659380346,,,False,False,False
signature,SEG,aromatic_sticker_region,diverse,,0.0,,,0.0,0.8755873352147276,,,False,False,False
signature,SEG,aromatic_sticker_region,mRNA,0.2500221930034441,18.0,0.2920622453657841,0.2150999287700916,16.0,0.8755873352147276,1.0,1.0,True,False,False
signature,SEG,aromatic_sticker_region,ncRNA,0.15754127698648,2.0,-0.130387661693645,0.8171359428501896,2.0,0.8755873352147276,1.0,1.0,True,False,False
signature,SEG,aromatic_sticker_region,pre-rRNA,,0.0,,,0.0,0.8755873352147276,,,False,False,False
signature,SEG,aromatic_sticker_region,ribosomal protein,,0.0,,,0.0,0.8755873352147276,,,False,False,False
signature,SEG,aromatic_sticker_region,snRNA,-0.4554355999042728,1.0,-0.8669978684850057,-0.6234366485357918,1.0,0.8755873352147276,-1.0,-1.0,True,False,False
signature,SEG,aromatic_sticker_region,snoRNA,-0.1473133045419407,1.0,-0.3771926008041898,0.3025627700204311,1.0,0.8755873352147276,-1.0,1.0,False,True,False
signature,SEG,aromatic_sticker_region,tRNA,1.6600416175156631,1.0,1.5391355239922424,2.039528364186637,1.0,0.8755873352147276,1.0,1.0,True,False,True
signature,SEG,aromatic_sticker_region,unknown,-0.7091921921500557,3.0,-0.817044223784652,-0.6974372299795687,3.0,0.8755873352147276,-1.0,-1.0,True,False,False
signature,SEG,basic_enriched_region,diverse,,0.0,,,0.0,0.8755873352147276,,,False,False,False
signature,SEG,basic_enriched_region,mRNA,-0.4995710094905114,7.0,-0.5524835069307908,-0.3925826484511479,7.0,0.8755873352147276,-1.0,-1.0,True,False,False
signature,SEG,basic_enriched_region,ncRNA,-0.2294818461227671,1.0,-0.8894306337526245,0.4020984435713456,1.0,0.8755873352147276,-1.0,1.0,False,True,False
signature,SEG,basic_enriched_region,pre-rRNA,0.5360529002402097,1.0,1.1948262171986233,0.4020984435713456,1.0,0.8755873352147276,1.0,1.0,True,False,False
signature,SEG,basic_enriched_region,ribosomal protein,,0.0,,,0.0,0.8755873352147276,,,False,False,False
signature,SEG,basic_enriched_region,snRNA,1.7425037777076362,3.0,1.883514257519148,0.9615258521853643,2.0,0.8755873352147276,1.0,1.0,True,False,False
signature,SEG,basic_enriched_region,snoRNA,,0.0,,,0.0,0.8755873352147276,,,False,False,False
signature,SEG,basic_enriched_region,tRNA,2.273018494406416,1.0,2.07653304224796,2.6244908649077936,1.0,0.8755873352147276,1.0,1.0,True,False,True
signature,SEG,basic_enriched_region,unknown,0.3188221840195407,4.0,0.291592076573018,0.3025627700204311,4.0,0.8755873352147276,1.0,1.0,True,False,False
signature,SEG,cation_pi_rich_neighborhood,diverse,,0.0,,,0.0,0.0019950915418094,,,False,False,False
signature,SEG,cation_pi_rich_neighborhood,mRNA,-0.2194630902977764,2.0,-0.6130972184998909,-0.1999375705087519,2.0,0.0019950915418094,-1.0,-1.0,True,False,False
signature,SEG,cation_pi_rich_neighborhood,ncRNA,,0.0,,,0.0,0.0019950915418094,,,False,False,False
signature,SEG,cation_pi_rich_neighborhood,pre-rRNA,,0.0,,,0.0,0.0019950915418094,,,False,False,False
signature,SEG,cation_pi_rich_neighborhood,ribosomal protein,,0.0,,,0.0,0.0019950915418094,,,False,False,False
signature,SEG,cation_pi_rich_neighborhood,snRNA,,0.0,,,0.0,0.0019950915418094,,,False,False,False
signature,SEG,cation_pi_rich_neighborhood,snoRNA,2.553126413599151,1.0,2.459622262184438,2.8875252707415875,1.0,0.0019950915418094,1.0,1.0,True,False,True
signature,SEG,cation_pi_rich_neighborhood,tRNA,4.360481335656756,1.0,4.387806744670657,4.624490864907793,1.0,0.0019950915418094,1.0,1.0,True,False,True
signature,SEG,cation_pi_rich_neighborhood,unknown,,0.0,,,0.0,0.0019950915418094,,,False,False,False
signature,SEG,disorder_rich_spacer_region,diverse,1.5878918317598278,2.0,1.6642282549745764,1.2094533656289497,2.0,0.0174006566852144,1.0,1.0,True,False,True
signature,SEG,disorder_rich_spacer_region,mRNA,0.1094854322673585,103.0,0.0908166169248564,0.1576144341093317,82.0,0.0174006566852144,1.0,1.0,True,False,False
signature,SEG,disorder_rich_spacer_region,ncRNA,0.3077839125670925,14.0,0.5106449915567797,-0.0129390557074982,6.0,0.0174006566852144,1.0,-1.0,False,True,False
signature,SEG,disorder_rich_spacer_region,pre-rRNA,,0.0,,,0.0,0.0174006566852144,,,False,False,False
signature,SEG,disorder_rich_spacer_region,ribosomal protein,0.587891831759828,2.0,0.6973951189097757,0.2094533656289497,2.0,0.0174006566852144,1.0,1.0,True,False,False
signature,SEG,disorder_rich_spacer_region,snRNA,-0.7906197914939023,5.0,-1.042296225627493,-0.7165460529272735,5.0,0.0174006566852144,-1.0,-1.0,True,False,False
signature,SEG,disorder_rich_spacer_region,snoRNA,-1.8044255910189329,2.0,-1.92073424574658,-1.1124747292584127,2.0,0.0174006566852144,-1.0,-1.0,True,False,True
signature,SEG,disorder_rich_spacer_region,tRNA,,0.0,,,0.0,0.0174006566852144,,,False,False,False
signature,SEG,disorder_rich_spacer_region,unknown,0.2186580220941087,36.0,0.2731288103524879,0.1605437651480033,29.0,0.0174006566852144,1.0,1.0,True,False,False
signature,SEG,glutamine_rich_region,diverse,,0.0,,,0.0,0.9994072659380346,,,False,False,False
signature,SEG,glutamine_rich_region,mRNA,0.7805369097022237,1.0,0.7636233492278508,0.8000624294912481,1.0,0.9994072659380346,1.0,1.0,True,False,False
signature,SEG,glutamine_rich_region,ncRNA,,0.0,,,0.0,0.9994072659380346,,,False,False,False
signature,SEG,glutamine_rich_region,pre-rRNA,,0.0,,,0.0,0.9994072659380346,,,False,False,False
signature,SEG,glutamine_rich_region,ribosomal protein,,0.0,,,0.0,0.9994072659380346,,,False,False,False
signature,SEG,glutamine_rich_region,snRNA,,0.0,,,0.0,0.9994072659380346,,,False,False,False
signature,SEG,glutamine_rich_region,snoRNA,,0.0,,,0.0,0.9994072659380346,,,False,False,False
signature,SEG,glutamine_rich_region,tRNA,,0.0,,,0.0,0.9994072659380346,,,False,False,False
signature,SEG,glutamine_rich_region,unknown,,0.0,,,0.0,0.9994072659380346,,,False,False,False
signature,SEG,gs_rich_neutral_region,diverse,,0.0,,,0.0,0.8755873352147276,,,False,False,False
signature,SEG,gs_rich_neutral_region,mRNA,0.1175718969797946,24.0,0.0184731223609633,0.1923798522700082,21.0,0.8755873352147276,1.0,1.0,True,False,False
signature,SEG,gs_rich_neutral_region,ncRNA,0.9319815765713492,5.0,1.090179253050359,0.9870609442925016,3.0,0.8755873352147276,1.0,1.0,True,False,False
signature,SEG,gs_rich_neutral_region,pre-rRNA,,0.0,,,0.0,0.8755873352147276,,,False,False,False
signature,SEG,gs_rich_neutral_region,ribosomal protein,,0.0,,,0.0,0.8755873352147276,,,False,False,False
signature,SEG,gs_rich_neutral_region,snRNA,-1.0029233952067662,1.0,-1.3848033691214536,-1.0384741478146358,1.0,0.8755873352147276,-1.0,-1.0,True,False,True
signature,SEG,gs_rich_neutral_region,snoRNA,,0.0,,,0.0,0.8755873352147276,,,False,False,False
signature,SEG,gs_rich_neutral_region,tRNA,,0.0,,,0.0,0.8755873352147276,,,False,False,False
signature,SEG,gs_rich_neutral_region,unknown,0.1583575118262947,8.0,0.3976699647139145,0.1099176920780352,7.0,0.8755873352147276,1.0,1.0,True,False,False
signature,SEG,hydrophobic_region,diverse,,0.0,,,0.0,0.9994072659380346,,,False,False,False
signature,SEG,hydrophobic_region,mRNA,-0.8044255910189325,1.0,-0.7698088508532234,-0.7849000712299083,1.0,0.9994072659380346,-1.0,-1.0,True,False,False
signature,SEG,hydrophobic_region,ncRNA,,0.0,,,0.0,0.9994072659380346,,,False,False,False
signature,SEG,hydrophobic_region,pre-rRNA,,0.0,,,0.0,0.9994072659380346,,,False,False,False
signature,SEG,hydrophobic_region,ribosomal protein,,0.0,,,0.0,0.9994072659380346,,,False,False,False
signature,SEG,hydrophobic_region,snRNA,,0.0,,,0.0,0.9994072659380346,,,False,False,False
signature,SEG,hydrophobic_region,snoRNA,,0.0,,,0.0,0.9994072659380346,,,False,False,False
signature,SEG,hydrophobic_region,tRNA,,0.0,,,0.0,0.9994072659380346,,,False,False,False
signature,SEG,hydrophobic_region,unknown,1.821322524548724,2.0,1.8755827382268493,1.7176002692992751,2.0,0.9994072659380346,1.0,1.0,True,False,True
signature,SEG,polar_linker,diverse,,0.0,,,0.0,0.9994072659380346,,,False,False,False
signature,SEG,polar_linker,mRNA,0.143106989086932,9.0,-0.0929079438441684,0.1626325088759563,9.0,0.9994072659380346,1.0,1.0,True,False,False
signature,SEG,polar_linker,ncRNA,,0.0,,,0.0,0.9994072659380346,,,False,False,False
signature,SEG,polar_linker,pre-rRNA,0.816160819432945,1.0,0.6923050818146109,0.5947435215137414,1.0,0.9994072659380346,1.0,1.0,True,False,False
signature,SEG,polar_linker,ribosomal protein,,0.0,,,0.0,0.9994072659380346,,,False,False,False
signature,SEG,polar_linker,snRNA,,0.0,,,0.0,0.9994072659380346,,,False,False,False
signature,SEG,polar_linker,snoRNA,,0.0,,,0.0,0.9994072659380346,,,False,False,False
signature,SEG,polar_linker,tRNA,,0.0,,,0.0,0.9994072659380346,,,False,False,False
signature,SEG,polar_linker,unknown,0.598930103212276,4.0,1.1238947200688936,0.4952078479628272,4.0,0.9994072659380346,1.0,1.0,True,False,False
signature,SEG,proline_rich_disordered_region,diverse,,0.0,,,0.0,0.1002752125948088,,,False,False,False
signature,SEG,proline_rich_disordered_region,mRNA,,0.0,,,0.0,0.1002752125948088,,,False,False,False
signature,SEG,proline_rich_disordered_region,ncRNA,2.8579809951275723,1.0,2.640550443198665,3.402098443571345,1.0,0.1002752125948088,1.0,1.0,True,False,True
signature,SEG,proline_rich_disordered_region,pre-rRNA,,0.0,,,0.0,0.1002752125948088,,,False,False,False
signature,SEG,proline_rich_disordered_region,ribosomal protein,,0.0,,,0.0,0.1002752125948088,,,False,False,False
signature,SEG,proline_rich_disordered_region,snRNA,3.24500411823682,1.0,3.4635360169700338,2.9615258521853645,1.0,0.1002752125948088,1.0,1.0,True,False,True
signature,SEG,proline_rich_disordered_region,snoRNA,,0.0,,,0.0,0.1002752125948088,,,False,False,False
signature,SEG,proline_rich_disordered_region,tRNA,,0.0,,,0.0,0.1002752125948088,,,False,False,False
signature,SEG,proline_rich_disordered_region,unknown,,0.0,,,0.0,0.1002752125948088,,,False,False,False
signature,SEG,rg_rgg_repeat_region,diverse,,0.0,,,0.0,0.1342155977814595,,,False,False,False
signature,SEG,rg_rgg_repeat_region,mRNA,0.0759927932283949,27.0,-0.151411983377006,0.0479899429348333,19.0,0.1342155977814595,1.0,1.0,True,False,False
signature,SEG,rg_rgg_repeat_region,ncRNA,,0.0,,,0.0,0.1342155977814595,,,False,False,False
signature,SEG,rg_rgg_repeat_region,pre-rRNA,,0.0,,,0.0,0.1342155977814595,,,False,False,False
signature,SEG,rg_rgg_repeat_region,ribosomal protein,1.4860122177406143,1.0,1.5750606427644696,1.2094533656289497,1.0,0.1342155977814595,1.0,1.0,True,False,True
signature,SEG,rg_rgg_repeat_region,snRNA,-0.2144275004004777,2.0,0.5239718708320078,-0.0384741478146356,2.0,0.1342155977814595,-1.0,-1.0,True,False,False
signature,SEG,rg_rgg_repeat_region,snoRNA,1.67865729568301,6.0,2.0841664664042217,1.8875252707415875,4.0,0.1342155977814595,1.0,1.0,True,False,True
signature,SEG,rg_rgg_repeat_region,tRNA,0.901049717019458,1.0,0.408868360198487,1.6244908649077934,1.0,0.1342155977814595,1.0,1.0,True,False,False
signature,SEG,rg_rgg_repeat_region,unknown,-0.2457916713098129,7.0,-0.2875624356567871,-0.3755091350922065,5.0,0.1342155977814595,-1.0,-1.0,True,False,False
signature,SEG,serine_rich_region,diverse,,0.0,,,0.0,0.9994072659380346,,,False,False,False
signature,SEG,serine_rich_region,mRNA,0.7805369097022237,1.0,0.7636233492278508,0.8000624294912481,1.0,0.9994072659380346,1.0,1.0,True,False,False
signature,SEG,serine_rich_region,ncRNA,,0.0,,,0.0,0.9994072659380346,,,False,False,False
signature,SEG,serine_rich_region,pre-rRNA,,0.0,,,0.0,0.9994072659380346,,,False,False,False
signature,SEG,serine_rich_region,ribosomal protein,,0.0,,,0.0,0.9994072659380346,,,False,False,False
signature,SEG,serine_rich_region,snRNA,,0.0,,,0.0,0.9994072659380346,,,False,False,False
signature,SEG,serine_rich_region,snoRNA,,0.0,,,0.0,0.9994072659380346,,,False,False,False
signature,SEG,serine_rich_region,tRNA,,0.0,,,0.0,0.9994072659380346,,,False,False,False
signature,SEG,serine_rich_region,unknown,,0.0,,,0.0,0.9994072659380346,,,False,False,False
signature,SEG,sr_rs_repeat_region,diverse,,0.0,,,0.0,0.0034214737552541,,,False,False,False
signature,SEG,sr_rs_repeat_region,mRNA,0.5326093962586382,48.0,0.5597361242180355,0.559054329987453,33.0,0.0034214737552541,1.0,1.0,True,False,False
signature,SEG,sr_rs_repeat_region,ncRNA,,0.0,,,0.0,0.0034214737552541,,,False,False,False
signature,SEG,sr_rs_repeat_region,pre-rRNA,,0.0,,,0.0,0.0034214737552541,,,False,False,False
signature,SEG,sr_rs_repeat_region,ribosomal protein,,0.0,,,0.0,0.0034214737552541,,,False,False,False
signature,SEG,sr_rs_repeat_region,snRNA,1.58203910551439,9.0,1.3658403088356394,1.261086134044272,6.0,0.0034214737552541,1.0,1.0,True,False,True
signature,SEG,sr_rs_repeat_region,snoRNA,,0.0,,,0.0,0.0034214737552541,,,False,False,False
signature,SEG,sr_rs_repeat_region,tRNA,,0.0,,,0.0,0.0034214737552541,,,False,False,False
signature,SEG,sr_rs_repeat_region,unknown,,0.0,,,0.0,0.0034214737552541,,,False,False,False
signature,SEG,unmapped_physicochemical_properties,diverse,,0.0,,,0.0,0.9994072659380346,,,False,False,False
signature,SEG,unmapped_physicochemical_properties,mRNA,0.51750250386843,5.0,0.622962942290733,0.5370280236574542,5.0,0.9994072659380346,1.0,1.0,True,False,False
signature,SEG,unmapped_physicochemical_properties,ncRNA,,0.0,,,0.0,0.9994072659380346,,,False,False,False
signature,SEG,unmapped_physicochemical_properties,pre-rRNA,,0.0,,,0.0,0.9994072659380346,,,False,False,False
signature,SEG,unmapped_physicochemical_properties,ribosomal protein,,0.0,,,0.0,0.9994072659380346,,,False,False,False
signature,SEG,unmapped_physicochemical_properties,snRNA,,0.0,,,0.0,0.9994072659380346,,,False,False,False
signature,SEG,unmapped_physicochemical_properties,snoRNA,,0.0,,,0.0,0.9994072659380346,,,False,False,False
signature,SEG,unmapped_physicochemical_properties,tRNA,,0.0,,,0.0,0.9994072659380346,,,False,False,False
signature,SEG,unmapped_physicochemical_properties,unknown,-0.1786774754512761,1.0,-0.9412195467245064,-0.282399730700725,1.0,0.9994072659380346,-1.0,-1.0,True,False,False
signature,SEG_intermediate,acidic_region,diverse,,0.0,,,0.0,1.7948187938247558e-12,,,False,False,False
signature,SEG_intermediate,acidic_region,mRNA,-0.7579564638273206,81.0,-0.7834402133804984,-0.5825662455606668,62.0,1.7948187938247558e-12,-1.0,-1.0,True,False,False
signature,SEG_intermediate,acidic_region,ncRNA,0.6758344597279434,21.0,1.0461559365736115,0.5665252524644797,15.0,1.7948187938247558e-12,1.0,1.0,True,False,False
signature,SEG_intermediate,acidic_region,pre-rRNA,1.991503564143624,50.0,2.295996944013845,1.4510480350445438,30.0,1.7948187938247558e-12,1.0,1.0,True,False,True
signature,SEG_intermediate,acidic_region,ribosomal protein,-0.7778835077149602,2.0,-0.7062083277249013,-1.1704403417017264,2.0,1.7948187938247558e-12,-1.0,-1.0,True,False,False
signature,SEG_intermediate,acidic_region,snRNA,-0.7048200455252367,9.0,-0.8234335725239024,-0.2859175591216624,9.0,1.7948187938247558e-12,-1.0,-1.0,True,False,False
signature,SEG_intermediate,acidic_region,snoRNA,1.3140389817260794,18.0,1.467954183488056,0.9815627517433236,10.0,1.7948187938247558e-12,1.0,1.0,True,False,False
signature,SEG_intermediate,acidic_region,tRNA,0.4534420383914956,6.0,0.3115781557700672,0.0640249119352967,5.0,1.7948187938247558e-12,1.0,1.0,True,False,False
signature,SEG_intermediate,acidic_region,unknown,0.2272967313907199,62.0,0.2786886794594168,0.3392340317151928,42.0,1.7948187938247558e-12,1.0,1.0,True,False,False
signature,SEG_intermediate,arginine_rich_rna_contact_region,diverse,,0.0,,,0.0,0.094396824616183,,,False,False,False
signature,SEG_intermediate,arginine_rich_rna_contact_region,mRNA,-0.3601969559803125,27.0,-0.3931831952545386,-0.4481215234999215,21.0,0.094396824616183,-1.0,-1.0,True,False,False
signature,SEG_intermediate,arginine_rich_rna_contact_region,ncRNA,0.2662390455173475,4.0,0.0376014455891115,0.3559582665248217,4.0,0.094396824616183,1.0,1.0,True,False,False
signature,SEG_intermediate,arginine_rich_rna_contact_region,pre-rRNA,-0.6696306170629366,2.0,-0.5619638287523182,-0.7595189508951146,2.0,0.094396824616183,-1.0,-1.0,True,False,False
signature,SEG_intermediate,arginine_rich_rna_contact_region,ribosomal protein,1.7898010015743606,3.0,1.5588549259822195,1.11084576868829,3.0,0.094396824616183,1.0,1.0,True,False,True
signature,SEG_intermediate,arginine_rich_rna_contact_region,snRNA,1.5674085802379123,11.0,1.5184452782340494,1.2404810491048854,8.0,0.094396824616183,1.0,1.0,True,False,True
signature,SEG_intermediate,arginine_rich_rna_contact_region,snoRNA,-0.8731640111480689,1.0,-0.9550385564900828,-0.6440417334751783,1.0,0.094396824616183,-1.0,-1.0,True,False,False
signature,SEG_intermediate,arginine_rich_rna_contact_region,tRNA,-0.1487984537614959,1.0,0.2464928077848575,-0.5615795732832054,1.0,0.094396824616183,-1.0,-1.0,True,False,False
signature,SEG_intermediate,arginine_rich_rna_contact_region,unknown,0.0631773516296135,14.0,0.2213454117979585,0.4505951406628969,14.0,0.094396824616183,1.0,1.0,True,False,False
signature,SEG_intermediate,aromatic_aggregation_prone_region,diverse,,0.0,,,0.0,0.9988698285455272,,,False,False,False
signature,SEG_intermediate,aromatic_aggregation_prone_region,mRNA,0.8621954653561352,1.0,0.7655724984696625,0.9144485558847868,1.0,0.9988698285455272,1.0,1.0,True,False,False
signature,SEG_intermediate,aromatic_aggregation_prone_region,ncRNA,,0.0,,,0.0,0.9988698285455272,,,False,False,False
signature,SEG_intermediate,aromatic_aggregation_prone_region,pre-rRNA,,0.0,,,0.0,0.9988698285455272,,,False,False,False
signature,SEG_intermediate,aromatic_aggregation_prone_region,ribosomal protein,,0.0,,,0.0,0.9988698285455272,,,False,False,False
signature,SEG_intermediate,aromatic_aggregation_prone_region,snRNA,,0.0,,,0.0,0.9988698285455272,,,False,False,False
signature,SEG_intermediate,aromatic_aggregation_prone_region,snoRNA,,0.0,,,0.0,0.9988698285455272,,,False,False,False
signature,SEG_intermediate,aromatic_aggregation_prone_region,tRNA,,0.0,,,0.0,0.9988698285455272,,,False,False,False
signature,SEG_intermediate,aromatic_aggregation_prone_region,unknown,,0.0,,,0.0,0.9988698285455272,,,False,False,False
signature,SEG_intermediate,aromatic_sticker_region,diverse,1.209298149043904,4.0,1.224207405662301,0.6189926723586153,2.0,0.0295736206150609,1.0,1.0,True,False,False
signature,SEG_intermediate,aromatic_sticker_region,mRNA,0.117124821552874,71.0,0.0327407038104694,0.1505159141183113,53.0,0.0295736206150609,1.0,1.0,True,False,False
signature,SEG_intermediate,aromatic_sticker_region,ncRNA,0.3487012057093208,8.0,0.2653314259464047,0.4263475944162194,7.0,0.0295736206150609,1.0,1.0,True,False,False
signature,SEG_intermediate,aromatic_sticker_region,pre-rRNA,,0.0,,,0.0,0.0295736206150609,,,False,False,False
signature,SEG_intermediate,aromatic_sticker_region,ribosomal protein,,0.0,,,0.0,0.0295736206150609,,,False,False,False
signature,SEG_intermediate,aromatic_sticker_region,snRNA,-1.2245983774862554,3.0,-1.1414674524238972,-1.4964845450613204,2.0,0.0295736206150609,-1.0,-1.0,True,False,True
signature,SEG_intermediate,aromatic_sticker_region,snoRNA,-1.790701850956096,1.0,-1.959599458535476,-1.3810073276413848,1.0,0.0295736206150609,-1.0,-1.0,True,False,True
signature,SEG_intermediate,aromatic_sticker_region,tRNA,-1.0663362935695233,1.0,-1.0799961891478975,-1.2985451674494115,1.0,0.0295736206150609,-1.0,-1.0,True,False,True
signature,SEG_intermediate,aromatic_sticker_region,unknown,0.2924809001508575,31.0,0.4559970955947463,0.4912371251602429,24.0,0.0295736206150609,1.0,1.0,True,False,False
signature,SEG_intermediate,basic_enriched_region,diverse,,0.0,,,0.0,0.044774104758124,,,False,False,False
signature,SEG_intermediate,basic_enriched_region,mRNA,-0.7034017104980895,25.0,-0.7246073534861808,-0.5843573010866548,23.0,0.044774104758124,-1.0,-1.0,True,False,False
signature,SEG_intermediate,basic_enriched_region,ncRNA,0.3559936982756768,5.0,0.1884514345712777,0.0884779556598356,4.0,0.044774104758124,1.0,1.0,True,False,False
signature,SEG_intermediate,basic_enriched_region,pre-rRNA,0.4201240356953922,5.0,0.7061278341091257,0.2949288331272621,5.0,0.044774104758124,1.0,1.0,True,False,False
signature,SEG_intermediate,basic_enriched_region,ribosomal protein,2.2945931536115336,5.0,2.375000220880129,1.258402957102148,4.0,0.044774104758124,1.0,1.0,True,False,True
signature,SEG_intermediate,basic_enriched_region,snRNA,0.1977316143589443,5.0,0.368057031096038,0.2949288331272621,5.0,0.044774104758124,1.0,1.0,True,False,False
signature,SEG_intermediate,basic_enriched_region,snoRNA,0.8946625467228979,4.0,0.4917792928478094,0.6734404563809917,3.0,0.044774104758124,1.0,1.0,True,False,False
signature,SEG_intermediate,basic_enriched_region,tRNA,1.940956198996833,5.0,1.918106258668852,1.492868210739171,5.0,0.044774104758124,1.0,1.0,True,False,True
signature,SEG_intermediate,basic_enriched_region,unknown,0.3455770823303385,20.0,0.5450840920932483,0.3757599077403067,16.0,0.044774104758124,1.0,1.0,True,False,False
signature,SEG_intermediate,cation_pi_rich_neighborhood,diverse,,0.0,,,0.0,0.833557794311764,,,False,False,False
signature,SEG_intermediate,cation_pi_rich_neighborhood,mRNA,0.6922704639138231,8.0,0.658088071803257,0.7445235544424744,8.0,0.833557794311764,1.0,1.0,True,False,False
signature,SEG_intermediate,cation_pi_rich_neighborhood,ncRNA,,0.0,,,0.0,0.833557794311764,,,False,False,False
signature,SEG_intermediate,cation_pi_rich_neighborhood,pre-rRNA,,0.0,,,0.0,0.833557794311764,,,False,False,False
signature,SEG_intermediate,cation_pi_rich_neighborhood,ribosomal protein,,0.0,,,0.0,0.833557794311764,,,False,False,False
signature,SEG_intermediate,cation_pi_rich_neighborhood,snRNA,0.9153318836582194,1.0,0.181643906865157,0.8254435498260418,1.0,0.833557794311764,1.0,1.0,True,False,False
signature,SEG_intermediate,cation_pi_rich_neighborhood,snoRNA,,0.0,,,0.0,0.833557794311764,,,False,False,False
signature,SEG_intermediate,cation_pi_rich_neighborhood,tRNA,,0.0,,,0.0,0.833557794311764,,,False,False,False
signature,SEG_intermediate,cation_pi_rich_neighborhood,unknown,,0.0,,,0.0,0.833557794311764,,,False,False,False
signature,SEG_intermediate,disorder_rich_spacer_region,diverse,0.7821878174644854,9.0,1.0591482488994295,0.4612303096248806,5.0,0.0043346698814517,1.0,1.0,True,False,False
signature,SEG_intermediate,disorder_rich_spacer_region,mRNA,0.0568428962096791,206.0,-0.0015528335605167,0.1327295608140319,146.0,0.0043346698814517,1.0,1.0,True,False,False
signature,SEG_intermediate,disorder_rich_spacer_region,ncRNA,0.2752278287446021,23.0,0.5244253764482638,-0.0533428632048776,14.0,0.0043346698814517,1.0,-1.0,False,True,False
signature,SEG_intermediate,disorder_rich_spacer_region,pre-rRNA,-2.599241289171539,3.0,-2.1575044038365565,-2.391212501961262,3.0,0.0043346698814517,-1.0,-1.0,True,False,True
signature,SEG_intermediate,disorder_rich_spacer_region,ribosomal protein,-0.3097346719765538,4.0,0.0703949540741634,-0.6907727838201695,4.0,0.0043346698814517,-1.0,-1.0,True,False,False
signature,SEG_intermediate,disorder_rich_spacer_region,snRNA,0.2938435069119495,26.0,0.2276146979409188,0.023824997317582,16.0,0.0043346698814517,1.0,1.0,True,False,False
signature,SEG_intermediate,disorder_rich_spacer_region,snoRNA,-0.5803822619202229,7.0,-0.7339909297386794,-0.8606977852624819,4.0,0.0043346698814517,-1.0,-1.0,True,False,False
signature,SEG_intermediate,disorder_rich_spacer_region,tRNA,-0.0784091258700983,6.0,0.0827962314623014,-0.1932731243493526,6.0,0.0043346698814517,-1.0,-1.0,True,False,False
signature,SEG_intermediate,disorder_rich_spacer_region,unknown,-0.0108232298141634,76.0,-0.03452139990034,0.1545046213811883,53.0,0.0043346698814517,-1.0,1.0,False,True,False
signature,SEG_intermediate,glutamine_rich_region,diverse,,0.0,,,0.0,0.93510511340581,,,False,False,False
signature,SEG_intermediate,glutamine_rich_region,mRNA,,0.0,,,0.0,0.93510511340581,,,False,False,False
signature,SEG_intermediate,glutamine_rich_region,ncRNA,,0.0,,,0.0,0.93510511340581,,,False,False,False
signature,SEG_intermediate,glutamine_rich_region,pre-rRNA,,0.0,,,0.0,0.93510511340581,,,False,False,False
signature,SEG_intermediate,glutamine_rich_region,ribosomal protein,,0.0,,,0.0,0.93510511340581,,,False,False,False
signature,SEG_intermediate,glutamine_rich_region,snRNA,,0.0,,,0.0,0.93510511340581,,,False,False,False
signature,SEG_intermediate,glutamine_rich_region,snoRNA,,0.0,,,0.0,0.93510511340581,,,False,False,False
signature,SEG_intermediate,glutamine_rich_region,tRNA,,0.0,,,0.0,0.93510511340581,,,False,False,False
signature,SEG_intermediate,glutamine_rich_region,unknown,2.2331023530719256,1.0,2.3326757593294225,2.398127720768761,1.0,0.93510511340581,1.0,1.0,True,False,True
signature,SEG_intermediate,glycine_rich_region,diverse,,0.0,,,0.0,0.9988698285455272,,,False,False,False
signature,SEG_intermediate,glycine_rich_region,mRNA,0.8621954653561352,2.0,0.7655724984696622,0.9144485558847868,2.0,0.9988698285455272,1.0,1.0,True,False,False
signature,SEG_intermediate,glycine_rich_region,ncRNA,,0.0,,,0.0,0.9988698285455272,,,False,False,False
signature,SEG_intermediate,glycine_rich_region,pre-rRNA,,0.0,,,0.0,0.9988698285455272,,,False,False,False
signature,SEG_intermediate,glycine_rich_region,ribosomal protein,,0.0,,,0.0,0.9988698285455272,,,False,False,False
signature,SEG_intermediate,glycine_rich_region,snRNA,,0.0,,,0.0,0.9988698285455272,,,False,False,False
signature,SEG_intermediate,glycine_rich_region,snoRNA,,0.0,,,0.0,0.9988698285455272,,,False,False,False
signature,SEG_intermediate,glycine_rich_region,tRNA,,0.0,,,0.0,0.9988698285455272,,,False,False,False
signature,SEG_intermediate,glycine_rich_region,unknown,,0.0,,,0.0,0.9988698285455272,,,False,False,False
signature,SEG_intermediate,gs_rich_neutral_region,diverse,-0.4036787278468485,1.0,-0.1572385712380223,-0.0986075969406595,1.0,0.2022722768441244,-1.0,-1.0,True,False,False
signature,SEG_intermediate,gs_rich_neutral_region,mRNA,0.3085971355443143,62.0,0.2384144492713686,0.3197050343710452,49.0,0.2022722768441244,1.0,1.0,True,False,False
signature,SEG_intermediate,gs_rich_neutral_region,ncRNA,0.3206868295397242,6.0,0.6700565507891112,0.4863549037804967,6.0,0.2022722768441244,1.0,1.0,True,False,False
signature,SEG_intermediate,gs_rich_neutral_region,pre-rRNA,-1.2001453337617165,2.0,-1.4198932705185283,-1.2140848143605956,2.0,0.2022722768441244,-1.0,-1.0,True,False,True
signature,SEG_intermediate,gs_rich_neutral_region,ribosomal protein,,0.0,,,0.0,0.2022722768441244,,,False,False,False
signature,SEG_intermediate,gs_rich_neutral_region,snRNA,-1.4225377550981644,2.0,-1.618545608807663,-1.2140848143605956,2.0,0.2022722768441244,-1.0,-1.0,True,False,True
signature,SEG_intermediate,gs_rich_neutral_region,snoRNA,,0.0,,,0.0,0.2022722768441244,,,False,False,False
signature,SEG_intermediate,gs_rich_neutral_region,tRNA,-0.6793131704602761,1.0,-0.9027764090352915,-1.0161454367486866,1.0,0.2022722768441244,-1.0,-1.0,True,False,False
signature,SEG_intermediate,gs_rich_neutral_region,unknown,-0.1872294458764309,17.0,-0.1557787605383871,-0.1108859267190963,13.0,0.2022722768441244,-1.0,-1.0,True,False,False
signature,SEG_intermediate,hydrophobic_region,diverse,3.5191534116306915,2.0,3.745122365889982,3.5258832679671337,2.0,0.0017666641907529,1.0,1.0,True,False,True
signature,SEG_intermediate,hydrophobic_region,mRNA,-1.1378045346438648,3.0,-1.203533493584554,-1.0855514441152132,3.0,0.0017666641907529,-1.0,-1.0,True,False,True
signature,SEG_intermediate,hydrophobic_region,ncRNA,0.6585564682961079,1.0,0.9655124343152824,0.5258832679671338,1.0,0.0017666641907529,1.0,1.0,True,False,False
signature,SEG_intermediate,hydrophobic_region,pre-rRNA,,0.0,,,0.0,0.0017666641907529,,,False,False,False
signature,SEG_intermediate,hydrophobic_region,ribosomal protein,,0.0,,,0.0,0.0017666641907529,,,False,False,False
signature,SEG_intermediate,hydrophobic_region,snRNA,,0.0,,,0.0,0.0017666641907529,,,False,False,False
signature,SEG_intermediate,hydrophobic_region,snoRNA,,0.0,,,0.0,0.0017666641907529,,,False,False,False
signature,SEG_intermediate,hydrophobic_region,tRNA,2.243518969017264,1.0,1.934733383742745,1.608345428159107,1.0,0.0017666641907529,1.0,1.0,True,False,True
signature,SEG_intermediate,hydrophobic_region,unknown,0.970067947238132,5.0,1.1391382006651598,1.1350933149349671,5.0,0.0017666641907529,1.0,1.0,True,False,False
signature,SEG_intermediate,mixed_charge_polyampholyte,diverse,,0.0,,,0.0,0.9263499496498502,,,False,False,False
signature,SEG_intermediate,mixed_charge_polyampholyte,mRNA,0.1559266684128455,19.0,-0.0551681894305698,0.1070936338271826,16.0,0.9263499496498502,1.0,1.0,True,False,False
signature,SEG_intermediate,mixed_charge_polyampholyte,ncRNA,,0.0,,,0.0,0.9263499496498502,,,False,False,False
signature,SEG_intermediate,mixed_charge_polyampholyte,pre-rRNA,-0.6465470039498955,1.0,-0.8589262508663505,-0.81198637078925,1.0,0.9263499496498502,-1.0,-1.0,True,False,False
signature,SEG_intermediate,mixed_charge_polyampholyte,ribosomal protein,,0.0,,,0.0,0.9263499496498502,,,False,False,False
signature,SEG_intermediate,mixed_charge_polyampholyte,snRNA,0.1310605747136567,2.0,-0.5308307023796248,0.18801362921075,2.0,0.9263499496498502,1.0,1.0,True,False,False
signature,SEG_intermediate,mixed_charge_polyampholyte,snoRNA,1.1499196019649724,2.0,1.395057643208954,1.303490846630686,2.0,0.9263499496498502,1.0,1.0,True,False,True
signature,SEG_intermediate,mixed_charge_polyampholyte,tRNA,0.8742851593515452,1.0,1.6719964101419165,0.385953006822659,1.0,0.9263499496498502,1.0,1.0,True,False,False
signature,SEG_intermediate,mixed_charge_polyampholyte,unknown,-0.1361314565937933,6.0,0.3026185254732426,0.1757352994323132,6.0,0.9263499496498502,-1.0,1.0,False,True,False
signature,SEG_intermediate,polar_linker,diverse,,0.0,,,0.0,0.93510511340581,,,False,False,False
signature,SEG_intermediate,polar_linker,mRNA,0.4147364883849141,11.0,-0.0184901023311891,0.4669895789135655,11.0,0.93510511340581,1.0,1.0,True,False,False
signature,SEG_intermediate,polar_linker,ncRNA,,0.0,,,0.0,0.93510511340581,,,False,False,False
signature,SEG_intermediate,polar_linker,pre-rRNA,0.4007587108284612,1.0,0.6154557092369183,0.0884779556598356,1.0,0.93510511340581,1.0,1.0,True,False,False
signature,SEG_intermediate,polar_linker,ribosomal protein,,0.0,,,0.0,0.93510511340581,,,False,False,False
signature,SEG_intermediate,polar_linker,snRNA,,0.0,,,0.0,0.93510511340581,,,False,False,False
signature,SEG_intermediate,polar_linker,snoRNA,,0.0,,,0.0,0.93510511340581,,,False,False,False
signature,SEG_intermediate,polar_linker,tRNA,,0.0,,,0.0,0.93510511340581,,,False,False,False
signature,SEG_intermediate,polar_linker,unknown,-0.0888257418154364,3.0,0.8666543313317738,0.0761996258813989,3.0,0.93510511340581,-1.0,1.0,False,True,False
signature,SEG_intermediate,proline_rich_disordered_region,diverse,,0.0,,,0.0,0.9988698285455272,,,False,False,False
signature,SEG_intermediate,proline_rich_disordered_region,mRNA,-0.3077295360861769,4.0,-0.5977755237976811,-0.0855514441152133,4.0,0.9988698285455272,-1.0,-1.0,True,False,False
signature,SEG_intermediate,proline_rich_disordered_region,ncRNA,1.0735939675749515,1.0,1.4194896228604716,1.1108457686882902,1.0,0.9988698285455272,1.0,1.0,True,False,True
signature,SEG_intermediate,proline_rich_disordered_region,pre-rRNA,,0.0,,,0.0,0.9988698285455272,,,False,False,False
signature,SEG_intermediate,proline_rich_disordered_region,ribosomal protein,,0.0,,,0.0,0.9988698285455272,,,False,False,False
signature,SEG_intermediate,proline_rich_disordered_region,snRNA,0.9153318836582194,1.0,1.2893227537246856,0.9953685512683542,1.0,0.9988698285455272,1.0,1.0,True,False,False
signature,SEG_intermediate,proline_rich_disordered_region,snoRNA,,0.0,,,0.0,0.9988698285455272,,,False,False,False
signature,SEG_intermediate,proline_rich_disordered_region,tRNA,,0.0,,,0.0,0.9988698285455272,,,False,False,False
signature,SEG_intermediate,proline_rich_disordered_region,unknown,0.6481398523507697,3.0,0.7422588285161582,0.3981277207687613,2.0,0.9988698285455272,1.0,1.0,True,False,False
signature,SEG_intermediate,rg_rgg_repeat_region,diverse,,0.0,,,0.0,0.0904292087814476,,,False,False,False
signature,SEG_intermediate,rg_rgg_repeat_region,mRNA,0.2377046004483416,72.0,0.0334222101920984,0.2573362694077952,52.0,0.0904292087814476,1.0,1.0,True,False,False
signature,SEG_intermediate,rg_rgg_repeat_region,ncRNA,,0.0,,,0.0,0.0904292087814476,,,False,False,False
signature,SEG_intermediate,rg_rgg_repeat_region,pre-rRNA,-2.486766559913126,1.0,-2.7527149294012663,-2.3621834533497297,1.0,0.0904292087814476,-1.0,-1.0,True,False,True
signature,SEG_intermediate,rg_rgg_repeat_region,ribosomal protein,0.9726650587241712,3.0,1.0746283059353414,0.5081812662336751,3.0,0.0904292087814476,1.0,1.0,True,False,False
signature,SEG_intermediate,rg_rgg_repeat_region,snRNA,-0.3872308863622117,5.0,-0.5831653202263624,-0.0402553584623672,5.0,0.0904292087814476,-1.0,-1.0,True,False,False
signature,SEG_intermediate,rg_rgg_repeat_region,snoRNA,0.6316281408891041,5.0,1.208148832650953,0.7532937640702065,4.0,0.0904292087814476,1.0,1.0,True,False,False
signature,SEG_intermediate,rg_rgg_repeat_region,tRNA,-0.9659343966116856,1.0,0.3719511178703667,-1.1642440757378207,1.0,0.0904292087814476,-1.0,-1.0,True,False,False
signature,SEG_intermediate,rg_rgg_repeat_region,unknown,0.023648987442976,24.0,0.293352629518391,0.0405757161506777,16.0,0.0904292087814476,1.0,1.0,True,False,False
signature,SEG_intermediate,serine_rich_region,diverse,,0.0,,,0.0,0.93510511340581,,,False,False,False
signature,SEG_intermediate,serine_rich_region,mRNA,0.2772329646349791,2.0,0.2660014889791507,0.3294860551636304,2.0,0.93510511340581,1.0,1.0,True,False,False
signature,SEG_intermediate,serine_rich_region,ncRNA,,0.0,,,0.0,0.93510511340581,,,False,False,False
signature,SEG_intermediate,serine_rich_region,pre-rRNA,,0.0,,,0.0,0.93510511340581,,,False,False,False
signature,SEG_intermediate,serine_rich_region,ribosomal protein,,0.0,,,0.0,0.93510511340581,,,False,False,False
signature,SEG_intermediate,serine_rich_region,snRNA,2.500294384379376,1.0,2.209029794660236,2.410406050547198,1.0,0.93510511340581,1.0,1.0,True,False,True
signature,SEG_intermediate,serine_rich_region,snoRNA,,0.0,,,0.0,0.93510511340581,,,False,False,False
signature,SEG_intermediate,serine_rich_region,tRNA,,0.0,,,0.0,0.93510511340581,,,False,False,False
signature,SEG_intermediate,serine_rich_region,unknown,,0.0,,,0.0,0.93510511340581,,,False,False,False
signature,SEG_intermediate,sr_rs_repeat_region,diverse,-1.0148251603716598,1.0,-1.7391329670698157,-0.3969488715104061,1.0,0.0001614288903785,-1.0,-1.0,True,False,False
signature,SEG_intermediate,sr_rs_repeat_region,mRNA,0.5634333550478158,113.0,0.4976074025310682,0.5359369326310569,70.0,0.0001614288903785,1.0,1.0,True,False,False
signature,SEG_intermediate,sr_rs_repeat_region,ncRNA,,0.0,,,0.0,0.0001614288903785,,,False,False,False
signature,SEG_intermediate,sr_rs_repeat_region,pre-rRNA,-2.811291766286528,1.0,-2.155394645497961,-2.5124260889303422,1.0,0.0001614288903785,-1.0,-1.0,True,False,True
signature,SEG_intermediate,sr_rs_repeat_region,ribosomal protein,,0.0,,,0.0,0.0001614288903785,,,False,False,False
signature,SEG_intermediate,sr_rs_repeat_region,snRNA,0.4257474310143216,11.0,0.5404326874892518,0.487573911069658,8.0,0.0001614288903785,1.0,1.0,True,False,False
signature,SEG_intermediate,sr_rs_repeat_region,snoRNA,,0.0,,,0.0,0.0001614288903785,,,False,False,False
signature,SEG_intermediate,sr_rs_repeat_region,tRNA,,0.0,,,0.0,0.0001614288903785,,,False,False,False
signature,SEG_intermediate,sr_rs_repeat_region,unknown,-1.1853990015104896,13.0,-1.5960608508017011,-0.6502353007926377,11.0,0.0001614288903785,-1.0,-1.0,True,False,False
signature,SEG_intermediate,unmapped_physicochemical_properties,diverse,2.9341909109095354,2.0,2.8908463964448856,2.9409207672459776,2.0,0.044774104758124,1.0,1.0,True,False,True
signature,SEG_intermediate,unmapped_physicochemical_properties,mRNA,0.2772329646349794,12.0,0.1217163086949374,0.3294860551636306,12.0,0.044774104758124,1.0,1.0,True,False,False
signature,SEG_intermediate,unmapped_physicochemical_properties,ncRNA,,0.0,,,0.0,0.044774104758124,,,False,False,False
signature,SEG_intermediate,unmapped_physicochemical_properties,pre-rRNA,,0.0,,,0.0,0.044774104758124,,,False,False,False
signature,SEG_intermediate,unmapped_physicochemical_properties,ribosomal protein,2.0121934229108085,1.0,2.121564619856248,1.1108457686882902,1.0,0.044774104758124,1.0,1.0,True,False,True
signature,SEG_intermediate,unmapped_physicochemical_properties,snRNA,,0.0,,,0.0,0.044774104758124,,,False,False,False
signature,SEG_intermediate,unmapped_physicochemical_properties,snoRNA,,0.0,,,0.0,0.044774104758124,,,False,False,False
signature,SEG_intermediate,unmapped_physicochemical_properties,tRNA,,0.0,,,0.0,0.044774104758124,,,False,False,False
signature,SEG_intermediate,unmapped_physicochemical_properties,unknown,-0.3518601476492303,3.0,0.2033927423844559,-0.1868347799523949,3.0,0.044774104758124,-1.0,-1.0,True,False,False
