protein_accession,method,lcr_start,lcr_end,pfam_accession,pfam_name,domain_start,domain_end,overlap_length,lcr_domain_fraction,domain_lcr_fraction,is_domain_edge
P82673,CAST,231,315,PF10213,MRP-S28,147,235,5,0.0588,0.0562,True
Q9H6S0,CAST,1161,1364,PF04146,YTH,1289,1419,76,0.3725,0.5802,True
Q9H501,CAST,84,823,PF08159,NUC153,759,787,29,0.0392,1.0,True
Q9H501,CAST,567,851,PF08159,NUC153,759,787,29,0.1018,1.0,True
Q9UJA5,CAST,75,153,PF04189,Gcd10p,20,254,79,1.0,0.3362,False
O15371,CAST,51,192,PF05091,eIF-3_zeta,4,521,142,1.0,0.2741,False
Q14694,CAST,68,355,PF07145,PAM2,79,94,16,0.0556,1.0,True
P14866,CAST,335,382,PF13893,RRM_5,357,480,26,0.5417,0.2097,True
Q9NW13,CAST,206,353,PF00076,RRM_1,337,394,17,0.1149,0.2931,True
Q7Z417,CAST,98,641,PF15293,NUFIP2,89,688,544,1.0,0.9067,True
Q7Z417,CAST,1,91,PF15293,NUFIP2,89,688,3,0.033,0.005,True
P84098,CAST,52,196,PF01280,Ribosomal_L19e,3,55,4,0.0276,0.0755,True
P84098,CAST,52,196,PF25476,Ribosomal_L19e_C,57,145,89,0.6138,1.0,True
Q9H6F5,CAST,212,359,PF03879,Cgr1,237,338,102,0.6892,1.0,True
A0A499FI31,CAST,6,104,PF05843,Suf,98,424,7,0.0707,0.0214,True
A0A499FI31,CAST,937,975,PF05391,Lsm_interact,962,980,14,0.359,0.7368,True
P19525,CAST,143,226,PF00035,dsrm,101,164,22,0.2619,0.3438,True
Q4ZG55,CAST,1073,1309,PF20692,cpSF2-GREB1,658,1377,237,1.0,0.3292,False
Q03701,CAST,624,677,PF03914,CBF,523,731,54,1.0,0.2584,False
Q99848,CAST,142,304,PF05890,Ebp2,47,298,157,0.9632,0.623,True
O95926,CAST,28,119,PF08231,SYF2,91,238,29,0.3152,0.1959,True
Q9BWT3,CAST,502,567,PF04926,PAP_RNA-bind,424,506,5,0.0758,0.0602,True
Q13247,CAST,174,343,PF00076,RRM_1,112,177,4,0.0235,0.0606,True
Q8WVK2,CAST,68,102,PF08648,SNRNP27,98,153,5,0.1429,0.0893,True
O00566,CAST,69,498,PF04006,Mpp10,25,594,430,1.0,0.7544,False
O00566,CAST,555,680,PF04006,Mpp10,25,594,40,0.3175,0.0702,True
Q96EU6,CAST,145,219,PF06102,RRP36,90,252,75,1.0,0.4601,False
Q96EU6,CAST,145,259,PF06102,RRP36,90,252,108,0.9391,0.6626,True
Q9BZI7,CAST,137,436,PF03467,Smg4_UPF3,51,208,72,0.24,0.4557,True
Q9BZI7,CAST,207,424,PF03467,Smg4_UPF3,51,208,2,0.0092,0.0127,True
Q9BZI7,CAST,207,244,PF03467,Smg4_UPF3,51,208,2,0.0526,0.0127,True
Q8IWZ8,CAST,162,269,PF01805,Surp,184,248,65,0.6019,1.0,True
Q8IWZ8,CAST,162,269,PF01805,Surp,258,322,12,0.1111,0.1846,True
P51116,CAST,396,661,PF12235,FXMRP1_C_core,364,491,96,0.3609,0.75,True
Q15415,CAST,44,494,PF00076,RRM_1,10,79,36,0.0798,0.5143,True
Q15415,CAST,44,494,PF08081,RBM1CTR,174,218,45,0.0998,1.0,True
Q7Z478,CAST,468,547,PF24385,DSRM_DHX29,431,508,41,0.5125,0.5256,True
Q7Z478,CAST,500,514,PF24385,DSRM_DHX29,431,508,9,0.6,0.1154,True
Q96DF8,CAST,132,236,PF09751,Es2,34,401,105,1.0,0.2853,False
Q14151,CAST,58,726,PF02037,SAP,30,64,7,0.0105,0.2,True
Q14151,CAST,58,726,PF13893,RRM_5,399,487,89,0.133,1.0,True
Q14151,CAST,58,726,PF00076,RRM_1,409,478,70,0.1046,1.0,True
Q14151,CAST,481,608,PF13893,RRM_5,399,487,7,0.0547,0.0787,True
Q9NQZ2,CAST,65,253,PF04000,Sas10_Utp3,231,310,23,0.1217,0.2875,True
P38935,CAST,306,335,PF04851,ResIII,196,378,30,1.0,0.1639,False
Q9P031,CAST,58,221,PF08524,rRNA_processing,125,239,97,0.5915,0.8435,True
Q9P031,CAST,100,203,PF08524,rRNA_processing,125,239,79,0.7596,0.687,True
Q8NAV1,CAST,172,206,PF03371,PRP38,11,174,3,0.0857,0.0183,True
P42766,CAST,3,122,PF00831,Ribosomal_L29,8,63,56,0.4667,1.0,True
Q9BRD0,CAST,436,541,PF09736,Bud13,460,600,82,0.7736,0.5816,True
P05455,CAST,191,403,PF08777,RRM_3,231,334,104,0.4883,1.0,True
Q96FV9,CAST,192,221,PF11957,efThoc1,71,538,30,1.0,0.0641,False
Q96FV9,CAST,531,575,PF11957,efThoc1,71,538,8,0.1778,0.0171,True
P49790,CAST,89,1464,PF00641,Zn_ribbon_RanBP,657,686,30,0.0218,1.0,True
P49790,CAST,89,1464,PF00641,Zn_ribbon_RanBP,723,751,29,0.0211,1.0,True
P49790,CAST,89,1464,PF00641,Zn_ribbon_RanBP,794,822,29,0.0211,1.0,True
P49790,CAST,89,1464,PF00641,Zn_ribbon_RanBP,851,880,30,0.0218,1.0,True
Q8IXZ2,CAST,131,924,PF00642,zf-CCCH,669,694,26,0.0327,1.0,True
Q8IXZ2,CAST,131,924,PF00642,zf-CCCH,752,774,23,0.029,1.0,True
Q8IXZ2,CAST,131,924,PF00642,zf-CCCH,776,794,19,0.0239,1.0,True
Q9UPR6,CAST,550,585,PF07528,DZF_N,585,783,1,0.0278,0.005,True
Q9BSC4,CAST,422,686,PF08159,NUC153,482,508,27,0.1019,1.0,True
Q5FWF4,CAST,473,726,PF00641,Zn_ribbon_RanBP,625,647,23,0.0906,1.0,True
O43432,CAST,1073,1228,PF02847,MA3,1222,1333,7,0.0449,0.0625,True
O43432,CAST,842,884,PF02854,MIF4G,756,981,43,1.0,0.1903,False
Q9Y2X3,CAST,386,528,PF01798,Nop,168,396,11,0.0769,0.048,True
O15234,CAST,65,235,PF09405,Btz,144,248,92,0.538,0.8762,True
O15234,CAST,9,155,PF09405,Btz,144,248,12,0.0816,0.1143,True
Q9NXL6,CAST,338,416,PF13965,SID-1_RNA_chan,184,827,79,1.0,0.1227,False
Q96KR1,CAST,356,560,PF12171,zf-C2H2_jaz,331,356,1,0.0049,0.0385,True
Q96KR1,CAST,356,560,PF12874,zf-met,383,406,24,0.1171,1.0,True
Q9UNX3,CAST,11,145,PF16906,Ribosomal_L26,8,122,112,0.8296,0.9739,True
Q9UNX3,CAST,11,145,PF00467,KOW,51,83,33,0.2444,1.0,True
P51531,CAST,216,700,PF07533,BRK,589,632,44,0.0907,1.0,True
P51531,CAST,488,688,PF07533,BRK,589,632,44,0.2189,1.0,True
O94906,CAST,58,156,PF06424,PRP1_N,13,169,99,1.0,0.6306,False
A7MD48,CAST,87,609,PF15230,SRRM_C,457,522,66,0.1262,1.0,True
A7MD48,CAST,399,598,PF15230,SRRM_C,457,522,66,0.33,1.0,True
Q86U38,CAST,162,181,PF22493,PUF_NOP9,97,598,20,1.0,0.0398,False
P37108,CAST,31,107,PF02290,SRP14,4,94,64,0.8312,0.7033,True
Q8WYQ9,CAST,63,925,PF00098,zf-CCHC,908,923,16,0.0185,1.0,True
O43823,CAST,312,692,PF04988,AKAP95,415,546,132,0.3465,1.0,True
P62979,CAST,78,120,PF01599,Ribosomal_S27,102,149,19,0.4419,0.3958,True
P82675,CAST,111,191,PF21251,Ribosomal_uS5m_N,88,207,81,1.0,0.675,False
Q96NC0,CAST,115,182,PF08648,SNRNP27,178,197,5,0.0735,0.25,True
Q96NC0,CAST,102,170,PF12874,zf-met,80,104,3,0.0435,0.12,True
Q96NC0,CAST,102,170,PF12171,zf-C2H2_jaz,80,105,4,0.058,0.1538,True
Q96NC0,CAST,102,170,PF06220,zf-U1,80,108,7,0.1014,0.2414,True
Q13405,CAST,53,83,PF05046,Img2,82,166,2,0.0645,0.0235,True
P49792,CAST,1433,2010,PF00641,Zn_ribbon_RanBP,1415,1443,11,0.019,0.3793,True
P49792,CAST,1433,2010,PF00641,Zn_ribbon_RanBP,1479,1508,30,0.0519,1.0,True
P49792,CAST,1433,2010,PF00641,Zn_ribbon_RanBP,1543,1571,29,0.0502,1.0,True
P49792,CAST,1433,2010,PF00641,Zn_ribbon_RanBP,1606,1635,30,0.0519,1.0,True
P49792,CAST,1433,2010,PF00641,Zn_ribbon_RanBP,1665,1694,30,0.0519,1.0,True
P49792,CAST,1433,2010,PF00641,Zn_ribbon_RanBP,1724,1753,30,0.0519,1.0,True
P49792,CAST,1433,2010,PF00641,Zn_ribbon_RanBP,1781,1809,29,0.0502,1.0,True
Q86SE8,CAST,118,187,PF03066,Nucleoplasmin,17,122,5,0.0714,0.0472,True
Q5SZQ8,CAST,146,351,PF00076,RRM_1,97,161,16,0.0777,0.2462,True
Q15424,CAST,59,796,PF02037,SAP,31,66,8,0.0108,0.2222,True
Q15424,CAST,59,796,PF00076,RRM_1,409,477,69,0.0935,1.0,True
Q15424,CAST,59,796,PF13893,RRM_5,409,491,83,0.1125,1.0,True
Q15424,CAST,274,621,PF00076,RRM_1,409,477,69,0.1983,1.0,True
Q15424,CAST,274,621,PF13893,RRM_5,409,491,83,0.2385,1.0,True
Q15424,CAST,480,554,PF13893,RRM_5,409,491,12,0.16,0.1446,True
Q9NQ29,CAST,222,344,PF03194,LUC7,6,243,22,0.1789,0.0924,True
Q9NQ29,CAST,96,172,PF03194,LUC7,6,243,77,1.0,0.3235,False
Q6I9Y2,CAST,76,203,PF05615,THOC7,7,139,64,0.5,0.4812,True
O95391,CAST,176,246,PF11708,Slu7,162,434,71,1.0,0.2601,False
Q9H814,CAST,300,390,PF10258,PHAX_RNA-bd,230,313,14,0.1538,0.1667,True
Q9H814,CAST,158,243,PF10258,PHAX_RNA-bd,230,313,14,0.1628,0.1667,True
A0A087WT20,CAST,505,590,PF04158,Sof1,506,592,85,0.9884,0.977,True
O94913,CAST,793,940,PF20844,PCF11_RFEG_rpt,777,861,69,0.4662,0.8118,True
O94913,CAST,793,940,PF20844,PCF11_RFEG_rpt,864,962,77,0.5203,0.7778,True
O94913,CAST,195,243,PF20845,Pcf11_helical,199,236,38,0.7755,1.0,True
Q9BRS8,CAST,23,112,PF05383,La,97,153,16,0.1778,0.2807,True
Q05481,CAST,311,889,PF00096,zf-C2H2,294,316,6,0.0104,0.2609,True
Q05481,CAST,311,889,PF00096,zf-C2H2,322,344,23,0.0397,1.0,True
Q05481,CAST,311,889,PF00096,zf-C2H2,350,372,23,0.0397,1.0,True
Q05481,CAST,311,889,PF00096,zf-C2H2,378,400,23,0.0397,1.0,True
Q05481,CAST,311,889,PF00096,zf-C2H2,406,428,23,0.0397,1.0,True
Q05481,CAST,311,889,PF00096,zf-C2H2,462,484,23,0.0397,1.0,True
Q05481,CAST,311,889,PF00096,zf-C2H2,490,512,23,0.0397,1.0,True
Q05481,CAST,311,889,PF00096,zf-C2H2,546,568,23,0.0397,1.0,True
Q05481,CAST,311,889,PF00096,zf-C2H2,574,596,23,0.0397,1.0,True
Q05481,CAST,311,889,PF00096,zf-C2H2,630,652,23,0.0397,1.0,True
Q05481,CAST,311,889,PF00096,zf-C2H2,658,680,23,0.0397,1.0,True
Q05481,CAST,311,889,PF00096,zf-C2H2,686,708,23,0.0397,1.0,True
Q05481,CAST,311,889,PF00096,zf-C2H2,714,736,23,0.0397,1.0,True
Q05481,CAST,311,889,PF00096,zf-C2H2,742,764,23,0.0397,1.0,True
Q05481,CAST,311,889,PF00096,zf-C2H2,770,792,23,0.0397,1.0,True
Q05481,CAST,311,889,PF00096,zf-C2H2,798,820,23,0.0397,1.0,True
Q05481,CAST,311,889,PF00096,zf-C2H2,826,848,23,0.0397,1.0,True
Q05481,CAST,311,889,PF00096,zf-C2H2,854,876,23,0.0397,1.0,True
P51608,CAST,9,365,PF01429,MBD,96,159,64,0.1793,1.0,True
Q96MH2,CAST,88,276,PF15313,HEXIM,102,226,125,0.6614,1.0,True
Q7Z570,CAST,84,126,PF12171,zf-C2H2_jaz,57,84,1,0.0233,0.0357,True
Q9BTL3,CAST,44,90,PF15320,RAM,10,87,44,0.9362,0.5641,True
Q32MZ4,CAST,18,804,PF09738,LRRFIP,23,316,294,0.3736,1.0,True
O43290,CAST,27,631,PF03343,SART-1,165,753,467,0.7719,0.7929,True
O15446,CAST,211,508,PF08208,RNA_polI_A34,38,254,44,0.1477,0.2028,True
O15446,CAST,129,147,PF08208,RNA_polI_A34,38,254,19,1.0,0.0876,False
Q14103,CAST,7,66,PF08143,CBFNT,1,78,60,1.0,0.7692,True
Q14103,CAST,10,71,PF08143,CBFNT,1,78,62,1.0,0.7949,True
Q92665,CAST,68,98,PF15433,MRP-S31,96,389,3,0.0968,0.0102,True
Q96E39,CAST,110,388,PF08081,RBM1CTR,173,217,45,0.1613,1.0,True
Q13435,CAST,319,563,PF04037,DUF382,471,596,93,0.3796,0.7381,True
Q6ZP01,CAST,684,939,PF00076,RRM_1,833,896,64,0.25,1.0,True
Q96SI9,CAST,561,646,PF00035,dsrm,513,574,14,0.1628,0.2258,True
Q9Y3A4,CAST,208,278,PF12923,RRP7,162,280,71,1.0,0.5966,True
Q9Y3A4,CAST,178,201,PF12923,RRP7,162,280,24,1.0,0.2017,False
Q15050,CAST,173,365,PF04939,RRS1,32,193,21,0.1088,0.1296,True
P05387,CAST,56,91,PF00428,Ribosomal_60s,17,114,36,1.0,0.3673,False
P05387,CAST,91,108,PF00428,Ribosomal_60s,17,114,18,1.0,0.1837,True
Q9BWU0,CAST,224,668,PF00035,dsrm,316,384,69,0.1551,1.0,True
Q8TDD1,CAST,587,863,PF08147,DBP10CT,714,774,61,0.2202,1.0,True
Q8TDD1,CAST,731,880,PF08147,DBP10CT,714,774,44,0.2933,0.7213,True
Q96MX3,CAST,390,454,PF00096,zf-C2H2,451,473,4,0.0615,0.1739,True
Q69YN2,CAST,313,327,PF04677,CwfJ_C_1,322,428,6,0.4,0.0561,True
Q86XZ4,CAST,71,545,PF07139,SPATS2-like,81,385,305,0.6421,1.0,True
Q86XZ4,CAST,86,97,PF07139,SPATS2-like,81,385,12,1.0,0.0393,True
Q8NDV7,CAST,159,1944,PF10427,Ago_hook,1071,1200,130,0.0728,1.0,True
Q6P9B9,CAST,96,116,PF14837,INTS5_N,29,251,21,1.0,0.0942,False
Q9NRA8,CAST,668,775,PF10477,EIF4E-T,30,711,44,0.4074,0.0645,True
Q9NRA8,CAST,167,290,PF10477,EIF4E-T,30,711,124,1.0,0.1818,False
O94992,CAST,25,351,PF15313,HEXIM,164,301,138,0.422,1.0,True
O94992,CAST,143,188,PF15313,HEXIM,164,301,25,0.5435,0.1812,True
A4D1E1,CAST,82,114,PF12171,zf-C2H2_jaz,55,82,1,0.0303,0.0357,True
B0QYK0,CAST,434,602,PF00641,Zn_ribbon_RanBP,480,510,31,0.1834,1.0,True
B0QYK0,CAST,508,521,PF00641,Zn_ribbon_RanBP,480,510,3,0.2143,0.0968,True
P26641,CAST,211,278,PF00647,EF1G,275,381,4,0.0588,0.0374,True
Q00577,CAST,273,322,PF04845,PurA,58,278,6,0.12,0.0271,True
Q9NQ50,CAST,46,133,PF09812,MRP-L28,45,199,88,1.0,0.5677,True
F8W6I7,CAST,195,304,PF11627,HnRNPA1_LC,242,279,38,0.3455,1.0,True
Q92973,CAST,4,50,PF03810,IBN_N,42,108,9,0.1915,0.1343,True
P82979,CAST,43,109,PF02037,SAP,8,43,1,0.0149,0.0278,True
Q8WU90,CAST,4,177,PF00642,zf-CCCH,100,124,25,0.1437,1.0,True
Q04637,CAST,848,889,PF02854,MIF4G,762,987,42,1.0,0.1858,False
Q9UPY3,CAST,1388,1449,PF00636,Ribonuclease_3,1313,1396,9,0.1452,0.1071,True
Q9UPY3,CAST,1778,1803,PF14622,Ribonucleas_3_3,1681,1825,26,1.0,0.1793,False
Q9UPY3,CAST,1778,1803,PF00636,Ribonuclease_3,1702,1824,26,1.0,0.2114,False
Q5T9H5,CAST,58,79,PF05741,zf-nanos,6,58,1,0.0455,0.0189,True
Q969Q0,CAST,6,100,PF00935,Ribosomal_L44,17,94,78,0.8211,1.0,True
P46778,CAST,77,122,PF01157,Ribosomal_L21e,1,101,25,0.5435,0.2475,True
P05386,CAST,48,89,PF00428,Ribosomal_60s,23,113,42,1.0,0.4615,False
P05386,CAST,89,107,PF00428,Ribosomal_60s,23,113,19,1.0,0.2088,True
P22626,CAST,201,349,PF11627,HnRNPA1_LC,296,334,39,0.2617,1.0,True
Q8NI27,CAST,900,976,PF11262,Tho2,873,1173,77,1.0,0.2558,False
Q9HAU5,CAST,994,1094,PF04050,Upf2,1094,1218,1,0.0099,0.008,True
Q9HAU5,CAST,4,186,PF02854,MIF4G,168,335,19,0.1038,0.1131,True
Q9HAU5,CAST,1176,1256,PF04050,Upf2,1094,1218,43,0.5309,0.344,True
P62854,CAST,97,114,PF01283,Ribosomal_S26e,1,104,8,0.4444,0.0769,True
P26599,CAST,294,361,PF13893,RRM_5,338,459,24,0.3529,0.1967,True
P26599,CAST,145,181,PF13893,RRM_5,166,263,16,0.4324,0.1633,True
Q32P51,CAST,195,317,PF11627,HnRNPA1_LC,255,292,38,0.3089,1.0,True
O75179,CAST,1535,2458,PF00013,KH_1,1728,1790,63,0.0682,1.0,True
Q9UGY1,CAST,23,84,PF09805,Nop25,20,97,62,1.0,0.7949,True
Q9NTZ6,CAST,74,184,PF28441,RRM_11,5,83,10,0.0901,0.1266,True
Q9BZE4,CAST,389,479,PF08155,NOGCT,395,446,52,0.5714,1.0,True
Q8IWZ3,CAST,1508,2453,PF00013,KH_1,1699,1760,62,0.0655,1.0,True
O14602,CAST,116,143,PF01176,eIF-1a,23,117,2,0.0714,0.0211,True
Q12905,CAST,3,22,PF07528,DZF_N,22,216,1,0.05,0.0051,True
Q9Y3B9,CAST,98,242,PF07890,Rrp15p,92,215,118,0.8138,0.9516,True
Q9UPN6,CAST,193,462,PF06495,Transformer,397,467,66,0.2444,0.9296,True
Q9UPN6,CAST,397,462,PF06495,Transformer,397,467,66,1.0,0.9296,True
Q9UPN6,CAST,397,449,PF06495,Transformer,397,467,53,1.0,0.7465,True
P12270,CAST,10,2066,PF02403,Seryl_tRNA_N,1402,1504,103,0.0501,1.0,True
P12270,CAST,1433,1545,PF02403,Seryl_tRNA_N,1402,1504,72,0.6372,0.699,True
P55265,CAST,549,707,PF00035,dsrm,504,567,19,0.1195,0.2969,True
P55265,CAST,549,707,PF00035,dsrm,615,679,65,0.4088,1.0,True
A0A0A0MRM9,CAST,58,688,PF05022,SRP40_C,633,705,56,0.0887,0.7671,True
Q9UKA9,CAST,285,336,PF13893,RRM_5,321,434,16,0.3077,0.1404,True
P46777,CAST,220,284,PF14204,Ribosomal_L18_c,236,289,49,0.7538,0.9074,True
Q06787,CAST,529,553,PF12235,FXMRP1_C_core,420,542,14,0.56,0.1138,True
Q8NC51,CAST,228,338,PF04774,HABP4_PAI-RBP1,189,313,86,0.7748,0.688,True
Q8NC51,CAST,164,189,PF04774,HABP4_PAI-RBP1,189,313,1,0.0385,0.008,True
Q99459,CAST,496,553,PF11831,Myb_Cef,404,654,58,1.0,0.2311,False
O95793,CAST,232,382,PF00035,dsrm,186,249,18,0.1192,0.2812,True
O95793,CAST,232,382,PF00035,dsrm,287,352,66,0.4371,1.0,True
Q96GM8,CAST,335,347,PF04857,CAF1,169,451,13,1.0,0.0459,False
P55795,CAST,214,261,PF08080,zf-RNPHF,255,290,7,0.1458,0.1944,True
Q13310,CAST,481,562,PF00658,MLLE,558,623,5,0.061,0.0758,True
Q9Y3A2,CAST,6,253,PF03998,Utp11,13,253,241,0.9718,1.0,True
Q86U90,CAST,12,126,PF01300,Sua5_yciO_yrdC,77,255,50,0.4348,0.2793,True
Q9NX07,CAST,185,225,PF17654,Trnau1ap,186,284,40,0.9756,0.404,True
Q09161,CAST,656,708,PF09090,MIF4G_like_2,485,759,53,1.0,0.1927,False
Q5JVS0,CAST,245,344,PF04774,HABP4_PAI-RBP1,212,315,71,0.71,0.6827,True
Q9H1J1,CAST,172,387,PF03467,Smg4_UPF3,68,225,54,0.25,0.3418,True
Q9H1J1,CAST,222,301,PF03467,Smg4_UPF3,68,225,4,0.05,0.0253,True
Q9H1J1,CAST,222,262,PF03467,Smg4_UPF3,68,225,4,0.0976,0.0253,True
Q5VYS8,CAST,1363,1452,PF00098,zf-CCHC,1452,1468,1,0.0111,0.0588,True
P61978,CAST,2,44,PF08067,ROKNT,1,43,42,0.9767,0.9767,True
P61978,CAST,2,44,PF13083,KH_KhpA-B,36,70,9,0.2093,0.2571,True
P05388,CAST,262,300,PF00428,Ribosomal_60s,231,316,39,1.0,0.4535,False
Q9H4T2,CAST,107,240,PF00096,zf-C2H2,236,258,5,0.0373,0.2174,True
Q9UHK0,CAST,159,307,PF12171,zf-C2H2_jaz,173,194,22,0.1477,1.0,True
Q9UHK0,CAST,159,307,PF10453,NUFIP1,216,267,52,0.349,1.0,True
O60870,CAST,143,202,PF10357,WH_KIN17,59,177,35,0.5833,0.2941,True
P47813,CAST,116,143,PF01176,eIF-1a,23,117,2,0.0714,0.0211,True
Q9BYN8,CAST,57,163,PF14943,MRP-S26,28,196,107,1.0,0.6331,False
Q9NWH9,CAST,57,907,PF02037,SAP,22,57,1,0.0012,0.0278,True
Q9NWH9,CAST,57,907,PF13893,RRM_5,368,479,112,0.1316,1.0,True
Q9NWH9,CAST,57,907,PF00076,RRM_1,386,455,70,0.0823,1.0,True
Q9NWH9,CAST,272,553,PF13893,RRM_5,368,479,112,0.3972,1.0,True
Q9NWH9,CAST,272,553,PF00076,RRM_1,386,455,70,0.2482,1.0,True
Q9NWH9,CAST,458,552,PF13893,RRM_5,368,479,22,0.2316,0.1964,True
Q9NWZ8,CAST,107,200,PF15348,GEMIN8,14,242,94,1.0,0.4105,False
J3KPK3,CAST,44,457,PF00076,RRM_1,10,79,36,0.087,0.5143,True
J3KPK3,CAST,44,457,PF08081,RBM1CTR,174,218,45,0.1087,1.0,True
Q8WWM7,CAST,232,938,PF06741,LsmAD,264,332,69,0.0976,1.0,True
Q8WWM7,CAST,232,938,PF07145,PAM2,654,669,16,0.0226,1.0,True
A6NDE4,CAST,44,494,PF00076,RRM_1,10,79,36,0.0798,0.5143,True
A6NDE4,CAST,44,494,PF08081,RBM1CTR,174,218,45,0.0998,1.0,True
O43148,CAST,6,168,PF03291,mRNA_G-N7_MeTrfase,137,475,32,0.1963,0.0944,True
Q14444,CAST,258,594,PF12287,Caprin-1_C,359,685,236,0.7003,0.7217,True
Q9BUJ2,CAST,9,208,PF02037,SAP,3,38,30,0.15,0.8333,True
Q9NYF8,CAST,4,772,PF15440,THRAP3_BCLAF1,108,761,654,0.8505,1.0,True
Q9NYF8,CAST,3,168,PF15440,THRAP3_BCLAF1,108,761,61,0.3675,0.0933,True
Q9NYF8,CAST,356,785,PF15440,THRAP3_BCLAF1,108,761,406,0.9442,0.6208,True
Q9NYF8,CAST,161,201,PF15440,THRAP3_BCLAF1,108,761,41,1.0,0.0627,False
Q9NYF8,CAST,676,773,PF15440,THRAP3_BCLAF1,108,761,86,0.8776,0.1315,True
Q66PJ3,CAST,5,100,PF10500,SR-25,7,235,94,0.9792,0.4105,True
Q66PJ3,CAST,6,133,PF10500,SR-25,7,235,127,0.9922,0.5546,True
P55010,CAST,347,425,PF02020,W2,311,390,44,0.557,0.55,True
Q9Y291,CAST,81,106,PF08293,MRP-S33,7,96,16,0.6154,0.1778,True
J3KPP4,CAST,231,382,PF03194,LUC7,4,245,15,0.0987,0.062,True
J3KPP4,CAST,228,454,PF03194,LUC7,4,245,18,0.0793,0.0744,True
Q9ULR0,CAST,174,278,PF06246,Isy1,1,266,93,0.8857,0.3496,True
P31943,CAST,214,261,PF08080,zf-RNPHF,255,290,7,0.1458,0.1944,True
P83731,CAST,56,147,PF01246,Ribosomal_L24e,1,66,11,0.1196,0.1667,True
P46199,CAST,447,511,PF11987,IF-2,508,606,4,0.0615,0.0404,True
Q9BVP2,CAST,2,136,PF08701,GN3L_Grn1,15,88,74,0.5481,1.0,True
P51825,CAST,97,1150,PF05110,AF-4,8,520,424,0.4023,0.8265,True
P51825,CAST,497,608,PF05110,AF-4,8,520,24,0.2143,0.0468,True
Q99613,CAST,114,303,PF05470,eIF-3c_N,31,705,190,1.0,0.2815,False
Q99613,CAST,258,288,PF05470,eIF-3c_N,31,705,31,1.0,0.0459,False
Q99613,CAST,216,242,PF05470,eIF-3c_N,31,705,27,1.0,0.04,False
Q96QR8,CAST,153,214,PF04845,PurA,31,279,62,1.0,0.249,False
P50914,CAST,93,214,PF01929,Ribosomal_L14e,47,120,28,0.2295,0.3784,True
P62241,CAST,123,157,PF01201,Ribosomal_S8e,5,190,35,1.0,0.1882,False
Q92945,CAST,498,612,PF09005,FUBP_C,611,632,2,0.0174,0.0909,True
Q92945,CAST,604,711,PF09005,FUBP_C,611,632,22,0.2037,1.0,True
Q92945,CAST,604,711,PF09005,FUBP_C,670,685,16,0.1481,1.0,True
Q12906,CAST,25,84,PF07528,DZF_N,11,221,60,1.0,0.2844,False
Q9UPQ9,CAST,128,1801,PF10427,Ago_hook,928,1059,132,0.0789,1.0,True
Q9NVR5,CAST,204,253,PF08190,PIH1,43,207,4,0.08,0.0242,True
Q99575,CAST,137,199,PF06978,POP1_N,107,183,47,0.746,0.6104,True
Q99575,CAST,137,199,PF06978,POP1_N,172,257,28,0.4444,0.3256,True
G5E9G0,CAST,63,103,PF00297,Ribosomal_L3,1,323,41,1.0,0.1269,False
P42696,CAST,355,430,PF00076,RRM_1,289,358,4,0.0526,0.0571,True
Q14966,CAST,276,895,PF00076,RRM_1,679,729,51,0.0823,1.0,True
Q8N5P1,CAST,35,227,PF00642,zf-CCCH,193,216,24,0.1244,1.0,True
Q8N5P1,CAST,35,227,PF00642,zf-CCCH,222,245,6,0.0311,0.25,True
B8ZZ98,CAST,68,102,PF08648,SNRNP27,98,119,5,0.1429,0.2273,True
P62750,CAST,4,70,PF03939,Ribosomal_L23eN,17,67,51,0.7612,1.0,True
Q9H3J6,CAST,129,164,PF00472,RF-1,54,147,19,0.5278,0.2021,True
P27824,CAST,273,354,PF00262,Calreticulin,71,440,82,1.0,0.2216,False
Q5RKV6,CAST,41,174,PF01138,RNase_PH,36,175,134,1.0,0.9571,True
P0C7P1,CAST,44,494,PF00076,RRM_1,10,79,36,0.0798,0.5143,True
P0C7P1,CAST,44,494,PF08081,RBM1CTR,174,218,45,0.0998,1.0,True
D4PHA4,CAST,316,445,PF15337,Vasculin,395,491,51,0.3923,0.5258,True
D4PHA4,CAST,476,492,PF15337,Vasculin,395,491,16,0.9412,0.1649,True
Q02878,CAST,4,87,PF03868,Ribosomal_L6e_N,36,95,52,0.619,0.8667,True
P78316,CAST,72,401,PF04147,Nop14,26,846,330,1.0,0.4019,False
P78316,CAST,778,857,PF04147,Nop14,26,846,69,0.8625,0.084,True
P78316,CAST,174,249,PF04147,Nop14,26,846,76,1.0,0.0926,False
Q9UMY1,CAST,80,257,PF08157,NUC129,172,234,63,0.3539,1.0,True
J3KQ82,CAST,44,457,PF00076,RRM_1,10,79,36,0.087,0.5143,True
J3KQ82,CAST,44,457,PF08081,RBM1CTR,174,218,45,0.1087,1.0,True
Q9BQ75,CAST,46,100,PF14617,CMS1,61,263,40,0.7273,0.197,True
Q5QJE6,CAST,584,753,PF08698,Fcf2,638,731,94,0.5529,1.0,True
X6RJY0,CAST,50,313,PF04615,Utp14,7,299,250,0.947,0.8532,True
X6RJY0,CAST,6,168,PF04615,Utp14,7,299,162,0.9939,0.5529,True
F8VVL1,CAST,89,126,PF01253,SUI1,112,157,15,0.3947,0.3261,True
Q5T7F5,CAST,26,93,PF01585,G-patch,88,130,6,0.0882,0.1395,True
E7ETK0,CAST,83,131,PF01282,Ribosomal_S24e,5,95,13,0.2653,0.1429,True
P56182,CAST,230,291,PF05997,Nop52,10,327,62,1.0,0.195,False
O15042,CAST,784,1028,PF08312,cwf21,838,884,47,0.1918,1.0,True
O15042,CAST,683,977,PF08312,cwf21,838,884,47,0.1593,1.0,True
Q5T7N2,CAST,361,731,PF02994,Transposase_22,700,795,32,0.0863,0.3333,True
E9PFF5,CAST,330,484,PF12235,FXMRP1_C_core,330,399,70,0.4516,1.0,True
E9PFF5,CAST,394,412,PF12235,FXMRP1_C_core,330,399,6,0.3158,0.0857,True
P47914,CAST,3,136,PF01779,Ribosomal_L29e,3,42,40,0.2985,1.0,True
P62945,CAST,2,25,PF05162,Ribosomal_L41,1,25,24,1.0,0.96,True
E7ET15,CAST,783,1027,PF08312,cwf21,837,883,47,0.1918,1.0,True
E7ET15,CAST,682,976,PF08312,cwf21,837,883,47,0.1593,1.0,True
Q9BTF0,CAST,117,204,PF02926,THUMP,195,256,10,0.1136,0.1613,True
Q9NP92,CAST,119,135,PF07147,PDCD9,1,429,17,1.0,0.0396,False
G5EA06,CAST,241,352,PF10037,MRP-S27,1,356,112,1.0,0.3146,True
E5RHF4,CAST,34,64,PF29471,Ribosomal_uL15_N,42,75,23,0.7419,0.6765,True
Q5TAP6,CAST,217,624,PF04615,Utp14,43,734,408,1.0,0.5896,False
Q5TAP6,CAST,239,335,PF04615,Utp14,43,734,97,1.0,0.1402,False
Q9Y2W1,CAST,2,859,PF15440,THRAP3_BCLAF1,123,792,670,0.7809,1.0,True
Q9Y2W1,CAST,2,188,PF15440,THRAP3_BCLAF1,123,792,66,0.3529,0.0985,True
Q9Y2W1,CAST,346,778,PF15440,THRAP3_BCLAF1,123,792,433,1.0,0.6463,False
Q9Y2W1,CAST,265,276,PF15440,THRAP3_BCLAF1,123,792,12,1.0,0.0179,False
P62851,CAST,4,43,PF03297,Ribosomal_S25,13,112,31,0.775,0.31,True
P62861,CAST,85,115,PF04758,Ribosomal_S30,75,132,31,1.0,0.5345,True
Q8N9N8,CAST,104,163,PF01176,eIF-1a,18,108,5,0.0833,0.0549,True
Q12872,CAST,84,186,PF09750,DRY_EERY,35,155,72,0.699,0.595,True
A0A0C4DGG8,CAST,579,902,PF02037,SAP,621,655,35,0.108,1.0,True
A0A0C4DGG8,CAST,56,133,PF14444,S1-like,132,189,2,0.0256,0.0345,True
A0A0C4DGG8,CAST,188,260,PF14444,S1-like,132,189,2,0.0274,0.0345,True
Q8IWX8,CAST,355,682,PF10477,EIF4E-T,85,360,6,0.0183,0.0217,True
Q8IWX8,CAST,253,350,PF10477,EIF4E-T,85,360,98,1.0,0.3551,True
Q8IWX8,CAST,74,103,PF10477,EIF4E-T,85,360,19,0.6333,0.0688,True
Q8IWX8,CAST,110,156,PF10477,EIF4E-T,85,360,47,1.0,0.1703,False
O95453,CAST,228,263,PF04857,CAF1,4,390,36,1.0,0.093,False
O95453,CAST,228,263,PF01424,R3H,179,243,16,0.4444,0.2462,True
F8VQP2,CAST,148,682,PF06741,LsmAD,144,211,64,0.1196,0.9412,True
F8VQP2,CAST,148,682,PF07145,PAM2,644,660,17,0.0318,1.0,True
F8VQP2,CAST,162,217,PF06741,LsmAD,144,211,50,0.8929,0.7353,True
H3BMQ2,CAST,16,131,PF01246,Ribosomal_L24e,10,48,33,0.2845,0.8462,True
Q12788,CAST,633,656,PF08625,Utp13,654,788,3,0.125,0.0222,True
H3BPE7,CAST,48,510,PF00076,RRM_1,288,366,79,0.1706,1.0,True
H3BPE7,CAST,48,510,PF00641,Zn_ribbon_RanBP,423,454,32,0.0691,1.0,True
Q96J87,CAST,187,295,PF00076,RRM_1,136,198,12,0.1101,0.1905,True
I3L0N7,CAST,32,90,PF08312,cwf21,58,101,33,0.5593,0.75,True
A0A140TA76,CAST,229,291,PF09532,FDF,226,333,63,1.0,0.5833,True
J3QL05,CAST,83,129,PF00076,RRM_1,17,86,4,0.0851,0.0571,True
P61254,CAST,108,145,PF16906,Ribosomal_L26,8,122,15,0.3947,0.1304,True
K7EJ78,CAST,40,66,PF00203,Ribosomal_S19,43,108,24,0.8889,0.3636,True
K7EJB9,CAST,115,348,PF00262,Calreticulin,65,189,75,0.3205,0.6,True
Q9UKJ3,CAST,85,234,PF12171,zf-C2H2_jaz,136,163,28,0.1867,1.0,True
O00267,CAST,725,978,PF00467,KOW,707,737,13,0.0512,0.4194,True
Q9ULX6,CAST,546,613,PF04988,AKAP95,414,549,4,0.0588,0.0294,True
Q9GZY0,CAST,508,584,PF02136,NTF2,393,540,33,0.4286,0.223,True
Q9GZY0,CAST,508,584,PF03943,TAP_C,574,622,11,0.1429,0.2245,True
P08621,CAST,46,85,PF12220,U1snRNP70_N,3,94,40,1.0,0.4348,True
Q96T37,CAST,43,185,PF00076,RRM_1,181,245,5,0.035,0.0769,True
Q96B70,CAST,169,394,PF10469,AKAP7_NLS,320,488,75,0.3319,0.4438,True
Q96B70,CAST,20,44,PF00642,zf-CCCH,44,64,1,0.04,0.0476,True
A0A2R8Y4L2,CAST,195,317,PF11627,HnRNPA1_LC,255,292,38,0.3089,1.0,True
Q9HBD4,CAST,440,717,PF07533,BRK,611,654,44,0.1583,1.0,True
A0A590UJW6,CAST,200,1062,PF00098,zf-CCHC,1045,1060,16,0.0185,1.0,True
A0A8I5KX04,CAST,924,1071,PF20844,PCF11_RFEG_rpt,908,992,69,0.4662,0.8118,True
A0A8I5KX04,CAST,924,1071,PF20844,PCF11_RFEG_rpt,995,1093,77,0.5203,0.7778,True
A0A8I5KX04,CAST,195,243,PF20845,Pcf11_helical,199,236,38,0.7755,1.0,True
A0ABB0MV08,CAST,217,365,PF11627,HnRNPA1_LC,312,350,39,0.2617,1.0,True
A0ACI8RL22,CAST,1138,1325,PF20692,cpSF2-GREB1,711,1395,188,1.0,0.2745,False
A0ACI8PJP7,CAST,147,578,PF16741,mRNA_decap_C,555,595,24,0.0556,0.5854,True
A0ACI8PUZ8,CAST,468,547,PF24385,DSRM_DHX29,431,508,41,0.5125,0.5256,True
A0ACI8PUZ8,CAST,500,514,PF24385,DSRM_DHX29,431,508,9,0.6,0.1154,True
A0ACI8PR05,CAST,158,336,PF17176,tRNA_bind_3,91,171,14,0.0782,0.1728,True
A0ACI8RSP0,CAST,34,64,PF29471,Ribosomal_uL15_N,42,75,23,0.7419,0.6765,True
A0ACI8PX57,CAST,195,375,PF11627,HnRNPA1_LC,307,344,38,0.2099,1.0,True
A0ACI8QLY8,CAST,26,57,PF08143,CBFNT,1,70,32,1.0,0.4571,False
A0ACI8RX58,CAST,138,342,PF04889,Cwf_Cwc_15,246,337,92,0.4488,1.0,True
A0ACI8RX58,CAST,275,301,PF04889,Cwf_Cwc_15,246,337,27,1.0,0.2935,False
A0ACI8RX58,CAST,56,273,PF04889,Cwf_Cwc_15,246,337,28,0.1284,0.3043,True
A0ACI8SL57,CAST,52,162,PF01280,Ribosomal_L19e,3,55,4,0.036,0.0755,True
A0ACI8SL57,CAST,52,162,PF25476,Ribosomal_L19e_C,57,93,37,0.3333,1.0,True
A0ACI8SNF6,CAST,116,153,PF16906,Ribosomal_L26,8,130,15,0.3947,0.122,True
A0ACI8TLM1,CAST,69,106,PF00076,RRM_1,12,71,3,0.0789,0.05,True
A0ACI8TQS2,CAST,720,974,PF04851,ResIII,967,1136,8,0.0314,0.0471,True
A0ACI8TSN5,CAST,175,239,PF14204,Ribosomal_L18_c,191,244,49,0.7538,0.9074,True
A0ACI8TSY6,CAST,1192,1395,PF04146,YTH,1320,1450,76,0.3725,0.5802,True
A0ACI8TXE9,CAST,17,648,PF08072,BDHCT,372,412,41,0.0649,1.0,True
A0ACI8TWM6,CAST,610,887,PF08147,DBP10CT,737,797,61,0.2194,1.0,True
A0ACI8TWM6,CAST,754,904,PF08147,DBP10CT,737,797,44,0.2914,0.7213,True
A0ACI8U1B9,CAST,25,84,PF07528,DZF_N,11,221,60,1.0,0.2844,False
A0ACI8UB86,CAST,111,185,PF06658,DUF1168,68,199,75,1.0,0.5682,False
A0ACI8UES1,CAST,197,244,PF08080,zf-RNPHF,238,273,7,0.1458,0.1944,True
A0ACI8UTL7,CAST,57,400,PF00076,RRM_1,10,80,24,0.0698,0.338,True
A0ACI8UTL7,CAST,57,400,PF08081,RBM1CTR,173,217,45,0.1308,1.0,True
A0ACI8V583,CAST,163,326,PF00076,RRM_1,99,167,5,0.0305,0.0725,True
A6NEQ0,CAST,44,494,PF00076,RRM_1,10,79,36,0.0798,0.5143,True
A6NEQ0,CAST,44,494,PF08081,RBM1CTR,174,218,45,0.0998,1.0,True
O43251,CAST,272,378,PF12414,Fox-1_C,265,362,91,0.8505,0.9286,True
O43395,CAST,442,535,PF08572,PRP3,308,521,80,0.8511,0.3738,True
O43395,CAST,68,124,PF01480,PWI,9,77,10,0.1754,0.1449,True
O43426,CAST,982,1529,PF08952,DUF1866,867,1006,25,0.0456,0.1786,True
P09651,CAST,195,369,PF11627,HnRNPA1_LC,307,344,38,0.2171,1.0,True
P0DJD3,CAST,44,494,PF00076,RRM_1,10,79,36,0.0798,0.5143,True
P0DJD3,CAST,44,494,PF08081,RBM1CTR,174,218,45,0.0998,1.0,True
P23588,CAST,163,440,PF00076,RRM_1,99,167,5,0.018,0.0725,True
P26651,CAST,21,296,PF00642,zf-CCCH,104,129,26,0.0942,1.0,True
P26651,CAST,21,296,PF14608,zf-CCCH_2,108,129,22,0.0797,1.0,True
P26651,CAST,21,296,PF00642,zf-CCCH,142,168,27,0.0978,1.0,True
P35637,CAST,48,509,PF00076,RRM_1,287,365,79,0.171,1.0,True
P35637,CAST,48,509,PF00641,Zn_ribbon_RanBP,422,453,32,0.0693,1.0,True
P38159,CAST,57,389,PF00076,RRM_1,10,80,24,0.0721,0.338,True
P38159,CAST,57,389,PF08081,RBM1CTR,173,217,45,0.1351,1.0,True
P51114,CAST,379,593,PF12235,FXMRP1_C_core,379,448,70,0.3256,1.0,True
P51114,CAST,443,461,PF12235,FXMRP1_C_core,379,448,6,0.3158,0.0857,True
Q01130,CAST,83,207,PF00076,RRM_1,17,86,4,0.032,0.0571,True
Q01844,CAST,472,640,PF00641,Zn_ribbon_RanBP,518,548,31,0.1834,1.0,True
Q01844,CAST,546,559,PF00641,Zn_ribbon_RanBP,518,548,3,0.2143,0.0968,True
Q15020,CAST,6,104,PF05843,Suf,98,274,7,0.0707,0.0395,True
Q15020,CAST,919,957,PF05391,Lsm_interact,944,962,14,0.359,0.7368,True
Q15459,CAST,230,367,PF12230,PRP21_like_P,233,472,135,0.9783,0.5625,True
Q15459,CAST,369,407,PF12230,PRP21_like_P,233,472,39,1.0,0.1625,False
Q15459,CAST,2,47,PF01805,Surp,45,107,3,0.0652,0.0476,True
Q15459,CAST,102,139,PF01805,Surp,45,107,6,0.1579,0.0952,True
Q86VM9,CAST,5,517,PF00642,zf-CCCH,221,243,23,0.0448,1.0,True
Q8IX12,CAST,594,917,PF02037,SAP,636,670,35,0.108,1.0,True
Q8IX12,CAST,56,357,PF14444,S1-like,147,204,58,0.1921,1.0,True
Q8N1G2,CAST,26,93,PF01585,G-patch,88,130,6,0.0882,0.1395,True
Q8N2M8,CAST,146,278,PF09750,DRY_EERY,40,169,24,0.1805,0.1846,True
Q9BXP5,CAST,760,828,PF04959,ARS2,646,851,69,1.0,0.335,False
Q9HCJ0,CAST,2,1913,PF10427,Ago_hook,1035,1148,114,0.0596,1.0,True
Q9HCJ0,CAST,2,1913,PF00076,RRM_1,1762,1825,64,0.0335,1.0,True
Q9UQ35,CAST,32,134,PF08312,cwf21,58,101,44,0.4272,1.0,True
Q7Z417,SEG_strict,372,385,PF15293,NUFIP2,89,688,14,1.0,0.0233,False
Q4ZG55,SEG_strict,1216,1231,PF20692,cpSF2-GREB1,658,1377,16,1.0,0.0222,False
Q9UKA9,SEG_strict,314,323,PF13893,RRM_5,321,434,3,0.3,0.0263,True
Q06787,SEG_strict,526,548,PF12235,FXMRP1_C_core,420,542,17,0.7391,0.1382,True
P05388,SEG_strict,275,295,PF00428,Ribosomal_60s,231,316,21,1.0,0.2442,False
Q9NYF8,SEG_strict,120,150,PF15440,THRAP3_BCLAF1,108,761,31,1.0,0.0474,False
Q9NYF8,SEG_strict,748,763,PF15440,THRAP3_BCLAF1,108,761,14,0.875,0.0214,True
Q66PJ3,SEG_strict,73,97,PF10500,SR-25,7,235,25,1.0,0.1092,False
Q66PJ3,SEG_strict,100,127,PF10500,SR-25,7,235,28,1.0,0.1223,False
P51825,SEG_strict,469,493,PF05110,AF-4,8,520,25,1.0,0.0487,False
Q99613,SEG_strict,215,229,PF05470,eIF-3c_N,31,705,15,1.0,0.0222,False
Q96QR8,SEG_strict,200,213,PF04845,PurA,31,279,14,1.0,0.0562,False
Q52LJ0,SEG_strict,330,385,PF10239,DUF2465,35,330,1,0.0179,0.0034,True
Q5RKV6,SEG_strict,156,171,PF01138,RNase_PH,36,175,16,1.0,0.1143,True
Q9NP92,SEG_strict,118,135,PF07147,PDCD9,1,429,18,1.0,0.042,False
Q9Y2W1,SEG_strict,145,167,PF15440,THRAP3_BCLAF1,123,792,23,1.0,0.0343,False
Q8IWX8,SEG_strict,329,342,PF10477,EIF4E-T,85,360,14,1.0,0.0507,False
Q8IWX8,SEG_strict,352,373,PF10477,EIF4E-T,85,360,9,0.4091,0.0326,True
A0ACI8PX57,SEG_strict,290,310,PF11627,HnRNPA1_LC,307,344,4,0.1905,0.1053,True
A0ACI8QLY8,SEG_strict,29,45,PF08143,CBFNT,1,70,17,1.0,0.2429,False
A0ACI8RX58,SEG_strict,273,310,PF04889,Cwf_Cwc_15,246,337,38,1.0,0.413,False
O43251,SEG_strict,333,347,PF12414,Fox-1_C,265,362,15,1.0,0.1531,False
P09651,SEG_strict,290,310,PF11627,HnRNPA1_LC,307,344,4,0.1905,0.1053,True
Q15459,SEG_strict,253,267,PF12230,PRP21_like_P,233,472,15,1.0,0.0625,False
Q9UJK0,fLPS_strict,71,92,PF04068,Fer4_RLI,60,92,22,1.0,0.6667,True
P82673,fLPS_strict,232,259,PF10213,MRP-S28,147,235,4,0.1429,0.0449,True
Q9H6S0,fLPS_strict,736,756,PF00271,Helicase_C,613,743,8,0.381,0.0611,True
Q9H6S0,fLPS_strict,252,262,PF00270,DEAD,198,352,11,1.0,0.071,False
Q9H6S0,fLPS_strict,242,281,PF00270,DEAD,198,352,40,1.0,0.2581,False
Q9H6S0,fLPS_strict,249,267,PF00270,DEAD,198,352,19,1.0,0.1226,False
Q9H000,fLPS_strict,171,196,PF00642,zf-CCCH,169,191,21,0.8077,0.913,True
Q9BRR8,fLPS_strict,174,181,PF01585,G-patch,154,176,3,0.375,0.1304,True
P46782,fLPS_strict,74,78,PF00177,Ribosomal_S7,46,204,5,1.0,0.0314,False
Q9UNQ2,fLPS_strict,198,217,PF00398,RrnaAD,30,255,20,1.0,0.0885,False
Q9UNQ2,fLPS_strict,34,49,PF00398,RrnaAD,30,255,16,1.0,0.0708,True
Q9H501,fLPS_strict,787,818,PF08159,NUC153,759,787,1,0.0312,0.0345,True
Q9H501,fLPS_strict,781,818,PF08159,NUC153,759,787,7,0.1842,0.2414,True
Q9UJA5,fLPS_strict,148,153,PF04189,Gcd10p,20,254,6,1.0,0.0255,False
Q9UJA5,fLPS_strict,203,221,PF04189,Gcd10p,20,254,19,1.0,0.0809,False
Q9UJA5,fLPS_strict,200,235,PF04189,Gcd10p,20,254,36,1.0,0.1532,False
P26640,fLPS_strict,709,727,PF00133,tRNA-synt_1,309,939,19,1.0,0.0301,False
P26640,fLPS_strict,1062,1102,PF08264,Anticodon_1,984,1132,41,1.0,0.2752,False
P26640,fLPS_strict,309,313,PF00133,tRNA-synt_1,309,939,5,1.0,0.0079,True
P26640,fLPS_strict,686,692,PF00133,tRNA-synt_1,309,939,7,1.0,0.0111,False
Q9Y3I0,fLPS_strict,404,426,PF01139,RtcB,68,505,23,1.0,0.0525,False
O00178,fLPS_strict,301,307,PF00009,GTP_EFTU,162,383,7,1.0,0.0315,False
Q6NTF7,fLPS_strict,73,88,PF08210,AID,28,179,16,1.0,0.1053,False
O15371,fLPS_strict,95,112,PF05091,eIF-3_zeta,4,521,18,1.0,0.0347,False
O15371,fLPS_strict,226,230,PF05091,eIF-3_zeta,4,521,5,1.0,0.0097,False
O15371,fLPS_strict,116,156,PF05091,eIF-3_zeta,4,521,41,1.0,0.0792,False
Q7RTV0,fLPS_strict,11,85,PF03660,PHF5,11,104,75,1.0,0.7979,True
O75132,fLPS_strict,791,795,PF27041,ZBED1_RNase-like,731,816,5,1.0,0.0581,False
Q13686,fLPS_strict,268,278,PF13532,2OG-FeII_Oxy_2,101,344,11,1.0,0.0451,False
Q13686,fLPS_strict,290,314,PF13532,2OG-FeII_Oxy_2,101,344,25,1.0,0.1025,False
Q4VXU2,fLPS_strict,302,308,PF00076,RRM_1,296,363,7,1.0,0.1029,True
Q4VXU2,fLPS_strict,259,290,PF00076,RRM_1,193,261,3,0.0938,0.0435,True
P60228,fLPS_strict,127,152,PF09440,eIF3_N,5,138,12,0.4615,0.0896,True
P14866,fLPS_strict,335,382,PF13893,RRM_5,357,480,26,0.5417,0.2097,True
P14866,fLPS_strict,318,364,PF13893,RRM_5,357,480,8,0.1702,0.0645,True
P14866,fLPS_strict,311,378,PF13893,RRM_5,357,480,22,0.3235,0.1774,True
Q15428,fLPS_strict,206,212,PF16835,SF3A2,112,206,1,0.1429,0.0105,True
Q9NW13,fLPS_strict,347,353,PF00076,RRM_1,337,394,7,1.0,0.1207,True
Q9BYC8,fLPS_strict,84,95,PF01783,Ribosomal_L32p,79,130,12,1.0,0.2308,True
Q9BYC8,fLPS_strict,110,131,PF01783,Ribosomal_L32p,79,130,21,0.9545,0.4038,True
Q7Z333,fLPS_strict,2018,2032,PF00580,UvrD-helicase,1955,2210,15,1.0,0.0586,False
Q7Z333,fLPS_strict,2143,2151,PF00580,UvrD-helicase,1955,2210,9,1.0,0.0352,False
Q9H6R0,fLPS_strict,351,366,PF00271,Helicase_C,286,408,16,1.0,0.1301,False
Q7Z417,fLPS_strict,373,415,PF15293,NUFIP2,89,688,43,1.0,0.0717,False
Q7Z417,fLPS_strict,339,344,PF15293,NUFIP2,89,688,6,1.0,0.01,False
Q7Z417,fLPS_strict,136,166,PF15293,NUFIP2,89,688,31,1.0,0.0517,False
P84098,fLPS_strict,60,117,PF25476,Ribosomal_L19e_C,57,145,58,1.0,0.6517,True
Q9NY12,fLPS_strict,148,168,PF04410,Gar1,70,158,11,0.5238,0.1236,True
Q9H6F5,fLPS_strict,274,314,PF03879,Cgr1,237,338,41,1.0,0.402,False
Q9H6F5,fLPS_strict,212,252,PF03879,Cgr1,237,338,16,0.3902,0.1569,True
Q9H6F5,fLPS_strict,327,334,PF03879,Cgr1,237,338,8,1.0,0.0784,True
Q9H6F5,fLPS_strict,288,292,PF03879,Cgr1,237,338,5,1.0,0.049,False
Q9H6F5,fLPS_strict,273,317,PF03879,Cgr1,237,338,45,1.0,0.4412,False
A0A499FI31,fLPS_strict,943,966,PF05391,Lsm_interact,962,980,5,0.2083,0.2632,True
A0A499FI31,fLPS_strict,82,103,PF05843,Suf,98,424,6,0.2727,0.0183,True
A0A499FI31,fLPS_strict,195,202,PF05843,Suf,98,424,8,1.0,0.0245,False
A0A499FI31,fLPS_strict,833,837,PF00076,RRM_1,821,889,5,1.0,0.0725,False
Q9Y6K5,fLPS_strict,663,667,PF10421,OAS1_C,560,744,5,1.0,0.027,False
Q13242,fLPS_strict,81,112,PF00076,RRM_1,16,83,3,0.0938,0.0441,True
Q9NQE9,fLPS_strict,143,147,PF11969,DcpS_C,48,157,5,1.0,0.0455,True
C9IY40,fLPS_strict,83,99,PF00181,Ribosomal_L2_N,78,164,17,1.0,0.1954,True
P54136,fLPS_strict,449,453,PF00750,tRNA-synt_1d,174,520,5,1.0,0.0144,False
O60739,fLPS_strict,56,66,PF01253,SUI1,28,102,11,1.0,0.1467,False
P19525,fLPS_strict,60,81,PF00035,dsrm,13,75,16,0.7273,0.254,True
Q4ZG55,fLPS_strict,1214,1232,PF20692,cpSF2-GREB1,658,1377,19,1.0,0.0264,False
Q4ZG55,fLPS_strict,1109,1146,PF20692,cpSF2-GREB1,658,1377,38,1.0,0.0528,False
Q4ZG55,fLPS_strict,1161,1200,PF20692,cpSF2-GREB1,658,1377,40,1.0,0.0556,False
Q4ZG55,fLPS_strict,762,782,PF20692,cpSF2-GREB1,658,1377,21,1.0,0.0292,False
Q4ZG55,fLPS_strict,1109,1146,PF20692,cpSF2-GREB1,658,1377,38,1.0,0.0528,False
Q03701,fLPS_strict,624,651,PF03914,CBF,523,731,28,1.0,0.134,False
Q03701,fLPS_strict,642,677,PF03914,CBF,523,731,36,1.0,0.1722,False
Q03701,fLPS_strict,624,672,PF03914,CBF,523,731,49,1.0,0.2344,False
Q99848,fLPS_strict,224,258,PF05890,Ebp2,47,298,35,1.0,0.1389,False
O95926,fLPS_strict,76,109,PF08231,SYF2,91,238,19,0.5588,0.1284,True
O95926,fLPS_strict,114,118,PF08231,SYF2,91,238,5,1.0,0.0338,False
O95926,fLPS_strict,69,118,PF08231,SYF2,91,238,28,0.56,0.1892,True
Q9UKF6,fLPS_strict,649,670,PF11718,CPSF73-100_C,479,682,22,1.0,0.1078,False
Q9BWT3,fLPS_strict,502,506,PF04926,PAP_RNA-bind,424,506,5,1.0,0.0602,True
Q13148,fLPS_strict,210,234,PF00076,RRM_1,193,241,25,1.0,0.5102,True
Q96QD9,fLPS_strict,52,97,PF07078,FYTT,12,318,46,1.0,0.1498,False
Q96QD9,fLPS_strict,59,76,PF07078,FYTT,12,318,18,1.0,0.0586,False
Q96QD9,fLPS_strict,48,97,PF07078,FYTT,12,318,50,1.0,0.1629,False
Q06265,fLPS_strict,145,156,PF01138,RNase_PH,32,163,12,1.0,0.0909,True
P09012,fLPS_strict,20,28,PF00076,RRM_1,12,82,9,1.0,0.1268,True
Q13247,fLPS_strict,174,279,PF00076,RRM_1,112,177,4,0.0377,0.0606,True
Q13247,fLPS_strict,64,95,PF00076,RRM_1,4,64,1,0.0312,0.0164,True
Q8WVK2,fLPS_strict,69,102,PF08648,SNRNP27,98,153,5,0.1471,0.0893,True
Q8WVK2,fLPS_strict,103,107,PF08648,SNRNP27,98,153,5,1.0,0.0893,True
Q8WVK2,fLPS_strict,68,105,PF08648,SNRNP27,98,153,8,0.2105,0.1429,True
O00566,fLPS_strict,109,137,PF04006,Mpp10,25,594,29,1.0,0.0509,False
O00566,fLPS_strict,555,612,PF04006,Mpp10,25,594,40,0.6897,0.0702,True
O00566,fLPS_strict,209,246,PF04006,Mpp10,25,594,38,1.0,0.0667,False
O00566,fLPS_strict,292,319,PF04006,Mpp10,25,594,28,1.0,0.0491,False
O00566,fLPS_strict,225,245,PF04006,Mpp10,25,594,21,1.0,0.0368,False
O00566,fLPS_strict,268,294,PF04006,Mpp10,25,594,27,1.0,0.0474,False
O00566,fLPS_strict,310,314,PF04006,Mpp10,25,594,5,1.0,0.0088,False
O00566,fLPS_strict,168,176,PF04006,Mpp10,25,594,9,1.0,0.0158,False
O00566,fLPS_strict,517,522,PF04006,Mpp10,25,594,6,1.0,0.0105,False
O00566,fLPS_strict,75,92,PF04006,Mpp10,25,594,18,1.0,0.0316,False
O00566,fLPS_strict,125,145,PF04006,Mpp10,25,594,21,1.0,0.0368,False
O00566,fLPS_strict,109,153,PF04006,Mpp10,25,594,45,1.0,0.0789,False
O00566,fLPS_strict,574,597,PF04006,Mpp10,25,594,21,0.875,0.0368,True
O00566,fLPS_strict,209,246,PF04006,Mpp10,25,594,38,1.0,0.0667,False
O00566,fLPS_strict,268,320,PF04006,Mpp10,25,594,53,1.0,0.093,False
Q96EU6,fLPS_strict,169,205,PF06102,RRP36,90,252,37,1.0,0.227,False
Q96EU6,fLPS_strict,241,252,PF06102,RRP36,90,252,12,1.0,0.0736,True
Q96EU6,fLPS_strict,147,158,PF06102,RRP36,90,252,12,1.0,0.0736,False
Q5JTZ9,fLPS_strict,721,730,PF07973,tRNA_SAD,721,778,10,1.0,0.1724,True
Q5JTZ9,fLPS_strict,351,359,PF01411,tRNA-synt_2c,42,623,9,1.0,0.0155,False
Q5JTZ9,fLPS_strict,36,45,PF01411,tRNA-synt_2c,42,623,4,0.4,0.0069,True
Q5JTZ9,fLPS_strict,376,380,PF01411,tRNA-synt_2c,42,623,5,1.0,0.0086,False
Q5JTZ9,fLPS_strict,414,424,PF01411,tRNA-synt_2c,42,623,11,1.0,0.0189,False
Q9Y235,fLPS_strict,51,56,PF08210,AID,52,219,5,0.8333,0.0298,True
Q9BZI7,fLPS_strict,138,146,PF03467,Smg4_UPF3,51,208,9,1.0,0.057,False
Q9BZI7,fLPS_strict,205,269,PF03467,Smg4_UPF3,51,208,4,0.0615,0.0253,True
Q92797,fLPS_strict,1043,1060,PF12295,Symplekin_C,887,1068,18,1.0,0.0989,True
P08579,fLPS_strict,165,169,PF00076,RRM_1,153,212,5,1.0,0.0833,False
P08579,fLPS_strict,129,163,PF00076,RRM_1,153,212,11,0.3143,0.1833,True
Q9Y3A5,fLPS_strict,184,195,PF20268,SBDS_C,172,239,12,1.0,0.1765,False
Q8IWZ8,fLPS_strict,574,605,PF01585,G-patch,563,606,32,1.0,0.7273,True
Q8IWZ8,fLPS_strict,166,187,PF01805,Surp,184,248,4,0.1818,0.0615,True
Q8IWZ8,fLPS_strict,569,573,PF01585,G-patch,563,606,5,1.0,0.1136,True
P21506,fLPS_strict,419,427,PF00096,zf-C2H2,405,427,9,1.0,0.3913,True
P21506,fLPS_strict,490,494,PF00096,zf-C2H2,489,511,5,1.0,0.2174,True
P51116,fLPS_strict,468,541,PF12235,FXMRP1_C_core,364,491,24,0.3243,0.1875,True
P51116,fLPS_strict,426,444,PF12235,FXMRP1_C_core,364,491,19,1.0,0.1484,False
P51116,fLPS_strict,414,418,PF12235,FXMRP1_C_core,364,491,5,1.0,0.0391,False
P51116,fLPS_strict,460,501,PF12235,FXMRP1_C_core,364,491,32,0.7619,0.25,True
P51116,fLPS_strict,389,408,PF12235,FXMRP1_C_core,364,491,20,1.0,0.1562,False
P51116,fLPS_strict,432,437,PF12235,FXMRP1_C_core,364,491,6,1.0,0.0469,False
P51116,fLPS_strict,463,552,PF12235,FXMRP1_C_core,364,491,29,0.3222,0.2266,True
P51116,fLPS_strict,426,444,PF12235,FXMRP1_C_core,364,491,19,1.0,0.1484,False
Q8IX18,fLPS_strict,332,336,PF00271,Helicase_C,268,400,5,1.0,0.0376,False
Q7Z478,fLPS_strict,501,508,PF24385,DSRM_DHX29,431,508,8,1.0,0.1026,True
Q7Z478,fLPS_strict,978,998,PF00271,Helicase_C,864,985,8,0.381,0.0656,True
Q7Z478,fLPS_strict,589,593,PF00270,DEAD,580,739,5,1.0,0.0312,True
Q9H5Z1,fLPS_strict,378,382,PF00271,Helicase_C,262,397,5,1.0,0.0368,False
Q96DF8,fLPS_strict,132,143,PF09751,Es2,34,401,12,1.0,0.0326,False
Q96DF8,fLPS_strict,98,105,PF09751,Es2,34,401,8,1.0,0.0217,False
Q96DF8,fLPS_strict,185,189,PF09751,Es2,34,401,5,1.0,0.0136,False
Q96DF8,fLPS_strict,116,143,PF09751,Es2,34,401,28,1.0,0.0761,False
Q96DF8,fLPS_strict,258,277,PF09751,Es2,34,401,20,1.0,0.0543,False
Q14151,fLPS_strict,482,504,PF13893,RRM_5,399,487,6,0.2609,0.0674,True
Q96H86,fLPS_strict,221,243,PF00096,zf-C2H2,203,225,5,0.2174,0.2174,True
Q96H86,fLPS_strict,221,243,PF00096,zf-C2H2,231,253,13,0.5652,0.5652,True
P41091,fLPS_strict,94,118,PF00009,GTP_EFTU,41,244,25,1.0,0.1225,False
P41091,fLPS_strict,220,247,PF00009,GTP_EFTU,41,244,25,0.8929,0.1225,True
P61353,fLPS_strict,59,73,PF01777,Ribosomal_L27e,10,136,15,1.0,0.1181,False
Q9H9Z2,fLPS_strict,139,174,PF00098,zf-CCHC,138,153,15,0.4167,0.9375,True
O43159,fLPS_strict,424,429,PF05148,Methyltransf_8,238,456,6,1.0,0.0274,False
P57772,fLPS_strict,180,203,PF00009,GTP_EFTU,8,211,24,1.0,0.1176,True
P57772,fLPS_strict,270,281,PF03144,GTP_EFTU_D2,238,301,12,1.0,0.1875,False
P57772,fLPS_strict,100,110,PF00009,GTP_EFTU,8,211,11,1.0,0.0539,False
P57772,fLPS_strict,59,84,PF00009,GTP_EFTU,8,211,26,1.0,0.1275,False
Q12849,fLPS_strict,446,466,PF28441,RRM_11,403,475,21,1.0,0.2877,True
O75616,fLPS_strict,200,206,PF01926,MMR_HSR1,115,237,7,1.0,0.0569,False
O75616,fLPS_strict,200,206,PF00009,GTP_EFTU,188,327,7,1.0,0.05,False
P38935,fLPS_strict,777,842,PF01424,R3H,731,784,8,0.1212,0.1481,True
P38935,fLPS_strict,306,335,PF04851,ResIII,196,378,30,1.0,0.1639,False
Q9BXT8,fLPS_strict,988,1008,PF00567,TUDOR,915,1030,21,1.0,0.181,False
Q9BXT8,fLPS_strict,1433,1459,PF00567,TUDOR,1454,1550,6,0.2222,0.0619,True
Q9P031,fLPS_strict,161,221,PF08524,rRNA_processing,125,239,61,1.0,0.5304,False
Q9P031,fLPS_strict,161,221,PF08524,rRNA_processing,125,239,61,1.0,0.5304,False
P05198,fLPS_strict,53,57,PF00575,S1,14,88,5,1.0,0.0667,False
P05198,fLPS_strict,238,245,PF07541,EIF_2_alpha,131,243,6,0.75,0.0531,True
P82909,fLPS_strict,37,61,PF10937,Kgd4-YMR31,13,101,25,1.0,0.2809,False
P82909,fLPS_strict,12,16,PF10937,Kgd4-YMR31,13,101,4,0.8,0.0449,True
Q5TAX3,fLPS_strict,1335,1370,PF00098,zf-CCHC,1358,1374,13,0.3611,0.7647,True
Q8NAV1,fLPS_strict,172,205,PF03371,PRP38,11,174,3,0.0882,0.0183,True
Q9HA77,fLPS_strict,169,180,PF01406,tRNA-synt_1e,69,364,12,1.0,0.0405,False
Q9HA77,fLPS_strict,331,343,PF01406,tRNA-synt_1e,69,364,13,1.0,0.0439,False
Q9HA77,fLPS_strict,312,343,PF01406,tRNA-synt_1e,69,364,32,1.0,0.1081,False
Q15646,fLPS_strict,162,171,PF10421,OAS1_C,168,350,4,0.4,0.0219,True
Q504Q3,fLPS_strict,986,990,PF00929,RNase_T,975,1147,5,1.0,0.0289,False
Q96K80,fLPS_strict,43,59,PF00642,zf-CCCH,40,61,17,1.0,0.7727,True
O00425,fLPS_strict,547,575,PF00013,KH_1,491,555,9,0.3103,0.1385,True
Q9NY93,fLPS_strict,246,263,PF00271,Helicase_C,244,380,18,1.0,0.1314,True
P48200,fLPS_strict,288,298,PF00330,Aconitase,212,639,11,1.0,0.0257,False
Q9BRD0,fLPS_strict,550,561,PF09736,Bud13,460,600,12,1.0,0.0851,False
Q9BRD0,fLPS_strict,503,509,PF09736,Bud13,460,600,7,1.0,0.0496,False
Q9BRD0,fLPS_strict,569,573,PF09736,Bud13,460,600,5,1.0,0.0355,False
Q9BRD0,fLPS_strict,436,460,PF09736,Bud13,460,600,1,0.04,0.0071,True
P05455,fLPS_strict,316,363,PF08777,RRM_3,231,334,19,0.3958,0.1827,True
P05455,fLPS_strict,328,361,PF08777,RRM_3,231,334,7,0.2059,0.0673,True
Q96FV9,fLPS_strict,450,483,PF11957,efThoc1,71,538,34,1.0,0.0726,False
Q96FV9,fLPS_strict,204,221,PF11957,efThoc1,71,538,18,1.0,0.0385,False
Q96FV9,fLPS_strict,538,559,PF11957,efThoc1,71,538,1,0.0455,0.0021,True
Q96FV9,fLPS_strict,448,491,PF11957,efThoc1,71,538,44,1.0,0.094,False
Q96FV9,fLPS_strict,538,562,PF11957,efThoc1,71,538,1,0.04,0.0021,True
O75691,fLPS_strict,1319,1346,PF07539,UTP20_N,910,1533,28,1.0,0.0449,False
O75691,fLPS_strict,931,946,PF07539,UTP20_N,910,1533,16,1.0,0.0256,False
O75691,fLPS_strict,931,953,PF07539,UTP20_N,910,1533,23,1.0,0.0369,False
Q9NYH9,fLPS_strict,70,74,PF08640,U3_assoc_6,9,91,5,1.0,0.0602,False
P49588,fLPS_strict,314,333,PF01411,tRNA-synt_2c,9,596,20,1.0,0.034,False
P49588,fLPS_strict,350,354,PF01411,tRNA-synt_2c,9,596,5,1.0,0.0085,False
P49588,fLPS_strict,929,933,PF02272,DHHA1,855,959,5,1.0,0.0476,False
P56192,fLPS_strict,389,441,PF09334,tRNA-synt_1g,266,657,53,1.0,0.1352,False
P56192,fLPS_strict,642,655,PF09334,tRNA-synt_1g,266,657,14,1.0,0.0357,True
P56192,fLPS_strict,536,540,PF09334,tRNA-synt_1g,266,657,5,1.0,0.0128,False
P56192,fLPS_strict,361,372,PF09334,tRNA-synt_1g,266,657,12,1.0,0.0306,False
P56192,fLPS_strict,638,655,PF09334,tRNA-synt_1g,266,657,18,1.0,0.0459,True
P56192,fLPS_strict,357,372,PF09334,tRNA-synt_1g,266,657,16,1.0,0.0408,False
Q15434,fLPS_strict,109,132,PF00076,RRM_1,58,118,10,0.4167,0.1639,True
P49790,fLPS_strict,815,842,PF00641,Zn_ribbon_RanBP,794,822,8,0.2857,0.2759,True
P49790,fLPS_strict,799,816,PF00641,Zn_ribbon_RanBP,794,822,18,1.0,0.6207,True
P49790,fLPS_strict,728,753,PF00641,Zn_ribbon_RanBP,723,751,24,0.9231,0.8276,True
P49790,fLPS_strict,796,842,PF00641,Zn_ribbon_RanBP,794,822,27,0.5745,0.931,True
Q9Y473,fLPS_strict,517,531,PF00096,zf-C2H2,503,525,9,0.6,0.3913,True
Q9Y473,fLPS_strict,461,497,PF00096,zf-C2H2,475,497,23,0.6216,1.0,True
Q9Y473,fLPS_strict,335,340,PF00096,zf-C2H2,336,357,5,0.8333,0.2273,True
Q14562,fLPS_strict,980,1011,PF04408,WHD_HA2,957,985,6,0.1875,0.2069,True
Q14562,fLPS_strict,257,262,PF00575,S1,261,333,2,0.3333,0.0274,True
Q14562,fLPS_strict,306,323,PF00575,S1,261,333,18,1.0,0.2466,True
Q6P1Q9,fLPS_strict,256,260,PF13847,Methyltransf_31,180,334,5,1.0,0.0323,False
Q8TDI0,fLPS_strict,872,893,PF04851,ResIII,700,878,7,0.3182,0.0391,True
Q8IXZ2,fLPS_strict,645,687,PF00642,zf-CCCH,669,694,19,0.4419,0.7308,True
Q8IXZ2,fLPS_strict,756,793,PF00642,zf-CCCH,752,774,19,0.5,0.8261,True
Q8IXZ2,fLPS_strict,756,793,PF00642,zf-CCCH,776,794,18,0.4737,0.9474,True
Q8IXZ2,fLPS_strict,769,773,PF00642,zf-CCCH,752,774,5,1.0,0.2174,True
Q8IXZ2,fLPS_strict,783,806,PF00642,zf-CCCH,776,794,12,0.5,0.6316,True
Q8IXZ2,fLPS_strict,761,778,PF00642,zf-CCCH,752,774,14,0.7778,0.6087,True
Q8IXZ2,fLPS_strict,761,778,PF00642,zf-CCCH,776,794,3,0.1667,0.1579,True
Q92900,fLPS_strict,123,145,PF09416,UPF1_Zn_bind,121,272,23,1.0,0.1513,True
Q92900,fLPS_strict,183,188,PF09416,UPF1_Zn_bind,121,272,6,1.0,0.0395,False
Q9UPR6,fLPS_strict,550,585,PF07528,DZF_N,585,783,1,0.0278,0.005,True
Q86US8,fLPS_strict,1003,1009,PF10373,EST1_DNA_bind,751,1104,7,1.0,0.0198,False
Q86US8,fLPS_strict,1081,1085,PF10373,EST1_DNA_bind,751,1104,5,1.0,0.0141,False
Q86US8,fLPS_strict,1359,1364,PF13638,PIN_4,1248,1408,6,1.0,0.0373,False
Q9NVP1,fLPS_strict,421,427,PF00271,Helicase_C,416,518,7,1.0,0.068,True
Q9NVP1,fLPS_strict,276,280,PF00270,DEAD,203,374,5,1.0,0.0291,False
Q9NVP1,fLPS_strict,276,280,PF04851,ResIII,205,367,5,1.0,0.0307,False
Q9NVP1,fLPS_strict,411,432,PF00271,Helicase_C,416,518,17,0.7727,0.165,True
Q9H0J9,fLPS_strict,542,551,PF00644,PARP,507,678,10,1.0,0.0581,False
Q9H0J9,fLPS_strict,169,195,PF00642,zf-CCCH,180,200,16,0.5926,0.7619,True
Q96C86,fLPS_strict,262,279,PF11969,DcpS_C,174,292,18,1.0,0.1513,False
Q96C86,fLPS_strict,262,279,PF11969,DcpS_C,174,292,18,1.0,0.1513,False
Q9P2K8,fLPS_strict,1177,1185,PF13393,tRNA-synt_His,1061,1381,9,1.0,0.028,False
Q9P2K8,fLPS_strict,1119,1150,PF13393,tRNA-synt_His,1061,1381,32,1.0,0.0997,False
Q9BSC4,fLPS_strict,498,502,PF08159,NUC153,482,508,5,1.0,0.1852,True
P14868,fLPS_strict,468,472,PF00152,tRNA-synt_2,175,495,5,1.0,0.0156,False
O43432,fLPS_strict,1577,1583,PF02020,W2,1507,1584,7,1.0,0.0897,True
O43432,fLPS_strict,1219,1223,PF02847,MA3,1222,1333,2,0.4,0.0179,True
O43432,fLPS_strict,840,888,PF02854,MIF4G,756,981,49,1.0,0.2168,False
Q9Y2X3,fLPS_strict,224,249,PF01798,Nop,168,396,26,1.0,0.1135,False
O15234,fLPS_strict,171,175,PF09405,Btz,144,248,5,1.0,0.0476,False
Q9NXL6,fLPS_strict,375,403,PF13965,SID-1_RNA_chan,184,827,29,1.0,0.045,False
Q9NXL6,fLPS_strict,610,620,PF13965,SID-1_RNA_chan,184,827,11,1.0,0.0171,False
Q9NXL6,fLPS_strict,813,817,PF13965,SID-1_RNA_chan,184,827,5,1.0,0.0078,True
Q9NXL6,fLPS_strict,787,806,PF13965,SID-1_RNA_chan,184,827,20,1.0,0.0311,False
Q9NXL6,fLPS_strict,489,526,PF13965,SID-1_RNA_chan,184,827,38,1.0,0.059,False
Q9NXL6,fLPS_strict,373,414,PF13965,SID-1_RNA_chan,184,827,42,1.0,0.0652,False
Q9NXL6,fLPS_strict,786,806,PF13965,SID-1_RNA_chan,184,827,21,1.0,0.0326,False
Q9NXL6,fLPS_strict,499,524,PF13965,SID-1_RNA_chan,184,827,26,1.0,0.0404,False
Q9UBK2,fLPS_strict,609,696,PF00076,RRM_1,679,739,18,0.2045,0.2951,True
Q9UBK2,fLPS_strict,608,705,PF00076,RRM_1,679,739,27,0.2755,0.4426,True
Q96KR1,fLPS_strict,354,358,PF12171,zf-C2H2_jaz,331,356,3,0.6,0.1154,True
Q96KR1,fLPS_strict,354,358,PF12874,zf-met,332,355,2,0.4,0.0833,True
Q96KR1,fLPS_strict,584,589,PF12874,zf-met,582,606,6,1.0,0.24,True
Q96J01,fLPS_strict,186,207,PF08662,eIF2A,134,243,22,1.0,0.2,False
Q9UNX3,fLPS_strict,110,136,PF16906,Ribosomal_L26,8,122,13,0.4815,0.113,True
Q9H089,fLPS_strict,434,438,PF01926,MMR_HSR1,388,443,5,1.0,0.0893,True
Q9HAV4,fLPS_strict,250,272,PF08389,Xpo1,110,271,22,0.9565,0.1358,True
Q9HAV4,fLPS_strict,37,50,PF03810,IBN_N,35,98,14,1.0,0.2188,True
Q9HAV4,fLPS_strict,168,188,PF08389,Xpo1,110,271,21,1.0,0.1296,False
O95620,fLPS_strict,276,286,PF01207,Dus,31,291,11,1.0,0.0421,True
P51531,fLPS_strict,740,744,PF04851,ResIII,723,883,5,1.0,0.0311,False
P51531,fLPS_strict,878,899,PF04851,ResIII,723,883,6,0.2727,0.0373,True
P51531,fLPS_strict,878,899,PF00270,DEAD,745,883,6,0.2727,0.0432,True
P78332,fLPS_strict,1055,1093,PF01585,G-patch,1051,1094,39,1.0,0.8864,True
O94906,fLPS_strict,67,79,PF06424,PRP1_N,13,169,13,1.0,0.0828,False
O94906,fLPS_strict,111,135,PF06424,PRP1_N,13,169,25,1.0,0.1592,False
O94906,fLPS_strict,114,134,PF06424,PRP1_N,13,169,21,1.0,0.1338,False
O94906,fLPS_strict,114,135,PF06424,PRP1_N,13,169,22,1.0,0.1401,False
P49770,fLPS_strict,62,67,PF01008,IF-2B,29,333,6,1.0,0.0197,False
Q15633,fLPS_strict,133,160,PF00035,dsrm,160,223,1,0.0357,0.0156,True
Q15633,fLPS_strict,133,160,PF14709,DND1_DSRM,160,219,1,0.0357,0.0167,True
Q15633,fLPS_strict,80,96,PF00035,dsrm,31,95,16,0.9412,0.2462,True
Q5T8P6,fLPS_strict,936,942,PF14605,Nup35_RRM_2,901,941,6,0.8571,0.1463,True
A7MD48,fLPS_strict,374,463,PF15230,SRRM_C,457,522,7,0.0778,0.1061,True
A7MD48,fLPS_strict,442,521,PF15230,SRRM_C,457,522,65,0.8125,0.9848,True
A7MD48,fLPS_strict,521,611,PF15230,SRRM_C,457,522,2,0.022,0.0303,True
A7MD48,fLPS_strict,374,515,PF15230,SRRM_C,457,522,59,0.4155,0.8939,True
Q5VZF2,fLPS_strict,19,66,PF00642,zf-CCCH,17,40,22,0.4583,0.9167,True
Q86U38,fLPS_strict,162,169,PF22493,PUF_NOP9,97,598,8,1.0,0.0159,False
Q86U38,fLPS_strict,485,517,PF22493,PUF_NOP9,97,598,33,1.0,0.0657,False
Q86U38,fLPS_strict,319,352,PF22493,PUF_NOP9,97,598,34,1.0,0.0677,False
Q86U38,fLPS_strict,472,478,PF22493,PUF_NOP9,97,598,7,1.0,0.0139,False
Q86U38,fLPS_strict,538,543,PF22493,PUF_NOP9,97,598,6,1.0,0.012,False
Q9GZS3,fLPS_strict,249,255,PF08662,eIF2A,139,258,7,1.0,0.0583,True
Q9GZS3,fLPS_strict,168,177,PF08662,eIF2A,139,258,10,1.0,0.0833,False
Q8NCV1,fLPS_strict,434,479,PF02137,A_deamin,261,576,46,1.0,0.1456,False
Q8NCV1,fLPS_strict,319,365,PF02137,A_deamin,261,576,47,1.0,0.1487,False
Q92901,fLPS_strict,120,158,PF00297,Ribosomal_L3,1,375,39,1.0,0.104,False
Q92901,fLPS_strict,73,93,PF00297,Ribosomal_L3,1,375,21,1.0,0.056,False
Q92901,fLPS_strict,3,25,PF00297,Ribosomal_L3,1,375,23,1.0,0.0613,True
O43823,fLPS_strict,498,506,PF04988,AKAP95,415,546,9,1.0,0.0682,False
P62979,fLPS_strict,78,107,PF01599,Ribosomal_S27,102,149,6,0.2,0.125,True
P62979,fLPS_strict,121,149,PF01599,Ribosomal_S27,102,149,29,1.0,0.6042,True
P82675,fLPS_strict,111,124,PF21251,Ribosomal_uS5m_N,88,207,14,1.0,0.1167,False
P82675,fLPS_strict,182,188,PF21251,Ribosomal_uS5m_N,88,207,7,1.0,0.0583,False
P82675,fLPS_strict,277,292,PF00333,Ribosomal_S5,218,283,7,0.4375,0.1061,True
P82675,fLPS_strict,320,329,PF03719,Ribosomal_S5_C,297,365,10,1.0,0.1449,False
P82675,fLPS_strict,205,210,PF21251,Ribosomal_uS5m_N,88,207,3,0.5,0.025,True
P82675,fLPS_strict,192,212,PF21251,Ribosomal_uS5m_N,88,207,16,0.7619,0.1333,True
Q9P0L1,fLPS_strict,450,461,PF00096,zf-C2H2,439,461,12,1.0,0.5217,True
Q96NC0,fLPS_strict,134,182,PF08648,SNRNP27,178,197,5,0.102,0.25,True
Q96NC0,fLPS_strict,82,87,PF12874,zf-met,80,104,6,1.0,0.24,True
Q96NC0,fLPS_strict,82,87,PF12171,zf-C2H2_jaz,80,105,6,1.0,0.2308,True
Q96NC0,fLPS_strict,82,87,PF06220,zf-U1,80,108,6,1.0,0.2069,True
Q96NC0,fLPS_strict,123,182,PF08648,SNRNP27,178,197,5,0.0833,0.25,True
Q5C9Z4,fLPS_strict,706,733,PF02847,MA3,655,760,28,1.0,0.2642,False
P49589,fLPS_strict,323,344,PF01406,tRNA-synt_1e,44,452,22,1.0,0.0538,False
Q9C0D7,fLPS_strict,383,433,PF11977,RNase_Zc3h12a,245,399,17,0.3333,0.1097,True
Q13405,fLPS_strict,53,83,PF05046,Img2,82,166,2,0.0645,0.0235,True
Q53EL6,fLPS_strict,357,361,PF02847,MA3,329,439,5,1.0,0.045,False
Q9H974,fLPS_strict,351,356,PF01702,TGT,13,413,6,1.0,0.015,False
Q9H974,fLPS_strict,44,71,PF01702,TGT,13,413,28,1.0,0.0698,False
Q8TBY0,fLPS_strict,150,154,PF00076,RRM_1,143,204,5,1.0,0.0806,True
Q8TBY0,fLPS_strict,384,415,PF14709,DND1_DSRM,392,468,24,0.75,0.3117,True
Q9NSD9,fLPS_strict,341,370,PF03484,B5,309,374,30,1.0,0.4545,True
Q96GW9,fLPS_strict,74,79,PF09334,tRNA-synt_1g,46,410,6,1.0,0.0164,False
F8W8I6,fLPS_strict,59,65,PF00076,RRM_1,9,77,7,1.0,0.1014,False
F8W8I6,fLPS_strict,54,58,PF00076,RRM_1,9,77,5,1.0,0.0725,False
Q9BVS4,fLPS_strict,142,146,PF01163,RIO1,108,279,5,1.0,0.0291,False
P49792,fLPS_strict,1787,1804,PF00641,Zn_ribbon_RanBP,1781,1809,18,1.0,0.6207,True
P49792,fLPS_strict,1730,1749,PF00641,Zn_ribbon_RanBP,1724,1753,20,1.0,0.6667,True
Q8TF42,fLPS_strict,189,197,PF13563,2_5_RNA_ligase2,105,228,9,1.0,0.0726,False
Q8TF42,fLPS_strict,203,223,PF13563,2_5_RNA_ligase2,105,228,21,1.0,0.1694,True
O60841,fLPS_strict,777,784,PF00009,GTP_EFTU,632,843,8,1.0,0.0377,False
Q9NZI8,fLPS_strict,547,573,PF00013,KH_1,491,555,9,0.3333,0.1385,True
Q9HC44,fLPS_strict,438,468,PF15337,Vasculin,379,471,31,1.0,0.3333,True
Q9HC44,fLPS_strict,347,388,PF15337,Vasculin,379,471,10,0.2381,0.1075,True
Q9HC44,fLPS_strict,438,471,PF15337,Vasculin,379,471,34,1.0,0.3656,True
Q9HC44,fLPS_strict,331,388,PF15337,Vasculin,379,471,10,0.1724,0.1075,True
Q9NP77,fLPS_strict,166,181,PF04722,Ssu72,6,194,16,1.0,0.0847,False
Q9NP77,fLPS_strict,156,161,PF04722,Ssu72,6,194,6,1.0,0.0317,False
Q15424,fLPS_strict,475,503,PF00076,RRM_1,409,477,3,0.1034,0.0435,True
Q15424,fLPS_strict,475,503,PF13893,RRM_5,409,491,17,0.5862,0.2048,True
Q96SR6,fLPS_strict,370,374,PF00096,zf-C2H2,352,374,5,1.0,0.2174,True
Q96SR6,fLPS_strict,482,486,PF00096,zf-C2H2,464,486,5,1.0,0.2174,True
Q9NQ29,fLPS_strict,239,333,PF03194,LUC7,6,243,5,0.0526,0.021,True
Q9NQ29,fLPS_strict,110,132,PF03194,LUC7,6,243,23,1.0,0.0966,False
Q9NQ29,fLPS_strict,168,172,PF03194,LUC7,6,243,5,1.0,0.021,False
Q9NQ29,fLPS_strict,243,333,PF03194,LUC7,6,243,1,0.011,0.0042,True
Q9UBU9,fLPS_strict,187,191,PF09162,Tap-RNA_bind,119,198,5,1.0,0.0625,True
Q9HCJ3,fLPS_strict,156,160,PF00076,RRM_1,145,209,5,1.0,0.0769,False
O14979,fLPS_strict,204,234,PF16367,RRM_7,149,211,8,0.2581,0.127,True
O14979,fLPS_strict,204,234,PF00076,RRM_1,151,218,15,0.4839,0.2206,True
O14979,fLPS_strict,204,234,PF16367,RRM_7,233,312,2,0.0645,0.025,True
Q8TDG4,fLPS_strict,599,621,PF00271,Helicase_C,601,712,21,0.913,0.1875,True
Q8TDG4,fLPS_strict,599,627,PF00271,Helicase_C,601,712,27,0.931,0.2411,True
Q6I9Y2,fLPS_strict,128,161,PF05615,THOC7,7,139,12,0.3529,0.0902,True
Q8TBZ5,fLPS_strict,281,289,PF00096,zf-C2H2,267,289,9,1.0,0.3913,True
Q8TBZ5,fLPS_strict,251,261,PF00096,zf-C2H2,239,261,11,1.0,0.4783,True
Q8TBZ5,fLPS_strict,474,485,PF00096,zf-C2H2,463,485,12,1.0,0.5217,True
Q8TBZ5,fLPS_strict,145,160,PF00096,zf-C2H2,156,177,5,0.3125,0.2273,True
P61221,fLPS_strict,16,65,PF04068,Fer4_RLI,6,36,21,0.42,0.6774,True
P61221,fLPS_strict,15,27,PF04068,Fer4_RLI,6,36,13,1.0,0.4194,True
P61221,fLPS_strict,15,65,PF04068,Fer4_RLI,6,36,22,0.4314,0.7097,True
O95391,fLPS_strict,232,248,PF11708,Slu7,162,434,17,1.0,0.0623,False
O95391,fLPS_strict,258,268,PF11708,Slu7,162,434,11,1.0,0.0403,False
O95391,fLPS_strict,426,430,PF11708,Slu7,162,434,5,1.0,0.0183,True
O95391,fLPS_strict,222,248,PF11708,Slu7,162,434,27,1.0,0.0989,False
Q14296,fLPS_strict,471,503,PF08373,RAP,483,536,21,0.6364,0.3889,True
Q14296,fLPS_strict,476,515,PF08373,RAP,483,536,33,0.825,0.6111,True
A0A087WT20,fLPS_strict,592,596,PF04158,Sof1,506,592,1,0.2,0.0115,True
A0A087WT20,fLPS_strict,535,576,PF04158,Sof1,506,592,42,1.0,0.4828,False
Q9H898,fLPS_strict,76,80,PF12874,zf-met,76,99,5,1.0,0.2083,True
Q9H898,fLPS_strict,167,171,PF12874,zf-met,146,169,3,0.6,0.125,True
Q9H898,fLPS_strict,167,171,PF12171,zf-C2H2_jaz,146,170,4,0.8,0.16,True
O94913,fLPS_strict,793,961,PF20844,PCF11_RFEG_rpt,777,861,69,0.4083,0.8118,True
O94913,fLPS_strict,793,961,PF20844,PCF11_RFEG_rpt,864,962,98,0.5799,0.9899,True
O94913,fLPS_strict,793,961,PF20844,PCF11_RFEG_rpt,950,1035,12,0.071,0.1395,True
O94913,fLPS_strict,971,1044,PF20844,PCF11_RFEG_rpt,950,1035,65,0.8784,0.7558,True
O94913,fLPS_strict,971,1044,PF20844,PCF11_RFEG_rpt,1037,1116,8,0.1081,0.1,True
O94913,fLPS_strict,195,233,PF20845,Pcf11_helical,199,236,35,0.8974,0.9211,True
O94913,fLPS_strict,1069,1101,PF20844,PCF11_RFEG_rpt,1037,1116,33,1.0,0.4125,False
O94913,fLPS_strict,1046,1085,PF20844,PCF11_RFEG_rpt,1037,1116,40,1.0,0.5,True
O94913,fLPS_strict,793,961,PF20844,PCF11_RFEG_rpt,777,861,69,0.4083,0.8118,True
O94913,fLPS_strict,793,961,PF20844,PCF11_RFEG_rpt,864,962,98,0.5799,0.9899,True
O94913,fLPS_strict,793,961,PF20844,PCF11_RFEG_rpt,950,1035,12,0.071,0.1395,True
O94913,fLPS_strict,195,234,PF20845,Pcf11_helical,199,236,36,0.9,0.9474,True
O94913,fLPS_strict,1042,1101,PF20844,PCF11_RFEG_rpt,1037,1116,60,1.0,0.75,True
Q96CM3,fLPS_strict,210,214,PF00849,PseudoU_synth_2,105,276,5,1.0,0.0291,False
Q96CM3,fLPS_strict,139,150,PF00849,PseudoU_synth_2,105,276,12,1.0,0.0698,False
Q7Z3Z4,fLPS_strict,713,727,PF02171,Piwi,546,838,15,1.0,0.0512,False
Q7Z3Z4,fLPS_strict,587,599,PF02171,Piwi,546,838,13,1.0,0.0444,False
Q7Z3Z4,fLPS_strict,619,642,PF02171,Piwi,546,838,24,1.0,0.0819,False
P15918,fLPS_strict,654,659,PF26100,RAG1_RNase_H,596,726,6,1.0,0.0458,False
Q08AF3,fLPS_strict,643,648,PF09848,SLFN-g3_helicase,574,691,6,1.0,0.0508,False
Q86TB9,fLPS_strict,686,693,PF09770,PAT1,474,717,8,1.0,0.0328,False
Q86TB9,fLPS_strict,633,662,PF09770,PAT1,474,717,30,1.0,0.123,False
O43809,fLPS_strict,151,173,PF13869,NUDIX_2,36,222,23,1.0,0.123,False
Q05481,fLPS_strict,815,845,PF00096,zf-C2H2,798,820,6,0.1935,0.2609,True
Q05481,fLPS_strict,815,845,PF00096,zf-C2H2,826,848,20,0.6452,0.8696,True
Q96N77,fLPS_strict,385,394,PF00096,zf-C2H2,372,394,10,1.0,0.4348,True
Q96N77,fLPS_strict,413,422,PF00096,zf-C2H2,400,422,10,1.0,0.4348,True
Q2NL82,fLPS_strict,226,242,PF08142,AARP2CN,240,308,3,0.1765,0.0435,True
Q14197,fLPS_strict,177,202,PF00472,RF-1,69,201,25,0.9615,0.188,True
P62487,fLPS_strict,84,95,PF00575,S1,79,158,12,1.0,0.15,True
P62310,fLPS_strict,58,73,PF01423,LSM,21,96,16,1.0,0.2105,False
Q96MH2,fLPS_strict,88,103,PF15313,HEXIM,102,226,2,0.125,0.016,True
Q96MH2,fLPS_strict,114,128,PF15313,HEXIM,102,226,15,1.0,0.12,False
P12724,fLPS_strict,58,97,PF00074,RnaseA,33,157,40,1.0,0.32,False
P12724,fLPS_strict,55,104,PF00074,RnaseA,33,157,50,1.0,0.4,False
Q96QU8,fLPS_strict,205,209,PF08389,Xpo1,103,277,5,1.0,0.0286,False
Q96QU8,fLPS_strict,205,227,PF08389,Xpo1,103,277,23,1.0,0.1314,False
P10153,fLPS_strict,52,97,PF00074,RnaseA,33,158,46,1.0,0.3651,False
P10153,fLPS_strict,31,97,PF00074,RnaseA,33,158,65,0.9701,0.5159,True
P17039,fLPS_strict,468,478,PF00096,zf-C2H2,456,478,11,1.0,0.4783,True
O75526,fLPS_strict,140,226,PF08081,RBM1CTR,173,217,45,0.5172,1.0,True
O75526,fLPS_strict,193,209,PF08081,RBM1CTR,173,217,17,1.0,0.3778,True
O75526,fLPS_strict,60,66,PF00076,RRM_1,10,80,7,1.0,0.0986,False
O75526,fLPS_strict,140,236,PF08081,RBM1CTR,173,217,45,0.4639,1.0,True
O75817,fLPS_strict,23,33,PF12328,Rpp20,33,133,1,0.0909,0.0099,True
Q92989,fLPS_strict,251,256,PF16575,CLP1_P,121,307,6,1.0,0.0321,False
Q92989,fLPS_strict,288,302,PF16575,CLP1_P,121,307,15,1.0,0.0802,True
Q15365,fLPS_strict,286,315,PF00013,KH_1,281,344,30,1.0,0.4688,True
Q15393,fLPS_strict,1135,1160,PF03178,CPSF_A,863,1183,26,1.0,0.081,False
Q9HC36,fLPS_strict,320,326,PF00588,SpoU_methylase,210,400,7,1.0,0.0366,False
Q9BTL3,fLPS_strict,46,85,PF15320,RAM,10,87,40,1.0,0.5128,True
Q9BTL3,fLPS_strict,33,38,PF15320,RAM,10,87,6,1.0,0.0769,False
Q9BTL3,fLPS_strict,71,87,PF15320,RAM,10,87,17,1.0,0.2179,True
Q9BTL3,fLPS_strict,43,90,PF15320,RAM,10,87,45,0.9375,0.5769,True
Q16600,fLPS_strict,281,285,PF00096,zf-C2H2,263,285,5,1.0,0.2174,True
P26368,fLPS_strict,387,400,PF00076,RRM_1,400,459,1,0.0714,0.0167,True
P13639,fLPS_strict,127,137,PF00009,GTP_EFTU,18,229,11,1.0,0.0519,False
P13639,fLPS_strict,127,137,PF01926,MMR_HSR1,29,159,11,1.0,0.084,False
P13639,fLPS_strict,193,220,PF00009,GTP_EFTU,18,229,28,1.0,0.1321,True
P13639,fLPS_strict,156,160,PF00009,GTP_EFTU,18,229,5,1.0,0.0236,False
P13639,fLPS_strict,156,160,PF01926,MMR_HSR1,29,159,4,0.8,0.0305,True
F5H0R1,fLPS_strict,55,59,PF12874,zf-met,54,78,5,1.0,0.2,True
Q96DU9,fLPS_strict,208,212,PF00076,RRM_1,201,269,5,1.0,0.0725,True
O14893,fLPS_strict,101,109,PF04938,SIP1,39,273,9,1.0,0.0383,False
O14893,fLPS_strict,26,49,PF04938,SIP1,39,273,11,0.4583,0.0468,True
Q7L2J0,fLPS_strict,598,608,PF06859,Bin3,575,683,11,1.0,0.1009,False
O15235,fLPS_strict,41,56,PF00164,Ribosom_S12_S23,49,132,8,0.5,0.0952,True
Q9UI30,fLPS_strict,72,79,PF03966,Trm112p,2,112,8,1.0,0.0721,False
O14746,fLPS_strict,590,672,PF12009,Telomerase_RBD,460,592,3,0.0361,0.0226,True
O14746,fLPS_strict,466,489,PF12009,Telomerase_RBD,460,592,24,1.0,0.1805,True
Q96IZ6,fLPS_strict,256,260,PF13847,Methyltransf_31,180,334,5,1.0,0.0323,False
Q8IUX4,fLPS_strict,121,136,PF08210,AID,17,185,16,1.0,0.0947,False
O95149,fLPS_strict,42,46,PF11538,Snurportin1,25,64,5,1.0,0.125,False
O95149,fLPS_strict,10,37,PF11538,Snurportin1,25,64,13,0.4643,0.325,True
Q32MZ4,fLPS_strict,31,83,PF09738,LRRFIP,23,316,53,1.0,0.1803,True
Q32MZ4,fLPS_strict,19,37,PF09738,LRRFIP,23,316,15,0.7895,0.051,True
Q32MZ4,fLPS_strict,201,223,PF09738,LRRFIP,23,316,23,1.0,0.0782,False
Q32MZ4,fLPS_strict,23,89,PF09738,LRRFIP,23,316,67,1.0,0.2279,True
O43290,fLPS_strict,438,446,PF03343,SART-1,165,753,9,1.0,0.0153,False
O43290,fLPS_strict,400,414,PF03343,SART-1,165,753,15,1.0,0.0255,False
O43290,fLPS_strict,511,517,PF03343,SART-1,165,753,7,1.0,0.0119,False
O43290,fLPS_strict,576,602,PF03343,SART-1,165,753,27,1.0,0.0458,False
O43290,fLPS_strict,449,455,PF03343,SART-1,165,753,7,1.0,0.0119,False
O43290,fLPS_strict,491,498,PF03343,SART-1,165,753,8,1.0,0.0136,False
O43290,fLPS_strict,482,487,PF03343,SART-1,165,753,6,1.0,0.0102,False
Q9BQC6,fLPS_strict,9,38,PF14978,MRP-63,13,101,26,0.8667,0.2921,True
Q9BQC6,fLPS_strict,63,78,PF14978,MRP-63,13,101,16,1.0,0.1798,False
Q9BQC6,fLPS_strict,60,78,PF14978,MRP-63,13,101,19,1.0,0.2135,False
O15446,fLPS_strict,129,161,PF08208,RNA_polI_A34,38,254,33,1.0,0.1521,False
O15446,fLPS_strict,212,217,PF08208,RNA_polI_A34,38,254,6,1.0,0.0276,False
O15446,fLPS_strict,251,259,PF08208,RNA_polI_A34,38,254,4,0.4444,0.0184,True
O15446,fLPS_strict,173,177,PF08208,RNA_polI_A34,38,254,5,1.0,0.023,False
Q8IY37,fLPS_strict,586,610,PF00271,Helicase_C,588,675,23,0.92,0.2614,True
Q6ZNH5,fLPS_strict,174,184,PF00096,zf-C2H2,162,184,11,1.0,0.4783,True
Q6ZNH5,fLPS_strict,106,111,PF00096,zf-C2H2,107,128,5,0.8333,0.2273,True
Q9HA38,fLPS_strict,61,75,PF12874,zf-met,70,94,6,0.4,0.24,True
Q9HA38,fLPS_strict,61,75,PF12171,zf-C2H2_jaz,70,94,6,0.4,0.24,True
Q9HA38,fLPS_strict,50,75,PF12874,zf-met,70,94,6,0.2308,0.24,True
Q9HA38,fLPS_strict,50,75,PF12171,zf-C2H2_jaz,70,94,6,0.2308,0.24,True
Q8TDE3,fLPS_strict,82,96,PF00074,RnaseA,34,151,15,1.0,0.1271,False
Q00341,fLPS_strict,285,308,PF00013,KH_1,225,285,1,0.0417,0.0164,True
Q00341,fLPS_strict,285,308,PF00013,KH_1,298,358,11,0.4583,0.1803,True
Q00341,fLPS_strict,513,542,PF00013,KH_1,511,571,30,1.0,0.4918,True
Q00341,fLPS_strict,744,748,PF00013,KH_1,732,791,5,1.0,0.0833,False
Q00341,fLPS_strict,810,814,PF00013,KH_1,804,865,5,1.0,0.0806,True
Q8N5Y2,fLPS_strict,61,105,PF11717,Tudor-knot,12,72,12,0.2667,0.1967,True
Q8N5Y2,fLPS_strict,59,105,PF11717,Tudor-knot,12,72,14,0.2979,0.2295,True
Q86YN6,fLPS_strict,916,941,PF00076,RRM_1,904,955,26,1.0,0.5,False
Q14103,fLPS_strict,11,45,PF08143,CBFNT,1,78,35,1.0,0.4487,True
Q14103,fLPS_strict,7,59,PF08143,CBFNT,1,78,53,1.0,0.6795,True
Q14103,fLPS_strict,153,183,PF16367,RRM_7,98,178,26,0.8387,0.321,True
Q14103,fLPS_strict,153,183,PF00076,RRM_1,100,167,15,0.4839,0.2206,True
Q14103,fLPS_strict,153,183,PF16367,RRM_7,182,257,2,0.0645,0.0263,True
Q14103,fLPS_strict,7,61,PF08143,CBFNT,1,78,55,1.0,0.7051,True
O60930,fLPS_strict,153,157,PF00075,RNase_H,140,281,5,1.0,0.0352,False
Q8N8L2,fLPS_strict,345,416,PF00096,zf-C2H2,411,433,6,0.0833,0.2609,True
Q969Y2,fLPS_strict,320,325,PF01926,MMR_HSR1,251,344,6,1.0,0.0638,False
Q969Y2,fLPS_strict,250,254,PF01926,MMR_HSR1,251,344,4,0.8,0.0426,True
Q8NBJ9,fLPS_strict,245,249,PF13965,SID-1_RNA_chan,170,832,5,1.0,0.0075,False
Q8NBJ9,fLPS_strict,761,767,PF13965,SID-1_RNA_chan,170,832,7,1.0,0.0106,False
Q8NBJ9,fLPS_strict,504,539,PF13965,SID-1_RNA_chan,170,832,36,1.0,0.0543,False
Q8NBJ9,fLPS_strict,408,419,PF13965,SID-1_RNA_chan,170,832,12,1.0,0.0181,False
Q8NBJ9,fLPS_strict,639,643,PF13965,SID-1_RNA_chan,170,832,5,1.0,0.0075,False
Q8NBJ9,fLPS_strict,818,822,PF13965,SID-1_RNA_chan,170,832,5,1.0,0.0075,True
Q8NBJ9,fLPS_strict,494,539,PF13965,SID-1_RNA_chan,170,832,46,1.0,0.0694,False
Q92665,fLPS_strict,157,163,PF15433,MRP-S31,96,389,7,1.0,0.0238,False
Q9NPD3,fLPS_strict,216,221,PF03725,RNase_PH_C,155,219,4,0.6667,0.0615,True
Q12996,fLPS_strict,17,24,PF05843,Suf,17,541,8,1.0,0.0152,True
Q12996,fLPS_strict,235,248,PF05843,Suf,17,541,14,1.0,0.0267,False
Q13151,fLPS_strict,61,67,PF00076,RRM_1,9,70,7,1.0,0.1129,True
Q13151,fLPS_strict,36,40,PF00076,RRM_1,9,70,5,1.0,0.0806,False
Q5ST30,fLPS_strict,869,886,PF08264,Anticodon_1,779,927,18,1.0,0.1208,False
Q5ST30,fLPS_strict,511,529,PF00133,tRNA-synt_1,113,730,19,1.0,0.0307,False
Q5ST30,fLPS_strict,807,815,PF08264,Anticodon_1,779,927,9,1.0,0.0604,False
Q5ST30,fLPS_strict,113,117,PF00133,tRNA-synt_1,113,730,5,1.0,0.0081,True
O95363,fLPS_strict,404,434,PF03147,FDX-ACB,358,450,31,1.0,0.3333,False
P82912,fLPS_strict,127,139,PF00411,Ribosomal_S11,85,192,13,1.0,0.1204,False
Q7Z6E9,fLPS_strict,151,157,PF13696,zf-CCHC_2,156,176,2,0.2857,0.0952,True
O75818,fLPS_strict,250,259,PF08584,Ribonuc_P_40,75,346,10,1.0,0.0368,False
P19338,fLPS_strict,377,388,PF00076,RRM_1,309,377,1,0.0833,0.0145,True
Q96E39,fLPS_strict,172,210,PF08081,RBM1CTR,173,217,38,0.9744,0.8444,True
Q96E39,fLPS_strict,141,175,PF08081,RBM1CTR,173,217,3,0.0857,0.0667,True
Q96E39,fLPS_strict,178,203,PF08081,RBM1CTR,173,217,26,1.0,0.5778,True
Q13435,fLPS_strict,535,563,PF04037,DUF382,471,596,29,1.0,0.2302,False
Q8NC26,fLPS_strict,386,414,PF00096,zf-C2H2,388,410,23,0.7931,1.0,True
Q9H0S4,fLPS_strict,332,336,PF00271,Helicase_C,252,358,5,1.0,0.0467,False
Q9Y6M1,fLPS_strict,569,596,PF00013,KH_1,513,577,9,0.3214,0.1385,True
Q9Y2Z4,fLPS_strict,92,101,PF00579,tRNA-synt_1b,74,374,10,1.0,0.0332,False
Q9Y2Z4,fLPS_strict,87,106,PF00579,tRNA-synt_1b,74,374,20,1.0,0.0664,False
Q9Y2Z4,fLPS_strict,115,153,PF00579,tRNA-synt_1b,74,374,39,1.0,0.1296,False
Q96SI9,fLPS_strict,562,570,PF00035,dsrm,513,574,9,1.0,0.1452,True
Q9Y3A4,fLPS_strict,208,235,PF12923,RRP7,162,280,28,1.0,0.2353,False
Q9Y3A4,fLPS_strict,186,201,PF12923,RRP7,162,280,16,1.0,0.1345,False
Q15050,fLPS_strict,93,110,PF04939,RRS1,32,193,18,1.0,0.1111,False
Q15050,fLPS_strict,141,150,PF04939,RRS1,32,193,10,1.0,0.0617,False
Q15050,fLPS_strict,91,128,PF04939,RRS1,32,193,38,1.0,0.2346,False
Q15050,fLPS_strict,133,156,PF04939,RRS1,32,193,24,1.0,0.1481,False
P05387,fLPS_strict,63,91,PF00428,Ribosomal_60s,17,114,29,1.0,0.2959,False
P05387,fLPS_strict,92,104,PF00428,Ribosomal_60s,17,114,13,1.0,0.1327,True
P05387,fLPS_strict,92,104,PF00428,Ribosomal_60s,17,114,13,1.0,0.1327,True
P49411,fLPS_strict,176,183,PF00009,GTP_EFTU,58,251,8,1.0,0.0412,False
P49411,fLPS_strict,193,215,PF00009,GTP_EFTU,58,251,23,1.0,0.1186,False
Q9BWU0,fLPS_strict,327,337,PF00035,dsrm,316,384,11,1.0,0.1594,False
Q8TDD1,fLPS_strict,731,776,PF08147,DBP10CT,714,774,44,0.9565,0.7213,True
Q96MX3,fLPS_strict,384,454,PF00096,zf-C2H2,451,473,4,0.0563,0.1739,True
Q96MX3,fLPS_strict,469,473,PF00096,zf-C2H2,451,473,5,1.0,0.2174,True
Q96MX3,fLPS_strict,240,259,PF00096,zf-C2H2,220,242,3,0.15,0.1304,True
Q8WWY3,fLPS_strict,181,189,PF01798,Nop,100,330,9,1.0,0.039,False
Q8WWY3,fLPS_strict,334,346,PF09785,Prp31_C,338,465,9,0.6923,0.0703,True
Q8WWY3,fLPS_strict,351,377,PF09785,Prp31_C,338,465,27,1.0,0.2109,False
Q6AZW8,fLPS_strict,152,156,PF00096,zf-C2H2,134,156,5,1.0,0.2174,True
P52272,fLPS_strict,711,715,PF00076,RRM_1,655,722,5,1.0,0.0735,True
Q69YN2,fLPS_strict,313,327,PF04677,CwfJ_C_1,322,428,6,0.4,0.0561,True
Q69YN2,fLPS_strict,439,444,PF04676,CwfJ_C_2,443,535,2,0.3333,0.0215,True
Q69YN2,fLPS_strict,374,386,PF04677,CwfJ_C_1,322,428,13,1.0,0.1215,False
Q86XZ4,fLPS_strict,364,414,PF07139,SPATS2-like,81,385,22,0.4314,0.0721,True
Q86XZ4,fLPS_strict,86,97,PF07139,SPATS2-like,81,385,12,1.0,0.0393,True
Q86XZ4,fLPS_strict,109,124,PF07139,SPATS2-like,81,385,16,1.0,0.0525,False
Q8NDV7,fLPS_strict,1099,1121,PF10427,Ago_hook,1071,1200,23,1.0,0.1769,False
Q8NDV7,fLPS_strict,1142,1148,PF10427,Ago_hook,1071,1200,7,1.0,0.0538,False
Q8NDV7,fLPS_strict,1183,1187,PF10427,Ago_hook,1071,1200,5,1.0,0.0385,False
Q8NDV7,fLPS_strict,1154,1182,PF10427,Ago_hook,1071,1200,29,1.0,0.2231,False
Q9NV31,fLPS_strict,32,74,PF00163,Ribosomal_S4,4,94,43,1.0,0.4725,False
Q6P9B9,fLPS_strict,96,116,PF14837,INTS5_N,29,251,21,1.0,0.0942,False
Q6P9B9,fLPS_strict,464,468,PF14838,INTS5_C,290,999,5,1.0,0.007,False
Q6P9B9,fLPS_strict,977,982,PF14838,INTS5_C,290,999,6,1.0,0.0085,False
Q6P9B9,fLPS_strict,856,886,PF14838,INTS5_C,290,999,31,1.0,0.0437,False
Q6P9B9,fLPS_strict,438,449,PF14838,INTS5_C,290,999,12,1.0,0.0169,False
Q6P9B9,fLPS_strict,838,852,PF14838,INTS5_C,290,999,15,1.0,0.0211,False
Q6P9B9,fLPS_strict,786,798,PF14838,INTS5_C,290,999,13,1.0,0.0183,False
Q6P9B9,fLPS_strict,323,330,PF14838,INTS5_C,290,999,8,1.0,0.0113,False
Q6P9B9,fLPS_strict,856,886,PF14838,INTS5_C,290,999,31,1.0,0.0437,False
Q6P9B9,fLPS_strict,438,452,PF14838,INTS5_C,290,999,15,1.0,0.0211,False
Q6P9B9,fLPS_strict,618,626,PF14838,INTS5_C,290,999,9,1.0,0.0127,False
Q9NRA8,fLPS_strict,148,210,PF10477,EIF4E-T,30,711,63,1.0,0.0924,False
Q9NRA8,fLPS_strict,331,356,PF10477,EIF4E-T,30,711,26,1.0,0.0381,False
Q9NRA8,fLPS_strict,250,256,PF10477,EIF4E-T,30,711,7,1.0,0.0103,False
Q9NRA8,fLPS_strict,169,191,PF10477,EIF4E-T,30,711,23,1.0,0.0337,False
Q9NRA8,fLPS_strict,583,612,PF10477,EIF4E-T,30,711,30,1.0,0.044,False
Q9NRA8,fLPS_strict,305,311,PF10477,EIF4E-T,30,711,7,1.0,0.0103,False
Q9NRA8,fLPS_strict,679,700,PF10477,EIF4E-T,30,711,22,1.0,0.0323,False
Q9NRA8,fLPS_strict,216,220,PF10477,EIF4E-T,30,711,5,1.0,0.0073,False
Q9NRA8,fLPS_strict,143,212,PF10477,EIF4E-T,30,711,70,1.0,0.1026,False
O94992,fLPS_strict,150,181,PF15313,HEXIM,164,301,18,0.5625,0.1304,True
O94992,fLPS_strict,245,259,PF15313,HEXIM,164,301,15,1.0,0.1087,False
O94992,fLPS_strict,234,240,PF15313,HEXIM,164,301,7,1.0,0.0507,False
O94992,fLPS_strict,150,177,PF15313,HEXIM,164,301,14,0.5,0.1014,True
O94992,fLPS_strict,243,261,PF15313,HEXIM,164,301,19,1.0,0.1377,False
A4D1E1,fLPS_strict,65,81,PF12171,zf-C2H2_jaz,55,82,17,1.0,0.6071,True
Q9Y295,fLPS_strict,97,101,PF01926,MMR_HSR1,66,179,5,1.0,0.0439,False
Q6ZN04,fLPS_strict,165,176,PF00013,KH_1,162,222,12,1.0,0.1967,True
Q9UJV9,fLPS_strict,301,332,PF00270,DEAD,205,384,32,1.0,0.1778,False
Q6GMV3,fLPS_strict,44,58,PF01981,PTH2,26,139,15,1.0,0.1316,False
Q6GMV3,fLPS_strict,53,67,PF01981,PTH2,26,139,15,1.0,0.1316,False
Q6GMV3,fLPS_strict,44,70,PF01981,PTH2,26,139,27,1.0,0.2368,False
Q5T1V6,fLPS_strict,429,444,PF00271,Helicase_C,429,540,16,1.0,0.1429,True
B0QYK0,fLPS_strict,508,521,PF00641,Zn_ribbon_RanBP,480,510,3,0.2143,0.0968,True
P26641,fLPS_strict,218,277,PF00647,EF1G,275,381,3,0.05,0.028,True
Q14147,fLPS_strict,179,183,PF00270,DEAD,171,315,5,1.0,0.0345,True
Q9NUL7,fLPS_strict,180,191,PF00270,DEAD,152,337,12,1.0,0.0645,False
Q9NQ50,fLPS_strict,52,77,PF09812,MRP-L28,45,199,26,1.0,0.1677,True
Q9NQ50,fLPS_strict,166,188,PF09812,MRP-L28,45,199,23,1.0,0.1484,False
F8W6I7,fLPS_strict,195,304,PF11627,HnRNPA1_LC,242,279,38,0.3455,1.0,True
F8W6I7,fLPS_strict,232,267,PF11627,HnRNPA1_LC,242,279,26,0.7222,0.6842,True
F8W6I7,fLPS_strict,188,304,PF11627,HnRNPA1_LC,242,279,38,0.3248,1.0,True
P52815,fLPS_strict,107,116,PF16320,Ribosomal_L12_N,63,113,7,0.7,0.1373,True
Q86XU0,fLPS_strict,533,548,PF00096,zf-C2H2,515,537,5,0.3125,0.2174,True
Q7Z5W3,fLPS_strict,171,191,PF06859,Bin3,158,263,21,1.0,0.1981,False
O75533,fLPS_strict,409,437,PF08920,SF3b1,329,451,29,1.0,0.2358,False
O75533,fLPS_strict,342,380,PF08920,SF3b1,329,451,39,1.0,0.3171,False
Q92973,fLPS_strict,18,50,PF03810,IBN_N,42,108,9,0.2727,0.1343,True
Q6PKG0,fLPS_strict,894,903,PF21071,LARP1_HEAT,874,1022,10,1.0,0.0671,False
Q6PKG0,fLPS_strict,916,927,PF21071,LARP1_HEAT,874,1022,12,1.0,0.0805,False
O43143,fLPS_strict,394,398,PF00271,Helicase_C,337,476,5,1.0,0.0357,False
O43143,fLPS_strict,387,406,PF00271,Helicase_C,337,476,20,1.0,0.1429,False
O43143,fLPS_strict,345,349,PF00271,Helicase_C,337,476,5,1.0,0.0357,True
O43143,fLPS_strict,387,409,PF00271,Helicase_C,337,476,23,1.0,0.1643,False
Q7Z7F7,fLPS_strict,67,103,PF09776,Mitoc_L55,11,125,37,1.0,0.3217,False
Q7Z7F7,fLPS_strict,24,45,PF09776,Mitoc_L55,11,125,22,1.0,0.1913,False
Q9BQ52,fLPS_strict,546,552,PF00753,Lactamase_B,497,558,7,1.0,0.1129,True
Q5TBB1,fLPS_strict,153,170,PF09468,RNase_H2-Ydr279,95,228,18,1.0,0.1343,False
Q5TBB1,fLPS_strict,127,138,PF09468,RNase_H2-Ydr279,95,228,12,1.0,0.0896,False
Q5TBB1,fLPS_strict,153,170,PF09468,RNase_H2-Ydr279,95,228,18,1.0,0.1343,False
P82979,fLPS_strict,43,79,PF02037,SAP,8,43,1,0.027,0.0278,True
Q8N3Z6,fLPS_strict,243,319,PF00098,zf-CCHC,242,257,15,0.1948,0.9375,True
Q8N3Z6,fLPS_strict,243,309,PF00098,zf-CCHC,242,257,15,0.2239,0.9375,True
A2RTX5,fLPS_strict,325,329,PF07973,tRNA_SAD,329,377,1,0.2,0.0204,True
Q9NZE8,fLPS_strict,126,142,PF01632,Ribosomal_L35p,102,161,17,1.0,0.2833,False
Q8TAQ5,fLPS_strict,213,217,PF00096,zf-C2H2,195,217,5,1.0,0.2174,True
P68104,fLPS_strict,262,292,PF03144,GTP_EFTU_D2,260,325,31,1.0,0.4697,True
F8W727,fLPS_strict,51,66,PF01655,Ribosomal_L32e,47,142,16,1.0,0.1667,True
Q9BV44,fLPS_strict,351,362,PF01170,UPF0020,294,476,12,1.0,0.0656,False
Q17RN3,fLPS_strict,113,135,PF10239,DUF2465,29,334,23,1.0,0.0752,False
Q17RN3,fLPS_strict,137,142,PF10239,DUF2465,29,334,6,1.0,0.0196,False
Q9BYC9,fLPS_strict,11,48,PF00453,Ribosomal_L20,15,116,34,0.8947,0.3333,True
P51508,fLPS_strict,404,414,PF00096,zf-C2H2,386,408,5,0.4545,0.2174,True
P51508,fLPS_strict,404,414,PF00096,zf-C2H2,414,436,1,0.0909,0.0435,True
P60323,fLPS_strict,82,109,PF05741,zf-nanos,58,110,28,1.0,0.5283,True
P35789,fLPS_strict,254,292,PF00096,zf-C2H2,257,279,23,0.5897,1.0,True
P35789,fLPS_strict,254,292,PF00096,zf-C2H2,285,307,8,0.2051,0.3478,True
P62316,fLPS_strict,79,92,PF01423,LSM,37,109,14,1.0,0.1918,False
P62316,fLPS_strict,38,49,PF01423,LSM,37,109,12,1.0,0.1644,True
P53803,fLPS_strict,19,51,PF03604,Zn_ribbon_RPAB4,12,51,33,1.0,0.825,True
P52756,fLPS_strict,187,204,PF00641,Zn_ribbon_RanBP,181,209,18,1.0,0.6207,True
H7BXY3,fLPS_strict,85,89,PF24995,DSRM_2,20,95,5,1.0,0.0658,True
H7BXY3,fLPS_strict,543,561,PF00270,DEAD,414,566,19,1.0,0.1242,True
H7BXY3,fLPS_strict,43,78,PF24995,DSRM_2,20,95,36,1.0,0.4737,False
Q04637,fLPS_strict,859,886,PF02854,MIF4G,762,987,28,1.0,0.1239,False
Q04637,fLPS_strict,854,858,PF02854,MIF4G,762,987,5,1.0,0.0221,False
Q04637,fLPS_strict,1239,1243,PF02847,MA3,1242,1353,2,0.4,0.0179,True
Q04637,fLPS_strict,1591,1595,PF02020,W2,1521,1598,5,1.0,0.0641,True
Q04637,fLPS_strict,774,785,PF02854,MIF4G,762,987,12,1.0,0.0531,False
Q04637,fLPS_strict,846,894,PF02854,MIF4G,762,987,49,1.0,0.2168,False
Q9UPY3,fLPS_strict,1793,1803,PF14622,Ribonucleas_3_3,1681,1825,11,1.0,0.0759,False
Q9UPY3,fLPS_strict,1793,1803,PF00636,Ribonuclease_3,1702,1824,11,1.0,0.0894,False
Q9UPY3,fLPS_strict,1878,1885,PF20932,Dicer_dsRBD,1830,1918,8,1.0,0.0899,False
Q9UPY3,fLPS_strict,1895,1910,PF20932,Dicer_dsRBD,1830,1918,16,1.0,0.1798,True
P07998,fLPS_strict,43,51,PF00074,RnaseA,32,149,9,1.0,0.0763,False
P07998,fLPS_strict,57,67,PF00074,RnaseA,32,149,11,1.0,0.0932,False
Q6ZN17,fLPS_strict,129,164,PF00098,zf-CCHC,128,143,15,0.4167,0.9375,True
Q9UJV8,fLPS_strict,125,140,PF04845,PurA,58,321,16,1.0,0.0606,False
Q9UJV8,fLPS_strict,192,210,PF04845,PurA,58,321,19,1.0,0.072,False
Q8WW36,fLPS_strict,38,143,PF00098,zf-CCHC,66,81,16,0.1509,1.0,True
Q8WW36,fLPS_strict,38,143,PF00098,zf-CCHC,90,105,16,0.1509,1.0,True
Q8WW36,fLPS_strict,38,143,PF00098,zf-CCHC,110,127,18,0.1698,1.0,True
Q8WW36,fLPS_strict,38,143,PF00098,zf-CCHC,129,145,15,0.1415,0.8824,True
Q8WW36,fLPS_strict,9,137,PF00098,zf-CCHC,66,81,16,0.124,1.0,True
Q8WW36,fLPS_strict,9,137,PF00098,zf-CCHC,90,105,16,0.124,1.0,True
Q8WW36,fLPS_strict,9,137,PF00098,zf-CCHC,110,127,18,0.1395,1.0,True
Q8WW36,fLPS_strict,9,137,PF00098,zf-CCHC,129,145,9,0.0698,0.5294,True
Q969Q0,fLPS_strict,58,65,PF00935,Ribosomal_L44,17,94,8,1.0,0.1026,False
Q969Q0,fLPS_strict,13,30,PF00935,Ribosomal_L44,17,94,14,0.7778,0.1795,True
Q969Q0,fLPS_strict,38,43,PF00935,Ribosomal_L44,17,94,6,1.0,0.0769,False
P46778,fLPS_strict,97,122,PF01157,Ribosomal_L21e,1,101,5,0.1923,0.0495,True
P05386,fLPS_strict,65,89,PF00428,Ribosomal_60s,23,113,25,1.0,0.2747,False
P05386,fLPS_strict,90,103,PF00428,Ribosomal_60s,23,113,14,1.0,0.1538,True
P05386,fLPS_strict,64,89,PF00428,Ribosomal_60s,23,113,26,1.0,0.2857,False
P05386,fLPS_strict,90,103,PF00428,Ribosomal_60s,23,113,14,1.0,0.1538,True
Q8TEX9,fLPS_strict,62,71,PF03810,IBN_N,24,88,10,1.0,0.1538,False
Q8TEX9,fLPS_strict,34,58,PF03810,IBN_N,24,88,25,1.0,0.3846,True
P22626,fLPS_strict,202,298,PF11627,HnRNPA1_LC,296,334,3,0.0309,0.0769,True
P22626,fLPS_strict,319,349,PF11627,HnRNPA1_LC,296,334,16,0.5161,0.4103,True
P22626,fLPS_strict,289,320,PF11627,HnRNPA1_LC,296,334,25,0.7812,0.641,True
P22626,fLPS_strict,202,349,PF11627,HnRNPA1_LC,296,334,39,0.2635,1.0,True
Q7KZF4,fLPS_strict,647,677,PF00565,SNase,553,659,13,0.4194,0.1215,True
Q7KZF4,fLPS_strict,573,599,PF00565,SNase,553,659,27,1.0,0.2523,False
Q7KZF4,fLPS_strict,306,327,PF00565,SNase,220,327,22,1.0,0.2037,True
Q7KZF4,fLPS_strict,647,677,PF00565,SNase,553,659,13,0.4194,0.1215,True
Q8NHU6,fLPS_strict,692,714,PF00567,TUDOR,650,774,23,1.0,0.184,False
Q8NI27,fLPS_strict,923,928,PF11262,Tho2,873,1173,6,1.0,0.0199,False
Q86UA1,fLPS_strict,125,135,PF05843,Suf,83,237,11,1.0,0.071,False
Q86UA1,fLPS_strict,458,467,PF05843,Suf,346,540,10,1.0,0.0513,False
Q13283,fLPS_strict,90,94,PF02136,NTF2,11,133,5,1.0,0.0407,False
Q9HAU5,fLPS_strict,1025,1094,PF04050,Upf2,1094,1218,1,0.0143,0.008,True
Q9HAU5,fLPS_strict,1181,1237,PF04050,Upf2,1094,1218,38,0.6667,0.304,True
Q9HAU5,fLPS_strict,1157,1161,PF04050,Upf2,1094,1218,5,1.0,0.04,False
Q9HAU5,fLPS_strict,695,699,PF02854,MIF4G,571,758,5,1.0,0.0266,False
Q9HAU5,fLPS_strict,757,770,PF02854,MIF4G,571,758,2,0.1429,0.0106,True
P62854,fLPS_strict,97,114,PF01283,Ribosomal_S26e,1,104,8,0.4444,0.0769,True
P62854,fLPS_strict,85,102,PF01283,Ribosomal_S26e,1,104,18,1.0,0.1731,True
P62854,fLPS_strict,85,114,PF01283,Ribosomal_S26e,1,104,20,0.6667,0.1923,True
P62854,fLPS_strict,5,29,PF01283,Ribosomal_S26e,1,104,25,1.0,0.2404,True
P18583,fLPS_strict,2306,2325,PF01585,G-patch,2305,2348,20,1.0,0.4545,True
P26599,fLPS_strict,342,349,PF13893,RRM_5,338,459,8,1.0,0.0656,True
P26599,fLPS_strict,145,178,PF13893,RRM_5,166,263,13,0.3824,0.1327,True
P26599,fLPS_strict,538,547,PF00076,RRM_1,484,544,7,0.7,0.1148,True
Q32P51,fLPS_strict,195,306,PF11627,HnRNPA1_LC,255,292,38,0.3393,1.0,True
Q32P51,fLPS_strict,245,280,PF11627,HnRNPA1_LC,255,292,26,0.7222,0.6842,True
Q32P51,fLPS_strict,195,306,PF11627,HnRNPA1_LC,255,292,38,0.3393,1.0,True
Q9UL40,fLPS_strict,68,79,PF12874,zf-met,74,97,6,0.5,0.25,True
Q9UL40,fLPS_strict,135,139,PF12874,zf-met,135,158,5,1.0,0.2083,True
Q9H4L7,fLPS_strict,891,895,PF00271,Helicase_C,855,967,5,1.0,0.0442,False
Q9H4L7,fLPS_strict,648,672,PF04851,ResIII,495,660,13,0.52,0.0783,True
Q9H4L7,fLPS_strict,648,672,PF00270,DEAD,518,660,13,0.52,0.0909,True
Q9UGY1,fLPS_strict,47,84,PF09805,Nop25,20,97,38,1.0,0.4872,False
Q9UGY1,fLPS_strict,3,28,PF09805,Nop25,20,97,9,0.3462,0.1154,True
B0QYY4,fLPS_strict,239,245,PF12414,Fox-1_C,231,290,7,1.0,0.1167,True
Q9UN86,fLPS_strict,90,94,PF02136,NTF2,11,133,5,1.0,0.0407,False
Q9UN86,fLPS_strict,62,83,PF02136,NTF2,11,133,22,1.0,0.1789,False
P62495,fLPS_strict,405,411,PF03465,eRF1_3,280,417,7,1.0,0.0507,True
Q9BZE4,fLPS_strict,367,399,PF08155,NOGCT,395,446,5,0.1515,0.0962,True
Q9BZE4,fLPS_strict,367,404,PF08155,NOGCT,395,446,10,0.2632,0.1923,True
P55884,fLPS_strict,672,684,PF08662,eIF2A,507,702,13,1.0,0.0663,False
Q12905,fLPS_strict,3,22,PF07528,DZF_N,22,216,1,0.05,0.0051,True
Q12905,fLPS_strict,2,24,PF07528,DZF_N,22,216,3,0.1304,0.0154,True
Q12905,fLPS_strict,19,48,PF07528,DZF_N,22,216,27,0.9,0.1385,True
Q9UPR3,fLPS_strict,253,285,PF10373,EST1_DNA_bind,197,396,33,1.0,0.165,False
Q9UPR3,fLPS_strict,338,344,PF10373,EST1_DNA_bind,197,396,7,1.0,0.035,False
P62891,fLPS_strict,41,46,PF00832,Ribosomal_L39,9,49,6,1.0,0.1463,True
P07814,fLPS_strict,1331,1346,PF03129,HGTP_anticodon,1303,1403,16,1.0,0.1584,False
Q9Y3B9,fLPS_strict,98,138,PF07890,Rrp15p,92,215,41,1.0,0.3306,True
Q9H0U6,fLPS_strict,63,85,PF00861,Ribosomal_L18p,76,147,10,0.4348,0.1389,True
Q9H0U6,fLPS_strict,63,89,PF00861,Ribosomal_L18p,76,147,14,0.5185,0.1944,True
Q9UPN6,fLPS_strict,397,459,PF06495,Transformer,397,467,63,1.0,0.8873,True
Q9UPN6,fLPS_strict,398,448,PF06495,Transformer,397,467,51,1.0,0.7183,True
Q9UPN6,fLPS_strict,397,455,PF06495,Transformer,397,467,59,1.0,0.831,True
Q7Z2T5,fLPS_strict,431,444,PF02005,TRM,242,563,14,1.0,0.0435,False
Q7Z2T5,fLPS_strict,462,468,PF02005,TRM,242,563,7,1.0,0.0217,False
Q08211,fLPS_strict,761,784,PF00271,Helicase_C,637,768,8,0.3333,0.0606,True
Q05823,fLPS_strict,677,684,PF06479,Ribonuc_2-5A,592,719,8,1.0,0.0625,False
Q5JPI9,fLPS_strict,197,212,PF13847,Methyltransf_31,81,213,16,1.0,0.1203,True
Q9BW92,fLPS_strict,258,267,PF07973,tRNA_SAD,229,276,10,1.0,0.2083,True
Q9BW92,fLPS_strict,655,659,PF03129,HGTP_anticodon,615,705,5,1.0,0.0549,False
Q9BW92,fLPS_strict,443,447,PF00587,tRNA-synt_2b,399,602,5,1.0,0.0245,False
H9KV63,fLPS_strict,708,722,PF00567,TUDOR,712,831,11,0.7333,0.0917,True
Q9UNY4,fLPS_strict,1068,1086,PF00271,Helicase_C,996,1106,19,1.0,0.1712,False
Q9UNY4,fLPS_strict,614,624,PF04851,ResIII,570,769,11,1.0,0.055,False
Q9UNY4,fLPS_strict,614,624,PF00270,DEAD,591,746,11,1.0,0.0705,False
O75940,fLPS_strict,91,100,PF06003,SMN_Tudor,72,122,10,1.0,0.1961,False
Q9UHI6,fLPS_strict,133,155,PF00270,DEAD,86,250,23,1.0,0.1394,False
Q9UHI6,fLPS_strict,133,155,PF04851,ResIII,102,247,23,1.0,0.1575,False
Q96IP4,fLPS_strict,105,119,PF07984,NTP_transf_7,66,384,15,1.0,0.047,False
Q14690,fLPS_strict,794,822,PF00575,S1,730,798,5,0.1724,0.0725,True
Q14690,fLPS_strict,591,596,PF00575,S1,547,610,6,1.0,0.0938,False
Q5T5C7,fLPS_strict,55,71,PF02403,Seryl_tRNA_N,2,76,17,1.0,0.2267,True
Q5T5C7,fLPS_strict,44,49,PF02403,Seryl_tRNA_N,2,76,6,1.0,0.08,False
Q5T5C7,fLPS_strict,404,409,PF00587,tRNA-synt_2b,259,421,6,1.0,0.0368,False
A0A0A0MRM9,fLPS_strict,672,687,PF05022,SRP40_C,633,705,16,1.0,0.2192,False
A0A0A0MRM9,fLPS_strict,639,643,PF05022,SRP40_C,633,705,5,1.0,0.0685,True
Q5VTL8,fLPS_strict,108,123,PF03371,PRP38,48,229,16,1.0,0.0879,False
O75607,fLPS_strict,81,85,PF03066,Nucleoplasmin,37,139,5,1.0,0.0485,False
O00442,fLPS_strict,245,249,PF01137,RTC,13,337,5,1.0,0.0154,False
O00442,fLPS_strict,245,249,PF05189,RTC_insert,184,285,5,1.0,0.049,False
Q9NUP7,fLPS_strict,391,413,PF05206,TRM13,165,469,23,1.0,0.0754,False
Q9NUP7,fLPS_strict,335,340,PF05206,TRM13,165,469,6,1.0,0.0197,False
Q9NUP7,fLPS_strict,335,344,PF05206,TRM13,165,469,10,1.0,0.0328,False
Q9UKA9,fLPS_strict,315,324,PF13893,RRM_5,321,434,4,0.4,0.0351,True
P46777,fLPS_strict,255,284,PF14204,Ribosomal_L18_c,236,289,30,1.0,0.5556,True
P46777,fLPS_strict,20,24,PF17144,Ribosomal_L5e,14,176,5,1.0,0.0307,True
P46777,fLPS_strict,235,239,PF14204,Ribosomal_L18_c,236,289,4,0.8,0.0741,True
Q9NXZ2,fLPS_strict,96,100,PF00013,KH_1,76,129,5,1.0,0.0926,False
Q9NXZ2,fLPS_strict,83,104,PF00013,KH_1,76,129,22,1.0,0.4074,True
Q06787,fLPS_strict,529,552,PF12235,FXMRP1_C_core,420,542,14,0.5833,0.1138,True
Q06787,fLPS_strict,522,572,PF12235,FXMRP1_C_core,420,542,21,0.4118,0.1707,True
Q06787,fLPS_strict,466,491,PF12235,FXMRP1_C_core,420,542,26,1.0,0.2114,False
Q06787,fLPS_strict,471,484,PF12235,FXMRP1_C_core,420,542,14,1.0,0.1138,False
Q06787,fLPS_strict,319,331,PF00013,KH_1,285,331,13,1.0,0.2766,True
Q06787,fLPS_strict,519,523,PF12235,FXMRP1_C_core,420,542,5,1.0,0.0407,False
Q06787,fLPS_strict,527,572,PF12235,FXMRP1_C_core,420,542,16,0.3478,0.1301,True
Q06787,fLPS_strict,466,487,PF12235,FXMRP1_C_core,420,542,22,1.0,0.1789,False
Q8NC51,fLPS_strict,256,292,PF04774,HABP4_PAI-RBP1,189,313,37,1.0,0.296,False
Q8NC51,fLPS_strict,155,195,PF04774,HABP4_PAI-RBP1,189,313,7,0.1707,0.056,True
Q8NC51,fLPS_strict,197,208,PF04774,HABP4_PAI-RBP1,189,313,12,1.0,0.096,True
Q8NC51,fLPS_strict,163,191,PF04774,HABP4_PAI-RBP1,189,313,3,0.1034,0.024,True
Q7L3T8,fLPS_strict,186,202,PF00587,tRNA-synt_2b,144,353,17,1.0,0.081,False
Q8IXM3,fLPS_strict,9,36,PF09809,MRP-L27,13,127,24,0.8571,0.2087,True
Q8IXM3,fLPS_strict,9,49,PF09809,MRP-L27,13,127,37,0.9024,0.3217,True
Q99459,fLPS_strict,496,506,PF11831,Myb_Cef,404,654,11,1.0,0.0438,False
O95793,fLPS_strict,232,274,PF00035,dsrm,186,249,18,0.4186,0.2812,True
O95793,fLPS_strict,113,124,PF00035,dsrm,103,160,12,1.0,0.2069,True
O95793,fLPS_strict,147,156,PF00035,dsrm,103,160,10,1.0,0.1724,True
O95793,fLPS_strict,232,279,PF00035,dsrm,186,249,18,0.375,0.2812,True
O95793,fLPS_strict,88,127,PF00035,dsrm,103,160,25,0.625,0.431,True
Q9GZR2,fLPS_strict,341,358,PF00929,RNase_T,245,394,18,1.0,0.12,False
Q96GM8,fLPS_strict,336,347,PF04857,CAF1,169,451,12,1.0,0.0424,False
Q96GM8,fLPS_strict,31,39,PF04857,CAF1,39,166,1,0.1111,0.0078,True
O94829,fLPS_strict,164,173,PF08389,Xpo1,117,262,10,1.0,0.0685,False
Q14249,fLPS_strict,34,61,PF01223,Endonuclease_NS,61,281,1,0.0357,0.0045,True
Q14249,fLPS_strict,88,116,PF01223,Endonuclease_NS,61,281,29,1.0,0.1312,False
Q14249,fLPS_strict,41,73,PF01223,Endonuclease_NS,61,281,13,0.3939,0.0588,True
Q14249,fLPS_strict,86,119,PF01223,Endonuclease_NS,61,281,34,1.0,0.1538,False
Q9H3H1,fLPS_strict,211,217,PF01715,IPPT,58,331,7,1.0,0.0255,False
Q9UNP9,fLPS_strict,57,63,PF00076,RRM_1,8,78,7,1.0,0.0986,False
P55795,fLPS_strict,214,261,PF08080,zf-RNPHF,255,290,7,0.1458,0.1944,True
P55795,fLPS_strict,60,66,PF28441,RRM_11,13,98,7,1.0,0.0814,False
P55795,fLPS_strict,60,66,PF00076,RRM_1,14,81,7,1.0,0.1029,False
P55795,fLPS_strict,206,256,PF08080,zf-RNPHF,255,290,2,0.0392,0.0556,True
Q13310,fLPS_strict,619,642,PF00658,MLLE,558,623,5,0.2083,0.0758,True
Q9Y3A2,fLPS_strict,33,61,PF03998,Utp11,13,253,29,1.0,0.1203,False
Q9Y3A2,fLPS_strict,210,236,PF03998,Utp11,13,253,27,1.0,0.112,False
Q9Y3A2,fLPS_strict,2,19,PF03998,Utp11,13,253,7,0.3889,0.029,True
Q12874,fLPS_strict,109,134,PF16837,SF3A3,129,178,6,0.2308,0.12,True
Q12874,fLPS_strict,476,480,PF11931,SF3a60_Prp9_C,382,501,5,1.0,0.0417,False
Q86U90,fLPS_strict,55,105,PF01300,Sua5_yciO_yrdC,77,255,29,0.5686,0.162,True
Q8TD26,fLPS_strict,822,844,PF00271,Helicase_C,789,897,23,1.0,0.211,False
P54577,fLPS_strict,242,247,PF00579,tRNA-synt_1b,32,321,6,1.0,0.0207,False
Q08170,fLPS_strict,168,258,PF00076,RRM_1,106,171,4,0.044,0.0606,True
Q08170,fLPS_strict,43,50,PF00076,RRM_1,4,64,8,1.0,0.1311,False
Q9NX07,fLPS_strict,185,225,PF17654,Trnau1ap,186,284,40,0.9756,0.404,True
Q9NX07,fLPS_strict,195,211,PF17654,Trnau1ap,186,284,17,1.0,0.1717,True
Q9NX07,fLPS_strict,185,227,PF17654,Trnau1ap,186,284,42,0.9767,0.4242,True
P62906,fLPS_strict,91,106,PF00687,Ribosomal_L1,24,211,16,1.0,0.0851,False
O43172,fLPS_strict,129,134,PF08799,PRP4,108,135,6,1.0,0.2143,True
Q14692,fLPS_strict,190,203,PF00009,GTP_EFTU,138,213,14,1.0,0.1842,True
O43390,fLPS_strict,398,405,PF13893,RRM_5,337,415,8,1.0,0.1013,True
O43390,fLPS_strict,398,405,PF00076,RRM_1,343,404,7,0.875,0.1129,True
O43390,fLPS_strict,314,342,PF13893,RRM_5,337,415,6,0.2069,0.0759,True
Q09161,fLPS_strict,530,534,PF09090,MIF4G_like_2,485,759,5,1.0,0.0182,False
Q09161,fLPS_strict,748,760,PF09090,MIF4G_like_2,485,759,12,0.9231,0.0436,True
Q09161,fLPS_strict,675,685,PF09090,MIF4G_like_2,485,759,11,1.0,0.04,False
Q09161,fLPS_strict,428,433,PF09088,MIF4G_like,326,470,6,1.0,0.0414,False
Q09161,fLPS_strict,668,685,PF09090,MIF4G_like_2,485,759,18,1.0,0.0655,False
Q09161,fLPS_strict,647,665,PF09090,MIF4G_like_2,485,759,19,1.0,0.0691,False
Q969E8,fLPS_strict,2,29,PF10273,WGG,12,91,18,0.6429,0.225,True
Q9UKD2,fLPS_strict,3,23,PF00466,Ribosomal_L10,21,119,3,0.1429,0.0303,True
Q5JVS0,fLPS_strict,257,295,PF04774,HABP4_PAI-RBP1,212,315,39,1.0,0.375,False
Q5JVS0,fLPS_strict,175,218,PF04774,HABP4_PAI-RBP1,212,315,7,0.1591,0.0673,True
Q6BEB4,fLPS_strict,370,384,PF00096,zf-C2H2,356,378,9,0.6,0.3913,True
Q9H1J1,fLPS_strict,155,167,PF03467,Smg4_UPF3,68,225,13,1.0,0.0823,False
Q9H1J1,fLPS_strict,172,208,PF03467,Smg4_UPF3,68,225,37,1.0,0.2342,False
J3KPD3,fLPS_strict,3,8,PF13893,RRM_5,2,84,6,1.0,0.0723,True
J3KPD3,fLPS_strict,38,50,PF13893,RRM_5,2,84,13,1.0,0.1566,False
J3KPD3,fLPS_strict,38,50,PF00076,RRM_1,12,81,13,1.0,0.1857,False
Q96T58,fLPS_strict,543,547,PF00076,RRM_1,520,583,5,1.0,0.0781,False
Q96T21,fLPS_strict,662,690,PF01248,Ribosomal_L7Ae,660,757,29,1.0,0.2959,True
Q96T21,fLPS_strict,666,690,PF01248,Ribosomal_L7Ae,660,757,25,1.0,0.2551,True
P61978,fLPS_strict,2,30,PF08067,ROKNT,1,43,29,1.0,0.6744,True
P61978,fLPS_strict,87,105,PF00013,KH_1,45,104,18,0.9474,0.3,True
P61978,fLPS_strict,402,444,PF00013,KH_1,389,452,43,1.0,0.6719,True
P61978,fLPS_strict,441,457,PF00013,KH_1,389,452,12,0.7059,0.1875,True
P61978,fLPS_strict,402,457,PF00013,KH_1,389,452,51,0.9107,0.7969,True
P98179,fLPS_strict,34,38,PF00076,RRM_1,8,78,5,1.0,0.0704,False
P05388,fLPS_strict,267,296,PF00428,Ribosomal_60s,231,316,30,1.0,0.3488,False
P05388,fLPS_strict,299,309,PF00428,Ribosomal_60s,231,316,11,1.0,0.1279,True
P05388,fLPS_strict,40,61,PF00466,Ribosomal_L10,8,103,22,1.0,0.2292,False
Q9H4T2,fLPS_strict,278,286,PF00096,zf-C2H2,264,286,9,1.0,0.3913,True
Q5SY16,fLPS_strict,416,426,PF16575,CLP1_P,306,438,11,1.0,0.0827,False
Q9Y2L1,fLPS_strict,692,696,PF00773,RNB,467,793,5,1.0,0.0153,False
Q9Y2L1,fLPS_strict,46,68,PF13638,PIN_4,68,193,1,0.0435,0.0079,True
Q99633,fLPS_strict,81,110,PF08799,PRP4,84,111,27,0.9,0.9643,True
O60293,fLPS_strict,1184,1199,PF10650,zf-C3H1,1185,1204,15,0.9375,0.75,True
Q8WU68,fLPS_strict,73,98,PF00076,RRM_1,87,140,12,0.4615,0.2222,True
Q8WU68,fLPS_strict,154,169,PF00642,zf-CCCH,150,174,16,1.0,0.64,True
Q8N0Z8,fLPS_strict,87,91,PF01416,PseudoU_synth_1,19,122,5,1.0,0.0481,False
Q8N0Z8,fLPS_strict,187,218,PF01416,PseudoU_synth_1,168,284,32,1.0,0.2735,False
Q9UHK0,fLPS_strict,256,265,PF10453,NUFIP1,216,267,10,1.0,0.1923,True
Q86TM3,fLPS_strict,237,263,PF00270,DEAD,246,416,18,0.6667,0.1053,True
Q86TM3,fLPS_strict,237,263,PF04851,ResIII,261,397,3,0.1111,0.0219,True
O60870,fLPS_strict,166,201,PF10357,WH_KIN17,59,177,12,0.3333,0.1008,True
O60870,fLPS_strict,156,160,PF10357,WH_KIN17,59,177,5,1.0,0.042,False
O60870,fLPS_strict,64,88,PF10357,WH_KIN17,59,177,25,1.0,0.2101,True
O95373,fLPS_strict,78,118,PF03810,IBN_N,22,101,24,0.5854,0.3,True
O95373,fLPS_strict,78,120,PF03810,IBN_N,22,101,24,0.5581,0.3,True
A0A0A0MRW7,fLPS_strict,166,191,PF11969,DcpS_C,168,272,24,0.9231,0.2286,True
A0A0A0MRW7,fLPS_strict,245,256,PF11969,DcpS_C,168,272,12,1.0,0.1143,False
Q9BRS2,fLPS_strict,348,352,PF01163,RIO1,193,380,5,1.0,0.0266,False
O95786,fLPS_strict,796,814,PF11648,RIG-I_C-RD,807,923,8,0.4211,0.0684,True
O95786,fLPS_strict,796,818,PF11648,RIG-I_C-RD,807,923,12,0.5217,0.1026,True
Q96I25,fLPS_strict,317,331,PF00076,RRM_1,328,383,4,0.2667,0.0714,True
Q12926,fLPS_strict,7,44,PF00076,RRM_1,41,111,4,0.1053,0.0563,True
Q01081,fLPS_strict,73,98,PF00076,RRM_1,91,141,8,0.3077,0.1569,True
Q01081,fLPS_strict,154,169,PF00642,zf-CCCH,150,174,16,1.0,0.64,True
Q9BYN8,fLPS_strict,114,141,PF14943,MRP-S26,28,196,28,1.0,0.1657,False
Q9BYN8,fLPS_strict,126,151,PF14943,MRP-S26,28,196,26,1.0,0.1538,False
Q9BYN8,fLPS_strict,110,163,PF14943,MRP-S26,28,196,54,1.0,0.3195,False
P62753,fLPS_strict,72,98,PF01092,Ribosomal_S6e,1,126,27,1.0,0.2143,False
Q9H5H4,fLPS_strict,237,273,PF00096,zf-C2H2,263,283,11,0.2973,0.5238,True
Q9H5H4,fLPS_strict,503,507,PF00096,zf-C2H2,485,507,5,1.0,0.2174,True
Q9H5H4,fLPS_strict,237,273,PF00096,zf-C2H2,263,283,11,0.2973,0.5238,True
Q9NWH9,fLPS_strict,343,393,PF13893,RRM_5,368,479,26,0.5098,0.2321,True
Q9NWH9,fLPS_strict,343,393,PF00076,RRM_1,386,455,8,0.1569,0.1143,True
Q9NWH9,fLPS_strict,477,510,PF13893,RRM_5,368,479,3,0.0882,0.0268,True
Q9NWH9,fLPS_strict,459,486,PF13893,RRM_5,368,479,21,0.75,0.1875,True
Q9NWH9,fLPS_strict,339,396,PF13893,RRM_5,368,479,29,0.5,0.2589,True
Q9NWH9,fLPS_strict,339,396,PF00076,RRM_1,386,455,11,0.1897,0.1571,True
Q9NWH9,fLPS_strict,456,527,PF13893,RRM_5,368,479,24,0.3333,0.2143,True
Q9NWZ8,fLPS_strict,119,156,PF15348,GEMIN8,14,242,38,1.0,0.1659,False
Q9NWZ8,fLPS_strict,152,159,PF15348,GEMIN8,14,242,8,1.0,0.0349,False
Q9NWZ8,fLPS_strict,18,39,PF15348,GEMIN8,14,242,22,1.0,0.0961,True
Q9NWZ8,fLPS_strict,119,159,PF15348,GEMIN8,14,242,41,1.0,0.179,False
Q9NWZ8,fLPS_strict,89,104,PF15348,GEMIN8,14,242,16,1.0,0.0699,False
Q8WV60,fLPS_strict,80,101,PF10037,MRP-S27,39,215,22,1.0,0.1243,False
O00567,fLPS_strict,248,290,PF01798,Nop,174,406,43,1.0,0.1845,False
O00567,fLPS_strict,244,290,PF01798,Nop,174,406,47,1.0,0.2017,False
Q9NS39,fLPS_strict,174,178,PF00035,dsrm,134,187,5,1.0,0.0926,True
Q9NS39,fLPS_strict,590,601,PF02137,A_deamin,408,729,12,1.0,0.0373,False
Q8NE18,fLPS_strict,416,421,PF01189,Methyltr_RsmB-F,308,456,6,1.0,0.0403,False
P46087,fLPS_strict,553,568,PF01189,Methyltr_RsmB-F,377,585,16,1.0,0.0766,False
O60287,fLPS_strict,338,347,PF11707,Npa1,78,393,10,1.0,0.0316,False
O43148,fLPS_strict,277,287,PF03291,mRNA_G-N7_MeTrfase,137,475,11,1.0,0.0324,False
O43148,fLPS_strict,277,287,PF13847,Methyltransf_31,196,334,11,1.0,0.0791,False
O43148,fLPS_strict,190,218,PF03291,mRNA_G-N7_MeTrfase,137,475,29,1.0,0.0855,False
O43148,fLPS_strict,190,218,PF13847,Methyltransf_31,196,334,23,0.7931,0.1655,True
O60231,fLPS_strict,789,808,PF04408,WHD_HA2,792,820,17,0.85,0.5862,True
Q96M93,fLPS_strict,381,386,PF02137,A_deamin,249,568,6,1.0,0.0187,False
Q9HCE5,fLPS_strict,305,334,PF05063,MT-A70,186,362,30,1.0,0.1695,False
Q6ZN19,fLPS_strict,381,391,PF00096,zf-C2H2,369,391,11,1.0,0.4783,True
Q6ZN19,fLPS_strict,303,307,PF00096,zf-C2H2,285,307,5,1.0,0.2174,True
Q14444,fLPS_strict,537,593,PF12287,Caprin-1_C,359,685,57,1.0,0.1743,False
Q14444,fLPS_strict,609,638,PF12287,Caprin-1_C,359,685,30,1.0,0.0917,False
Q14444,fLPS_strict,677,692,PF12287,Caprin-1_C,359,685,9,0.5625,0.0275,True
Q14444,fLPS_strict,394,433,PF12287,Caprin-1_C,359,685,40,1.0,0.1223,False
Q14444,fLPS_strict,676,701,PF12287,Caprin-1_C,359,685,10,0.3846,0.0306,True
Q14444,fLPS_strict,354,367,PF12287,Caprin-1_C,359,685,9,0.6429,0.0275,True
Q8N5X7,fLPS_strict,4,48,PF01652,IF4E,48,216,1,0.0222,0.0059,True
Q8N5X7,fLPS_strict,161,190,PF01652,IF4E,48,216,30,1.0,0.1775,False
Q8N5X7,fLPS_strict,211,215,PF01652,IF4E,48,216,5,1.0,0.0296,True
P40429,fLPS_strict,32,36,PF00572,Ribosomal_L13,6,110,5,1.0,0.0476,False
Q9BUJ2,fLPS_strict,28,73,PF02037,SAP,3,38,11,0.2391,0.3056,True
Q9BUJ2,fLPS_strict,38,67,PF02037,SAP,3,38,1,0.0333,0.0278,True
Q969W8,fLPS_strict,210,221,PF00096,zf-C2H2,199,221,12,1.0,0.5217,True
Q969W8,fLPS_strict,385,389,PF00096,zf-C2H2,367,389,5,1.0,0.2174,True
Q9NYF8,fLPS_strict,3,145,PF15440,THRAP3_BCLAF1,108,761,38,0.2657,0.0581,True
Q9NYF8,fLPS_strict,102,156,PF15440,THRAP3_BCLAF1,108,761,49,0.8909,0.0749,True
Q9NYF8,fLPS_strict,205,300,PF15440,THRAP3_BCLAF1,108,761,96,1.0,0.1468,False
Q9NYF8,fLPS_strict,749,763,PF15440,THRAP3_BCLAF1,108,761,13,0.8667,0.0199,True
Q9NYF8,fLPS_strict,223,236,PF15440,THRAP3_BCLAF1,108,761,14,1.0,0.0214,False
Q9NYF8,fLPS_strict,687,721,PF15440,THRAP3_BCLAF1,108,761,35,1.0,0.0535,False
Q9NYF8,fLPS_strict,722,743,PF15440,THRAP3_BCLAF1,108,761,22,1.0,0.0336,False
Q9NYF8,fLPS_strict,3,161,PF15440,THRAP3_BCLAF1,108,761,54,0.3396,0.0826,True
Q9NYF8,fLPS_strict,205,301,PF15440,THRAP3_BCLAF1,108,761,97,1.0,0.1483,False
Q9NYF8,fLPS_strict,687,721,PF15440,THRAP3_BCLAF1,108,761,35,1.0,0.0535,False
Q66PJ3,fLPS_strict,74,98,PF10500,SR-25,7,235,25,1.0,0.1092,False
Q66PJ3,fLPS_strict,102,128,PF10500,SR-25,7,235,27,1.0,0.1179,False
Q66PJ3,fLPS_strict,7,34,PF10500,SR-25,7,235,28,1.0,0.1223,True
Q66PJ3,fLPS_strict,69,73,PF10500,SR-25,7,235,5,1.0,0.0218,False
Q66PJ3,fLPS_strict,23,30,PF10500,SR-25,7,235,8,1.0,0.0349,False
Q66PJ3,fLPS_strict,6,30,PF10500,SR-25,7,235,24,0.96,0.1048,True
Q9HD33,fLPS_strict,149,198,PF06984,MRP-L47,64,149,1,0.02,0.0116,True
P55010,fLPS_strict,384,402,PF02020,W2,311,390,7,0.3684,0.0875,True
Q9UIF8,fLPS_strict,736,765,PF01429,MBD,740,812,26,0.8667,0.3562,True
Q9Y291,fLPS_strict,83,106,PF08293,MRP-S33,7,96,14,0.5833,0.1556,True
J3KPP4,fLPS_strict,235,374,PF03194,LUC7,4,245,11,0.0786,0.0455,True
J3KPP4,fLPS_strict,228,282,PF03194,LUC7,4,245,18,0.3273,0.0744,True
J3KPP4,fLPS_strict,98,102,PF03194,LUC7,4,245,5,1.0,0.0207,False
J3KPP4,fLPS_strict,144,170,PF03194,LUC7,4,245,27,1.0,0.1116,False
J3KPP4,fLPS_strict,228,410,PF03194,LUC7,4,245,18,0.0984,0.0744,True
Q9ULR0,fLPS_strict,174,229,PF06246,Isy1,1,266,56,1.0,0.2105,False
Q9ULR0,fLPS_strict,140,144,PF06246,Isy1,1,266,5,1.0,0.0188,False
P31943,fLPS_strict,214,261,PF08080,zf-RNPHF,255,290,7,0.1458,0.1944,True
P31943,fLPS_strict,206,256,PF08080,zf-RNPHF,255,290,2,0.0392,0.0556,True
X6RAY8,fLPS_strict,122,157,PF00573,Ribosomal_L4,81,245,36,1.0,0.2182,False
Q8IY21,fLPS_strict,810,814,PF00270,DEAD,768,924,5,1.0,0.0318,False
Q8IY21,fLPS_strict,810,814,PF04851,ResIII,776,922,5,1.0,0.034,False
Q8TE96,fLPS_strict,445,460,PF04408,WHD_HA2,442,470,16,1.0,0.5517,True
A0A0B4J1V9,fLPS_strict,379,401,PF04851,ResIII,223,385,7,0.3043,0.0429,True
A0A0B4J1V9,fLPS_strict,379,401,PF00270,DEAD,245,388,10,0.4348,0.0694,True
P83731,fLPS_strict,56,80,PF01246,Ribosomal_L24e,1,66,11,0.44,0.1667,True
O14647,fLPS_strict,783,803,PF00271,Helicase_C,792,905,12,0.5714,0.1053,True
O14647,fLPS_strict,783,811,PF00271,Helicase_C,792,905,20,0.6897,0.1754,True
P46199,fLPS_strict,255,259,PF00009,GTP_EFTU,182,341,5,1.0,0.0312,False
P46199,fLPS_strict,255,259,PF01926,MMR_HSR1,183,289,5,1.0,0.0467,False
Q9BVP2,fLPS_strict,2,46,PF08701,GN3L_Grn1,15,88,32,0.7111,0.4324,True
Q9BVP2,fLPS_strict,306,327,PF01926,MMR_HSR1,256,311,6,0.2727,0.1071,True
Q9BVP2,fLPS_strict,301,328,PF01926,MMR_HSR1,256,311,11,0.3929,0.1964,True
Q9BVP2,fLPS_strict,75,91,PF08701,GN3L_Grn1,15,88,14,0.8235,0.1892,True
Q8N9N2,fLPS_strict,155,181,PF10469,AKAP7_NLS,161,350,21,0.7778,0.1105,True
Q8N9N2,fLPS_strict,218,234,PF10469,AKAP7_NLS,161,350,17,1.0,0.0895,False
P51825,fLPS_strict,408,492,PF05110,AF-4,8,520,85,1.0,0.1657,False
P51825,fLPS_strict,497,542,PF05110,AF-4,8,520,24,0.5217,0.0468,True
P51825,fLPS_strict,441,460,PF05110,AF-4,8,520,20,1.0,0.039,False
P51825,fLPS_strict,266,280,PF05110,AF-4,8,520,15,1.0,0.0292,False
P51825,fLPS_strict,194,213,PF05110,AF-4,8,520,20,1.0,0.039,False
P51825,fLPS_strict,368,388,PF05110,AF-4,8,520,21,1.0,0.0409,False
P51825,fLPS_strict,100,106,PF05110,AF-4,8,520,7,1.0,0.0136,False
P51825,fLPS_strict,108,117,PF05110,AF-4,8,520,10,1.0,0.0195,False
P51825,fLPS_strict,484,506,PF05110,AF-4,8,520,23,1.0,0.0448,False
P51825,fLPS_strict,420,508,PF05110,AF-4,8,520,89,1.0,0.1735,False
P51825,fLPS_strict,16,32,PF05110,AF-4,8,520,17,1.0,0.0331,True
Q14764,fLPS_strict,230,244,PF01505,Vault,220,262,15,1.0,0.3488,True
Q14764,fLPS_strict,341,347,PF01505,Vault,324,367,7,1.0,0.1591,False
Q99613,fLPS_strict,216,241,PF05470,eIF-3c_N,31,705,26,1.0,0.0385,False
Q99613,fLPS_strict,258,287,PF05470,eIF-3c_N,31,705,30,1.0,0.0444,False
Q99613,fLPS_strict,291,302,PF05470,eIF-3c_N,31,705,12,1.0,0.0178,False
Q99613,fLPS_strict,164,188,PF05470,eIF-3c_N,31,705,25,1.0,0.037,False
Q99613,fLPS_strict,572,579,PF05470,eIF-3c_N,31,705,8,1.0,0.0119,False
Q99613,fLPS_strict,218,246,PF05470,eIF-3c_N,31,705,29,1.0,0.043,False
Q99613,fLPS_strict,124,147,PF05470,eIF-3c_N,31,705,24,1.0,0.0356,False
Q99613,fLPS_strict,235,242,PF05470,eIF-3c_N,31,705,8,1.0,0.0119,False
Q99613,fLPS_strict,216,246,PF05470,eIF-3c_N,31,705,31,1.0,0.0459,False
Q99613,fLPS_strict,168,189,PF05470,eIF-3c_N,31,705,22,1.0,0.0326,False
Q99613,fLPS_strict,124,149,PF05470,eIF-3c_N,31,705,26,1.0,0.0385,False
Q96QR8,fLPS_strict,202,217,PF04845,PurA,31,279,16,1.0,0.0643,False
Q96QR8,fLPS_strict,153,165,PF04845,PurA,31,279,13,1.0,0.0522,False
P50914,fLPS_strict,93,147,PF01929,Ribosomal_L14e,47,120,28,0.5091,0.3784,True
P50914,fLPS_strict,92,215,PF01929,Ribosomal_L14e,47,120,29,0.2339,0.3919,True
P62241,fLPS_strict,124,157,PF01201,Ribosomal_S8e,5,190,34,1.0,0.1828,False
P62241,fLPS_strict,10,26,PF01201,Ribosomal_S8e,5,190,17,1.0,0.0914,True
P62241,fLPS_strict,131,135,PF01201,Ribosomal_S8e,5,190,5,1.0,0.0269,False
P62241,fLPS_strict,124,157,PF01201,Ribosomal_S8e,5,190,34,1.0,0.1828,False
A0A5H1ZRQ2,fLPS_strict,429,440,PF00271,Helicase_C,405,512,12,1.0,0.1111,False
A0A5H1ZRQ2,fLPS_strict,258,262,PF00270,DEAD,195,365,5,1.0,0.0292,False
A0A5H1ZRQ2,fLPS_strict,258,262,PF04851,ResIII,215,358,5,1.0,0.0347,False
Q8NEJ9,fLPS_strict,59,72,PF04000,Sas10_Utp3,18,98,14,1.0,0.1728,False
Q52LJ0,fLPS_strict,317,324,PF10239,DUF2465,35,330,8,1.0,0.027,True
Q15397,fLPS_strict,420,426,PF22493,PUF_NOP9,181,439,7,1.0,0.027,False
Q92945,fLPS_strict,498,612,PF09005,FUBP_C,611,632,2,0.0174,0.0909,True
Q92945,fLPS_strict,396,444,PF00013,KH_1,427,493,18,0.3673,0.2687,True
Q92945,fLPS_strict,684,711,PF09005,FUBP_C,670,685,2,0.0714,0.125,True
Q92945,fLPS_strict,215,253,PF00013,KH_1,236,301,18,0.4615,0.2727,True
Q92945,fLPS_strict,215,253,PF07650,KH_2,237,271,17,0.4359,0.4857,True
Q92945,fLPS_strict,631,642,PF09005,FUBP_C,611,632,2,0.1667,0.0909,True
Q92945,fLPS_strict,497,614,PF09005,FUBP_C,611,632,4,0.0339,0.1818,True
Q92945,fLPS_strict,396,444,PF00013,KH_1,427,493,18,0.3673,0.2687,True
Q92945,fLPS_strict,681,711,PF09005,FUBP_C,670,685,5,0.1613,0.3125,True
Q92945,fLPS_strict,631,642,PF09005,FUBP_C,611,632,2,0.1667,0.0909,True
Q92945,fLPS_strict,661,672,PF09005,FUBP_C,670,685,3,0.25,0.1875,True
Q8IXT5,fLPS_strict,459,464,PF00076,RRM_1,402,470,6,1.0,0.087,True
Q8IXT5,fLPS_strict,25,46,PF28441,RRM_11,5,83,22,1.0,0.2785,False
P57721,fLPS_strict,300,329,PF00013,KH_1,295,358,30,1.0,0.4688,True
B1AHD1,fLPS_strict,115,125,PF08228,RNase_P_pop3,15,130,11,1.0,0.0948,True
B1AHD1,fLPS_strict,115,125,PF01248,Ribosomal_L7Ae,25,115,1,0.0909,0.011,True
B5MCF9,fLPS_strict,49,56,PF06732,Pescadillo_N,7,258,8,1.0,0.0317,False
B5MCY1,fLPS_strict,236,254,PF00567,TUDOR,239,356,16,0.8421,0.1356,True
B5MCY1,fLPS_strict,1333,1338,PF00567,TUDOR,1293,1412,6,1.0,0.05,False
B5MCY1,fLPS_strict,762,777,PF00567,TUDOR,758,866,16,1.0,0.1468,True
Q86XN8,fLPS_strict,278,289,PF00013,KH_1,275,335,12,1.0,0.1967,True
Q12906,fLPS_strict,102,115,PF07528,DZF_N,11,221,14,1.0,0.0664,False
Q12906,fLPS_strict,576,584,PF00035,dsrm,527,588,9,1.0,0.1452,True
Q9NRJ5,fLPS_strict,477,487,PF04926,PAP_RNA-bind,429,498,11,1.0,0.1571,False
Q9NRJ5,fLPS_strict,488,509,PF04926,PAP_RNA-bind,429,498,11,0.5,0.1571,True
Q9UPQ9,fLPS_strict,918,945,PF10427,Ago_hook,928,1059,18,0.6429,0.1364,True
Q9UPQ9,fLPS_strict,1026,1037,PF10427,Ago_hook,928,1059,12,1.0,0.0909,False
Q9UPQ9,fLPS_strict,1012,1016,PF10427,Ago_hook,928,1059,5,1.0,0.0379,False
Q9UPQ9,fLPS_strict,918,945,PF10427,Ago_hook,928,1059,18,0.6429,0.1364,True
Q9UPQ9,fLPS_strict,1018,1042,PF10427,Ago_hook,928,1059,25,1.0,0.1894,False
Q9NVR5,fLPS_strict,204,253,PF08190,PIH1,43,207,4,0.08,0.0242,True
Q9NVR5,fLPS_strict,41,68,PF08190,PIH1,43,207,26,0.9286,0.1576,True
P62081,fLPS_strict,98,120,PF01251,Ribosomal_S7e,7,189,23,1.0,0.1257,False
P62081,fLPS_strict,98,120,PF01251,Ribosomal_S7e,7,189,23,1.0,0.1257,False
Q9HC16,fLPS_strict,202,208,PF08210,AID,202,376,7,1.0,0.04,True
B5MCH7,fLPS_strict,333,342,PF02020,W2,263,339,7,0.7,0.0909,True
Q5U5Q3,fLPS_strict,329,342,PF00013,KH_1,328,388,14,1.0,0.2295,True
Q99575,fLPS_strict,137,154,PF06978,POP1_N,107,183,18,1.0,0.2338,False
Q99575,fLPS_strict,165,180,PF06978,POP1_N,107,183,16,1.0,0.2078,True
Q99575,fLPS_strict,165,180,PF06978,POP1_N,172,257,9,0.5625,0.1047,True
Q99575,fLPS_strict,604,631,PF08170,POPLD,617,708,15,0.5357,0.163,True
B5MCU0,fLPS_strict,184,188,PF01424,R3H,171,222,5,1.0,0.0962,False
G5E9G0,fLPS_strict,63,103,PF00297,Ribosomal_L3,1,323,41,1.0,0.1269,False
G5E9G0,fLPS_strict,5,41,PF00297,Ribosomal_L3,1,323,37,1.0,0.1146,True
P42696,fLPS_strict,198,202,PF00076,RRM_1,187,218,5,1.0,0.1562,False
Q14966,fLPS_strict,1953,1974,PF12171,zf-C2H2_jaz,1928,1953,1,0.0455,0.0385,True
Q9Y4B4,fLPS_strict,483,487,PF04851,ResIII,290,494,5,1.0,0.0244,True
Q9Y4B4,fLPS_strict,422,426,PF04851,ResIII,290,494,5,1.0,0.0244,False
Q9Y4B4,fLPS_strict,352,368,PF04851,ResIII,290,494,17,1.0,0.0829,False
Q8WVV9,fLPS_strict,72,93,PF00076,RRM_1,80,128,14,0.6364,0.2857,True
Q8WVV9,fLPS_strict,104,108,PF00076,RRM_1,80,128,5,1.0,0.102,False
B8ZZ98,fLPS_strict,69,102,PF08648,SNRNP27,98,119,5,0.1471,0.2273,True
B8ZZ98,fLPS_strict,103,107,PF08648,SNRNP27,98,119,5,1.0,0.2273,True
B8ZZ98,fLPS_strict,68,105,PF08648,SNRNP27,98,119,8,0.2105,0.3636,True
C9JAB2,fLPS_strict,76,233,PF00076,RRM_1,13,77,2,0.0127,0.0308,True
C9JAB2,fLPS_strict,5,25,PF00076,RRM_1,13,77,13,0.619,0.2,True
E7ETU5,fLPS_strict,81,100,PF00076,RRM_1,31,91,11,0.55,0.1803,True
E7ETU5,fLPS_strict,81,105,PF00076,RRM_1,31,91,11,0.44,0.1803,True
P26639,fLPS_strict,246,250,PF07973,tRNA_SAD,250,298,1,0.2,0.0204,True
E7EX53,fLPS_strict,20,73,PF00827,Ribosomal_L15e,2,133,54,1.0,0.4091,False
Q2VPK5,fLPS_strict,433,466,PF10288,CTU2,341,468,34,1.0,0.2656,True
Q2VPK5,fLPS_strict,420,436,PF10288,CTU2,341,468,17,1.0,0.1328,False
Q2VPK5,fLPS_strict,388,393,PF10288,CTU2,341,468,6,1.0,0.0469,False
Q2VPK5,fLPS_strict,420,466,PF10288,CTU2,341,468,47,1.0,0.3672,True
F6XX82,fLPS_strict,59,80,PF01016,Ribosomal_L27,31,90,22,1.0,0.3667,True
F6XX82,fLPS_strict,32,52,PF01016,Ribosomal_L27,31,90,21,1.0,0.35,True
P62750,fLPS_strict,4,39,PF03939,Ribosomal_L23eN,17,67,23,0.6389,0.451,True
P62750,fLPS_strict,41,68,PF03939,Ribosomal_L23eN,17,67,27,0.9643,0.5294,True
P62750,fLPS_strict,2,27,PF03939,Ribosomal_L23eN,17,67,11,0.4231,0.2157,True
P62750,fLPS_strict,2,39,PF03939,Ribosomal_L23eN,17,67,23,0.6053,0.451,True
Q96EH5,fLPS_strict,41,46,PF00832,Ribosomal_L39,9,49,6,1.0,0.1463,True
Q7Z2W9,fLPS_strict,176,183,PF00829,Ribosomal_L21p,96,198,8,1.0,0.0777,False
Q7Z2W9,fLPS_strict,169,184,PF00829,Ribosomal_L21p,96,198,16,1.0,0.1553,False
H0Y450,fLPS_strict,350,370,PF05746,DALR_1,288,353,4,0.1905,0.0606,True
H0Y450,fLPS_strict,350,374,PF05746,DALR_1,288,353,4,0.16,0.0606,True
J3QT46,fLPS_strict,520,529,PF03143,GTP_EFTU_D3,509,617,10,1.0,0.0917,False
J3QT46,fLPS_strict,564,568,PF03143,GTP_EFTU_D3,509,617,5,1.0,0.0459,False
Q9H3J6,fLPS_strict,129,164,PF00472,RF-1,54,147,19,0.5278,0.2021,True
Q14576,fLPS_strict,266,283,PF13893,RRM_5,278,365,6,0.3333,0.0682,True
O77932,fLPS_strict,18,46,PF08652,RAI1,44,379,3,0.1034,0.0089,True
O77932,fLPS_strict,72,80,PF08652,RAI1,44,379,9,1.0,0.0268,False
C9J2Y9,fLPS_strict,581,616,PF04566,RNA_pol_Rpb2_4,560,622,36,1.0,0.5714,True
C9J2Y9,fLPS_strict,1156,1165,PF04560,RNA_pol_Rpb2_7,1075,1165,10,1.0,0.1099,True
C9J2Y9,fLPS_strict,954,975,PF00562,RNA_pol_Rpb2_6,700,1073,22,1.0,0.0588,False
C9J2Y9,fLPS_strict,245,282,PF04563,RNA_pol_Rpb2_1,31,434,38,1.0,0.0941,False
C9J2Y9,fLPS_strict,245,282,PF04561,RNA_pol_Rpb2_2,194,387,38,1.0,0.1959,False
C9J2Y9,fLPS_strict,289,293,PF04563,RNA_pol_Rpb2_1,31,434,5,1.0,0.0124,False
C9J2Y9,fLPS_strict,289,293,PF04561,RNA_pol_Rpb2_2,194,387,5,1.0,0.0258,False
C9J2Y9,fLPS_strict,581,620,PF04566,RNA_pol_Rpb2_4,560,622,40,1.0,0.6349,True
P27824,fLPS_strict,268,313,PF00262,Calreticulin,71,440,46,1.0,0.1243,False
P27824,fLPS_strict,325,347,PF00262,Calreticulin,71,440,23,1.0,0.0622,False
P27824,fLPS_strict,91,95,PF00262,Calreticulin,71,440,5,1.0,0.0135,False
P27824,fLPS_strict,265,314,PF00262,Calreticulin,71,440,50,1.0,0.1351,False
C9J9B2,fLPS_strict,113,132,PF00076,RRM_1,63,122,10,0.5,0.1667,True
C9J9B2,fLPS_strict,113,137,PF00076,RRM_1,63,122,10,0.4,0.1667,True
Q15072,fLPS_strict,282,292,PF00096,zf-C2H2,268,290,9,0.8182,0.3913,True
Q15072,fLPS_strict,27,38,PF00096,zf-C2H2,16,38,12,1.0,0.5217,True
Q9UI43,fLPS_strict,202,207,PF01728,FtsJ,52,236,6,1.0,0.0324,False
X6RDA4,fLPS_strict,182,189,PF00076,RRM_1,158,216,8,1.0,0.1356,False
Q00839,fLPS_strict,9,31,PF02037,SAP,8,42,23,1.0,0.6571,True
Q15366,fLPS_strict,294,323,PF00013,KH_1,290,352,30,1.0,0.4762,True
Q15366,fLPS_strict,146,156,PF00013,KH_1,99,162,11,1.0,0.1719,True
Q9UI10,fLPS_strict,458,462,PF01008,IF-2B,219,509,5,1.0,0.0172,False
Q9UI10,fLPS_strict,357,361,PF01008,IF-2B,219,509,5,1.0,0.0172,False
Q9UI10,fLPS_strict,354,381,PF01008,IF-2B,219,509,28,1.0,0.0962,False
Q7L2E3,fLPS_strict,113,117,PF24995,DSRM_2,48,123,5,1.0,0.0658,True
Q7L2E3,fLPS_strict,571,589,PF00270,DEAD,442,594,19,1.0,0.1242,True
Q7L2E3,fLPS_strict,71,106,PF24995,DSRM_2,48,123,36,1.0,0.4737,False
Q01085,fLPS_strict,61,67,PF00076,RRM_1,11,79,7,1.0,0.1014,False
H0Y503,fLPS_strict,124,133,PF02020,W2,83,130,7,0.7,0.1458,True
O14787,fLPS_strict,4,32,PF03810,IBN_N,32,98,1,0.0345,0.0149,True
Q5RKV6,fLPS_strict,157,172,PF01138,RNase_PH,36,175,16,1.0,0.1143,True
Q5RKV6,fLPS_strict,74,86,PF01138,RNase_PH,36,175,13,1.0,0.0929,False
Q5RKV6,fLPS_strict,93,111,PF01138,RNase_PH,36,175,19,1.0,0.1357,False
Q5RKV6,fLPS_strict,72,91,PF01138,RNase_PH,36,175,20,1.0,0.1429,False
H7C1D4,fLPS_strict,10,31,PF01997,Translin,27,184,5,0.2273,0.0316,True
P32969,fLPS_strict,49,53,PF00347,Ribosomal_L6,12,85,5,1.0,0.0676,False
P32969,fLPS_strict,124,129,PF00347,Ribosomal_L6,99,178,6,1.0,0.075,False
Q8TCS8,fLPS_strict,474,504,PF01138,RNase_PH,367,501,28,0.9032,0.2074,True
D4PHA4,fLPS_strict,478,492,PF15337,Vasculin,395,491,14,0.9333,0.1443,True
D4PHA4,fLPS_strict,474,492,PF15337,Vasculin,395,491,18,0.9474,0.1856,True
F6S9K0,fLPS_strict,104,141,PF00642,zf-CCCH,92,115,12,0.3158,0.5,True
F6S9K0,fLPS_strict,104,141,PF14608,zf-CCCH_2,94,114,11,0.2895,0.5238,True
F6S9K0,fLPS_strict,71,115,PF00642,zf-CCCH,92,115,24,0.5333,1.0,True
F6S9K0,fLPS_strict,71,115,PF14608,zf-CCCH_2,94,114,21,0.4667,1.0,True
Q9H7B2,fLPS_strict,9,42,PF04427,Brix,40,227,3,0.0882,0.016,True
Q02878,fLPS_strict,5,41,PF03868,Ribosomal_L6e_N,36,95,6,0.1622,0.1,True
Q02878,fLPS_strict,66,87,PF03868,Ribosomal_L6e_N,36,95,22,1.0,0.3667,True
Q02878,fLPS_strict,218,224,PF01159,Ribosomal_L6e,181,288,7,1.0,0.0648,False
P62269,fLPS_strict,108,144,PF00416,Ribosomal_S13,14,142,35,0.9459,0.2713,True
P61218,fLPS_strict,102,106,PF01192,RNA_pol_Rpb6,51,104,3,0.6,0.0556,True
Q96K58,fLPS_strict,232,238,PF00096,zf-C2H2,224,246,7,1.0,0.3043,True
P78316,fLPS_strict,341,398,PF04147,Nop14,26,846,58,1.0,0.0706,False
P78316,fLPS_strict,166,170,PF04147,Nop14,26,846,5,1.0,0.0061,False
P78316,fLPS_strict,315,327,PF04147,Nop14,26,846,13,1.0,0.0158,False
P78316,fLPS_strict,179,195,PF04147,Nop14,26,846,17,1.0,0.0207,False
P78316,fLPS_strict,275,304,PF04147,Nop14,26,846,30,1.0,0.0365,False
P78316,fLPS_strict,2,27,PF04147,Nop14,26,846,2,0.0769,0.0024,True
P78316,fLPS_strict,271,304,PF04147,Nop14,26,846,34,1.0,0.0414,False
P78316,fLPS_strict,525,533,PF04147,Nop14,26,846,9,1.0,0.011,False
Q6P158,fLPS_strict,909,922,PF00271,Helicase_C,832,968,14,1.0,0.1022,False
H0Y6E7,fLPS_strict,182,212,PF08081,RBM1CTR,175,219,31,1.0,0.6889,True
H0Y6E7,fLPS_strict,143,177,PF08081,RBM1CTR,175,219,3,0.0857,0.0667,True
H0Y6E7,fLPS_strict,180,205,PF08081,RBM1CTR,175,219,26,1.0,0.5778,True
Q96EG3,fLPS_strict,310,354,PF00096,zf-C2H2,299,321,12,0.2667,0.5217,True
Q96EG3,fLPS_strict,291,354,PF00096,zf-C2H2,271,293,3,0.0469,0.1304,True
Q96EG3,fLPS_strict,291,354,PF00096,zf-C2H2,299,321,23,0.3594,1.0,True
Q6NXG1,fLPS_strict,278,289,PF28441,RRM_11,227,317,12,1.0,0.1319,False
Q7L775,fLPS_strict,245,249,PF27073,FAM200-ZBED5_RNase-like,94,266,5,1.0,0.0289,False
Q8NAT2,fLPS_strict,502,506,PF00567,TUDOR,472,594,5,1.0,0.0407,False
P41252,fLPS_strict,736,741,PF08264,Anticodon_1,693,849,6,1.0,0.0382,False
P15170,fLPS_strict,397,406,PF03143,GTP_EFTU_D3,390,494,10,1.0,0.0952,True
P15170,fLPS_strict,369,373,PF03144,GTP_EFTU_D2,314,381,5,1.0,0.0735,True
Q9H633,fLPS_strict,62,95,PF04032,Rpr2,13,96,34,1.0,0.4048,True
Q9H633,fLPS_strict,78,86,PF04032,Rpr2,13,96,9,1.0,0.1071,True
Q9H633,fLPS_strict,48,100,PF04032,Rpr2,13,96,49,0.9245,0.5833,True
Q9BQ75,fLPS_strict,50,77,PF14617,CMS1,61,263,17,0.6071,0.0837,True
Q9BQ75,fLPS_strict,48,77,PF14617,CMS1,61,263,17,0.5667,0.0837,True
P62633,fLPS_strict,54,171,PF00098,zf-CCHC,53,68,15,0.1271,0.9375,True
P62633,fLPS_strict,54,171,PF00098,zf-CCHC,73,89,17,0.1441,1.0,True
P62633,fLPS_strict,54,171,PF00098,zf-CCHC,97,113,17,0.1441,1.0,True
P62633,fLPS_strict,54,171,PF00098,zf-CCHC,117,134,18,0.1525,1.0,True
P62633,fLPS_strict,54,171,PF00098,zf-CCHC,136,152,17,0.1441,1.0,True
P62633,fLPS_strict,54,171,PF00098,zf-CCHC,157,172,15,0.1271,0.9375,True
Q6ZMS7,fLPS_strict,507,532,PF00096,zf-C2H2,494,516,10,0.3846,0.4348,True
Q6ZMS7,fLPS_strict,507,540,PF00096,zf-C2H2,494,516,10,0.2941,0.4348,True
Q5QJE6,fLPS_strict,725,730,PF08698,Fcf2,638,731,6,1.0,0.0638,True
F6VEC6,fLPS_strict,198,237,PF13393,tRNA-synt_His,114,315,40,1.0,0.198,False
Q8IYT2,fLPS_strict,184,188,PF01728,FtsJ,112,319,5,1.0,0.024,False
X6RJ73,fLPS_strict,76,88,PF00467,KOW,59,88,13,1.0,0.4333,True
Q5VZU3,fLPS_strict,3,7,PF01137,RTC,2,183,5,1.0,0.0275,True
C9J1C5,fLPS_strict,5,45,PF01667,Ribosomal_S27e,1,50,41,1.0,0.82,True
Q15477,fLPS_strict,1040,1052,PF13234,MTR4_beta-barrel,832,1046,7,0.5385,0.0326,True
Q15477,fLPS_strict,843,847,PF13234,MTR4_beta-barrel,832,1046,5,1.0,0.0233,False
E9PHM2,fLPS_strict,415,451,PF00133,tRNA-synt_1,401,557,37,1.0,0.2357,False
E9PHM2,fLPS_strict,520,548,PF00133,tRNA-synt_1,401,557,29,1.0,0.1847,True
E9PHM2,fLPS_strict,461,466,PF00133,tRNA-synt_1,401,557,6,1.0,0.0382,False
E9PHM2,fLPS_strict,520,548,PF00133,tRNA-synt_1,401,557,29,1.0,0.1847,True
Q5CZA5,fLPS_strict,249,253,PF00096,zf-C2H2,231,253,5,1.0,0.2174,True
X6RJY0,fLPS_strict,77,98,PF04615,Utp14,7,299,22,1.0,0.0751,False
X6RJY0,fLPS_strict,218,258,PF04615,Utp14,7,299,41,1.0,0.1399,False
X6RJY0,fLPS_strict,174,187,PF04615,Utp14,7,299,14,1.0,0.0478,False
X6RJY0,fLPS_strict,123,127,PF04615,Utp14,7,299,5,1.0,0.0171,False
X6RJY0,fLPS_strict,218,267,PF04615,Utp14,7,299,50,1.0,0.1706,False
F8VVL1,fLPS_strict,93,126,PF01253,SUI1,112,157,15,0.4412,0.3261,True
Q9H0H0,fLPS_strict,980,991,PF14750,INTS2,26,1129,12,1.0,0.0109,False
Q9H0H0,fLPS_strict,397,401,PF14750,INTS2,26,1129,5,1.0,0.0045,False
Q9H0H0,fLPS_strict,102,106,PF14750,INTS2,26,1129,5,1.0,0.0045,False
Q9H0H0,fLPS_strict,684,706,PF14750,INTS2,26,1129,23,1.0,0.0208,False
E7ETK0,fLPS_strict,83,130,PF01282,Ribosomal_S24e,5,95,13,0.2708,0.1429,True
E7ETK0,fLPS_strict,83,130,PF01282,Ribosomal_S24e,5,95,13,0.2708,0.1429,True
P0C7T5,fLPS_strict,579,599,PF08517,AXH,469,580,2,0.0952,0.0179,True
P0C7T5,fLPS_strict,579,604,PF08517,AXH,469,580,2,0.0769,0.0179,True
Q587J7,fLPS_strict,554,581,PF00270,DEAD,468,598,28,1.0,0.2137,False
Q587J7,fLPS_strict,63,74,PF00567,TUDOR,5,128,12,1.0,0.0968,False
P54253,fLPS_strict,626,653,PF08517,AXH,574,686,28,1.0,0.2478,False
Q9UHC7,fLPS_strict,214,239,PF00642,zf-CCCH,210,233,20,0.7692,0.8333,True
Q5JW28,fLPS_strict,157,199,PF00035,dsrm,106,174,18,0.4186,0.2609,True
Q5JW28,fLPS_strict,32,43,PF00035,dsrm,22,79,12,1.0,0.2069,True
Q5JW28,fLPS_strict,66,75,PF00035,dsrm,22,79,10,1.0,0.1724,True
Q5JW28,fLPS_strict,157,199,PF00035,dsrm,106,174,18,0.4186,0.2609,True
Q5JW28,fLPS_strict,7,46,PF00035,dsrm,22,79,25,0.625,0.431,True
B0QY89,fLPS_strict,495,499,PF10255,Paf67,195,593,5,1.0,0.0125,False
B0QY89,fLPS_strict,200,212,PF10255,Paf67,195,593,13,1.0,0.0326,True
Q8N7X1,fLPS_strict,60,66,PF00076,RRM_1,10,79,7,1.0,0.1,False
Q6PI26,fLPS_strict,418,433,PF04925,SHQ1,235,419,2,0.125,0.0108,True
Q6PI26,fLPS_strict,417,439,PF04925,SHQ1,235,419,3,0.1304,0.0162,True
P56182,fLPS_strict,120,124,PF05997,Nop52,10,327,5,1.0,0.0157,False
P56182,fLPS_strict,139,155,PF05997,Nop52,10,327,17,1.0,0.0535,False
C9J6P4,fLPS_strict,870,905,PF00644,PARP,861,974,36,1.0,0.3158,True
Q8IZH2,fLPS_strict,98,103,PF03159,XRN_N,1,227,6,1.0,0.0264,False
O15042,fLPS_strict,766,859,PF08312,cwf21,838,884,22,0.234,0.4681,True
O15042,fLPS_strict,881,926,PF08312,cwf21,838,884,4,0.087,0.0851,True
Q9C0B1,fLPS_strict,347,353,PF12934,FTO_CTD,329,497,7,1.0,0.0414,False
Q9C0B1,fLPS_strict,250,257,PF12933,FTO_NTD,37,325,8,1.0,0.0277,False
C9JYQ9,fLPS_strict,60,86,PF01776,Ribosomal_L22e,12,118,27,1.0,0.2523,False
Q5T7N2,fLPS_strict,720,725,PF02994,Transposase_22,700,795,6,1.0,0.0625,False
Q5T7N2,fLPS_strict,775,791,PF02994,Transposase_22,700,795,17,1.0,0.1771,True
Q5T7N2,fLPS_strict,684,731,PF02994,Transposase_22,700,795,32,0.6667,0.3333,True
H7C5K7,fLPS_strict,309,314,PF00644,PARP,177,352,6,1.0,0.0341,False
Q8TAS1,fLPS_strict,335,350,PF00076,RRM_1,345,398,6,0.375,0.1111,True
E9PFF5,fLPS_strict,381,410,PF12235,FXMRP1_C_core,330,399,19,0.6333,0.2714,True
E9PFF5,fLPS_strict,394,412,PF12235,FXMRP1_C_core,330,399,6,0.3158,0.0857,True
E9PFF5,fLPS_strict,316,342,PF12235,FXMRP1_C_core,330,399,13,0.4815,0.1857,True
E9PFF5,fLPS_strict,384,412,PF12235,FXMRP1_C_core,330,399,16,0.5517,0.2286,True
E9PFF5,fLPS_strict,327,343,PF12235,FXMRP1_C_core,330,399,14,0.8235,0.2,True
O60783,fLPS_strict,80,112,PF00253,Ribosomal_S14,75,126,33,1.0,0.6346,True
P62945,fLPS_strict,2,23,PF05162,Ribosomal_L41,1,25,22,1.0,0.88,True
P62945,fLPS_strict,2,25,PF05162,Ribosomal_L41,1,25,24,1.0,0.96,True
H0Y8P4,fLPS_strict,513,521,PF09384,UTP15_C,370,517,5,0.5556,0.0338,True
H0Y8P4,fLPS_strict,471,475,PF09384,UTP15_C,370,517,5,1.0,0.0338,False
Q499Z4,fLPS_strict,31,62,PF00096,zf-C2H2,14,36,6,0.1875,0.2609,True
Q499Z4,fLPS_strict,31,62,PF00096,zf-C2H2,42,64,21,0.6562,0.913,True
Q499Z4,fLPS_strict,357,367,PF00096,zf-C2H2,367,389,1,0.0909,0.0435,True
Q499Z4,fLPS_strict,416,435,PF00096,zf-C2H2,396,417,2,0.1,0.0909,True
Q499Z4,fLPS_strict,31,62,PF00096,zf-C2H2,14,36,6,0.1875,0.2609,True
Q499Z4,fLPS_strict,31,62,PF00096,zf-C2H2,42,64,21,0.6562,0.913,True
E7ET15,fLPS_strict,765,838,PF08312,cwf21,837,883,2,0.027,0.0426,True
E7ET15,fLPS_strict,880,925,PF08312,cwf21,837,883,4,0.087,0.0851,True
Q5H9U9,fLPS_strict,788,794,PF04851,ResIII,746,902,7,1.0,0.0446,False
Q5H9U9,fLPS_strict,788,794,PF00270,DEAD,747,903,7,1.0,0.0446,False
D6RCB9,fLPS_strict,46,76,PF01248,Ribosomal_L7Ae,46,111,31,1.0,0.4697,True
Q9BTF0,fLPS_strict,370,375,PF01170,UPF0020,274,412,6,1.0,0.0432,False
Q9BTF0,fLPS_strict,370,375,PF13847,Methyltransf_31,297,409,6,1.0,0.0531,False
Q9BTF0,fLPS_strict,370,375,PF05175,MTS,300,409,6,1.0,0.0545,False
Q9NP92,fLPS_strict,119,135,PF07147,PDCD9,1,429,17,1.0,0.0396,False
Q9NP92,fLPS_strict,158,162,PF07147,PDCD9,1,429,5,1.0,0.0117,False
Q9NP92,fLPS_strict,21,58,PF07147,PDCD9,1,429,38,1.0,0.0886,False
Q9NP92,fLPS_strict,194,199,PF07147,PDCD9,1,429,6,1.0,0.014,False
Q9NP92,fLPS_strict,124,134,PF07147,PDCD9,1,429,11,1.0,0.0256,False
Q9NP92,fLPS_strict,119,135,PF07147,PDCD9,1,429,17,1.0,0.0396,False
Q9NP92,fLPS_strict,20,58,PF07147,PDCD9,1,429,39,1.0,0.0909,False
Q8NI36,fLPS_strict,721,754,PF04192,Utp21,689,891,34,1.0,0.1675,False
Q8NI36,fLPS_strict,716,729,PF04192,Utp21,689,891,14,1.0,0.069,False
Q8NI36,fLPS_strict,817,827,PF04192,Utp21,689,891,11,1.0,0.0542,False
Q8NI36,fLPS_strict,670,693,PF04192,Utp21,689,891,5,0.2083,0.0246,True
Q8NI36,fLPS_strict,716,748,PF04192,Utp21,689,891,33,1.0,0.1626,False
Q8NI36,fLPS_strict,670,712,PF04192,Utp21,689,891,24,0.5581,0.1182,True
Q99729,fLPS_strict,35,45,PF08143,CBFNT,1,69,11,1.0,0.1594,False
Q99729,fLPS_strict,163,184,PF16367,RRM_7,153,229,22,1.0,0.2857,True
Q99729,fLPS_strict,163,184,PF00076,RRM_1,155,215,22,1.0,0.3607,True
Q99729,fLPS_strict,29,56,PF08143,CBFNT,1,69,28,1.0,0.4058,False
Q99729,fLPS_strict,142,154,PF16367,RRM_7,153,229,2,0.1538,0.026,True
Q99729,fLPS_strict,29,56,PF08143,CBFNT,1,69,28,1.0,0.4058,False
Q92540,fLPS_strict,144,154,PF10374,EST1,55,168,11,1.0,0.0965,False
Q9P2J5,fLPS_strict,345,349,PF00133,tRNA-synt_1,188,755,5,1.0,0.0088,False
O00584,fLPS_strict,189,224,PF00445,Ribonuclease_T2,34,213,25,0.6944,0.1389,True
D6RG13,fLPS_strict,194,202,PF01015,Ribosomal_S3Ae,2,201,8,0.8889,0.04,True
D6RG13,fLPS_strict,148,152,PF01015,Ribosomal_S3Ae,2,201,5,1.0,0.025,False
Q969S9,fLPS_strict,52,79,PF00009,GTP_EFTU,69,351,11,0.3929,0.0389,True
Q969S9,fLPS_strict,83,87,PF00009,GTP_EFTU,69,351,5,1.0,0.0177,False
Q969S9,fLPS_strict,235,239,PF00009,GTP_EFTU,69,351,5,1.0,0.0177,False
D6RIC3,fLPS_strict,9,40,PF09420,Nop16,12,75,29,0.9062,0.4531,True
D6RIC3,fLPS_strict,9,50,PF09420,Nop16,12,75,39,0.9286,0.6094,True
G5EA06,fLPS_strict,321,351,PF10037,MRP-S27,1,356,31,1.0,0.0871,True
Q8TC59,fLPS_strict,848,852,PF02171,Piwi,669,956,5,1.0,0.0174,False
Q8TC59,fLPS_strict,956,960,PF02171,Piwi,669,956,1,0.2,0.0035,True
E5RHF4,fLPS_strict,38,64,PF29471,Ribosomal_uL15_N,42,75,23,0.8519,0.6765,True
E5RHF4,fLPS_strict,38,70,PF29471,Ribosomal_uL15_N,42,75,29,0.8788,0.8529,True
Q5TAP6,fLPS_strict,239,265,PF04615,Utp14,43,734,27,1.0,0.039,False
Q5TAP6,fLPS_strict,389,424,PF04615,Utp14,43,734,36,1.0,0.052,False
Q5TAP6,fLPS_strict,341,353,PF04615,Utp14,43,734,13,1.0,0.0188,False
Q5TAP6,fLPS_strict,580,587,PF04615,Utp14,43,734,8,1.0,0.0116,False
Q5TAP6,fLPS_strict,488,518,PF04615,Utp14,43,734,31,1.0,0.0448,False
Q5TAP6,fLPS_strict,64,80,PF04615,Utp14,43,734,17,1.0,0.0246,False
Q5TAP6,fLPS_strict,290,294,PF04615,Utp14,43,734,5,1.0,0.0072,False
Q9NV88,fLPS_strict,358,363,PF10996,Beta-Casp,308,424,6,1.0,0.0513,False
Q8N8Q3,fLPS_strict,224,228,PF04493,Endonuclease_5,44,240,5,1.0,0.0254,False
E7EPX0,fLPS_strict,237,277,PF00035,dsrm,189,252,16,0.3902,0.25,True
E7EPX0,fLPS_strict,237,280,PF00035,dsrm,189,252,16,0.3636,0.25,True
H0YBR2,fLPS_strict,144,155,PF28441,RRM_11,93,183,12,1.0,0.1319,False
Q8IV48,fLPS_strict,99,118,PF02037,SAP,76,111,13,0.65,0.3611,True
E5RK86,fLPS_strict,95,99,PF10246,MRP-S35,26,108,5,1.0,0.0602,True
Q9UFF9,fLPS_strict,176,180,PF04857,CAF1,147,238,5,1.0,0.0543,False
P49756,fLPS_strict,155,177,PF00076,RRM_1,89,157,3,0.1304,0.0435,True
P49756,fLPS_strict,761,783,PF01480,PWI,771,836,13,0.5652,0.197,True
P49756,fLPS_strict,768,787,PF01480,PWI,771,836,17,0.85,0.2576,True
E9PIF2,fLPS_strict,327,354,PF00271,Helicase_C,299,409,28,1.0,0.2523,False
A1L020,fLPS_strict,224,239,PF00013,KH_1,225,285,15,0.9375,0.2459,True
E9PN81,fLPS_strict,101,117,PF08615,RNase_H2_suC,28,157,17,1.0,0.1308,False
Q9H0A0,fLPS_strict,429,439,PF05127,NAT10_TcmA_helicase,282,488,11,1.0,0.0531,False
Q9H0A0,fLPS_strict,442,451,PF05127,NAT10_TcmA_helicase,282,488,10,1.0,0.0483,False
Q9H0A0,fLPS_strict,281,303,PF05127,NAT10_TcmA_helicase,282,488,22,0.9565,0.1063,True
P78344,fLPS_strict,898,905,PF02020,W2,827,904,7,0.875,0.0897,True
P78344,fLPS_strict,194,198,PF02854,MIF4G,79,307,5,1.0,0.0218,False
Q9Y2W1,fLPS_strict,12,174,PF15440,THRAP3_BCLAF1,123,792,52,0.319,0.0776,True
Q9Y2W1,fLPS_strict,125,190,PF15440,THRAP3_BCLAF1,123,792,66,1.0,0.0985,True
Q9Y2W1,fLPS_strict,777,789,PF15440,THRAP3_BCLAF1,123,792,13,1.0,0.0194,True
Q9Y2W1,fLPS_strict,265,276,PF15440,THRAP3_BCLAF1,123,792,12,1.0,0.0179,False
Q9Y2W1,fLPS_strict,306,339,PF15440,THRAP3_BCLAF1,123,792,34,1.0,0.0507,False
Q9Y2W1,fLPS_strict,630,642,PF15440,THRAP3_BCLAF1,123,792,13,1.0,0.0194,False
Q9Y2W1,fLPS_strict,488,493,PF15440,THRAP3_BCLAF1,123,792,6,1.0,0.009,False
Q9Y2W1,fLPS_strict,756,769,PF15440,THRAP3_BCLAF1,123,792,14,1.0,0.0209,False
Q9Y2W1,fLPS_strict,771,778,PF15440,THRAP3_BCLAF1,123,792,8,1.0,0.0119,False
Q9Y2W1,fLPS_strict,718,752,PF15440,THRAP3_BCLAF1,123,792,35,1.0,0.0522,False
Q9Y2W1,fLPS_strict,353,375,PF15440,THRAP3_BCLAF1,123,792,23,1.0,0.0343,False
Q9Y2W1,fLPS_strict,416,448,PF15440,THRAP3_BCLAF1,123,792,33,1.0,0.0493,False
Q9Y2W1,fLPS_strict,173,185,PF15440,THRAP3_BCLAF1,123,792,13,1.0,0.0194,False
Q9Y2W1,fLPS_strict,261,266,PF15440,THRAP3_BCLAF1,123,792,6,1.0,0.009,False
Q9Y2W1,fLPS_strict,737,753,PF15440,THRAP3_BCLAF1,123,792,17,1.0,0.0254,False
Q9Y2W1,fLPS_strict,7,190,PF15440,THRAP3_BCLAF1,123,792,68,0.3696,0.1015,True
Q9Y2W1,fLPS_strict,771,789,PF15440,THRAP3_BCLAF1,123,792,19,1.0,0.0284,True
Q9Y2W1,fLPS_strict,261,289,PF15440,THRAP3_BCLAF1,123,792,29,1.0,0.0433,False
Q9Y2W1,fLPS_strict,278,341,PF15440,THRAP3_BCLAF1,123,792,64,1.0,0.0955,False
Q9Y2W1,fLPS_strict,723,753,PF15440,THRAP3_BCLAF1,123,792,31,1.0,0.0463,False
Q9Y2W1,fLPS_strict,410,451,PF15440,THRAP3_BCLAF1,123,792,42,1.0,0.0627,False
P62851,fLPS_strict,4,43,PF03297,Ribosomal_S25,13,112,31,0.775,0.31,True
E9PKU4,fLPS_strict,144,148,PF03947,Ribosomal_L2_C,98,203,5,1.0,0.0472,False
P62861,fLPS_strict,92,102,PF04758,Ribosomal_S30,75,132,11,1.0,0.1897,False
P62861,fLPS_strict,105,115,PF04758,Ribosomal_S30,75,132,11,1.0,0.1897,False
E9PI14,fLPS_strict,38,42,PF00252,Ribosomal_L16,1,85,5,1.0,0.0588,False
Q12872,fLPS_strict,101,142,PF09750,DRY_EERY,35,155,42,1.0,0.3471,False
Q12872,fLPS_strict,451,458,PF01805,Surp,451,506,8,1.0,0.1429,True
P21399,fLPS_strict,213,223,PF00330,Aconitase,63,564,11,1.0,0.0219,False
P21399,fLPS_strict,408,412,PF00330,Aconitase,63,564,5,1.0,0.01,False
P21399,fLPS_strict,271,281,PF00330,Aconitase,63,564,11,1.0,0.0219,False
A0A0C4DGG8,fLPS_strict,188,275,PF14444,S1-like,132,189,2,0.0227,0.0345,True
A0A0C4DGG8,fLPS_strict,124,132,PF14444,S1-like,132,189,1,0.1111,0.0172,True
A0A0C4DGG8,fLPS_strict,188,283,PF14444,S1-like,132,189,2,0.0208,0.0345,True
Q86Y79,fLPS_strict,187,192,PF01195,Pept_tRNA_hydro,32,202,6,1.0,0.0351,True
F5H1K3,fLPS_strict,15,27,PF01885,PTS_2-RNA,26,186,2,0.1538,0.0124,True
Q8IWX8,fLPS_strict,355,454,PF10477,EIF4E-T,85,360,6,0.06,0.0217,True
Q8IWX8,fLPS_strict,279,346,PF10477,EIF4E-T,85,360,68,1.0,0.2464,False
Q8IWX8,fLPS_strict,74,103,PF10477,EIF4E-T,85,360,19,0.6333,0.0688,True
Q8IWX8,fLPS_strict,110,144,PF10477,EIF4E-T,85,360,35,1.0,0.1268,False
Q8IWX8,fLPS_strict,64,72,PF01805,Surp,7,66,3,0.3333,0.05,True
Q8IWX8,fLPS_strict,853,874,PF01585,G-patch,842,887,22,1.0,0.4783,False
Q8IWX8,fLPS_strict,44,56,PF01805,Surp,7,66,13,1.0,0.2167,True
Q9Y4C8,fLPS_strict,745,767,PF00076,RRM_1,732,804,23,1.0,0.3151,False
Q9Y4C8,fLPS_strict,22,49,PF00076,RRM_1,4,72,28,1.0,0.4058,False
O15226,fLPS_strict,563,575,PF01585,G-patch,552,593,13,1.0,0.3095,False
O60522,fLPS_strict,304,308,PF00567,TUDOR,250,380,5,1.0,0.0382,False
P56270,fLPS_strict,325,360,PF00096,zf-C2H2,337,360,24,0.6667,1.0,True
O95453,fLPS_strict,228,263,PF04857,CAF1,4,390,36,1.0,0.093,False
O95453,fLPS_strict,228,263,PF01424,R3H,179,243,16,0.4444,0.2462,True
Q9Y2P0,fLPS_strict,348,384,PF00096,zf-C2H2,334,356,9,0.2432,0.3913,True
Q9Y2P0,fLPS_strict,348,384,PF00096,zf-C2H2,362,384,23,0.6216,1.0,True
Q9Y2P0,fLPS_strict,464,468,PF00096,zf-C2H2,446,468,5,1.0,0.2174,True
Q2VIR3,fLPS_strict,94,118,PF00009,GTP_EFTU,41,244,25,1.0,0.1225,False
Q2VIR3,fLPS_strict,220,247,PF00009,GTP_EFTU,41,244,25,0.8929,0.1225,True
F8VQP2,fLPS_strict,651,739,PF07145,PAM2,644,660,10,0.1124,0.5882,True
F8VQP2,fLPS_strict,162,204,PF06741,LsmAD,144,211,43,1.0,0.6324,True
A0A0G2JKY3,fLPS_strict,867,884,PF08264,Anticodon_1,777,925,18,1.0,0.1208,False
A0A0G2JKY3,fLPS_strict,509,527,PF00133,tRNA-synt_1,113,728,19,1.0,0.0308,False
A0A0G2JKY3,fLPS_strict,805,813,PF08264,Anticodon_1,777,925,9,1.0,0.0604,False
A0A0G2JKY3,fLPS_strict,113,117,PF00133,tRNA-synt_1,113,728,5,1.0,0.0081,True
A0A0G2JKY3,fLPS_strict,893,915,PF08264,Anticodon_1,777,925,23,1.0,0.1544,True
Q9UIF9,fLPS_strict,543,565,PF01429,MBD,547,619,19,0.8261,0.2603,True
Q07020,fLPS_strict,168,184,PF17135,Ribosomal_L18,2,188,17,1.0,0.0909,True
Q07020,fLPS_strict,81,115,PF17135,Ribosomal_L18,2,188,35,1.0,0.1872,False
H0YHU8,fLPS_strict,54,58,PF00076,RRM_1,42,110,5,1.0,0.0725,False
H0YHU8,fLPS_strict,54,58,PF28441,RRM_11,45,112,5,1.0,0.0735,True
P86452,fLPS_strict,614,618,PF27039,ZBED1_RNase-like_helical,581,690,5,1.0,0.0455,False
H0YI55,fLPS_strict,59,102,PF12874,zf-met,37,60,2,0.0455,0.0833,True
H0YI55,fLPS_strict,59,102,PF12171,zf-C2H2_jaz,37,60,2,0.0455,0.0833,True
F8VS19,fLPS_strict,42,73,PF00096,zf-C2H2,68,90,6,0.1875,0.2609,True
H0YIP0,fLPS_strict,87,95,PF19303,Anticodon_3,76,140,9,1.0,0.1385,False
F8VP89,fLPS_strict,164,202,PF00076,RRM_1,99,167,4,0.1026,0.058,True
F8VP89,fLPS_strict,164,227,PF00076,RRM_1,99,167,4,0.0625,0.058,True
G3V2M5,fLPS_strict,4,16,PF04900,Fcf1,3,61,13,1.0,0.2203,True
G3V3F2,fLPS_strict,121,153,PF00096,zf-C2H2,103,125,5,0.1515,0.2174,True
G3V3F2,fLPS_strict,121,153,PF00096,zf-C2H2,131,153,23,0.697,1.0,True
Q9HCK8,fLPS_strict,1172,1194,PF00271,Helicase_C,1135,1247,23,1.0,0.2035,False
G3V529,fLPS_strict,222,231,PF00270,DEAD,173,468,10,1.0,0.0338,False
G3V529,fLPS_strict,312,316,PF00270,DEAD,173,468,5,1.0,0.0169,False
G3V5I6,fLPS_strict,290,341,PF14608,zf-CCCH_2,290,307,18,0.3462,1.0,True
G3V5I6,fLPS_strict,290,341,PF14608,zf-CCCH_2,310,328,19,0.3654,1.0,True
G3V5I6,fLPS_strict,366,396,PF14608,zf-CCCH_2,365,382,17,0.5484,0.9444,True
G3V5I6,fLPS_strict,290,407,PF14608,zf-CCCH_2,290,307,18,0.1525,1.0,True
G3V5I6,fLPS_strict,290,407,PF14608,zf-CCCH_2,310,328,19,0.161,1.0,True
G3V5I6,fLPS_strict,290,407,PF14608,zf-CCCH_2,365,382,18,0.1525,1.0,True
G3V5X7,fLPS_strict,487,516,PF05731,TROVE,297,568,30,1.0,0.1103,False
Q8IZ73,fLPS_strict,231,235,PF00849,PseudoU_synth_2,231,377,5,1.0,0.034,True
H0YMF4,fLPS_strict,69,95,PF01778,Ribosomal_L28e,5,70,2,0.0741,0.0303,True
H0YMF4,fLPS_strict,59,63,PF01778,Ribosomal_L28e,5,70,5,1.0,0.0758,True
H0YN88,fLPS_strict,75,79,PF00833,Ribosomal_S17e,1,109,5,1.0,0.0459,False
H0YN88,fLPS_strict,60,81,PF00833,Ribosomal_S17e,1,109,22,1.0,0.2018,False
H3BM89,fLPS_strict,94,111,PF00573,Ribosomal_L4,1,168,18,1.0,0.1071,False
H3BM89,fLPS_strict,63,88,PF00573,Ribosomal_L4,1,168,26,1.0,0.1548,False
H3BM89,fLPS_strict,15,20,PF00573,Ribosomal_L4,1,168,6,1.0,0.0357,False
H3BM89,fLPS_strict,94,133,PF00573,Ribosomal_L4,1,168,40,1.0,0.2381,False
H3BMQ2,fLPS_strict,16,44,PF01246,Ribosomal_L24e,10,48,29,1.0,0.7436,True
Q9H6T0,fLPS_strict,317,321,PF28441,RRM_11,259,348,5,1.0,0.0556,False
A8K979,fLPS_strict,50,54,PF00929,RNase_T,38,131,5,1.0,0.0532,False
A8K979,fLPS_strict,121,136,PF00929,RNase_T,38,131,11,0.6875,0.117,True
Q12788,fLPS_strict,640,655,PF08625,Utp13,654,788,2,0.125,0.0148,True
Q12788,fLPS_strict,637,656,PF08625,Utp13,654,788,3,0.15,0.0222,True
Q14137,fLPS_strict,167,180,PF08145,BOP1NT,144,402,14,1.0,0.0541,False
H3BPE7,fLPS_strict,429,448,PF00641,Zn_ribbon_RanBP,423,454,20,1.0,0.625,True
Q96F86,fLPS_strict,227,245,PF09532,FDF,199,300,19,1.0,0.1863,False
Q96F86,fLPS_strict,188,205,PF09532,FDF,199,300,7,0.3889,0.0686,True
A5YKK6,fLPS_strict,2354,2368,PF04054,Not1,1998,2357,4,0.2667,0.0111,True
Q9Y2V2,fLPS_strict,67,71,PF00313,CSD,64,127,5,1.0,0.0781,True
H3BSB3,fLPS_strict,14,32,PF10175,MPP6,1,106,19,1.0,0.1792,False
H3BSB3,fLPS_strict,69,84,PF10175,MPP6,1,106,16,1.0,0.1509,False
H3BSW6,fLPS_strict,504,537,PF10288,CTU2,412,539,34,1.0,0.2656,True
H3BSW6,fLPS_strict,491,507,PF10288,CTU2,412,539,17,1.0,0.1328,False
H3BSW6,fLPS_strict,459,464,PF10288,CTU2,412,539,6,1.0,0.0469,False
H3BSW6,fLPS_strict,491,537,PF10288,CTU2,412,539,47,1.0,0.3672,True
H3BTT8,fLPS_strict,135,140,PF09749,HVSL,31,250,6,1.0,0.0273,False
D6RA96,fLPS_strict,696,702,PF13307,Helicase_C_2,575,746,7,1.0,0.0407,False
D6RA96,fLPS_strict,696,714,PF13307,Helicase_C_2,575,746,19,1.0,0.1105,False
I3L0N7,fLPS_strict,21,69,PF08312,cwf21,58,101,12,0.2449,0.2727,True
I3L0N7,fLPS_strict,72,84,PF08312,cwf21,58,101,13,1.0,0.2955,False
I3L0N7,fLPS_strict,72,89,PF08312,cwf21,58,101,18,1.0,0.4091,False
I3L1L6,fLPS_strict,261,276,PF00271,Helicase_C,196,318,16,1.0,0.1301,False
Q96SZ4,fLPS_strict,487,548,PF00096,zf-C2H2,478,498,12,0.1935,0.5714,True
Q96SZ4,fLPS_strict,487,548,PF00096,zf-C2H2,522,544,23,0.371,1.0,True
Q96SZ4,fLPS_strict,670,707,PF00096,zf-C2H2,662,684,15,0.3947,0.6522,True
Q96SZ4,fLPS_strict,670,707,PF00096,zf-C2H2,690,712,18,0.4737,0.7826,True
Q96SZ4,fLPS_strict,634,639,PF00096,zf-C2H2,635,656,5,0.8333,0.2273,True
Q96SZ4,fLPS_strict,648,669,PF00096,zf-C2H2,635,656,9,0.4091,0.4091,True
Q96SZ4,fLPS_strict,648,669,PF00096,zf-C2H2,662,684,8,0.3636,0.3478,True
Q96SZ4,fLPS_strict,596,607,PF00096,zf-C2H2,578,600,5,0.4167,0.2174,True
Q6P2Q9,fLPS_strict,152,165,PF08082,PRO8NT,58,209,14,1.0,0.0921,False
Q6P2Q9,fLPS_strict,758,763,PF08083,PROCN,396,801,6,1.0,0.0148,False
Q6P2Q9,fLPS_strict,990,999,PF10598,RRM_4,986,1076,10,1.0,0.1099,True
Q6P2Q9,fLPS_strict,147,151,PF08082,PRO8NT,58,209,5,1.0,0.0329,False
Q6P2Q9,fLPS_strict,1451,1469,PF10596,U6-snRNA_bdg,1442,1600,19,1.0,0.1195,True
A0A140TA76,fLPS_strict,315,342,PF09532,FDF,226,333,19,0.6786,0.1759,True
J3QKW2,fLPS_strict,95,99,PF00177,Ribosomal_S7,82,170,5,1.0,0.0562,False
J3QL05,fLPS_strict,83,127,PF00076,RRM_1,17,86,4,0.0889,0.0571,True
P60842,fLPS_strict,353,370,PF00271,Helicase_C,259,367,15,0.8333,0.1376,True
J3QLD1,fLPS_strict,250,264,PF02854,MIF4G,75,271,15,1.0,0.0761,True
J3QLD1,fLPS_strict,187,191,PF02854,MIF4G,75,271,5,1.0,0.0254,False
J3QLD1,fLPS_strict,137,167,PF02854,MIF4G,75,271,31,1.0,0.1574,False
P61254,fLPS_strict,110,136,PF16906,Ribosomal_L26,8,122,13,0.4815,0.113,True
J3QQT2,fLPS_strict,126,135,PF00237,Ribosomal_L22,18,151,10,1.0,0.0746,False
Q9Y3U8,fLPS_strict,25,32,PF01158,Ribosomal_L36e,4,99,8,1.0,0.0833,False
Q9Y3U8,fLPS_strict,62,86,PF01158,Ribosomal_L36e,4,99,25,1.0,0.2604,False
A8MQ14,fLPS_strict,663,667,PF00096,zf-C2H2,645,667,5,1.0,0.2174,True
A8MQ14,fLPS_strict,943,947,PF00096,zf-C2H2,925,947,5,1.0,0.2174,True
K7EJ78,fLPS_strict,40,61,PF00203,Ribosomal_S19,43,108,19,0.8636,0.2879,True
K7EJ78,fLPS_strict,40,65,PF00203,Ribosomal_S19,43,108,23,0.8846,0.3485,True
Q15029,fLPS_strict,136,140,PF00009,GTP_EFTU,129,365,5,1.0,0.0211,True
K7EJB9,fLPS_strict,130,190,PF00262,Calreticulin,65,189,60,0.9836,0.48,True
K7EJB9,fLPS_strict,129,196,PF00262,Calreticulin,65,189,61,0.8971,0.488,True
K7EK40,fLPS_strict,30,62,PF09745,NSRP1_N,5,64,33,1.0,0.55,True
D6W5Y5,fLPS_strict,34,38,PF16367,RRM_7,7,62,5,1.0,0.0893,False
D6W5Y5,fLPS_strict,34,38,PF00076,RRM_1,8,78,5,1.0,0.0704,False
D6W5Y5,fLPS_strict,63,67,PF00076,RRM_1,8,78,5,1.0,0.0704,False
O00411,fLPS_strict,989,1001,PF00940,RNA_pol,831,1205,13,1.0,0.0347,False
K7EL95,fLPS_strict,60,83,PF01702,TGT,1,113,24,1.0,0.2124,False
K7EL95,fLPS_strict,52,57,PF01702,TGT,1,113,6,1.0,0.0531,False
Q9NXH9,fLPS_strict,121,133,PF02005,TRM,58,500,13,1.0,0.0293,False
Q9NXH9,fLPS_strict,626,656,PF00642,zf-CCCH,602,626,1,0.0323,0.04,True
Q9NXH9,fLPS_strict,606,621,PF00642,zf-CCCH,602,626,16,1.0,0.64,True
Q9UKJ3,fLPS_strict,79,86,PF01585,G-patch,41,82,4,0.5,0.0952,True
Q9UKJ3,fLPS_strict,79,112,PF01585,G-patch,41,82,4,0.1176,0.0952,True
Q9UKJ3,fLPS_strict,163,195,PF12171,zf-C2H2_jaz,136,163,1,0.0303,0.0357,True
Q14587,fLPS_strict,361,365,PF00096,zf-C2H2,360,382,5,1.0,0.2174,True
K7EQP2,fLPS_strict,4,14,PF01253,SUI1,2,47,11,1.0,0.2391,True
M0QXD5,fLPS_strict,30,51,PF08190,PIH1,30,115,22,1.0,0.2558,True
M0QXD5,fLPS_strict,73,78,PF08190,PIH1,30,115,6,1.0,0.0698,False
M0QY97,fLPS_strict,116,154,PF00642,zf-CCCH,111,135,20,0.5128,0.8,True
Q9ULX6,fLPS_strict,505,527,PF04988,AKAP95,414,549,23,1.0,0.1691,False
M0R050,fLPS_strict,173,178,PF03725,RNase_PH_C,113,177,5,0.8333,0.0769,True
M0R050,fLPS_strict,94,119,PF01138,RNase_PH,54,109,16,0.6154,0.2857,True
M0R050,fLPS_strict,94,119,PF03725,RNase_PH_C,113,177,7,0.2692,0.1077,True
A6NNF4,fLPS_strict,285,290,PF00096,zf-C2H2,285,307,6,1.0,0.2609,True
M0R117,fLPS_strict,52,56,PF01775,Ribosomal_L18A,7,130,5,1.0,0.0403,False
P0DKX0,fLPS_strict,581,593,PF00096,zf-C2H2,592,614,2,0.1538,0.087,True
Q9NW07,fLPS_strict,138,154,PF00096,zf-C2H2,151,173,4,0.2353,0.1739,True
Q9NW07,fLPS_strict,323,369,PF00096,zf-C2H2,319,341,19,0.4043,0.8261,True
Q9GZY0,fLPS_strict,570,595,PF03943,TAP_C,574,622,22,0.8462,0.449,True
M0R2S1,fLPS_strict,122,138,PF01020,Ribosomal_L40e,107,137,16,0.9412,0.5161,True
M0R2S1,fLPS_strict,98,125,PF01020,Ribosomal_L40e,107,137,19,0.6786,0.6129,True
M0R2S1,fLPS_strict,107,138,PF01020,Ribosomal_L40e,107,137,31,0.9688,1.0,True
Q8WTR7,fLPS_strict,421,459,PF00096,zf-C2H2,459,481,1,0.0256,0.0435,True
Q8WTR7,fLPS_strict,640,668,PF00096,zf-C2H2,646,668,23,0.7931,1.0,True
P08621,fLPS_strict,172,310,PF00076,RRM_1,105,174,3,0.0216,0.0429,True
P08621,fLPS_strict,6,57,PF12220,U1snRNP70_N,3,94,52,1.0,0.5652,True
P08621,fLPS_strict,46,78,PF12220,U1snRNP70_N,3,94,33,1.0,0.3587,False
P08621,fLPS_strict,61,85,PF12220,U1snRNP70_N,3,94,25,1.0,0.2717,True
P08621,fLPS_strict,30,34,PF12220,U1snRNP70_N,3,94,5,1.0,0.0543,False
P08621,fLPS_strict,15,85,PF12220,U1snRNP70_N,3,94,71,1.0,0.7717,True
A6NHQ2,fLPS_strict,320,324,PF01269,Fibrillarin,100,326,5,1.0,0.022,True
R4GMX9,fLPS_strict,6,11,PF06220,zf-U1,3,32,6,1.0,0.2,True
R4GMX9,fLPS_strict,6,11,PF12171,zf-C2H2_jaz,4,29,6,1.0,0.2308,True
R4GMX9,fLPS_strict,6,11,PF12874,zf-met,4,28,6,1.0,0.24,True
Q96T37,fLPS_strict,216,258,PF00076,RRM_1,181,245,30,0.6977,0.4615,True
Q96T37,fLPS_strict,438,446,PF00076,RRM_1,376,443,6,0.6667,0.0882,True
Q96B70,fLPS_strict,20,44,PF00642,zf-CCCH,44,64,1,0.04,0.0476,True
Q96B70,fLPS_strict,63,85,PF00642,zf-CCCH,44,64,2,0.087,0.0952,True
Q96B70,fLPS_strict,366,394,PF10469,AKAP7_NLS,320,488,29,1.0,0.1716,False
Q96B70,fLPS_strict,361,370,PF10469,AKAP7_NLS,320,488,10,1.0,0.0592,False
Q96B70,fLPS_strict,9,45,PF00642,zf-CCCH,44,64,2,0.0541,0.0952,True
Q96B70,fLPS_strict,361,394,PF10469,AKAP7_NLS,320,488,34,1.0,0.2012,False
A6NFI3,fLPS_strict,409,464,PF00096,zf-C2H2,401,423,15,0.2679,0.6522,True
A6NFI3,fLPS_strict,409,464,PF00096,zf-C2H2,457,479,8,0.1429,0.3478,True
A6NFI3,fLPS_strict,733,769,PF00096,zf-C2H2,719,741,9,0.2432,0.3913,True
A0A087WUV0,fLPS_strict,263,299,PF00096,zf-C2H2,249,271,9,0.2432,0.3913,True
A0A087WUV0,fLPS_strict,263,299,PF00096,zf-C2H2,277,299,23,0.6216,1.0,True
A0A087WUV0,fLPS_strict,483,489,PF00096,zf-C2H2,473,495,7,1.0,0.3043,True
A0A087WVF4,fLPS_strict,790,808,PF00271,Helicase_C,789,902,19,1.0,0.1667,True
Q86XI8,fLPS_strict,221,247,PF21056,ZSWIM1-3_RNaseH-like,194,314,27,1.0,0.2231,False
Q86XI8,fLPS_strict,217,227,PF21056,ZSWIM1-3_RNaseH-like,194,314,11,1.0,0.0909,False
Q86XI8,fLPS_strict,214,247,PF21056,ZSWIM1-3_RNaseH-like,194,314,34,1.0,0.281,False
Q3SXZ3,fLPS_strict,421,461,PF00096,zf-C2H2,423,445,23,0.561,1.0,True
Q3SXZ3,fLPS_strict,421,461,PF00096,zf-C2H2,451,473,11,0.2683,0.4783,True
Q3SXZ3,fLPS_strict,352,356,PF00096,zf-C2H2,339,361,5,1.0,0.2174,True
A0A024RCN4,fLPS_strict,384,395,PF00096,zf-C2H2,368,389,6,0.5,0.2727,True
A0A024RCN4,fLPS_strict,384,395,PF00096,zf-C2H2,395,417,1,0.0833,0.0435,True
A0A024RCN4,fLPS_strict,367,372,PF00096,zf-C2H2,368,389,5,0.8333,0.2273,True
A0A024RCN4,fLPS_strict,413,417,PF00096,zf-C2H2,395,417,5,1.0,0.2174,True
A0A024RCN4,fLPS_strict,364,372,PF00096,zf-C2H2,368,389,5,0.5556,0.2273,True
O94761,fLPS_strict,751,758,PF00271,Helicase_C,688,809,8,1.0,0.0656,False
A0A2R8Y4L2,fLPS_strict,195,307,PF11627,HnRNPA1_LC,255,292,38,0.3363,1.0,True
A0A2R8Y4L2,fLPS_strict,245,280,PF11627,HnRNPA1_LC,255,292,26,0.7222,0.6842,True
A0A2R8Y4L2,fLPS_strict,195,307,PF11627,HnRNPA1_LC,255,292,38,0.3363,1.0,True
Q9HBD4,fLPS_strict,907,929,PF04851,ResIII,754,913,7,0.3043,0.0437,True
Q9HBD4,fLPS_strict,907,929,PF00270,DEAD,776,913,7,0.3043,0.0507,True
Q9HBD4,fLPS_strict,770,774,PF04851,ResIII,754,913,5,1.0,0.0312,False
Q14839,fLPS_strict,889,919,PF04851,ResIII,725,904,16,0.5161,0.0889,True
Q9BYX4,fLPS_strict,348,352,PF04851,ResIII,306,491,5,1.0,0.0269,False
Q9BYX4,fLPS_strict,348,352,PF00270,DEAD,309,491,5,1.0,0.0273,False
A6NKG5,fLPS_strict,745,759,PF00078,RVT_1,709,781,15,1.0,0.2055,False
P38919,fLPS_strict,172,179,PF04851,ResIII,61,221,8,1.0,0.0497,False
P38919,fLPS_strict,172,179,PF00270,DEAD,63,225,8,1.0,0.0491,False
A0A590UJW6,fLPS_strict,29,51,PF25479,Vts1,11,54,23,1.0,0.5227,True
A0A7I2V5M7,fLPS_strict,100,104,PF02136,NTF2,11,143,5,1.0,0.0376,False
A0A8I5KX04,fLPS_strict,924,1092,PF20844,PCF11_RFEG_rpt,908,992,69,0.4083,0.8118,True
A0A8I5KX04,fLPS_strict,924,1092,PF20844,PCF11_RFEG_rpt,995,1093,98,0.5799,0.9899,True
A0A8I5KX04,fLPS_strict,924,1092,PF20844,PCF11_RFEG_rpt,1084,1166,9,0.0533,0.1084,True
A0A8I5KX04,fLPS_strict,1102,1175,PF20844,PCF11_RFEG_rpt,1084,1166,65,0.8784,0.7831,True
A0A8I5KX04,fLPS_strict,1102,1175,PF20844,PCF11_RFEG_rpt,1167,1239,9,0.1216,0.1233,True
A0A8I5KX04,fLPS_strict,195,233,PF20845,Pcf11_helical,199,236,35,0.8974,0.9211,True
A0A8I5KX04,fLPS_strict,1174,1222,PF20844,PCF11_RFEG_rpt,1167,1239,49,1.0,0.6712,True
A0A8I5KX04,fLPS_strict,1200,1232,PF20844,PCF11_RFEG_rpt,1167,1239,33,1.0,0.4521,True
A0A8I5KX04,fLPS_strict,924,1092,PF20844,PCF11_RFEG_rpt,908,992,69,0.4083,0.8118,True
A0A8I5KX04,fLPS_strict,924,1092,PF20844,PCF11_RFEG_rpt,995,1093,98,0.5799,0.9899,True
A0A8I5KX04,fLPS_strict,924,1092,PF20844,PCF11_RFEG_rpt,1084,1166,9,0.0533,0.1084,True
A0A8I5KX04,fLPS_strict,1102,1232,PF20844,PCF11_RFEG_rpt,1084,1166,65,0.4962,0.7831,True
A0A8I5KX04,fLPS_strict,1102,1232,PF20844,PCF11_RFEG_rpt,1167,1239,66,0.5038,0.9041,True
A0A8I5KX04,fLPS_strict,195,234,PF20845,Pcf11_helical,199,236,36,0.9,0.9474,True
A0A8I5KWK6,fLPS_strict,229,250,PF07754,Ribosomal_aS21,237,272,14,0.6364,0.3889,True
A0A8I5KWK6,fLPS_strict,229,250,PF00096,zf-C2H2,238,260,13,0.5909,0.5652,True
A0A8I5KWK6,fLPS_strict,228,250,PF07754,Ribosomal_aS21,237,272,14,0.6087,0.3889,True
A0A8I5KWK6,fLPS_strict,228,250,PF00096,zf-C2H2,238,260,13,0.5652,0.5652,True
A0A8V8TR54,fLPS_strict,967,988,PF04851,ResIII,795,973,7,0.3182,0.0391,True
A0A994J6B2,fLPS_strict,112,121,PF00096,zf-C2H2,110,132,10,1.0,0.4348,True
A0A994J6B2,fLPS_strict,112,121,PF07754,Ribosomal_aS21,118,172,4,0.4,0.0727,True
A0ABB0MN55,fLPS_strict,78,84,PF00076,RRM_1,26,87,7,1.0,0.1129,True
A0ABB0MN55,fLPS_strict,53,57,PF00076,RRM_1,26,87,5,1.0,0.0806,False
A0A994J7T5,fLPS_strict,333,344,PF00035,dsrm,293,343,11,0.9167,0.2157,True
A0A994J7T5,fLPS_strict,176,180,PF00035,dsrm,128,189,5,1.0,0.0806,True
Q5T890,fLPS_strict,147,164,PF00270,DEAD,154,318,11,0.6111,0.0667,True
Q5T890,fLPS_strict,147,164,PF04851,ResIII,161,314,4,0.2222,0.026,True
A0ABB0MV08,fLPS_strict,218,365,PF11627,HnRNPA1_LC,312,350,39,0.2635,1.0,True
A0ABB0MV08,fLPS_strict,305,336,PF11627,HnRNPA1_LC,312,350,25,0.7812,0.641,True
A0ABB0MV08,fLPS_strict,218,365,PF11627,HnRNPA1_LC,312,350,39,0.2635,1.0,True
A0ABB0MVJ3,fLPS_strict,543,548,PF00096,zf-C2H2,544,565,5,0.8333,0.2273,True
A0ABB0MVJ3,fLPS_strict,585,596,PF00096,zf-C2H2,571,592,8,0.6667,0.3636,True
A0ABB0MVJ3,fLPS_strict,231,235,PF00096,zf-C2H2,235,257,1,0.2,0.0435,True
A0ACI8Q0P4,fLPS_strict,187,204,PF00641,Zn_ribbon_RanBP,181,209,18,1.0,0.6207,True
A0ACI8UUW5,fLPS_strict,339,350,PF00096,zf-C2H2,328,350,12,1.0,0.5217,True
A0ACI8UUW5,fLPS_strict,514,518,PF00096,zf-C2H2,496,518,5,1.0,0.2174,True
A0ACI8P9Y7,fLPS_strict,788,794,PF04851,ResIII,746,902,7,1.0,0.0446,False
A0ACI8P9Y7,fLPS_strict,788,794,PF00270,DEAD,747,903,7,1.0,0.0446,False
A0ACI8RL22,fLPS_strict,1238,1249,PF20692,cpSF2-GREB1,711,1395,12,1.0,0.0175,False
A0ACI8RL22,fLPS_strict,1164,1205,PF20692,cpSF2-GREB1,711,1395,42,1.0,0.0613,False
A0ACI8RL22,fLPS_strict,1244,1273,PF20692,cpSF2-GREB1,711,1395,30,1.0,0.0438,False
A0ACI8RL22,fLPS_strict,1278,1298,PF20692,cpSF2-GREB1,711,1395,21,1.0,0.0307,False
A0ACI8RL22,fLPS_strict,1395,1414,PF20692,cpSF2-GREB1,711,1395,1,0.05,0.0015,True
A0ACI8PI13,fLPS_strict,325,342,PF00271,Helicase_C,300,339,15,0.8333,0.375,True
A0ACI8QTQ5,fLPS_strict,1165,1173,PF14622,Ribonucleas_3_3,1135,1256,9,1.0,0.0738,False
A0ACI8QTQ5,fLPS_strict,1165,1173,PF22935,RM44_endonuclase,1138,1205,9,1.0,0.1324,False
A0ACI8QTQ5,fLPS_strict,1165,1173,PF00636,Ribonuclease_3,1144,1246,9,1.0,0.0874,False
A0ACI8QTQ5,fLPS_strict,716,736,PF26050,Helical_CED_Drosha,719,850,18,0.8571,0.1364,True
A0ACI8PUZ8,fLPS_strict,501,508,PF24385,DSRM_DHX29,431,508,8,1.0,0.1026,True
A0ACI8PUZ8,fLPS_strict,589,593,PF00270,DEAD,580,739,5,1.0,0.0312,True
A0ACI8RSP0,fLPS_strict,38,64,PF29471,Ribosomal_uL15_N,42,75,23,0.8519,0.6765,True
A0ACI8RSP0,fLPS_strict,38,70,PF29471,Ribosomal_uL15_N,42,75,29,0.8788,0.8529,True
A0ACI8PX57,fLPS_strict,195,345,PF11627,HnRNPA1_LC,307,344,38,0.2517,1.0,True
A0ACI8PX57,fLPS_strict,313,324,PF11627,HnRNPA1_LC,307,344,12,1.0,0.3158,True
A0ACI8PX57,fLPS_strict,195,345,PF11627,HnRNPA1_LC,307,344,38,0.2517,1.0,True
A0ACI8RLL6,fLPS_strict,443,453,PF16575,CLP1_P,333,465,11,1.0,0.0827,False
A0ACI8R3H8,fLPS_strict,480,518,PF08061,P68HR,500,534,19,0.4872,0.5429,True
A0ACI8R3H8,fLPS_strict,181,185,PF00270,DEAD,118,288,5,1.0,0.0292,False
A0ACI8R3H8,fLPS_strict,181,185,PF04851,ResIII,137,281,5,1.0,0.0345,False
A0ACI8R3H8,fLPS_strict,480,519,PF08061,P68HR,500,534,20,0.5,0.5714,True
A0ACI8QH16,fLPS_strict,341,370,PF03484,B5,309,374,30,1.0,0.4545,True
A0ACI8PT71,fLPS_strict,285,308,PF00013,KH_1,225,285,1,0.0417,0.0164,True
A0ACI8PT71,fLPS_strict,285,308,PF00013,KH_1,298,358,11,0.4583,0.1803,True
A0ACI8PT71,fLPS_strict,513,542,PF00013,KH_1,511,571,30,1.0,0.4918,True
A0ACI8PT71,fLPS_strict,744,748,PF00013,KH_1,732,791,5,1.0,0.0833,False
A0ACI8PT71,fLPS_strict,810,814,PF00013,KH_1,804,865,5,1.0,0.0806,True
A0ACI8PT71,fLPS_strict,998,1017,PF00013,KH_1,1012,1071,6,0.3,0.1,True
A0ACI8RWF6,fLPS_strict,16,65,PF04068,Fer4_RLI,6,36,21,0.42,0.6774,True
A0ACI8RWF6,fLPS_strict,15,27,PF04068,Fer4_RLI,6,36,13,1.0,0.4194,True
A0ACI8RWF6,fLPS_strict,15,65,PF04068,Fer4_RLI,6,36,22,0.4314,0.7097,True
A0ACI8PVP6,fLPS_strict,486,500,PF00096,zf-C2H2,493,514,8,0.5333,0.3636,True
A0ACI8PVP6,fLPS_strict,527,549,PF00096,zf-C2H2,520,542,16,0.6957,0.6957,True
A0ACI8PVP6,fLPS_strict,492,497,PF00096,zf-C2H2,493,514,5,0.8333,0.2273,True
A0ACI8PVP6,fLPS_strict,486,500,PF00096,zf-C2H2,493,514,8,0.5333,0.3636,True
A0ACI8RMB5,fLPS_strict,432,456,PF00271,Helicase_C,434,521,23,0.92,0.2614,True
A0ACI8Q010,fLPS_strict,91,97,PF00076,RRM_1,41,109,7,1.0,0.1014,False
A0ACI8Q010,fLPS_strict,86,90,PF00076,RRM_1,41,109,5,1.0,0.0725,False
A0ACI8QLY8,fLPS_strict,30,46,PF08143,CBFNT,1,70,17,1.0,0.2429,False
A0ACI8QLY8,fLPS_strict,26,57,PF08143,CBFNT,1,70,32,1.0,0.4571,False
A0ACI8QLY8,fLPS_strict,30,57,PF08143,CBFNT,1,70,28,1.0,0.4,False
A0ACI8QLY8,fLPS_strict,164,195,PF00076,RRM_1,156,204,32,1.0,0.6531,True
A0ACI8QBP4,fLPS_strict,297,301,PF17720,RLIG1,61,357,5,1.0,0.0168,False
A0ACI8QA17,fLPS_strict,91,110,PF10469,AKAP7_NLS,85,282,20,1.0,0.101,True
A0ACI8QA17,fLPS_strict,279,306,PF10469,AKAP7_NLS,85,282,4,0.1429,0.0202,True
A0ACI8QUJ1,fLPS_strict,342,346,PF28441,RRM_11,284,373,5,1.0,0.0556,False
A0ACI8SAU3,fLPS_strict,569,596,PF00271,Helicase_C,472,580,12,0.4286,0.1101,True
A0ACI8QHW6,fLPS_strict,349,372,PF00096,zf-C2H2,372,393,1,0.0417,0.0455,True
A0ACI8RHW9,fLPS_strict,41,61,PF17654,Trnau1ap,16,105,21,1.0,0.2333,False
A0ACI8RX58,fLPS_strict,275,301,PF04889,Cwf_Cwc_15,246,337,27,1.0,0.2935,False
A0ACI8RX58,fLPS_strict,274,315,PF04889,Cwf_Cwc_15,246,337,42,1.0,0.4565,False
A0ACI8RX58,fLPS_strict,314,337,PF04889,Cwf_Cwc_15,246,337,24,1.0,0.2609,True
A0ACI8RX58,fLPS_strict,417,428,PF00076,RRM_1,349,417,1,0.0833,0.0145,True
A0ACI8RX58,fLPS_strict,274,311,PF04889,Cwf_Cwc_15,246,337,38,1.0,0.413,False
A0ACI8RCQ9,fLPS_strict,109,134,PF16837,SF3A3,129,178,6,0.2308,0.12,True
A0ACI8RCQ9,fLPS_strict,509,513,PF11931,SF3a60_Prp9_C,460,534,5,1.0,0.0667,False
A0ACI8QNN6,fLPS_strict,367,379,PF00270,DEAD,203,405,13,1.0,0.064,False
A0ACI8QNN6,fLPS_strict,452,458,PF00271,Helicase_C,447,549,7,1.0,0.068,True
A0ACI8QNN6,fLPS_strict,276,280,PF00270,DEAD,203,405,5,1.0,0.0246,False
A0ACI8QNN6,fLPS_strict,276,280,PF04851,ResIII,205,355,5,1.0,0.0331,False
A0ACI8QNN6,fLPS_strict,358,362,PF00270,DEAD,203,405,5,1.0,0.0246,False
A0ACI8RR28,fLPS_strict,720,729,PF21071,LARP1_HEAT,700,848,10,1.0,0.0671,False
A0ACI8RR28,fLPS_strict,742,753,PF21071,LARP1_HEAT,700,848,12,1.0,0.0805,False
A0ACI8QU73,fLPS_strict,265,274,PF00270,DEAD,216,511,10,1.0,0.0338,False
A0ACI8QU73,fLPS_strict,355,359,PF00270,DEAD,216,511,5,1.0,0.0169,False
A0ACI8SEY7,fLPS_strict,308,339,PF00270,DEAD,205,391,32,1.0,0.1711,False
A0ACI8S5T8,fLPS_strict,454,474,PF28441,RRM_11,411,483,21,1.0,0.2877,True
A0ACI8SSD0,fLPS_strict,518,522,PF00096,zf-C2H2,500,522,5,1.0,0.2174,True
A0ACI8SJI5,fLPS_strict,312,316,PF04851,ResIII,295,463,5,1.0,0.0296,False
A0ACI8SL57,fLPS_strict,92,119,PF25476,Ribosomal_L19e_C,57,93,2,0.0714,0.0541,True
A0ACI8SL57,fLPS_strict,60,74,PF25476,Ribosomal_L19e_C,57,93,15,1.0,0.4054,True
A0ACI8SNF6,fLPS_strict,118,144,PF16906,Ribosomal_L26,8,130,13,0.4815,0.1057,True
A0ACI8SQV4,fLPS_strict,34,38,PF00076,RRM_1,8,75,5,1.0,0.0735,False
A0ACI8SRT4,fLPS_strict,76,88,PF00467,KOW,59,88,13,1.0,0.4333,True
A0ACI8SRJ7,fLPS_strict,57,63,PF00076,RRM_1,8,78,7,1.0,0.0986,False
P51814,fLPS_strict,663,671,PF00096,zf-C2H2,649,671,9,1.0,0.3913,True
A0ACI8SUQ9,fLPS_strict,76,80,PF01423,LSM,24,96,5,1.0,0.0685,False
A0ACI8T0E0,fLPS_strict,141,157,PF17135,Ribosomal_L18,68,161,17,1.0,0.1809,True
A0ACI8T1C0,fLPS_strict,172,203,PF00096,zf-C2H2,196,218,8,0.25,0.3478,True
A0ACI8T1C0,fLPS_strict,166,206,PF00096,zf-C2H2,196,218,11,0.2683,0.4783,True
A0ACI8T6P5,fLPS_strict,448,462,PF21530,Pif1_2B_dom,417,463,15,1.0,0.3191,True
A0ACI8T7F0,fLPS_strict,874,891,PF08264,Anticodon_1,784,932,18,1.0,0.1208,False
A0ACI8T7F0,fLPS_strict,516,534,PF00133,tRNA-synt_1,113,735,19,1.0,0.0305,False
A0ACI8T7F0,fLPS_strict,812,820,PF08264,Anticodon_1,784,932,9,1.0,0.0604,False
A0ACI8T7F0,fLPS_strict,113,117,PF00133,tRNA-synt_1,113,735,5,1.0,0.008,True
A0ACI8T7F0,fLPS_strict,900,922,PF08264,Anticodon_1,784,932,23,1.0,0.1544,True
A0ACI8TFG6,fLPS_strict,1371,1386,PF03129,HGTP_anticodon,1343,1443,16,1.0,0.1584,False
A0ACI8TLG3,fLPS_strict,542,546,PF00133,tRNA-synt_1,132,742,5,1.0,0.0082,False
A0ACI8TLM1,fLPS_strict,64,105,PF00076,RRM_1,12,71,8,0.1905,0.1333,True
A0ACI8TLM1,fLPS_strict,69,102,PF00076,RRM_1,12,71,3,0.0882,0.05,True
A0ACI8TML7,fLPS_strict,1107,1125,PF00271,Helicase_C,1035,1145,19,1.0,0.1712,False
A0ACI8TML7,fLPS_strict,653,663,PF04851,ResIII,609,808,11,1.0,0.055,False
A0ACI8TML7,fLPS_strict,653,663,PF00270,DEAD,630,785,11,1.0,0.0705,False
A0ACI8TQP9,fLPS_strict,229,234,PF00270,DEAD,104,272,6,1.0,0.0355,False
A0ACI8TQP9,fLPS_strict,229,234,PF04851,ResIII,109,268,6,1.0,0.0375,False
A0ACI8TQS2,fLPS_strict,964,988,PF04851,ResIII,967,1136,22,0.88,0.1294,True
A0ACI8TQS2,fLPS_strict,964,988,PF00270,DEAD,984,1142,5,0.2,0.0314,True
A0ACI8TQS2,fLPS_strict,1329,1351,PF00271,Helicase_C,1292,1404,23,1.0,0.2035,False
A0ACI8TSN5,fLPS_strict,210,239,PF14204,Ribosomal_L18_c,191,244,30,1.0,0.5556,True
A0ACI8TSN5,fLPS_strict,20,24,PF17144,Ribosomal_L5e,14,65,5,1.0,0.0962,True
A0ACI8TSN5,fLPS_strict,190,194,PF14204,Ribosomal_L18_c,191,244,4,0.8,0.0741,True
A0ACI8TS68,fLPS_strict,323,340,PF00271,Helicase_C,298,337,15,0.8333,0.375,True
A0ACI8TS18,fLPS_strict,796,815,PF04408,WHD_HA2,799,827,17,0.85,0.5862,True
A0ACI8TUA9,fLPS_strict,319,350,PF13893,RRM_5,342,420,9,0.2812,0.1139,True
A0ACI8TUA9,fLPS_strict,319,350,PF00076,RRM_1,348,409,3,0.0938,0.0484,True
A0ACI8TUA9,fLPS_strict,403,410,PF13893,RRM_5,342,420,8,1.0,0.1013,True
A0ACI8TUA9,fLPS_strict,403,410,PF00076,RRM_1,348,409,7,0.875,0.1129,True
A0ACI8TSY6,fLPS_strict,736,756,PF00271,Helicase_C,613,743,8,0.381,0.0611,True
A0ACI8TSY6,fLPS_strict,252,262,PF00270,DEAD,198,352,11,1.0,0.071,False
A0ACI8TSY6,fLPS_strict,242,281,PF00270,DEAD,198,352,40,1.0,0.2581,False
A0ACI8TSY6,fLPS_strict,249,267,PF00270,DEAD,198,352,19,1.0,0.1226,False
A0ACI8TWM6,fLPS_strict,754,775,PF08147,DBP10CT,737,797,22,1.0,0.3607,False
A0ACI8TZ93,fLPS_strict,78,84,PF00076,RRM_1,60,96,7,1.0,0.1892,False
A0ACI8TZD7,fLPS_strict,165,187,PF00270,DEAD,86,282,23,1.0,0.1168,False
A0ACI8U1B9,fLPS_strict,102,115,PF07528,DZF_N,11,221,14,1.0,0.0664,False
A0ACI8U1B9,fLPS_strict,584,592,PF00035,dsrm,535,596,9,1.0,0.1452,True
A0ACI8U6C5,fLPS_strict,347,369,PF04851,ResIII,193,353,7,0.3043,0.0435,True
A0ACI8U6C5,fLPS_strict,347,369,PF00270,DEAD,214,358,12,0.5217,0.0828,True
A0ACI8UB86,fLPS_strict,136,175,PF06658,DUF1168,68,199,40,1.0,0.303,False
A0ACI8UB86,fLPS_strict,197,201,PF06658,DUF1168,68,199,3,0.6,0.0227,True
A0ACI8UB86,fLPS_strict,53,86,PF06658,DUF1168,68,199,19,0.5588,0.1439,True
A0ACI8UB86,fLPS_strict,108,117,PF06658,DUF1168,68,199,10,1.0,0.0758,False
A0ACI8UB86,fLPS_strict,187,194,PF06658,DUF1168,68,199,8,1.0,0.0606,True
A0ACI8UDX5,fLPS_strict,332,336,PF00271,Helicase_C,252,358,5,1.0,0.0467,False
A0ACI8UES1,fLPS_strict,197,244,PF08080,zf-RNPHF,238,273,7,0.1458,0.1944,True
A0ACI8UES1,fLPS_strict,189,239,PF08080,zf-RNPHF,238,273,2,0.0392,0.0556,True
A0ACI8UNX3,fLPS_strict,355,377,PF04851,ResIII,183,361,7,0.3043,0.0391,True
A0ACI8UNX3,fLPS_strict,355,377,PF00270,DEAD,200,366,12,0.5217,0.0719,True
A0ACI8UNX3,fLPS_strict,558,565,PF00271,Helicase_C,506,619,8,1.0,0.0702,False
A0ACI8USR5,fLPS_strict,395,435,PF00271,Helicase_C,357,479,41,1.0,0.3333,False
A0ACI8USR5,fLPS_strict,512,560,PF11648,RIG-I_C-RD,559,674,2,0.0408,0.0172,True
A0ACI8USR5,fLPS_strict,115,121,PF04851,ResIII,1,177,7,1.0,0.0395,False
A0ACI8USR5,fLPS_strict,115,121,PF00270,DEAD,5,177,7,1.0,0.0405,False
A0ACI8USR5,fLPS_strict,50,60,PF04851,ResIII,1,177,11,1.0,0.0621,False
A0ACI8USR5,fLPS_strict,50,60,PF00270,DEAD,5,177,11,1.0,0.0636,False
A0ACI8USR5,fLPS_strict,586,596,PF11648,RIG-I_C-RD,559,674,11,1.0,0.0948,False
A0ACI8USR5,fLPS_strict,140,144,PF04851,ResIII,1,177,5,1.0,0.0282,False
A0ACI8USR5,fLPS_strict,140,144,PF00270,DEAD,5,177,5,1.0,0.0289,False
A0ACI8USX5,fLPS_strict,378,382,PF00271,Helicase_C,262,397,5,1.0,0.0368,False
A0ACI8UTL7,fLPS_strict,172,210,PF08081,RBM1CTR,173,217,38,0.9744,0.8444,True
A0ACI8UTL7,fLPS_strict,178,203,PF08081,RBM1CTR,173,217,26,1.0,0.5778,True
A0ACI8UZB3,fLPS_strict,1012,1043,PF04408,WHD_HA2,989,1017,6,0.1875,0.2069,True
A0ACI8UZB3,fLPS_strict,257,262,PF00575,S1,261,333,2,0.3333,0.0274,True
A0ACI8UZB3,fLPS_strict,306,323,PF00575,S1,261,333,18,1.0,0.2466,True
A0ACI8V5N8,fLPS_strict,251,281,PF00271,Helicase_C,249,385,31,1.0,0.2263,True
A0ACI8V583,fLPS_strict,164,202,PF00076,RRM_1,99,167,4,0.1026,0.058,True
A0ACI8V583,fLPS_strict,164,326,PF00076,RRM_1,99,167,4,0.0245,0.058,True
A0ACI8VA32,fLPS_strict,1074,1086,PF13234,MTR4_beta-barrel,866,1080,7,0.5385,0.0326,True
A0ACI8VA32,fLPS_strict,877,881,PF13234,MTR4_beta-barrel,866,1080,5,1.0,0.0233,False
A0ACI8V6J3,fLPS_strict,697,703,PF13307,Helicase_C_2,576,759,7,1.0,0.038,False
A0ACI8V6J3,fLPS_strict,697,715,PF13307,Helicase_C_2,576,759,19,1.0,0.1033,False
A0ACI8VAV8,fLPS_strict,624,653,PF27073,FAM200-ZBED5_RNase-like,628,734,26,0.8667,0.243,True
A0ACI8VQD2,fLPS_strict,745,767,PF00076,RRM_1,732,804,23,1.0,0.3151,False
A0ACI8VQD2,fLPS_strict,22,49,PF00076,RRM_1,4,72,28,1.0,0.4058,False
A0A087WZ13,fLPS_strict,45,64,PF00076,RRM_1,61,123,4,0.2,0.0635,True
A0A087WZ13,fLPS_strict,268,281,PF00076,RRM_1,251,292,14,1.0,0.3333,False
A2A288,fLPS_strict,230,261,PF11977,RNase_Zc3h12a,89,243,14,0.4375,0.0903,True
A6NFN3,fLPS_strict,242,248,PF12414,Fox-1_C,208,297,7,1.0,0.0778,False
A6NFN3,fLPS_strict,269,282,PF12414,Fox-1_C,208,297,14,1.0,0.1556,False
A6NFN3,fLPS_strict,250,291,PF12414,Fox-1_C,208,297,42,1.0,0.4667,True
A6NFN3,fLPS_strict,250,297,PF12414,Fox-1_C,208,297,48,1.0,0.5333,True
O15056,fLPS_strict,858,881,PF08952,DUF1866,863,1008,19,0.7917,0.1301,True
O15056,fLPS_strict,657,669,PF03372,Exo_endo_phos,535,734,13,1.0,0.065,False
O43251,fLPS_strict,326,348,PF12414,Fox-1_C,265,362,23,1.0,0.2347,False
O43251,fLPS_strict,307,330,PF12414,Fox-1_C,265,362,24,1.0,0.2449,False
O43251,fLPS_strict,273,279,PF12414,Fox-1_C,265,362,7,1.0,0.0714,True
O43251,fLPS_strict,303,349,PF12414,Fox-1_C,265,362,47,1.0,0.4796,False
O43395,fLPS_strict,75,86,PF01480,PWI,9,77,3,0.25,0.0435,True
O43395,fLPS_strict,470,474,PF08572,PRP3,308,521,5,1.0,0.0234,False
O43395,fLPS_strict,449,454,PF08572,PRP3,308,521,6,1.0,0.028,False
O43395,fLPS_strict,74,89,PF01480,PWI,9,77,4,0.25,0.058,True
O95639,fLPS_strict,157,196,PF00642,zf-CCCH,145,168,12,0.3,0.5,True
O95639,fLPS_strict,157,196,PF14608,zf-CCCH_2,147,167,11,0.275,0.5238,True
O95639,fLPS_strict,124,148,PF00642,zf-CCCH,145,168,4,0.16,0.1667,True
O95639,fLPS_strict,124,148,PF14608,zf-CCCH_2,147,167,2,0.08,0.0952,True
O95758,fLPS_strict,533,542,PF00076,RRM_1,479,539,7,0.7,0.1148,True
P09651,fLPS_strict,195,359,PF11627,HnRNPA1_LC,307,344,38,0.2303,1.0,True
P09651,fLPS_strict,313,324,PF11627,HnRNPA1_LC,307,344,12,1.0,0.3158,True
P09651,fLPS_strict,195,359,PF11627,HnRNPA1_LC,307,344,38,0.2303,1.0,True
P22087,fLPS_strict,308,312,PF01269,Fibrillarin,88,314,5,1.0,0.022,True
P23588,fLPS_strict,164,202,PF00076,RRM_1,99,167,4,0.1026,0.058,True
P23588,fLPS_strict,164,326,PF00076,RRM_1,99,167,4,0.0245,0.058,True
P29558,fLPS_strict,114,133,PF00076,RRM_1,64,124,11,0.55,0.1803,True
P29558,fLPS_strict,114,138,PF00076,RRM_1,64,124,11,0.44,0.1803,True
P31483,fLPS_strict,59,65,PF00076,RRM_1,9,77,7,1.0,0.1014,False
P31483,fLPS_strict,54,58,PF00076,RRM_1,9,77,5,1.0,0.0725,False
P35637,fLPS_strict,428,447,PF00641,Zn_ribbon_RanBP,422,453,20,1.0,0.625,True
P38159,fLPS_strict,172,210,PF08081,RBM1CTR,173,217,38,0.9744,0.8444,True
P38159,fLPS_strict,178,203,PF08081,RBM1CTR,173,217,26,1.0,0.5778,True
P51114,fLPS_strict,430,459,PF12235,FXMRP1_C_core,379,448,19,0.6333,0.2714,True
P51114,fLPS_strict,443,461,PF12235,FXMRP1_C_core,379,448,6,0.3158,0.0857,True
P51114,fLPS_strict,365,391,PF12235,FXMRP1_C_core,379,448,13,0.4815,0.1857,True
P51114,fLPS_strict,433,461,PF12235,FXMRP1_C_core,379,448,16,0.5517,0.2286,True
P51114,fLPS_strict,376,392,PF12235,FXMRP1_C_core,379,448,14,0.8235,0.2,True
P55769,fLPS_strict,111,121,PF08228,RNase_P_pop3,11,126,11,1.0,0.0948,True
P55769,fLPS_strict,111,121,PF01248,Ribosomal_L7Ae,21,111,1,0.0909,0.011,True
P78563,fLPS_strict,284,295,PF00035,dsrm,244,294,11,0.9167,0.2157,True
P78563,fLPS_strict,127,131,PF00035,dsrm,79,140,5,1.0,0.0806,True
P84103,fLPS_strict,64,163,PF00076,RRM_1,12,77,14,0.14,0.2121,True
Q01130,fLPS_strict,83,205,PF00076,RRM_1,17,86,4,0.0325,0.0571,True
Q01844,fLPS_strict,546,559,PF00641,Zn_ribbon_RanBP,518,548,3,0.2143,0.0968,True
Q01844,fLPS_strict,341,379,PF00076,RRM_1,363,441,17,0.4359,0.2152,True
Q14011,fLPS_strict,34,38,PF16367,RRM_7,7,62,5,1.0,0.0893,False
Q14011,fLPS_strict,34,38,PF00076,RRM_1,8,78,5,1.0,0.0704,False
Q14011,fLPS_strict,63,67,PF00076,RRM_1,8,78,5,1.0,0.0704,False
Q15020,fLPS_strict,925,948,PF05391,Lsm_interact,944,962,5,0.2083,0.2632,True
Q15020,fLPS_strict,82,103,PF05843,Suf,98,274,6,0.2727,0.0339,True
Q15020,fLPS_strict,195,202,PF05843,Suf,98,274,8,1.0,0.0452,False
Q15020,fLPS_strict,815,819,PF00076,RRM_1,803,871,5,1.0,0.0725,False
Q15459,fLPS_strict,369,407,PF12230,PRP21_like_P,233,472,39,1.0,0.1625,False
Q15459,fLPS_strict,2,47,PF01805,Surp,45,107,3,0.0652,0.0476,True
Q15459,fLPS_strict,302,341,PF12230,PRP21_like_P,233,472,40,1.0,0.1667,False
Q15459,fLPS_strict,254,267,PF12230,PRP21_like_P,233,472,14,1.0,0.0583,False
Q15459,fLPS_strict,74,87,PF01805,Surp,45,107,14,1.0,0.2222,False
Q15459,fLPS_strict,296,301,PF12230,PRP21_like_P,233,472,6,1.0,0.025,False
Q15459,fLPS_strict,347,361,PF12230,PRP21_like_P,233,472,15,1.0,0.0625,False
Q15459,fLPS_strict,345,361,PF12230,PRP21_like_P,233,472,17,1.0,0.0708,False
Q16587,fLPS_strict,374,382,PF00096,zf-C2H2,360,382,9,1.0,0.3913,True
Q16629,fLPS_strict,76,236,PF00076,RRM_1,13,77,2,0.0124,0.0308,True
Q16629,fLPS_strict,5,25,PF00076,RRM_1,13,77,13,0.619,0.2,True
Q53GL7,fLPS_strict,869,879,PF00644,PARP,829,952,11,1.0,0.0887,False
Q659C4,fLPS_strict,716,725,PF21071,LARP1_HEAT,696,844,10,1.0,0.0671,False
Q659C4,fLPS_strict,738,749,PF21071,LARP1_HEAT,696,844,12,1.0,0.0805,False
Q6IN84,fLPS_strict,35,62,PF08032,SpoU_sub_bind,51,128,12,0.4286,0.1538,True
Q6PJT7,fLPS_strict,601,652,PF14608,zf-CCCH_2,601,618,18,0.3462,1.0,True
Q6PJT7,fLPS_strict,601,652,PF14608,zf-CCCH_2,621,639,19,0.3654,1.0,True
Q6PJT7,fLPS_strict,682,712,PF14608,zf-CCCH_2,681,698,17,0.5484,0.9444,True
Q6PJT7,fLPS_strict,601,723,PF14608,zf-CCCH_2,601,618,18,0.1463,1.0,True
Q6PJT7,fLPS_strict,601,723,PF14608,zf-CCCH_2,621,639,19,0.1545,1.0,True
Q6PJT7,fLPS_strict,601,723,PF14608,zf-CCCH_2,681,698,18,0.1463,1.0,True
Q6XE24,fLPS_strict,113,132,PF00076,RRM_1,63,122,10,0.5,0.1667,True
Q6XE24,fLPS_strict,113,137,PF00076,RRM_1,63,122,10,0.4,0.1667,True
Q7Z2E3,fLPS_strict,265,276,PF11969,DcpS_C,188,292,12,1.0,0.1143,False
Q7Z2W4,fLPS_strict,748,783,PF00644,PARP,739,852,36,1.0,0.3158,True
Q7Z3E1,fLPS_strict,606,611,PF00644,PARP,474,649,6,1.0,0.0341,False
Q7Z739,fLPS_strict,513,531,PF04146,YTH,417,550,19,1.0,0.1418,False
Q86W50,fLPS_strict,202,207,PF05971,Methyltransf_10,1,291,6,1.0,0.0206,False
Q8IX01,fLPS_strict,1023,1056,PF01585,G-patch,1012,1055,33,0.9706,0.75,True
Q8IX12,fLPS_strict,203,290,PF14444,S1-like,147,204,2,0.0227,0.0345,True
Q8IX12,fLPS_strict,139,147,PF14444,S1-like,147,204,1,0.1111,0.0172,True
Q8IX12,fLPS_strict,203,298,PF14444,S1-like,147,204,2,0.0208,0.0345,True
Q8N2M8,fLPS_strict,153,160,PF09750,DRY_EERY,40,169,8,1.0,0.0615,True
Q8WXF1,fLPS_strict,182,189,PF00076,RRM_1,158,216,8,1.0,0.1356,False
Q96AE4,fLPS_strict,349,396,PF07650,KH_2,379,415,18,0.375,0.4865,True
Q96AE4,fLPS_strict,349,396,PF00013,KH_1,380,445,17,0.3542,0.2576,True
Q96AE4,fLPS_strict,546,579,PF09005,FUBP_C,576,595,4,0.1176,0.2,True
Q96AE4,fLPS_strict,621,644,PF09005,FUBP_C,604,622,2,0.0833,0.1053,True
Q96AE4,fLPS_strict,518,577,PF09005,FUBP_C,576,595,2,0.0333,0.1,True
Q96AE4,fLPS_strict,608,644,PF09005,FUBP_C,604,622,15,0.4054,0.7895,True
Q96AE4,fLPS_strict,110,136,PF00013,KH_1,102,165,27,1.0,0.4219,True
Q96AK3,fLPS_strict,134,156,PF08210,AID,20,198,23,1.0,0.1285,False
Q96S44,fLPS_strict,46,93,PF01163,RIO1,73,185,21,0.4375,0.1858,True
Q99973,fLPS_strict,595,624,PF05731,TROVE,226,676,30,1.0,0.0665,False
Q99973,fLPS_strict,391,403,PF05731,TROVE,226,676,13,1.0,0.0288,False
Q99973,fLPS_strict,383,396,PF05731,TROVE,226,676,14,1.0,0.031,False
Q99973,fLPS_strict,382,403,PF05731,TROVE,226,676,22,1.0,0.0488,False
Q9BXP5,fLPS_strict,760,828,PF04959,ARS2,646,851,69,1.0,0.335,False
Q9BXP5,fLPS_strict,820,847,PF04959,ARS2,646,851,28,1.0,0.1359,True
Q9BXP5,fLPS_strict,661,698,PF04959,ARS2,646,851,38,1.0,0.1845,False
Q9BXP5,fLPS_strict,760,849,PF04959,ARS2,646,851,90,1.0,0.4369,True
Q9BXR0,fLPS_strict,325,348,PF01702,TGT,26,380,24,1.0,0.0676,False
Q9BXR0,fLPS_strict,317,322,PF01702,TGT,26,380,6,1.0,0.0169,False
Q9BYJ9,fLPS_strict,486,504,PF04146,YTH,390,523,19,1.0,0.1418,False
Q9H6E5,fLPS_strict,17,21,PF12874,zf-met,16,40,5,1.0,0.2,True
Q9HCJ0,fLPS_strict,1113,1122,PF10427,Ago_hook,1035,1148,10,1.0,0.0877,False
Q9NQ94,fLPS_strict,85,89,PF00076,RRM_1,58,125,5,1.0,0.0735,False
Q9NWB1,fLPS_strict,288,293,PF12414,Fox-1_C,253,342,6,1.0,0.0667,False
Q9NWB1,fLPS_strict,260,266,PF12414,Fox-1_C,253,342,7,1.0,0.0778,True
Q9NWB1,fLPS_strict,314,361,PF12414,Fox-1_C,253,342,29,0.6042,0.3222,True
Q9NWB1,fLPS_strict,295,337,PF12414,Fox-1_C,253,342,43,1.0,0.4778,True
Q9NWB1,fLPS_strict,294,361,PF12414,Fox-1_C,253,342,49,0.7206,0.5444,True
Q9UH17,fLPS_strict,122,137,PF08210,AID,20,186,16,1.0,0.0958,False
Q9UPT8,fLPS_strict,425,463,PF00642,zf-CCCH,420,444,20,0.5128,0.8,True
Q9UQ35,fLPS_strict,21,69,PF08312,cwf21,58,101,12,0.2449,0.2727,True
Q9UQ35,fLPS_strict,72,84,PF08312,cwf21,58,101,13,1.0,0.2955,False
Q9UQ35,fLPS_strict,72,89,PF08312,cwf21,58,101,18,1.0,0.4091,False
Q9Y580,fLPS_strict,3,8,PF13893,RRM_5,2,84,6,1.0,0.0723,True
Q9Y580,fLPS_strict,38,50,PF13893,RRM_5,2,84,13,1.0,0.1566,False
Q9Y580,fLPS_strict,38,50,PF00076,RRM_1,12,81,13,1.0,0.1857,False
Q13395,LCRFinder,1562,1565,PF00588,SpoU_methylase,1464,1605,4,1.0,0.0282,False
Q9UNQ2,LCRFinder,214,217,PF00398,RrnaAD,30,255,4,1.0,0.0177,False
Q9UJA5,LCRFinder,148,153,PF04189,Gcd10p,20,254,6,1.0,0.0255,False
P26640,LCRFinder,546,549,PF00133,tRNA-synt_1,309,939,4,1.0,0.0063,False
P26640,LCRFinder,760,763,PF00133,tRNA-synt_1,309,939,4,1.0,0.0063,False
P26640,LCRFinder,1103,1107,PF08264,Anticodon_1,984,1132,5,1.0,0.0336,False
O00178,LCRFinder,324,329,PF00009,GTP_EFTU,162,383,6,1.0,0.027,False
O43719,LCRFinder,202,205,PF00076,RRM_1,135,212,4,1.0,0.0513,True
Q9NVM6,LCRFinder,194,198,PF00076,RRM_1,189,233,5,1.0,0.1111,True
P14866,LCRFinder,366,373,PF13893,RRM_5,357,480,8,1.0,0.0645,True
Q9NW13,LCRFinder,347,350,PF00076,RRM_1,337,394,4,1.0,0.069,True
Q9NW13,LCRFinder,393,396,PF00076,RRM_1,337,394,2,0.5,0.0345,True
Q7Z417,LCRFinder,311,314,PF15293,NUFIP2,89,688,4,1.0,0.0067,False
Q7Z417,LCRFinder,379,386,PF15293,NUFIP2,89,688,8,1.0,0.0133,False
Q9H6F5,LCRFinder,288,302,PF03879,Cgr1,237,338,15,1.0,0.1471,False
A0A499FI31,LCRFinder,317,321,PF05843,Suf,98,424,5,1.0,0.0153,False
A0A499FI31,LCRFinder,959,963,PF05391,Lsm_interact,962,980,2,0.4,0.1053,True
Q9Y6K5,LCRFinder,621,624,PF10421,OAS1_C,560,744,4,1.0,0.0216,False
Q96EP5,LCRFinder,52,55,PF00076,RRM_1,12,69,4,1.0,0.069,False
Q96EP5,LCRFinder,155,158,PF16367,RRM_7,112,178,4,1.0,0.0597,False
Q96EP5,LCRFinder,155,158,PF00076,RRM_1,115,183,4,1.0,0.058,False
Q4ZG55,LCRFinder,1018,1021,PF20692,cpSF2-GREB1,658,1377,4,1.0,0.0056,False
Q4ZG55,LCRFinder,1121,1124,PF20692,cpSF2-GREB1,658,1377,4,1.0,0.0056,False
Q4ZG55,LCRFinder,1129,1134,PF20692,cpSF2-GREB1,658,1377,6,1.0,0.0083,False
Q4ZG55,LCRFinder,1223,1232,PF20692,cpSF2-GREB1,658,1377,10,1.0,0.0139,False
Q03701,LCRFinder,630,633,PF03914,CBF,523,731,4,1.0,0.0191,False
Q9BWT3,LCRFinder,503,506,PF04926,PAP_RNA-bind,424,506,4,1.0,0.0482,True
O00566,LCRFinder,134,137,PF04006,Mpp10,25,594,4,1.0,0.007,False
O00566,LCRFinder,220,232,PF04006,Mpp10,25,594,13,1.0,0.0228,False
O00566,LCRFinder,243,246,PF04006,Mpp10,25,594,4,1.0,0.007,False
O00566,LCRFinder,298,303,PF04006,Mpp10,25,594,6,1.0,0.0105,False
O00566,LCRFinder,590,594,PF04006,Mpp10,25,594,5,1.0,0.0088,True
Q96EU6,LCRFinder,153,158,PF06102,RRP36,90,252,6,1.0,0.0368,False
Q96EU6,LCRFinder,169,172,PF06102,RRP36,90,252,4,1.0,0.0245,False
Q5JTZ9,LCRFinder,439,442,PF01411,tRNA-synt_2c,42,623,4,1.0,0.0069,False
Q9BZI7,LCRFinder,141,146,PF03467,Smg4_UPF3,51,208,6,1.0,0.038,False
Q8IWZ8,LCRFinder,577,580,PF01585,G-patch,563,606,4,1.0,0.0909,False
P51116,LCRFinder,414,418,PF12235,FXMRP1_C_core,364,491,5,1.0,0.0391,False
P51116,LCRFinder,426,440,PF12235,FXMRP1_C_core,364,491,15,1.0,0.1172,False
P51116,LCRFinder,481,494,PF12235,FXMRP1_C_core,364,491,11,0.7857,0.0859,True
Q7Z478,LCRFinder,501,508,PF24385,DSRM_DHX29,431,508,8,1.0,0.1026,True
Q7Z478,LCRFinder,590,593,PF00270,DEAD,580,739,4,1.0,0.025,True
Q7Z478,LCRFinder,609,615,PF00270,DEAD,580,739,7,1.0,0.0437,False
Q96DF8,LCRFinder,98,101,PF09751,Es2,34,401,4,1.0,0.0109,False
Q96DF8,LCRFinder,138,141,PF09751,Es2,34,401,4,1.0,0.0109,False
Q14151,LCRFinder,403,406,PF13893,RRM_5,399,487,4,1.0,0.0449,True
Q9P031,LCRFinder,161,166,PF08524,rRNA_processing,125,239,6,1.0,0.0522,False
Q9P031,LCRFinder,205,208,PF08524,rRNA_processing,125,239,4,1.0,0.0348,False
Q9P031,LCRFinder,217,221,PF08524,rRNA_processing,125,239,5,1.0,0.0435,False
Q07955,LCRFinder,50,53,PF00076,RRM_1,18,85,4,1.0,0.0588,False
Q9BRD0,LCRFinder,506,509,PF09736,Bud13,460,600,4,1.0,0.0284,False
Q9BRD0,LCRFinder,557,561,PF09736,Bud13,460,600,5,1.0,0.0355,False
O75691,LCRFinder,1321,1324,PF07539,UTP20_N,910,1533,4,1.0,0.0064,False
Q9UPR6,LCRFinder,635,639,PF07528,DZF_N,585,783,5,1.0,0.0251,False
Q86US8,LCRFinder,674,678,PF10374,EST1,639,742,5,1.0,0.0481,False
Q86US8,LCRFinder,926,933,PF10373,EST1_DNA_bind,751,1104,8,1.0,0.0226,False
Q86US8,LCRFinder,1005,1009,PF10373,EST1_DNA_bind,751,1104,5,1.0,0.0141,False
Q86US8,LCRFinder,1083,1097,PF10373,EST1_DNA_bind,751,1104,15,1.0,0.0424,True
Q9UNW9,LCRFinder,464,469,PF00013,KH_1,409,474,6,1.0,0.0909,True
Q9BSC4,LCRFinder,498,502,PF08159,NUC153,482,508,5,1.0,0.1852,True
Q9Y2X3,LCRFinder,225,229,PF01798,Nop,168,396,5,1.0,0.0218,False
Q9NXL6,LCRFinder,375,378,PF13965,SID-1_RNA_chan,184,827,4,1.0,0.0062,False
Q96KR1,LCRFinder,356,361,PF12171,zf-C2H2_jaz,331,356,1,0.1667,0.0385,True
Q9P2N5,LCRFinder,274,278,PF00642,zf-CCCH,276,299,3,0.6,0.125,True
O94906,LCRFinder,67,70,PF06424,PRP1_N,13,169,4,1.0,0.0255,False
O94906,LCRFinder,97,100,PF06424,PRP1_N,13,169,4,1.0,0.0255,False
O94906,LCRFinder,115,120,PF06424,PRP1_N,13,169,6,1.0,0.0382,False
Q15633,LCRFinder,217,223,PF00035,dsrm,160,223,7,1.0,0.1094,True
Q15633,LCRFinder,217,223,PF14709,DND1_DSRM,160,219,3,0.4286,0.05,True
A7MD48,LCRFinder,478,488,PF15230,SRRM_C,457,522,11,1.0,0.1667,False
A7MD48,LCRFinder,522,527,PF15230,SRRM_C,457,522,1,0.1667,0.0152,True
Q86U38,LCRFinder,97,100,PF22493,PUF_NOP9,97,598,4,1.0,0.008,True
Q86U38,LCRFinder,162,169,PF22493,PUF_NOP9,97,598,8,1.0,0.0159,False
Q86U38,LCRFinder,488,494,PF22493,PUF_NOP9,97,598,7,1.0,0.0139,False
P82675,LCRFinder,107,112,PF21251,Ribosomal_uS5m_N,88,207,6,1.0,0.05,False
P82675,LCRFinder,119,122,PF21251,Ribosomal_uS5m_N,88,207,4,1.0,0.0333,False
Q9UK39,LCRFinder,304,310,PF03372,Exo_endo_phos,146,414,7,1.0,0.026,False
Q9H361,LCRFinder,605,608,PF00658,MLLE,545,609,4,1.0,0.0615,True
O60841,LCRFinder,777,781,PF00009,GTP_EFTU,632,843,5,1.0,0.0236,False
Q14974,LCRFinder,16,21,PF03810,IBN_N,21,101,1,0.1667,0.0123,True
Q8TDG4,LCRFinder,609,612,PF00271,Helicase_C,601,712,4,1.0,0.0357,True
Q8TDG4,LCRFinder,706,711,PF00271,Helicase_C,601,712,6,1.0,0.0536,True
O95391,LCRFinder,236,241,PF11708,Slu7,162,434,6,1.0,0.022,False
Q14296,LCRFinder,512,516,PF08373,RAP,483,536,5,1.0,0.0926,False
O94913,LCRFinder,206,209,PF20845,Pcf11_helical,199,236,4,1.0,0.1053,True
O94913,LCRFinder,215,228,PF20845,Pcf11_helical,199,236,14,1.0,0.3684,True
O94913,LCRFinder,799,802,PF20844,PCF11_RFEG_rpt,777,861,4,1.0,0.0471,False
O94913,LCRFinder,842,845,PF20844,PCF11_RFEG_rpt,777,861,4,1.0,0.0471,False
O94913,LCRFinder,1041,1046,PF20844,PCF11_RFEG_rpt,1037,1116,6,1.0,0.075,True
O94913,LCRFinder,1078,1082,PF20844,PCF11_RFEG_rpt,1037,1116,5,1.0,0.0625,False
Q86TB9,LCRFinder,688,693,PF09770,PAT1,474,717,6,1.0,0.0246,False
Q96QU8,LCRFinder,217,222,PF08389,Xpo1,103,277,6,1.0,0.0343,False
Q96QU8,LCRFinder,226,231,PF08389,Xpo1,103,277,6,1.0,0.0343,False
P46781,LCRFinder,77,80,PF00163,Ribosomal_S4,11,107,4,1.0,0.0412,False
P17039,LCRFinder,467,470,PF00096,zf-C2H2,456,478,4,1.0,0.1739,True
O75526,LCRFinder,193,196,PF08081,RBM1CTR,173,217,4,1.0,0.0889,False
O75526,LCRFinder,200,203,PF08081,RBM1CTR,173,217,4,1.0,0.0889,False
Q16600,LCRFinder,405,410,PF00096,zf-C2H2,403,425,6,1.0,0.2609,True
F5H0R1,LCRFinder,530,533,PF03828,PAP_assoc,529,587,4,1.0,0.0678,True
Q32MZ4,LCRFinder,28,33,PF09738,LRRFIP,23,316,6,1.0,0.0204,True
Q32MZ4,LCRFinder,58,63,PF09738,LRRFIP,23,316,6,1.0,0.0204,False
Q32MZ4,LCRFinder,115,118,PF09738,LRRFIP,23,316,4,1.0,0.0136,False
Q32MZ4,LCRFinder,124,127,PF09738,LRRFIP,23,316,4,1.0,0.0136,False
Q32MZ4,LCRFinder,301,304,PF09738,LRRFIP,23,316,4,1.0,0.0136,False
O43290,LCRFinder,223,226,PF03343,SART-1,165,753,4,1.0,0.0068,False
O43290,LCRFinder,361,367,PF03343,SART-1,165,753,7,1.0,0.0119,False
O43290,LCRFinder,400,415,PF03343,SART-1,165,753,16,1.0,0.0272,False
O43290,LCRFinder,513,517,PF03343,SART-1,165,753,5,1.0,0.0085,False
O43290,LCRFinder,576,580,PF03343,SART-1,165,753,5,1.0,0.0085,False
O15446,LCRFinder,137,143,PF08208,RNA_polI_A34,38,254,7,1.0,0.0323,False
O15446,LCRFinder,174,177,PF08208,RNA_polI_A34,38,254,4,1.0,0.0184,False
O15446,LCRFinder,212,217,PF08208,RNA_polI_A34,38,254,6,1.0,0.0276,False
O15446,LCRFinder,251,255,PF08208,RNA_polI_A34,38,254,4,0.8,0.0184,True
Q8IY37,LCRFinder,734,741,PF04408,WHD_HA2,737,780,5,0.625,0.1136,True
Q86YN6,LCRFinder,910,915,PF00076,RRM_1,904,955,6,1.0,0.1154,True
Q14103,LCRFinder,7,21,PF08143,CBFNT,1,78,15,1.0,0.1923,True
Q14103,LCRFinder,37,41,PF08143,CBFNT,1,78,5,1.0,0.0641,False
Q14103,LCRFinder,54,59,PF08143,CBFNT,1,78,6,1.0,0.0769,False
Q8NBJ9,LCRFinder,245,249,PF13965,SID-1_RNA_chan,170,832,5,1.0,0.0075,False
Q8NBJ9,LCRFinder,309,314,PF13965,SID-1_RNA_chan,170,832,6,1.0,0.009,False
Q8NBJ9,LCRFinder,511,518,PF13965,SID-1_RNA_chan,170,832,8,1.0,0.0121,False
Q8NBJ9,LCRFinder,764,767,PF13965,SID-1_RNA_chan,170,832,4,1.0,0.006,False
Q13151,LCRFinder,37,40,PF00076,RRM_1,9,70,4,1.0,0.0645,False
Q13151,LCRFinder,63,67,PF00076,RRM_1,9,70,5,1.0,0.0806,True
Q13151,LCRFinder,151,156,PF16367,RRM_7,98,151,1,0.1667,0.0185,True
Q13151,LCRFinder,151,156,PF00076,RRM_1,100,156,6,1.0,0.1053,True
Q5ST30,LCRFinder,373,376,PF00133,tRNA-synt_1,113,730,4,1.0,0.0065,False
Q5PRF9,LCRFinder,26,30,PF25479,Vts1,13,47,5,1.0,0.1429,False
Q7Z6E9,LCRFinder,154,157,PF13696,zf-CCHC_2,156,176,2,0.5,0.0952,True
P19338,LCRFinder,611,614,PF00076,RRM_1,574,640,4,1.0,0.0597,False
Q96E39,LCRFinder,173,179,PF08081,RBM1CTR,173,217,7,1.0,0.1556,True
Q96E39,LCRFinder,191,196,PF08081,RBM1CTR,173,217,6,1.0,0.1333,False
Q8NC26,LCRFinder,334,339,PF00096,zf-C2H2,332,354,6,1.0,0.2609,True
Q9Y2Z4,LCRFinder,92,96,PF00579,tRNA-synt_1b,74,374,5,1.0,0.0166,False
Q15050,LCRFinder,106,109,PF04939,RRS1,32,193,4,1.0,0.0247,False
Q8TDD1,LCRFinder,327,331,PF00271,Helicase_C,324,433,5,1.0,0.0455,True
Q8TDD1,LCRFinder,772,775,PF08147,DBP10CT,714,774,3,0.75,0.0492,True
P52272,LCRFinder,122,127,PF00076,RRM_1,74,143,6,1.0,0.0857,False
Q92615,LCRFinder,309,312,PF26088,RRM_LARP4,234,341,4,1.0,0.037,False
Q86XZ4,LCRFinder,86,93,PF07139,SPATS2-like,81,385,8,1.0,0.0262,True
Q8NDV7,LCRFinder,1099,1108,PF10427,Ago_hook,1071,1200,10,1.0,0.0769,False
Q8NDV7,LCRFinder,1142,1145,PF10427,Ago_hook,1071,1200,4,1.0,0.0308,False
Q8NDV7,LCRFinder,1153,1157,PF10427,Ago_hook,1071,1200,5,1.0,0.0385,False
Q6P9B9,LCRFinder,60,63,PF14837,INTS5_N,29,251,4,1.0,0.0179,False
Q6P9B9,LCRFinder,67,72,PF14837,INTS5_N,29,251,6,1.0,0.0269,False
Q6P9B9,LCRFinder,105,108,PF14837,INTS5_N,29,251,4,1.0,0.0179,False
Q6P9B9,LCRFinder,323,327,PF14838,INTS5_C,290,999,5,1.0,0.007,False
Q6P9B9,LCRFinder,441,444,PF14838,INTS5_C,290,999,4,1.0,0.0056,False
Q6P9B9,LCRFinder,464,468,PF14838,INTS5_C,290,999,5,1.0,0.007,False
Q6P9B9,LCRFinder,502,506,PF14838,INTS5_C,290,999,5,1.0,0.007,False
Q6P9B9,LCRFinder,624,629,PF14838,INTS5_C,290,999,6,1.0,0.0085,False
Q6P9B9,LCRFinder,724,729,PF14838,INTS5_C,290,999,6,1.0,0.0085,False
Q6P9B9,LCRFinder,778,783,PF14838,INTS5_C,290,999,6,1.0,0.0085,False
Q6P9B9,LCRFinder,856,861,PF14838,INTS5_C,290,999,6,1.0,0.0085,False
Q6P9B9,LCRFinder,877,886,PF14838,INTS5_C,290,999,10,1.0,0.0141,False
Q6P9B9,LCRFinder,941,944,PF14838,INTS5_C,290,999,4,1.0,0.0056,False
Q9NRA8,LCRFinder,132,135,PF10477,EIF4E-T,30,711,4,1.0,0.0059,False
Q9NRA8,LCRFinder,181,184,PF10477,EIF4E-T,30,711,4,1.0,0.0059,False
Q9NRA8,LCRFinder,412,415,PF10477,EIF4E-T,30,711,4,1.0,0.0059,False
O94992,LCRFinder,173,177,PF15313,HEXIM,164,301,5,1.0,0.0362,True
O94992,LCRFinder,234,251,PF15313,HEXIM,164,301,18,1.0,0.1304,False
O94992,LCRFinder,292,295,PF15313,HEXIM,164,301,4,1.0,0.029,True
Q14147,LCRFinder,180,183,PF00270,DEAD,171,315,4,1.0,0.0276,True
Q9NUL7,LCRFinder,183,191,PF00270,DEAD,152,337,9,1.0,0.0484,False
Q9NUL7,LCRFinder,207,210,PF00270,DEAD,152,337,4,1.0,0.0215,False
Q9NUL7,LCRFinder,326,329,PF00270,DEAD,152,337,4,1.0,0.0215,True
Q9NUL7,LCRFinder,487,492,PF00271,Helicase_C,378,492,6,1.0,0.0522,True
F8W6I7,LCRFinder,242,245,PF11627,HnRNPA1_LC,242,279,4,1.0,0.1053,True
F8W6I7,LCRFinder,254,258,PF11627,HnRNPA1_LC,242,279,5,1.0,0.1316,False
F8W6I7,LCRFinder,265,273,PF11627,HnRNPA1_LC,242,279,9,1.0,0.2368,True
F8W6I7,LCRFinder,277,280,PF11627,HnRNPA1_LC,242,279,3,0.75,0.0789,True
P52815,LCRFinder,110,113,PF16320,Ribosomal_L12_N,63,113,4,1.0,0.0784,True
O75533,LCRFinder,326,329,PF08920,SF3b1,329,451,1,0.25,0.0081,True
O75533,LCRFinder,369,372,PF08920,SF3b1,329,451,4,1.0,0.0325,False
O75533,LCRFinder,434,437,PF08920,SF3b1,329,451,4,1.0,0.0325,False
O43143,LCRFinder,346,349,PF00271,Helicase_C,337,476,4,1.0,0.0286,True
O43143,LCRFinder,393,398,PF00271,Helicase_C,337,476,6,1.0,0.0429,False
O43143,LCRFinder,403,406,PF00271,Helicase_C,337,476,4,1.0,0.0286,False
P82979,LCRFinder,43,53,PF02037,SAP,8,43,1,0.0909,0.0278,True
Q8TBZ8,LCRFinder,347,350,PF00096,zf-C2H2,337,359,4,1.0,0.1739,True
Q17RN3,LCRFinder,99,105,PF10239,DUF2465,29,334,7,1.0,0.0229,False
H7BXY3,LCRFinder,55,58,PF24995,DSRM_2,20,95,4,1.0,0.0526,False
H7BXY3,LCRFinder,85,89,PF24995,DSRM_2,20,95,5,1.0,0.0658,True
H7BXY3,LCRFinder,543,547,PF00270,DEAD,414,566,5,1.0,0.0327,False
Q04637,LCRFinder,882,886,PF02854,MIF4G,762,987,5,1.0,0.0221,False
Q04637,LCRFinder,1300,1305,PF02847,MA3,1242,1353,6,1.0,0.0536,False
Q9UPY3,LCRFinder,1793,1800,PF14622,Ribonucleas_3_3,1681,1825,8,1.0,0.0552,False
Q9UPY3,LCRFinder,1793,1800,PF00636,Ribonuclease_3,1702,1824,8,1.0,0.065,False
P05386,LCRFinder,68,75,PF00428,Ribosomal_60s,23,113,8,1.0,0.0879,False
P05386,LCRFinder,85,91,PF00428,Ribosomal_60s,23,113,7,1.0,0.0769,False
P05386,LCRFinder,99,103,PF00428,Ribosomal_60s,23,113,5,1.0,0.0549,True
Q8TEX9,LCRFinder,44,49,PF03810,IBN_N,24,88,6,1.0,0.0923,False
Q8TEX9,LCRFinder,70,74,PF03810,IBN_N,24,88,5,1.0,0.0769,False
P22626,LCRFinder,328,334,PF11627,HnRNPA1_LC,296,334,7,1.0,0.1795,True
Q7KZF4,LCRFinder,593,599,PF00565,SNase,553,659,7,1.0,0.0654,False
Q7KZF4,LCRFinder,643,648,PF00565,SNase,553,659,6,1.0,0.0561,False
Q7KZF4,LCRFinder,852,855,PF00565,SNase,847,894,4,1.0,0.0833,True
Q8NI27,LCRFinder,923,929,PF11262,Tho2,873,1173,7,1.0,0.0233,False
Q8NI27,LCRFinder,1155,1158,PF11262,Tho2,873,1173,4,1.0,0.0133,False
Q9HAU5,LCRFinder,1109,1112,PF04050,Upf2,1094,1218,4,1.0,0.032,False
P18583,LCRFinder,2320,2323,PF01585,G-patch,2305,2348,4,1.0,0.0909,False
P26599,LCRFinder,165,170,PF13893,RRM_5,166,263,5,0.8333,0.051,True
P26599,LCRFinder,342,349,PF13893,RRM_5,338,459,8,1.0,0.0656,True
P26599,LCRFinder,358,361,PF13893,RRM_5,338,459,4,1.0,0.0328,False
Q32P51,LCRFinder,255,258,PF11627,HnRNPA1_LC,255,292,4,1.0,0.1053,True
Q32P51,LCRFinder,278,286,PF11627,HnRNPA1_LC,255,292,9,1.0,0.2368,True
Q32P51,LCRFinder,290,293,PF11627,HnRNPA1_LC,255,292,3,0.75,0.0789,True
O00410,LCRFinder,62,70,PF03810,IBN_N,43,96,9,1.0,0.1667,False
Q9UGY1,LCRFinder,24,28,PF09805,Nop25,20,97,5,1.0,0.0641,True
Q9UGY1,LCRFinder,76,81,PF09805,Nop25,20,97,6,1.0,0.0769,False
B0QYY4,LCRFinder,239,245,PF12414,Fox-1_C,231,290,7,1.0,0.1167,True
B0QYY4,LCRFinder,252,255,PF12414,Fox-1_C,231,290,4,1.0,0.0667,False
Q12905,LCRFinder,17,22,PF07528,DZF_N,22,216,1,0.1667,0.0051,True
P09874,LCRFinder,1002,1006,PF00644,PARP,808,1007,5,1.0,0.025,True
P07814,LCRFinder,242,245,PF00749,tRNA-synt_1c,197,501,4,1.0,0.0131,False
P07814,LCRFinder,1212,1215,PF00587,tRNA-synt_2b,1113,1284,4,1.0,0.0233,False
Q9UPN6,LCRFinder,397,409,PF06495,Transformer,397,467,13,1.0,0.1831,True
Q9UPN6,LCRFinder,414,419,PF06495,Transformer,397,467,6,1.0,0.0845,False
Q9UPN6,LCRFinder,423,426,PF06495,Transformer,397,467,4,1.0,0.0563,False
Q9UPN6,LCRFinder,430,443,PF06495,Transformer,397,467,14,1.0,0.1972,False
Q9UPN6,LCRFinder,447,451,PF06495,Transformer,397,467,5,1.0,0.0704,False
Q7Z2T5,LCRFinder,431,438,PF02005,TRM,242,563,8,1.0,0.0248,False
Q08211,LCRFinder,839,844,PF04408,WHD_HA2,832,860,6,1.0,0.2069,True
P55265,LCRFinder,784,788,PF00035,dsrm,727,792,5,1.0,0.0758,True
Q9UNY4,LCRFinder,621,624,PF04851,ResIII,570,769,4,1.0,0.02,False
Q9UNY4,LCRFinder,621,624,PF00270,DEAD,591,746,4,1.0,0.0256,False
Q9UNY4,LCRFinder,994,997,PF00271,Helicase_C,996,1106,2,0.5,0.018,True
O60506,LCRFinder,336,339,PF13893,RRM_5,334,410,4,1.0,0.0519,True
Q96IP4,LCRFinder,139,142,PF07984,NTP_transf_7,66,384,4,1.0,0.0125,False
Q9UKA9,LCRFinder,315,324,PF13893,RRM_5,321,434,4,0.4,0.0351,True
Q06787,LCRFinder,532,538,PF12235,FXMRP1_C_core,420,542,7,1.0,0.0569,True
Q06787,LCRFinder,542,549,PF12235,FXMRP1_C_core,420,542,1,0.125,0.0081,True
Q8NC51,LCRFinder,278,283,PF04774,HABP4_PAI-RBP1,189,313,6,1.0,0.048,False
O95793,LCRFinder,227,230,PF00035,dsrm,186,249,4,1.0,0.0625,False
O95793,LCRFinder,234,239,PF00035,dsrm,186,249,6,1.0,0.0938,True
O95793,LCRFinder,247,251,PF00035,dsrm,186,249,3,0.6,0.0469,True
Q96GM8,LCRFinder,336,342,PF04857,CAF1,169,451,7,1.0,0.0247,False
Q14249,LCRFinder,143,146,PF01223,Endonuclease_NS,61,281,4,1.0,0.0181,False
Q13310,LCRFinder,560,564,PF00658,MLLE,558,623,5,1.0,0.0758,True
Q13310,LCRFinder,619,622,PF00658,MLLE,558,623,4,1.0,0.0606,True
Q9Y3A2,LCRFinder,231,236,PF03998,Utp11,13,253,6,1.0,0.0249,False
Q86U90,LCRFinder,140,145,PF01300,Sua5_yciO_yrdC,77,255,6,1.0,0.0335,False
Q9NX07,LCRFinder,189,197,PF17654,Trnau1ap,186,284,9,1.0,0.0909,True
Q9NX07,LCRFinder,215,220,PF17654,Trnau1ap,186,284,6,1.0,0.0606,False
P62906,LCRFinder,97,106,PF00687,Ribosomal_L1,24,211,10,1.0,0.0532,False
P62906,LCRFinder,193,196,PF00687,Ribosomal_L1,24,211,4,1.0,0.0213,False
Q14692,LCRFinder,196,200,PF00009,GTP_EFTU,138,213,5,1.0,0.0658,False
O43390,LCRFinder,339,342,PF13893,RRM_5,337,415,4,1.0,0.0506,True
O43390,LCRFinder,402,406,PF13893,RRM_5,337,415,5,1.0,0.0633,True
O43390,LCRFinder,402,406,PF00076,RRM_1,343,404,3,0.6,0.0484,True
P20042,LCRFinder,236,241,PF01873,eIF-5_eIF-2B,197,307,6,1.0,0.0541,False
Q09161,LCRFinder,530,534,PF09090,MIF4G_like_2,485,759,5,1.0,0.0182,False
Q09161,LCRFinder,675,678,PF09090,MIF4G_like_2,485,759,4,1.0,0.0145,False
Q9H1J1,LCRFinder,158,164,PF03467,Smg4_UPF3,68,225,7,1.0,0.0443,False
J3KPD3,LCRFinder,3,6,PF13893,RRM_5,2,84,4,1.0,0.0482,True
Q96T21,LCRFinder,684,688,PF01248,Ribosomal_L7Ae,660,757,5,1.0,0.051,False
P61978,LCRFinder,402,407,PF00013,KH_1,389,452,6,1.0,0.0938,False
P98179,LCRFinder,35,38,PF00076,RRM_1,8,78,4,1.0,0.0563,False
P05388,LCRFinder,277,294,PF00428,Ribosomal_60s,231,316,18,1.0,0.2093,False
P05388,LCRFinder,302,306,PF00428,Ribosomal_60s,231,316,5,1.0,0.0581,True
Q5SY16,LCRFinder,416,419,PF16575,CLP1_P,306,438,4,1.0,0.0301,False
Q9Y2L1,LCRFinder,142,147,PF13638,PIN_4,68,193,6,1.0,0.0476,False
O60870,LCRFinder,157,160,PF10357,WH_KIN17,59,177,4,1.0,0.0336,False
Q01081,LCRFinder,118,121,PF00076,RRM_1,91,141,4,1.0,0.0784,False
Q9NWH9,LCRFinder,364,368,PF13893,RRM_5,368,479,1,0.2,0.0089,True
Q9NWH9,LCRFinder,378,382,PF13893,RRM_5,368,479,5,1.0,0.0446,True
Q9NWH9,LCRFinder,466,471,PF13893,RRM_5,368,479,6,1.0,0.0536,True
Q9NWH9,LCRFinder,477,486,PF13893,RRM_5,368,479,3,0.3,0.0268,True
Q9NS39,LCRFinder,331,335,PF00035,dsrm,290,339,5,1.0,0.1,True
Q8WWM7,LCRFinder,272,276,PF06741,LsmAD,264,332,5,1.0,0.0725,True
O60287,LCRFinder,340,345,PF11707,Npa1,78,393,6,1.0,0.019,False
O60231,LCRFinder,406,411,PF00270,DEAD,406,556,6,1.0,0.0397,True
Q9HCE5,LCRFinder,271,274,PF05063,MT-A70,186,362,4,1.0,0.0226,False
Q14444,LCRFinder,588,593,PF12287,Caprin-1_C,359,685,6,1.0,0.0183,False
Q9NYF8,LCRFinder,106,131,PF15440,THRAP3_BCLAF1,108,761,24,0.9231,0.0367,True
Q9NYF8,LCRFinder,141,148,PF15440,THRAP3_BCLAF1,108,761,8,1.0,0.0122,False
Q9NYF8,LCRFinder,180,186,PF15440,THRAP3_BCLAF1,108,761,7,1.0,0.0107,False
Q9NYF8,LCRFinder,228,231,PF15440,THRAP3_BCLAF1,108,761,4,1.0,0.0061,False
Q9NYF8,LCRFinder,235,241,PF15440,THRAP3_BCLAF1,108,761,7,1.0,0.0107,False
Q9NYF8,LCRFinder,261,264,PF15440,THRAP3_BCLAF1,108,761,4,1.0,0.0061,False
Q9NYF8,LCRFinder,273,276,PF15440,THRAP3_BCLAF1,108,761,4,1.0,0.0061,False
Q9NYF8,LCRFinder,751,766,PF15440,THRAP3_BCLAF1,108,761,11,0.6875,0.0168,True
Q66PJ3,LCRFinder,9,17,PF10500,SR-25,7,235,9,1.0,0.0393,True
Q66PJ3,LCRFinder,69,98,PF10500,SR-25,7,235,30,1.0,0.131,False
Q66PJ3,LCRFinder,111,124,PF10500,SR-25,7,235,14,1.0,0.0611,False
Q9ULR0,LCRFinder,203,211,PF06246,Isy1,1,266,9,1.0,0.0338,False
Q9ULR0,LCRFinder,219,225,PF06246,Isy1,1,266,7,1.0,0.0263,False
Q8TE96,LCRFinder,450,455,PF04408,WHD_HA2,442,470,6,1.0,0.2069,True
O14647,LCRFinder,795,800,PF00271,Helicase_C,792,905,6,1.0,0.0526,True
P51825,LCRFinder,100,106,PF05110,AF-4,8,520,7,1.0,0.0136,False
P51825,LCRFinder,434,437,PF05110,AF-4,8,520,4,1.0,0.0078,False
P51825,LCRFinder,444,451,PF05110,AF-4,8,520,8,1.0,0.0156,False
P51825,LCRFinder,466,494,PF05110,AF-4,8,520,29,1.0,0.0565,False
P51825,LCRFinder,503,508,PF05110,AF-4,8,520,6,1.0,0.0117,False
Q14764,LCRFinder,243,248,PF01505,Vault,220,262,6,1.0,0.1395,False
Q99613,LCRFinder,181,189,PF05470,eIF-3c_N,31,705,9,1.0,0.0133,False
Q99613,LCRFinder,213,228,PF05470,eIF-3c_N,31,705,16,1.0,0.0237,False
Q99613,LCRFinder,237,246,PF05470,eIF-3c_N,31,705,10,1.0,0.0148,False
Q99613,LCRFinder,291,294,PF05470,eIF-3c_N,31,705,4,1.0,0.0059,False
Q99613,LCRFinder,660,663,PF05470,eIF-3c_N,31,705,4,1.0,0.0059,False
Q96QR8,LCRFinder,153,156,PF04845,PurA,31,279,4,1.0,0.0161,False
Q96QR8,LCRFinder,160,165,PF04845,PurA,31,279,6,1.0,0.0241,False
Q96QR8,LCRFinder,202,214,PF04845,PurA,31,279,13,1.0,0.0522,False
Q52LJ0,LCRFinder,317,324,PF10239,DUF2465,35,330,8,1.0,0.027,True
Q15397,LCRFinder,442,446,PF08144,CPL,434,573,5,1.0,0.0357,True
Q92945,LCRFinder,607,612,PF09005,FUBP_C,611,632,2,0.3333,0.0909,True
Q92945,LCRFinder,631,642,PF09005,FUBP_C,611,632,2,0.1667,0.0909,True
Q92945,LCRFinder,684,687,PF09005,FUBP_C,670,685,2,0.5,0.125,True
Q12906,LCRFinder,580,584,PF00035,dsrm,527,588,5,1.0,0.0806,True
Q9UPQ9,LCRFinder,1013,1019,PF10427,Ago_hook,928,1059,7,1.0,0.053,False
Q5U5Q3,LCRFinder,337,342,PF00013,KH_1,328,388,6,1.0,0.0984,True
P26639,LCRFinder,678,681,PF03129,HGTP_anticodon,620,710,4,1.0,0.044,False
P62750,LCRFinder,17,21,PF03939,Ribosomal_L23eN,17,67,5,1.0,0.098,True
P62750,LCRFinder,36,39,PF03939,Ribosomal_L23eN,17,67,4,1.0,0.0784,False
P27824,LCRFinder,89,95,PF00262,Calreticulin,71,440,7,1.0,0.0189,False
P27824,LCRFinder,332,335,PF00262,Calreticulin,71,440,4,1.0,0.0108,False
X6RDA4,LCRFinder,186,189,PF00076,RRM_1,158,216,4,1.0,0.0678,False
Q00839,LCRFinder,18,22,PF02037,SAP,8,42,5,1.0,0.1429,True
Q7L2E3,LCRFinder,83,86,PF24995,DSRM_2,48,123,4,1.0,0.0526,False
Q7L2E3,LCRFinder,113,117,PF24995,DSRM_2,48,123,5,1.0,0.0658,True
Q7L2E3,LCRFinder,571,575,PF00270,DEAD,442,594,5,1.0,0.0327,False
Q5RKV6,LCRFinder,74,86,PF01138,RNase_PH,36,175,13,1.0,0.0929,False
Q5RKV6,LCRFinder,108,111,PF01138,RNase_PH,36,175,4,1.0,0.0286,False
Q5RKV6,LCRFinder,122,126,PF01138,RNase_PH,36,175,5,1.0,0.0357,False
Q5RKV6,LCRFinder,149,155,PF01138,RNase_PH,36,175,7,1.0,0.05,False
Q5RKV6,LCRFinder,159,170,PF01138,RNase_PH,36,175,12,1.0,0.0857,True
D4PHA4,LCRFinder,489,492,PF15337,Vasculin,395,491,3,0.75,0.0309,True
Q02878,LCRFinder,35,39,PF03868,Ribosomal_L6e_N,36,95,4,0.8,0.0667,True
Q02878,LCRFinder,82,85,PF03868,Ribosomal_L6e_N,36,95,4,1.0,0.0667,True
Q02878,LCRFinder,218,221,PF01159,Ribosomal_L6e,181,288,4,1.0,0.037,False
P78316,LCRFinder,166,170,PF04147,Nop14,26,846,5,1.0,0.0061,False
P78316,LCRFinder,359,365,PF04147,Nop14,26,846,7,1.0,0.0085,False
P78316,LCRFinder,445,449,PF04147,Nop14,26,846,5,1.0,0.0061,False
P78316,LCRFinder,829,832,PF04147,Nop14,26,846,4,1.0,0.0049,False
H0Y6E7,LCRFinder,175,181,PF08081,RBM1CTR,175,219,7,1.0,0.1556,True
H0Y6E7,LCRFinder,193,198,PF08081,RBM1CTR,175,219,6,1.0,0.1333,False
O75534,LCRFinder,568,571,PF00313,CSD,521,581,4,1.0,0.0656,True
P15170,LCRFinder,370,373,PF03144,GTP_EFTU_D2,314,381,4,1.0,0.0588,True
A6NDY0,LCRFinder,157,162,PF00076,RRM_1,149,218,6,1.0,0.0857,True
Q15477,LCRFinder,844,847,PF13234,MTR4_beta-barrel,832,1046,4,1.0,0.0186,False
Q9H0H0,LCRFinder,702,706,PF14750,INTS2,26,1129,5,1.0,0.0045,False
F6TAI2,LCRFinder,41,44,PF00076,RRM_1,2,69,4,1.0,0.0588,False
F6TAI2,LCRFinder,130,133,PF00076,RRM_1,90,156,4,1.0,0.0597,False
Q6PI26,LCRFinder,417,433,PF04925,SHQ1,235,419,3,0.1765,0.0162,True
P56182,LCRFinder,144,150,PF05997,Nop52,10,327,7,1.0,0.022,False
Q5T7N2,LCRFinder,720,725,PF02994,Transposase_22,700,795,6,1.0,0.0625,False
E9PFF5,LCRFinder,336,342,PF12235,FXMRP1_C_core,330,399,7,1.0,0.1,True
E9PFF5,LCRFinder,390,398,PF12235,FXMRP1_C_core,330,399,9,1.0,0.1286,True
Q9NP92,LCRFinder,21,26,PF07147,PDCD9,1,429,6,1.0,0.014,False
Q9NP92,LCRFinder,119,135,PF07147,PDCD9,1,429,17,1.0,0.0396,False
Q9NP92,LCRFinder,158,162,PF07147,PDCD9,1,429,5,1.0,0.0117,False
Q9NP92,LCRFinder,196,199,PF07147,PDCD9,1,429,4,1.0,0.0093,False
Q9NQI0,LCRFinder,577,580,PF00271,Helicase_C,527,635,4,1.0,0.0367,False
Q99729,LCRFinder,28,31,PF08143,CBFNT,1,69,4,1.0,0.058,False
Q99729,LCRFinder,35,45,PF08143,CBFNT,1,69,11,1.0,0.1594,False
Q99729,LCRFinder,204,210,PF16367,RRM_7,153,229,7,1.0,0.0909,False
Q99729,LCRFinder,204,210,PF00076,RRM_1,155,215,7,1.0,0.1148,True
Q9P2J5,LCRFinder,267,270,PF00133,tRNA-synt_1,188,755,4,1.0,0.007,False
Q8TC59,LCRFinder,848,852,PF02171,Piwi,669,956,5,1.0,0.0174,False
Q5TAP6,LCRFinder,228,231,PF04615,Utp14,43,734,4,1.0,0.0058,False
Q5TAP6,LCRFinder,340,346,PF04615,Utp14,43,734,7,1.0,0.0101,False
Q5TAP6,LCRFinder,509,515,PF04615,Utp14,43,734,7,1.0,0.0101,False
Q5TAP6,LCRFinder,548,554,PF04615,Utp14,43,734,7,1.0,0.0101,False
Q8N8Q3,LCRFinder,225,228,PF04493,Endonuclease_5,44,240,4,1.0,0.0203,False
P49756,LCRFinder,155,158,PF00076,RRM_1,89,157,3,0.75,0.0435,True
A1L020,LCRFinder,227,230,PF00013,KH_1,225,285,4,1.0,0.0656,True
A1L020,LCRFinder,234,239,PF00013,KH_1,225,285,6,1.0,0.0984,True
Q9H0A0,LCRFinder,422,425,PF05127,NAT10_TcmA_helicase,282,488,4,1.0,0.0193,False
Q9H0A0,LCRFinder,429,434,PF05127,NAT10_TcmA_helicase,282,488,6,1.0,0.029,False
Q9H0A0,LCRFinder,448,451,PF05127,NAT10_TcmA_helicase,282,488,4,1.0,0.0193,False
P78344,LCRFinder,192,198,PF02854,MIF4G,79,307,7,1.0,0.0306,False
P78344,LCRFinder,898,905,PF02020,W2,827,904,7,0.875,0.0897,True
Q9Y2W1,LCRFinder,121,141,PF15440,THRAP3_BCLAF1,123,792,19,0.9048,0.0284,True
Q9Y2W1,LCRFinder,155,164,PF15440,THRAP3_BCLAF1,123,792,10,1.0,0.0149,False
Q9Y2W1,LCRFinder,275,279,PF15440,THRAP3_BCLAF1,123,792,5,1.0,0.0075,False
Q9Y2W1,LCRFinder,305,308,PF15440,THRAP3_BCLAF1,123,792,4,1.0,0.006,False
Q9Y2W1,LCRFinder,416,421,PF15440,THRAP3_BCLAF1,123,792,6,1.0,0.009,False
Q9Y2W1,LCRFinder,428,432,PF15440,THRAP3_BCLAF1,123,792,5,1.0,0.0075,False
Q9Y2W1,LCRFinder,488,493,PF15440,THRAP3_BCLAF1,123,792,6,1.0,0.009,False
Q9Y2W1,LCRFinder,723,726,PF15440,THRAP3_BCLAF1,123,792,4,1.0,0.006,False
Q9Y2W1,LCRFinder,765,772,PF15440,THRAP3_BCLAF1,123,792,8,1.0,0.0119,False
Q9Y2W1,LCRFinder,776,787,PF15440,THRAP3_BCLAF1,123,792,12,1.0,0.0179,True
H0YDK8,LCRFinder,627,630,PF00806,PUF,602,633,4,1.0,0.125,True
P62851,LCRFinder,17,21,PF03297,Ribosomal_S25,13,112,5,1.0,0.05,True
P62851,LCRFinder,31,34,PF03297,Ribosomal_S25,13,112,4,1.0,0.04,False
P62861,LCRFinder,98,102,PF04758,Ribosomal_S30,75,132,5,1.0,0.0862,False
Q12872,LCRFinder,447,454,PF01805,Surp,451,506,4,0.5,0.0714,True
P51513,LCRFinder,479,484,PF00013,KH_1,424,490,6,1.0,0.0896,True
Q8IWX8,LCRFinder,93,98,PF10477,EIF4E-T,85,360,6,1.0,0.0217,True
Q8IWX8,LCRFinder,330,341,PF10477,EIF4E-T,85,360,12,1.0,0.0435,False
Q8IWX8,LCRFinder,355,372,PF10477,EIF4E-T,85,360,6,0.3333,0.0217,True
Q9Y4C8,LCRFinder,52,60,PF00076,RRM_1,4,72,9,1.0,0.1304,False
O60522,LCRFinder,107,110,PF00567,TUDOR,43,133,4,1.0,0.044,False
Q9Y2P0,LCRFinder,483,486,PF00096,zf-C2H2,474,496,4,1.0,0.1739,True
Q13360,LCRFinder,297,301,PF00096,zf-C2H2,284,306,5,1.0,0.2174,True
F8VQP2,LCRFinder,152,156,PF06741,LsmAD,144,211,5,1.0,0.0735,True
F8VQP2,LCRFinder,181,186,PF06741,LsmAD,144,211,6,1.0,0.0882,False
A0A0G2JKY3,LCRFinder,373,376,PF00133,tRNA-synt_1,113,728,4,1.0,0.0065,False
O15037,LCRFinder,503,506,PF11977,RNase_Zc3h12a,437,589,4,1.0,0.0261,False
G3V529,LCRFinder,220,224,PF00270,DEAD,173,468,5,1.0,0.0169,False
G3V529,LCRFinder,248,251,PF00270,DEAD,173,468,4,1.0,0.0135,False
G3V529,LCRFinder,466,469,PF00270,DEAD,173,468,3,0.75,0.0101,True
G3V5X7,LCRFinder,365,368,PF05731,TROVE,297,568,4,1.0,0.0147,False
H3BM89,LCRFinder,105,111,PF00573,Ribosomal_L4,1,168,7,1.0,0.0417,False
Q12788,LCRFinder,704,707,PF08625,Utp13,654,788,4,1.0,0.0296,False
Q12788,LCRFinder,745,748,PF08625,Utp13,654,788,4,1.0,0.0296,False
Q14137,LCRFinder,316,326,PF08145,BOP1NT,144,402,11,1.0,0.0425,False
Q14137,LCRFinder,393,396,PF08145,BOP1NT,144,402,4,1.0,0.0154,True
A5YKK6,LCRFinder,2099,2103,PF04054,Not1,1998,2357,5,1.0,0.0139,False
D6RA96,LCRFinder,698,702,PF13307,Helicase_C_2,575,746,5,1.0,0.0291,False
Q96SZ4,LCRFinder,487,490,PF00096,zf-C2H2,478,498,4,1.0,0.1905,True
Q6P2Q9,LCRFinder,744,747,PF08083,PROCN,396,801,4,1.0,0.0099,False
Q6P2Q9,LCRFinder,992,997,PF10598,RRM_4,986,1076,6,1.0,0.0659,True
Q6P2Q9,LCRFinder,1936,1940,PF12134,PRP8_domainIV,1760,1988,5,1.0,0.0218,False
A0A140TA76,LCRFinder,253,256,PF09532,FDF,226,333,4,1.0,0.037,False
K7EJB9,LCRFinder,136,139,PF00262,Calreticulin,65,189,4,1.0,0.032,False
K7EJB9,LCRFinder,175,181,PF00262,Calreticulin,65,189,7,1.0,0.056,True
D6W5Y5,LCRFinder,35,38,PF16367,RRM_7,7,62,4,1.0,0.0714,False
D6W5Y5,LCRFinder,35,38,PF00076,RRM_1,8,78,4,1.0,0.0563,False
Q9ULX6,LCRFinder,441,445,PF04988,AKAP95,414,549,5,1.0,0.0368,False
Q9GZY0,LCRFinder,528,531,PF02136,NTF2,393,540,4,1.0,0.027,True
Q96T37,LCRFinder,208,212,PF00076,RRM_1,181,245,5,1.0,0.0769,False
A6NFI3,LCRFinder,702,705,PF00096,zf-C2H2,692,713,4,1.0,0.1818,True
A0A087WVF4,LCRFinder,792,797,PF00271,Helicase_C,789,902,6,1.0,0.0526,True
O94761,LCRFinder,641,644,PF00270,DEAD,482,650,4,1.0,0.0237,True
O94761,LCRFinder,688,692,PF00271,Helicase_C,688,809,5,1.0,0.041,True
A0A2R8Y4L2,LCRFinder,255,258,PF11627,HnRNPA1_LC,255,292,4,1.0,0.1053,True
A0A2R8Y4L2,LCRFinder,290,293,PF11627,HnRNPA1_LC,255,292,3,0.75,0.0789,True
Q14839,LCRFinder,1052,1055,PF00271,Helicase_C,1052,1164,4,1.0,0.0354,True
Q9BYX4,LCRFinder,349,352,PF04851,ResIII,306,491,4,1.0,0.0215,False
Q9BYX4,LCRFinder,349,352,PF00270,DEAD,309,491,4,1.0,0.0219,False
Q9BYX4,LCRFinder,997,1002,PF11648,RIG-I_C-RD,904,1017,6,1.0,0.0526,False
Q9ULG1,LCRFinder,659,662,PF04851,ResIII,520,684,4,1.0,0.0242,False
Q9ULG1,LCRFinder,659,662,PF00270,DEAD,535,686,4,1.0,0.0263,False
A0A8I5KX04,LCRFinder,206,209,PF20845,Pcf11_helical,199,236,4,1.0,0.1053,True
A0A8I5KX04,LCRFinder,215,228,PF20845,Pcf11_helical,199,236,14,1.0,0.3684,True
A0A8I5KX04,LCRFinder,930,933,PF20844,PCF11_RFEG_rpt,908,992,4,1.0,0.0471,False
A0A8I5KX04,LCRFinder,973,976,PF20844,PCF11_RFEG_rpt,908,992,4,1.0,0.0471,False
A0A8I5KX04,LCRFinder,1172,1177,PF20844,PCF11_RFEG_rpt,1167,1239,6,1.0,0.0822,True
A0A8I5KX04,LCRFinder,1209,1213,PF20844,PCF11_RFEG_rpt,1167,1239,5,1.0,0.0685,False
A0A8I5KVU2,LCRFinder,1306,1309,PF26088,RRM_LARP4,1231,1338,4,1.0,0.037,False
A0ABB0MN55,LCRFinder,54,57,PF00076,RRM_1,26,87,4,1.0,0.0645,False
A0ABB0MN55,LCRFinder,80,84,PF00076,RRM_1,26,87,5,1.0,0.0806,True
A0ABB0MN55,LCRFinder,168,173,PF16367,RRM_7,115,168,1,0.1667,0.0185,True
A0ABB0MN55,LCRFinder,168,173,PF00076,RRM_1,117,173,6,1.0,0.1053,True
A0AA34QW03,LCRFinder,391,394,PF13893,RRM_5,389,465,4,1.0,0.0519,True
A0ABB0MV08,LCRFinder,344,350,PF11627,HnRNPA1_LC,312,350,7,1.0,0.1795,True
A0ABB0MVJ3,LCRFinder,551,554,PF00096,zf-C2H2,544,565,4,1.0,0.1818,True
A0ACI8RL22,LCRFinder,1182,1185,PF20692,cpSF2-GREB1,711,1395,4,1.0,0.0058,False
A0ACI8RL22,LCRFinder,1215,1222,PF20692,cpSF2-GREB1,711,1395,8,1.0,0.0117,False
A0ACI8RL22,LCRFinder,1245,1249,PF20692,cpSF2-GREB1,711,1395,5,1.0,0.0073,False
A0ACI8RL22,LCRFinder,1295,1300,PF20692,cpSF2-GREB1,711,1395,6,1.0,0.0088,False
A0ACI8S0C5,LCRFinder,183,186,PF04851,ResIII,44,206,4,1.0,0.0245,False
A0ACI8S0C5,LCRFinder,183,186,PF00270,DEAD,67,210,4,1.0,0.0278,False
A0ACI8S0C5,LCRFinder,351,356,PF00271,Helicase_C,348,459,6,1.0,0.0536,True
A0ACI8RI26,LCRFinder,202,205,PF00076,RRM_1,135,212,4,1.0,0.0513,True
A0ACI8PUZ8,LCRFinder,501,508,PF24385,DSRM_DHX29,431,508,8,1.0,0.1026,True
A0ACI8PUZ8,LCRFinder,590,593,PF00270,DEAD,580,739,4,1.0,0.025,True
A0ACI8PUZ8,LCRFinder,609,615,PF00270,DEAD,580,739,7,1.0,0.0437,False
A0ACI8PX57,LCRFinder,293,310,PF11627,HnRNPA1_LC,307,344,4,0.2222,0.1053,True
A0ACI8PX57,LCRFinder,330,338,PF11627,HnRNPA1_LC,307,344,9,1.0,0.2368,True
A0ACI8PX57,LCRFinder,342,345,PF11627,HnRNPA1_LC,307,344,3,0.75,0.0789,True
A0ACI8RLL6,LCRFinder,443,446,PF16575,CLP1_P,333,465,4,1.0,0.0301,False
A0ACI8PT71,LCRFinder,655,658,PF00013,KH_1,656,716,3,0.75,0.0492,True
A0ACI8PT71,LCRFinder,1014,1017,PF00013,KH_1,1012,1071,4,1.0,0.0667,True
A0ACI8PVP6,LCRFinder,491,495,PF00096,zf-C2H2,493,514,3,0.6,0.1364,True
A0ACI8RMB5,LCRFinder,580,587,PF04408,WHD_HA2,583,626,5,0.625,0.1136,True
A0ACI8QLY8,LCRFinder,30,46,PF08143,CBFNT,1,70,17,1.0,0.2429,False
A0ACI8QLY8,LCRFinder,193,199,PF00076,RRM_1,156,204,7,1.0,0.1429,True
A0ACI8RX58,LCRFinder,259,262,PF04889,Cwf_Cwc_15,246,337,4,1.0,0.0435,False
A0ACI8RX58,LCRFinder,274,311,PF04889,Cwf_Cwc_15,246,337,38,1.0,0.413,False
A0ACI8RX58,LCRFinder,651,654,PF00076,RRM_1,614,680,4,1.0,0.0597,False
A0ACI8QNN6,LCRFinder,375,379,PF00270,DEAD,203,405,5,1.0,0.0246,False
A0ACI8QU73,LCRFinder,263,267,PF00270,DEAD,216,511,5,1.0,0.0169,False
A0ACI8QU73,LCRFinder,291,294,PF00270,DEAD,216,511,4,1.0,0.0135,False
A0ACI8QU73,LCRFinder,509,512,PF00270,DEAD,216,511,3,0.75,0.0101,True
A0ACI8R7A3,LCRFinder,63,66,PF16367,RRM_7,22,101,4,1.0,0.05,False
A0ACI8R7A3,LCRFinder,63,66,PF00076,RRM_1,24,91,4,1.0,0.0588,False
A0ACI8R7A3,LCRFinder,180,183,PF00076,RRM_1,140,206,4,1.0,0.0597,False
A0ACI8SQV4,LCRFinder,35,38,PF00076,RRM_1,8,75,4,1.0,0.0588,False
A0ACI8SXP5,LCRFinder,52,55,PF00076,RRM_1,12,69,4,1.0,0.069,False
A0ACI8SXP5,LCRFinder,155,158,PF16367,RRM_7,112,178,4,1.0,0.0597,False
A0ACI8SXP5,LCRFinder,155,158,PF00076,RRM_1,115,183,4,1.0,0.058,False
A0ACI8SYT5,LCRFinder,232,237,PF00270,DEAD,223,448,6,1.0,0.0265,True
A0ACI8SYT5,LCRFinder,232,237,PF04851,ResIII,223,388,6,1.0,0.0361,True
A0ACI8SYT5,LCRFinder,270,279,PF00270,DEAD,223,448,10,1.0,0.0442,False
A0ACI8SYT5,LCRFinder,270,279,PF04851,ResIII,223,388,10,1.0,0.0602,False
A0ACI8T823,LCRFinder,62,65,PF16367,RRM_7,20,87,4,1.0,0.0588,False
A0ACI8T823,LCRFinder,62,65,PF00076,RRM_1,23,90,4,1.0,0.0588,False
A0ACI8T823,LCRFinder,151,154,PF16367,RRM_7,109,176,4,1.0,0.0588,False
A0ACI8T823,LCRFinder,151,154,PF00076,RRM_1,111,177,4,1.0,0.0597,False
A0ACI8T7F0,LCRFinder,378,381,PF00133,tRNA-synt_1,113,735,4,1.0,0.0064,False
A0ACI8TFG6,LCRFinder,282,285,PF00749,tRNA-synt_1c,237,541,4,1.0,0.0131,False
A0ACI8TFG6,LCRFinder,1252,1255,PF00587,tRNA-synt_2b,1153,1324,4,1.0,0.0233,False
A0ACI8TLG3,LCRFinder,369,374,PF00133,tRNA-synt_1,132,742,6,1.0,0.0098,False
A0ACI8TLG3,LCRFinder,369,374,PF13603,tRNA-synt_1_2,371,471,4,0.6667,0.0396,True
A0ACI8TML7,LCRFinder,660,663,PF04851,ResIII,609,808,4,1.0,0.02,False
A0ACI8TML7,LCRFinder,660,663,PF00270,DEAD,630,785,4,1.0,0.0256,False
A0ACI8TML7,LCRFinder,1033,1036,PF00271,Helicase_C,1035,1145,2,0.5,0.018,True
A0ACI8TQP9,LCRFinder,229,234,PF00270,DEAD,104,272,6,1.0,0.0355,False
A0ACI8TQP9,LCRFinder,229,234,PF04851,ResIII,109,268,6,1.0,0.0375,False
A0ACI8TQS2,LCRFinder,1395,1398,PF00271,Helicase_C,1292,1404,4,1.0,0.0354,True
A0ACI8TS18,LCRFinder,406,411,PF00270,DEAD,406,556,6,1.0,0.0397,True
A0ACI8TUA9,LCRFinder,344,347,PF13893,RRM_5,342,420,4,1.0,0.0506,True
A0ACI8TUA9,LCRFinder,407,411,PF13893,RRM_5,342,420,5,1.0,0.0633,True
A0ACI8TUA9,LCRFinder,407,411,PF00076,RRM_1,348,409,3,0.6,0.0484,True
A0ACI8TXE9,LCRFinder,388,394,PF08072,BDHCT,372,412,7,1.0,0.1707,False
A0ACI8TWM6,LCRFinder,350,354,PF00271,Helicase_C,347,456,5,1.0,0.0455,True
A0ACI8TWM6,LCRFinder,795,798,PF08147,DBP10CT,737,797,3,0.75,0.0492,True
A0ACI8U1B9,LCRFinder,588,592,PF00035,dsrm,535,596,5,1.0,0.0806,True
A0ACI8UB86,LCRFinder,187,190,PF06658,DUF1168,68,199,4,1.0,0.0303,True
A0ACI8UB86,LCRFinder,197,201,PF06658,DUF1168,68,199,3,0.6,0.0227,True
A0ACI8UNX3,LCRFinder,284,287,PF04851,ResIII,183,361,4,1.0,0.0223,False
A0ACI8UNX3,LCRFinder,284,287,PF00270,DEAD,200,366,4,1.0,0.024,False
A0ACI8UTL7,LCRFinder,173,179,PF08081,RBM1CTR,173,217,7,1.0,0.1556,True
A0ACI8UTL7,LCRFinder,191,196,PF08081,RBM1CTR,173,217,6,1.0,0.1333,False
A0ACI8V0W0,LCRFinder,468,473,PF00271,Helicase_C,364,474,6,1.0,0.0541,True
A0ACI8VA32,LCRFinder,878,881,PF13234,MTR4_beta-barrel,866,1080,4,1.0,0.0186,False
A0ACI8V6J3,LCRFinder,699,703,PF13307,Helicase_C_2,576,759,5,1.0,0.0272,False
A0ACI8VAV8,LCRFinder,628,632,PF27073,FAM200-ZBED5_RNase-like,628,734,5,1.0,0.0467,True
A0ACI8VQD2,LCRFinder,52,60,PF00076,RRM_1,4,72,9,1.0,0.1304,False
A6NFN3,LCRFinder,228,231,PF12414,Fox-1_C,208,297,4,1.0,0.0444,False
A6NFN3,LCRFinder,240,246,PF12414,Fox-1_C,208,297,7,1.0,0.0778,False
A6NFN3,LCRFinder,277,282,PF12414,Fox-1_C,208,297,6,1.0,0.0667,False
O15056,LCRFinder,863,866,PF08952,DUF1866,863,1008,4,1.0,0.0274,True
O43251,LCRFinder,273,279,PF12414,Fox-1_C,265,362,7,1.0,0.0714,True
O43251,LCRFinder,286,289,PF12414,Fox-1_C,265,362,4,1.0,0.0408,False
O43251,LCRFinder,334,348,PF12414,Fox-1_C,265,362,15,1.0,0.1531,False
O43395,LCRFinder,71,76,PF01480,PWI,9,77,6,1.0,0.087,True
O43395,LCRFinder,442,447,PF08572,PRP3,308,521,6,1.0,0.028,False
O43426,LCRFinder,992,999,PF08952,DUF1866,867,1006,8,1.0,0.0571,True
P09651,LCRFinder,293,310,PF11627,HnRNPA1_LC,307,344,4,0.2222,0.1053,True
P09651,LCRFinder,330,338,PF11627,HnRNPA1_LC,307,344,9,1.0,0.2368,True
P09651,LCRFinder,342,345,PF11627,HnRNPA1_LC,307,344,3,0.75,0.0789,True
P10155,LCRFinder,163,167,PF05731,TROVE,17,328,5,1.0,0.016,False
P38159,LCRFinder,173,179,PF08081,RBM1CTR,173,217,7,1.0,0.1556,True
P38159,LCRFinder,191,196,PF08081,RBM1CTR,173,217,6,1.0,0.1333,False
P51114,LCRFinder,385,391,PF12235,FXMRP1_C_core,379,448,7,1.0,0.1,True
P51114,LCRFinder,439,447,PF12235,FXMRP1_C_core,379,448,9,1.0,0.1286,True
Q14011,LCRFinder,35,38,PF16367,RRM_7,7,62,4,1.0,0.0714,False
Q14011,LCRFinder,35,38,PF00076,RRM_1,8,78,4,1.0,0.0563,False
Q14671,LCRFinder,915,918,PF00806,PUF,890,921,4,1.0,0.125,True
Q15020,LCRFinder,941,945,PF05391,Lsm_interact,944,962,2,0.4,0.1053,True
Q15459,LCRFinder,260,266,PF12230,PRP21_like_P,233,472,7,1.0,0.0292,False
Q15459,LCRFinder,340,343,PF12230,PRP21_like_P,233,472,4,1.0,0.0167,False
Q15459,LCRFinder,369,372,PF12230,PRP21_like_P,233,472,4,1.0,0.0167,False
Q15459,LCRFinder,377,382,PF12230,PRP21_like_P,233,472,6,1.0,0.025,False
Q15459,LCRFinder,402,407,PF12230,PRP21_like_P,233,472,6,1.0,0.025,False
Q8TB72,LCRFinder,793,796,PF00806,PUF,768,795,3,0.75,0.1071,True
Q8WXF1,LCRFinder,186,189,PF00076,RRM_1,158,216,4,1.0,0.0678,False
Q96AE4,LCRFinder,571,577,PF09005,FUBP_C,576,595,2,0.2857,0.1,True
Q96AE4,LCRFinder,604,607,PF09005,FUBP_C,604,622,4,1.0,0.2105,True
Q96AE4,LCRFinder,621,624,PF09005,FUBP_C,604,622,2,0.5,0.1053,True
Q96DH6,LCRFinder,63,66,PF00076,RRM_1,24,91,4,1.0,0.0588,False
Q96DH6,LCRFinder,152,155,PF00076,RRM_1,112,178,4,1.0,0.0597,False
Q96S44,LCRFinder,88,93,PF01163,RIO1,73,185,6,1.0,0.0531,False
Q99973,LCRFinder,248,252,PF05731,TROVE,226,676,5,1.0,0.0111,False
Q99973,LCRFinder,392,395,PF05731,TROVE,226,676,4,1.0,0.0089,False
Q99973,LCRFinder,473,476,PF05731,TROVE,226,676,4,1.0,0.0089,False
Q9BXP5,LCRFinder,741,745,PF04959,ARS2,646,851,5,1.0,0.0243,False
Q9BXP5,LCRFinder,820,823,PF04959,ARS2,646,851,4,1.0,0.0194,False
Q9H6E5,LCRFinder,492,495,PF03828,PAP_assoc,491,549,4,1.0,0.0678,True
Q9HCJ0,LCRFinder,1044,1050,PF10427,Ago_hook,1035,1148,7,1.0,0.0614,True
Q9HCJ0,LCRFinder,1118,1122,PF10427,Ago_hook,1035,1148,5,1.0,0.0439,False
Q9NWB1,LCRFinder,260,266,PF12414,Fox-1_C,253,342,7,1.0,0.0778,True
Q9NWB1,LCRFinder,273,276,PF12414,Fox-1_C,253,342,4,1.0,0.0444,False
Q9NWB1,LCRFinder,285,291,PF12414,Fox-1_C,253,342,7,1.0,0.0778,False
Q9UQ35,LCRFinder,74,79,PF08312,cwf21,58,101,6,1.0,0.1364,False
Q9Y580,LCRFinder,3,6,PF13893,RRM_5,2,84,4,1.0,0.0482,True
Q9Y2T7,AlcoR,90,115,PF00313,CSD,96,162,20,0.7692,0.2985,True
Q9Y2T7,AlcoR,130,145,PF00313,CSD,96,162,16,1.0,0.2388,False
Q9H6S0,AlcoR,1,1021,PF01424,R3H,49,104,56,0.0548,1.0,True
Q9H6S0,AlcoR,1,1021,PF00270,DEAD,198,352,155,0.1518,1.0,True
Q9H6S0,AlcoR,1,1021,PF00271,Helicase_C,613,743,131,0.1283,1.0,True
Q9H6S0,AlcoR,1,1021,PF04408,WHD_HA2,809,837,29,0.0284,1.0,True
Q9H6S0,AlcoR,1029,1328,PF04146,YTH,1289,1419,40,0.1333,0.3053,True
O15371,AlcoR,271,287,PF05091,eIF-3_zeta,4,521,17,1.0,0.0328,False
Q4VXU2,AlcoR,9,30,PF00076,RRM_1,13,83,18,0.8182,0.2535,True
Q05639,AlcoR,21,41,PF00009,GTP_EFTU,5,237,21,1.0,0.0901,False
Q05639,AlcoR,76,90,PF00009,GTP_EFTU,5,237,15,1.0,0.0644,False
O43719,AlcoR,1,357,PF00076,RRM_1,135,212,78,0.2185,1.0,True
O43719,AlcoR,1,357,PF00076,RRM_1,289,343,55,0.1541,1.0,True
Q9NVM6,AlcoR,206,241,PF00076,RRM_1,189,233,28,0.7778,0.6222,True
Q9UKV8,AlcoR,317,338,PF02170,PAZ,242,364,22,1.0,0.1789,False
Q9UKV8,AlcoR,349,391,PF02170,PAZ,242,364,16,0.3721,0.1301,True
P14866,AlcoR,436,589,PF13893,RRM_5,357,480,45,0.2922,0.3629,True
O75792,AlcoR,26,89,PF01351,RNase_HII,31,240,59,0.9219,0.281,True
O75792,AlcoR,94,294,PF01351,RNase_HII,31,240,147,0.7313,0.7,True
Q9H6R0,AlcoR,1,127,PF00270,DEAD,85,235,43,0.3386,0.2848,True
Q7Z417,AlcoR,103,185,PF15293,NUFIP2,89,688,83,1.0,0.1383,False
Q7Z417,AlcoR,226,288,PF15293,NUFIP2,89,688,63,1.0,0.105,False
Q9H6F5,AlcoR,323,360,PF03879,Cgr1,237,338,16,0.4211,0.1569,True
P16989,AlcoR,1,372,PF00313,CSD,93,159,67,0.1801,1.0,True
A0A499FI31,AlcoR,1,323,PF05843,Suf,98,424,226,0.6997,0.6911,True
Q9Y6K5,AlcoR,270,281,PF10421,OAS1_C,161,341,12,1.0,0.0663,False
P25398,AlcoR,91,132,PF01248,Ribosomal_L7Ae,17,110,20,0.4762,0.2128,True
Q13895,AlcoR,1,246,PF05291,Bystin,143,429,104,0.4228,0.3624,True
Q13895,AlcoR,321,437,PF05291,Bystin,143,429,109,0.9316,0.3798,True
C9IY40,AlcoR,1,225,PF00181,Ribosomal_L2_N,78,164,87,0.3867,1.0,True
P42285,AlcoR,1,313,PF00270,DEAD,143,290,148,0.4728,1.0,True
P42285,AlcoR,1,313,PF04851,ResIII,144,286,143,0.4569,1.0,True
P42285,AlcoR,604,622,PF21408,MTR4-like_stalk,582,645,19,1.0,0.2969,False
P42285,AlcoR,631,651,PF21408,MTR4-like_stalk,582,645,15,0.7143,0.2344,True
P42285,AlcoR,631,651,PF13234,MTR4_beta-barrel,646,841,6,0.2857,0.0306,True
P42285,AlcoR,668,680,PF13234,MTR4_beta-barrel,646,841,13,1.0,0.0663,False
P49590,AlcoR,150,161,PF13393,tRNA-synt_His,62,390,12,1.0,0.0365,False
P54136,AlcoR,418,453,PF00750,tRNA-synt_1d,174,520,36,1.0,0.1037,False
O60739,AlcoR,1,106,PF01253,SUI1,28,102,75,0.7075,1.0,True
P19525,AlcoR,1,18,PF00035,dsrm,13,75,6,0.3333,0.0952,True
P19525,AlcoR,20,57,PF00035,dsrm,13,75,38,1.0,0.6032,True
P19525,AlcoR,61,165,PF00035,dsrm,13,75,15,0.1429,0.2381,True
P19525,AlcoR,61,165,PF00035,dsrm,101,164,64,0.6095,1.0,True
Q4ZG55,AlcoR,1058,1070,PF20692,cpSF2-GREB1,658,1377,13,1.0,0.0181,False
Q4ZG55,AlcoR,1079,1089,PF20692,cpSF2-GREB1,658,1377,11,1.0,0.0153,False
Q9UKF6,AlcoR,555,569,PF11718,CPSF73-100_C,479,682,15,1.0,0.0735,False
Q9UKF6,AlcoR,602,614,PF11718,CPSF73-100_C,479,682,13,1.0,0.0637,False
Q9UKF6,AlcoR,655,682,PF11718,CPSF73-100_C,479,682,28,1.0,0.1373,True
Q13148,AlcoR,1,197,PF00076,RRM_1,106,164,59,0.2995,1.0,True
Q13148,AlcoR,1,197,PF00076,RRM_1,193,241,5,0.0254,0.102,True
O00148,AlcoR,127,147,PF00270,DEAD,69,234,21,1.0,0.1265,False
O00148,AlcoR,127,147,PF04851,ResIII,84,230,21,1.0,0.1429,False
O00148,AlcoR,127,147,PF14617,CMS1,105,215,21,1.0,0.1892,False
O00148,AlcoR,291,317,PF00271,Helicase_C,273,381,27,1.0,0.2477,False
O00148,AlcoR,375,389,PF00271,Helicase_C,273,381,7,0.4667,0.0642,True
Q06265,AlcoR,75,90,PF01138,RNase_PH,32,163,16,1.0,0.1212,False
Q06265,AlcoR,219,237,PF03725,RNase_PH_C,189,254,19,1.0,0.2879,False
Q06265,AlcoR,239,260,PF03725,RNase_PH_C,189,254,16,0.7273,0.2424,True
Q9Y3A5,AlcoR,93,109,PF01172,SBDS_N,14,100,8,0.4706,0.092,True
Q9Y3A5,AlcoR,172,187,PF20268,SBDS_C,172,239,16,1.0,0.2353,True
P21506,AlcoR,411,422,PF00096,zf-C2H2,405,427,12,1.0,0.5217,True
P51116,AlcoR,1,303,PF05641,Agenet,72,127,56,0.1848,1.0,True
P51116,AlcoR,1,303,PF00013,KH_1,231,289,59,0.1947,1.0,True
P51116,AlcoR,1,303,PF00013,KH_1,295,362,9,0.0297,0.1324,True
P51116,AlcoR,310,464,PF00013,KH_1,295,362,53,0.3419,0.7794,True
P51116,AlcoR,310,464,PF12235,FXMRP1_C_core,364,491,101,0.6516,0.7891,True
Q8IX18,AlcoR,207,249,PF00270,DEAD,60,216,10,0.2326,0.0637,True
Q8IX18,AlcoR,252,695,PF00271,Helicase_C,268,400,133,0.2995,1.0,True
Q8IX18,AlcoR,252,695,PF04408,WHD_HA2,463,491,29,0.0653,1.0,True
P62249,AlcoR,1,146,PF00380,Ribosomal_S9,14,146,133,0.911,1.0,True
Q96Q11,AlcoR,57,254,PF01743,PolyA_pol,59,182,124,0.6263,1.0,True
Q7Z478,AlcoR,193,732,PF24385,DSRM_DHX29,431,508,78,0.1444,1.0,True
Q7Z478,AlcoR,193,732,PF00270,DEAD,580,739,153,0.2833,0.9563,True
Q7Z478,AlcoR,741,877,PF00271,Helicase_C,864,985,14,0.1022,0.1148,True
Q8IZ69,AlcoR,549,560,PF05958,tRNA_U5-meth_tr,401,588,12,1.0,0.0638,False
Q96DF8,AlcoR,59,70,PF09751,Es2,34,401,12,1.0,0.0326,False
Q96DF8,AlcoR,336,352,PF09751,Es2,34,401,17,1.0,0.0462,False
Q14151,AlcoR,27,40,PF02037,SAP,30,64,11,0.7857,0.3143,True
Q14151,AlcoR,349,411,PF13893,RRM_5,399,487,13,0.2063,0.1461,True
Q14151,AlcoR,349,411,PF00076,RRM_1,409,478,3,0.0476,0.0429,True
Q14151,AlcoR,421,506,PF13893,RRM_5,399,487,67,0.7791,0.7528,True
Q14151,AlcoR,421,506,PF00076,RRM_1,409,478,58,0.6744,0.8286,True
O43159,AlcoR,426,456,PF05148,Methyltransf_8,238,456,31,1.0,0.1416,True
Q9BXT8,AlcoR,937,960,PF00567,TUDOR,915,1030,24,1.0,0.2069,False
Q9BXT8,AlcoR,979,992,PF00567,TUDOR,915,1030,14,1.0,0.1207,False
Q14146,AlcoR,1319,1334,PF10441,Urb2,1322,1516,13,0.8125,0.0667,True
Q14146,AlcoR,1366,1377,PF10441,Urb2,1322,1516,12,1.0,0.0615,False
Q14146,AlcoR,1446,1510,PF10441,Urb2,1322,1516,65,1.0,0.3333,True
Q9H9J2,AlcoR,1,125,PF22935,RM44_endonuclase,67,202,59,0.472,0.4338,True
Q9H9J2,AlcoR,1,125,PF00636,Ribonuclease_3,124,207,2,0.016,0.0238,True
Q9H9J2,AlcoR,133,332,PF22935,RM44_endonuclase,67,202,70,0.35,0.5147,True
Q9H9J2,AlcoR,133,332,PF00636,Ribonuclease_3,124,207,75,0.375,0.8929,True
Q9H9J2,AlcoR,133,332,PF22892,DSRM_MRPL44,232,327,96,0.48,1.0,True
O60573,AlcoR,1,120,PF01652,IF4E,55,222,66,0.55,0.3929,True
Q9NY93,AlcoR,53,69,PF00270,DEAD,32,206,17,1.0,0.0971,False
Q9NY93,AlcoR,53,69,PF04851,ResIII,45,168,17,1.0,0.1371,True
P49588,AlcoR,2,26,PF01411,tRNA-synt_2c,9,596,18,0.72,0.0306,True
P49588,AlcoR,133,145,PF01411,tRNA-synt_2c,9,596,13,1.0,0.0221,False
P49588,AlcoR,917,968,PF02272,DHHA1,855,959,43,0.8269,0.4095,True
Q9Y473,AlcoR,1,711,PF00096,zf-C2H2,336,357,22,0.0309,1.0,True
Q9Y473,AlcoR,1,711,PF00096,zf-C2H2,363,385,23,0.0323,1.0,True
Q9Y473,AlcoR,1,711,PF00096,zf-C2H2,391,413,23,0.0323,1.0,True
Q9Y473,AlcoR,1,711,PF00096,zf-C2H2,419,441,23,0.0323,1.0,True
Q9Y473,AlcoR,1,711,PF00096,zf-C2H2,475,497,23,0.0323,1.0,True
Q9Y473,AlcoR,1,711,PF00096,zf-C2H2,503,525,23,0.0323,1.0,True
Q9Y473,AlcoR,1,711,PF00096,zf-C2H2,559,581,23,0.0323,1.0,True
Q9Y473,AlcoR,1,711,PF00096,zf-C2H2,587,609,23,0.0323,1.0,True
Q9Y473,AlcoR,1,711,PF00096,zf-C2H2,615,637,23,0.0323,1.0,True
Q9Y473,AlcoR,1,711,PF00096,zf-C2H2,643,665,23,0.0323,1.0,True
Q9Y473,AlcoR,1,711,PF00096,zf-C2H2,671,693,23,0.0323,1.0,True
O75113,AlcoR,744,775,PF11977,RNase_Zc3h12a,617,769,26,0.8125,0.1699,True
Q14562,AlcoR,258,271,PF00575,S1,261,333,11,0.7857,0.1507,True
Q14562,AlcoR,578,671,PF00270,DEAD,572,721,94,1.0,0.6267,True
Q14562,AlcoR,776,788,PF00271,Helicase_C,764,895,13,1.0,0.0985,False
Q14562,AlcoR,798,842,PF00271,Helicase_C,764,895,45,1.0,0.3409,False
Q14562,AlcoR,960,996,PF04408,WHD_HA2,957,985,26,0.7027,0.8966,True
Q6ZRS2,AlcoR,2080,2106,PF00271,Helicase_C,2044,2156,27,1.0,0.2389,False
Q9UEG4,AlcoR,160,176,PF00096,zf-C2H2,150,172,13,0.7647,0.5652,True
Q9UEG4,AlcoR,216,228,PF00096,zf-C2H2,206,228,13,1.0,0.5652,True
Q86US8,AlcoR,627,654,PF10374,EST1,639,742,16,0.5714,0.1538,True
Q86US8,AlcoR,896,925,PF10373,EST1_DNA_bind,751,1104,30,1.0,0.0847,False
Q8WYQ5,AlcoR,682,773,PF00035,dsrm,620,684,3,0.0326,0.0462,True
Q9NVP1,AlcoR,1,356,PF00270,DEAD,203,374,154,0.4326,0.8953,True
Q9NVP1,AlcoR,1,356,PF04851,ResIII,205,367,152,0.427,0.9325,True
Q8N5C6,AlcoR,908,921,PF00575,S1,916,989,6,0.4286,0.0811,True
Q96RP9,AlcoR,586,599,PF03764,EFG_IV,521,641,14,1.0,0.1157,False
Q9NXL6,AlcoR,34,421,PF13965,SID-1_RNA_chan,184,827,238,0.6134,0.3696,True
Q9NXL6,AlcoR,454,681,PF13965,SID-1_RNA_chan,184,827,228,1.0,0.354,False
Q9NXL6,AlcoR,689,714,PF13965,SID-1_RNA_chan,184,827,26,1.0,0.0404,False
Q9NXL6,AlcoR,721,737,PF13965,SID-1_RNA_chan,184,827,17,1.0,0.0264,False
Q96KR1,AlcoR,589,611,PF12874,zf-met,582,606,18,0.7826,0.72,True
Q9P2N5,AlcoR,613,633,PF00076,RRM_1,615,667,19,0.9048,0.3585,True
Q9HAV4,AlcoR,52,69,PF03810,IBN_N,35,98,18,1.0,0.2812,False
Q9HAV4,AlcoR,93,108,PF03810,IBN_N,35,98,6,0.375,0.0938,True
Q9HAV4,AlcoR,167,178,PF08389,Xpo1,110,271,12,1.0,0.0741,False
Q9HAV4,AlcoR,184,262,PF08389,Xpo1,110,271,79,1.0,0.4877,True
P49770,AlcoR,210,240,PF01008,IF-2B,29,333,31,1.0,0.1016,False
Q5T8P6,AlcoR,39,449,PF01480,PWI,11,76,38,0.0925,0.5758,True
Q5T8P6,AlcoR,468,598,PF00076,RRM_1,547,599,52,0.3969,0.9811,True
A7MD48,AlcoR,32,611,PF15230,SRRM_C,457,522,66,0.1138,1.0,True
Q5VZF2,AlcoR,1,72,PF00642,zf-CCCH,17,40,24,0.3333,1.0,True
Q5VZF2,AlcoR,79,256,PF00642,zf-CCCH,178,202,25,0.1404,1.0,True
Q8IZP6,AlcoR,1,245,PF00642,zf-CCCH,191,216,26,0.1061,1.0,True
Q86U38,AlcoR,78,636,PF22493,PUF_NOP9,97,598,502,0.898,1.0,True
A0A0A0MQW0,AlcoR,1,366,PF00076,RRM_1,102,171,70,0.1913,1.0,True
A0A0A0MQW0,AlcoR,1,366,PF00076,RRM_1,235,303,69,0.1885,1.0,True
Q8NCV1,AlcoR,118,225,PF00035,dsrm,116,178,61,0.5648,0.9683,True
Q8NCV1,AlcoR,315,493,PF02137,A_deamin,261,576,179,1.0,0.5665,False
Q9ULX3,AlcoR,292,340,PF08772,Zn_ribbon_NOB1,260,332,41,0.8367,0.5616,True
Q9HC10,AlcoR,1656,1668,PF22901,dsrm_Ferlin,1585,1672,13,1.0,0.1477,True
P82675,AlcoR,138,181,PF21251,Ribosomal_uS5m_N,88,207,44,1.0,0.3667,False
P49589,AlcoR,38,57,PF01406,tRNA-synt_1e,44,452,14,0.7,0.0342,True
P49589,AlcoR,182,193,PF01406,tRNA-synt_1e,44,452,12,1.0,0.0293,False
P49589,AlcoR,241,269,PF01406,tRNA-synt_1e,44,452,29,1.0,0.0709,False
P49589,AlcoR,276,293,PF01406,tRNA-synt_1e,44,452,18,1.0,0.044,False
Q13405,AlcoR,84,95,PF05046,Img2,82,166,12,1.0,0.1412,True
Q13405,AlcoR,126,139,PF05046,Img2,82,166,14,1.0,0.1647,False
Q13405,AlcoR,145,166,PF05046,Img2,82,166,22,1.0,0.2588,True
Q53EL6,AlcoR,240,259,PF02847,MA3,164,274,20,1.0,0.1802,False
Q53EL6,AlcoR,269,280,PF02847,MA3,164,274,6,0.5,0.0541,True
Q53EL6,AlcoR,335,368,PF02847,MA3,329,439,34,1.0,0.3063,True
Q53EL6,AlcoR,370,394,PF02847,MA3,329,439,25,1.0,0.2252,False
Q8IZD4,AlcoR,36,437,PF06058,DCP1,14,129,94,0.2338,0.8103,True
Q8IZD4,AlcoR,477,607,PF16741,mRNA_decap_C,575,615,33,0.2519,0.8049,True
Q96GW9,AlcoR,188,345,PF09334,tRNA-synt_1g,46,410,158,1.0,0.4329,False
P49792,AlcoR,1302,1500,PF00641,Zn_ribbon_RanBP,1351,1381,31,0.1558,1.0,True
P49792,AlcoR,1302,1500,PF00641,Zn_ribbon_RanBP,1415,1443,29,0.1457,1.0,True
P49792,AlcoR,1302,1500,PF00641,Zn_ribbon_RanBP,1479,1508,22,0.1106,0.7333,True
P49792,AlcoR,1701,1726,PF00641,Zn_ribbon_RanBP,1724,1753,3,0.1154,0.1,True
Q9NRX2,AlcoR,1,35,PF01196,Ribosomal_L17,28,125,8,0.2286,0.0816,True
Q14974,AlcoR,62,226,PF03810,IBN_N,21,101,40,0.2424,0.4938,True
Q5SZQ8,AlcoR,434,450,PF00076,RRM_1,382,452,17,1.0,0.2394,True
Q9HC44,AlcoR,354,398,PF15337,Vasculin,379,471,20,0.4444,0.2151,True
Q9NP77,AlcoR,46,172,PF04722,Ssu72,6,194,127,1.0,0.672,False
Q15269,AlcoR,742,788,PF04003,Utp12,770,874,19,0.4043,0.181,True
Q15269,AlcoR,797,919,PF04003,Utp12,770,874,78,0.6341,0.7429,True
Q15424,AlcoR,1,61,PF02037,SAP,31,66,31,0.5082,0.8611,True
Q15424,AlcoR,86,527,PF00076,RRM_1,409,477,69,0.1561,1.0,True
Q15424,AlcoR,86,527,PF13893,RRM_5,409,491,83,0.1878,1.0,True
Q9NQ29,AlcoR,115,371,PF03194,LUC7,6,243,129,0.5019,0.542,True
Q9UBU9,AlcoR,1,251,PF09162,Tap-RNA_bind,119,198,80,0.3187,1.0,True
Q9UBU9,AlcoR,453,476,PF02136,NTF2,388,535,24,1.0,0.1622,False
Q9UBU9,AlcoR,511,529,PF02136,NTF2,388,535,19,1.0,0.1284,True
Q9UBU9,AlcoR,567,580,PF03943,TAP_C,569,617,12,0.8571,0.2449,True
Q9UBU9,AlcoR,594,606,PF03943,TAP_C,569,617,13,1.0,0.2653,False
Q9HCJ3,AlcoR,58,78,PF00076,RRM_1,71,133,8,0.381,0.127,True
Q9HCJ3,AlcoR,85,104,PF00076,RRM_1,71,133,20,1.0,0.3175,False
Q9HCJ3,AlcoR,114,132,PF00076,RRM_1,71,133,19,1.0,0.3016,True
Q9HCJ3,AlcoR,171,182,PF00076,RRM_1,145,209,12,1.0,0.1846,False
O14979,AlcoR,1,354,PF16367,RRM_7,149,211,63,0.178,1.0,True
O14979,AlcoR,1,354,PF00076,RRM_1,151,218,68,0.1921,1.0,True
O14979,AlcoR,1,354,PF16367,RRM_7,233,312,80,0.226,1.0,True
O14979,AlcoR,1,354,PF00076,RRM_1,235,294,60,0.1695,1.0,True
O95391,AlcoR,1,235,PF11708,Slu7,162,434,74,0.3149,0.2711,True
O95391,AlcoR,237,327,PF11708,Slu7,162,434,91,1.0,0.3333,False
O95391,AlcoR,334,373,PF11708,Slu7,162,434,40,1.0,0.1465,False
O95391,AlcoR,382,405,PF11708,Slu7,162,434,24,1.0,0.0879,False
O95391,AlcoR,420,467,PF11708,Slu7,162,434,15,0.3125,0.0549,True
O94913,AlcoR,860,1028,PF20844,PCF11_RFEG_rpt,777,861,2,0.0118,0.0235,True
O94913,AlcoR,860,1028,PF20844,PCF11_RFEG_rpt,864,962,99,0.5858,1.0,True
O94913,AlcoR,860,1028,PF20844,PCF11_RFEG_rpt,950,1035,79,0.4675,0.9186,True
Q8WWH5,AlcoR,176,190,PF01509,TruB_N,106,255,15,1.0,0.1,False
Q8WWH5,AlcoR,223,236,PF01509,TruB_N,106,255,14,1.0,0.0933,False
Q7Z3Z4,AlcoR,685,704,PF02171,Piwi,546,838,20,1.0,0.0683,False
Q7Z3Z4,AlcoR,715,727,PF02171,Piwi,546,838,13,1.0,0.0444,False
Q7Z3Z4,AlcoR,732,755,PF02171,Piwi,546,838,24,1.0,0.0819,False
Q7Z3Z4,AlcoR,818,838,PF02171,Piwi,546,838,21,1.0,0.0717,True
H0Y2Q1,AlcoR,1,14,PF08704,GCD14,6,154,9,0.6429,0.0604,True
H0Y2Q1,AlcoR,86,100,PF08704,GCD14,6,154,15,1.0,0.1007,False
H0Y2Q1,AlcoR,125,153,PF08704,GCD14,6,154,29,1.0,0.1946,True
Q9BRS8,AlcoR,45,100,PF05383,La,97,153,4,0.0714,0.0702,True
Q9BRS8,AlcoR,112,156,PF05383,La,97,153,42,0.9333,0.7368,True
Q6ZRY4,AlcoR,7,125,PF00076,RRM_1,33,94,62,0.521,1.0,True
Q93091,AlcoR,108,120,PF00074,RnaseA,29,147,13,1.0,0.1092,False
A0A499FIA3,AlcoR,52,76,PF02870,Methyltransf_1N,38,113,25,1.0,0.3289,False
Q96QU8,AlcoR,124,136,PF08389,Xpo1,103,277,13,1.0,0.0743,False
Q96QU8,AlcoR,223,234,PF08389,Xpo1,103,277,12,1.0,0.0686,False
Q96QU8,AlcoR,249,262,PF08389,Xpo1,103,277,14,1.0,0.08,False
P17039,AlcoR,139,152,PF00096,zf-C2H2,149,170,4,0.2857,0.1818,True
P17039,AlcoR,162,177,PF00096,zf-C2H2,149,170,9,0.5625,0.4091,True
Q15393,AlcoR,864,942,PF03178,CPSF_A,863,1183,79,1.0,0.2461,True
Q15393,AlcoR,949,1003,PF03178,CPSF_A,863,1183,55,1.0,0.1713,False
Q15393,AlcoR,1012,1217,PF03178,CPSF_A,863,1183,172,0.835,0.5358,True
Q16637,AlcoR,1,294,PF06003,SMN_Tudor,91,144,54,0.1837,1.0,True
Q9HC36,AlcoR,332,349,PF00588,SpoU_methylase,210,400,18,1.0,0.0942,False
Q9HC36,AlcoR,392,408,PF00588,SpoU_methylase,210,400,9,0.5294,0.0471,True
Q96AZ6,AlcoR,1,10,PF00929,RNase_T,8,162,3,0.3,0.0194,True
Q96AZ6,AlcoR,21,45,PF00929,RNase_T,8,162,25,1.0,0.1613,False
Q96AZ6,AlcoR,105,121,PF00929,RNase_T,8,162,17,1.0,0.1097,False
P13639,AlcoR,632,698,PF03764,EFG_IV,622,737,67,1.0,0.5776,True
P13639,AlcoR,722,795,PF03764,EFG_IV,622,737,16,0.2162,0.1379,True
F5H0R1,AlcoR,51,62,PF12874,zf-met,54,78,9,0.75,0.36,True
Q6L8Q7,AlcoR,303,316,PF03372,Exo_endo_phos,299,599,14,1.0,0.0465,True
Q6L8Q7,AlcoR,365,382,PF03372,Exo_endo_phos,299,599,18,1.0,0.0598,False
O14746,AlcoR,561,627,PF12009,Telomerase_RBD,460,592,32,0.4776,0.2406,True
Q32MZ4,AlcoR,88,169,PF09738,LRRFIP,23,316,82,1.0,0.2789,False
Q9BUQ8,AlcoR,436,820,PF00270,DEAD,415,615,180,0.4675,0.8955,True
Q9BUQ8,AlcoR,436,820,PF04851,ResIII,417,570,135,0.3506,0.8766,True
Q9BUQ8,AlcoR,436,820,PF00271,Helicase_C,651,759,109,0.2831,1.0,True
Q9BQC6,AlcoR,1,102,PF14978,MRP-63,13,101,89,0.8725,1.0,True
O15446,AlcoR,1,457,PF08208,RNA_polI_A34,38,254,217,0.4748,1.0,True
Q96G46,AlcoR,321,346,PF01207,Dus,309,544,26,1.0,0.1102,False
Q00341,AlcoR,141,154,PF00013,KH_1,153,212,2,0.1429,0.0333,True
Q9H2W6,AlcoR,38,53,PF11788,MRP-L46,45,141,9,0.5625,0.0928,True
Q969Y2,AlcoR,222,396,PF01926,MMR_HSR1,251,344,94,0.5371,1.0,True
Q07666,AlcoR,28,443,PF00013,KH_1,159,202,44,0.1058,1.0,True
P43897,AlcoR,1,325,PF00889,EF_TS,124,268,145,0.4462,1.0,True
Q92665,AlcoR,104,395,PF15433,MRP-S31,96,389,286,0.9795,0.9728,True
Q9NPD3,AlcoR,1,245,PF01138,RNase_PH,21,152,132,0.5388,1.0,True
Q9NPD3,AlcoR,1,245,PF03725,RNase_PH_C,155,219,65,0.2653,1.0,True
Q12996,AlcoR,1,121,PF05843,Suf,17,541,105,0.8678,0.2,True
Q12996,AlcoR,130,717,PF05843,Suf,17,541,412,0.7007,0.7848,True
Q13151,AlcoR,1,305,PF00076,RRM_1,9,70,62,0.2033,1.0,True
Q13151,AlcoR,1,305,PF16367,RRM_7,98,151,54,0.177,1.0,True
Q13151,AlcoR,1,305,PF00076,RRM_1,100,156,57,0.1869,1.0,True
Q5ST30,AlcoR,1,533,PF00133,tRNA-synt_1,113,730,421,0.7899,0.6812,True
Q5ST30,AlcoR,797,812,PF08264,Anticodon_1,779,927,16,1.0,0.1074,False
O95363,AlcoR,190,203,PF01409,tRNA-synt_2d,76,198,9,0.6429,0.0732,True
O94762,AlcoR,149,180,PF00270,DEAD,31,200,32,1.0,0.1882,False
O94762,AlcoR,149,180,PF04851,ResIII,33,165,17,0.5312,0.1278,True
O94762,AlcoR,182,343,PF00270,DEAD,31,200,19,0.1173,0.1118,True
O94762,AlcoR,182,343,PF00271,Helicase_C,255,354,89,0.5494,0.89,True
O94762,AlcoR,349,840,PF00271,Helicase_C,255,354,6,0.0122,0.06,True
Q7Z6E9,AlcoR,130,186,PF13696,zf-CCHC_2,156,176,21,0.3684,1.0,True
Q7Z6E9,AlcoR,130,186,PF00098,zf-CCHC,160,175,16,0.2807,1.0,True
O75818,AlcoR,95,108,PF08584,Ribonuc_P_40,75,346,14,1.0,0.0515,False
Q96E39,AlcoR,1,226,PF00076,RRM_1,10,80,71,0.3142,1.0,True
Q96E39,AlcoR,1,226,PF08081,RBM1CTR,173,217,45,0.1991,1.0,True
Q9Y6M1,AlcoR,220,231,PF00013,KH_1,196,260,12,1.0,0.1846,False
Q8TF46,AlcoR,388,763,PF00773,RNB,465,816,299,0.7952,0.8494,True
Q8TF46,AlcoR,765,925,PF00773,RNB,465,816,52,0.323,0.1477,True
P49411,AlcoR,217,231,PF00009,GTP_EFTU,58,251,15,1.0,0.0773,False
P49411,AlcoR,235,251,PF00009,GTP_EFTU,58,251,17,1.0,0.0876,True
P49411,AlcoR,298,310,PF03144,GTP_EFTU_D2,275,343,13,1.0,0.1884,False
P49411,AlcoR,314,329,PF03144,GTP_EFTU_D2,275,343,16,1.0,0.2319,False
P49411,AlcoR,409,429,PF03143,GTP_EFTU_D3,348,442,21,1.0,0.2211,False
Q8TDD1,AlcoR,234,881,PF00270,DEAD,120,283,50,0.0772,0.3049,True
Q8TDD1,AlcoR,234,881,PF04851,ResIII,134,281,48,0.0741,0.3243,True
Q8TDD1,AlcoR,234,881,PF00271,Helicase_C,324,433,110,0.1698,1.0,True
Q8TDD1,AlcoR,234,881,PF08147,DBP10CT,714,774,61,0.0941,1.0,True
Q96MX3,AlcoR,542,556,PF00096,zf-C2H2,543,565,14,0.9333,0.6087,True
P62875,AlcoR,1,11,PF01194,RNA_pol_N,2,59,10,0.9091,0.1724,True
P52272,AlcoR,55,67,PF11532,HnRNP_M_NLS,41,70,13,1.0,0.4333,True
Q8NDV7,AlcoR,1117,1148,PF10427,Ago_hook,1071,1200,32,1.0,0.2462,False
Q6P9B9,AlcoR,565,608,PF14838,INTS5_C,290,999,44,1.0,0.062,False
Q6P9B9,AlcoR,627,641,PF14838,INTS5_C,290,999,15,1.0,0.0211,False
Q6P9B9,AlcoR,657,720,PF14838,INTS5_C,290,999,64,1.0,0.0901,False
Q6P9B9,AlcoR,989,1006,PF14838,INTS5_C,290,999,11,0.6111,0.0155,True
Q9NRA8,AlcoR,48,301,PF10477,EIF4E-T,30,711,254,1.0,0.3724,False
Q9NRA8,AlcoR,309,652,PF10477,EIF4E-T,30,711,344,1.0,0.5044,False
O94992,AlcoR,151,167,PF15313,HEXIM,164,301,4,0.2353,0.029,True
Q9UJV9,AlcoR,232,247,PF00270,DEAD,205,384,16,1.0,0.0889,False
Q9UJV9,AlcoR,256,274,PF00270,DEAD,205,384,19,1.0,0.1056,False
Q9UJV9,AlcoR,423,453,PF00271,Helicase_C,420,527,31,1.0,0.287,True
Q6GMV3,AlcoR,46,78,PF01981,PTH2,26,139,33,1.0,0.2895,False
Q6GMV3,AlcoR,114,134,PF01981,PTH2,26,139,21,1.0,0.1842,True
Q5T1V6,AlcoR,283,300,PF00270,DEAD,227,393,18,1.0,0.1078,False
Q5T1V6,AlcoR,283,300,PF04851,ResIII,242,387,18,1.0,0.1233,False
Q5T1V6,AlcoR,327,356,PF00270,DEAD,227,393,30,1.0,0.1796,False
Q5T1V6,AlcoR,327,356,PF04851,ResIII,242,387,30,1.0,0.2055,False
Q5T1V6,AlcoR,376,399,PF00270,DEAD,227,393,18,0.75,0.1078,True
Q5T1V6,AlcoR,376,399,PF04851,ResIII,242,387,12,0.5,0.0822,True
Q5T1V6,AlcoR,514,532,PF00271,Helicase_C,429,540,19,1.0,0.1696,True
B0QYK0,AlcoR,398,613,PF00076,RRM_1,325,403,6,0.0278,0.0759,True
B0QYK0,AlcoR,398,613,PF00641,Zn_ribbon_RanBP,480,510,31,0.1435,1.0,True
P26641,AlcoR,270,281,PF00647,EF1G,275,381,7,0.5833,0.0654,True
P26641,AlcoR,288,304,PF00647,EF1G,275,381,17,1.0,0.1589,False
Q14147,AlcoR,156,175,PF00270,DEAD,171,315,5,0.25,0.0345,True
Q14147,AlcoR,183,199,PF00270,DEAD,171,315,17,1.0,0.1172,False
Q14147,AlcoR,207,229,PF00270,DEAD,171,315,23,1.0,0.1586,False
Q14147,AlcoR,264,278,PF00270,DEAD,171,315,15,1.0,0.1034,False
Q14147,AlcoR,293,310,PF00270,DEAD,171,315,18,1.0,0.1241,True
Q9NQ50,AlcoR,100,112,PF09812,MRP-L28,45,199,13,1.0,0.0839,False
F8W6I7,AlcoR,32,47,PF00076,RRM_1,16,82,16,1.0,0.2388,False
F8W6I7,AlcoR,56,71,PF00076,RRM_1,16,82,16,1.0,0.2388,False
F8W6I7,AlcoR,114,131,PF16367,RRM_7,105,170,18,1.0,0.2727,True
F8W6I7,AlcoR,114,131,PF00076,RRM_1,107,166,18,1.0,0.3,True
F8W6I7,AlcoR,152,168,PF16367,RRM_7,105,170,17,1.0,0.2576,True
F8W6I7,AlcoR,152,168,PF00076,RRM_1,107,166,15,0.8824,0.25,True
F8W6I7,AlcoR,250,267,PF11627,HnRNPA1_LC,242,279,18,1.0,0.4737,True
P52815,AlcoR,80,117,PF16320,Ribosomal_L12_N,63,113,34,0.8947,0.6667,True
Q86XU0,AlcoR,283,308,PF00096,zf-C2H2,263,285,3,0.1154,0.1304,True
Q86XU0,AlcoR,283,308,PF00096,zf-C2H2,291,313,18,0.6923,0.7826,True
Q8WXA9,AlcoR,73,94,PF00076,RRM_1,68,136,22,1.0,0.3188,True
Q8WXA9,AlcoR,103,122,PF00076,RRM_1,68,136,20,1.0,0.2899,False
Q2NKX8,AlcoR,188,200,PF04851,ResIII,95,260,13,1.0,0.0783,False
Q2NKX8,AlcoR,188,200,PF00270,DEAD,119,266,13,1.0,0.0878,False
Q2NKX8,AlcoR,218,231,PF04851,ResIII,95,260,14,1.0,0.0843,False
Q2NKX8,AlcoR,218,231,PF00270,DEAD,119,266,14,1.0,0.0946,False
Q6PKG0,AlcoR,1006,1020,PF21071,LARP1_HEAT,874,1022,15,1.0,0.1007,True
O43143,AlcoR,241,255,PF00270,DEAD,150,296,15,1.0,0.102,False
O43143,AlcoR,264,284,PF00270,DEAD,150,296,21,1.0,0.1429,False
O43143,AlcoR,291,303,PF00270,DEAD,150,296,6,0.4615,0.0408,True
O43143,AlcoR,319,340,PF00271,Helicase_C,337,476,4,0.1818,0.0286,True
O43143,AlcoR,348,365,PF00271,Helicase_C,337,476,18,1.0,0.1286,False
O43143,AlcoR,371,389,PF00271,Helicase_C,337,476,19,1.0,0.1357,False
O43143,AlcoR,401,421,PF00271,Helicase_C,337,476,21,1.0,0.15,False
O43143,AlcoR,429,447,PF00271,Helicase_C,337,476,19,1.0,0.1357,False
O43143,AlcoR,455,478,PF00271,Helicase_C,337,476,22,0.9167,0.1571,True
O43143,AlcoR,536,557,PF04408,WHD_HA2,539,567,19,0.8636,0.6552,True
O43143,AlcoR,566,609,PF04408,WHD_HA2,539,567,2,0.0455,0.069,True
P82979,AlcoR,18,32,PF02037,SAP,8,43,15,1.0,0.4167,True
A2RTX5,AlcoR,312,351,PF07973,tRNA_SAD,329,377,23,0.575,0.4694,True
A2RTX5,AlcoR,364,380,PF07973,tRNA_SAD,329,377,14,0.8235,0.2857,True
A2RTX5,AlcoR,477,492,PF00587,tRNA-synt_2b,476,687,16,1.0,0.0755,True
A2RTX5,AlcoR,502,545,PF00587,tRNA-synt_2b,476,687,44,1.0,0.2075,False
A2RTX5,AlcoR,615,634,PF00587,tRNA-synt_2b,476,687,20,1.0,0.0943,False
A2RTX5,AlcoR,642,660,PF00587,tRNA-synt_2b,476,687,19,1.0,0.0896,False
P52597,AlcoR,354,371,PF28441,RRM_11,291,365,12,0.6667,0.16,True
P52597,AlcoR,354,371,PF00076,RRM_1,293,355,2,0.1111,0.0317,True
Q9NVN8,AlcoR,265,279,PF01926,MMR_HSR1,254,322,15,1.0,0.2174,False
Q9NVN8,AlcoR,316,336,PF01926,MMR_HSR1,254,322,7,0.3333,0.1014,True
P68104,AlcoR,172,210,PF00009,GTP_EFTU,5,237,39,1.0,0.1674,False
P68104,AlcoR,219,242,PF00009,GTP_EFTU,5,237,19,0.7917,0.0815,True
P68104,AlcoR,256,304,PF03144,GTP_EFTU_D2,260,325,45,0.9184,0.6818,True
P68104,AlcoR,313,346,PF03144,GTP_EFTU_D2,260,325,13,0.3824,0.197,True
P68104,AlcoR,313,346,PF03143,GTP_EFTU_D3,336,441,11,0.3235,0.1038,True
Q14684,AlcoR,1,82,PF05997,Nop52,9,251,74,0.9024,0.3045,True
Q14684,AlcoR,91,105,PF05997,Nop52,9,251,15,1.0,0.0617,False
Q14684,AlcoR,127,139,PF05997,Nop52,9,251,13,1.0,0.0535,False
Q14684,AlcoR,148,168,PF05997,Nop52,9,251,21,1.0,0.0864,False
Q14684,AlcoR,176,193,PF05997,Nop52,9,251,18,1.0,0.0741,False
Q14684,AlcoR,202,303,PF05997,Nop52,9,251,50,0.4902,0.2058,True
Q86U06,AlcoR,1,439,PF00076,RRM_1,168,232,65,0.1481,1.0,True
Q86U06,AlcoR,1,439,PF00076,RRM_1,265,334,70,0.1595,1.0,True
Q9BV44,AlcoR,154,507,PF02926,THUMP,217,283,67,0.1893,1.0,True
Q9BV44,AlcoR,154,507,PF01170,UPF0020,294,476,183,0.5169,1.0,True
Q6IEG0,AlcoR,1,339,PF05253,zf-U11-48K,56,79,24,0.0708,1.0,True
Q8TBZ8,AlcoR,1,446,PF00096,zf-C2H2,141,163,23,0.0516,1.0,True
Q8TBZ8,AlcoR,1,446,PF00096,zf-C2H2,169,191,23,0.0516,1.0,True
Q8TBZ8,AlcoR,1,446,PF00096,zf-C2H2,197,219,23,0.0516,1.0,True
Q8TBZ8,AlcoR,1,446,PF00096,zf-C2H2,253,275,23,0.0516,1.0,True
Q8TBZ8,AlcoR,1,446,PF00096,zf-C2H2,281,303,23,0.0516,1.0,True
Q8TBZ8,AlcoR,1,446,PF00096,zf-C2H2,309,331,23,0.0516,1.0,True
Q8TBZ8,AlcoR,1,446,PF00096,zf-C2H2,337,359,23,0.0516,1.0,True
Q8TBZ8,AlcoR,1,446,PF00096,zf-C2H2,365,387,23,0.0516,1.0,True
Q17RN3,AlcoR,81,94,PF10239,DUF2465,29,334,14,1.0,0.0458,False
Q04637,AlcoR,1502,1599,PF02020,W2,1521,1598,78,0.7959,1.0,True
Q9UPY3,AlcoR,1,361,PF04851,ResIII,42,207,166,0.4598,1.0,True
Q9UPY3,AlcoR,1,361,PF00270,DEAD,46,209,164,0.4543,1.0,True
Q9UPY3,AlcoR,368,676,PF00271,Helicase_C,499,553,55,0.178,1.0,True
Q7KZF4,AlcoR,216,262,PF00565,SNase,220,327,43,0.9149,0.3981,True
Q7KZF4,AlcoR,393,416,PF00565,SNase,368,495,24,1.0,0.1875,False
Q7KZF4,AlcoR,423,534,PF00565,SNase,368,495,73,0.6518,0.5703,True
Q7KZF4,AlcoR,536,843,PF00565,SNase,553,659,107,0.3474,1.0,True
Q7KZF4,AlcoR,536,843,PF00567,TUDOR,680,797,118,0.3831,1.0,True
Q9HAU5,AlcoR,626,751,PF02854,MIF4G,571,758,126,1.0,0.6702,True
Q9HAU5,AlcoR,901,960,PF02854,MIF4G,777,986,60,1.0,0.2857,False
Q9HAU5,AlcoR,968,979,PF02854,MIF4G,777,986,12,1.0,0.0571,True
Q9HAU5,AlcoR,985,997,PF02854,MIF4G,777,986,2,0.1538,0.0095,True
P26599,AlcoR,349,377,PF13893,RRM_5,338,459,29,1.0,0.2377,False
P26599,AlcoR,349,377,PF00076,RRM_1,365,431,13,0.4483,0.194,True
P26599,AlcoR,433,447,PF13893,RRM_5,338,459,15,1.0,0.123,False
O75437,AlcoR,318,332,PF00096,zf-C2H2,322,344,11,0.7333,0.4783,True
O75437,AlcoR,383,433,PF00096,zf-C2H2,378,400,18,0.3529,0.7826,True
O75437,AlcoR,383,433,PF00096,zf-C2H2,406,428,23,0.451,1.0,True
O75437,AlcoR,477,509,PF00096,zf-C2H2,462,484,8,0.2424,0.3478,True
O75437,AlcoR,477,509,PF00096,zf-C2H2,490,512,20,0.6061,0.8696,True
O75437,AlcoR,608,625,PF00096,zf-C2H2,602,624,17,0.9444,0.7391,True
O00410,AlcoR,86,104,PF03810,IBN_N,43,96,11,0.5789,0.2037,True
Q9UL40,AlcoR,120,211,PF12874,zf-met,135,158,24,0.2609,1.0,True
Q9UL40,AlcoR,120,211,PF12874,zf-met,186,209,24,0.2609,1.0,True
Q9UL40,AlcoR,120,211,PF12171,zf-C2H2_jaz,186,210,25,0.2717,1.0,True
Q92879,AlcoR,26,248,PF00076,RRM_1,19,84,59,0.2646,0.8939,True
Q92879,AlcoR,26,248,PF00076,RRM_1,110,174,65,0.2915,1.0,True
Q9H4L7,AlcoR,390,658,PF04851,ResIII,495,660,164,0.6097,0.988,True
Q9H4L7,AlcoR,390,658,PF00270,DEAD,518,660,141,0.5242,0.986,True
Q9H4L7,AlcoR,903,916,PF00271,Helicase_C,855,967,14,1.0,0.1239,False
Q9UGY1,AlcoR,23,43,PF09805,Nop25,20,97,21,1.0,0.2692,True
B0QYY4,AlcoR,254,274,PF12414,Fox-1_C,231,290,21,1.0,0.35,False
Q7Z2Z2,AlcoR,182,193,PF00009,GTP_EFTU,18,244,12,1.0,0.0529,False
Q9NTZ6,AlcoR,50,60,PF28441,RRM_11,5,83,11,1.0,0.1392,False
Q9NTZ6,AlcoR,78,99,PF28441,RRM_11,5,83,6,0.2727,0.0759,True
Q9NTZ6,AlcoR,307,318,PF28441,RRM_11,307,384,12,1.0,0.1538,True
Q9NTZ6,AlcoR,332,349,PF28441,RRM_11,307,384,18,1.0,0.2308,False
Q96P70,AlcoR,76,101,PF03810,IBN_N,43,117,26,1.0,0.3467,False
Q96P70,AlcoR,103,144,PF03810,IBN_N,43,117,15,0.3571,0.2,True
Q5T280,AlcoR,245,376,PF02598,Methyltrn_RNA_3,74,364,120,0.9091,0.4124,True
Q12905,AlcoR,1,390,PF07528,DZF_N,22,216,195,0.5,1.0,True
P62891,AlcoR,27,42,PF00832,Ribosomal_L39,9,49,16,1.0,0.3902,True
Q9Y2W6,AlcoR,33,97,PF00013,KH_1,55,117,43,0.6615,0.6825,True
Q9Y2W6,AlcoR,103,561,PF00013,KH_1,55,117,15,0.0327,0.2381,True
Q9Y2W6,AlcoR,103,561,PF00013,KH_1,127,192,66,0.1438,1.0,True
Q9Y2W6,AlcoR,103,561,PF00567,TUDOR,303,422,120,0.2614,1.0,True
Q9BYD2,AlcoR,1,267,PF01281,Ribosomal_L9_N,95,139,45,0.1685,1.0,True
Q9BYD2,AlcoR,1,267,PF22078,Ribosomal_bL9m_C,153,238,86,0.3221,1.0,True
Q5JPI9,AlcoR,1,236,PF05175,MTS,68,139,72,0.3051,1.0,True
Q5JPI9,AlcoR,1,236,PF13847,Methyltransf_31,81,213,133,0.5636,1.0,True
Q9UNY4,AlcoR,871,1162,PF00271,Helicase_C,996,1106,111,0.3801,1.0,True
O60506,AlcoR,240,271,PF00076,RRM_1,245,307,27,0.8438,0.4286,True
O60506,AlcoR,321,336,PF13893,RRM_5,334,410,3,0.1875,0.039,True
Q96IP4,AlcoR,1,91,PF07984,NTP_transf_7,66,384,26,0.2857,0.0815,True
Q14690,AlcoR,1779,1799,PF05843,Suf,1660,1866,21,1.0,0.1014,False
Q5T5C7,AlcoR,51,69,PF02403,Seryl_tRNA_N,2,76,19,1.0,0.2533,True
A0A0A0MRM9,AlcoR,632,648,PF05022,SRP40_C,633,705,16,0.9412,0.2192,True
O00442,AlcoR,202,216,PF01137,RTC,13,337,15,1.0,0.0462,False
O00442,AlcoR,202,216,PF05189,RTC_insert,184,285,15,1.0,0.1471,False
Q9UKA9,AlcoR,233,262,PF13893,RRM_5,167,260,28,0.9333,0.2979,True
Q9UKA9,AlcoR,233,262,PF00076,RRM_1,183,247,15,0.5,0.2308,True
Q9NXZ2,AlcoR,500,515,PF00271,Helicase_C,475,582,16,1.0,0.1481,False
A2PYH4,AlcoR,447,475,PF00270,DEAD,283,465,19,0.6552,0.1038,True
Q06787,AlcoR,1,75,PF05641,Agenet,63,117,13,0.1733,0.2364,True
Q06787,AlcoR,83,144,PF05641,Agenet,63,117,35,0.5645,0.6364,True
Q8NC51,AlcoR,121,232,PF04774,HABP4_PAI-RBP1,189,313,44,0.3929,0.352,True
Q99459,AlcoR,500,659,PF11831,Myb_Cef,404,654,155,0.9688,0.6175,True
Q9Y399,AlcoR,82,228,PF00318,Ribosomal_S2,84,180,97,0.6599,1.0,True
Q9Y399,AlcoR,82,228,PF00318,Ribosomal_S2,188,259,41,0.2789,0.5694,True
Q9Y399,AlcoR,236,262,PF00318,Ribosomal_S2,188,259,24,0.8889,0.3333,True
Q9GZR2,AlcoR,357,380,PF00929,RNase_T,245,394,24,1.0,0.16,False
Q6P1L8,AlcoR,56,91,PF00238,Ribosomal_L14,32,144,36,1.0,0.3186,False
Q9NPJ8,AlcoR,35,47,PF02136,NTF2,18,136,13,1.0,0.1092,False
Q9NVS2,AlcoR,97,108,PF01084,Ribosomal_S18,79,128,12,1.0,0.24,False
Q9NVS2,AlcoR,118,136,PF01084,Ribosomal_S18,79,128,11,0.5789,0.22,True
Q8N2G6,AlcoR,110,186,PF13696,zf-CCHC_2,129,149,21,0.2727,1.0,True
O94829,AlcoR,39,70,PF03810,IBN_N,45,107,26,0.8125,0.4127,True
O94829,AlcoR,90,111,PF03810,IBN_N,45,107,18,0.8182,0.2857,True
O94829,AlcoR,139,235,PF08389,Xpo1,117,262,97,1.0,0.6644,False
A3KFL2,AlcoR,18,37,PF14382,ECR1_N,26,63,12,0.6,0.3158,True
A3KFL2,AlcoR,55,95,PF14382,ECR1_N,26,63,9,0.2195,0.2368,True
Q96IZ5,AlcoR,306,333,PF00076,RRM_1,311,379,23,0.8214,0.3333,True
Q96IZ5,AlcoR,356,395,PF00076,RRM_1,311,379,24,0.6,0.3478,True
Q9BR11,AlcoR,74,87,PF21056,ZSWIM1-3_RNaseH-like,47,167,14,1.0,0.1157,False
Q9BR11,AlcoR,130,141,PF21056,ZSWIM1-3_RNaseH-like,47,167,12,1.0,0.0992,False
Q14249,AlcoR,53,68,PF01223,Endonuclease_NS,61,281,8,0.5,0.0362,True
Q14249,AlcoR,77,92,PF01223,Endonuclease_NS,61,281,16,1.0,0.0724,False
Q14249,AlcoR,143,171,PF01223,Endonuclease_NS,61,281,29,1.0,0.1312,False
Q14249,AlcoR,192,210,PF01223,Endonuclease_NS,61,281,19,1.0,0.086,False
Q14249,AlcoR,227,243,PF01223,Endonuclease_NS,61,281,17,1.0,0.0769,False
Q14249,AlcoR,252,273,PF01223,Endonuclease_NS,61,281,22,1.0,0.0995,True
Q14249,AlcoR,280,294,PF01223,Endonuclease_NS,61,281,2,0.1333,0.009,True
Q9H3H1,AlcoR,3,82,PF01715,IPPT,58,331,25,0.3125,0.0912,True
Q9H3H1,AlcoR,109,131,PF01715,IPPT,58,331,23,1.0,0.0839,False
Q9H3H1,AlcoR,149,176,PF01715,IPPT,58,331,28,1.0,0.1022,False
Q9H3H1,AlcoR,322,333,PF01715,IPPT,58,331,10,0.8333,0.0365,True
Q9H9G7,AlcoR,240,254,PF02170,PAZ,249,365,6,0.4,0.0513,True
Q9H9G7,AlcoR,297,310,PF02170,PAZ,249,365,14,1.0,0.1197,False
Q9UL18,AlcoR,661,676,PF02171,Piwi,515,815,16,1.0,0.0532,False
Q9UL18,AlcoR,734,751,PF02171,Piwi,515,815,18,1.0,0.0598,False
Q9UL18,AlcoR,768,793,PF02171,Piwi,515,815,26,1.0,0.0864,False
P54577,AlcoR,290,315,PF00579,tRNA-synt_1b,32,321,26,1.0,0.0897,True
Q9BQ39,AlcoR,154,166,PF00270,DEAD,162,334,5,0.3846,0.0289,True
P62701,AlcoR,76,87,PF01479,S4,44,90,12,1.0,0.2553,True
Q9NX07,AlcoR,1,82,PF00076,RRM_1,5,72,68,0.8293,1.0,True
Q09161,AlcoR,589,601,PF09090,MIF4G_like_2,485,759,13,1.0,0.0473,False
Q9H1J1,AlcoR,71,88,PF03467,Smg4_UPF3,68,225,18,1.0,0.1139,True
Q96T58,AlcoR,314,753,PF00076,RRM_1,339,406,68,0.1545,1.0,True
Q96T58,AlcoR,314,753,PF00076,RRM_1,440,507,68,0.1545,1.0,True
Q96T58,AlcoR,314,753,PF00076,RRM_1,520,583,64,0.1455,1.0,True
Q99633,AlcoR,227,259,PF02840,Prp18,190,331,33,1.0,0.2324,False
Q99633,AlcoR,320,342,PF02840,Prp18,190,331,12,0.5217,0.0845,True
Q9UHK0,AlcoR,157,173,PF12171,zf-C2H2_jaz,173,194,1,0.0588,0.0455,True
Q9UHK0,AlcoR,212,224,PF10453,NUFIP1,216,267,9,0.6923,0.1731,True
Q9UHK0,AlcoR,260,274,PF10453,NUFIP1,216,267,8,0.5333,0.1538,True
Q9BRS2,AlcoR,88,237,PF01163,RIO1,193,380,45,0.3,0.2394,True
Q9BRS2,AlcoR,244,494,PF01163,RIO1,193,380,137,0.5458,0.7287,True
J3KPI1,AlcoR,463,607,PF01248,Ribosomal_L7Ae,466,563,98,0.6759,1.0,True
Q58A45,AlcoR,1,320,PF00642,zf-CCCH,47,68,22,0.0688,1.0,True
O75648,AlcoR,239,421,PF20259,tRNA_Me_trans_M,230,292,54,0.2951,0.8571,True
O96006,AlcoR,334,694,PF27039,ZBED1_RNase-like_helical,289,398,65,0.1801,0.5909,True
P62995,AlcoR,47,288,PF00076,RRM_1,122,190,69,0.2851,1.0,True
Q9NR90,AlcoR,1,246,PF16367,RRM_7,41,126,86,0.3496,1.0,True
Q9NR90,AlcoR,1,246,PF00076,RRM_1,42,98,57,0.2317,1.0,True
A0A5K1VW79,AlcoR,629,755,PF16367,RRM_7,741,830,15,0.1181,0.1667,True
A0A5K1VW79,AlcoR,629,755,PF00076,RRM_1,744,805,12,0.0945,0.1935,True
A0A5K1VW79,AlcoR,758,999,PF16367,RRM_7,741,830,73,0.3017,0.8111,True
A0A5K1VW79,AlcoR,758,999,PF00076,RRM_1,744,805,48,0.1983,0.7742,True
P46087,AlcoR,1,326,PF17125,Methyltr_RsmF_N,295,370,32,0.0982,0.4211,True
P46087,AlcoR,334,647,PF17125,Methyltr_RsmF_N,295,370,37,0.1178,0.4868,True
P46087,AlcoR,334,647,PF01189,Methyltr_RsmB-F,377,585,209,0.6656,1.0,True
O43148,AlcoR,467,476,PF03291,mRNA_G-N7_MeTrfase,137,475,9,0.9,0.0265,True
Q96M93,AlcoR,118,208,PF00035,dsrm,97,162,45,0.4945,0.6818,True
P41250,AlcoR,289,308,PF00587,tRNA-synt_2b,295,369,14,0.7,0.1867,True
P41250,AlcoR,318,340,PF00587,tRNA-synt_2b,295,369,23,1.0,0.3067,False
P41250,AlcoR,346,360,PF00587,tRNA-synt_2b,295,369,15,1.0,0.2,True
P41250,AlcoR,655,668,PF03129,HGTP_anticodon,615,708,14,1.0,0.1489,False
Q8N163,AlcoR,76,90,PF14444,S1-like,55,112,15,1.0,0.2586,False
Q6ZN19,AlcoR,507,519,PF00096,zf-C2H2,509,531,11,0.8462,0.4783,True
Q6ZN19,AlcoR,572,597,PF00096,zf-C2H2,593,615,5,0.1923,0.2174,True
Q6ZN19,AlcoR,781,794,PF00096,zf-C2H2,761,783,3,0.2143,0.1304,True
A0A2U3TZN1,AlcoR,61,74,PF01922,SRP19,17,101,14,1.0,0.1647,False
A0A2U3TZN1,AlcoR,87,100,PF01922,SRP19,17,101,14,1.0,0.1647,True
P40429,AlcoR,41,60,PF00572,Ribosomal_L13,6,110,20,1.0,0.1905,False
P40429,AlcoR,94,117,PF00572,Ribosomal_L13,6,110,17,0.7083,0.1619,True
Q7Z6M4,AlcoR,5,381,PF02536,mTERF,98,301,204,0.5411,1.0,True
Q9BUJ2,AlcoR,1,12,PF02037,SAP,3,38,10,0.8333,0.2778,True
Q5MCW4,AlcoR,329,341,PF00096,zf-C2H2,326,348,13,1.0,0.5652,True
Q66PJ3,AlcoR,6,18,PF10500,SR-25,7,235,12,0.9231,0.0524,True
Q13595,AlcoR,104,128,PF00076,RRM_1,123,191,6,0.24,0.087,True
P29728,AlcoR,546,561,PF10421,OAS1_C,497,684,16,1.0,0.0851,False
P29728,AlcoR,655,698,PF10421,OAS1_C,497,684,30,0.6818,0.1596,True
Q9HD33,AlcoR,120,136,PF06984,MRP-L47,64,149,17,1.0,0.1977,False
Q9Y291,AlcoR,1,106,PF08293,MRP-S33,7,96,90,0.8491,1.0,True
J3KPP4,AlcoR,1,423,PF03194,LUC7,4,245,242,0.5721,1.0,True
Q9ULR0,AlcoR,1,111,PF06246,Isy1,1,266,111,1.0,0.4173,True
Q6P2D0,AlcoR,227,240,PF00096,zf-C2H2,212,234,8,0.5714,0.3478,True
Q6P2D0,AlcoR,227,240,PF00096,zf-C2H2,240,262,1,0.0714,0.0435,True
Q6P2D0,AlcoR,243,407,PF00096,zf-C2H2,240,262,20,0.1212,0.8696,True
Q6P2D0,AlcoR,243,407,PF00096,zf-C2H2,268,290,23,0.1394,1.0,True
Q6P2D0,AlcoR,243,407,PF00096,zf-C2H2,296,318,23,0.1394,1.0,True
Q6P2D0,AlcoR,243,407,PF00096,zf-C2H2,324,346,23,0.1394,1.0,True
Q6P2D0,AlcoR,243,407,PF00096,zf-C2H2,352,374,23,0.1394,1.0,True
Q6P2D0,AlcoR,243,407,PF00096,zf-C2H2,380,402,23,0.1394,1.0,True
P31943,AlcoR,1,77,PF28441,RRM_11,13,98,65,0.8442,0.7558,True
P31943,AlcoR,1,77,PF00076,RRM_1,14,81,64,0.8312,0.9412,True
P31943,AlcoR,80,146,PF28441,RRM_11,13,98,19,0.2836,0.2209,True
P31943,AlcoR,80,146,PF00076,RRM_1,14,81,2,0.0299,0.0294,True
P31943,AlcoR,80,146,PF28441,RRM_11,113,192,34,0.5075,0.425,True
P31943,AlcoR,80,146,PF00076,RRM_1,114,181,33,0.4925,0.4853,True
P31943,AlcoR,164,295,PF28441,RRM_11,113,192,29,0.2197,0.3625,True
P31943,AlcoR,164,295,PF00076,RRM_1,114,181,18,0.1364,0.2647,True
P31943,AlcoR,164,295,PF08080,zf-RNPHF,255,290,36,0.2727,1.0,True
P31943,AlcoR,164,295,PF28441,RRM_11,291,365,5,0.0379,0.0667,True
P31943,AlcoR,164,295,PF00076,RRM_1,293,352,3,0.0227,0.05,True
Q8N9N2,AlcoR,193,400,PF10469,AKAP7_NLS,161,350,158,0.7596,0.8316,True
Q5T760,AlcoR,1,76,PF00076,RRM_1,37,103,40,0.5263,0.597,True
Q5T760,AlcoR,83,441,PF00076,RRM_1,37,103,21,0.0585,0.3134,True
P51825,AlcoR,501,548,PF05110,AF-4,8,520,20,0.4167,0.039,True
Q99613,AlcoR,211,227,PF05470,eIF-3c_N,31,705,17,1.0,0.0252,False
Q99613,AlcoR,413,429,PF05470,eIF-3c_N,31,705,17,1.0,0.0252,False
Q99613,AlcoR,509,525,PF05470,eIF-3c_N,31,705,17,1.0,0.0252,False
Q9P2E3,AlcoR,660,679,PF04851,ResIII,597,676,17,0.85,0.2125,True
P50914,AlcoR,58,69,PF01929,Ribosomal_L14e,47,120,12,1.0,0.1622,False
P50914,AlcoR,71,84,PF01929,Ribosomal_L14e,47,120,14,1.0,0.1892,False
P50914,AlcoR,89,100,PF01929,Ribosomal_L14e,47,120,12,1.0,0.1622,False
P50914,AlcoR,102,122,PF01929,Ribosomal_L14e,47,120,19,0.9048,0.2568,True
P62241,AlcoR,79,103,PF01201,Ribosomal_S8e,5,190,25,1.0,0.1344,False
P62241,AlcoR,108,127,PF01201,Ribosomal_S8e,5,190,20,1.0,0.1075,False
P62241,AlcoR,166,180,PF01201,Ribosomal_S8e,5,190,15,1.0,0.0806,True
P62241,AlcoR,187,208,PF01201,Ribosomal_S8e,5,190,4,0.1818,0.0215,True
A0A5H1ZRQ2,AlcoR,419,452,PF00271,Helicase_C,405,512,34,1.0,0.3148,False
Q8NEJ9,AlcoR,1,78,PF04000,Sas10_Utp3,18,98,61,0.7821,0.7531,True
Q92945,AlcoR,471,514,PF00013,KH_1,427,493,23,0.5227,0.3433,True
Q92945,AlcoR,609,626,PF09005,FUBP_C,611,632,16,0.8889,0.7273,True
Q3L8U1,AlcoR,66,1141,PF04851,ResIII,859,1028,170,0.158,1.0,True
Q3L8U1,AlcoR,66,1141,PF00270,DEAD,875,1034,160,0.1487,1.0,True
Q3L8U1,AlcoR,1149,1424,PF00271,Helicase_C,1183,1296,114,0.413,1.0,True
P57052,AlcoR,41,79,PF00076,RRM_1,12,80,39,1.0,0.5652,True
F8WDU6,AlcoR,89,108,PF08389,Xpo1,99,200,10,0.5,0.098,True
B5MCY1,AlcoR,1,57,PF00567,TUDOR,17,121,41,0.7193,0.3905,True
B5MCY1,AlcoR,284,299,PF00567,TUDOR,239,356,16,1.0,0.1356,False
Q12906,AlcoR,119,139,PF07528,DZF_N,11,221,21,1.0,0.0995,False
Q9HC16,AlcoR,167,180,PF08210,AID,17,183,14,1.0,0.0838,True
Q9BY44,AlcoR,216,229,PF08662,eIF2A,216,411,14,1.0,0.0714,True
Q99575,AlcoR,31,151,PF06978,POP1_N,107,183,45,0.3719,0.5844,True
Q99575,AlcoR,153,209,PF06978,POP1_N,107,183,31,0.5439,0.4026,True
Q99575,AlcoR,153,209,PF06978,POP1_N,172,257,38,0.6667,0.4419,True
Q99575,AlcoR,214,255,PF06978,POP1_N,172,257,42,1.0,0.4884,True
G5E9G0,AlcoR,241,351,PF00297,Ribosomal_L3,1,323,83,0.7477,0.257,True
Q8IZ13,AlcoR,1,94,PF27073,FAM200-ZBED5_RNase-like,89,261,6,0.0638,0.0347,True
Q8IZ13,AlcoR,103,245,PF27073,FAM200-ZBED5_RNase-like,89,261,143,1.0,0.8266,False
Q14966,AlcoR,587,724,PF00076,RRM_1,679,729,46,0.3333,0.902,True
Q14966,AlcoR,1892,1978,PF12171,zf-C2H2_jaz,1928,1953,26,0.2989,1.0,True
F6XMP4,AlcoR,1,155,PF00642,zf-CCCH,2,18,17,0.1097,1.0,True
P26639,AlcoR,241,255,PF07973,tRNA_SAD,250,298,6,0.4,0.1224,True
P26639,AlcoR,266,285,PF07973,tRNA_SAD,250,298,20,1.0,0.4082,False
P62750,AlcoR,58,69,PF03939,Ribosomal_L23eN,17,67,10,0.8333,0.1961,True
P78346,AlcoR,182,193,PF01876,RNase_P_p30,4,237,12,1.0,0.0513,False
E7ENR5,AlcoR,74,96,PF04427,Brix,35,201,23,1.0,0.1377,False
E7ENR5,AlcoR,103,120,PF04427,Brix,35,201,18,1.0,0.1078,False
E7ENR5,AlcoR,129,142,PF04427,Brix,35,201,14,1.0,0.0838,False
E7ENR5,AlcoR,151,208,PF04427,Brix,35,201,51,0.8793,0.3054,True
J3QT46,AlcoR,326,345,PF00009,GTP_EFTU,193,411,20,1.0,0.0913,False
J3QT46,AlcoR,353,371,PF00009,GTP_EFTU,193,411,19,1.0,0.0868,False
J3QT46,AlcoR,382,399,PF00009,GTP_EFTU,193,411,18,1.0,0.0822,False
J3QT46,AlcoR,409,427,PF00009,GTP_EFTU,193,411,3,0.1579,0.0137,True
J3QT46,AlcoR,436,454,PF03144,GTP_EFTU_D2,437,504,18,0.9474,0.2647,True
Q8NB42,AlcoR,291,450,PF00096,zf-C2H2,302,324,23,0.1437,1.0,True
Q8NB42,AlcoR,291,450,PF00096,zf-C2H2,330,352,23,0.1437,1.0,True
Q8NB42,AlcoR,291,450,PF00096,zf-C2H2,358,380,23,0.1437,1.0,True
Q8NB42,AlcoR,291,450,PF00096,zf-C2H2,386,408,23,0.1437,1.0,True
Q8NB42,AlcoR,291,450,PF00096,zf-C2H2,414,436,23,0.1437,1.0,True
Q8NB42,AlcoR,291,450,PF00096,zf-C2H2,442,464,9,0.0563,0.3913,True
Q8NB42,AlcoR,452,609,PF00096,zf-C2H2,442,464,13,0.0823,0.5652,True
Q8NB42,AlcoR,452,609,PF00096,zf-C2H2,554,576,23,0.1456,1.0,True
Q9H3J6,AlcoR,1,166,PF00472,RF-1,54,147,94,0.5663,1.0,True
Q14576,AlcoR,1,360,PF00076,RRM_1,41,111,71,0.1972,1.0,True
Q14576,AlcoR,1,360,PF00076,RRM_1,127,191,65,0.1806,1.0,True
Q14576,AlcoR,1,360,PF13893,RRM_5,278,365,83,0.2306,0.9432,True
Q14576,AlcoR,1,360,PF00076,RRM_1,286,355,70,0.1944,1.0,True
Q5SZ64,AlcoR,1,190,PF00076,RRM_1,2,42,41,0.2158,1.0,True
Q5SZ64,AlcoR,1,190,PF16367,RRM_7,58,118,61,0.3211,1.0,True
Q5SZ64,AlcoR,1,190,PF00076,RRM_1,59,129,71,0.3737,1.0,True
O77932,AlcoR,1,86,PF08652,RAI1,44,379,43,0.5,0.128,True
O77932,AlcoR,95,127,PF08652,RAI1,44,379,33,1.0,0.0982,False
O00571,AlcoR,261,273,PF04851,ResIII,203,385,13,1.0,0.071,False
O00571,AlcoR,261,273,PF00270,DEAD,204,391,13,1.0,0.0691,False
O00571,AlcoR,421,436,PF00271,Helicase_C,427,536,10,0.625,0.0909,True
O00571,AlcoR,479,497,PF00271,Helicase_C,427,536,19,1.0,0.1727,False
O00571,AlcoR,518,535,PF00271,Helicase_C,427,536,18,1.0,0.1636,True
Q5TA45,AlcoR,29,47,PF00753,Lactamase_B,15,185,19,1.0,0.1111,False
Q5TA45,AlcoR,100,138,PF00753,Lactamase_B,15,185,39,1.0,0.2281,False
X6RDA4,AlcoR,99,248,PF00076,RRM_1,84,148,50,0.3333,0.7692,True
X6RDA4,AlcoR,99,248,PF00076,RRM_1,158,216,59,0.3933,1.0,True
Q15366,AlcoR,1,241,PF00013,KH_1,15,76,62,0.2573,1.0,True
Q15366,AlcoR,1,241,PF07650,KH_2,81,132,52,0.2158,1.0,True
Q15366,AlcoR,1,241,PF00013,KH_1,99,162,64,0.2656,1.0,True
Q96I27,AlcoR,179,306,PF00096,zf-C2H2,237,259,23,0.1797,1.0,True
Q9UI10,AlcoR,161,256,PF01008,IF-2B,219,509,38,0.3958,0.1306,True
Q7L2E3,AlcoR,422,1194,PF00270,DEAD,442,594,153,0.1979,1.0,True
Q7L2E3,AlcoR,422,1194,PF00271,Helicase_C,664,786,123,0.1591,1.0,True
Q01085,AlcoR,1,181,PF00076,RRM_1,11,79,69,0.3812,1.0,True
Q01085,AlcoR,1,181,PF00076,RRM_1,99,169,71,0.3923,1.0,True
Q8NDF8,AlcoR,103,488,PF03828,PAP_assoc,308,368,61,0.158,1.0,True
O14787,AlcoR,1,305,PF03810,IBN_N,32,98,67,0.2197,1.0,True
Q6PIY7,AlcoR,126,484,PF03828,PAP_assoc,386,440,55,0.1532,1.0,True
P32969,AlcoR,1,22,PF00347,Ribosomal_L6,12,85,11,0.5,0.1486,True
P62304,AlcoR,42,53,PF01423,LSM,24,88,12,1.0,0.1846,False
P62304,AlcoR,84,92,PF01423,LSM,24,88,5,0.5556,0.0769,True
Q8TCS8,AlcoR,1,61,PF01138,RNase_PH,54,183,8,0.1311,0.0615,True
Q8TCS8,AlcoR,255,361,PF03726,PNPase,285,363,77,0.7196,0.9747,True
E7ERQ6,AlcoR,75,89,PF16367,RRM_7,41,126,15,1.0,0.1744,False
E7ERQ6,AlcoR,75,89,PF00076,RRM_1,42,98,15,1.0,0.2632,True
C9JZ88,AlcoR,1,88,PF08079,Ribosomal_L30_N,3,45,43,0.4886,1.0,True
C9JZ88,AlcoR,1,88,PF00327,Ribosomal_L30,50,88,39,0.4432,1.0,True
E9PE17,AlcoR,1,43,PF00366,Ribosomal_S17,15,82,29,0.6744,0.4265,True
D4PHA4,AlcoR,10,463,PF15337,Vasculin,395,491,69,0.152,0.7113,True
P62269,AlcoR,27,152,PF00416,Ribosomal_S13,14,142,116,0.9206,0.8992,True
Q96K58,AlcoR,158,515,PF00096,zf-C2H2,168,190,23,0.0642,1.0,True
Q96K58,AlcoR,158,515,PF00096,zf-C2H2,224,246,23,0.0642,1.0,True
Q96K58,AlcoR,158,515,PF00096,zf-C2H2,252,274,23,0.0642,1.0,True
Q96K58,AlcoR,158,515,PF00096,zf-C2H2,280,302,23,0.0642,1.0,True
Q96K58,AlcoR,158,515,PF00096,zf-C2H2,308,330,23,0.0642,1.0,True
Q96K58,AlcoR,158,515,PF00096,zf-C2H2,364,386,23,0.0642,1.0,True
Q96K58,AlcoR,158,515,PF00096,zf-C2H2,392,414,23,0.0642,1.0,True
H0Y6A1,AlcoR,51,361,PF09162,Tap-RNA_bind,2,69,19,0.0611,0.2794,True
P78316,AlcoR,89,103,PF04147,Nop14,26,846,15,1.0,0.0183,False
Q8NAT2,AlcoR,463,475,PF00567,TUDOR,472,594,4,0.3077,0.0325,True
P41252,AlcoR,56,216,PF00133,tRNA-synt_1,17,638,161,1.0,0.2588,False
P41252,AlcoR,56,216,PF09334,tRNA-synt_1g,48,190,135,0.8385,0.9441,True
P41252,AlcoR,361,372,PF00133,tRNA-synt_1,17,638,12,1.0,0.0193,False
A0A0A0MSN9,AlcoR,303,318,PF00076,RRM_1,264,318,16,1.0,0.2909,True
P15170,AlcoR,266,499,PF00009,GTP_EFTU,72,271,6,0.0256,0.03,True
P15170,AlcoR,266,499,PF03144,GTP_EFTU_D2,314,381,68,0.2906,1.0,True
P15170,AlcoR,266,499,PF03143,GTP_EFTU_D3,390,494,105,0.4487,1.0,True
P51991,AlcoR,1,378,PF00076,RRM_1,37,95,59,0.1561,1.0,True
P51991,AlcoR,1,378,PF16367,RRM_7,126,192,67,0.1772,1.0,True
P51991,AlcoR,1,378,PF00076,RRM_1,128,191,64,0.1693,1.0,True
A6NDY0,AlcoR,110,278,PF00076,RRM_1,149,218,70,0.4142,1.0,True
Q9H633,AlcoR,1,154,PF04032,Rpr2,13,96,84,0.5455,1.0,True
Q96H35,AlcoR,1,177,PF00076,RRM_1,27,99,73,0.4124,1.0,True
E7ESC6,AlcoR,25,42,PF03810,IBN_N,31,96,12,0.6667,0.1818,True
E7ESC6,AlcoR,68,79,PF03810,IBN_N,31,96,12,1.0,0.1818,False
E7ESC6,AlcoR,88,106,PF03810,IBN_N,31,96,9,0.4737,0.1364,True
P62633,AlcoR,82,177,PF00098,zf-CCHC,73,89,8,0.0833,0.4706,True
P62633,AlcoR,82,177,PF00098,zf-CCHC,97,113,17,0.1771,1.0,True
P62633,AlcoR,82,177,PF00098,zf-CCHC,117,134,18,0.1875,1.0,True
P62633,AlcoR,82,177,PF00098,zf-CCHC,136,152,17,0.1771,1.0,True
P62633,AlcoR,82,177,PF00098,zf-CCHC,157,172,16,0.1667,1.0,True
P08865,AlcoR,1,136,PF00318,Ribosomal_S2,19,111,93,0.6838,1.0,True
P08865,AlcoR,1,136,PF00318,Ribosomal_S2,113,181,24,0.1765,0.3478,True
P08865,AlcoR,160,223,PF00318,Ribosomal_S2,113,181,22,0.3438,0.3188,True
Q8TCP9,AlcoR,95,194,PF27073,FAM200-ZBED5_RNase-like,57,228,100,1.0,0.5814,False
Q8TCP9,AlcoR,202,301,PF27073,FAM200-ZBED5_RNase-like,57,228,27,0.27,0.157,True
Q15477,AlcoR,312,333,PF00270,DEAD,314,460,20,0.9091,0.1361,True
Q15477,AlcoR,312,333,PF04851,ResIII,314,457,20,0.9091,0.1389,True
Q15477,AlcoR,753,764,PF21408,MTR4-like_stalk,763,829,2,0.1667,0.0299,True
E9PHM2,AlcoR,400,860,PF00133,tRNA-synt_1,401,557,157,0.3406,1.0,True
E9PHM2,AlcoR,400,860,PF08264,Anticodon_1,684,809,126,0.2733,1.0,True
O95059,AlcoR,29,124,PF01900,RNase_P_Rpp14,35,108,74,0.7708,1.0,True
Q5CZA5,AlcoR,1,380,PF00096,zf-C2H2,203,225,23,0.0605,1.0,True
Q5CZA5,AlcoR,1,380,PF00096,zf-C2H2,231,253,23,0.0605,1.0,True
Q5CZA5,AlcoR,1,380,PF00096,zf-C2H2,259,281,23,0.0605,1.0,True
Q5CZA5,AlcoR,1,380,PF00096,zf-C2H2,287,309,23,0.0605,1.0,True
Q5CZA5,AlcoR,1,380,PF00096,zf-C2H2,315,337,23,0.0605,1.0,True
Q5CZA5,AlcoR,1,380,PF00096,zf-C2H2,343,365,23,0.0605,1.0,True
Q5CZA5,AlcoR,388,460,PF00096,zf-C2H2,399,421,23,0.3151,1.0,True
Q5CZA5,AlcoR,388,460,PF00096,zf-C2H2,455,477,6,0.0822,0.2609,True
Q5CZA5,AlcoR,537,595,PF00096,zf-C2H2,539,561,23,0.3898,1.0,True
X6RJY0,AlcoR,299,309,PF04615,Utp14,7,299,1,0.0909,0.0034,True
Q9Y333,AlcoR,9,20,PF01423,LSM,6,71,12,1.0,0.1818,True
Q9Y333,AlcoR,37,48,PF01423,LSM,6,71,12,1.0,0.1818,False
Q5T7F5,AlcoR,255,282,PF01728,FtsJ,216,371,28,1.0,0.1795,False
Q9H0H0,AlcoR,341,352,PF14750,INTS2,26,1129,12,1.0,0.0109,False
Q9H0H0,AlcoR,421,441,PF14750,INTS2,26,1129,21,1.0,0.019,False
Q9H0H0,AlcoR,445,484,PF14750,INTS2,26,1129,40,1.0,0.0362,False
Q9H0H0,AlcoR,491,554,PF14750,INTS2,26,1129,64,1.0,0.058,False
Q9H0H0,AlcoR,590,628,PF14750,INTS2,26,1129,39,1.0,0.0353,False
P0C7T5,AlcoR,512,689,PF08517,AXH,469,580,69,0.3876,0.6161,True
Q96BT7,AlcoR,1,296,PF00076,RRM_1,50,105,56,0.1892,1.0,True
Q96BT7,AlcoR,1,296,PF13532,2OG-FeII_Oxy_2,150,334,147,0.4966,0.7946,True
Q96BT7,AlcoR,425,664,PF05148,Methyltransf_8,391,500,76,0.3167,0.6909,True
Q96BT7,AlcoR,425,664,PF13847,Methyltransf_31,406,508,84,0.35,0.8155,True
Q5QPL9,AlcoR,1,157,PF00076,RRM_1,23,85,63,0.4013,1.0,True
P54253,AlcoR,428,671,PF08517,AXH,574,686,98,0.4016,0.8673,True
P54253,AlcoR,680,815,PF08517,AXH,574,686,7,0.0515,0.0619,True
Q9UHC7,AlcoR,1,79,PF00642,zf-CCCH,57,80,23,0.2911,0.9583,True
Q9UHC7,AlcoR,89,482,PF00642,zf-CCCH,88,110,22,0.0558,0.9565,True
Q9UHC7,AlcoR,89,482,PF00642,zf-CCCH,210,233,24,0.0609,1.0,True
Q9H2U1,AlcoR,556,574,PF00271,Helicase_C,477,606,19,1.0,0.1462,False
Q8N7X1,AlcoR,1,109,PF00076,RRM_1,10,79,70,0.6422,1.0,True
P56182,AlcoR,1,39,PF05997,Nop52,10,327,30,0.7692,0.0943,True
P56182,AlcoR,43,203,PF05997,Nop52,10,327,161,1.0,0.5063,False
C9J6P4,AlcoR,705,947,PF00644,PARP,861,974,87,0.358,0.7632,True
C9J6P4,AlcoR,955,1024,PF00644,PARP,861,974,20,0.2857,0.1754,True
Q8IZH2,AlcoR,1,144,PF03159,XRN_N,1,227,144,1.0,0.6344,True
Q8IZH2,AlcoR,154,682,PF03159,XRN_N,1,227,74,0.1399,0.326,True
O15042,AlcoR,1,283,PF00076,RRM_1,276,348,8,0.0283,0.1096,True
O15042,AlcoR,291,816,PF00076,RRM_1,276,348,58,0.1103,0.7945,True
O15042,AlcoR,291,816,PF01805,Surp,424,489,66,0.1255,1.0,True
Q9C0B1,AlcoR,249,505,PF12933,FTO_NTD,37,325,77,0.2996,0.2664,True
Q9C0B1,AlcoR,249,505,PF12934,FTO_CTD,329,497,169,0.6576,1.0,True
C9J0B9,AlcoR,1,218,PF04981,NMD3,153,218,66,0.3028,1.0,True
C9JYQ9,AlcoR,17,40,PF01776,Ribosomal_L22e,12,118,24,1.0,0.2243,True
C9JP00,AlcoR,192,283,PF00642,zf-CCCH,183,205,14,0.1522,0.6087,True
Q499Z4,AlcoR,149,215,PF00096,zf-C2H2,199,221,17,0.2537,0.7391,True
E7ET15,AlcoR,244,287,PF00076,RRM_1,275,347,13,0.2955,0.1781,True
E7ET15,AlcoR,303,370,PF00076,RRM_1,275,347,45,0.6618,0.6164,True
Q9NP92,AlcoR,23,195,PF07147,PDCD9,1,429,173,1.0,0.4033,False
Q8NI36,AlcoR,498,886,PF04192,Utp21,689,891,198,0.509,0.9754,True
Q92540,AlcoR,139,590,PF10374,EST1,55,168,30,0.0664,0.2632,True
Q92540,AlcoR,139,590,PF10373,EST1_DNA_bind,171,430,260,0.5752,1.0,True
Q8IU60,AlcoR,15,420,PF05026,DCP2,12,93,79,0.1946,0.9634,True
Q9P2J5,AlcoR,424,437,PF00133,tRNA-synt_1,188,755,14,1.0,0.0246,False
D6REA0,AlcoR,194,413,PF02637,GatB_Yqey,365,514,49,0.2227,0.3267,True
D6REA0,AlcoR,418,446,PF02637,GatB_Yqey,365,514,29,1.0,0.1933,False
Q969S9,AlcoR,241,284,PF00009,GTP_EFTU,69,351,44,1.0,0.1555,False
Q969S9,AlcoR,287,303,PF00009,GTP_EFTU,69,351,17,1.0,0.0601,False
Q969S9,AlcoR,319,356,PF00009,GTP_EFTU,69,351,33,0.8684,0.1166,True
D6RIC3,AlcoR,1,150,PF09420,Nop16,12,75,64,0.4267,1.0,True
G3XAN0,AlcoR,1,64,PF00338,Ribosomal_S10,1,60,60,0.9375,1.0,True
Q9H2T7,AlcoR,1,296,PF03810,IBN_N,30,94,65,0.2196,1.0,True
Q8TC59,AlcoR,752,780,PF02171,Piwi,669,956,29,1.0,0.1007,False
Q8TC59,AlcoR,799,812,PF02171,Piwi,669,956,14,1.0,0.0486,False
Q8TC59,AlcoR,838,855,PF02171,Piwi,669,956,18,1.0,0.0625,False
E5RHF4,AlcoR,1,116,PF29471,Ribosomal_uL15_N,42,75,34,0.2931,1.0,True
E5RHF4,AlcoR,1,116,PF00828,Ribosomal_L27A,95,175,22,0.1897,0.2716,True
E5RHF4,AlcoR,118,198,PF00828,Ribosomal_L27A,95,175,58,0.716,0.716,True
H0YB34,AlcoR,8,148,PF01042,Ribonuc_L-PSP,33,139,107,0.7589,1.0,True
Q5TAP6,AlcoR,1,67,PF04615,Utp14,43,734,25,0.3731,0.0361,True
Q5TAP6,AlcoR,75,214,PF04615,Utp14,43,734,140,1.0,0.2023,False
Q5TAP6,AlcoR,409,427,PF04615,Utp14,43,734,19,1.0,0.0275,False
Q8N8Q3,AlcoR,1,45,PF04493,Endonuclease_5,44,240,2,0.0444,0.0102,True
Q8N8Q3,AlcoR,54,282,PF04493,Endonuclease_5,44,240,187,0.8166,0.9492,True
E7ERJ7,AlcoR,1,95,PF00076,RRM_1,13,82,70,0.7368,1.0,True
E7ERJ7,AlcoR,106,329,PF00076,RRM_1,99,135,30,0.1339,0.8108,True
E7ERJ7,AlcoR,106,329,PF00076,RRM_1,161,229,69,0.308,1.0,True
E7ERJ7,AlcoR,106,329,PF00076,RRM_1,264,331,66,0.2946,0.9706,True
Q9UFF9,AlcoR,44,57,PF04857,CAF1,15,132,14,1.0,0.1186,False
Q9UFF9,AlcoR,141,159,PF04857,CAF1,147,238,13,0.6842,0.1413,True
A1L020,AlcoR,230,272,PF00013,KH_1,225,285,43,1.0,0.7049,True
E9PN81,AlcoR,77,108,PF08615,RNase_H2_suC,28,157,32,1.0,0.2462,False
E9PN81,AlcoR,153,232,PF08615,RNase_H2_suC,28,157,5,0.0625,0.0385,True
Q9H0A0,AlcoR,1,922,PF05127,NAT10_TcmA_helicase,282,488,207,0.2245,1.0,True
Q9H0A0,AlcoR,1,922,PF13725,tRNA_bind_2,763,975,160,0.1735,0.7512,True
P62851,AlcoR,56,98,PF03297,Ribosomal_S25,13,112,43,1.0,0.43,False
P62851,AlcoR,108,125,PF03297,Ribosomal_S25,13,112,5,0.2778,0.05,True
E9PKU4,AlcoR,1,22,PF00181,Ribosomal_L2_N,2,90,21,0.9545,0.236,True
E9PKU4,AlcoR,32,60,PF00181,Ribosomal_L2_N,2,90,29,1.0,0.3258,False
E9PKU4,AlcoR,183,218,PF03947,Ribosomal_L2_C,98,203,21,0.5833,0.1981,True
P62861,AlcoR,61,75,PF04758,Ribosomal_S30,75,132,1,0.0667,0.0172,True
P62861,AlcoR,85,132,PF04758,Ribosomal_S30,75,132,48,1.0,0.8276,True
P08240,AlcoR,6,638,PF02881,SRP54_N,319,389,71,0.1122,1.0,True
P08240,AlcoR,6,638,PF00448,SRP54,419,636,218,0.3444,1.0,True
P62277,AlcoR,1,66,PF08069,Ribosomal_S13_N,1,60,60,0.9091,1.0,True
P62277,AlcoR,68,151,PF00312,Ribosomal_S15,74,146,73,0.869,1.0,True
Q96CB9,AlcoR,161,174,PF01189,Methyltr_RsmB-F,167,340,8,0.5714,0.046,True
Q96CB9,AlcoR,161,174,PF01728,FtsJ,171,311,4,0.2857,0.0284,True
A0A0C4DGG8,AlcoR,129,144,PF14444,S1-like,132,189,13,0.8125,0.2241,True
A0A0C4DGG8,AlcoR,586,714,PF02037,SAP,621,655,35,0.2713,1.0,True
Q86Y79,AlcoR,1,41,PF01195,Pept_tRNA_hydro,32,202,10,0.2439,0.0585,True
Q96FC9,AlcoR,662,741,PF13307,Helicase_C_2,693,818,49,0.6125,0.3889,True
Q96FC9,AlcoR,784,847,PF13307,Helicase_C_2,693,818,35,0.5469,0.2778,True
Q9Y4C8,AlcoR,750,960,PF00076,RRM_1,732,804,55,0.2607,0.7534,True
Q9Y4C8,AlcoR,750,960,PF00076,RRM_1,834,905,72,0.3412,1.0,True
O15226,AlcoR,367,643,PF01585,G-patch,552,593,42,0.1516,1.0,True
O15226,AlcoR,367,643,PF01424,R3H,604,660,40,0.1444,0.7018,True
O15226,AlcoR,648,690,PF01424,R3H,604,660,13,0.3023,0.2281,True
O60942,AlcoR,1,403,PF01331,mRNA_cap_enzyme,234,462,170,0.4218,0.7424,True
H0YGG4,AlcoR,1,84,PF01008,IF-2B,32,139,53,0.631,0.4907,True
H0YGG4,AlcoR,92,125,PF01008,IF-2B,32,139,34,1.0,0.3148,False
O60522,AlcoR,5,145,PF00567,TUDOR,43,133,91,0.6454,1.0,True
O60522,AlcoR,1583,1594,PF00567,TUDOR,1516,1638,12,1.0,0.0976,False
H0YGJ7,AlcoR,15,29,PF08597,eIF3_subunit,2,96,15,1.0,0.1579,False
P56270,AlcoR,314,351,PF00096,zf-C2H2,337,360,15,0.3947,0.625,True
Q7Z5Q1,AlcoR,276,342,PF16367,RRM_7,331,420,12,0.1791,0.1333,True
Q7Z5Q1,AlcoR,276,342,PF00076,RRM_1,334,395,9,0.1343,0.1452,True
Q7Z5Q1,AlcoR,349,483,PF16367,RRM_7,331,420,72,0.5333,0.8,True
Q7Z5Q1,AlcoR,349,483,PF00076,RRM_1,334,395,47,0.3481,0.7581,True
O95453,AlcoR,35,245,PF04857,CAF1,4,390,211,1.0,0.5452,False
O95453,AlcoR,35,245,PF01424,R3H,179,243,65,0.3081,1.0,True
O95453,AlcoR,254,298,PF04857,CAF1,4,390,45,1.0,0.1163,False
O95453,AlcoR,450,501,PF08675,RNA_bind,437,514,52,1.0,0.6667,False
Q13360,AlcoR,410,429,PF00096,zf-C2H2,396,418,9,0.45,0.3913,True
Q13360,AlcoR,410,429,PF00096,zf-C2H2,424,446,6,0.3,0.2609,True
Q8IYX4,AlcoR,257,283,PF14709,DND1_DSRM,254,333,27,1.0,0.3375,True
Q8IYX4,AlcoR,306,318,PF14709,DND1_DSRM,254,333,13,1.0,0.1625,False
Q8IYX4,AlcoR,326,346,PF14709,DND1_DSRM,254,333,8,0.381,0.1,True
F8VQP2,AlcoR,1,106,PF14438,SM-ATX,2,76,75,0.7075,1.0,True
F8VQP2,AlcoR,138,154,PF06741,LsmAD,144,211,11,0.6471,0.1618,True
F8VQP2,AlcoR,159,197,PF06741,LsmAD,144,211,39,1.0,0.5735,False
O75123,AlcoR,450,536,PF00096,zf-C2H2,431,453,4,0.046,0.1739,True
O75123,AlcoR,450,536,PF00096,zf-C2H2,459,481,23,0.2644,1.0,True
Q5JTH9,AlcoR,1,516,PF08161,RRP12_HEAT,426,699,91,0.1764,0.3321,True
Q5JTH9,AlcoR,523,710,PF08161,RRP12_HEAT,426,699,177,0.9415,0.646,True
P62826,AlcoR,1,216,PF01926,MMR_HSR1,13,123,111,0.5139,1.0,True
H0YH84,AlcoR,52,186,PF04153,NOT2_3_5_C,108,179,72,0.5333,1.0,True
A0A0G2JKY3,AlcoR,1,1061,PF00133,tRNA-synt_1,113,728,616,0.5806,1.0,True
A0A0G2JKY3,AlcoR,1,1061,PF08264,Anticodon_1,777,925,149,0.1404,1.0,True
O43716,AlcoR,1,136,PF02686,GatC,54,116,63,0.4632,1.0,True
F8VZY7,AlcoR,160,258,PF00076,RRM_1,120,186,27,0.2727,0.403,True
A0A0B4J254,AlcoR,1,67,PF01423,LSM,10,44,35,0.5224,1.0,True
H0YHU8,AlcoR,1,54,PF00076,RRM_1,42,110,13,0.2407,0.1884,True
H0YHU8,AlcoR,1,54,PF28441,RRM_11,45,112,10,0.1852,0.1471,True
H0YHU8,AlcoR,70,144,PF00076,RRM_1,42,110,41,0.5467,0.5942,True
H0YHU8,AlcoR,70,144,PF28441,RRM_11,45,112,43,0.5733,0.6324,True
Q9Y6G3,AlcoR,1,65,PF10210,MRP-S32,48,142,18,0.2769,0.1895,True
Q9Y6G3,AlcoR,73,142,PF10210,MRP-S32,48,142,70,1.0,0.7368,True
F8VP89,AlcoR,42,275,PF00076,RRM_1,99,167,69,0.2949,1.0,True
Q5GAN4,AlcoR,1,31,PF00074,RnaseA,26,135,6,0.1935,0.0545,True
Q5GAN4,AlcoR,40,147,PF00074,RnaseA,26,135,96,0.8889,0.8727,True
G3V2H6,AlcoR,1,54,PF00076,RRM_1,18,54,37,0.6852,1.0,True
G3V2M5,AlcoR,1,61,PF04900,Fcf1,3,61,59,0.9672,1.0,True
G3V2P5,AlcoR,28,142,PF00642,zf-CCCH,121,146,22,0.1913,0.8462,True
Q9HCK8,AlcoR,961,1405,PF04851,ResIII,810,979,19,0.0427,0.1118,True
Q9HCK8,AlcoR,961,1405,PF00270,DEAD,823,985,25,0.0562,0.1534,True
Q9HCK8,AlcoR,961,1405,PF00271,Helicase_C,1135,1247,113,0.2539,1.0,True
Q9HCK8,AlcoR,2040,2425,PF07533,BRK,2310,2352,43,0.1114,1.0,True
G3V529,AlcoR,71,376,PF00270,DEAD,173,468,204,0.6667,0.6892,True
G3V529,AlcoR,414,430,PF00270,DEAD,173,468,17,1.0,0.0574,False
G3V529,AlcoR,437,792,PF00270,DEAD,173,468,32,0.0899,0.1081,True
G3V529,AlcoR,437,792,PF00271,Helicase_C,539,638,100,0.2809,1.0,True
G3V5X7,AlcoR,385,404,PF05731,TROVE,297,568,20,1.0,0.0735,False
G3V5X7,AlcoR,423,438,PF05731,TROVE,297,568,16,1.0,0.0588,False
G3V5X7,AlcoR,445,579,PF05731,TROVE,297,568,124,0.9185,0.4559,True
Q8IZ73,AlcoR,242,340,PF00849,PseudoU_synth_2,231,377,99,1.0,0.6735,False
Q8IZ73,AlcoR,349,377,PF00849,PseudoU_synth_2,231,377,29,1.0,0.1973,True
H3BN59,AlcoR,128,228,PF00270,DEAD,117,256,101,1.0,0.7214,False
H3BN59,AlcoR,128,228,PF04851,ResIII,129,244,100,0.9901,0.8621,True
H3BN59,AlcoR,236,261,PF00270,DEAD,117,256,21,0.8077,0.15,True
H3BN59,AlcoR,236,261,PF04851,ResIII,129,244,9,0.3462,0.0776,True
H3BPE7,AlcoR,208,527,PF00076,RRM_1,288,366,79,0.2469,1.0,True
H3BPE7,AlcoR,208,527,PF00641,Zn_ribbon_RanBP,423,454,32,0.1,1.0,True
H3BPG5,AlcoR,1,128,PF00076,RRM_1,2,57,56,0.4375,1.0,True
Q96F86,AlcoR,3,298,PF12701,LSM14,4,66,63,0.2128,1.0,True
Q96F86,AlcoR,3,298,PF09532,FDF,199,300,100,0.3378,0.9804,True
A5YKK6,AlcoR,1870,2376,PF04054,Not1,1998,2357,360,0.7101,1.0,True
H3BQK0,AlcoR,1,484,PF00270,DEAD,122,285,164,0.3388,1.0,True
H3BQK0,AlcoR,1,484,PF00271,Helicase_C,324,439,116,0.2397,1.0,True
Q9Y2V2,AlcoR,1,147,PF00313,CSD,64,127,64,0.4354,1.0,True
H3BSB3,AlcoR,1,85,PF10175,MPP6,1,106,85,1.0,0.8019,True
H3BSW6,AlcoR,46,487,PF10288,CTU2,412,539,76,0.1719,0.5938,True
H3BSW6,AlcoR,495,586,PF10288,CTU2,412,539,45,0.4891,0.3516,True
P61970,AlcoR,1,127,PF02136,NTF2,10,121,112,0.8819,1.0,True
H3BTT8,AlcoR,1,252,PF09749,HVSL,31,250,220,0.873,1.0,True
D6RA96,AlcoR,579,597,PF13307,Helicase_C_2,575,746,19,1.0,0.1105,True
D6RA96,AlcoR,606,618,PF13307,Helicase_C_2,575,746,13,1.0,0.0756,False
D6RA96,AlcoR,634,653,PF13307,Helicase_C_2,575,746,20,1.0,0.1163,False
D6RA96,AlcoR,657,679,PF13307,Helicase_C_2,575,746,23,1.0,0.1337,False
D6RA96,AlcoR,685,710,PF13307,Helicase_C_2,575,746,26,1.0,0.1512,False
D6RA96,AlcoR,718,734,PF13307,Helicase_C_2,575,746,17,1.0,0.0988,False
D6RA96,AlcoR,740,785,PF13307,Helicase_C_2,575,746,7,0.1522,0.0407,True
Q9BUB4,AlcoR,62,87,PF02137,A_deamin,63,495,25,0.9615,0.0577,True
Q9BUB4,AlcoR,95,119,PF02137,A_deamin,63,495,25,1.0,0.0577,False
Q9BUB4,AlcoR,123,142,PF02137,A_deamin,63,495,20,1.0,0.0462,False
Q9BUB4,AlcoR,179,190,PF02137,A_deamin,63,495,12,1.0,0.0277,False
Q9BUB4,AlcoR,206,225,PF02137,A_deamin,63,495,20,1.0,0.0462,False
Q9BUB4,AlcoR,246,299,PF02137,A_deamin,63,495,54,1.0,0.1247,False
Q9BUB4,AlcoR,301,316,PF02137,A_deamin,63,495,16,1.0,0.037,False
Q9BUB4,AlcoR,320,335,PF02137,A_deamin,63,495,16,1.0,0.037,False
Q9BUB4,AlcoR,370,390,PF02137,A_deamin,63,495,21,1.0,0.0485,False
Q9BUB4,AlcoR,399,418,PF02137,A_deamin,63,495,20,1.0,0.0462,False
Q9BUB4,AlcoR,424,436,PF02137,A_deamin,63,495,13,1.0,0.03,False
Q9BUB4,AlcoR,456,473,PF02137,A_deamin,63,495,18,1.0,0.0416,False
Q9BUB4,AlcoR,487,499,PF02137,A_deamin,63,495,9,0.6923,0.0208,True
Q96SZ4,AlcoR,455,611,PF00096,zf-C2H2,478,498,21,0.1338,1.0,True
Q96SZ4,AlcoR,455,611,PF00096,zf-C2H2,522,544,23,0.1465,1.0,True
Q96SZ4,AlcoR,455,611,PF00096,zf-C2H2,550,572,23,0.1465,1.0,True
Q96SZ4,AlcoR,455,611,PF00096,zf-C2H2,578,600,23,0.1465,1.0,True
Q96SZ4,AlcoR,747,780,PF00096,zf-C2H2,752,774,23,0.6765,1.0,True
Q6P2Q9,AlcoR,420,499,PF08083,PROCN,396,801,80,1.0,0.197,False
Q6P2Q9,AlcoR,505,545,PF08083,PROCN,396,801,41,1.0,0.101,False
Q6P2Q9,AlcoR,603,621,PF08083,PROCN,396,801,19,1.0,0.0468,False
Q6P2Q9,AlcoR,1232,1411,PF10597,U5_2-snRNA_bdg,1237,1372,136,0.7556,1.0,True
Q6P2Q9,AlcoR,1419,1507,PF10596,U6-snRNA_bdg,1442,1600,66,0.7416,0.4151,True
Q6P2Q9,AlcoR,2274,2309,PF08084,PROCT,2212,2332,36,1.0,0.2975,False
Q6P2Q9,AlcoR,2316,2335,PF08084,PROCT,2212,2332,17,0.85,0.1405,True
A0A140TA76,AlcoR,1,300,PF12701,LSM14,1,75,75,0.25,1.0,True
A0A140TA76,AlcoR,1,300,PF14438,SM-ATX,2,72,71,0.2367,1.0,True
A0A140TA76,AlcoR,1,300,PF09532,FDF,226,333,75,0.25,0.6944,True
P0CB38,AlcoR,141,160,PF00076,RRM_1,100,166,20,1.0,0.2985,True
P0CB38,AlcoR,197,214,PF00076,RRM_1,192,259,18,1.0,0.2647,True
P0CB38,AlcoR,223,235,PF00076,RRM_1,192,259,13,1.0,0.1912,False
P0CB38,AlcoR,278,298,PF00076,RRM_1,295,362,4,0.1905,0.0588,True
P0CB38,AlcoR,334,354,PF00076,RRM_1,295,362,21,1.0,0.3088,True
P0CB38,AlcoR,359,370,PF00076,RRM_1,295,362,4,0.3333,0.0588,True
J3QKW2,AlcoR,98,121,PF00177,Ribosomal_S7,82,170,24,1.0,0.2697,False
J3QKW2,AlcoR,123,138,PF00177,Ribosomal_S7,82,170,16,1.0,0.1798,False
J3QKW2,AlcoR,155,176,PF00177,Ribosomal_S7,82,170,16,0.7273,0.1798,True
J3QL05,AlcoR,23,47,PF00076,RRM_1,17,86,25,1.0,0.3571,True
J3QL17,AlcoR,148,182,PF00270,DEAD,125,288,35,1.0,0.2134,False
J3QL17,AlcoR,268,468,PF00270,DEAD,125,288,21,0.1045,0.128,True
J3QL17,AlcoR,268,468,PF00271,Helicase_C,328,442,115,0.5721,1.0,True
P60842,AlcoR,1,120,PF00270,DEAD,57,222,64,0.5333,0.3855,True
P60842,AlcoR,1,120,PF04851,ResIII,70,216,51,0.425,0.3469,True
P60842,AlcoR,174,224,PF00270,DEAD,57,222,49,0.9608,0.2952,True
P60842,AlcoR,174,224,PF04851,ResIII,70,216,43,0.8431,0.2925,True
Q9Y3E5,AlcoR,103,179,PF01981,PTH2,65,179,77,1.0,0.6696,True
Q9Y3U8,AlcoR,1,14,PF01158,Ribosomal_L36e,4,99,11,0.7857,0.1146,True
J3QS41,AlcoR,198,420,PF00642,zf-CCCH,181,205,8,0.0359,0.32,True
J3QS41,AlcoR,597,1083,PF04851,ResIII,641,732,92,0.1889,1.0,True
J3QS41,AlcoR,597,1083,PF00580,UvrD-helicase,643,766,124,0.2546,1.0,True
A8MQ14,AlcoR,191,209,PF00096,zf-C2H2,197,219,13,0.6842,0.5652,True
A8MQ14,AlcoR,214,239,PF00096,zf-C2H2,197,219,6,0.2308,0.2609,True
A8MQ14,AlcoR,277,319,PF00096,zf-C2H2,281,303,23,0.5349,1.0,True
A8MQ14,AlcoR,277,319,PF00096,zf-C2H2,309,331,11,0.2558,0.4783,True
A8MQ14,AlcoR,323,347,PF00096,zf-C2H2,309,331,9,0.36,0.3913,True
A8MQ14,AlcoR,323,347,PF00096,zf-C2H2,337,359,11,0.44,0.4783,True
A8MQ14,AlcoR,362,373,PF00096,zf-C2H2,365,387,9,0.75,0.3913,True
A8MQ14,AlcoR,378,402,PF00096,zf-C2H2,365,387,10,0.4,0.4348,True
A8MQ14,AlcoR,378,402,PF00096,zf-C2H2,393,415,10,0.4,0.4348,True
A8MQ14,AlcoR,409,428,PF00096,zf-C2H2,393,415,7,0.35,0.3043,True
A8MQ14,AlcoR,409,428,PF00096,zf-C2H2,421,443,8,0.4,0.3478,True
A8MQ14,AlcoR,445,457,PF00096,zf-C2H2,449,471,9,0.6923,0.3913,True
A8MQ14,AlcoR,466,484,PF00096,zf-C2H2,449,471,6,0.3158,0.2609,True
A8MQ14,AlcoR,500,513,PF00096,zf-C2H2,505,527,9,0.6429,0.3913,True
A8MQ14,AlcoR,521,540,PF00096,zf-C2H2,505,527,7,0.35,0.3043,True
A8MQ14,AlcoR,521,540,PF00096,zf-C2H2,533,555,8,0.4,0.3478,True
A8MQ14,AlcoR,555,567,PF00096,zf-C2H2,533,555,1,0.0769,0.0435,True
A8MQ14,AlcoR,555,567,PF00096,zf-C2H2,561,583,7,0.5385,0.3043,True
A8MQ14,AlcoR,610,756,PF00096,zf-C2H2,645,667,23,0.1565,1.0,True
A8MQ14,AlcoR,610,756,PF00096,zf-C2H2,673,695,23,0.1565,1.0,True
A8MQ14,AlcoR,610,756,PF00096,zf-C2H2,701,723,23,0.1565,1.0,True
A8MQ14,AlcoR,1024,1052,PF00096,zf-C2H2,1037,1059,16,0.5517,0.6957,True
Q15029,AlcoR,45,296,PF00009,GTP_EFTU,129,365,168,0.6667,0.7089,True
Q15029,AlcoR,693,712,PF03764,EFG_IV,707,823,6,0.3,0.0513,True
O00411,AlcoR,1110,1125,PF00940,RNA_pol,831,1205,16,1.0,0.0427,False
Q9BTD8,AlcoR,412,422,PF00076,RRM_1,383,453,11,1.0,0.1549,False
Q9H840,AlcoR,70,91,PF11095,Gemin7,54,129,22,1.0,0.2895,False
Q9H840,AlcoR,95,111,PF11095,Gemin7,54,129,17,1.0,0.2237,False
K7ENA8,AlcoR,61,74,PF12353,eIF3g,58,175,14,1.0,0.1186,True
K7ENA8,AlcoR,91,106,PF12353,eIF3g,58,175,16,1.0,0.1356,False
K7ENA8,AlcoR,128,172,PF12353,eIF3g,58,175,45,1.0,0.3814,True
Q14587,AlcoR,320,334,PF00096,zf-C2H2,306,326,7,0.4667,0.3333,True
Q14587,AlcoR,737,947,PF00096,zf-C2H2,724,746,10,0.0474,0.4348,True
Q14587,AlcoR,737,947,PF00096,zf-C2H2,752,774,23,0.109,1.0,True
Q14587,AlcoR,737,947,PF00096,zf-C2H2,782,802,21,0.0995,1.0,True
Q14587,AlcoR,737,947,PF00096,zf-C2H2,864,886,23,0.109,1.0,True
Q14587,AlcoR,737,947,PF00096,zf-C2H2,894,914,21,0.0995,1.0,True
K7EQP2,AlcoR,1,53,PF01253,SUI1,2,47,46,0.8679,1.0,True
K7ER00,AlcoR,1,286,PF01409,tRNA-synt_2d,250,523,37,0.1294,0.135,True
M0QXD5,AlcoR,37,57,PF08190,PIH1,30,115,21,1.0,0.2442,True
M0QXD5,AlcoR,63,78,PF08190,PIH1,30,115,16,1.0,0.186,False
M0QXD5,AlcoR,88,104,PF08190,PIH1,30,115,17,1.0,0.1977,False
M0QXD5,AlcoR,108,144,PF08190,PIH1,30,115,8,0.2162,0.093,True
O00267,AlcoR,551,596,PF00467,KOW,596,626,1,0.0217,0.0323,True
O00267,AlcoR,734,752,PF00467,KOW,707,737,4,0.2105,0.129,True
Q92979,AlcoR,190,207,PF03587,EMG1,45,238,18,1.0,0.0928,False
Q9ULX6,AlcoR,527,540,PF04988,AKAP95,414,549,14,1.0,0.1029,True
A6NNF4,AlcoR,206,225,PF00096,zf-C2H2,201,223,18,0.9,0.7826,True
Q15717,AlcoR,152,326,PF00076,RRM_1,108,174,23,0.1314,0.3433,True
Q15717,AlcoR,152,326,PF00076,RRM_1,246,314,69,0.3943,1.0,True
M0R226,AlcoR,1,184,PF00468,Ribosomal_L34,143,184,42,0.2283,1.0,True
Q9NW07,AlcoR,91,319,PF00096,zf-C2H2,151,173,23,0.1004,1.0,True
Q9NW07,AlcoR,91,319,PF00096,zf-C2H2,179,201,23,0.1004,1.0,True
Q9NW07,AlcoR,91,319,PF00096,zf-C2H2,291,313,23,0.1004,1.0,True
Q9NW07,AlcoR,91,319,PF00096,zf-C2H2,319,341,1,0.0044,0.0435,True
A6NHQ2,AlcoR,250,334,PF01269,Fibrillarin,100,326,77,0.9059,0.3392,True
R4GMX9,AlcoR,1,53,PF06220,zf-U1,3,32,30,0.566,1.0,True
R4GMX9,AlcoR,1,53,PF12171,zf-C2H2_jaz,4,29,26,0.4906,1.0,True
R4GMX9,AlcoR,1,53,PF12874,zf-met,4,28,25,0.4717,1.0,True
Q96T37,AlcoR,402,418,PF00076,RRM_1,376,443,17,1.0,0.25,False
A6NFI3,AlcoR,739,769,PF00096,zf-C2H2,719,741,3,0.0968,0.1304,True
A6NFI3,AlcoR,828,840,PF00096,zf-C2H2,831,853,10,0.7692,0.4348,True
A6NFI3,AlcoR,856,870,PF00096,zf-C2H2,859,881,12,0.8,0.5217,True
A0A024R214,AlcoR,368,384,PF16367,RRM_7,370,470,15,0.8824,0.1485,True
A0A024R214,AlcoR,405,440,PF16367,RRM_7,370,470,36,1.0,0.3564,False
A0A087WUV0,AlcoR,239,266,PF00096,zf-C2H2,222,243,5,0.1786,0.2273,True
A0A087WUV0,AlcoR,239,266,PF00096,zf-C2H2,249,271,18,0.6429,0.7826,True
A0A087WUV0,AlcoR,286,297,PF00096,zf-C2H2,277,299,12,1.0,0.5217,True
A0A087WUV0,AlcoR,301,312,PF00096,zf-C2H2,305,327,8,0.6667,0.3478,True
Q3SXZ3,AlcoR,317,339,PF00096,zf-C2H2,311,333,17,0.7391,0.7391,True
Q3SXZ3,AlcoR,317,339,PF00096,zf-C2H2,339,361,1,0.0435,0.0435,True
A0A024RCN4,AlcoR,268,287,PF00096,zf-C2H2,283,305,5,0.25,0.2174,True
A0A024RCN4,AlcoR,299,309,PF00096,zf-C2H2,283,305,7,0.6364,0.3043,True
O94761,AlcoR,23,583,PF00270,DEAD,482,650,102,0.1818,0.6036,True
O94761,AlcoR,591,644,PF00270,DEAD,482,650,54,1.0,0.3195,True
O94761,AlcoR,653,759,PF00271,Helicase_C,688,809,72,0.6729,0.5902,True
O94761,AlcoR,784,972,PF00271,Helicase_C,688,809,26,0.1376,0.2131,True
A0A087X0J2,AlcoR,1,248,PF17917,RT_RNaseH,12,96,85,0.3427,1.0,True
A0A087X0J2,AlcoR,1,248,PF00075,RNase_H,152,205,54,0.2177,1.0,True
A0A0D9SF53,AlcoR,1,224,PF04851,ResIII,203,385,22,0.0982,0.1202,True
A0A0D9SF53,AlcoR,1,224,PF00270,DEAD,204,391,21,0.0938,0.1117,True
A0A0D9SF53,AlcoR,237,290,PF04851,ResIII,203,385,54,1.0,0.2951,False
A0A0D9SF53,AlcoR,237,290,PF00270,DEAD,204,391,54,1.0,0.2872,False
A0A0D9SF53,AlcoR,299,407,PF04851,ResIII,203,385,87,0.7982,0.4754,True
A0A0D9SF53,AlcoR,299,407,PF00270,DEAD,204,391,93,0.8532,0.4947,True
A0A0D9SF53,AlcoR,432,618,PF00271,Helicase_C,427,536,105,0.5615,0.9545,True
A0A0D9SFM0,AlcoR,1301,1687,PF00271,Helicase_C,1520,1626,107,0.2765,1.0,True
A0A286YFD1,AlcoR,1255,1999,PF22901,dsrm_Ferlin,1606,1696,91,0.1221,1.0,True
A0A2R8Y4L2,AlcoR,4,320,PF00076,RRM_1,16,82,67,0.2114,1.0,True
A0A2R8Y4L2,AlcoR,4,320,PF16367,RRM_7,105,170,66,0.2082,1.0,True
A0A2R8Y4L2,AlcoR,4,320,PF00076,RRM_1,107,166,60,0.1893,1.0,True
A0A2R8Y4L2,AlcoR,4,320,PF11627,HnRNPA1_LC,255,292,38,0.1199,1.0,True
Q9HBD4,AlcoR,765,779,PF04851,ResIII,754,913,15,1.0,0.0938,False
Q9HBD4,AlcoR,765,779,PF00270,DEAD,776,913,4,0.2667,0.029,True
Q9HBD4,AlcoR,811,832,PF04851,ResIII,754,913,22,1.0,0.1375,False
Q9HBD4,AlcoR,811,832,PF00270,DEAD,776,913,22,1.0,0.1594,False
Q9HBD4,AlcoR,856,871,PF04851,ResIII,754,913,16,1.0,0.1,False
Q9HBD4,AlcoR,856,871,PF00270,DEAD,776,913,16,1.0,0.1159,False
Q9HBD4,AlcoR,968,1238,PF00271,Helicase_C,1081,1194,114,0.4207,1.0,True
A0A2R8Y6W8,AlcoR,1,133,PF13625,Helicase_C_3,76,201,58,0.4361,0.4603,True
Q14839,AlcoR,420,1091,PF04851,ResIII,725,904,180,0.2679,1.0,True
Q14839,AlcoR,420,1091,PF00271,Helicase_C,1052,1164,40,0.0595,0.354,True
Q14839,AlcoR,1159,1431,PF00271,Helicase_C,1052,1164,6,0.022,0.0531,True
Q9BYX4,AlcoR,316,342,PF04851,ResIII,306,491,27,1.0,0.1452,True
Q9BYX4,AlcoR,316,342,PF00270,DEAD,309,491,27,1.0,0.1475,True
Q9BYX4,AlcoR,361,372,PF04851,ResIII,306,491,12,1.0,0.0645,False
Q9BYX4,AlcoR,361,372,PF00270,DEAD,309,491,12,1.0,0.0656,False
Q9BYX4,AlcoR,393,406,PF04851,ResIII,306,491,14,1.0,0.0753,False
Q9BYX4,AlcoR,393,406,PF00270,DEAD,309,491,14,1.0,0.0765,False
Q9BYX4,AlcoR,448,469,PF04851,ResIII,306,491,22,1.0,0.1183,False
Q9BYX4,AlcoR,448,469,PF00270,DEAD,309,491,22,1.0,0.1202,False
Q9BYX4,AlcoR,476,574,PF04851,ResIII,306,491,16,0.1616,0.086,True
Q9BYX4,AlcoR,476,574,PF00270,DEAD,309,491,16,0.1616,0.0874,True
Q9BYX4,AlcoR,684,737,PF00271,Helicase_C,705,823,33,0.6111,0.2773,True
Q9BYX4,AlcoR,747,778,PF00271,Helicase_C,705,823,32,1.0,0.2689,False
Q9BYX4,AlcoR,786,801,PF00271,Helicase_C,705,823,16,1.0,0.1345,False
Q9BYX4,AlcoR,958,971,PF11648,RIG-I_C-RD,904,1017,14,1.0,0.1228,False
Q9BYX4,AlcoR,991,1005,PF11648,RIG-I_C-RD,904,1017,15,1.0,0.1316,False
Q9BYX4,AlcoR,1014,1025,PF11648,RIG-I_C-RD,904,1017,4,0.3333,0.0351,True
A6NKG5,AlcoR,702,720,PF00078,RVT_1,709,781,12,0.6316,0.1644,True
A6NKG5,AlcoR,731,755,PF00078,RVT_1,709,781,25,1.0,0.3425,False
A6NKG5,AlcoR,871,887,PF17919,RT_RNaseH_2,845,941,17,1.0,0.1753,False
A6NKG5,AlcoR,871,887,PF17917,RT_RNaseH,871,962,17,1.0,0.1848,True
A6NKG5,AlcoR,928,1106,PF17919,RT_RNaseH_2,845,941,14,0.0782,0.1443,True
A6NKG5,AlcoR,928,1106,PF17917,RT_RNaseH,871,962,35,0.1955,0.3804,True
Q9ULG1,AlcoR,368,593,PF04851,ResIII,520,684,74,0.3274,0.4485,True
Q9ULG1,AlcoR,368,593,PF00270,DEAD,535,686,59,0.2611,0.3882,True
Q9ULG1,AlcoR,661,1266,PF04851,ResIII,520,684,24,0.0396,0.1455,True
Q9ULG1,AlcoR,661,1266,PF00270,DEAD,535,686,26,0.0429,0.1711,True
Q9ULG1,AlcoR,661,1266,PF00271,Helicase_C,1105,1214,110,0.1815,1.0,True
A0A494C0I1,AlcoR,549,780,PF27073,FAM200-ZBED5_RNase-like,660,799,121,0.5216,0.8643,True
A0A494C0I1,AlcoR,549,780,PF27041,ZBED1_RNase-like,725,807,56,0.2414,0.6747,True
A0A494C0I1,AlcoR,782,876,PF27073,FAM200-ZBED5_RNase-like,660,799,18,0.1895,0.1286,True
A0A494C0I1,AlcoR,782,876,PF27041,ZBED1_RNase-like,725,807,26,0.2737,0.3133,True
A0A494C1N8,AlcoR,567,677,PF27073,FAM200-ZBED5_RNase-like,665,804,13,0.1171,0.0929,True
A0A494C1N8,AlcoR,684,741,PF27073,FAM200-ZBED5_RNase-like,665,804,58,1.0,0.4143,False
A0A494C1N8,AlcoR,745,1116,PF27073,FAM200-ZBED5_RNase-like,665,804,60,0.1613,0.4286,True
A0A590UJW6,AlcoR,1,246,PF25479,Vts1,11,54,44,0.1789,1.0,True
A0A590UJW6,AlcoR,901,1086,PF00098,zf-CCHC,1045,1060,16,0.086,1.0,True
A0A7I2V5M7,AlcoR,1,476,PF02136,NTF2,11,143,133,0.2794,1.0,True
A0A7I2V5M7,AlcoR,1,476,PF00076,RRM_1,352,406,55,0.1155,1.0,True
A0A804HKV4,AlcoR,1,186,PF00076,RRM_1,42,98,57,0.3065,1.0,True
A0A804HKV4,AlcoR,195,721,PF00076,RRM_1,207,263,57,0.1082,1.0,True
A0A8I5KSH6,AlcoR,216,228,PF04851,ResIII,86,255,13,1.0,0.0765,False
A0A8I5KSH6,AlcoR,216,228,PF00270,DEAD,93,263,13,1.0,0.076,False
A0A8I5KSH6,AlcoR,237,249,PF04851,ResIII,86,255,13,1.0,0.0765,True
A0A8I5KSH6,AlcoR,237,249,PF00270,DEAD,93,263,13,1.0,0.076,False
A0A8I5KVU2,AlcoR,1245,1320,PF26088,RRM_LARP4,1231,1338,76,1.0,0.7037,False
A0A8Q3WL03,AlcoR,1,233,PF16367,RRM_7,102,167,66,0.2833,1.0,True
A0A8Q3WL03,AlcoR,1,233,PF00076,RRM_1,103,171,69,0.2961,1.0,True
A0A8Q3WL03,AlcoR,1,233,PF08777,RRM_3,106,170,65,0.279,1.0,True
A0A994J6B2,AlcoR,1,68,PF00096,zf-C2H2,28,48,21,0.3088,1.0,True
A0A994J6B2,AlcoR,70,168,PF00096,zf-C2H2,82,104,23,0.2323,1.0,True
A0A994J6B2,AlcoR,70,168,PF00096,zf-C2H2,110,132,23,0.2323,1.0,True
A0A994J6B2,AlcoR,70,168,PF07754,Ribosomal_aS21,118,172,51,0.5152,0.9273,True
A0A994J6B2,AlcoR,70,168,PF00096,zf-C2H2,138,160,23,0.2323,1.0,True
A0A994J6B2,AlcoR,70,168,PF00096,zf-C2H2,166,188,3,0.0303,0.1304,True
A0A994J6B2,AlcoR,184,331,PF00096,zf-C2H2,166,188,5,0.0338,0.2174,True
A0A994J6B2,AlcoR,184,331,PF00096,zf-C2H2,223,245,23,0.1554,1.0,True
A0A994J6B2,AlcoR,184,331,PF00096,zf-C2H2,251,273,23,0.1554,1.0,True
A0A994J6B2,AlcoR,184,331,PF00096,zf-C2H2,279,301,23,0.1554,1.0,True
A0A994J6B2,AlcoR,184,331,PF00096,zf-C2H2,307,329,23,0.1554,1.0,True
A0ABB0MN55,AlcoR,1,322,PF00076,RRM_1,26,87,62,0.1925,1.0,True
A0ABB0MN55,AlcoR,1,322,PF16367,RRM_7,115,168,54,0.1677,1.0,True
A0ABB0MN55,AlcoR,1,322,PF00076,RRM_1,117,173,57,0.177,1.0,True
A0A994J7T5,AlcoR,80,527,PF00035,dsrm,128,189,62,0.1384,1.0,True
A0A994J7T5,AlcoR,80,527,PF00035,dsrm,293,343,51,0.1138,1.0,True
A0A994J7T5,AlcoR,80,527,PF02137,A_deamin,419,740,109,0.2433,0.3385,True
A0A994J7T5,AlcoR,529,750,PF02137,A_deamin,419,740,212,0.955,0.6584,True
A0AA34QW03,AlcoR,58,254,PF00076,RRM_1,219,284,36,0.1827,0.5455,True
A0AA34QW03,AlcoR,268,627,PF00076,RRM_1,219,284,17,0.0472,0.2576,True
A0AA34QW03,AlcoR,268,627,PF00076,RRM_1,300,362,63,0.175,1.0,True
A0AA34QW03,AlcoR,268,627,PF13893,RRM_5,389,465,77,0.2139,1.0,True
A0AA34QW03,AlcoR,268,627,PF00076,RRM_1,395,456,62,0.1722,1.0,True
Q5T890,AlcoR,349,521,PF00271,Helicase_C,520,632,2,0.0116,0.0177,True
A0ABB0MV08,AlcoR,1,182,PF00076,RRM_1,39,104,66,0.3626,1.0,True
A0ABB0MV08,AlcoR,1,182,PF16367,RRM_7,128,194,55,0.3022,0.8209,True
A0ABB0MV08,AlcoR,1,182,PF00076,RRM_1,130,188,53,0.2912,0.8983,True
A0ABB0MV08,AlcoR,348,364,PF11627,HnRNPA1_LC,312,350,3,0.1765,0.0769,True
A0ABB0MVJ3,AlcoR,426,604,PF00096,zf-C2H2,431,453,23,0.1285,1.0,True
A0ABB0MVJ3,AlcoR,426,604,PF00096,zf-C2H2,459,481,23,0.1285,1.0,True
A0ABB0MVJ3,AlcoR,426,604,PF00096,zf-C2H2,487,509,23,0.1285,1.0,True
A0ABB0MVJ3,AlcoR,426,604,PF00096,zf-C2H2,544,565,22,0.1229,1.0,True
A0ABB0MVJ3,AlcoR,426,604,PF00096,zf-C2H2,571,592,22,0.1229,1.0,True
A0ACI8QGH0,AlcoR,1,223,PF14382,ECR1_N,26,63,38,0.1704,1.0,True
A0ACI8QGH0,AlcoR,1,223,PF15985,KH_6,200,240,24,0.1076,0.5854,True
A0ACI8QGH0,AlcoR,231,324,PF15985,KH_6,200,240,10,0.1064,0.2439,True
A0ACI8Q0P4,AlcoR,45,829,PF00076,RRM_1,100,163,64,0.0815,1.0,True
A0ACI8Q0P4,AlcoR,45,829,PF00641,Zn_ribbon_RanBP,181,209,29,0.0369,1.0,True
A0ACI8Q0P4,AlcoR,45,829,PF00076,RRM_1,234,294,61,0.0777,1.0,True
A0ACI8Q0P4,AlcoR,45,829,PF01585,G-patch,757,801,45,0.0573,1.0,True
A0ACI8UUW5,AlcoR,205,494,PF00096,zf-C2H2,272,294,23,0.0793,1.0,True
A0ACI8UUW5,AlcoR,205,494,PF00096,zf-C2H2,300,322,23,0.0793,1.0,True
A0ACI8UUW5,AlcoR,205,494,PF00096,zf-C2H2,328,350,23,0.0793,1.0,True
A0ACI8UUW5,AlcoR,205,494,PF00096,zf-C2H2,356,378,23,0.0793,1.0,True
A0ACI8UUW5,AlcoR,205,494,PF00096,zf-C2H2,384,406,23,0.0793,1.0,True
A0ACI8UUW5,AlcoR,205,494,PF00096,zf-C2H2,440,462,23,0.0793,1.0,True
A0ACI8UUW5,AlcoR,500,527,PF00096,zf-C2H2,496,518,19,0.6786,0.8261,True
A0ACI8RL22,AlcoR,657,1547,PF20692,cpSF2-GREB1,711,1395,685,0.7688,1.0,True
A0ACI8PJP7,AlcoR,1,38,PF06058,DCP1,9,137,30,0.7895,0.2326,True
A0ACI8PJP7,AlcoR,52,119,PF06058,DCP1,9,137,68,1.0,0.5271,False
A0ACI8PJP7,AlcoR,125,142,PF06058,DCP1,9,137,13,0.7222,0.1008,True
A0ACI8PJP7,AlcoR,538,568,PF16741,mRNA_decap_C,555,595,14,0.4516,0.3415,True
A0ACI8S0C5,AlcoR,324,417,PF00271,Helicase_C,348,459,70,0.7447,0.625,True
A0ACI8S0C5,AlcoR,459,578,PF00271,Helicase_C,348,459,1,0.0083,0.0089,True
A0ACI8PIT5,AlcoR,1,122,PF00270,DEAD,70,263,53,0.4344,0.2732,True
A0ACI8PIT5,AlcoR,1,122,PF04851,ResIII,89,260,34,0.2787,0.1977,True
A0ACI8QTQ5,AlcoR,956,966,PF14622,Ribonucleas_3_3,963,1070,4,0.3636,0.037,True
A0ACI8QTQ5,AlcoR,956,966,PF00636,Ribonuclease_3,966,1055,1,0.0909,0.0111,True
A0ACI8QTQ5,AlcoR,1129,1159,PF14622,Ribonucleas_3_3,1135,1256,25,0.8065,0.2049,True
A0ACI8QTQ5,AlcoR,1129,1159,PF22935,RM44_endonuclase,1138,1205,22,0.7097,0.3235,True
A0ACI8QTQ5,AlcoR,1129,1159,PF00636,Ribonuclease_3,1144,1246,16,0.5161,0.1553,True
A0ACI8QTQ5,AlcoR,1168,1180,PF14622,Ribonucleas_3_3,1135,1256,13,1.0,0.1066,False
A0ACI8QTQ5,AlcoR,1168,1180,PF22935,RM44_endonuclase,1138,1205,13,1.0,0.1912,False
A0ACI8QTQ5,AlcoR,1168,1180,PF00636,Ribonuclease_3,1144,1246,13,1.0,0.1262,False
A0ACI8QTQ5,AlcoR,1191,1203,PF14622,Ribonucleas_3_3,1135,1256,13,1.0,0.1066,False
A0ACI8QTQ5,AlcoR,1191,1203,PF22935,RM44_endonuclase,1138,1205,13,1.0,0.1912,True
A0ACI8QTQ5,AlcoR,1191,1203,PF00636,Ribonuclease_3,1144,1246,13,1.0,0.1262,False
A0ACI8QTQ5,AlcoR,1249,1268,PF14622,Ribonucleas_3_3,1135,1256,8,0.4,0.0656,True
A0ACI8RI26,AlcoR,300,318,PF00076,RRM_1,298,352,19,1.0,0.3455,True
A0ACI8RI26,AlcoR,328,350,PF00076,RRM_1,298,352,23,1.0,0.4182,True
A0ACI8PUZ8,AlcoR,117,534,PF24385,DSRM_DHX29,431,508,78,0.1866,1.0,True
A0ACI8PUZ8,AlcoR,552,902,PF00270,DEAD,580,739,160,0.4558,1.0,True
A0ACI8PUZ8,AlcoR,552,902,PF00271,Helicase_C,864,985,39,0.1111,0.3197,True
A0ACI8PUZ8,AlcoR,904,964,PF00271,Helicase_C,864,985,61,1.0,0.5,False
A0ACI8PUZ8,AlcoR,1005,1072,PF04408,WHD_HA2,1055,1084,18,0.2647,0.6,True
A0ACI8PUZ8,AlcoR,1078,1183,PF04408,WHD_HA2,1055,1084,7,0.066,0.2333,True
A0ACI8PR05,AlcoR,84,356,PF17176,tRNA_bind_3,91,171,81,0.2967,1.0,True
A0ACI8RSP0,AlcoR,1,320,PF29471,Ribosomal_uL15_N,42,75,34,0.1062,1.0,True
A0ACI8RSP0,AlcoR,1,320,PF00828,Ribosomal_L27A,95,175,81,0.2531,1.0,True
A0ACI8PX57,AlcoR,1,210,PF00076,RRM_1,16,82,67,0.319,1.0,True
A0ACI8PX57,AlcoR,1,210,PF16367,RRM_7,105,170,66,0.3143,1.0,True
A0ACI8PX57,AlcoR,1,210,PF00076,RRM_1,107,166,60,0.2857,1.0,True
A0ACI8PX57,AlcoR,222,378,PF11627,HnRNPA1_LC,307,344,38,0.242,1.0,True
A0ACI8RLL6,AlcoR,281,729,PF16575,CLP1_P,333,465,133,0.2962,1.0,True
A0ACI8R3H8,AlcoR,122,398,PF00270,DEAD,118,288,167,0.6029,0.9766,True
A0ACI8R3H8,AlcoR,122,398,PF04851,ResIII,137,281,145,0.5235,1.0,True
A0ACI8R3H8,AlcoR,122,398,PF00271,Helicase_C,328,437,71,0.2563,0.6455,True
A0ACI8R3H8,AlcoR,426,616,PF00271,Helicase_C,328,437,12,0.0628,0.1091,True
A0ACI8R3H8,AlcoR,426,616,PF08061,P68HR,500,534,35,0.1832,1.0,True
A0ACI8R3H8,AlcoR,426,616,PF08061,P68HR,553,585,33,0.1728,1.0,True
A0ACI8QH16,AlcoR,50,274,PF03483,B3_4,120,266,147,0.6533,1.0,True
A0ACI8QH16,AlcoR,279,442,PF03484,B5,309,374,66,0.4024,1.0,True
A0ACI8QH16,AlcoR,279,442,PF17759,tRNA_synthFbeta,418,554,25,0.1524,0.1825,True
A0ACI8QH16,AlcoR,469,558,PF17759,tRNA_synthFbeta,418,554,86,0.9556,0.6277,True
A0ACI8PT71,AlcoR,1,187,PF00013,KH_1,153,212,35,0.1872,0.5833,True
A0ACI8PT71,AlcoR,193,448,PF00013,KH_1,153,212,20,0.0781,0.3333,True
A0ACI8PT71,AlcoR,193,448,PF00013,KH_1,225,285,61,0.2383,1.0,True
A0ACI8PT71,AlcoR,193,448,PF00013,KH_1,298,358,61,0.2383,1.0,True
A0ACI8PT71,AlcoR,193,448,PF00013,KH_1,369,425,57,0.2227,1.0,True
A0ACI8PT71,AlcoR,193,448,PF00013,KH_1,438,498,11,0.043,0.1803,True
A0ACI8PT71,AlcoR,463,806,PF00013,KH_1,438,498,36,0.1047,0.5902,True
A0ACI8PT71,AlcoR,463,806,PF00013,KH_1,511,571,61,0.1773,1.0,True
A0ACI8PT71,AlcoR,463,806,PF00013,KH_1,584,644,61,0.1773,1.0,True
A0ACI8PT71,AlcoR,463,806,PF00013,KH_1,656,716,61,0.1773,1.0,True
A0ACI8PT71,AlcoR,463,806,PF00013,KH_1,732,791,60,0.1744,1.0,True
A0ACI8PT71,AlcoR,463,806,PF00013,KH_1,804,865,3,0.0087,0.0484,True
A0ACI8PT71,AlcoR,813,1306,PF00013,KH_1,804,865,53,0.1073,0.8548,True
A0ACI8PT71,AlcoR,813,1306,PF00013,KH_1,877,928,52,0.1053,1.0,True
A0ACI8PT71,AlcoR,813,1306,PF00013,KH_1,1012,1071,60,0.1215,1.0,True
A0ACI8PT71,AlcoR,813,1306,PF00013,KH_1,1094,1156,63,0.1275,1.0,True
A0ACI8PT71,AlcoR,813,1306,PF00013,KH_1,1170,1229,60,0.1215,1.0,True
A0ACI8RWF6,AlcoR,1,159,PF04068,Fer4_RLI,6,36,31,0.195,1.0,True
A0ACI8RTZ8,AlcoR,144,157,PF00270,DEAD,26,195,14,1.0,0.0824,False
A0ACI8RTZ8,AlcoR,144,157,PF04851,ResIII,46,189,14,1.0,0.0972,False
A0ACI8RMB5,AlcoR,121,204,PF00270,DEAD,105,258,84,1.0,0.5455,False
A0ACI8RMB5,AlcoR,210,272,PF00270,DEAD,105,258,49,0.7778,0.3182,True
A0ACI8Q010,AlcoR,1,41,PF00076,RRM_1,41,109,1,0.0244,0.0145,True
A0ACI8Q010,AlcoR,57,91,PF00076,RRM_1,41,109,35,1.0,0.5072,False
A0ACI8Q010,AlcoR,98,418,PF00076,RRM_1,41,109,12,0.0374,0.1739,True
A0ACI8Q010,AlcoR,98,418,PF00076,RRM_1,140,210,71,0.2212,1.0,True
A0ACI8Q010,AlcoR,98,418,PF00076,RRM_1,248,312,65,0.2025,1.0,True
A0ACI8R7Y8,AlcoR,1,131,PF00076,RRM_1,21,93,73,0.5573,1.0,True
A0ACI8QLY8,AlcoR,1,207,PF08143,CBFNT,1,70,70,0.3382,1.0,True
A0ACI8QLY8,AlcoR,1,207,PF16367,RRM_7,71,135,65,0.314,1.0,True
A0ACI8QLY8,AlcoR,1,207,PF00076,RRM_1,73,139,67,0.3237,1.0,True
A0ACI8QLY8,AlcoR,1,207,PF00076,RRM_1,156,204,49,0.2367,1.0,True
A0ACI8S180,AlcoR,1,136,PF03946,Ribosomal_L11_N,13,69,57,0.4191,1.0,True
A0ACI8QBP4,AlcoR,1,358,PF17720,RLIG1,61,357,297,0.8296,1.0,True
A0ACI8QA17,AlcoR,74,371,PF10469,AKAP7_NLS,85,282,198,0.6644,1.0,True
A0ACI8QA17,AlcoR,74,371,PF13563,2_5_RNA_ligase2,119,239,121,0.406,1.0,True
A0ACI8QUJ1,AlcoR,1,465,PF28441,RRM_11,284,373,90,0.1935,1.0,True
A0ACI8QUJ1,AlcoR,1,465,PF28441,RRM_11,385,471,81,0.1742,0.931,True
A0ACI8QUJ1,AlcoR,471,533,PF28441,RRM_11,385,471,1,0.0159,0.0115,True
A0ACI8QUJ1,AlcoR,471,533,PF28441,RRM_11,502,595,32,0.5079,0.3404,True
A0ACI8QUJ1,AlcoR,594,672,PF28441,RRM_11,502,595,2,0.0253,0.0213,True
A0ACI8SAU3,AlcoR,147,304,PF04851,ResIII,91,248,102,0.6456,0.6456,True
A0ACI8SAU3,AlcoR,147,304,PF00270,DEAD,105,254,108,0.6835,0.72,True
A0ACI8QHW6,AlcoR,44,403,PF00096,zf-C2H2,372,393,22,0.0611,1.0,True
A0ACI8QHW6,AlcoR,44,403,PF00096,zf-C2H2,399,421,5,0.0139,0.2174,True
A0ACI8RHW9,AlcoR,124,142,PF17654,Trnau1ap,129,177,14,0.7368,0.2857,True
A0ACI8RX58,AlcoR,247,265,PF04889,Cwf_Cwc_15,246,337,19,1.0,0.2065,True
A0ACI8RX58,AlcoR,275,290,PF04889,Cwf_Cwc_15,246,337,16,1.0,0.1739,False
A0ACI8RX58,AlcoR,297,313,PF04889,Cwf_Cwc_15,246,337,17,1.0,0.1848,False
A0ACI8RX58,AlcoR,331,344,PF04889,Cwf_Cwc_15,246,337,7,0.5,0.0761,True
A0ACI8RX58,AlcoR,370,426,PF00076,RRM_1,349,417,48,0.8421,0.6957,True
A0ACI8RX58,AlcoR,440,521,PF00076,RRM_1,438,499,60,0.7317,0.9677,True
A0ACI8RX58,AlcoR,539,558,PF00076,RRM_1,528,594,20,1.0,0.2985,False
A0ACI8RCQ9,AlcoR,68,82,PF12108,SF3a60_bindingd,74,100,9,0.6,0.3333,True
A0ACI8RCQ9,AlcoR,92,110,PF12108,SF3a60_bindingd,74,100,9,0.4737,0.3333,True
A0ACI8RCQ9,AlcoR,117,138,PF16837,SF3A3,129,178,10,0.4545,0.2,True
A0ACI8RCQ9,AlcoR,143,167,PF16837,SF3A3,129,178,25,1.0,0.5,False
A0ACI8RCQ9,AlcoR,175,192,PF16837,SF3A3,129,178,4,0.2222,0.08,True
A0ACI8RR28,AlcoR,70,320,PF05383,La,219,275,57,0.2271,1.0,True
A0ACI8RR28,AlcoR,699,918,PF21071,LARP1_HEAT,700,848,149,0.6773,1.0,True
A0ACI8QU73,AlcoR,1,569,PF00270,DEAD,216,511,296,0.5202,1.0,True
A0ACI8QU73,AlcoR,574,776,PF00271,Helicase_C,582,686,105,0.5172,1.0,True
A0ACI8R7A3,AlcoR,1,349,PF16367,RRM_7,22,101,80,0.2292,1.0,True
A0ACI8R7A3,AlcoR,1,349,PF00076,RRM_1,24,91,68,0.1948,1.0,True
A0ACI8R7A3,AlcoR,1,349,PF00076,RRM_1,140,206,67,0.192,1.0,True
A0ACI8QY88,AlcoR,67,715,PF16367,RRM_7,457,546,90,0.1387,1.0,True
A0ACI8QY88,AlcoR,67,715,PF00076,RRM_1,460,521,62,0.0955,1.0,True
A0ACI8SEY7,AlcoR,1,629,PF00270,DEAD,205,391,187,0.2973,1.0,True
A0ACI8SEY7,AlcoR,1,629,PF00271,Helicase_C,427,534,108,0.1717,1.0,True
A0ACI8S5T8,AlcoR,178,488,PF28441,RRM_11,152,236,59,0.1897,0.6941,True
A0ACI8S5T8,AlcoR,178,488,PF28441,RRM_11,252,342,91,0.2926,1.0,True
A0ACI8S5T8,AlcoR,178,488,PF00076,RRM_1,253,327,75,0.2412,1.0,True
A0ACI8S5T8,AlcoR,178,488,PF28441,RRM_11,411,483,73,0.2347,1.0,True
A0ACI8SSD0,AlcoR,1,343,PF00096,zf-C2H2,276,298,23,0.0671,1.0,True
A0ACI8SSD0,AlcoR,1,343,PF00096,zf-C2H2,304,326,23,0.0671,1.0,True
A0ACI8SSD0,AlcoR,1,343,PF00096,zf-C2H2,332,354,12,0.035,0.5217,True
A0ACI8SPJ0,AlcoR,1312,2147,PF00270,DEAD,1340,1510,171,0.2045,1.0,True
A0ACI8SPJ0,AlcoR,1312,2147,PF04851,ResIII,1342,1473,132,0.1579,1.0,True
A0ACI8SPJ0,AlcoR,1312,2147,PF00271,Helicase_C,1622,1682,61,0.073,1.0,True
A0ACI8SQV4,AlcoR,1,211,PF00076,RRM_1,8,75,68,0.3223,1.0,True
A0ACI8SYT5,AlcoR,1,232,PF00270,DEAD,223,448,10,0.0431,0.0442,True
A0ACI8SYT5,AlcoR,1,232,PF04851,ResIII,223,388,10,0.0431,0.0602,True
A0ACI8SYT5,AlcoR,286,674,PF00270,DEAD,223,448,163,0.419,0.7212,True
A0ACI8SYT5,AlcoR,286,674,PF04851,ResIII,223,388,103,0.2648,0.6205,True
A0ACI8SYT5,AlcoR,286,674,PF00271,Helicase_C,504,608,105,0.2699,1.0,True
A0ACI8T7F0,AlcoR,780,790,PF08264,Anticodon_1,784,932,7,0.6364,0.047,True
A0ACI8T7F0,AlcoR,861,880,PF08264,Anticodon_1,784,932,20,1.0,0.1342,False
A0ACI8T9E2,AlcoR,3,24,PF00076,RRM_1,15,73,10,0.4545,0.1695,True
A0ACI8T9E2,AlcoR,44,64,PF00076,RRM_1,15,73,21,1.0,0.3559,True
A0ACI8T9E2,AlcoR,82,127,PF16367,RRM_7,104,170,24,0.5217,0.3582,True
A0ACI8T9E2,AlcoR,82,127,PF00076,RRM_1,106,169,22,0.4783,0.3438,True
A0ACI8T9E2,AlcoR,136,202,PF16367,RRM_7,104,170,35,0.5224,0.5224,True
A0ACI8T9E2,AlcoR,136,202,PF00076,RRM_1,106,169,34,0.5075,0.5312,True
A0ACI8TCF1,AlcoR,63,98,PF00270,DEAD,69,234,30,0.8333,0.1807,True
A0ACI8TCF1,AlcoR,63,98,PF04851,ResIII,84,230,15,0.4167,0.102,True
A0ACI8TCF1,AlcoR,295,312,PF00271,Helicase_C,273,381,18,1.0,0.1651,False
A0ACI8TCF1,AlcoR,351,361,PF00271,Helicase_C,273,381,11,1.0,0.1009,False
A0ACI8TFG6,AlcoR,1116,1169,PF00587,tRNA-synt_2b,1153,1324,17,0.3148,0.0988,True
A0ACI8TFG6,AlcoR,1177,1357,PF00587,tRNA-synt_2b,1153,1324,148,0.8177,0.8605,True
A0ACI8TFG6,AlcoR,1177,1357,PF03129,HGTP_anticodon,1343,1443,15,0.0829,0.1485,True
A0ACI8TFG6,AlcoR,1363,1552,PF03129,HGTP_anticodon,1343,1443,81,0.4263,0.802,True
A0ACI8TFG6,AlcoR,1363,1552,PF09180,ProRS-C_1,1470,1552,83,0.4368,1.0,True
A0ACI8TH72,AlcoR,70,387,PF00270,DEAD,143,290,148,0.4654,1.0,True
A0ACI8TH72,AlcoR,70,387,PF04851,ResIII,144,286,143,0.4497,1.0,True
A0ACI8TH72,AlcoR,393,548,PF00271,Helicase_C,516,597,33,0.2115,0.4024,True
A0ACI8TH72,AlcoR,560,1014,PF00271,Helicase_C,516,597,38,0.0835,0.4634,True
A0ACI8TH72,AlcoR,560,1014,PF21408,MTR4-like_stalk,651,714,64,0.1407,1.0,True
A0ACI8TH72,AlcoR,560,1014,PF13234,MTR4_beta-barrel,715,910,196,0.4308,1.0,True
A0ACI8TIT4,AlcoR,1,488,PF00270,DEAD,120,286,167,0.3422,1.0,True
A0ACI8TIT4,AlcoR,1,488,PF04851,ResIII,135,280,146,0.2992,1.0,True
A0ACI8TIT4,AlcoR,1,488,PF00271,Helicase_C,321,426,106,0.2172,1.0,True
A0ACI8TJP2,AlcoR,357,657,PF00270,DEAD,483,658,175,0.5814,0.9943,True
A0ACI8TJP2,AlcoR,357,657,PF04851,ResIII,489,657,169,0.5615,1.0,True
A0ACI8TJP2,AlcoR,783,1187,PF00271,Helicase_C,783,861,79,0.1951,1.0,True
A0ACI8TJP2,AlcoR,1230,1578,PF00270,DEAD,1333,1501,169,0.4842,1.0,True
A0ACI8TJP2,AlcoR,1230,1578,PF04851,ResIII,1335,1466,132,0.3782,1.0,True
A0ACI8TJP2,AlcoR,1671,1682,PF00271,Helicase_C,1615,1698,12,1.0,0.1429,False
A0ACI8TLG3,AlcoR,507,745,PF00133,tRNA-synt_1,132,742,236,0.9874,0.3863,True
A0ACI8TLG3,AlcoR,776,1044,PF08264,Anticodon_1,788,911,124,0.461,1.0,True
A0ACI8TLG3,AlcoR,776,1044,PF06827,zf-FPG_IleRS,1017,1040,24,0.0892,1.0,True
A0ACI8TLM1,AlcoR,1,106,PF00076,RRM_1,12,71,60,0.566,1.0,True
A0ACI8TML7,AlcoR,598,631,PF04851,ResIII,609,808,23,0.6765,0.115,True
A0ACI8TML7,AlcoR,598,631,PF00270,DEAD,630,785,2,0.0588,0.0128,True
A0ACI8TML7,AlcoR,638,760,PF04851,ResIII,609,808,123,1.0,0.615,False
A0ACI8TML7,AlcoR,638,760,PF00270,DEAD,630,785,123,1.0,0.7885,True
A0ACI8TML7,AlcoR,798,1201,PF04851,ResIII,609,808,11,0.0272,0.055,True
A0ACI8TML7,AlcoR,798,1201,PF00271,Helicase_C,1035,1145,111,0.2748,1.0,True
A0ACI8TNP0,AlcoR,530,654,PF00096,zf-C2H2,530,552,23,0.184,1.0,True
A0ACI8TNP0,AlcoR,530,654,PF00096,zf-C2H2,620,642,23,0.184,1.0,True
A0ACI8TN08,AlcoR,324,666,PF04851,ResIII,452,582,131,0.3819,1.0,True
A0ACI8TN08,AlcoR,682,972,PF00271,Helicase_C,791,866,76,0.2612,1.0,True
A0ACI8TNW3,AlcoR,157,171,PF04851,ResIII,152,328,15,1.0,0.0847,True
A0ACI8TNW3,AlcoR,235,253,PF04851,ResIII,152,328,19,1.0,0.1073,False
A0ACI8TNW3,AlcoR,235,253,PF00270,DEAD,178,329,19,1.0,0.125,False
A0ACI8TNW3,AlcoR,262,275,PF04851,ResIII,152,328,14,1.0,0.0791,False
A0ACI8TNW3,AlcoR,262,275,PF00270,DEAD,178,329,14,1.0,0.0921,False
A0ACI8TNW3,AlcoR,282,295,PF04851,ResIII,152,328,14,1.0,0.0791,False
A0ACI8TNW3,AlcoR,282,295,PF00270,DEAD,178,329,14,1.0,0.0921,False
A0ACI8TNW3,AlcoR,483,526,PF00271,Helicase_C,510,621,17,0.3864,0.1518,True
A0ACI8TQS2,AlcoR,1117,1513,PF04851,ResIII,967,1136,20,0.0504,0.1176,True
A0ACI8TQS2,AlcoR,1117,1513,PF00270,DEAD,984,1142,26,0.0655,0.1635,True
A0ACI8TQS2,AlcoR,1117,1513,PF00271,Helicase_C,1292,1404,113,0.2846,1.0,True
A0ACI8TQS2,AlcoR,2301,2632,PF07533,BRK,2574,2615,42,0.1265,1.0,True
A0ACI8TQS2,AlcoR,2640,2679,PF07533,BRK,2652,2695,28,0.7,0.6364,True
A0ACI8TS68,AlcoR,151,165,PF00270,DEAD,57,222,15,1.0,0.0904,False
A0ACI8TS68,AlcoR,151,165,PF04851,ResIII,70,216,15,1.0,0.102,False
A0ACI8TS68,AlcoR,290,307,PF00271,Helicase_C,298,337,10,0.5556,0.25,True
A0ACI8TS18,AlcoR,442,473,PF00270,DEAD,406,556,32,1.0,0.2119,False
A0ACI8TS18,AlcoR,654,993,PF00271,Helicase_C,604,736,83,0.2441,0.6241,True
A0ACI8TS18,AlcoR,654,993,PF04408,WHD_HA2,799,827,29,0.0853,1.0,True
A0ACI8TSY6,AlcoR,920,1458,PF04146,YTH,1320,1450,131,0.243,1.0,True
A0ACI8TTG6,AlcoR,22,441,PF00133,tRNA-synt_1,61,257,197,0.469,1.0,True
A0ACI8TTG6,AlcoR,22,441,PF09334,tRNA-synt_1g,85,222,138,0.3286,1.0,True
A0ACI8TTG6,AlcoR,22,441,PF13603,tRNA-synt_1_2,271,330,60,0.1429,1.0,True
A0ACI8TTG6,AlcoR,561,937,PF08264,Anticodon_1,761,886,126,0.3342,1.0,True
A0ACI8TXE9,AlcoR,172,374,PF08072,BDHCT,372,412,3,0.0148,0.0732,True
A0ACI8TXE9,AlcoR,376,392,PF08072,BDHCT,372,412,17,1.0,0.4146,True
A0ACI8TXE9,AlcoR,394,591,PF08072,BDHCT,372,412,19,0.096,0.4634,True
A0ACI8TXE9,AlcoR,630,1397,PF00270,DEAD,670,839,170,0.2214,1.0,True
A0ACI8TXE9,AlcoR,630,1397,PF00271,Helicase_C,973,1015,43,0.056,1.0,True
A0ACI8TXE9,AlcoR,630,1397,PF00570,HRDC,1248,1312,65,0.0846,1.0,True
A0ACI8TWM6,AlcoR,27,158,PF00270,DEAD,120,251,39,0.2955,0.2955,True
A0ACI8TWM6,AlcoR,27,158,PF04851,ResIII,134,249,25,0.1894,0.2155,True
A0ACI8TWM6,AlcoR,172,806,PF00270,DEAD,120,251,80,0.126,0.6061,True
A0ACI8TWM6,AlcoR,172,806,PF04851,ResIII,134,249,78,0.1228,0.6724,True
A0ACI8TWM6,AlcoR,172,806,PF00271,Helicase_C,347,456,110,0.1732,1.0,True
A0ACI8TWM6,AlcoR,172,806,PF08147,DBP10CT,737,797,61,0.0961,1.0,True
A0ACI8TZ93,AlcoR,1,11,PF00076,RRM_1,11,43,1,0.0909,0.0303,True
A0ACI8TZ93,AlcoR,25,190,PF00076,RRM_1,11,43,19,0.1145,0.5758,True
A0ACI8TZ93,AlcoR,25,190,PF00076,RRM_1,60,96,37,0.2229,1.0,True
A0ACI8TZ93,AlcoR,25,190,PF00076,RRM_1,116,186,71,0.4277,1.0,True
A0ACI8TZ93,AlcoR,204,399,PF00076,RRM_1,224,288,65,0.3316,1.0,True
A0ACI8TZD7,AlcoR,1,519,PF00270,DEAD,86,282,197,0.3796,1.0,True
A0ACI8TZD7,AlcoR,1,519,PF00271,Helicase_C,328,436,109,0.21,1.0,True
A0ACI8TZE9,AlcoR,1,201,PF05383,La,129,185,57,0.2836,1.0,True
A0ACI8TZE9,AlcoR,206,293,PF26088,RRM_LARP4,203,257,52,0.5909,0.9455,True
A0ACI8TZE9,AlcoR,206,293,PF26088,RRM_LARP4,256,289,34,0.3864,1.0,True
A0ACI8U1B9,AlcoR,1,217,PF07528,DZF_N,11,221,207,0.9539,0.981,True
A0ACI8U399,AlcoR,96,345,PF00270,DEAD,211,381,135,0.54,0.7895,True
A0ACI8U399,AlcoR,96,345,PF04851,ResIII,226,374,120,0.48,0.8054,True
A0ACI8U399,AlcoR,353,397,PF00270,DEAD,211,381,29,0.6444,0.1696,True
A0ACI8U399,AlcoR,353,397,PF04851,ResIII,226,374,22,0.4889,0.1477,True
A0ACI8U399,AlcoR,412,431,PF00271,Helicase_C,423,548,9,0.45,0.0714,True
A0ACI8U399,AlcoR,434,786,PF00271,Helicase_C,423,548,115,0.3258,0.9127,True
A0ACI8U6C5,AlcoR,57,719,PF04851,ResIII,193,353,161,0.2428,1.0,True
A0ACI8U6C5,AlcoR,57,719,PF00270,DEAD,214,358,145,0.2187,1.0,True
A0ACI8U6C5,AlcoR,57,719,PF00271,Helicase_C,498,611,114,0.1719,1.0,True
A0ACI8UDX5,AlcoR,46,63,PF00270,DEAD,48,214,16,0.8889,0.0958,True
A0ACI8UES1,AlcoR,1,422,PF28441,RRM_11,32,81,50,0.1185,1.0,True
A0ACI8UES1,AlcoR,1,422,PF28441,RRM_11,96,175,80,0.1896,1.0,True
A0ACI8UES1,AlcoR,1,422,PF00076,RRM_1,97,164,68,0.1611,1.0,True
A0ACI8UES1,AlcoR,1,422,PF08080,zf-RNPHF,238,273,36,0.0853,1.0,True
A0ACI8UES1,AlcoR,1,422,PF28441,RRM_11,274,348,75,0.1777,1.0,True
A0ACI8UES1,AlcoR,1,422,PF00076,RRM_1,276,335,60,0.1422,1.0,True
A0ACI8UNX3,AlcoR,1,504,PF04851,ResIII,183,361,179,0.3552,1.0,True
A0ACI8UNX3,AlcoR,1,504,PF00270,DEAD,200,366,167,0.3313,1.0,True
A0ACI8UNX3,AlcoR,568,587,PF00271,Helicase_C,506,619,20,1.0,0.1754,False
A0ACI8UQC4,AlcoR,244,273,PF00270,DEAD,116,279,30,1.0,0.1829,True
A0ACI8UQC4,AlcoR,277,432,PF00270,DEAD,116,279,3,0.0192,0.0183,True
A0ACI8UQC4,AlcoR,277,432,PF00271,Helicase_C,318,461,115,0.7372,0.7986,True
A0ACI8UQC4,AlcoR,452,492,PF00271,Helicase_C,318,461,10,0.2439,0.0694,True
A0ACI8USR5,AlcoR,1,271,PF04851,ResIII,1,177,177,0.6531,1.0,True
A0ACI8USR5,AlcoR,1,271,PF00270,DEAD,5,177,173,0.6384,1.0,True
A0ACI8USR5,AlcoR,365,414,PF00271,Helicase_C,357,479,50,1.0,0.4065,True
A0ACI8USR5,AlcoR,429,451,PF00271,Helicase_C,357,479,23,1.0,0.187,False
A0ACI8USR5,AlcoR,453,470,PF00271,Helicase_C,357,479,18,1.0,0.1463,True
A0ACI8USX5,AlcoR,357,422,PF00271,Helicase_C,262,397,41,0.6212,0.3015,True
A0ACI8UZB3,AlcoR,152,290,PF00575,S1,261,333,30,0.2158,0.411,True
A0ACI8UZB3,AlcoR,598,816,PF00270,DEAD,604,753,150,0.6849,1.0,True
A0ACI8UZB3,AlcoR,598,816,PF00271,Helicase_C,796,927,21,0.0959,0.1591,True
A0ACI8UZB3,AlcoR,830,889,PF00271,Helicase_C,796,927,60,1.0,0.4545,False
A0ACI8VFS1,AlcoR,569,789,PF00013,KH_1,610,671,62,0.2805,1.0,True
A0ACI8VFS1,AlcoR,569,789,PF00567,TUDOR,705,826,85,0.3846,0.6967,True
A0ACI8VFS1,AlcoR,793,821,PF00567,TUDOR,705,826,29,1.0,0.2377,True
A0ACI8VCL2,AlcoR,637,662,PF03950,tRNA-synt_1c_C,606,706,26,1.0,0.2574,False
A0ACI8VCL2,AlcoR,719,734,PF20974,tRNA-synt_1c_C2,718,793,16,1.0,0.2105,True
A0ACI8VD15,AlcoR,756,883,PF00271,Helicase_C,767,864,98,0.7656,1.0,True
A0ACI8VD15,AlcoR,1160,1186,PF00570,HRDC,1161,1221,26,0.963,0.4262,True
A0ACI8VD15,AlcoR,1201,1227,PF00570,HRDC,1161,1221,21,0.7778,0.3443,True
A0ACI8VQD2,AlcoR,53,67,PF00076,RRM_1,4,72,15,1.0,0.2174,True
A0ACI8VQD2,AlcoR,855,875,PF00076,RRM_1,834,905,21,1.0,0.2917,False
A0ACI8VSD4,AlcoR,1,210,PF06058,DCP1,14,129,116,0.5524,1.0,True
A0ACI8VSD4,AlcoR,285,674,PF16741,mRNA_decap_C,575,592,18,0.0462,1.0,True
A0ACI8VSD4,AlcoR,285,674,PF16741,mRNA_decap_C,648,672,25,0.0641,1.0,True
A0A087WZ13,AlcoR,1,93,PF00076,RRM_1,61,123,33,0.3548,0.5238,True
A0ACI8PHD2,AlcoR,1,261,PF00076,RRM_1,115,183,69,0.2644,1.0,True
A2A288,AlcoR,1,245,PF11977,RNase_Zc3h12a,89,243,155,0.6327,1.0,True
A6NEQ0,AlcoR,13,38,PF00076,RRM_1,10,79,26,1.0,0.3714,True
A6NEQ0,AlcoR,41,52,PF00076,RRM_1,10,79,12,1.0,0.1714,False
A6NEQ0,AlcoR,54,167,PF00076,RRM_1,10,79,26,0.2281,0.3714,True
A6NFN3,AlcoR,41,312,PF00076,RRM_1,102,168,67,0.2463,1.0,True
A6NFN3,AlcoR,41,312,PF12414,Fox-1_C,208,297,90,0.3309,1.0,True
A6NJ78,AlcoR,49,148,PF01189,Methyltr_RsmB-F,83,175,66,0.66,0.7097,True
A6NJ78,AlcoR,157,322,PF01189,Methyltr_RsmB-F,83,175,19,0.1145,0.2043,True
A6PVI3,AlcoR,95,153,PF00076,RRM_1,43,105,11,0.1864,0.1746,True
O15056,AlcoR,309,682,PF03372,Exo_endo_phos,535,734,148,0.3957,0.74,True
O15056,AlcoR,843,875,PF08952,DUF1866,863,1008,13,0.3939,0.089,True
O15056,AlcoR,885,1168,PF08952,DUF1866,863,1008,124,0.4366,0.8493,True
O43251,AlcoR,49,390,PF00076,RRM_1,124,190,67,0.1959,1.0,True
O43251,AlcoR,49,390,PF12414,Fox-1_C,265,362,98,0.2865,1.0,True
O43395,AlcoR,1,27,PF01480,PWI,9,77,19,0.7037,0.2754,True
O43395,AlcoR,44,683,PF01480,PWI,9,77,34,0.0531,0.4928,True
O43395,AlcoR,44,683,PF08572,PRP3,308,521,214,0.3344,1.0,True
O43426,AlcoR,40,1264,PF08952,DUF1866,867,1006,140,0.1143,1.0,True
O43709,AlcoR,1,281,PF13847,Methyltransf_31,55,179,125,0.4448,1.0,True
O75494,AlcoR,1,65,PF00076,RRM_1,12,81,54,0.8308,0.7714,True
O75821,AlcoR,50,128,PF12353,eIF3g,58,175,71,0.8987,0.6017,True
O75821,AlcoR,141,270,PF12353,eIF3g,58,175,35,0.2692,0.2966,True
O75821,AlcoR,141,270,PF00076,RRM_1,241,303,30,0.2308,0.4762,True
O75821,AlcoR,296,320,PF00076,RRM_1,241,303,8,0.32,0.127,True
O95319,AlcoR,1,129,PF00076,RRM_1,43,110,68,0.5271,1.0,True
O95319,AlcoR,132,508,PF00076,RRM_1,134,198,65,0.1724,1.0,True
O95319,AlcoR,132,508,PF00076,RRM_1,425,495,71,0.1883,1.0,True
O95639,AlcoR,248,269,PF00098,zf-CCHC,244,260,13,0.5909,0.7647,True
O95758,AlcoR,1,209,PF00076,RRM_1,184,248,26,0.1244,0.4,True
O95758,AlcoR,1,209,PF13893,RRM_5,191,261,19,0.0909,0.2676,True
O95758,AlcoR,217,552,PF00076,RRM_1,184,248,32,0.0952,0.4923,True
O95758,AlcoR,217,552,PF13893,RRM_5,191,261,45,0.1339,0.6338,True
O95758,AlcoR,217,552,PF13893,RRM_5,330,454,125,0.372,1.0,True
O95758,AlcoR,217,552,PF00076,RRM_1,360,426,67,0.1994,1.0,True
O95758,AlcoR,217,552,PF00076,RRM_1,479,539,61,0.1815,1.0,True
O95777,AlcoR,1,96,PF01423,LSM,5,71,67,0.6979,1.0,True
O95900,AlcoR,1,269,PF01509,TruB_N,89,232,144,0.5353,1.0,True
P10155,AlcoR,72,87,PF05731,TROVE,17,328,16,1.0,0.0513,False
P10155,AlcoR,125,139,PF05731,TROVE,17,328,15,1.0,0.0481,False
P10155,AlcoR,254,430,PF05731,TROVE,17,328,75,0.4237,0.2404,True
P31483,AlcoR,23,36,PF00076,RRM_1,9,77,14,1.0,0.2029,False
P31483,AlcoR,51,78,PF00076,RRM_1,9,77,27,0.9643,0.3913,True
P31483,AlcoR,110,131,PF00076,RRM_1,108,178,22,1.0,0.3099,True
P31483,AlcoR,147,168,PF00076,RRM_1,108,178,22,1.0,0.3099,True
P33240,AlcoR,49,65,PF00076,RRM_1,18,88,17,1.0,0.2394,False
P51114,AlcoR,62,73,PF05641,Agenet,62,116,12,1.0,0.2182,True
P78563,AlcoR,214,321,PF00035,dsrm,244,294,51,0.4722,1.0,True
P78563,AlcoR,542,696,PF02137,A_deamin,370,731,155,1.0,0.4282,False
P78563,AlcoR,698,741,PF02137,A_deamin,370,731,34,0.7727,0.0939,True
P84103,AlcoR,1,59,PF00076,RRM_1,12,77,48,0.8136,0.7273,True
Q01130,AlcoR,57,133,PF00076,RRM_1,17,86,30,0.3896,0.4286,True
Q01844,AlcoR,417,580,PF00076,RRM_1,363,441,25,0.1524,0.3165,True
Q01844,AlcoR,417,580,PF00641,Zn_ribbon_RanBP,518,548,31,0.189,1.0,True
Q05519,AlcoR,1,103,PF00076,RRM_1,37,103,67,0.6505,1.0,True
Q07352,AlcoR,108,338,PF00642,zf-CCCH,115,140,26,0.1126,1.0,True
Q07352,AlcoR,108,338,PF00642,zf-CCCH,153,178,26,0.1126,1.0,True
Q14011,AlcoR,1,57,PF16367,RRM_7,7,62,51,0.8947,0.9107,True
Q14011,AlcoR,1,57,PF00076,RRM_1,8,78,50,0.8772,0.7042,True
Q14493,AlcoR,97,132,PF15247,SLBP_RNA_bind,130,199,3,0.0833,0.0429,True
Q14493,AlcoR,141,159,PF15247,SLBP_RNA_bind,130,199,19,1.0,0.2714,False
Q14493,AlcoR,183,228,PF15247,SLBP_RNA_bind,130,199,17,0.3696,0.2429,True
Q14671,AlcoR,981,994,PF00806,PUF,960,991,11,0.7857,0.3438,True
Q15459,AlcoR,184,255,PF01805,Surp,159,223,40,0.5556,0.6154,True
Q15459,AlcoR,184,255,PF12230,PRP21_like_P,233,472,23,0.3194,0.0958,True
Q15459,AlcoR,278,793,PF12230,PRP21_like_P,233,472,195,0.3779,0.8125,True
Q16587,AlcoR,67,421,PF00096,zf-C2H2,248,270,23,0.0648,1.0,True
Q16587,AlcoR,67,421,PF00096,zf-C2H2,276,298,23,0.0648,1.0,True
Q16587,AlcoR,67,421,PF00096,zf-C2H2,360,382,23,0.0648,1.0,True
Q16587,AlcoR,67,421,PF00096,zf-C2H2,416,438,6,0.0169,0.2609,True
Q659C4,AlcoR,269,294,PF05383,La,219,275,7,0.2692,0.1228,True
Q659C4,AlcoR,737,752,PF21071,LARP1_HEAT,696,844,16,1.0,0.1074,False
Q659C4,AlcoR,813,833,PF21071,LARP1_HEAT,696,844,21,1.0,0.1409,False
Q6IN84,AlcoR,220,353,PF00588,SpoU_methylase,146,301,82,0.6119,0.5256,True
Q6PJT7,AlcoR,676,696,PF14608,zf-CCCH_2,681,698,16,0.7619,0.8889,True
Q7Z739,AlcoR,275,554,PF04146,YTH,417,550,134,0.4786,1.0,True
Q86SG3,AlcoR,84,579,PF00076,RRM_1,42,98,15,0.0302,0.2632,True
Q86SG3,AlcoR,84,579,PF00076,RRM_1,207,263,57,0.1149,1.0,True
Q86VM9,AlcoR,1,953,PF00642,zf-CCCH,221,243,23,0.0241,1.0,True
Q86W50,AlcoR,1,562,PF05971,Methyltransf_10,1,291,291,0.5178,1.0,True
Q86W50,AlcoR,1,562,PF05175,MTS,102,193,92,0.1637,1.0,True
Q8N1G2,AlcoR,302,328,PF01728,FtsJ,233,448,27,1.0,0.125,False
Q8N1G2,AlcoR,344,360,PF01728,FtsJ,233,448,17,1.0,0.0787,False
Q8N1G2,AlcoR,390,427,PF01728,FtsJ,233,448,38,1.0,0.1759,False
Q8N1G2,AlcoR,436,451,PF01728,FtsJ,233,448,13,0.8125,0.0602,True
Q8N2M8,AlcoR,1,185,PF09750,DRY_EERY,40,169,130,0.7027,1.0,True
Q8TC92,AlcoR,1,476,PF00076,RRM_1,144,199,56,0.1176,1.0,True
Q96FX7,AlcoR,1,101,PF08704,GCD14,64,286,38,0.3762,0.1704,True
Q96FX7,AlcoR,219,233,PF08704,GCD14,64,286,15,1.0,0.0673,False
Q96FX7,AlcoR,255,274,PF08704,GCD14,64,286,20,1.0,0.0897,False
Q99973,AlcoR,212,358,PF05731,TROVE,226,676,133,0.9048,0.2949,True
Q99973,AlcoR,361,373,PF05731,TROVE,226,676,13,1.0,0.0288,False
Q99973,AlcoR,392,490,PF05731,TROVE,226,676,99,1.0,0.2195,False
Q99973,AlcoR,514,632,PF05731,TROVE,226,676,119,1.0,0.2639,False
Q9BXP5,AlcoR,799,829,PF04959,ARS2,646,851,31,1.0,0.1505,False
Q9BXR0,AlcoR,1,38,PF01702,TGT,26,380,13,0.3421,0.0366,True
Q9BXR0,AlcoR,222,278,PF01702,TGT,26,380,57,1.0,0.1606,False
