protein_id,protein_length,cluster_id,n_lcr,lcr_residues,mean_lcr_length,coverage,multiplicity_cat,pos__domain_intrinsic,pos__domain_edge,pos__domain_adjacent,pos__interdomain_linker,pos__distal_terminal,sig__acidic_region,sig__arginine_rich_rna_contact_region,sig__aromatic_aggregation_prone_region,sig__aromatic_sticker_region,sig__basic_enriched_region,sig__cation_pi_rich_neighborhood,sig__disorder_rich_spacer_region,sig__glutamine_rich_region,sig__glycine_rich_region,sig__gs_rich_neutral_region,sig__hydrophobic_region,sig__mixed_charge_polyampholyte,sig__polar_linker,sig__proline_rich_disordered_region,sig__rg_rgg_repeat_region,sig__serine_rich_region,sig__sr_rs_repeat_region,sig__unmapped_physicochemical_properties,is_medoid
Q9UJK0,312.0,0,0,0.0,,0.0,0,0,0,0,0,0,0,0,0,0,0,0,0,0,0,0,0,0,0,0,0,0,0,0,True
Q9Y2T7,364.0,1,7,58.0,8.285714285714286,0.15934065934065933,3+,0,0,1,0,1,0,1,0,0,0,0,1,0,0,0,1,0,0,0,0,0,0,0,False
Q13395,1621.0,1,10,51.0,5.1,0.03146206045650833,3+,1,0,0,0,1,0,0,0,0,0,0,1,0,0,0,1,0,0,0,0,0,0,0,False
P82664,201.0,0,0,0.0,,0.0,0,0,0,0,0,0,0,0,0,0,0,0,0,0,0,0,0,0,0,0,0,0,0,0,False
P82673,323.0,0,0,0.0,,0.0,0,0,0,0,0,0,0,0,0,0,0,0,0,0,0,0,0,0,0,0,0,0,0,0,False
O60306,1485.0,0,0,0.0,,0.0,0,0,0,0,0,0,0,0,0,0,0,0,0,0,0,0,0,0,0,0,0,0,0,0,False
Q9H6S0,1430.0,1,6,32.0,5.333333333333333,0.022377622377622378,3+,0,0,1,1,0,0,0,0,0,0,0,1,0,0,0,1,0,1,0,0,0,0,0,False
Q8N1G1,1221.0,1,11,69.0,6.2727272727272725,0.056511056511056514,3+,0,0,0,0,0,1,1,0,0,1,0,1,0,0,0,0,0,0,0,0,0,0,1,False
Q9H000,416.0,0,0,0.0,,0.0,0,0,0,0,0,0,0,0,0,0,0,0,0,0,0,0,0,0,0,0,0,0,0,0,False
Q9BRR8,931.0,1,4,32.0,8.0,0.034371643394199784,3+,0,0,0,0,1,0,0,0,0,1,0,1,0,0,0,0,0,0,0,0,0,0,0,False
P46782,204.0,0,0,0.0,,0.0,0,0,0,0,0,0,0,0,0,0,0,0,0,0,0,0,0,0,0,0,0,0,0,0,False
Q9UNQ2,313.0,2,1,4.0,4.0,0.012779552715654952,1,1,0,0,0,0,0,0,0,0,0,0,1,0,0,0,0,0,0,0,0,0,0,0,False
Q9BQI3,630.0,1,3,18.0,6.0,0.02857142857142857,3+,0,0,0,0,0,1,0,0,0,0,0,1,0,0,0,1,0,0,0,0,0,0,0,False
Q9NW64,420.0,1,5,23.0,4.6,0.05476190476190476,3+,0,0,1,0,1,0,0,0,0,0,0,1,0,0,0,0,0,0,0,0,0,0,0,False
Q9H501,851.0,1,16,103.0,6.4375,0.12103407755581669,3+,0,0,1,0,1,1,0,0,0,1,0,1,0,0,0,0,0,0,0,0,0,0,0,False
Q9UJA5,497.0,1,3,23.0,7.666666666666667,0.04627766599597585,3+,1,0,0,0,1,0,0,0,0,1,0,0,0,0,0,1,0,0,0,0,0,0,0,False
Q8N8D1,485.0,1,13,90.0,6.923076923076923,0.18556701030927836,3+,0,0,0,0,0,1,1,0,0,0,0,1,0,0,0,1,0,0,0,0,0,0,0,False
P26640,1264.0,1,7,49.0,7.0,0.038765822784810125,3+,1,0,1,0,1,1,0,0,0,1,0,1,0,0,1,1,0,0,0,0,0,0,0,False
A0A0A0MQR7,204.0,0,0,0.0,,0.0,0,0,0,0,0,0,0,0,0,0,0,0,0,0,0,0,0,0,0,0,0,0,0,0,False
P62318,126.0,2,1,6.0,6.0,0.047619047619047616,1,0,0,1,0,0,0,0,0,0,0,0,0,0,0,0,0,0,0,0,1,0,0,0,False
Q9Y3I0,505.0,0,0,0.0,,0.0,0,0,0,0,0,0,0,0,0,0,0,0,0,0,0,0,0,0,0,0,0,0,0,0,False
O00178,669.0,1,4,25.0,6.25,0.03736920777279522,3+,1,0,1,0,1,0,0,0,0,0,0,1,0,0,1,0,0,1,0,0,0,0,1,False
Q6NTF7,200.0,0,0,0.0,,0.0,0,0,0,0,0,0,0,0,0,0,0,0,0,0,0,0,0,0,0,0,0,0,0,0,False
O15371,548.0,2,1,15.0,15.0,0.02737226277372263,1,0,0,1,0,0,1,0,0,0,0,0,0,0,0,0,0,0,0,0,0,0,0,0,False
Q7RTV0,110.0,0,0,0.0,,0.0,0,0,0,0,0,0,0,0,0,0,0,0,0,0,0,0,0,0,0,0,0,0,0,0,False
O75132,1171.0,3,2,10.0,5.0,0.008539709649871904,2,0,0,0,0,1,0,0,0,0,0,0,1,0,0,0,0,0,0,0,0,0,0,0,False
Q13686,389.0,0,0,0.0,,0.0,0,0,0,0,0,0,0,0,0,0,0,0,0,0,0,0,0,0,0,0,0,0,0,0,False
Q86U42,306.0,1,5,47.0,9.4,0.15359477124183007,3+,0,0,1,0,1,1,1,0,0,0,0,1,0,0,0,0,0,0,0,0,0,0,0,False
P61011,504.0,0,0,0.0,,0.0,0,0,0,0,0,0,0,0,0,0,0,0,0,0,0,0,0,0,0,0,0,0,0,0,False
Q9H307,717.0,1,13,127.0,9.76923076923077,0.17712691771269176,3+,0,0,0,0,0,1,1,0,0,0,0,1,0,0,0,0,0,1,0,0,0,1,0,False
Q4VXU2,619.0,0,0,0.0,,0.0,0,0,0,0,0,0,0,0,0,0,0,0,0,0,0,0,0,0,0,0,0,0,0,0,False
Q05048,431.0,0,0,0.0,,0.0,0,0,0,0,0,0,0,0,0,0,0,0,0,0,0,0,0,0,0,0,0,0,0,0,False
Q05639,463.0,0,0,0.0,,0.0,0,0,0,0,0,0,0,0,0,0,0,0,0,0,0,0,0,0,0,0,0,0,0,0,False
Q96SZ6,601.0,0,0,0.0,,0.0,0,0,0,0,0,0,0,0,0,0,0,0,0,0,0,0,0,0,0,0,0,0,0,0,False
Q9NR97,1041.0,1,3,14.0,4.666666666666667,0.013448607108549471,3+,0,0,0,0,0,0,1,0,0,0,0,0,0,0,0,1,0,0,0,0,1,0,0,False
O60828,265.0,1,4,20.0,5.0,0.07547169811320754,3+,0,0,0,0,0,0,1,0,0,0,0,0,0,0,0,0,0,0,0,0,0,0,1,False
O43719,755.0,1,7,40.0,5.714285714285714,0.052980132450331126,3+,0,1,0,1,1,1,0,0,0,1,0,0,0,0,0,0,0,0,0,0,0,0,0,False
Q14694,798.0,1,3,15.0,5.0,0.018796992481203006,3+,0,0,0,0,1,1,0,0,0,1,0,1,0,0,0,0,0,0,0,0,0,0,0,False
Q96DP5,389.0,2,1,5.0,5.0,0.012853470437017995,1,0,0,0,0,0,0,0,0,0,0,0,1,0,0,0,0,0,0,0,0,0,0,0,True
Q9NVM6,304.0,1,5,26.0,5.2,0.08552631578947369,3+,0,1,0,0,1,1,0,0,0,1,0,1,0,0,0,1,0,0,0,0,0,0,0,False
Q9UKV8,859.0,2,1,7.0,7.0,0.008149010477299184,1,0,0,0,0,1,0,0,0,0,0,0,1,0,0,0,0,0,0,0,0,0,0,0,False
P60228,445.0,0,0,0.0,,0.0,0,0,0,0,0,0,0,0,0,0,0,0,0,0,0,0,0,0,0,0,0,0,0,0,False
P14866,589.0,1,9,56.0,6.222222222222222,0.09507640067911714,3+,0,1,1,1,1,0,1,0,1,0,0,1,0,0,1,0,0,0,0,0,0,0,0,False
O75792,299.0,0,0,0.0,,0.0,0,0,0,0,0,0,0,0,0,0,0,0,0,0,0,0,0,0,0,0,0,0,0,0,False
Q15428,464.0,1,7,54.0,7.714285714285714,0.11637931034482758,3+,0,0,1,0,1,0,0,0,1,0,0,1,0,0,0,0,0,0,0,0,0,0,0,False
P36954,125.0,0,0,0.0,,0.0,0,0,0,0,0,0,0,0,0,0,0,0,0,0,0,0,0,0,0,0,0,0,0,0,False
A4D1E9,387.0,0,0,0.0,,0.0,0,0,0,0,0,0,0,0,0,0,0,0,0,0,0,0,0,0,0,0,0,0,0,0,False
Q13155,320.0,0,0,0.0,,0.0,0,0,0,0,0,0,0,0,0,0,0,0,0,0,0,0,0,0,0,0,0,0,0,0,False
Q9NW13,759.0,1,6,51.0,8.5,0.06719367588932806,3+,0,1,0,1,1,1,0,0,0,1,0,0,0,0,0,1,0,0,0,0,0,0,0,False
O60290,1169.0,0,0,0.0,,0.0,0,0,0,0,0,0,0,0,0,0,0,0,0,0,0,0,0,0,0,0,0,0,0,0,False
Q99969,163.0,0,0,0.0,,0.0,0,0,0,0,0,0,0,0,0,0,0,0,0,0,0,0,0,0,0,0,0,0,0,0,False
Q9BYC8,188.0,0,0,0.0,,0.0,0,0,0,0,0,0,0,0,0,0,0,0,0,0,0,0,0,0,0,0,0,0,0,0,False
Q7Z333,2677.0,1,8,47.0,5.875,0.017556966753828913,3+,0,0,0,0,1,1,0,0,0,1,0,1,0,0,0,1,1,0,0,0,0,0,0,False
Q9H6R0,707.0,2,1,8.0,8.0,0.011315417256011316,1,0,0,1,0,0,0,0,0,0,0,0,1,0,0,0,0,0,0,0,0,0,0,0,False
Q9Y5J1,556.0,1,6,38.0,6.333333333333333,0.0683453237410072,3+,0,0,0,0,0,1,1,0,0,0,0,1,0,0,0,0,1,0,0,0,0,0,0,False
Q7Z417,695.0,1,4,50.0,12.5,0.07194244604316546,3+,1,0,1,0,1,0,0,1,1,1,0,1,0,0,0,0,0,0,0,0,0,0,0,False
P84098,196.0,0,0,0.0,,0.0,0,0,0,0,0,0,0,0,0,0,0,0,0,0,0,0,0,0,0,0,0,0,0,0,False
Q07021,282.0,0,0,0.0,,0.0,0,0,0,0,0,0,0,0,0,0,0,0,0,0,0,0,0,0,0,0,0,0,0,0,False
P55039,364.0,0,0,0.0,,0.0,0,0,0,0,0,0,0,0,0,0,0,0,0,0,0,0,0,0,0,0,0,0,0,0,False
Q9NY12,217.0,1,6,83.0,13.833333333333334,0.3824884792626728,3+,0,0,1,0,1,0,0,0,0,0,0,1,0,0,0,0,0,0,0,1,0,0,0,False
Q9H6F5,360.0,2,1,15.0,15.0,0.041666666666666664,1,1,0,0,0,0,0,1,0,0,0,0,0,0,0,0,0,0,0,0,0,0,0,0,False
Q9UMS4,504.0,0,0,0.0,,0.0,0,0,0,0,0,0,0,0,0,0,0,0,0,0,0,0,0,0,0,0,0,0,0,0,False
P16989,372.0,1,12,73.0,6.083333333333333,0.19623655913978494,3+,0,0,1,0,1,1,1,0,0,0,0,1,0,0,0,0,0,0,0,0,0,0,1,False
A0A499FI31,981.0,1,4,28.0,7.0,0.02854230377166157,3+,1,1,1,1,0,1,1,0,0,0,0,1,0,0,0,0,0,0,0,0,0,0,0,False
Q9Y6K5,1087.0,2,1,4.0,4.0,0.0036798528058877645,1,1,0,0,0,0,0,0,0,0,0,0,1,0,0,0,0,0,0,0,0,0,0,0,False
Q4U2R6,128.0,0,0,0.0,,0.0,0,0,0,0,0,0,0,0,0,0,0,0,0,0,0,0,0,0,0,0,0,0,0,0,False
P04406,335.0,0,0,0.0,,0.0,0,0,0,0,0,0,0,0,0,0,0,0,0,0,0,0,0,0,0,0,0,0,0,0,False
P41238,236.0,0,0,0.0,,0.0,0,0,0,0,0,0,0,0,0,0,0,0,0,0,0,0,0,0,0,0,0,0,0,0,False
Q13242,221.0,0,0,0.0,,0.0,0,0,0,0,0,0,0,0,0,0,0,0,0,0,0,0,0,0,0,0,0,0,0,0,False
Q9NQE9,182.0,0,0,0.0,,0.0,0,0,0,0,0,0,0,0,0,0,0,0,0,0,0,0,0,0,0,0,0,0,0,0,False
P25398,132.0,0,0,0.0,,0.0,0,0,0,0,0,0,0,0,0,0,0,0,0,0,0,0,0,0,0,0,0,0,0,0,False
Q13895,437.0,0,0,0.0,,0.0,0,0,0,0,0,0,0,0,0,0,0,0,0,0,0,0,0,0,0,0,0,0,0,0,False
C9IY40,225.0,0,0,0.0,,0.0,0,0,0,0,0,0,0,0,0,0,0,0,0,0,0,0,0,0,0,0,0,0,0,0,False
P42285,1042.0,0,0,0.0,,0.0,0,0,0,0,0,0,0,0,0,0,0,0,0,0,0,0,0,0,0,0,0,0,0,0,False
P49590,506.0,0,0,0.0,,0.0,0,0,0,0,0,0,0,0,0,0,0,0,0,0,0,0,0,0,0,0,0,0,0,0,False
Q5XG87,792.0,1,14,91.0,6.5,0.1148989898989899,3+,0,0,0,0,1,0,0,0,0,1,0,1,0,0,1,0,0,0,1,0,0,0,0,False
Q9NWX6,298.0,0,0,0.0,,0.0,0,0,0,0,0,0,0,0,0,0,0,0,0,0,0,0,0,0,0,0,0,0,0,0,False
P54136,660.0,0,0,0.0,,0.0,0,0,0,0,0,0,0,0,0,0,0,0,0,0,0,0,0,0,0,0,0,0,0,0,False
O43818,475.0,3,2,19.0,9.5,0.04,2,0,0,0,0,0,1,0,0,0,0,0,1,0,0,0,0,0,0,0,0,0,0,0,False
O60739,113.0,0,0,0.0,,0.0,0,0,0,0,0,0,0,0,0,0,0,0,0,0,0,0,0,0,0,0,0,0,0,0,False
P19525,551.0,0,0,0.0,,0.0,0,0,0,0,0,0,0,0,0,0,0,0,0,0,0,0,0,0,0,0,0,0,0,0,False
Q96EP5,407.0,1,10,60.0,6.0,0.14742014742014742,3+,1,0,0,0,1,0,0,0,1,0,0,1,0,0,1,1,0,0,0,0,0,0,0,False
Q92499,740.0,0,0,0.0,,0.0,0,0,0,0,0,0,0,0,0,0,0,0,0,0,0,0,0,0,0,0,0,0,0,0,False
Q9Y3B4,125.0,0,0,0.0,,0.0,0,0,0,0,0,0,0,0,0,0,0,0,0,0,0,0,0,0,0,0,0,0,0,0,False
Q4ZG55,1949.0,1,7,38.0,5.428571428571429,0.019497178040020522,3+,1,0,0,0,1,1,1,0,0,0,0,1,0,0,1,0,0,0,0,0,0,0,0,False
Q03701,1054.0,1,7,42.0,6.0,0.03984819734345351,3+,1,0,0,0,1,1,0,0,0,1,0,0,0,0,0,1,0,0,0,0,0,0,0,False
Q9UGM6,360.0,0,0,0.0,,0.0,0,0,0,0,0,0,0,0,0,0,0,0,0,0,0,0,0,0,0,0,0,0,0,0,False
Q99848,306.0,0,0,0.0,,0.0,0,0,0,0,0,0,0,0,0,0,0,0,0,0,0,0,0,0,0,0,0,0,0,0,False
O95926,243.0,0,0,0.0,,0.0,0,0,0,0,0,0,0,0,0,0,0,0,0,0,0,0,0,0,0,0,0,0,0,0,False
P31939,592.0,0,0,0.0,,0.0,0,0,0,0,0,0,0,0,0,0,0,0,0,0,0,0,0,0,0,0,0,0,0,0,False
Q9NYY8,710.0,0,0,0.0,,0.0,0,0,0,0,0,0,0,0,0,0,0,0,0,0,0,0,0,0,0,0,0,0,0,0,False
Q7Z6V5,191.0,0,0,0.0,,0.0,0,0,0,0,0,0,0,0,0,0,0,0,0,0,0,0,0,0,0,0,0,0,0,0,False
Q9UKF6,684.0,0,0,0.0,,0.0,0,0,0,0,0,0,0,0,0,0,0,0,0,0,0,0,0,0,0,0,0,0,0,0,False
Q8NHQ9,600.0,0,0,0.0,,0.0,0,0,0,0,0,0,0,0,0,0,0,0,0,0,0,0,0,0,0,0,0,0,0,0,False
Q9BWT3,736.0,3,2,8.0,4.0,0.010869565217391304,2,0,1,1,0,0,0,0,0,0,1,0,0,0,0,0,0,0,0,0,0,1,0,0,False
Q13148,414.0,1,4,34.0,8.5,0.0821256038647343,3+,0,0,1,0,1,0,0,0,0,0,0,1,1,0,1,0,0,0,0,0,0,0,0,False
Q96QD9,318.0,0,0,0.0,,0.0,0,0,0,0,0,0,0,0,0,0,0,0,0,0,0,0,0,0,0,0,0,0,0,0,False
O00148,427.0,0,0,0.0,,0.0,0,0,0,0,0,0,0,0,0,0,0,0,0,0,0,0,0,0,0,0,0,0,0,0,False
Q06265,439.0,3,2,16.0,8.0,0.03644646924829157,2,0,0,0,0,1,1,0,0,0,0,0,0,0,0,0,0,0,0,0,0,0,0,0,False
P09012,282.0,2,1,7.0,7.0,0.024822695035460994,1,0,0,0,1,0,0,0,0,1,0,0,0,0,0,0,0,0,0,0,0,0,0,0,False
Q13247,344.0,1,8,97.0,12.125,0.2819767441860465,3+,0,0,1,1,1,0,1,0,0,1,0,0,0,0,1,0,0,0,0,0,0,1,0,False
Q9ULR5,123.0,0,0,0.0,,0.0,0,0,0,0,0,0,0,0,0,0,0,0,0,0,0,0,0,0,0,0,0,0,0,0,False
Q8WVK2,155.0,1,4,62.0,15.5,0.4,3+,0,0,1,0,1,0,1,0,0,0,0,0,0,0,0,0,0,1,0,0,0,1,0,False
O00566,681.0,1,7,45.0,6.428571428571429,0.06607929515418502,3+,1,1,0,0,1,1,0,0,0,1,0,0,0,0,0,0,0,0,0,0,0,0,0,False
Q96EU6,259.0,1,3,19.0,6.333333333333333,0.07335907335907337,3+,1,0,0,0,1,0,0,0,0,1,0,1,0,0,0,1,0,0,0,0,0,0,0,False
P09234,159.0,1,4,37.0,9.25,0.23270440251572327,3+,0,0,1,0,1,0,0,0,0,0,0,1,0,0,0,0,0,0,0,0,0,0,0,False
Q5JTZ9,985.0,3,2,21.0,10.5,0.02131979695431472,2,1,0,1,0,0,0,1,0,0,0,0,0,0,0,0,0,0,0,0,0,1,0,0,False
Q9Y235,224.0,0,0,0.0,,0.0,0,0,0,0,0,0,0,0,0,0,0,0,0,0,0,0,0,0,0,0,0,0,0,0,False
Q96J94,861.0,1,3,16.0,5.333333333333333,0.018583042973286876,3+,0,0,0,0,1,0,1,0,0,0,0,0,0,0,0,0,0,0,0,0,0,0,0,False
Q9BZI7,483.0,1,10,58.0,5.8,0.12008281573498965,3+,1,0,1,0,1,1,1,0,0,1,0,1,0,0,0,0,0,0,0,0,0,0,0,False
P62273,56.0,0,0,0.0,,0.0,0,0,0,0,0,0,0,0,0,0,0,0,0,0,0,0,0,0,0,0,0,0,0,0,False
Q92797,1274.0,1,4,29.0,7.25,0.022762951334379906,3+,0,0,1,0,1,1,0,0,0,0,0,1,0,0,0,1,0,1,0,0,0,0,0,False
P08579,225.0,0,0,0.0,,0.0,0,0,0,0,0,0,0,0,0,0,0,0,0,0,0,0,0,0,0,0,0,0,0,0,False
Q9Y3A5,250.0,0,0,0.0,,0.0,0,0,0,0,0,0,0,0,0,0,0,0,0,0,0,0,0,0,0,0,0,0,0,0,False
Q8IWZ8,645.0,1,4,24.0,6.0,0.037209302325581395,3+,1,0,0,1,0,1,1,0,0,0,0,1,0,0,0,0,0,0,0,0,0,0,0,False
P21506,573.0,0,0,0.0,,0.0,0,0,0,0,0,0,0,0,0,0,0,0,0,0,0,0,0,0,0,0,0,0,0,0,False
Q9UBQ5,218.0,0,0,0.0,,0.0,0,0,0,0,0,0,0,0,0,0,0,0,0,0,0,0,0,0,0,0,0,0,0,0,False
Q9UBS3,223.0,0,0,0.0,,0.0,0,0,0,0,0,0,0,0,0,0,0,0,0,0,0,0,0,0,0,0,0,0,0,0,False
P51116,673.0,1,7,58.0,8.285714285714286,0.0861812778603269,3+,1,1,1,0,1,1,1,0,0,0,0,1,0,0,0,0,0,0,0,0,0,0,0,False
P22090,263.0,0,0,0.0,,0.0,0,0,0,0,0,0,0,0,0,0,0,0,0,0,0,0,0,0,0,0,0,0,0,0,False
Q15415,496.0,1,3,18.0,6.0,0.036290322580645164,3+,0,0,0,1,0,0,1,0,0,0,0,0,0,0,1,0,0,0,0,0,0,0,0,False
Q92904,295.0,0,0,0.0,,0.0,0,0,0,0,0,0,0,0,0,0,0,0,0,0,0,0,0,0,0,0,0,0,0,0,False
Q8IX18,779.0,0,0,0.0,,0.0,0,0,0,0,0,0,0,0,0,0,0,0,0,0,0,0,0,0,0,0,0,0,0,0,False
P62249,146.0,0,0,0.0,,0.0,0,0,0,0,0,0,0,0,0,0,0,0,0,0,0,0,0,0,0,0,0,0,0,0,False
Q96Q11,434.0,0,0,0.0,,0.0,0,0,0,0,0,0,0,0,0,0,0,0,0,0,0,0,0,0,0,0,0,0,0,0,False
Q7Z478,1369.0,1,8,50.0,6.25,0.036523009495982466,3+,1,1,0,1,1,1,0,0,0,0,0,1,0,0,0,1,0,0,0,0,0,0,0,False
Q9H5Z1,703.0,0,0,0.0,,0.0,0,0,0,0,0,0,0,0,0,0,0,0,0,0,0,0,0,0,0,0,0,0,0,0,False
Q9BY77,421.0,0,0,0.0,,0.0,0,0,0,0,0,0,0,0,0,0,0,0,0,0,0,0,0,0,0,0,0,0,0,0,False
Q8IZ69,625.0,0,0,0.0,,0.0,0,0,0,0,0,0,0,0,0,0,0,0,0,0,0,0,0,0,0,0,0,0,0,0,False
Q96DF8,476.0,1,3,12.0,4.0,0.025210084033613446,3+,1,0,1,0,0,1,0,0,0,0,0,1,0,0,0,0,0,0,0,0,0,0,0,False
Q14151,953.0,1,18,129.0,7.166666666666667,0.1353620146904512,3+,0,1,1,1,1,1,1,0,1,1,0,1,0,0,1,0,0,0,0,0,0,0,1,False
Q9UK45,103.0,0,0,0.0,,0.0,0,0,0,0,0,0,0,0,0,0,0,0,0,0,0,0,0,0,0,0,0,0,0,0,False
Q96H86,408.0,0,0,0.0,,0.0,0,0,0,0,0,0,0,0,0,0,0,0,0,0,0,0,0,0,0,0,0,0,0,0,False
P41091,472.0,0,0,0.0,,0.0,0,0,0,0,0,0,0,0,0,0,0,0,0,0,0,0,0,0,0,0,0,0,0,0,False
Q9BQ67,446.0,2,1,13.0,13.0,0.02914798206278027,1,0,0,0,0,0,1,0,0,0,0,0,0,0,0,0,0,0,0,0,0,0,0,0,False
Q8WUA2,492.0,1,8,51.0,6.375,0.10365853658536585,3+,0,0,1,0,1,1,1,0,0,1,0,1,0,0,0,0,0,0,0,0,0,1,0,False
P82663,173.0,2,1,5.0,5.0,0.028901734104046242,1,0,0,1,0,0,1,0,0,0,0,0,0,0,0,0,0,0,0,0,0,0,0,0,False
P61353,136.0,0,0,0.0,,0.0,0,0,0,0,0,0,0,0,0,0,0,0,0,0,0,0,0,0,0,0,0,0,0,0,False
P09661,255.0,0,0,0.0,,0.0,0,0,0,0,0,0,0,0,0,0,0,0,0,0,0,0,0,0,0,0,0,0,0,0,False
Q9H9Z2,209.0,3,2,10.0,5.0,0.04784688995215311,2,0,0,1,0,0,1,0,0,0,0,0,1,0,0,0,0,0,0,0,0,0,0,0,False
P19474,475.0,0,0,0.0,,0.0,0,0,0,0,0,0,0,0,0,0,0,0,0,0,0,0,0,0,0,0,0,0,0,0,False
O43159,456.0,1,5,35.0,7.0,0.07675438596491228,3+,0,0,0,0,1,0,0,0,0,1,0,1,0,0,0,0,0,0,0,0,0,0,0,False
Q96EY7,689.0,3,2,19.0,9.5,0.027576197387518143,2,0,0,0,0,0,1,0,0,0,0,0,0,0,0,0,1,0,0,0,0,0,0,0,False
P57772,596.0,0,0,0.0,,0.0,0,0,0,0,0,0,0,0,0,0,0,0,0,0,0,0,0,0,0,0,0,0,0,0,False
Q12849,480.0,1,4,28.0,7.0,0.058333333333333334,3+,0,0,1,0,1,0,0,0,0,0,0,1,0,0,0,1,0,0,0,0,0,0,0,False
Q9NQZ2,479.0,1,8,54.0,6.75,0.1127348643006263,3+,0,0,1,0,1,1,1,0,1,1,0,0,0,0,0,0,0,0,0,0,0,0,0,False
O95218,330.0,1,9,110.0,12.222222222222221,0.3333333333333333,3+,0,0,1,0,1,1,1,0,0,1,0,1,0,0,0,0,0,0,0,0,0,1,0,False
O75616,437.0,0,0,0.0,,0.0,0,0,0,0,0,0,0,0,0,0,0,0,0,0,0,0,0,0,0,0,0,0,0,0,False
Q9UKK6,140.0,0,0,0.0,,0.0,0,0,0,0,0,0,0,0,0,0,0,0,0,0,0,0,0,0,0,0,0,0,0,0,False
P38935,993.0,3,2,9.0,4.5,0.00906344410876133,2,0,0,0,1,1,0,0,0,0,1,0,0,0,0,0,0,0,0,0,0,1,0,0,False
Q96MP5,696.0,0,0,0.0,,0.0,0,0,0,0,0,0,0,0,0,0,0,0,0,0,0,0,0,0,0,0,0,0,0,0,False
Q9BXT8,1623.0,0,0,0.0,,0.0,0,0,0,0,0,0,0,0,0,0,0,0,0,0,0,0,0,0,0,0,0,0,0,0,False
O15397,1037.0,1,3,15.0,5.0,0.01446480231436837,3+,0,0,0,0,1,1,0,0,0,0,0,0,0,0,0,0,0,0,0,0,0,0,0,False
Q9P031,241.0,1,4,21.0,5.25,0.08713692946058091,3+,1,0,0,0,1,0,0,0,0,1,0,0,0,0,0,0,0,0,0,0,0,0,0,False
P05198,315.0,0,0,0.0,,0.0,0,0,0,0,0,0,0,0,0,0,0,0,0,0,0,0,0,0,0,0,0,0,0,0,False
P82909,103.0,0,0,0.0,,0.0,0,0,0,0,0,0,0,0,0,0,0,0,0,0,0,0,0,0,0,0,0,0,0,0,False
Q76MJ5,926.0,2,1,5.0,5.0,0.005399568034557235,1,0,0,0,0,1,0,0,0,0,0,0,0,0,0,0,1,0,0,0,0,0,0,0,False
O43776,548.0,0,0,0.0,,0.0,0,0,0,0,0,0,0,0,0,0,0,0,0,0,0,0,0,0,0,0,0,0,0,0,False
Q5TAX3,1644.0,1,7,36.0,5.142857142857143,0.021897810218978103,3+,0,0,1,0,1,1,0,0,0,1,0,1,0,0,0,1,0,0,0,0,0,0,0,False
Q8NAV1,312.0,1,4,52.0,13.0,0.16666666666666666,3+,0,0,1,0,1,1,1,0,0,0,0,0,0,0,0,0,0,0,0,0,0,1,0,False
Q86YF9,867.0,1,6,35.0,5.833333333333333,0.040369088811995385,3+,0,0,0,0,0,1,1,0,0,1,0,1,0,0,0,0,0,0,0,0,0,0,0,False
Q9HA77,564.0,2,1,5.0,5.0,0.008865248226950355,1,0,0,1,0,0,0,1,0,0,0,0,0,0,0,0,0,0,0,0,0,0,0,0,False
O43347,362.0,2,1,8.0,8.0,0.022099447513812154,1,0,0,0,0,1,0,0,0,0,0,0,1,0,0,0,0,0,0,0,0,0,0,0,False
Q15646,514.0,0,0,0.0,,0.0,0,0,0,0,0,0,0,0,0,0,0,0,0,0,0,0,0,0,0,0,0,0,0,0,False
A4D1B5,854.0,1,3,21.0,7.0,0.02459016393442623,3+,0,0,0,0,0,0,0,0,1,0,0,0,0,0,0,0,0,0,1,0,0,0,1,False
Q504Q3,1202.0,1,3,15.0,5.0,0.012479201331114808,3+,0,0,0,0,1,0,0,0,1,0,0,1,0,0,0,1,0,0,0,0,0,0,0,False
Q96K80,434.0,1,5,47.0,9.4,0.10829493087557604,3+,0,0,1,0,1,0,0,0,0,0,0,1,0,0,0,0,0,0,1,0,0,0,0,False
Q96EL3,112.0,0,0,0.0,,0.0,0,0,0,0,0,0,0,0,0,0,0,0,0,0,0,0,0,0,0,0,0,0,0,0,False
Q14146,1524.0,1,5,27.0,5.4,0.017716535433070866,3+,0,0,1,0,1,0,0,0,0,1,0,0,0,0,0,1,0,0,0,0,0,0,0,False
Q9H9J2,332.0,0,0,0.0,,0.0,0,0,0,0,0,0,0,0,0,0,0,0,0,0,0,0,0,0,0,0,0,0,0,0,False
O60573,245.0,0,0,0.0,,0.0,0,0,0,0,0,0,0,0,0,0,0,0,0,0,0,0,0,0,0,0,0,0,0,0,False
P82933,396.0,0,0,0.0,,0.0,0,0,0,0,0,0,0,0,0,0,0,0,0,0,0,0,0,0,0,0,0,0,0,0,False
O00425,579.0,0,0,0.0,,0.0,0,0,0,0,0,0,0,0,0,0,0,0,0,0,0,0,0,0,0,0,0,0,0,0,False
Q9NY93,547.0,0,0,0.0,,0.0,0,0,0,0,0,0,0,0,0,0,0,0,0,0,0,0,0,0,0,0,0,0,0,0,False
P48200,963.0,0,0,0.0,,0.0,0,0,0,0,0,0,0,0,0,0,0,0,0,0,0,0,0,0,0,0,0,0,0,0,False
Q07955,248.0,1,4,40.0,10.0,0.16129032258064516,3+,1,0,1,1,1,0,1,0,0,0,0,1,0,0,0,0,0,0,0,0,0,1,0,False
Q9BX63,1249.0,0,0,0.0,,0.0,0,0,0,0,0,0,0,0,0,0,0,0,0,0,0,0,0,0,0,0,0,0,0,0,False
P42766,123.0,0,0,0.0,,0.0,0,0,0,0,0,0,0,0,0,0,0,0,0,0,0,0,0,0,0,0,0,0,0,0,False
O60518,1105.0,3,2,13.0,6.5,0.011764705882352941,2,0,0,0,0,0,0,0,0,0,0,0,1,0,0,0,1,0,0,0,0,0,0,0,False
Q92759,462.0,0,0,0.0,,0.0,0,0,0,0,0,0,0,0,0,0,0,0,0,0,0,0,0,0,0,0,0,0,0,0,False
O43422,761.0,0,0,0.0,,0.0,0,0,0,0,0,0,0,0,0,0,0,0,0,0,0,0,0,0,0,0,0,0,0,0,False
Q96RS0,853.0,1,4,29.0,7.25,0.03399765533411489,3+,0,0,0,0,1,1,0,0,0,1,0,0,0,0,0,0,0,0,0,0,0,0,0,False
Q9BRD0,619.0,1,14,70.0,5.0,0.11308562197092084,3+,1,0,0,0,1,1,1,0,0,1,0,1,0,0,0,0,0,0,0,0,0,0,0,False
P42704,1394.0,1,4,19.0,4.75,0.013629842180774749,3+,0,0,0,0,0,0,0,0,0,0,0,0,0,0,0,1,0,0,0,0,0,0,0,False
Q9UK59,544.0,1,3,15.0,5.0,0.027573529411764705,3+,0,0,1,0,1,1,0,0,0,0,0,0,0,0,0,0,0,0,0,0,0,0,0,False
Q99728,777.0,1,4,18.0,4.5,0.023166023166023165,3+,0,0,0,0,0,0,0,0,0,1,0,1,0,0,0,1,0,1,0,0,0,0,0,False
Q9NRN9,209.0,0,0,0.0,,0.0,0,0,0,0,0,0,0,0,0,0,0,0,0,0,0,0,0,0,0,0,0,0,0,0,False
P05455,408.0,1,3,15.0,5.0,0.03676470588235294,3+,0,0,1,1,0,0,0,0,0,1,0,1,0,0,0,0,0,0,0,0,0,0,0,False
Q9GZL7,423.0,2,1,4.0,4.0,0.009456264775413711,1,0,0,0,0,0,0,0,0,0,0,0,0,0,0,0,0,0,0,0,0,1,0,0,False
Q32P41,509.0,0,0,0.0,,0.0,0,0,0,0,0,0,0,0,0,0,0,0,0,0,0,0,0,0,0,0,0,0,0,0,False
Q96BP3,646.0,1,4,28.0,7.0,0.043343653250773995,3+,0,0,0,0,0,1,1,0,0,0,0,0,0,1,0,1,0,0,0,0,0,0,0,False
Q96IC2,774.0,2,1,4.0,4.0,0.00516795865633075,1,0,0,0,0,1,1,0,0,0,0,0,0,0,0,0,0,0,0,0,0,0,0,0,False
P60900,246.0,0,0,0.0,,0.0,0,0,0,0,0,0,0,0,0,0,0,0,0,0,0,0,0,0,0,0,0,0,0,0,False
Q13573,536.0,3,2,13.0,6.5,0.024253731343283583,2,0,0,0,0,0,1,0,0,0,0,0,1,0,0,0,0,0,0,0,0,0,0,0,False
Q96FV9,657.0,0,0,0.0,,0.0,0,0,0,0,0,0,0,0,0,0,0,0,0,0,0,0,0,0,0,0,0,0,0,0,False
O75691,2785.0,1,12,66.0,5.5,0.0236983842010772,3+,1,0,1,0,1,1,0,0,0,1,0,1,0,0,0,1,0,0,0,0,0,0,0,False
Q9NYH9,597.0,0,0,0.0,,0.0,0,0,0,0,0,0,0,0,0,0,0,0,0,0,0,0,0,0,0,0,0,0,0,0,False
P49588,968.0,0,0,0.0,,0.0,0,0,0,0,0,0,0,0,0,0,0,0,0,0,0,0,0,0,0,0,0,0,0,0,False
O60563,726.0,1,5,34.0,6.8,0.046831955922865015,3+,0,0,0,0,0,0,0,1,1,0,0,1,0,0,0,0,0,0,0,0,0,0,0,False
Q9ULM6,557.0,0,0,0.0,,0.0,0,0,0,0,0,0,0,0,0,0,0,0,0,0,0,0,0,0,0,0,0,0,0,0,False
P56192,900.0,3,2,8.0,4.0,0.008888888888888889,2,0,0,1,0,1,1,0,0,0,1,0,0,0,0,0,0,0,0,0,0,0,0,0,False
Q15434,407.0,0,0,0.0,,0.0,0,0,0,0,0,0,0,0,0,0,0,0,0,0,0,0,0,0,0,0,0,0,0,0,False
Q15185,160.0,0,0,0.0,,0.0,0,0,0,0,0,0,0,0,0,0,0,0,0,0,0,0,0,0,0,0,0,0,0,0,False
P49790,1475.0,1,21,133.0,6.333333333333333,0.09016949152542372,3+,0,0,1,1,1,1,0,0,1,0,0,1,0,0,1,0,0,1,0,0,1,0,0,False
O15105,426.0,1,4,24.0,6.0,0.056338028169014086,3+,0,0,0,0,0,0,0,0,0,0,0,1,0,0,0,0,0,0,0,0,0,0,0,False
Q9Y473,711.0,2,1,6.0,6.0,0.008438818565400843,1,0,0,1,0,0,0,0,0,0,1,0,0,0,0,0,0,0,0,0,0,0,0,0,False
O75113,896.0,0,0,0.0,,0.0,0,0,0,0,0,0,0,0,0,0,0,0,0,0,0,0,0,0,0,0,0,0,0,0,False
Q14562,1220.0,1,4,40.0,10.0,0.03278688524590164,3+,0,0,1,0,1,0,1,0,0,0,0,0,0,0,0,0,0,0,0,0,0,1,0,False
Q6P1Q9,378.0,0,0,0.0,,0.0,0,0,0,0,0,0,0,0,0,0,0,0,0,0,0,0,0,0,0,0,0,0,0,0,False
Q8TDI0,1954.0,1,16,115.0,7.1875,0.05885363357215967,3+,0,0,1,0,1,1,0,0,0,1,0,1,0,0,1,0,0,0,0,0,0,0,0,False
Q6ZRS2,3230.0,1,60,415.0,6.916666666666667,0.12848297213622292,3+,0,0,1,1,1,1,1,0,1,0,0,1,0,0,1,1,0,0,1,0,1,0,1,False
O15047,1707.0,1,28,309.0,11.035714285714286,0.18101933216168717,3+,0,0,0,0,1,1,1,0,0,0,0,1,0,0,0,0,0,0,1,0,0,0,0,False
Q9UEG4,869.0,1,5,26.0,5.2,0.02991944764096663,3+,0,0,0,0,1,1,0,0,0,0,0,0,0,0,1,1,0,0,0,0,0,0,0,False
Q8IXZ2,948.0,1,13,87.0,6.6923076923076925,0.09177215189873418,3+,0,0,1,0,1,1,1,0,0,0,0,1,0,0,0,0,0,0,0,0,0,0,0,False
Q9UKV3,1341.0,1,26,203.0,7.8076923076923075,0.15137956748695003,3+,0,0,0,0,1,1,1,0,0,1,0,1,0,0,0,0,1,0,0,0,0,1,1,False
Q06830,199.0,0,0,0.0,,0.0,0,0,0,0,0,0,0,0,0,0,0,0,0,0,0,0,0,0,0,0,0,0,0,0,False
Q92900,1129.0,3,2,30.0,15.0,0.026572187776793623,2,0,0,1,0,1,0,0,0,0,0,0,1,0,0,0,0,0,0,0,0,0,0,0,False
P55199,621.0,2,1,6.0,6.0,0.00966183574879227,1,0,0,0,0,0,0,0,0,0,1,0,0,0,0,0,0,0,0,0,0,0,0,0,False
Q9Y3Z3,626.0,0,0,0.0,,0.0,0,0,0,0,0,0,0,0,0,0,0,0,0,0,0,0,0,0,0,0,0,0,0,0,False
Q9UPR6,939.0,1,9,55.0,6.111111111111111,0.058572949946751864,3+,1,0,1,1,1,1,1,0,1,0,0,1,0,0,0,0,1,0,0,0,0,0,0,False
O00418,725.0,0,0,0.0,,0.0,0,0,0,0,0,0,0,0,0,0,0,0,0,0,0,0,0,0,0,0,0,0,0,0,False
Q86US8,1419.0,1,10,60.0,6.0,0.042283298097251586,3+,1,1,0,1,1,1,1,0,1,0,0,0,0,0,1,1,0,0,0,1,0,0,0,False
Q8WYQ5,773.0,2,1,4.0,4.0,0.00517464424320828,1,0,0,0,0,1,0,0,0,0,0,0,1,0,0,0,0,0,0,0,0,0,0,0,False
Q9NVP1,670.0,3,2,15.0,7.5,0.022388059701492536,2,0,0,0,0,1,0,1,0,0,1,0,0,0,0,0,0,0,0,0,0,0,0,0,False
Q9UNW9,492.0,1,8,79.0,9.875,0.16056910569105692,3+,0,1,0,1,0,0,0,0,0,0,0,1,0,0,0,0,0,0,0,0,0,0,0,False
O75530,441.0,0,0,0.0,,0.0,0,0,0,0,0,0,0,0,0,0,0,0,0,0,0,0,0,0,0,0,0,0,0,0,False
Q9H0J9,701.0,0,0,0.0,,0.0,0,0,0,0,0,0,0,0,0,0,0,0,0,0,0,0,0,0,0,0,0,0,0,0,False
Q9UHL0,483.0,0,0,0.0,,0.0,0,0,0,0,0,0,0,0,0,0,0,0,0,0,0,0,0,0,0,0,0,0,0,0,False
Q96C86,337.0,0,0,0.0,,0.0,0,0,0,0,0,0,0,0,0,0,0,0,0,0,0,0,0,0,0,0,0,0,0,0,False
Q9NRX1,252.0,0,0,0.0,,0.0,0,0,0,0,0,0,0,0,0,0,0,0,0,0,0,0,0,0,0,0,0,0,0,0,False
Q96DI7,357.0,2,1,4.0,4.0,0.011204481792717087,1,0,0,0,0,0,0,0,0,0,0,0,0,0,0,0,0,0,0,0,0,1,0,0,False
Q8N5C6,995.0,0,0,0.0,,0.0,0,0,0,0,0,0,0,0,0,0,0,0,0,0,0,0,0,0,0,0,0,0,0,0,False
Q9P2K8,1649.0,1,4,28.0,7.0,0.016979987871437233,3+,0,0,0,0,1,1,1,0,0,0,0,0,0,0,0,1,0,0,0,0,0,0,0,False
Q9BSC4,688.0,1,3,15.0,5.0,0.02180232558139535,3+,0,1,1,0,0,1,0,0,0,0,0,0,0,0,0,0,0,0,0,0,0,0,0,False
O60583,730.0,1,5,50.0,10.0,0.0684931506849315,3+,0,0,0,0,0,0,0,0,1,0,0,1,0,0,0,0,0,0,0,0,0,0,0,False
Q5FWF4,1079.0,2,1,4.0,4.0,0.0037071362372567192,1,0,0,0,0,1,0,0,0,0,0,0,1,0,0,0,0,0,0,0,0,0,0,0,False
Q15032,1099.0,1,13,80.0,6.153846153846154,0.07279344858962693,3+,0,0,1,0,1,1,0,0,0,0,0,1,0,0,1,0,0,0,0,0,0,0,1,False
P14868,501.0,0,0,0.0,,0.0,0,0,0,0,0,0,0,0,0,0,0,0,0,0,0,0,0,0,0,0,0,0,0,0,False
O43432,1585.0,1,14,91.0,6.5,0.05741324921135647,3+,0,0,0,1,1,1,0,0,1,1,0,1,0,0,0,0,0,1,0,0,0,0,0,False
Q8NC60,698.0,0,0,0.0,,0.0,0,0,0,0,0,0,0,0,0,0,0,0,0,0,0,0,0,0,0,0,0,0,0,0,False
Q96RP9,751.0,0,0,0.0,,0.0,0,0,0,0,0,0,0,0,0,0,0,0,0,0,0,0,0,0,0,0,0,0,0,0,False
Q9Y2X3,529.0,1,7,48.0,6.857142857142857,0.09073724007561437,3+,1,0,0,1,1,1,0,0,0,1,0,0,0,0,0,0,0,0,0,0,0,0,0,False
O15234,703.0,1,10,71.0,7.1,0.10099573257467995,3+,0,0,1,0,1,1,0,0,1,0,0,1,0,0,1,0,0,0,1,0,0,0,0,False
Q14CZ7,662.0,0,0,0.0,,0.0,0,0,0,0,0,0,0,0,0,0,0,0,0,0,0,0,0,0,0,0,0,0,0,0,False
Q9NXL6,827.0,2,1,4.0,4.0,0.0048367593712212815,1,1,0,0,0,0,0,0,0,0,0,0,1,0,0,0,0,0,0,0,0,0,0,0,False
Q9UBK2,798.0,1,8,45.0,5.625,0.05639097744360902,3+,0,0,1,0,1,0,0,0,1,1,0,1,0,0,0,0,0,0,0,0,0,1,0,False
Q96KR1,1074.0,1,14,133.0,9.5,0.12383612662942271,3+,0,1,1,1,1,1,0,0,1,1,0,1,0,0,1,0,0,0,0,0,0,0,0,False
Q17RY0,729.0,1,7,52.0,7.428571428571429,0.07133058984910837,3+,0,0,0,0,1,0,0,1,1,0,0,1,0,0,1,0,0,1,0,0,0,0,0,False
Q96J01,351.0,0,0,0.0,,0.0,0,0,0,0,0,0,0,0,0,0,0,0,0,0,0,0,0,0,0,0,0,0,0,0,False
Q9UNX3,145.0,0,0,0.0,,0.0,0,0,0,0,0,0,0,0,0,0,0,0,0,0,0,0,0,0,0,0,0,0,0,0,False
Q9H089,658.0,1,4,18.0,4.5,0.02735562310030395,3+,0,0,0,0,1,1,0,0,0,0,0,0,0,0,0,0,0,0,0,0,0,0,0,False
Q9P2N5,1060.0,1,12,114.0,9.5,0.10754716981132076,3+,0,1,1,1,1,1,1,0,0,0,0,1,0,0,0,0,0,0,0,1,0,1,0,False
Q9HAV4,1204.0,2,1,6.0,6.0,0.0049833887043189366,1,0,0,0,0,1,0,0,0,0,0,0,0,0,0,0,0,0,0,0,0,0,0,1,False
Q15024,291.0,0,0,0.0,,0.0,0,0,0,0,0,0,0,0,0,0,0,0,0,0,0,0,0,0,0,0,0,0,0,0,False
O95620,317.0,0,0,0.0,,0.0,0,0,0,0,0,0,0,0,0,0,0,0,0,0,0,0,0,0,0,0,0,0,0,0,False
P51531,1590.0,1,19,172.0,9.052631578947368,0.10817610062893082,3+,0,0,1,1,1,1,1,0,0,1,0,1,0,0,0,1,0,1,0,0,0,0,0,False
P31942,346.0,1,7,36.0,5.142857142857143,0.10404624277456648,3+,0,0,1,1,1,0,1,0,1,0,0,1,0,0,1,1,0,0,0,0,0,0,0,False
O14981,1849.0,0,0,0.0,,0.0,0,0,0,0,0,0,0,0,0,0,0,0,0,0,0,0,0,0,0,0,0,0,0,0,False
P78332,1123.0,1,17,104.0,6.117647058823529,0.09260908281389137,3+,0,0,1,0,1,1,1,0,0,1,0,1,0,0,1,0,0,0,0,0,0,0,1,False
O94906,941.0,1,9,42.0,4.666666666666667,0.044633368756641874,3+,1,0,1,0,1,1,1,0,0,1,0,0,0,0,0,1,0,0,0,0,0,0,0,False
P49770,351.0,0,0,0.0,,0.0,0,0,0,0,0,0,0,0,0,0,0,0,0,0,0,0,0,0,0,0,0,0,0,0,False
Q8TBF4,217.0,1,3,25.0,8.333333333333334,0.1152073732718894,3+,0,0,1,0,1,1,0,0,0,1,0,0,0,0,0,0,0,0,0,0,0,0,0,False
Q15633,366.0,1,3,16.0,5.333333333333333,0.04371584699453552,3+,0,1,0,1,1,0,0,0,0,0,0,1,0,0,0,1,0,0,0,0,1,0,0,False
Q5T8P6,1007.0,1,17,119.0,7.0,0.11817279046673287,3+,0,0,1,1,0,1,1,0,1,1,0,1,0,0,0,0,0,0,0,1,1,1,0,False
A7MD48,611.0,1,14,156.0,11.142857142857142,0.2553191489361702,3+,1,1,1,0,1,0,1,0,1,1,0,1,0,0,0,0,0,0,0,0,0,1,0,False
Q5VZF2,373.0,2,1,12.0,12.0,0.032171581769437,1,0,0,0,0,1,0,0,0,0,0,0,1,0,0,0,0,0,0,0,0,0,0,0,False
Q8IZP6,322.0,0,0,0.0,,0.0,0,0,0,0,0,0,0,0,0,0,0,0,0,0,0,0,0,0,0,0,0,0,0,0,False
Q86U38,636.0,1,3,19.0,6.333333333333333,0.029874213836477988,3+,1,1,0,0,0,1,0,0,0,0,0,0,0,0,0,1,0,0,0,0,0,0,0,False
A0A0A0MQW0,576.0,1,4,20.0,5.0,0.034722222222222224,3+,0,0,0,1,1,0,0,0,1,0,0,1,0,0,0,1,0,0,0,0,0,0,0,False
P37108,136.0,1,3,33.0,11.0,0.2426470588235294,3+,0,0,1,0,0,0,1,0,0,0,0,1,0,0,0,0,0,0,0,0,0,0,0,False
Q9GZS3,305.0,0,0,0.0,,0.0,0,0,0,0,0,0,0,0,0,0,0,0,0,0,0,0,0,0,0,0,0,0,0,0,False
Q92620,1227.0,1,11,57.0,5.181818181818182,0.04645476772616137,3+,0,0,1,0,1,1,1,0,0,0,0,1,0,0,0,0,0,0,0,0,0,0,1,False
Q9NX01,149.0,0,0,0.0,,0.0,0,0,0,0,0,0,0,0,0,0,0,0,0,0,0,0,0,0,0,0,0,0,0,0,False
Q8WYQ9,949.0,1,10,77.0,7.7,0.08113804004214963,3+,0,0,1,0,1,1,0,1,1,0,0,1,0,0,1,0,0,1,0,0,0,0,0,False
Q8NCV1,583.0,0,0,0.0,,0.0,0,0,0,0,0,0,0,0,0,0,0,0,0,0,0,0,0,0,0,0,0,0,0,0,False
Q92901,407.0,0,0,0.0,,0.0,0,0,0,0,0,0,0,0,0,0,0,0,0,0,0,0,0,0,0,0,0,0,0,0,False
Q9ULX3,412.0,3,2,13.0,6.5,0.03155339805825243,2,0,0,0,0,1,1,0,0,0,0,0,0,0,0,0,0,0,0,0,0,0,0,0,False
P83876,142.0,0,0,0.0,,0.0,0,0,0,0,0,0,0,0,0,0,0,0,0,0,0,0,0,0,0,0,0,0,0,0,False
O43823,692.0,1,10,69.0,6.9,0.09971098265895954,3+,0,0,1,0,1,1,1,0,0,0,0,1,0,0,1,0,0,0,0,0,0,0,0,False
Q96L12,384.0,2,1,6.0,6.0,0.015625,1,0,0,0,0,1,1,0,0,0,0,0,0,0,0,0,0,0,0,0,0,0,0,0,False
Q9H0W8,520.0,1,7,46.0,6.571428571428571,0.08846153846153847,3+,0,0,0,0,0,0,1,0,1,0,0,1,0,0,0,0,0,0,0,0,0,0,0,False
P62280,158.0,0,0,0.0,,0.0,0,0,0,0,0,0,0,0,0,0,0,0,0,0,0,0,0,0,0,0,0,0,0,0,False
Q15427,424.0,1,10,89.0,8.9,0.2099056603773585,3+,0,0,1,0,1,0,0,0,1,0,0,1,0,0,0,0,0,0,0,0,0,0,0,False
P41214,584.0,2,1,5.0,5.0,0.008561643835616438,1,0,0,0,0,1,0,0,0,0,0,0,1,0,0,0,0,0,0,0,0,0,0,0,False
P62979,156.0,0,0,0.0,,0.0,0,0,0,0,0,0,0,0,0,0,0,0,0,0,0,0,0,0,0,0,0,0,0,0,False
P62308,76.0,0,0,0.0,,0.0,0,0,0,0,0,0,0,0,0,0,0,0,0,0,0,0,0,0,0,0,0,0,0,0,False
Q9HC10,1997.0,1,9,62.0,6.888888888888889,0.03104656985478217,3+,0,0,0,0,1,1,1,0,0,1,0,0,0,0,0,1,0,0,0,0,0,0,0,False
P82675,430.0,3,2,10.0,5.0,0.023255813953488372,2,1,0,0,0,0,0,0,0,0,1,0,0,0,0,0,0,0,0,0,0,0,0,0,False
O75319,330.0,0,0,0.0,,0.0,0,0,0,0,0,0,0,0,0,0,0,0,0,0,0,0,0,0,0,0,0,0,0,0,False
O15514,142.0,0,0,0.0,,0.0,0,0,0,0,0,0,0,0,0,0,0,0,0,0,0,0,0,0,0,0,0,0,0,0,False
Q92600,299.0,0,0,0.0,,0.0,0,0,0,0,0,0,0,0,0,0,0,0,0,0,0,0,0,0,0,0,0,0,0,0,False
Q9P0L1,754.0,0,0,0.0,,0.0,0,0,0,0,0,0,0,0,0,0,0,0,0,0,0,0,0,0,0,0,0,0,0,0,False
Q8WTS6,366.0,0,0,0.0,,0.0,0,0,0,0,0,0,0,0,0,0,0,0,0,0,0,0,0,0,0,0,0,0,0,0,False
Q96HR8,494.0,1,5,63.0,12.6,0.12753036437246965,3+,0,0,0,0,1,0,0,0,0,0,0,1,0,0,0,0,0,0,0,0,0,0,0,False
Q9BRX2,385.0,0,0,0.0,,0.0,0,0,0,0,0,0,0,0,0,0,0,0,0,0,0,0,0,0,0,0,0,0,0,0,False
Q96NC0,199.0,0,0,0.0,,0.0,0,0,0,0,0,0,0,0,0,0,0,0,0,0,0,0,0,0,0,0,0,0,0,0,False
Q9ULW3,272.0,3,2,19.0,9.5,0.06985294117647059,2,0,0,0,0,0,1,1,0,0,0,0,0,0,0,0,0,0,0,0,0,0,0,0,False
Q96PU8,341.0,0,0,0.0,,0.0,0,0,0,0,0,0,0,0,0,0,0,0,0,0,0,0,0,0,0,0,0,0,0,0,False
V9GYA0,39.0,0,0,0.0,,0.0,0,0,0,0,0,0,0,0,0,0,0,0,0,0,0,0,0,0,0,0,0,0,0,0,False
Q96H79,300.0,0,0,0.0,,0.0,0,0,0,0,0,0,0,0,0,0,0,0,0,0,0,0,0,0,0,0,0,0,0,0,False
Q5C9Z4,860.0,1,9,55.0,6.111111111111111,0.06395348837209303,3+,0,0,1,0,1,1,1,0,0,1,0,1,0,0,1,0,0,0,0,0,0,0,0,False
Q9NZB2,1118.0,1,9,56.0,6.222222222222222,0.05008944543828265,3+,0,0,0,0,0,0,0,0,1,1,0,1,0,0,1,0,0,0,0,1,0,0,0,False
P49589,748.0,0,0,0.0,,0.0,0,0,0,0,0,0,0,0,0,0,0,0,0,0,0,0,0,0,0,0,0,0,0,0,False
Q9C0D7,883.0,3,2,10.0,5.0,0.011325028312570781,2,0,0,0,0,1,1,0,0,0,0,0,1,0,0,0,0,0,0,0,0,0,0,0,False
Q13405,166.0,0,0,0.0,,0.0,0,0,0,0,0,0,0,0,0,0,0,0,0,0,0,0,0,0,0,0,0,0,0,0,False
Q53EL6,469.0,0,0,0.0,,0.0,0,0,0,0,0,0,0,0,0,0,0,0,0,0,0,0,0,0,0,0,0,0,0,0,False
Q9UK39,431.0,1,4,27.0,6.75,0.06264501160092807,3+,1,0,0,0,1,0,0,0,0,0,0,1,1,0,0,0,0,0,0,0,0,0,0,False
Q8IZD4,617.0,3,2,15.0,7.5,0.024311183144246355,2,0,0,0,1,0,0,0,0,0,0,0,1,0,0,0,0,0,0,0,0,0,0,0,False
Q96LB4,118.0,0,0,0.0,,0.0,0,0,0,0,0,0,0,0,0,0,0,0,0,0,0,0,0,0,0,0,0,0,0,0,False
Q5VWX1,349.0,1,5,40.0,8.0,0.11461318051575932,3+,0,0,1,0,1,0,0,0,0,0,0,1,0,0,0,0,0,0,0,1,0,0,0,False
Q9H974,415.0,0,0,0.0,,0.0,0,0,0,0,0,0,0,0,0,0,0,0,0,0,0,0,0,0,0,0,0,0,0,0,False
Q8N442,669.0,0,0,0.0,,0.0,0,0,0,0,0,0,0,0,0,0,0,0,0,0,0,0,0,0,0,0,0,0,0,0,False
Q9H361,631.0,1,3,18.0,6.0,0.028526148969889066,3+,0,1,0,1,0,0,0,0,0,0,0,1,0,0,0,1,0,0,0,0,0,0,0,False
Q8TBY0,533.0,2,1,4.0,4.0,0.0075046904315197,1,0,0,1,0,0,0,0,0,0,0,0,1,0,0,0,0,0,0,0,0,0,0,0,False
Q9NSD9,589.0,0,0,0.0,,0.0,0,0,0,0,0,0,0,0,0,0,0,0,0,0,0,0,0,0,0,0,0,0,0,0,False
Q5W0B1,726.0,1,8,38.0,4.75,0.05234159779614325,3+,0,0,0,0,0,1,0,0,0,1,0,1,0,0,0,0,0,0,0,0,1,0,0,False
Q5T200,1668.0,1,34,278.0,8.176470588235293,0.16666666666666666,3+,0,0,1,0,1,1,1,0,0,1,1,1,0,0,1,0,1,1,1,0,0,0,1,False
Q2TBE0,894.0,1,7,49.0,7.0,0.05480984340044743,3+,0,0,1,0,1,1,0,0,0,1,0,1,0,0,0,0,0,0,0,0,0,0,0,False
Q96GW9,593.0,0,0,0.0,,0.0,0,0,0,0,0,0,0,0,0,0,0,0,0,0,0,0,0,0,0,0,0,0,0,0,False
P47974,494.0,1,13,104.0,8.0,0.21052631578947367,3+,0,0,1,0,1,0,0,0,0,0,0,1,0,0,1,0,0,0,0,0,0,0,0,False
F8W8I6,385.0,0,0,0.0,,0.0,0,0,0,0,0,0,0,0,0,0,0,0,0,0,0,0,0,0,0,0,0,0,0,0,False
Q9BVS4,552.0,0,0,0.0,,0.0,0,0,0,0,0,0,0,0,0,0,0,0,0,0,0,0,0,0,0,0,0,0,0,0,False
P49792,3224.0,1,11,52.0,4.7272727272727275,0.016129032258064516,3+,0,0,0,0,1,1,0,0,0,1,0,1,0,0,1,0,0,0,1,0,0,0,0,False
Q8TF42,649.0,0,0,0.0,,0.0,0,0,0,0,0,0,0,0,0,0,0,0,0,0,0,0,0,0,0,0,0,0,0,0,False
Q8NCE0,465.0,0,0,0.0,,0.0,0,0,0,0,0,0,0,0,0,0,0,0,0,0,0,0,0,0,0,0,0,0,0,0,False
Q68D06,897.0,0,0,0.0,,0.0,0,0,0,0,0,0,0,0,0,0,0,0,0,0,0,0,0,0,0,0,0,0,0,0,False
Q9BYG3,293.0,3,2,11.0,5.5,0.03754266211604096,2,0,0,0,0,1,0,0,0,0,1,0,0,0,0,0,0,0,0,0,0,0,0,0,False
Q8TEQ6,1508.0,1,7,38.0,5.428571428571429,0.025198938992042442,3+,0,0,0,0,0,1,0,0,0,1,0,1,0,0,0,1,0,0,0,0,0,0,0,False
Q8IUH3,476.0,0,0,0.0,,0.0,0,0,0,0,0,0,0,0,0,0,0,0,0,0,0,0,0,0,0,0,0,0,0,0,False
Q9H2H8,161.0,0,0,0.0,,0.0,0,0,0,0,0,0,0,0,0,0,0,0,0,0,0,0,0,0,0,0,0,0,0,0,False
P83369,360.0,0,0,0.0,,0.0,0,0,0,0,0,0,0,0,0,0,0,0,0,0,0,0,0,0,0,0,0,0,0,0,False
O95104,1147.0,1,24,229.0,9.541666666666666,0.1996512641673932,3+,0,0,1,0,1,0,1,0,1,0,0,1,0,0,0,0,0,1,1,0,0,1,0,False
O43541,496.0,1,8,49.0,6.125,0.09879032258064516,3+,0,0,0,0,0,0,1,0,0,0,0,1,0,0,1,1,0,0,0,0,0,0,0,False
Q9NRX2,175.0,0,0,0.0,,0.0,0,0,0,0,0,0,0,0,0,0,0,0,0,0,0,0,0,0,0,0,0,0,0,0,False
O60841,1220.0,1,15,133.0,8.866666666666667,0.10901639344262296,3+,1,0,0,0,1,1,1,0,0,1,0,0,0,0,0,0,0,0,0,0,0,0,0,False
Q9UKZ1,510.0,1,9,56.0,6.222222222222222,0.10980392156862745,3+,0,0,0,0,1,0,0,0,0,0,0,1,0,0,1,1,0,0,0,0,0,0,0,False
Q86SE8,214.0,1,3,30.0,10.0,0.14018691588785046,3+,0,0,1,0,1,1,0,0,0,1,0,0,0,0,0,0,0,0,0,0,0,0,0,False
Q14974,876.0,1,3,17.0,5.666666666666667,0.019406392694063926,3+,0,1,0,0,1,1,0,0,1,0,0,0,0,0,0,0,0,0,0,0,0,0,0,False
Q9NZI8,577.0,3,2,17.0,8.5,0.029462738301559793,2,0,0,0,1,0,0,0,0,1,0,0,1,0,0,0,0,0,0,0,0,0,0,0,False
Q5SZQ8,465.0,1,4,43.0,10.75,0.09247311827956989,3+,0,0,0,1,0,0,0,0,1,0,0,1,0,0,0,0,0,0,0,0,0,0,0,False
Q9HC44,474.0,2,1,6.0,6.0,0.012658227848101266,1,0,0,0,0,1,0,0,0,0,0,0,1,0,0,0,0,0,0,0,0,0,0,0,False
Q9NP77,194.0,0,0,0.0,,0.0,0,0,0,0,0,0,0,0,0,0,0,0,0,0,0,0,0,0,0,0,0,0,0,0,False
Q15269,919.0,3,2,14.0,7.0,0.015233949945593036,2,0,0,1,0,1,1,0,0,0,0,0,0,0,0,0,1,0,0,0,0,0,0,0,False
Q15424,915.0,1,14,89.0,6.357142857142857,0.09726775956284153,3+,0,0,1,1,1,1,1,0,1,1,0,1,0,0,0,0,1,0,0,0,0,0,1,False
P25311,298.0,2,1,8.0,8.0,0.026845637583892617,1,0,0,0,0,0,0,0,0,0,0,0,0,0,0,0,1,0,0,0,0,0,0,0,False
O75127,700.0,1,6,34.0,5.666666666666667,0.04857142857142857,3+,0,0,0,0,1,1,1,0,0,0,0,1,0,0,0,1,0,0,0,0,0,0,0,False
P52435,117.0,0,0,0.0,,0.0,0,0,0,0,0,0,0,0,0,0,0,0,0,0,0,0,0,0,0,0,0,0,0,0,False
Q8N6W0,485.0,3,2,13.0,6.5,0.026804123711340205,2,0,0,1,1,0,0,0,0,0,0,0,1,0,0,0,0,0,0,0,0,0,0,0,False
Q96EF6,278.0,0,0,0.0,,0.0,0,0,0,0,0,0,0,0,0,0,0,0,0,0,0,0,0,0,0,0,0,0,0,0,False
Q96SR6,550.0,0,0,0.0,,0.0,0,0,0,0,0,0,0,0,0,0,0,0,0,0,0,0,0,0,0,0,0,0,0,0,False
Q3MHD2,195.0,0,0,0.0,,0.0,0,0,0,0,0,0,0,0,0,0,0,0,0,0,0,0,0,0,0,0,0,0,0,0,False
Q71RC2,724.0,0,0,0.0,,0.0,0,0,0,0,0,0,0,0,0,0,0,0,0,0,0,0,0,0,0,0,0,0,0,0,False
Q6V9R5,426.0,0,0,0.0,,0.0,0,0,0,0,0,0,0,0,0,0,0,0,0,0,0,0,0,0,0,0,0,0,0,0,False
Q9NQ29,371.0,1,4,45.0,11.25,0.12129380053908356,3+,0,0,1,0,1,0,0,0,0,0,0,1,0,0,0,0,0,0,0,0,0,1,0,False
Q9UBU9,619.0,0,0,0.0,,0.0,0,0,0,0,0,0,0,0,0,0,0,0,0,0,0,0,0,0,0,0,0,0,0,0,False
Q9HCJ3,691.0,0,0,0.0,,0.0,0,0,0,0,0,0,0,0,0,0,0,0,0,0,0,0,0,0,0,0,0,0,0,0,False
O14979,420.0,1,4,40.0,10.0,0.09523809523809523,3+,0,0,1,0,1,0,1,0,0,0,0,1,0,0,0,1,0,0,0,1,0,0,0,False
Q8TDG4,1101.0,1,3,14.0,4.666666666666667,0.012715712988192553,3+,0,1,0,0,1,1,1,0,0,0,0,1,0,0,0,0,0,0,0,0,0,0,0,False
Q9Y3D5,142.0,0,0,0.0,,0.0,0,0,0,0,0,0,0,0,0,0,0,0,0,0,0,0,0,0,0,0,0,0,0,0,False
Q6I9Y2,204.0,0,0,0.0,,0.0,0,0,0,0,0,0,0,0,0,0,0,0,0,0,0,0,0,0,0,0,0,0,0,0,False
Q96IZ7,334.0,1,9,75.0,8.333333333333334,0.2245508982035928,3+,0,0,0,0,0,1,1,0,0,0,0,1,0,0,0,0,0,0,0,0,0,1,0,False
A0AV96,593.0,1,5,46.0,9.2,0.0775716694772344,3+,0,0,1,0,1,0,0,0,0,0,0,1,0,0,0,0,0,0,0,1,0,0,0,False
Q8TBZ5,544.0,0,0,0.0,,0.0,0,0,0,0,0,0,0,0,0,0,0,0,0,0,0,0,0,0,0,0,0,0,0,0,False
O75394,65.0,0,0,0.0,,0.0,0,0,0,0,0,0,0,0,0,0,0,0,0,0,0,0,0,0,0,0,0,0,0,0,False
Q8TAD8,396.0,1,5,25.0,5.0,0.06313131313131314,3+,0,0,0,0,0,1,1,0,0,0,0,1,0,0,0,0,0,0,0,0,0,0,0,False
P61221,599.0,0,0,0.0,,0.0,0,0,0,0,0,0,0,0,0,0,0,0,0,0,0,0,0,0,0,0,0,0,0,0,False
P62312,80.0,0,0,0.0,,0.0,0,0,0,0,0,0,0,0,0,0,0,0,0,0,0,0,0,0,0,0,0,0,0,0,False
P62266,143.0,0,0,0.0,,0.0,0,0,0,0,0,0,0,0,0,0,0,0,0,0,0,0,0,0,0,0,0,0,0,0,False
O14776,1098.0,1,22,215.0,9.772727272727273,0.19581056466302368,3+,0,0,0,0,0,1,0,0,1,1,0,1,0,0,0,0,1,0,0,0,1,0,0,False
O15455,904.0,3,2,8.0,4.0,0.008849557522123894,2,0,0,0,0,0,0,0,0,0,0,0,0,0,0,0,0,0,0,0,0,1,0,0,False
A0A0A0MQZ6,189.0,0,0,0.0,,0.0,0,0,0,0,0,0,0,0,0,0,0,0,0,0,0,0,0,0,0,0,0,0,0,0,False
O95391,586.0,1,6,40.0,6.666666666666667,0.06825938566552901,3+,1,0,1,0,1,1,0,0,0,1,0,1,0,0,0,0,1,0,0,0,0,0,0,False
Q8TA86,221.0,1,4,29.0,7.25,0.13122171945701358,3+,0,0,0,0,0,0,0,0,0,1,0,1,0,0,0,0,0,0,0,0,0,0,0,False
Q14296,549.0,1,3,22.0,7.333333333333333,0.04007285974499089,3+,1,0,0,0,1,0,1,0,0,0,0,0,0,0,0,1,0,0,0,0,0,0,0,False
Q9H814,394.0,1,3,16.0,5.333333333333333,0.04060913705583756,3+,0,0,0,0,1,1,0,0,0,0,0,1,0,0,0,0,0,0,0,0,0,0,0,False
A0A087WT20,597.0,0,0,0.0,,0.0,0,0,0,0,0,0,0,0,0,0,0,0,0,0,0,0,0,0,0,0,0,0,0,0,False
Q8N5L8,163.0,0,0,0.0,,0.0,0,0,0,0,0,0,0,0,0,0,0,0,0,0,0,0,0,0,0,0,0,0,0,0,False
Q9H898,229.0,0,0,0.0,,0.0,0,0,0,0,0,0,0,0,0,0,0,0,0,0,0,0,0,0,0,0,0,0,0,0,False
O94913,1555.0,1,15,91.0,6.066666666666666,0.05852090032154341,3+,1,1,0,1,1,1,1,0,0,1,0,1,0,0,0,1,0,1,0,0,0,1,0,False
Q96L21,214.0,0,0,0.0,,0.0,0,0,0,0,0,0,0,0,0,0,0,0,0,0,0,0,0,0,0,0,0,0,0,0,False
Q96CM3,377.0,2,1,5.0,5.0,0.013262599469496022,1,0,0,0,0,1,0,0,0,0,0,0,1,0,0,0,0,0,0,0,0,0,0,0,False
Q9H1E1,156.0,2,1,7.0,7.0,0.04487179487179487,1,0,0,1,0,0,0,0,0,0,0,0,0,0,0,0,1,0,0,0,0,0,0,0,False
Q86U44,580.0,0,0,0.0,,0.0,0,0,0,0,0,0,0,0,0,0,0,0,0,0,0,0,0,0,0,0,0,0,0,0,False
Q8WWH5,349.0,1,3,21.0,7.0,0.06017191977077364,3+,0,0,0,0,1,0,0,0,0,0,0,1,0,0,0,0,0,0,0,0,0,0,0,False
Q9P2I0,782.0,0,0,0.0,,0.0,0,0,0,0,0,0,0,0,0,0,0,0,0,0,0,0,0,0,0,0,0,0,0,0,False
Q7Z3Z4,852.0,0,0,0.0,,0.0,0,0,0,0,0,0,0,0,0,0,0,0,0,0,0,0,0,0,0,0,0,0,0,0,False
H0Y2Q1,191.0,0,0,0.0,,0.0,0,0,0,0,0,0,0,0,0,0,0,0,0,0,0,0,0,0,0,0,0,0,0,0,False
Q9BRS8,491.0,1,3,16.0,5.333333333333333,0.032586558044806514,3+,0,0,0,0,1,0,1,0,0,0,0,1,0,0,0,0,0,0,0,0,0,0,0,False
P15918,1043.0,2,1,6.0,6.0,0.005752636625119847,1,0,0,0,0,1,0,1,0,0,0,0,0,0,0,0,0,0,0,0,0,0,0,0,False
Q08AF3,891.0,2,1,7.0,7.0,0.007856341189674524,1,0,0,1,0,0,0,0,0,0,0,0,1,0,0,0,0,0,0,0,0,0,0,0,False
Q6ZRY4,209.0,2,1,5.0,5.0,0.023923444976076555,1,0,0,0,0,1,0,0,0,0,0,0,1,0,0,0,0,0,0,0,0,0,0,0,False
Q86TB9,770.0,1,6,31.0,5.166666666666667,0.04025974025974026,3+,1,0,0,0,1,1,0,0,0,0,0,1,0,0,0,1,0,0,0,0,0,0,0,False
O43809,227.0,0,0,0.0,,0.0,0,0,0,0,0,0,0,0,0,0,0,0,0,0,0,0,0,0,0,0,0,0,0,0,False
P62314,119.0,2,1,23.0,23.0,0.19327731092436976,1,0,0,1,0,0,0,0,0,0,0,0,0,0,0,0,0,0,0,0,1,0,0,0,False
Q05481,1191.0,2,1,4.0,4.0,0.0033585222502099076,1,0,0,1,0,0,0,0,0,0,1,0,0,0,0,0,0,0,0,0,0,0,0,0,False
Q96N77,438.0,0,0,0.0,,0.0,0,0,0,0,0,0,0,0,0,0,0,0,0,0,0,0,0,0,0,0,0,0,0,0,False
Q2NL82,804.0,3,2,9.0,4.5,0.011194029850746268,2,0,0,1,0,1,1,0,0,0,0,0,0,0,0,0,1,0,0,0,0,0,0,0,False
Q14197,206.0,0,0,0.0,,0.0,0,0,0,0,0,0,0,0,0,0,0,0,0,0,0,0,0,0,0,0,0,0,0,0,False
Q15287,305.0,1,7,130.0,18.571428571428573,0.4262295081967213,3+,0,0,1,0,1,0,1,0,0,1,0,0,0,0,0,0,0,1,0,0,0,1,0,False
Q1KMD3,747.0,1,10,91.0,9.1,0.12182061579651941,3+,0,0,1,0,1,1,1,0,1,0,0,1,0,0,0,1,0,0,0,0,0,0,0,False
P62487,172.0,0,0,0.0,,0.0,0,0,0,0,0,0,0,0,0,0,0,0,0,0,0,0,0,0,0,0,0,0,0,0,False
P51608,486.0,1,6,55.0,9.166666666666666,0.11316872427983539,3+,0,0,1,0,1,0,1,0,1,1,0,1,0,0,0,0,0,0,0,0,0,0,0,False
Q93091,150.0,2,1,6.0,6.0,0.04,1,0,0,1,0,0,0,0,0,0,0,0,0,0,0,0,1,0,0,0,0,0,0,0,False
A0A499FIA3,238.0,2,1,4.0,4.0,0.01680672268907563,1,0,0,0,0,1,0,0,0,0,0,0,1,0,0,0,0,0,0,0,0,0,0,0,False
P62310,102.0,0,0,0.0,,0.0,0,0,0,0,0,0,0,0,0,0,0,0,0,0,0,0,0,0,0,0,0,0,0,0,False
Q96MH2,286.0,0,0,0.0,,0.0,0,0,0,0,0,0,0,0,0,0,0,0,0,0,0,0,0,0,0,0,0,0,0,0,False
P12724,160.0,2,1,5.0,5.0,0.03125,1,0,0,1,0,0,0,0,0,0,0,0,0,0,0,0,1,0,0,0,0,0,0,0,False
P17480,764.0,1,7,78.0,11.142857142857142,0.10209424083769633,3+,0,0,0,0,0,1,0,0,0,1,0,1,0,0,0,0,1,0,0,0,0,0,0,False
Q96QU8,1125.0,3,2,12.0,6.0,0.010666666666666666,2,1,0,0,0,0,0,0,0,0,0,0,0,0,0,0,1,0,0,0,0,0,0,1,False
Q9BVS5,477.0,0,0,0.0,,0.0,0,0,0,0,0,0,0,0,0,0,0,0,0,0,0,0,0,0,0,0,0,0,0,0,False
Q9UQ80,394.0,2,1,6.0,6.0,0.015228426395939087,1,0,0,0,0,0,0,0,0,0,1,0,0,0,0,0,0,0,0,0,0,0,0,0,False
P46781,194.0,2,1,4.0,4.0,0.020618556701030927,1,1,0,0,0,0,0,1,0,0,0,0,0,0,0,0,0,0,0,0,0,0,0,0,False
Q15696,482.0,1,6,66.0,11.0,0.13692946058091288,3+,0,0,1,0,1,1,1,0,0,0,0,1,0,0,0,0,0,0,0,0,0,1,0,False
Q7Z570,1209.0,1,5,36.0,7.2,0.02977667493796526,3+,0,0,0,0,1,0,1,0,0,0,0,1,0,0,0,0,0,0,1,0,0,0,0,False
P10153,161.0,2,1,8.0,8.0,0.049689440993788817,1,0,0,1,0,0,0,0,0,0,0,0,0,0,0,0,1,0,0,0,0,0,0,0,False
Q9BXU2,312.0,0,0,0.0,,0.0,0,0,0,0,0,0,0,0,0,0,0,0,0,0,0,0,0,0,0,0,0,0,0,0,False
P17039,623.0,3,2,14.0,7.0,0.02247191011235955,2,0,1,0,1,0,0,0,0,0,0,0,0,0,0,0,1,1,0,0,0,0,0,0,False
O75526,392.0,1,8,50.0,6.25,0.12755102040816327,3+,1,0,1,1,1,0,1,0,0,0,0,1,0,0,0,0,0,0,0,0,0,0,0,False
O75817,140.0,0,0,0.0,,0.0,0,0,0,0,0,0,0,0,0,0,0,0,0,0,0,0,0,0,0,0,0,0,0,0,False
Q92989,425.0,0,0,0.0,,0.0,0,0,0,0,0,0,0,0,0,0,0,0,0,0,0,0,0,0,0,0,0,0,0,0,False
Q9BX10,602.0,0,0,0.0,,0.0,0,0,0,0,0,0,0,0,0,0,0,0,0,0,0,0,0,0,0,0,0,0,0,0,False
O95400,341.0,0,0,0.0,,0.0,0,0,0,0,0,0,0,0,0,0,0,0,0,0,0,0,0,0,0,0,0,0,0,0,False
Q9BRZ2,755.0,1,7,34.0,4.857142857142857,0.045033112582781455,3+,0,0,0,0,0,1,1,0,0,1,0,1,0,0,0,0,0,0,0,0,0,0,0,False
Q9H5L6,903.0,0,0,0.0,,0.0,0,0,0,0,0,0,0,0,0,0,0,0,0,0,0,0,0,0,0,0,0,0,0,0,False
Q15365,356.0,0,0,0.0,,0.0,0,0,0,0,0,0,0,0,0,0,0,0,0,0,0,0,0,0,0,0,0,0,0,0,False
Q9NYK5,338.0,0,0,0.0,,0.0,0,0,0,0,0,0,0,0,0,0,0,0,0,0,0,0,0,0,0,0,0,0,0,0,False
Q15393,1217.0,0,0,0.0,,0.0,0,0,0,0,0,0,0,0,0,0,0,0,0,0,0,0,0,0,0,0,0,0,0,0,False
Q16637,294.0,1,4,30.0,7.5,0.10204081632653061,3+,0,0,1,0,1,0,0,0,0,0,0,1,0,0,1,0,0,0,0,0,0,0,0,False
Q9HC36,420.0,0,0,0.0,,0.0,0,0,0,0,0,0,0,0,0,0,0,0,0,0,0,0,0,0,0,0,0,0,0,0,False
Q96AZ6,181.0,0,0,0.0,,0.0,0,0,0,0,0,0,0,0,0,0,0,0,0,0,0,0,0,0,0,0,0,0,0,0,False
O43447,177.0,0,0,0.0,,0.0,0,0,0,0,0,0,0,0,0,0,0,0,0,0,0,0,0,0,0,0,0,0,0,0,False
Q9BRJ7,211.0,2,1,6.0,6.0,0.02843601895734597,1,0,0,0,0,0,0,0,0,0,0,0,0,0,0,0,1,0,0,0,0,0,0,0,False
Q9BTL3,118.0,0,0,0.0,,0.0,0,0,0,0,0,0,0,0,0,0,0,0,0,0,0,0,0,0,0,0,0,0,0,0,False
O60294,686.0,1,4,21.0,5.25,0.030612244897959183,3+,0,0,0,0,0,0,1,0,0,0,0,0,0,0,0,1,0,0,0,0,0,0,0,False
Q9NZJ5,1116.0,1,6,38.0,6.333333333333333,0.034050179211469536,3+,0,0,0,0,0,1,0,0,0,0,0,1,0,0,0,1,0,1,0,0,0,0,0,False
Q01780,885.0,0,0,0.0,,0.0,0,0,0,0,0,0,0,0,0,0,0,0,0,0,0,0,0,0,0,0,0,0,0,0,False
P47897,775.0,0,0,0.0,,0.0,0,0,0,0,0,0,0,0,0,0,0,0,0,0,0,0,0,0,0,0,0,0,0,0,False
Q16600,458.0,2,1,6.0,6.0,0.013100436681222707,1,0,1,0,0,0,0,0,0,0,1,0,0,0,0,0,0,0,0,0,0,0,0,0,False
P26368,475.0,1,7,44.0,6.285714285714286,0.09263157894736843,3+,0,0,1,1,1,1,1,0,0,1,0,0,0,0,0,1,0,0,1,0,0,1,0,False
P13639,858.0,0,0,0.0,,0.0,0,0,0,0,0,0,0,0,0,0,0,0,0,0,0,0,0,0,0,0,0,0,0,0,False
F5H0R1,912.0,1,6,39.0,6.5,0.04276315789473684,3+,0,1,1,1,1,1,1,0,0,0,0,0,0,0,0,1,0,0,1,0,0,0,0,False
Q96DU9,382.0,0,0,0.0,,0.0,0,0,0,0,0,0,0,0,0,0,0,0,0,0,0,0,0,0,0,0,0,0,0,0,False
Q9UNX4,943.0,0,0,0.0,,0.0,0,0,0,0,0,0,0,0,0,0,0,0,0,0,0,0,0,0,0,0,0,0,0,0,False
Q96DV4,380.0,0,0,0.0,,0.0,0,0,0,0,0,0,0,0,0,0,0,0,0,0,0,0,0,0,0,0,0,0,0,0,False
O14893,280.0,0,0,0.0,,0.0,0,0,0,0,0,0,0,0,0,0,0,0,0,0,0,0,0,0,0,0,0,0,0,0,False
Q7L2J0,689.0,1,13,70.0,5.384615384615385,0.10159651669085631,3+,0,0,1,0,1,0,1,1,0,0,0,1,0,0,0,1,0,0,0,0,0,0,0,False
O15235,138.0,0,0,0.0,,0.0,0,0,0,0,0,0,0,0,0,0,0,0,0,0,0,0,0,0,0,0,0,0,0,0,False
Q6L8Q7,609.0,3,2,15.0,7.5,0.024630541871921183,2,0,0,0,0,1,0,0,0,0,0,0,1,0,0,0,0,0,1,0,0,0,0,0,False
Q9BWF3,364.0,1,3,27.0,9.0,0.07417582417582418,3+,0,0,0,0,1,0,0,0,0,0,0,1,0,0,0,1,0,0,0,0,0,0,0,False
Q9UI30,125.0,0,0,0.0,,0.0,0,0,0,0,0,0,0,0,0,0,0,0,0,0,0,0,0,0,0,0,0,0,0,0,False
O14746,1132.0,1,4,21.0,5.25,0.018551236749116608,3+,0,0,0,1,1,0,1,0,0,0,0,1,0,0,0,0,0,0,0,0,0,0,0,False
Q96IZ6,378.0,0,0,0.0,,0.0,0,0,0,0,0,0,0,0,0,0,0,0,0,0,0,0,0,0,0,0,0,0,0,0,False
Q8IUX4,373.0,0,0,0.0,,0.0,0,0,0,0,0,0,0,0,0,0,0,0,0,0,0,0,0,0,0,0,0,0,0,0,False
O95149,360.0,0,0,0.0,,0.0,0,0,0,0,0,0,0,0,0,0,0,0,0,0,0,0,0,0,0,0,0,0,0,0,False
Q969S3,477.0,1,3,20.0,6.666666666666667,0.041928721174004195,3+,0,0,0,0,1,1,0,0,0,0,0,0,0,0,0,1,0,0,0,0,0,0,0,False
Q32MZ4,808.0,1,7,39.0,5.571428571428571,0.04826732673267327,3+,1,1,0,0,1,1,1,0,0,1,0,0,0,0,0,0,0,0,0,0,1,0,0,False
Q9UL03,887.0,3,2,9.0,4.5,0.010146561443066516,2,0,0,0,0,1,0,0,0,0,0,0,0,0,0,0,1,0,0,1,0,0,0,0,False
O43290,800.0,1,8,65.0,8.125,0.08125,3+,1,0,0,0,1,1,1,0,0,0,0,1,0,0,1,0,0,0,0,0,0,0,0,False
Q9BQ04,359.0,1,3,23.0,7.666666666666667,0.06406685236768803,3+,0,0,0,0,1,0,0,0,0,0,0,1,0,0,0,1,0,0,0,0,0,0,0,False
O15116,133.0,0,0,0.0,,0.0,0,0,0,0,0,0,0,0,0,0,0,0,0,0,0,0,0,0,0,0,0,0,0,0,False
Q8WW27,367.0,2,1,8.0,8.0,0.021798365122615803,1,0,0,0,0,0,0,0,0,0,1,0,0,0,0,0,0,0,0,0,0,0,0,0,False
Q9BUQ8,820.0,1,11,92.0,8.363636363636363,0.11219512195121951,3+,0,0,0,0,1,1,1,0,0,0,0,1,0,0,0,0,1,0,0,0,0,1,0,False
Q9BQC6,102.0,0,0,0.0,,0.0,0,0,0,0,0,0,0,0,0,0,0,0,0,0,0,0,0,0,0,0,0,0,0,0,False
O15446,510.0,1,9,63.0,7.0,0.12352941176470589,3+,1,1,0,0,1,0,1,0,0,1,0,1,0,0,0,0,0,0,0,0,0,0,0,False
Q8IY37,1157.0,1,11,74.0,6.7272727272727275,0.06395851339671564,3+,0,1,1,1,1,1,1,0,0,1,0,1,0,0,0,0,0,0,0,0,0,0,0,False
Q6ZNH5,498.0,0,0,0.0,,0.0,0,0,0,0,0,0,0,0,0,0,0,0,0,0,0,0,0,0,0,0,0,0,0,0,False
Q9HA38,289.0,0,0,0.0,,0.0,0,0,0,0,0,0,0,0,0,0,0,0,0,0,0,0,0,0,0,0,0,0,0,0,False
Q8TDE3,154.0,2,1,6.0,6.0,0.03896103896103896,1,0,0,1,0,0,0,0,0,0,0,0,0,0,0,0,1,0,0,0,0,0,0,0,False
Q12972,351.0,1,3,17.0,5.666666666666667,0.04843304843304843,3+,0,0,0,0,0,0,0,0,0,1,0,1,0,0,0,1,0,0,0,0,0,0,0,False
Q96PK6,669.0,1,12,72.0,6.0,0.10762331838565023,3+,0,0,0,0,1,0,0,0,1,0,0,1,0,0,0,0,0,0,0,0,0,0,0,False
Q96G46,650.0,2,1,4.0,4.0,0.006153846153846154,1,0,0,0,0,1,0,0,0,0,0,0,1,0,0,0,0,0,0,0,0,0,0,0,False
Q00341,1268.0,3,2,8.0,4.0,0.006309148264984227,2,0,0,0,1,0,0,0,0,0,1,0,0,0,0,0,1,0,0,0,0,0,0,0,False
P52594,562.0,1,7,48.0,6.857142857142857,0.08540925266903915,3+,0,0,0,0,0,0,0,0,1,0,0,1,0,0,1,0,0,0,0,0,0,0,0,False
Q9UHB9,627.0,3,2,27.0,13.5,0.0430622009569378,2,0,0,0,0,0,0,1,0,0,0,0,0,0,0,1,0,0,0,0,0,0,0,0,False
Q8N5Y2,521.0,1,3,25.0,8.333333333333334,0.04798464491362764,3+,0,0,1,0,1,1,0,0,0,0,0,1,0,0,0,0,0,0,0,0,0,0,0,False
Q9H2W6,279.0,0,0,0.0,,0.0,0,0,0,0,0,0,0,0,0,0,0,0,0,0,0,0,0,0,0,0,0,0,0,0,False
Q7L0Y3,403.0,0,0,0.0,,0.0,0,0,0,0,0,0,0,0,0,0,0,0,0,0,0,0,0,0,0,0,0,0,0,0,False
Q7Z7L1,901.0,0,0,0.0,,0.0,0,0,0,0,0,0,0,0,0,0,0,0,0,0,0,0,0,0,0,0,0,0,0,0,False
Q86YN6,1023.0,1,13,100.0,7.6923076923076925,0.09775171065493646,3+,0,1,1,0,1,1,1,0,0,0,0,1,0,0,1,1,0,0,0,0,0,0,0,False
Q53GS9,565.0,1,3,13.0,4.333333333333333,0.023008849557522124,3+,0,0,0,0,0,0,0,0,0,1,0,1,0,0,0,0,0,0,0,0,0,0,0,False
Q14103,355.0,1,7,49.0,7.0,0.13802816901408452,3+,1,1,1,0,1,0,1,0,1,0,0,1,0,0,0,1,0,0,0,0,0,0,0,False
O60930,286.0,0,0,0.0,,0.0,0,0,0,0,0,0,0,0,0,0,0,0,0,0,0,0,0,0,0,0,0,0,0,0,False
Q8N8L2,437.0,0,0,0.0,,0.0,0,0,0,0,0,0,0,0,0,0,0,0,0,0,0,0,0,0,0,0,0,0,0,0,False
Q969Y2,492.0,1,5,26.0,5.2,0.052845528455284556,3+,0,0,1,0,1,0,0,0,0,0,0,1,0,0,0,1,0,0,0,0,0,0,0,False
Q07666,443.0,1,6,49.0,8.166666666666666,0.11060948081264109,3+,0,0,0,0,1,0,1,0,0,0,0,1,0,0,1,0,0,0,0,0,0,0,0,False
P43897,325.0,0,0,0.0,,0.0,0,0,0,0,0,0,0,0,0,0,0,0,0,0,0,0,0,0,0,0,0,0,0,0,False
Q13064,507.0,1,4,19.0,4.75,0.03747534516765286,3+,0,0,0,0,0,1,0,0,0,0,0,1,0,0,1,0,0,0,0,0,0,0,0,False
A0A384DVK4,778.0,0,0,0.0,,0.0,0,0,0,0,0,0,0,0,0,0,0,0,0,0,0,0,0,0,0,0,0,0,0,0,False
Q8NBJ9,832.0,1,4,23.0,5.75,0.027644230769230768,3+,1,0,0,0,0,0,0,0,0,0,0,0,0,0,0,1,0,0,0,0,0,0,0,False
Q9UBP6,276.0,0,0,0.0,,0.0,0,0,0,0,0,0,0,0,0,0,0,0,0,0,0,0,0,0,0,0,0,0,0,0,False
P78317,190.0,0,0,0.0,,0.0,0,0,0,0,0,0,0,0,0,0,0,0,0,0,0,0,0,0,0,0,0,0,0,0,False
Q92665,395.0,0,0,0.0,,0.0,0,0,0,0,0,0,0,0,0,0,0,0,0,0,0,0,0,0,0,0,0,0,0,0,False
Q9NPD3,245.0,0,0,0.0,,0.0,0,0,0,0,0,0,0,0,0,0,0,0,0,0,0,0,0,0,0,0,0,0,0,0,False
Q12996,717.0,0,0,0.0,,0.0,0,0,0,0,0,0,0,0,0,0,0,0,0,0,0,0,0,0,0,0,0,0,0,0,False
Q13151,305.0,1,9,90.0,10.0,0.29508196721311475,3+,1,1,1,0,1,0,0,0,1,0,0,1,0,0,1,1,1,0,0,1,0,0,0,False
Q5ST30,1063.0,3,2,8.0,4.0,0.007525870178739417,2,1,0,1,0,0,0,0,0,0,0,0,0,0,0,0,1,0,0,1,0,0,0,0,False
O95363,451.0,0,0,0.0,,0.0,0,0,0,0,0,0,0,0,0,0,0,0,0,0,0,0,0,0,0,0,0,0,0,0,False
F8W8D3,277.0,0,0,0.0,,0.0,0,0,0,0,0,0,0,0,0,0,0,0,0,0,0,0,0,0,0,0,0,0,0,0,False
Q15022,739.0,1,5,53.0,10.6,0.07171853856562922,3+,0,0,0,0,0,1,0,0,0,0,0,1,0,0,1,0,0,0,0,0,0,0,0,False
Q8N8U3,475.0,1,3,13.0,4.333333333333333,0.02736842105263158,3+,0,0,0,0,1,1,0,0,0,0,0,1,0,0,0,0,0,0,0,0,0,0,0,False
Q9HAZ1,481.0,0,0,0.0,,0.0,0,0,0,0,0,0,0,0,0,0,0,0,0,0,0,0,0,0,0,0,0,0,0,0,False
O75643,2136.0,1,4,24.0,6.0,0.011235955056179775,3+,0,0,1,1,0,1,1,0,0,0,0,0,0,0,0,0,0,0,0,0,0,0,0,False
Q8N2A8,252.0,1,3,20.0,6.666666666666667,0.07936507936507936,3+,0,0,0,0,0,0,1,0,0,0,0,1,0,0,0,1,0,0,0,0,0,0,0,False
Q5PRF9,694.0,1,6,34.0,5.666666666666667,0.04899135446685879,3+,1,0,0,0,1,0,0,0,0,0,0,1,0,0,0,1,0,0,0,0,0,0,0,False
P82912,194.0,0,0,0.0,,0.0,0,0,0,0,0,0,0,0,0,0,0,0,0,0,0,0,0,0,0,0,0,0,0,0,False
O94762,991.0,2,1,7.0,7.0,0.007063572149344097,1,0,0,0,0,1,0,0,0,0,0,0,0,0,0,1,0,0,0,0,0,0,0,0,False
Q9BUL9,199.0,0,0,0.0,,0.0,0,0,0,0,0,0,0,0,0,0,0,0,0,0,0,0,0,0,0,0,0,0,0,0,False
Q7Z6E9,1792.0,1,30,213.0,7.1,0.11886160714285714,3+,0,1,0,0,1,1,1,0,1,1,0,1,0,0,0,0,0,0,0,0,0,1,0,False
Q9Y3T9,749.0,1,5,36.0,7.2,0.04806408544726302,3+,0,0,0,0,1,1,0,0,0,0,0,0,0,0,0,0,0,0,0,0,0,0,0,False
O75818,363.0,0,0,0.0,,0.0,0,0,0,0,0,0,0,0,0,0,0,0,0,0,0,0,0,0,0,0,0,0,0,0,False
Q93062,196.0,0,0,0.0,,0.0,0,0,0,0,0,0,0,0,0,0,0,0,0,0,0,0,0,0,0,0,0,0,0,0,False
Q96EL2,167.0,0,0,0.0,,0.0,0,0,0,0,0,0,0,0,0,0,0,0,0,0,0,0,0,0,0,0,0,0,0,0,False
O75569,313.0,0,0,0.0,,0.0,0,0,0,0,0,0,0,0,0,0,0,0,0,0,0,0,0,0,0,0,0,0,0,0,False
Q96I24,572.0,1,6,33.0,5.5,0.057692307692307696,3+,0,0,1,1,1,0,0,0,0,0,0,1,0,0,0,0,0,0,0,1,0,0,0,False
P19338,710.0,1,11,172.0,15.636363636363637,0.24225352112676057,3+,1,0,1,0,1,1,0,0,0,1,0,1,0,0,0,1,0,0,0,1,0,0,0,False
Q9Y265,456.0,0,0,0.0,,0.0,0,0,0,0,0,0,0,0,0,0,0,0,0,0,0,0,0,0,0,0,0,0,0,0,False
Q96E39,390.0,1,10,67.0,6.7,0.1717948717948718,3+,1,1,1,1,1,1,1,0,0,0,0,1,0,0,1,0,0,0,0,0,0,0,1,False
P62244,130.0,0,0,0.0,,0.0,0,0,0,0,0,0,0,0,0,0,0,0,0,0,0,0,0,0,0,0,0,0,0,0,False
P16383,781.0,0,0,0.0,,0.0,0,0,0,0,0,0,0,0,0,0,0,0,0,0,0,0,0,0,0,0,0,0,0,0,False
Q13435,895.0,1,18,122.0,6.777777777777778,0.13631284916201117,3+,0,0,1,1,1,1,0,0,1,1,0,1,0,0,0,0,0,0,0,0,0,0,0,False
Q8NC26,417.0,2,1,6.0,6.0,0.014388489208633094,1,0,1,0,0,0,0,0,0,0,1,0,0,0,0,0,0,0,0,0,0,0,0,0,False
Q96BK5,328.0,1,3,15.0,5.0,0.04573170731707317,3+,0,0,1,0,1,0,0,0,0,1,0,0,0,0,0,0,0,0,0,0,0,0,1,False
Q9H649,340.0,0,0,0.0,,0.0,0,0,0,0,0,0,0,0,0,0,0,0,0,0,0,0,0,0,0,0,0,0,0,0,False
Q7KZ85,1726.0,1,11,98.0,8.909090909090908,0.056778679026651215,3+,0,0,0,0,1,1,0,0,0,0,0,1,0,0,1,0,0,0,0,0,0,0,0,False
Q969L4,123.0,0,0,0.0,,0.0,0,0,0,0,0,0,0,0,0,0,0,0,0,0,0,0,0,0,0,0,0,0,0,0,False
Q9H0S4,455.0,0,0,0.0,,0.0,0,0,0,0,0,0,0,0,0,0,0,0,0,0,0,0,0,0,0,0,0,0,0,0,False
Q15910,746.0,1,3,24.0,8.0,0.032171581769437,3+,0,0,0,0,0,1,0,0,0,0,0,1,0,0,0,0,0,0,0,0,0,0,0,False
Q9Y3D9,190.0,0,0,0.0,,0.0,0,0,0,0,0,0,0,0,0,0,0,0,0,0,0,0,0,0,0,0,0,0,0,0,False
Q8NAF0,562.0,1,11,84.0,7.636363636363637,0.1494661921708185,3+,0,0,1,1,1,1,0,0,0,0,0,1,0,0,0,1,0,0,0,1,0,0,0,False
Q9Y6M1,599.0,2,1,6.0,6.0,0.01001669449081803,1,0,0,1,0,0,0,0,0,0,0,0,1,0,0,0,0,0,0,0,0,0,0,0,False
Q9Y2Z4,477.0,3,2,9.0,4.5,0.018867924528301886,2,1,0,1,0,0,0,0,0,0,0,0,0,0,0,0,1,0,0,0,0,0,0,0,False
Q6ZP01,1051.0,3,2,9.0,4.5,0.008563273073263558,2,0,0,0,0,1,0,0,0,0,0,0,0,0,0,0,1,0,0,0,0,1,0,0,False
Q96SI9,672.0,0,0,0.0,,0.0,0,0,0,0,0,0,0,0,0,0,0,0,0,0,0,0,0,0,0,0,0,0,0,0,False
Q9Y3A4,280.0,0,0,0.0,,0.0,0,0,0,0,0,0,0,0,0,0,0,0,0,0,0,0,0,0,0,0,0,0,0,0,False
P57678,1058.0,0,0,0.0,,0.0,0,0,0,0,0,0,0,0,0,0,0,0,0,0,0,0,0,0,0,0,0,0,0,0,False
Q8TF46,1054.0,0,0,0.0,,0.0,0,0,0,0,0,0,0,0,0,0,0,0,0,0,0,0,0,0,0,0,0,0,0,0,False
Q15050,365.0,3,2,9.0,4.5,0.024657534246575342,2,1,0,0,0,1,0,1,0,0,0,0,1,0,0,0,0,0,0,0,0,0,0,0,False
P05387,115.0,0,0,0.0,,0.0,0,0,0,0,0,0,0,0,0,0,0,0,0,0,0,0,0,0,0,0,0,0,0,0,False
P49411,455.0,0,0,0.0,,0.0,0,0,0,0,0,0,0,0,0,0,0,0,0,0,0,0,0,0,0,0,0,0,0,0,False
Q07864,2286.0,3,2,12.0,6.0,0.005249343832020997,2,0,0,0,0,1,1,0,0,0,0,0,0,0,0,0,0,0,0,0,0,0,0,0,False
Q9NQT5,275.0,0,0,0.0,,0.0,0,0,0,0,0,0,0,0,0,0,0,0,0,0,0,0,0,0,0,0,0,0,0,0,False
Q9H9L3,353.0,2,1,11.0,11.0,0.031161473087818695,1,0,0,1,0,0,0,0,0,0,1,0,0,0,0,0,0,0,0,0,0,0,0,0,False
Q9BWU0,742.0,1,6,43.0,7.166666666666667,0.057951482479784364,3+,0,0,0,0,1,1,0,0,1,1,0,1,0,0,1,0,0,0,0,0,0,0,0,False
Q8TDD1,881.0,1,8,37.0,4.625,0.04199772985244041,3+,0,1,1,1,1,1,1,0,0,1,0,1,0,0,0,1,0,0,0,0,0,0,0,False
Q14258,630.0,0,0,0.0,,0.0,0,0,0,0,0,0,0,0,0,0,0,0,0,0,0,0,0,0,0,0,0,0,0,0,False
Q96MX3,618.0,1,5,21.0,4.2,0.03398058252427184,3+,0,0,0,1,0,1,1,0,0,0,0,1,0,0,0,0,0,0,0,0,0,0,0,False
Q7Z7H8,261.0,3,2,9.0,4.5,0.034482758620689655,2,0,0,1,0,1,1,0,0,0,0,0,1,0,0,0,0,0,0,0,0,0,0,0,False
Q8WWY3,499.0,3,2,13.0,6.5,0.026052104208416832,2,0,0,0,0,1,1,0,0,0,0,0,0,0,0,0,0,0,0,0,0,0,0,0,False
P62875,67.0,0,0,0.0,,0.0,0,0,0,0,0,0,0,0,0,0,0,0,0,0,0,0,0,0,0,0,0,0,0,0,False
Q9BUR4,548.0,0,0,0.0,,0.0,0,0,0,0,0,0,0,0,0,0,0,0,0,0,0,0,0,0,0,0,0,0,0,0,False
Q6AZW8,331.0,0,0,0.0,,0.0,0,0,0,0,0,0,0,0,0,0,0,0,0,0,0,0,0,0,0,0,0,0,0,0,False
Q02040,695.0,1,10,81.0,8.1,0.11654676258992806,3+,0,0,0,0,0,1,1,0,0,0,0,0,0,0,0,1,0,0,0,0,0,1,1,False
P52272,730.0,1,7,45.0,6.428571428571429,0.06164383561643835,3+,1,0,1,1,0,0,0,0,0,0,0,1,0,0,0,1,1,0,0,0,0,0,0,False
Q3MIT2,529.0,0,0,0.0,,0.0,0,0,0,0,0,0,0,0,0,0,0,0,0,0,0,0,0,0,0,0,0,0,0,0,False
Q92615,738.0,1,7,33.0,4.714285714285714,0.044715447154471545,3+,1,0,0,0,1,0,1,0,1,1,0,1,0,0,0,0,0,1,0,0,0,0,0,False
Q69YN2,538.0,0,0,0.0,,0.0,0,0,0,0,0,0,0,0,0,0,0,0,0,0,0,0,0,0,0,0,0,0,0,0,False
Q86W42,341.0,0,0,0.0,,0.0,0,0,0,0,0,0,0,0,0,0,0,0,0,0,0,0,0,0,0,0,0,0,0,0,False
P49759,484.0,0,0,0.0,,0.0,0,0,0,0,0,0,0,0,0,0,0,0,0,0,0,0,0,0,0,0,0,0,0,0,False
Q86XZ4,545.0,3,2,14.0,7.0,0.025688073394495414,2,0,1,0,0,1,0,0,0,1,1,0,0,0,0,0,0,0,0,0,0,0,0,0,False
Q8NDV7,1962.0,1,23,162.0,7.043478260869565,0.08256880733944955,3+,1,0,1,0,1,1,0,0,0,1,0,1,0,1,1,1,0,1,0,0,1,0,0,False
Q9NV31,184.0,0,0,0.0,,0.0,0,0,0,0,0,0,0,0,0,0,0,0,0,0,0,0,0,0,0,0,0,0,0,0,False
Q7Z6J9,526.0,1,4,19.0,4.75,0.03612167300380228,3+,0,0,1,0,1,1,1,0,0,0,0,1,0,0,0,0,0,0,0,0,0,0,0,False
Q6P9B9,1019.0,1,15,93.0,6.2,0.09126594700686948,3+,1,0,1,1,0,0,0,0,0,0,0,1,0,0,1,1,0,0,0,0,1,0,0,False
Q9NRA8,985.0,1,4,16.0,4.0,0.016243654822335026,3+,1,0,1,0,0,0,1,0,0,0,0,1,0,0,0,1,0,0,0,0,0,0,1,False
Q9UBC3,853.0,1,4,25.0,6.25,0.029308323563892145,3+,0,0,0,0,0,1,1,0,0,0,0,0,0,0,1,0,0,0,0,0,0,0,0,False
O94992,359.0,1,6,43.0,7.166666666666667,0.11977715877437325,3+,1,1,1,0,1,1,1,0,0,1,0,0,0,0,0,0,0,0,0,0,0,0,0,False
P98175,930.0,1,7,43.0,6.142857142857143,0.046236559139784944,3+,0,0,1,1,1,1,1,0,0,0,0,0,0,0,0,1,0,0,0,0,0,0,0,False
A4D1E1,1349.0,1,3,15.0,5.0,0.01111934766493699,3+,0,0,0,0,1,0,0,0,1,1,0,1,0,0,0,0,0,0,0,0,0,0,0,False
Q9Y295,367.0,2,1,6.0,6.0,0.01634877384196185,1,0,0,1,0,0,0,0,0,0,0,0,1,0,0,0,0,0,0,0,0,0,0,0,False
Q53H54,448.0,3,2,9.0,4.5,0.020089285714285716,2,0,0,0,0,1,0,0,0,0,0,0,0,0,0,0,1,0,0,0,0,0,0,0,False
Q6ZN04,569.0,1,9,87.0,9.666666666666666,0.15289982425307558,3+,0,0,1,0,1,0,0,0,0,0,0,1,0,1,1,0,0,0,1,0,0,0,0,False
Q9UJV9,622.0,2,1,7.0,7.0,0.011254019292604502,1,0,0,0,0,1,1,0,0,0,0,0,0,0,0,0,0,0,0,0,0,0,0,0,False
Q6GMV3,140.0,0,0,0.0,,0.0,0,0,0,0,0,0,0,0,0,0,0,0,0,0,0,0,0,0,0,0,0,0,0,0,False
Q5T1V6,619.0,0,0,0.0,,0.0,0,0,0,0,0,0,0,0,0,0,0,0,0,0,0,0,0,0,0,0,0,0,0,0,False
B0QYK0,618.0,1,14,164.0,11.714285714285714,0.26537216828478966,3+,0,0,1,1,1,0,1,0,1,0,0,1,0,0,1,0,0,0,0,1,0,0,0,False
Q6ZSC3,357.0,0,0,0.0,,0.0,0,0,0,0,0,0,0,0,0,0,0,0,0,0,0,0,0,0,0,0,0,0,0,0,False
Q53S33,107.0,0,0,0.0,,0.0,0,0,0,0,0,0,0,0,0,0,0,0,0,0,0,0,0,0,0,0,0,0,0,0,False
Q6P161,138.0,0,0,0.0,,0.0,0,0,0,0,0,0,0,0,0,0,0,0,0,0,0,0,0,0,0,0,0,0,0,0,False
P26641,437.0,0,0,0.0,,0.0,0,0,0,0,0,0,0,0,0,0,0,0,0,0,0,0,0,0,0,0,0,0,0,0,False
Q14147,1143.0,1,5,23.0,4.6,0.020122484689413824,3+,0,1,1,1,1,1,1,0,0,0,0,1,0,0,0,1,0,0,0,0,0,0,0,False
Q8N5A5,531.0,1,3,18.0,6.0,0.03389830508474576,3+,0,0,0,1,1,1,0,0,0,0,0,0,0,0,0,0,0,0,0,0,0,0,0,False
Q8IYY4,767.0,1,9,49.0,5.444444444444445,0.06388526727509779,3+,0,0,0,0,0,1,1,0,1,0,0,1,0,0,0,1,0,0,0,0,1,0,0,False
Q9NUL7,540.0,1,7,39.0,5.571428571428571,0.07222222222222222,3+,1,1,1,0,1,0,1,0,0,0,0,0,0,0,0,1,0,0,0,0,0,0,1,False
Q9H0L4,616.0,1,4,30.0,7.5,0.048701298701298704,3+,0,0,0,0,1,0,0,0,0,0,0,1,0,0,0,0,0,0,0,0,0,0,0,False
Q00577,322.0,1,3,44.0,14.666666666666666,0.13664596273291926,3+,0,0,1,0,0,1,0,0,0,0,0,1,0,0,1,0,0,0,0,0,0,0,0,False
P84022,425.0,0,0,0.0,,0.0,0,0,0,0,0,0,0,0,0,0,0,0,0,0,0,0,0,0,0,0,0,0,0,0,False
Q71DI3,136.0,0,0,0.0,,0.0,0,0,0,0,0,0,0,0,0,0,0,0,0,0,0,0,0,0,0,0,0,0,0,0,False
Q9NQ50,206.0,0,0,0.0,,0.0,0,0,0,0,0,0,0,0,0,0,0,0,0,0,0,0,0,0,0,0,0,0,0,0,False
F8W6I7,307.0,1,6,43.0,7.166666666666667,0.14006514657980457,3+,1,1,1,1,0,0,0,0,1,0,0,1,0,0,1,0,0,0,0,0,0,0,0,False
P52815,198.0,2,1,4.0,4.0,0.020202020202020204,1,0,1,0,0,0,0,0,0,0,0,0,1,0,0,0,0,0,0,0,0,0,0,0,False
Q7Z4G4,463.0,2,1,4.0,4.0,0.008639308855291577,1,0,0,0,0,1,0,0,0,0,0,0,0,0,0,0,1,0,0,0,0,0,0,0,False
Q86WX3,136.0,0,0,0.0,,0.0,0,0,0,0,0,0,0,0,0,0,0,0,0,0,0,0,0,0,0,0,0,0,0,0,False
Q86XU0,584.0,0,0,0.0,,0.0,0,0,0,0,0,0,0,0,0,0,0,0,0,0,0,0,0,0,0,0,0,0,0,0,False
Q8WXA9,508.0,1,13,94.0,7.230769230769231,0.18503937007874016,3+,0,0,0,0,1,1,1,0,0,1,0,1,0,0,0,0,0,0,0,0,0,1,0,False
Q2NKX8,1250.0,1,3,16.0,5.333333333333333,0.0128,3+,0,0,0,0,1,1,0,0,0,0,0,0,1,0,0,0,0,0,0,0,0,0,0,False
Q9NPJ4,139.0,0,0,0.0,,0.0,0,0,0,0,0,0,0,0,0,0,0,0,0,0,0,0,0,0,0,0,0,0,0,0,False
Q7Z5W3,292.0,0,0,0.0,,0.0,0,0,0,0,0,0,0,0,0,0,0,0,0,0,0,0,0,0,0,0,0,0,0,0,False
O75533,1304.0,1,7,33.0,4.714285714285714,0.02530674846625767,3+,1,1,0,0,1,1,0,0,0,0,0,1,0,0,0,1,0,0,1,0,0,0,0,False
Q9BZC1,486.0,1,3,17.0,5.666666666666667,0.03497942386831276,3+,0,0,0,1,0,0,0,0,1,0,0,1,0,0,0,0,0,0,0,0,0,0,0,False
Q92973,898.0,3,2,17.0,8.5,0.01893095768374165,2,0,0,0,0,1,1,0,0,0,0,0,0,0,0,0,0,1,0,0,0,0,0,0,False
Q6PKG0,1096.0,1,9,66.0,7.333333333333333,0.060218978102189784,3+,0,0,1,1,1,0,1,0,0,1,0,1,0,0,0,0,0,0,0,1,0,0,0,False
O15523,660.0,1,4,27.0,6.75,0.04090909090909091,3+,0,0,0,0,1,0,0,0,1,0,0,0,0,0,1,0,0,0,0,0,0,0,0,False
O43143,795.0,1,7,44.0,6.285714285714286,0.055345911949685536,3+,1,1,0,0,1,1,0,0,1,0,0,1,0,0,0,0,0,0,0,0,0,0,1,False
P03950,147.0,0,0,0.0,,0.0,0,0,0,0,0,0,0,0,0,0,0,0,0,0,0,0,0,0,0,0,0,0,0,0,False
P49450,140.0,0,0,0.0,,0.0,0,0,0,0,0,0,0,0,0,0,0,0,0,0,0,0,0,0,0,0,0,0,0,0,False
Q13523,1007.0,1,14,158.0,11.285714285714286,0.15690168818272096,3+,0,0,0,0,0,1,1,0,0,1,0,1,0,0,0,0,0,1,0,0,0,1,0,False
Q7Z7F7,128.0,0,0,0.0,,0.0,0,0,0,0,0,0,0,0,0,0,0,0,0,0,0,0,0,0,0,0,0,0,0,0,False
Q9BQ52,826.0,0,0,0.0,,0.0,0,0,0,0,0,0,0,0,0,0,0,0,0,0,0,0,0,0,0,0,0,0,0,0,False
Q5TBB1,312.0,0,0,0.0,,0.0,0,0,0,0,0,0,0,0,0,0,0,0,0,0,0,0,0,0,0,0,0,0,0,0,False
P82979,210.0,3,2,15.0,7.5,0.07142857142857142,2,0,1,1,0,0,1,0,0,0,0,0,0,0,0,0,0,0,0,0,0,0,0,0,False
Q9NQM4,214.0,0,0,0.0,,0.0,0,0,0,0,0,0,0,0,0,0,0,0,0,0,0,0,0,0,0,0,0,0,0,0,False
Q8N3Z6,543.0,1,3,17.0,5.666666666666667,0.03130755064456722,3+,0,0,0,0,1,1,0,0,0,0,0,1,0,0,0,0,0,0,0,0,0,0,0,False
A2RTX5,802.0,0,0,0.0,,0.0,0,0,0,0,0,0,0,0,0,0,0,0,0,0,0,0,0,0,0,0,0,0,0,0,False
Q9NZE8,188.0,0,0,0.0,,0.0,0,0,0,0,0,0,0,0,0,0,0,0,0,0,0,0,0,0,0,0,0,0,0,0,False
P52597,415.0,0,0,0.0,,0.0,0,0,0,0,0,0,0,0,0,0,0,0,0,0,0,0,0,0,0,0,0,0,0,0,False
Q9NVN8,582.0,0,0,0.0,,0.0,0,0,0,0,0,0,0,0,0,0,0,0,0,0,0,0,0,0,0,0,0,0,0,0,False
Q8TAQ5,688.0,0,0,0.0,,0.0,0,0,0,0,0,0,0,0,0,0,0,0,0,0,0,0,0,0,0,0,0,0,0,0,False
Q8WU90,426.0,1,4,31.0,7.75,0.07276995305164319,3+,0,0,1,0,1,1,0,0,0,1,0,1,0,0,0,0,0,0,0,0,0,0,0,False
Q8TDN6,353.0,0,0,0.0,,0.0,0,0,0,0,0,0,0,0,0,0,0,0,0,0,0,0,0,0,0,0,0,0,0,0,False
P68104,462.0,0,0,0.0,,0.0,0,0,0,0,0,0,0,0,0,0,0,0,0,0,0,0,0,0,0,0,0,0,0,0,False
F8W727,153.0,0,0,0.0,,0.0,0,0,0,0,0,0,0,0,0,0,0,0,0,0,0,0,0,0,0,0,0,0,0,0,False
Q9Y388,322.0,1,6,52.0,8.666666666666666,0.16149068322981366,3+,0,0,1,0,1,0,1,0,0,1,0,0,0,0,0,0,0,0,0,0,0,1,0,False
Q14684,758.0,1,5,24.0,4.8,0.0316622691292876,3+,0,0,0,0,1,0,1,0,0,1,0,1,0,0,0,0,0,0,0,0,0,0,0,False
Q86U06,439.0,1,5,52.0,10.4,0.11845102505694761,3+,0,0,1,0,1,0,1,0,0,0,0,1,0,0,0,0,0,0,0,0,0,0,0,False
Q9BV44,507.0,2,1,4.0,4.0,0.007889546351084813,1,0,0,0,0,1,0,0,0,0,1,0,0,0,0,0,0,0,0,0,0,0,0,0,False
Q6IEG0,339.0,0,0,0.0,,0.0,0,0,0,0,0,0,0,0,0,0,0,0,0,0,0,0,0,0,0,0,0,0,0,0,False
Q8TBZ8,553.0,3,2,10.0,5.0,0.018083182640144666,2,0,1,1,0,0,0,0,0,0,0,0,1,0,0,0,0,0,0,0,0,0,0,1,False
Q17RN3,349.0,3,2,13.0,6.5,0.03724928366762178,2,1,0,1,0,0,0,0,0,0,1,0,1,0,0,0,0,0,0,0,0,0,0,0,False
P60321,138.0,0,0,0.0,,0.0,0,0,0,0,0,0,0,0,0,0,0,0,0,0,0,0,0,0,0,0,0,0,0,0,False
Q9BYC9,149.0,0,0,0.0,,0.0,0,0,0,0,0,0,0,0,0,0,0,0,0,0,0,0,0,0,0,0,0,0,0,0,False
P51508,661.0,0,0,0.0,,0.0,0,0,0,0,0,0,0,0,0,0,0,0,0,0,0,0,0,0,0,0,0,0,0,0,False
P06748,294.0,3,2,30.0,15.0,0.10204081632653061,2,0,0,1,0,0,1,0,0,0,0,0,0,0,0,0,0,0,0,0,0,0,0,0,False
Q8NEF9,429.0,0,0,0.0,,0.0,0,0,0,0,0,0,0,0,0,0,0,0,0,0,0,0,0,0,0,0,0,0,0,0,False
Q13485,552.0,1,3,21.0,7.0,0.03804347826086957,3+,0,0,0,0,0,0,0,0,1,0,0,1,0,0,0,0,0,0,0,0,0,0,0,False
P51398,398.0,0,0,0.0,,0.0,0,0,0,0,0,0,0,0,0,0,0,0,0,0,0,0,0,0,0,0,0,0,0,0,False
P27635,214.0,0,0,0.0,,0.0,0,0,0,0,0,0,0,0,0,0,0,0,0,0,0,0,0,0,0,0,0,0,0,0,False
Q969H6,163.0,3,2,16.0,8.0,0.09815950920245399,2,0,0,1,0,0,1,0,0,0,0,0,0,0,0,0,1,0,0,0,0,0,0,0,False
P60323,173.0,1,3,13.0,4.333333333333333,0.07514450867052024,3+,0,0,1,0,1,1,0,0,0,0,0,1,0,0,0,0,0,1,0,0,0,0,0,False
P35789,620.0,0,0,0.0,,0.0,0,0,0,0,0,0,0,0,0,0,0,0,0,0,0,0,0,0,0,0,0,0,0,0,False
P62316,118.0,0,0,0.0,,0.0,0,0,0,0,0,0,0,0,0,0,0,0,0,0,0,0,0,0,0,0,0,0,0,0,False
P53803,58.0,0,0,0.0,,0.0,0,0,0,0,0,0,0,0,0,0,0,0,0,0,0,0,0,0,0,0,0,0,0,0,False
P52756,815.0,1,8,56.0,7.0,0.0687116564417178,3+,0,0,1,1,1,0,1,0,1,0,0,0,0,0,0,1,0,0,0,0,1,0,1,False
H7BXY3,1166.0,1,7,43.0,6.142857142857143,0.03687821612349914,3+,1,1,0,1,1,1,0,0,0,1,0,1,0,0,0,1,0,0,0,0,0,0,0,False
Q04637,1599.0,1,14,99.0,7.071428571428571,0.06191369606003752,3+,1,0,0,1,1,1,0,0,0,0,0,1,0,0,1,1,1,1,0,0,0,0,1,False
Q9UPY3,1922.0,1,6,34.0,5.666666666666667,0.01768990634755463,3+,1,0,0,1,0,1,0,0,0,0,0,1,0,0,0,0,0,0,0,0,0,0,0,False
P49761,490.0,1,4,26.0,6.5,0.053061224489795916,3+,0,0,0,0,0,0,1,0,0,0,0,1,0,0,0,0,0,0,0,0,0,1,0,False
Q5T619,568.0,2,1,6.0,6.0,0.01056338028169014,1,0,0,0,0,1,0,0,0,0,0,0,0,0,0,1,0,0,0,0,0,0,0,0,False
P07998,156.0,0,0,0.0,,0.0,0,0,0,0,0,0,0,0,0,0,0,0,0,0,0,0,0,0,0,0,0,0,0,0,False
Q9UDW3,170.0,0,0,0.0,,0.0,0,0,0,0,0,0,0,0,0,0,0,0,0,0,0,0,0,0,0,0,0,0,0,0,False
Q6ZN17,250.0,2,1,6.0,6.0,0.024,1,0,0,0,0,1,0,0,0,0,0,0,1,0,0,0,0,0,0,0,0,0,0,0,False
Q96MT3,831.0,1,4,19.0,4.75,0.02286401925391095,3+,0,0,0,0,0,0,1,0,0,1,0,1,0,0,0,0,0,0,0,0,1,0,0,False
Q9UJV8,347.0,3,2,14.0,7.0,0.040345821325648415,2,0,0,1,0,0,0,0,0,0,0,0,1,0,0,0,0,0,0,0,0,0,0,0,False
Q14157,1087.0,1,16,145.0,9.0625,0.13339466421343146,3+,0,0,0,0,0,0,0,0,1,0,0,1,0,0,0,0,0,0,0,1,1,0,0,False
Q8WW36,166.0,0,0,0.0,,0.0,0,0,0,0,0,0,0,0,0,0,0,0,0,0,0,0,0,0,0,0,0,0,0,0,False
Q5T9H5,84.0,2,1,9.0,9.0,0.10714285714285714,1,0,0,1,0,0,0,0,0,0,0,0,1,0,0,0,0,0,0,0,0,0,0,0,False
Q969Q0,106.0,0,0,0.0,,0.0,0,0,0,0,0,0,0,0,0,0,0,0,0,0,0,0,0,0,0,0,0,0,0,0,False
P46778,160.0,0,0,0.0,,0.0,0,0,0,0,0,0,0,0,0,0,0,0,0,0,0,0,0,0,0,0,0,0,0,0,False
P05386,114.0,1,3,20.0,6.666666666666667,0.17543859649122806,3+,1,1,0,0,0,1,0,0,0,0,0,1,0,0,0,0,0,0,0,0,0,0,0,False
Q9NR30,783.0,1,5,40.0,8.0,0.05108556832694764,3+,0,0,0,0,1,1,0,0,0,1,0,1,0,0,0,0,0,0,0,0,0,0,0,False
Q8TEX9,1081.0,1,20,111.0,5.55,0.1026827012025902,3+,1,0,1,0,1,1,1,0,0,0,0,1,0,0,0,1,0,0,1,0,1,0,0,False
A2RUC4,315.0,0,0,0.0,,0.0,0,0,0,0,0,0,0,0,0,0,0,0,0,0,0,0,0,0,0,0,0,0,0,0,False
P22626,353.0,1,7,65.0,9.285714285714286,0.18413597733711048,3+,0,1,1,1,0,0,0,0,1,0,0,0,0,0,1,0,0,0,0,0,0,0,0,False
Q7KZF4,910.0,1,3,17.0,5.666666666666667,0.01868131868131868,3+,1,1,0,0,0,1,0,0,0,0,0,0,0,0,0,1,0,0,0,0,0,0,0,False
Q86TS9,123.0,0,0,0.0,,0.0,0,0,0,0,0,0,0,0,0,0,0,0,0,0,0,0,0,0,0,0,0,0,0,0,False
Q8NHU6,1098.0,2,1,4.0,4.0,0.0036429872495446266,1,0,0,0,0,1,1,0,0,0,0,0,0,0,0,0,0,0,0,0,0,0,0,0,False
Q8NI27,1593.0,1,16,94.0,5.875,0.059008160703075956,3+,1,0,1,0,1,1,1,0,0,1,0,1,0,0,1,1,0,0,0,0,1,0,0,False
Q8IWR0,971.0,1,3,15.0,5.0,0.015447991761071062,3+,0,0,0,0,1,1,0,0,0,0,0,1,0,0,0,1,0,0,0,0,0,0,0,False
Q86UA1,669.0,0,0,0.0,,0.0,0,0,0,0,0,0,0,0,0,0,0,0,0,0,0,0,0,0,0,0,0,0,0,0,False
Q03468,1493.0,1,8,52.0,6.5,0.034829202947086406,3+,0,0,1,0,1,1,0,0,0,1,0,1,0,0,0,0,0,0,0,0,0,0,0,False
Q9H0Z9,239.0,0,0,0.0,,0.0,0,0,0,0,0,0,0,0,0,0,0,0,0,0,0,0,0,0,0,0,0,0,0,0,False
Q13283,466.0,1,5,46.0,9.2,0.09871244635193133,3+,0,0,1,1,0,1,1,0,0,0,0,1,0,0,0,0,0,0,0,0,0,0,0,False
Q9HAU5,1272.0,1,11,81.0,7.363636363636363,0.06367924528301887,3+,1,0,1,1,1,1,0,0,0,0,0,1,0,0,0,0,0,0,0,0,0,0,0,False
P62854,115.0,0,0,0.0,,0.0,0,0,0,0,0,0,0,0,0,0,0,0,0,0,0,0,0,0,0,0,0,0,0,0,False
J3KP02,692.0,1,6,34.0,5.666666666666667,0.049132947976878616,3+,0,0,0,0,0,1,1,0,0,0,0,1,0,0,0,1,0,0,0,0,0,0,0,False
Q14204,4646.0,1,4,17.0,4.25,0.003659061558329746,3+,0,0,0,0,0,0,1,0,0,1,0,1,0,0,0,0,0,0,0,0,0,0,0,False
P18583,2426.0,1,37,280.0,7.5675675675675675,0.11541632316570487,3+,1,0,0,0,1,1,1,0,0,1,0,1,0,0,0,1,0,0,0,0,1,1,0,False
P26599,557.0,1,4,22.0,5.5,0.03949730700179533,3+,1,1,0,1,0,0,0,0,0,0,0,1,0,0,0,0,0,0,0,0,0,0,0,False
O75437,659.0,0,0,0.0,,0.0,0,0,0,0,0,0,0,0,0,0,0,0,0,0,0,0,0,0,0,0,0,0,0,0,False
Q6NZI2,390.0,1,3,21.0,7.0,0.05384615384615385,3+,0,0,0,0,0,1,0,0,0,0,0,0,0,0,0,0,0,0,0,0,0,0,0,False
O95985,862.0,0,0,0.0,,0.0,0,0,0,0,0,0,0,0,0,0,0,0,0,0,0,0,0,0,0,0,0,0,0,0,False
P23246,707.0,1,18,181.0,10.055555555555555,0.256011315417256,3+,0,0,1,0,1,1,0,0,1,0,0,1,0,0,0,0,1,0,0,0,0,0,0,False
P78362,688.0,1,7,51.0,7.285714285714286,0.07412790697674419,3+,0,0,0,0,0,1,0,0,0,1,0,1,0,0,0,0,0,0,0,0,0,0,0,False
Q32P51,320.0,1,5,37.0,7.4,0.115625,3+,0,1,1,1,0,0,0,0,1,0,0,1,0,0,1,0,0,0,0,0,0,0,0,False
O00410,1097.0,1,5,29.0,5.8,0.02643573381950775,3+,1,0,1,0,1,0,0,0,0,0,0,1,0,0,0,1,0,0,0,0,0,0,0,False
P49642,420.0,0,0,0.0,,0.0,0,0,0,0,0,0,0,0,0,0,0,0,0,0,0,0,0,0,0,0,0,0,0,0,False
Q8IY31,132.0,0,0,0.0,,0.0,0,0,0,0,0,0,0,0,0,0,0,0,0,0,0,0,0,0,0,0,0,0,0,0,False
Q12904,312.0,1,4,23.0,5.75,0.07371794871794872,3+,0,0,1,0,1,1,0,0,0,1,0,1,0,0,0,0,0,0,0,0,0,0,0,False
Q9UL40,294.0,0,0,0.0,,0.0,0,0,0,0,0,0,0,0,0,0,0,0,0,0,0,0,0,0,0,0,0,0,0,0,False
Q9HCS7,855.0,1,3,15.0,5.0,0.017543859649122806,3+,0,0,0,0,0,1,1,0,0,0,0,0,0,0,0,0,0,0,0,0,0,0,0,False
Q92879,486.0,1,6,56.0,9.333333333333334,0.11522633744855967,3+,0,0,0,1,0,0,0,0,0,0,0,1,0,0,1,0,0,0,0,0,0,0,0,False
O75179,2603.0,1,33,232.0,7.03030303030303,0.08912792931233192,3+,0,0,1,0,1,1,1,0,0,1,0,1,0,0,1,1,1,1,1,0,1,0,1,False
P61964,334.0,0,0,0.0,,0.0,0,0,0,0,0,0,0,0,0,0,0,0,0,0,0,0,0,0,0,0,0,0,0,0,False
Q6P2E9,1401.0,1,10,66.0,6.6,0.047109207708779445,3+,0,0,0,0,0,1,0,0,0,0,0,1,0,0,0,1,0,0,0,0,0,0,0,False
Q9H4L7,1026.0,3,2,9.0,4.5,0.008771929824561403,2,0,0,0,0,1,0,1,0,0,0,0,1,0,0,0,0,0,0,0,0,0,0,0,False
Q9UGY1,213.0,1,3,15.0,5.0,0.07042253521126761,3+,1,1,1,0,0,1,1,0,0,1,0,0,0,0,0,0,0,0,0,0,0,0,0,False
P68431,136.0,0,0,0.0,,0.0,0,0,0,0,0,0,0,0,0,0,0,0,0,0,0,0,0,0,0,0,0,0,0,0,False
Q86XP3,938.0,1,7,36.0,5.142857142857143,0.03837953091684435,3+,0,0,0,0,1,1,0,0,0,0,0,1,0,0,0,1,0,0,0,0,0,0,0,False
B0QYY4,370.0,1,5,41.0,8.2,0.11081081081081082,3+,1,1,1,0,1,0,1,0,0,0,0,1,0,0,0,0,0,0,1,0,0,0,0,False
Q7Z2Z2,1120.0,0,0,0.0,,0.0,0,0,0,0,0,0,0,0,0,0,0,0,0,0,0,0,0,0,0,0,0,0,0,0,False
P26358,1616.0,1,6,46.0,7.666666666666667,0.028465346534653466,3+,0,0,0,0,0,1,0,0,0,1,0,1,0,0,0,0,0,0,0,0,0,0,0,False
Q9NV66,732.0,3,2,9.0,4.5,0.012295081967213115,2,0,0,0,0,1,1,0,0,0,0,0,0,0,0,0,0,0,0,0,0,0,0,0,False
Q9NTZ6,932.0,1,11,86.0,7.818181818181818,0.09227467811158799,3+,0,0,0,1,0,0,0,0,0,0,0,1,0,0,1,1,0,1,0,0,0,1,0,False
Q8IYB8,786.0,0,0,0.0,,0.0,0,0,0,0,0,0,0,0,0,0,0,0,0,0,0,0,0,0,0,0,0,0,0,0,False
Q9UN86,482.0,1,7,53.0,7.571428571428571,0.10995850622406639,3+,0,0,1,1,0,1,0,0,0,0,0,1,0,0,1,0,0,0,0,0,0,0,0,False
Q9BXY0,300.0,1,3,27.0,9.0,0.09,3+,0,0,1,0,1,1,1,0,0,0,0,0,0,0,0,0,0,0,0,0,0,0,0,False
Q9NR50,452.0,0,0,0.0,,0.0,0,0,0,0,0,0,0,0,0,0,0,0,0,0,0,0,0,0,0,0,0,0,0,0,False
P62495,437.0,0,0,0.0,,0.0,0,0,0,0,0,0,0,0,0,0,0,0,0,0,0,0,0,0,0,0,0,0,0,0,False
Q9H7N4,1312.0,1,29,346.0,11.931034482758621,0.26371951219512196,3+,0,0,0,0,0,1,1,0,1,1,0,1,0,0,1,0,0,0,0,0,0,1,0,False
P36776,959.0,1,5,33.0,6.6,0.03441084462982273,3+,0,0,0,0,0,1,0,0,0,1,0,1,0,0,0,1,0,0,0,0,0,0,0,False
Q9BZE4,634.0,0,0,0.0,,0.0,0,0,0,0,0,0,0,0,0,0,0,0,0,0,0,0,0,0,0,0,0,0,0,0,False
Q8IWZ3,2542.0,1,21,124.0,5.904761904761905,0.04878048780487805,3+,0,0,0,0,1,1,0,0,0,1,0,1,0,0,1,1,0,1,0,0,0,0,1,False
Q9BZE1,423.0,0,0,0.0,,0.0,0,0,0,0,0,0,0,0,0,0,0,0,0,0,0,0,0,0,0,0,0,0,0,0,False
P55884,814.0,1,7,41.0,5.857142857142857,0.05036855036855037,3+,0,0,1,0,1,1,0,0,0,1,0,1,0,0,0,0,0,0,0,0,0,0,0,False
P11387,765.0,1,7,42.0,6.0,0.054901960784313725,3+,0,0,0,0,0,1,0,0,0,1,0,0,0,0,0,0,0,0,0,0,0,0,0,False
O14602,144.0,0,0,0.0,,0.0,0,0,0,0,0,0,0,0,0,0,0,0,0,0,0,0,0,0,0,0,0,0,0,0,False
P30050,165.0,0,0,0.0,,0.0,0,0,0,0,0,0,0,0,0,0,0,0,0,0,0,0,0,0,0,0,0,0,0,0,False
Q96P70,1041.0,1,4,31.0,7.75,0.029779058597502402,3+,0,0,1,0,1,1,0,0,0,0,0,1,0,0,0,0,0,0,0,0,0,0,0,False
Q5T280,376.0,0,0,0.0,,0.0,0,0,0,0,0,0,0,0,0,0,0,0,0,0,0,0,0,0,0,0,0,0,0,0,False
P49760,499.0,1,7,53.0,7.571428571428571,0.1062124248496994,3+,0,0,0,0,0,0,1,0,1,0,0,0,0,0,0,0,0,0,0,0,0,0,0,False
Q12905,390.0,1,4,26.0,6.5,0.06666666666666667,3+,0,1,1,0,1,1,0,0,0,0,0,1,0,0,0,0,0,0,0,1,0,0,0,False
Q86Y13,1208.0,1,7,36.0,5.142857142857143,0.029801324503311258,3+,0,0,0,0,0,1,0,0,0,1,0,1,0,0,0,1,0,0,0,0,0,0,0,False
Q9UPR3,1016.0,1,6,35.0,5.833333333333333,0.0344488188976378,3+,0,0,1,1,0,1,1,0,0,0,0,1,0,0,0,1,0,0,0,0,0,0,0,False
P62891,51.0,0,0,0.0,,0.0,0,0,0,0,0,0,0,0,0,0,0,0,0,0,0,0,0,0,0,0,0,0,0,0,False
Q9UQ84,846.0,3,2,11.0,5.5,0.013002364066193853,2,0,0,0,0,0,0,0,0,0,0,0,1,0,0,0,0,0,1,0,0,0,0,0,False
Q9H583,2144.0,1,4,20.0,5.0,0.009328358208955223,3+,0,0,1,0,1,1,0,0,0,0,0,0,0,0,0,1,0,0,0,0,0,0,0,False
Q16695,136.0,0,0,0.0,,0.0,0,0,0,0,0,0,0,0,0,0,0,0,0,0,0,0,0,0,0,0,0,0,0,0,False
P09874,1014.0,1,4,21.0,5.25,0.020710059171597635,3+,0,1,0,0,1,0,0,0,0,1,0,1,0,0,0,0,0,0,0,0,0,0,0,False
E9PE20,66.0,0,0,0.0,,0.0,0,0,0,0,0,0,0,0,0,0,0,0,0,0,0,0,0,0,0,0,0,0,0,0,False
P07814,1512.0,1,6,29.0,4.833333333333333,0.01917989417989418,3+,1,0,0,1,0,0,0,0,0,1,0,1,0,0,0,0,0,0,0,0,0,0,0,False
Q9Y3B9,282.0,0,0,0.0,,0.0,0,0,0,0,0,0,0,0,0,0,0,0,0,0,0,0,0,0,0,0,0,0,0,0,False
Q9NVH2,962.0,1,5,40.0,8.0,0.04158004158004158,3+,0,0,0,0,0,0,0,0,1,1,0,1,1,0,0,0,0,0,0,0,0,0,0,False
Q9H0U6,180.0,0,0,0.0,,0.0,0,0,0,0,0,0,0,0,0,0,0,0,0,0,0,0,0,0,0,0,0,0,0,0,False
Q8WVM0,346.0,0,0,0.0,,0.0,0,0,0,0,0,0,0,0,0,0,0,0,0,0,0,0,0,0,0,0,0,0,0,0,False
Q9UPN6,1271.0,1,17,118.0,6.9411764705882355,0.09284028324154209,3+,1,1,1,0,1,1,1,0,0,0,0,1,0,0,0,1,0,0,1,0,0,1,0,False
Q9UGC7,380.0,0,0,0.0,,0.0,0,0,0,0,0,0,0,0,0,0,0,0,0,0,0,0,0,0,0,0,0,0,0,0,False
P12270,2363.0,1,20,112.0,5.6,0.04739737621667372,3+,0,0,0,0,1,1,0,0,0,0,0,1,0,0,1,0,1,0,0,0,1,0,0,False
Q5T5J6,900.0,3,2,12.0,6.0,0.013333333333333334,2,0,0,0,0,1,0,0,0,0,0,0,1,0,0,0,1,0,0,0,0,0,0,0,False
Q7Z2T5,733.0,1,3,20.0,6.666666666666667,0.027285129604365622,3+,1,0,0,0,1,0,0,0,0,0,0,1,0,0,0,1,0,0,0,0,0,0,0,False
Q08211,1270.0,1,5,31.0,6.2,0.024409448818897637,3+,0,1,0,1,1,1,0,0,1,1,0,1,0,0,0,0,0,0,0,0,0,0,0,False
Q05823,741.0,0,0,0.0,,0.0,0,0,0,0,0,0,0,0,0,0,0,0,0,0,0,0,0,0,0,0,0,0,0,0,False
Q9BWJ5,86.0,0,0,0.0,,0.0,0,0,0,0,0,0,0,0,0,0,0,0,0,0,0,0,0,0,0,0,0,0,0,0,False
Q5TC82,1133.0,3,2,11.0,5.5,0.009708737864077669,2,0,0,0,0,1,0,0,0,0,0,0,1,0,0,0,0,0,0,0,0,0,0,0,False
Q96JY0,434.0,0,0,0.0,,0.0,0,0,0,0,0,0,0,0,0,0,0,0,0,0,0,0,0,0,0,0,0,0,0,0,False
Q96FB5,475.0,0,0,0.0,,0.0,0,0,0,0,0,0,0,0,0,0,0,0,0,0,0,0,0,0,0,0,0,0,0,0,False
Q9NR48,2969.0,1,20,115.0,5.75,0.03873358033007747,3+,0,0,0,0,0,1,1,0,0,1,0,1,0,0,0,1,0,1,0,0,0,0,0,False
P55265,1226.0,2,1,5.0,5.0,0.004078303425774877,1,0,1,0,0,0,0,0,0,0,0,0,1,0,0,0,0,0,0,0,0,0,0,0,False
Q5VZ19,366.0,0,0,0.0,,0.0,0,0,0,0,0,0,0,0,0,0,0,0,0,0,0,0,0,0,0,0,0,0,0,0,False
Q9Y3Y2,248.0,1,8,71.0,8.875,0.2862903225806452,3+,0,0,0,0,0,0,1,0,0,1,0,1,0,0,0,1,0,0,0,1,0,0,0,False
Q9Y2W6,561.0,0,0,0.0,,0.0,0,0,0,0,0,0,0,0,0,0,0,0,0,0,0,0,0,0,0,0,0,0,0,0,False
Q9BYD2,267.0,0,0,0.0,,0.0,0,0,0,0,0,0,0,0,0,0,0,0,0,0,0,0,0,0,0,0,0,0,0,0,False
Q5JPI9,236.0,0,0,0.0,,0.0,0,0,0,0,0,0,0,0,0,0,0,0,0,0,0,0,0,0,0,0,0,0,0,0,False
Q8IV42,348.0,0,0,0.0,,0.0,0,0,0,0,0,0,0,0,0,0,0,0,0,0,0,0,0,0,0,0,0,0,0,0,False
O60508,579.0,0,0,0.0,,0.0,0,0,0,0,0,0,0,0,0,0,0,0,0,0,0,0,0,0,0,0,0,0,0,0,False
Q9H0R6,528.0,3,2,14.0,7.0,0.026515151515151516,2,0,0,0,0,0,0,0,0,0,0,0,0,0,0,1,0,0,0,0,0,0,0,0,False
Q9BW92,718.0,0,0,0.0,,0.0,0,0,0,0,0,0,0,0,0,0,0,0,0,0,0,0,0,0,0,0,0,0,0,0,False
Q14152,1382.0,1,28,216.0,7.714285714285714,0.15629522431259044,3+,0,0,0,0,0,1,1,0,1,1,0,1,0,0,0,1,1,0,0,0,0,0,1,False
O94874,794.0,1,3,16.0,5.333333333333333,0.020151133501259445,3+,0,0,0,0,0,0,0,0,0,1,0,1,0,0,0,0,0,0,0,0,0,0,0,False
H9KV63,1113.0,2,1,5.0,5.0,0.004492362982929021,1,0,0,1,0,0,0,0,0,0,0,0,0,0,0,0,1,0,0,0,0,0,0,0,False
Q99590,1463.0,1,15,91.0,6.066666666666666,0.06220095693779904,3+,0,0,0,0,0,0,1,0,0,0,0,1,0,0,0,0,0,1,0,1,0,0,0,False
Q9UNY4,1162.0,1,5,29.0,5.8,0.02495697074010327,3+,1,1,0,0,1,0,0,0,0,1,0,1,0,0,0,1,0,0,0,0,0,0,0,False
Q5T481,1227.0,1,9,52.0,5.777777777777778,0.042379788101059496,3+,0,0,0,0,0,1,1,0,1,0,0,1,0,0,1,1,0,0,1,0,0,0,0,False
Q00013,466.0,0,0,0.0,,0.0,0,0,0,0,0,0,0,0,0,0,0,0,0,0,0,0,0,0,0,0,0,0,0,0,False
O60832,514.0,1,4,33.0,8.25,0.06420233463035019,3+,0,0,1,0,1,1,0,0,0,1,0,0,0,0,0,0,0,0,0,0,0,0,0,False
O75940,238.0,0,0,0.0,,0.0,0,0,0,0,0,0,0,0,0,0,0,0,0,0,0,0,0,0,0,0,0,0,0,0,False
O60506,623.0,1,10,74.0,7.4,0.1187800963081862,3+,0,1,1,1,1,1,1,0,0,1,0,1,0,0,0,1,0,0,0,1,0,0,0,False
Q9UHI6,824.0,0,0,0.0,,0.0,0,0,0,0,0,0,0,0,0,0,0,0,0,0,0,0,0,0,0,0,0,0,0,0,False
Q96IP4,442.0,3,2,31.0,15.5,0.07013574660633484,2,1,0,1,0,0,1,0,0,1,0,0,0,0,0,0,0,0,0,0,0,0,0,0,False
Q9H668,368.0,0,0,0.0,,0.0,0,0,0,0,0,0,0,0,0,0,0,0,0,0,0,0,0,0,0,0,0,0,0,0,False
Q14690,1871.0,1,5,24.0,4.8,0.012827365045430252,3+,0,0,0,1,0,1,0,0,0,1,0,0,0,0,0,1,0,0,0,0,0,0,0,False
Q5T5C7,536.0,0,0,0.0,,0.0,0,0,0,0,0,0,0,0,0,0,0,0,0,0,0,0,0,0,0,0,0,0,0,0,False
A0A0A0MRM9,708.0,1,18,221.0,12.277777777777779,0.3121468926553672,3+,0,0,1,0,1,1,0,0,0,1,0,1,0,0,0,0,0,0,0,0,0,0,0,False
X6R7H2,631.0,1,6,85.0,14.166666666666666,0.1347068145800317,3+,0,0,1,0,1,0,1,0,0,0,0,1,0,0,0,0,0,0,0,0,0,1,0,False
Q5VTL8,546.0,1,15,112.0,7.466666666666667,0.20512820512820512,3+,0,0,1,0,1,0,1,0,0,0,0,1,0,0,0,0,0,0,0,0,0,1,0,False
Q5T8I9,393.0,0,0,0.0,,0.0,0,0,0,0,0,0,0,0,0,0,0,0,0,0,0,0,0,0,0,0,0,0,0,0,False
O75607,178.0,3,2,16.0,8.0,0.0898876404494382,2,0,0,1,0,0,1,0,0,0,0,0,1,0,0,0,0,0,0,0,0,0,0,0,False
O00442,366.0,0,0,0.0,,0.0,0,0,0,0,0,0,0,0,0,0,0,0,0,0,0,0,0,0,0,0,0,0,0,0,False
Q9NUP7,481.0,0,0,0.0,,0.0,0,0,0,0,0,0,0,0,0,0,0,0,0,0,0,0,0,0,0,0,0,0,0,0,False
Q9UKA9,531.0,2,1,10.0,10.0,0.018832391713747645,1,0,1,0,0,0,0,0,0,0,0,0,1,0,0,0,0,0,0,0,0,0,0,0,False
Q8N983,215.0,0,0,0.0,,0.0,0,0,0,0,0,0,0,0,0,0,0,0,0,0,0,0,0,0,0,0,0,0,0,0,False
Q9Y2Z2,717.0,0,0,0.0,,0.0,0,0,0,0,0,0,0,0,0,0,0,0,0,0,0,0,0,0,0,0,0,0,0,0,False
P46777,297.0,0,0,0.0,,0.0,0,0,0,0,0,0,0,0,0,0,0,0,0,0,0,0,0,0,0,0,0,0,0,0,False
Q9NXZ2,648.0,0,0,0.0,,0.0,0,0,0,0,0,0,0,0,0,0,0,0,0,0,0,0,0,0,0,0,0,0,0,0,False
Q4VXA5,237.0,0,0,0.0,,0.0,0,0,0,0,0,0,0,0,0,0,0,0,0,0,0,0,0,0,0,0,0,0,0,0,False
Q5JSQ8,128.0,0,0,0.0,,0.0,0,0,0,0,0,0,0,0,0,0,0,0,0,0,0,0,0,0,0,0,0,0,0,0,False
A2PYH4,1435.0,2,1,4.0,4.0,0.0027874564459930314,1,0,0,0,0,1,0,0,0,0,1,0,0,0,0,0,0,0,0,0,0,0,0,0,False
Q06787,632.0,3,2,15.0,7.5,0.023734177215189875,2,0,1,0,0,0,0,1,0,0,0,0,0,0,0,0,0,0,0,0,0,0,0,0,False
Q9H9Y2,349.0,0,0,0.0,,0.0,0,0,0,0,0,0,0,0,0,0,0,0,0,0,0,0,0,0,0,0,0,0,0,0,False
Q5JSJ4,861.0,2,1,5.0,5.0,0.005807200929152149,1,0,0,0,0,1,0,0,0,0,0,0,0,0,0,0,1,0,0,0,0,0,0,0,False
Q9NUK0,354.0,0,0,0.0,,0.0,0,0,0,0,0,0,0,0,0,0,0,0,0,0,0,0,0,0,0,0,0,0,0,0,False
Q6IPR3,259.0,2,1,5.0,5.0,0.019305019305019305,1,0,0,1,0,0,1,0,0,0,0,0,0,0,0,0,0,0,0,0,0,0,0,0,False
Q16206,610.0,0,0,0.0,,0.0,0,0,0,0,0,0,0,0,0,0,0,0,0,0,0,0,0,0,0,0,0,0,0,0,False
Q8NC51,408.0,1,7,62.0,8.857142857142858,0.15196078431372548,3+,1,0,1,0,1,1,1,0,0,0,0,1,0,0,0,0,0,0,0,1,0,0,0,False
Q7L3T8,475.0,0,0,0.0,,0.0,0,0,0,0,0,0,0,0,0,0,0,0,0,0,0,0,0,0,0,0,0,0,0,0,False
Q9ULC4,181.0,0,0,0.0,,0.0,0,0,0,0,0,0,0,0,0,0,0,0,0,0,0,0,0,0,0,0,0,0,0,0,False
O15541,343.0,2,1,5.0,5.0,0.014577259475218658,1,0,0,0,0,1,1,0,0,0,0,0,0,0,0,0,0,0,0,0,0,0,0,0,False
Q8IXM3,137.0,0,0,0.0,,0.0,0,0,0,0,0,0,0,0,0,0,0,0,0,0,0,0,0,0,0,0,0,0,0,0,False
P61326,146.0,0,0,0.0,,0.0,0,0,0,0,0,0,0,0,0,0,0,0,0,0,0,0,0,0,0,0,0,0,0,0,False
Q99459,802.0,1,5,29.0,5.8,0.03615960099750624,3+,0,0,1,0,1,1,1,0,0,0,0,0,0,0,0,0,1,0,0,0,0,0,0,False
Q9Y399,296.0,0,0,0.0,,0.0,0,0,0,0,0,0,0,0,0,0,0,0,0,0,0,0,0,0,0,0,0,0,0,0,False
Q13325,482.0,3,2,9.0,4.5,0.01867219917012448,2,0,0,0,0,0,1,0,0,0,1,0,0,0,0,0,0,0,0,0,0,0,0,0,False
P09914,478.0,0,0,0.0,,0.0,0,0,0,0,0,0,0,0,0,0,0,0,0,0,0,0,0,0,0,0,0,0,0,0,False
Q5T764,474.0,0,0,0.0,,0.0,0,0,0,0,0,0,0,0,0,0,0,0,0,0,0,0,0,0,0,0,0,0,0,0,False
O14879,490.0,0,0,0.0,,0.0,0,0,0,0,0,0,0,0,0,0,0,0,0,0,0,0,0,0,0,0,0,0,0,0,False
P09913,472.0,3,2,14.0,7.0,0.029661016949152543,2,0,0,0,0,0,1,0,0,0,0,0,1,0,0,0,0,0,0,0,0,0,0,0,False
O95793,577.0,1,4,22.0,5.5,0.038128249566724434,3+,1,1,0,0,1,1,0,0,0,1,0,1,1,0,0,0,0,0,0,0,0,0,0,False
Q9GZR2,422.0,2,1,7.0,7.0,0.016587677725118485,1,0,0,0,0,1,0,0,0,0,1,0,0,0,0,0,0,0,0,0,0,0,0,0,False
Q6P1L8,145.0,0,0,0.0,,0.0,0,0,0,0,0,0,0,0,0,0,0,0,0,0,0,0,0,0,0,0,0,0,0,0,False
Q96GM8,510.0,2,1,7.0,7.0,0.013725490196078431,1,1,0,0,0,0,0,1,0,0,0,0,0,0,0,0,0,0,0,0,0,0,0,0,False
Q9NPJ8,142.0,0,0,0.0,,0.0,0,0,0,0,0,0,0,0,0,0,0,0,0,0,0,0,0,0,0,0,0,0,0,0,False
Q9NVS2,196.0,0,0,0.0,,0.0,0,0,0,0,0,0,0,0,0,0,0,0,0,0,0,0,0,0,0,0,0,0,0,0,False
Q8N2G6,241.0,0,0,0.0,,0.0,0,0,0,0,0,0,0,0,0,0,0,0,0,0,0,0,0,0,0,0,0,0,0,0,False
O94829,963.0,0,0,0.0,,0.0,0,0,0,0,0,0,0,0,0,0,0,0,0,0,0,0,0,0,0,0,0,0,0,0,False
A3KFL2,285.0,0,0,0.0,,0.0,0,0,0,0,0,0,0,0,0,0,0,0,0,0,0,0,0,0,0,0,0,0,0,0,False
Q96IZ5,413.0,0,0,0.0,,0.0,0,0,0,0,0,0,0,0,0,0,0,0,0,0,0,0,0,0,0,0,0,0,0,0,False
Q9BR11,485.0,0,0,0.0,,0.0,0,0,0,0,0,0,0,0,0,0,0,0,0,0,0,0,0,0,0,0,0,0,0,0,False
P67809,324.0,1,8,56.0,7.0,0.1728395061728395,3+,0,0,1,0,1,0,1,0,0,0,0,1,0,0,0,0,0,0,0,0,0,0,0,False
Q14249,297.0,1,4,26.0,6.5,0.08754208754208755,3+,1,0,1,0,0,0,1,0,0,0,0,1,0,0,0,1,0,0,0,0,0,0,0,False
Q9H3H1,467.0,0,0,0.0,,0.0,0,0,0,0,0,0,0,0,0,0,0,0,0,0,0,0,0,0,0,0,0,0,0,0,False
Q9UNP9,301.0,0,0,0.0,,0.0,0,0,0,0,0,0,0,0,0,0,0,0,0,0,0,0,0,0,0,0,0,0,0,0,False
P55795,449.0,1,3,24.0,8.0,0.053452115812917596,3+,0,0,1,1,1,0,0,0,1,0,0,0,0,0,1,0,0,0,0,0,0,0,0,False
Q9BTM9,101.0,0,0,0.0,,0.0,0,0,0,0,0,0,0,0,0,0,0,0,0,0,0,0,0,0,0,0,0,0,0,0,False
Q13310,644.0,1,4,22.0,5.5,0.034161490683229816,3+,0,1,0,1,0,0,0,0,0,0,0,1,0,0,0,1,0,0,0,0,0,0,0,False
Q96GJ1,504.0,0,0,0.0,,0.0,0,0,0,0,0,0,0,0,0,0,0,0,0,0,0,0,0,0,0,0,0,0,0,0,False
A6ND22,99.0,0,0,0.0,,0.0,0,0,0,0,0,0,0,0,0,0,0,0,0,0,0,0,0,0,0,0,0,0,0,0,False
Q9Y3A2,253.0,2,1,6.0,6.0,0.023715415019762844,1,1,0,0,0,0,0,0,0,0,1,0,0,0,0,0,0,0,0,0,0,0,0,0,False
Q12874,501.0,3,2,24.0,12.0,0.04790419161676647,2,0,0,0,1,0,1,0,0,0,0,0,0,0,0,0,0,0,0,0,0,0,0,0,False
Q86U90,279.0,3,2,11.0,5.5,0.03942652329749104,2,1,0,0,0,1,0,0,0,0,0,0,1,0,0,0,0,1,0,0,0,0,0,0,False
Q13823,731.0,1,4,21.0,5.25,0.028727770177838577,3+,0,0,0,0,1,1,0,0,0,1,0,0,0,0,0,0,0,0,0,0,0,0,0,False
Q5D1E8,599.0,1,3,24.0,8.0,0.04006677796327212,3+,0,0,0,0,1,0,0,0,1,0,0,1,0,0,1,0,0,0,0,0,0,0,0,False
P82914,257.0,3,2,10.0,5.0,0.038910505836575876,2,0,0,1,0,0,0,1,0,0,0,0,1,0,0,0,0,0,0,0,0,0,0,0,False
Q9H9G7,860.0,0,0,0.0,,0.0,0,0,0,0,0,0,0,0,0,0,0,0,0,0,0,0,0,0,0,0,0,0,0,0,False
Q9UL18,857.0,0,0,0.0,,0.0,0,0,0,0,0,0,0,0,0,0,0,0,0,0,0,0,0,0,0,0,0,0,0,0,False
Q9HCK5,861.0,0,0,0.0,,0.0,0,0,0,0,0,0,0,0,0,0,0,0,0,0,0,0,0,0,0,0,0,0,0,0,False
Q8TD26,2715.0,1,14,86.0,6.142857142857143,0.03167587476979742,3+,0,0,0,0,1,1,1,0,0,1,0,1,0,0,0,0,0,0,1,0,1,0,0,False
P50750,372.0,0,0,0.0,,0.0,0,0,0,0,0,0,0,0,0,0,0,0,0,0,0,0,0,0,0,0,0,0,0,0,False
P46100,2492.0,1,31,225.0,7.258064516129032,0.09028892455858747,3+,0,0,1,0,1,1,1,0,1,1,0,1,0,0,1,0,0,0,0,0,0,0,0,False
P54577,528.0,0,0,0.0,,0.0,0,0,0,0,0,0,0,0,0,0,0,0,0,0,0,0,0,0,0,0,0,0,0,0,False
Q9BQ39,737.0,1,3,27.0,9.0,0.036635006784260515,3+,0,0,1,1,1,0,0,0,0,1,0,0,0,0,1,0,0,0,0,0,0,1,0,False
A0A7P0MRT9,323.0,0,0,0.0,,0.0,0,0,0,0,0,0,0,0,0,0,0,0,0,0,0,0,0,0,0,0,0,0,0,0,False
P62701,263.0,0,0,0.0,,0.0,0,0,0,0,0,0,0,0,0,0,0,0,0,0,0,0,0,0,0,0,0,0,0,0,False
Q9Y237,131.0,0,0,0.0,,0.0,0,0,0,0,0,0,0,0,0,0,0,0,0,0,0,0,0,0,0,0,0,0,0,0,False
Q08170,494.0,1,14,148.0,10.571428571428571,0.29959514170040485,3+,0,0,1,0,1,0,1,0,0,1,0,0,0,0,0,0,0,0,0,0,0,1,0,False
Q9NX07,287.0,3,2,15.0,7.5,0.05226480836236934,2,1,1,0,0,0,0,0,0,1,0,0,0,0,0,0,0,0,0,0,0,0,0,0,False
Q9H694,974.0,1,4,30.0,7.5,0.030800821355236138,3+,0,0,0,0,1,0,0,0,0,0,0,1,0,0,0,1,0,1,0,0,0,0,0,False
P62906,217.0,3,2,14.0,7.0,0.06451612903225806,2,1,0,0,0,0,0,0,0,0,1,0,0,0,0,0,0,0,0,0,0,0,0,0,False
O43172,522.0,0,0,0.0,,0.0,0,0,0,0,0,0,0,0,0,0,0,0,0,0,0,0,0,0,0,0,0,0,0,0,False
P56537,245.0,0,0,0.0,,0.0,0,0,0,0,0,0,0,0,0,0,0,0,0,0,0,0,0,0,0,0,0,0,0,0,False
Q14692,1282.0,1,14,89.0,6.357142857142857,0.06942277691107644,3+,1,0,1,0,1,1,1,0,0,1,0,1,0,0,0,1,0,0,0,0,0,0,0,False
O43390,633.0,1,10,113.0,11.3,0.17851500789889416,3+,0,1,1,1,1,1,0,0,0,1,0,1,0,0,0,0,0,0,0,1,0,0,0,False
O15213,610.0,1,3,14.0,4.666666666666667,0.022950819672131147,3+,0,0,0,0,0,1,1,0,0,1,0,0,0,0,0,0,0,0,0,0,0,0,0,False
P20042,333.0,1,7,48.0,6.857142857142857,0.14414414414414414,3+,1,0,1,0,1,1,0,0,0,1,0,0,0,0,0,1,0,0,0,0,0,0,0,False
Q09161,790.0,1,3,16.0,5.333333333333333,0.020253164556962026,3+,1,0,0,1,0,1,0,0,1,0,0,0,0,0,0,0,0,0,0,0,0,0,0,False
Q969E8,191.0,3,2,9.0,4.5,0.04712041884816754,2,0,0,1,0,0,1,0,0,0,0,0,0,0,0,0,0,0,0,0,0,0,0,1,False
Q9UKD2,239.0,0,0,0.0,,0.0,0,0,0,0,0,0,0,0,0,0,0,0,0,0,0,0,0,0,0,0,0,0,0,0,False
Q9NX05,1096.0,1,8,54.0,6.75,0.04927007299270073,3+,0,0,0,0,0,0,0,1,1,0,0,1,0,0,0,0,0,0,0,0,0,0,0,False
Q5JVS0,413.0,1,6,70.0,11.666666666666666,0.1694915254237288,3+,0,0,1,0,1,1,1,0,0,0,0,1,0,0,0,0,0,0,0,1,0,0,0,False
Q6BEB4,398.0,1,5,37.0,7.4,0.09296482412060302,3+,0,0,1,0,1,0,1,0,0,0,0,1,0,0,0,0,0,0,0,0,0,0,0,False
Q9H1J1,476.0,1,4,38.0,9.5,0.07983193277310924,3+,1,0,1,0,1,0,1,0,0,0,0,0,0,0,0,0,0,0,0,0,0,0,0,False
J3KPD3,267.0,1,3,13.0,4.333333333333333,0.04868913857677903,3+,0,1,0,0,1,0,1,0,0,0,0,1,0,0,0,0,0,0,0,0,0,0,0,False
Q13825,339.0,1,4,24.0,6.0,0.07079646017699115,3+,0,0,0,0,0,0,0,0,0,0,0,1,0,0,0,1,0,0,0,0,0,0,0,False
Q96T58,3664.0,1,33,235.0,7.121212121212121,0.06413755458515284,3+,0,0,1,1,1,1,1,0,1,1,0,1,0,0,1,1,0,0,0,0,1,0,1,False
Q96T21,854.0,1,3,14.0,4.666666666666667,0.01639344262295082,3+,1,0,0,0,1,1,0,0,0,1,0,0,0,0,0,0,0,0,0,0,0,0,0,False
Q5VYS8,1495.0,1,5,34.0,6.8,0.02274247491638796,3+,0,0,0,1,1,1,1,0,0,0,0,0,0,0,0,0,0,0,0,0,0,0,0,False
O60812,293.0,1,3,22.0,7.333333333333333,0.07508532423208192,3+,0,0,0,0,1,1,0,0,0,0,0,1,0,0,0,0,0,0,0,0,0,0,0,False
P61978,463.0,1,7,52.0,7.428571428571429,0.11231101511879049,3+,1,0,0,1,0,0,1,0,0,0,0,1,0,0,0,1,0,0,0,1,0,0,0,False
P98179,157.0,1,3,16.0,5.333333333333333,0.10191082802547771,3+,1,0,1,0,0,0,1,0,0,0,0,0,0,0,0,1,0,0,0,0,0,0,0,False
P05388,317.0,3,2,23.0,11.5,0.07255520504731862,2,1,1,0,0,0,1,0,0,0,0,0,1,0,0,0,0,0,0,0,0,0,0,0,False
Q8TEA1,469.0,0,0,0.0,,0.0,0,0,0,0,0,0,0,0,0,0,0,0,0,0,0,0,0,0,0,0,0,0,0,0,False
Q9H4T2,348.0,0,0,0.0,,0.0,0,0,0,0,0,0,0,0,0,0,0,0,0,0,0,0,0,0,0,0,0,0,0,0,False
P22314,1058.0,0,0,0.0,,0.0,0,0,0,0,0,0,0,0,0,0,0,0,0,0,0,0,0,0,0,0,0,0,0,0,False
Q5SY16,702.0,1,4,20.0,5.0,0.02849002849002849,3+,1,0,0,0,1,0,1,0,0,0,0,0,0,0,0,1,0,0,0,0,0,0,0,False
Q6PF06,316.0,0,0,0.0,,0.0,0,0,0,0,0,0,0,0,0,0,0,0,0,0,0,0,0,0,0,0,0,0,0,0,False
Q9Y2L1,958.0,1,3,14.0,4.666666666666667,0.014613778705636743,3+,1,0,0,1,1,0,1,0,0,1,0,0,0,0,0,0,1,0,0,0,0,0,0,False
Q9GZS1,419.0,0,0,0.0,,0.0,0,0,0,0,0,0,0,0,0,0,0,0,0,0,0,0,0,0,0,0,0,0,0,0,False
O14717,391.0,0,0,0.0,,0.0,0,0,0,0,0,0,0,0,0,0,0,0,0,0,0,0,0,0,0,0,0,0,0,0,False
Q9P2E9,1410.0,1,13,67.0,5.153846153846154,0.0475177304964539,3+,0,0,0,0,0,1,0,0,0,1,0,1,1,0,0,1,0,0,0,0,0,0,0,False
Q5VUC9,145.0,0,0,0.0,,0.0,0,0,0,0,0,0,0,0,0,0,0,0,0,0,0,0,0,0,0,0,0,0,0,0,False
Q8N1G4,583.0,1,7,34.0,4.857142857142857,0.058319039451114926,3+,0,0,0,0,0,1,1,0,0,0,0,1,0,0,0,0,0,0,0,0,0,0,0,False
Q99633,342.0,0,0,0.0,,0.0,0,0,0,0,0,0,0,0,0,0,0,0,0,0,0,0,0,0,0,0,0,0,0,0,False
O60293,1989.0,1,18,145.0,8.055555555555555,0.07290095525389644,3+,0,0,0,0,1,1,1,0,0,1,0,1,0,0,1,1,0,0,0,0,0,0,0,False
P51843,470.0,2,1,6.0,6.0,0.01276595744680851,1,0,0,0,0,0,1,0,0,0,0,0,0,0,0,0,0,0,0,0,0,0,0,0,False
Q8WU68,220.0,0,0,0.0,,0.0,0,0,0,0,0,0,0,0,0,0,0,0,0,0,0,0,0,0,0,0,0,0,0,0,False
Q8N0Z8,303.0,0,0,0.0,,0.0,0,0,0,0,0,0,0,0,0,0,0,0,0,0,0,0,0,0,0,0,0,0,0,0,False
Q9BX46,236.0,1,5,39.0,7.8,0.1652542372881356,3+,0,0,0,0,1,0,0,0,0,0,0,1,0,0,0,1,0,0,0,0,0,0,0,False
Q9UHK0,495.0,1,4,22.0,5.5,0.044444444444444446,3+,0,0,1,0,1,1,0,0,0,1,0,1,0,0,0,0,0,1,0,0,0,0,0,False
Q5T6F2,1119.0,1,12,80.0,6.666666666666667,0.07149240393208221,3+,0,0,0,0,0,0,1,0,1,0,0,1,0,0,0,0,0,0,0,1,1,0,1,False
Q86TM3,631.0,0,0,0.0,,0.0,0,0,0,0,0,0,0,0,0,0,0,0,0,0,0,0,0,0,0,0,0,0,0,0,False
A0A0C4DFX0,200.0,0,0,0.0,,0.0,0,0,0,0,0,0,0,0,0,0,0,0,0,0,0,0,0,0,0,0,0,0,0,0,False
Q12986,1120.0,3,2,10.0,5.0,0.008928571428571428,2,0,0,1,0,1,0,0,0,0,0,0,1,0,0,0,0,0,0,0,0,0,0,0,False
O60870,393.0,1,5,24.0,4.8,0.061068702290076333,3+,1,0,1,0,1,1,0,0,0,1,0,1,0,0,0,0,0,0,0,0,0,0,0,False
P47813,144.0,0,0,0.0,,0.0,0,0,0,0,0,0,0,0,0,0,0,0,0,0,0,0,0,0,0,0,0,0,0,0,False
O43324,174.0,0,0,0.0,,0.0,0,0,0,0,0,0,0,0,0,0,0,0,0,0,0,0,0,0,0,0,0,0,0,0,False
O95373,1038.0,1,4,24.0,6.0,0.023121387283236993,3+,0,0,0,0,1,1,0,0,0,0,0,0,0,0,0,0,0,0,0,0,0,0,0,False
A0A0A0MRW7,336.0,0,0,0.0,,0.0,0,0,0,0,0,0,0,0,0,0,0,0,0,0,0,0,0,0,0,0,0,0,0,0,False
O15198,467.0,0,0,0.0,,0.0,0,0,0,0,0,0,0,0,0,0,0,0,0,0,0,0,0,0,0,0,0,0,0,0,False
Q9BRS2,568.0,3,2,18.0,9.0,0.03169014084507042,2,0,0,0,0,1,1,1,0,0,0,0,0,0,0,0,0,0,0,0,0,0,0,0,False
O95786,925.0,0,0,0.0,,0.0,0,0,0,0,0,0,0,0,0,0,0,0,0,0,0,0,0,0,0,0,0,0,0,0,False
Q96I25,401.0,1,3,19.0,6.333333333333333,0.04738154613466334,3+,0,0,1,0,1,1,1,0,0,0,0,0,0,0,0,0,0,0,0,0,0,0,0,False
Q12926,359.0,0,0,0.0,,0.0,0,0,0,0,0,0,0,0,0,0,0,0,0,0,0,0,0,0,0,0,0,0,0,0,False
Q8N567,271.0,0,0,0.0,,0.0,0,0,0,0,0,0,0,0,0,0,0,0,0,0,0,0,0,0,0,0,0,0,0,0,False
Q7L8L6,764.0,0,0,0.0,,0.0,0,0,0,0,0,0,0,0,0,0,0,0,0,0,0,0,0,0,0,0,0,0,0,0,False
Q01081,240.0,1,3,30.0,10.0,0.125,3+,1,0,1,0,0,0,0,0,0,0,0,1,0,0,0,0,0,0,0,0,0,1,0,False
Q9BYN8,205.0,0,0,0.0,,0.0,0,0,0,0,0,0,0,0,0,0,0,0,0,0,0,0,0,0,0,0,0,0,0,0,False
P62753,249.0,0,0,0.0,,0.0,0,0,0,0,0,0,0,0,0,0,0,0,0,0,0,0,0,0,0,0,0,0,0,0,False
Q9H5H4,540.0,3,2,9.0,4.5,0.016666666666666666,2,0,0,0,0,1,1,0,0,0,0,0,0,0,0,0,0,0,0,0,0,0,0,0,False
Q9NWH9,1034.0,1,19,154.0,8.105263157894736,0.14893617021276595,3+,0,1,1,1,1,1,1,0,0,1,0,1,0,0,1,0,0,0,0,0,0,0,0,False
Q9NWZ8,242.0,0,0,0.0,,0.0,0,0,0,0,0,0,0,0,0,0,0,0,0,0,0,0,0,0,0,0,0,0,0,0,False
Q8WV60,388.0,0,0,0.0,,0.0,0,0,0,0,0,0,0,0,0,0,0,0,0,0,0,0,0,0,0,0,0,0,0,0,False
Q9NYK1,1049.0,3,2,8.0,4.0,0.0076263107721639654,2,0,0,0,0,0,0,0,0,0,0,0,0,0,0,0,1,0,0,0,0,0,0,0,False
O75475,530.0,1,6,39.0,6.5,0.07358490566037736,3+,0,0,0,0,0,0,1,0,0,1,0,0,0,0,0,0,0,0,0,0,0,0,0,False
Q16594,264.0,3,2,15.0,7.5,0.056818181818181816,2,0,0,0,0,0,1,0,0,0,0,0,0,0,0,0,0,0,0,1,0,0,0,0,False
J3KPI1,630.0,0,0,0.0,,0.0,0,0,0,0,0,0,0,0,0,0,0,0,0,0,0,0,0,0,0,0,0,0,0,0,False
Q58A45,887.0,1,7,74.0,10.571428571428571,0.0834272829763247,3+,0,0,1,0,1,0,0,0,0,0,0,1,0,0,1,1,0,0,0,0,0,0,0,False
O75648,421.0,0,0,0.0,,0.0,0,0,0,0,0,0,0,0,0,0,0,0,0,0,0,0,0,0,0,0,0,0,0,0,False
Q6UX04,472.0,1,5,29.0,5.8,0.0614406779661017,3+,0,0,0,0,0,1,0,0,0,1,0,1,0,0,0,0,0,0,0,0,0,0,0,False
Q9H2K0,278.0,0,0,0.0,,0.0,0,0,0,0,0,0,0,0,0,0,0,0,0,0,0,0,0,0,0,0,0,0,0,0,False
Q92664,365.0,2,1,6.0,6.0,0.01643835616438356,1,0,0,0,1,0,0,0,0,0,1,0,0,0,0,0,0,0,0,0,0,0,0,0,False
O00567,594.0,1,9,76.0,8.444444444444445,0.12794612794612795,3+,0,0,1,1,1,1,0,0,0,1,0,0,0,0,0,0,0,0,0,0,0,0,0,False
Q2M296,383.0,0,0,0.0,,0.0,0,0,0,0,0,0,0,0,0,0,0,0,0,0,0,0,0,0,0,0,0,0,0,0,False
O96006,694.0,0,0,0.0,,0.0,0,0,0,0,0,0,0,0,0,0,0,0,0,0,0,0,0,0,0,0,0,0,0,0,False
Q9NS39,739.0,1,4,29.0,7.25,0.03924221921515562,3+,0,1,0,1,1,0,1,0,0,0,1,1,0,0,0,0,0,0,0,0,0,0,0,False
P14678,240.0,1,6,35.0,5.833333333333333,0.14583333333333334,3+,0,0,1,0,1,0,0,0,0,0,0,1,0,0,0,0,0,0,0,0,0,0,0,False
Q16540,153.0,0,0,0.0,,0.0,0,0,0,0,0,0,0,0,0,0,0,0,0,0,0,0,0,0,0,0,0,0,0,0,False
Q8NE18,718.0,2,1,5.0,5.0,0.006963788300835654,1,0,0,0,0,1,0,0,0,0,1,0,0,0,0,0,0,0,0,0,0,0,0,0,False
Q9UKK3,1724.0,1,4,24.0,6.0,0.013921113689095127,3+,0,0,0,0,1,1,0,0,0,0,0,1,0,0,0,0,0,1,0,0,0,0,0,False
Q9HD40,501.0,0,0,0.0,,0.0,0,0,0,0,0,0,0,0,0,0,0,0,0,0,0,0,0,0,0,0,0,0,0,0,False
P62995,288.0,1,7,81.0,11.571428571428571,0.28125,3+,0,0,1,0,1,0,1,0,0,0,0,1,0,0,0,0,0,0,0,0,0,1,0,False
Q9NR90,486.0,2,1,5.0,5.0,0.0102880658436214,1,0,0,1,0,0,0,0,0,0,0,0,1,0,0,0,0,0,0,0,0,0,0,0,False
A0A5K1VW79,999.0,1,16,161.0,10.0625,0.16116116116116116,3+,0,0,0,0,1,0,0,0,1,0,0,1,0,0,1,0,0,0,0,0,0,0,0,False
P46087,812.0,1,4,24.0,6.0,0.029556650246305417,3+,0,0,0,0,1,1,0,0,0,1,0,0,0,0,0,0,0,0,0,0,0,0,0,False
E9PBY2,654.0,2,1,5.0,5.0,0.00764525993883792,1,0,0,1,0,0,0,0,0,0,0,0,1,0,0,0,0,0,0,0,0,0,0,0,False
Q9P2P1,1898.0,1,10,55.0,5.5,0.02897787144362487,3+,0,0,1,1,1,1,1,0,0,0,0,1,0,0,0,1,0,1,1,0,1,0,0,False
Q9P0J6,103.0,0,0,0.0,,0.0,0,0,0,0,0,0,0,0,0,0,0,0,0,0,0,0,0,0,0,0,0,0,0,0,False
J3KPK3,459.0,1,3,18.0,6.0,0.0392156862745098,3+,0,0,0,1,1,0,1,0,0,0,0,0,0,0,1,0,0,0,0,0,0,0,0,False
Q8WWM7,1075.0,1,17,102.0,6.0,0.09488372093023256,3+,0,1,1,1,1,0,0,0,0,0,0,1,0,0,1,0,0,1,0,0,0,0,0,False
O60287,2271.0,1,9,45.0,5.0,0.019815059445178335,3+,1,0,0,0,1,0,0,0,0,0,0,1,0,0,0,1,0,0,0,0,1,0,0,False
Q5GAN3,156.0,0,0,0.0,,0.0,0,0,0,0,0,0,0,0,0,0,0,0,0,0,0,0,0,0,0,0,0,0,0,0,False
O43310,598.0,2,1,9.0,9.0,0.015050167224080268,1,0,0,0,0,1,0,1,0,0,0,0,0,0,0,0,0,0,0,0,0,0,0,0,False
A6NDE4,496.0,1,3,18.0,6.0,0.036290322580645164,3+,0,0,0,1,1,0,1,0,0,0,0,0,0,0,1,0,0,0,0,0,0,0,0,False
O43148,476.0,3,2,9.0,4.5,0.018907563025210083,2,0,0,1,0,1,0,1,0,0,0,0,0,0,0,0,0,0,0,0,0,0,0,0,False
A0A140T8Y2,407.0,1,3,20.0,6.666666666666667,0.04914004914004914,3+,0,0,1,0,1,1,0,0,0,0,0,0,0,0,0,0,0,0,0,0,0,0,0,False
O60231,1041.0,1,11,65.0,5.909090909090909,0.06243996157540826,3+,0,1,1,0,1,1,1,0,0,1,0,1,0,0,0,0,1,0,0,0,0,0,0,False
Q2Q1W2,868.0,1,8,62.0,7.75,0.07142857142857142,3+,0,0,0,0,0,0,0,1,0,0,0,1,0,0,1,1,0,0,0,0,0,0,0,False
Q96M93,576.0,0,0,0.0,,0.0,0,0,0,0,0,0,0,0,0,0,0,0,0,0,0,0,0,0,0,0,0,0,0,0,False
Q9HCE5,456.0,1,5,32.0,6.4,0.07017543859649122,3+,1,0,1,0,1,0,1,0,1,1,0,1,0,0,1,0,0,0,0,0,0,0,0,False
Q53F19,620.0,1,3,33.0,11.0,0.0532258064516129,3+,0,0,0,0,0,1,0,0,0,0,0,1,0,0,0,0,0,0,0,0,0,0,0,False
A0A0A0MRZ1,733.0,1,9,68.0,7.555555555555555,0.0927694406548431,3+,0,0,1,0,1,0,1,0,1,0,0,1,0,0,1,0,0,1,0,0,0,0,0,False
P41250,739.0,3,2,14.0,7.0,0.018944519621109608,2,0,0,0,0,1,0,0,0,0,0,0,1,0,0,0,1,0,0,0,0,0,0,0,False
Q8N163,923.0,1,10,58.0,5.8,0.0628385698808234,3+,0,0,1,0,1,1,0,0,0,0,0,1,0,0,0,1,0,0,1,0,0,0,0,False
Q6ZN19,808.0,0,0,0.0,,0.0,0,0,0,0,0,0,0,0,0,0,0,0,0,0,0,0,0,0,0,0,0,0,0,0,False
Q96L91,3159.0,1,45,318.0,7.066666666666666,0.100664767331434,3+,0,0,1,0,1,1,0,0,1,1,0,1,1,0,1,1,0,0,0,0,0,0,1,False
Q14444,709.0,1,5,45.0,9.0,0.06346967559943582,3+,1,0,1,0,1,1,1,0,0,0,0,0,0,0,1,0,0,1,0,0,0,0,0,False
Q96B26,276.0,0,0,0.0,,0.0,0,0,0,0,0,0,0,0,0,0,0,0,0,0,0,0,0,0,0,0,0,0,0,0,False
Q8IYL2,757.0,1,3,15.0,5.0,0.019815059445178335,3+,0,0,0,0,1,0,0,0,0,0,0,1,0,0,0,0,0,1,0,0,0,0,0,False
Q8N5X7,224.0,3,2,18.0,9.0,0.08035714285714286,2,0,0,1,0,0,0,0,0,0,0,0,1,0,0,0,0,0,0,0,0,0,0,0,False
A0A0C4DH24,114.0,0,0,0.0,,0.0,0,0,0,0,0,0,0,0,0,0,0,0,0,0,0,0,0,0,0,0,0,0,0,0,False
A0A2U3TZN1,101.0,0,0,0.0,,0.0,0,0,0,0,0,0,0,0,0,0,0,0,0,0,0,0,0,0,0,0,0,0,0,0,False
P40429,203.0,0,0,0.0,,0.0,0,0,0,0,0,0,0,0,0,0,0,0,0,0,0,0,0,0,0,0,0,0,0,0,False
Q7Z6M4,381.0,1,4,32.0,8.0,0.08398950131233596,3+,0,0,1,0,1,1,0,0,0,0,0,0,0,0,0,0,0,0,0,0,0,0,0,False
Q9BUJ2,856.0,1,14,117.0,8.357142857142858,0.1366822429906542,3+,0,0,1,0,1,1,0,0,1,0,1,1,0,0,1,1,1,0,0,0,0,0,1,False
Q9UPU9,718.0,0,0,0.0,,0.0,0,0,0,0,0,0,0,0,0,0,0,0,0,0,0,0,0,0,0,0,0,0,0,0,False
Q5MCW4,686.0,0,0,0.0,,0.0,0,0,0,0,0,0,0,0,0,0,0,0,0,0,0,0,0,0,0,0,0,0,0,0,False
Q969W8,418.0,0,0,0.0,,0.0,0,0,0,0,0,0,0,0,0,0,0,0,0,0,0,0,0,0,0,0,0,0,0,0,False
P24534,225.0,0,0,0.0,,0.0,0,0,0,0,0,0,0,0,0,0,0,0,0,0,0,0,0,0,0,0,0,0,0,0,False
Q9NYF8,920.0,1,17,129.0,7.588235294117647,0.14021739130434782,3+,1,1,1,0,1,1,1,0,1,0,0,1,0,0,1,0,1,1,0,1,0,1,0,False
Q66PJ3,237.0,1,3,53.0,17.666666666666668,0.22362869198312235,3+,1,1,0,0,0,0,1,0,0,0,0,1,0,0,0,0,0,0,0,0,0,1,0,False
Q13595,282.0,1,5,72.0,14.4,0.2553191489361702,3+,0,0,1,0,1,0,1,0,1,0,0,0,0,0,0,0,0,0,0,0,0,1,0,False
P63167,89.0,0,0,0.0,,0.0,0,0,0,0,0,0,0,0,0,0,0,0,0,0,0,0,0,0,0,0,0,0,0,0,False
P29728,719.0,0,0,0.0,,0.0,0,0,0,0,0,0,0,0,0,0,0,0,0,0,0,0,0,0,0,0,0,0,0,0,False
Q9HD33,250.0,0,0,0.0,,0.0,0,0,0,0,0,0,0,0,0,0,0,0,0,0,0,0,0,0,0,0,0,0,0,0,False
P55010,431.0,1,4,24.0,6.0,0.05568445475638051,3+,0,0,0,1,0,1,0,0,0,1,0,1,0,0,0,0,0,0,0,0,0,0,0,False
Q9H0A6,362.0,2,1,5.0,5.0,0.013812154696132596,1,0,0,0,0,0,0,0,0,0,0,0,1,0,0,0,0,0,0,0,0,0,0,0,False
H0Y3K3,84.0,0,0,0.0,,0.0,0,0,0,0,0,0,0,0,0,0,0,0,0,0,0,0,0,0,0,0,0,0,0,0,False
Q9UIF8,2168.0,1,23,190.0,8.26086956521739,0.08763837638376384,3+,0,0,0,0,1,1,1,0,0,1,0,1,0,0,1,1,1,0,0,0,0,0,0,False
Q9Y291,106.0,0,0,0.0,,0.0,0,0,0,0,0,0,0,0,0,0,0,0,0,0,0,0,0,0,0,0,0,0,0,0,False
J3KPP4,489.0,1,7,84.0,12.0,0.17177914110429449,3+,0,0,1,0,1,0,1,0,0,1,0,1,0,0,0,0,0,0,0,0,0,1,0,False
Q9ULR0,285.0,3,2,16.0,8.0,0.056140350877192984,2,1,0,0,0,0,1,0,0,0,0,0,0,0,0,0,0,0,0,0,0,0,0,0,False
Q6P2D0,407.0,0,0,0.0,,0.0,0,0,0,0,0,0,0,0,0,0,0,0,0,0,0,0,0,0,0,0,0,0,0,0,False
P31943,449.0,1,3,24.0,8.0,0.053452115812917596,3+,0,0,1,1,1,0,0,0,1,0,0,0,0,0,1,0,0,0,0,0,0,0,0,False
X6RAY8,357.0,0,0,0.0,,0.0,0,0,0,0,0,0,0,0,0,0,0,0,0,0,0,0,0,0,0,0,0,0,0,0,False
Q8IY21,1712.0,1,3,14.0,4.666666666666667,0.008177570093457943,3+,0,0,0,0,1,1,0,0,0,0,0,0,0,0,0,1,0,0,0,0,1,0,0,False
P09543,421.0,0,0,0.0,,0.0,0,0,0,0,0,0,0,0,0,0,0,0,0,0,0,0,0,0,0,0,0,0,0,0,False
P49406,292.0,0,0,0.0,,0.0,0,0,0,0,0,0,0,0,0,0,0,0,0,0,0,0,0,0,0,0,0,0,0,0,False
Q8TE96,717.0,1,3,14.0,4.666666666666667,0.019525801952580194,3+,0,1,1,0,1,1,0,0,0,0,0,0,0,0,0,1,0,0,0,0,0,0,0,False
A0A0B4J1V9,884.0,1,4,21.0,5.25,0.023755656108597284,3+,0,0,0,1,1,1,0,0,0,1,0,0,0,0,0,1,0,0,0,0,0,0,0,False
P83731,157.0,0,0,0.0,,0.0,0,0,0,0,0,0,0,0,0,0,0,0,0,0,0,0,0,0,0,0,0,0,0,0,False
O14647,1828.0,1,14,92.0,6.571428571428571,0.05032822757111598,3+,0,1,0,0,1,1,0,0,0,1,0,0,0,0,0,1,1,0,0,0,0,0,0,False
P35269,517.0,1,7,56.0,8.0,0.10831721470019343,3+,0,0,0,0,0,1,0,0,0,1,0,0,0,0,0,0,0,0,0,0,0,0,0,False
P46199,727.0,0,0,0.0,,0.0,0,0,0,0,0,0,0,0,0,0,0,0,0,0,0,0,0,0,0,0,0,0,0,0,False
P49207,117.0,0,0,0.0,,0.0,0,0,0,0,0,0,0,0,0,0,0,0,0,0,0,0,0,0,0,0,0,0,0,0,False
Q9BPZ3,127.0,3,2,13.0,6.5,0.10236220472440945,2,0,0,1,0,1,1,0,0,0,0,0,0,0,0,0,0,0,0,0,0,0,0,0,False
Q9BVP2,549.0,0,0,0.0,,0.0,0,0,0,0,0,0,0,0,0,0,0,0,0,0,0,0,0,0,0,0,0,0,0,0,False
A8MXP9,895.0,1,5,23.0,4.6,0.02569832402234637,3+,0,0,0,0,0,0,0,0,0,1,0,1,0,1,0,1,0,0,0,0,0,0,0,False
Q8N9N2,400.0,0,0,0.0,,0.0,0,0,0,0,0,0,0,0,0,0,0,0,0,0,0,0,0,0,0,0,0,0,0,0,False
Q5T760,491.0,1,13,130.0,10.0,0.26476578411405294,3+,0,0,1,0,1,0,1,0,0,1,0,1,0,0,0,1,0,0,0,0,0,1,1,False
P51825,1210.0,1,15,130.0,8.666666666666666,0.10743801652892562,3+,1,0,1,0,1,1,0,0,1,1,0,1,0,0,1,0,0,0,1,0,0,0,0,False
Q14764,893.0,1,7,32.0,4.571428571428571,0.03583426651735722,3+,1,0,0,1,1,1,0,0,0,0,0,0,0,0,0,0,1,0,0,0,0,0,0,False
Q99613,913.0,1,6,49.0,8.166666666666666,0.05366922234392114,3+,1,0,1,0,0,1,0,0,0,0,0,0,0,0,0,0,0,0,0,0,0,0,0,False
Q96QR8,312.0,1,5,37.0,7.4,0.11858974358974358,3+,1,0,1,0,0,0,0,0,0,0,0,1,0,0,1,0,0,0,0,0,0,0,0,False
P78406,368.0,0,0,0.0,,0.0,0,0,0,0,0,0,0,0,0,0,0,0,0,0,0,0,0,0,0,0,0,0,0,0,False
Q9P2E3,1918.0,1,5,30.0,6.0,0.01564129301355579,3+,0,0,0,0,1,1,0,0,1,1,0,0,0,0,0,1,0,0,0,0,0,0,0,False
P50914,215.0,1,4,28.0,7.0,0.13023255813953488,3+,0,0,1,0,1,0,0,0,0,1,0,1,0,0,0,0,0,0,0,0,0,0,0,False
Q9Y4F3,1742.0,1,11,60.0,5.454545454545454,0.03444316877152698,3+,0,0,1,0,1,0,0,0,0,0,0,1,0,0,1,1,0,0,0,0,0,0,0,False
Q9BSV6,310.0,1,3,20.0,6.666666666666667,0.06451612903225806,3+,0,0,1,0,1,0,1,0,0,0,0,1,0,0,0,1,0,0,0,0,0,0,0,False
P62241,208.0,0,0,0.0,,0.0,0,0,0,0,0,0,0,0,0,0,0,0,0,0,0,0,0,0,0,0,0,0,0,0,False
Q9NUM4,274.0,0,0,0.0,,0.0,0,0,0,0,0,0,0,0,0,0,0,0,0,0,0,0,0,0,0,0,0,0,0,0,False
A0A5H1ZRQ2,731.0,1,7,59.0,8.428571428571429,0.08071135430916553,3+,0,0,1,0,1,0,1,0,0,0,0,1,0,0,0,0,0,0,0,0,0,0,0,False
Q8NEJ9,315.0,0,0,0.0,,0.0,0,0,0,0,0,0,0,0,0,0,0,0,0,0,0,0,0,0,0,0,0,0,0,0,False
A2A2Q9,398.0,0,0,0.0,,0.0,0,0,0,0,0,0,0,0,0,0,0,0,0,0,0,0,0,0,0,0,0,0,0,0,False
Q8N8A6,666.0,1,6,35.0,5.833333333333333,0.052552552552552555,3+,0,0,0,0,1,1,1,0,0,0,0,1,0,0,0,0,0,0,0,0,0,0,0,False
P82930,218.0,0,0,0.0,,0.0,0,0,0,0,0,0,0,0,0,0,0,0,0,0,0,0,0,0,0,0,0,0,0,0,False
Q52LJ0,433.0,1,4,93.0,23.25,0.21478060046189376,3+,0,1,1,0,1,0,0,0,1,0,1,1,0,0,0,0,0,0,0,0,0,0,0,False
H9KVA5,152.0,0,0,0.0,,0.0,0,0,0,0,0,0,0,0,0,0,0,0,0,0,0,0,0,0,0,0,0,0,0,0,False
Q15397,648.0,3,2,10.0,5.0,0.015432098765432098,2,0,1,0,0,1,0,0,0,0,1,0,0,0,0,0,1,0,0,0,0,0,0,0,False
Q9NVR2,710.0,2,1,5.0,5.0,0.007042253521126761,1,0,0,0,0,0,0,0,0,0,0,0,0,0,0,0,1,0,0,0,0,0,0,0,False
Q8TAA1,199.0,0,0,0.0,,0.0,0,0,0,0,0,0,0,0,0,0,0,0,0,0,0,0,0,0,0,0,0,0,0,0,False
Q92945,711.0,1,19,171.0,9.0,0.24050632911392406,3+,0,1,1,1,1,0,1,0,1,0,0,1,0,0,0,0,0,1,0,1,0,0,0,False
P57081,412.0,0,0,0.0,,0.0,0,0,0,0,0,0,0,0,0,0,0,0,0,0,0,0,0,0,0,0,0,0,0,0,False
Q9BRP8,204.0,0,0,0.0,,0.0,0,0,0,0,0,0,0,0,0,0,0,0,0,0,0,0,0,0,0,0,0,0,0,0,False
Q3L8U1,2897.0,1,15,150.0,10.0,0.05177770107007249,3+,0,0,1,1,1,1,1,0,1,1,0,1,1,0,1,1,0,0,0,0,0,0,0,False
Q6P6C2,394.0,2,1,19.0,19.0,0.048223350253807105,1,0,0,0,0,1,0,0,0,0,0,0,1,0,0,0,0,0,0,0,0,0,0,0,False
Q8IXT5,1001.0,1,18,148.0,8.222222222222221,0.14785214785214784,3+,0,0,0,1,0,1,1,0,1,0,0,0,0,0,0,0,1,0,0,0,0,0,0,False
P82932,125.0,0,0,0.0,,0.0,0,0,0,0,0,0,0,0,0,0,0,0,0,0,0,0,0,0,0,0,0,0,0,0,False
P57721,371.0,0,0,0.0,,0.0,0,0,0,0,0,0,0,0,0,0,0,0,0,0,0,0,0,0,0,0,0,0,0,0,False
Q5TBQ0,296.0,0,0,0.0,,0.0,0,0,0,0,0,0,0,0,0,0,0,0,0,0,0,0,0,0,0,0,0,0,0,0,False
P57052,281.0,1,5,23.0,4.6,0.08185053380782918,3+,0,0,1,0,1,1,0,0,0,1,0,1,0,0,0,0,0,0,0,0,0,0,0,False
F8WDU6,201.0,0,0,0.0,,0.0,0,0,0,0,0,0,0,0,0,0,0,0,0,0,0,0,0,0,0,0,0,0,0,0,False
B1AHD1,132.0,0,0,0.0,,0.0,0,0,0,0,0,0,0,0,0,0,0,0,0,0,0,0,0,0,0,0,0,0,0,0,False
B5MCF9,571.0,1,4,20.0,5.0,0.03502626970227671,3+,0,0,0,0,1,1,0,0,0,1,0,0,0,0,0,0,0,0,0,0,0,0,0,False
Q9UBB9,837.0,3,2,12.0,6.0,0.014336917562724014,2,0,0,1,0,1,1,0,0,0,0,0,0,0,0,0,0,0,0,0,0,0,0,0,False
Q15061,677.0,1,4,33.0,8.25,0.04874446085672083,3+,0,0,1,0,1,1,0,0,0,0,0,1,0,0,0,0,0,0,0,0,0,0,0,False
B5MCY1,1934.0,1,3,15.0,5.0,0.0077559462254395035,3+,0,0,0,1,0,0,0,0,0,0,0,0,0,0,1,1,0,1,0,0,0,0,0,False
Q86XN8,651.0,1,13,93.0,7.153846153846154,0.14285714285714285,3+,0,0,1,0,1,1,0,0,0,0,0,1,0,0,0,0,0,1,0,0,0,0,0,False
Q15796,467.0,0,0,0.0,,0.0,0,0,0,0,0,0,0,0,0,0,0,0,0,0,0,0,0,0,0,0,0,0,0,0,False
Q9NQZ3,744.0,1,9,45.0,5.0,0.06048387096774194,3+,0,0,1,1,0,0,0,0,0,1,0,1,0,0,0,0,0,0,0,0,0,0,0,False
Q12906,894.0,1,11,99.0,9.0,0.11073825503355705,3+,0,1,1,1,1,0,0,0,1,1,0,1,0,0,1,1,0,0,0,1,0,0,0,False
Q9NRJ5,637.0,2,1,5.0,5.0,0.007849293563579277,1,0,0,0,0,1,1,0,0,0,0,0,0,0,0,0,0,0,0,0,0,0,0,0,False
Q9UPQ9,1833.0,1,20,138.0,6.9,0.07528641571194762,3+,1,0,0,0,1,1,0,0,1,1,0,1,1,1,1,0,0,1,0,0,1,0,0,False
Q9NVR5,837.0,1,5,25.0,5.0,0.02986857825567503,3+,0,0,1,0,1,0,0,0,0,0,0,1,0,0,0,0,0,0,0,0,0,0,0,False
P62081,194.0,0,0,0.0,,0.0,0,0,0,0,0,0,0,0,0,0,0,0,0,0,0,0,0,0,0,0,0,0,0,0,False
Q9HC16,384.0,0,0,0.0,,0.0,0,0,0,0,0,0,0,0,0,0,0,0,0,0,0,0,0,0,0,0,0,0,0,0,False
Q9BY44,585.0,0,0,0.0,,0.0,0,0,0,0,0,0,0,0,0,0,0,0,0,0,0,0,0,0,0,0,0,0,0,0,False
O14980,1071.0,0,0,0.0,,0.0,0,0,0,0,0,0,0,0,0,0,0,0,0,0,0,0,0,0,0,0,0,0,0,0,False
B5MCH7,343.0,0,0,0.0,,0.0,0,0,0,0,0,0,0,0,0,0,0,0,0,0,0,0,0,0,0,0,0,0,0,0,False
Q5U5Q3,659.0,1,14,119.0,8.5,0.18057663125948406,3+,0,1,1,0,1,1,0,0,0,0,0,1,0,0,1,1,0,0,0,0,0,0,0,False
Q8N201,2190.0,1,12,71.0,5.916666666666667,0.032420091324200914,3+,0,0,0,0,0,1,1,0,0,0,0,1,0,0,0,1,0,0,0,0,0,0,1,False
Q99575,1024.0,0,0,0.0,,0.0,0,0,0,0,0,0,0,0,0,0,0,0,0,0,0,0,0,0,0,0,0,0,0,0,False
Q16762,297.0,0,0,0.0,,0.0,0,0,0,0,0,0,0,0,0,0,0,0,0,0,0,0,0,0,0,0,0,0,0,0,False
B5MCU0,990.0,1,13,91.0,7.0,0.09191919191919191,3+,0,0,0,0,1,1,0,0,1,0,0,1,0,0,0,1,1,0,0,0,0,0,0,False
G5E9G0,351.0,0,0,0.0,,0.0,0,0,0,0,0,0,0,0,0,0,0,0,0,0,0,0,0,0,0,0,0,0,0,0,False
Q8IZ13,594.0,0,0,0.0,,0.0,0,0,0,0,0,0,0,0,0,0,0,0,0,0,0,0,0,0,0,0,0,0,0,0,False
P42696,430.0,1,3,17.0,5.666666666666667,0.03953488372093023,3+,0,0,0,0,1,1,1,0,0,1,0,0,0,0,0,0,0,0,0,0,0,0,0,False
Q14966,1978.0,1,12,80.0,6.666666666666667,0.04044489383215369,3+,0,0,1,1,1,1,1,0,0,1,0,1,0,0,0,0,0,0,0,0,0,1,0,False
A0A7N4I394,994.0,1,11,110.0,10.0,0.11066398390342053,3+,0,0,0,0,0,1,1,0,0,1,0,1,0,0,0,1,0,0,0,0,0,1,0,False
Q13901,141.0,0,0,0.0,,0.0,0,0,0,0,0,0,0,0,0,0,0,0,0,0,0,0,0,0,0,0,0,0,0,0,False
Q8N5P1,291.0,1,3,16.0,5.333333333333333,0.054982817869415807,3+,0,0,0,0,1,1,0,0,0,1,0,0,0,0,0,0,1,0,0,0,0,0,0,False
Q9Y4B4,1467.0,1,8,41.0,5.125,0.02794819359236537,3+,0,0,0,0,1,1,0,0,0,1,0,1,0,0,1,0,0,0,0,0,0,0,0,False
Q8WVV9,542.0,3,2,15.0,7.5,0.027675276752767528,2,0,0,1,0,1,0,0,0,0,0,0,1,0,0,0,0,0,0,0,0,0,0,0,False
B8ZZ98,158.0,1,4,60.0,15.0,0.379746835443038,3+,0,0,1,0,1,1,0,0,0,0,0,0,0,0,0,0,0,1,0,0,0,1,0,False
Q9Y4Y9,91.0,0,0,0.0,,0.0,0,0,0,0,0,0,0,0,0,0,0,0,0,0,0,0,0,0,0,0,0,0,0,0,False
Q96N16,626.0,1,3,16.0,5.333333333333333,0.025559105431309903,3+,0,0,0,0,0,1,0,0,0,0,0,1,0,0,0,0,0,0,0,0,0,0,0,False
P61129,1189.0,1,11,68.0,6.181818181818182,0.057190916736753576,3+,0,0,0,0,1,1,0,0,0,1,0,1,0,0,1,0,0,0,0,0,0,0,0,False
C9JAB2,235.0,1,6,67.0,11.166666666666666,0.2851063829787234,3+,0,0,1,0,1,0,1,0,0,0,0,0,0,0,0,0,0,0,0,0,0,1,0,False
O75923,2080.0,1,4,22.0,5.5,0.010576923076923078,3+,0,0,0,0,1,0,1,0,0,0,0,0,0,0,0,1,0,0,0,0,0,0,0,False
B8ZZV5,101.0,0,0,0.0,,0.0,0,0,0,0,0,0,0,0,0,0,0,0,0,0,0,0,0,0,0,0,0,0,0,0,False
B8ZZK4,79.0,0,0,0.0,,0.0,0,0,0,0,0,0,0,0,0,0,0,0,0,0,0,0,0,0,0,0,0,0,0,0,False
B9A037,69.0,0,0,0.0,,0.0,0,0,0,0,0,0,0,0,0,0,0,0,0,0,0,0,0,0,0,0,0,0,0,0,False
E7ETU5,370.0,2,1,5.0,5.0,0.013513513513513514,1,0,0,1,0,0,0,0,0,0,0,0,1,0,0,0,0,0,0,0,0,0,0,0,False
Q8NDG6,1382.0,0,0,0.0,,0.0,0,0,0,0,0,0,0,0,0,0,0,0,0,0,0,0,0,0,0,0,0,0,0,0,False
F6XMP4,155.0,0,0,0.0,,0.0,0,0,0,0,0,0,0,0,0,0,0,0,0,0,0,0,0,0,0,0,0,0,0,0,False
P26639,723.0,1,3,13.0,4.333333333333333,0.017980636237897647,3+,1,0,0,0,1,1,0,0,0,1,0,1,0,0,0,0,0,0,0,0,0,0,0,False
E7EX53,133.0,0,0,0.0,,0.0,0,0,0,0,0,0,0,0,0,0,0,0,0,0,0,0,0,0,0,0,0,0,0,0,False
E7EWR4,597.0,2,1,5.0,5.0,0.008375209380234505,1,0,0,0,0,1,0,0,0,0,0,0,1,0,0,0,0,0,0,0,0,0,0,0,False
Q2VPK5,515.0,0,0,0.0,,0.0,0,0,0,0,0,0,0,0,0,0,0,0,0,0,0,0,0,0,0,0,0,0,0,0,False
F6YDS7,81.0,0,0,0.0,,0.0,0,0,0,0,0,0,0,0,0,0,0,0,0,0,0,0,0,0,0,0,0,0,0,0,False
O95628,575.0,0,0,0.0,,0.0,0,0,0,0,0,0,0,0,0,0,0,0,0,0,0,0,0,0,0,0,0,0,0,0,False
F6XX82,94.0,0,0,0.0,,0.0,0,0,0,0,0,0,0,0,0,0,0,0,0,0,0,0,0,0,0,0,0,0,0,0,False
P62750,156.0,1,3,16.0,5.333333333333333,0.10256410256410256,3+,1,1,1,0,0,0,0,0,0,1,0,0,0,0,0,0,0,0,0,0,0,0,0,False
P78346,268.0,0,0,0.0,,0.0,0,0,0,0,0,0,0,0,0,0,0,0,0,0,0,0,0,0,0,0,0,0,0,0,False
Q96QC0,940.0,1,17,134.0,7.882352941176471,0.1425531914893617,3+,0,0,1,0,1,0,1,0,0,1,0,1,0,0,1,0,0,0,0,1,0,0,0,False
C9JQX9,83.0,0,0,0.0,,0.0,0,0,0,0,0,0,0,0,0,0,0,0,0,0,0,0,0,0,0,0,0,0,0,0,False
Q96EH5,51.0,0,0,0.0,,0.0,0,0,0,0,0,0,0,0,0,0,0,0,0,0,0,0,0,0,0,0,0,0,0,0,False
Q7Z2W9,205.0,0,0,0.0,,0.0,0,0,0,0,0,0,0,0,0,0,0,0,0,0,0,0,0,0,0,0,0,0,0,0,False
H0Y450,441.0,0,0,0.0,,0.0,0,0,0,0,0,0,0,0,0,0,0,0,0,0,0,0,0,0,0,0,0,0,0,0,False
E7ENR5,236.0,0,0,0.0,,0.0,0,0,0,0,0,0,0,0,0,0,0,0,0,0,0,0,0,0,0,0,0,0,0,0,False
J3QT46,619.0,0,0,0.0,,0.0,0,0,0,0,0,0,0,0,0,0,0,0,0,0,0,0,0,0,0,0,0,0,0,0,False
Q7Z7A3,348.0,1,4,21.0,5.25,0.0603448275862069,3+,0,0,0,0,0,0,1,0,0,0,0,1,0,0,0,0,0,0,0,0,0,0,0,False
Q8NB42,609.0,0,0,0.0,,0.0,0,0,0,0,0,0,0,0,0,0,0,0,0,0,0,0,0,0,0,0,0,0,0,0,False
C9JGP4,144.0,0,0,0.0,,0.0,0,0,0,0,0,0,0,0,0,0,0,0,0,0,0,0,0,0,0,0,0,0,0,0,False
Q9H3J6,166.0,0,0,0.0,,0.0,0,0,0,0,0,0,0,0,0,0,0,0,0,0,0,0,0,0,0,0,0,0,0,0,False
Q5T8Z2,184.0,0,0,0.0,,0.0,0,0,0,0,0,0,0,0,0,0,0,0,0,0,0,0,0,0,0,0,0,0,0,0,False
Q14576,367.0,0,0,0.0,,0.0,0,0,0,0,0,0,0,0,0,0,0,0,0,0,0,0,0,0,0,0,0,0,0,0,False
Q5SZ64,190.0,0,0,0.0,,0.0,0,0,0,0,0,0,0,0,0,0,0,0,0,0,0,0,0,0,0,0,0,0,0,0,False
O77932,396.0,0,0,0.0,,0.0,0,0,0,0,0,0,0,0,0,0,0,0,0,0,0,0,0,0,0,0,0,0,0,0,False
C9J323,145.0,0,0,0.0,,0.0,0,0,0,0,0,0,0,0,0,0,0,0,0,0,0,0,0,0,0,0,0,0,0,0,False
Q96LT9,517.0,0,0,0.0,,0.0,0,0,0,0,0,0,0,0,0,0,0,0,0,0,0,0,0,0,0,0,0,0,0,0,False
C9J2Y9,1167.0,0,0,0.0,,0.0,0,0,0,0,0,0,0,0,0,0,0,0,0,0,0,0,0,0,0,0,0,0,0,0,False
P27824,592.0,1,5,36.0,7.2,0.060810810810810814,3+,1,0,1,0,1,1,0,0,0,0,0,0,0,0,0,0,0,0,0,0,0,0,0,False
Q16630,551.0,1,14,105.0,7.5,0.19056261343012704,3+,0,0,1,0,1,0,1,0,0,0,0,1,0,0,0,0,0,0,0,0,0,0,0,False
H7BZW6,143.0,0,0,0.0,,0.0,0,0,0,0,0,0,0,0,0,0,0,0,0,0,0,0,0,0,0,0,0,0,0,0,False
C9J9B2,264.0,3,2,15.0,7.5,0.056818181818181816,2,0,0,1,0,0,0,0,0,0,0,0,1,0,0,0,0,0,0,0,0,0,0,0,False
Q15072,292.0,0,0,0.0,,0.0,0,0,0,0,0,0,0,0,0,0,0,0,0,0,0,0,0,0,0,0,0,0,0,0,False
Q9Y3F4,350.0,0,0,0.0,,0.0,0,0,0,0,0,0,0,0,0,0,0,0,0,0,0,0,0,0,0,0,0,0,0,0,False
Q9UI43,246.0,0,0,0.0,,0.0,0,0,0,0,0,0,0,0,0,0,0,0,0,0,0,0,0,0,0,0,0,0,0,0,False
O00571,662.0,1,4,45.0,11.25,0.06797583081570997,3+,0,0,0,0,1,0,0,0,1,0,0,0,0,0,1,0,0,0,0,0,0,0,0,False
Q5TA45,600.0,0,0,0.0,,0.0,0,0,0,0,0,0,0,0,0,0,0,0,0,0,0,0,0,0,0,0,0,0,0,0,False
P52434,150.0,0,0,0.0,,0.0,0,0,0,0,0,0,0,0,0,0,0,0,0,0,0,0,0,0,0,0,0,0,0,0,False
Q5GAN6,216.0,2,1,15.0,15.0,0.06944444444444445,1,0,0,0,0,1,0,0,0,0,0,0,0,0,0,0,1,0,0,0,0,0,0,0,False
P0CF97,657.0,0,0,0.0,,0.0,0,0,0,0,0,0,0,0,0,0,0,0,0,0,0,0,0,0,0,0,0,0,0,0,False
X6RDA4,248.0,1,3,18.0,6.0,0.07258064516129033,3+,1,0,1,0,0,0,0,0,0,0,0,1,0,0,0,1,0,0,0,0,0,0,0,False
Q96P11,429.0,0,0,0.0,,0.0,0,0,0,0,0,0,0,0,0,0,0,0,0,0,0,0,0,0,0,0,0,0,0,0,False
Q00839,825.0,1,14,119.0,8.5,0.14424242424242426,3+,0,1,1,0,1,1,1,0,1,0,0,1,0,0,1,0,0,0,0,0,0,0,0,False
P31944,242.0,0,0,0.0,,0.0,0,0,0,0,0,0,0,0,0,0,0,0,0,0,0,0,0,0,0,0,0,0,0,0,False
Q15366,365.0,0,0,0.0,,0.0,0,0,0,0,0,0,0,0,0,0,0,0,0,0,0,0,0,0,0,0,0,0,0,0,False
Q96I27,306.0,0,0,0.0,,0.0,0,0,0,0,0,0,0,0,0,0,0,0,0,0,0,0,0,0,0,0,0,0,0,0,False
Q9UI10,523.0,0,0,0.0,,0.0,0,0,0,0,0,0,0,0,0,0,0,0,0,0,0,0,0,0,0,0,0,0,0,0,False
B1APK8,227.0,0,0,0.0,,0.0,0,0,0,0,0,0,0,0,0,0,0,0,0,0,0,0,0,0,0,0,0,0,0,0,False
Q7L2E3,1194.0,1,8,50.0,6.25,0.04187604690117253,3+,1,1,1,1,1,1,0,0,0,1,0,1,0,0,0,1,0,0,0,0,0,0,0,False
Q01085,375.0,0,0,0.0,,0.0,0,0,0,0,0,0,0,0,0,0,0,0,0,0,0,0,0,0,0,0,0,0,0,0,False
P57723,403.0,0,0,0.0,,0.0,0,0,0,0,0,0,0,0,0,0,0,0,0,0,0,0,0,0,0,0,0,0,0,0,False
X6RDS5,153.0,0,0,0.0,,0.0,0,0,0,0,0,0,0,0,0,0,0,0,0,0,0,0,0,0,0,0,0,0,0,0,False
Q6R2W3,1325.0,1,4,21.0,5.25,0.015849056603773583,3+,0,0,0,0,1,1,0,0,0,1,0,0,0,0,0,1,0,0,0,0,0,0,1,False
C9JCE0,148.0,0,0,0.0,,0.0,0,0,0,0,0,0,0,0,0,0,0,0,0,0,0,0,0,0,0,0,0,0,0,0,False
A2IDC7,194.0,0,0,0.0,,0.0,0,0,0,0,0,0,0,0,0,0,0,0,0,0,0,0,0,0,0,0,0,0,0,0,False
H0Y503,135.0,0,0,0.0,,0.0,0,0,0,0,0,0,0,0,0,0,0,0,0,0,0,0,0,0,0,0,0,0,0,0,False
H7C0T8,184.0,0,0,0.0,,0.0,0,0,0,0,0,0,0,0,0,0,0,0,0,0,0,0,0,0,0,0,0,0,0,0,False
Q8IY81,847.0,1,8,52.0,6.5,0.06139315230224321,3+,0,0,0,0,1,1,1,0,0,1,0,1,0,0,0,0,0,0,0,0,0,0,0,False
Q15637,639.0,1,14,117.0,8.357142857142858,0.18309859154929578,3+,0,0,0,0,1,0,0,0,1,0,0,1,1,0,0,0,0,0,0,0,0,0,0,False
Q8NDF8,572.0,1,7,36.0,5.142857142857143,0.06293706293706294,3+,0,0,1,0,1,0,0,0,0,0,0,1,0,0,0,1,0,0,0,0,0,0,1,False
O14787,897.0,3,2,19.0,9.5,0.021181716833890748,2,0,0,0,0,1,1,0,0,0,0,0,0,0,0,0,1,0,0,0,0,0,0,0,False
Q5VVQ1,163.0,0,0,0.0,,0.0,0,0,0,0,0,0,0,0,0,0,0,0,0,0,0,0,0,0,0,0,0,0,0,0,False
A0A7P0N5L0,480.0,3,2,16.0,8.0,0.03333333333333333,2,0,0,0,0,1,1,0,0,0,0,0,1,0,0,0,0,0,0,0,0,0,0,0,False
Q6PIY7,484.0,2,1,4.0,4.0,0.008264462809917356,1,0,0,0,0,1,0,0,0,0,0,0,0,0,0,0,1,0,0,0,0,0,0,0,False
P21128,410.0,2,1,6.0,6.0,0.014634146341463415,1,0,0,0,0,1,1,0,0,0,0,0,0,0,0,0,0,0,0,0,0,0,0,0,False
F2Z2G3,333.0,0,0,0.0,,0.0,0,0,0,0,0,0,0,0,0,0,0,0,0,0,0,0,0,0,0,0,0,0,0,0,False
Q49AG3,693.0,0,0,0.0,,0.0,0,0,0,0,0,0,0,0,0,0,0,0,0,0,0,0,0,0,0,0,0,0,0,0,False
E7EV40,204.0,0,0,0.0,,0.0,0,0,0,0,0,0,0,0,0,0,0,0,0,0,0,0,0,0,0,0,0,0,0,0,False
Q8NE35,698.0,1,10,94.0,9.4,0.1346704871060172,3+,0,0,0,0,1,0,0,0,0,0,0,1,0,0,0,1,0,1,0,0,0,0,0,False
Q9H3H3,292.0,1,3,17.0,5.666666666666667,0.05821917808219178,3+,0,0,0,0,1,1,0,0,0,0,0,1,0,0,0,0,0,0,0,0,0,0,0,True
Q14240,407.0,0,0,0.0,,0.0,0,0,0,0,0,0,0,0,0,0,0,0,0,0,0,0,0,0,0,0,0,0,0,0,False
E7ETU7,375.0,0,0,0.0,,0.0,0,0,0,0,0,0,0,0,0,0,0,0,0,0,0,0,0,0,0,0,0,0,0,0,False
Q5RKV6,272.0,1,5,41.0,8.2,0.15073529411764705,3+,1,1,0,0,0,1,1,0,0,0,0,1,0,0,0,1,0,0,0,0,0,0,0,False
Q5VVC8,167.0,0,0,0.0,,0.0,0,0,0,0,0,0,0,0,0,0,0,0,0,0,0,0,0,0,0,0,0,0,0,0,False
F5H702,113.0,0,0,0.0,,0.0,0,0,0,0,0,0,0,0,0,0,0,0,0,0,0,0,0,0,0,0,0,0,0,0,False
P0C7P1,496.0,1,3,18.0,6.0,0.036290322580645164,3+,0,0,0,1,1,0,1,0,0,0,0,0,0,0,1,0,0,0,0,0,0,0,0,False
F6QDS0,479.0,0,0,0.0,,0.0,0,0,0,0,0,0,0,0,0,0,0,0,0,0,0,0,0,0,0,0,0,0,0,0,False
H7C1D4,185.0,0,0,0.0,,0.0,0,0,0,0,0,0,0,0,0,0,0,0,0,0,0,0,0,0,0,0,0,0,0,0,False
Q9HCE1,1003.0,0,0,0.0,,0.0,0,0,0,0,0,0,0,0,0,0,0,0,0,0,0,0,0,0,0,0,0,0,0,0,False
Q9H9A5,744.0,1,4,17.0,4.25,0.0228494623655914,3+,0,0,0,0,0,0,0,0,0,0,0,1,0,0,0,1,0,0,0,0,0,0,1,False
P26378,385.0,0,0,0.0,,0.0,0,0,0,0,0,0,0,0,0,0,0,0,0,0,0,0,0,0,0,0,0,0,0,0,False
A0A087WXN2,151.0,0,0,0.0,,0.0,0,0,0,0,0,0,0,0,0,0,0,0,0,0,0,0,0,0,0,0,0,0,0,0,False
P32969,192.0,0,0,0.0,,0.0,0,0,0,0,0,0,0,0,0,0,0,0,0,0,0,0,0,0,0,0,0,0,0,0,False
Q53R41,847.0,2,1,4.0,4.0,0.004722550177095631,1,0,0,0,0,1,1,0,0,0,0,0,0,0,0,0,0,0,0,0,0,0,0,0,False
P62304,92.0,0,0,0.0,,0.0,0,0,0,0,0,0,0,0,0,0,0,0,0,0,0,0,0,0,0,0,0,0,0,0,False
Q8TCS8,783.0,0,0,0.0,,0.0,0,0,0,0,0,0,0,0,0,0,0,0,0,0,0,0,0,0,0,0,0,0,0,0,False
Q9BTE6,412.0,0,0,0.0,,0.0,0,0,0,0,0,0,0,0,0,0,0,0,0,0,0,0,0,0,0,0,0,0,0,0,False
E7ERQ6,390.0,2,1,5.0,5.0,0.01282051282051282,1,0,0,1,0,0,0,0,0,0,0,0,1,0,0,0,0,0,0,0,0,0,0,0,False
Q76FK4,1167.0,1,8,53.0,6.625,0.04541559554413025,3+,0,0,0,0,1,1,1,0,0,1,0,1,0,0,0,1,0,0,0,0,0,0,0,False
C9JZ88,88.0,0,0,0.0,,0.0,0,0,0,0,0,0,0,0,0,0,0,0,0,0,0,0,0,0,0,0,0,0,0,0,False
E9PE17,129.0,0,0,0.0,,0.0,0,0,0,0,0,0,0,0,0,0,0,0,0,0,0,0,0,0,0,0,0,0,0,0,False
A0A0A0MSS9,486.0,2,1,5.0,5.0,0.0102880658436214,1,0,0,1,0,0,0,0,0,0,0,0,1,0,0,0,0,0,0,0,0,0,0,0,False
O75460,977.0,1,5,29.0,5.8,0.02968270214943705,3+,0,0,0,0,1,0,0,0,0,0,0,1,0,0,1,1,0,0,0,0,1,0,0,False
D4PHA4,493.0,3,2,10.0,5.0,0.02028397565922921,2,0,1,0,0,1,1,0,0,1,0,0,0,0,0,0,0,0,0,0,0,0,0,0,False
Q8WW01,171.0,0,0,0.0,,0.0,0,0,0,0,0,0,0,0,0,0,0,0,0,0,0,0,0,0,0,0,0,0,0,0,False
F6S9K0,191.0,0,0,0.0,,0.0,0,0,0,0,0,0,0,0,0,0,0,0,0,0,0,0,0,0,0,0,0,0,0,0,False
Q9H7B2,306.0,0,0,0.0,,0.0,0,0,0,0,0,0,0,0,0,0,0,0,0,0,0,0,0,0,0,0,0,0,0,0,False
Q96Q15,3661.0,1,14,72.0,5.142857142857143,0.01966675771647091,3+,0,0,0,0,0,1,1,0,0,0,0,1,0,0,1,1,0,0,0,0,1,0,0,False
Q9BRX9,315.0,0,0,0.0,,0.0,0,0,0,0,0,0,0,0,0,0,0,0,0,0,0,0,0,0,0,0,0,0,0,0,False
Q9Y676,258.0,0,0,0.0,,0.0,0,0,0,0,0,0,0,0,0,0,0,0,0,0,0,0,0,0,0,0,0,0,0,0,False
Q02878,288.0,1,3,13.0,4.333333333333333,0.04513888888888889,3+,1,1,0,0,0,0,0,0,0,1,0,0,0,0,0,0,0,0,0,0,0,0,0,False
P62269,152.0,0,0,0.0,,0.0,0,0,0,0,0,0,0,0,0,0,0,0,0,0,0,0,0,0,0,0,0,0,0,0,False
B1AHC9,559.0,0,0,0.0,,0.0,0,0,0,0,0,0,0,0,0,0,0,0,0,0,0,0,0,0,0,0,0,0,0,0,False
C9JIZ0,75.0,0,0,0.0,,0.0,0,0,0,0,0,0,0,0,0,0,0,0,0,0,0,0,0,0,0,0,0,0,0,0,False
P61218,127.0,0,0,0.0,,0.0,0,0,0,0,0,0,0,0,0,0,0,0,0,0,0,0,0,0,0,0,0,0,0,0,False
Q96K58,619.0,1,3,18.0,6.0,0.029079159935379646,3+,0,0,0,1,1,1,0,0,1,0,0,1,0,0,0,0,0,0,0,0,0,0,0,False
H0Y6A1,361.0,0,0,0.0,,0.0,0,0,0,0,0,0,0,0,0,0,0,0,0,0,0,0,0,0,0,0,0,0,0,0,False
A0A0A0MSV7,84.0,0,0,0.0,,0.0,0,0,0,0,0,0,0,0,0,0,0,0,0,0,0,0,0,0,0,0,0,0,0,0,False
P79522,188.0,2,1,4.0,4.0,0.02127659574468085,1,0,0,0,0,1,0,0,0,0,0,0,1,0,0,0,0,0,0,0,0,0,0,0,False
H7C2C3,144.0,0,0,0.0,,0.0,0,0,0,0,0,0,0,0,0,0,0,0,0,0,0,0,0,0,0,0,0,0,0,0,False
P78316,857.0,1,5,26.0,5.2,0.030338389731621937,3+,1,0,1,0,0,1,1,0,0,1,0,1,0,0,1,0,0,0,0,0,0,0,0,False
Q6P158,1386.0,1,4,34.0,8.5,0.024531024531024532,3+,0,0,1,1,1,1,0,0,0,0,0,1,0,0,1,0,0,0,0,0,0,0,0,False
H0Y6E7,292.0,1,8,56.0,7.0,0.1917808219178082,3+,1,1,1,1,0,1,1,0,0,0,0,1,0,0,1,0,0,0,0,0,0,0,1,False
Q9UMY1,257.0,1,5,26.0,5.2,0.10116731517509728,3+,0,0,1,0,1,1,1,0,0,1,0,0,0,0,0,0,0,0,0,0,0,0,0,False
Q96EG3,531.0,1,3,13.0,4.333333333333333,0.02448210922787194,3+,0,0,1,0,1,0,1,0,0,0,0,1,0,0,0,0,0,0,0,0,0,0,0,False
Q6NXG1,681.0,0,0,0.0,,0.0,0,0,0,0,0,0,0,0,0,0,0,0,0,0,0,0,0,0,0,0,0,0,0,0,False
H7C2G5,117.0,0,0,0.0,,0.0,0,0,0,0,0,0,0,0,0,0,0,0,0,0,0,0,0,0,0,0,0,0,0,0,False
J3KQ82,459.0,1,3,18.0,6.0,0.0392156862745098,3+,0,0,0,1,0,0,1,0,0,0,0,0,0,0,1,0,0,0,0,0,0,0,0,False
Q7L775,607.0,2,1,4.0,4.0,0.006589785831960461,1,0,0,0,0,1,0,0,0,0,0,0,1,0,0,0,0,0,0,0,0,0,0,0,False
Q9H7Z6,458.0,3,2,15.0,7.5,0.03275109170305677,2,0,0,1,0,0,1,0,0,0,0,0,1,0,0,0,0,0,0,0,0,0,0,0,False
Q8NAT2,981.0,3,2,12.0,6.0,0.012232415902140673,2,0,0,0,0,1,0,0,0,0,0,0,1,0,0,0,0,0,0,0,0,0,0,0,True
A0A0G2JJZ9,328.0,0,0,0.0,,0.0,0,0,0,0,0,0,0,0,0,0,0,0,0,0,0,0,0,0,0,0,0,0,0,0,False
P41252,1262.0,0,0,0.0,,0.0,0,0,0,0,0,0,0,0,0,0,0,0,0,0,0,0,0,0,0,0,0,0,0,0,False
C9J0L0,50.0,0,0,0.0,,0.0,0,0,0,0,0,0,0,0,0,0,0,0,0,0,0,0,0,0,0,0,0,0,0,0,False
A0A0A0MSN9,333.0,1,6,71.0,11.833333333333334,0.2132132132132132,3+,0,0,1,0,1,1,1,0,0,1,0,0,0,0,0,0,0,0,0,0,0,0,1,False
O75534,798.0,2,1,4.0,4.0,0.005012531328320802,1,0,1,0,0,0,0,0,0,0,1,0,0,0,0,0,0,0,0,0,0,0,0,0,False
P15170,499.0,3,2,9.0,4.5,0.018036072144288578,2,0,1,1,0,0,1,0,0,0,0,0,0,0,0,0,0,0,0,0,0,0,0,0,False
P51991,378.0,1,11,94.0,8.545454545454545,0.24867724867724866,3+,0,0,1,0,1,0,1,0,1,0,0,1,0,0,1,0,0,0,0,0,0,0,0,False
A6NDY0,278.0,1,4,26.0,6.5,0.09352517985611511,3+,0,1,1,0,1,1,0,0,0,0,0,0,0,0,1,1,0,0,0,0,0,0,0,False
Q9H633,154.0,0,0,0.0,,0.0,0,0,0,0,0,0,0,0,0,0,0,0,0,0,0,0,0,0,0,0,0,0,0,0,False
Q96H35,190.0,0,0,0.0,,0.0,0,0,0,0,0,0,0,0,0,0,0,0,0,0,0,0,0,0,0,0,0,0,0,0,False
E7EUN9,458.0,0,0,0.0,,0.0,0,0,0,0,0,0,0,0,0,0,0,0,0,0,0,0,0,0,0,0,0,0,0,0,False
A0A7I2XXS4,543.0,0,0,0.0,,0.0,0,0,0,0,0,0,0,0,0,0,0,0,0,0,0,0,0,0,0,0,0,0,0,0,False
Q13428,1488.0,1,32,229.0,7.15625,0.1538978494623656,3+,0,0,0,0,0,1,1,0,0,1,0,1,0,0,0,0,0,0,0,0,0,0,0,False
E7ESC6,1088.0,0,0,0.0,,0.0,0,0,0,0,0,0,0,0,0,0,0,0,0,0,0,0,0,0,0,0,0,0,0,0,False
Q9BQ75,279.0,0,0,0.0,,0.0,0,0,0,0,0,0,0,0,0,0,0,0,0,0,0,0,0,0,0,0,0,0,0,0,False
Q9P1Y6,1649.0,1,20,147.0,7.35,0.08914493632504548,3+,0,0,0,0,0,1,1,0,0,1,0,1,0,0,1,0,0,1,0,0,1,1,0,False
P62633,177.0,3,2,12.0,6.0,0.06779661016949153,2,0,0,0,1,0,0,1,0,0,0,0,0,0,0,0,0,0,0,0,0,0,0,0,False
P08865,295.0,2,1,6.0,6.0,0.020338983050847456,1,0,0,1,0,0,1,0,0,0,0,0,0,0,0,0,0,0,0,0,0,0,0,0,False
Q6ZMS7,546.0,0,0,0.0,,0.0,0,0,0,0,0,0,0,0,0,0,0,0,0,0,0,0,0,0,0,0,0,0,0,0,False
Q5QJE6,756.0,1,3,21.0,7.0,0.027777777777777776,3+,0,0,1,0,1,1,1,0,0,0,0,0,0,0,0,0,0,0,0,0,0,0,0,False
F6VEC6,435.0,0,0,0.0,,0.0,0,0,0,0,0,0,0,0,0,0,0,0,0,0,0,0,0,0,0,0,0,0,0,0,False
Q8IYT2,770.0,0,0,0.0,,0.0,0,0,0,0,0,0,0,0,0,0,0,0,0,0,0,0,0,0,0,0,0,0,0,0,False
X6RJ73,173.0,0,0,0.0,,0.0,0,0,0,0,0,0,0,0,0,0,0,0,0,0,0,0,0,0,0,0,0,0,0,0,False
Q8TCP9,573.0,0,0,0.0,,0.0,0,0,0,0,0,0,0,0,0,0,0,0,0,0,0,0,0,0,0,0,0,0,0,0,False
C9J847,114.0,0,0,0.0,,0.0,0,0,0,0,0,0,0,0,0,0,0,0,0,0,0,0,0,0,0,0,0,0,0,0,False
Q13601,381.0,3,2,14.0,7.0,0.03674540682414698,2,0,0,0,0,0,0,0,0,0,1,0,0,0,0,0,0,0,0,0,0,0,0,0,False
Q9HBD1,1191.0,1,5,23.0,4.6,0.019311502938706968,3+,0,0,0,0,1,1,0,0,0,1,0,1,0,0,0,0,0,0,0,0,0,0,0,False
Q5VZU3,215.0,0,0,0.0,,0.0,0,0,0,0,0,0,0,0,0,0,0,0,0,0,0,0,0,0,0,0,0,0,0,0,False
C9J1C5,52.0,0,0,0.0,,0.0,0,0,0,0,0,0,0,0,0,0,0,0,0,0,0,0,0,0,0,0,0,0,0,0,False
Q15477,1246.0,1,5,28.0,5.6,0.02247191011235955,3+,1,0,1,0,1,1,1,0,0,0,0,0,0,0,0,1,0,0,0,0,0,0,0,False
Q8NE71,845.0,1,12,107.0,8.916666666666666,0.12662721893491125,3+,0,0,0,0,0,1,0,0,0,1,0,1,0,0,0,1,0,0,0,0,0,0,0,False
C9JVJ0,101.0,0,0,0.0,,0.0,0,0,0,0,0,0,0,0,0,0,0,0,0,0,0,0,0,0,0,0,0,0,0,0,False
E9PHM2,860.0,0,0,0.0,,0.0,0,0,0,0,0,0,0,0,0,0,0,0,0,0,0,0,0,0,0,0,0,0,0,0,False
O95059,124.0,0,0,0.0,,0.0,0,0,0,0,0,0,0,0,0,0,0,0,0,0,0,0,0,0,0,0,0,0,0,0,False
Q5CZA5,627.0,0,0,0.0,,0.0,0,0,0,0,0,0,0,0,0,0,0,0,0,0,0,0,0,0,0,0,0,0,0,0,False
X6RJY0,320.0,0,0,0.0,,0.0,0,0,0,0,0,0,0,0,0,0,0,0,0,0,0,0,0,0,0,0,0,0,0,0,False
F8VVL1,160.0,2,1,7.0,7.0,0.04375,1,0,0,1,0,0,1,0,0,0,0,0,0,0,0,0,0,0,0,0,0,0,0,0,False
Q9Y333,95.0,0,0,0.0,,0.0,0,0,0,0,0,0,0,0,0,0,0,0,0,0,0,0,0,0,0,0,0,0,0,0,False
Q5T7F5,372.0,0,0,0.0,,0.0,0,0,0,0,0,0,0,0,0,0,0,0,0,0,0,0,0,0,0,0,0,0,0,0,False
Q9H0H0,1196.0,2,1,5.0,5.0,0.004180602006688963,1,1,0,0,0,0,0,0,0,0,0,0,0,0,0,0,1,0,0,0,0,0,0,0,False
Q8WXF0,261.0,1,4,23.0,5.75,0.08812260536398467,3+,0,0,1,0,1,0,1,0,0,0,0,0,0,0,0,0,0,0,0,0,0,0,0,False
Q9NWK9,470.0,2,1,8.0,8.0,0.01702127659574468,1,0,0,0,0,0,1,0,0,0,0,0,0,0,0,0,0,0,0,0,0,0,0,0,False
P25786,263.0,0,0,0.0,,0.0,0,0,0,0,0,0,0,0,0,0,0,0,0,0,0,0,0,0,0,0,0,0,0,0,False
F6TAI2,324.0,1,3,16.0,5.333333333333333,0.04938271604938271,3+,1,0,0,0,1,0,0,0,0,0,0,1,0,0,0,1,0,0,0,0,0,0,0,False
Q8WUQ7,758.0,1,10,94.0,9.4,0.12401055408970976,3+,0,0,0,0,0,1,1,0,0,0,0,1,0,0,0,0,0,0,0,0,0,1,0,False
Q9Y3B7,192.0,0,0,0.0,,0.0,0,0,0,0,0,0,0,0,0,0,0,0,0,0,0,0,0,0,0,0,0,0,0,0,False
Q96CB8,462.0,1,6,34.0,5.666666666666667,0.0735930735930736,3+,0,0,0,0,0,0,0,0,0,1,0,1,0,0,1,0,0,0,0,0,1,0,0,False
E7ETK0,131.0,0,0,0.0,,0.0,0,0,0,0,0,0,0,0,0,0,0,0,0,0,0,0,0,0,0,0,0,0,0,0,False
P0C7T5,689.0,1,3,17.0,5.666666666666667,0.02467343976777939,3+,0,0,1,0,1,0,0,0,0,0,0,1,0,0,0,1,0,0,0,0,0,0,0,False
Q96BT7,664.0,0,0,0.0,,0.0,0,0,0,0,0,0,0,0,0,0,0,0,0,0,0,0,0,0,0,0,0,0,0,0,False
Q5QPL9,237.0,3,2,30.0,15.0,0.12658227848101267,2,0,0,1,0,1,0,0,0,0,0,0,1,0,0,0,0,0,0,0,0,0,0,0,False
Q587J7,1177.0,0,0,0.0,,0.0,0,0,0,0,0,0,0,0,0,0,0,0,0,0,0,0,0,0,0,0,0,0,0,0,False
P54253,815.0,1,6,55.0,9.166666666666666,0.06748466257668712,3+,0,0,1,0,1,0,0,0,1,0,0,1,0,0,0,0,0,0,0,0,0,0,0,False
Q9UHC7,482.0,1,7,45.0,6.428571428571429,0.09336099585062241,3+,0,0,1,1,1,1,0,0,0,0,0,1,0,0,0,1,0,0,0,0,0,0,1,False
A0A0C4DG89,1032.0,1,14,131.0,9.357142857142858,0.12693798449612403,3+,0,0,0,0,1,1,1,0,0,1,0,1,0,0,0,1,0,0,0,0,0,1,0,False
C9JE40,543.0,1,5,28.0,5.6,0.05156537753222836,3+,0,0,0,0,0,1,0,0,0,0,0,1,0,0,0,1,0,0,0,0,0,0,0,False
Q5JW28,199.0,0,0,0.0,,0.0,0,0,0,0,0,0,0,0,0,0,0,0,0,0,0,0,0,0,0,0,0,0,0,0,False
B0QY89,607.0,0,0,0.0,,0.0,0,0,0,0,0,0,0,0,0,0,0,0,0,0,0,0,0,0,0,0,0,0,0,0,False
Q9H2U1,1008.0,3,2,30.0,15.0,0.02976190476190476,2,0,0,0,0,1,0,0,0,1,0,0,1,0,0,0,0,0,0,0,0,0,0,0,False
H7C4E7,151.0,0,0,0.0,,0.0,0,0,0,0,0,0,0,0,0,0,0,0,0,0,0,0,0,0,0,0,0,0,0,0,False
C9J4W5,115.0,0,0,0.0,,0.0,0,0,0,0,0,0,0,0,0,0,0,0,0,0,0,0,0,0,0,0,0,0,0,0,False
Q9BWE0,567.0,3,2,13.0,6.5,0.02292768959435626,2,0,0,1,1,0,0,1,0,0,0,0,1,0,0,0,0,0,0,0,0,0,0,0,False
F8WAS2,213.0,0,0,0.0,,0.0,0,0,0,0,0,0,0,0,0,0,0,0,0,0,0,0,0,0,0,0,0,0,0,0,False
Q8N7X1,1067.0,1,25,140.0,5.6,0.13120899718837864,3+,0,0,1,0,1,0,1,0,0,0,0,1,0,0,1,0,0,0,0,0,0,0,0,False
Q6PI26,577.0,1,3,29.0,9.666666666666666,0.05025996533795494,3+,0,1,1,0,1,1,0,0,0,0,0,0,0,0,0,0,0,0,0,0,0,0,0,False
P56182,461.0,1,4,25.0,6.25,0.05422993492407809,3+,1,0,1,0,1,1,1,0,0,0,0,0,0,0,0,0,0,0,0,0,0,0,0,False
Q86TG7,708.0,1,5,46.0,9.2,0.06497175141242938,3+,0,0,0,0,0,0,0,0,0,0,0,1,0,0,0,1,0,0,0,0,0,0,0,False
H0Y863,132.0,0,0,0.0,,0.0,0,0,0,0,0,0,0,0,0,0,0,0,0,0,0,0,0,0,0,0,0,0,0,0,False
Q96EK7,910.0,3,2,10.0,5.0,0.01098901098901099,2,0,0,0,0,0,0,0,0,0,0,0,0,0,0,0,1,0,0,0,0,0,0,0,False
C9J7E5,957.0,0,0,0.0,,0.0,0,0,0,0,0,0,0,0,0,0,0,0,0,0,0,0,0,0,0,0,0,0,0,0,False
C9J6P4,1024.0,1,3,16.0,5.333333333333333,0.015625,3+,0,0,0,0,1,0,1,0,0,0,0,1,0,0,0,0,0,0,0,0,1,0,0,False
Q8IZH2,1706.0,3,2,15.0,7.5,0.008792497069167644,2,0,0,0,0,1,0,0,0,1,0,0,1,0,0,0,0,0,0,0,0,0,0,0,False
O15042,1029.0,1,12,112.0,9.333333333333334,0.10884353741496598,3+,0,0,1,1,1,1,1,0,0,1,0,1,0,0,1,0,0,0,0,0,0,1,0,False
Q99497,189.0,0,0,0.0,,0.0,0,0,0,0,0,0,0,0,0,0,0,0,0,0,0,0,0,0,0,0,0,0,0,0,False
Q9C0B1,505.0,0,0,0.0,,0.0,0,0,0,0,0,0,0,0,0,0,0,0,0,0,0,0,0,0,0,0,0,0,0,0,False
C9J0B9,218.0,0,0,0.0,,0.0,0,0,0,0,0,0,0,0,0,0,0,0,0,0,0,0,0,0,0,0,0,0,0,0,False
P38398,1863.0,1,5,23.0,4.6,0.012345679012345678,3+,0,0,0,0,0,1,0,0,0,1,0,0,0,0,0,0,0,0,0,0,0,0,0,False
C9JYQ9,121.0,0,0,0.0,,0.0,0,0,0,0,0,0,0,0,0,0,0,0,0,0,0,0,0,0,0,0,0,0,0,0,False
Q5RL73,367.0,0,0,0.0,,0.0,0,0,0,0,0,0,0,0,0,0,0,0,0,0,0,0,0,0,0,0,0,0,0,0,False
Q5T7N2,865.0,1,9,56.0,6.222222222222222,0.06473988439306358,3+,1,0,0,0,1,1,0,0,0,1,0,0,0,0,0,0,1,0,0,0,0,0,0,False
H7C5K7,360.0,0,0,0.0,,0.0,0,0,0,0,0,0,0,0,0,0,0,0,0,0,0,0,0,0,0,0,0,0,0,0,False
H7C5L9,329.0,0,0,0.0,,0.0,0,0,0,0,0,0,0,0,0,0,0,0,0,0,0,0,0,0,0,0,0,0,0,0,False
Q8TAS1,419.0,0,0,0.0,,0.0,0,0,0,0,0,0,0,0,0,0,0,0,0,0,0,0,0,0,0,0,0,0,0,0,False
Q13769,683.0,0,0,0.0,,0.0,0,0,0,0,0,0,0,0,0,0,0,0,0,0,0,0,0,0,0,0,0,0,0,0,False
C9JP00,348.0,3,2,19.0,9.5,0.05459770114942529,2,0,0,1,0,1,0,0,0,0,0,0,1,0,0,0,0,0,0,0,0,0,0,0,False
Q00059,246.0,0,0,0.0,,0.0,0,0,0,0,0,0,0,0,0,0,0,0,0,0,0,0,0,0,0,0,0,0,0,0,False
Q969Z0,631.0,1,4,23.0,5.75,0.03645007923930269,3+,0,0,0,0,1,1,0,0,0,0,0,0,0,0,0,1,1,0,0,0,0,0,0,False
E9PFF5,490.0,1,4,42.0,10.5,0.08571428571428572,3+,0,1,1,0,1,0,1,0,0,0,0,0,0,0,0,0,0,0,0,1,0,0,0,False
P47914,159.0,3,2,19.0,9.5,0.11949685534591195,2,0,0,1,0,1,0,0,0,0,1,0,0,0,0,0,0,0,0,0,0,0,0,0,False
O60783,128.0,0,0,0.0,,0.0,0,0,0,0,0,0,0,0,0,0,0,0,0,0,0,0,0,0,0,0,0,0,0,0,False
P62945,25.0,0,0,0.0,,0.0,0,0,0,0,0,0,0,0,0,0,0,0,0,0,0,0,0,0,0,0,0,0,0,0,False
Q08J23,767.0,0,0,0.0,,0.0,0,0,0,0,0,0,0,0,0,0,0,0,0,0,0,0,0,0,0,0,0,0,0,0,False
E9PB61,264.0,1,5,48.0,9.6,0.18181818181818182,3+,0,0,1,0,1,0,0,0,1,0,0,1,0,0,0,0,0,0,0,1,0,0,0,False
H0Y8P4,545.0,0,0,0.0,,0.0,0,0,0,0,0,0,0,0,0,0,0,0,0,0,0,0,0,0,0,0,0,0,0,0,False
Q499Z4,452.0,0,0,0.0,,0.0,0,0,0,0,0,0,0,0,0,0,0,0,0,0,0,0,0,0,0,0,0,0,0,0,False
E7ET15,1028.0,1,12,112.0,9.333333333333334,0.10894941634241245,3+,0,0,1,1,1,1,1,0,0,1,0,1,0,0,1,0,0,0,0,0,0,1,0,False
H0Y8X3,171.0,0,0,0.0,,0.0,0,0,0,0,0,0,0,0,0,0,0,0,0,0,0,0,0,0,0,0,0,0,0,0,False
Q5H9U9,1706.0,1,6,30.0,5.0,0.017584994138335287,3+,0,0,0,1,1,0,0,0,0,1,0,0,0,0,0,1,0,0,0,0,1,0,1,False
Q4G0J3,582.0,1,4,25.0,6.25,0.0429553264604811,3+,0,0,0,1,0,1,0,0,0,1,0,0,0,0,0,0,0,0,0,0,0,0,0,False
D6R9X9,74.0,0,0,0.0,,0.0,0,0,0,0,0,0,0,0,0,0,0,0,0,0,0,0,0,0,0,0,0,0,0,0,False
D6R9W6,518.0,3,2,20.0,10.0,0.03861003861003861,2,0,0,0,0,1,1,0,0,0,0,0,0,0,0,0,0,0,0,0,1,0,0,0,False
F6VAP0,555.0,1,5,46.0,9.2,0.08288288288288288,3+,0,0,1,0,1,0,0,0,0,0,0,1,0,0,0,0,0,0,0,1,0,0,0,False
A0A0B4J203,849.0,1,4,26.0,6.5,0.030624263839811542,3+,0,0,0,0,1,1,0,0,0,0,0,1,0,0,0,1,0,0,0,0,0,0,0,False
D6R954,199.0,2,1,6.0,6.0,0.03015075376884422,1,0,0,0,0,0,0,1,0,0,0,0,0,0,0,0,0,0,0,0,0,0,0,0,False
H0Y9C1,435.0,0,0,0.0,,0.0,0,0,0,0,0,0,0,0,0,0,0,0,0,0,0,0,0,0,0,0,0,0,0,0,False
D6RCB9,135.0,0,0,0.0,,0.0,0,0,0,0,0,0,0,0,0,0,0,0,0,0,0,0,0,0,0,0,0,0,0,0,False
Q9BTF0,503.0,0,0,0.0,,0.0,0,0,0,0,0,0,0,0,0,0,0,0,0,0,0,0,0,0,0,0,0,0,0,0,False
Q9NP92,439.0,1,4,32.0,8.0,0.07289293849658314,3+,1,0,0,0,0,1,1,0,0,0,0,1,0,0,0,0,0,0,0,0,0,0,0,False
O43660,514.0,0,0,0.0,,0.0,0,0,0,0,0,0,0,0,0,0,0,0,0,0,0,0,0,0,0,0,0,0,0,0,False
Q8NI36,895.0,0,0,0.0,,0.0,0,0,0,0,0,0,0,0,0,0,0,0,0,0,0,0,0,0,0,0,0,0,0,0,False
Q9NQI0,724.0,1,5,22.0,4.4,0.03038674033149171,3+,1,0,0,0,1,0,1,0,0,0,0,1,0,0,1,0,0,0,0,0,0,0,0,False
P09132,144.0,0,0,0.0,,0.0,0,0,0,0,0,0,0,0,0,0,0,0,0,0,0,0,0,0,0,0,0,0,0,0,False
Q99729,332.0,1,8,53.0,6.625,0.15963855421686746,3+,1,1,1,0,1,1,1,0,0,0,0,1,0,0,0,1,0,0,0,0,0,0,0,False
Q92540,1137.0,1,7,47.0,6.714285714285714,0.04133685136323659,3+,0,0,0,0,1,0,0,0,1,0,0,1,0,0,0,0,0,1,0,0,0,0,0,False
P06730,217.0,0,0,0.0,,0.0,0,0,0,0,0,0,0,0,0,0,0,0,0,0,0,0,0,0,0,0,0,0,0,0,False
D6RJF2,200.0,0,0,0.0,,0.0,0,0,0,0,0,0,0,0,0,0,0,0,0,0,0,0,0,0,0,0,0,0,0,0,False
Q8IU60,420.0,0,0,0.0,,0.0,0,0,0,0,0,0,0,0,0,0,0,0,0,0,0,0,0,0,0,0,0,0,0,0,False
Q9P2J5,1176.0,1,3,17.0,5.666666666666667,0.01445578231292517,3+,1,0,0,0,1,1,0,0,0,1,0,0,0,0,0,0,0,0,0,0,0,0,0,False
H0YA61,80.0,0,0,0.0,,0.0,0,0,0,0,0,0,0,0,0,0,0,0,0,0,0,0,0,0,0,0,0,0,0,0,False
O00584,256.0,0,0,0.0,,0.0,0,0,0,0,0,0,0,0,0,0,0,0,0,0,0,0,0,0,0,0,0,0,0,0,False
D6RG13,223.0,0,0,0.0,,0.0,0,0,0,0,0,0,0,0,0,0,0,0,0,0,0,0,0,0,0,0,0,0,0,0,False
Q15797,465.0,3,2,11.0,5.5,0.023655913978494623,2,0,0,0,0,0,0,0,0,0,1,0,1,0,0,0,0,0,0,0,0,0,0,0,False
P53999,127.0,3,2,14.0,7.0,0.11023622047244094,2,0,0,1,0,0,0,0,0,0,0,0,1,0,0,0,0,0,0,0,0,0,0,0,False
D6REA0,516.0,0,0,0.0,,0.0,0,0,0,0,0,0,0,0,0,0,0,0,0,0,0,0,0,0,0,0,0,0,0,0,False
Q969S9,779.0,0,0,0.0,,0.0,0,0,0,0,0,0,0,0,0,0,0,0,0,0,0,0,0,0,0,0,0,0,0,0,False
D6RJB1,162.0,0,0,0.0,,0.0,0,0,0,0,0,0,0,0,0,0,0,0,0,0,0,0,0,0,0,0,0,0,0,0,False
D6RIC3,150.0,0,0,0.0,,0.0,0,0,0,0,0,0,0,0,0,0,0,0,0,0,0,0,0,0,0,0,0,0,0,0,False
G3XAN0,64.0,0,0,0.0,,0.0,0,0,0,0,0,0,0,0,0,0,0,0,0,0,0,0,0,0,0,0,0,0,0,0,False
Q9H2T7,1088.0,0,0,0.0,,0.0,0,0,0,0,0,0,0,0,0,0,0,0,0,0,0,0,0,0,0,0,0,0,0,0,False
P62888,115.0,0,0,0.0,,0.0,0,0,0,0,0,0,0,0,0,0,0,0,0,0,0,0,0,0,0,0,0,0,0,0,False
G5EA06,358.0,0,0,0.0,,0.0,0,0,0,0,0,0,0,0,0,0,0,0,0,0,0,0,0,0,0,0,0,0,0,0,False
Q8TC59,973.0,3,2,13.0,6.5,0.013360739979445015,2,1,0,0,0,1,0,0,0,0,0,0,1,0,0,0,1,0,0,0,0,0,0,0,False
Q2WGJ9,1857.0,1,9,50.0,5.555555555555555,0.026925148088314487,3+,0,0,0,0,1,1,0,0,0,1,0,1,0,0,0,1,0,0,1,0,0,0,1,False
E5RHF4,198.0,0,0,0.0,,0.0,0,0,0,0,0,0,0,0,0,0,0,0,0,0,0,0,0,0,0,0,0,0,0,0,False
H0YB34,148.0,0,0,0.0,,0.0,0,0,0,0,0,0,0,0,0,0,0,0,0,0,0,0,0,0,0,0,0,0,0,0,False
Q5TAP6,766.0,1,4,25.0,6.25,0.03263707571801567,3+,1,0,0,0,0,1,1,0,0,1,0,0,0,0,0,0,0,0,0,0,0,0,0,False
E5RJP0,122.0,0,0,0.0,,0.0,0,0,0,0,0,0,0,0,0,0,0,0,0,0,0,0,0,0,0,0,0,0,0,0,False
E7ESL0,212.0,2,1,8.0,8.0,0.03773584905660377,1,0,0,1,0,0,0,0,0,0,0,0,1,0,0,0,0,0,0,0,0,0,0,0,False
E5RJM0,639.0,1,7,52.0,7.428571428571429,0.081377151799687,3+,0,0,0,0,1,0,0,1,1,0,0,1,0,0,1,0,0,1,0,0,0,0,0,False
Q9NV88,658.0,0,0,0.0,,0.0,0,0,0,0,0,0,0,0,0,0,0,0,0,0,0,0,0,0,0,0,0,0,0,0,False
Q8N8Q3,282.0,2,1,4.0,4.0,0.014184397163120567,1,1,0,0,0,0,0,0,0,0,0,0,0,0,0,0,0,0,0,0,0,0,0,1,False
Q96DE0,195.0,0,0,0.0,,0.0,0,0,0,0,0,0,0,0,0,0,0,0,0,0,0,0,0,0,0,0,0,0,0,0,False
E7ERJ7,604.0,1,3,19.0,6.333333333333333,0.03145695364238411,3+,0,0,0,1,0,0,0,0,0,0,0,1,0,0,0,1,0,0,0,0,0,0,0,False
O15372,352.0,1,5,27.0,5.4,0.07670454545454546,3+,0,0,0,0,0,0,1,0,0,1,0,1,0,0,0,0,0,0,0,0,0,0,0,False
E7EPX0,491.0,0,0,0.0,,0.0,0,0,0,0,0,0,0,0,0,0,0,0,0,0,0,0,0,0,0,0,0,0,0,0,False
H0YBR2,502.0,0,0,0.0,,0.0,0,0,0,0,0,0,0,0,0,0,0,0,0,0,0,0,0,0,0,0,0,0,0,0,False
Q86SE5,291.0,0,0,0.0,,0.0,0,0,0,0,0,0,0,0,0,0,0,0,0,0,0,0,0,0,0,0,0,0,0,0,False
E5RGH2,147.0,0,0,0.0,,0.0,0,0,0,0,0,0,0,0,0,0,0,0,0,0,0,0,0,0,0,0,0,0,0,0,False
Q8IV48,349.0,0,0,0.0,,0.0,0,0,0,0,0,0,0,0,0,0,0,0,0,0,0,0,0,0,0,0,0,0,0,0,False
Q75QN2,995.0,0,0,0.0,,0.0,0,0,0,0,0,0,0,0,0,0,0,0,0,0,0,0,0,0,0,0,0,0,0,0,False
E5RK86,108.0,0,0,0.0,,0.0,0,0,0,0,0,0,0,0,0,0,0,0,0,0,0,0,0,0,0,0,0,0,0,0,False
Q9UFF9,292.0,0,0,0.0,,0.0,0,0,0,0,0,0,0,0,0,0,0,0,0,0,0,0,0,0,0,0,0,0,0,0,False
E5RJI7,147.0,0,0,0.0,,0.0,0,0,0,0,0,0,0,0,0,0,0,0,0,0,0,0,0,0,0,0,0,0,0,0,False
Q6IS14,154.0,0,0,0.0,,0.0,0,0,0,0,0,0,0,0,0,0,0,0,0,0,0,0,0,0,0,0,0,0,0,0,False
E5RJZ9,265.0,1,4,19.0,4.75,0.07169811320754717,3+,0,0,0,0,1,1,1,0,0,0,0,1,0,0,0,0,0,0,0,0,0,0,0,False
P49756,843.0,1,17,193.0,11.352941176470589,0.22894424673784106,3+,0,1,0,1,1,1,1,0,0,1,0,1,0,0,0,0,0,0,0,0,0,0,0,False
E9PJD9,91.0,0,0,0.0,,0.0,0,0,0,0,0,0,0,0,0,0,0,0,0,0,0,0,0,0,0,0,0,0,0,0,False
E9PJG9,54.0,0,0,0.0,,0.0,0,0,0,0,0,0,0,0,0,0,0,0,0,0,0,0,0,0,0,0,0,0,0,0,False
Q9UHX1,559.0,1,5,37.0,7.4,0.06618962432915922,3+,0,0,1,0,1,1,0,0,0,0,0,1,0,0,0,1,0,0,0,0,0,0,0,False
E9PIF2,835.0,1,8,62.0,7.75,0.07425149700598803,3+,0,0,1,0,1,1,1,0,0,1,0,0,0,0,0,1,0,0,0,0,0,0,0,False
E9PRK2,241.0,0,0,0.0,,0.0,0,0,0,0,0,0,0,0,0,0,0,0,0,0,0,0,0,0,0,0,0,0,0,0,False
Q9BZE2,481.0,0,0,0.0,,0.0,0,0,0,0,0,0,0,0,0,0,0,0,0,0,0,0,0,0,0,0,0,0,0,0,False
Q16560,246.0,1,4,27.0,6.75,0.10975609756097561,3+,0,0,1,0,1,0,1,0,0,0,0,1,0,0,0,0,0,0,0,0,0,0,1,False
H0YD25,96.0,0,0,0.0,,0.0,0,0,0,0,0,0,0,0,0,0,0,0,0,0,0,0,0,0,0,0,0,0,0,0,False
A1L020,520.0,1,7,53.0,7.571428571428571,0.10192307692307692,3+,0,1,1,0,1,0,1,0,0,0,0,1,0,0,0,1,0,0,0,0,0,0,0,False
E9PN81,247.0,0,0,0.0,,0.0,0,0,0,0,0,0,0,0,0,0,0,0,0,0,0,0,0,0,0,0,0,0,0,0,False
Q9H0A0,1025.0,1,3,14.0,4.666666666666667,0.013658536585365854,3+,1,0,0,0,0,0,0,0,0,0,0,1,0,0,0,0,0,0,0,0,1,0,1,False
E9PMM9,218.0,1,3,35.0,11.666666666666666,0.16055045871559634,3+,0,0,1,0,1,0,0,0,1,0,0,1,0,0,0,0,0,0,0,1,0,0,0,False
E9PL19,596.0,1,5,37.0,7.4,0.06208053691275168,3+,0,0,1,0,1,1,0,0,0,0,0,1,0,0,0,1,0,0,0,0,0,0,0,False
E9PL09,231.0,0,0,0.0,,0.0,0,0,0,0,0,0,0,0,0,0,0,0,0,0,0,0,0,0,0,0,0,0,0,0,False
P29692,281.0,2,1,6.0,6.0,0.021352313167259787,1,0,0,1,0,0,1,0,0,0,0,0,0,0,0,0,0,0,0,0,0,0,0,0,False
P78344,907.0,1,3,19.0,6.333333333333333,0.020948180815876516,3+,1,1,0,0,1,1,0,0,0,0,0,1,0,0,0,0,0,0,0,0,0,0,0,False
Q9Y2W1,955.0,1,17,161.0,9.470588235294118,0.16858638743455498,3+,1,1,1,0,1,1,1,0,0,0,0,1,0,0,1,0,0,0,0,1,0,1,1,False
H0YDK8,900.0,1,16,122.0,7.625,0.13555555555555557,3+,0,1,1,0,1,0,0,0,0,0,0,1,0,0,1,1,0,1,0,0,1,0,0,False
P13489,461.0,3,2,10.0,5.0,0.021691973969631236,2,0,0,0,0,0,0,0,0,0,0,0,1,0,0,0,1,0,0,0,0,0,0,0,False
Q96HW7,963.0,3,2,11.0,5.5,0.01142263759086189,2,0,0,0,0,0,0,0,0,0,0,0,0,0,0,0,1,0,0,0,0,0,0,0,False
P62851,125.0,1,3,13.0,4.333333333333333,0.104,3+,1,1,1,0,0,0,0,0,0,1,0,0,0,0,0,0,0,0,0,0,0,0,0,False
E9PKU4,235.0,0,0,0.0,,0.0,0,0,0,0,0,0,0,0,0,0,0,0,0,0,0,0,0,0,0,0,0,0,0,0,False
P62861,133.0,2,1,5.0,5.0,0.03759398496240601,1,1,0,0,0,0,0,0,0,0,1,0,0,0,0,0,0,0,0,0,0,0,0,0,False
P08240,638.0,0,0,0.0,,0.0,0,0,0,0,0,0,0,0,0,0,0,0,0,0,0,0,0,0,0,0,0,0,0,0,False
P62277,151.0,0,0,0.0,,0.0,0,0,0,0,0,0,0,0,0,0,0,0,0,0,0,0,0,0,0,0,0,0,0,0,False
Q7L2H7,374.0,2,1,5.0,5.0,0.013368983957219251,1,0,0,0,0,0,0,0,0,0,0,0,0,0,0,0,1,0,0,0,0,0,0,0,False
E9PQK6,123.0,0,0,0.0,,0.0,0,0,0,0,0,0,0,0,0,0,0,0,0,0,0,0,0,0,0,0,0,0,0,0,False
E9PI14,86.0,0,0,0.0,,0.0,0,0,0,0,0,0,0,0,0,0,0,0,0,0,0,0,0,0,0,0,0,0,0,0,False
Q8N9N8,165.0,2,1,8.0,8.0,0.048484848484848485,1,0,0,1,0,0,1,0,0,0,0,0,0,0,0,0,0,0,0,0,0,0,0,0,False
Q14498,530.0,1,7,55.0,7.857142857142857,0.10377358490566038,3+,0,0,1,0,1,0,1,0,0,1,0,1,0,0,0,0,0,0,0,0,0,1,0,False
A0ACM8QBP7,382.0,0,0,0.0,,0.0,0,0,0,0,0,0,0,0,0,0,0,0,0,0,0,0,0,0,0,0,0,0,0,0,False
Q12872,951.0,1,23,168.0,7.304347826086956,0.17665615141955837,3+,0,1,1,1,1,1,1,0,0,1,0,1,0,0,0,0,1,0,1,0,0,1,1,False
Q96CB9,384.0,2,1,5.0,5.0,0.013020833333333334,1,0,0,1,0,0,0,0,0,0,0,0,0,0,0,0,1,0,0,0,0,0,0,0,False
Q5VTE6,544.0,0,0,0.0,,0.0,0,0,0,0,0,0,0,0,0,0,0,0,0,0,0,0,0,0,0,0,0,0,0,0,False
P21399,889.0,0,0,0.0,,0.0,0,0,0,0,0,0,0,0,0,0,0,0,0,0,0,0,0,0,0,0,0,0,0,0,False
Q8ND04,991.0,1,5,28.0,5.6,0.028254288597376387,3+,0,0,0,0,0,1,0,0,0,0,0,1,0,0,0,0,0,0,0,0,1,0,0,False
P51513,507.0,1,6,38.0,6.333333333333333,0.07495069033530571,3+,0,1,0,1,0,0,0,0,0,0,0,1,0,0,0,0,0,0,0,0,0,0,0,False
A0A0C4DGG8,1043.0,1,21,168.0,8.0,0.1610738255033557,3+,0,0,1,1,1,1,1,0,0,1,0,1,0,0,0,0,0,1,0,0,1,0,1,False
Q86Y79,214.0,0,0,0.0,,0.0,0,0,0,0,0,0,0,0,0,0,0,0,0,0,0,0,0,0,0,0,0,0,0,0,False
F5H1K3,237.0,0,0,0.0,,0.0,0,0,0,0,0,0,0,0,0,0,0,0,0,0,0,0,0,0,0,0,0,0,0,0,False
Q8IWX8,916.0,1,18,152.0,8.444444444444445,0.16593886462882096,3+,1,1,0,1,0,0,0,1,1,0,0,1,0,0,0,0,0,1,0,0,0,1,0,False
Q96HJ9,113.0,0,0,0.0,,0.0,0,0,0,0,0,0,0,0,0,0,0,0,0,0,0,0,0,0,0,0,0,0,0,0,False
Q96FC9,970.0,1,4,21.0,5.25,0.021649484536082474,3+,0,0,0,0,1,1,0,0,0,0,0,0,0,0,0,1,0,0,0,0,0,0,0,False
Q9BZJ0,848.0,1,6,36.0,6.0,0.04245283018867924,3+,0,0,1,1,1,1,1,0,0,0,0,1,0,0,0,0,0,0,0,0,0,0,0,False
F5GYR3,275.0,2,1,4.0,4.0,0.014545454545454545,1,0,0,0,0,1,1,0,0,0,0,0,0,0,0,0,0,0,0,0,0,0,0,0,False
Q15233,471.0,1,5,66.0,13.2,0.14012738853503184,3+,0,0,1,0,1,1,0,0,1,0,0,1,0,0,0,0,1,0,0,0,0,0,0,False
Q8N1W1,1705.0,1,11,68.0,6.181818181818182,0.03988269794721408,3+,0,0,0,0,0,1,1,0,0,0,0,1,1,0,0,1,0,0,0,0,0,0,0,False
Q99717,465.0,0,0,0.0,,0.0,0,0,0,0,0,0,0,0,0,0,0,0,0,0,0,0,0,0,0,0,0,0,0,0,False
Q9Y4C8,960.0,1,7,56.0,8.0,0.058333333333333334,3+,1,0,0,1,0,1,0,0,0,1,0,0,0,0,0,0,0,0,0,0,0,0,0,False
H0YG84,90.0,0,0,0.0,,0.0,0,0,0,0,0,0,0,0,0,0,0,0,0,0,0,0,0,0,0,0,0,0,0,0,False
O15226,690.0,0,0,0.0,,0.0,0,0,0,0,0,0,0,0,0,0,0,0,0,0,0,0,0,0,0,0,0,0,0,0,False
O60942,597.0,1,3,22.0,7.333333333333333,0.03685092127303183,3+,0,0,1,0,0,1,0,0,0,0,0,1,0,0,0,0,0,0,0,0,0,0,0,False
H0YGD3,207.0,0,0,0.0,,0.0,0,0,0,0,0,0,0,0,0,0,0,0,0,0,0,0,0,0,0,0,0,0,0,0,False
Q9UPS6,1966.0,1,32,320.0,10.0,0.16276703967446593,3+,0,0,0,0,1,1,0,0,1,1,0,1,0,0,1,1,0,1,1,0,0,0,0,False
H0YGG4,152.0,0,0,0.0,,0.0,0,0,0,0,0,0,0,0,0,0,0,0,0,0,0,0,0,0,0,0,0,0,0,0,False
O60522,2096.0,1,7,38.0,5.428571428571429,0.01812977099236641,3+,1,0,0,1,1,1,0,0,0,1,0,1,0,0,0,0,0,0,0,0,0,0,0,False
H0YGJ7,106.0,0,0,0.0,,0.0,0,0,0,0,0,0,0,0,0,0,0,0,0,0,0,0,0,0,0,0,0,0,0,0,False
P56270,477.0,1,7,100.0,14.285714285714286,0.20964360587002095,3+,0,0,0,0,1,0,0,0,0,0,0,1,0,0,0,1,0,0,0,0,0,0,0,False
Q7Z5Q1,589.0,1,4,36.0,9.0,0.06112054329371817,3+,0,0,0,0,1,0,0,0,1,0,0,1,0,0,0,0,0,0,0,0,0,0,0,False
O95453,639.0,0,0,0.0,,0.0,0,0,0,0,0,0,0,0,0,0,0,0,0,0,0,0,0,0,0,0,0,0,0,0,False
Q9Y5A9,579.0,1,7,35.0,5.0,0.06044905008635579,3+,0,0,1,0,1,1,0,0,0,0,0,1,0,0,1,0,0,0,0,0,0,0,0,False
Q9NP64,241.0,1,5,40.0,8.0,0.16597510373443983,3+,0,0,1,0,1,1,1,0,0,1,0,0,0,0,0,0,0,0,0,0,0,0,0,False
Q9Y2P0,537.0,2,1,4.0,4.0,0.0074487895716946,1,0,1,0,0,0,0,0,0,1,0,0,0,0,0,0,0,0,0,0,0,0,0,0,False
H0YGT4,134.0,0,0,0.0,,0.0,0,0,0,0,0,0,0,0,0,0,0,0,0,0,0,0,0,0,0,0,0,0,0,0,False
Q2VIR3,472.0,0,0,0.0,,0.0,0,0,0,0,0,0,0,0,0,0,0,0,0,0,0,0,0,0,0,0,0,0,0,0,False
H0YGW8,298.0,0,0,0.0,,0.0,0,0,0,0,0,0,0,0,0,0,0,0,0,0,0,0,0,0,0,0,0,0,0,0,False
Q13360,481.0,2,1,5.0,5.0,0.010395010395010396,1,0,1,0,0,0,0,0,0,0,1,0,0,0,0,0,0,0,0,0,0,0,0,0,False
Q8IYX4,353.0,0,0,0.0,,0.0,0,0,0,0,0,0,0,0,0,0,0,0,0,0,0,0,0,0,0,0,0,0,0,0,False
F8VQP2,1073.0,1,10,65.0,6.5,0.06057781919850885,3+,1,1,1,1,1,1,0,0,0,0,0,1,0,0,1,0,0,1,1,0,0,1,0,False
O75123,536.0,2,1,4.0,4.0,0.007462686567164179,1,0,0,1,0,0,0,0,0,0,0,0,0,0,0,0,1,0,0,0,0,0,0,0,False
Q5JTH9,1297.0,1,6,38.0,6.333333333333333,0.029298380878951428,3+,0,0,0,0,1,1,0,0,0,0,0,0,0,0,0,0,1,0,0,0,0,0,0,False
P62826,216.0,0,0,0.0,,0.0,0,0,0,0,0,0,0,0,0,0,0,0,0,0,0,0,0,0,0,0,0,0,0,0,False
H0YH84,186.0,0,0,0.0,,0.0,0,0,0,0,0,0,0,0,0,0,0,0,0,0,0,0,0,0,0,0,0,0,0,0,False
A0A0G2JKY3,1061.0,3,2,8.0,4.0,0.007540056550424128,2,1,0,1,0,0,0,0,0,0,0,0,0,0,0,0,1,0,0,1,0,0,0,0,False
F8VZA0,365.0,0,0,0.0,,0.0,0,0,0,0,0,0,0,0,0,0,0,0,0,0,0,0,0,0,0,0,0,0,0,0,False
O43716,136.0,0,0,0.0,,0.0,0,0,0,0,0,0,0,0,0,0,0,0,0,0,0,0,0,0,0,0,0,0,0,0,False
Q9UIF9,1905.0,1,19,108.0,5.684210526315789,0.05669291338582677,3+,0,0,0,0,1,1,1,0,1,0,0,1,0,0,0,1,0,0,0,0,1,0,0,False
Q07020,188.0,0,0,0.0,,0.0,0,0,0,0,0,0,0,0,0,0,0,0,0,0,0,0,0,0,0,0,0,0,0,0,False
F8VZY7,263.0,0,0,0.0,,0.0,0,0,0,0,0,0,0,0,0,0,0,0,0,0,0,0,0,0,0,0,0,0,0,0,False
A0A0B4J254,67.0,0,0,0.0,,0.0,0,0,0,0,0,0,0,0,0,0,0,0,0,0,0,0,0,0,0,0,0,0,0,0,False
H0YHU8,144.0,0,0,0.0,,0.0,0,0,0,0,0,0,0,0,0,0,0,0,0,0,0,0,0,0,0,0,0,0,0,0,False
P86452,979.0,0,0,0.0,,0.0,0,0,0,0,0,0,0,0,0,0,0,0,0,0,0,0,0,0,0,0,0,0,0,0,False
F8VU11,892.0,1,17,143.0,8.411764705882353,0.16031390134529147,3+,0,0,0,0,0,1,1,0,1,1,0,1,0,0,0,1,0,0,0,0,0,0,0,False
H0YI55,253.0,0,0,0.0,,0.0,0,0,0,0,0,0,0,0,0,0,0,0,0,0,0,0,0,0,0,0,0,0,0,0,False
F8VS19,96.0,0,0,0.0,,0.0,0,0,0,0,0,0,0,0,0,0,0,0,0,0,0,0,0,0,0,0,0,0,0,0,False
F8VXY6,228.0,1,3,25.0,8.333333333333334,0.10964912280701754,3+,0,0,1,0,1,1,0,0,0,1,0,0,0,0,0,0,0,0,0,0,0,0,0,False
P00973,400.0,0,0,0.0,,0.0,0,0,0,0,0,0,0,0,0,0,0,0,0,0,0,0,0,0,0,0,0,0,0,0,False
H0YIP0,219.0,0,0,0.0,,0.0,0,0,0,0,0,0,0,0,0,0,0,0,0,0,0,0,0,0,0,0,0,0,0,0,False
Q9Y6G3,142.0,0,0,0.0,,0.0,0,0,0,0,0,0,0,0,0,0,0,0,0,0,0,0,0,0,0,0,0,0,0,0,False
F8VP89,275.0,1,5,29.0,5.8,0.10545454545454545,3+,0,0,1,0,1,1,0,0,1,1,0,1,0,0,0,0,0,0,0,0,0,0,1,False
Q5GAN4,147.0,0,0,0.0,,0.0,0,0,0,0,0,0,0,0,0,0,0,0,0,0,0,0,0,0,0,0,0,0,0,0,False
G3V2H6,54.0,0,0,0.0,,0.0,0,0,0,0,0,0,0,0,0,0,0,0,0,0,0,0,0,0,0,0,0,0,0,0,False
G3V2M5,61.0,0,0,0.0,,0.0,0,0,0,0,0,0,0,0,0,0,0,0,0,0,0,0,0,0,0,0,0,0,0,0,False
G3V2P5,207.0,0,0,0.0,,0.0,0,0,0,0,0,0,0,0,0,0,0,0,0,0,0,0,0,0,0,0,0,0,0,0,False
O15037,678.0,1,5,23.0,4.6,0.03392330383480826,3+,1,0,1,0,1,0,1,0,0,0,0,1,0,0,0,1,0,0,0,0,1,0,0,False
A0A0A0MTQ0,185.0,0,0,0.0,,0.0,0,0,0,0,0,0,0,0,0,0,0,0,0,0,0,0,0,0,0,0,0,0,0,0,False
Q9GZT3,109.0,0,0,0.0,,0.0,0,0,0,0,0,0,0,0,0,0,0,0,0,0,0,0,0,0,0,0,0,0,0,0,False
G3V3F2,158.0,0,0,0.0,,0.0,0,0,0,0,0,0,0,0,0,0,0,0,0,0,0,0,0,0,0,0,0,0,0,0,False
Q13243,272.0,1,5,59.0,11.8,0.21691176470588236,3+,0,0,1,1,1,0,1,0,0,0,0,0,0,0,0,0,0,0,0,0,0,1,0,False
G3V414,235.0,0,0,0.0,,0.0,0,0,0,0,0,0,0,0,0,0,0,0,0,0,0,0,0,0,0,0,0,0,0,0,False
P60153,205.0,0,0,0.0,,0.0,0,0,0,0,0,0,0,0,0,0,0,0,0,0,0,0,0,0,0,0,0,0,0,0,False
Q9HCK8,2581.0,1,22,149.0,6.7727272727272725,0.057729562185199534,3+,0,0,0,1,1,1,1,1,0,1,0,1,0,0,0,1,0,1,0,0,1,0,0,False
A0A0C4DGK8,146.0,0,0,0.0,,0.0,0,0,0,0,0,0,0,0,0,0,0,0,0,0,0,0,0,0,0,0,0,0,0,0,False
G3V529,816.0,1,9,45.0,5.0,0.05514705882352941,3+,1,1,0,1,1,1,0,0,0,1,0,1,0,0,0,1,0,1,0,0,0,0,0,False
G3V5I6,420.0,1,3,15.0,5.0,0.03571428571428571,3+,0,0,0,0,1,1,0,0,0,0,0,1,0,0,0,0,0,0,0,0,0,0,0,False
G3V5U1,153.0,0,0,0.0,,0.0,0,0,0,0,0,0,0,0,0,0,0,0,0,0,0,0,0,0,0,0,0,0,0,0,False
G3V5X7,2519.0,1,9,51.0,5.666666666666667,0.020246129416435093,3+,1,0,1,0,1,1,1,0,1,0,0,1,0,0,0,1,0,0,0,0,1,0,0,False
H0YKX1,171.0,0,0,0.0,,0.0,0,0,0,0,0,0,0,0,0,0,0,0,0,0,0,0,0,0,0,0,0,0,0,0,False
Q8IZ73,545.0,0,0,0.0,,0.0,0,0,0,0,0,0,0,0,0,0,0,0,0,0,0,0,0,0,0,0,0,0,0,0,False
H0YLQ7,131.0,1,4,21.0,5.25,0.16030534351145037,3+,0,0,0,0,0,1,0,0,0,1,0,1,0,0,0,0,0,0,0,0,0,0,0,False
H0YM60,36.0,0,0,0.0,,0.0,0,0,0,0,0,0,0,0,0,0,0,0,0,0,0,0,0,0,0,0,0,0,0,0,False
H0YMF4,112.0,0,0,0.0,,0.0,0,0,0,0,0,0,0,0,0,0,0,0,0,0,0,0,0,0,0,0,0,0,0,0,False
H0YMJ6,179.0,0,0,0.0,,0.0,0,0,0,0,0,0,0,0,0,0,0,0,0,0,0,0,0,0,0,0,0,0,0,0,False
H0YN88,136.0,0,0,0.0,,0.0,0,0,0,0,0,0,0,0,0,0,0,0,0,0,0,0,0,0,0,0,0,0,0,0,False
H3BM89,333.0,1,7,50.0,7.142857142857143,0.15015015015015015,3+,1,0,1,0,1,0,1,0,0,1,0,1,0,0,0,0,0,0,0,0,0,0,0,False
H3BMQ2,146.0,0,0,0.0,,0.0,0,0,0,0,0,0,0,0,0,0,0,0,0,0,0,0,0,0,0,0,0,0,0,0,False
Q9H6T0,727.0,1,4,27.0,6.75,0.037138927097661624,3+,0,0,1,0,1,0,0,0,1,0,0,1,0,0,0,0,0,0,1,0,0,0,0,False
A8K979,691.0,0,0,0.0,,0.0,0,0,0,0,0,0,0,0,0,0,0,0,0,0,0,0,0,0,0,0,0,0,0,0,False
H3BN59,261.0,0,0,0.0,,0.0,0,0,0,0,0,0,0,0,0,0,0,0,0,0,0,0,0,0,0,0,0,0,0,0,False
Q12788,808.0,1,3,12.0,4.0,0.01485148514851485,3+,1,0,0,0,1,1,1,0,0,0,0,0,0,0,0,0,0,0,0,0,0,0,1,False
H3BNJ4,201.0,2,1,5.0,5.0,0.024875621890547265,1,0,0,0,0,0,1,0,0,0,0,0,0,0,0,0,0,0,0,0,0,0,0,0,False
Q14137,746.0,1,6,39.0,6.5,0.05227882037533512,3+,1,1,1,0,1,1,1,0,0,0,0,0,0,0,0,0,0,0,0,0,0,0,0,False
H3BPD0,197.0,3,2,14.0,7.0,0.07106598984771574,2,0,0,1,0,0,1,0,0,0,0,0,1,0,0,0,0,0,0,0,0,0,0,0,False
H3BPE7,527.0,1,16,187.0,11.6875,0.3548387096774194,3+,0,0,1,1,1,0,1,0,1,0,0,1,0,0,1,0,0,0,0,1,0,0,0,False
H3BPG5,128.0,3,2,57.0,28.5,0.4453125,2,0,0,1,0,0,0,0,0,0,0,0,0,0,0,0,0,0,0,0,0,0,1,0,False
Q96F86,508.0,1,3,12.0,4.0,0.023622047244094488,3+,0,0,0,1,0,0,0,0,0,0,0,1,0,0,0,0,0,0,0,0,0,0,0,False
A5YKK6,2376.0,1,10,63.0,6.3,0.026515151515151516,3+,1,0,0,0,1,0,0,0,0,0,0,1,0,0,1,1,0,1,0,0,1,0,1,False
H3BQK0,484.0,0,0,0.0,,0.0,0,0,0,0,0,0,0,0,0,0,0,0,0,0,0,0,0,0,0,0,0,0,0,0,False
Q9Y2V2,147.0,2,1,8.0,8.0,0.05442176870748299,1,0,0,0,0,1,0,0,0,0,0,0,1,0,0,0,0,0,0,0,0,0,0,0,False
H3BSB3,131.0,0,0,0.0,,0.0,0,0,0,0,0,0,0,0,0,0,0,0,0,0,0,0,0,0,0,0,0,0,0,0,False
H3BSG4,173.0,3,2,21.0,10.5,0.12138728323699421,2,0,0,0,0,0,1,0,0,0,0,0,1,0,0,0,0,0,0,0,0,0,0,0,False
H3BSW6,586.0,0,0,0.0,,0.0,0,0,0,0,0,0,0,0,0,0,0,0,0,0,0,0,0,0,0,0,0,0,0,0,False
P61970,127.0,0,0,0.0,,0.0,0,0,0,0,0,0,0,0,0,0,0,0,0,0,0,0,0,0,0,0,0,0,0,0,False
H3BTT8,252.0,0,0,0.0,,0.0,0,0,0,0,0,0,0,0,0,0,0,0,0,0,0,0,0,0,0,0,0,0,0,0,False
D6RA96,785.0,3,2,10.0,5.0,0.012738853503184714,2,1,0,0,0,1,0,0,0,0,0,0,1,0,0,0,0,0,0,0,0,0,0,0,False
Q9BUB4,502.0,0,0,0.0,,0.0,0,0,0,0,0,0,0,0,0,0,0,0,0,0,0,0,0,0,0,0,0,0,0,0,False
H3BUK8,54.0,0,0,0.0,,0.0,0,0,0,0,0,0,0,0,0,0,0,0,0,0,0,0,0,0,0,0,0,0,0,0,False
Q96J87,481.0,1,4,27.0,6.75,0.056133056133056136,3+,0,0,1,1,0,0,0,0,0,0,0,1,0,0,0,1,0,0,0,0,0,0,0,False
I3L0N7,115.0,0,0,0.0,,0.0,0,0,0,0,0,0,0,0,0,0,0,0,0,0,0,0,0,0,0,0,0,0,0,0,False
I3L1L6,617.0,2,1,9.0,9.0,0.014586709886547812,1,0,0,0,0,1,1,0,0,0,0,0,0,0,0,0,0,0,0,0,0,0,0,0,False
I3L1N3,78.0,0,0,0.0,,0.0,0,0,0,0,0,0,0,0,0,0,0,0,0,0,0,0,0,0,0,0,0,0,0,0,False
Q96SZ4,780.0,1,6,30.0,5.0,0.038461538461538464,3+,0,1,1,1,1,1,1,0,0,0,0,0,0,0,0,1,0,0,0,0,0,0,0,False
Q92667,903.0,1,4,18.0,4.5,0.019933554817275746,3+,0,0,0,0,1,1,0,0,0,0,0,1,0,0,0,0,0,0,1,0,0,0,0,False
I3L397,146.0,0,0,0.0,,0.0,0,0,0,0,0,0,0,0,0,0,0,0,0,0,0,0,0,0,0,0,0,0,0,0,False
I3L3C4,158.0,0,0,0.0,,0.0,0,0,0,0,0,0,0,0,0,0,0,0,0,0,0,0,0,0,0,0,0,0,0,0,False
Q6P2Q9,2335.0,1,4,20.0,5.0,0.008565310492505354,3+,1,1,0,1,0,0,0,0,0,1,0,1,0,0,0,1,0,0,0,0,0,0,1,False
A0A140TA76,344.0,1,4,30.0,7.5,0.0872093023255814,3+,1,0,1,1,0,0,1,0,0,1,0,0,0,0,1,0,0,0,0,1,0,0,0,False
I3L4V1,148.0,0,0,0.0,,0.0,0,0,0,0,0,0,0,0,0,0,0,0,0,0,0,0,0,0,0,0,0,0,0,0,False
A6NM28,416.0,2,1,10.0,10.0,0.02403846153846154,1,0,0,1,0,0,0,1,0,0,0,0,0,0,0,0,0,0,0,0,0,0,0,0,False
J3KRL2,102.0,0,0,0.0,,0.0,0,0,0,0,0,0,0,0,0,0,0,0,0,0,0,0,0,0,0,0,0,0,0,0,False
D3DTZ5,76.0,0,0,0.0,,0.0,0,0,0,0,0,0,0,0,0,0,0,0,0,0,0,0,0,0,0,0,0,0,0,0,False
O14730,519.0,0,0,0.0,,0.0,0,0,0,0,0,0,0,0,0,0,0,0,0,0,0,0,0,0,0,0,0,0,0,0,False
J3KSP2,21.0,0,0,0.0,,0.0,0,0,0,0,0,0,0,0,0,0,0,0,0,0,0,0,0,0,0,0,0,0,0,0,False
Q96QE5,360.0,0,0,0.0,,0.0,0,0,0,0,0,0,0,0,0,0,0,0,0,0,0,0,0,0,0,0,0,0,0,0,False
P0CB38,370.0,0,0,0.0,,0.0,0,0,0,0,0,0,0,0,0,0,0,0,0,0,0,0,0,0,0,0,0,0,0,0,False
J3QKW2,183.0,0,0,0.0,,0.0,0,0,0,0,0,0,0,0,0,0,0,0,0,0,0,0,0,0,0,0,0,0,0,0,False
J3QL05,130.0,2,1,17.0,17.0,0.13076923076923078,1,0,0,1,0,0,0,0,0,0,0,0,0,0,0,0,0,0,0,0,0,0,1,0,False
J3QL17,468.0,0,0,0.0,,0.0,0,0,0,0,0,0,0,0,0,0,0,0,0,0,0,0,0,0,0,0,0,0,0,0,False
P60842,406.0,0,0,0.0,,0.0,0,0,0,0,0,0,0,0,0,0,0,0,0,0,0,0,0,0,0,0,0,0,0,0,False
J3QLD1,290.0,0,0,0.0,,0.0,0,0,0,0,0,0,0,0,0,0,0,0,0,0,0,0,0,0,0,0,0,0,0,0,False
P61254,145.0,0,0,0.0,,0.0,0,0,0,0,0,0,0,0,0,0,0,0,0,0,0,0,0,0,0,0,0,0,0,0,False
J3QQT2,171.0,0,0,0.0,,0.0,0,0,0,0,0,0,0,0,0,0,0,0,0,0,0,0,0,0,0,0,0,0,0,0,False
J3QQT9,34.0,0,0,0.0,,0.0,0,0,0,0,0,0,0,0,0,0,0,0,0,0,0,0,0,0,0,0,0,0,0,0,False
J3QQZ8,52.0,0,0,0.0,,0.0,0,0,0,0,0,0,0,0,0,0,0,0,0,0,0,0,0,0,0,0,0,0,0,0,False
J3QR28,271.0,0,0,0.0,,0.0,0,0,0,0,0,0,0,0,0,0,0,0,0,0,0,0,0,0,0,0,0,0,0,0,False
J3QRD6,70.0,0,0,0.0,,0.0,0,0,0,0,0,0,0,0,0,0,0,0,0,0,0,0,0,0,0,0,0,0,0,0,False
Q9Y3E5,179.0,0,0,0.0,,0.0,0,0,0,0,0,0,0,0,0,0,0,0,0,0,0,0,0,0,0,0,0,0,0,0,False
Q9Y3U8,105.0,0,0,0.0,,0.0,0,0,0,0,0,0,0,0,0,0,0,0,0,0,0,0,0,0,0,0,0,0,0,0,False
J3QS41,1943.0,1,12,58.0,4.833333333333333,0.029850746268656716,3+,0,0,1,1,1,0,0,1,0,0,0,1,0,0,0,1,0,1,1,0,0,0,0,False
K7EIJ1,223.0,0,0,0.0,,0.0,0,0,0,0,0,0,0,0,0,0,0,0,0,0,0,0,0,0,0,0,0,0,0,0,False
Q9C0B9,1178.0,1,13,90.0,6.923076923076923,0.07640067911714771,3+,0,0,1,1,1,1,1,0,0,1,0,1,0,0,1,0,0,0,0,0,0,0,0,False
K7EIU6,117.0,0,0,0.0,,0.0,0,0,0,0,0,0,0,0,0,0,0,0,0,0,0,0,0,0,0,0,0,0,0,0,False
A8MQ14,1090.0,2,1,6.0,6.0,0.005504587155963303,1,0,0,0,1,0,0,1,0,0,0,0,0,0,0,0,0,0,0,0,0,0,0,0,False
K7EJ78,129.0,0,0,0.0,,0.0,0,0,0,0,0,0,0,0,0,0,0,0,0,0,0,0,0,0,0,0,0,0,0,0,False
Q15029,972.0,2,1,8.0,8.0,0.00823045267489712,1,0,0,0,0,1,1,0,0,0,0,0,0,0,0,0,0,0,0,0,0,0,0,0,False
K7EJB9,349.0,1,5,46.0,9.2,0.1318051575931232,3+,1,1,0,0,1,1,0,0,0,1,0,0,0,0,0,1,1,0,0,0,0,0,0,False
O95707,220.0,0,0,0.0,,0.0,0,0,0,0,0,0,0,0,0,0,0,0,0,0,0,0,0,0,0,0,0,0,0,0,False
K7EK40,64.0,0,0,0.0,,0.0,0,0,0,0,0,0,0,0,0,0,0,0,0,0,0,0,0,0,0,0,0,0,0,0,False
D6W5Y5,297.0,1,5,27.0,5.4,0.09090909090909091,3+,1,0,1,0,1,0,0,0,1,0,0,0,0,0,1,1,0,0,0,1,0,0,0,False
K7EKC9,86.0,0,0,0.0,,0.0,0,0,0,0,0,0,0,0,0,0,0,0,0,0,0,0,0,0,0,0,0,0,0,0,False
K7EKH9,261.0,3,2,9.0,4.5,0.034482758620689655,2,0,0,0,0,0,0,1,0,0,0,0,0,0,0,0,0,0,0,0,0,0,0,0,False
O00411,1230.0,3,2,12.0,6.0,0.00975609756097561,2,0,0,0,0,1,0,0,0,0,1,0,1,0,0,0,0,0,0,0,0,0,0,0,False
K7EL49,112.0,0,0,0.0,,0.0,0,0,0,0,0,0,0,0,0,0,0,0,0,0,0,0,0,0,0,0,0,0,0,0,False
K7EL95,136.0,0,0,0.0,,0.0,0,0,0,0,0,0,0,0,0,0,0,0,0,0,0,0,0,0,0,0,0,0,0,0,False
K7ELC4,79.0,0,0,0.0,,0.0,0,0,0,0,0,0,0,0,0,0,0,0,0,0,0,0,0,0,0,0,0,0,0,0,False
Q9BTD8,480.0,1,12,108.0,9.0,0.225,3+,0,0,1,0,1,0,0,0,0,0,0,1,0,0,0,1,0,0,1,0,0,0,0,False
Q9H840,131.0,0,0,0.0,,0.0,0,0,0,0,0,0,0,0,0,0,0,0,0,0,0,0,0,0,0,0,0,0,0,0,False
K7ENA8,289.0,0,0,0.0,,0.0,0,0,0,0,0,0,0,0,0,0,0,0,0,0,0,0,0,0,0,0,0,0,0,0,False
Q9NXH9,659.0,0,0,0.0,,0.0,0,0,0,0,0,0,0,0,0,0,0,0,0,0,0,0,0,0,0,0,0,0,0,0,False
K7EPB9,110.0,0,0,0.0,,0.0,0,0,0,0,0,0,0,0,0,0,0,0,0,0,0,0,0,0,0,0,0,0,0,0,False
K7EPH2,378.0,0,0,0.0,,0.0,0,0,0,0,0,0,0,0,0,0,0,0,0,0,0,0,0,0,0,0,0,0,0,0,False
Q9UKJ3,1502.0,1,26,236.0,9.076923076923077,0.15712383488681758,3+,0,0,1,0,1,1,1,0,1,1,0,1,0,0,1,0,0,0,0,0,0,1,0,False
Q14587,947.0,0,0,0.0,,0.0,0,0,0,0,0,0,0,0,0,0,0,0,0,0,0,0,0,0,0,0,0,0,0,0,False
K7EQP2,53.0,0,0,0.0,,0.0,0,0,0,0,0,0,0,0,0,0,0,0,0,0,0,0,0,0,0,0,0,0,0,0,False
K7ER00,548.0,2,1,5.0,5.0,0.009124087591240875,1,0,0,0,0,1,0,1,0,0,0,0,0,0,0,0,0,0,0,0,0,0,0,0,False
K7ERG4,78.0,0,0,0.0,,0.0,0,0,0,0,0,0,0,0,0,0,0,0,0,0,0,0,0,0,0,0,0,0,0,0,False
M0QXD5,236.0,0,0,0.0,,0.0,0,0,0,0,0,0,0,0,0,0,0,0,0,0,0,0,0,0,0,0,0,0,0,0,False
O00267,1087.0,1,8,61.0,7.625,0.05611775528978841,3+,0,0,1,1,1,1,0,0,0,0,0,1,0,0,1,0,0,1,0,0,0,0,0,False
M0QXG5,101.0,0,0,0.0,,0.0,0,0,0,0,0,0,0,0,0,0,0,0,0,0,0,0,0,0,0,0,0,0,0,0,False
P39019,145.0,0,0,0.0,,0.0,0,0,0,0,0,0,0,0,0,0,0,0,0,0,0,0,0,0,0,0,0,0,0,0,False
Q9Y4Z0,139.0,3,2,17.0,8.5,0.1223021582733813,2,0,0,1,0,0,0,1,0,0,0,0,1,0,0,0,0,0,0,0,0,0,0,0,False
M0QY97,910.0,1,19,140.0,7.368421052631579,0.15384615384615385,3+,0,0,1,0,1,1,0,0,0,0,0,1,0,0,1,0,0,0,1,1,0,0,0,False
M0QYX4,139.0,2,1,4.0,4.0,0.02877697841726619,1,0,0,0,0,0,1,0,0,0,0,0,0,0,0,0,0,0,0,0,0,0,0,0,False
M0QZ34,200.0,0,0,0.0,,0.0,0,0,0,0,0,0,0,0,0,0,0,0,0,0,0,0,0,0,0,0,0,0,0,0,False
M0QZ76,72.0,0,0,0.0,,0.0,0,0,0,0,0,0,0,0,0,0,0,0,0,0,0,0,0,0,0,0,0,0,0,0,False
M0QZC5,118.0,0,0,0.0,,0.0,0,0,0,0,0,0,0,0,0,0,0,0,0,0,0,0,0,0,0,0,0,0,0,0,False
Q92979,244.0,0,0,0.0,,0.0,0,0,0,0,0,0,0,0,0,0,0,0,0,0,0,0,0,0,0,0,0,0,0,0,False
Q9ULX6,646.0,1,12,73.0,6.083333333333333,0.1130030959752322,3+,1,0,1,0,1,1,0,0,0,1,0,1,0,0,1,1,0,0,0,0,0,0,0,False
M0R050,197.0,0,0,0.0,,0.0,0,0,0,0,0,0,0,0,0,0,0,0,0,0,0,0,0,0,0,0,0,0,0,0,False
A6NNF4,616.0,2,1,4.0,4.0,0.006493506493506494,1,0,0,0,0,1,0,0,0,0,0,0,1,0,0,0,0,0,0,0,0,0,0,0,False
M0R117,154.0,0,0,0.0,,0.0,0,0,0,0,0,0,0,0,0,0,0,0,0,0,0,0,0,0,0,0,0,0,0,0,False
P0DKX0,622.0,0,0,0.0,,0.0,0,0,0,0,0,0,0,0,0,0,0,0,0,0,0,0,0,0,0,0,0,0,0,0,False
M0R1H0,178.0,1,3,49.0,16.333333333333332,0.2752808988764045,3+,0,0,1,0,1,0,0,0,1,0,0,0,0,0,0,0,0,0,0,1,0,0,0,False
Q15717,326.0,0,0,0.0,,0.0,0,0,0,0,0,0,0,0,0,0,0,0,0,0,0,0,0,0,0,0,0,0,0,0,False
M0R226,184.0,1,4,24.0,6.0,0.13043478260869565,3+,0,0,1,0,1,0,1,0,0,0,0,0,0,0,1,1,0,0,0,0,0,0,0,False
G5E9R9,263.0,0,0,0.0,,0.0,0,0,0,0,0,0,0,0,0,0,0,0,0,0,0,0,0,0,0,0,0,0,0,0,False
Q9NW07,568.0,1,5,46.0,9.2,0.08098591549295775,3+,0,0,1,0,1,1,0,0,0,0,0,1,0,0,0,1,0,0,0,0,0,0,0,False
M0R2C6,588.0,0,0,0.0,,0.0,0,0,0,0,0,0,0,0,0,0,0,0,0,0,0,0,0,0,0,0,0,0,0,0,False
P62857,69.0,0,0,0.0,,0.0,0,0,0,0,0,0,0,0,0,0,0,0,0,0,0,0,0,0,0,0,0,0,0,0,False
Q9GZY0,626.0,3,2,8.0,4.0,0.012779552715654952,2,0,1,0,1,0,0,0,0,0,0,0,1,0,0,0,0,0,0,0,0,0,0,0,False
M0R2S1,138.0,0,0,0.0,,0.0,0,0,0,0,0,0,0,0,0,0,0,0,0,0,0,0,0,0,0,0,0,0,0,0,False
Q8WTR7,871.0,0,0,0.0,,0.0,0,0,0,0,0,0,0,0,0,0,0,0,0,0,0,0,0,0,0,0,0,0,0,0,False
P08621,437.0,1,9,128.0,14.222222222222221,0.2929061784897025,3+,0,0,1,0,1,1,1,0,0,0,0,1,0,0,0,0,1,0,0,0,0,1,0,False
Q9Y230,463.0,2,1,6.0,6.0,0.012958963282937365,1,0,0,0,0,0,0,1,0,0,0,0,0,0,0,0,0,0,0,0,0,0,0,0,False
R4GMQ7,143.0,0,0,0.0,,0.0,0,0,0,0,0,0,0,0,0,0,0,0,0,0,0,0,0,0,0,0,0,0,0,0,False
R4GMW4,75.0,0,0,0.0,,0.0,0,0,0,0,0,0,0,0,0,0,0,0,0,0,0,0,0,0,0,0,0,0,0,0,False
A6NHQ2,334.0,1,5,55.0,11.0,0.16467065868263472,3+,0,0,1,0,1,0,0,0,0,0,0,1,0,0,0,0,0,0,0,1,0,0,0,False
R4GMX9,53.0,0,0,0.0,,0.0,0,0,0,0,0,0,0,0,0,0,0,0,0,0,0,0,0,0,0,0,0,0,0,0,False
Q96T37,977.0,1,20,118.0,5.9,0.12077789150460594,3+,1,0,1,1,1,0,1,0,0,0,0,1,0,0,1,1,0,0,1,0,0,0,1,False
R4GNH1,168.0,0,0,0.0,,0.0,0,0,0,0,0,0,0,0,0,0,0,0,0,0,0,0,0,0,0,0,0,0,0,0,False
Q9UKT8,454.0,0,0,0.0,,0.0,0,0,0,0,0,0,0,0,0,0,0,0,0,0,0,0,0,0,0,0,0,0,0,0,False
Q5TEC6,136.0,0,0,0.0,,0.0,0,0,0,0,0,0,0,0,0,0,0,0,0,0,0,0,0,0,0,0,0,0,0,0,False
Q96B70,501.0,3,2,9.0,4.5,0.017964071856287425,2,0,0,0,1,0,0,0,0,0,0,0,1,0,0,0,1,0,0,0,0,0,0,0,False
A6NFI3,1004.0,1,14,112.0,8.0,0.11155378486055777,3+,0,1,1,1,1,1,1,0,0,0,0,1,0,0,0,1,0,0,0,0,0,0,0,False
Q96EH8,262.0,0,0,0.0,,0.0,0,0,0,0,0,0,0,0,0,0,0,0,0,0,0,0,0,0,0,0,0,0,0,0,False
A0A024R214,626.0,0,0,0.0,,0.0,0,0,0,0,0,0,0,0,0,0,0,0,0,0,0,0,0,0,0,0,0,0,0,0,False
A0A087WUV0,522.0,0,0,0.0,,0.0,0,0,0,0,0,0,0,0,0,0,0,0,0,0,0,0,0,0,0,0,0,0,0,0,False
A0A087WVF4,1798.0,1,22,144.0,6.545454545454546,0.08008898776418243,3+,0,1,0,0,1,1,1,0,1,1,0,1,0,0,1,0,1,0,0,0,0,0,0,False
Q9Y2R4,599.0,3,2,11.0,5.5,0.018363939899833055,2,0,0,1,0,1,0,0,0,0,1,0,1,0,0,0,0,0,0,0,0,0,0,0,False
Q86XI8,627.0,2,1,7.0,7.0,0.011164274322169059,1,0,0,0,0,1,0,1,0,0,0,0,0,0,0,0,0,0,0,0,0,0,0,0,False
Q3SXZ3,478.0,0,0,0.0,,0.0,0,0,0,0,0,0,0,0,0,0,0,0,0,0,0,0,0,0,0,0,0,0,0,0,False
A0A024RCN4,479.0,3,2,11.0,5.5,0.022964509394572025,2,0,0,0,0,1,1,0,0,0,0,0,0,0,0,0,1,0,0,0,0,0,0,0,False
A0A087WYR5,438.0,0,0,0.0,,0.0,0,0,0,0,0,0,0,0,0,0,0,0,0,0,0,0,0,0,0,0,0,0,0,0,False
O94761,1208.0,1,5,23.0,4.6,0.01903973509933775,3+,0,1,1,0,1,1,0,0,0,0,0,1,0,0,0,1,0,0,0,0,0,0,1,False
A0A087X0J2,248.0,2,1,7.0,7.0,0.028225806451612902,1,0,0,1,0,0,0,0,0,0,0,0,0,0,0,0,1,0,0,0,0,0,0,0,False
A0A0D9SF53,733.0,1,4,43.0,10.75,0.058663028649386086,3+,0,0,0,0,1,0,0,0,0,0,0,0,0,0,1,0,0,0,0,0,0,0,0,False
S4R469,234.0,0,0,0.0,,0.0,0,0,0,0,0,0,0,0,0,0,0,0,0,0,0,0,0,0,0,0,0,0,0,0,False
A0A0D9SFM0,1687.0,1,3,21.0,7.0,0.012448132780082987,3+,0,0,0,0,1,1,1,0,0,0,0,1,0,0,0,0,0,0,0,0,0,0,0,False
A0A1W2PPH5,198.0,0,0,0.0,,0.0,0,0,0,0,0,0,0,0,0,0,0,0,0,0,0,0,0,0,0,0,0,0,0,0,False
A0A286YFD1,2093.0,1,5,26.0,5.2,0.012422360248447204,3+,0,0,0,0,1,0,1,0,0,0,0,0,0,0,0,1,0,1,0,0,0,0,0,False
A0A2R8Y4L2,320.0,1,5,49.0,9.8,0.153125,3+,0,1,1,1,0,0,0,0,1,0,0,1,0,0,1,0,0,0,0,0,0,0,0,False
Q9HBD4,1679.0,1,20,144.0,7.2,0.08576533650982728,3+,0,0,1,1,1,1,1,0,0,1,0,1,0,0,1,1,0,0,0,0,0,0,0,False
A0A2R8Y6W8,807.0,2,1,6.0,6.0,0.007434944237918215,1,0,0,0,1,0,1,0,0,0,0,0,0,0,0,0,0,0,0,0,0,0,0,0,False
Q14839,1912.0,1,18,133.0,7.388888888888889,0.06956066945606694,3+,0,1,1,0,1,1,1,0,0,1,0,1,0,0,0,1,0,0,1,0,0,0,0,False
Q9BYX4,1025.0,1,8,42.0,5.25,0.04097560975609756,3+,1,0,1,1,1,1,0,0,0,1,0,1,0,0,0,1,0,0,0,0,0,0,0,False
A6NKG5,1358.0,1,7,33.0,4.714285714285714,0.024300441826215022,3+,0,0,0,0,1,1,0,0,0,0,0,1,0,0,1,1,0,0,0,0,0,0,0,False
Q9ULG1,1556.0,1,8,63.0,7.875,0.04048843187660668,3+,1,0,1,0,1,1,1,0,1,1,0,1,0,0,0,0,0,0,0,0,0,0,0,False
P38919,411.0,0,0,0.0,,0.0,0,0,0,0,0,0,0,0,0,0,0,0,0,0,0,0,0,0,0,0,0,0,0,0,False
Q99608,321.0,0,0,0.0,,0.0,0,0,0,0,0,0,0,0,0,0,0,0,0,0,0,0,0,0,0,0,0,0,0,0,False
A0A494C0I1,1111.0,3,2,9.0,4.5,0.008100810081008101,2,0,0,0,0,1,0,0,0,0,1,0,0,0,0,0,0,0,0,0,0,0,0,0,False
A0A494C1N8,1116.0,3,2,9.0,4.5,0.008064516129032258,2,0,0,0,0,1,0,0,0,0,1,0,0,0,0,0,0,0,0,0,0,0,0,0,False
A0A590UJW6,1086.0,1,10,77.0,7.7,0.070902394106814,3+,0,0,0,1,0,1,0,1,1,0,0,1,0,0,1,0,0,1,0,0,0,0,0,False
A0A5F9ZHS7,289.0,0,0,0.0,,0.0,0,0,0,0,0,0,0,0,0,0,0,0,0,0,0,0,0,0,0,0,0,0,0,0,False
A0A7I2V5M7,476.0,1,5,46.0,9.2,0.09663865546218488,3+,0,0,1,1,0,1,1,0,0,0,0,1,0,0,0,0,0,0,0,0,0,0,0,False
A0A804HKV4,723.0,3,2,10.0,5.0,0.013831258644536652,2,0,0,1,1,0,0,0,0,0,0,0,1,0,0,0,0,0,0,0,0,0,0,0,False
A0A8I5KX04,1686.0,1,16,91.0,5.6875,0.05397390272835113,3+,1,1,0,1,1,1,1,0,0,1,0,1,0,0,0,1,0,1,0,0,0,1,0,False
A0A8I5KNN2,808.0,1,5,40.0,8.0,0.04950495049504951,3+,0,0,0,0,1,1,0,0,0,1,0,1,0,0,0,0,0,0,0,0,0,0,0,False
A0A8I5KY89,167.0,0,0,0.0,,0.0,0,0,0,0,0,0,0,0,0,0,0,0,0,0,0,0,0,0,0,0,0,0,0,0,False
A0A8I5KWK6,331.0,0,0,0.0,,0.0,0,0,0,0,0,0,0,0,0,0,0,0,0,0,0,0,0,0,0,0,0,0,0,0,False
A0A8I5KSH6,925.0,1,9,66.0,7.333333333333333,0.07135135135135136,3+,0,0,1,1,1,1,1,0,0,1,0,0,0,0,0,1,0,0,0,0,0,0,0,False
A0A8I5KVU2,1735.0,1,11,51.0,4.636363636363637,0.029394812680115272,3+,1,0,1,0,1,1,1,0,1,1,0,1,0,0,0,1,0,1,0,0,0,0,0,False
A0A8Q3WL03,351.0,0,0,0.0,,0.0,0,0,0,0,0,0,0,0,0,0,0,0,0,0,0,0,0,0,0,0,0,0,0,0,False
A0A8V8TR54,2114.0,1,22,185.0,8.409090909090908,0.08751182592242195,3+,0,0,1,0,1,1,1,0,0,1,0,1,0,0,0,0,1,0,0,0,0,0,0,False
A0A994J6B2,331.0,2,1,4.0,4.0,0.012084592145015106,1,0,0,0,1,0,0,0,0,0,0,0,1,0,0,0,0,0,0,0,0,0,0,0,False
A0ABB0MN55,322.0,1,9,90.0,10.0,0.2795031055900621,3+,1,1,1,0,1,0,0,0,1,0,0,1,0,0,1,1,1,0,0,1,0,0,0,False
A0A994J7T5,750.0,1,5,26.0,5.2,0.034666666666666665,3+,0,0,1,1,1,0,1,0,1,0,0,1,0,0,0,0,0,0,0,0,0,0,0,False
A0AA34QW03,678.0,1,10,74.0,7.4,0.10914454277286136,3+,0,1,1,1,1,1,1,0,0,1,0,1,0,0,0,1,0,0,0,1,0,0,0,False
Q5T890,1561.0,1,3,15.0,5.0,0.009609224855861628,3+,0,0,0,0,1,1,0,0,0,1,0,1,0,0,0,0,0,0,0,0,0,0,0,False
A0ABB0MV08,369.0,1,7,65.0,9.285714285714286,0.17615176151761516,3+,0,1,1,1,0,0,0,0,1,0,0,0,0,0,1,0,0,0,0,0,0,0,0,False
A0ABB0MVJ3,604.0,1,3,14.0,4.666666666666667,0.023178807947019868,3+,0,1,0,0,1,0,0,0,0,0,0,1,0,0,0,1,0,0,0,0,0,0,0,False
A0ACI8QGH0,324.0,0,0,0.0,,0.0,0,0,0,0,0,0,0,0,0,0,0,0,0,0,0,0,0,0,0,0,0,0,0,0,False
A0ACI8Q0P4,829.0,1,9,62.0,6.888888888888889,0.07478890229191798,3+,0,0,1,1,1,0,1,0,1,0,0,1,0,0,0,1,0,0,0,0,1,0,1,False
A0ACI8UUW5,527.0,0,0,0.0,,0.0,0,0,0,0,0,0,0,0,0,0,0,0,0,0,0,0,0,0,0,0,0,0,0,0,False
A0ACI8P9Y7,1707.0,1,6,30.0,5.0,0.01757469244288225,3+,0,0,0,1,1,0,0,0,0,1,0,0,0,0,0,1,0,0,0,0,1,0,1,False
A0ACI8RQX4,1349.0,3,2,9.0,4.5,0.006671608598962194,2,0,0,1,0,1,0,0,0,0,1,0,1,0,0,0,0,0,0,0,0,0,0,0,False
A0ACI8RL22,1967.0,1,7,38.0,5.428571428571429,0.019318759532282664,3+,1,0,0,0,1,1,0,0,0,0,0,1,0,0,1,0,0,0,0,0,0,0,0,False
A0ACI8PJP7,596.0,0,0,0.0,,0.0,0,0,0,0,0,0,0,0,0,0,0,0,0,0,0,0,0,0,0,0,0,0,0,0,False
A0ACI8PI13,378.0,0,0,0.0,,0.0,0,0,0,0,0,0,0,0,0,0,0,0,0,0,0,0,0,0,0,0,0,0,0,0,False
A0ACI8S0C5,927.0,1,6,28.0,4.666666666666667,0.030204962243797196,3+,1,1,0,0,1,0,1,0,0,1,0,1,0,0,0,1,1,0,0,0,0,0,0,False
A0ACI8PIT5,456.0,0,0,0.0,,0.0,0,0,0,0,0,0,0,0,0,0,0,0,0,0,0,0,0,0,0,0,0,0,0,0,False
A0ACI8UGJ8,626.0,2,1,5.0,5.0,0.007987220447284345,1,0,0,0,0,1,0,0,0,0,0,0,1,0,0,0,0,0,0,0,0,0,0,0,False
A0ACI8Q806,498.0,1,7,54.0,7.714285714285714,0.10843373493975904,3+,0,0,0,0,1,0,0,0,1,0,0,1,0,0,0,0,0,0,0,0,0,0,0,False
A0ACI8QTQ5,1388.0,1,10,63.0,6.3,0.045389048991354465,3+,0,0,1,0,1,1,1,0,1,0,0,1,0,0,0,1,0,0,0,0,0,0,0,False
A0ACI8RI26,764.0,1,7,40.0,5.714285714285714,0.05235602094240838,3+,0,1,0,1,1,1,0,0,0,1,0,0,0,0,0,0,0,0,0,0,0,0,0,False
A0ACI8PUZ8,1375.0,1,8,50.0,6.25,0.03636363636363636,3+,1,1,0,1,1,1,0,0,0,0,0,1,0,0,0,1,0,0,0,0,0,0,0,False
A0ACI8PR05,399.0,0,0,0.0,,0.0,0,0,0,0,0,0,0,0,0,0,0,0,0,0,0,0,0,0,0,0,0,0,0,0,False
A0ACI8RSP0,320.0,0,0,0.0,,0.0,0,0,0,0,0,0,0,0,0,0,0,0,0,0,0,0,0,0,0,0,0,0,0,0,False
A0ACI8PX57,378.0,1,8,84.0,10.5,0.2222222222222222,3+,0,1,1,1,0,0,0,0,1,0,0,1,0,0,1,0,0,0,0,0,0,0,0,False
A0ACI8RLL6,729.0,1,4,20.0,5.0,0.027434842249657063,3+,1,0,0,0,1,0,1,0,0,0,0,0,0,0,0,1,0,0,0,0,0,0,0,False
A0ACI8R3H8,616.0,3,2,9.0,4.5,0.01461038961038961,2,0,0,0,1,1,0,1,0,0,0,0,0,0,0,0,0,0,0,0,0,0,0,1,False
A0ACI8QH16,558.0,0,0,0.0,,0.0,0,0,0,0,0,0,0,0,0,0,0,0,0,0,0,0,0,0,0,0,0,0,0,0,False
A0ACI8PT71,1306.0,1,4,16.0,4.0,0.01225114854517611,3+,0,1,0,1,0,1,0,0,0,1,0,0,0,0,0,1,0,0,0,0,0,0,0,False
A0ACI8RWF6,608.0,0,0,0.0,,0.0,0,0,0,0,0,0,0,0,0,0,0,0,0,0,0,0,0,0,0,0,0,0,0,0,False
A0ACI8S5H4,1122.0,1,4,19.0,4.75,0.01693404634581105,3+,0,0,0,0,0,0,0,0,0,0,0,1,0,0,0,1,0,0,0,0,0,0,0,False
A0ACI8QV99,461.0,0,0,0.0,,0.0,0,0,0,0,0,0,0,0,0,0,0,0,0,0,0,0,0,0,0,0,0,0,0,0,False
A0ACI8PVP6,744.0,1,3,15.0,5.0,0.020161290322580645,3+,0,1,0,0,1,1,0,0,0,0,0,1,0,0,0,1,0,0,0,0,0,0,0,False
A0ACI8RTZ8,489.0,0,0,0.0,,0.0,0,0,0,0,0,0,0,0,0,0,0,0,0,0,0,0,0,0,0,0,0,0,0,0,False
A0ACI8Q0B4,287.0,0,0,0.0,,0.0,0,0,0,0,0,0,0,0,0,0,0,0,0,0,0,0,0,0,0,0,0,0,0,0,False
A0ACI8RMB5,1003.0,1,9,49.0,5.444444444444445,0.04885343968095713,3+,0,1,1,1,1,1,1,0,0,1,0,1,0,0,0,0,1,0,0,0,0,0,0,False
A0ACI8Q010,418.0,0,0,0.0,,0.0,0,0,0,0,0,0,0,0,0,0,0,0,0,0,0,0,0,0,0,0,0,0,0,0,False
A0ACI8R7Y8,131.0,0,0,0.0,,0.0,0,0,0,0,0,0,0,0,0,0,0,0,0,0,0,0,0,0,0,0,0,0,0,0,False
A0ACI8QLY8,321.0,1,7,55.0,7.857142857142857,0.17133956386292834,3+,1,1,1,0,1,1,1,0,0,0,0,1,0,0,0,1,0,0,0,0,0,0,0,False
A0ACI8S180,136.0,0,0,0.0,,0.0,0,0,0,0,0,0,0,0,0,0,0,0,0,0,0,0,0,0,0,0,0,0,0,0,False
A0ACI8QBP4,358.0,0,0,0.0,,0.0,0,0,0,0,0,0,0,0,0,0,0,0,0,0,0,0,0,0,0,0,0,0,0,0,False
A0ACI8QA17,371.0,0,0,0.0,,0.0,0,0,0,0,0,0,0,0,0,0,0,0,0,0,0,0,0,0,0,0,0,0,0,0,False
A0ACI8QUJ1,752.0,1,5,31.0,6.2,0.041223404255319146,3+,0,0,1,0,1,0,0,0,1,0,0,1,0,0,0,0,0,0,1,0,0,0,0,False
A0ACI8SAU3,2066.0,1,6,27.0,4.5,0.013068731848983543,3+,0,0,0,0,1,1,0,0,0,1,0,1,0,0,0,0,0,0,0,0,1,0,0,False
A0ACI8QHW6,749.0,3,2,17.0,8.5,0.022696929238985315,2,0,0,0,1,1,1,0,0,0,0,0,1,0,0,0,0,0,0,0,0,0,0,0,False
A0ACI8SBH9,480.0,2,1,4.0,4.0,0.008333333333333333,1,0,0,0,0,1,0,0,0,0,0,0,0,0,0,0,1,0,0,0,0,0,0,0,False
A0ACI8RHW9,182.0,0,0,0.0,,0.0,0,0,0,0,0,0,0,0,0,0,0,0,0,0,0,0,0,0,0,0,0,0,0,0,False
A0ACI8RX58,750.0,1,12,172.0,14.333333333333334,0.22933333333333333,3+,1,0,1,0,1,1,0,0,0,1,0,1,0,0,0,1,0,0,0,1,0,0,0,False
A0ACI8RCQ9,534.0,3,2,24.0,12.0,0.0449438202247191,2,0,0,0,1,0,1,0,0,0,0,0,0,0,0,0,0,0,0,0,0,0,0,0,False
A0ACI8QNN6,701.0,1,3,20.0,6.666666666666667,0.028530670470756064,3+,1,0,0,0,1,0,1,0,0,1,0,1,0,0,0,0,0,0,0,0,0,0,0,False
A0ACI8RR28,918.0,1,3,26.0,8.666666666666666,0.02832244008714597,3+,0,0,0,1,1,1,1,0,0,0,0,0,0,0,0,0,0,0,0,1,0,0,0,False
A0ACI8QU73,864.0,1,9,45.0,5.0,0.052083333333333336,3+,1,1,0,1,1,1,0,0,0,1,0,1,0,0,0,1,0,1,0,0,0,0,0,False
A0ACI8R7A3,356.0,1,3,16.0,5.333333333333333,0.0449438202247191,3+,1,0,0,0,1,0,0,0,0,0,0,1,0,0,0,1,0,0,0,0,0,0,0,False
A0ACI8QY88,715.0,1,10,94.0,9.4,0.13146853146853146,3+,0,0,0,0,1,0,0,0,0,0,0,1,0,0,0,1,0,1,0,0,0,0,0,False
A0ACI8SEY7,629.0,2,1,7.0,7.0,0.011128775834658187,1,0,0,0,0,1,1,0,0,0,0,0,0,0,0,0,0,0,0,0,0,0,0,0,False
A0ACI8S113,1253.0,1,11,57.0,5.181818181818182,0.04549082202713488,3+,0,0,1,0,1,1,1,0,0,0,0,1,0,0,0,0,0,0,0,0,0,0,1,False
A0ACI8S5T8,488.0,1,4,28.0,7.0,0.05737704918032787,3+,0,0,1,0,1,0,0,0,0,0,0,1,0,0,0,1,0,0,0,0,0,0,0,False
A0ACI8SSD0,670.0,0,0,0.0,,0.0,0,0,0,0,0,0,0,0,0,0,0,0,0,0,0,0,0,0,0,0,0,0,0,0,False
A0ACI8SJI5,941.0,0,0,0.0,,0.0,0,0,0,0,0,0,0,0,0,0,0,0,0,0,0,0,0,0,0,0,0,0,0,0,False
A0ACI8SJX5,1048.0,0,0,0.0,,0.0,0,0,0,0,0,0,0,0,0,0,0,0,0,0,0,0,0,0,0,0,0,0,0,0,False
A0ACI8SL57,162.0,0,0,0.0,,0.0,0,0,0,0,0,0,0,0,0,0,0,0,0,0,0,0,0,0,0,0,0,0,0,0,False
A0ACI8SMB7,682.0,0,0,0.0,,0.0,0,0,0,0,0,0,0,0,0,0,0,0,0,0,0,0,0,0,0,0,0,0,0,0,False
A0ACI8SNF6,153.0,0,0,0.0,,0.0,0,0,0,0,0,0,0,0,0,0,0,0,0,0,0,0,0,0,0,0,0,0,0,0,False
A0ACI8SPJ0,2147.0,1,4,24.0,6.0,0.011178388448998603,3+,0,0,1,1,0,1,1,0,0,0,0,0,0,0,0,0,0,0,0,0,0,0,0,False
A0ACI8SQV4,211.0,1,3,16.0,5.333333333333333,0.07582938388625593,3+,1,0,0,0,1,0,1,0,0,0,0,0,0,0,0,1,0,0,0,0,0,0,0,False
A0ACI8SRT4,223.0,0,0,0.0,,0.0,0,0,0,0,0,0,0,0,0,0,0,0,0,0,0,0,0,0,0,0,0,0,0,0,False
A0ACI8SRJ7,322.0,0,0,0.0,,0.0,0,0,0,0,0,0,0,0,0,0,0,0,0,0,0,0,0,0,0,0,0,0,0,0,False
P51814,821.0,0,0,0.0,,0.0,0,0,0,0,0,0,0,0,0,0,0,0,0,0,0,0,0,0,0,0,0,0,0,0,False
A0ACI8SUQ9,100.0,0,0,0.0,,0.0,0,0,0,0,0,0,0,0,0,0,0,0,0,0,0,0,0,0,0,0,0,0,0,0,False
A0ACI8SXP5,451.0,1,10,60.0,6.0,0.13303769401330376,3+,1,0,0,0,1,0,0,0,1,0,0,1,0,0,1,1,0,0,0,0,0,0,0,False
A0ACI8SYT5,674.0,1,8,51.0,6.375,0.07566765578635015,3+,1,1,0,0,1,1,1,0,0,0,0,1,0,0,0,0,0,0,0,0,0,0,1,False
A0ACI8SZ27,721.0,0,0,0.0,,0.0,0,0,0,0,0,0,0,0,0,0,0,0,0,0,0,0,0,0,0,0,0,0,0,0,False
A0ACI8T088,675.0,0,0,0.0,,0.0,0,0,0,0,0,0,0,0,0,0,0,0,0,0,0,0,0,0,0,0,0,0,0,0,False
A0ACI8T0E0,161.0,0,0,0.0,,0.0,0,0,0,0,0,0,0,0,0,0,0,0,0,0,0,0,0,0,0,0,0,0,0,0,False
A0ACI8T1C0,544.0,0,0,0.0,,0.0,0,0,0,0,0,0,0,0,0,0,0,0,0,0,0,0,0,0,0,0,0,0,0,0,False
A0ACI8T471,409.0,0,0,0.0,,0.0,0,0,0,0,0,0,0,0,0,0,0,0,0,0,0,0,0,0,0,0,0,0,0,0,False
A0ACI8T6P5,600.0,3,2,14.0,7.0,0.023333333333333334,2,0,0,1,0,1,0,1,0,0,0,0,1,0,0,0,0,0,0,0,0,0,0,0,False
A0ACI8T823,380.0,1,3,16.0,5.333333333333333,0.042105263157894736,3+,1,0,0,0,1,0,0,0,0,0,0,1,0,0,0,1,0,0,0,0,0,0,0,False
A0ACI8T7F0,1068.0,3,2,8.0,4.0,0.00749063670411985,2,1,0,1,0,0,0,0,0,0,0,0,0,0,0,0,1,0,0,1,0,0,0,0,False
A0ACI8T9E2,234.0,1,3,21.0,7.0,0.08974358974358974,3+,0,0,1,0,1,0,1,0,1,0,0,0,0,0,1,0,0,0,0,0,0,0,0,False
A0ACI8TCF1,435.0,0,0,0.0,,0.0,0,0,0,0,0,0,0,0,0,0,0,0,0,0,0,0,0,0,0,0,0,0,0,0,False
A0ACI8TFG6,1552.0,1,6,29.0,4.833333333333333,0.018685567010309278,3+,1,0,0,1,0,0,0,0,0,1,0,1,0,0,0,0,0,0,0,0,0,0,0,False
A0ACI8TEP7,818.0,0,0,0.0,,0.0,0,0,0,0,0,0,0,0,0,0,0,0,0,0,0,0,0,0,0,0,0,0,0,0,False
A0ACI8TH72,1111.0,0,0,0.0,,0.0,0,0,0,0,0,0,0,0,0,0,0,0,0,0,0,0,0,0,0,0,0,0,0,0,False
A0ACI8TIT4,488.0,0,0,0.0,,0.0,0,0,0,0,0,0,0,0,0,0,0,0,0,0,0,0,0,0,0,0,0,0,0,0,False
A0ACI8TJ61,193.0,0,0,0.0,,0.0,0,0,0,0,0,0,0,0,0,0,0,0,0,0,0,0,0,0,0,0,0,0,0,0,False
A0ACI8TJP2,2207.0,3,2,10.0,5.0,0.004531037607612143,2,0,0,0,1,1,1,0,0,0,0,0,0,0,0,0,0,0,0,0,0,0,0,0,False
A0ACI8TLS0,550.0,2,1,6.0,6.0,0.01090909090909091,1,0,0,0,0,1,1,0,0,0,0,0,0,0,0,0,0,0,0,0,0,0,0,0,False
A0ACI8TLG3,1044.0,2,1,6.0,6.0,0.005747126436781609,1,0,1,0,0,0,0,0,0,0,0,0,1,0,0,0,0,0,0,0,0,0,0,0,False
A0ACI8TLM1,106.0,2,1,9.0,9.0,0.08490566037735849,1,0,0,1,0,0,0,0,0,0,0,0,0,0,0,0,0,0,0,0,0,0,1,0,False
A0ACI8TML7,1201.0,1,6,33.0,5.5,0.027477102414654453,3+,1,1,0,0,1,0,0,0,0,1,0,1,0,0,0,1,0,0,0,0,0,0,0,False
A0ACI8TNP0,654.0,0,0,0.0,,0.0,0,0,0,0,0,0,0,0,0,0,0,0,0,0,0,0,0,0,0,0,0,0,0,0,False
A0ACI8TN08,998.0,0,0,0.0,,0.0,0,0,0,0,0,0,0,0,0,0,0,0,0,0,0,0,0,0,0,0,0,0,0,0,False
A0ACI8TMU3,1055.0,3,2,30.0,15.0,0.02843601895734597,2,0,0,0,0,1,0,0,0,1,0,0,1,0,0,0,0,0,0,0,0,0,0,0,False
A0ACI8TNW3,757.0,0,0,0.0,,0.0,0,0,0,0,0,0,0,0,0,0,0,0,0,0,0,0,0,0,0,0,0,0,0,0,False
A0ACI8TQP9,2591.0,1,8,43.0,5.375,0.01659590891547665,3+,1,0,1,0,1,1,0,0,0,1,0,1,0,0,1,1,0,0,0,0,0,0,0,False
A0ACI8TQS2,3008.0,1,26,180.0,6.923076923076923,0.0598404255319149,3+,0,1,1,1,1,1,1,0,0,1,0,1,1,0,1,1,0,1,0,0,0,0,0,False
A0ACI8TSN5,252.0,0,0,0.0,,0.0,0,0,0,0,0,0,0,0,0,0,0,0,0,0,0,0,0,0,0,0,0,0,0,0,False
A0ACI8TS68,376.0,0,0,0.0,,0.0,0,0,0,0,0,0,0,0,0,0,0,0,0,0,0,0,0,0,0,0,0,0,0,0,False
A0ACI8TS18,1048.0,1,11,65.0,5.909090909090909,0.06202290076335878,3+,0,1,1,0,1,1,1,0,0,1,0,1,0,0,0,0,1,0,0,0,0,0,0,False
A0ACI8TUA9,638.0,1,10,113.0,11.3,0.17711598746081506,3+,0,1,1,1,1,1,0,0,0,1,0,1,0,0,0,0,0,0,0,1,0,0,0,False
A0ACI8TSY6,1461.0,1,5,26.0,5.2,0.01779603011635866,3+,0,0,1,1,0,0,0,0,0,0,0,1,0,0,0,0,0,1,0,0,0,0,0,False
A0ACI8TTG6,937.0,0,0,0.0,,0.0,0,0,0,0,0,0,0,0,0,0,0,0,0,0,0,0,0,0,0,0,0,0,0,0,False
A0ACI8TUB7,259.0,1,4,17.0,4.25,0.06563706563706563,3+,0,0,0,0,0,1,0,0,0,0,0,1,0,0,0,0,0,0,0,0,0,0,0,False
A0ACI8TXE9,1448.0,1,7,42.0,6.0,0.029005524861878452,3+,1,0,0,1,1,1,0,0,0,1,0,1,0,0,0,1,0,0,0,0,0,0,0,False
A0ACI8TWM6,905.0,1,9,41.0,4.555555555555555,0.045303867403314914,3+,0,1,1,1,1,1,1,0,0,1,0,1,0,0,0,1,0,0,0,0,0,0,0,False
A0ACI8TZ93,399.0,0,0,0.0,,0.0,0,0,0,0,0,0,0,0,0,0,0,0,0,0,0,0,0,0,0,0,0,0,0,0,False
A0ACI8TZD7,856.0,0,0,0.0,,0.0,0,0,0,0,0,0,0,0,0,0,0,0,0,0,0,0,0,0,0,0,0,0,0,0,False
A0ACI8TZE9,712.0,0,0,0.0,,0.0,0,0,0,0,0,0,0,0,0,0,0,0,0,0,0,0,0,0,0,0,0,0,0,0,False
A0ACI8U1B9,902.0,1,11,99.0,9.0,0.10975609756097561,3+,0,1,1,1,1,0,0,0,1,1,0,1,0,0,1,1,0,0,0,1,0,0,0,False
A0ACI8U399,786.0,1,6,35.0,5.833333333333333,0.044529262086514,3+,0,0,1,0,1,1,1,0,0,1,0,0,0,0,0,0,0,0,0,0,0,0,0,False
A0ACI8U6C5,1066.0,1,5,41.0,8.2,0.038461538461538464,3+,0,0,1,1,1,1,0,0,0,1,0,1,0,0,0,1,0,0,0,0,0,0,0,False
A0ACI8U804,2104.0,1,6,34.0,5.666666666666667,0.016159695817490494,3+,0,0,0,0,1,0,1,0,0,1,0,1,0,0,0,1,0,0,0,0,0,0,0,False
A0ACI8U7J9,978.0,3,2,10.0,5.0,0.010224948875255624,2,0,0,0,0,0,0,0,0,0,0,0,1,0,0,0,0,0,1,0,0,0,0,0,False
A0ACI8UB86,209.0,1,4,17.0,4.25,0.08133971291866028,3+,0,1,1,0,0,1,1,0,0,1,0,1,0,0,0,0,0,0,0,0,0,0,0,False
A0ACI8UBI1,253.0,0,0,0.0,,0.0,0,0,0,0,0,0,0,0,0,0,0,0,0,0,0,0,0,0,0,0,0,0,0,0,False
A0ACI8UDX5,454.0,0,0,0.0,,0.0,0,0,0,0,0,0,0,0,0,0,0,0,0,0,0,0,0,0,0,0,0,0,0,0,False
A0ACI8UEC4,719.0,0,0,0.0,,0.0,0,0,0,0,0,0,0,0,0,0,0,0,0,0,0,0,0,0,0,0,0,0,0,0,False
A0ACI8UES1,422.0,1,3,24.0,8.0,0.05687203791469194,3+,0,0,1,1,0,0,0,0,1,0,0,0,0,0,1,0,0,0,0,0,0,0,0,False
A0ACI8UJW4,514.0,0,0,0.0,,0.0,0,0,0,0,0,0,0,0,0,0,0,0,0,0,0,0,0,0,0,0,0,0,0,0,False
A0ACI8UNX3,1077.0,1,8,62.0,7.75,0.057567316620241414,3+,1,0,1,1,1,1,1,0,0,1,0,1,0,0,0,1,0,0,0,0,0,0,0,False
A0ACI8UQC4,506.0,0,0,0.0,,0.0,0,0,0,0,0,0,0,0,0,0,0,0,0,0,0,0,0,0,0,0,0,0,0,0,False
A0ACI8UMC2,837.0,2,1,8.0,8.0,0.009557945041816009,1,0,0,0,0,0,1,0,0,0,0,0,0,0,0,0,0,0,0,0,0,0,0,0,False
A0ACI8USR5,685.0,0,0,0.0,,0.0,0,0,0,0,0,0,0,0,0,0,0,0,0,0,0,0,0,0,0,0,0,0,0,0,False
A0ACI8USX5,720.0,0,0,0.0,,0.0,0,0,0,0,0,0,0,0,0,0,0,0,0,0,0,0,0,0,0,0,0,0,0,0,False
A0ACI8UTL7,402.0,1,11,83.0,7.545454545454546,0.2064676616915423,3+,1,1,1,1,1,1,1,0,0,0,0,1,0,0,1,0,0,0,0,0,0,0,1,False
A0ACI8V0W0,822.0,2,1,6.0,6.0,0.0072992700729927005,1,0,1,0,0,0,0,1,0,0,0,0,0,0,0,0,0,0,0,0,0,0,0,0,False
A0ACI8UZB3,1252.0,1,4,40.0,10.0,0.03194888178913738,3+,0,0,1,0,1,0,1,0,0,0,0,0,0,0,0,0,0,0,0,0,0,1,0,False
A0ACI8V5N8,552.0,0,0,0.0,,0.0,0,0,0,0,0,0,0,0,0,0,0,0,0,0,0,0,0,0,0,0,0,0,0,0,False
A0ACI8V583,621.0,1,11,65.0,5.909090909090909,0.10466988727858294,3+,0,0,1,0,1,1,0,0,1,1,0,1,0,0,0,0,0,0,0,0,0,0,1,False
A0ACI8VA32,1280.0,1,5,28.0,5.6,0.021875,3+,1,0,1,0,1,1,1,0,0,0,0,0,0,0,0,1,0,0,0,0,0,0,0,False
A0ACI8V6J3,1329.0,1,6,27.0,4.5,0.020316027088036117,3+,1,0,1,0,1,0,0,0,0,0,0,1,0,0,0,1,0,0,0,0,0,0,0,False
A0ACI8V831,462.0,0,0,0.0,,0.0,0,0,0,0,0,0,0,0,0,0,0,0,0,0,0,0,0,0,0,0,0,0,0,0,False
A0ACI8VCM9,1180.0,1,13,90.0,6.923076923076923,0.07627118644067797,3+,0,0,1,1,1,1,1,0,0,1,0,1,0,0,1,0,0,0,0,0,0,0,0,False
A0ACI8VFS1,923.0,1,4,18.0,4.5,0.01950162513542795,3+,0,0,0,0,1,1,0,0,0,0,0,1,0,0,0,0,0,0,1,0,0,0,0,False
A0ACI8VAV8,1149.0,1,3,18.0,6.0,0.015665796344647518,3+,0,1,0,0,1,0,0,0,0,0,0,1,0,0,0,1,0,0,0,0,1,0,0,False
A0ACI8VGW3,659.0,0,0,0.0,,0.0,0,0,0,0,0,0,0,0,0,0,0,0,0,0,0,0,0,0,0,0,0,0,0,0,False
A0ACI8VCL2,816.0,0,0,0.0,,0.0,0,0,0,0,0,0,0,0,0,0,0,0,0,0,0,0,0,0,0,0,0,0,0,0,False
A0ACI8VD15,1437.0,1,5,26.0,5.2,0.018093249826026444,3+,0,0,1,1,1,1,0,0,0,1,0,0,0,0,0,0,0,0,0,0,0,0,0,False
A0ACI8VQD2,1043.0,1,7,56.0,8.0,0.053691275167785234,3+,1,0,0,1,0,1,0,0,0,1,0,0,0,0,0,0,0,0,0,0,0,0,0,False
A0ACI8VSD4,674.0,3,2,15.0,7.5,0.02225519287833828,2,0,0,0,1,0,0,0,0,0,0,0,1,0,0,0,0,0,0,0,0,0,0,0,False
A0A087WZ13,739.0,1,9,69.0,7.666666666666667,0.09336941813261164,3+,0,0,1,0,1,0,0,0,0,0,0,1,0,0,1,1,0,0,0,0,0,0,0,False
A0ACI8PHD2,261.0,1,5,48.0,9.6,0.1839080459770115,3+,0,0,1,0,1,0,0,0,1,0,0,1,0,0,0,0,0,0,0,1,0,0,0,False
A2A288,527.0,0,0,0.0,,0.0,0,0,0,0,0,0,0,0,0,0,0,0,0,0,0,0,0,0,0,0,0,0,0,0,False
A6NC42,116.0,0,0,0.0,,0.0,0,0,0,0,0,0,0,0,0,0,0,0,0,0,0,0,0,0,0,0,0,0,0,0,False
A6NEQ0,496.0,1,3,18.0,6.0,0.036290322580645164,3+,0,0,0,1,1,0,1,0,0,0,0,0,0,0,1,0,0,0,0,0,0,0,0,False
A6NFN3,312.0,1,5,25.0,5.0,0.08012820512820513,3+,1,0,0,0,1,0,1,0,0,0,0,1,0,0,0,0,0,0,0,0,0,0,0,False
A6NJ78,407.0,0,0,0.0,,0.0,0,0,0,0,0,0,0,0,0,0,0,0,0,0,0,0,0,0,0,0,0,0,0,0,False
A6NMK7,179.0,0,0,0.0,,0.0,0,0,0,0,0,0,0,0,0,0,0,0,0,0,0,0,0,0,0,0,0,0,0,0,False
A6PVI3,153.0,0,0,0.0,,0.0,0,0,0,0,0,0,0,0,0,0,0,0,0,0,0,0,0,0,0,0,0,0,0,0,False
O15056,1496.0,1,3,23.0,7.666666666666667,0.01537433155080214,3+,0,1,0,0,1,1,0,0,0,0,0,1,0,0,0,0,0,0,0,0,0,0,0,False
O15504,423.0,1,7,44.0,6.285714285714286,0.10401891252955082,3+,0,0,0,0,0,0,0,0,1,0,0,1,0,0,1,1,0,0,0,0,0,0,0,False
O43251,390.0,1,4,30.0,7.5,0.07692307692307693,3+,1,1,0,0,1,0,1,0,0,0,0,1,0,0,0,0,0,0,0,0,0,0,0,False
O43395,683.0,1,5,27.0,5.4,0.03953147877013177,3+,1,1,1,1,1,1,0,0,0,1,0,0,0,0,1,1,0,0,0,0,0,0,0,False
O43426,1573.0,1,8,48.0,6.0,0.030514939605848695,3+,0,1,1,0,1,1,0,0,0,0,0,1,0,0,0,0,0,0,0,0,1,0,0,False
O43709,281.0,0,0,0.0,,0.0,0,0,0,0,0,0,0,0,0,0,0,0,0,0,0,0,0,0,0,0,0,0,0,0,False
O60318,1980.0,1,12,59.0,4.916666666666667,0.0297979797979798,3+,0,0,0,0,0,1,1,0,1,1,0,1,0,0,0,1,0,0,0,0,1,0,0,False
O60603,784.0,1,4,20.0,5.0,0.025510204081632654,3+,0,0,0,0,0,1,0,0,0,0,0,0,0,0,0,1,0,0,0,0,0,0,1,False
O75152,810.0,1,7,47.0,6.714285714285714,0.05802469135802469,3+,0,0,0,0,0,1,0,0,0,1,0,1,0,0,0,1,0,0,0,0,0,0,0,False
O75494,262.0,1,5,43.0,8.6,0.16412213740458015,3+,0,0,1,0,1,0,1,0,0,0,0,0,0,0,0,0,0,0,0,0,0,1,0,False
O75525,346.0,1,4,19.0,4.75,0.05491329479768786,3+,0,0,0,0,0,1,1,0,0,0,0,1,0,0,0,0,0,0,0,0,0,0,0,False
O75821,320.0,0,0,0.0,,0.0,0,0,0,0,0,0,0,0,0,0,0,0,0,0,0,0,0,0,0,0,0,0,0,0,False
O94886,807.0,1,3,16.0,5.333333333333333,0.01982651796778191,3+,0,0,0,0,0,0,0,0,0,0,0,1,0,0,0,1,0,0,0,0,0,0,0,False
O95163,1332.0,0,0,0.0,,0.0,0,0,0,0,0,0,0,0,0,0,0,0,0,0,0,0,0,0,0,0,0,0,0,0,False
O95319,508.0,1,8,52.0,6.5,0.10236220472440945,3+,0,0,0,1,0,0,0,0,0,0,0,1,1,0,0,0,0,0,0,0,1,0,0,False
O95396,460.0,0,0,0.0,,0.0,0,0,0,0,0,0,0,0,0,0,0,0,0,0,0,0,0,0,0,0,0,0,0,0,False
O95639,269.0,0,0,0.0,,0.0,0,0,0,0,0,0,0,0,0,0,0,0,0,0,0,0,0,0,0,0,0,0,0,0,False
O95758,552.0,0,0,0.0,,0.0,0,0,0,0,0,0,0,0,0,0,0,0,0,0,0,0,0,0,0,0,0,0,0,0,False
O95777,96.0,0,0,0.0,,0.0,0,0,0,0,0,0,0,0,0,0,0,0,0,0,0,0,0,0,0,0,0,0,0,0,False
O95900,331.0,0,0,0.0,,0.0,0,0,0,0,0,0,0,0,0,0,0,0,0,0,0,0,0,0,0,0,0,0,0,0,False
O95989,172.0,0,0,0.0,,0.0,0,0,0,0,0,0,0,0,0,0,0,0,0,0,0,0,0,0,0,0,0,0,0,0,False
P07910,306.0,1,5,32.0,6.4,0.10457516339869281,3+,0,0,0,0,1,1,0,0,0,0,0,1,0,0,0,0,0,0,0,0,0,0,0,False
P09651,372.0,1,8,84.0,10.5,0.22580645161290322,3+,0,1,1,1,0,0,0,0,1,0,0,1,0,0,1,0,0,0,0,0,0,0,0,False
P0DJD3,496.0,1,3,18.0,6.0,0.036290322580645164,3+,0,0,0,1,1,0,1,0,0,0,0,0,0,0,1,0,0,0,0,0,0,0,0,False
P10155,538.0,2,1,5.0,5.0,0.00929368029739777,1,1,0,0,0,0,0,0,0,0,0,0,0,0,0,0,1,0,0,0,0,0,0,0,False
P11940,636.0,1,3,19.0,6.333333333333333,0.029874213836477988,3+,0,0,0,1,0,0,0,0,0,0,0,1,0,0,0,1,0,0,0,0,0,0,0,False
P18615,380.0,1,6,71.0,11.833333333333334,0.1868421052631579,3+,0,0,1,0,1,1,1,0,0,1,0,0,0,0,0,0,0,0,0,0,0,0,1,False
P22087,321.0,1,3,62.0,20.666666666666668,0.19314641744548286,3+,0,0,1,0,1,0,0,0,1,0,0,0,0,0,0,0,0,0,0,1,0,0,0,False
P23396,243.0,0,0,0.0,,0.0,0,0,0,0,0,0,0,0,0,0,0,0,0,0,0,0,0,0,0,0,0,0,0,0,False
P23588,611.0,1,11,65.0,5.909090909090909,0.10638297872340426,3+,0,0,1,0,1,1,0,0,1,1,0,1,0,0,0,0,0,0,0,0,0,0,1,False
P26651,326.0,1,6,28.0,4.666666666666667,0.08588957055214724,3+,0,0,1,0,1,0,0,0,0,0,0,1,0,0,1,0,0,1,0,0,0,0,0,False
P29558,406.0,2,1,5.0,5.0,0.012315270935960592,1,0,0,1,0,0,0,0,0,0,0,0,1,0,0,0,0,0,0,0,0,0,0,0,False
P31483,386.0,0,0,0.0,,0.0,0,0,0,0,0,0,0,0,0,0,0,0,0,0,0,0,0,0,0,0,0,0,0,0,False
P31941,199.0,0,0,0.0,,0.0,0,0,0,0,0,0,0,0,0,0,0,0,0,0,0,0,0,0,0,0,0,0,0,0,False
P33240,577.0,2,1,5.0,5.0,0.008665511265164644,1,0,0,0,0,1,0,0,0,0,0,0,1,0,0,0,0,0,0,0,0,0,0,0,False
P35637,526.0,1,16,187.0,11.6875,0.35551330798479086,3+,0,0,1,1,1,0,1,0,1,0,0,1,0,0,1,0,0,0,0,1,0,0,0,False
P38159,391.0,1,11,83.0,7.545454545454546,0.21227621483375958,3+,1,1,1,1,1,1,1,0,0,0,0,1,0,0,1,0,0,0,0,0,0,0,1,False
P42694,1942.0,1,12,58.0,4.833333333333333,0.029866117404737384,3+,0,0,1,1,1,0,0,1,0,0,0,1,0,0,0,1,0,1,1,0,0,0,0,False
P43243,847.0,1,6,32.0,5.333333333333333,0.03778040141676505,3+,0,0,0,0,0,1,0,0,0,1,0,1,0,1,0,1,0,0,0,0,0,0,0,False
P51114,621.0,1,5,46.0,9.2,0.07407407407407407,3+,0,1,1,0,1,0,1,0,0,0,0,1,0,0,0,0,0,0,0,1,0,0,0,False
P52824,942.0,1,4,21.0,5.25,0.022292993630573247,3+,0,0,0,0,0,0,0,1,0,0,0,1,0,0,0,1,0,0,0,0,0,0,0,False
P55769,128.0,0,0,0.0,,0.0,0,0,0,0,0,0,0,0,0,0,0,0,0,0,0,0,0,0,0,0,0,0,0,0,False
P62306,86.0,2,1,5.0,5.0,0.05813953488372093,1,0,0,1,0,0,1,0,0,0,0,0,0,0,0,0,0,0,0,0,0,0,0,0,False
P63162,240.0,1,6,29.0,4.833333333333333,0.12083333333333333,3+,0,0,1,0,1,0,0,0,0,0,0,1,0,0,0,0,0,0,0,0,0,0,0,False
P78563,741.0,1,4,19.0,4.75,0.02564102564102564,3+,0,0,1,1,1,0,0,0,1,0,0,1,0,0,0,0,0,0,0,0,0,0,0,False
P84103,164.0,3,2,33.0,16.5,0.20121951219512196,2,0,0,1,0,1,0,0,0,0,0,0,0,0,0,0,0,0,0,0,0,0,1,0,False
Q01130,221.0,1,4,85.0,21.25,0.38461538461538464,3+,0,0,1,0,1,0,1,0,0,0,0,0,0,0,0,0,0,0,0,0,0,1,0,False
Q01844,656.0,1,15,178.0,11.866666666666667,0.27134146341463417,3+,0,0,1,1,1,0,1,0,1,0,0,1,0,0,1,0,0,0,0,1,0,0,0,False
Q05519,484.0,1,13,127.0,9.76923076923077,0.26239669421487605,3+,0,0,1,0,1,0,1,0,0,1,0,1,0,0,0,1,0,0,0,0,0,1,1,False
Q07352,338.0,3,2,13.0,6.5,0.038461538461538464,2,0,0,1,0,1,0,0,0,0,0,0,1,0,0,0,0,0,0,0,0,0,0,0,False
Q08117,197.0,0,0,0.0,,0.0,0,0,0,0,0,0,0,0,0,0,0,0,0,0,0,0,0,0,0,0,0,0,0,0,False
Q13117,558.0,2,1,5.0,5.0,0.008960573476702509,1,0,0,1,0,0,0,0,0,0,0,0,1,0,0,0,0,0,0,0,0,0,0,0,False
Q14011,172.0,1,5,27.0,5.4,0.1569767441860465,3+,1,0,1,0,1,0,0,0,1,0,0,0,0,0,1,1,0,0,0,1,0,0,0,False
Q14206,197.0,0,0,0.0,,0.0,0,0,0,0,0,0,0,0,0,0,0,0,0,0,0,0,0,0,0,0,0,0,0,0,False
Q14493,270.0,0,0,0.0,,0.0,0,0,0,0,0,0,0,0,0,0,0,0,0,0,0,0,0,0,0,0,0,0,0,0,False
Q14657,143.0,0,0,0.0,,0.0,0,0,0,0,0,0,0,0,0,0,0,0,0,0,0,0,0,0,0,0,0,0,0,0,False
Q14671,1186.0,1,17,131.0,7.705882352941177,0.11045531197301856,3+,0,1,1,0,1,0,0,0,0,0,0,1,0,0,1,1,0,1,0,0,1,0,0,False
Q15007,396.0,1,3,13.0,4.333333333333333,0.03282828282828283,3+,0,0,0,0,0,0,0,0,0,0,0,1,0,0,0,0,0,0,0,0,0,0,0,False
Q15020,963.0,1,4,28.0,7.0,0.029075804776739357,3+,0,1,1,1,0,1,1,0,0,0,0,1,0,0,0,0,0,0,0,0,0,0,0,False
Q15056,248.0,3,2,14.0,7.0,0.056451612903225805,2,0,0,1,0,0,1,0,0,1,0,0,0,0,0,0,0,0,0,0,0,0,0,0,False
Q15459,793.0,1,12,83.0,6.916666666666667,0.10466582597730138,3+,1,0,1,1,1,1,0,0,0,0,0,1,0,0,0,0,0,0,1,0,0,0,0,False
Q16587,644.0,3,2,13.0,6.5,0.020186335403726708,2,0,0,1,0,1,1,0,0,1,0,0,0,0,0,0,0,0,0,0,0,0,0,0,False
Q16629,238.0,1,6,67.0,11.166666666666666,0.2815126050420168,3+,0,0,1,0,1,0,1,0,0,0,0,0,0,0,0,0,0,0,0,0,0,1,0,False
Q460N5,1801.0,1,3,14.0,4.666666666666667,0.007773459189339256,3+,0,0,0,0,1,0,0,0,0,1,0,0,0,0,0,1,0,0,0,0,1,0,0,False
Q53GL7,1025.0,1,6,28.0,4.666666666666667,0.027317073170731707,3+,0,0,0,0,1,1,0,0,0,0,0,0,0,0,0,1,0,0,0,0,0,0,0,False
Q5HYM0,836.0,0,0,0.0,,0.0,0,0,0,0,0,0,0,0,0,0,0,0,0,0,0,0,0,0,0,0,0,0,0,0,False
Q5JQF8,200.0,0,0,0.0,,0.0,0,0,0,0,0,0,0,0,0,0,0,0,0,0,0,0,0,0,0,0,0,0,0,0,False
Q5VUG0,894.0,1,9,45.0,5.0,0.050335570469798654,3+,0,0,0,0,0,1,1,0,0,0,0,0,0,0,0,1,0,0,0,0,0,0,0,False
Q5VV42,579.0,0,0,0.0,,0.0,0,0,0,0,0,0,0,0,0,0,0,0,0,0,0,0,0,0,0,0,0,0,0,0,False
Q5VV67,1664.0,1,16,151.0,9.4375,0.0907451923076923,3+,0,0,1,0,1,1,1,0,0,0,0,1,0,0,0,0,0,0,1,0,0,1,0,False
Q659C4,914.0,1,3,26.0,8.666666666666666,0.028446389496717725,3+,0,0,0,1,1,1,1,0,0,0,0,0,0,0,0,0,0,0,0,1,0,0,0,False
Q69YN4,1812.0,1,19,150.0,7.894736842105263,0.08278145695364239,3+,0,0,0,0,0,1,1,0,0,1,0,1,0,0,1,1,0,0,1,1,0,0,0,False
Q6IN84,353.0,0,0,0.0,,0.0,0,0,0,0,0,0,0,0,0,0,0,0,0,0,0,0,0,0,0,0,0,0,0,0,False
Q6P087,351.0,2,1,10.0,10.0,0.02849002849002849,1,0,0,0,0,1,0,0,0,0,0,0,0,0,0,0,1,0,0,0,0,0,0,0,False
Q6PJT7,736.0,1,4,20.0,5.0,0.02717391304347826,3+,0,0,0,1,1,1,0,0,0,0,0,1,0,0,0,0,0,0,0,0,0,0,0,False
Q6XE24,437.0,1,3,19.0,6.333333333333333,0.043478260869565216,3+,0,0,1,0,1,0,0,0,0,0,0,1,0,0,0,0,0,0,0,0,0,0,0,False
Q7Z2E3,356.0,0,0,0.0,,0.0,0,0,0,0,0,0,0,0,0,0,0,0,0,0,0,0,0,0,0,0,0,0,0,0,False
Q7Z2W4,902.0,3,2,12.0,6.0,0.013303769401330377,2,0,0,0,0,1,0,1,0,0,0,0,1,0,0,0,0,0,0,0,0,0,0,0,False
Q7Z3E1,657.0,0,0,0.0,,0.0,0,0,0,0,0,0,0,0,0,0,0,0,0,0,0,0,0,0,0,0,0,0,0,0,False
Q7Z739,585.0,1,8,51.0,6.375,0.08717948717948718,3+,0,0,1,0,1,1,0,0,1,0,0,1,0,0,0,0,0,1,0,0,0,0,0,False
Q86SG3,579.0,3,2,10.0,5.0,0.017271157167530225,2,0,0,1,1,0,0,0,0,0,0,0,1,0,0,0,0,0,0,0,0,0,0,0,False
Q86VM9,953.0,1,20,240.0,12.0,0.2518363064008394,3+,0,0,1,0,1,1,1,0,0,1,0,1,0,0,1,0,0,0,0,0,0,1,0,False
Q86W50,562.0,0,0,0.0,,0.0,0,0,0,0,0,0,0,0,0,0,0,0,0,0,0,0,0,0,0,0,0,0,0,0,False
Q8IX01,1082.0,1,3,15.0,5.0,0.013863216266173753,3+,0,0,0,1,1,1,0,0,0,1,0,0,0,0,0,1,0,0,0,0,0,0,0,False
Q8IX12,1150.0,1,22,173.0,7.863636363636363,0.15043478260869564,3+,0,0,1,1,1,1,1,0,0,1,0,1,0,0,0,0,0,1,0,0,1,0,1,False
Q8IXM6,262.0,1,4,22.0,5.5,0.08396946564885496,3+,0,0,0,0,0,0,0,0,0,0,0,0,0,0,0,1,0,0,0,0,0,0,0,False
Q8IYB3,904.0,1,32,350.0,10.9375,0.38716814159292035,3+,0,0,1,0,1,1,1,0,0,1,0,1,0,0,0,0,0,1,0,0,0,1,1,False
Q8IZD0,417.0,1,3,15.0,5.0,0.03597122302158273,3+,0,0,0,0,0,0,0,0,1,0,0,1,0,0,0,0,0,0,0,0,0,0,0,False
Q8N1G2,835.0,0,0,0.0,,0.0,0,0,0,0,0,0,0,0,0,0,0,0,0,0,0,0,0,0,0,0,0,0,0,0,False
Q8N2M8,674.0,1,19,195.0,10.263157894736842,0.2893175074183976,3+,0,0,1,0,1,1,1,0,0,1,0,1,0,0,0,0,0,1,0,0,0,1,0,False
Q8N3J2,472.0,0,0,0.0,,0.0,0,0,0,0,0,0,0,0,0,0,0,0,0,0,0,0,0,0,0,0,0,0,0,0,False
Q8N5C7,304.0,0,0,0.0,,0.0,0,0,0,0,0,0,0,0,0,0,0,0,0,0,0,0,0,0,0,0,0,0,0,0,False
Q8N684,471.0,1,5,48.0,9.6,0.10191082802547771,3+,0,0,1,0,1,1,0,0,0,0,0,1,0,0,0,0,0,0,0,0,0,1,0,False
Q8N9W6,283.0,0,0,0.0,,0.0,0,0,0,0,0,0,0,0,0,0,0,0,0,0,0,0,0,0,0,0,0,0,0,0,False
Q8TB72,1066.0,1,18,132.0,7.333333333333333,0.12382739212007504,3+,0,1,1,0,1,1,0,0,1,0,0,1,0,0,1,1,0,0,0,0,0,0,0,False
Q8TBZ6,339.0,3,2,11.0,5.5,0.032448377581120944,2,0,0,0,0,0,1,1,0,0,0,0,0,0,0,0,0,0,0,0,0,0,0,0,False
Q8TC92,643.0,1,4,24.0,6.0,0.03732503888024884,3+,0,0,1,0,1,0,0,0,0,0,0,1,0,0,0,0,1,0,0,0,0,0,0,False
Q8TCB7,284.0,0,0,0.0,,0.0,0,0,0,0,0,0,0,0,0,0,0,0,0,0,0,0,0,0,0,0,0,0,0,0,False
Q8WXF1,523.0,1,11,69.0,6.2727272727272725,0.13193116634799235,3+,1,0,1,0,1,1,0,0,0,0,0,1,0,0,0,1,1,0,0,0,0,0,0,False
Q96AE4,644.0,1,12,88.0,7.333333333333333,0.13664596273291926,3+,0,1,0,1,1,0,0,0,1,0,0,1,0,0,0,0,0,0,0,1,0,0,0,False
Q96AK3,386.0,0,0,0.0,,0.0,0,0,0,0,0,0,0,0,0,0,0,0,0,0,0,0,0,0,0,0,0,0,0,0,False
Q96DH6,328.0,1,3,16.0,5.333333333333333,0.04878048780487805,3+,1,0,0,0,1,0,0,0,0,0,0,1,0,0,0,1,0,0,0,0,0,0,0,False
Q96EV2,1170.0,1,23,169.0,7.3478260869565215,0.14444444444444443,3+,0,0,0,0,0,1,1,0,1,0,0,1,0,0,0,0,0,1,0,0,0,0,0,False
Q96EY9,367.0,0,0,0.0,,0.0,0,0,0,0,0,0,0,0,0,0,0,0,0,0,0,0,0,0,0,0,0,0,0,0,False
Q96FX7,289.0,0,0,0.0,,0.0,0,0,0,0,0,0,0,0,0,0,0,0,0,0,0,0,0,0,0,0,0,0,0,0,False
Q96JM7,780.0,0,0,0.0,,0.0,0,0,0,0,0,0,0,0,0,0,0,0,0,0,0,0,0,0,0,0,0,0,0,0,False
Q96MU7,727.0,1,8,87.0,10.875,0.11966987620357634,3+,0,0,0,0,1,1,1,0,0,0,0,1,0,0,1,0,1,0,0,0,0,0,0,False
Q96N46,770.0,1,9,59.0,6.555555555555555,0.07662337662337662,3+,0,0,0,0,0,1,0,0,0,1,0,1,0,0,0,0,0,0,0,0,1,1,0,False
Q96PZ0,661.0,3,2,13.0,6.5,0.019667170953101363,2,0,0,0,0,1,1,0,0,0,0,0,0,0,0,0,0,0,0,0,0,0,0,0,False
Q96Q83,286.0,0,0,0.0,,0.0,0,0,0,0,0,0,0,0,0,0,0,0,0,0,0,0,0,0,0,0,0,0,0,0,False
Q96S44,253.0,3,2,14.0,7.0,0.05533596837944664,2,1,0,1,0,0,1,1,0,0,0,0,0,0,0,0,0,0,0,0,0,0,0,0,False
Q99714,261.0,0,0,0.0,,0.0,0,0,0,0,0,0,0,0,0,0,0,0,0,0,0,0,0,0,0,0,0,0,0,0,False
Q99973,2627.0,1,10,55.0,5.5,0.020936429387133613,3+,1,0,1,0,1,1,1,0,1,0,0,1,0,0,0,1,0,0,0,0,1,0,0,False
Q9BQG2,462.0,0,0,0.0,,0.0,0,0,0,0,0,0,0,0,0,0,0,0,0,0,0,0,0,0,0,0,0,0,0,0,False
Q9BRA0,125.0,0,0,0.0,,0.0,0,0,0,0,0,0,0,0,0,0,0,0,0,0,0,0,0,0,0,0,0,0,0,0,False
Q9BU70,441.0,0,0,0.0,,0.0,0,0,0,0,0,0,0,0,0,0,0,0,0,0,0,0,0,0,0,0,0,0,0,0,False
Q9BXP5,876.0,1,14,88.0,6.285714285714286,0.1004566210045662,3+,1,0,0,0,1,1,1,0,0,1,0,1,0,0,0,0,0,0,0,0,0,0,0,False
Q9BXR0,403.0,0,0,0.0,,0.0,0,0,0,0,0,0,0,0,0,0,0,0,0,0,0,0,0,0,0,0,0,0,0,0,False
Q9BXT6,1211.0,0,0,0.0,,0.0,0,0,0,0,0,0,0,0,0,0,0,0,0,0,0,0,0,0,0,0,0,0,0,0,False
Q9BXV9,100.0,0,0,0.0,,0.0,0,0,0,0,0,0,0,0,0,0,0,0,0,0,0,0,0,0,0,0,0,0,0,0,False
Q9BYJ9,559.0,1,6,32.0,5.333333333333333,0.057245080500894455,3+,0,0,1,0,1,1,0,0,0,0,0,1,0,0,1,1,0,0,0,0,0,0,0,False
Q9BZB8,566.0,0,0,0.0,,0.0,0,0,0,0,0,0,0,0,0,0,0,0,0,0,0,0,0,0,0,0,0,0,0,0,False
Q9C0B0,810.0,1,5,37.0,7.4,0.04567901234567901,3+,0,0,1,0,1,0,1,0,0,0,0,1,0,0,1,0,0,1,0,0,0,0,0,False
Q9GZX7,198.0,0,0,0.0,,0.0,0,0,0,0,0,0,0,0,0,0,0,0,0,0,0,0,0,0,0,0,0,0,0,0,False
Q9H0K6,701.0,0,0,0.0,,0.0,0,0,0,0,0,0,0,0,0,0,0,0,0,0,0,0,0,0,0,0,0,0,0,0,False
Q9H1K1,167.0,0,0,0.0,,0.0,0,0,0,0,0,0,0,0,0,0,0,0,0,0,0,0,0,0,0,0,0,0,0,0,False
Q9H4Z3,704.0,2,1,10.0,10.0,0.014204545454545454,1,0,0,0,0,0,0,0,0,0,0,0,0,0,0,1,0,0,0,0,0,0,0,0,False
Q9H5U6,513.0,0,0,0.0,,0.0,0,0,0,0,0,0,0,0,0,0,0,0,0,0,0,0,0,0,0,0,0,0,0,0,False
Q9H6E5,874.0,1,6,39.0,6.5,0.04462242562929062,3+,0,1,1,1,1,1,1,0,0,0,0,0,0,0,0,1,0,0,1,0,0,0,0,False
Q9H825,291.0,0,0,0.0,,0.0,0,0,0,0,0,0,0,0,0,0,0,0,0,0,0,0,0,0,0,0,0,0,0,0,False
Q9H9T3,547.0,0,0,0.0,,0.0,0,0,0,0,0,0,0,0,0,0,0,0,0,0,0,0,0,0,0,0,0,0,0,0,False
Q9HCJ0,1936.0,1,24,160.0,6.666666666666667,0.08264462809917356,3+,1,1,1,1,1,0,0,0,1,1,0,1,1,0,1,0,0,1,0,0,1,0,1,False
Q9NPF4,335.0,0,0,0.0,,0.0,0,0,0,0,0,0,0,0,0,0,0,0,0,0,0,0,0,0,0,0,0,0,0,0,False
Q9NQ94,594.0,2,1,5.0,5.0,0.008417508417508417,1,0,0,1,0,0,0,0,0,0,0,0,1,0,0,0,0,0,0,0,0,0,0,0,False
Q9NR56,388.0,1,3,25.0,8.333333333333334,0.06443298969072164,3+,0,0,1,0,1,0,0,0,0,0,0,1,0,0,0,0,0,0,0,0,0,0,0,False
Q9NRW3,190.0,0,0,0.0,,0.0,0,0,0,0,0,0,0,0,0,0,0,0,0,0,0,0,0,0,0,0,0,0,0,0,False
Q9NWB1,397.0,1,5,26.0,5.2,0.0654911838790932,3+,1,1,1,0,1,0,1,0,0,0,0,1,0,0,0,0,0,0,0,0,0,0,0,False
Q9NX74,493.0,0,0,0.0,,0.0,0,0,0,0,0,0,0,0,0,0,0,0,0,0,0,0,0,0,0,0,0,0,0,0,False
Q9NXG2,353.0,0,0,0.0,,0.0,0,0,0,0,0,0,0,0,0,0,0,0,0,0,0,0,0,0,0,0,0,0,0,0,False
Q9NXW9,302.0,2,1,5.0,5.0,0.016556291390728478,1,0,0,0,0,0,0,0,0,0,0,0,1,0,0,0,0,0,0,0,0,0,0,0,False
Q9P2K5,600.0,1,4,20.0,5.0,0.03333333333333333,3+,0,0,0,1,1,0,0,0,1,0,0,1,0,0,0,1,0,0,0,0,0,0,0,False
Q9UET6,329.0,0,0,0.0,,0.0,0,0,0,0,0,0,0,0,0,0,0,0,0,0,0,0,0,0,0,0,0,0,0,0,False
Q9UGR2,977.0,1,3,14.0,4.666666666666667,0.014329580348004094,3+,0,0,0,0,1,0,0,0,0,0,0,1,0,0,0,1,0,0,0,0,0,0,0,False
Q9UH17,382.0,0,0,0.0,,0.0,0,0,0,0,0,0,0,0,0,0,0,0,0,0,0,0,0,0,0,0,0,0,0,0,False
Q9UJJ7,312.0,3,2,21.0,10.5,0.0673076923076923,2,0,0,0,0,1,1,0,0,0,0,0,1,0,0,0,0,0,0,0,0,0,0,0,False
Q9UKM9,306.0,3,2,30.0,15.0,0.09803921568627451,2,0,0,1,0,1,0,0,0,0,0,0,1,0,0,0,0,0,0,0,0,0,0,0,False
Q9UPT8,1303.0,1,29,243.0,8.379310344827585,0.18649270913277052,3+,0,0,1,0,1,1,1,0,0,0,0,1,0,0,1,0,0,0,1,1,0,0,0,False
Q9UQ35,2752.0,1,91,780.0,8.571428571428571,0.28343023255813954,3+,1,0,1,0,1,1,1,0,1,1,0,1,0,0,1,1,0,1,0,0,1,1,0,False
Q9Y221,180.0,0,0,0.0,,0.0,0,0,0,0,0,0,0,0,0,0,0,0,0,0,0,0,0,0,0,0,0,0,0,0,False
Q9Y2U8,911.0,1,12,89.0,7.416666666666667,0.09769484083424808,3+,0,0,0,0,0,1,0,0,0,0,0,1,0,0,0,1,0,0,0,0,0,0,0,False
Q9Y3C4,175.0,0,0,0.0,,0.0,0,0,0,0,0,0,0,0,0,0,0,0,0,0,0,0,0,0,0,0,0,0,0,0,False
Q9Y534,153.0,0,0,0.0,,0.0,0,0,0,0,0,0,0,0,0,0,0,0,0,0,0,0,0,0,0,0,0,0,0,0,False
Q9Y580,266.0,1,3,13.0,4.333333333333333,0.04887218045112782,3+,0,1,0,0,1,0,1,0,0,0,0,1,0,0,0,0,0,0,0,0,0,0,0,False
Q9Y606,427.0,0,0,0.0,,0.0,0,0,0,0,0,0,0,0,0,0,0,0,0,0,0,0,0,0,0,0,0,0,0,0,False
Q9Y697,457.0,0,0,0.0,,0.0,0,0,0,0,0,0,0,0,0,0,0,0,0,0,0,0,0,0,0,0,0,0,0,0,False
