uniprot_accession,uniprot_length,rnaprimaryclass,method,cluster_pam_k2,cluster_hierarchical_k2,cluster_pam_k3,cluster_hierarchical_k3,cluster_pam_k4,cluster_hierarchical_k4,cluster_pam_k5,cluster_hierarchical_k5,cluster_pam_k6,cluster_hierarchical_k6,cluster_hdbscan,hdbscan_confidence
Q9UJK0,312.0,pre-rRNA,SEG_intermediate,0,2,0,3,0,3,0,3,0,4,0,1.0
Q9Y2T7,364.0,mRNA,SEG_intermediate,1,2,2,2,3,2,3,2,3,3,-1,0.0
Q13395,1621.0,mRNA,SEG_intermediate,0,2,0,3,0,3,0,3,0,4,0,1.0
P82664,201.0,ribosomal protein,SEG_intermediate,0,2,0,3,0,3,0,3,0,4,0,1.0
P82673,323.0,ribosomal protein,SEG_intermediate,0,2,0,3,0,3,0,3,0,4,0,1.0
O60306,1485.0,mRNA,SEG_intermediate,0,2,0,3,0,3,0,3,0,4,0,1.0
Q9H6S0,1430.0,mRNA,SEG_intermediate,0,2,1,2,3,2,3,2,3,3,-1,0.0
Q8N1G1,1221.0,pre-rRNA,SEG_intermediate,0,2,0,2,3,2,3,2,3,3,-1,0.0
Q9H000,416.0,mRNA,SEG_intermediate,0,2,0,3,0,3,0,3,0,4,0,1.0
Q9BRR8,931.0,mRNA,SEG_intermediate,1,2,1,2,3,2,3,2,3,3,-1,0.0
P46782,204.0,ribosomal protein,SEG_intermediate,0,2,0,3,0,3,0,3,0,4,0,1.0
Q9UNQ2,313.0,pre-rRNA,SEG_intermediate,0,2,0,3,0,3,0,3,0,4,0,1.0
Q9BQI3,630.0,mRNA,SEG_intermediate,0,2,0,3,0,3,0,3,0,4,0,1.0
Q9NW64,420.0,mRNA,SEG_intermediate,1,2,1,3,1,4,1,4,1,5,-1,0.0
Q9H501,851.0,pre-rRNA,SEG_intermediate,1,2,1,3,1,4,4,4,4,5,1,0.93924688824776
Q9UJA5,497.0,tRNA,SEG_intermediate,0,2,0,3,0,3,0,3,0,4,0,1.0
Q8N8D1,485.0,snRNA,SEG_intermediate,0,1,2,1,2,1,2,1,5,2,-1,0.0
P26640,1264.0,tRNA,SEG_intermediate,0,2,0,3,0,3,0,3,0,4,0,1.0
A0A0A0MQR7,204.0,mRNA,SEG_intermediate,0,2,0,3,0,3,0,3,0,4,0,1.0
P62318,126.0,snRNA,SEG_intermediate,0,2,0,3,0,3,0,3,0,4,0,1.0
Q9Y3I0,505.0,tRNA,SEG_intermediate,0,2,0,3,0,3,0,3,0,4,0,1.0
O00178,669.0,mRNA,SEG_intermediate,1,2,1,3,1,4,1,4,1,5,2,0.7092902356446719
Q6NTF7,200.0,ncRNA,SEG_intermediate,0,2,0,3,0,3,0,3,0,4,0,1.0
O15371,548.0,mRNA,SEG_intermediate,1,2,1,3,1,4,4,4,4,5,-1,0.0
Q7RTV0,110.0,mRNA,SEG_intermediate,0,2,0,3,0,3,0,3,0,4,0,1.0
O75132,1171.0,unknown,SEG_intermediate,0,2,0,3,0,3,0,3,0,4,0,1.0
Q13686,389.0,mRNA,SEG_intermediate,0,2,0,3,0,3,0,3,0,4,0,1.0
Q86U42,306.0,mRNA,SEG_intermediate,1,1,2,1,2,1,2,1,5,2,-1,0.0
P61011,504.0,ncRNA,SEG_intermediate,0,2,0,3,0,3,0,3,0,4,0,1.0
Q9H307,717.0,mRNA,SEG_intermediate,0,1,2,1,2,1,2,1,5,2,-1,0.0
Q4VXU2,619.0,mRNA,SEG_intermediate,0,2,0,3,0,3,0,3,0,4,0,1.0
Q05048,431.0,mRNA,SEG_intermediate,0,2,0,3,0,3,0,3,0,4,0,1.0
Q05639,463.0,tRNA,SEG_intermediate,0,2,0,3,0,3,0,3,0,4,0,1.0
Q96SZ6,601.0,tRNA,SEG_intermediate,0,2,0,3,0,3,0,3,0,4,0,1.0
Q9NR97,1041.0,ncRNA,SEG_intermediate,0,2,0,3,0,3,0,3,0,4,0,1.0
O60828,265.0,mRNA,SEG_intermediate,1,2,1,3,1,4,4,4,4,5,-1,0.0
O43719,755.0,mRNA,SEG_intermediate,1,2,0,2,3,2,3,2,3,3,-1,0.0
Q14694,798.0,mRNA,SEG_intermediate,0,2,0,3,0,3,0,3,0,4,0,1.0
Q96DP5,389.0,tRNA,SEG_intermediate,0,2,0,3,0,3,0,3,0,4,0,1.0
Q9NVM6,304.0,unknown,SEG_intermediate,0,2,0,3,0,3,0,3,0,4,0,1.0
Q9UKV8,859.0,ncRNA,SEG_intermediate,0,2,0,3,0,3,0,3,0,4,0,1.0
P60228,445.0,mRNA,SEG_intermediate,0,2,0,3,0,3,0,3,0,4,0,1.0
P14866,589.0,mRNA,SEG_intermediate,1,1,2,1,2,1,2,1,2,2,-1,0.0
O75792,299.0,diverse,SEG_intermediate,0,2,0,3,0,3,0,3,0,4,0,1.0
Q15428,464.0,snRNA,SEG_intermediate,1,2,1,3,1,4,1,4,1,5,-1,0.0
P36954,125.0,mRNA,SEG_intermediate,0,2,0,3,0,3,0,3,0,4,0,1.0
A4D1E9,387.0,unknown,SEG_intermediate,0,2,0,3,0,3,0,3,0,4,0,1.0
Q13155,320.0,tRNA,SEG_intermediate,0,2,0,3,0,3,0,3,0,4,0,1.0
Q9NW13,759.0,snRNA,SEG_intermediate,1,2,1,3,1,4,4,4,4,5,-1,0.0
O60290,1169.0,unknown,SEG_intermediate,0,2,0,3,0,3,0,3,0,4,0,1.0
Q99969,163.0,unknown,SEG_intermediate,0,2,0,3,0,3,0,3,0,4,0,1.0
Q9BYC8,188.0,ribosomal protein,SEG_intermediate,0,2,0,3,0,3,0,3,0,4,0,1.0
Q7Z333,2677.0,mRNA,SEG_intermediate,0,2,0,3,0,3,0,3,0,4,0,1.0
Q9H6R0,707.0,mRNA,SEG_intermediate,1,2,1,3,1,4,1,4,1,5,-1,0.0
Q9Y5J1,556.0,snoRNA,SEG_intermediate,1,2,1,3,1,4,1,4,1,5,2,0.41195281705190834
Q7Z417,695.0,mRNA,SEG_intermediate,1,2,2,2,3,2,3,2,3,3,-1,0.0
P84098,196.0,ribosomal protein,SEG_intermediate,1,2,1,3,1,4,4,4,4,5,-1,0.0
Q07021,282.0,mRNA,SEG_intermediate,0,2,0,3,0,3,0,3,0,4,0,1.0
P55039,364.0,mRNA,SEG_intermediate,0,2,0,3,0,3,0,3,0,4,0,1.0
Q9NY12,217.0,snoRNA,SEG_intermediate,0,2,2,2,3,2,3,2,3,3,-1,0.0
Q9H6F5,360.0,unknown,SEG_intermediate,0,2,0,3,0,3,0,3,0,4,0,1.0
Q9UMS4,504.0,mRNA,SEG_intermediate,0,2,0,3,0,3,0,3,0,4,0,1.0
P16989,372.0,mRNA,SEG_intermediate,1,1,2,1,2,1,2,1,2,2,-1,0.0
A0A499FI31,981.0,snRNA,SEG_intermediate,1,2,1,2,3,2,3,2,3,3,-1,0.0
Q9Y6K5,1087.0,ncRNA,SEG_intermediate,0,2,0,3,0,3,0,3,0,4,0,1.0
Q4U2R6,128.0,ribosomal protein,SEG_intermediate,0,2,0,3,0,3,0,3,0,4,0,1.0
P04406,335.0,mRNA,SEG_intermediate,0,2,0,3,0,3,0,3,0,4,0,1.0
P41238,236.0,mRNA,SEG_intermediate,0,2,0,3,0,3,0,3,0,4,0,1.0
Q13242,221.0,mRNA,SEG_intermediate,0,2,0,3,0,3,0,3,0,4,0,1.0
Q9NQE9,182.0,tRNA,SEG_intermediate,0,2,0,3,0,3,0,3,0,4,0,1.0
P25398,132.0,ribosomal protein,SEG_intermediate,0,2,0,3,0,3,0,3,0,4,0,1.0
Q13895,437.0,pre-rRNA,SEG_intermediate,0,2,0,3,0,3,0,3,0,4,0,1.0
C9IY40,225.0,ribosomal protein,SEG_intermediate,0,2,0,3,0,3,0,3,0,4,0,1.0
P42285,1042.0,diverse,SEG_intermediate,0,2,0,3,0,3,0,3,0,4,0,1.0
P49590,506.0,tRNA,SEG_intermediate,0,2,0,3,0,3,0,3,0,4,0,1.0
Q5XG87,792.0,diverse,SEG_intermediate,1,1,2,1,2,1,2,1,2,2,-1,0.0
Q9NWX6,298.0,tRNA,SEG_intermediate,0,2,0,3,0,3,0,3,0,4,0,1.0
P54136,660.0,tRNA,SEG_intermediate,0,2,0,3,0,3,0,3,0,4,0,1.0
O43818,475.0,snoRNA,SEG_intermediate,1,2,1,3,1,4,4,4,4,5,-1,0.0
O60739,113.0,mRNA,SEG_intermediate,0,2,0,3,0,3,0,3,0,4,0,1.0
P19525,551.0,ncRNA,SEG_intermediate,0,2,0,3,0,3,0,3,0,4,0,1.0
Q96EP5,407.0,mRNA,SEG_intermediate,1,2,2,2,3,2,3,2,3,3,-1,0.0
Q92499,740.0,mRNA,SEG_intermediate,0,2,0,3,0,3,0,3,0,4,0,1.0
Q9Y3B4,125.0,mRNA,SEG_intermediate,0,2,0,3,0,3,0,3,0,4,0,1.0
Q4ZG55,1949.0,unknown,SEG_intermediate,1,1,2,1,2,1,2,1,2,2,-1,0.0
Q03701,1054.0,pre-rRNA,SEG_intermediate,0,2,0,3,0,3,0,3,0,4,0,1.0
Q9UGM6,360.0,tRNA,SEG_intermediate,0,2,0,3,0,3,0,3,0,4,0,1.0
Q99848,306.0,pre-rRNA,SEG_intermediate,0,2,0,3,0,3,0,3,0,4,0,1.0
O95926,243.0,mRNA,SEG_intermediate,0,2,0,3,0,3,0,3,0,4,0,1.0
P31939,592.0,unknown,SEG_intermediate,0,2,0,3,0,3,0,3,0,4,0,1.0
Q9NYY8,710.0,mRNA,SEG_intermediate,0,2,0,3,0,3,0,3,0,4,0,1.0
Q7Z6V5,191.0,tRNA,SEG_intermediate,0,2,0,3,0,3,0,3,0,4,0,1.0
Q9UKF6,684.0,mRNA,SEG_intermediate,0,2,0,3,0,3,0,3,0,4,0,1.0
Q8NHQ9,600.0,pre-rRNA,SEG_intermediate,1,2,1,3,1,4,1,4,1,5,-1,0.0
Q9BWT3,736.0,mRNA,SEG_intermediate,0,2,0,3,0,3,0,3,0,4,0,1.0
Q13148,414.0,mRNA,SEG_intermediate,1,2,1,3,1,4,4,4,4,5,-1,0.0
Q96QD9,318.0,mRNA,SEG_intermediate,0,2,0,3,0,3,0,3,0,4,0,1.0
O00148,427.0,mRNA,SEG_intermediate,0,2,0,3,0,3,0,3,0,4,0,1.0
Q06265,439.0,diverse,SEG_intermediate,0,2,0,3,0,3,0,3,0,4,0,1.0
P09012,282.0,snRNA,SEG_intermediate,0,2,0,3,0,3,0,3,0,4,0,1.0
Q13247,344.0,mRNA,SEG_intermediate,1,1,2,1,2,1,2,1,5,2,-1,0.0
Q9ULR5,123.0,mRNA,SEG_intermediate,0,2,0,3,0,3,0,3,0,4,0,1.0
Q8WVK2,155.0,snRNA,SEG_intermediate,1,2,1,3,1,4,4,4,4,5,-1,0.0
O00566,681.0,snoRNA,SEG_intermediate,1,2,1,3,1,4,4,4,4,5,-1,0.0
Q96EU6,259.0,pre-rRNA,SEG_intermediate,1,2,1,3,1,4,1,4,1,5,-1,0.0
P09234,159.0,snRNA,SEG_intermediate,1,2,2,2,3,2,3,2,3,3,-1,0.0
Q5JTZ9,985.0,tRNA,SEG_intermediate,0,2,0,3,0,3,0,3,0,4,0,1.0
Q9Y235,224.0,mRNA,SEG_intermediate,0,2,0,3,0,3,0,3,0,4,0,1.0
Q96J94,861.0,ncRNA,SEG_intermediate,0,2,0,3,0,3,0,3,0,4,0,1.0
Q9BZI7,483.0,mRNA,SEG_intermediate,1,2,2,2,3,2,3,2,3,3,-1,0.0
P62273,56.0,ribosomal protein,SEG_intermediate,0,2,0,3,0,3,0,3,0,4,0,1.0
Q92797,1274.0,mRNA,SEG_intermediate,1,2,1,3,1,4,1,4,1,5,-1,0.0
P08579,225.0,snRNA,SEG_intermediate,0,2,0,3,0,3,0,3,0,4,0,1.0
Q9Y3A5,250.0,pre-rRNA,SEG_intermediate,0,2,0,3,0,3,0,3,0,4,0,1.0
Q8IWZ8,645.0,mRNA,SEG_intermediate,1,2,1,3,1,4,1,4,1,5,2,1.0
P21506,573.0,unknown,SEG_intermediate,0,2,0,3,0,3,0,3,0,4,0,1.0
Q9UBQ5,218.0,mRNA,SEG_intermediate,0,2,0,3,0,3,0,3,0,4,0,1.0
Q9UBS3,223.0,unknown,SEG_intermediate,0,2,0,3,0,3,0,3,0,4,0,1.0
P51116,673.0,mRNA,SEG_intermediate,1,1,2,1,2,1,2,1,2,2,-1,0.0
P22090,263.0,ribosomal protein,SEG_intermediate,0,2,0,3,0,3,0,3,0,4,0,1.0
Q15415,496.0,mRNA,SEG_intermediate,0,2,0,3,0,3,0,3,0,4,0,1.0
Q92904,295.0,mRNA,SEG_intermediate,0,2,0,3,0,3,0,3,0,4,0,1.0
Q8IX18,779.0,mRNA,SEG_intermediate,0,2,0,3,0,3,0,3,0,4,0,1.0
P62249,146.0,ribosomal protein,SEG_intermediate,0,2,0,3,0,3,0,3,0,4,0,1.0
Q96Q11,434.0,tRNA,SEG_intermediate,0,2,0,3,0,3,0,3,0,4,0,1.0
Q7Z478,1369.0,mRNA,SEG_intermediate,1,2,1,3,1,4,1,4,1,5,-1,0.0
Q9H5Z1,703.0,mRNA,SEG_intermediate,0,2,0,3,0,3,0,3,0,4,0,1.0
Q9BY77,421.0,mRNA,SEG_intermediate,0,2,0,3,0,3,0,3,0,4,0,1.0
Q8IZ69,625.0,tRNA,SEG_intermediate,0,2,0,3,0,3,0,3,0,4,0,1.0
Q96DF8,476.0,mRNA,SEG_intermediate,0,2,0,3,0,3,0,3,0,4,0,1.0
Q14151,953.0,mRNA,SEG_intermediate,1,1,2,1,2,1,2,1,2,2,-1,0.0
Q9UK45,103.0,snRNA,SEG_intermediate,0,2,0,3,0,3,0,3,0,4,0,1.0
Q96H86,408.0,unknown,SEG_intermediate,0,2,0,3,0,3,0,3,0,4,0,1.0
P41091,472.0,tRNA,SEG_intermediate,0,2,0,3,0,3,0,3,0,4,0,1.0
Q9BQ67,446.0,pre-rRNA,SEG_intermediate,1,2,1,3,1,4,4,4,4,5,-1,0.0
Q8WUA2,492.0,mRNA,SEG_intermediate,1,2,1,3,1,4,1,4,1,5,-1,0.0
P82663,173.0,ribosomal protein,SEG_intermediate,0,2,0,3,0,3,0,3,0,4,0,1.0
P61353,136.0,ribosomal protein,SEG_intermediate,0,2,0,3,0,3,0,3,0,4,0,1.0
P09661,255.0,snRNA,SEG_intermediate,0,2,0,3,0,3,0,3,0,4,0,1.0
Q9H9Z2,209.0,mRNA,SEG_intermediate,0,2,0,3,0,3,0,3,0,4,0,1.0
P19474,475.0,ncRNA,SEG_intermediate,0,2,0,3,0,3,0,3,0,4,0,1.0
O43159,456.0,pre-rRNA,SEG_intermediate,0,2,0,3,0,3,0,3,0,4,0,1.0
Q96EY7,689.0,mRNA,SEG_intermediate,1,2,1,3,1,4,4,4,4,5,-1,0.0
P57772,596.0,tRNA,SEG_intermediate,0,2,0,3,0,3,0,3,0,4,0,1.0
Q12849,480.0,mRNA,SEG_intermediate,1,2,2,2,3,2,3,2,3,3,-1,0.0
Q9NQZ2,479.0,snoRNA,SEG_intermediate,1,2,1,3,1,4,4,4,4,5,1,0.7654508681943156
O95218,330.0,mRNA,SEG_intermediate,1,1,2,1,2,1,2,1,5,2,-1,0.0
O75616,437.0,pre-rRNA,SEG_intermediate,0,2,0,3,0,3,0,3,0,4,0,1.0
Q9UKK6,140.0,mRNA,SEG_intermediate,0,2,0,3,0,3,0,3,0,4,0,1.0
P38935,993.0,tRNA,SEG_intermediate,0,2,0,3,0,3,0,3,0,4,0,1.0
Q96MP5,696.0,unknown,SEG_intermediate,1,2,1,3,1,4,1,4,1,5,2,1.0
Q9BXT8,1623.0,mRNA,SEG_intermediate,0,2,0,3,0,3,0,3,0,4,0,1.0
O15397,1037.0,ncRNA,SEG_intermediate,1,2,1,3,1,4,4,4,4,5,1,0.6656039070612668
Q9P031,241.0,unknown,SEG_intermediate,0,2,0,3,0,3,0,3,0,4,0,1.0
P05198,315.0,tRNA,SEG_intermediate,0,2,0,3,0,3,0,3,0,4,0,1.0
P82909,103.0,ribosomal protein,SEG_intermediate,0,2,0,3,0,3,0,3,0,4,0,1.0
Q76MJ5,926.0,mRNA,SEG_intermediate,0,2,0,3,0,3,0,3,0,4,0,1.0
O43776,548.0,tRNA,SEG_intermediate,0,2,0,3,0,3,0,3,0,4,0,1.0
Q5TAX3,1644.0,ncRNA,SEG_intermediate,0,2,0,3,0,3,0,3,0,4,0,1.0
Q8NAV1,312.0,snRNA,SEG_intermediate,0,2,2,2,3,2,3,2,3,3,-1,0.0
Q86YF9,867.0,mRNA,SEG_intermediate,1,2,1,3,1,4,1,4,1,5,2,0.4064062656862314
Q9HA77,564.0,tRNA,SEG_intermediate,0,2,0,3,0,3,0,3,0,4,0,1.0
O43347,362.0,mRNA,SEG_intermediate,1,2,1,3,1,4,1,4,1,5,2,1.0
Q15646,514.0,ncRNA,SEG_intermediate,0,2,0,3,0,3,0,3,0,4,0,1.0
A4D1B5,854.0,unknown,SEG_intermediate,0,2,0,3,0,3,0,3,0,4,0,1.0
Q504Q3,1202.0,mRNA,SEG_intermediate,0,2,0,3,0,3,0,3,0,4,0,1.0
Q96K80,434.0,unknown,SEG_intermediate,1,1,2,1,2,1,2,1,2,2,-1,0.0
Q96EL3,112.0,ribosomal protein,SEG_intermediate,0,2,0,3,0,3,0,3,0,4,0,1.0
Q14146,1524.0,pre-rRNA,SEG_intermediate,0,2,0,3,0,3,0,3,0,4,0,1.0
Q9H9J2,332.0,ribosomal protein,SEG_intermediate,0,2,0,3,0,3,0,3,0,4,0,1.0
O60573,245.0,mRNA,SEG_intermediate,0,2,0,3,0,3,0,3,0,4,0,1.0
P82933,396.0,ribosomal protein,SEG_intermediate,0,2,0,3,0,3,0,3,0,4,0,1.0
O00425,579.0,mRNA,SEG_intermediate,0,2,0,3,0,3,0,3,0,4,0,1.0
Q9NY93,547.0,pre-rRNA,SEG_intermediate,0,2,0,3,0,3,0,3,0,4,0,1.0
P48200,963.0,mRNA,SEG_intermediate,0,2,0,3,0,3,0,3,0,4,0,1.0
Q07955,248.0,mRNA,SEG_intermediate,0,2,2,2,3,2,3,2,3,3,-1,0.0
Q9BX63,1249.0,unknown,SEG_intermediate,0,2,0,3,0,3,0,3,0,4,0,1.0
P42766,123.0,ribosomal protein,SEG_intermediate,0,2,0,3,0,3,0,3,0,4,0,1.0
O60518,1105.0,mRNA,SEG_intermediate,0,2,0,3,0,3,0,3,0,4,0,1.0
Q92759,462.0,unknown,SEG_intermediate,0,2,0,3,0,3,0,3,0,4,0,1.0
O43422,761.0,unknown,SEG_intermediate,0,2,0,3,0,3,0,3,0,4,0,1.0
Q96RS0,853.0,snRNA,SEG_intermediate,1,2,1,3,1,4,1,4,1,5,-1,0.0
Q9BRD0,619.0,mRNA,SEG_intermediate,0,2,0,3,0,3,0,3,0,4,0,1.0
P42704,1394.0,mRNA,SEG_intermediate,0,2,0,3,0,3,0,3,0,4,0,1.0
Q9UK59,544.0,mRNA,SEG_intermediate,0,2,0,3,0,3,0,3,0,4,0,1.0
Q99728,777.0,ncRNA,SEG_intermediate,0,2,0,3,0,3,0,3,0,4,0,1.0
Q9NRN9,209.0,unknown,SEG_intermediate,0,2,0,3,0,3,0,3,0,4,0,1.0
P05455,408.0,tRNA,SEG_intermediate,0,2,0,3,0,3,0,3,0,4,0,1.0
Q9GZL7,423.0,pre-rRNA,SEG_intermediate,0,2,0,3,0,3,0,3,0,4,0,1.0
Q32P41,509.0,tRNA,SEG_intermediate,0,2,0,3,0,3,0,3,0,4,0,1.0
Q96BP3,646.0,mRNA,SEG_intermediate,0,2,0,3,0,3,0,3,0,4,0,1.0
Q96IC2,774.0,pre-rRNA,SEG_intermediate,0,2,0,3,0,3,0,3,0,4,0,1.0
P60900,246.0,unknown,SEG_intermediate,0,2,0,3,0,3,0,3,0,4,0,1.0
Q13573,536.0,mRNA,SEG_intermediate,0,2,0,3,0,3,0,3,0,4,0,1.0
Q96FV9,657.0,mRNA,SEG_intermediate,0,2,0,3,0,3,0,3,0,4,0,1.0
O75691,2785.0,snoRNA,SEG_intermediate,0,2,0,3,0,3,0,3,0,4,0,1.0
Q9NYH9,597.0,snoRNA,SEG_intermediate,0,2,0,3,0,3,0,3,0,4,0,1.0
P49588,968.0,tRNA,SEG_intermediate,0,2,0,3,0,3,0,3,0,4,0,1.0
O60563,726.0,ncRNA,SEG_intermediate,1,1,2,1,2,1,2,1,2,2,-1,0.0
Q9ULM6,557.0,mRNA,SEG_intermediate,0,2,0,3,0,3,0,3,0,4,0,1.0
P56192,900.0,tRNA,SEG_intermediate,0,2,0,3,0,3,0,3,0,4,0,1.0
Q15434,407.0,mRNA,SEG_intermediate,0,2,0,3,0,3,0,3,0,4,0,1.0
Q15185,160.0,ncRNA,SEG_intermediate,0,2,0,3,0,3,0,3,0,4,0,1.0
P49790,1475.0,diverse,SEG_intermediate,1,2,1,2,3,2,3,2,3,3,-1,0.0
O15105,426.0,ncRNA,SEG_intermediate,0,2,1,2,3,2,3,2,3,3,-1,0.0
Q9Y473,711.0,unknown,SEG_intermediate,0,2,0,3,0,3,0,3,0,4,0,1.0
O75113,896.0,unknown,SEG_intermediate,0,2,0,3,0,3,0,3,0,4,0,1.0
Q14562,1220.0,mRNA,SEG_intermediate,0,2,1,2,3,2,3,2,3,3,-1,0.0
Q6P1Q9,378.0,tRNA,SEG_intermediate,0,2,0,3,0,3,0,3,0,4,0,1.0
Q8TDI0,1954.0,unknown,SEG_intermediate,1,1,2,1,2,1,2,1,2,2,-1,0.0
Q6ZRS2,3230.0,unknown,SEG_intermediate,1,1,2,1,2,1,2,1,2,2,-1,0.0
O15047,1707.0,ncRNA,SEG_intermediate,1,1,2,1,2,1,2,1,2,2,-1,0.0
Q9UEG4,869.0,unknown,SEG_intermediate,0,2,0,3,0,3,0,3,0,4,0,1.0
Q8IXZ2,948.0,mRNA,SEG_intermediate,1,2,1,3,1,4,1,4,1,5,2,1.0
Q9UKV3,1341.0,mRNA,SEG_intermediate,1,1,2,1,2,1,2,1,5,2,-1,0.0
Q06830,199.0,mRNA,SEG_intermediate,0,2,0,3,0,3,0,3,0,4,0,1.0
Q92900,1129.0,mRNA,SEG_intermediate,1,2,1,3,1,4,1,4,1,5,-1,0.0
P55199,621.0,snRNA,SEG_intermediate,0,2,0,3,0,3,0,3,0,4,0,1.0
Q9Y3Z3,626.0,diverse,SEG_intermediate,0,2,0,3,0,3,0,3,0,4,0,1.0
Q9UPR6,939.0,unknown,SEG_intermediate,1,2,1,3,1,4,4,4,4,5,-1,0.0
O00418,725.0,mRNA,SEG_intermediate,0,2,0,3,0,3,0,3,0,4,0,1.0
Q86US8,1419.0,mRNA,SEG_intermediate,0,2,0,3,0,3,0,3,0,4,0,1.0
Q8WYQ5,773.0,ncRNA,SEG_intermediate,0,2,0,3,0,3,0,3,0,4,0,1.0
Q9NVP1,670.0,pre-rRNA,SEG_intermediate,1,2,1,3,1,4,1,4,1,5,-1,0.0
Q9UNW9,492.0,mRNA,SEG_intermediate,1,1,2,1,2,1,2,1,5,2,-1,0.0
O75530,441.0,ncRNA,SEG_intermediate,0,2,0,3,0,3,0,3,0,4,0,1.0
Q9H0J9,701.0,unknown,SEG_intermediate,0,2,0,3,0,3,0,3,0,4,0,1.0
Q9UHL0,483.0,mRNA,SEG_intermediate,0,2,0,3,0,3,0,3,0,4,0,1.0
Q96C86,337.0,mRNA,SEG_intermediate,0,2,0,3,0,3,0,3,0,4,0,1.0
Q9NRX1,252.0,pre-rRNA,SEG_intermediate,0,2,0,3,0,3,0,3,0,4,0,1.0
Q96DI7,357.0,snRNA,SEG_intermediate,0,2,0,3,0,3,0,3,0,4,0,1.0
Q8N5C6,995.0,unknown,SEG_intermediate,0,2,0,3,0,3,0,3,0,4,0,1.0
Q9P2K8,1649.0,tRNA,SEG_intermediate,0,2,0,3,0,3,0,3,0,4,0,1.0
Q9BSC4,688.0,pre-rRNA,SEG_intermediate,1,2,1,3,1,4,4,4,4,5,-1,0.0
O60583,730.0,ncRNA,SEG_intermediate,1,1,2,1,2,1,2,1,2,2,-1,0.0
Q5FWF4,1079.0,unknown,SEG_intermediate,0,2,0,3,0,3,0,3,0,4,0,1.0
Q15032,1099.0,unknown,SEG_intermediate,1,2,1,2,3,2,3,2,3,3,2,0.9621200372023012
P14868,501.0,tRNA,SEG_intermediate,0,2,0,3,0,3,0,3,0,4,0,1.0
O43432,1585.0,mRNA,SEG_intermediate,1,1,2,1,2,1,2,1,2,2,-1,0.0
Q8NC60,698.0,pre-rRNA,SEG_intermediate,1,2,2,2,3,2,3,2,3,3,-1,0.0
Q96RP9,751.0,mRNA,SEG_intermediate,0,2,0,3,0,3,0,3,0,4,0,1.0
Q9Y2X3,529.0,snoRNA,SEG_intermediate,1,2,2,2,3,2,3,2,3,3,-1,0.0
O15234,703.0,mRNA,SEG_intermediate,1,2,2,2,3,2,3,2,3,3,-1,0.0
Q14CZ7,662.0,mRNA,SEG_intermediate,0,2,0,3,0,3,0,3,0,4,0,1.0
Q9NXL6,827.0,ncRNA,SEG_intermediate,0,2,0,3,0,3,0,3,0,4,0,1.0
Q9UBK2,798.0,unknown,SEG_intermediate,1,2,1,3,1,4,1,4,1,5,-1,0.0
Q96KR1,1074.0,unknown,SEG_intermediate,1,1,2,1,2,1,2,1,2,2,-1,0.0
Q17RY0,729.0,mRNA,SEG_intermediate,1,2,2,2,3,2,3,2,3,3,-1,0.0
Q96J01,351.0,mRNA,SEG_intermediate,0,2,0,3,0,3,0,3,0,4,0,1.0
Q9UNX3,145.0,ribosomal protein,SEG_intermediate,0,2,0,3,0,3,0,3,0,4,0,1.0
Q9H089,658.0,pre-rRNA,SEG_intermediate,0,2,0,3,0,3,0,3,0,4,0,1.0
Q9P2N5,1060.0,mRNA,SEG_intermediate,1,1,2,1,2,1,2,1,2,2,-1,0.0
Q9HAV4,1204.0,ncRNA,SEG_intermediate,0,2,0,3,0,3,0,3,0,4,0,1.0
Q15024,291.0,diverse,SEG_intermediate,0,2,0,3,0,3,0,3,0,4,0,1.0
O95620,317.0,tRNA,SEG_intermediate,0,2,0,3,0,3,0,3,0,4,0,1.0
P51531,1590.0,unknown,SEG_intermediate,1,1,2,1,2,1,2,1,2,2,-1,0.0
P31942,346.0,mRNA,SEG_intermediate,0,1,2,1,2,1,2,1,5,2,-1,0.0
O14981,1849.0,unknown,SEG_intermediate,0,2,0,3,0,3,0,3,0,4,0,1.0
P78332,1123.0,mRNA,SEG_intermediate,0,2,0,3,0,3,0,3,0,4,0,1.0
O94906,941.0,snRNA,SEG_intermediate,0,2,0,3,0,3,0,3,0,4,0,1.0
P49770,351.0,mRNA,SEG_intermediate,0,2,0,3,0,3,0,3,0,4,0,1.0
Q8TBF4,217.0,snRNA,SEG_intermediate,1,2,1,3,1,4,4,4,4,5,-1,0.0
Q15633,366.0,mRNA,SEG_intermediate,0,2,0,3,0,3,0,3,0,4,0,1.0
Q5T8P6,1007.0,mRNA,SEG_intermediate,1,1,2,1,2,1,2,1,2,2,-1,0.0
A7MD48,611.0,mRNA,SEG_intermediate,1,1,2,1,2,1,2,1,5,2,-1,0.0
Q5VZF2,373.0,mRNA,SEG_intermediate,1,2,1,3,1,4,1,4,1,5,-1,0.0
Q8IZP6,322.0,snRNA,SEG_intermediate,0,2,0,3,0,3,0,3,0,4,0,1.0
Q86U38,636.0,pre-rRNA,SEG_intermediate,0,2,0,3,0,3,0,3,0,4,0,1.0
A0A0A0MQW0,576.0,mRNA,SEG_intermediate,1,2,1,3,1,4,4,4,4,5,-1,0.0
P37108,136.0,ncRNA,SEG_intermediate,1,2,1,3,1,4,1,4,1,5,-1,0.0
Q9GZS3,305.0,mRNA,SEG_intermediate,0,2,0,3,0,3,0,3,0,4,0,1.0
Q92620,1227.0,mRNA,SEG_intermediate,1,2,1,3,1,4,1,4,1,5,-1,0.0
Q9NX01,149.0,snRNA,SEG_intermediate,0,2,0,3,0,3,0,3,0,4,0,1.0
Q8WYQ9,949.0,unknown,SEG_intermediate,1,1,2,1,2,1,2,1,2,2,-1,0.0
Q8NCV1,583.0,mRNA,SEG_intermediate,0,2,0,3,0,3,0,3,0,4,0,1.0
Q92901,407.0,ribosomal protein,SEG_intermediate,0,2,0,3,0,3,0,3,0,4,0,1.0
Q9ULX3,412.0,pre-rRNA,SEG_intermediate,0,2,0,3,0,3,0,3,0,4,0,1.0
P83876,142.0,snRNA,SEG_intermediate,0,2,0,3,0,3,0,3,0,4,0,1.0
O43823,692.0,mRNA,SEG_intermediate,1,2,1,3,1,4,1,4,1,5,-1,0.0
Q96L12,384.0,unknown,SEG_intermediate,1,2,1,3,1,4,4,4,4,5,1,0.9560590679323081
Q9H0W8,520.0,mRNA,SEG_intermediate,1,1,2,1,2,1,2,1,2,2,-1,0.0
P62280,158.0,ribosomal protein,SEG_intermediate,0,2,0,3,0,3,0,3,0,4,0,1.0
Q15427,424.0,mRNA,SEG_intermediate,1,1,2,1,2,1,2,1,5,2,-1,0.0
P41214,584.0,tRNA,SEG_intermediate,0,2,0,3,0,3,0,3,0,4,0,1.0
P62979,156.0,ribosomal protein,SEG_intermediate,0,2,0,3,0,3,0,3,0,4,0,1.0
P62308,76.0,snRNA,SEG_intermediate,0,2,0,3,0,3,0,3,0,4,0,1.0
Q9HC10,1997.0,unknown,SEG_intermediate,0,2,0,2,3,2,3,2,3,3,-1,0.0
P82675,430.0,ribosomal protein,SEG_intermediate,1,2,1,3,1,4,4,4,4,5,-1,0.0
O75319,330.0,mRNA,SEG_intermediate,0,2,0,3,0,3,0,3,0,4,0,1.0
O15514,142.0,mRNA,SEG_intermediate,0,2,0,3,0,3,0,3,0,4,0,1.0
Q92600,299.0,mRNA,SEG_intermediate,0,2,0,3,0,3,0,3,0,4,0,1.0
Q9P0L1,754.0,unknown,SEG_intermediate,0,2,0,3,0,3,0,3,0,4,0,1.0
Q8WTS6,366.0,ncRNA,SEG_intermediate,0,2,0,3,0,3,0,3,0,4,0,1.0
Q96HR8,494.0,snoRNA,SEG_intermediate,1,1,2,1,2,1,2,1,2,2,-1,0.0
Q9BRX2,385.0,mRNA,SEG_intermediate,0,2,0,3,0,3,0,3,0,4,0,1.0
Q96NC0,199.0,snRNA,SEG_intermediate,1,2,1,3,1,4,4,4,4,5,-1,0.0
Q9ULW3,272.0,mRNA,SEG_intermediate,0,2,0,3,0,3,0,3,0,4,0,1.0
Q96PU8,341.0,mRNA,SEG_intermediate,0,2,0,3,0,3,0,3,0,4,0,1.0
V9GYA0,39.0,mRNA,SEG_intermediate,0,2,0,3,0,3,0,3,0,4,0,1.0
Q96H79,300.0,unknown,SEG_intermediate,0,2,0,3,0,3,0,3,0,4,0,1.0
Q5C9Z4,860.0,pre-rRNA,SEG_intermediate,1,2,1,2,3,2,3,2,3,3,-1,0.0
Q9NZB2,1118.0,mRNA,SEG_intermediate,0,2,0,3,0,3,0,3,0,4,0,1.0
P49589,748.0,tRNA,SEG_intermediate,1,2,1,3,1,4,1,4,1,5,-1,0.0
Q9C0D7,883.0,unknown,SEG_intermediate,0,2,0,3,0,3,0,3,0,4,0,1.0
Q13405,166.0,ribosomal protein,SEG_intermediate,0,2,0,3,0,3,0,3,0,4,0,1.0
Q53EL6,469.0,mRNA,SEG_intermediate,0,2,0,3,0,3,0,3,0,4,0,1.0
Q9UK39,431.0,mRNA,SEG_intermediate,0,2,0,3,0,3,0,3,0,4,0,1.0
Q8IZD4,617.0,mRNA,SEG_intermediate,1,2,1,3,1,4,4,4,4,5,-1,0.0
Q96LB4,118.0,unknown,SEG_intermediate,0,2,0,3,0,3,0,3,0,4,0,1.0
Q5VWX1,349.0,mRNA,SEG_intermediate,0,2,0,3,0,3,0,3,0,4,0,1.0
Q9H974,415.0,tRNA,SEG_intermediate,0,2,0,3,0,3,0,3,0,4,0,1.0
Q8N442,669.0,mRNA,SEG_intermediate,0,2,0,3,0,3,0,3,0,4,0,1.0
Q9H361,631.0,mRNA,SEG_intermediate,1,2,1,3,1,4,1,4,1,5,-1,0.0
Q8TBY0,533.0,mRNA,SEG_intermediate,1,2,1,3,1,4,4,4,4,5,-1,0.0
Q9NSD9,589.0,tRNA,SEG_intermediate,0,2,0,3,0,3,0,3,0,4,0,1.0
Q5W0B1,726.0,unknown,SEG_intermediate,0,2,0,3,0,3,0,3,0,4,0,1.0
Q5T200,1668.0,unknown,SEG_intermediate,1,1,2,1,2,1,2,1,2,2,-1,0.0
Q2TBE0,894.0,mRNA,SEG_intermediate,1,2,1,3,1,4,1,4,1,5,-1,0.0
Q96GW9,593.0,tRNA,SEG_intermediate,0,2,0,3,0,3,0,3,0,4,0,1.0
P47974,494.0,mRNA,SEG_intermediate,1,1,2,1,2,1,2,1,2,2,-1,0.0
F8W8I6,385.0,mRNA,SEG_intermediate,0,2,0,3,0,3,0,3,0,4,0,1.0
Q9BVS4,552.0,pre-rRNA,SEG_intermediate,0,2,0,3,0,3,0,3,0,4,0,1.0
P49792,3224.0,mRNA,SEG_intermediate,0,2,0,3,0,3,0,3,0,4,0,1.0
Q8TF42,649.0,unknown,SEG_intermediate,0,2,0,3,0,3,0,3,0,4,0,1.0
Q8NCE0,465.0,tRNA,SEG_intermediate,0,2,0,3,0,3,0,3,0,4,0,1.0
Q68D06,897.0,tRNA,SEG_intermediate,0,2,0,3,0,3,0,3,0,4,0,1.0
Q9BYG3,293.0,pre-rRNA,SEG_intermediate,0,2,0,3,0,3,0,3,0,4,0,1.0
Q8TEQ6,1508.0,snRNA,SEG_intermediate,0,2,0,3,0,3,0,3,0,4,0,1.0
Q8IUH3,476.0,mRNA,SEG_intermediate,0,2,0,3,0,3,0,3,0,4,0,1.0
Q9H2H8,161.0,mRNA,SEG_intermediate,0,2,0,3,0,3,0,3,0,4,0,1.0
P83369,360.0,snRNA,SEG_intermediate,1,2,1,3,1,4,1,4,1,5,-1,0.0
O95104,1147.0,mRNA,SEG_intermediate,1,1,2,1,2,1,2,1,5,2,-1,0.0
O43541,496.0,ncRNA,SEG_intermediate,1,2,1,3,1,4,4,4,4,5,1,0.4083565877009614
Q9NRX2,175.0,ribosomal protein,SEG_intermediate,0,2,0,3,0,3,0,3,0,4,0,1.0
O60841,1220.0,tRNA,SEG_intermediate,1,1,2,1,2,1,2,1,2,2,-1,0.0
Q9UKZ1,510.0,mRNA,SEG_intermediate,1,2,1,3,1,4,1,4,1,5,-1,0.0
Q86SE8,214.0,pre-rRNA,SEG_intermediate,1,2,1,3,1,4,4,4,4,5,-1,0.0
Q14974,876.0,mRNA,SEG_intermediate,0,2,0,3,0,3,0,3,0,4,0,1.0
Q9NZI8,577.0,mRNA,SEG_intermediate,0,2,0,3,0,3,0,3,0,4,0,1.0
Q5SZQ8,465.0,mRNA,SEG_intermediate,1,2,1,3,1,4,1,4,1,5,-1,0.0
Q9HC44,474.0,unknown,SEG_intermediate,0,2,0,3,0,3,0,3,0,4,0,1.0
Q9NP77,194.0,mRNA,SEG_intermediate,0,2,0,3,0,3,0,3,0,4,0,1.0
Q15269,919.0,snoRNA,SEG_intermediate,1,2,1,3,1,4,4,4,4,5,1,0.7307639099095689
Q15424,915.0,mRNA,SEG_intermediate,1,2,1,2,3,2,3,2,3,3,-1,0.0
P25311,298.0,unknown,SEG_intermediate,0,2,0,3,0,3,0,3,0,4,0,1.0
O75127,700.0,tRNA,SEG_intermediate,0,2,0,3,0,3,0,3,0,4,0,1.0
P52435,117.0,mRNA,SEG_intermediate,0,2,0,3,0,3,0,3,0,4,0,1.0
Q8N6W0,485.0,mRNA,SEG_intermediate,0,2,0,3,0,3,0,3,0,4,0,1.0
Q96EF6,278.0,unknown,SEG_intermediate,0,2,0,3,0,3,0,3,0,4,0,1.0
Q96SR6,550.0,unknown,SEG_intermediate,0,2,0,3,0,3,0,3,0,4,0,1.0
Q3MHD2,195.0,mRNA,SEG_intermediate,0,2,0,3,0,3,0,3,0,4,0,1.0
Q71RC2,724.0,mRNA,SEG_intermediate,0,2,0,3,0,3,0,3,0,4,0,1.0
Q6V9R5,426.0,unknown,SEG_intermediate,0,2,0,3,0,3,0,3,0,4,0,1.0
Q9NQ29,371.0,mRNA,SEG_intermediate,1,2,1,3,1,4,4,4,4,5,-1,0.0
Q9UBU9,619.0,mRNA,SEG_intermediate,0,2,0,3,0,3,0,3,0,4,0,1.0
Q9HCJ3,691.0,mRNA,SEG_intermediate,1,2,1,3,1,4,1,4,1,5,2,0.41207592494635875
O14979,420.0,mRNA,SEG_intermediate,1,2,1,3,1,4,4,4,4,5,-1,0.0
Q8TDG4,1101.0,unknown,SEG_intermediate,0,2,0,3,0,3,0,3,0,4,0,1.0
Q9Y3D5,142.0,ribosomal protein,SEG_intermediate,0,2,0,3,0,3,0,3,0,4,0,1.0
Q6I9Y2,204.0,mRNA,SEG_intermediate,0,2,0,3,0,3,0,3,0,4,0,1.0
Q96IZ7,334.0,mRNA,SEG_intermediate,0,1,2,1,2,1,2,1,5,2,-1,0.0
A0AV96,593.0,mRNA,SEG_intermediate,1,2,1,3,1,4,1,4,1,5,2,1.0
Q8TBZ5,544.0,unknown,SEG_intermediate,0,2,0,3,0,3,0,3,0,4,0,1.0
O75394,65.0,ribosomal protein,SEG_intermediate,0,2,0,3,0,3,0,3,0,4,0,1.0
Q8TAD8,396.0,ncRNA,SEG_intermediate,1,2,1,3,1,4,4,4,4,5,-1,0.0
P61221,599.0,ncRNA,SEG_intermediate,0,2,0,3,0,3,0,3,0,4,0,1.0
P62312,80.0,snRNA,SEG_intermediate,0,2,0,3,0,3,0,3,0,4,0,1.0
P62266,143.0,ribosomal protein,SEG_intermediate,0,2,0,3,0,3,0,3,0,4,0,1.0
O14776,1098.0,mRNA,SEG_intermediate,1,1,2,1,2,1,2,1,2,2,-1,0.0
O15455,904.0,ncRNA,SEG_intermediate,0,2,0,3,0,3,0,3,0,4,0,1.0
A0A0A0MQZ6,189.0,pre-rRNA,SEG_intermediate,0,2,0,3,0,3,0,3,0,4,0,1.0
O95391,586.0,mRNA,SEG_intermediate,1,2,1,3,1,4,1,4,1,5,-1,0.0
Q8TA86,221.0,snRNA,SEG_intermediate,1,2,1,3,1,4,4,4,4,5,-1,0.0
Q14296,549.0,mRNA,SEG_intermediate,1,2,1,3,1,4,1,4,1,5,2,0.5578901981635636
Q9H814,394.0,snRNA,SEG_intermediate,0,2,0,3,0,3,0,3,0,4,0,1.0
A0A087WT20,597.0,pre-rRNA,SEG_intermediate,0,2,0,3,0,3,0,3,0,4,0,1.0
Q8N5L8,163.0,ncRNA,SEG_intermediate,0,2,0,3,0,3,0,3,0,4,0,1.0
Q9H898,229.0,unknown,SEG_intermediate,0,2,0,3,0,3,0,3,0,4,0,1.0
O94913,1555.0,mRNA,SEG_intermediate,1,2,1,3,1,4,4,4,4,5,-1,0.0
Q96L21,214.0,ribosomal protein,SEG_intermediate,0,2,0,3,0,3,0,3,0,4,0,1.0
Q96CM3,377.0,mRNA,SEG_intermediate,0,2,0,3,0,3,0,3,0,4,0,1.0
Q9H1E1,156.0,diverse,SEG_intermediate,0,2,0,3,0,3,0,3,0,4,0,1.0
Q86U44,580.0,mRNA,SEG_intermediate,0,2,0,3,0,3,0,3,0,4,0,1.0
Q8WWH5,349.0,tRNA,SEG_intermediate,1,2,1,3,1,4,1,4,1,5,-1,0.0
Q9P2I0,782.0,mRNA,SEG_intermediate,1,2,1,3,1,4,4,4,4,5,-1,0.0
Q7Z3Z4,852.0,ncRNA,SEG_intermediate,0,2,0,3,0,3,0,3,0,4,0,1.0
H0Y2Q1,191.0,tRNA,SEG_intermediate,0,2,0,3,0,3,0,3,0,4,0,1.0
Q9BRS8,491.0,mRNA,SEG_intermediate,0,2,0,3,0,3,0,3,0,4,0,1.0
P15918,1043.0,unknown,SEG_intermediate,0,2,0,3,0,3,0,3,0,4,0,1.0
Q08AF3,891.0,unknown,SEG_intermediate,0,2,0,3,0,3,0,3,0,4,0,1.0
Q6ZRY4,209.0,mRNA,SEG_intermediate,1,2,1,3,1,4,4,4,4,5,-1,0.0
Q86TB9,770.0,mRNA,SEG_intermediate,0,2,0,3,0,3,0,3,0,4,0,1.0
O43809,227.0,mRNA,SEG_intermediate,0,2,0,3,0,3,0,3,0,4,0,1.0
P62314,119.0,snRNA,SEG_intermediate,1,2,1,3,1,4,4,4,4,5,-1,0.0
Q05481,1191.0,unknown,SEG_intermediate,0,2,0,3,0,3,0,3,0,4,0,1.0
Q96N77,438.0,unknown,SEG_intermediate,0,2,0,3,0,3,0,3,0,4,0,1.0
Q2NL82,804.0,pre-rRNA,SEG_intermediate,1,2,1,3,1,4,4,4,4,5,1,1.0
Q14197,206.0,tRNA,SEG_intermediate,0,2,0,3,0,3,0,3,0,4,0,1.0
Q15287,305.0,mRNA,SEG_intermediate,0,2,2,2,3,2,3,2,3,3,-1,0.0
Q1KMD3,747.0,mRNA,SEG_intermediate,1,1,2,1,2,1,2,1,2,2,-1,0.0
P62487,172.0,mRNA,SEG_intermediate,0,2,0,3,0,3,0,3,0,4,0,1.0
P51608,486.0,mRNA,SEG_intermediate,1,1,2,1,2,1,2,1,2,2,-1,0.0
Q93091,150.0,diverse,SEG_intermediate,0,2,0,3,0,3,0,3,0,4,0,1.0
A0A499FIA3,238.0,unknown,SEG_intermediate,0,2,0,3,0,3,0,3,0,4,0,1.0
P62310,102.0,snRNA,SEG_intermediate,0,2,0,3,0,3,0,3,0,4,0,1.0
Q96MH2,286.0,ncRNA,SEG_intermediate,0,2,0,3,0,3,0,3,0,4,0,1.0
P12724,160.0,diverse,SEG_intermediate,0,2,0,3,0,3,0,3,0,4,0,1.0
P17480,764.0,pre-rRNA,SEG_intermediate,1,2,1,3,1,4,4,4,4,5,-1,0.0
Q96QU8,1125.0,mRNA,SEG_intermediate,0,2,0,3,0,3,0,3,0,4,0,1.0
Q9BVS5,477.0,tRNA,SEG_intermediate,0,2,0,3,0,3,0,3,0,4,0,1.0
Q9UQ80,394.0,pre-rRNA,SEG_intermediate,0,2,0,3,0,3,0,3,0,4,0,1.0
P46781,194.0,ribosomal protein,SEG_intermediate,0,2,0,3,0,3,0,3,0,4,0,1.0
Q15696,482.0,mRNA,SEG_intermediate,1,2,2,2,3,2,3,2,3,3,-1,0.0
Q7Z570,1209.0,unknown,SEG_intermediate,1,2,1,3,1,4,1,4,1,5,2,0.5951000235577435
P10153,161.0,diverse,SEG_intermediate,0,2,0,3,0,3,0,3,0,4,0,1.0
Q9BXU2,312.0,mRNA,SEG_intermediate,0,2,0,3,0,3,0,3,0,4,0,1.0
P17039,623.0,unknown,SEG_intermediate,0,2,0,3,0,3,0,3,0,4,0,1.0
O75526,392.0,mRNA,SEG_intermediate,1,2,2,2,3,2,3,2,3,3,-1,0.0
O75817,140.0,ncRNA,SEG_intermediate,0,2,0,3,0,3,0,3,0,4,0,1.0
Q92989,425.0,mRNA,SEG_intermediate,0,2,0,3,0,3,0,3,0,4,0,1.0
Q9BX10,602.0,mRNA,SEG_intermediate,0,2,0,3,0,3,0,3,0,4,0,1.0
O95400,341.0,snRNA,SEG_intermediate,0,2,0,3,0,3,0,3,0,4,0,1.0
Q9BRZ2,755.0,unknown,SEG_intermediate,1,2,1,3,1,4,1,4,1,5,2,0.4156428428013729
Q9H5L6,903.0,unknown,SEG_intermediate,0,2,0,3,0,3,0,3,0,4,0,1.0
Q15365,356.0,mRNA,SEG_intermediate,0,2,0,3,0,3,0,3,0,4,0,1.0
Q9NYK5,338.0,ribosomal protein,SEG_intermediate,0,2,0,3,0,3,0,3,0,4,0,1.0
Q15393,1217.0,mRNA,SEG_intermediate,0,2,0,3,0,3,0,3,0,4,0,1.0
Q16637,294.0,snRNA,SEG_intermediate,1,1,2,1,2,1,2,1,5,2,-1,0.0
Q9HC36,420.0,pre-rRNA,SEG_intermediate,0,2,0,3,0,3,0,3,0,4,0,1.0
Q96AZ6,181.0,ncRNA,SEG_intermediate,0,2,0,3,0,3,0,3,0,4,0,1.0
O43447,177.0,mRNA,SEG_intermediate,0,2,0,3,0,3,0,3,0,4,0,1.0
Q9BRJ7,211.0,snoRNA,SEG_intermediate,0,2,0,3,0,3,0,3,0,4,0,1.0
Q9BTL3,118.0,mRNA,SEG_intermediate,0,2,0,3,0,3,0,3,0,4,0,1.0
O60294,686.0,tRNA,SEG_intermediate,0,2,0,3,0,3,0,3,0,4,0,1.0
Q9NZJ5,1116.0,mRNA,SEG_intermediate,1,2,1,3,1,4,4,4,4,5,-1,0.0
Q01780,885.0,diverse,SEG_intermediate,0,2,0,3,0,3,0,3,0,4,0,1.0
P47897,775.0,tRNA,SEG_intermediate,0,2,0,3,0,3,0,3,0,4,0,1.0
Q16600,458.0,unknown,SEG_intermediate,0,2,0,3,0,3,0,3,0,4,0,1.0
P26368,475.0,mRNA,SEG_intermediate,1,2,1,3,1,4,1,4,1,5,-1,0.0
P13639,858.0,tRNA,SEG_intermediate,0,2,0,3,0,3,0,3,0,4,0,1.0
F5H0R1,912.0,snRNA,SEG_intermediate,1,2,1,3,1,4,1,4,1,5,2,0.3810052066446962
Q96DU9,382.0,mRNA,SEG_intermediate,0,2,0,3,0,3,0,3,0,4,0,1.0
Q9UNX4,943.0,snoRNA,SEG_intermediate,1,2,1,2,3,2,3,2,3,3,-1,0.0
Q96DV4,380.0,ribosomal protein,SEG_intermediate,0,2,0,3,0,3,0,3,0,4,0,1.0
O14893,280.0,snRNA,SEG_intermediate,0,2,0,3,0,3,0,3,0,4,0,1.0
Q7L2J0,689.0,ncRNA,SEG_intermediate,0,2,0,3,0,3,0,3,0,4,0,1.0
O15235,138.0,ribosomal protein,SEG_intermediate,0,2,0,3,0,3,0,3,0,4,0,1.0
Q6L8Q7,609.0,mRNA,SEG_intermediate,1,2,1,3,1,4,1,4,1,5,-1,0.0
Q9BWF3,364.0,mRNA,SEG_intermediate,1,2,1,3,1,4,1,4,1,5,2,0.5859939439617473
Q9UI30,125.0,tRNA,SEG_intermediate,0,2,0,3,0,3,0,3,0,4,0,1.0
O14746,1132.0,ncRNA,SEG_intermediate,0,2,0,3,0,3,0,3,0,4,0,1.0
Q96IZ6,378.0,tRNA,SEG_intermediate,0,2,0,3,0,3,0,3,0,4,0,1.0
Q8IUX4,373.0,mRNA,SEG_intermediate,0,2,0,3,0,3,0,3,0,4,0,1.0
O95149,360.0,snRNA,SEG_intermediate,0,2,0,3,0,3,0,3,0,4,0,1.0
Q969S3,477.0,unknown,SEG_intermediate,1,2,1,3,1,4,4,4,4,5,1,0.8705531149821056
Q32MZ4,808.0,ncRNA,SEG_intermediate,1,2,0,2,3,2,3,2,3,3,-1,0.0
Q9UL03,887.0,snRNA,SEG_intermediate,0,2,0,3,0,3,0,3,0,4,0,1.0
O43290,800.0,snRNA,SEG_intermediate,1,2,2,2,3,2,3,2,3,3,-1,0.0
Q9BQ04,359.0,mRNA,SEG_intermediate,1,2,2,2,3,2,3,2,3,3,-1,0.0
O15116,133.0,snRNA,SEG_intermediate,0,2,0,3,0,3,0,3,0,4,0,1.0
Q8WW27,367.0,mRNA,SEG_intermediate,0,2,0,3,0,3,0,3,0,4,0,1.0
Q9BUQ8,820.0,snRNA,SEG_intermediate,1,1,2,1,2,1,2,1,2,2,-1,0.0
Q9BQC6,102.0,ribosomal protein,SEG_intermediate,0,2,0,3,0,3,0,3,0,4,0,1.0
O15446,510.0,pre-rRNA,SEG_intermediate,0,2,0,3,0,3,0,3,0,4,0,1.0
Q8IY37,1157.0,snoRNA,SEG_intermediate,1,2,1,2,3,2,3,2,3,3,-1,0.0
Q6ZNH5,498.0,unknown,SEG_intermediate,0,2,0,3,0,3,0,3,0,4,0,1.0
Q9HA38,289.0,ncRNA,SEG_intermediate,0,2,0,3,0,3,0,3,0,4,0,1.0
Q8TDE3,154.0,diverse,SEG_intermediate,0,2,0,3,0,3,0,3,0,4,0,1.0
Q12972,351.0,diverse,SEG_intermediate,0,2,0,3,0,3,0,3,0,4,0,1.0
Q96PK6,669.0,mRNA,SEG_intermediate,1,2,2,2,3,2,3,2,3,3,-1,0.0
Q96G46,650.0,tRNA,SEG_intermediate,0,2,0,3,0,3,0,3,0,4,0,1.0
Q00341,1268.0,mRNA,SEG_intermediate,0,2,0,3,0,3,0,3,0,4,0,1.0
P52594,562.0,mRNA,SEG_intermediate,0,2,0,3,0,3,0,3,0,4,0,1.0
Q9UHB9,627.0,ncRNA,SEG_intermediate,1,2,1,3,1,4,4,4,4,5,-1,0.0
Q8N5Y2,521.0,ncRNA,SEG_intermediate,0,2,0,3,0,3,0,3,0,4,0,1.0
Q9H2W6,279.0,ribosomal protein,SEG_intermediate,0,2,0,3,0,3,0,3,0,4,0,1.0
Q7L0Y3,403.0,ncRNA,SEG_intermediate,0,2,0,3,0,3,0,3,0,4,0,1.0
Q7Z7L1,901.0,tRNA,SEG_intermediate,0,2,0,3,0,3,0,3,0,4,0,1.0
Q86YN6,1023.0,unknown,SEG_intermediate,1,1,2,1,2,1,2,1,2,2,-1,0.0
Q53GS9,565.0,snRNA,SEG_intermediate,0,2,0,3,0,3,0,3,0,4,0,1.0
Q14103,355.0,mRNA,SEG_intermediate,1,2,2,2,3,2,3,2,3,3,-1,0.0
O60930,286.0,diverse,SEG_intermediate,0,2,0,3,0,3,0,3,0,4,0,1.0
Q8N8L2,437.0,unknown,SEG_intermediate,0,2,0,3,0,3,0,3,0,4,0,1.0
Q969Y2,492.0,tRNA,SEG_intermediate,0,2,0,3,0,3,0,3,0,4,0,1.0
Q07666,443.0,mRNA,SEG_intermediate,1,2,2,2,3,2,3,2,3,3,-1,0.0
P43897,325.0,mRNA,SEG_intermediate,0,2,0,3,0,3,0,3,0,4,0,1.0
Q13064,507.0,mRNA,SEG_intermediate,1,2,1,3,1,4,1,4,1,5,2,0.41115805129516575
A0A384DVK4,778.0,unknown,SEG_intermediate,0,2,0,3,0,3,0,3,0,4,0,1.0
Q8NBJ9,832.0,ncRNA,SEG_intermediate,1,2,1,3,1,4,4,4,4,5,-1,0.0
Q9UBP6,276.0,tRNA,SEG_intermediate,0,2,0,3,0,3,0,3,0,4,0,1.0
P78317,190.0,unknown,SEG_intermediate,0,2,0,3,0,3,0,3,0,4,0,1.0
Q92665,395.0,ribosomal protein,SEG_intermediate,0,2,0,3,0,3,0,3,0,4,0,1.0
Q9NPD3,245.0,diverse,SEG_intermediate,0,2,0,3,0,3,0,3,0,4,0,1.0
Q12996,717.0,mRNA,SEG_intermediate,0,2,0,3,0,3,0,3,0,4,0,1.0
Q13151,305.0,mRNA,SEG_intermediate,1,1,2,1,2,1,2,1,5,2,-1,0.0
Q5ST30,1063.0,tRNA,SEG_intermediate,0,2,0,3,0,3,0,3,0,4,0,1.0
O95363,451.0,tRNA,SEG_intermediate,0,2,0,3,0,3,0,3,0,4,0,1.0
F8W8D3,277.0,mRNA,SEG_intermediate,0,2,0,3,0,3,0,3,0,4,0,1.0
Q15022,739.0,ncRNA,SEG_intermediate,1,2,1,3,1,4,4,4,4,5,-1,0.0
Q8N8U3,475.0,unknown,SEG_intermediate,0,2,0,3,0,3,0,3,0,4,0,1.0
Q9HAZ1,481.0,mRNA,SEG_intermediate,0,2,0,3,0,3,0,3,0,4,0,1.0
O75643,2136.0,snRNA,SEG_intermediate,0,2,0,3,0,3,0,3,0,4,0,1.0
Q8N2A8,252.0,ncRNA,SEG_intermediate,1,2,1,3,1,4,1,4,1,5,-1,0.0
Q5PRF9,694.0,mRNA,SEG_intermediate,0,2,0,3,0,3,0,3,0,4,0,1.0
P82912,194.0,ribosomal protein,SEG_intermediate,0,2,0,3,0,3,0,3,0,4,0,1.0
O94762,991.0,unknown,SEG_intermediate,0,2,0,3,0,3,0,3,0,4,0,1.0
Q9BUL9,199.0,ncRNA,SEG_intermediate,0,2,0,3,0,3,0,3,0,4,0,1.0
Q7Z6E9,1792.0,mRNA,SEG_intermediate,1,1,2,1,2,1,2,1,2,2,-1,0.0
Q9Y3T9,749.0,pre-rRNA,SEG_intermediate,1,2,1,3,1,4,4,4,4,5,1,1.0
O75818,363.0,ncRNA,SEG_intermediate,0,2,0,3,0,3,0,3,0,4,0,1.0
Q93062,196.0,mRNA,SEG_intermediate,0,2,0,3,0,3,0,3,0,4,0,1.0
Q96EL2,167.0,ribosomal protein,SEG_intermediate,0,2,0,3,0,3,0,3,0,4,0,1.0
O75569,313.0,ncRNA,SEG_intermediate,0,2,0,3,0,3,0,3,0,4,0,1.0
Q96I24,572.0,mRNA,SEG_intermediate,1,2,1,3,1,4,1,4,1,5,-1,0.0
P19338,710.0,snoRNA,SEG_intermediate,1,1,2,1,2,1,2,1,5,2,-1,0.0
Q9Y265,456.0,mRNA,SEG_intermediate,0,2,0,3,0,3,0,3,0,4,0,1.0
Q96E39,390.0,mRNA,SEG_intermediate,0,2,0,3,0,3,0,3,0,4,0,1.0
P62244,130.0,ribosomal protein,SEG_intermediate,0,2,0,3,0,3,0,3,0,4,0,1.0
P16383,781.0,mRNA,SEG_intermediate,0,2,0,3,0,3,0,3,0,4,0,1.0
Q13435,895.0,mRNA,SEG_intermediate,1,1,2,1,2,1,2,1,2,2,-1,0.0
Q8NC26,417.0,unknown,SEG_intermediate,0,2,0,3,0,3,0,3,0,4,0,1.0
Q96BK5,328.0,ncRNA,SEG_intermediate,0,2,0,3,0,3,0,3,0,4,0,1.0
Q9H649,340.0,unknown,SEG_intermediate,0,2,0,3,0,3,0,3,0,4,0,1.0
Q7KZ85,1726.0,mRNA,SEG_intermediate,1,1,2,1,2,1,2,1,2,2,-1,0.0
Q969L4,123.0,snRNA,SEG_intermediate,0,2,0,3,0,3,0,3,0,4,0,1.0
Q9H0S4,455.0,pre-rRNA,SEG_intermediate,0,2,0,3,0,3,0,3,0,4,0,1.0
Q15910,746.0,ncRNA,SEG_intermediate,1,2,1,3,1,4,4,4,4,5,-1,0.0
Q9Y3D9,190.0,ribosomal protein,SEG_intermediate,0,2,0,3,0,3,0,3,0,4,0,1.0
Q8NAF0,562.0,unknown,SEG_intermediate,1,2,2,2,3,2,3,2,3,3,-1,0.0
Q9Y6M1,599.0,mRNA,SEG_intermediate,0,2,0,3,0,3,0,3,0,4,0,1.0
Q9Y2Z4,477.0,tRNA,SEG_intermediate,0,2,0,3,0,3,0,3,0,4,0,1.0
Q6ZP01,1051.0,mRNA,SEG_intermediate,0,2,0,3,0,3,0,3,0,4,0,1.0
Q96SI9,672.0,mRNA,SEG_intermediate,0,2,0,3,0,3,0,3,0,4,0,1.0
Q9Y3A4,280.0,pre-rRNA,SEG_intermediate,0,2,0,3,0,3,0,3,0,4,0,1.0
P57678,1058.0,snRNA,SEG_intermediate,0,2,0,3,0,3,0,3,0,4,0,1.0
Q8TF46,1054.0,diverse,SEG_intermediate,0,2,0,3,0,3,0,3,0,4,0,1.0
Q15050,365.0,pre-rRNA,SEG_intermediate,0,2,0,3,0,3,0,3,0,4,0,1.0
P05387,115.0,ribosomal protein,SEG_intermediate,1,2,2,2,3,2,3,2,3,3,-1,0.0
P49411,455.0,mRNA,SEG_intermediate,0,2,0,3,0,3,0,3,0,4,0,1.0
Q07864,2286.0,unknown,SEG_intermediate,1,2,1,3,1,4,4,4,4,5,1,0.6146311097890959
Q9NQT5,275.0,diverse,SEG_intermediate,0,2,0,3,0,3,0,3,0,4,0,1.0
Q9H9L3,353.0,pre-rRNA,SEG_intermediate,0,2,0,3,0,3,0,3,0,4,0,1.0
Q9BWU0,742.0,unknown,SEG_intermediate,1,2,1,3,1,4,4,4,4,5,1,0.9227156351212135
Q8TDD1,881.0,pre-rRNA,SEG_intermediate,0,2,0,3,0,3,0,3,0,4,0,1.0
Q14258,630.0,mRNA,SEG_intermediate,0,2,0,3,0,3,0,3,0,4,0,1.0
Q96MX3,618.0,unknown,SEG_intermediate,0,2,0,3,0,3,0,3,0,4,0,1.0
Q7Z7H8,261.0,ribosomal protein,SEG_intermediate,0,2,0,3,0,3,0,3,0,4,0,1.0
Q8WWY3,499.0,snRNA,SEG_intermediate,1,2,1,3,1,4,4,4,4,5,1,0.7994659546061413
P62875,67.0,mRNA,SEG_intermediate,0,2,0,3,0,3,0,3,0,4,0,1.0
Q9BUR4,548.0,ncRNA,SEG_intermediate,0,2,0,3,0,3,0,3,0,4,0,1.0
Q6AZW8,331.0,unknown,SEG_intermediate,0,2,0,3,0,3,0,3,0,4,0,1.0
Q02040,695.0,mRNA,SEG_intermediate,1,2,2,2,3,2,3,2,3,3,-1,0.0
P52272,730.0,mRNA,SEG_intermediate,0,2,0,3,0,3,0,3,0,4,0,1.0
Q3MIT2,529.0,tRNA,SEG_intermediate,0,2,0,3,0,3,0,3,0,4,0,1.0
Q92615,738.0,mRNA,SEG_intermediate,0,2,0,3,0,3,0,3,0,4,0,1.0
Q69YN2,538.0,mRNA,SEG_intermediate,0,2,0,3,0,3,0,3,0,4,0,1.0
Q86W42,341.0,mRNA,SEG_intermediate,0,2,0,3,0,3,0,3,0,4,0,1.0
P49759,484.0,mRNA,SEG_intermediate,1,2,1,3,1,4,4,4,4,5,-1,0.0
Q86XZ4,545.0,mRNA,SEG_intermediate,1,2,1,3,1,4,4,4,4,5,-1,0.0
Q8NDV7,1962.0,mRNA,SEG_intermediate,1,2,1,2,3,2,3,2,3,3,-1,0.0
Q9NV31,184.0,snoRNA,SEG_intermediate,0,2,0,3,0,3,0,3,0,4,0,1.0
Q7Z6J9,526.0,tRNA,SEG_intermediate,0,2,0,3,0,3,0,3,0,4,0,1.0
Q6P9B9,1019.0,snRNA,SEG_intermediate,1,2,1,3,1,4,4,4,4,5,-1,0.0
Q9NRA8,985.0,mRNA,SEG_intermediate,0,2,0,3,0,3,0,3,0,4,0,1.0
Q9UBC3,853.0,diverse,SEG_intermediate,0,2,0,3,0,3,0,3,0,4,0,1.0
O94992,359.0,ncRNA,SEG_intermediate,1,2,1,3,1,4,4,4,4,5,-1,0.0
P98175,930.0,mRNA,SEG_intermediate,1,2,1,3,1,4,4,4,4,5,-1,0.0
A4D1E1,1349.0,unknown,SEG_intermediate,0,2,0,3,0,3,0,3,0,4,0,1.0
Q9Y295,367.0,mRNA,SEG_intermediate,0,2,0,3,0,3,0,3,0,4,0,1.0
Q53H54,448.0,tRNA,SEG_intermediate,0,2,0,3,0,3,0,3,0,4,0,1.0
Q6ZN04,569.0,mRNA,SEG_intermediate,1,1,2,1,2,1,2,1,2,2,-1,0.0
Q9UJV9,622.0,mRNA,SEG_intermediate,1,2,1,3,1,4,1,4,1,5,-1,0.0
Q6GMV3,140.0,tRNA,SEG_intermediate,0,2,0,3,0,3,0,3,0,4,0,1.0
Q5T1V6,619.0,mRNA,SEG_intermediate,0,2,0,3,0,3,0,3,0,4,0,1.0
B0QYK0,618.0,mRNA,SEG_intermediate,1,1,2,1,2,1,2,1,5,2,-1,0.0
Q6ZSC3,357.0,mRNA,SEG_intermediate,0,2,0,3,0,3,0,3,0,4,0,1.0
Q53S33,107.0,unknown,SEG_intermediate,0,2,0,3,0,3,0,3,0,4,0,1.0
Q6P161,138.0,ribosomal protein,SEG_intermediate,0,2,0,3,0,3,0,3,0,4,0,1.0
P26641,437.0,tRNA,SEG_intermediate,0,2,0,3,0,3,0,3,0,4,0,1.0
Q14147,1143.0,mRNA,SEG_intermediate,0,2,0,3,0,3,0,3,0,4,0,1.0
Q8N5A5,531.0,unknown,SEG_intermediate,1,2,1,3,1,4,4,4,4,5,-1,0.0
Q8IYY4,767.0,mRNA,SEG_intermediate,0,2,0,3,0,3,0,3,0,4,0,1.0
Q9NUL7,540.0,pre-rRNA,SEG_intermediate,0,2,0,3,0,3,0,3,0,4,0,1.0
Q9H0L4,616.0,mRNA,SEG_intermediate,1,2,1,3,1,4,1,4,1,5,2,1.0
Q00577,322.0,mRNA,SEG_intermediate,1,2,1,3,1,4,4,4,4,5,-1,0.0
P84022,425.0,ncRNA,SEG_intermediate,0,2,0,3,0,3,0,3,0,4,0,1.0
Q71DI3,136.0,unknown,SEG_intermediate,0,2,0,3,0,3,0,3,0,4,0,1.0
Q9NQ50,206.0,ribosomal protein,SEG_intermediate,0,2,0,3,0,3,0,3,0,4,0,1.0
F8W6I7,307.0,mRNA,SEG_intermediate,0,2,2,2,3,2,3,2,3,3,-1,0.0
P52815,198.0,ribosomal protein,SEG_intermediate,0,2,0,3,0,3,0,3,0,4,0,1.0
Q7Z4G4,463.0,tRNA,SEG_intermediate,0,2,0,3,0,3,0,3,0,4,0,1.0
Q86WX3,136.0,unknown,SEG_intermediate,0,2,0,3,0,3,0,3,0,4,0,1.0
Q86XU0,584.0,unknown,SEG_intermediate,0,2,0,3,0,3,0,3,0,4,0,1.0
Q8WXA9,508.0,mRNA,SEG_intermediate,1,1,2,1,2,1,2,1,5,2,-1,0.0
Q2NKX8,1250.0,unknown,SEG_intermediate,0,2,0,3,0,3,0,3,0,4,0,1.0
Q9NPJ4,139.0,mRNA,SEG_intermediate,0,2,0,3,0,3,0,3,0,4,0,1.0
Q7Z5W3,292.0,ncRNA,SEG_intermediate,0,2,0,3,0,3,0,3,0,4,0,1.0
O75533,1304.0,mRNA,SEG_intermediate,0,2,0,3,0,3,0,3,0,4,0,1.0
Q9BZC1,486.0,mRNA,SEG_intermediate,0,2,0,3,0,3,0,3,0,4,0,1.0
Q92973,898.0,mRNA,SEG_intermediate,1,2,1,3,1,4,4,4,4,5,1,0.8339202072424382
Q6PKG0,1096.0,mRNA,SEG_intermediate,1,2,1,2,3,2,3,2,3,3,-1,0.0
O15523,660.0,mRNA,SEG_intermediate,1,2,1,3,1,4,1,4,1,5,-1,0.0
O43143,795.0,mRNA,SEG_intermediate,1,2,2,2,3,2,3,2,3,3,-1,0.0
P03950,147.0,diverse,SEG_intermediate,1,2,1,3,1,4,4,4,4,5,-1,0.0
P49450,140.0,unknown,SEG_intermediate,0,2,0,3,0,3,0,3,0,4,0,1.0
Q13523,1007.0,snRNA,SEG_intermediate,0,2,1,2,3,2,3,2,3,3,-1,0.0
Q7Z7F7,128.0,ribosomal protein,SEG_intermediate,0,2,0,3,0,3,0,3,0,4,0,1.0
Q9BQ52,826.0,tRNA,SEG_intermediate,0,2,0,3,0,3,0,3,0,4,0,1.0
Q5TBB1,312.0,diverse,SEG_intermediate,0,2,0,3,0,3,0,3,0,4,0,1.0
P82979,210.0,mRNA,SEG_intermediate,0,2,0,3,0,3,0,3,0,4,0,1.0
Q9NQM4,214.0,unknown,SEG_intermediate,0,2,0,3,0,3,0,3,0,4,0,1.0
Q8N3Z6,543.0,diverse,SEG_intermediate,0,2,0,3,0,3,0,3,0,4,0,1.0
A2RTX5,802.0,tRNA,SEG_intermediate,0,2,0,3,0,3,0,3,0,4,0,1.0
Q9NZE8,188.0,ribosomal protein,SEG_intermediate,0,2,0,3,0,3,0,3,0,4,0,1.0
P52597,415.0,mRNA,SEG_intermediate,0,2,0,3,0,3,0,3,0,4,0,1.0
Q9NVN8,582.0,pre-rRNA,SEG_intermediate,0,2,0,3,0,3,0,3,0,4,0,1.0
Q8TAQ5,688.0,unknown,SEG_intermediate,0,2,0,3,0,3,0,3,0,4,0,1.0
Q8WU90,426.0,unknown,SEG_intermediate,0,2,0,3,0,3,0,3,0,4,0,1.0
Q8TDN6,353.0,pre-rRNA,SEG_intermediate,0,2,0,3,0,3,0,3,0,4,0,1.0
P68104,462.0,tRNA,SEG_intermediate,0,2,0,3,0,3,0,3,0,4,0,1.0
F8W727,153.0,ribosomal protein,SEG_intermediate,0,2,0,3,0,3,0,3,0,4,0,1.0
Q9Y388,322.0,mRNA,SEG_intermediate,1,2,1,3,1,4,4,4,4,5,-1,0.0
Q14684,758.0,pre-rRNA,SEG_intermediate,0,2,0,3,0,3,0,3,0,4,0,1.0
Q86U06,439.0,mRNA,SEG_intermediate,1,2,2,2,3,2,3,2,3,3,-1,0.0
Q9BV44,507.0,tRNA,SEG_intermediate,0,2,0,3,0,3,0,3,0,4,0,1.0
Q6IEG0,339.0,snRNA,SEG_intermediate,0,2,0,3,0,3,0,3,0,4,0,1.0
Q8TBZ8,553.0,unknown,SEG_intermediate,0,2,0,3,0,3,0,3,0,4,0,1.0
Q17RN3,349.0,unknown,SEG_intermediate,0,2,0,3,0,3,0,3,0,4,0,1.0
P60321,138.0,mRNA,SEG_intermediate,0,2,0,3,0,3,0,3,0,4,0,1.0
Q9BYC9,149.0,ribosomal protein,SEG_intermediate,0,2,0,3,0,3,0,3,0,4,0,1.0
P51508,661.0,unknown,SEG_intermediate,0,2,0,3,0,3,0,3,0,4,0,1.0
P06748,294.0,pre-rRNA,SEG_intermediate,0,2,2,2,3,2,3,2,3,3,-1,0.0
Q8NEF9,429.0,pre-rRNA,SEG_intermediate,0,2,0,3,0,3,0,3,0,4,0,1.0
Q13485,552.0,ncRNA,SEG_intermediate,1,2,1,3,1,4,1,4,1,5,2,0.39945679290311054
P51398,398.0,ribosomal protein,SEG_intermediate,0,2,0,3,0,3,0,3,0,4,0,1.0
P27635,214.0,ribosomal protein,SEG_intermediate,0,2,0,3,0,3,0,3,0,4,0,1.0
Q969H6,163.0,ncRNA,SEG_intermediate,1,2,1,3,1,4,4,4,4,5,-1,0.0
P60323,173.0,mRNA,SEG_intermediate,1,2,1,3,1,4,4,4,4,5,-1,0.0
P35789,620.0,unknown,SEG_intermediate,0,2,0,3,0,3,0,3,0,4,0,1.0
P62316,118.0,snRNA,SEG_intermediate,0,2,0,3,0,3,0,3,0,4,0,1.0
P53803,58.0,mRNA,SEG_intermediate,0,2,0,3,0,3,0,3,0,4,0,1.0
P52756,815.0,mRNA,SEG_intermediate,1,2,1,3,1,4,4,4,4,5,-1,0.0
H7BXY3,1166.0,mRNA,SEG_intermediate,1,2,1,3,1,4,4,4,4,5,-1,0.0
Q04637,1599.0,mRNA,SEG_intermediate,1,2,1,2,3,2,3,2,3,3,1,0.38456739995385725
Q9UPY3,1922.0,ncRNA,SEG_intermediate,0,2,0,2,3,2,3,2,3,3,-1,0.0
P49761,490.0,mRNA,SEG_intermediate,0,2,1,2,3,2,3,2,3,3,-1,0.0
Q5T619,568.0,unknown,SEG_intermediate,0,2,0,3,0,3,0,3,0,4,0,1.0
P07998,156.0,diverse,SEG_intermediate,1,2,1,3,1,4,4,4,4,5,-1,0.0
Q9UDW3,170.0,snRNA,SEG_intermediate,0,2,0,3,0,3,0,3,0,4,0,1.0
Q6ZN17,250.0,mRNA,SEG_intermediate,0,2,0,3,0,3,0,3,0,4,0,1.0
Q96MT3,831.0,unknown,SEG_intermediate,0,2,0,2,3,2,3,2,3,3,-1,0.0
Q9UJV8,347.0,mRNA,SEG_intermediate,1,2,1,3,1,4,4,4,4,5,-1,0.0
Q14157,1087.0,mRNA,SEG_intermediate,1,1,2,1,2,1,2,1,2,2,-1,0.0
Q8WW36,166.0,mRNA,SEG_intermediate,1,2,1,3,1,4,4,4,4,5,-1,0.0
Q5T9H5,84.0,mRNA,SEG_intermediate,0,2,0,3,0,3,0,3,0,4,0,1.0
Q969Q0,106.0,ribosomal protein,SEG_intermediate,0,2,0,3,0,3,0,3,0,4,0,1.0
P46778,160.0,ribosomal protein,SEG_intermediate,0,2,0,3,0,3,0,3,0,4,0,1.0
P05386,114.0,ribosomal protein,SEG_intermediate,1,2,1,3,1,4,1,4,1,5,-1,0.0
Q9NR30,783.0,pre-rRNA,SEG_intermediate,0,2,0,3,0,3,0,3,0,4,0,1.0
Q8TEX9,1081.0,mRNA,SEG_intermediate,0,2,0,2,3,2,3,2,3,3,1,0.9055369295231143
A2RUC4,315.0,tRNA,SEG_intermediate,0,2,0,3,0,3,0,3,0,4,0,1.0
P22626,353.0,mRNA,SEG_intermediate,0,2,2,2,3,2,3,2,3,3,-1,0.0
Q7KZF4,910.0,mRNA,SEG_intermediate,0,2,0,3,0,3,0,3,0,4,0,1.0
Q86TS9,123.0,ribosomal protein,SEG_intermediate,0,2,0,3,0,3,0,3,0,4,0,1.0
Q8NHU6,1098.0,mRNA,SEG_intermediate,0,2,0,3,0,3,0,3,0,4,0,1.0
Q8NI27,1593.0,mRNA,SEG_intermediate,1,1,2,1,2,1,2,1,2,2,-1,0.0
Q8IWR0,971.0,unknown,SEG_intermediate,0,2,0,3,0,3,0,3,0,4,0,1.0
Q86UA1,669.0,snRNA,SEG_intermediate,0,2,0,3,0,3,0,3,0,4,0,1.0
Q03468,1493.0,unknown,SEG_intermediate,1,2,1,3,1,4,4,4,4,5,1,0.6756606254575993
Q9H0Z9,239.0,mRNA,SEG_intermediate,0,2,0,3,0,3,0,3,0,4,0,1.0
Q13283,466.0,mRNA,SEG_intermediate,0,1,2,1,2,1,2,1,2,2,-1,0.0
Q9HAU5,1272.0,mRNA,SEG_intermediate,0,2,1,2,3,2,3,2,3,3,-1,0.0
P62854,115.0,ribosomal protein,SEG_intermediate,0,2,0,3,0,3,0,3,0,4,0,1.0
J3KP02,692.0,unknown,SEG_intermediate,0,2,0,3,0,3,0,3,0,4,0,1.0
Q14204,4646.0,mRNA,SEG_intermediate,0,2,0,3,0,3,0,3,0,4,0,1.0
P18583,2426.0,mRNA,SEG_intermediate,1,1,2,1,2,1,2,1,2,2,-1,0.0
P26599,557.0,mRNA,SEG_intermediate,1,2,1,3,1,4,1,4,1,5,-1,0.0
O75437,659.0,unknown,SEG_intermediate,0,2,0,3,0,3,0,3,0,4,0,1.0
Q6NZI2,390.0,pre-rRNA,SEG_intermediate,0,2,0,3,0,3,0,3,0,4,0,1.0
O95985,862.0,mRNA,SEG_intermediate,1,2,1,3,1,4,4,4,4,5,-1,0.0
P23246,707.0,mRNA,SEG_intermediate,1,1,2,1,2,1,2,1,5,2,-1,0.0
P78362,688.0,mRNA,SEG_intermediate,1,2,1,2,3,2,3,2,3,3,-1,0.0
Q32P51,320.0,mRNA,SEG_intermediate,0,2,2,2,3,2,3,2,3,3,-1,0.0
O00410,1097.0,mRNA,SEG_intermediate,0,2,0,3,0,3,0,3,0,4,0,1.0
P49642,420.0,diverse,SEG_intermediate,0,2,0,3,0,3,0,3,0,4,0,1.0
Q8IY31,132.0,unknown,SEG_intermediate,0,2,0,3,0,3,0,3,0,4,0,1.0
Q12904,312.0,tRNA,SEG_intermediate,1,2,1,3,1,4,4,4,4,5,-1,0.0
Q9UL40,294.0,unknown,SEG_intermediate,0,2,0,3,0,3,0,3,0,4,0,1.0
Q9HCS7,855.0,mRNA,SEG_intermediate,0,2,0,3,0,3,0,3,0,4,0,1.0
Q92879,486.0,mRNA,SEG_intermediate,1,2,1,2,3,2,3,2,3,3,-1,0.0
O75179,2603.0,unknown,SEG_intermediate,1,1,2,1,2,1,2,1,2,2,-1,0.0
P61964,334.0,ncRNA,SEG_intermediate,0,2,0,3,0,3,0,3,0,4,0,1.0
Q6P2E9,1401.0,mRNA,SEG_intermediate,1,2,1,3,1,4,1,4,1,5,2,0.4163700895332977
Q9H4L7,1026.0,unknown,SEG_intermediate,0,2,0,3,0,3,0,3,0,4,0,1.0
Q9UGY1,213.0,pre-rRNA,SEG_intermediate,0,2,0,3,0,3,0,3,0,4,0,1.0
P68431,136.0,unknown,SEG_intermediate,0,2,0,3,0,3,0,3,0,4,0,1.0
Q86XP3,938.0,mRNA,SEG_intermediate,1,2,1,3,1,4,4,4,4,5,-1,0.0
B0QYY4,370.0,mRNA,SEG_intermediate,1,2,1,3,1,4,1,4,1,5,-1,0.0
Q7Z2Z2,1120.0,tRNA,SEG_intermediate,0,2,0,3,0,3,0,3,0,4,0,1.0
P26358,1616.0,ncRNA,SEG_intermediate,1,2,1,3,1,4,4,4,4,5,-1,0.0
Q9NV66,732.0,tRNA,SEG_intermediate,1,2,1,3,1,4,4,4,4,5,1,0.9318010690282853
Q9NTZ6,932.0,mRNA,SEG_intermediate,1,2,1,2,3,2,3,2,3,3,-1,0.0
Q8IYB8,786.0,mRNA,SEG_intermediate,0,2,0,3,0,3,0,3,0,4,0,1.0
Q9UN86,482.0,mRNA,SEG_intermediate,1,2,1,3,1,4,4,4,4,5,-1,0.0
Q9BXY0,300.0,pre-rRNA,SEG_intermediate,1,2,1,3,1,4,4,4,4,5,1,0.5237538940809966
Q9NR50,452.0,mRNA,SEG_intermediate,0,2,0,3,0,3,0,3,0,4,0,1.0
P62495,437.0,mRNA,SEG_intermediate,0,2,0,3,0,3,0,3,0,4,0,1.0
Q9H7N4,1312.0,mRNA,SEG_intermediate,1,1,2,1,2,1,2,1,5,2,-1,0.0
P36776,959.0,diverse,SEG_intermediate,1,2,1,3,1,4,1,4,1,5,2,0.40845982319677704
Q9BZE4,634.0,pre-rRNA,SEG_intermediate,0,2,0,3,0,3,0,3,0,4,0,1.0
Q8IWZ3,2542.0,unknown,SEG_intermediate,1,1,2,1,2,1,2,1,2,2,-1,0.0
Q9BZE1,423.0,ribosomal protein,SEG_intermediate,0,2,0,3,0,3,0,3,0,4,0,1.0
P55884,814.0,mRNA,SEG_intermediate,0,2,0,3,0,3,0,3,0,4,0,1.0
P11387,765.0,unknown,SEG_intermediate,1,2,1,3,1,4,4,4,4,5,-1,0.0
O14602,144.0,mRNA,SEG_intermediate,0,2,0,3,0,3,0,3,0,4,0,1.0
P30050,165.0,ribosomal protein,SEG_intermediate,0,2,0,3,0,3,0,3,0,4,0,1.0
Q96P70,1041.0,mRNA,SEG_intermediate,1,1,2,1,2,1,2,1,2,2,-1,0.0
Q5T280,376.0,unknown,SEG_intermediate,0,2,0,3,0,3,0,3,0,4,0,1.0
P49760,499.0,mRNA,SEG_intermediate,0,2,2,2,3,2,3,2,3,3,-1,0.0
Q12905,390.0,mRNA,SEG_intermediate,1,2,2,2,3,2,3,2,3,3,-1,0.0
Q86Y13,1208.0,mRNA,SEG_intermediate,1,2,1,3,1,4,4,4,4,5,-1,0.0
Q9UPR3,1016.0,mRNA,SEG_intermediate,0,2,1,2,3,2,3,2,3,3,-1,0.0
P62891,51.0,ribosomal protein,SEG_intermediate,0,2,0,3,0,3,0,3,0,4,0,1.0
Q9UQ84,846.0,diverse,SEG_intermediate,0,2,0,3,0,3,0,3,0,4,0,1.0
Q9H583,2144.0,snoRNA,SEG_intermediate,0,2,0,3,0,3,0,3,0,4,0,1.0
Q16695,136.0,unknown,SEG_intermediate,0,2,0,3,0,3,0,3,0,4,0,1.0
P09874,1014.0,mRNA,SEG_intermediate,0,2,0,3,0,3,0,3,0,4,0,1.0
E9PE20,66.0,ncRNA,SEG_intermediate,0,2,0,3,0,3,0,3,0,4,0,1.0
P07814,1512.0,tRNA,SEG_intermediate,1,2,1,3,1,4,4,4,4,5,-1,0.0
Q9Y3B9,282.0,pre-rRNA,SEG_intermediate,0,2,0,3,0,3,0,3,0,4,0,1.0
Q9NVH2,962.0,snRNA,SEG_intermediate,1,2,1,3,1,4,1,4,1,5,2,0.40329093160904633
Q9H0U6,180.0,ribosomal protein,SEG_intermediate,0,2,0,3,0,3,0,3,0,4,0,1.0
Q8WVM0,346.0,pre-rRNA,SEG_intermediate,0,2,0,3,0,3,0,3,0,4,0,1.0
Q9UPN6,1271.0,mRNA,SEG_intermediate,1,1,2,1,2,1,2,1,2,2,-1,0.0
Q9UGC7,380.0,mRNA,SEG_intermediate,0,2,0,3,0,3,0,3,0,4,0,1.0
P12270,2363.0,mRNA,SEG_intermediate,0,2,0,2,3,2,3,2,3,3,-1,0.0
Q5T5J6,900.0,mRNA,SEG_intermediate,0,2,0,3,0,3,0,3,0,4,0,1.0
Q7Z2T5,733.0,tRNA,SEG_intermediate,1,2,1,2,3,2,3,2,3,3,-1,0.0
Q08211,1270.0,ncRNA,SEG_intermediate,1,2,0,2,3,2,3,2,3,3,-1,0.0
Q05823,741.0,ncRNA,SEG_intermediate,0,2,0,3,0,3,0,3,0,4,0,1.0
Q9BWJ5,86.0,mRNA,SEG_intermediate,0,2,0,3,0,3,0,3,0,4,0,1.0
Q5TC82,1133.0,mRNA,SEG_intermediate,0,2,0,3,0,3,0,3,0,4,0,1.0
Q96JY0,434.0,ncRNA,SEG_intermediate,0,2,0,3,0,3,0,3,0,4,0,1.0
Q96FB5,475.0,unknown,SEG_intermediate,0,2,0,3,0,3,0,3,0,4,0,1.0
Q9NR48,2969.0,ncRNA,SEG_intermediate,1,2,1,3,1,4,4,4,4,5,-1,0.0
P55265,1226.0,mRNA,SEG_intermediate,0,2,0,3,0,3,0,3,0,4,0,1.0
Q5VZ19,366.0,unknown,SEG_intermediate,0,2,0,3,0,3,0,3,0,4,0,1.0
Q9Y3Y2,248.0,mRNA,SEG_intermediate,1,2,1,3,1,4,4,4,4,5,-1,0.0
Q9Y2W6,561.0,ncRNA,SEG_intermediate,0,2,0,3,0,3,0,3,0,4,0,1.0
Q9BYD2,267.0,ribosomal protein,SEG_intermediate,0,2,0,3,0,3,0,3,0,4,0,1.0
Q5JPI9,236.0,tRNA,SEG_intermediate,0,2,0,3,0,3,0,3,0,4,0,1.0
Q8IV42,348.0,tRNA,SEG_intermediate,0,2,0,3,0,3,0,3,0,4,0,1.0
O60508,579.0,mRNA,SEG_intermediate,1,2,1,3,1,4,4,4,4,5,-1,0.0
Q9H0R6,528.0,tRNA,SEG_intermediate,0,2,0,3,0,3,0,3,0,4,0,1.0
Q9BW92,718.0,tRNA,SEG_intermediate,0,2,0,3,0,3,0,3,0,4,0,1.0
Q14152,1382.0,mRNA,SEG_intermediate,0,1,2,1,2,1,2,1,2,2,-1,0.0
O94874,794.0,unknown,SEG_intermediate,0,2,0,3,0,3,0,3,0,4,0,1.0
H9KV63,1113.0,ncRNA,SEG_intermediate,0,2,0,3,0,3,0,3,0,4,0,1.0
Q99590,1463.0,mRNA,SEG_intermediate,1,2,1,3,1,4,1,4,1,5,0,0.0
Q9UNY4,1162.0,mRNA,SEG_intermediate,1,2,1,3,1,4,1,4,1,5,2,0.6730161729220718
Q5T481,1227.0,mRNA,SEG_intermediate,1,2,1,3,1,4,1,4,1,5,2,0.4141718074036819
Q00013,466.0,unknown,SEG_intermediate,0,2,0,3,0,3,0,3,0,4,0,1.0
O60832,514.0,snoRNA,SEG_intermediate,1,2,1,2,3,2,3,2,3,3,-1,0.0
O75940,238.0,mRNA,SEG_intermediate,0,2,0,3,0,3,0,3,0,4,0,1.0
O60506,623.0,mRNA,SEG_intermediate,1,1,2,1,2,1,2,1,2,2,-1,0.0
Q9UHI6,824.0,snRNA,SEG_intermediate,0,2,0,3,0,3,0,3,0,4,0,1.0
Q96IP4,442.0,unknown,SEG_intermediate,1,2,1,3,1,4,4,4,4,5,-1,0.0
Q9H668,368.0,unknown,SEG_intermediate,0,2,0,3,0,3,0,3,0,4,0,1.0
Q14690,1871.0,snoRNA,SEG_intermediate,0,2,0,3,0,3,0,3,0,4,0,1.0
Q5T5C7,536.0,tRNA,SEG_intermediate,0,2,0,3,0,3,0,3,0,4,0,1.0
A0A0A0MRM9,708.0,snoRNA,SEG_intermediate,1,1,2,1,2,1,2,1,5,2,-1,0.0
X6R7H2,631.0,mRNA,SEG_intermediate,1,2,2,2,3,2,3,2,3,3,-1,0.0
Q5VTL8,546.0,snRNA,SEG_intermediate,1,1,2,1,2,1,2,1,5,2,-1,0.0
Q5T8I9,393.0,ncRNA,SEG_intermediate,0,2,0,3,0,3,0,3,0,4,0,1.0
O75607,178.0,pre-rRNA,SEG_intermediate,1,2,1,3,1,4,4,4,4,5,-1,0.0
O00442,366.0,tRNA,SEG_intermediate,0,2,0,3,0,3,0,3,0,4,0,1.0
Q9NUP7,481.0,tRNA,SEG_intermediate,0,2,0,3,0,3,0,3,0,4,0,1.0
Q9UKA9,531.0,mRNA,SEG_intermediate,1,2,1,3,1,4,1,4,1,5,-1,0.0
Q8N983,215.0,ribosomal protein,SEG_intermediate,0,2,0,3,0,3,0,3,0,4,0,1.0
Q9Y2Z2,717.0,tRNA,SEG_intermediate,0,2,0,3,0,3,0,3,0,4,0,1.0
P46777,297.0,ribosomal protein,SEG_intermediate,0,2,0,3,0,3,0,3,0,4,0,1.0
Q9NXZ2,648.0,mRNA,SEG_intermediate,0,2,0,3,0,3,0,3,0,4,0,1.0
Q4VXA5,237.0,mRNA,SEG_intermediate,0,2,0,3,0,3,0,3,0,4,0,1.0
Q5JSQ8,128.0,mRNA,SEG_intermediate,0,2,0,3,0,3,0,3,0,4,0,1.0
A2PYH4,1435.0,unknown,SEG_intermediate,0,2,0,3,0,3,0,3,0,4,0,1.0
Q06787,632.0,mRNA,SEG_intermediate,1,2,1,3,1,4,4,4,4,5,-1,0.0
Q9H9Y2,349.0,pre-rRNA,SEG_intermediate,0,2,0,3,0,3,0,3,0,4,0,1.0
Q5JSJ4,861.0,mRNA,SEG_intermediate,0,2,0,3,0,3,0,3,0,4,0,1.0
Q9NUK0,354.0,mRNA,SEG_intermediate,0,2,0,3,0,3,0,3,0,4,0,1.0
Q6IPR3,259.0,tRNA,SEG_intermediate,0,2,0,3,0,3,0,3,0,4,0,1.0
Q16206,610.0,mRNA,SEG_intermediate,1,2,1,3,1,4,1,4,1,5,2,0.3968765673084788
Q8NC51,408.0,mRNA,SEG_intermediate,0,2,2,2,3,2,3,2,3,3,-1,0.0
Q7L3T8,475.0,tRNA,SEG_intermediate,0,2,0,3,0,3,0,3,0,4,0,1.0
Q9ULC4,181.0,unknown,SEG_intermediate,0,2,0,3,0,3,0,3,0,4,0,1.0
O15541,343.0,snRNA,SEG_intermediate,0,2,0,3,0,3,0,3,0,4,0,1.0
Q8IXM3,137.0,ribosomal protein,SEG_intermediate,0,2,0,3,0,3,0,3,0,4,0,1.0
P61326,146.0,mRNA,SEG_intermediate,0,2,0,3,0,3,0,3,0,4,0,1.0
Q99459,802.0,mRNA,SEG_intermediate,0,2,0,3,0,3,0,3,0,4,0,1.0
Q9Y399,296.0,ribosomal protein,SEG_intermediate,0,2,0,3,0,3,0,3,0,4,0,1.0
Q13325,482.0,tRNA,SEG_intermediate,0,2,0,3,0,3,0,3,0,4,0,1.0
P09914,478.0,ncRNA,SEG_intermediate,0,2,0,3,0,3,0,3,0,4,0,1.0
Q5T764,474.0,ncRNA,SEG_intermediate,0,2,0,3,0,3,0,3,0,4,0,1.0
O14879,490.0,ncRNA,SEG_intermediate,0,2,0,3,0,3,0,3,0,4,0,1.0
P09913,472.0,ncRNA,SEG_intermediate,1,2,1,3,1,4,4,4,4,5,1,0.40871956777820967
O95793,577.0,mRNA,SEG_intermediate,0,2,0,3,0,3,0,3,0,4,0,1.0
Q9GZR2,422.0,pre-rRNA,SEG_intermediate,0,2,0,3,0,3,0,3,0,4,0,1.0
Q6P1L8,145.0,ribosomal protein,SEG_intermediate,0,2,0,3,0,3,0,3,0,4,0,1.0
Q96GM8,510.0,unknown,SEG_intermediate,1,2,1,3,1,4,4,4,4,5,-1,0.0
Q9NPJ8,142.0,mRNA,SEG_intermediate,0,2,0,3,0,3,0,3,0,4,0,1.0
Q9NVS2,196.0,ribosomal protein,SEG_intermediate,0,2,0,3,0,3,0,3,0,4,0,1.0
Q8N2G6,241.0,unknown,SEG_intermediate,0,2,0,3,0,3,0,3,0,4,0,1.0
O94829,963.0,mRNA,SEG_intermediate,0,2,0,3,0,3,0,3,0,4,0,1.0
A3KFL2,285.0,diverse,SEG_intermediate,0,2,0,3,0,3,0,3,0,4,0,1.0
Q96IZ5,413.0,mRNA,SEG_intermediate,0,2,0,3,0,3,0,3,0,4,0,1.0
Q9BR11,485.0,unknown,SEG_intermediate,0,2,0,3,0,3,0,3,0,4,0,1.0
P67809,324.0,mRNA,SEG_intermediate,1,2,1,3,1,4,1,4,1,5,2,0.406180130051282
Q14249,297.0,diverse,SEG_intermediate,0,2,0,3,0,3,0,3,0,4,0,1.0
Q9H3H1,467.0,tRNA,SEG_intermediate,0,2,0,3,0,3,0,3,0,4,0,1.0
Q9UNP9,301.0,mRNA,SEG_intermediate,0,2,0,3,0,3,0,3,0,4,0,1.0
P55795,449.0,mRNA,SEG_intermediate,0,2,1,2,3,2,3,2,3,3,-1,0.0
Q9BTM9,101.0,tRNA,SEG_intermediate,0,2,0,3,0,3,0,3,0,4,0,1.0
Q13310,644.0,mRNA,SEG_intermediate,1,2,1,3,1,4,1,4,1,5,-1,0.0
Q96GJ1,504.0,tRNA,SEG_intermediate,0,2,0,3,0,3,0,3,0,4,0,1.0
A6ND22,99.0,ribosomal protein,SEG_intermediate,0,2,0,3,0,3,0,3,0,4,0,1.0
Q9Y3A2,253.0,snoRNA,SEG_intermediate,0,2,0,3,0,3,0,3,0,4,0,1.0
Q12874,501.0,snRNA,SEG_intermediate,1,2,1,3,1,4,4,4,4,5,-1,0.0
Q86U90,279.0,tRNA,SEG_intermediate,0,2,0,3,0,3,0,3,0,4,0,1.0
Q13823,731.0,pre-rRNA,SEG_intermediate,1,2,1,3,1,4,4,4,4,5,1,1.0
Q5D1E8,599.0,ncRNA,SEG_intermediate,0,2,0,3,0,3,0,3,0,4,0,1.0
P82914,257.0,ribosomal protein,SEG_intermediate,1,2,1,3,1,4,4,4,4,5,-1,0.0
Q9H9G7,860.0,ncRNA,SEG_intermediate,0,2,0,3,0,3,0,3,0,4,0,1.0
Q9UL18,857.0,ncRNA,SEG_intermediate,0,2,0,3,0,3,0,3,0,4,0,1.0
Q9HCK5,861.0,ncRNA,SEG_intermediate,0,2,0,3,0,3,0,3,0,4,0,1.0
Q8TD26,2715.0,mRNA,SEG_intermediate,1,2,1,3,1,4,4,4,4,5,1,0.4416123672142566
P50750,372.0,ncRNA,SEG_intermediate,0,2,0,3,0,3,0,3,0,4,0,1.0
P46100,2492.0,unknown,SEG_intermediate,1,1,2,1,2,1,2,1,2,2,-1,0.0
P54577,528.0,tRNA,SEG_intermediate,0,2,0,3,0,3,0,3,0,4,0,1.0
Q9BQ39,737.0,pre-rRNA,SEG_intermediate,1,2,1,3,1,4,4,4,4,5,-1,0.0
A0A7P0MRT9,323.0,mRNA,SEG_intermediate,0,2,0,3,0,3,0,3,0,4,0,1.0
P62701,263.0,ribosomal protein,SEG_intermediate,0,2,0,3,0,3,0,3,0,4,0,1.0
Q9Y237,131.0,pre-rRNA,SEG_intermediate,1,2,1,3,1,4,4,4,4,5,-1,0.0
Q08170,494.0,mRNA,SEG_intermediate,1,1,2,1,2,1,2,1,5,2,-1,0.0
Q9NX07,287.0,tRNA,SEG_intermediate,1,2,1,3,1,4,4,4,4,5,-1,0.0
Q9H694,974.0,mRNA,SEG_intermediate,1,2,1,3,1,4,1,4,1,5,-1,0.0
P62906,217.0,ribosomal protein,SEG_intermediate,1,2,1,3,1,4,4,4,4,5,-1,0.0
O43172,522.0,snRNA,SEG_intermediate,0,2,0,3,0,3,0,3,0,4,0,1.0
P56537,245.0,mRNA,SEG_intermediate,0,2,0,3,0,3,0,3,0,4,0,1.0
Q14692,1282.0,pre-rRNA,SEG_intermediate,1,1,2,1,2,1,2,1,2,2,1,0.6738135639994368
O43390,633.0,mRNA,SEG_intermediate,1,1,2,1,2,1,2,1,2,2,-1,0.0
O15213,610.0,snoRNA,SEG_intermediate,0,2,0,3,0,3,0,3,0,4,0,1.0
P20042,333.0,tRNA,SEG_intermediate,0,2,0,3,0,3,0,3,0,4,0,1.0
Q09161,790.0,mRNA,SEG_intermediate,1,2,1,3,1,4,1,4,1,5,-1,0.0
Q969E8,191.0,pre-rRNA,SEG_intermediate,0,2,0,3,0,3,0,3,0,4,0,1.0
Q9UKD2,239.0,mRNA,SEG_intermediate,0,2,0,3,0,3,0,3,0,4,0,1.0
Q9NX05,1096.0,unknown,SEG_intermediate,1,2,1,3,1,4,4,4,4,5,-1,0.0
Q5JVS0,413.0,mRNA,SEG_intermediate,0,2,2,2,3,2,3,2,3,3,-1,0.0
Q6BEB4,398.0,unknown,SEG_intermediate,1,2,2,2,3,2,3,2,3,3,-1,0.0
Q9H1J1,476.0,mRNA,SEG_intermediate,1,2,1,3,1,4,4,4,4,5,-1,0.0
J3KPD3,267.0,mRNA,SEG_intermediate,0,2,0,3,0,3,0,3,0,4,0,1.0
Q13825,339.0,mRNA,SEG_intermediate,0,2,0,3,0,3,0,3,0,4,0,1.0
Q96T58,3664.0,mRNA,SEG_intermediate,1,2,1,2,3,2,3,2,3,3,-1,0.0
Q96T21,854.0,mRNA,SEG_intermediate,0,2,0,3,0,3,0,3,0,4,0,1.0
Q5VYS8,1495.0,ncRNA,SEG_intermediate,1,2,1,3,1,4,4,4,4,5,-1,0.0
O60812,293.0,mRNA,SEG_intermediate,0,2,0,3,0,3,0,3,0,4,0,1.0
P61978,463.0,mRNA,SEG_intermediate,1,2,1,3,1,4,4,4,4,5,-1,0.0
P98179,157.0,mRNA,SEG_intermediate,0,2,0,3,0,3,0,3,0,4,0,1.0
P05388,317.0,ribosomal protein,SEG_intermediate,1,2,1,3,1,4,1,4,1,5,-1,0.0
Q8TEA1,469.0,unknown,SEG_intermediate,0,2,0,3,0,3,0,3,0,4,0,1.0
Q9H4T2,348.0,unknown,SEG_intermediate,0,2,0,3,0,3,0,3,0,4,0,1.0
P22314,1058.0,mRNA,SEG_intermediate,0,2,0,3,0,3,0,3,0,4,0,1.0
Q5SY16,702.0,pre-rRNA,SEG_intermediate,0,2,0,3,0,3,0,3,0,4,0,1.0
Q6PF06,316.0,tRNA,SEG_intermediate,0,2,0,3,0,3,0,3,0,4,0,1.0
Q9Y2L1,958.0,diverse,SEG_intermediate,0,2,0,3,0,3,0,3,0,4,0,1.0
Q9GZS1,419.0,pre-rRNA,SEG_intermediate,0,2,0,3,0,3,0,3,0,4,0,1.0
O14717,391.0,tRNA,SEG_intermediate,0,2,0,3,0,3,0,3,0,4,0,1.0
Q9P2E9,1410.0,mRNA,SEG_intermediate,1,2,1,3,1,4,4,4,4,5,-1,0.0
Q5VUC9,145.0,ncRNA,SEG_intermediate,0,2,0,3,0,3,0,3,0,4,0,1.0
Q8N1G4,583.0,unknown,SEG_intermediate,1,2,1,3,1,4,1,4,1,5,2,0.404106869878866
Q99633,342.0,mRNA,SEG_intermediate,0,2,0,3,0,3,0,3,0,4,0,1.0
O60293,1989.0,unknown,SEG_intermediate,1,1,2,1,2,1,2,1,2,2,-1,0.0
P51843,470.0,mRNA,SEG_intermediate,0,2,0,3,0,3,0,3,0,4,0,1.0
Q8WU68,220.0,mRNA,SEG_intermediate,0,2,0,3,0,3,0,3,0,4,0,1.0
Q8N0Z8,303.0,tRNA,SEG_intermediate,0,2,0,3,0,3,0,3,0,4,0,1.0
Q9BX46,236.0,mRNA,SEG_intermediate,1,2,2,2,3,2,3,2,3,3,-1,0.0
Q9UHK0,495.0,snoRNA,SEG_intermediate,0,2,0,3,0,3,0,3,0,4,0,1.0
Q5T6F2,1119.0,mRNA,SEG_intermediate,1,1,2,1,2,1,2,1,2,2,-1,0.0
Q86TM3,631.0,mRNA,SEG_intermediate,0,2,0,3,0,3,0,3,0,4,0,1.0
A0A0C4DFX0,200.0,pre-rRNA,SEG_intermediate,0,2,0,3,0,3,0,3,0,4,0,1.0
Q12986,1120.0,mRNA,SEG_intermediate,0,2,0,3,0,3,0,3,0,4,0,1.0
O60870,393.0,snRNA,SEG_intermediate,0,2,0,3,0,3,0,3,0,4,0,1.0
P47813,144.0,mRNA,SEG_intermediate,0,2,0,3,0,3,0,3,0,4,0,1.0
O43324,174.0,tRNA,SEG_intermediate,0,2,0,3,0,3,0,3,0,4,0,1.0
O95373,1038.0,mRNA,SEG_intermediate,1,2,0,2,3,2,3,2,3,3,1,1.0
A0A0A0MRW7,336.0,diverse,SEG_intermediate,0,2,0,3,0,3,0,3,0,4,0,1.0
O15198,467.0,ncRNA,SEG_intermediate,0,2,0,3,0,3,0,3,0,4,0,1.0
Q9BRS2,568.0,pre-rRNA,SEG_intermediate,1,2,1,3,1,4,4,4,4,5,1,0.7659413530306833
O95786,925.0,ncRNA,SEG_intermediate,0,2,0,3,0,3,0,3,0,4,0,1.0
Q96I25,401.0,mRNA,SEG_intermediate,1,2,1,3,1,4,1,4,1,5,-1,0.0
Q12926,359.0,mRNA,SEG_intermediate,0,2,0,3,0,3,0,3,0,4,0,1.0
Q8N567,271.0,unknown,SEG_intermediate,0,2,0,3,0,3,0,3,0,4,0,1.0
Q7L8L6,764.0,mRNA,SEG_intermediate,0,2,0,3,0,3,0,3,0,4,0,1.0
Q01081,240.0,mRNA,SEG_intermediate,1,2,1,3,1,4,4,4,4,5,-1,0.0
Q9BYN8,205.0,ribosomal protein,SEG_intermediate,0,2,0,3,0,3,0,3,0,4,0,1.0
P62753,249.0,ribosomal protein,SEG_intermediate,0,2,0,3,0,3,0,3,0,4,0,1.0
Q9H5H4,540.0,unknown,SEG_intermediate,1,2,1,3,1,4,4,4,4,5,-1,0.0
Q9NWH9,1034.0,mRNA,SEG_intermediate,1,1,2,1,2,1,2,1,2,2,-1,0.0
Q9NWZ8,242.0,snRNA,SEG_intermediate,0,2,0,3,0,3,0,3,0,4,0,1.0
Q8WV60,388.0,mRNA,SEG_intermediate,0,2,0,3,0,3,0,3,0,4,0,1.0
Q9NYK1,1049.0,ncRNA,SEG_intermediate,0,2,0,3,0,3,0,3,0,4,0,1.0
O75475,530.0,mRNA,SEG_intermediate,0,2,0,3,0,3,0,3,0,4,0,1.0
Q16594,264.0,snoRNA,SEG_intermediate,1,2,1,3,1,4,4,4,4,5,-1,0.0
J3KPI1,630.0,mRNA,SEG_intermediate,0,2,0,3,0,3,0,3,0,4,0,1.0
Q58A45,887.0,mRNA,SEG_intermediate,1,1,2,1,2,1,2,1,2,2,-1,0.0
O75648,421.0,tRNA,SEG_intermediate,0,2,0,3,0,3,0,3,0,4,0,1.0
Q6UX04,472.0,mRNA,SEG_intermediate,0,2,0,3,0,3,0,3,0,4,0,1.0
Q9H2K0,278.0,mRNA,SEG_intermediate,0,2,0,3,0,3,0,3,0,4,0,1.0
Q92664,365.0,pre-rRNA,SEG_intermediate,0,2,0,3,0,3,0,3,0,4,0,1.0
O00567,594.0,snoRNA,SEG_intermediate,1,2,1,3,1,4,4,4,4,5,-1,0.0
Q2M296,383.0,mRNA,SEG_intermediate,0,2,0,3,0,3,0,3,0,4,0,1.0
O96006,694.0,unknown,SEG_intermediate,0,2,0,3,0,3,0,3,0,4,0,1.0
Q9NS39,739.0,mRNA,SEG_intermediate,1,2,1,3,1,4,1,4,1,5,-1,0.0
P14678,240.0,snRNA,SEG_intermediate,1,2,2,2,3,2,3,2,3,3,-1,0.0
Q16540,153.0,ribosomal protein,SEG_intermediate,0,2,0,3,0,3,0,3,0,4,0,1.0
Q8NE18,718.0,pre-rRNA,SEG_intermediate,1,2,1,3,1,4,1,4,1,5,-1,0.0
Q9UKK3,1724.0,ncRNA,SEG_intermediate,0,2,0,3,0,3,0,3,0,4,0,1.0
Q9HD40,501.0,tRNA,SEG_intermediate,0,2,0,3,0,3,0,3,0,4,0,1.0
P62995,288.0,mRNA,SEG_intermediate,1,1,2,1,2,1,2,1,5,2,-1,0.0
Q9NR90,486.0,mRNA,SEG_intermediate,0,2,0,3,0,3,0,3,0,4,0,1.0
A0A5K1VW79,999.0,mRNA,SEG_intermediate,1,1,2,1,2,1,2,1,2,2,-1,0.0
P46087,812.0,pre-rRNA,SEG_intermediate,0,2,0,2,3,2,3,2,3,3,1,1.0
E9PBY2,654.0,mRNA,SEG_intermediate,0,2,0,3,0,3,0,3,0,4,0,1.0
Q9P2P1,1898.0,unknown,SEG_intermediate,0,2,0,3,0,3,0,3,0,4,0,1.0
Q9P0J6,103.0,ribosomal protein,SEG_intermediate,0,2,0,3,0,3,0,3,0,4,0,1.0
J3KPK3,459.0,mRNA,SEG_intermediate,0,2,0,3,0,3,0,3,0,4,0,1.0
Q8WWM7,1075.0,mRNA,SEG_intermediate,1,2,1,3,1,4,1,4,1,5,-1,0.0
O60287,2271.0,pre-rRNA,SEG_intermediate,0,2,0,3,0,3,0,3,0,4,0,1.0
Q5GAN3,156.0,unknown,SEG_intermediate,0,2,0,3,0,3,0,3,0,4,0,1.0
O43310,598.0,mRNA,SEG_intermediate,1,2,1,3,1,4,1,4,1,5,2,0.9688151720637086
A6NDE4,496.0,mRNA,SEG_intermediate,0,2,0,3,0,3,0,3,0,4,0,1.0
O43148,476.0,mRNA,SEG_intermediate,0,2,0,3,0,3,0,3,0,4,0,1.0
A0A140T8Y2,407.0,pre-rRNA,SEG_intermediate,1,2,2,2,3,2,3,2,3,3,-1,0.0
O60231,1041.0,snRNA,SEG_intermediate,1,2,1,3,1,4,1,4,1,5,-1,0.0
Q2Q1W2,868.0,ncRNA,SEG_intermediate,1,2,1,3,1,4,4,4,4,5,-1,0.0
Q96M93,576.0,mRNA,SEG_intermediate,0,2,0,3,0,3,0,3,0,4,0,1.0
Q9HCE5,456.0,mRNA,SEG_intermediate,1,2,1,3,1,4,1,4,1,5,-1,0.0
Q53F19,620.0,unknown,SEG_intermediate,0,2,1,2,3,2,3,2,3,3,-1,0.0
A0A0A0MRZ1,733.0,unknown,SEG_intermediate,1,2,1,3,1,4,1,4,1,5,2,0.7038229323340486
P41250,739.0,tRNA,SEG_intermediate,1,2,1,3,1,4,1,4,1,5,2,0.5055118652920608
Q8N163,923.0,mRNA,SEG_intermediate,1,2,1,3,1,4,4,4,4,5,1,0.9318010690282853
Q6ZN19,808.0,unknown,SEG_intermediate,0,2,0,3,0,3,0,3,0,4,0,1.0
Q96L91,3159.0,unknown,SEG_intermediate,1,1,2,1,2,1,2,1,2,2,-1,0.0
Q14444,709.0,mRNA,SEG_intermediate,1,2,2,2,3,2,3,2,3,3,-1,0.0
Q96B26,276.0,diverse,SEG_intermediate,0,2,0,3,0,3,0,3,0,4,0,1.0
Q8IYL2,757.0,tRNA,SEG_intermediate,1,2,1,3,1,4,1,4,1,5,-1,0.0
Q8N5X7,224.0,mRNA,SEG_intermediate,0,2,0,3,0,3,0,3,0,4,0,1.0
A0A0C4DH24,114.0,unknown,SEG_intermediate,0,2,0,3,0,3,0,3,0,4,0,1.0
A0A2U3TZN1,101.0,mRNA,SEG_intermediate,0,2,0,3,0,3,0,3,0,4,0,1.0
P40429,203.0,ribosomal protein,SEG_intermediate,0,2,0,3,0,3,0,3,0,4,0,1.0
Q7Z6M4,381.0,pre-rRNA,SEG_intermediate,1,2,1,3,1,4,4,4,4,5,-1,0.0
Q9BUJ2,856.0,mRNA,SEG_intermediate,1,1,2,1,2,1,2,1,2,2,-1,0.0
Q9UPU9,718.0,mRNA,SEG_intermediate,0,2,0,3,0,3,0,3,0,4,0,1.0
Q5MCW4,686.0,unknown,SEG_intermediate,0,2,0,3,0,3,0,3,0,4,0,1.0
Q969W8,418.0,unknown,SEG_intermediate,0,2,0,3,0,3,0,3,0,4,0,1.0
P24534,225.0,tRNA,SEG_intermediate,0,2,0,3,0,3,0,3,0,4,0,1.0
Q9NYF8,920.0,mRNA,SEG_intermediate,0,1,2,1,2,1,2,1,5,2,-1,0.0
Q66PJ3,237.0,mRNA,SEG_intermediate,0,2,2,2,3,2,3,2,3,3,-1,0.0
Q13595,282.0,mRNA,SEG_intermediate,0,2,2,2,3,2,3,2,3,3,-1,0.0
P63167,89.0,mRNA,SEG_intermediate,0,2,0,3,0,3,0,3,0,4,0,1.0
P29728,719.0,ncRNA,SEG_intermediate,0,2,0,3,0,3,0,3,0,4,0,1.0
Q9HD33,250.0,ribosomal protein,SEG_intermediate,0,2,0,3,0,3,0,3,0,4,0,1.0
P55010,431.0,mRNA,SEG_intermediate,1,2,1,3,1,4,1,4,1,5,-1,0.0
Q9H0A6,362.0,unknown,SEG_intermediate,0,2,0,3,0,3,0,3,0,4,0,1.0
H0Y3K3,84.0,mRNA,SEG_intermediate,0,2,0,3,0,3,0,3,0,4,0,1.0
Q9UIF8,2168.0,ncRNA,SEG_intermediate,1,1,2,1,2,1,2,1,2,2,-1,0.0
Q9Y291,106.0,ribosomal protein,SEG_intermediate,0,2,0,3,0,3,0,3,0,4,0,1.0
J3KPP4,489.0,mRNA,SEG_intermediate,1,2,1,3,1,4,4,4,4,5,-1,0.0
Q9ULR0,285.0,mRNA,SEG_intermediate,1,2,1,3,1,4,4,4,4,5,-1,0.0
Q6P2D0,407.0,unknown,SEG_intermediate,0,2,0,3,0,3,0,3,0,4,0,1.0
P31943,449.0,mRNA,SEG_intermediate,0,2,1,2,3,2,3,2,3,3,-1,0.0
X6RAY8,357.0,ribosomal protein,SEG_intermediate,0,2,0,3,0,3,0,3,0,4,0,1.0
Q8IY21,1712.0,ncRNA,SEG_intermediate,0,2,0,3,0,3,0,3,0,4,0,1.0
P09543,421.0,mRNA,SEG_intermediate,0,2,0,3,0,3,0,3,0,4,0,1.0
P49406,292.0,ribosomal protein,SEG_intermediate,0,2,0,3,0,3,0,3,0,4,0,1.0
Q8TE96,717.0,mRNA,SEG_intermediate,0,2,0,3,0,3,0,3,0,4,0,1.0
A0A0B4J1V9,884.0,unknown,SEG_intermediate,0,2,0,3,0,3,0,3,0,4,0,1.0
P83731,157.0,ribosomal protein,SEG_intermediate,0,2,0,3,0,3,0,3,0,4,0,1.0
O14647,1828.0,unknown,SEG_intermediate,0,2,0,2,3,2,3,2,3,3,-1,0.0
P35269,517.0,mRNA,SEG_intermediate,0,2,1,2,3,2,3,2,3,3,-1,0.0
P46199,727.0,tRNA,SEG_intermediate,0,2,0,3,0,3,0,3,0,4,0,1.0
P49207,117.0,ribosomal protein,SEG_intermediate,0,2,0,3,0,3,0,3,0,4,0,1.0
Q9BPZ3,127.0,mRNA,SEG_intermediate,0,2,0,3,0,3,0,3,0,4,0,1.0
Q9BVP2,549.0,pre-rRNA,SEG_intermediate,0,2,0,3,0,3,0,3,0,4,0,1.0
A8MXP9,895.0,mRNA,SEG_intermediate,0,2,0,3,0,3,0,3,0,4,0,1.0
Q8N9N2,400.0,unknown,SEG_intermediate,0,2,0,3,0,3,0,3,0,4,0,1.0
Q5T760,491.0,mRNA,SEG_intermediate,1,1,2,1,2,1,2,1,5,2,-1,0.0
P51825,1210.0,mRNA,SEG_intermediate,1,1,2,1,2,1,2,1,2,2,-1,0.0
Q14764,893.0,ncRNA,SEG_intermediate,0,2,0,3,0,3,0,3,0,4,0,1.0
Q99613,913.0,mRNA,SEG_intermediate,0,1,2,1,2,1,2,1,2,2,-1,0.0
Q96QR8,312.0,mRNA,SEG_intermediate,1,1,2,1,2,1,2,1,2,2,-1,0.0
P78406,368.0,mRNA,SEG_intermediate,0,2,0,3,0,3,0,3,0,4,0,1.0
Q9P2E3,1918.0,unknown,SEG_intermediate,0,2,0,3,0,3,0,3,0,4,0,1.0
P50914,215.0,ribosomal protein,SEG_intermediate,1,2,1,3,1,4,1,4,1,5,-1,0.0
Q9Y4F3,1742.0,ncRNA,SEG_intermediate,0,2,0,3,0,3,0,3,0,4,0,1.0
Q9BSV6,310.0,tRNA,SEG_intermediate,0,2,0,3,0,3,0,3,0,4,0,1.0
P62241,208.0,ribosomal protein,SEG_intermediate,0,2,0,3,0,3,0,3,0,4,0,1.0
Q9NUM4,274.0,unknown,SEG_intermediate,0,2,0,3,0,3,0,3,0,4,0,1.0
A0A5H1ZRQ2,731.0,mRNA,SEG_intermediate,1,1,2,1,2,1,2,1,2,2,-1,0.0
Q8NEJ9,315.0,mRNA,SEG_intermediate,0,2,0,3,0,3,0,3,0,4,0,1.0
A2A2Q9,398.0,snRNA,SEG_intermediate,0,2,0,3,0,3,0,3,0,4,0,1.0
Q8N8A6,666.0,pre-rRNA,SEG_intermediate,1,2,1,2,3,2,3,2,3,3,-1,0.0
P82930,218.0,ribosomal protein,SEG_intermediate,0,2,0,3,0,3,0,3,0,4,0,1.0
Q52LJ0,433.0,tRNA,SEG_intermediate,1,2,1,3,1,4,4,4,4,5,-1,0.0
H9KVA5,152.0,mRNA,SEG_intermediate,0,2,0,3,0,3,0,3,0,4,0,1.0
Q15397,648.0,mRNA,SEG_intermediate,0,2,0,3,0,3,0,3,0,4,0,1.0
Q9NVR2,710.0,snRNA,SEG_intermediate,0,2,0,3,0,3,0,3,0,4,0,1.0
Q8TAA1,199.0,unknown,SEG_intermediate,0,2,0,3,0,3,0,3,0,4,0,1.0
Q92945,711.0,mRNA,SEG_intermediate,1,1,2,1,2,1,2,1,5,2,-1,0.0
P57081,412.0,tRNA,SEG_intermediate,0,2,0,3,0,3,0,3,0,4,0,1.0
Q9BRP8,204.0,mRNA,SEG_intermediate,0,2,0,3,0,3,0,3,0,4,0,1.0
Q3L8U1,2897.0,unknown,SEG_intermediate,1,1,2,1,2,1,2,1,2,2,-1,0.0
Q6P6C2,394.0,mRNA,SEG_intermediate,1,2,1,3,1,4,1,4,1,5,2,0.6144914961117258
Q8IXT5,1001.0,mRNA,SEG_intermediate,0,2,0,3,0,3,0,3,0,4,0,1.0
P82932,125.0,ribosomal protein,SEG_intermediate,0,2,0,3,0,3,0,3,0,4,0,1.0
P57721,371.0,mRNA,SEG_intermediate,0,2,0,3,0,3,0,3,0,4,0,1.0
Q5TBQ0,296.0,mRNA,SEG_intermediate,0,2,0,3,0,3,0,3,0,4,0,1.0
P57052,281.0,mRNA,SEG_intermediate,0,2,0,3,0,3,0,3,0,4,0,1.0
F8WDU6,201.0,tRNA,SEG_intermediate,0,2,0,3,0,3,0,3,0,4,0,1.0
B1AHD1,132.0,snRNA,SEG_intermediate,0,2,0,3,0,3,0,3,0,4,0,1.0
B5MCF9,571.0,pre-rRNA,SEG_intermediate,1,2,1,3,1,4,4,4,4,5,1,0.3956520568354487
Q9UBB9,837.0,mRNA,SEG_intermediate,0,2,0,3,0,3,0,3,0,4,0,1.0
Q15061,677.0,pre-rRNA,SEG_intermediate,1,2,1,3,1,4,4,4,4,5,-1,0.0
B5MCY1,1934.0,unknown,SEG_intermediate,0,2,0,3,0,3,0,3,0,4,0,1.0
Q86XN8,651.0,mRNA,SEG_intermediate,1,1,2,1,2,1,2,1,2,2,-1,0.0
Q15796,467.0,ncRNA,SEG_intermediate,0,2,0,3,0,3,0,3,0,4,0,1.0
Q9NQZ3,744.0,mRNA,SEG_intermediate,0,2,0,3,0,3,0,3,0,4,0,1.0
Q12906,894.0,mRNA,SEG_intermediate,1,1,2,1,2,1,2,1,2,2,-1,0.0
Q9NRJ5,637.0,mRNA,SEG_intermediate,0,2,0,3,0,3,0,3,0,4,0,1.0
Q9UPQ9,1833.0,mRNA,SEG_intermediate,1,1,2,1,2,1,2,1,2,2,-1,0.0
Q9NVR5,837.0,unknown,SEG_intermediate,0,2,0,3,0,3,0,3,0,4,0,1.0
P62081,194.0,ribosomal protein,SEG_intermediate,0,2,0,3,0,3,0,3,0,4,0,1.0
Q9HC16,384.0,mRNA,SEG_intermediate,0,2,0,3,0,3,0,3,0,4,0,1.0
Q9BY44,585.0,tRNA,SEG_intermediate,0,2,0,3,0,3,0,3,0,4,0,1.0
O14980,1071.0,mRNA,SEG_intermediate,0,2,0,3,0,3,0,3,0,4,0,1.0
B5MCH7,343.0,mRNA,SEG_intermediate,0,2,0,3,0,3,0,3,0,4,0,1.0
Q5U5Q3,659.0,mRNA,SEG_intermediate,1,1,2,1,2,1,2,1,2,2,-1,0.0
Q8N201,2190.0,snRNA,SEG_intermediate,0,2,0,3,0,3,0,3,0,4,0,1.0
Q99575,1024.0,ncRNA,SEG_intermediate,0,2,0,3,0,3,0,3,0,4,0,1.0
Q16762,297.0,pre-rRNA,SEG_intermediate,0,2,0,3,0,3,0,3,0,4,0,1.0
B5MCU0,990.0,unknown,SEG_intermediate,1,2,1,3,1,4,1,4,1,5,2,1.0
G5E9G0,351.0,ribosomal protein,SEG_intermediate,0,2,0,3,0,3,0,3,0,4,0,1.0
Q8IZ13,594.0,unknown,SEG_intermediate,0,2,0,3,0,3,0,3,0,4,0,1.0
P42696,430.0,mRNA,SEG_intermediate,0,2,0,3,0,3,0,3,0,4,0,1.0
Q14966,1978.0,mRNA,SEG_intermediate,1,2,1,3,1,4,1,4,1,5,-1,0.0
A0A7N4I394,994.0,snRNA,SEG_intermediate,1,1,2,1,2,1,2,1,2,2,-1,0.0
Q13901,141.0,pre-rRNA,SEG_intermediate,0,2,0,3,0,3,0,3,0,4,0,1.0
Q8N5P1,291.0,unknown,SEG_intermediate,0,2,0,3,0,3,0,3,0,4,0,1.0
Q9Y4B4,1467.0,unknown,SEG_intermediate,0,2,0,2,3,2,3,2,3,3,1,1.0
Q8WVV9,542.0,mRNA,SEG_intermediate,0,2,0,3,0,3,0,3,0,4,0,1.0
B8ZZ98,158.0,mRNA,SEG_intermediate,1,2,1,3,1,4,4,4,4,5,-1,0.0
Q9Y4Y9,91.0,snRNA,SEG_intermediate,0,2,0,3,0,3,0,3,0,4,0,1.0
Q96N16,626.0,mRNA,SEG_intermediate,0,2,0,3,0,3,0,3,0,4,0,1.0
P61129,1189.0,unknown,SEG_intermediate,1,2,0,2,3,2,3,2,3,3,-1,0.0
C9JAB2,235.0,mRNA,SEG_intermediate,1,2,1,3,1,4,4,4,4,5,-1,0.0
O75923,2080.0,unknown,SEG_intermediate,1,2,1,3,1,4,1,4,1,5,-1,0.0
B8ZZV5,101.0,ribosomal protein,SEG_intermediate,0,2,0,3,0,3,0,3,0,4,0,1.0
B8ZZK4,79.0,ribosomal protein,SEG_intermediate,0,2,0,3,0,3,0,3,0,4,0,1.0
B9A037,69.0,snRNA,SEG_intermediate,0,2,0,3,0,3,0,3,0,4,0,1.0
E7ETU5,370.0,mRNA,SEG_intermediate,1,2,1,3,1,4,1,4,1,5,2,0.41207592494635875
Q8NDG6,1382.0,ncRNA,SEG_intermediate,1,2,1,3,1,4,1,4,1,5,2,0.7688992207317334
F6XMP4,155.0,mRNA,SEG_intermediate,0,2,0,3,0,3,0,3,0,4,0,1.0
P26639,723.0,tRNA,SEG_intermediate,0,2,0,3,0,3,0,3,0,4,0,1.0
E7EX53,133.0,ribosomal protein,SEG_intermediate,0,2,0,3,0,3,0,3,0,4,0,1.0
E7EWR4,597.0,mRNA,SEG_intermediate,0,2,0,3,0,3,0,3,0,4,0,1.0
Q2VPK5,515.0,tRNA,SEG_intermediate,0,2,0,3,0,3,0,3,0,4,0,1.0
F6YDS7,81.0,ribosomal protein,SEG_intermediate,0,2,0,3,0,3,0,3,0,4,0,1.0
O95628,575.0,mRNA,SEG_intermediate,0,2,0,3,0,3,0,3,0,4,0,1.0
F6XX82,94.0,ribosomal protein,SEG_intermediate,0,2,0,3,0,3,0,3,0,4,0,1.0
P62750,156.0,ribosomal protein,SEG_intermediate,1,2,1,3,1,4,4,4,4,5,-1,0.0
P78346,268.0,ncRNA,SEG_intermediate,0,2,0,3,0,3,0,3,0,4,0,1.0
Q96QC0,940.0,unknown,SEG_intermediate,1,1,2,1,2,1,2,1,5,2,-1,0.0
C9JQX9,83.0,mRNA,SEG_intermediate,0,2,0,3,0,3,0,3,0,4,0,1.0
Q96EH5,51.0,ribosomal protein,SEG_intermediate,0,2,0,3,0,3,0,3,0,4,0,1.0
Q7Z2W9,205.0,ribosomal protein,SEG_intermediate,0,2,0,3,0,3,0,3,0,4,0,1.0
H0Y450,441.0,tRNA,SEG_intermediate,0,2,0,3,0,3,0,3,0,4,0,1.0
E7ENR5,236.0,snoRNA,SEG_intermediate,0,2,0,3,0,3,0,3,0,4,0,1.0
J3QT46,619.0,mRNA,SEG_intermediate,0,2,0,3,0,3,0,3,0,4,0,1.0
Q7Z7A3,348.0,tRNA,SEG_intermediate,0,2,0,3,0,3,0,3,0,4,0,1.0
Q8NB42,609.0,unknown,SEG_intermediate,0,2,0,3,0,3,0,3,0,4,0,1.0
C9JGP4,144.0,diverse,SEG_intermediate,0,2,0,3,0,3,0,3,0,4,0,1.0
Q9H3J6,166.0,mRNA,SEG_intermediate,0,2,0,3,0,3,0,3,0,4,0,1.0
Q5T8Z2,184.0,unknown,SEG_intermediate,0,2,0,3,0,3,0,3,0,4,0,1.0
Q14576,367.0,mRNA,SEG_intermediate,0,2,0,3,0,3,0,3,0,4,0,1.0
Q5SZ64,190.0,mRNA,SEG_intermediate,0,2,0,3,0,3,0,3,0,4,0,1.0
O77932,396.0,diverse,SEG_intermediate,0,2,0,3,0,3,0,3,0,4,0,1.0
C9J323,145.0,mRNA,SEG_intermediate,0,2,0,3,0,3,0,3,0,4,0,1.0
Q96LT9,517.0,snRNA,SEG_intermediate,0,2,0,3,0,3,0,3,0,4,0,1.0
C9J2Y9,1167.0,mRNA,SEG_intermediate,0,2,0,3,0,3,0,3,0,4,0,1.0
P27824,592.0,unknown,SEG_intermediate,1,2,2,2,3,2,3,2,3,3,-1,0.0
Q16630,551.0,mRNA,SEG_intermediate,1,1,2,1,2,1,2,1,5,2,-1,0.0
H7BZW6,143.0,mRNA,SEG_intermediate,0,2,0,3,0,3,0,3,0,4,0,1.0
C9J9B2,264.0,mRNA,SEG_intermediate,1,2,1,3,1,4,1,4,1,5,-1,0.0
Q15072,292.0,unknown,SEG_intermediate,0,2,0,3,0,3,0,3,0,4,0,1.0
Q9Y3F4,350.0,mRNA,SEG_intermediate,0,2,0,3,0,3,0,3,0,4,0,1.0
Q9UI43,246.0,pre-rRNA,SEG_intermediate,0,2,0,3,0,3,0,3,0,4,0,1.0
O00571,662.0,mRNA,SEG_intermediate,1,2,1,3,1,4,1,4,1,5,-1,0.0
Q5TA45,600.0,mRNA,SEG_intermediate,0,2,0,3,0,3,0,3,0,4,0,1.0
P52434,150.0,mRNA,SEG_intermediate,0,2,0,3,0,3,0,3,0,4,0,1.0
Q5GAN6,216.0,unknown,SEG_intermediate,1,2,1,3,1,4,1,4,1,5,-1,0.0
P0CF97,657.0,unknown,SEG_intermediate,0,2,0,3,0,3,0,3,0,4,0,1.0
X6RDA4,248.0,ncRNA,SEG_intermediate,1,2,1,3,1,4,1,4,1,5,-1,0.0
Q96P11,429.0,pre-rRNA,SEG_intermediate,0,2,0,3,0,3,0,3,0,4,0,1.0
Q00839,825.0,mRNA,SEG_intermediate,1,1,2,1,2,1,2,1,2,2,-1,0.0
P31944,242.0,unknown,SEG_intermediate,0,2,0,3,0,3,0,3,0,4,0,1.0
Q15366,365.0,mRNA,SEG_intermediate,0,2,0,3,0,3,0,3,0,4,0,1.0
Q96I27,306.0,unknown,SEG_intermediate,0,2,0,3,0,3,0,3,0,4,0,1.0
Q9UI10,523.0,mRNA,SEG_intermediate,1,2,1,3,1,4,1,4,1,5,-1,0.0
B1APK8,227.0,unknown,SEG_intermediate,0,2,0,3,0,3,0,3,0,4,0,1.0
Q7L2E3,1194.0,mRNA,SEG_intermediate,1,2,1,3,1,4,4,4,4,5,-1,0.0
Q01085,375.0,mRNA,SEG_intermediate,0,2,0,3,0,3,0,3,0,4,0,1.0
P57723,403.0,mRNA,SEG_intermediate,0,2,0,3,0,3,0,3,0,4,0,1.0
X6RDS5,153.0,ribosomal protein,SEG_intermediate,0,2,0,3,0,3,0,3,0,4,0,1.0
Q6R2W3,1325.0,unknown,SEG_intermediate,0,2,0,3,0,3,0,3,0,4,0,1.0
C9JCE0,148.0,mRNA,SEG_intermediate,0,2,0,3,0,3,0,3,0,4,0,1.0
A2IDC7,194.0,ribosomal protein,SEG_intermediate,0,2,0,3,0,3,0,3,0,4,0,1.0
H0Y503,135.0,mRNA,SEG_intermediate,0,2,0,3,0,3,0,3,0,4,0,1.0
H7C0T8,184.0,tRNA,SEG_intermediate,0,2,0,3,0,3,0,3,0,4,0,1.0
Q8IY81,847.0,pre-rRNA,SEG_intermediate,0,2,0,2,3,2,3,2,3,3,1,1.0
Q15637,639.0,mRNA,SEG_intermediate,1,1,2,1,2,1,2,1,5,2,-1,0.0
Q8NDF8,572.0,diverse,SEG_intermediate,1,1,2,1,2,1,2,1,2,2,-1,0.0
O14787,897.0,mRNA,SEG_intermediate,0,2,0,3,0,3,0,3,0,4,0,1.0
Q5VVQ1,163.0,tRNA,SEG_intermediate,0,2,0,3,0,3,0,3,0,4,0,1.0
A0A7P0N5L0,480.0,unknown,SEG_intermediate,1,2,1,3,1,4,4,4,4,5,1,1.0
Q6PIY7,484.0,mRNA,SEG_intermediate,0,2,0,3,0,3,0,3,0,4,0,1.0
P21128,410.0,snoRNA,SEG_intermediate,0,2,0,3,0,3,0,3,0,4,0,1.0
F2Z2G3,333.0,mRNA,SEG_intermediate,0,2,0,3,0,3,0,3,0,4,0,1.0
Q49AG3,693.0,unknown,SEG_intermediate,0,2,0,3,0,3,0,3,0,4,0,1.0
E7EV40,204.0,mRNA,SEG_intermediate,0,2,0,3,0,3,0,3,0,4,0,1.0
Q8NE35,698.0,mRNA,SEG_intermediate,1,1,2,1,2,1,2,1,2,2,-1,0.0
Q9H3H3,292.0,unknown,SEG_intermediate,1,2,1,3,1,4,1,4,1,5,2,0.47254591338107066
Q14240,407.0,mRNA,SEG_intermediate,0,2,0,3,0,3,0,3,0,4,0,1.0
E7ETU7,375.0,ribosomal protein,SEG_intermediate,0,2,0,3,0,3,0,3,0,4,0,1.0
Q5RKV6,272.0,diverse,SEG_intermediate,1,2,2,2,3,2,3,2,3,3,-1,0.0
Q5VVC8,167.0,ribosomal protein,SEG_intermediate,0,2,0,3,0,3,0,3,0,4,0,1.0
F5H702,113.0,ribosomal protein,SEG_intermediate,0,2,0,3,0,3,0,3,0,4,0,1.0
P0C7P1,496.0,mRNA,SEG_intermediate,0,2,0,3,0,3,0,3,0,4,0,1.0
F6QDS0,479.0,mRNA,SEG_intermediate,0,2,0,3,0,3,0,3,0,4,0,1.0
H7C1D4,185.0,tRNA,SEG_intermediate,0,2,0,3,0,3,0,3,0,4,0,1.0
Q9HCE1,1003.0,mRNA,SEG_intermediate,0,2,0,3,0,3,0,3,0,4,0,1.0
Q9H9A5,744.0,mRNA,SEG_intermediate,1,2,1,3,1,4,4,4,4,5,-1,0.0
P26378,385.0,mRNA,SEG_intermediate,0,2,0,3,0,3,0,3,0,4,0,1.0
A0A087WXN2,151.0,mRNA,SEG_intermediate,0,2,0,3,0,3,0,3,0,4,0,1.0
P32969,192.0,ribosomal protein,SEG_intermediate,0,2,0,3,0,3,0,3,0,4,0,1.0
Q53R41,847.0,mRNA,SEG_intermediate,0,2,0,3,0,3,0,3,0,4,0,1.0
P62304,92.0,snRNA,SEG_intermediate,0,2,0,3,0,3,0,3,0,4,0,1.0
Q8TCS8,783.0,diverse,SEG_intermediate,0,2,0,3,0,3,0,3,0,4,0,1.0
Q9BTE6,412.0,tRNA,SEG_intermediate,0,2,0,3,0,3,0,3,0,4,0,1.0
E7ERQ6,390.0,mRNA,SEG_intermediate,0,2,0,3,0,3,0,3,0,4,0,1.0
Q76FK4,1167.0,pre-rRNA,SEG_intermediate,1,2,1,3,1,4,4,4,4,5,1,0.5610962004827325
C9JZ88,88.0,ribosomal protein,SEG_intermediate,0,2,0,3,0,3,0,3,0,4,0,1.0
E9PE17,129.0,ribosomal protein,SEG_intermediate,0,2,0,3,0,3,0,3,0,4,0,1.0
A0A0A0MSS9,486.0,mRNA,SEG_intermediate,0,2,0,3,0,3,0,3,0,4,0,1.0
O75460,977.0,mRNA,SEG_intermediate,1,2,1,3,1,4,1,4,1,5,-1,0.0
D4PHA4,493.0,unknown,SEG_intermediate,1,2,1,3,1,4,4,4,4,5,-1,0.0
Q8WW01,171.0,tRNA,SEG_intermediate,0,2,0,3,0,3,0,3,0,4,0,1.0
F6S9K0,191.0,mRNA,SEG_intermediate,0,2,0,3,0,3,0,3,0,4,0,1.0
Q9H7B2,306.0,pre-rRNA,SEG_intermediate,0,2,0,3,0,3,0,3,0,4,0,1.0
Q96Q15,3661.0,mRNA,SEG_intermediate,0,2,0,3,0,3,0,3,0,4,0,1.0
Q9BRX9,315.0,mRNA,SEG_intermediate,0,2,0,3,0,3,0,3,0,4,0,1.0
Q9Y676,258.0,ribosomal protein,SEG_intermediate,0,2,0,3,0,3,0,3,0,4,0,1.0
Q02878,288.0,ribosomal protein,SEG_intermediate,0,2,0,3,0,3,0,3,0,4,0,1.0
P62269,152.0,ribosomal protein,SEG_intermediate,0,2,0,3,0,3,0,3,0,4,0,1.0
B1AHC9,559.0,mRNA,SEG_intermediate,0,2,0,3,0,3,0,3,0,4,0,1.0
C9JIZ0,75.0,snoRNA,SEG_intermediate,0,2,0,3,0,3,0,3,0,4,0,1.0
P61218,127.0,mRNA,SEG_intermediate,0,2,0,3,0,3,0,3,0,4,0,1.0
Q96K58,619.0,unknown,SEG_intermediate,0,2,0,3,0,3,0,3,0,4,0,1.0
H0Y6A1,361.0,mRNA,SEG_intermediate,0,2,0,3,0,3,0,3,0,4,0,1.0
A0A0A0MSV7,84.0,mRNA,SEG_intermediate,0,2,0,3,0,3,0,3,0,4,0,1.0
P79522,188.0,unknown,SEG_intermediate,0,2,0,3,0,3,0,3,0,4,0,1.0
H7C2C3,144.0,mRNA,SEG_intermediate,0,2,0,3,0,3,0,3,0,4,0,1.0
P78316,857.0,pre-rRNA,SEG_intermediate,0,2,0,3,0,3,0,3,0,4,0,1.0
Q6P158,1386.0,mRNA,SEG_intermediate,1,2,1,3,1,4,1,4,1,5,-1,0.0
H0Y6E7,292.0,mRNA,SEG_intermediate,1,2,1,3,1,4,4,4,4,5,-1,0.0
Q9UMY1,257.0,unknown,SEG_intermediate,0,2,0,3,0,3,0,3,0,4,0,1.0
Q96EG3,531.0,unknown,SEG_intermediate,0,2,0,3,0,3,0,3,0,4,0,1.0
Q6NXG1,681.0,mRNA,SEG_intermediate,0,2,0,3,0,3,0,3,0,4,0,1.0
H7C2G5,117.0,mRNA,SEG_intermediate,0,2,0,3,0,3,0,3,0,4,0,1.0
J3KQ82,459.0,mRNA,SEG_intermediate,0,2,0,3,0,3,0,3,0,4,0,1.0
Q7L775,607.0,unknown,SEG_intermediate,0,2,0,3,0,3,0,3,0,4,0,1.0
Q9H7Z6,458.0,ncRNA,SEG_intermediate,0,2,0,3,0,3,0,3,0,4,0,1.0
Q8NAT2,981.0,ncRNA,SEG_intermediate,0,2,0,3,0,3,0,3,0,4,0,1.0
A0A0G2JJZ9,328.0,mRNA,SEG_intermediate,0,2,0,3,0,3,0,3,0,4,0,1.0
P41252,1262.0,tRNA,SEG_intermediate,0,2,0,3,0,3,0,3,0,4,0,1.0
C9J0L0,50.0,unknown,SEG_intermediate,0,2,0,3,0,3,0,3,0,4,0,1.0
A0A0A0MSN9,333.0,mRNA,SEG_intermediate,1,2,2,2,3,2,3,2,3,3,-1,0.0
O75534,798.0,mRNA,SEG_intermediate,0,2,0,3,0,3,0,3,0,4,0,1.0
P15170,499.0,mRNA,SEG_intermediate,0,2,0,3,0,3,0,3,0,4,0,1.0
P51991,378.0,mRNA,SEG_intermediate,1,2,2,2,3,2,3,2,3,3,-1,0.0
A6NDY0,278.0,mRNA,SEG_intermediate,1,2,1,3,1,4,4,4,4,5,-1,0.0
Q9H633,154.0,ncRNA,SEG_intermediate,0,2,0,3,0,3,0,3,0,4,0,1.0
Q96H35,190.0,mRNA,SEG_intermediate,0,2,0,3,0,3,0,3,0,4,0,1.0
E7EUN9,458.0,tRNA,SEG_intermediate,0,2,0,3,0,3,0,3,0,4,0,1.0
A0A7I2XXS4,543.0,tRNA,SEG_intermediate,0,2,0,3,0,3,0,3,0,4,0,1.0
Q13428,1488.0,pre-rRNA,SEG_intermediate,0,1,2,1,2,1,2,1,2,2,-1,0.0
E7ESC6,1088.0,mRNA,SEG_intermediate,0,2,0,3,0,3,0,3,0,4,0,1.0
Q9BQ75,279.0,pre-rRNA,SEG_intermediate,0,2,0,3,0,3,0,3,0,4,0,1.0
Q9P1Y6,1649.0,mRNA,SEG_intermediate,0,1,2,1,2,1,2,1,2,2,-1,0.0
P62633,177.0,mRNA,SEG_intermediate,1,2,1,3,1,4,4,4,4,5,-1,0.0
P08865,295.0,ribosomal protein,SEG_intermediate,0,2,0,3,0,3,0,3,0,4,0,1.0
Q6ZMS7,546.0,unknown,SEG_intermediate,0,2,0,3,0,3,0,3,0,4,0,1.0
Q5QJE6,756.0,pre-rRNA,SEG_intermediate,1,2,1,3,1,4,4,4,4,5,1,0.8227697536108752
F6VEC6,435.0,tRNA,SEG_intermediate,0,2,0,3,0,3,0,3,0,4,0,1.0
Q8IYT2,770.0,mRNA,SEG_intermediate,0,2,0,3,0,3,0,3,0,4,0,1.0
X6RJ73,173.0,ribosomal protein,SEG_intermediate,0,2,0,3,0,3,0,3,0,4,0,1.0
Q8TCP9,573.0,unknown,SEG_intermediate,0,2,0,3,0,3,0,3,0,4,0,1.0
C9J847,114.0,mRNA,SEG_intermediate,0,2,0,3,0,3,0,3,0,4,0,1.0
Q13601,381.0,snoRNA,SEG_intermediate,0,2,0,3,0,3,0,3,0,4,0,1.0
Q9HBD1,1191.0,mRNA,SEG_intermediate,1,2,1,3,1,4,1,4,1,5,-1,0.0
Q5VZU3,215.0,pre-rRNA,SEG_intermediate,0,2,0,3,0,3,0,3,0,4,0,1.0
C9J1C5,52.0,ribosomal protein,SEG_intermediate,0,2,0,3,0,3,0,3,0,4,0,1.0
Q15477,1246.0,mRNA,SEG_intermediate,0,2,0,3,0,3,0,3,0,4,0,1.0
Q8NE71,845.0,mRNA,SEG_intermediate,1,1,2,1,2,1,2,1,2,2,-1,0.0
C9JVJ0,101.0,unknown,SEG_intermediate,0,2,0,3,0,3,0,3,0,4,0,1.0
E9PHM2,860.0,tRNA,SEG_intermediate,0,2,0,3,0,3,0,3,0,4,0,1.0
O95059,124.0,ncRNA,SEG_intermediate,0,2,0,3,0,3,0,3,0,4,0,1.0
Q5CZA5,627.0,unknown,SEG_intermediate,0,2,0,3,0,3,0,3,0,4,0,1.0
X6RJY0,320.0,snoRNA,SEG_intermediate,0,2,0,3,0,3,0,3,0,4,0,1.0
F8VVL1,160.0,mRNA,SEG_intermediate,0,2,0,3,0,3,0,3,0,4,0,1.0
Q9Y333,95.0,snRNA,SEG_intermediate,0,2,0,3,0,3,0,3,0,4,0,1.0
Q5T7F5,372.0,mRNA,SEG_intermediate,0,2,0,3,0,3,0,3,0,4,0,1.0
Q9H0H0,1196.0,snRNA,SEG_intermediate,0,2,0,3,0,3,0,3,0,4,0,1.0
Q8WXF0,261.0,mRNA,SEG_intermediate,1,2,1,3,1,4,4,4,4,5,-1,0.0
Q9NWK9,470.0,snoRNA,SEG_intermediate,0,2,0,3,0,3,0,3,0,4,0,1.0
P25786,263.0,unknown,SEG_intermediate,0,2,0,3,0,3,0,3,0,4,0,1.0
F6TAI2,324.0,mRNA,SEG_intermediate,1,2,1,3,1,4,1,4,1,5,-1,0.0
Q8WUQ7,758.0,mRNA,SEG_intermediate,0,1,2,1,2,1,2,1,2,2,-1,0.0
Q9Y3B7,192.0,ribosomal protein,SEG_intermediate,0,2,0,3,0,3,0,3,0,4,0,1.0
Q96CB8,462.0,snRNA,SEG_intermediate,0,2,2,2,3,2,3,2,3,3,-1,0.0
E7ETK0,131.0,ribosomal protein,SEG_intermediate,0,2,0,3,0,3,0,3,0,4,0,1.0
P0C7T5,689.0,mRNA,SEG_intermediate,0,2,0,3,0,3,0,3,0,4,0,1.0
Q96BT7,664.0,tRNA,SEG_intermediate,0,2,0,3,0,3,0,3,0,4,0,1.0
Q5QPL9,237.0,mRNA,SEG_intermediate,1,2,1,3,1,4,1,4,1,5,-1,0.0
Q587J7,1177.0,ncRNA,SEG_intermediate,0,2,0,3,0,3,0,3,0,4,0,1.0
P54253,815.0,mRNA,SEG_intermediate,1,2,1,3,1,4,1,4,1,5,2,0.9840969673895787
Q9UHC7,482.0,mRNA,SEG_intermediate,1,2,1,2,3,2,3,2,3,3,-1,0.0
A0A0C4DG89,1032.0,snRNA,SEG_intermediate,1,1,2,1,2,1,2,1,2,2,-1,0.0
C9JE40,543.0,mRNA,SEG_intermediate,1,2,1,3,1,4,4,4,4,5,-1,0.0
Q5JW28,199.0,unknown,SEG_intermediate,0,2,0,3,0,3,0,3,0,4,0,1.0
B0QY89,607.0,mRNA,SEG_intermediate,0,2,0,3,0,3,0,3,0,4,0,1.0
Q9H2U1,1008.0,mRNA,SEG_intermediate,1,2,1,3,1,4,1,4,1,5,-1,0.0
H7C4E7,151.0,mRNA,SEG_intermediate,0,2,0,3,0,3,0,3,0,4,0,1.0
C9J4W5,115.0,mRNA,SEG_intermediate,0,2,0,3,0,3,0,3,0,4,0,1.0
Q9BWE0,567.0,unknown,SEG_intermediate,0,2,0,3,0,3,0,3,0,4,0,1.0
F8WAS2,213.0,unknown,SEG_intermediate,0,2,0,3,0,3,0,3,0,4,0,1.0
Q8N7X1,1067.0,mRNA,SEG_intermediate,0,2,0,3,0,3,0,3,0,4,0,1.0
Q6PI26,577.0,snoRNA,SEG_intermediate,1,2,1,3,1,4,4,4,4,5,-1,0.0
P56182,461.0,pre-rRNA,SEG_intermediate,0,2,0,3,0,3,0,3,0,4,0,1.0
Q86TG7,708.0,unknown,SEG_intermediate,1,2,1,2,3,2,3,2,3,3,-1,0.0
H0Y863,132.0,pre-rRNA,SEG_intermediate,0,2,0,3,0,3,0,3,0,4,0,1.0
Q96EK7,910.0,unknown,SEG_intermediate,0,2,0,3,0,3,0,3,0,4,0,1.0
C9J7E5,957.0,mRNA,SEG_intermediate,0,2,0,3,0,3,0,3,0,4,0,1.0
C9J6P4,1024.0,ncRNA,SEG_intermediate,0,2,0,3,0,3,0,3,0,4,0,1.0
Q8IZH2,1706.0,diverse,SEG_intermediate,0,2,0,3,0,3,0,3,0,4,0,1.0
O15042,1029.0,snRNA,SEG_intermediate,1,2,1,3,1,4,4,4,4,5,-1,0.0
Q99497,189.0,mRNA,SEG_intermediate,0,2,0,3,0,3,0,3,0,4,0,1.0
Q9C0B1,505.0,mRNA,SEG_intermediate,0,2,0,3,0,3,0,3,0,4,0,1.0
C9J0B9,218.0,mRNA,SEG_intermediate,0,2,0,3,0,3,0,3,0,4,0,1.0
P38398,1863.0,ncRNA,SEG_intermediate,0,2,0,3,0,3,0,3,0,4,0,1.0
C9JYQ9,121.0,ribosomal protein,SEG_intermediate,0,2,0,3,0,3,0,3,0,4,0,1.0
Q5RL73,367.0,mRNA,SEG_intermediate,0,2,0,3,0,3,0,3,0,4,0,1.0
Q5T7N2,865.0,mRNA,SEG_intermediate,1,2,2,2,3,2,3,2,3,3,1,0.4160572573276817
H7C5K7,360.0,unknown,SEG_intermediate,0,2,0,3,0,3,0,3,0,4,0,1.0
H7C5L9,329.0,ribosomal protein,SEG_intermediate,0,2,0,3,0,3,0,3,0,4,0,1.0
Q8TAS1,419.0,mRNA,SEG_intermediate,0,2,0,3,0,3,0,3,0,4,0,1.0
Q13769,683.0,mRNA,SEG_intermediate,0,2,0,3,0,3,0,3,0,4,0,1.0
C9JP00,348.0,mRNA,SEG_intermediate,1,2,1,3,1,4,1,4,1,5,-1,0.0
Q00059,246.0,mRNA,SEG_intermediate,0,2,0,3,0,3,0,3,0,4,0,1.0
Q969Z0,631.0,mRNA,SEG_intermediate,0,2,0,3,0,3,0,3,0,4,0,1.0
E9PFF5,490.0,mRNA,SEG_intermediate,1,2,2,2,3,2,3,2,3,3,-1,0.0
P47914,159.0,ribosomal protein,SEG_intermediate,0,2,0,3,0,3,0,3,0,4,0,1.0
O60783,128.0,ribosomal protein,SEG_intermediate,0,2,0,3,0,3,0,3,0,4,0,1.0
P62945,25.0,ribosomal protein,SEG_intermediate,1,2,1,3,1,4,4,5,4,6,-1,0.0
Q08J23,767.0,tRNA,SEG_intermediate,0,2,0,3,0,3,0,3,0,4,0,1.0
E9PB61,264.0,mRNA,SEG_intermediate,1,2,2,2,3,2,3,2,3,3,-1,0.0
H0Y8P4,545.0,snoRNA,SEG_intermediate,0,2,0,3,0,3,0,3,0,4,0,1.0
Q499Z4,452.0,unknown,SEG_intermediate,0,2,0,3,0,3,0,3,0,4,0,1.0
E7ET15,1028.0,snRNA,SEG_intermediate,1,2,1,3,1,4,4,4,4,5,-1,0.0
H0Y8X3,171.0,mRNA,SEG_intermediate,0,2,0,3,0,3,0,3,0,4,0,1.0
Q5H9U9,1706.0,ncRNA,SEG_intermediate,0,2,0,3,0,3,0,3,0,4,0,1.0
Q4G0J3,582.0,ncRNA,SEG_intermediate,1,1,2,1,2,1,2,1,2,2,-1,0.0
D6R9X9,74.0,ribosomal protein,SEG_intermediate,0,2,0,3,0,3,0,3,0,4,0,1.0
D6R9W6,518.0,mRNA,SEG_intermediate,1,2,1,3,1,4,1,4,1,5,-1,0.0
F6VAP0,555.0,mRNA,SEG_intermediate,1,2,1,3,1,4,1,4,1,5,2,1.0
A0A0B4J203,849.0,mRNA,SEG_intermediate,1,2,1,3,1,4,4,4,4,5,1,0.7865572925850819
D6R954,199.0,tRNA,SEG_intermediate,0,2,0,3,0,3,0,3,0,4,0,1.0
H0Y9C1,435.0,mRNA,SEG_intermediate,0,2,0,3,0,3,0,3,0,4,0,1.0
D6RCB9,135.0,snoRNA,SEG_intermediate,0,2,0,3,0,3,0,3,0,4,0,1.0
Q9BTF0,503.0,tRNA,SEG_intermediate,0,2,0,3,0,3,0,3,0,4,0,1.0
Q9NP92,439.0,ribosomal protein,SEG_intermediate,1,2,1,3,1,4,4,4,4,5,-1,0.0
O43660,514.0,mRNA,SEG_intermediate,0,2,0,3,0,3,0,3,0,4,0,1.0
Q8NI36,895.0,pre-rRNA,SEG_intermediate,0,2,0,3,0,3,0,3,0,4,0,1.0
Q9NQI0,724.0,mRNA,SEG_intermediate,0,2,0,3,0,3,0,3,0,4,0,1.0
P09132,144.0,ncRNA,SEG_intermediate,0,2,0,3,0,3,0,3,0,4,0,1.0
Q99729,332.0,mRNA,SEG_intermediate,1,1,2,1,2,1,2,1,5,2,-1,0.0
Q92540,1137.0,mRNA,SEG_intermediate,1,2,1,3,1,4,1,4,1,5,-1,0.0
P06730,217.0,mRNA,SEG_intermediate,1,2,1,3,1,4,4,4,4,5,-1,0.0
D6RJF2,200.0,mRNA,SEG_intermediate,0,2,0,3,0,3,0,3,0,4,0,1.0
Q8IU60,420.0,mRNA,SEG_intermediate,0,2,0,3,0,3,0,3,0,4,0,1.0
Q9P2J5,1176.0,tRNA,SEG_intermediate,1,2,1,3,1,4,4,4,4,5,-1,0.0
H0YA61,80.0,mRNA,SEG_intermediate,0,2,0,3,0,3,0,3,0,4,0,1.0
O00584,256.0,diverse,SEG_intermediate,1,2,1,3,1,4,4,4,4,5,-1,0.0
D6RG13,223.0,ribosomal protein,SEG_intermediate,0,2,0,3,0,3,0,3,0,4,0,1.0
Q15797,465.0,ncRNA,SEG_intermediate,1,2,1,3,1,4,4,4,4,5,-1,0.0
P53999,127.0,mRNA,SEG_intermediate,1,2,1,3,1,4,4,4,4,5,-1,0.0
D6REA0,516.0,tRNA,SEG_intermediate,0,2,0,3,0,3,0,3,0,4,0,1.0
Q969S9,779.0,mRNA,SEG_intermediate,0,2,0,3,0,3,0,3,0,4,0,1.0
D6RJB1,162.0,mRNA,SEG_intermediate,0,2,0,3,0,3,0,3,0,4,0,1.0
D6RIC3,150.0,pre-rRNA,SEG_intermediate,0,2,0,3,0,3,0,3,0,4,0,1.0
G3XAN0,64.0,ribosomal protein,SEG_intermediate,0,2,0,3,0,3,0,3,0,4,0,1.0
Q9H2T7,1088.0,mRNA,SEG_intermediate,0,2,0,3,0,3,0,3,0,4,0,1.0
P62888,115.0,ribosomal protein,SEG_intermediate,0,2,0,3,0,3,0,3,0,4,0,1.0
G5EA06,358.0,ribosomal protein,SEG_intermediate,0,2,0,3,0,3,0,3,0,4,0,1.0
Q8TC59,973.0,ncRNA,SEG_intermediate,0,2,0,3,0,3,0,3,0,4,0,1.0
Q2WGJ9,1857.0,unknown,SEG_intermediate,0,2,0,2,3,2,3,2,3,3,-1,0.0
E5RHF4,198.0,ribosomal protein,SEG_intermediate,1,2,1,3,1,4,4,4,4,5,-1,0.0
H0YB34,148.0,unknown,SEG_intermediate,0,2,0,3,0,3,0,3,0,4,0,1.0
Q5TAP6,766.0,snoRNA,SEG_intermediate,0,2,0,3,0,3,0,3,0,4,0,1.0
E5RJP0,122.0,unknown,SEG_intermediate,0,2,0,3,0,3,0,3,0,4,0,1.0
E7ESL0,212.0,ribosomal protein,SEG_intermediate,0,2,0,3,0,3,0,3,0,4,0,1.0
E5RJM0,639.0,mRNA,SEG_intermediate,1,2,2,2,3,2,3,2,3,3,-1,0.0
Q9NV88,658.0,snRNA,SEG_intermediate,0,2,0,3,0,3,0,3,0,4,0,1.0
Q8N8Q3,282.0,tRNA,SEG_intermediate,0,2,0,3,0,3,0,3,0,4,0,1.0
Q96DE0,195.0,snoRNA,SEG_intermediate,0,2,0,3,0,3,0,3,0,4,0,1.0
E7ERJ7,604.0,mRNA,SEG_intermediate,1,2,1,3,1,4,1,4,1,5,-1,0.0
O15372,352.0,mRNA,SEG_intermediate,1,2,1,3,1,4,4,4,4,5,-1,0.0
E7EPX0,491.0,mRNA,SEG_intermediate,0,2,0,3,0,3,0,3,0,4,0,1.0
H0YBR2,502.0,mRNA,SEG_intermediate,0,2,0,3,0,3,0,3,0,4,0,1.0
Q86SE5,291.0,mRNA,SEG_intermediate,0,2,0,3,0,3,0,3,0,4,0,1.0
E5RGH2,147.0,mRNA,SEG_intermediate,0,2,0,3,0,3,0,3,0,4,0,1.0
Q8IV48,349.0,pre-rRNA,SEG_intermediate,0,2,0,3,0,3,0,3,0,4,0,1.0
Q75QN2,995.0,snRNA,SEG_intermediate,0,2,0,3,0,3,0,3,0,4,0,1.0
E5RK86,108.0,ribosomal protein,SEG_intermediate,0,2,0,3,0,3,0,3,0,4,0,1.0
Q9UFF9,292.0,mRNA,SEG_intermediate,0,2,0,3,0,3,0,3,0,4,0,1.0
E5RJI7,147.0,ribosomal protein,SEG_intermediate,0,2,0,3,0,3,0,3,0,4,0,1.0
Q6IS14,154.0,mRNA,SEG_intermediate,0,2,0,3,0,3,0,3,0,4,0,1.0
E5RJZ9,265.0,mRNA,SEG_intermediate,0,2,0,3,0,3,0,3,0,4,0,1.0
P49756,843.0,mRNA,SEG_intermediate,1,1,2,1,2,1,2,1,5,2,-1,0.0
E9PJD9,91.0,ribosomal protein,SEG_intermediate,0,2,0,3,0,3,0,3,0,4,0,1.0
E9PJG9,54.0,ncRNA,SEG_intermediate,1,2,1,3,1,4,4,4,4,5,-1,0.0
Q9UHX1,559.0,mRNA,SEG_intermediate,1,2,1,3,1,4,1,4,1,5,-1,0.0
E9PIF2,835.0,pre-rRNA,SEG_intermediate,1,2,0,2,3,2,3,2,3,3,1,1.0
E9PRK2,241.0,tRNA,SEG_intermediate,0,2,0,3,0,3,0,3,0,4,0,1.0
Q9BZE2,481.0,tRNA,SEG_intermediate,0,2,0,3,0,3,0,3,0,4,0,1.0
Q16560,246.0,snRNA,SEG_intermediate,0,2,0,3,0,3,0,3,0,4,0,1.0
H0YD25,96.0,unknown,SEG_intermediate,0,2,0,3,0,3,0,3,0,4,0,1.0
A1L020,520.0,mRNA,SEG_intermediate,1,2,2,2,3,2,3,2,3,3,-1,0.0
E9PN81,247.0,diverse,SEG_intermediate,0,2,0,3,0,3,0,3,0,4,0,1.0
Q9H0A0,1025.0,pre-rRNA,SEG_intermediate,0,2,0,3,0,3,0,3,0,4,0,1.0
E9PMM9,218.0,ribosomal protein,SEG_intermediate,1,2,1,3,1,4,4,4,4,5,-1,0.0
E9PL19,596.0,mRNA,SEG_intermediate,1,2,1,3,1,4,1,4,1,5,-1,0.0
E9PL09,231.0,ribosomal protein,SEG_intermediate,0,2,0,3,0,3,0,3,0,4,0,1.0
P29692,281.0,tRNA,SEG_intermediate,0,2,0,3,0,3,0,3,0,4,0,1.0
P78344,907.0,mRNA,SEG_intermediate,0,2,0,3,0,3,0,3,0,4,0,1.0
Q9Y2W1,955.0,mRNA,SEG_intermediate,1,1,2,1,2,1,2,1,5,2,-1,0.0
H0YDK8,900.0,mRNA,SEG_intermediate,1,1,2,1,2,1,2,1,2,2,-1,0.0
P13489,461.0,diverse,SEG_intermediate,0,2,0,3,0,3,0,3,0,4,0,1.0
Q96HW7,963.0,snRNA,SEG_intermediate,0,2,0,3,0,3,0,3,0,4,0,1.0
P62851,125.0,ribosomal protein,SEG_intermediate,0,2,2,2,3,2,3,2,3,3,-1,0.0
E9PKU4,235.0,ribosomal protein,SEG_intermediate,0,2,0,3,0,3,0,3,0,4,0,1.0
P62861,133.0,ribosomal protein,SEG_intermediate,0,2,0,3,0,3,0,3,0,4,0,1.0
P08240,638.0,ncRNA,SEG_intermediate,0,2,0,3,0,3,0,3,0,4,0,1.0
P62277,151.0,ribosomal protein,SEG_intermediate,0,2,0,3,0,3,0,3,0,4,0,1.0
Q7L2H7,374.0,mRNA,SEG_intermediate,0,2,0,3,0,3,0,3,0,4,0,1.0
E9PQK6,123.0,mRNA,SEG_intermediate,0,2,0,3,0,3,0,3,0,4,0,1.0
E9PI14,86.0,ribosomal protein,SEG_intermediate,0,2,0,3,0,3,0,3,0,4,0,1.0
Q8N9N8,165.0,mRNA,SEG_intermediate,0,2,0,3,0,3,0,3,0,4,0,1.0
Q14498,530.0,mRNA,SEG_intermediate,1,2,1,3,1,4,1,4,1,5,-1,0.0
A0ACM8QBP7,382.0,pre-rRNA,SEG_intermediate,0,2,0,3,0,3,0,3,0,4,0,1.0
Q12872,951.0,mRNA,SEG_intermediate,1,1,2,1,2,1,2,1,2,2,-1,0.0
Q96CB9,384.0,pre-rRNA,SEG_intermediate,0,2,0,3,0,3,0,3,0,4,0,1.0
Q5VTE6,544.0,mRNA,SEG_intermediate,0,2,0,3,0,3,0,3,0,4,0,1.0
P21399,889.0,mRNA,SEG_intermediate,0,2,0,3,0,3,0,3,0,4,0,1.0
Q8ND04,991.0,mRNA,SEG_intermediate,0,2,0,3,0,3,0,3,0,4,0,1.0
P51513,507.0,mRNA,SEG_intermediate,1,2,1,3,1,4,1,4,1,5,-1,0.0
A0A0C4DGG8,1043.0,mRNA,SEG_intermediate,1,1,2,1,2,1,2,1,5,2,-1,0.0
Q86Y79,214.0,tRNA,SEG_intermediate,0,2,0,3,0,3,0,3,0,4,0,1.0
F5H1K3,237.0,tRNA,SEG_intermediate,0,2,0,3,0,3,0,3,0,4,0,1.0
Q8IWX8,916.0,mRNA,SEG_intermediate,1,1,2,1,2,1,2,1,2,2,-1,0.0
Q96HJ9,113.0,mRNA,SEG_intermediate,0,2,0,3,0,3,0,3,0,4,0,1.0
Q96FC9,970.0,unknown,SEG_intermediate,0,2,0,3,0,3,0,3,0,4,0,1.0
Q9BZJ0,848.0,mRNA,SEG_intermediate,0,2,0,3,0,3,0,3,0,4,0,1.0
F5GYR3,275.0,pre-rRNA,SEG_intermediate,1,2,1,3,1,4,4,4,4,5,1,0.7690614663859078
Q15233,471.0,ncRNA,SEG_intermediate,1,1,2,1,2,1,2,1,2,2,-1,0.0
Q8N1W1,1705.0,mRNA,SEG_intermediate,0,2,0,3,0,3,0,3,0,4,0,1.0
Q99717,465.0,ncRNA,SEG_intermediate,0,2,0,3,0,3,0,3,0,4,0,1.0
Q9Y4C8,960.0,pre-rRNA,SEG_intermediate,0,2,0,2,3,2,3,2,3,3,-1,0.0
H0YG84,90.0,mRNA,SEG_intermediate,0,2,0,3,0,3,0,3,0,4,0,1.0
O15226,690.0,unknown,SEG_intermediate,0,2,0,3,0,3,0,3,0,4,0,1.0
O60942,597.0,mRNA,SEG_intermediate,1,2,1,3,1,4,4,4,4,5,-1,0.0
H0YGD3,207.0,unknown,SEG_intermediate,0,2,0,3,0,3,0,3,0,4,0,1.0
Q9UPS6,1966.0,ncRNA,SEG_intermediate,1,1,2,1,2,1,2,1,2,2,-1,0.0
H0YGG4,152.0,mRNA,SEG_intermediate,0,2,0,3,0,3,0,3,0,4,0,1.0
O60522,2096.0,ncRNA,SEG_intermediate,0,2,0,3,0,3,0,3,0,4,0,1.0
H0YGJ7,106.0,mRNA,SEG_intermediate,0,2,0,3,0,3,0,3,0,4,0,1.0
P56270,477.0,unknown,SEG_intermediate,1,1,2,1,2,1,2,1,5,2,-1,0.0
Q7Z5Q1,589.0,mRNA,SEG_intermediate,1,2,1,3,1,4,1,4,1,5,2,0.4532356884063795
O95453,639.0,mRNA,SEG_intermediate,0,2,0,3,0,3,0,3,0,4,0,1.0
Q9Y5A9,579.0,mRNA,SEG_intermediate,1,2,1,3,1,4,1,4,1,5,2,0.7075306418172871
Q9NP64,241.0,unknown,SEG_intermediate,1,1,2,1,2,1,2,1,2,2,-1,0.0
Q9Y2P0,537.0,unknown,SEG_intermediate,0,2,0,3,0,3,0,3,0,4,0,1.0
H0YGT4,134.0,unknown,SEG_intermediate,0,2,0,3,0,3,0,3,0,4,0,1.0
Q2VIR3,472.0,tRNA,SEG_intermediate,0,2,0,3,0,3,0,3,0,4,0,1.0
H0YGW8,298.0,tRNA,SEG_intermediate,0,2,0,3,0,3,0,3,0,4,0,1.0
Q13360,481.0,unknown,SEG_intermediate,0,2,0,3,0,3,0,3,0,4,0,1.0
Q8IYX4,353.0,mRNA,SEG_intermediate,0,2,0,3,0,3,0,3,0,4,0,1.0
F8VQP2,1073.0,mRNA,SEG_intermediate,0,2,1,2,3,2,3,2,3,3,-1,0.0
O75123,536.0,unknown,SEG_intermediate,0,2,0,3,0,3,0,3,0,4,0,1.0
Q5JTH9,1297.0,pre-rRNA,SEG_intermediate,1,2,1,3,1,4,4,4,4,5,1,0.49851428617151633
P62826,216.0,mRNA,SEG_intermediate,0,2,0,3,0,3,0,3,0,4,0,1.0
H0YH84,186.0,mRNA,SEG_intermediate,0,2,0,3,0,3,0,3,0,4,0,1.0
A0A0G2JKY3,1061.0,tRNA,SEG_intermediate,0,2,0,3,0,3,0,3,0,4,0,1.0
F8VZA0,365.0,pre-rRNA,SEG_intermediate,0,2,0,3,0,3,0,3,0,4,0,1.0
O43716,136.0,tRNA,SEG_intermediate,0,2,0,3,0,3,0,3,0,4,0,1.0
Q9UIF9,1905.0,ncRNA,SEG_intermediate,1,1,2,1,2,1,2,1,2,2,-1,0.0
Q07020,188.0,ribosomal protein,SEG_intermediate,0,2,0,3,0,3,0,3,0,4,0,1.0
F8VZY7,263.0,mRNA,SEG_intermediate,0,2,0,3,0,3,0,3,0,4,0,1.0
A0A0B4J254,67.0,snRNA,SEG_intermediate,0,2,0,3,0,3,0,3,0,4,0,1.0
H0YHU8,144.0,mRNA,SEG_intermediate,0,2,0,3,0,3,0,3,0,4,0,1.0
P86452,979.0,unknown,SEG_intermediate,0,2,0,3,0,3,0,3,0,4,0,1.0
F8VU11,892.0,snRNA,SEG_intermediate,1,1,2,1,2,1,2,1,2,2,-1,0.0
H0YI55,253.0,mRNA,SEG_intermediate,0,2,0,3,0,3,0,3,0,4,0,1.0
F8VS19,96.0,unknown,SEG_intermediate,0,2,0,3,0,3,0,3,0,4,0,1.0
F8VXY6,228.0,mRNA,SEG_intermediate,1,2,1,3,1,4,4,4,4,5,-1,0.0
P00973,400.0,ncRNA,SEG_intermediate,0,2,0,3,0,3,0,3,0,4,0,1.0
H0YIP0,219.0,tRNA,SEG_intermediate,0,2,0,3,0,3,0,3,0,4,0,1.0
Q9Y6G3,142.0,ribosomal protein,SEG_intermediate,0,2,0,3,0,3,0,3,0,4,0,1.0
F8VP89,275.0,mRNA,SEG_intermediate,0,2,0,3,0,3,0,3,0,4,0,1.0
Q5GAN4,147.0,unknown,SEG_intermediate,0,2,0,3,0,3,0,3,0,4,0,1.0
G3V2H6,54.0,mRNA,SEG_intermediate,0,2,0,3,0,3,0,3,0,4,0,1.0
G3V2M5,61.0,pre-rRNA,SEG_intermediate,0,2,0,3,0,3,0,3,0,4,0,1.0
G3V2P5,207.0,mRNA,SEG_intermediate,0,2,0,3,0,3,0,3,0,4,0,1.0
O15037,678.0,mRNA,SEG_intermediate,1,2,1,3,1,4,1,4,1,5,2,0.9595162934472377
A0A0A0MTQ0,185.0,ncRNA,SEG_intermediate,0,2,0,3,0,3,0,3,0,4,0,1.0
Q9GZT3,109.0,ncRNA,SEG_intermediate,0,2,0,3,0,3,0,3,0,4,0,1.0
G3V3F2,158.0,unknown,SEG_intermediate,0,2,0,3,0,3,0,3,0,4,0,1.0
Q13243,272.0,mRNA,SEG_intermediate,1,2,2,2,3,2,3,2,3,3,-1,0.0
G3V414,235.0,mRNA,SEG_intermediate,0,2,0,3,0,3,0,3,0,4,0,1.0
P60153,205.0,unknown,SEG_intermediate,1,2,1,3,1,4,4,4,4,5,-1,0.0
Q9HCK8,2581.0,mRNA,SEG_intermediate,1,1,2,1,2,1,2,1,2,2,-1,0.0
A0A0C4DGK8,146.0,mRNA,SEG_intermediate,0,2,0,3,0,3,0,3,0,4,0,1.0
G3V529,816.0,pre-rRNA,SEG_intermediate,1,2,1,2,3,2,3,2,3,3,-1,0.0
G3V5I6,420.0,mRNA,SEG_intermediate,0,2,0,3,0,3,0,3,0,4,0,1.0
G3V5U1,153.0,tRNA,SEG_intermediate,0,2,0,3,0,3,0,3,0,4,0,1.0
G3V5X7,2519.0,ncRNA,SEG_intermediate,0,2,0,3,0,3,0,3,0,4,0,1.0
H0YKX1,171.0,mRNA,SEG_intermediate,0,2,0,3,0,3,0,3,0,4,0,1.0
Q8IZ73,545.0,tRNA,SEG_intermediate,0,2,0,3,0,3,0,3,0,4,0,1.0
H0YLQ7,131.0,unknown,SEG_intermediate,0,2,0,3,0,3,0,3,0,4,0,1.0
H0YM60,36.0,snoRNA,SEG_intermediate,0,2,0,3,0,3,0,3,0,4,0,1.0
H0YMF4,112.0,ribosomal protein,SEG_intermediate,0,2,0,3,0,3,0,3,0,4,0,1.0
H0YMJ6,179.0,diverse,SEG_intermediate,0,2,0,3,0,3,0,3,0,4,0,1.0
H0YN88,136.0,ribosomal protein,SEG_intermediate,0,2,0,3,0,3,0,3,0,4,0,1.0
H3BM89,333.0,ribosomal protein,SEG_intermediate,1,2,1,3,1,4,1,4,1,5,-1,0.0
H3BMQ2,146.0,pre-rRNA,SEG_intermediate,0,2,0,3,0,3,0,3,0,4,0,1.0
Q9H6T0,727.0,mRNA,SEG_intermediate,1,2,1,3,1,4,1,4,1,5,2,1.0
A8K979,691.0,unknown,SEG_intermediate,0,2,0,3,0,3,0,3,0,4,0,1.0
H3BN59,261.0,mRNA,SEG_intermediate,0,2,0,3,0,3,0,3,0,4,0,1.0
Q12788,808.0,snoRNA,SEG_intermediate,0,2,0,3,0,3,0,3,0,4,0,1.0
H3BNJ4,201.0,unknown,SEG_intermediate,0,2,0,3,0,3,0,3,0,4,0,1.0
Q14137,746.0,pre-rRNA,SEG_intermediate,1,2,1,2,3,2,3,2,3,3,1,0.7398295521396113
H3BPD0,197.0,unknown,SEG_intermediate,0,2,0,3,0,3,0,3,0,4,0,1.0
H3BPE7,527.0,mRNA,SEG_intermediate,1,1,2,1,2,1,2,1,5,1,-1,0.0
H3BPG5,128.0,mRNA,SEG_intermediate,1,2,1,3,1,4,4,4,4,5,-1,0.0
Q96F86,508.0,mRNA,SEG_intermediate,0,2,0,3,0,3,0,3,0,4,0,1.0
A5YKK6,2376.0,mRNA,SEG_intermediate,0,2,0,2,3,2,3,2,3,3,-1,0.0
H3BQK0,484.0,unknown,SEG_intermediate,0,2,0,3,0,3,0,3,0,4,0,1.0
Q9Y2V2,147.0,mRNA,SEG_intermediate,0,2,0,3,0,3,0,3,0,4,0,1.0
H3BSB3,131.0,pre-rRNA,SEG_intermediate,0,2,0,3,0,3,0,3,0,4,0,1.0
H3BSG4,173.0,tRNA,SEG_intermediate,1,2,1,3,1,4,1,4,1,5,-1,0.0
H3BSW6,586.0,tRNA,SEG_intermediate,0,2,0,3,0,3,0,3,0,4,0,1.0
P61970,127.0,mRNA,SEG_intermediate,0,2,0,3,0,3,0,3,0,4,0,1.0
H3BTT8,252.0,snRNA,SEG_intermediate,0,2,0,3,0,3,0,3,0,4,0,1.0
D6RA96,785.0,unknown,SEG_intermediate,0,2,0,3,0,3,0,3,0,4,0,1.0
Q9BUB4,502.0,tRNA,SEG_intermediate,0,2,0,3,0,3,0,3,0,4,0,1.0
H3BUK8,54.0,ribosomal protein,SEG_intermediate,0,2,0,3,0,3,0,3,0,4,0,1.0
Q96J87,481.0,mRNA,SEG_intermediate,0,2,0,3,0,3,0,3,0,4,0,1.0
I3L0N7,115.0,mRNA,SEG_intermediate,0,2,0,3,0,3,0,3,0,4,0,1.0
I3L1L6,617.0,mRNA,SEG_intermediate,0,2,0,3,0,3,0,3,0,4,0,1.0
I3L1N3,78.0,unknown,SEG_intermediate,0,2,0,3,0,3,0,3,0,4,0,1.0
Q96SZ4,780.0,unknown,SEG_intermediate,0,2,0,3,0,3,0,3,0,4,0,1.0
Q92667,903.0,mRNA,SEG_intermediate,0,2,0,3,0,3,0,3,0,4,0,1.0
I3L397,146.0,mRNA,SEG_intermediate,0,2,0,3,0,3,0,3,0,4,0,1.0
I3L3C4,158.0,unknown,SEG_intermediate,0,2,0,3,0,3,0,3,0,4,0,1.0
Q6P2Q9,2335.0,snRNA,SEG_intermediate,0,2,0,3,0,3,0,3,0,4,0,1.0
A0A140TA76,344.0,mRNA,SEG_intermediate,1,2,1,3,1,4,4,4,4,5,-1,0.0
I3L4V1,148.0,unknown,SEG_intermediate,0,2,0,3,0,3,0,3,0,4,0,1.0
A6NM28,416.0,unknown,SEG_intermediate,0,2,0,3,0,3,0,3,0,4,0,1.0
J3KRL2,102.0,tRNA,SEG_intermediate,0,2,0,3,0,3,0,3,0,4,0,1.0
D3DTZ5,76.0,mRNA,SEG_intermediate,0,2,0,3,0,3,0,3,0,4,0,1.0
O14730,519.0,pre-rRNA,SEG_intermediate,0,2,0,3,0,3,0,3,0,4,0,1.0
J3KSP2,21.0,ribosomal protein,SEG_intermediate,0,2,0,3,0,3,0,3,0,4,0,1.0
Q96QE5,360.0,mRNA,SEG_intermediate,0,2,0,3,0,3,0,3,0,4,0,1.0
P0CB38,370.0,mRNA,SEG_intermediate,0,2,0,3,0,3,0,3,0,4,0,1.0
J3QKW2,183.0,ribosomal protein,SEG_intermediate,0,2,0,3,0,3,0,3,0,4,0,1.0
J3QL05,130.0,mRNA,SEG_intermediate,1,2,1,3,1,4,4,4,4,5,-1,0.0
J3QL17,468.0,mRNA,SEG_intermediate,0,2,0,3,0,3,0,3,0,4,0,1.0
P60842,406.0,mRNA,SEG_intermediate,0,2,0,3,0,3,0,3,0,4,0,1.0
J3QLD1,290.0,mRNA,SEG_intermediate,0,2,0,3,0,3,0,3,0,4,0,1.0
P61254,145.0,ribosomal protein,SEG_intermediate,0,2,0,3,0,3,0,3,0,4,0,1.0
J3QQT2,171.0,ribosomal protein,SEG_intermediate,0,2,0,3,0,3,0,3,0,4,0,1.0
J3QQT9,34.0,ribosomal protein,SEG_intermediate,0,2,0,3,0,3,0,3,0,4,0,1.0
J3QQZ8,52.0,unknown,SEG_intermediate,0,2,0,3,0,3,0,3,0,4,0,1.0
J3QR28,271.0,pre-rRNA,SEG_intermediate,0,2,0,3,0,3,0,3,0,4,0,1.0
J3QRD6,70.0,pre-rRNA,SEG_intermediate,0,2,0,3,0,3,0,3,0,4,0,1.0
Q9Y3E5,179.0,tRNA,SEG_intermediate,0,2,0,3,0,3,0,3,0,4,0,1.0
Q9Y3U8,105.0,ribosomal protein,SEG_intermediate,0,2,0,3,0,3,0,3,0,4,0,1.0
J3QS41,1943.0,mRNA,SEG_intermediate,1,2,1,2,3,2,3,2,3,3,-1,0.0
K7EIJ1,223.0,tRNA,SEG_intermediate,0,2,0,3,0,3,0,3,0,4,0,1.0
Q9C0B9,1178.0,unknown,SEG_intermediate,1,2,1,2,3,2,3,2,3,3,-1,0.0
K7EIU6,117.0,mRNA,SEG_intermediate,0,2,0,3,0,3,0,3,0,4,0,1.0
A8MQ14,1090.0,unknown,SEG_intermediate,0,2,0,3,0,3,0,3,0,4,0,1.0
K7EJ78,129.0,ribosomal protein,SEG_intermediate,0,2,0,3,0,3,0,3,0,4,0,1.0
Q15029,972.0,tRNA,SEG_intermediate,1,2,1,3,1,4,4,4,4,5,1,0.8089334508157769
K7EJB9,349.0,mRNA,SEG_intermediate,1,2,1,3,1,4,4,4,4,5,-1,0.0
O95707,220.0,ncRNA,SEG_intermediate,0,2,0,3,0,3,0,3,0,4,0,1.0
K7EK40,64.0,mRNA,SEG_intermediate,0,2,0,3,0,3,0,3,0,4,0,1.0
D6W5Y5,297.0,mRNA,SEG_intermediate,1,2,1,3,1,4,4,4,4,5,-1,0.0
K7EKC9,86.0,mRNA,SEG_intermediate,0,2,0,3,0,3,0,3,0,4,0,1.0
K7EKH9,261.0,unknown,SEG_intermediate,0,2,0,3,0,3,0,3,0,4,0,1.0
O00411,1230.0,mRNA,SEG_intermediate,0,2,0,3,0,3,0,3,0,4,0,1.0
K7EL49,112.0,unknown,SEG_intermediate,0,2,0,3,0,3,0,3,0,4,0,1.0
K7EL95,136.0,tRNA,SEG_intermediate,0,2,0,3,0,3,0,3,0,4,0,1.0
K7ELC4,79.0,ribosomal protein,SEG_intermediate,0,2,0,3,0,3,0,3,0,4,0,1.0
Q9BTD8,480.0,mRNA,SEG_intermediate,1,1,2,1,2,1,2,1,5,2,-1,0.0
Q9H840,131.0,snRNA,SEG_intermediate,0,2,0,3,0,3,0,3,0,4,0,1.0
K7ENA8,289.0,mRNA,SEG_intermediate,0,2,0,3,0,3,0,3,0,4,0,1.0
Q9NXH9,659.0,tRNA,SEG_intermediate,0,2,0,3,0,3,0,3,0,4,0,1.0
K7EPB9,110.0,unknown,SEG_intermediate,0,2,0,3,0,3,0,3,0,4,0,1.0
K7EPH2,378.0,tRNA,SEG_intermediate,0,2,0,3,0,3,0,3,0,4,0,1.0
Q9UKJ3,1502.0,unknown,SEG_intermediate,1,1,2,1,2,1,2,1,2,2,-1,0.0
Q14587,947.0,unknown,SEG_intermediate,0,2,0,3,0,3,0,3,0,4,0,1.0
K7EQP2,53.0,mRNA,SEG_intermediate,0,2,0,3,0,3,0,3,0,4,0,1.0
K7ER00,548.0,tRNA,SEG_intermediate,0,2,0,3,0,3,0,3,0,4,0,1.0
K7ERG4,78.0,snRNA,SEG_intermediate,0,2,0,3,0,3,0,3,0,4,0,1.0
M0QXD5,236.0,snoRNA,SEG_intermediate,0,2,0,3,0,3,0,3,0,4,0,1.0
O00267,1087.0,mRNA,SEG_intermediate,1,2,1,2,3,2,3,2,3,3,-1,0.0
M0QXG5,101.0,mRNA,SEG_intermediate,0,2,0,3,0,3,0,3,0,4,0,1.0
P39019,145.0,ribosomal protein,SEG_intermediate,0,2,0,3,0,3,0,3,0,4,0,1.0
Q9Y4Z0,139.0,snRNA,SEG_intermediate,1,2,1,3,1,4,4,4,4,5,-1,0.0
M0QY97,910.0,unknown,SEG_intermediate,1,1,2,1,2,1,2,1,2,2,-1,0.0
M0QYX4,139.0,unknown,SEG_intermediate,0,2,0,3,0,3,0,3,0,4,0,1.0
M0QZ34,200.0,pre-rRNA,SEG_intermediate,0,2,0,3,0,3,0,3,0,4,0,1.0
M0QZ76,72.0,ribosomal protein,SEG_intermediate,0,2,0,3,0,3,0,3,0,4,0,1.0
M0QZC5,118.0,ribosomal protein,SEG_intermediate,0,2,0,3,0,3,0,3,0,4,0,1.0
Q92979,244.0,pre-rRNA,SEG_intermediate,0,2,0,3,0,3,0,3,0,4,0,1.0
Q9ULX6,646.0,mRNA,SEG_intermediate,1,2,1,3,1,4,1,4,1,5,-1,0.0
M0R050,197.0,diverse,SEG_intermediate,0,2,0,3,0,3,0,3,0,4,0,1.0
A6NNF4,616.0,unknown,SEG_intermediate,0,2,0,3,0,3,0,3,0,4,0,1.0
M0R117,154.0,ribosomal protein,SEG_intermediate,0,2,0,3,0,3,0,3,0,4,0,1.0
P0DKX0,622.0,unknown,SEG_intermediate,0,2,0,3,0,3,0,3,0,4,0,1.0
M0R1H0,178.0,snoRNA,SEG_intermediate,1,2,1,3,1,4,4,4,4,5,-1,0.0
Q15717,326.0,mRNA,SEG_intermediate,0,2,0,3,0,3,0,3,0,4,0,1.0
M0R226,184.0,ribosomal protein,SEG_intermediate,0,2,0,3,0,3,0,3,0,4,0,1.0
G5E9R9,263.0,ncRNA,SEG_intermediate,0,2,0,3,0,3,0,3,0,4,0,1.0
Q9NW07,568.0,unknown,SEG_intermediate,1,2,2,2,3,2,3,2,3,3,-1,0.0
M0R2C6,588.0,tRNA,SEG_intermediate,0,2,0,3,0,3,0,3,0,4,0,1.0
P62857,69.0,ribosomal protein,SEG_intermediate,0,2,0,3,0,3,0,3,0,4,0,1.0
Q9GZY0,626.0,mRNA,SEG_intermediate,0,2,0,3,0,3,0,3,0,4,0,1.0
M0R2S1,138.0,ribosomal protein,SEG_intermediate,0,2,0,3,0,3,0,3,0,4,0,1.0
Q8WTR7,871.0,snRNA,SEG_intermediate,0,2,0,3,0,3,0,3,0,4,0,1.0
P08621,437.0,snRNA,SEG_intermediate,1,2,2,2,3,2,3,2,3,3,-1,0.0
Q9Y230,463.0,mRNA,SEG_intermediate,0,2,0,3,0,3,0,3,0,4,0,1.0
R4GMQ7,143.0,diverse,SEG_intermediate,0,2,0,3,0,3,0,3,0,4,0,1.0
R4GMW4,75.0,ncRNA,SEG_intermediate,0,2,0,3,0,3,0,3,0,4,0,1.0
A6NHQ2,334.0,snoRNA,SEG_intermediate,1,2,1,3,1,4,4,4,4,5,-1,0.0
R4GMX9,53.0,snRNA,SEG_intermediate,0,2,0,3,0,3,0,3,0,4,0,1.0
Q96T37,977.0,mRNA,SEG_intermediate,1,1,2,1,2,1,2,1,2,2,-1,0.0
R4GNH1,168.0,unknown,SEG_intermediate,0,2,0,3,0,3,0,3,0,4,0,1.0
Q9UKT8,454.0,unknown,SEG_intermediate,0,2,0,3,0,3,0,3,0,4,0,1.0
Q5TEC6,136.0,unknown,SEG_intermediate,0,2,0,3,0,3,0,3,0,4,0,1.0
Q96B70,501.0,unknown,SEG_intermediate,0,2,0,3,0,3,0,3,0,4,0,1.0
A6NFI3,1004.0,unknown,SEG_intermediate,1,1,2,1,2,1,2,1,2,2,-1,0.0
Q96EH8,262.0,unknown,SEG_intermediate,0,2,0,3,0,3,0,3,0,4,0,1.0
A0A024R214,626.0,mRNA,SEG_intermediate,0,2,0,3,0,3,0,3,0,4,0,1.0
A0A087WUV0,522.0,unknown,SEG_intermediate,0,2,0,3,0,3,0,3,0,4,0,1.0
A0A087WVF4,1798.0,unknown,SEG_intermediate,1,1,2,1,2,1,2,1,2,2,-1,0.0
Q9Y2R4,599.0,pre-rRNA,SEG_intermediate,0,2,0,3,0,3,0,3,0,4,0,1.0
Q86XI8,627.0,unknown,SEG_intermediate,0,2,0,3,0,3,0,3,0,4,0,1.0
Q3SXZ3,478.0,unknown,SEG_intermediate,0,2,0,3,0,3,0,3,0,4,0,1.0
A0A024RCN4,479.0,unknown,SEG_intermediate,0,2,0,3,0,3,0,3,0,4,0,1.0
A0A087WYR5,438.0,unknown,SEG_intermediate,0,2,0,3,0,3,0,3,0,4,0,1.0
O94761,1208.0,unknown,SEG_intermediate,0,2,0,3,0,3,0,3,0,4,0,1.0
A0A087X0J2,248.0,diverse,SEG_intermediate,0,2,0,3,0,3,0,3,0,4,0,1.0
A0A0D9SF53,733.0,unknown,SEG_intermediate,1,2,1,3,1,4,1,4,1,5,-1,0.0
S4R469,234.0,mRNA,SEG_intermediate,0,2,0,3,0,3,0,3,0,4,0,1.0
A0A0D9SFM0,1687.0,unknown,SEG_intermediate,0,2,0,3,0,3,0,3,0,4,0,1.0
A0A1W2PPH5,198.0,unknown,SEG_intermediate,0,2,0,3,0,3,0,3,0,4,0,1.0
A0A286YFD1,2093.0,unknown,SEG_intermediate,0,2,0,3,0,3,0,3,0,4,0,1.0
A0A2R8Y4L2,320.0,mRNA,SEG_intermediate,0,2,2,2,3,2,3,2,3,3,-1,0.0
Q9HBD4,1679.0,unknown,SEG_intermediate,1,1,2,1,2,1,2,1,2,2,-1,0.0
A0A2R8Y6W8,807.0,unknown,SEG_intermediate,0,2,0,3,0,3,0,3,0,4,0,1.0
Q14839,1912.0,unknown,SEG_intermediate,1,1,2,1,2,1,2,1,2,2,-1,0.0
Q9BYX4,1025.0,ncRNA,SEG_intermediate,0,2,0,3,0,3,0,3,0,4,0,1.0
A6NKG5,1358.0,unknown,SEG_intermediate,0,2,0,3,0,3,0,3,0,4,0,1.0
Q9ULG1,1556.0,unknown,SEG_intermediate,1,2,1,2,3,2,3,2,3,3,-1,0.0
P38919,411.0,mRNA,SEG_intermediate,0,2,0,3,0,3,0,3,0,4,0,1.0
Q99608,321.0,unknown,SEG_intermediate,1,2,1,3,1,4,1,4,1,5,2,0.41207592494635875
A0A494C0I1,1111.0,unknown,SEG_intermediate,0,2,0,3,0,3,0,3,0,4,0,1.0
A0A494C1N8,1116.0,unknown,SEG_intermediate,0,2,0,3,0,3,0,3,0,4,0,1.0
A0A590UJW6,1086.0,unknown,SEG_intermediate,1,1,2,1,2,1,2,1,2,2,-1,0.0
A0A5F9ZHS7,289.0,unknown,SEG_intermediate,0,2,0,3,0,3,0,3,0,4,0,1.0
A0A7I2V5M7,476.0,unknown,SEG_intermediate,0,1,2,1,2,1,2,1,2,2,-1,0.0
A0A804HKV4,723.0,mRNA,SEG_intermediate,0,2,0,3,0,3,0,3,0,4,0,1.0
A0A8I5KX04,1686.0,mRNA,SEG_intermediate,1,2,1,3,1,4,4,4,4,5,-1,0.0
A0A8I5KNN2,808.0,pre-rRNA,SEG_intermediate,0,2,0,3,0,3,0,3,0,4,0,1.0
A0A8I5KY89,167.0,unknown,SEG_intermediate,0,2,0,3,0,3,0,3,0,4,0,1.0
A0A8I5KWK6,331.0,unknown,SEG_intermediate,0,2,0,3,0,3,0,3,0,4,0,1.0
A0A8I5KSH6,925.0,unknown,SEG_intermediate,1,2,0,2,3,2,3,2,3,3,1,0.9366152698712288
A0A8I5KVU2,1735.0,mRNA,SEG_intermediate,0,2,0,3,0,3,0,3,0,4,0,1.0
A0A8Q3WL03,351.0,unknown,SEG_intermediate,0,2,0,3,0,3,0,3,0,4,0,1.0
A0A8V8TR54,2114.0,unknown,SEG_intermediate,1,1,2,1,2,1,2,1,2,2,-1,0.0
A0A994J6B2,331.0,unknown,SEG_intermediate,0,2,0,3,0,3,0,3,0,4,0,1.0
A0ABB0MN55,322.0,mRNA,SEG_intermediate,1,1,2,1,2,1,2,1,5,2,-1,0.0
A0A994J7T5,750.0,mRNA,SEG_intermediate,0,2,0,3,0,3,0,3,0,4,0,1.0
A0AA34QW03,678.0,mRNA,SEG_intermediate,1,1,2,1,2,1,2,1,2,2,-1,0.0
Q5T890,1561.0,unknown,SEG_intermediate,0,2,0,3,0,3,0,3,0,4,0,1.0
A0ABB0MV08,369.0,mRNA,SEG_intermediate,0,2,2,2,3,2,3,2,3,3,-1,0.0
A0ABB0MVJ3,604.0,unknown,SEG_intermediate,0,2,0,3,0,3,0,3,0,4,0,1.0
A0ACI8QGH0,324.0,unknown,SEG_intermediate,0,2,0,3,0,3,0,3,0,4,0,1.0
A0ACI8Q0P4,829.0,unknown,SEG_intermediate,1,2,1,3,1,4,4,4,4,5,-1,0.0
A0ACI8UUW5,527.0,unknown,SEG_intermediate,0,2,0,3,0,3,0,3,0,4,0,1.0
A0ACI8P9Y7,1707.0,unknown,SEG_intermediate,0,2,0,3,0,3,0,3,0,4,0,1.0
A0ACI8RQX4,1349.0,unknown,SEG_intermediate,0,2,0,3,0,3,0,3,0,4,0,1.0
A0ACI8RL22,1967.0,unknown,SEG_intermediate,0,2,0,3,0,3,0,3,0,4,0,1.0
A0ACI8PJP7,596.0,mRNA,SEG_intermediate,0,2,0,3,0,3,0,3,0,4,0,1.0
A0ACI8PI13,378.0,mRNA,SEG_intermediate,0,2,0,3,0,3,0,3,0,4,0,1.0
A0ACI8S0C5,927.0,unknown,SEG_intermediate,0,2,0,3,0,3,0,3,0,4,0,1.0
A0ACI8PIT5,456.0,unknown,SEG_intermediate,0,2,0,3,0,3,0,3,0,4,0,1.0
A0ACI8UGJ8,626.0,unknown,SEG_intermediate,0,2,0,3,0,3,0,3,0,4,0,1.0
A0ACI8Q806,498.0,unknown,SEG_intermediate,1,2,1,3,1,4,1,4,1,5,-1,0.0
A0ACI8QTQ5,1388.0,diverse,SEG_intermediate,1,1,2,1,2,1,2,1,2,2,-1,0.0
A0ACI8RI26,764.0,unknown,SEG_intermediate,1,2,0,2,3,2,3,2,3,3,-1,0.0
A0ACI8PUZ8,1375.0,unknown,SEG_intermediate,1,2,1,3,1,4,1,4,1,5,-1,0.0
A0ACI8PR05,399.0,unknown,SEG_intermediate,0,2,0,3,0,3,0,3,0,4,0,1.0
A0ACI8RSP0,320.0,ribosomal protein,SEG_intermediate,1,2,1,3,1,4,4,4,4,5,-1,0.0
A0ACI8PX57,378.0,unknown,SEG_intermediate,0,2,2,2,3,2,3,2,3,3,-1,0.0
A0ACI8RLL6,729.0,unknown,SEG_intermediate,0,2,0,3,0,3,0,3,0,4,0,1.0
A0ACI8R3H8,616.0,unknown,SEG_intermediate,0,2,0,3,0,3,0,3,0,4,0,1.0
A0ACI8QH16,558.0,tRNA,SEG_intermediate,0,2,0,3,0,3,0,3,0,4,0,1.0
A0ACI8PT71,1306.0,unknown,SEG_intermediate,0,2,0,3,0,3,0,3,0,4,0,1.0
A0ACI8RWF6,608.0,unknown,SEG_intermediate,0,2,0,3,0,3,0,3,0,4,0,1.0
A0ACI8S5H4,1122.0,unknown,SEG_intermediate,0,2,0,3,0,3,0,3,0,4,0,1.0
A0ACI8QV99,461.0,unknown,SEG_intermediate,0,2,0,3,0,3,0,3,0,4,0,1.0
A0ACI8PVP6,744.0,unknown,SEG_intermediate,0,2,0,3,0,3,0,3,0,4,0,1.0
A0ACI8RTZ8,489.0,unknown,SEG_intermediate,0,2,0,3,0,3,0,3,0,4,0,1.0
A0ACI8Q0B4,287.0,unknown,SEG_intermediate,0,2,0,3,0,3,0,3,0,4,0,1.0
A0ACI8RMB5,1003.0,unknown,SEG_intermediate,0,2,0,3,0,3,0,3,0,4,0,1.0
A0ACI8Q010,418.0,unknown,SEG_intermediate,0,2,0,3,0,3,0,3,0,4,0,1.0
A0ACI8R7Y8,131.0,unknown,SEG_intermediate,0,2,0,3,0,3,0,3,0,4,0,1.0
A0ACI8QLY8,321.0,unknown,SEG_intermediate,1,1,2,1,2,1,2,1,5,2,-1,0.0
A0ACI8S180,136.0,ribosomal protein,SEG_intermediate,0,2,0,3,0,3,0,3,0,4,0,1.0
A0ACI8QBP4,358.0,unknown,SEG_intermediate,0,2,0,3,0,3,0,3,0,4,0,1.0
A0ACI8QA17,371.0,unknown,SEG_intermediate,0,2,0,3,0,3,0,3,0,4,0,1.0
A0ACI8QUJ1,752.0,unknown,SEG_intermediate,1,2,1,3,1,4,1,4,1,5,2,0.956850739586347
A0ACI8SAU3,2066.0,unknown,SEG_intermediate,0,2,0,3,0,3,0,3,0,4,0,1.0
A0ACI8QHW6,749.0,unknown,SEG_intermediate,1,2,1,3,1,4,4,4,4,5,-1,0.0
A0ACI8SBH9,480.0,unknown,SEG_intermediate,0,2,0,3,0,3,0,3,0,4,0,1.0
A0ACI8RHW9,182.0,unknown,SEG_intermediate,0,2,0,3,0,3,0,3,0,4,0,1.0
A0ACI8RX58,750.0,unknown,SEG_intermediate,1,1,2,1,2,1,2,1,5,2,-1,0.0
A0ACI8RCQ9,534.0,unknown,SEG_intermediate,1,2,1,3,1,4,4,4,4,5,-1,0.0
A0ACI8QNN6,701.0,unknown,SEG_intermediate,1,2,1,3,1,4,1,4,1,5,-1,0.0
A0ACI8RR28,918.0,unknown,SEG_intermediate,1,2,1,3,1,4,1,4,1,5,-1,0.0
A0ACI8QU73,864.0,unknown,SEG_intermediate,1,2,1,2,3,2,3,2,3,3,-1,0.0
A0ACI8R7A3,356.0,unknown,SEG_intermediate,1,2,1,3,1,4,1,4,1,5,-1,0.0
A0ACI8QY88,715.0,mRNA,SEG_intermediate,1,1,2,1,2,1,2,1,2,2,-1,0.0
A0ACI8SEY7,629.0,unknown,SEG_intermediate,1,2,1,3,1,4,1,4,1,5,-1,0.0
A0ACI8S113,1253.0,unknown,SEG_intermediate,1,2,1,3,1,4,1,4,1,5,-1,0.0
A0ACI8S5T8,488.0,unknown,SEG_intermediate,1,2,2,2,3,2,3,2,3,3,-1,0.0
A0ACI8SSD0,670.0,unknown,SEG_intermediate,0,2,0,3,0,3,0,3,0,4,0,1.0
A0ACI8SJI5,941.0,unknown,SEG_intermediate,0,2,0,3,0,3,0,3,0,4,0,1.0
A0ACI8SJX5,1048.0,unknown,SEG_intermediate,0,2,0,3,0,3,0,3,0,4,0,1.0
A0ACI8SL57,162.0,ribosomal protein,SEG_intermediate,0,2,0,3,0,3,0,3,0,4,0,1.0
A0ACI8SMB7,682.0,unknown,SEG_intermediate,0,2,0,3,0,3,0,3,0,4,0,1.0
A0ACI8SNF6,153.0,ribosomal protein,SEG_intermediate,0,2,0,3,0,3,0,3,0,4,0,1.0
A0ACI8SPJ0,2147.0,snRNA,SEG_intermediate,0,2,0,3,0,3,0,3,0,4,0,1.0
A0ACI8SQV4,211.0,unknown,SEG_intermediate,0,2,0,3,0,3,0,3,0,4,0,1.0
A0ACI8SRT4,223.0,ribosomal protein,SEG_intermediate,0,2,0,3,0,3,0,3,0,4,0,1.0
A0ACI8SRJ7,322.0,unknown,SEG_intermediate,0,2,0,3,0,3,0,3,0,4,0,1.0
P51814,821.0,unknown,SEG_intermediate,0,2,0,3,0,3,0,3,0,4,0,1.0
A0ACI8SUQ9,100.0,snRNA,SEG_intermediate,0,2,0,3,0,3,0,3,0,4,0,1.0
A0ACI8SXP5,451.0,unknown,SEG_intermediate,1,2,2,2,3,2,3,2,3,3,-1,0.0
A0ACI8SYT5,674.0,unknown,SEG_intermediate,1,2,1,2,3,2,3,2,3,3,-1,0.0
A0ACI8SZ27,721.0,unknown,SEG_intermediate,0,2,0,3,0,3,0,3,0,4,0,1.0
A0ACI8T088,675.0,unknown,SEG_intermediate,0,2,0,3,0,3,0,3,0,4,0,1.0
A0ACI8T0E0,161.0,ribosomal protein,SEG_intermediate,0,2,0,3,0,3,0,3,0,4,0,1.0
A0ACI8T1C0,544.0,unknown,SEG_intermediate,0,2,0,3,0,3,0,3,0,4,0,1.0
A0ACI8T471,409.0,unknown,SEG_intermediate,0,2,0,3,0,3,0,3,0,4,0,1.0
A0ACI8T6P5,600.0,unknown,SEG_intermediate,0,2,0,3,0,3,0,3,0,4,0,1.0
A0ACI8T823,380.0,unknown,SEG_intermediate,1,2,1,3,1,4,1,4,1,5,2,0.9840969673895787
A0ACI8T7F0,1068.0,tRNA,SEG_intermediate,0,2,0,3,0,3,0,3,0,4,0,1.0
A0ACI8T9E2,234.0,unknown,SEG_intermediate,1,2,1,3,1,4,4,4,4,5,-1,0.0
A0ACI8TCF1,435.0,unknown,SEG_intermediate,0,2,0,3,0,3,0,3,0,4,0,1.0
A0ACI8TFG6,1552.0,tRNA,SEG_intermediate,1,2,1,3,1,4,4,4,4,5,-1,0.0
A0ACI8TEP7,818.0,unknown,SEG_intermediate,0,2,0,3,0,3,0,3,0,4,0,1.0
A0ACI8TH72,1111.0,unknown,SEG_intermediate,0,2,0,3,0,3,0,3,0,4,0,1.0
A0ACI8TIT4,488.0,unknown,SEG_intermediate,1,2,1,3,1,4,1,4,1,5,2,0.9820504077012918
A0ACI8TJ61,193.0,unknown,SEG_intermediate,0,2,0,3,0,3,0,3,0,4,0,1.0
A0ACI8TJP2,2207.0,unknown,SEG_intermediate,0,2,0,3,0,3,0,3,0,4,0,1.0
A0ACI8TLS0,550.0,unknown,SEG_intermediate,0,2,0,3,0,3,0,3,0,4,0,1.0
A0ACI8TLG3,1044.0,tRNA,SEG_intermediate,0,2,0,3,0,3,0,3,0,4,0,1.0
A0ACI8TLM1,106.0,unknown,SEG_intermediate,1,2,1,3,1,4,4,4,4,5,-1,0.0
A0ACI8TML7,1201.0,unknown,SEG_intermediate,1,2,1,3,1,4,1,4,1,5,2,0.6602040056585512
A0ACI8TNP0,654.0,unknown,SEG_intermediate,0,2,0,3,0,3,0,3,0,4,0,1.0
A0ACI8TN08,998.0,unknown,SEG_intermediate,0,2,0,3,0,3,0,3,0,4,0,1.0
A0ACI8TMU3,1055.0,unknown,SEG_intermediate,1,2,1,3,1,4,1,4,1,5,-1,0.0
A0ACI8TNW3,757.0,unknown,SEG_intermediate,0,2,0,3,0,3,0,3,0,4,0,1.0
A0ACI8TQP9,2591.0,unknown,SEG_intermediate,0,2,0,3,0,3,0,3,0,4,0,1.0
A0ACI8TQS2,3008.0,unknown,SEG_intermediate,1,1,2,1,2,1,2,1,2,2,-1,0.0
A0ACI8TSN5,252.0,ribosomal protein,SEG_intermediate,0,2,0,3,0,3,0,3,0,4,0,1.0
A0ACI8TS68,376.0,mRNA,SEG_intermediate,0,2,0,3,0,3,0,3,0,4,0,1.0
A0ACI8TS18,1048.0,unknown,SEG_intermediate,1,2,1,3,1,4,1,4,1,5,-1,0.0
A0ACI8TUA9,638.0,unknown,SEG_intermediate,1,1,2,1,2,1,2,1,2,2,-1,0.0
A0ACI8TSY6,1461.0,unknown,SEG_intermediate,0,2,1,2,3,2,3,2,3,3,-1,0.0
A0ACI8TTG6,937.0,tRNA,SEG_intermediate,0,2,0,3,0,3,0,3,0,4,0,1.0
A0ACI8TUB7,259.0,unknown,SEG_intermediate,0,2,0,3,0,3,0,3,0,4,0,1.0
A0ACI8TXE9,1448.0,unknown,SEG_intermediate,1,2,1,2,3,2,3,2,3,3,-1,0.0
A0ACI8TWM6,905.0,unknown,SEG_intermediate,0,2,0,3,0,3,0,3,0,4,0,1.0
A0ACI8TZ93,399.0,unknown,SEG_intermediate,0,2,0,3,0,3,0,3,0,4,0,1.0
A0ACI8TZD7,856.0,unknown,SEG_intermediate,0,2,0,3,0,3,0,3,0,4,0,1.0
A0ACI8TZE9,712.0,unknown,SEG_intermediate,0,2,0,3,0,3,0,3,0,4,0,1.0
A0ACI8U1B9,902.0,unknown,SEG_intermediate,1,1,2,1,2,1,2,1,2,2,-1,0.0
A0ACI8U399,786.0,unknown,SEG_intermediate,0,2,0,3,0,3,0,3,0,4,0,1.0
A0ACI8U6C5,1066.0,unknown,SEG_intermediate,1,2,1,3,1,4,1,4,1,5,2,1.0
A0ACI8U804,2104.0,unknown,SEG_intermediate,1,2,1,3,1,4,1,4,1,5,-1,0.0
A0ACI8U7J9,978.0,unknown,SEG_intermediate,0,2,0,3,0,3,0,3,0,4,0,1.0
A0ACI8UB86,209.0,unknown,SEG_intermediate,0,2,0,3,0,3,0,3,0,4,0,1.0
A0ACI8UBI1,253.0,unknown,SEG_intermediate,0,2,0,3,0,3,0,3,0,4,0,1.0
A0ACI8UDX5,454.0,unknown,SEG_intermediate,0,2,0,3,0,3,0,3,0,4,0,1.0
A0ACI8UEC4,719.0,unknown,SEG_intermediate,0,2,0,3,0,3,0,3,0,4,0,1.0
A0ACI8UES1,422.0,unknown,SEG_intermediate,0,2,1,2,3,2,3,2,3,3,-1,0.0
A0ACI8UJW4,514.0,unknown,SEG_intermediate,0,2,0,3,0,3,0,3,0,4,0,1.0
A0ACI8UNX3,1077.0,unknown,SEG_intermediate,1,2,1,2,3,2,3,2,3,3,-1,0.0
A0ACI8UQC4,506.0,unknown,SEG_intermediate,0,2,0,3,0,3,0,3,0,4,0,1.0
A0ACI8UMC2,837.0,unknown,SEG_intermediate,1,2,1,3,1,4,4,4,4,5,-1,0.0
A0ACI8USR5,685.0,unknown,SEG_intermediate,0,2,0,3,0,3,0,3,0,4,0,1.0
A0ACI8USX5,720.0,unknown,SEG_intermediate,0,2,0,3,0,3,0,3,0,4,0,1.0
A0ACI8UTL7,402.0,unknown,SEG_intermediate,1,2,2,2,3,2,3,2,3,3,-1,0.0
A0ACI8V0W0,822.0,unknown,SEG_intermediate,0,2,0,3,0,3,0,3,0,4,0,1.0
A0ACI8UZB3,1252.0,unknown,SEG_intermediate,1,2,1,3,1,4,4,4,4,5,-1,0.0
A0ACI8V5N8,552.0,unknown,SEG_intermediate,0,2,0,3,0,3,0,3,0,4,0,1.0
A0ACI8V583,621.0,mRNA,SEG_intermediate,1,2,1,3,1,4,1,4,1,5,-1,0.0
A0ACI8VA32,1280.0,unknown,SEG_intermediate,0,2,0,3,0,3,0,3,0,4,0,1.0
A0ACI8V6J3,1329.0,unknown,SEG_intermediate,0,2,0,3,0,3,0,3,0,4,0,1.0
A0ACI8V831,462.0,tRNA,SEG_intermediate,0,2,0,3,0,3,0,3,0,4,0,1.0
A0ACI8VCM9,1180.0,unknown,SEG_intermediate,1,2,1,2,3,2,3,2,3,3,-1,0.0
A0ACI8VFS1,923.0,unknown,SEG_intermediate,0,2,0,3,0,3,0,3,0,4,0,1.0
A0ACI8VAV8,1149.0,unknown,SEG_intermediate,0,2,0,3,0,3,0,3,0,4,0,1.0
A0ACI8VGW3,659.0,unknown,SEG_intermediate,0,2,0,3,0,3,0,3,0,4,0,1.0
A0ACI8VCL2,816.0,tRNA,SEG_intermediate,0,2,0,3,0,3,0,3,0,4,0,1.0
A0ACI8VD15,1437.0,unknown,SEG_intermediate,1,2,1,3,1,4,4,4,4,5,-1,0.0
A0ACI8VQD2,1043.0,unknown,SEG_intermediate,0,2,0,2,3,2,3,2,3,3,-1,0.0
A0ACI8VSD4,674.0,mRNA,SEG_intermediate,1,2,1,3,1,4,4,4,4,5,-1,0.0
A0A087WZ13,739.0,unknown,SEG_intermediate,0,2,0,3,0,3,0,3,0,4,0,1.0
A0ACI8PHD2,261.0,unknown,SEG_intermediate,1,2,2,2,3,2,3,2,3,3,-1,0.0
A2A288,527.0,mRNA,SEG_intermediate,0,2,0,3,0,3,0,3,0,4,0,1.0
A6NC42,116.0,mRNA,SEG_intermediate,0,2,0,3,0,3,0,3,0,4,0,1.0
A6NEQ0,496.0,mRNA,SEG_intermediate,0,2,0,3,0,3,0,3,0,4,0,1.0
A6NFN3,312.0,mRNA,SEG_intermediate,1,2,1,3,1,4,4,4,4,5,-1,0.0
A6NJ78,407.0,ribosomal protein,SEG_intermediate,0,2,0,3,0,3,0,3,0,4,0,1.0
A6NMK7,179.0,mRNA,SEG_intermediate,0,2,0,3,0,3,0,3,0,4,0,1.0
A6PVI3,153.0,mRNA,SEG_intermediate,0,2,0,3,0,3,0,3,0,4,0,1.0
O15056,1496.0,unknown,SEG_intermediate,1,2,1,3,1,4,1,4,1,5,-1,0.0
O15504,423.0,mRNA,SEG_intermediate,1,2,1,3,1,4,1,4,1,5,2,0.39722179509544686
O43251,390.0,mRNA,SEG_intermediate,1,2,1,3,1,4,4,4,4,5,-1,0.0
O43395,683.0,snRNA,SEG_intermediate,0,2,0,3,0,3,0,3,0,4,0,1.0
O43426,1573.0,unknown,SEG_intermediate,1,1,2,1,2,1,2,1,2,2,-1,0.0
O43709,281.0,pre-rRNA,SEG_intermediate,0,2,0,3,0,3,0,3,0,4,0,1.0
O60318,1980.0,mRNA,SEG_intermediate,1,2,1,3,1,4,4,4,4,5,-1,0.0
O60603,784.0,unknown,SEG_intermediate,0,2,0,3,0,3,0,3,0,4,0,1.0
O75152,810.0,mRNA,SEG_intermediate,0,2,0,3,0,3,0,3,0,4,0,1.0
O75494,262.0,mRNA,SEG_intermediate,1,1,2,1,2,1,2,1,5,2,-1,0.0
O75525,346.0,mRNA,SEG_intermediate,0,2,0,3,0,3,0,3,0,4,0,1.0
O75821,320.0,mRNA,SEG_intermediate,0,2,0,3,0,3,0,3,0,4,0,1.0
O94886,807.0,unknown,SEG_intermediate,0,2,0,3,0,3,0,3,0,4,0,1.0
O95163,1332.0,tRNA,SEG_intermediate,0,2,0,3,0,3,0,3,0,4,0,1.0
O95319,508.0,mRNA,SEG_intermediate,1,2,1,2,3,2,3,2,3,3,-1,0.0
O95396,460.0,tRNA,SEG_intermediate,0,2,0,3,0,3,0,3,0,4,0,1.0
O95639,269.0,mRNA,SEG_intermediate,0,2,0,3,0,3,0,3,0,4,0,1.0
O95758,552.0,mRNA,SEG_intermediate,0,2,0,3,0,3,0,3,0,4,0,1.0
O95777,96.0,snRNA,SEG_intermediate,0,2,0,3,0,3,0,3,0,4,0,1.0
O95900,331.0,tRNA,SEG_intermediate,0,2,0,3,0,3,0,3,0,4,0,1.0
O95989,172.0,mRNA,SEG_intermediate,0,2,0,3,0,3,0,3,0,4,0,1.0
P07910,306.0,mRNA,SEG_intermediate,0,2,0,3,0,3,0,3,0,4,0,1.0
P09651,372.0,mRNA,SEG_intermediate,0,2,2,2,3,2,3,2,3,3,-1,0.0
P0DJD3,496.0,mRNA,SEG_intermediate,0,2,0,3,0,3,0,3,0,4,0,1.0
P10155,538.0,unknown,SEG_intermediate,0,2,0,3,0,3,0,3,0,4,0,1.0
P11940,636.0,mRNA,SEG_intermediate,1,2,1,3,1,4,1,4,1,5,-1,0.0
P18615,380.0,mRNA,SEG_intermediate,1,2,2,2,3,2,3,2,3,3,-1,0.0
P22087,321.0,snRNA,SEG_intermediate,1,2,1,3,1,4,4,4,4,5,-1,0.0
P23396,243.0,ribosomal protein,SEG_intermediate,0,2,0,3,0,3,0,3,0,4,0,1.0
P23588,611.0,mRNA,SEG_intermediate,1,2,1,3,1,4,1,4,1,5,-1,0.0
P26651,326.0,mRNA,SEG_intermediate,1,2,2,2,3,2,3,2,3,3,-1,0.0
P29558,406.0,mRNA,SEG_intermediate,1,2,1,3,1,4,1,4,1,5,2,0.4060977874476991
P31483,386.0,mRNA,SEG_intermediate,0,2,0,3,0,3,0,3,0,4,0,1.0
P31941,199.0,unknown,SEG_intermediate,0,2,0,3,0,3,0,3,0,4,0,1.0
P33240,577.0,mRNA,SEG_intermediate,0,2,0,3,0,3,0,3,0,4,0,1.0
P35637,526.0,mRNA,SEG_intermediate,1,1,2,1,2,1,2,1,5,1,-1,0.0
P38159,391.0,mRNA,SEG_intermediate,1,2,2,2,3,2,3,2,3,3,-1,0.0
P42694,1942.0,mRNA,SEG_intermediate,1,2,1,2,3,2,3,2,3,3,-1,0.0
P43243,847.0,mRNA,SEG_intermediate,0,2,0,3,0,3,0,3,0,4,0,1.0
P51114,621.0,mRNA,SEG_intermediate,1,2,2,2,3,2,3,2,3,3,-1,0.0
P52824,942.0,unknown,SEG_intermediate,0,2,0,3,0,3,0,3,0,4,0,1.0
P55769,128.0,snRNA,SEG_intermediate,0,2,0,3,0,3,0,3,0,4,0,1.0
P62306,86.0,snRNA,SEG_intermediate,0,2,0,3,0,3,0,3,0,4,0,1.0
P63162,240.0,snRNA,SEG_intermediate,1,2,2,2,3,2,3,2,3,3,-1,0.0
P78563,741.0,mRNA,SEG_intermediate,0,2,0,3,0,3,0,3,0,4,0,1.0
P84103,164.0,mRNA,SEG_intermediate,1,2,2,2,3,2,3,2,3,3,-1,0.0
Q01130,221.0,mRNA,SEG_intermediate,1,2,1,3,1,4,4,4,4,5,-1,0.0
Q01844,656.0,unknown,SEG_intermediate,1,1,2,1,2,1,2,1,5,2,-1,0.0
Q05519,484.0,mRNA,SEG_intermediate,1,1,2,1,2,1,2,1,5,2,-1,0.0
Q07352,338.0,mRNA,SEG_intermediate,1,2,1,3,1,4,1,4,1,5,-1,0.0
Q08117,197.0,unknown,SEG_intermediate,0,2,0,3,0,3,0,3,0,4,0,1.0
Q13117,558.0,mRNA,SEG_intermediate,0,2,0,3,0,3,0,3,0,4,0,1.0
Q14011,172.0,mRNA,SEG_intermediate,1,2,1,3,1,4,4,4,4,5,-1,0.0
Q14206,197.0,unknown,SEG_intermediate,0,2,0,3,0,3,0,3,0,4,0,1.0
Q14493,270.0,mRNA,SEG_intermediate,0,2,0,3,0,3,0,3,0,4,0,1.0
Q14657,143.0,tRNA,SEG_intermediate,1,2,2,2,3,2,3,2,3,3,-1,0.0
Q14671,1186.0,mRNA,SEG_intermediate,1,1,2,1,2,1,2,1,2,2,-1,0.0
Q15007,396.0,mRNA,SEG_intermediate,1,2,1,3,1,4,1,4,1,5,2,0.3819842563939446
Q15020,963.0,snRNA,SEG_intermediate,1,2,1,2,3,2,3,2,3,3,-1,0.0
Q15056,248.0,mRNA,SEG_intermediate,1,2,1,3,1,4,4,4,4,5,-1,0.0
Q15459,793.0,snRNA,SEG_intermediate,1,1,2,1,2,1,2,1,2,2,-1,0.0
Q16587,644.0,unknown,SEG_intermediate,0,2,0,3,0,3,0,3,0,4,0,1.0
Q16629,238.0,mRNA,SEG_intermediate,1,2,2,2,3,2,3,2,3,3,-1,0.0
Q460N5,1801.0,unknown,SEG_intermediate,0,2,0,3,0,3,0,3,0,4,0,1.0
Q53GL7,1025.0,unknown,SEG_intermediate,0,2,0,3,0,3,0,3,0,4,0,1.0
Q5HYM0,836.0,diverse,SEG_intermediate,0,2,0,3,0,3,0,3,0,4,0,1.0
Q5JQF8,200.0,mRNA,SEG_intermediate,0,2,0,3,0,3,0,3,0,4,0,1.0
Q5VUG0,894.0,unknown,SEG_intermediate,0,2,0,3,0,3,0,3,0,4,0,1.0
Q5VV42,579.0,tRNA,SEG_intermediate,0,2,0,3,0,3,0,3,0,4,0,1.0
Q5VV67,1664.0,mRNA,SEG_intermediate,1,1,2,1,2,1,2,1,2,2,-1,0.0
Q659C4,914.0,mRNA,SEG_intermediate,1,2,1,3,1,4,1,4,1,5,-1,0.0
Q69YN4,1812.0,mRNA,SEG_intermediate,1,1,2,1,2,1,2,1,2,2,-1,0.0
Q6IN84,353.0,pre-rRNA,SEG_intermediate,0,2,0,3,0,3,0,3,0,4,0,1.0
Q6P087,351.0,mRNA,SEG_intermediate,0,2,0,3,0,3,0,3,0,4,0,1.0
Q6PJT7,736.0,mRNA,SEG_intermediate,0,2,0,3,0,3,0,3,0,4,0,1.0
Q6XE24,437.0,mRNA,SEG_intermediate,1,2,1,3,1,4,1,4,1,5,2,0.39722179509544686
Q7Z2E3,356.0,diverse,SEG_intermediate,0,2,0,3,0,3,0,3,0,4,0,1.0
Q7Z2W4,902.0,mRNA,SEG_intermediate,0,2,0,3,0,3,0,3,0,4,0,1.0
Q7Z3E1,657.0,unknown,SEG_intermediate,0,2,0,3,0,3,0,3,0,4,0,1.0
Q7Z739,585.0,mRNA,SEG_intermediate,1,2,1,3,1,4,1,4,1,5,-1,0.0
Q86SG3,579.0,mRNA,SEG_intermediate,0,2,0,3,0,3,0,3,0,4,0,1.0
Q86VM9,953.0,mRNA,SEG_intermediate,1,1,2,1,2,1,2,1,5,2,-1,0.0
Q86W50,562.0,snRNA,SEG_intermediate,0,2,0,3,0,3,0,3,0,4,0,1.0
Q8IX01,1082.0,mRNA,SEG_intermediate,0,2,0,3,0,3,0,3,0,4,0,1.0
Q8IX12,1150.0,mRNA,SEG_intermediate,1,1,2,1,2,1,2,1,5,2,-1,0.0
Q8IXM6,262.0,unknown,SEG_intermediate,0,2,0,3,0,3,0,3,0,4,0,1.0
Q8IYB3,904.0,mRNA,SEG_intermediate,1,1,2,1,2,1,2,1,5,2,-1,0.0
Q8IZD0,417.0,unknown,SEG_intermediate,0,2,0,3,0,3,0,3,0,4,0,1.0
Q8N1G2,835.0,mRNA,SEG_intermediate,0,2,0,3,0,3,0,3,0,4,0,1.0
Q8N2M8,674.0,mRNA,SEG_intermediate,1,1,2,1,2,1,2,1,5,2,-1,0.0
Q8N3J2,472.0,snRNA,SEG_intermediate,0,2,0,3,0,3,0,3,0,4,0,1.0
Q8N5C7,304.0,tRNA,SEG_intermediate,0,2,0,3,0,3,0,3,0,4,0,1.0
Q8N684,471.0,mRNA,SEG_intermediate,1,1,2,1,2,1,2,1,2,2,-1,0.0
Q8N9W6,283.0,mRNA,SEG_intermediate,0,2,0,3,0,3,0,3,0,4,0,1.0
Q8TB72,1066.0,mRNA,SEG_intermediate,1,1,2,1,2,1,2,1,2,2,-1,0.0
Q8TBZ6,339.0,tRNA,SEG_intermediate,0,2,0,3,0,3,0,3,0,4,0,1.0
Q8TC92,643.0,mRNA,SEG_intermediate,0,2,0,3,0,3,0,3,0,4,0,1.0
Q8TCB7,284.0,tRNA,SEG_intermediate,0,2,0,3,0,3,0,3,0,4,0,1.0
Q8WXF1,523.0,ncRNA,SEG_intermediate,1,2,1,3,1,4,1,4,1,5,-1,0.0
Q96AE4,644.0,mRNA,SEG_intermediate,1,1,2,1,2,1,2,1,2,2,-1,0.0
Q96AK3,386.0,unknown,SEG_intermediate,0,2,0,3,0,3,0,3,0,4,0,1.0
Q96DH6,328.0,mRNA,SEG_intermediate,1,2,1,3,1,4,1,4,1,5,-1,0.0
Q96EV2,1170.0,mRNA,SEG_intermediate,1,1,2,1,2,1,2,1,2,2,-1,0.0
Q96EY9,367.0,tRNA,SEG_intermediate,0,2,0,3,0,3,0,3,0,4,0,1.0
Q96FX7,289.0,mRNA,SEG_intermediate,0,2,0,3,0,3,0,3,0,4,0,1.0
Q96JM7,780.0,unknown,SEG_intermediate,0,2,0,3,0,3,0,3,0,4,0,1.0
Q96MU7,727.0,mRNA,SEG_intermediate,1,2,2,2,3,2,3,2,3,3,-1,0.0
Q96N46,770.0,unknown,SEG_intermediate,0,2,1,2,3,2,3,2,3,3,-1,0.0
Q96PZ0,661.0,pre-rRNA,SEG_intermediate,1,2,1,3,1,4,4,4,4,5,1,0.9108029273965819
Q96Q83,286.0,mRNA,SEG_intermediate,0,2,0,3,0,3,0,3,0,4,0,1.0
Q96S44,253.0,tRNA,SEG_intermediate,0,2,0,3,0,3,0,3,0,4,0,1.0
Q99714,261.0,tRNA,SEG_intermediate,0,2,0,3,0,3,0,3,0,4,0,1.0
Q99973,2627.0,ncRNA,SEG_intermediate,0,2,0,3,0,3,0,3,0,4,0,1.0
Q9BQG2,462.0,mRNA,SEG_intermediate,0,2,0,3,0,3,0,3,0,4,0,1.0
Q9BRA0,125.0,snoRNA,SEG_intermediate,0,2,0,3,0,3,0,3,0,4,0,1.0
Q9BU70,441.0,tRNA,SEG_intermediate,0,2,0,3,0,3,0,3,0,4,0,1.0
Q9BXP5,876.0,ncRNA,SEG_intermediate,1,2,1,3,1,4,4,4,4,5,1,1.0
Q9BXR0,403.0,tRNA,SEG_intermediate,0,2,0,3,0,3,0,3,0,4,0,1.0
Q9BXT6,1211.0,ncRNA,SEG_intermediate,0,2,0,3,0,3,0,3,0,4,0,1.0
Q9BXV9,100.0,tRNA,SEG_intermediate,1,2,1,3,1,4,4,4,4,5,-1,0.0
Q9BYJ9,559.0,mRNA,SEG_intermediate,1,2,1,3,1,4,1,4,1,5,2,0.396064566217299
Q9BZB8,566.0,mRNA,SEG_intermediate,0,2,0,3,0,3,0,3,0,4,0,1.0
Q9C0B0,810.0,unknown,SEG_intermediate,0,2,0,3,0,3,0,3,0,4,0,1.0
Q9GZX7,198.0,mRNA,SEG_intermediate,0,2,0,3,0,3,0,3,0,4,0,1.0
Q9H0K6,701.0,pre-rRNA,SEG_intermediate,0,2,0,3,0,3,0,3,0,4,0,1.0
Q9H1K1,167.0,unknown,SEG_intermediate,0,2,0,3,0,3,0,3,0,4,0,1.0
Q9H4Z3,704.0,mRNA,SEG_intermediate,1,2,1,3,1,4,4,4,4,5,-1,0.0
Q9H5U6,513.0,pre-rRNA,SEG_intermediate,0,2,0,3,0,3,0,3,0,4,0,1.0
Q9H6E5,874.0,snRNA,SEG_intermediate,1,2,1,3,1,4,1,4,1,5,2,0.39180138494485617
Q9H825,291.0,tRNA,SEG_intermediate,0,2,0,3,0,3,0,3,0,4,0,1.0
Q9H9T3,547.0,tRNA,SEG_intermediate,0,2,0,3,0,3,0,3,0,4,0,1.0
Q9HCJ0,1936.0,mRNA,SEG_intermediate,0,1,2,1,2,1,2,1,2,2,-1,0.0
Q9NPF4,335.0,tRNA,SEG_intermediate,0,2,0,3,0,3,0,3,0,4,0,1.0
Q9NQ94,594.0,mRNA,SEG_intermediate,0,2,0,3,0,3,0,3,0,4,0,1.0
Q9NR56,388.0,mRNA,SEG_intermediate,1,2,1,3,1,4,1,4,1,5,-1,0.0
Q9NRW3,190.0,unknown,SEG_intermediate,0,2,0,3,0,3,0,3,0,4,0,1.0
Q9NWB1,397.0,mRNA,SEG_intermediate,0,2,0,3,0,3,0,3,0,4,0,1.0
Q9NX74,493.0,tRNA,SEG_intermediate,0,2,0,3,0,3,0,3,0,4,0,1.0
Q9NXG2,353.0,tRNA,SEG_intermediate,0,2,0,3,0,3,0,3,0,4,0,1.0
Q9NXW9,302.0,unknown,SEG_intermediate,0,2,0,3,0,3,0,3,0,4,0,1.0
Q9P2K5,600.0,mRNA,SEG_intermediate,1,2,1,3,1,4,4,4,4,5,-1,0.0
Q9UET6,329.0,tRNA,SEG_intermediate,0,2,0,3,0,3,0,3,0,4,0,1.0
Q9UGR2,977.0,ncRNA,SEG_intermediate,1,2,1,3,1,4,1,4,1,5,-1,0.0
Q9UH17,382.0,unknown,SEG_intermediate,0,2,0,3,0,3,0,3,0,4,0,1.0
Q9UJJ7,312.0,unknown,SEG_intermediate,1,2,1,3,1,4,1,4,1,5,-1,0.0
Q9UKM9,306.0,mRNA,SEG_intermediate,1,2,1,3,1,4,1,4,1,5,-1,0.0
Q9UPT8,1303.0,unknown,SEG_intermediate,1,1,2,1,2,1,2,1,2,2,-1,0.0
Q9UQ35,2752.0,mRNA,SEG_intermediate,1,1,2,1,2,1,2,1,5,2,-1,0.0
Q9Y221,180.0,pre-rRNA,SEG_intermediate,0,2,0,3,0,3,0,3,0,4,0,1.0
Q9Y2U8,911.0,snRNA,SEG_intermediate,1,2,1,3,1,4,1,4,1,5,2,0.39910173815538486
Q9Y3C4,175.0,tRNA,SEG_intermediate,0,2,0,3,0,3,0,3,0,4,0,1.0
Q9Y534,153.0,mRNA,SEG_intermediate,0,2,0,3,0,3,0,3,0,4,0,1.0
Q9Y580,266.0,mRNA,SEG_intermediate,0,2,0,3,0,3,0,3,0,4,0,1.0
Q9Y606,427.0,tRNA,SEG_intermediate,0,2,0,3,0,3,0,3,0,4,0,1.0
Q9Y697,457.0,unknown,SEG_intermediate,0,2,0,3,0,3,0,3,0,4,0,1.0
